/**
 * generated by fontconvert.py
 * name: arabic_16_regular
 * size: 16
 * mode: 2-bit  compressed: true
 * Command used: lib/EpdFont/scripts/fontconvert.py arabic_16_regular 16 lib\EpdFont\builtinFonts\source\NotoSansArabic\NotoSansArabic-Regular.ttf lib\EpdFont\builtinFonts\source\NotoSans\NotoSans-Regular.ttf --only-additional-intervals --2bit --compress --pnum --additional-intervals 0x0600,0x06FF --additional-intervals 0x0750,0x077F --additional-intervals 0x0870,0x08FF --additional-intervals 0x10EC0,0x10EFF --additional-intervals 0x1EE00,0x1EEFF --additional-intervals 0xFB50,0xFDFF --additional-intervals 0xFE70,0xFEFF --additional-intervals 0xFFFD,0xFFFD
 */
#pragma once
#include "EpdFontData.h"

static const uint8_t arabic_16_regularBitmaps[45376] = {
    0xED, 0x7D, 0x7F, 0x6C, 0x1C, 0xD7, 0x99, 0xD8, 0x9B, 0x19, 0x92, 0x6B, 0x6B, 0x62, 0x0D, 0x0F,
    0x95, 0x52, 0x59, 0x94, 0x38, 0x2E, 0xA0, 0x5C, 0x65, 0x97, 0xD2, 0xA8, 0x80, 0x72, 0x47, 0xFB,
    0x96, 0x3B, 0x63, 0xFB, 0x52, 0xA3, 0xF0, 0xB5, 0x66, 0x50, 0x2B, 0x69, 0xE2, 0x14, 0x56, 0x0B,
    0x15, 0x68, 0xA4, 0xBB, 0x50, 0x87, 0x32, 0x29, 0x93, 0x70, 0xB9, 0xA3, 0x18, 0x17, 0xA3, 0x97,
    0x3F, 0xCC, 0x1C, 0x2E, 0x2D, 0xD0, 0x16, 0x38, 0xB5, 0x50, 0x80, 0x5A, 0xBE, 0x8B, 0x98, 0x98,
    0x41, 0xE4, 0x64, 0xC9, 0x9D, 0xD8, 0x40, 0x0C, 0x34, 0xA8, 0x3D, 0xB6, 0x91, 0x73, 0x51, 0xF7,
    0xE2, 0x71, 0xAC, 0xC4, 0x89, 0x04, 0x44, 0x63, 0x67, 0xEC, 0xAC, 0xA8, 0xDD, 0x9D, 0x7E, 0xDF,
    0xF7, 0xDE, 0x9B, 0x1F, 0xCB, 0x25, 0x4D, 0xCA, 0x94, 0xB8, 0x4B, 0x7B, 0x77, 0xE6, 0xCD, 0xEC,
    0xEE, 0xEC, 0x7B, 0xDF, 0x7B, 0xEF, 0x7B, 0xDF, 0xFB, 0xDE, 0xF7, 0xEB, 0x31, 0xC6, 0x5F, 0xBB,
    0xC4, 0x95, 0x29, 0x0D, 0x79, 0xA7, 0xD7, 0xE5, 0x9D, 0xE1, 0xCA, 0x3B, 0x4B, 0xDE, 0x30, 0x1B,
    0x8E, 0x58, 0xBC, 0xFC, 0xE4, 0xCE, 0xBB, 0xE3, 0xAC, 0x78, 0x39, 0x2C, 0xF7, 0xD2, 0xFD, 0xA4,
    0x00, 0x56, 0x34, 0xC3, 0x38, 0x6E, 0x9D, 0x3D, 0x5B, 0xC3, 0x3F, 0x4C, 0xD9, 0xAD, 0x38, 0xC9,
    0x67, 0xAA, 0x5A, 0xBB, 0x88, 0xDF, 0xC6, 0x4B, 0x8F, 0x7F, 0xD2, 0x2F, 0x45, 0x96, 0x2C, 0x57,
    0xF5, 0xED, 0x20, 0xC9, 0x4A, 0xF3, 0x52, 0x78, 0x98, 0x9E, 0x2D, 0xA7, 0x3F, 0x73, 0x5F, 0x68,
    0x26, 0x30, 0xC7, 0xF2, 0xAE, 0x64, 0xCA, 0xA7, 0xA7, 0x93, 0x2C, 0xCA, 0x86, 0xFC, 0xCE, 0x8E,
    0x05, 0xE8, 0xCC, 0x90, 0x00, 0x31, 0xA5, 0xC6, 0x6F, 0x5A, 0x69, 0xC6, 0xDB, 0x66, 0x93, 0xDB,
    0x4A, 0x24, 0xE1, 0x3B, 0x15, 0xCB, 0x66, 0xD3, 0x9E, 0x09, 0xAB, 0x12, 0xB6, 0x57, 0xBC, 0x46,
    0xD2, 0x32, 0x97, 0x23, 0x3B, 0xAD, 0xE7, 0x6E, 0x5E, 0xD0, 0x99, 0xDD, 0xBF, 0x62, 0xED, 0xAF,
    0xA3, 0x6D, 0x9F, 0xD5, 0xA8, 0xED, 0x0B, 0xA5, 0xDE, 0xFE, 0x97, 0x46, 0xFE, 0xE3, 0x3E, 0x56,
    0xCD, 0x7F, 0x51, 0x86, 0x77, 0xF2, 0xC2, 0x36, 0xAD, 0xB2, 0xB1, 0xF4, 0x8B, 0x38, 0xC2, 0x1C,
    0x4A, 0x69, 0xF3, 0x62, 0x65, 0xB3, 0x5F, 0x14, 0xFC, 0x8A, 0xAF, 0x36, 0x32, 0x7F, 0x31, 0x5C,
    0xA3, 0x0E, 0xCD, 0x9B, 0x16, 0x6B, 0x38, 0x0A, 0x56, 0xAB, 0x9E, 0xF9, 0x02, 0x5A, 0xF3, 0xE1,
    0x38, 0xC8, 0xFC, 0x85, 0x0D, 0xD4, 0xD5, 0x45, 0x68, 0x6A, 0xE5, 0x13, 0x58, 0xF3, 0x6F, 0xDE,
    0xEF, 0x89, 0x5F, 0x1E, 0x92, 0x8D, 0x12, 0xC8, 0xDE, 0x92, 0x2F, 0x91, 0x7F, 0xA5, 0xF5, 0x0D,
    0x7E, 0xF3, 0x61, 0xF1, 0xC5, 0x9D, 0x49, 0xAE, 0xBB, 0xDA, 0x5B, 0xA2, 0xD0, 0x12, 0x9D, 0x39,
    0x08, 0x5D, 0xF8, 0x97, 0x78, 0x73, 0x22, 0xB2, 0xCF, 0x89, 0xFC, 0xA2, 0x32, 0x9B, 0xA0, 0x9B,
    0x2B, 0x0C, 0x20, 0xFD, 0xF0, 0xB9, 0x78, 0x09, 0x9E, 0xB8, 0xAD, 0x2D, 0x87, 0x69, 0x76, 0x6A,
    0x0F, 0x20, 0x0A, 0x7B, 0xFD, 0x33, 0x88, 0xEC, 0xBF, 0xF9, 0x6B, 0xC6, 0x4C, 0xA7, 0xD6, 0xC0,
    0x0A, 0xCC, 0x63, 0x8F, 0x7A, 0x73, 0xD8, 0x42, 0xFE, 0x49, 0xEC, 0x98, 0x10, 0x53, 0x25, 0x02,
    0x6C, 0x61, 0x90, 0x21, 0x62, 0x59, 0x95, 0x5A, 0x6D, 0x8C, 0xDA, 0xDF, 0xC6, 0x42, 0x98, 0xA9,
    0x86, 0x58, 0xFB, 0x47, 0xB0, 0x72, 0xFA, 0x8F, 0xB1, 0xCE, 0xDA, 0x65, 0x97, 0x1A, 0x99, 0xBA,
    0xB2, 0x95, 0xE9, 0xBF, 0xF3, 0x94, 0x1E, 0xE2, 0xE0, 0x67, 0xE0, 0x99, 0x42, 0xC4, 0x55, 0x30,
    0x03, 0x4B, 0xC5, 0x0C, 0x4C, 0x07, 0x31, 0xC2, 0x38, 0x45, 0x59, 0x3E, 0x43, 0x59, 0xBE, 0x78,
    0x89, 0xE0, 0x79, 0xFC, 0x06, 0xC0, 0x93, 0x7D, 0x55, 0xDB, 0x31, 0xB0, 0xE2, 0xB2, 0x19, 0x8E,
    0xA3, 0x80, 0x54, 0x36, 0xEF, 0x91, 0xAB, 0x0D, 0x71, 0x67, 0x78, 0x0B, 0x82, 0x7C, 0x98, 0x8E,
    0xCD, 0xF8, 0x48, 0xB4, 0xE0, 0x0D, 0xB8, 0x02, 0xFF, 0xC3, 0x3B, 0x93, 0x0D, 0xC5, 0x1E, 0xB3,
    0x1C, 0xD3, 0xB1, 0x00, 0x7D, 0x5C, 0x66, 0x2E, 0x9D, 0x3B, 0xDB, 0x62, 0x25, 0xF8, 0x93, 0x4E,
    0xE8, 0x30, 0x68, 0x63, 0xCE, 0x71, 0x3C, 0xCB, 0x78, 0x96, 0x69, 0x52, 0x4A, 0xEE, 0xCA, 0x12,
    0xC7, 0x39, 0x1D, 0x33, 0x81, 0xEC, 0x14, 0x68, 0x04, 0x19, 0x40, 0x0F, 0x6A, 0xBE, 0x40, 0xF0,
    0x38, 0xE6, 0x78, 0x52, 0x4B, 0x90, 0x76, 0x20, 0x6E, 0xB5, 0x51, 0x2C, 0x85, 0xA9, 0x0E, 0xE0,
    0x7E, 0xC1, 0x63, 0x66, 0x68, 0x78, 0x4C, 0x0F, 0x01, 0x64, 0xD5, 0x4B, 0x0B, 0xA1, 0xDA, 0x47,
    0xD4, 0xF0, 0x98, 0x29, 0xB5, 0xA8, 0x27, 0x89, 0xA5, 0x99, 0x40, 0x35, 0x8D, 0x09, 0x16, 0xA2,
    0xD0, 0x63, 0x21, 0x0D, 0xA8, 0x9B, 0x98, 0xAB, 0x7B, 0xB6, 0x1A, 0x1A, 0x4E, 0xED, 0x6B, 0x0D,
    0xA8, 0xEC, 0x23, 0xF5, 0x31, 0xB6, 0x9D, 0x05, 0xBB, 0x92, 0x72, 0x19, 0x2F, 0x99, 0xF1, 0xB2,
    0x19, 0x2F, 0x9D, 0xC9, 0xF2, 0x99, 0x1C, 0xD0, 0xA2, 0x07, 0x38, 0x89, 0x20, 0x38, 0x04, 0x24,
    0x02, 0x96, 0x84, 0x74, 0x9B, 0x82, 0x00, 0x4A, 0xA4, 0x62, 0x12, 0x2A, 0x01, 0x97, 0x80, 0x4C,
    0xC0, 0x76, 0x13, 0x23, 0xE8, 0xB0, 0x6F, 0x00, 0xBE, 0x8A, 0x47, 0x10, 0xDA, 0x1E, 0xC1, 0x68,
    0xE4, 0x46, 0x1D, 0x66, 0x8F, 0x00, 0x66, 0x28, 0x32, 0x6F, 0x4E, 0xEC, 0x23, 0xE8, 0x01, 0x24,
    0xA1, 0x75, 0xDB, 0xD1, 0xA0, 0x16, 0x05, 0x5F, 0xF7, 0x0A, 0xF0, 0xD6, 0x3D, 0xCD, 0x2F, 0x04,
    0x05, 0x5F, 0x03, 0x3A, 0x08, 0xBD, 0xE9, 0xB1, 0xA1, 0xCB, 0x22, 0x83, 0x0A, 0x3B, 0x7E, 0xAE,
    0x09, 0x7F, 0x09, 0x59, 0xBC, 0x94, 0xE9, 0x8C, 0xED, 0x58, 0x4E, 0x87, 0x13, 0x2A, 0x55, 0x82,
    0x86, 0x68, 0xB0, 0x18, 0xDE, 0x95, 0xF4, 0x61, 0xCB, 0x41, 0x2C, 0x6C, 0x60, 0x8D, 0x0A, 0x3E,
    0x66, 0x6C, 0xE1, 0x18, 0xC0, 0xB6, 0x9A, 0xCF, 0x03, 0x59, 0xE3, 0x2D, 0x55, 0x10, 0x94, 0xC6,
    0xB8, 0xCA, 0xD1, 0xDF, 0x76, 0x78, 0x23, 0x8F, 0x09, 0x24, 0x9D, 0x16, 0xD7, 0x32, 0xBF, 0x3A,
    0xB6, 0x83, 0xAD, 0x59, 0xF0, 0xAC, 0x25, 0x28, 0xF4, 0x13, 0x71, 0xA0, 0x73, 0xF2, 0xE2, 0x32,
    0x9A, 0x2B, 0x2E, 0xC0, 0x6F, 0x9F, 0x3E, 0x7B, 0x96, 0x88, 0xCF, 0x71, 0x7C, 0xDE, 0x88, 0xB1,
    0x27, 0x2A, 0x94, 0xC6, 0x8E, 0x23, 0x09, 0x38, 0xEF, 0x2D, 0xDE, 0xEA, 0xFC, 0x1E, 0x30, 0x16,
    0x27, 0xB0, 0xF8, 0xEE, 0x98, 0x9E, 0xC7, 0xD4, 0xA4, 0xEC, 0xF8, 0x54, 0x66, 0x11, 0xB4, 0x15,
    0x27, 0x19, 0x6F, 0x7C, 0x66, 0x80, 0x1C, 0x4E, 0x9C, 0x81, 0x8A, 0x02, 0x14, 0xD0, 0x6B, 0x00,
    0x82, 0xA7, 0x3F, 0xD3, 0x72, 0xCC, 0x40, 0x7F, 0x3E, 0x84, 0xDF, 0x74, 0x00, 0x4B, 0x0D, 0x31,
    0x03, 0x35, 0xD4, 0xEA, 0xF8, 0xB4, 0x06, 0xFF, 0x2D, 0x04, 0x06, 0x0C, 0x00, 0xCB, 0x33, 0x6B,
    0xAD, 0x27, 0x62, 0xC7, 0xD6, 0x71, 0x70, 0x1D, 0x00, 0xE2, 0x98, 0xCC, 0x6C, 0x8A, 0x03, 0x88,
    0xB7, 0x7F, 0x26, 0x2A, 0x86, 0x53, 0xD6, 0x2F, 0x42, 0x2B, 0xF6, 0x47, 0x1E, 0x64, 0x23, 0x38,
    0xB3, 0x20, 0x7A, 0x32, 0xD3, 0xDB, 0x3F, 0xE6, 0x14, 0x8B, 0xCC, 0xAA, 0xD1, 0x4F, 0x4C, 0xFE,
    0x04, 0x4D, 0xF3, 0x75, 0xFF, 0x8E, 0x28, 0xD0, 0x83, 0xE0, 0x20, 0x0B, 0x46, 0x55, 0x7F, 0xCE,
    0xF6, 0xE6, 0xC6, 0xD8, 0x2D, 0xF0, 0xCB, 0x70, 0xBF, 0xC2, 0xFA, 0xEC, 0x1F, 0x3B, 0xA7, 0x97,
    0xDE, 0x70, 0x9F, 0xF4, 0x7E, 0xE3, 0x56, 0xFE, 0xEB, 0x4B, 0x6E, 0x25, 0xFE, 0x9A, 0x33, 0xF9,
    0xF1, 0x1A, 0x9B, 0x83, 0x06, 0x39, 0x9D, 0x74, 0xCA, 0xE8, 0xE1, 0x9D, 0x47, 0x16, 0xE6, 0x61,
    0xAE, 0x0C, 0xEE, 0x38, 0xFB, 0x4F, 0x9C, 0x3E, 0xEA, 0x6A, 0x3C, 0x76, 0x63, 0x43, 0x1A, 0x6F,
    0xF8, 0xC6, 0x3D, 0x7E, 0xE5, 0x9C, 0x57, 0x89, 0x59, 0xFF, 0x38, 0xD0, 0x25, 0x68, 0x8D, 0xCF,
    0xFB, 0xE9, 0x79, 0x58, 0x9C, 0xF3, 0x3E, 0xB3, 0xC2, 0x80, 0x5D, 0x61, 0xB3, 0x0C, 0x9B, 0x76,
    0xF1, 0x1B, 0x27, 0x3C, 0x13, 0xC7, 0x3C, 0x64, 0x57, 0x70, 0x0A, 0x0E, 0x73, 0x54, 0x4F, 0xF1,
    0x81, 0xA6, 0x06, 0xAA, 0x3F, 0xE4, 0x2D, 0x22, 0x79, 0x1B, 0xB7, 0x82, 0x45, 0x67, 0x9C, 0x0D,
    0xB8, 0x66, 0x38, 0x32, 0x39, 0x32, 0x09, 0xC3, 0xCE, 0xA7, 0xC1, 0x22, 0xBE, 0x57, 0x66, 0xB5,
    0x00, 0x11, 0xD8, 0xF0, 0x4C, 0x17, 0xF0, 0xC3, 0xB9, 0x23, 0xC3, 0x07, 0xD5, 0x9C, 0x9A, 0x5B,
    0xC1, 0xAC, 0x3F, 0x37, 0x0B, 0x84, 0xAA, 0x81, 0x33, 0x18, 0x74, 0x53, 0xC5, 0xAD, 0xC2, 0xC8,
    0xA8, 0x43, 0xCF, 0xD4, 0xA1, 0xCD, 0xEA, 0xA2, 0xD3, 0x66, 0x08, 0xBF, 0xF8, 0x98, 0x29, 0x84,
    0xA2, 0x0F, 0xE5, 0x8F, 0x55, 0x31, 0x34, 0xCB, 0x47, 0xF9, 0xE0, 0xB1, 0x9B, 0xFC, 0xB4, 0xE0,
    0x5E, 0x17, 0x6C, 0x40, 0xC0, 0xB4, 0x88, 0xFE, 0x35, 0xCE, 0x2C, 0xC3, 0xB1, 0x2D, 0xD7, 0x4A,
    0xF8, 0x17, 0x05, 0x26, 0x36, 0x98, 0xF6, 0x7C, 0xEB, 0xE7, 0xE7, 0x80, 0x4C, 0x28, 0x6E, 0x59,
    0x64, 0xB9, 0x20, 0xCB, 0x45, 0x84, 0xF2, 0x38, 0x3D, 0x54, 0x9A, 0xE2, 0x0B, 0x02, 0xC4, 0xC3,
    0x39, 0x8D, 0x9F, 0x4A, 0x66, 0xE0, 0xC1, 0xE8, 0x61, 0x46, 0xC8, 0x4F, 0x3D, 0x4C, 0x7E, 0xB3,
    0x88, 0x9A, 0x11, 0x4B, 0xA4, 0xD3, 0xD0, 0xB1, 0xFC, 0x3E, 0xC4, 0xCC, 0xCC, 0x4C, 0x40, 0x18,
    0x0E, 0x53, 0x11, 0xA2, 0x45, 0x93, 0xC8, 0x0E, 0x90, 0x5E, 0x80, 0xC7, 0x6A, 0x21, 0x44, 0x6A,
    0xEC, 0xE3, 0x63, 0x66, 0x84, 0x8F, 0xA9, 0xF5, 0x06, 0xE1, 0x72, 0x83, 0x70, 0x79, 0x11, 0x41,
    0x0A, 0x6C, 0x24, 0x06, 0xAE, 0x75, 0x85, 0x0D, 0xB5, 0x88, 0xF4, 0x47, 0xC4, 0x87, 0x41, 0xE9,
    0x03, 0x67, 0x09, 0x45, 0xB7, 0xF1, 0xD9, 0x86, 0x28, 0x5C, 0x48, 0xC3, 0x22, 0xA0, 0x11, 0xF4,
    0x0E, 0xDD, 0xDB, 0xF4, 0x3D, 0x82, 0xC4, 0x86, 0x4E, 0x03, 0xA0, 0x30, 0x0E, 0x80, 0xB9, 0x40,
    0x06, 0x94, 0xA8, 0x95, 0x38, 0x91, 0x3E, 0x6A, 0xD1, 0x10, 0x4E, 0x28, 0x90, 0x7B, 0x0B, 0x26,
    0x1C, 0x9F, 0xD9, 0x00, 0xF1, 0xED, 0x48, 0xBD, 0x80, 0x7D, 0xA9, 0x1F, 0x7B, 0xAA, 0xD6, 0x18,
    0x4C, 0xD8, 0xD6, 0x07, 0xA9, 0x2D, 0xF9, 0x31, 0x4D, 0x47, 0x79, 0x85, 0x63, 0x8C, 0x8E, 0xD2,
    0xB2, 0x03, 0xE6, 0xA2, 0x19, 0x60, 0x22, 0xE6, 0xD9, 0xD8, 0x0E, 0xAB, 0x5E, 0x9B, 0xC5, 0x01,
    0xD3, 0xEF, 0xE8, 0x1E, 0xBE, 0x91, 0x2C, 0x02, 0xBD, 0xCF, 0xBD, 0x35, 0x7C, 0x07, 0xE9, 0x9B,
    0x89, 0xD1, 0xAF, 0x2C, 0xE1, 0x34, 0x80, 0x2C, 0x31, 0x12, 0xFE, 0x71, 0xA2, 0x62, 0x2A, 0xCE,
    0x5D, 0xB3, 0x59, 0xCA, 0xE6, 0x41, 0x9D, 0x43, 0xA6, 0xC3, 0xE4, 0x6B, 0xB8, 0x0B, 0x44, 0x28,
    0x81, 0x86, 0xC3, 0xDB, 0xA2, 0xD3, 0xFA, 0x49, 0x0D, 0x31, 0x05, 0x9E, 0x01, 0x22, 0xD3, 0x37,
    0xC3, 0xBB, 0x4D, 0xAD, 0xE3, 0x6C, 0x03, 0x13, 0xA1, 0xC7, 0xA0, 0x39, 0x58, 0x25, 0xE0, 0x83,
    0xDA, 0xA4, 0xA9, 0x19, 0x27, 0x67, 0x78, 0x3B, 0xD9, 0xB7, 0x81, 0x6F, 0xB7, 0xED, 0x4D, 0x6D,
    0x6F, 0x04, 0xA5, 0xD9, 0x51, 0x36, 0xCA, 0x0E, 0xEE, 0x32, 0x1B, 0x76, 0xB0, 0x4F, 0x42, 0x45,
    0xE4, 0x55, 0xFB, 0x15, 0x62, 0x90, 0xE6, 0x22, 0x06, 0x69, 0x1E, 0x62, 0x90, 0xFA, 0x9A, 0x0B,
    0x18, 0xA4, 0xC4, 0x1E, 0x60, 0x90, 0xD6, 0x22, 0x50, 0x9C, 0xEB, 0x8B, 0x41, 0xD3, 0xD5, 0x6A,
    0x75, 0x7A, 0xBA, 0xCC, 0x5F, 0x63, 0x63, 0x25, 0xF1, 0x12, 0x73, 0x2B, 0x13, 0x43, 0x40, 0xCC,
    0xA0, 0x30, 0x0C, 0xCA, 0x62, 0x62, 0xAD, 0x8A, 0x99, 0xB2, 0x2A, 0xE6, 0x5B, 0x8E, 0xEC, 0x4A,
    0x24, 0xD8, 0x9F, 0x48, 0x7E, 0x6E, 0x8A, 0xDF, 0x39, 0xB1, 0x36, 0x03, 0xFB, 0x0A, 0x4E, 0x0A,
    0x40, 0xBE, 0xC4, 0x5A, 0x82, 0xAF, 0x2A, 0x00, 0x90, 0xFE, 0xB3, 0x67, 0x1F, 0x77, 0xD8, 0x6A,
    0x2F, 0x39, 0xBA, 0x4D, 0xAF, 0x7D, 0x29, 0x26, 0x80, 0x7C, 0x26, 0x30, 0x5E, 0x0E, 0x21, 0x4D,
    0xBF, 0x1A, 0x44, 0x86, 0x00, 0x59, 0xB9, 0xD8, 0xD1, 0x62, 0xDF, 0x78, 0x26, 0xB4, 0x94, 0x7A,
    0x89, 0x55, 0x81, 0xE9, 0x07, 0x26, 0xBE, 0x4E, 0x29, 0x30, 0xEF, 0x95, 0xB8, 0x6E, 0xC5, 0xE1,
    0x40, 0x9C, 0x29, 0x5E, 0x89, 0x44, 0xC5, 0xEA, 0x8D, 0xDC, 0xE7, 0x4D, 0x6B, 0x14, 0xBD, 0xBD,
    0xF2, 0x9E, 0x64, 0xCD, 0xBA, 0x10, 0xDE, 0x6D, 0x38, 0x08, 0xED, 0xB8, 0x49, 0x4B, 0x98, 0x9F,
    0xC3, 0xB3, 0x13, 0x48, 0x1C, 0x15, 0x4C, 0x4C, 0xE0, 0x32, 0x15, 0x9C, 0xCA, 0x75, 0x22, 0xBB,
    0xBE, 0x18, 0x0B, 0x38, 0x21, 0x33, 0x3D, 0x90, 0x15, 0xB4, 0x38, 0x87, 0x06, 0xC8, 0x5F, 0xC6,
    0x9A, 0x56, 0x79, 0x02, 0x1F, 0x09, 0x52, 0xA4, 0xE2, 0x9C, 0xBB, 0xC6, 0xF9, 0x03, 0x68, 0x2E,
    0xE3, 0xD9, 0xED, 0x51, 0xE3, 0xA5, 0x73, 0x2D, 0xE4, 0x17, 0x9A, 0x30, 0x76, 0xC5, 0x14, 0xBE,
    0x51, 0xB0, 0xE4, 0x78, 0xDD, 0x34, 0x59, 0x17, 0x2C, 0x2C, 0xC3, 0x7A, 0x56, 0x32, 0x4C, 0x68,
    0xE6, 0xD5, 0x5D, 0xE0, 0x3A, 0x62, 0x36, 0x0C, 0x39, 0x4D, 0x44, 0xF2, 0x43, 0x80, 0x5B, 0x4E,
    0xCA, 0xEF, 0xE2, 0xD4, 0xC8, 0xCF, 0x7D, 0xF0, 0xB9, 0x72, 0x36, 0x76, 0x6B, 0x80, 0x12, 0x43,
    0x71, 0x66, 0xB1, 0x3E, 0x26, 0xFE, 0x36, 0xD6, 0x5E, 0xDB, 0x8D, 0xC9, 0x1F, 0xE6, 0x80, 0x42,
    0x80, 0x99, 0x20, 0x91, 0xAC, 0x67, 0xA6, 0xA6, 0x2A, 0x51, 0xF3, 0x3A, 0x32, 0x95, 0xD0, 0x40,
    0x96, 0x07, 0xCC, 0xF1, 0x50, 0x03, 0x67, 0x09, 0x40, 0x64, 0xB1, 0xDA, 0x05, 0xFE, 0x15, 0x08,
    0xA4, 0xD9, 0x26, 0x68, 0x78, 0x0F, 0x19, 0x66, 0x06, 0x65, 0xBA, 0xD8, 0xC0, 0xBB, 0x84, 0x5A,
    0x19, 0x62, 0x52, 0x56, 0xC4, 0x5D, 0x83, 0xE1, 0x94, 0xC7, 0xBB, 0x08, 0x57, 0x04, 0xBC, 0xEF,
    0xE0, 0x8E, 0xA6, 0x8B, 0x12, 0x3C, 0xA5, 0x05, 0x25, 0xE2, 0x51, 0x0C, 0x57, 0x0B, 0xB0, 0x57,
    0x6D, 0xD7, 0x82, 0x7F, 0x60, 0x87, 0x5A, 0x4B, 0xD0, 0x6F, 0x1E, 0x71, 0x1E, 0xB8, 0x94, 0xA3,
    0xB9, 0xC2, 0xAA, 0x05, 0x95, 0x3A, 0x71, 0x1F, 0x56, 0xC2, 0x87, 0x70, 0x44, 0x5B, 0x4C, 0xD6,
    0x49, 0x50, 0x67, 0x95, 0xAF, 0x79, 0xCC, 0x88, 0x4D, 0x88, 0xF5, 0x0E, 0xCA, 0xA0, 0xC4, 0xA4,
    0x19, 0x4B, 0x91, 0xD1, 0xC0, 0xD9, 0xF1, 0x6C, 0xCB, 0xEC, 0xCD, 0x0A, 0xBD, 0x96, 0xDD, 0xF5,
    0x25, 0x82, 0x93, 0x17, 0x43, 0xC9, 0x38, 0xFD, 0x26, 0x5A, 0xF6, 0x5D, 0xDB, 0xDA, 0x72, 0xAB,
    0xB6, 0x15, 0x63, 0x3B, 0x93, 0x19, 0x45, 0x4D, 0x25, 0x42, 0x96, 0x90, 0xA0, 0x41, 0x63, 0xC5,
    0x3F, 0xA9, 0x89, 0x35, 0x4C, 0xA1, 0x21, 0x28, 0x3B, 0x5C, 0x03, 0x41, 0xA9, 0xCB, 0x38, 0x46,
    0x75, 0x8F, 0x57, 0xAC, 0x89, 0x6D, 0x41, 0x35, 0x03, 0xA6, 0x17, 0x1A, 0x08, 0xAB, 0x66, 0xBD,
    0x02, 0xA3, 0xBE, 0x46, 0x50, 0x5A, 0xF1, 0x4F, 0x8E, 0x4C, 0x70, 0x39, 0x14, 0x49, 0x8D, 0x42,
    0x5E, 0xBB, 0xA1, 0x98, 0x4B, 0xB0, 0xB0, 0x41, 0x76, 0x1E, 0xC9, 0x30, 0xDE, 0xA2, 0x82, 0x82,
    0xD0, 0x43, 0x0D, 0x35, 0x01, 0x5F, 0x5A, 0xC5, 0x6C, 0x1D, 0x33, 0x95, 0x5C, 0x5E, 0xCB, 0xEC,
    0x2B, 0x33, 0xC2, 0x2B, 0x1D, 0xBF, 0x7D, 0xD7, 0xD7, 0x56, 0x6F, 0xB3, 0x82, 0x97, 0x9D, 0x8C,
    0x0B, 0xF9, 0x8B, 0xBF, 0xD6, 0x8B, 0x60, 0x82, 0xE1, 0x82, 0xED, 0x05, 0x0B, 0x32, 0x24, 0x87,
    0x5A, 0x40, 0x13, 0x87, 0xF6, 0x5A, 0xFC, 0x8D, 0x1A, 0x5C, 0xDE, 0xA8, 0xA3, 0xF4, 0x07, 0xF8,
    0x1E, 0x24, 0xA5, 0x28, 0xD5, 0xC2, 0x4B, 0x83, 0x5F, 0x42, 0xA2, 0xB1, 0x86, 0x0F, 0x13, 0x0A,
    0xBB, 0x63, 0xE2, 0x27, 0x47, 0xCE, 0x35, 0xB8, 0x08, 0x3B, 0xA0, 0x0B, 0x36, 0x76, 0xFF, 0x91,
    0x23, 0x6B, 0x07, 0xD7, 0xE4, 0x17, 0x64, 0x35, 0xD3, 0x4F, 0x9B, 0x01, 0xEE, 0xC0, 0x19, 0x14,
    0x1B, 0x34, 0x84, 0x24, 0xC3, 0x88, 0xFA, 0x04, 0x31, 0xB1, 0x12, 0x42, 0x65, 0x09, 0x2E, 0x6A,
    0x1C, 0x7E, 0x05, 0x1E, 0xBF, 0x80, 0xFD, 0xAE, 0x90, 0xC4, 0xAB, 0xE2, 0x0B, 0xB1, 0x1F, 0x49,
    0xC9, 0x88, 0xDE, 0xE0, 0x3C, 0xC4, 0xEC, 0x35, 0x4C, 0xA6, 0x94, 0x33, 0x89, 0xBC, 0x00, 0x27,
    0x8E, 0x69, 0x40, 0x68, 0x1A, 0x28, 0x03, 0x69, 0xB4, 0x0B, 0xD3, 0x88, 0x62, 0xD1, 0x64, 0xAD,
    0xF9, 0xCB, 0x71, 0xBF, 0xCB, 0xA1, 0x1F, 0x60, 0x39, 0x1E, 0x54, 0x7F, 0x58, 0xC8, 0xD5, 0x7E,
    0x24, 0x69, 0xB5, 0x22, 0x28, 0xBA, 0x25, 0x07, 0xB0, 0x58, 0x25, 0x0B, 0xFE, 0x31, 0xE6, 0x55,
    0x36, 0xC5, 0xB0, 0xA8, 0xF8, 0x99, 0xB5, 0x10, 0x5F, 0xE1, 0xD0, 0x55, 0x8E, 0x9A, 0x9A, 0x98,
    0x05, 0x4C, 0xC1, 0xD0, 0xE3, 0x70, 0x2B, 0x8B, 0x3F, 0x54, 0x05, 0x0B, 0x53, 0x15, 0x93, 0x04,
    0x0D, 0x4A, 0x98, 0xB3, 0x1B, 0x42, 0x86, 0xD4, 0x10, 0xE2, 0xBC, 0xA6, 0xB8, 0x12, 0xE7, 0x0A,
    0x68, 0x84, 0x9C, 0x6B, 0x3F, 0xCC, 0xD7, 0x86, 0x90, 0x53, 0x11, 0xE7, 0x8A, 0xC3, 0xB8, 0x5F,
    0xC8, 0xA9, 0x72, 0x73, 0x52, 0xAF, 0xD7, 0xA3, 0xD3, 0xAB, 0x24, 0xA6, 0x59, 0x5B, 0x68, 0x94,
    0xE4, 0x67, 0xB9, 0x4A, 0x10, 0xC2, 0xCF, 0xE4, 0xAA, 0x04, 0xCB, 0xC8, 0x7B, 0x8D, 0xD2, 0x4B,
    0x20, 0x36, 0xAB, 0xAB, 0x2F, 0x79, 0xB8, 0x78, 0x7D, 0x1A, 0x64, 0x6E, 0x8D, 0x82, 0x13, 0xE0,
    0xE2, 0xF5, 0x86, 0x8A, 0x3F, 0x52, 0x11, 0x4C, 0xE1, 0x45, 0x90, 0xF0, 0x35, 0xF4, 0xD7, 0x43,
    0x80, 0x01, 0xEE, 0x6F, 0x1C, 0x0C, 0x07, 0x32, 0xB3, 0x9D, 0x4D, 0xF0, 0xF4, 0x6D, 0x26, 0x3C,
    0xC7, 0xCF, 0x9E, 0x06, 0x4C, 0x88, 0xE3, 0x76, 0x5D, 0x99, 0xA4, 0xC1, 0x24, 0x6B, 0xCB, 0x7E,
    0x5E, 0xE9, 0xA5, 0x9C, 0x11, 0xC3, 0x3A, 0x96, 0x3A, 0x41, 0x8E, 0x30, 0x0B, 0x06, 0xC7, 0xF7,
    0x3A, 0xCF, 0x40, 0x09, 0xB5, 0xB0, 0x4C, 0xC8, 0xAA, 0xD2, 0x3A, 0x52, 0x0D, 0x15, 0x7E, 0xAD,
    0xF3, 0x75, 0x24, 0x08, 0x95, 0xF8, 0xBA, 0xB2, 0x26, 0xAE, 0xDB, 0xAE, 0x86, 0xF9, 0xF5, 0x64,
    0x81, 0xAF, 0x27, 0x95, 0x09, 0xB1, 0x9E, 0x8C, 0x5D, 0xBE, 0x9E, 0x6C, 0x12, 0x36, 0x9F, 0xFD,
    0x66, 0x56, 0x04, 0x40, 0xBA, 0x32, 0xEB, 0x31, 0x3F, 0xB9, 0xEF, 0xF0, 0x5A, 0xE4, 0x13, 0x31,
    0xD1, 0xB3, 0x18, 0x2B, 0x6B, 0xDD, 0x1B, 0x11, 0x3F, 0x50, 0x27, 0xA1, 0x62, 0x75, 0x2F, 0x0E,
    0xBB, 0x69, 0x1B, 0xD3, 0xF2, 0x0C, 0x62, 0xF3, 0xC2, 0x02, 0x2D, 0xB9, 0x68, 0x89, 0xD5, 0xC0,
    0xD5, 0xD6, 0xE3, 0x0D, 0x82, 0x94, 0x52, 0x25, 0x5A, 0xA0, 0xB6, 0x47, 0x58, 0x4D, 0xD4, 0xBD,
    0x2A, 0x35, 0xD7, 0x88, 0xCF, 0x82, 0x5C, 0x48, 0xA5, 0xB6, 0x87, 0x05, 0x1A, 0xD1, 0xC8, 0x1D,
    0x6D, 0xED, 0xAC, 0x85, 0xEF, 0x72, 0x51, 0x1D, 0xBA, 0x98, 0x1E, 0x89, 0xBC, 0x67, 0xB8, 0xE4,
    0x3B, 0xCA, 0x5D, 0xCA, 0xFC, 0x62, 0x3A, 0x2A, 0x36, 0xB1, 0xEE, 0x52, 0x0B, 0x57, 0x1C, 0x5C,
    0xDC, 0x83, 0x1C, 0x1B, 0xDB, 0x17, 0x66, 0x11, 0xB1, 0x5C, 0x4F, 0x2E, 0x4D, 0x96, 0xC0, 0x0B,
    0xA2, 0x4A, 0x4E, 0x28, 0x44, 0xCB, 0x72, 0x32, 0x71, 0x21, 0x4B, 0x25, 0xCA, 0x99, 0x74, 0x26,
    0xA3, 0x18, 0x59, 0x4B, 0x6A, 0xAF, 0x21, 0xB5, 0x44, 0xBA, 0x8F, 0xD2, 0x12, 0xA5, 0xC4, 0x87,
    0x09, 0x4D, 0x5C, 0x23, 0xD1, 0xC7, 0x95, 0xE8, 0xBE, 0x2C, 0xC4, 0xBF, 0x8B, 0xA4, 0x1C, 0x00,
    0x54, 0x07, 0x74, 0xB5, 0x22, 0xA4, 0xB1, 0x88, 0xEA, 0x0E, 0xAA, 0x51, 0xEA, 0xC4, 0x50, 0x39,
    0x62, 0xBE, 0xB4, 0xE0, 0x4B, 0x90, 0xF4, 0xAA, 0x75, 0x3D, 0x2C, 0x04, 0x20, 0xD9, 0xF7, 0x28,
    0xB3, 0x3A, 0x65, 0xB2, 0xFB, 0xF1, 0x06, 0x74, 0x52, 0x1D, 0xFE, 0x19, 0x99, 0xC1, 0xC0, 0x1C,
    0x2E, 0x79, 0x4B, 0xA2, 0xB6, 0xF2, 0x2C, 0x89, 0xD3, 0x16, 0xA7, 0x45, 0xED, 0x9D, 0xAE, 0x3E,
    0x75, 0xB7, 0x13, 0x83, 0xBB, 0xB8, 0x22, 0x5B, 0x3B, 0x98, 0xEA, 0x91, 0x84, 0x76, 0x9A, 0x8F,
    0xF9, 0x05, 0xC6, 0x79, 0x52, 0x5E, 0x56, 0xDA, 0x02, 0x96, 0x58, 0x7C, 0xD4, 0x93, 0x7B, 0x5B,
    0x30, 0x9C, 0x9C, 0xD7, 0xE4, 0x6C, 0x26, 0x0C, 0x76, 0xE0, 0x30, 0x75, 0x22, 0xF5, 0x82, 0xAF,
    0xE4, 0x2D, 0x20, 0xD4, 0x91, 0x5C, 0x8B, 0xC5, 0x19, 0x63, 0x6E, 0x1E, 0x40, 0xD2, 0x68, 0x12,
    0x6A, 0x82, 0xB8, 0xB7, 0x46, 0x5A, 0x25, 0x1B, 0xE5, 0xD7, 0x0E, 0x4A, 0xD0, 0x0D, 0xA7, 0xB4,
    0x48, 0xBC, 0x31, 0x32, 0xCB, 0x7E, 0x03, 0x78, 0x0C, 0xED, 0x9D, 0x3A, 0xD4, 0x16, 0x04, 0xC4,
    0x86, 0x77, 0xE7, 0x27, 0xE2, 0x2B, 0x13, 0xA0, 0x91, 0x40, 0x7C, 0xB1, 0xE2, 0xAF, 0xA3, 0xC6,
    0xD7, 0x49, 0x66, 0x87, 0x0D, 0x94, 0xA6, 0x76, 0x87, 0xFC, 0xBC, 0x3B, 0x60, 0x68, 0x27, 0xBD,
    0x01, 0x12, 0x2C, 0xED, 0x6D, 0xCA, 0x2A, 0xA4, 0xD2, 0x1D, 0xDE, 0xD1, 0x43, 0x43, 0xAD, 0xDA,
    0xEC, 0x99, 0xF4, 0xAA, 0xA3, 0x76, 0x87, 0x15, 0x27, 0x2B, 0xC5, 0xD1, 0xCA, 0xE7, 0xE6, 0x0B,
    0xF7, 0x07, 0x7A, 0xCD, 0x2D, 0xC8, 0x65, 0x13, 0x7F, 0x48, 0x3E, 0x9A, 0xFE, 0x69, 0x3F, 0xB2,
    0xD1, 0xDA, 0xB3, 0xAE, 0xF6, 0x8C, 0xAB, 0xBE, 0xEC, 0x82, 0x0C, 0x03, 0x58, 0x15, 0xE8, 0x95,
    0x7D, 0xB9, 0x12, 0xA0, 0xC7, 0x07, 0x83, 0x1D, 0x27, 0xC3, 0x51, 0x38, 0x16, 0x83, 0x52, 0xEC,
    0x11, 0x83, 0x08, 0x63, 0xA3, 0xE2, 0x87, 0x61, 0x10, 0xBE, 0x13, 0x54, 0xBC, 0x7E, 0xD2, 0x0E,
    0x44, 0xC7, 0xAE, 0xC4, 0x75, 0xD2, 0x0E, 0x00, 0xB5, 0x39, 0x5D, 0x64, 0x45, 0x90, 0x75, 0x1B,
    0x4D, 0xFB, 0xC2, 0x3E, 0xB6, 0xFC, 0x9B, 0x49, 0x7C, 0x4D, 0xB1, 0x13, 0x40, 0x9E, 0x91, 0xD9,
    0x07, 0xB5, 0xC5, 0x5C, 0x88, 0xC7, 0x97, 0x02, 0xA1, 0xAA, 0x60, 0xFB, 0xE7, 0x8A, 0x73, 0xC5,
    0x99, 0xC8, 0x0A, 0x14, 0x76, 0xF6, 0x71, 0x40, 0xF4, 0xBE, 0x70, 0xEF, 0x54, 0xB1, 0x38, 0x39,
    0x1C, 0x1A, 0x01, 0x5F, 0x75, 0x80, 0xE2, 0xC9, 0xDF, 0x1B, 0x16, 0xE7, 0x27, 0x8B, 0xE1, 0x5E,
    0x94, 0x19, 0xD8, 0x5E, 0xC5, 0xB3, 0xDD, 0x3E, 0x64, 0x76, 0xA1, 0x53, 0x40, 0x05, 0x02, 0xC7,
    0xF7, 0x3C, 0xE4, 0xA9, 0x8C, 0x5F, 0x41, 0x3B, 0xF3, 0x55, 0xE3, 0xC1, 0xC2, 0x41, 0x18, 0x5C,
    0x85, 0xC0, 0x72, 0xAA, 0xC5, 0xD3, 0xD3, 0x30, 0x68, 0x76, 0x03, 0xD1, 0x70, 0x41, 0x83, 0x84,
    0xDC, 0x4D, 0xC8, 0x6E, 0x9D, 0x09, 0x6B, 0x71, 0xF0, 0xAF, 0x71, 0x16, 0x1A, 0x86, 0x9E, 0xAA,
    0xF8, 0xA6, 0x37, 0x40, 0x36, 0x34, 0x25, 0xC2, 0x6A, 0x13, 0x65, 0xFB, 0x1E, 0xBE, 0x41, 0x43,
    0x81, 0x1A, 0x09, 0xD4, 0x42, 0x84, 0xFC, 0xAD, 0xD2, 0x5B, 0x89, 0x10, 0x3B, 0x40, 0x65, 0x39,
    0x0E, 0xB8, 0x11, 0xDA, 0x0C, 0x15, 0xC6, 0x5A, 0x68, 0xFE, 0x7C, 0xC2, 0x87, 0xD1, 0x00, 0xD3,
    0x45, 0x93, 0x19, 0x3F, 0x74, 0x38, 0x3D, 0xF1, 0xB8, 0x01, 0x10, 0x49, 0xB4, 0x02, 0x3E, 0x5B,
    0xE0, 0x3C, 0x90, 0x3D, 0xD5, 0xCC, 0x89, 0xF9, 0x4A, 0x8E, 0xB2, 0x1F, 0xF5, 0x4E, 0x25, 0xB6,
    0xDF, 0x00, 0x9D, 0xD6, 0x18, 0x28, 0x5D, 0xD9, 0xB4, 0xE6, 0x9B, 0x4E, 0x55, 0xF3, 0x0D, 0xAF,
    0xA9, 0x63, 0x49, 0x28, 0x91, 0xBD, 0x1C, 0x3B, 0xC6, 0xC5, 0xBB, 0xCF, 0xF0, 0x15, 0x1B, 0xE9,
    0x6C, 0x68, 0x0D, 0x56, 0x08, 0xE4, 0xD4, 0xA4, 0x85, 0xCB, 0x13, 0x35, 0x9F, 0x50, 0x81, 0x4A,
    0x86, 0x83, 0x70, 0x79, 0x56, 0xB5, 0x90, 0x78, 0x61, 0x54, 0xC0, 0xE1, 0x1A, 0xC0, 0xCE, 0xD2,
    0xCF, 0x59, 0xD0, 0x93, 0x02, 0x63, 0x5C, 0x40, 0xE6, 0x38, 0x16, 0x2B, 0xB7, 0x80, 0xAF, 0x5F,
    0x72, 0xCF, 0x01, 0x5A, 0x99, 0x57, 0x1E, 0x0A, 0x91, 0x26, 0x03, 0x25, 0x4B, 0xF1, 0x1F, 0x3A,
    0x4F, 0x03, 0xD2, 0x6E, 0x2C, 0xB5, 0xE0, 0x3F, 0x48, 0x51, 0x4C, 0x77, 0x06, 0x5A, 0x0C, 0xC4,
    0x3C, 0x20, 0xBC, 0x29, 0xC0, 0x08, 0xD3, 0x02, 0x79, 0x56, 0x49, 0x84, 0x0D, 0x7A, 0x79, 0x80,
    0xC2, 0xBA, 0x08, 0xF5, 0x8D, 0x71, 0x32, 0x8E, 0x84, 0xC5, 0x0F, 0x19, 0x63, 0xB9, 0x78, 0x0E,
    0x10, 0xB9, 0x4C, 0x34, 0x5D, 0x5E, 0x7A, 0xEA, 0x99, 0x53, 0xCA, 0x17, 0xB5, 0x4C, 0x6F, 0x64,
    0x5B, 0x9F, 0x49, 0xBD, 0x64, 0x6A, 0xD3, 0xB3, 0x1B, 0x9B, 0xC4, 0xC6, 0x61, 0x0E, 0x58, 0x07,
    0xFD, 0x8C, 0xE2, 0x42, 0xC8, 0x16, 0xF0, 0x23, 0x40, 0xB9, 0x13, 0xCC, 0x58, 0x8E, 0x86, 0x56,
    0x1F, 0x30, 0x03, 0x90, 0xFA, 0xBD, 0x8A, 0xF4, 0x1F, 0xFE, 0x3E, 0x83, 0xF9, 0xD9, 0xB4, 0x9A,
    0xBD, 0x17, 0xDB, 0xE6, 0x51, 0x54, 0xC4, 0x3D, 0x8F, 0x70, 0xBC, 0x8A, 0x2B, 0x67, 0x24, 0x09,
    0x64, 0x7D, 0xA2, 0x21, 0x31, 0x52, 0x9B, 0x89, 0x09, 0x5A, 0x5A, 0xF2, 0x8E, 0x64, 0xE5, 0x46,
    0xAB, 0x8D, 0x98, 0x48, 0x17, 0x51, 0x7A, 0xFC, 0x2F, 0xE5, 0x82, 0xA6, 0x2C, 0xC6, 0xB3, 0xBE,
    0x30, 0x6D, 0x21, 0x2B, 0x17, 0x1B, 0xCB, 0x2D, 0x71, 0x49, 0x66, 0x03, 0x01, 0x2A, 0x63, 0xCD,
    0x4A, 0x58, 0x55, 0x0B, 0x31, 0xC3, 0x74, 0xA0, 0x77, 0x11, 0xBF, 0xA1, 0xB1, 0xB1, 0x46, 0x81,
    0x8D, 0xCD, 0x70, 0x30, 0x65, 0xFE, 0x3F, 0xCB, 0x19, 0x2A, 0x13, 0x48, 0xBF, 0x0D, 0xCC, 0x54,
    0x15, 0xB2, 0x42, 0xA9, 0x59, 0x9D, 0xEE, 0x70, 0xCA, 0x1E, 0x63, 0x95, 0x6F, 0x2C, 0x92, 0x98,
    0xA6, 0x80, 0x94, 0x74, 0x87, 0x9C, 0x4A, 0xE5, 0x69, 0xCA, 0x69, 0xD5, 0xC9, 0xAB, 0x1D, 0xF9,
    0x98, 0x46, 0x3B, 0x0F, 0x34, 0xF2, 0x40, 0x0B, 0x0F, 0x34, 0xEF, 0xE0, 0xB6, 0x1D, 0x52, 0x69,
    0x1B, 0xF1, 0xBE, 0xC0, 0xBE, 0xD1, 0x85, 0x79, 0x84, 0x29, 0xB0, 0x69, 0x9A, 0x37, 0x8E, 0x22,
    0x06, 0x0E, 0x5A, 0x6C, 0x20, 0x5A, 0x80, 0xAD, 0x86, 0x0B, 0x13, 0x92, 0x8B, 0x56, 0x1A, 0x64,
    0xA2, 0xE1, 0xC3, 0x00, 0x6D, 0x80, 0x6E, 0x7E, 0x94, 0x4D, 0xB2, 0x10, 0x06, 0x8D, 0xBB, 0xC8,
    0x4E, 0x0A, 0xFB, 0x0F, 0x35, 0xD2, 0x3D, 0x13, 0x48, 0xD4, 0x24, 0x9B, 0x03, 0x4A, 0xB0, 0x08,
    0x35, 0xB9, 0x29, 0x83, 0xF5, 0x4C, 0xF1, 0xB8, 0x3C, 0x38, 0x33, 0x78, 0x3E, 0xFB, 0xD0, 0xDB,
    0xC7, 0xA1, 0x29, 0x60, 0xAE, 0x00, 0xE6, 0xC2, 0x47, 0xAB, 0x2C, 0xC6, 0x95, 0xD3, 0x20, 0x3E,
    0x47, 0xDE, 0x00, 0x39, 0xAF, 0x08, 0xA0, 0x54, 0x3C, 0xF8, 0x9F, 0x8A, 0xEA, 0xE9, 0x36, 0x91,
    0xF7, 0x8D, 0xD7, 0xA8, 0x6D, 0x1E, 0x4B, 0x2C, 0x28, 0x3E, 0xD7, 0x35, 0xC4, 0x21, 0x18, 0x42,
    0x14, 0xDC, 0xB0, 0xF6, 0x44, 0x50, 0x8B, 0x53, 0xC6, 0x4A, 0x19, 0xC7, 0x0E, 0xE6, 0x87, 0xC2,
    0x8F, 0xA8, 0xF3, 0xC1, 0xF8, 0x51, 0x5F, 0x76, 0x6C, 0xA3, 0xC9, 0x24, 0x42, 0x62, 0x0E, 0xD6,
    0x5A, 0xDB, 0x26, 0xC0, 0x6A, 0x22, 0xFA, 0xC8, 0x53, 0x1B, 0x97, 0xBF, 0x49, 0x68, 0xCC, 0x0F,
    0x93, 0x1F, 0x4E, 0x87, 0xC3, 0xE0, 0x87, 0xBB, 0xC2, 0xE1, 0xA5, 0x26, 0x41, 0xA0, 0xBE, 0x81,
    0x56, 0x99, 0x64, 0x80, 0x79, 0xDB, 0x1E, 0xAE, 0xDA, 0x71, 0x7D, 0x17, 0x58, 0x04, 0x5E, 0xA3,
    0x8E, 0x7E, 0xBA, 0x83, 0x74, 0x67, 0x3A, 0x49, 0xCA, 0x3C, 0x51, 0xBF, 0x8F, 0x56, 0x3B, 0x31,
    0x24, 0x80, 0xAF, 0x65, 0x64, 0x63, 0xCA, 0x8C, 0x04, 0x11, 0x11, 0x32, 0xB2, 0x75, 0x4C, 0x1A,
    0x88, 0x11, 0xF6, 0xDD, 0xA7, 0x4B, 0x38, 0xD0, 0x31, 0x09, 0x4A, 0x05, 0x98, 0xBA, 0x4A, 0x48,
    0x5C, 0x4A, 0xDA, 0xAC, 0x60, 0xFB, 0x4B, 0x39, 0x99, 0xBF, 0xBA, 0xC4, 0x65, 0x1B, 0xB1, 0x30,
    0x50, 0xA4, 0x4B, 0x33, 0x6B, 0x54, 0x45, 0xF4, 0xB3, 0x46, 0x6C, 0x39, 0xB2, 0x8E, 0x68, 0xC0,
    0x01, 0xDC, 0x63, 0x45, 0x39, 0x4D, 0x0C, 0x64, 0x1C, 0x22, 0x0F, 0x09, 0x45, 0xC1, 0x78, 0xC5,
    0xC2, 0x60, 0xBE, 0xD5, 0x00, 0x79, 0xF0, 0x02, 0x05, 0x22, 0x3F, 0x49, 0x38, 0x1B, 0xB3, 0x84,
    0x9D, 0x15, 0x8C, 0x65, 0xC2, 0x9C, 0x49, 0xD9, 0x7C, 0xC8, 0x6D, 0xD7, 0xA8, 0x8D, 0x6B, 0x1C,
    0x8E, 0x4A, 0x90, 0xCC, 0x09, 0xF8, 0x3A, 0x98, 0x98, 0xE6, 0xA5, 0x36, 0x13, 0x5C, 0xEE, 0x05,
    0x83, 0xC3, 0x95, 0x3A, 0x66, 0xAC, 0x91, 0xC5, 0x6B, 0x54, 0xEC, 0xF6, 0x1A, 0x09, 0x3E, 0x2F,
    0x59, 0xC9, 0xC7, 0x61, 0x62, 0xB9, 0x1A, 0x0A, 0xE6, 0xB6, 0x10, 0x08, 0x8B, 0x98, 0x96, 0x20,
    0x39, 0xC0, 0xE4, 0x0A, 0x44, 0x04, 0x46, 0x57, 0x7C, 0x57, 0x11, 0x0C, 0x02, 0x41, 0xA0, 0xD5,
    0x75, 0x59, 0x57, 0x9A, 0x40, 0x89, 0x05, 0xA9, 0xC5, 0x0E, 0x67, 0x7E, 0x2D, 0x40, 0x4E, 0xCE,
    0x00, 0xDB, 0x5C, 0x8E, 0x05, 0x4C, 0xF0, 0xAD, 0x1C, 0xEB, 0x84, 0x60, 0x8C, 0x33, 0xC3, 0x32,
    0x0B, 0x5E, 0x99, 0x46, 0x62, 0xA4, 0xD5, 0x48, 0x96, 0xC1, 0x9C, 0x39, 0x16, 0xB2, 0x74, 0xD1,
    0x2B, 0x9C, 0x49, 0xE6, 0x60, 0x4A, 0x19, 0x86, 0x60, 0x96, 0xB9, 0x1C, 0x7D, 0x36, 0xBF, 0xD2,
    0x42, 0x2B, 0xA9, 0xF6, 0xAB, 0x90, 0x5B, 0xD8, 0x42, 0x1E, 0x67, 0x3F, 0x2C, 0xED, 0x9C, 0x05,
    0xC2, 0x2E, 0x8A, 0x16, 0xAA, 0xB7, 0x2B, 0x1C, 0x36, 0x87, 0x38, 0xF7, 0xB7, 0x29, 0xBD, 0xA4,
    0x86, 0x5F, 0x7F, 0x37, 0xF3, 0x87, 0x4D, 0x86, 0xBB, 0xEB, 0xCD, 0x43, 0xDA, 0x1E, 0xDF, 0x96,
    0x97, 0x5E, 0x27, 0xED, 0xDD, 0xDF, 0xB6, 0xF6, 0xEA, 0x16, 0x4B, 0x8A, 0xF8, 0x0A, 0x2F, 0x2D,
    0x14, 0x63, 0x3A, 0x98, 0xE3, 0xD7, 0xEF, 0x8A, 0xD1, 0x2E, 0x16, 0x4C, 0x09, 0xFC, 0xA7, 0x27,
    0xDB, 0xE0, 0x16, 0x65, 0x8F, 0x0F, 0xE6, 0xCD, 0x65, 0x3A, 0x99, 0xCF, 0x7C, 0x80, 0x3F, 0xC0,
    0x15, 0x9C, 0xCF, 0xB7, 0x5F, 0x58, 0xCF, 0x2B, 0x03, 0x96, 0x8D, 0x4F, 0x27, 0x47, 0x88, 0x24,
    0x6C, 0xF2, 0xFF, 0x4C, 0xE4, 0xD7, 0xB5, 0x16, 0x45, 0xDD, 0x36, 0x7E, 0xA3, 0xF3, 0x2B, 0xB7,
    0x0F, 0xB5, 0xE7, 0xD4, 0xEA, 0xF8, 0x2D, 0x35, 0x13, 0xC4, 0x91, 0x68, 0x9E, 0x4C, 0xC0, 0xA4,
    0x0E, 0x27, 0x32, 0x5C, 0xE0, 0x21, 0x53, 0xAA, 0x38, 0xDD, 0x6B, 0x6D, 0xD3, 0x97, 0x70, 0x56,
    0x24, 0x7C, 0x3A, 0xD0, 0x73, 0x06, 0x43, 0xDB, 0x5A, 0xB3, 0xB4, 0xFC, 0x46, 0x90, 0x00, 0x1A,
    0x22, 0x60, 0x43, 0x5C, 0x75, 0x5F, 0xE3, 0xF2, 0x35, 0x44, 0x8F, 0x5A, 0x44, 0xEE, 0x29, 0xA9,
    0x21, 0x77, 0x2D, 0x65, 0x7A, 0x38, 0x17, 0xC2, 0xF9, 0x13, 0x2B, 0x23, 0x6A, 0x06, 0x5E, 0x15,
    0xCD, 0x6F, 0x94, 0xC6, 0x22, 0xC2, 0x55, 0x9F, 0x96, 0xB6, 0x19, 0x0B, 0x19, 0xC1, 0xB5, 0xED,
    0xA4, 0x5A, 0x36, 0x1D, 0xB2, 0x47, 0x66, 0x19, 0x8D, 0xBA, 0x49, 0xBB, 0xEF, 0x20, 0x2A, 0xCE,
    0x6E, 0x48, 0x9B, 0x81, 0xD0, 0xCB, 0x42, 0x10, 0xD1, 0xDA, 0x04, 0x57, 0xD2, 0xA8, 0xBD, 0x53,
    0x98, 0x34, 0x52, 0x03, 0xED, 0xC8, 0x02, 0x72, 0x93, 0x6B, 0xEF, 0xF6, 0xBD, 0x79, 0x07, 0x8E,
    0x3E, 0x69, 0x2B, 0x43, 0xA6, 0x33, 0x1D, 0xAC, 0x66, 0xB6, 0x66, 0x8F, 0x0F, 0xEE, 0x20, 0x01,
    0xF8, 0x02, 0x29, 0x02, 0x16, 0x11, 0xB4, 0xC9, 0xFD, 0x08, 0x51, 0x81, 0x9C, 0xB4, 0x50, 0xE7,
    0x44, 0x0D, 0x0C, 0xE0, 0x29, 0xD7, 0xD4, 0xE3, 0x1B, 0x05, 0xE7, 0xB1, 0xFD, 0x19, 0x38, 0x17,
    0x10, 0xCE, 0xA3, 0x3B, 0x10, 0x36, 0x9E, 0xE2, 0x37, 0x3C, 0x5D, 0x60, 0xF8, 0xE4, 0x7A, 0xE1,
    0x24, 0x8A, 0x1C, 0x88, 0xF3, 0x67, 0xF0, 0x2D, 0x72, 0xA9, 0xCD, 0x69, 0x98, 0x8D, 0x8A, 0x4C,
    0xBF, 0x08, 0xE2, 0x31, 0xF4, 0x0D, 0x3B, 0x72, 0x3D, 0xCC, 0xE8, 0xDE, 0x63, 0x1E, 0xAF, 0x81,
    0x22, 0xCA, 0x03, 0xD8, 0xDE, 0xF1, 0x39, 0x2B, 0xDF, 0xB7, 0x81, 0xE6, 0x83, 0x72, 0xED, 0x66,
    0x67, 0x16, 0x9E, 0x9B, 0xD6, 0x4E, 0x2B, 0xC0, 0x83, 0x18, 0xF2, 0x34, 0x28, 0x46, 0x5E, 0x0F,
    0xE9, 0xDA, 0x75, 0xFD, 0x93, 0xB5, 0x6E, 0x7C, 0x01, 0x60, 0x7C, 0xAB, 0x0E, 0x86, 0x37, 0x11,
    0x6F, 0xC7, 0x03, 0x22, 0xAB, 0x12, 0x97, 0xD9, 0x80, 0xB6, 0x9A, 0xD7, 0xE3, 0xC5, 0x8D, 0xAF,
    0x87, 0x7A, 0xCA, 0xE7, 0x79, 0xBF, 0x04, 0x42, 0x18, 0x47, 0xE8, 0xE3, 0x2A, 0x9D, 0x26, 0xB6,
    0x8D, 0x69, 0x33, 0x2C, 0x07, 0xCB, 0xD3, 0x9E, 0x16, 0x0E, 0x4E, 0xD7, 0xB1, 0x6E, 0xC8, 0x08,
    0xCE, 0xD3, 0xF1, 0xF9, 0x33, 0xAC, 0xD2, 0x64, 0x33, 0x9F, 0x63, 0xE7, 0x87, 0xB5, 0xA5, 0x05,
    0x0D, 0x7E, 0xDF, 0xB9, 0x51, 0x06, 0xA6, 0x83, 0xAA, 0x37, 0xA9, 0x80, 0x8B, 0xC7, 0x9B, 0x3E,
    0xFB, 0xB2, 0xD7, 0xC1, 0x74, 0xF5, 0xBD, 0x5A, 0xAF, 0xA2, 0xA8, 0xB3, 0x20, 0xA4, 0xE0, 0x4A,
    0x94, 0x68, 0x52, 0x53, 0x8F, 0x9C, 0xAA, 0x58, 0xC3, 0xD7, 0xB9, 0x54, 0x16, 0x75, 0x01, 0x16,
    0x1A, 0xD8, 0xDF, 0x0F, 0xED, 0x50, 0x60, 0xB5, 0x37, 0xFE, 0x8A, 0x55, 0xEE, 0x69, 0x42, 0x76,
    0x83, 0x1B, 0x61, 0x49, 0x7B, 0x9E, 0x71, 0x79, 0xF5, 0x7B, 0xAF, 0x99, 0x76, 0xAF, 0xAB, 0x3E,
    0xCB, 0xD8, 0x4F, 0xE9, 0xD9, 0xD1, 0xD5, 0x72, 0xDB, 0xC5, 0xAA, 0xA0, 0x82, 0x05, 0x9D, 0xF4,
    0xAE, 0xF5, 0xC0, 0xA6, 0x86, 0x11, 0xE8, 0xEB, 0x20, 0xDD, 0x98, 0xAE, 0xD8, 0x46, 0x9E, 0x9B,
    0x80, 0x7B, 0xFD, 0x1B, 0x9D, 0xB3, 0x33, 0x08, 0x1A, 0x45, 0xC8, 0x90, 0xEB, 0x18, 0x37, 0x38,
    0xF3, 0x76, 0x5B, 0xA3, 0x0E, 0xC6, 0xA0, 0x25, 0xD6, 0xCB, 0x56, 0xC0, 0x66, 0x62, 0xEE, 0x69,
    0xB9, 0xD2, 0xDA, 0x93, 0x5C, 0x21, 0x57, 0xB1, 0x02, 0xEE, 0x91, 0xBA, 0x11, 0x12, 0x50, 0xDD,
    0x48, 0xF1, 0x4C, 0x75, 0xE3, 0xCA, 0x67, 0xAA, 0x5B, 0x7F, 0x52, 0xB7, 0x24, 0x72, 0x00, 0xB3,
    0xD2, 0x5A, 0x7C, 0x60, 0x21, 0xBE, 0x41, 0xED, 0xD7, 0x6B, 0x16, 0xD0, 0x06, 0x5A, 0xC8, 0x88,
    0x21, 0xF1, 0x98, 0x97, 0x8C, 0x89, 0x07, 0xBC, 0x64, 0x50, 0x28, 0x9D, 0xAD, 0xC6, 0x47, 0x3A,
    0x9A, 0x8A, 0xCF, 0xB0, 0xBC, 0xAE, 0x93, 0xA3, 0x48, 0xEA, 0xD3, 0x85, 0x93, 0xF7, 0xF2, 0x6F,
    0x3F, 0x30, 0x2B, 0x4F, 0xED, 0xB4, 0xB7, 0xF1, 0x4F, 0x44, 0x9F, 0x3C, 0x62, 0x5F, 0x60, 0x38,
    0xF4, 0x93, 0x74, 0x87, 0x50, 0x14, 0xFC, 0x29, 0x09, 0x3F, 0xE5, 0xA7, 0x4D, 0xB1, 0xD3, 0x56,
    0x5D, 0xB9, 0xA4, 0xA2, 0x84, 0xA4, 0x32, 0xD3, 0xD8, 0xA6, 0x4D, 0x5B, 0xDE, 0xF5, 0x96, 0x6D,
    0x74, 0xB7, 0x59, 0x4B, 0x76, 0xA3, 0xF5, 0x66, 0x67, 0x53, 0x27, 0x41, 0xFB, 0x23, 0x96, 0x8D,
    0xDC, 0xC0, 0xB6, 0xA2, 0xF5, 0xEA, 0xB5, 0xD4, 0x5F, 0xF5, 0x3B, 0x9B, 0x65, 0x4B, 0xD1, 0xED,
    0x98, 0xB0, 0x51, 0x5F, 0xB4, 0xF3, 0x9F, 0x7B, 0xA5, 0x5D, 0x7A, 0xA5, 0x9F, 0xAE, 0xD9, 0x6C,
    0x5E, 0x70, 0x3C, 0x65, 0x3B, 0xDF, 0x4F, 0xC5, 0xE1, 0x36, 0xBB, 0xD2, 0x1E, 0xEF, 0xC7, 0x8C,
    0x9D, 0x64, 0x83, 0xE5, 0x6D, 0x96, 0xBA, 0xC9, 0x3A, 0x7B, 0x3E, 0xA3, 0x66, 0x6F, 0xA4, 0xDA,
    0x9B, 0x5E, 0xB0, 0x2B, 0xDF, 0x6A, 0x5E, 0x29, 0xC2, 0x1A, 0x43, 0x17, 0x08, 0x2C, 0x0C, 0x1C,
    0x74, 0x31, 0xA9, 0xDA, 0x02, 0xFC, 0x66, 0x3E, 0xF4, 0x57, 0x32, 0xCC, 0x5A, 0x82, 0xF3, 0x01,
    0xAE, 0x62, 0x96, 0x1B, 0xA0, 0x08, 0x23, 0x81, 0xFE, 0x13, 0xD2, 0x08, 0xA2, 0xD0, 0x68, 0x0B,
    0xCE, 0x54, 0x94, 0x9F, 0xEF, 0x7A, 0xFC, 0xC8, 0x11, 0xE5, 0xC8, 0x44, 0x5D, 0x84, 0x21, 0x0B,
    0x6C, 0x19, 0xD8, 0x0C, 0xB8, 0x93, 0x6F, 0x3E, 0xF8, 0x6E, 0xED, 0x1D, 0x8B, 0x8F, 0x2F, 0x73,
    0xA9, 0x6E, 0x7C, 0x2F, 0xB5, 0x64, 0xE5, 0xA5, 0x57, 0xE8, 0x73, 0x8B, 0x47, 0x8E, 0x82, 0xF6,
    0x1E, 0xEC, 0xA2, 0xF6, 0xB6, 0xF8, 0x84, 0x69, 0xF3, 0x06, 0xB4, 0xBA, 0xDD, 0x2D, 0x61, 0x38,
    0xB7, 0x6E, 0xB4, 0xB3, 0x94, 0x54, 0x7B, 0x2D, 0xC4, 0xAA, 0x80, 0x00, 0x93, 0xCC, 0x65, 0xE1,
    0x53, 0x97, 0x7B, 0x58, 0xF4, 0x98, 0x43, 0xC8, 0xCA, 0x73, 0x9F, 0x98, 0xFA, 0xE4, 0xCC, 0xE7,
    0x74, 0xA8, 0x87, 0xB2, 0x9C, 0x2B, 0x13, 0x56, 0x0B, 0x32, 0x68, 0x4F, 0x4D, 0xAC, 0x37, 0x9A,
    0x8A, 0x18, 0xE6, 0x34, 0xBA, 0xD4, 0x16, 0x1F, 0x5D, 0x5A, 0xC8, 0xA9, 0x99, 0x72, 0x4F, 0xCF,
    0xF9, 0xD8, 0xAD, 0xB7, 0x9E, 0xB1, 0xA8, 0x67, 0x8F, 0x50, 0x91, 0x49, 0x96, 0x0B, 0x6F, 0x57,
    0x15, 0xD7, 0xC6, 0xA0, 0x24, 0xB1, 0x1F, 0xF4, 0xF3, 0xD6, 0xAA, 0x67, 0x6E, 0xAA, 0x36, 0xF2,
    0xCC, 0xAF, 0x2D, 0x44, 0x58, 0x7D, 0x1D, 0x9E, 0x7D, 0x3F, 0xB6, 0x8F, 0x5C, 0xB4, 0xAD, 0xB4,
    0x88, 0x6B, 0x5F, 0xE4, 0xB5, 0x2F, 0xE2, 0xB8, 0x81, 0x79, 0xA2, 0x64, 0x86, 0xEB, 0xCF, 0x78,
    0xFD, 0x94, 0xFB, 0xFD, 0xDC, 0x55, 0x7F, 0xC1, 0x99, 0xE3, 0x21, 0x64, 0x79, 0xFB, 0xAA, 0xEE,
    0x56, 0x6C, 0x5F, 0x83, 0x9A, 0x43, 0x27, 0x8A, 0xA8, 0xFD, 0x98, 0x72, 0xFD, 0x69, 0x86, 0x19,
    0xAC, 0xAE, 0xDA, 0x17, 0x3D, 0xED, 0xD0, 0xC8, 0xF2, 0xF1, 0x44, 0x1B, 0xAB, 0xD6, 0xB7, 0xD7,
    0x6B, 0x3A, 0x95, 0xE9, 0xD3, 0xEC, 0x5A, 0xEC, 0x51, 0x5A, 0x61, 0xFD, 0x38, 0x48, 0xEE, 0xB7,
    0x60, 0xDD, 0xB7, 0x06, 0x96, 0xA6, 0x23, 0xF6, 0x3E, 0xEC, 0x27, 0xF3, 0xF9, 0xCC, 0xFA, 0x79,
    0x70, 0xD9, 0x4A, 0x7B, 0xBE, 0x8B, 0xDD, 0x68, 0x97, 0xBF, 0xCE, 0x2F, 0x83, 0x7F, 0xB3, 0x60,
    0xA3, 0x44, 0xF1, 0xD3, 0x89, 0x44, 0xF9, 0xC5, 0xAC, 0x08, 0x2C, 0x8C, 0x14, 0x1B, 0x95, 0xF2,
    0x6A, 0x80, 0x6B, 0x5B, 0xFD, 0x22, 0x89, 0xB7, 0x79, 0xF8, 0xE8, 0x23, 0x2B, 0x52, 0xC8, 0xCD,
    0x69, 0xDB, 0xAE, 0xE9, 0xF1, 0x02, 0x49, 0xCA, 0xC0, 0xF7, 0x15, 0xD3, 0x47, 0xC8, 0x4E, 0xF4,
    0x15, 0x57, 0x3A, 0xD3, 0x49, 0xBC, 0xDD, 0x9F, 0x19, 0x99, 0x33, 0xA9, 0x36, 0x8A, 0xAB, 0x9C,
    0x8C, 0x97, 0xC2, 0x95, 0xD4, 0x4F, 0x5B, 0xDC, 0xFD, 0x3B, 0xA1, 0x2C, 0xB6, 0x93, 0x0F, 0x81,
    0x9F, 0xB7, 0x4F, 0xEC, 0x0D, 0x9B, 0x40, 0xCE, 0xEF, 0x68, 0xBF, 0x84, 0x38, 0xB8, 0x78, 0x68,
    0x2F, 0x40, 0xE8, 0x76, 0x0F, 0x96, 0xD1, 0xAA, 0x73, 0x4D, 0xB1, 0x23, 0xD7, 0x1F, 0x6B, 0x72,
    0x23, 0x4B, 0xDF, 0xB0, 0xF0, 0x97, 0xE4, 0x87, 0xBB, 0x36, 0x0F, 0xFF, 0x81, 0x3F, 0x04, 0x77,
    0xB1, 0x60, 0x81, 0x4D, 0xCD, 0x37, 0xD8, 0x49, 0x70, 0x46, 0x1B, 0x03, 0xCA, 0x83, 0x7E, 0x7D,
    0xB5, 0xBA, 0x88, 0xF7, 0xBC, 0xCE, 0xFC, 0x58, 0x5F, 0x89, 0xEC, 0x5A, 0x6D, 0x52, 0xF3, 0xA1,
    0x97, 0x7C, 0x7B, 0x7E, 0x83, 0x60, 0xD3, 0x3D, 0xCF, 0xD0, 0xFE, 0x09, 0x0D, 0xA0, 0xD0, 0x02,
    0x8A, 0xFA, 0x7B, 0x25, 0x59, 0xF9, 0x46, 0x46, 0x2B, 0x38, 0x28, 0x3C, 0xC7, 0xD0, 0x6D, 0x0C,
    0xF5, 0x81, 0x88, 0x83, 0x86, 0x28, 0xBB, 0x78, 0x1D, 0xCB, 0xDD, 0x2B, 0xC4, 0x61, 0xF2, 0xDC,
    0x2E, 0xCE, 0xEB, 0x5D, 0x5F, 0x39, 0xBE, 0xB1, 0x7D, 0xFF, 0x03, 0xD4, 0xF7, 0x2D, 0x10, 0x2C,
    0xF9, 0x60, 0x48, 0xE7, 0xCD, 0xDD, 0x90, 0xB2, 0x51, 0x39, 0xAD, 0xBD, 0x55, 0x67, 0xED, 0xA6,
    0x49, 0x1B, 0x5E, 0xD6, 0x76, 0x51, 0x47, 0x54, 0x08, 0xF7, 0xDF, 0xC0, 0x72, 0xBB, 0x25, 0xF2,
    0x84, 0x2E, 0x96, 0x80, 0x15, 0xAE, 0x40, 0x52, 0x85, 0x47, 0xA2, 0x1E, 0x29, 0x39, 0x6F, 0x17,
    0xBB, 0xCD, 0x7C, 0x8B, 0x58, 0xD7, 0x9B, 0x79, 0xD3, 0xA9, 0xF0, 0x57, 0x60, 0x16, 0x21, 0x0B,
    0x98, 0x4F, 0x28, 0xF8, 0x3B, 0xA7, 0xEF, 0xF3, 0xB6, 0x88, 0xD8, 0x5E, 0x12, 0x53, 0xBF, 0x2D,
    0x74, 0xEB, 0xB6, 0xA8, 0x20, 0x8A, 0x13, 0x70, 0x65, 0x49, 0x81, 0x02, 0x02, 0x12, 0xFE, 0x0F,
    0x20, 0x18, 0x2A, 0xD7, 0x2F, 0xA1, 0x0E, 0x84, 0xAF, 0x5B, 0x95, 0xB3, 0x67, 0x92, 0xF5, 0x32,
    0x84, 0x99, 0xC2, 0x1A, 0x3E, 0x4D, 0xCE, 0x1D, 0x2F, 0x79, 0xD8, 0x8A, 0x57, 0x1D, 0x6C, 0xC5,
    0x1A, 0xB5, 0xE2, 0xD8, 0xA6, 0xB4, 0xA2, 0x1C, 0x29, 0x16, 0x7B, 0x7F, 0x60, 0x4D, 0xDB, 0xCB,
    0xCC, 0x4E, 0xBD, 0xCB, 0x7C, 0xEE, 0x2C, 0x27, 0x4D, 0xFB, 0xBB, 0xB7, 0x16, 0x2A, 0x8F, 0xBA,
    0xF2, 0x56, 0x5D, 0x90, 0x9F, 0x44, 0xC0, 0x95, 0x85, 0x3F, 0x47, 0x7A, 0xA5, 0x3C, 0xC7, 0x10,
    0x62, 0x13, 0xB3, 0x96, 0x97, 0x93, 0x35, 0xB9, 0x49, 0x9A, 0xD6, 0x10, 0x0C, 0x4D, 0xA8, 0x79,
    0x19, 0x97, 0xE3, 0xC4, 0xEC, 0xA9, 0xD1, 0x76, 0x95, 0x9B, 0xF4, 0xD8, 0xC8, 0x3A, 0xED, 0x3C,
    0x27, 0x15, 0xAF, 0x1E, 0x57, 0xBC, 0x02, 0x5B, 0xA5, 0x1C, 0x3F, 0x7B, 0xF6, 0x1B, 0x19, 0xC0,
    0xC5, 0x1F, 0xF5, 0x5F, 0xE6, 0x8D, 0xC9, 0x8C, 0xC4, 0x30, 0x5D, 0x3A, 0x05, 0xF3, 0x49, 0xD9,
    0xB8, 0xC2, 0x3A, 0x79, 0x3E, 0x6E, 0x7A, 0x7D, 0xEE, 0x38, 0x8B, 0x11, 0x14, 0x90, 0x7A, 0xAC,
    0x97, 0x71, 0x39, 0x2D, 0x04, 0x8F, 0x73, 0x40, 0x21, 0xE6, 0x60, 0xE9, 0xFA, 0x9D, 0xE7, 0x26,
    0xC1, 0x3C, 0x27, 0xB4, 0x7F, 0x5D, 0xF3, 0xA7, 0x20, 0x2F, 0x24, 0x4E, 0x64, 0x62, 0xA4, 0x1E,
    0x65, 0xFF, 0xE3, 0x36, 0xF6, 0xED, 0x80, 0x3D, 0x39, 0xC7, 0xBE, 0x37, 0xC9, 0xBE, 0x13, 0x0D,
    0x2C, 0x85, 0xF6, 0x65, 0x7C, 0x06, 0x1E, 0xC1, 0x27, 0x76, 0x21, 0x1F, 0xAA, 0xBC, 0xE1, 0x14,
    0x5E, 0x76, 0x26, 0xC0, 0xFE, 0xEF, 0x56, 0xCE, 0x46, 0xED, 0x83, 0xA0, 0x34, 0x23, 0x73, 0xC3,
    0x27, 0x6F, 0x3E, 0xF9, 0xE1, 0xB0, 0xE2, 0xEF, 0x00, 0x6B, 0xEE, 0xCA, 0x85, 0xBF, 0xDF, 0x34,
    0x66, 0x8B, 0x6C, 0xCE, 0x87, 0x58, 0x38, 0x6C, 0xE6, 0x53, 0x20, 0x57, 0x23, 0x03, 0x72, 0x08,
    0x0D, 0xE3, 0x1F, 0x18, 0xA9, 0xCC, 0x94, 0xC6, 0x44, 0x04, 0x89, 0xBE, 0x9D, 0x1E, 0xBB, 0x65,
    0xD4, 0x3F, 0x6C, 0xCC, 0xF8, 0x93, 0xB0, 0x6B, 0xC3, 0xE4, 0xF6, 0xBB, 0x59, 0x69, 0x81, 0x43,
    0xB4, 0xDC, 0xC4, 0x29, 0xB1, 0x28, 0xAA, 0xC9, 0x6D, 0x96, 0x74, 0xE8, 0xAA, 0x09, 0x6C, 0xEC,
    0xDD, 0xC8, 0xDD, 0x2B, 0x4D, 0x20, 0x83, 0x5F, 0xA2, 0xBF, 0x5A, 0x7F, 0x03, 0x51, 0x2D, 0x3E,
    0x7F, 0x04, 0x5E, 0x9F, 0x29, 0x30, 0xE6, 0x91, 0x06, 0xB3, 0xA1, 0xC9, 0xEF, 0xFE, 0x55, 0x01,
    0x82, 0xE3, 0x13, 0xE5, 0x2C, 0x9C, 0x63, 0xDA, 0xFF, 0xE5, 0x99, 0x3E, 0xE1, 0x0A, 0x27, 0x77,
    0xDC, 0x36, 0x2A, 0x91, 0x4C, 0x26, 0x76, 0x08, 0x61, 0x62, 0x90, 0x37, 0x99, 0xF0, 0x33, 0xA3,
    0x53, 0xF2, 0xAE, 0x38, 0x99, 0xD8, 0xED, 0x25, 0xEB, 0xF8, 0x3D, 0x09, 0x2B, 0xB0, 0xB7, 0xD3,
    0x5D, 0xFA, 0x5C, 0xFA, 0xDF, 0xD1, 0x24, 0xBF, 0xB4, 0x8C, 0xB4, 0xDC, 0x14, 0x96, 0xC4, 0x1E,
    0x32, 0x48, 0x61, 0xD6, 0x2E, 0xCA, 0x7A, 0xB0, 0x25, 0x4F, 0xD4, 0x8D, 0x79, 0x49, 0x7D, 0xD3,
    0x36, 0x10, 0xDF, 0xC1, 0xDD, 0xF7, 0x89, 0x86, 0x58, 0xDF, 0x82, 0xF6, 0x43, 0xDE, 0x8D, 0xDA,
    0x2F, 0x6D, 0x53, 0xC6, 0x9D, 0x99, 0x84, 0x93, 0x79, 0xFB, 0xA6, 0x37, 0x1A, 0xCB, 0x47, 0x5A,
    0x2F, 0xCE, 0x65, 0xDB, 0xE9, 0x8E, 0x27, 0x2E, 0x9E, 0xC3, 0x49, 0xC9, 0x16, 0xBB, 0x3D, 0x1D,
    0x82, 0xFA, 0xCC, 0x41, 0xED, 0x0E, 0x85, 0xBC, 0x96, 0xBF, 0x0F, 0xFF, 0xD2, 0x47, 0xF9, 0x54,
    0x87, 0xC4, 0xBC, 0x28, 0x64, 0x0A, 0x11, 0x57, 0x44, 0x83, 0x38, 0x14, 0x22, 0x3C, 0x80, 0x0D,
    0xEA, 0x49, 0x76, 0xE7, 0x24, 0xBB, 0xCB, 0x2B, 0x1E, 0x62, 0x27, 0xF7, 0xB3, 0xD1, 0xB9, 0xA9,
    0x43, 0xEC, 0xE8, 0x1E, 0x36, 0x3A, 0x3D, 0x7C, 0x88, 0x1D, 0x1A, 0x65, 0x77, 0x86, 0x80, 0xCB,
    0x30, 0x0D, 0xD8, 0x1E, 0xC6, 0xAC, 0xC0, 0x18, 0x02, 0x5C, 0x2C, 0x31, 0xCD, 0xA7, 0x54, 0x5C,
    0x61, 0xFE, 0x01, 0x9A, 0xF9, 0xC1, 0xF5, 0x1F, 0xE3, 0x14, 0x8A, 0xE5, 0x43, 0x8F, 0x4D, 0xC3,
    0xF5, 0xA3, 0x33, 0x47, 0x8E, 0xBC, 0x3D, 0x95, 0xC2, 0x07, 0xD4, 0x4D, 0x10, 0xE6, 0x29, 0xB1,
    0xE5, 0xCD, 0x70, 0x98, 0xB3, 0x1C, 0xE4, 0xEA, 0xEE, 0x6D, 0x50, 0xD6, 0x77, 0x83, 0x20, 0x0C,
    0xC3, 0x9A, 0x3F, 0xEC, 0x0C, 0xB8, 0x56, 0x58, 0x9C, 0x9A, 0x2C, 0xE2, 0xBB, 0x38, 0x65, 0x85,
    0x03, 0x38, 0xC3, 0x05, 0x77, 0xB5, 0xD8, 0x98, 0x52, 0xAF, 0xF8, 0xB7, 0x43, 0x14, 0x25, 0xDB,
    0xFB, 0x07, 0x81, 0x19, 0x54, 0xFC, 0x39, 0x86, 0xEF, 0xC1, 0x35, 0xE1, 0x7C, 0x36, 0x68, 0xD4,
    0x80, 0x63, 0xFA, 0xC5, 0xB0, 0x18, 0x42, 0xDE, 0xE1, 0x90, 0x5F, 0xE1, 0x73, 0x3C, 0x36, 0xCE,
    0x79, 0x76, 0x70, 0x1F, 0xD6, 0xD3, 0xBE, 0xD4, 0xD0, 0xB9, 0xC1, 0xE6, 0x0A, 0xDF, 0x43, 0x80,
    0x16, 0xB4, 0x91, 0xBA, 0x1B, 0xC9, 0xDD, 0x48, 0xC1, 0x29, 0xC2, 0xA1, 0x3B, 0xA5, 0x09, 0x66,
    0xF0, 0x85, 0x2B, 0xD9, 0xC9, 0x4C, 0x00, 0x17, 0xA1, 0xC6, 0x60, 0xB8, 0x67, 0x40, 0xCC, 0x21,
    0xD8, 0xB2, 0x04, 0xB8, 0x9A, 0xB2, 0xF0, 0x72, 0x25, 0x0D, 0xAA, 0x1A, 0xCE, 0x90, 0x99, 0x23,
    0x78, 0x53, 0xF8, 0xB0, 0xAA, 0x84, 0x4D, 0x7A, 0x7C, 0xEC, 0xA3, 0xD5, 0x13, 0x0F, 0x58, 0x0D,
    0x4A, 0xC0, 0xE6, 0xD2, 0xC2, 0xD9, 0xC1, 0x24, 0x0C, 0xE4, 0x09, 0x8A, 0xE6, 0xF5, 0xE0, 0xE0,
    0xF9, 0xEA, 0xD8, 0xD8, 0x79, 0x23, 0xD0, 0x84, 0x34, 0xDF, 0x43, 0xB1, 0x9A, 0x39, 0xCD, 0x8A,
    0x16, 0x3B, 0x38, 0x8D, 0xFB, 0x88, 0x48, 0xB9, 0xBF, 0xE5, 0x60, 0x18, 0x2B, 0x9C, 0x61, 0x3A,
    0x36, 0x29, 0x97, 0x98, 0xD4, 0x78, 0xD0, 0x4D, 0x15, 0x36, 0xBA, 0x82, 0x80, 0x9B, 0xC4, 0x07,
    0x29, 0xEC, 0xFA, 0xB8, 0x38, 0xF1, 0xA8, 0xE8, 0xC0, 0xF6, 0xBF, 0xE5, 0x03, 0xD3, 0xAF, 0x79,
    0x93, 0xCC, 0xD9, 0x28, 0x1F, 0x93, 0x0F, 0x02, 0x6C, 0x2D, 0x0F, 0xB0, 0xD5, 0x07, 0xDD, 0x5E,
    0x82, 0xE5, 0xBF, 0xAD, 0xC5, 0xAE, 0x05, 0xB9, 0x59, 0x20, 0x4E, 0x35, 0x1F, 0x09, 0x06, 0x8D,
    0x97, 0x97, 0x42, 0x28, 0x15, 0xCE, 0x96, 0xD3, 0xB1, 0x5E, 0xC1, 0x0A, 0x75, 0xCA, 0x9C, 0xC4,
    0xC3, 0x1C, 0x14, 0xDC, 0x19, 0x72, 0xF3, 0x10, 0x2F, 0x8E, 0x76, 0xEB, 0x03, 0x96, 0x49, 0x05,
    0x56, 0xA9, 0xE0, 0x03, 0x15, 0xF2, 0x68, 0x0B, 0x13, 0xA8, 0xB0, 0x0E, 0x3B, 0x5B, 0x15, 0xFC,
    0x69, 0x1A, 0x1B, 0x1A, 0x78, 0xB0, 0xA3, 0x01, 0xBB, 0x38, 0x0D, 0x18, 0x2A, 0x86, 0x16, 0x54,
    0x6A, 0x97, 0x71, 0x8F, 0x43, 0x57, 0x7F, 0xB3, 0xC9, 0x8D, 0x72, 0xC1, 0xD3, 0x49, 0x85, 0xF6,
    0xD7, 0xC0, 0x22, 0x97, 0x82, 0xD6, 0x64, 0x42, 0x6C, 0x11, 0x9C, 0x75, 0x70, 0x94, 0x8F, 0x61,
    0xD5, 0x8C, 0x1A, 0xEF, 0x82, 0x60, 0xF6, 0x31, 0x76, 0x41, 0x4D, 0x44, 0x1B, 0x89, 0xF8, 0x73,
    0xF8, 0x1F, 0x19, 0x2C, 0x6C, 0xB8, 0x2D, 0xE4, 0xBC, 0xC2, 0x83, 0x6D, 0xD9, 0x14, 0x6C, 0xCB,
    0x85, 0x62, 0x78, 0xB0, 0x2D, 0x88, 0x34, 0x4D, 0xC1, 0xB6, 0x48, 0xB9, 0x84, 0xD4, 0xB0, 0x8C,
    0x39, 0x36, 0x10, 0xE9, 0x31, 0xD8, 0x96, 0x2A, 0x83, 0x6D, 0xD9, 0x14, 0x6C, 0xEB, 0x6B, 0x9E,
    0x08, 0xB6, 0x65, 0xBC, 0xEA, 0x08, 0xB3, 0xA3, 0xF7, 0x65, 0xB0, 0xAD, 0xF7, 0x7B, 0x20, 0xFF,
    0x6B, 0x71, 0xE1, 0x79, 0x3F, 0x47, 0xB8, 0x8F, 0x92, 0xF6, 0xA2, 0x09, 0x85, 0x37, 0x18, 0xA7,
    0x5D, 0xAB, 0xEC, 0x0A, 0xB0, 0x69, 0x81, 0xCE, 0x49, 0x40, 0xBC, 0x90, 0x24, 0xFB, 0xD7, 0x6B,
    0xCC, 0x7F, 0x8D, 0x31, 0xB8, 0xD8, 0x5E, 0xD8, 0x2B, 0x73, 0xEF, 0x48, 0xE6, 0x04, 0xAF, 0xDA,
    0x5B, 0xF6, 0x5E, 0x7B, 0x8C, 0xDA, 0xED, 0xB7, 0xC0, 0x39, 0x0C, 0x7B, 0xB2, 0x6E, 0x67, 0x25,
    0x71, 0xDA, 0x78, 0xAE, 0x21, 0x46, 0xAD, 0x29, 0xBB, 0x8F, 0x71, 0xD1, 0x1D, 0x09, 0xEF, 0x18,
    0x89, 0xEF, 0x90, 0x8F, 0x9E, 0xCC, 0x5A, 0x1E, 0xB4, 0xA9, 0x2E, 0x6E, 0xA4, 0x2A, 0xC1, 0xE9,
    0x9E, 0xE0, 0x23, 0xE6, 0x03, 0x0F, 0x50, 0x6B, 0x59, 0x7F, 0xF5, 0x2A, 0x41, 0x63, 0x1A, 0x0F,
    0xE4, 0x9F, 0xEF, 0xA9, 0xED, 0x97, 0xD8, 0xB5, 0xEF, 0xA1, 0xD5, 0x2B, 0x41, 0x9D, 0x44, 0xD0,
    0x17, 0x75, 0x59, 0xD0, 0x9D, 0xF9, 0xEE, 0x0F, 0xBA, 0x73, 0x1D, 0xEA, 0xD9, 0x95, 0xC1, 0xC1,
    0x3A, 0xBD, 0xDA, 0x83, 0x2C, 0xC9, 0xB2, 0xB2, 0xDB, 0xEA, 0x76, 0x03, 0xBC, 0xED, 0xC1, 0xB2,
    0x0E, 0x0A, 0xDE, 0x6C, 0x54, 0xB0, 0x3E, 0x73, 0x42, 0x30, 0x12, 0x14, 0x3B, 0x52, 0x51, 0xC5,
    0x17, 0x82, 0x8E, 0x50, 0x08, 0x0D, 0xE6, 0xC5, 0xFF, 0x4A, 0x62, 0x32, 0xB4, 0x56, 0x08, 0x52,
    0xB6, 0x89, 0xF5, 0x7F, 0x1F, 0xC6, 0x9C, 0x51, 0x08, 0x30, 0xA4, 0xE5, 0x25, 0xD2, 0x26, 0x97,
    0x85, 0x66, 0x99, 0x6B, 0x99, 0x79, 0xAC, 0x21, 0x1E, 0xCB, 0x05, 0x35, 0xD1, 0xBD, 0x13, 0xCB,
    0x65, 0x85, 0x18, 0x25, 0x7B, 0x33, 0x9F, 0x37, 0x32, 0x3E, 0x8B, 0x29, 0x9A, 0xE5, 0xCB, 0x59,
    0x35, 0xE1, 0x7C, 0x4E, 0x58, 0xB0, 0x96, 0x98, 0x12, 0x06, 0x6E, 0xD8, 0x8B, 0xCC, 0x25, 0x62,
    0x0D, 0x0E, 0x10, 0x60, 0x39, 0x40, 0x76, 0x40, 0x7B, 0x13, 0x23, 0x2A, 0xDF, 0x96, 0xB6, 0x91,
    0x44, 0x5A, 0xED, 0x67, 0x1D, 0x96, 0x27, 0x2F, 0x2C, 0xB7, 0xCB, 0xF8, 0x60, 0x3F, 0xB2, 0x5E,
    0xF6, 0xAF, 0x1D, 0xC5, 0x00, 0x35, 0x0B, 0xB6, 0x4C, 0x76, 0xF4, 0xF5, 0xF2, 0x46, 0x4A, 0x8A,
    0x23, 0x25, 0x46, 0x04, 0xBD, 0xEA, 0x6E, 0x89, 0xAD, 0xA1, 0x7A, 0xC5, 0x8D, 0xF3, 0xDD, 0x2C,
    0xD9, 0x7B, 0xA5, 0x1E, 0x2B, 0x59, 0x9C, 0xF7, 0xF5, 0xCB, 0xFA, 0x39, 0xB9, 0x7A, 0x1E, 0x30,
    0xF2, 0xFF, 0x97, 0xB1, 0x2D, 0x1B, 0xF9, 0xCF, 0x5B, 0xC5, 0xC9, 0x70, 0x34, 0xEB, 0xB2, 0x89,
    0xDD, 0x77, 0x4C, 0x48, 0xF4, 0x44, 0x7D, 0xF7, 0x35, 0x78, 0x3D, 0x1B, 0xFB, 0x78, 0x3D, 0x9B,
    0xA2, 0x9E, 0xFB, 0x3F, 0xD8, 0xAA, 0xAC, 0x07, 0xDC, 0x2A, 0xD6, 0x80, 0xE4, 0xB4, 0x23, 0x40,
    0x24, 0x4D, 0x31, 0xF3, 0x64, 0xF4, 0x46, 0xED, 0x18, 0xF4, 0x5E, 0xCB, 0x02, 0x79, 0x70, 0x09,
    0xEA, 0x50, 0x52, 0xC3, 0x9E, 0xDD, 0x9D, 0x68, 0x75, 0x43, 0x71, 0x94, 0xC8, 0x0B, 0x04, 0x56,
    0x5C, 0x26, 0x37, 0x5B, 0x90, 0xE9, 0x65, 0xFA, 0xB5, 0x15, 0x24, 0x92, 0x2B, 0xFD, 0x12, 0xFD,
    0x2B, 0x76, 0x3A, 0x8B, 0x64, 0xBB, 0xA6, 0xD6, 0x0A, 0x31, 0xFE, 0x7A, 0xCE, 0x4C, 0x89, 0xAA,
    0x77, 0x75, 0x55, 0x38, 0xBB, 0xAF, 0xEF, 0xD6, 0xE9, 0xA4, 0xC0, 0x47, 0x35, 0x4F, 0x37, 0xDF,
    0x49, 0xA1, 0x9F, 0x98, 0x1C, 0x18, 0x54, 0xDB, 0xAF, 0xCF, 0x3E, 0xCF, 0x70, 0xB7, 0x84, 0x56,
    0xF9, 0x68, 0x98, 0x1F, 0x8D, 0xB3, 0x4A, 0xA8, 0x00, 0x3F, 0x34, 0xBB, 0x31, 0x11, 0xD4, 0xFA,
    0x3A, 0xA8, 0x64, 0x52, 0x65, 0xC3, 0x01, 0xF6, 0x7E, 0x88, 0xB4, 0xB6, 0x9E, 0xF5, 0xCD, 0xC6,
    0x49, 0x04, 0xF6, 0x13, 0x64, 0x23, 0x04, 0xD5, 0xC8, 0x20, 0xD6, 0xF5, 0x60, 0x03, 0xE1, 0xB2,
    0x3E, 0x87, 0x69, 0x71, 0x3B, 0xA6, 0xC8, 0x80, 0x2F, 0xB0, 0x73, 0xC1, 0xE6, 0x44, 0xA1, 0xDD,
    0x43, 0x70, 0xEE, 0x21, 0x38, 0x87, 0x49, 0xD3, 0x68, 0x54, 0x11, 0xCE, 0x3D, 0x23, 0x08, 0x1B,
    0xFE, 0xB7, 0xCA, 0xFA, 0x1D, 0x6A, 0xCB, 0x41, 0x84, 0xB3, 0x78, 0x1E, 0xE1, 0x44, 0xF3, 0x9D,
    0x75, 0x59, 0xC6, 0xE7, 0x54, 0x04, 0x7E, 0x87, 0xBB, 0x37, 0xDC, 0x65, 0x9B, 0x4E, 0xB0, 0x48,
    0x1A, 0xFF, 0x0C, 0xFC, 0x44, 0x7E, 0xA7, 0x27, 0x71, 0xAB, 0x94, 0x07, 0xD3, 0xD5, 0xB8, 0x2F,
    0xB0, 0xB0, 0xF0, 0x7A, 0x28, 0xB0, 0x50, 0x3D, 0xE5, 0xF6, 0xFC, 0x2A, 0x7B, 0x90, 0x8C, 0xD0,
    0xE0, 0xF8, 0x4E, 0x80, 0x1D, 0x71, 0x7E, 0x54, 0x79, 0x73, 0x1E, 0xF5, 0x48, 0x47, 0x98, 0x02,
    0x61, 0x0A, 0xDE, 0x8A, 0xD8, 0xEC, 0xE9, 0xF7, 0x46, 0x1B, 0xA8, 0x47, 0xC2, 0x24, 0x79, 0x6B,
    0x56, 0xAA, 0x67, 0xC8, 0x09, 0x08, 0xC4, 0x4A, 0xAC, 0xB0, 0x84, 0xBB, 0x91, 0x90, 0x07, 0xD0,
    0x0A, 0x0E, 0x40, 0xDD, 0x24, 0xC9, 0x3B, 0x7A, 0x1B, 0x3B, 0x39, 0xC7, 0x66, 0x02, 0x6C, 0xEC,
    0x51, 0xE2, 0xDA, 0x47, 0x4B, 0x78, 0x20, 0xD9, 0x5B, 0x7E, 0x58, 0x2B, 0x1F, 0xCB, 0xB7, 0xE4,
    0x81, 0xCC, 0xFF, 0x19, 0xFB, 0xD3, 0xE7, 0xD8, 0x17, 0x9E, 0xC3, 0xAD, 0x99, 0xEE, 0xDC, 0xD8,
    0xCC, 0x8F, 0x1E, 0x25, 0x19, 0xF0, 0x1C, 0x5A, 0xB1, 0xCE, 0x04, 0x68, 0xC5, 0x5A, 0x71, 0xD1,
    0x8A, 0xF5, 0x30, 0x59, 0xB1, 0x1E, 0x26, 0x1A, 0x7C, 0x98, 0xB0, 0xEA, 0xF0, 0x0D, 0xB1, 0x62,
    0x1D, 0xFF, 0x23, 0x4C, 0xBF, 0xF3, 0xBF, 0x11, 0x9E, 0x2F, 0xFC, 0x94, 0xE0, 0x69, 0x20, 0x3C,
    0x77, 0x6E, 0x06, 0x3C, 0xDD, 0x65, 0xD9, 0xBB, 0x8D, 0xAC, 0xF5, 0xEC, 0x28, 0x15, 0xDE, 0x17,
    0x4F, 0xA7, 0xD1, 0x07, 0xB9, 0x15, 0xC4, 0x2D, 0x49, 0xBA, 0x0B, 0xEC, 0x3F, 0x47, 0x60, 0x18,
    0x21, 0x61, 0x45, 0x42, 0xB9, 0x57, 0x7C, 0x7F, 0x4B, 0xF2, 0xD4, 0xC6, 0xDB, 0x73, 0xEF, 0xF8,
    0x17, 0x50, 0xE6, 0x93, 0x0E, 0xDB, 0xFB, 0x5B, 0x87, 0x36, 0x1D, 0x1A, 0x76, 0xAE, 0x6F, 0x99,
    0xBB, 0xC4, 0xFE, 0x66, 0x7B, 0x84, 0xDD, 0xA5, 0x29, 0xF6, 0xA9, 0x30, 0xC4, 0x9A, 0x4F, 0x5A,
    0x38, 0x2F, 0xBB, 0x76, 0x89, 0xB5, 0xF3, 0xAE, 0xBF, 0xC7, 0x27, 0xA6, 0x3D, 0xFF, 0x9E, 0x17,
    0xBB, 0xF7, 0x49, 0x57, 0x88, 0x6C, 0xF8, 0xF7, 0xDB, 0x9D, 0xEE, 0x84, 0x7F, 0xE3, 0x98, 0x94,
    0x5B, 0x0F, 0x23, 0x5D, 0xB2, 0xE7, 0x70, 0xE4, 0x7C, 0x21, 0x44, 0x3A, 0x7C, 0x38, 0x40, 0xF2,
    0x3B, 0x4A, 0x44, 0x78, 0x24, 0x49, 0x17, 0xD8, 0x9E, 0x6B, 0x73, 0x8B, 0xCB, 0xBD, 0x0E, 0x9C,
    0x4C, 0x90, 0x30, 0x11, 0xAC, 0x3F, 0x99, 0xF0, 0x01, 0xDF, 0xF6, 0xDA, 0x23, 0x84, 0xA4, 0xD2,
    0x97, 0xFC, 0xDD, 0xD6, 0x15, 0xAC, 0xAF, 0xCE, 0x86, 0x5F, 0x95, 0x7C, 0x94, 0xF2, 0x92, 0x6C,
    0x2B, 0xED, 0x87, 0xB2, 0x25, 0x61, 0x33, 0xBC, 0x65, 0x7C, 0xF9, 0xFB, 0x44, 0x1D, 0xD1, 0x8B,
    0xB1, 0x9C, 0x86, 0xC0, 0x3F, 0xC9, 0x81, 0xC9, 0xE4, 0xF7, 0xD6, 0xB0, 0x9D, 0xE0, 0x8A, 0x7B,
    0x09, 0xF2, 0x83, 0xCA, 0x1F, 0xD2, 0xE3, 0x1A, 0x34, 0x3E, 0xBE, 0xA7, 0xE1, 0x5D, 0xCE, 0xBD,
    0xC7, 0xE0, 0x5D, 0x6A, 0x7B, 0xDB, 0x82, 0x4F, 0x4C, 0x78, 0xC6, 0x69, 0x62, 0xC3, 0xC4, 0x31,
    0x84, 0xFE, 0x13, 0x95, 0x0B, 0x78, 0x3F, 0x46, 0x47, 0x69, 0x85, 0xC3, 0x66, 0xAB, 0x6E, 0x69,
    0x68, 0x39, 0xB0, 0x17, 0x69, 0xE5, 0xB2, 0x73, 0x6C, 0x0D, 0x5B, 0x1A, 0x82, 0x51, 0xA1, 0x2E,
    0x8F, 0x02, 0x3F, 0xFC, 0x0E, 0x87, 0xC6, 0x8F, 0x60, 0x85, 0xE3, 0x2A, 0x1A, 0x64, 0xC2, 0x0C,
    0x75, 0x8C, 0xAD, 0x5A, 0xC1, 0xCC, 0xB1, 0x5A, 0x05, 0x75, 0xD8, 0xFE, 0xD5, 0xB1, 0x2F, 0x70,
    0xF2, 0x63, 0x81, 0xCB, 0x26, 0x6C, 0x11, 0xEC, 0x98, 0x38, 0x4F, 0xA2, 0xB1, 0x31, 0xBE, 0x9D,
    0xEC, 0xDB, 0xC0, 0xB7, 0xDB, 0xF6, 0xF6, 0xA6, 0x59, 0x7B, 0xC7, 0x54, 0x82, 0x4A, 0x04, 0x6F,
    0xD8, 0x1A, 0xB1, 0x53, 0xC7, 0x28, 0xD2, 0x54, 0x19, 0xDF, 0x11, 0xBE, 0xED, 0x28, 0x86, 0x37,
    0xD8, 0xDA, 0xE2, 0xBB, 0xDE, 0xF6, 0x6E, 0x2C, 0xCF, 0x7F, 0xF5, 0x8E, 0xAF, 0xC1, 0xA6, 0xA6,
    0x15, 0x14, 0x0D, 0x4C, 0x13, 0xB7, 0x3F, 0x5D, 0xAD, 0x56, 0xA7, 0xA7, 0xCB, 0xFC, 0x35, 0x36,
    0x56, 0x12, 0x2F, 0x1B, 0x5B, 0xAC, 0xC9, 0xCD, 0xB8, 0xAE, 0x01, 0xBB, 0xB8, 0x42, 0xB6, 0x29,
    0xED, 0xC0, 0x98, 0xB4, 0x09, 0xDB, 0x18, 0x94, 0x5B, 0x6F, 0xE6, 0xD7, 0xD2, 0xDD, 0x58, 0x6F,
    0x44, 0x26, 0xE0, 0x28, 0x3B, 0xE5, 0x3B, 0xB0, 0x80, 0xEB, 0x81, 0xC9, 0x05, 0x36, 0x57, 0x66,
    0x5F, 0x6C, 0xA2, 0x9C, 0x5C, 0x29, 0xAF, 0x0A, 0xF4, 0x74, 0x46, 0x57, 0x2D, 0xF5, 0xD5, 0xD3,
    0xA9, 0x98, 0x76, 0x00, 0xDD, 0x19, 0x9B, 0x43, 0x6C, 0x12, 0xDC, 0x96, 0xE6, 0xA0, 0x1D, 0xBE,
    0xD8, 0xE4, 0xC2, 0x77, 0x25, 0x2B, 0x2A, 0x5E, 0xE9, 0xB4, 0xD9, 0x1A, 0xF3, 0x67, 0x08, 0x31,
    0x82, 0xBC, 0x8E, 0xFC, 0x41, 0x36, 0x0C, 0xCD, 0xC2, 0xA0, 0x5D, 0xB0, 0x61, 0x56, 0x69, 0x66,
    0xA0, 0xF0, 0x95, 0x33, 0xC8, 0x26, 0xC0, 0x61, 0x7F, 0x0C, 0xFE, 0x84, 0xEC, 0xF2, 0x8A, 0x7D,
    0xB8, 0x0C, 0x6D, 0xAD, 0xE6, 0x62, 0x33, 0x2C, 0x87, 0xE5, 0xA9, 0xB2, 0xDD, 0x8C, 0x17, 0xC7,
    0xDB, 0x31, 0xCA, 0xE2, 0x46, 0xD3, 0xDA, 0xCF, 0x85, 0x69, 0xBE, 0xCB, 0x5D, 0xA7, 0x35, 0x7F,
    0x84, 0x9D, 0x68, 0xC5, 0xB3, 0x68, 0x95, 0x8A, 0x21, 0x18, 0x75, 0xDC, 0x4C, 0x53, 0xCE, 0x6B,
    0xC8, 0xE0, 0xC3, 0x1A, 0x16, 0xB5, 0xFB, 0x05, 0xEF, 0x3C, 0x88, 0x52, 0xC1, 0x59, 0xC2, 0x29,
    0xB2, 0x89, 0x8B, 0x8B, 0xC9, 0xF3, 0x6C, 0xA7, 0xD8, 0xF7, 0xB7, 0x40, 0x91, 0x33, 0x89, 0xA9,
    0x33, 0x04, 0x0B, 0x73, 0xFC, 0xEC, 0x69, 0x90, 0x04, 0xC6, 0x19, 0x13, 0x85, 0x03, 0x26, 0xAB,
    0x58, 0x4E, 0xC9, 0x74, 0xFA, 0x12, 0xF1, 0x1C, 0x1C, 0xC0, 0xDF, 0x15, 0xDC, 0xDD, 0x35, 0x6C,
    0x5F, 0x3B, 0xC8, 0xEA, 0x08, 0x1D, 0x1B, 0x7C, 0x39, 0x0C, 0xB7, 0x2F, 0x4B, 0x3E, 0xDA, 0xEF,
    0x59, 0xC6, 0x5C, 0x92, 0x0B, 0x6D, 0x2F, 0x53, 0xCE, 0xCF, 0xBA, 0x49, 0x5C, 0x09, 0x9D, 0x2C,
    0xBA, 0x15, 0xD6, 0x25, 0x91, 0x38, 0x36, 0x60, 0xE5, 0xAF, 0x7B, 0xDC, 0x52, 0xA6, 0xCC, 0x0E,
    0x84, 0xC8, 0x70, 0xCE, 0x63, 0xE0, 0xB7, 0x22, 0x24, 0xE0, 0x14, 0xB5, 0xBE, 0xCD, 0xCE, 0xD2,
    0x78, 0xE5, 0x99, 0x4F, 0xF2, 0xE2, 0xAF, 0xF5, 0x72, 0xC3, 0xE2, 0x95, 0xB7, 0x33, 0x2E, 0x7E,
    0x36, 0x18, 0x75, 0x2E, 0x16, 0x75, 0x6F, 0x57, 0x4C, 0xBC, 0x8A, 0x07, 0xB3, 0xC1, 0x88, 0x65,
    0xEC, 0x62, 0x27, 0x0B, 0x9A, 0xA8, 0xBB, 0xEA, 0xBF, 0xAF, 0x55, 0x91, 0x6B, 0x8B, 0xF0, 0xF6,
    0xC7, 0x04, 0x3A, 0x0A, 0x9A, 0x96, 0x1C, 0x1B, 0x3D, 0xC4, 0x3C, 0x4E, 0x4F, 0xC7, 0x64, 0x10,
    0x2C, 0x8E, 0x32, 0x17, 0x72, 0x59, 0xDA, 0x79, 0x45, 0xD7, 0xC2, 0x44, 0xCE, 0xAC, 0x29, 0x52,
    0x73, 0x41, 0x89, 0x44, 0x1D, 0x59, 0x12, 0xE6, 0xD8, 0xC8, 0x3E, 0x3D, 0xC5, 0x72, 0x4F, 0x17,
    0x93, 0x3D, 0x90, 0xE5, 0xA2, 0xC5, 0xBC, 0x22, 0x9C, 0x10, 0x32, 0xAF, 0x86, 0x68, 0x26, 0xF1,
    0x6A, 0x22, 0xC6, 0x64, 0x5E, 0x89, 0x46, 0x35, 0x1F, 0xE8, 0xB9, 0x12, 0xE7, 0x9A, 0xAD, 0xF5,
    0x70, 0x56, 0x43, 0x69, 0x04, 0x59, 0x17, 0x14, 0x00, 0x59, 0xF3, 0x72, 0x5E, 0xCC, 0x05, 0x37,
    0xFB, 0x6C, 0xBA, 0xC3, 0x26, 0xB7, 0x48, 0xCF, 0x98, 0x30, 0x0C, 0x35, 0x13, 0x34, 0xCB, 0x01,
    0xD9, 0x6A, 0xAF, 0xC2, 0xCE, 0x2C, 0xC8, 0x5C, 0x00, 0xAD, 0x7C, 0x8C, 0xD2, 0xAF, 0xE2, 0xD6,
    0xEC, 0x90, 0x2A, 0x94, 0xD2, 0x37, 0x07, 0x95, 0x7B, 0xEB, 0xCA, 0x8F, 0x0E, 0x29, 0x5E, 0xC1,
    0xFD, 0xD1, 0x21, 0xE6, 0x0D, 0xB9, 0x3F, 0xB2, 0xDC, 0xA5, 0xE8, 0xD2, 0xA3, 0xF3, 0xCA, 0x9F,
    0xB1, 0x9D, 0x0A, 0x2B, 0x10, 0xBD, 0x1E, 0xCD, 0xD8, 0xA1, 0xA9, 0x8C, 0x3B, 0x3C, 0xA2, 0xAB,
    0xE8, 0x4D, 0xCC, 0xA3, 0x6B, 0xBF, 0xB8, 0xFE, 0x43, 0xE6, 0x29, 0xE4, 0x42, 0x3A, 0xE8, 0x0D,
    0x3F, 0xE3, 0x00, 0xA6, 0x1E, 0xF2, 0x6E, 0xFB, 0x8B, 0xBB, 0xFF, 0x97, 0x76, 0xF3, 0x3E, 0xAF,
    0xFF, 0xDF, 0xDC, 0xFB, 0xC8, 0xC0, 0x87, 0xF6, 0x79, 0xA5, 0x17, 0x2E, 0x5E, 0xBA, 0xFC, 0xAD,
    0x39, 0xEF, 0x34, 0x7B, 0x70, 0xFF, 0xF8, 0xC7, 0x1D, 0x47, 0xAE, 0xC0, 0xE5, 0xF5, 0x68, 0xDB,
    0x55, 0xBE, 0xFA, 0x71, 0x1A, 0x1B, 0xEC, 0xBF, 0xE7, 0x9F, 0x32, 0xD8, 0xC5, 0x5E, 0xFD, 0x8F,
    0x90, 0xB5, 0x72, 0x0A, 0x53, 0xFD, 0xD4, 0x9F, 0x43, 0xFA, 0xD1, 0x53, 0x5F, 0x65, 0xE1, 0xA1,
    0xAF, 0xFF, 0xF0, 0xAB, 0xDA, 0x67, 0x0E, 0x7D, 0xE9, 0x87, 0x5F, 0x1D, 0xF8, 0xD0, 0xA1, 0x5B,
    0xFF, 0xF6, 0x91, 0x87, 0xFF, 0xFA, 0x10, 0xBB, 0x43, 0x39, 0x73, 0xFA, 0xB6, 0x74, 0x3A, 0x2A,
    0xE4, 0x1D, 0x5D, 0xD5, 0x93, 0x89, 0xC7, 0x2B, 0xDE, 0x4C, 0x72, 0x8F, 0x4B, 0xC6, 0xFE, 0x1F,
    0x88, 0x17, 0x8F, 0x32, 0x4D, 0xBD, 0xE7, 0x8F, 0x3E, 0xB4, 0xEB, 0xE8, 0xA1, 0x41, 0x4D, 0xD3,
    0xF6, 0x7C, 0x68, 0xDF, 0xC9, 0x43, 0x47, 0xB5, 0x4B, 0x97, 0x5A, 0x8B, 0x8B, 0x4B, 0xC1, 0xAC,
    0xF6, 0xE0, 0x27, 0xEF, 0xFF, 0xF8, 0xC7, 0xFA, 0x9D, 0x93, 0x37, 0xF7, 0xDD, 0x43, 0x0D, 0x79,
    0xF0, 0xFC, 0xCD, 0x5E, 0x33, 0x31, 0x75, 0x4A, 0xB0, 0xD9, 0xAF, 0xC5, 0xFE, 0x17, 0x1F, 0x44,
    0xE4, 0x1B, 0x14, 0x81, 0x22, 0xFF, 0x78, 0x6E, 0xA8, 0x31, 0x1F, 0xCF, 0xFE, 0x20, 0x40, 0x21,
    0x07, 0x0C, 0x84, 0x81, 0xD3, 0xEC, 0x23, 0xFF, 0xE9, 0x7F, 0x9A, 0xCD, 0x4F, 0x95, 0x2A, 0xAD,
    0x3E, 0x35, 0xC2, 0x8F, 0x7F, 0x09, 0xF4, 0xE2, 0x56, 0xFE, 0xB1, 0x8B, 0xAC, 0x83, 0x67, 0xF7,
    0x8B, 0x51, 0x27, 0x38, 0xCE, 0x29, 0xA1, 0xF7, 0x28, 0x06, 0x9D, 0xBD, 0x04, 0xDA, 0x1D, 0xED,
    0x6D, 0x81, 0xE7, 0x4B, 0x22, 0xFB, 0x20, 0x19, 0xC5, 0xFC, 0x75, 0x5E, 0xF4, 0x78, 0x45, 0x7C,
    0x81, 0x13, 0xB9, 0xC3, 0x11, 0xA3, 0x57, 0xBC, 0x08, 0x6E, 0x88, 0x35, 0xB1, 0xEA, 0x00, 0x5D,
    0xE5, 0xBB, 0x6E, 0x62, 0xA2, 0x3A, 0xD7, 0xB2, 0xED, 0xEA, 0x9A, 0x26, 0xEC, 0xEE, 0xD9, 0x39,
    0xE5, 0xFD, 0xB0, 0x29, 0xC4, 0x7B, 0xD9, 0x2C, 0xA4, 0x27, 0x42, 0xF9, 0xE7, 0x97, 0x0F, 0x9D,
    0xC2, 0x9A, 0xAE, 0xD9, 0xF6, 0x62, 0x25, 0xAB, 0x8B, 0x77, 0xB1, 0xC6, 0xB8, 0xBE, 0x01, 0x22,
    0x03, 0x1E, 0xB1, 0x9F, 0x88, 0x36, 0x08, 0xFD, 0x2C, 0x20, 0x18, 0x28, 0x65, 0xB7, 0xDA, 0xDC,
    0x1D, 0x6E, 0xA4, 0x35, 0x56, 0x86, 0xDB, 0xD4, 0x7E, 0x85, 0x5A, 0x2A, 0x58, 0x6D, 0x82, 0x08,
    0x1C, 0xCA, 0x03, 0x2D, 0x15, 0x6C, 0x12, 0x0D, 0x5A, 0x2A, 0xF0, 0xC0, 0xAE, 0x90, 0x3F, 0x30,
    0x2A, 0x4F, 0x9C, 0x1B, 0x1E, 0x7F, 0x86, 0xEF, 0xC8, 0x47, 0x24, 0x86, 0xF1, 0x8D, 0xC3, 0x60,
    0xB3, 0xBE, 0x36, 0x9D, 0xDA, 0x18, 0xE9, 0xD4, 0x2A, 0xA4, 0x53, 0x1B, 0xDB, 0xD4, 0x68, 0x39,
    0xAB, 0x40, 0x2B, 0xBA, 0x80, 0x4F, 0x0B, 0x34, 0x07, 0xEA, 0x49, 0x42, 0x84, 0x95, 0x68, 0xA6,
    0x26, 0x12, 0xF5, 0xA9, 0x02, 0x3A, 0x3B, 0xBF, 0xE1, 0x21, 0x61, 0x46, 0x5E, 0x1E, 0x38, 0xFF,
    0x3A, 0x52, 0x7E, 0xB8, 0x0B, 0xD9, 0xE2, 0x43, 0x4D, 0xA4, 0x84, 0x10, 0xA0, 0x41, 0x8F, 0x1D,
    0x2B, 0xD5, 0xD6, 0xAD, 0x27, 0xAE, 0xDC, 0x2E, 0x8C, 0x2B, 0x07, 0xB3, 0x02, 0x62, 0xF5, 0xAE,
    0x4E, 0x71, 0xE5, 0x14, 0x6A, 0x03, 0x5C, 0xA0, 0xD8, 0x48, 0x0D, 0x16, 0xD5, 0xBA, 0x70, 0x24,
    0x47, 0x9F, 0x6B, 0x99, 0xA0, 0x1D, 0x08, 0xAE, 0xD2, 0x6D, 0x1D, 0x69, 0x35, 0x40, 0xFA, 0xE1,
    0x5A, 0xBC, 0x34, 0x8B, 0xDE, 0x8D, 0x20, 0x36, 0x1E, 0xA8, 0x2D, 0x73, 0x3A, 0xD8, 0x86, 0xD1,
    0x32, 0x6C, 0xDC, 0x07, 0xCD, 0xC2, 0xA4, 0x1F, 0x98, 0x80, 0x1D, 0xD3, 0x65, 0x14, 0xD4, 0xD9,
    0xA5, 0xD2, 0xED, 0x1B, 0xE9, 0xE8, 0xA1, 0xE1, 0x86, 0xAE, 0x30, 0xD5, 0x92, 0x37, 0x44, 0x5F,
    0x66, 0x30, 0x0C, 0x6F, 0x81, 0xFD, 0xCF, 0x4C, 0x23, 0xF1, 0xD2, 0xB6, 0xD3, 0x4D, 0xE5, 0xE8,
    0x5B, 0xA1, 0x51, 0x48, 0xB5, 0x0A, 0x4A, 0xBD, 0xD3, 0x2D, 0x9B, 0x5B, 0xFB, 0x12, 0x95, 0xEF,
    0x25, 0xD2, 0xD4, 0x43, 0xBE, 0x44, 0xAD, 0x50, 0xAF, 0xB6, 0x0A, 0x22, 0x18, 0x3F, 0x5F, 0x8B,
    0x2A, 0x4D, 0x7D, 0x73, 0x97, 0xA8, 0x68, 0xCB, 0x8F, 0x76, 0x35, 0xE6, 0xE5, 0x90, 0xFA, 0x60,
    0x9A, 0x50, 0x14, 0x11, 0xB6, 0x4A, 0x67, 0xED, 0x62, 0xEB, 0x0C, 0x70, 0x0D, 0x4D, 0x3D, 0xE6,
    0xA6, 0x4A, 0xA9, 0x50, 0x71, 0xA5, 0x33, 0xD1, 0x30, 0x01, 0x91, 0xFE, 0x03, 0x0F, 0x03, 0x24,
    0x05, 0xA1, 0xEA, 0x4D, 0x21, 0x8E, 0x6E, 0xAC, 0xE1, 0xDC, 0x46, 0xBB, 0x31, 0xDC, 0x8D, 0x51,
    0x71, 0x8C, 0x67, 0x03, 0xF0, 0x93, 0x7E, 0x16, 0x24, 0x52, 0x85, 0xAF, 0xB8, 0xDC, 0xE7, 0x9B,
    0xBC, 0xBF, 0x17, 0x30, 0x99, 0xC1, 0x69, 0x77, 0xAD, 0x6E, 0x0C, 0x3D, 0xBF, 0x55, 0x87, 0xE0,
    0x90, 0x04, 0x83, 0xD4, 0xCE, 0x1F, 0x75, 0x3D, 0xDB, 0x23, 0x67, 0x6B, 0xB9, 0xFB, 0xCF, 0x0E,
    0x51, 0x81, 0x21, 0xE9, 0x3E, 0x29, 0x46, 0x9A, 0x54, 0x49, 0x9F, 0x14, 0x3C, 0xEF, 0xA4, 0x98,
    0x5D, 0x06, 0xBB, 0x7C, 0x61, 0xD4, 0xE3, 0xF5, 0x53, 0xDA, 0xDD, 0x77, 0xC3, 0x7A, 0x9E, 0xAE,
    0x9A, 0x6D, 0x6E, 0xB3, 0x52, 0x82, 0x73, 0x93, 0xE0, 0x21, 0xF6, 0xCA, 0x59, 0x92, 0x53, 0x50,
    0xCD, 0x2D, 0x38, 0xB9, 0xEB, 0xCF, 0x27, 0x78, 0xD0, 0x26, 0x20, 0xF1, 0x54, 0x5F, 0x30, 0x64,
    0xBC, 0x01, 0xF5, 0xBD, 0x99, 0xA8, 0x5C, 0x1F, 0x34, 0xEE, 0xA4, 0xE2, 0x8D, 0xAA, 0x5E, 0x51,
    0x85, 0xF4, 0xED, 0x88, 0xC5, 0x7E, 0xFB, 0xCA, 0xFD, 0x9A, 0xE9, 0xDE, 0xAE, 0xCC, 0x06, 0x54,
    0x7D, 0x4E, 0xB2, 0xE8, 0xD7, 0x48, 0xFD, 0x5F, 0x70, 0xD0, 0x92, 0xAC, 0xE0, 0x84, 0xC8, 0x8F,
    0xFE, 0x6D, 0x80, 0xFC, 0x68, 0x8C, 0xFC, 0x28, 0x8C, 0x9C, 0x6E, 0xE5, 0xF0, 0xBA, 0x6C, 0xC5,
    0xB8, 0xB9, 0x84, 0xED, 0xC6, 0x5B, 0xE6, 0xF7, 0xAE, 0x97, 0xF9, 0x86, 0x92, 0x15, 0x81, 0x8E,
    0xEA, 0xB2, 0x76, 0x10, 0x64, 0xA6, 0xE4, 0xE5, 0xF7, 0x59, 0x36, 0x1C, 0xB6, 0x96, 0x57, 0xD7,
    0x45, 0x8D, 0x18, 0x14, 0x6A, 0xCB, 0x39, 0x11, 0xB5, 0x69, 0x4A, 0x44, 0x1D, 0x38, 0x20, 0xEA,
    0x6D, 0xCC, 0xE5, 0x4D, 0xF8, 0xFE, 0x91, 0x97, 0x37, 0xBF, 0x92, 0xD7, 0xBB, 0x44, 0xBB, 0xDA,
    0xA2, 0x3E, 0xC5, 0x3D, 0x1C, 0xA6, 0x25, 0xFE, 0x59, 0x89, 0x83, 0xEE, 0xC0, 0x93, 0x41, 0x8A,
    0x53, 0x33, 0x47, 0x5D, 0x4B, 0x20, 0xBD, 0x49, 0x08, 0xFD, 0x03, 0xEF, 0xDD, 0x42, 0xCF, 0xF7,
    0x68, 0x18, 0xFA, 0x04, 0xD3, 0x87, 0x85, 0x42, 0xC4, 0xE0, 0xF3, 0x21, 0x2B, 0x3C, 0x26, 0xF8,
    0xD2, 0xBF, 0x5B, 0xC9, 0x5F, 0x73, 0x0B, 0x29, 0xDF, 0xC8, 0x15, 0x9A, 0x1A, 0xE0, 0x66, 0x94,
    0x7F, 0x0F, 0xCF, 0x2F, 0xF7, 0x96, 0xD6, 0xBC, 0x5E, 0xF3, 0x8C, 0xEE, 0xD5, 0x0D, 0x47, 0xF7,
    0x26, 0x75, 0xB4, 0xA5, 0x47, 0x52, 0xCF, 0x88, 0xF4, 0x37, 0x6E, 0xE4, 0xAB, 0x4E, 0x26, 0x40,
    0x88, 0x47, 0xF6, 0x43, 0xE4, 0x5A, 0x33, 0x12, 0x62, 0xBA, 0xEB, 0x34, 0xA6, 0x9A, 0x83, 0xE0,
    0x61, 0x7A, 0x2D, 0x23, 0x9F, 0xF3, 0xBD, 0x5E, 0x26, 0xFD, 0x91, 0x4B, 0x03, 0x96, 0x96, 0x99,
    0x57, 0x88, 0x03, 0xF3, 0x11, 0x89, 0xCC, 0x4B, 0xB4, 0x9C, 0x24, 0x6C, 0x48, 0x5D, 0x69, 0xD8,
    0x56, 0xDC, 0xFC, 0x2A, 0x63, 0x3E, 0x7B, 0x25, 0xAF, 0xF0, 0x50, 0xA4, 0xB5, 0xC1, 0x15, 0x31,
    0xE3, 0xD9, 0x5B, 0x70, 0x9B, 0x39, 0x90, 0x9A, 0x43, 0x9C, 0xDA, 0xBD, 0x6C, 0xDF, 0x01, 0x36,
    0x6A, 0xF8, 0x93, 0x4A, 0x38, 0xC5, 0xC2, 0xD2, 0x43, 0x3E, 0xDA, 0xB7, 0x8F, 0x53, 0x0E, 0x30,
    0xDD, 0x17, 0xD9, 0x6D, 0x45, 0x36, 0x69, 0x79, 0x73, 0x2A, 0xF0, 0x3C, 0xE1, 0xCC, 0x43, 0x9E,
    0xD9, 0x12, 0xC1, 0xD5, 0x96, 0x07, 0xC9, 0xBD, 0x89, 0xB9, 0x7B, 0x45, 0xA0, 0xD9, 0xA7, 0x78,
    0xF0, 0x4A, 0xF4, 0xC2, 0x85, 0xA9, 0x66, 0x7B, 0x79, 0xC8, 0x45, 0x11, 0xE0, 0xE8, 0x91, 0x71,
    0x5A, 0x69, 0x22, 0x65, 0xEA, 0xBB, 0x89, 0x19, 0x7B, 0x50, 0xD5, 0x6E, 0xEC, 0x06, 0x08, 0x3D,
    0xE3, 0x0D, 0xDF, 0xB8, 0xC7, 0xAF, 0x9C, 0xF3, 0x40, 0xAF, 0xDF, 0x3F, 0x0E, 0xEB, 0x57, 0x3B,
    0xAC, 0xD5, 0x6B, 0x8D, 0x4A, 0xDD, 0x0E, 0xB7, 0xB9, 0x44, 0x47, 0xA2, 0x5A, 0x03, 0x3F, 0x5B,
    0x81, 0x02, 0x64, 0xD7, 0x0E, 0xE6, 0xE6, 0xE6, 0x4E, 0x7E, 0x31, 0xB4, 0xFD, 0x7E, 0x20, 0xDD,
    0xB7, 0x1F, 0x1B, 0xBF, 0xC9, 0xED, 0x77, 0x95, 0xF1, 0x9B, 0xF6, 0xED, 0x1A, 0x98, 0xC5, 0xCF,
    0x9F, 0xFC, 0x3F, 0x8F, 0xBD, 0xFD, 0xD8, 0xDB, 0x0F, 0xFF, 0xF2, 0x23, 0xFF, 0x72, 0x60, 0x16,
    0x31, 0xE5, 0x07, 0xEE, 0xEB, 0xDE, 0x55, 0x30, 0xA9, 0xD2, 0xDD, 0x98, 0x5D, 0xE0, 0xC4, 0xDE,
    0x08, 0x7D, 0xED, 0xB9, 0x03, 0x27, 0x03, 0xF5, 0x39, 0x23, 0x84, 0xA4, 0x70, 0xF5, 0xF5, 0xA7,
    0x9F, 0x1B, 0xAE, 0x9D, 0x7A, 0xF1, 0x39, 0xB0, 0x20, 0x8F, 0x9F, 0x9B, 0x54, 0x9F, 0xFE, 0xF5,
    0xB6, 0xD2, 0xBF, 0x03, 0x02, 0x6F, 0xD6, 0x0F, 0x64, 0xAD, 0x33, 0xFA, 0xCC, 0x06, 0xBB, 0xA5,
    0x38, 0x72, 0xD8, 0x08, 0xA7, 0x21, 0xE6, 0x70, 0x34, 0xB9, 0xFD, 0xB8, 0x93, 0x8F, 0xB3, 0x6D,
    0xB3, 0xEF, 0xB2, 0x2F, 0x39, 0xB6, 0x7B, 0x1E, 0xB4, 0xAC, 0x21, 0x7B, 0xEA, 0xA8, 0x15, 0x2A,
    0x48, 0xD6, 0xFE, 0x06, 0xE8, 0x5D, 0x93, 0xFD, 0xF4, 0xDB, 0x97, 0xC3, 0xC5, 0x2B, 0x7F, 0x52,
    0xA9, 0x2B, 0x28, 0xDA, 0xF1, 0x94, 0x3F, 0x64, 0x7B, 0x27, 0xB7, 0xCF, 0x19, 0x73, 0xDB, 0x9F,
    0x2A, 0xDB, 0x75, 0x58, 0x84, 0x5A, 0x43, 0xAD, 0xDA, 0xEC, 0xF8, 0xAA, 0xBF, 0x49, 0xA6, 0xFC,
    0xD0, 0x87, 0xB0, 0x9B, 0x7F, 0xF7, 0xD6, 0x5D, 0xB3, 0x7F, 0x70, 0xF3, 0xA3, 0xBF, 0x3F, 0x12,
    0xFC, 0x4E, 0xFF, 0x7D, 0x7D, 0x23, 0xC1, 0x41, 0xF5, 0xBE, 0x7F, 0x3E, 0x12, 0x54, 0xEE, 0xBB,
    0xF7, 0x81, 0x91, 0xE0, 0x7B, 0xAF, 0xBE, 0xF2, 0xEA, 0x74, 0xF0, 0xA7, 0xD8, 0xEB, 0x01, 0x1B,
    0x1C, 0x64, 0x4E, 0x12, 0xFC, 0xEA, 0x4E, 0xCE, 0xA5, 0x79, 0x7D, 0x48, 0x4D, 0xE0, 0x7A, 0x40,
    0xFB, 0x73, 0x87, 0xDD, 0x7C, 0x17, 0xC4, 0x85, 0x7D, 0x3E, 0xFA, 0xE8, 0x73, 0x25, 0xEF, 0xC9,
    0x7B, 0xBC, 0xEA, 0x17, 0x9E, 0x2F, 0x79, 0xB5, 0x0A, 0x44, 0xA1, 0x8D, 0x97, 0xBC, 0xDB, 0x6F,
    0x3F, 0xBE, 0xED, 0xBF, 0xFC, 0xDB, 0xFF, 0xEE, 0x92, 0x11, 0x42, 0xC7, 0xD7, 0x21, 0x40, 0xBD,
    0xFB, 0xF6, 0x13, 0x6C, 0xCA, 0xA3, 0x45, 0xE4, 0x1F, 0x4C, 0xB7, 0x50, 0x3C, 0xA9, 0xFD, 0x74,
    0x5F, 0xED, 0x85, 0x47, 0x8B, 0x73, 0xEA, 0xDF, 0xDD, 0x19, 0xBC, 0xFE, 0x6C, 0xF1, 0xA9, 0x4F,
    0xB4, 0xE2, 0x57, 0xAE, 0x5E, 0x1E, 0x01, 0xA1, 0x21, 0xE4, 0xDB, 0x1A, 0x41, 0x3C, 0xCB, 0xDA,
    0x6A, 0x2B, 0x7C, 0xD3, 0x41, 0x18, 0x04, 0x77, 0xDD, 0xFC, 0x2D, 0xE2, 0x47, 0x1F, 0x00, 0xAB,
    0x04, 0x53, 0x2D, 0x9C, 0xFA, 0xD8, 0x49, 0xA8, 0xD3, 0x8B, 0xCF, 0x4D, 0x7E, 0xEF, 0xD5, 0x97,
    0x7F, 0xFB, 0xEA, 0x3C, 0xD4, 0x09, 0x16, 0x72, 0x58, 0x27, 0x7A, 0xFD, 0x0E, 0x26, 0xBF, 0x87,
    0x50, 0xE0, 0xF2, 0x77, 0xB0, 0x82, 0xFC, 0xCB, 0x1B, 0x0E, 0x14, 0x7E, 0xD5, 0x81, 0x92, 0x27,
    0x1C, 0x28, 0xF6, 0x1C, 0xAA, 0x37, 0x9B, 0x49, 0x69, 0xFF, 0x0D, 0x13, 0x0F, 0x26, 0x9B, 0x9D,
    0x0C, 0x6C, 0xFE, 0xD8, 0xEF, 0x6A, 0xE1, 0xAF, 0x61, 0x5C, 0xE8, 0x4F, 0xBD, 0xB2, 0x8D, 0x55,
    0xF4, 0xD1, 0xD8, 0x76, 0x7F, 0xF0, 0x68, 0x68, 0x7E, 0xC1, 0xFB, 0x0E, 0xFC, 0xE7, 0xCB, 0xDE,
    0xE0, 0xE3, 0xBB, 0x4F, 0x0F, 0x11, 0x5E, 0x0F, 0xB9, 0x29, 0xC1, 0xE3, 0x42, 0x16, 0xB4, 0xE7,
    0x43, 0x77, 0x9F, 0xB1, 0x90, 0xB6, 0x86, 0xF6, 0x94, 0x4F, 0x4B, 0x12, 0x03, 0x23, 0xB5, 0x00,
    0x62, 0x16, 0xE3, 0xBB, 0x01, 0x8C, 0x3B, 0xEF, 0xF8, 0x99, 0xCF, 0x72, 0xDE, 0xC9, 0x14, 0xB3,
    0x39, 0xB2, 0xD0, 0x06, 0x06, 0x8E, 0x45, 0x71, 0xFF, 0x22, 0x50, 0x2D, 0xDC, 0x32, 0x19, 0xEC,
    0xA1, 0x7D, 0x8A, 0x4E, 0xEC, 0x1B, 0x8E, 0x16, 0x60, 0xBC, 0x59, 0x98, 0xA8, 0xC2, 0x31, 0x8A,
    0xE4, 0xC4, 0xA2, 0x69, 0x79, 0xEA, 0x4E, 0x34, 0x66, 0x7C, 0x25, 0xB4, 0xCF, 0x5D, 0x0A, 0xB0,
    0xCC, 0x42, 0x9D, 0xDB, 0x05, 0xC2, 0xBE, 0x14, 0x4B, 0x48, 0xFB, 0xBE, 0xEC, 0xB3, 0xB9, 0x10,
    0x0F, 0x90, 0x2A, 0x5B, 0x6E, 0xC6, 0x0C, 0x03, 0x7A, 0x7B, 0xC8, 0x19, 0x8A, 0x51, 0x1F, 0x11,
    0x91, 0x5C, 0xE0, 0xA4, 0x8C, 0x0A, 0x8D, 0x7E, 0x3F, 0xAF, 0xF9, 0x87, 0x43, 0x7F, 0xF4, 0xFB,
    0xFE, 0xA8, 0xE5, 0x96, 0x5A, 0x09, 0x25, 0x5A, 0xF5, 0x8F, 0xED, 0xBF, 0x8E, 0x46, 0x6C, 0x24,
    0x60, 0xD3, 0x27, 0x6B, 0x75, 0x2D, 0x9E, 0x85, 0xE6, 0xE1, 0x3F, 0xE2, 0xEB, 0x56, 0xE0, 0x2F,
    0x98, 0xF5, 0x9F, 0x9D, 0xCA, 0x23, 0xEE, 0x5B, 0x2F, 0xB9, 0xC1, 0xCF, 0x9C, 0x77, 0x02, 0xDC,
    0xE1, 0xA6, 0x7F, 0x1D, 0x45, 0xAF, 0x9C, 0xF9, 0xD8, 0x0C, 0xFA, 0xB1, 0x8F, 0x4D, 0xCF, 0x2C,
    0x8C, 0x41, 0xFB, 0xF4, 0x2B, 0xAC, 0x72, 0xC9, 0x79, 0x2A, 0x66, 0xF3, 0x35, 0xA7, 0xF2, 0x5B,
    0x77, 0xC8, 0x61, 0xBB, 0xCA, 0x45, 0xB6, 0xEB, 0x68, 0xB9, 0x5E, 0x8C, 0x3A, 0xFD, 0x4A, 0xAF,
    0x3F, 0x41, 0x53, 0x1F, 0x98, 0x30, 0x7D, 0x61, 0xD8, 0x0B, 0xB2, 0x8B, 0xDA, 0x2C, 0x3B, 0x43,
    0x3B, 0x74, 0x1D, 0x03, 0x82, 0x00, 0xCA, 0x3A, 0xED, 0xD9, 0x47, 0x1F, 0x83, 0xED, 0xBC, 0x1E,
    0xBD, 0x9F, 0xA9, 0x2F, 0x3F, 0xF2, 0x3C, 0x4C, 0x29, 0xC0, 0xD0, 0x29, 0x4D, 0x30, 0x4B, 0xAA,
    0x04, 0x40, 0xED, 0xF7, 0x31, 0x11, 0xFA, 0x23, 0x9B, 0x55, 0x26, 0x9F, 0x83, 0x40, 0xE3, 0x7F,
    0xE3, 0xFD, 0xC6, 0xAB, 0x01, 0x0D, 0x9A, 0x20, 0x9A, 0x5D, 0xF0, 0xCD, 0xB7, 0x47, 0x17, 0x2A,
    0xD5, 0xE6, 0x94, 0x19, 0x22, 0x45, 0xD2, 0xC1, 0x16, 0x1C, 0xAA, 0x35, 0x84, 0xC3, 0x9C, 0xA4,
    0x1E, 0xE2, 0x4E, 0x01, 0x0F, 0x0A, 0x31, 0x2F, 0xED, 0x57, 0xEB, 0x96, 0x8F, 0x3A, 0x92, 0x42,
    0xC4, 0x65, 0x9B, 0x93, 0x30, 0xE3, 0x99, 0x81, 0x12, 0x15, 0xA2, 0x8A, 0x2B, 0x28, 0xD0, 0x5A,
    0x9E, 0x61, 0x93, 0xD0, 0x72, 0x8B, 0xF0, 0x80, 0x19, 0xD4, 0x40, 0x52, 0xAC, 0x7B, 0x85, 0xC8,
    0x72, 0x2B, 0x5F, 0x81, 0xDE, 0xCD, 0x5A, 0x46, 0xB1, 0xD3, 0xD8, 0xBE, 0xF8, 0xD8, 0x18, 0x3E,
    0x37, 0xA3, 0x44, 0x86, 0x3B, 0x56, 0x00, 0x24, 0x65, 0x95, 0x7B, 0x30, 0x5E, 0x6B, 0x56, 0xE5,
    0x79, 0x12, 0xB9, 0x48, 0x78, 0x0C, 0x1E, 0x82, 0x47, 0xD0, 0xEC, 0x4B, 0x48, 0x86, 0xC1, 0x62,
    0x36, 0x1A, 0x3B, 0x30, 0x35, 0x53, 0x2C, 0x8E, 0x1D, 0x1C, 0xC5, 0x50, 0xE4, 0x43, 0x3E, 0xB4,
    0xA5, 0x3A, 0xCE, 0x76, 0xC3, 0x43, 0x35, 0x20, 0xC9, 0x1A, 0x58, 0x41, 0x59, 0x89, 0x79, 0x1A,
    0x30, 0x5C, 0x71, 0xA8, 0xFA, 0x73, 0xE0, 0xAF, 0x52, 0x7B, 0x22, 0xA8, 0xC5, 0x69, 0x11, 0xCA,
    0xB8, 0x70, 0x85, 0x58, 0xDD, 0x1B, 0x62, 0x35, 0x87, 0x08, 0x51, 0x00, 0x6B, 0x41, 0x26, 0xC1,
    0x1C, 0x08, 0xC5, 0xE6, 0x58, 0xE5, 0x89, 0x50, 0xEE, 0x48, 0x93, 0x17, 0x1B, 0x4B, 0x33, 0xE9,
    0xF2, 0x2A, 0xE7, 0x6A, 0xE6, 0xD6, 0xD9, 0x13, 0x59, 0x7D, 0x13, 0x6C, 0x70, 0x50, 0xF3, 0xA7,
    0xC4, 0x5E, 0x8F, 0x85, 0xC0, 0xCC, 0xEF, 0xB1, 0x92, 0xFE, 0x2E, 0x85, 0x25, 0xFD, 0x9D, 0x58,
    0xC3, 0xBC, 0xC4, 0x3D, 0xBD, 0x93, 0x71, 0x71, 0x92, 0xBB, 0xA6, 0xBC, 0xC3, 0xFD, 0x7B, 0x78,
    0x6D, 0x30, 0xDE, 0x2B, 0xD5, 0x87, 0xA2, 0x4E, 0x63, 0x8D, 0x3E, 0x1C, 0x37, 0xED, 0x8B, 0x0E,
    0xAF, 0xD3, 0xAC, 0x29, 0x5C, 0xDE, 0x2E, 0x00, 0xF3, 0xEA, 0x61, 0xBD, 0xC6, 0xD7, 0x24, 0x6C,
    0xC9, 0xF8, 0x4C, 0xD9, 0xAB, 0x86, 0x2E, 0x58, 0x63, 0xC4, 0x6A, 0x30, 0x21, 0x08, 0x95, 0xBA,
    0xD0, 0x86, 0xA1, 0x9B, 0xC3, 0x34, 0x6B, 0x9C, 0xA8, 0xC7, 0x81, 0x5C, 0x93, 0xE9, 0x14, 0x69,
    0x1E, 0x85, 0xAE, 0x78, 0x55, 0xF8, 0xB4, 0x5D, 0x12, 0x31, 0x37, 0xCA, 0x49, 0x30, 0x3A, 0xE0,
    0x1D, 0x71, 0x0D, 0x73, 0xD1, 0x89, 0x5F, 0x8D, 0xBD, 0x96, 0x1A, 0xE7, 0x97, 0x68, 0x55, 0xA1,
    0xBE, 0xA8, 0xB2, 0x74, 0x2B, 0xD3, 0xA6, 0x68, 0xC6, 0x1D, 0x5B, 0x4A, 0xC4, 0xD6, 0xE5, 0xD8,
    0x83, 0xAA, 0xEF, 0x55, 0x02, 0xFB, 0xF5, 0xAD, 0x8A, 0x33, 0x07, 0x72, 0x48, 0xC8, 0xFD, 0xC0,
    0x4D, 0xEE, 0xEB, 0x94, 0x71, 0x6A, 0x32, 0x3A, 0xBA, 0x08, 0xA0, 0x3D, 0x0B, 0x06, 0x0F, 0x73,
    0x90, 0xEE, 0x81, 0xBA, 0x0D, 0x15, 0x6F, 0x7D, 0xC2, 0xF0, 0x41, 0xC6, 0x61, 0xB7, 0xC5, 0x42,
    0x06, 0x64, 0xE4, 0x27, 0xC0, 0x54, 0x20, 0xFE, 0x2D, 0xB8, 0x2E, 0x9C, 0x8A, 0x73, 0x4B, 0xE7,
    0xC2, 0x33, 0x60, 0x0C, 0xF6, 0x72, 0xC8, 0x68, 0xDB, 0xBE, 0x1D, 0xA2, 0xA1, 0x17, 0x73, 0x5B,
    0xCA, 0x75, 0x13, 0x2D, 0x8A, 0xCE, 0xAF, 0x2C, 0x18, 0x25, 0x01, 0xEC, 0x54, 0xE7, 0xF0, 0xAE,
    0xE3, 0x83, 0xBD, 0x8B, 0x4D, 0xAF, 0x2D, 0x37, 0x32, 0x53, 0x93, 0x10, 0x93, 0x99, 0xE7, 0x7E,
    0x16, 0x2D, 0x0B, 0x4F, 0x79, 0x0D, 0x78, 0x85, 0xAE, 0x27, 0xDC, 0x4C, 0x6A, 0x58, 0x87, 0xE8,
    0x74, 0x80, 0x63, 0x6E, 0x9F, 0x72, 0x6D, 0xA8, 0xF5, 0x74, 0x40, 0x3B, 0x95, 0xCA, 0x7D, 0x4A,
    0xB5, 0xAF, 0xC0, 0xAA, 0x1B, 0x3E, 0xE3, 0xC9, 0x43, 0x14, 0x25, 0x53, 0xC4, 0xB2, 0xC1, 0xCF,
    0xBA, 0x3B, 0xBA, 0x70, 0xFF, 0xB2, 0x38, 0xBD, 0x29, 0x6C, 0xCB, 0x48, 0xD7, 0x8A, 0xCF, 0x19,
    0xEE, 0x1A, 0x50, 0x62, 0xD3, 0x50, 0x75, 0x5C, 0x8D, 0x40, 0x10, 0x10, 0x20, 0xA9, 0x06, 0x6D,
    0x59, 0x98, 0x89, 0xDC, 0xD7, 0xA0, 0x3D, 0x25, 0xB8, 0x6F, 0x15, 0xBE, 0x4B, 0xC7, 0x1B, 0xE0,
    0x67, 0xE8, 0xB2, 0xBC, 0xED, 0xCF, 0xDE, 0xEC, 0xCE, 0x74, 0x1D, 0x04, 0xE6, 0xEB, 0xC4, 0xA8,
    0xC1, 0x5C, 0xEF, 0xA5, 0x71, 0xA8, 0xCF, 0x77, 0x79, 0xBC, 0xED, 0x44, 0x61, 0x99, 0x44, 0x9A,
    0x4E, 0x60, 0x4F, 0xC8, 0x55, 0x9E, 0xC4, 0x55, 0x97, 0x3F, 0x17, 0x55, 0xBB, 0x18, 0x53, 0x80,
    0x3C, 0x58, 0x10, 0x92, 0xFF, 0x61, 0x6F, 0x98, 0x10, 0x9F, 0xDF, 0x5B, 0x6D, 0xC8, 0xCD, 0x1D,
    0x8E, 0x1B, 0x04, 0x65, 0x29, 0x1F, 0xF0, 0xA4, 0xC4, 0x8E, 0x37, 0x18, 0xC8, 0x7F, 0x05, 0xB7,
    0x8D, 0x66, 0x69, 0xAF, 0x45, 0xE0, 0x93, 0x0D, 0x76, 0x2C, 0x82, 0x1C, 0x22, 0x09, 0x04, 0x1F,
    0xED, 0xE5, 0xA4, 0x70, 0x7D, 0x38, 0x34, 0xC8, 0x3A, 0x6B, 0xA5, 0x46, 0x85, 0x2E, 0xD9, 0x16,
    0x52, 0x38, 0xFB, 0x61, 0xC1, 0xEE, 0x73, 0x87, 0x0F, 0x75, 0x69, 0x51, 0xEC, 0x5E, 0x57, 0x6F,
    0x37, 0x65, 0xDB, 0x3C, 0xED, 0xD4, 0xCA, 0x81, 0x0E, 0x8A, 0x67, 0x12, 0x46, 0xA3, 0x95, 0xDC,
    0x3D, 0x9C, 0x2C, 0x61, 0xA4, 0x13, 0x8B, 0xAC, 0x55, 0xA6, 0x5E, 0xF9, 0x9A, 0x75, 0x1F, 0x9E,
    0x51, 0x28, 0x0D, 0x38, 0x8C, 0xDB, 0x61, 0xC5, 0xE4, 0x1A, 0x2F, 0x7B, 0xA6, 0xE6, 0x2D, 0x9E,
    0x73, 0x21, 0x8F, 0xFE, 0xF1, 0x76, 0x67, 0x29, 0x34, 0x91, 0x48, 0x70, 0xAE, 0x2A, 0x3D, 0x78,
    0xA7, 0xF1, 0xE3, 0x89, 0x3A, 0xFA, 0x76, 0xB6, 0xD2, 0xB6, 0x0C, 0xC5, 0xF9, 0xE6, 0x69, 0xAE,
    0xC7, 0x69, 0xC1, 0xC3, 0xD1, 0x01, 0x0A, 0x65, 0x54, 0x40, 0xE4, 0x39, 0xF2, 0xDE, 0x28, 0xD7,
    0xD6, 0xB7, 0x96, 0x4F, 0x27, 0x3C, 0xC3, 0x5B, 0x7E, 0xA7, 0x74, 0x22, 0x6D, 0xCD, 0x75, 0x91,
    0x36, 0x14, 0x7A, 0x24, 0x4A, 0x8B, 0x5A, 0x23, 0x41, 0xDC, 0x58, 0x60, 0x63, 0x21, 0x4C, 0xE5,
    0xE0, 0xA6, 0x27, 0xEE, 0x5C, 0x29, 0x13, 0x37, 0x5C, 0x3D, 0xB9, 0x4B, 0xBE, 0xF3, 0x80, 0xE7,
    0x68, 0xF2, 0xFF, 0x56, 0x04, 0x36, 0xE2, 0x2E, 0x52, 0x84, 0x8D, 0xCA, 0xA7, 0xE3, 0xD6, 0x59,
    0x27, 0x71, 0xEC, 0x12, 0x91, 0x54, 0x2E, 0x9C, 0xE0, 0xD8, 0xF8, 0x4D, 0xA1, 0x1A, 0x75, 0xD2,
    0xBD, 0xA6, 0xB0, 0x8A, 0x20, 0x82, 0x53, 0x1A, 0x4D, 0x2E, 0x8A, 0xCB, 0xA9, 0x07, 0x67, 0xB9,
    0x30, 0x0F, 0x2D, 0xE8, 0xEA, 0xB0, 0xB3, 0x1B, 0xEC, 0x4B, 0x52, 0xF0, 0x41, 0xB2, 0x02, 0x6F,
    0x8C, 0x90, 0x51, 0x08, 0xC0, 0xAB, 0x03, 0xEC, 0xCF, 0x15, 0x34, 0x30, 0x1D, 0xBA, 0xEC, 0x71,
    0xB6, 0xA0, 0xC2, 0x8E, 0x9F, 0x03, 0x61, 0x11, 0x20, 0x51, 0x2C, 0x7D, 0x74, 0x08, 0x8B, 0x0A,
    0xC9, 0x86, 0x5E, 0x84, 0x3C, 0x65, 0x4B, 0xA2, 0x4D, 0xB9, 0x03, 0xCE, 0x0C, 0x5C, 0x20, 0xE4,
    0x20, 0x2B, 0x7C, 0xF0, 0x37, 0x6E, 0x00, 0x7A, 0x68, 0x21, 0x9A, 0x0F, 0xC1, 0xDE, 0x66, 0xE8,
    0x4B, 0x12, 0xF2, 0x3B, 0xFA, 0x4E, 0x69, 0x20, 0x5F, 0x52, 0x03, 0xD9, 0xFC, 0xF1, 0x5A, 0x7C,
    0x71, 0x96, 0xEC, 0x66, 0xE3, 0x2B, 0xBB, 0x73, 0x1C, 0x9D, 0x58, 0xCC, 0x48, 0x6F, 0x4C, 0x89,
    0xAE, 0xC5, 0xE1, 0x7C, 0xB1, 0xBD, 0xEF, 0xFC, 0x31, 0xD8, 0xC6, 0x4D, 0xA0, 0xF2, 0x28, 0x45,
    0xD8, 0xD5, 0xE7, 0xEC, 0xDE, 0x47, 0x6C, 0x94, 0x9E, 0xD7, 0xAB, 0x02, 0x99, 0x45, 0x65, 0xAF,
    0x37, 0x72, 0x13, 0x6E, 0x11, 0x62, 0x11, 0xD6, 0x08, 0xF7, 0xDF, 0x1B, 0x88, 0xE1, 0xEF, 0x4D,
    0x7D, 0x0C, 0x4A, 0x59, 0xD2, 0xD2, 0x92, 0x92, 0xB6, 0x8C, 0x7A, 0xA4, 0x2A, 0xD2, 0x04, 0xA1,
    0x43, 0x06, 0xA8, 0x16, 0xD0, 0x56, 0x63, 0xED, 0xEA, 0x63, 0x32, 0x01, 0x20, 0x8B, 0x2B, 0x01,
    0x0D, 0x07, 0x87, 0xC3, 0x43, 0x00, 0xC9, 0x00, 0x67, 0xCD, 0x83, 0x89, 0xB6, 0xB1, 0x85, 0xCB,
    0x28, 0x80, 0x0A, 0x1D, 0x57, 0x03, 0x98, 0xB9, 0xCE, 0x00, 0x5C, 0xF7, 0xC4, 0x0D, 0x04, 0xCC,
    0x6A, 0x48, 0xF5, 0xB1, 0x42, 0xEA, 0x63, 0x85, 0x49, 0x93, 0x11, 0x6E, 0x3E, 0x42, 0xE0, 0xE5,
    0xD4, 0xC7, 0x04, 0x21, 0x07, 0x91, 0x71, 0x18, 0xC5, 0x5E, 0xA5, 0xA9, 0xDF, 0x1A, 0xD7, 0x9A,
    0x1A, 0x08, 0x8C, 0x4E, 0x36, 0x62, 0x6C, 0x22, 0x22, 0x64, 0x0B, 0x84, 0xE7, 0x20, 0xE9, 0x90,
    0xD1, 0x73, 0xA4, 0x00, 0xBF, 0x9E, 0xC0, 0xE7, 0xE8, 0xB1, 0xF8, 0x42, 0xC7, 0x95, 0x7D, 0x87,
    0xFD, 0xEF, 0xE6, 0x93, 0xEF, 0x28, 0x19, 0x97, 0x8A, 0x5A, 0x2A, 0x53, 0x16, 0xCA, 0x4B, 0x15,
    0xC5, 0x72, 0x8F, 0x45, 0xAE, 0xBC, 0xB6, 0x62, 0x32, 0xDC, 0xFF, 0x9A, 0x8F, 0x65, 0x6B, 0xAD,
    0xD3, 0x38, 0xDE, 0xE3, 0x06, 0x96, 0x3E, 0x51, 0x67, 0x2B, 0x79, 0x58, 0x73, 0xC3, 0xE5, 0x9C,
    0xDD, 0x72, 0x90, 0x7E, 0x2F, 0x66, 0xEE, 0xF1, 0x0D, 0xD5, 0xF1, 0xA7, 0x7A, 0xED, 0x92, 0xE0,
    0xAF, 0xEA, 0x68, 0xD0, 0xA9, 0xF0, 0xED, 0x3F, 0xEA, 0xD3, 0x92, 0xBB, 0x5A, 0xC8, 0x68, 0xD5,
    0xD7, 0x1B, 0xF2, 0x53, 0x00, 0x9A, 0x40, 0x2A, 0x41, 0xE5, 0xB0, 0x0A, 0x60, 0x59, 0xED, 0x1D,
    0xB2, 0x06, 0x6D, 0xD1, 0x6A, 0x0F, 0xE0, 0x8D, 0x38, 0xC0, 0x22, 0x94, 0x5B, 0x8D, 0x83, 0x6C,
    0x2F, 0xB9, 0xB4, 0x55, 0x62, 0x1C, 0x58, 0xDC, 0xB0, 0xA7, 0xC4, 0x32, 0x60, 0x0B, 0xB8, 0x05,
    0xE0, 0x92, 0x2F, 0xE4, 0xA0, 0x4B, 0x05, 0x99, 0x88, 0x5F, 0x21, 0xD4, 0x39, 0x1C, 0x7C, 0x09,
    0xBF, 0xA8, 0x40, 0xDE, 0x4A, 0x61, 0x23, 0x11, 0xCD, 0xB8, 0xCF, 0x15, 0x76, 0x2F, 0xE6, 0xFD,
    0x22, 0xFC, 0xF3, 0x75, 0x44, 0xAA, 0x83, 0x24, 0xA9, 0xE0, 0x01, 0xDE, 0x78, 0xA8, 0xFF, 0xBE,
    0x5E, 0x32, 0x0D, 0xBB, 0x3E, 0xC8, 0x33, 0xB8, 0x83, 0x90, 0xA7, 0xB1, 0x40, 0xC8, 0x43, 0xE8,
    0xC2, 0xC1, 0x16, 0x70, 0x0B, 0xC0, 0x05, 0xE4, 0x02, 0xF4, 0xEE, 0x40, 0x1E, 0x9D, 0x90, 0x07,
    0xD1, 0xFF, 0x01, 0x4F, 0x32, 0x0A, 0xF5, 0x84, 0x4A, 0xCD, 0x5F, 0x5F, 0x5C, 0x32, 0xD3, 0x60,
    0x81, 0x25, 0xBE, 0x6D, 0x84, 0x93, 0x12, 0x25, 0x4E, 0xA0, 0xC8, 0xFD, 0x62, 0xE3, 0xB0, 0xEB,
    0xD8, 0xFE, 0x0C, 0x76, 0x2D, 0x60, 0x37, 0x1D, 0xDD, 0x81, 0xFD, 0xC2, 0xD3, 0xC6, 0x42, 0xBA,
    0x3F, 0x11, 0x3E, 0xD9, 0x1D, 0xD8, 0x75, 0x6C, 0x7F, 0x0E, 0xBB, 0x16, 0x98, 0x04, 0x5B, 0xC0,
    0x2D, 0x40, 0x96, 0x17, 0x0E, 0x7A, 0x97, 0x90, 0x26, 0x4F, 0x84, 0xA6, 0x4F, 0x2D, 0xF2, 0x74,
    0x1C, 0x10, 0x26, 0x91, 0x2B, 0x8C, 0x56, 0xAF, 0xDC, 0x68, 0x72, 0x25, 0xCC, 0x42, 0x0D, 0x96,
    0xF9, 0xDE, 0x4D, 0xB7, 0x40, 0xD8, 0x38, 0x1F, 0x42, 0x94, 0xF5, 0x70, 0x19, 0x4F, 0x24, 0xF0,
    0xDA, 0x91, 0x3E, 0x9A, 0xB4, 0xE8, 0xE1, 0x88, 0xD9, 0xC8, 0x9B, 0x3F, 0x9A, 0x89, 0x83, 0x67,
    0xBA, 0x05, 0x32, 0x3C, 0xBD, 0x0F, 0x37, 0xDF, 0x86, 0x82, 0xE2, 0x59, 0x28, 0xC9, 0x8E, 0xA0,
    0x28, 0x3D, 0xEC, 0xE4, 0x5B, 0xA0, 0xBD, 0x89, 0xFB, 0xFF, 0x92, 0x26, 0xCA, 0x49, 0x84, 0xD6,
    0x20, 0xA0, 0x7E, 0x3D, 0xA4, 0xEB, 0x75, 0xD9, 0x17, 0x8B, 0x94, 0x43, 0xFA, 0xEB, 0x9D, 0x8D,
    0x18, 0xAF, 0x53, 0xAD, 0x0F, 0x08, 0x50, 0x4B, 0x5C, 0x3B, 0x58, 0x78, 0x51, 0xD4, 0xF1, 0xC5,
    0xEB, 0x50, 0xC7, 0xF5, 0xDA, 0x6D, 0x5E, 0xA7, 0x2A, 0x3B, 0x9B, 0xB4, 0xF5, 0x99, 0xD3, 0x29,
    0x42, 0x76, 0x3D, 0x1B, 0x21, 0x5B, 0xBF, 0xB8, 0x7A, 0x84, 0xEC, 0xEB, 0xD1, 0x1A, 0xDB, 0xC8,
    0x05, 0x01, 0xAA, 0xD1, 0x0F, 0xAC, 0x6D, 0x04, 0x1E, 0x35, 0x14, 0x40, 0x62, 0x23, 0xFC, 0x8A,
    0xDA, 0xB6, 0x74, 0x4B, 0x3C, 0x81, 0x5F, 0xE8, 0xD0, 0xD1, 0xCB, 0xB6, 0x61, 0x6B, 0x08, 0x0E,
    0x71, 0x41, 0xB4, 0x73, 0xED, 0x97, 0xB4, 0x92, 0x64, 0x57, 0x5A, 0xC4, 0x81, 0xAF, 0xB0, 0x0D,
    0xDB, 0x3E, 0xB1, 0x44, 0x9F, 0xA7, 0xE3, 0xF3, 0x67, 0x70, 0x03, 0xF0, 0x99, 0xCF, 0xB1, 0xF3,
    0xC3, 0xDA, 0xD2, 0x82, 0x06, 0xFD, 0xB0, 0x73, 0x83, 0x5C, 0xA6, 0x9C, 0xAC, 0x68, 0x70, 0x96,
    0x8B, 0x06, 0xB1, 0x17, 0xA1, 0x13, 0x51, 0x34, 0xA8, 0x77, 0x12, 0x0D, 0x6E, 0x74, 0x35, 0xB7,
    0x54, 0x5C, 0xAB, 0x44, 0x10, 0x68, 0xB1, 0x7C, 0x4D, 0x64, 0x55, 0x60, 0xA6, 0xF5, 0xF3, 0x21,
    0x92, 0x93, 0xDA, 0xC8, 0xEA, 0xA4, 0x9B, 0xD6, 0x27, 0xAE, 0x08, 0x62, 0xB3, 0xE0, 0x64, 0xD1,
    0x2A, 0xAD, 0xE9, 0xCB, 0xB2, 0xD6, 0x55, 0x69, 0xD0, 0x5B, 0x95, 0xFA, 0xB7, 0x86, 0x34, 0x27,
    0x6C, 0x48, 0xD6, 0xA9, 0x21, 0xB3, 0x6C, 0xCA, 0xC6, 0x12, 0x02, 0x6A, 0x57, 0x54, 0xEE, 0xF2,
    0x92, 0x90, 0x9B, 0xDC, 0x27, 0xC4, 0x26, 0x11, 0x1A, 0xA8, 0x65, 0xEA, 0xE7, 0xF0, 0xD1, 0x58,
    0x09, 0xF9, 0x9F, 0x00, 0xAF, 0xE0, 0x82, 0xA6, 0xF9, 0xD8, 0xB7, 0x34, 0x44, 0x50, 0xFC, 0x81,
    0x61, 0x66, 0x1B, 0x82, 0xD9, 0xC2, 0x1F, 0x0A, 0x92, 0xD6, 0x34, 0x84, 0x05, 0x88, 0xB4, 0x15,
    0x5A, 0x04, 0x21, 0x09, 0xA8, 0x45, 0x50, 0x2F, 0xD2, 0xCA, 0xED, 0x58, 0x4C, 0x43, 0x1E, 0xA7,
    0x78, 0x2C, 0x06, 0xCB, 0xA1, 0x82, 0xA8, 0x24, 0xDE, 0x00, 0xA5, 0x84, 0x91, 0xA1, 0x2E, 0xE6,
    0xDE, 0xEC, 0xAD, 0x24, 0xEC, 0x0F, 0xF9, 0xE8, 0x70, 0x6E, 0xB1, 0x91, 0x37, 0x6A, 0xB7, 0xC9,
    0xBB, 0x3D, 0x84, 0x82, 0xE3, 0xF8, 0x34, 0x4A, 0x47, 0xEA, 0x50, 0xB4, 0x19, 0x75, 0x40, 0x71,
    0x61, 0xFC, 0xAC, 0x6F, 0x41, 0xE3, 0xE7, 0x8E, 0x15, 0x4D, 0x6A, 0x2A, 0xAB, 0x9A, 0xD4, 0x55,
    0x56, 0x36, 0xA9, 0x6D, 0x52, 0x5D, 0xA6, 0xDC, 0xDD, 0xC3, 0xD8, 0xCC, 0x83, 0x37, 0x60, 0xE0,
    0x4C, 0x13, 0xF9, 0x6B, 0xD7, 0xD1, 0xEB, 0x05, 0x1F, 0xE2, 0x11, 0x84, 0x0B, 0x90, 0xC9, 0x6D,
    0xD7, 0x07, 0xBB, 0x45, 0xA1, 0x54, 0x2A, 0x15, 0x8B, 0xE5, 0x32, 0x2C, 0x18, 0x23, 0x21, 0x84,
    0x0C, 0x8B, 0x66, 0xB7, 0x7D, 0x80, 0xF1, 0xBD, 0x11, 0x73, 0xF0, 0x83, 0x91, 0xC4, 0xD6, 0xB8,
    0x87, 0x62, 0xD2, 0x80, 0x1D, 0xE2, 0x49, 0xC9, 0x36, 0x4E, 0x9F, 0x49, 0x5A, 0x39, 0xD7, 0xCC,
    0x9B, 0x32, 0x58, 0x21, 0x50, 0x9C, 0x78, 0xBC, 0x9E, 0x89, 0xC1, 0xDF, 0x10, 0xE7, 0x60, 0x77,
    0x0F, 0xEA, 0xF3, 0xC9, 0x5F, 0xD3, 0x95, 0xF0, 0x64, 0xF2, 0x5D, 0x23, 0xA7, 0x68, 0x9F, 0xCC,
    0x2B, 0xB7, 0xAB, 0xE2, 0xDA, 0x18, 0x94, 0xDA, 0xEF, 0x2D, 0x4E, 0x1E, 0x26, 0xDB, 0xB4, 0xFB,
    0x49, 0x0B, 0x24, 0x4D, 0x90, 0xB6, 0xC1, 0xFB, 0x6D, 0x84, 0x6F, 0xE7, 0xFE, 0xDD, 0xC6, 0x04,
    0x48, 0xB8, 0xFE, 0x0C, 0x4D, 0xD3, 0x6E, 0xF0, 0x50, 0xDC, 0x2E, 0x1D, 0xCC, 0x11, 0x02, 0x02,
    0x81, 0xC3, 0xD0, 0x45, 0x23, 0xEE, 0xC6, 0xC7, 0x27, 0xE8, 0xCB, 0x8F, 0xD7, 0xC4, 0x70, 0x85,
    0x97, 0x27, 0x8D, 0xF1, 0xF9, 0xFE, 0x13, 0xBC, 0xC8, 0x25, 0x87, 0x07, 0x8C, 0xF2, 0xF8, 0xB6,
    0x13, 0xAE, 0xD8, 0x73, 0x42, 0x6C, 0x38, 0xC1, 0x25, 0x85, 0x58, 0x5B, 0x0C, 0x64, 0x6B, 0xF1,
    0x7D, 0x26, 0x74, 0xBE, 0xC9, 0x84, 0xC2, 0xC3, 0x23, 0x26, 0x61, 0x2C, 0x9C, 0xD4, 0x51, 0x90,
    0x53, 0x6F, 0xE5, 0x17, 0xB3, 0xD4, 0x1D, 0xA4, 0xE2, 0x22, 0x39, 0x80, 0x1A, 0xA0, 0x79, 0xAD,
    0x7E, 0x91, 0x9C, 0x7E, 0xB9, 0xD0, 0xEE, 0x48, 0x97, 0x04, 0xE9, 0x96, 0xD3, 0x8A, 0xF0, 0x74,
    0x14, 0xF3, 0x0F, 0xAF, 0x82, 0xA8, 0x83, 0xA8, 0x84, 0xA8, 0x85, 0xA8, 0x86, 0xAC, 0xC7, 0x2A,
    0x15, 0x59, 0x6E, 0x4A, 0xB0, 0x09, 0xFD, 0xD3, 0xA3, 0x56, 0x44, 0x40, 0x97, 0xB4, 0x5F, 0xA2,
    0xCD, 0x09, 0x1C, 0xDA, 0x0B, 0x0E, 0x78, 0x8B, 0x80, 0x39, 0x95, 0x9A, 0x94, 0x1E, 0x91, 0x17,
    0x79, 0xEC, 0x40, 0x6C, 0x4F, 0xE3, 0x99, 0xD0, 0x52, 0xEA, 0x25, 0x56, 0xAD, 0xB2, 0xB1, 0x06,
    0x1B, 0xAB, 0x53, 0x0A, 0xE1, 0xD0, 0x2A, 0x71, 0xDD, 0x8A, 0xC3, 0x01, 0xB9, 0xE4, 0xA6, 0x21,
    0x8D, 0xEA, 0x77, 0xDE, 0xC3, 0x94, 0xD4, 0x8F, 0x4A, 0xE9, 0x31, 0x49, 0x95, 0xDB, 0xA3, 0xB2,
    0x24, 0x5E, 0xE8, 0x44, 0x80, 0x2B, 0x28, 0x3B, 0x45, 0xBC, 0x31, 0xAE, 0x60, 0x6C, 0x69, 0xA7,
    0x8C, 0x3D, 0x50, 0xC6, 0xA6, 0x19, 0xC3, 0x29, 0xB5, 0x84, 0x04, 0x15, 0x92, 0xCA, 0x52, 0x8B,
    0x24, 0xE7, 0x48, 0x6D, 0xA8, 0x6C, 0x73, 0x49, 0xEE, 0xCA, 0xA7, 0x48, 0xFF, 0x9A, 0xF5, 0x56,
    0x00, 0x23, 0x51, 0x93, 0xD5, 0x9A, 0x81, 0x0D, 0x6D, 0xBB, 0xD3, 0x62, 0x18, 0x94, 0xB1, 0x21,
    0xCB, 0x68, 0x1D, 0x3C, 0x86, 0x1A, 0x24, 0x1B, 0xF4, 0x05, 0xE0, 0x42, 0x04, 0x52, 0xF1, 0xBE,
    0xCC, 0x74, 0xB2, 0x9A, 0x7F, 0x86, 0xE2, 0x69, 0x4E, 0x81, 0xE9, 0x7E, 0x1A, 0x25, 0x3A, 0xB1,
    0xB7, 0x01, 0x84, 0xFA, 0x14, 0xB8, 0x20, 0x81, 0xB7, 0x5A, 0x2B, 0xC4, 0x5D, 0xB2, 0x42, 0x1B,
    0x9A, 0x27, 0x42, 0x0C, 0xAD, 0xD3, 0xAE, 0x09, 0xC8, 0x4E, 0x94, 0x70, 0x20, 0x90, 0xC7, 0xA7,
    0x11, 0x49, 0x01, 0x1E, 0x6E, 0x2C, 0xFB, 0xFF, 0x01, 0xED, 0x7D, 0x4F, 0x8C, 0xE4, 0x56, 0x7A,
    0xDF, 0x63, 0x55, 0xCF, 0x70, 0xAD, 0x82, 0x87, 0x73, 0x18, 0x1B, 0x5E, 0x8D, 0x25, 0xFA, 0x30,
    0x01, 0x36, 0x80, 0x32, 0xBC, 0xE4, 0xA0, 0x00, 0xD3, 0x24, 0x77, 0x83, 0x60, 0x11, 0xE8, 0xB0,
    0x42, 0x60, 0xE7, 0xE0, 0x8B, 0x72, 0xC8, 0x25, 0x12, 0xE0, 0xF6, 0x41, 0x40, 0x0C, 0xB8, 0xAB,
    0x59, 0xB2, 0x11, 0xFB, 0xE0, 0x43, 0x3A, 0x40, 0xEC, 0xCB, 0x1E, 0xA2, 0x83, 0x1C, 0xAC, 0x7A,
    0x80, 0xF4, 0x1E, 0x74, 0x18, 0x24, 0x35, 0x4D, 0x5A, 0x06, 0x12, 0x20, 0x3E, 0x84, 0x1B, 0x23,
    0xF0, 0x21, 0x87, 0xA5, 0xB0, 0x63, 0x78, 0x77, 0x74, 0x58, 0xAE, 0x40, 0x47, 0xEC, 0x11, 0xAB,
    0x98, 0xEF, 0xDF, 0x7B, 0x24, 0xEB, 0x5F, 0xD7, 0x68, 0x7A, 0xA6, 0xAB, 0x7B, 0xAA, 0x66, 0x9A,
    0x8F, 0xC5, 0x2A, 0x16, 0xDF, 0xFB, 0xDE, 0xF7, 0xFD, 0xDE, 0xF7, 0xBE, 0xF7, 0x7D, 0xDF, 0x53,
    0xEA, 0xA6, 0xC2, 0xD7, 0x3E, 0x1D, 0xE3, 0x10, 0x8F, 0x41, 0x86, 0xC7, 0xBA, 0x82, 0x43, 0xBF,
    0xAE, 0xE1, 0x38, 0x48, 0xE3, 0x44, 0x29, 0x67, 0x14, 0xE4, 0x70, 0x0C, 0xBD, 0x0A, 0x8F, 0xFE,
    0x09, 0x1C, 0x13, 0x3F, 0x08, 0xE1, 0xD3, 0xCA, 0x1D, 0xA9, 0xFE, 0xFF, 0x2B, 0x9D, 0x44, 0x59,
    0x75, 0xEE, 0x24, 0xFF, 0xE4, 0x5F, 0xD6, 0xA7, 0x7B, 0xA3, 0xA8, 0x86, 0x97, 0xF2, 0xEA, 0xFF,
    0x10, 0xC3, 0xF7, 0x43, 0xFA, 0xAF, 0xAC, 0x07, 0xF8, 0xCB, 0x03, 0xFC, 0x4D, 0xF8, 0x64, 0x04,
    0xC7, 0x08, 0x6E, 0x52, 0xAA, 0x1A, 0xC0, 0xD1, 0x2A, 0xEC, 0x14, 0x9E, 0x98, 0xE3, 0x79, 0x3F,
    0xC3, 0xA3, 0x9D, 0x3A, 0xF0, 0x1D, 0x3B, 0x09, 0xF0, 0xA6, 0xBF, 0x98, 0x28, 0xE5, 0xBF, 0x53,
    0xD7, 0x4F, 0x0E, 0xE9, 0x97, 0x73, 0xAF, 0x4E, 0x6F, 0xD7, 0x39, 0x3C, 0x5D, 0x15, 0xF0, 0x9D,
    0x4C, 0x3D, 0xC0, 0x7B, 0xF1, 0xD8, 0xAB, 0x54, 0x89, 0xF5, 0xBF, 0x5F, 0x60, 0x5B, 0xE0, 0x2B,
    0xF8, 0xC4, 0x91, 0x92, 0xD7, 0x0E, 0x3D, 0x9B, 0x9A, 0x09, 0x4F, 0x53, 0x0E, 0x7E, 0x29, 0x9A,
    0xC2, 0xD3, 0x6B, 0xF8, 0x4E, 0x3F, 0x87, 0x26, 0xF6, 0x53, 0xA7, 0x82, 0x87, 0x3A, 0x53, 0x3C,
    0xC4, 0x61, 0x3F, 0x75, 0xBF, 0x97, 0xC0, 0x07, 0x83, 0xD4, 0x9A, 0x4C, 0xFA, 0x99, 0x8A, 0xCB,
    0x7E, 0xF6, 0x5E, 0x7D, 0xFA, 0x4E, 0x8A, 0xB5, 0x48, 0xEA, 0xC3, 0xBD, 0x29, 0xFE, 0x18, 0xB6,
    0xEE, 0x21, 0xFC, 0xD9, 0xF8, 0x24, 0xA7, 0x86, 0xCA, 0x07, 0x6F, 0x01, 0x19, 0x0F, 0xE0, 0x06,
    0x55, 0xC1, 0xC1, 0x2A, 0xE0, 0xD0, 0xCB, 0xA1, 0x85, 0xD4, 0xC0, 0x7E, 0x86, 0x24, 0xFB, 0x2C,
    0x56, 0xEA, 0x3D, 0x68, 0xD1, 0x87, 0xF8, 0x53, 0x65, 0x9D, 0xD9, 0x35, 0x7E, 0xEB, 0x01, 0xB6,
    0x63, 0x5F, 0xF5, 0x0A, 0x75, 0x4F, 0xA9, 0x89, 0x1A, 0x43, 0xB7, 0x7C, 0x5E, 0x21, 0xBD, 0xB0,
    0x9D, 0xF8, 0xCB, 0x9D, 0x57, 0xBF, 0xE0, 0xD2, 0x99, 0x70, 0xE9, 0xC6, 0x5C, 0x06, 0x1E, 0x37,
    0x79, 0x42, 0x04, 0x56, 0xFD, 0xCA, 0xA6, 0x5E, 0x75, 0xF2, 0x3E, 0xBD, 0xF7, 0xE4, 0x77, 0x22,
    0xF9, 0x99, 0x6A, 0xA6, 0xAC, 0xA5, 0x0C, 0x4E, 0xA1, 0x65, 0xBF, 0x72, 0x9C, 0x38, 0x35, 0xBD,
    0x12, 0x2B, 0xC6, 0x62, 0x1A, 0x2A, 0xEB, 0xDD, 0xA3, 0xA3, 0x3F, 0xA5, 0xAF, 0xFC, 0xD6, 0x6F,
    0xAA, 0xEB, 0x70, 0x15, 0x3F, 0x99, 0x3A, 0xF5, 0xE3, 0xDF, 0x0A, 0x89, 0xB0, 0x0F, 0xCD, 0xAF,
    0x51, 0xC5, 0xA2, 0x43, 0xAC, 0x5B, 0xFD, 0xA7, 0x44, 0xE8, 0x7A, 0xAA, 0xAE, 0xE3, 0xA1, 0xFD,
    0xEA, 0xC9, 0x93, 0x07, 0x3F, 0x95, 0xF6, 0xA8, 0x6E, 0x69, 0x7F, 0x2A, 0xED, 0xAD, 0x43, 0xBE,
    0x7E, 0xCA, 0xEF, 0xAF, 0xA9, 0x8D, 0x23, 0x08, 0x0A, 0x12, 0xB6, 0xE8, 0x09, 0x3E, 0x26, 0xD1,
    0x07, 0x2B, 0xC7, 0xE7, 0xD7, 0xC8, 0xE2, 0xF0, 0x6D, 0x65, 0x71, 0x33, 0x9E, 0x99, 0x7A, 0x9E,
    0x0A, 0x98, 0x9D, 0xD5, 0x5D, 0x38, 0x0B, 0xE4, 0xA2, 0x13, 0x42, 0x73, 0xE1, 0x88, 0x97, 0xE9,
    0x3C, 0x70, 0x43, 0xE4, 0xFC, 0x0C, 0xC9, 0x03, 0x9C, 0xA5, 0xDE, 0xEE, 0x7C, 0x87, 0xAA, 0x47,
    0x1F, 0xE5, 0x6A, 0xE7, 0x9A, 0x0A, 0xDC, 0x11, 0x7C, 0xF4, 0xBA, 0xA3, 0x5E, 0x7B, 0x85, 0xCE,
    0xDD, 0x11, 0x5C, 0xE4, 0x2F, 0x58, 0xB9, 0x3C, 0x57, 0x7E, 0x16, 0x6E, 0x0F, 0xF1, 0x07, 0xF1,
    0xA3, 0x0C, 0x85, 0x0B, 0x1E, 0x04, 0xD7, 0xEF, 0x3A, 0xB3, 0xD5, 0x68, 0xD7, 0x04, 0xCE, 0xE1,
    0xC7, 0xE9, 0x1C, 0x7F, 0xF9, 0x77, 0x7F, 0xF8, 0xBE, 0xF9, 0xB7, 0x43, 0x8D, 0x78, 0x6D, 0x61,
    0xC3, 0x5E, 0xA3, 0x72, 0x47, 0x5D, 0x0F, 0xBD, 0xFC, 0xCD, 0xF7, 0xDF, 0x7F, 0x73, 0xF7, 0x13,
    0x37, 0xB3, 0xF0, 0x99, 0x0E, 0xFF, 0x7F, 0x15, 0x05, 0xCF, 0xF9, 0xBB, 0xD4, 0xF9, 0x4E, 0x1A,
    0x1D, 0x27, 0x51, 0xAD, 0xAE, 0xBD, 0xAD, 0x7E, 0x59, 0xA9, 0x1B, 0xF0, 0xFF, 0x16, 0x7C, 0xA4,
    0x9C, 0xFF, 0x1B, 0xDE, 0xB0, 0x43, 0xB8, 0xBE, 0xF7, 0x88, 0x39, 0x23, 0x53, 0x07, 0x85, 0xCA,
    0xDF, 0xEC, 0x25, 0xBF, 0x17, 0x3C, 0xCE, 0x03, 0xEC, 0x1A, 0x7C, 0xBD, 0x2E, 0x1D, 0xDD, 0x29,
    0x76, 0x98, 0xB7, 0x3E, 0xCB, 0x51, 0xA0, 0xED, 0x2F, 0x4A, 0x10, 0x51, 0x7A, 0xC7, 0xE4, 0x58,
    0x50, 0xF4, 0x42, 0x2A, 0xDC, 0xA4, 0x87, 0xC5, 0x81, 0xA2, 0xA2, 0xE8, 0x14, 0x43, 0x2E, 0xDC,
    0xB0, 0x97, 0x0F, 0x81, 0xF1, 0x47, 0xBD, 0x1C, 0x64, 0x3D, 0x0A, 0xAD, 0x62, 0xAC, 0xEC, 0x09,
    0x20, 0x46, 0x05, 0x50, 0x44, 0x05, 0x76, 0x8F, 0x2E, 0x26, 0xFC, 0x84, 0x08, 0x89, 0x38, 0xC8,
    0x03, 0x90, 0x82, 0x6B, 0xB1, 0x30, 0xA3, 0x22, 0x5E, 0x84, 0xB6, 0x5D, 0x3B, 0x3A, 0xFA, 0x8F,
    0xED, 0xA6, 0xE8, 0x46, 0x98, 0x72, 0x47, 0xB5, 0x9B, 0xA3, 0xDB, 0xD3, 0x6A, 0x90, 0x5A, 0x5C,
    0x4A, 0xA3, 0x74, 0xAB, 0x74, 0xB3, 0x74, 0x83, 0x4C, 0x29, 0x2D, 0xA3, 0xA6, 0x29, 0x69, 0x9B,
    0x92, 0xC6, 0x29, 0x69, 0x9D, 0x92, 0xE6, 0x29, 0x69, 0x98, 0x94, 0x25, 0x73, 0x7C, 0xBF, 0x52,
    0xDC, 0xC4, 0xA9, 0xE2, 0x36, 0xD6, 0x8F, 0xB8, 0x91, 0xEF, 0x4C, 0xA8, 0x95, 0x85, 0x5D, 0xE9,
    0x66, 0x0E, 0x42, 0x1C, 0x89, 0xE0, 0xEF, 0x7F, 0xC2, 0xED, 0x00, 0xAB, 0xD7, 0xDD, 0x51, 0xE8,
    0xFE, 0x3B, 0x3B, 0x75, 0x93, 0x28, 0x7F, 0x05, 0xF1, 0x38, 0x28, 0x55, 0x0F, 0x0A, 0xA7, 0x64,
    0x29, 0x47, 0x22, 0x04, 0xF8, 0xFD, 0x9C, 0x1E, 0xC3, 0xC2, 0x8A, 0x1F, 0xD8, 0x70, 0xA1, 0x57,
    0x8A, 0xE0, 0xED, 0xC2, 0x9F, 0x2F, 0x7F, 0x27, 0xEA, 0xDD, 0xE3, 0x4A, 0xC1, 0x43, 0x15, 0x0A,
    0xBA, 0x21, 0x6C, 0x80, 0xE7, 0xDE, 0x37, 0x91, 0x9E, 0xF8, 0x9B, 0xDF, 0x08, 0x40, 0x14, 0x82,
    0x6F, 0x00, 0xC4, 0x07, 0x2A, 0xCA, 0xD5, 0x37, 0x69, 0x28, 0x80, 0x67, 0xD3, 0xC3, 0xE9, 0xE9,
    0xCA, 0x4B, 0xE5, 0x17, 0xF9, 0x5E, 0x17, 0x89, 0xDF, 0xC7, 0x0F, 0x14, 0x89, 0x73, 0x80, 0x08,
    0xE1, 0x64, 0x06, 0xC4, 0x2A, 0xA6, 0xB1, 0xFE, 0x3A, 0x56, 0x5A, 0xC5, 0x39, 0x54, 0xA6, 0xAE,
    0x61, 0xC8, 0xC8, 0x61, 0xC8, 0x98, 0x86, 0xAE, 0xC0, 0xDD, 0x5D, 0x84, 0x09, 0xB8, 0x3F, 0x4A,
    0xA4, 0x31, 0xF8, 0xCC, 0x90, 0x87, 0xBA, 0x7B, 0x33, 0x10, 0x09, 0xA3, 0x79, 0x1F, 0x87, 0xCE,
    0xAF, 0x2A, 0x18, 0xD4, 0x1F, 0x2A, 0x17, 0xAA, 0xE4, 0x91, 0x6C, 0xB1, 0xCC, 0x79, 0xFF, 0x27,
    0x06, 0x71, 0xA9, 0x79, 0xF0, 0xDF, 0x39, 0xE0, 0x8A, 0x20, 0x61, 0xDC, 0x1C, 0x90, 0x27, 0x51,
    0x31, 0x54, 0x36, 0x82, 0x5A, 0xDE, 0xD1, 0xCF, 0xA5, 0x07, 0xD3, 0x93, 0x19, 0x46, 0x6D, 0x6A,
    0x47, 0xA8, 0x07, 0xDA, 0xD9, 0xC7, 0x53, 0x15, 0x10, 0x07, 0x71, 0x44, 0xC3, 0x4A, 0x50, 0x2D,
    0xA8, 0x1A, 0x54, 0x03, 0x16, 0x7C, 0x3A, 0x78, 0x4F, 0xE2, 0x8F, 0xB1, 0x2E, 0x75, 0xD8, 0xAB,
    0x49, 0x15, 0x39, 0xD0, 0x74, 0xA1, 0x8E, 0x82, 0x0A, 0x51, 0x8D, 0xA8, 0x4A, 0x54, 0x27, 0xAE,
    0x94, 0x02, 0xAD, 0xA6, 0x9F, 0x7C, 0x02, 0x90, 0x04, 0x5F, 0xF8, 0x05, 0x3C, 0xEA, 0xF7, 0x13,
    0xA6, 0xA1, 0xA7, 0x16, 0xBF, 0xCE, 0x93, 0x22, 0xA8, 0x51, 0xE1, 0xC3, 0xF9, 0xE9, 0xF4, 0x78,
    0x7A, 0xBE, 0xF0, 0x8B, 0x5A, 0xF5, 0x7A, 0xCE, 0x64, 0x79, 0x4D, 0x58, 0x57, 0xFF, 0xDD, 0x90,
    0xBF, 0xE7, 0x4D, 0x92, 0xD7, 0x8C, 0xCC, 0x34, 0x87, 0x1B, 0x6A, 0xC5, 0xC3, 0x5F, 0x08, 0x35,
    0xEE, 0xCA, 0x88, 0xCF, 0x7A, 0x41, 0xC4, 0x0A, 0x80, 0xE8, 0x01, 0x36, 0x5F, 0x04, 0x26, 0xC6,
    0x61, 0xDC, 0xC3, 0xD1, 0x97, 0x18, 0x39, 0xE2, 0x71, 0x57, 0x74, 0x8B, 0x92, 0x8B, 0x82, 0xC9,
    0x55, 0x2A, 0xA2, 0x58, 0xC5, 0xF5, 0x8D, 0xAC, 0x0F, 0x89, 0x6E, 0x75, 0x8E, 0x75, 0x76, 0xEB,
    0x0C, 0x6A, 0x6D, 0xD7, 0x13, 0xAC, 0x32, 0x2A, 0x00, 0x58, 0xC0, 0xA8, 0x8E, 0x64, 0xC4, 0xE7,
    0x50, 0xBD, 0x45, 0xDD, 0x16, 0x7A, 0x1A, 0xE5, 0xA3, 0xC7, 0x8F, 0x71, 0x09, 0x52, 0xAF, 0xB3,
    0x06, 0x18, 0x73, 0x3D, 0xA8, 0x35, 0x86, 0xE9, 0x89, 0x9C, 0xC4, 0xE6, 0x21, 0x29, 0x46, 0xBD,
    0x1C, 0x06, 0xE6, 0x2F, 0x4A, 0x2A, 0x9F, 0x6B, 0xFF, 0xDE, 0x68, 0xE0, 0x30, 0x14, 0x9D, 0x8C,
    0x9E, 0x89, 0x0F, 0x5F, 0xFC, 0xF4, 0x17, 0x02, 0x02, 0xFC, 0x88, 0xF5, 0x5B, 0xE9, 0xC3, 0x74,
    0x01, 0x3A, 0x08, 0x67, 0x3E, 0x36, 0xE8, 0x33, 0x31, 0x28, 0xFB, 0x00, 0xDD, 0x31, 0x3C, 0xE4,
    0xDD, 0x50, 0xFF, 0x20, 0x72, 0x4B, 0x0F, 0x27, 0x15, 0x36, 0xD5, 0x39, 0x99, 0xAC, 0x59, 0xE7,
    0x00, 0x35, 0xF8, 0x29, 0x1E, 0x26, 0x5A, 0xDB, 0xDD, 0x83, 0x5F, 0x89, 0x4D, 0xC5, 0x9B, 0x47,
    0x78, 0x42, 0xCC, 0x7F, 0x0B, 0x1F, 0x7D, 0x01, 0x43, 0x64, 0x0A, 0x9A, 0x57, 0xF2, 0xC3, 0x17,
    0x00, 0x5C, 0xCD, 0xD4, 0x08, 0xEB, 0x82, 0x8F, 0xC7, 0xE7, 0x53, 0x05, 0x96, 0xD7, 0xE0, 0x45,
    0x75, 0xA5, 0x87, 0x5F, 0xB0, 0x48, 0xEF, 0x1D, 0xD0, 0xDC, 0xD4, 0x4B, 0x77, 0x8C, 0xBE, 0x5E,
    0x35, 0xE2, 0x08, 0x9A, 0x04, 0xDE, 0x34, 0xA1, 0x81, 0x16, 0xAA, 0x05, 0xEA, 0x87, 0x37, 0x45,
    0xE5, 0xA3, 0x57, 0xA7, 0xF8, 0x35, 0xB7, 0x28, 0xE9, 0x71, 0xF4, 0x50, 0xD2, 0xAA, 0xFA, 0xF9,
    0x09, 0x8D, 0xBB, 0x38, 0xFC, 0x46, 0x23, 0xEF, 0x54, 0xDD, 0x9E, 0xC2, 0x23, 0x70, 0xB8, 0x47,
    0x55, 0x03, 0x48, 0x71, 0xFD, 0xE8, 0x70, 0x71, 0xAB, 0x5D, 0x65, 0xA8, 0x25, 0xE7, 0xFC, 0x7A,
    0x85, 0x6B, 0x1C, 0x36, 0xC7, 0x6B, 0x4D, 0x53, 0xA0, 0x5A, 0xBD, 0x11, 0xEA, 0x48, 0xAA, 0x0F,
    0x95, 0x1C, 0x23, 0xDD, 0x9E, 0x84, 0xC4, 0x0F, 0x75, 0x52, 0x12, 0x08, 0x24, 0x15, 0xA3, 0x4A,
    0xC5, 0xCD, 0x39, 0x61, 0xFD, 0x0B, 0xAB, 0x07, 0x1A, 0x83, 0x7B, 0x0A, 0x24, 0x1A, 0xC1, 0x4C,
    0xB0, 0x26, 0x4E, 0x82, 0x1A, 0xE2, 0x00, 0x73, 0x5D, 0x34, 0xBE, 0x85, 0x2F, 0x9E, 0xDC, 0x6B,
    0xD0, 0xDA, 0xEF, 0x7C, 0xF6, 0x2D, 0x2E, 0x1E, 0x76, 0x8A, 0x5B, 0x4A, 0xE3, 0x5B, 0x05, 0xFF,
    0x86, 0x50, 0x65, 0x62, 0x26, 0xF8, 0xE7, 0xBF, 0x5B, 0xD5, 0x85, 0x9E, 0x4D, 0xC3, 0xFC, 0x38,
    0xC5, 0x79, 0x7A, 0x6F, 0x04, 0x65, 0x0A, 0x33, 0x9A, 0x1D, 0xD2, 0xF9, 0x98, 0x89, 0x3C, 0xD1,
    0x37, 0x23, 0x9E, 0x3C, 0xBD, 0x07, 0x13, 0xF7, 0xFA, 0x4B, 0x50, 0x5A, 0x3E, 0xA8, 0xF3, 0xB9,
    0xCA, 0x9D, 0x90, 0xCE, 0xD8, 0x54, 0xE8, 0x44, 0x38, 0x83, 0xEA, 0xD1, 0x03, 0xA5, 0xD4, 0xE2,
    0x9A, 0x8C, 0xE1, 0x5B, 0xBB, 0x70, 0x47, 0xF5, 0x1E, 0xCC, 0x96, 0x49, 0x15, 0xBB, 0x29, 0x0A,
    0xD5, 0xAE, 0xFC, 0xC2, 0x58, 0x58, 0x7C, 0x8A, 0xE4, 0x7C, 0x1C, 0xD6, 0x3F, 0xAE, 0x93, 0x69,
    0x8F, 0x21, 0x73, 0x9F, 0x3E, 0x76, 0xD3, 0xB1, 0xF2, 0x47, 0x43, 0xF5, 0xBE, 0xE2, 0xBF, 0xDD,
    0x5B, 0x43, 0xE5, 0x56, 0x43, 0x15, 0xA5, 0x43, 0xE8, 0xA0, 0xA1, 0xD1, 0xFA, 0xFA, 0x19, 0xFC,
    0xE5, 0x3E, 0x3C, 0xDD, 0x87, 0x3E, 0x80, 0x6B, 0x25, 0x34, 0xA6, 0x82, 0xBF, 0xB1, 0xFE, 0x83,
    0x8E, 0x2D, 0xDD, 0x27, 0xC7, 0x05, 0xB0, 0x73, 0x6A, 0xC9, 0x7C, 0x8C, 0x69, 0x3B, 0x6E, 0x1D,
    0x87, 0x9D, 0x23, 0xC0, 0x0A, 0x1C, 0x9D, 0x0F, 0xF1, 0xF8, 0x9A, 0x6A, 0x8E, 0xCE, 0x3F, 0xC3,
    0x67, 0xDA, 0x35, 0x1E, 0xDD, 0x47, 0x78, 0xFC, 0x25, 0xAD, 0x29, 0xE2, 0xF1, 0x26, 0x1D, 0x87,
    0x44, 0xD0, 0x7D, 0x3A, 0x8E, 0xE9, 0x58, 0xE9, 0xA3, 0x17, 0x22, 0x2F, 0x41, 0x6D, 0xEA, 0xC7,
    0x28, 0x5E, 0xD0, 0x6A, 0xA8, 0x51, 0xAF, 0x0E, 0x67, 0x39, 0x81, 0x94, 0x4B, 0xE5, 0x13, 0x3B,
    0xBF, 0xA9, 0x1A, 0xE5, 0xEC, 0xEE, 0xAF, 0x11, 0x0B, 0x57, 0x8D, 0xF9, 0xE7, 0xCE, 0x1C, 0x17,
    0xB1, 0x4A, 0x0F, 0x8C, 0xB8, 0x47, 0xE6, 0x8C, 0x1A, 0x78, 0xB5, 0x74, 0x50, 0x12, 0xAB, 0x60,
    0x04, 0x95, 0x1A, 0xFB, 0x58, 0xC7, 0xFD, 0x21, 0x76, 0xFC, 0x70, 0x88, 0x23, 0xE7, 0xFE, 0xAE,
    0x72, 0x52, 0xA4, 0x99, 0x3D, 0xBD, 0x5F, 0x7A, 0x20, 0x7F, 0x75, 0xB6, 0x83, 0x23, 0x68, 0x38,
    0xCF, 0xA1, 0x7D, 0x19, 0x49, 0x9D, 0x8F, 0x9A, 0x81, 0xAC, 0x5D, 0x0E, 0xFE, 0x48, 0x38, 0x4E,
    0xA6, 0xE1, 0x8E, 0x7C, 0x1F, 0xA9, 0x84, 0xF5, 0xE1, 0xC1, 0xB3, 0x24, 0x4A, 0x51, 0x9D, 0x7C,
    0xD4, 0xA6, 0xF7, 0x89, 0x2F, 0x7C, 0xA1, 0x1D, 0xD5, 0x6C, 0x4C, 0xD4, 0x0E, 0x91, 0x66, 0x58,
    0x3B, 0xE4, 0x13, 0xAC, 0x1F, 0xD0, 0x2D, 0xA4, 0x1A, 0x02, 0xE5, 0xA8, 0x8E, 0xBD, 0xC6, 0x62,
    0xD4, 0xBC, 0x68, 0x46, 0xA2, 0x9E, 0x90, 0x25, 0x8B, 0x26, 0x8B, 0x16, 0x3F, 0xB9, 0x78, 0x9B,
    0x3E, 0xCD, 0x09, 0xA0, 0xE8, 0x3B, 0xF3, 0x78, 0xE1, 0xD0, 0xEF, 0xC1, 0x3C, 0x05, 0x20, 0x69,
    0x90, 0x20, 0x54, 0xDA, 0x29, 0x62, 0x65, 0x3F, 0x43, 0xB0, 0xEC, 0x93, 0x92, 0xD0, 0xCB, 0x11,
    0x2E, 0x7B, 0x39, 0x0A, 0x1B, 0x1F, 0xFB, 0x19, 0x20, 0xE6, 0xD1, 0x71, 0x4A, 0x73, 0x9F, 0x11,
    0x62, 0x66, 0xA9, 0x41, 0x93, 0x31, 0x8F, 0x75, 0x03, 0x52, 0x0D, 0x58, 0x33, 0x60, 0xC5, 0x20,
    0x5A, 0xDC, 0x87, 0x2E, 0x4F, 0x71, 0x7D, 0x6E, 0xDB, 0xFB, 0xAA, 0x5D, 0xEC, 0xB2, 0xD0, 0x33,
    0x0F, 0x80, 0x38, 0x18, 0xC5, 0x22, 0x4E, 0x99, 0xBA, 0x05, 0x5A, 0xB9, 0xB0, 0xCA, 0x00, 0x49,
    0x58, 0x67, 0x30, 0x05, 0x70, 0xA5, 0x09, 0xE4, 0x11, 0xA0, 0xB0, 0xC2, 0x5C, 0x0C, 0x0A, 0x84,
    0xFA, 0xA3, 0xB8, 0xFE, 0x01, 0xD5, 0x3C, 0xAA, 0xA9, 0xEA, 0x30, 0x99, 0x53, 0x5F, 0x53, 0xB3,
    0x69, 0xF7, 0xC1, 0x5D, 0xEA, 0x83, 0x68, 0x84, 0x7D, 0x10, 0x25, 0xD8, 0x07, 0xA0, 0xB4, 0x41,
    0x1F, 0x80, 0xCE, 0x06, 0x7D, 0xE0, 0x84, 0xD8, 0x07, 0x1E, 0xF5, 0xC1, 0xBD, 0x8D, 0xE9, 0x83,
    0x65, 0xBA, 0x26, 0xF6, 0x08, 0xD4, 0xDB, 0xE7, 0xD9, 0xDA, 0xFB, 0x8C, 0x9B, 0xEF, 0xB3, 0x5C,
    0x5E, 0x8A, 0x1E, 0xB9, 0x09, 0x3D, 0x82, 0xB3, 0x9D, 0x27, 0x21, 0x4C, 0x77, 0xB0, 0x47, 0x7E,
    0x91, 0x62, 0x8F, 0xFC, 0x3E, 0xF5, 0x08, 0x8C, 0x8C, 0x11, 0x56, 0x66, 0x23, 0xA5, 0x82, 0x0C,
    0xDF, 0x34, 0x51, 0xD3, 0x53, 0x35, 0x99, 0xAC, 0x51, 0xED, 0xB1, 0x63, 0xA0, 0xFA, 0xD8, 0x31,
    0xDE, 0xE5, 0x15, 0x95, 0xD7, 0x48, 0x54, 0x5E, 0x27, 0xB8, 0x7A, 0x9D, 0xE0, 0xEA, 0x75, 0x82,
    0xAB, 0x1B, 0x04, 0x57, 0x37, 0x36, 0xB2, 0x63, 0x5E, 0xEB, 0x98, 0xE1, 0x9A, 0x02, 0x7B, 0xE4,
    0x06, 0x83, 0xD7, 0x8D, 0x4B, 0xDA, 0x23, 0x2D, 0x0C, 0x56, 0x07, 0x32, 0xC0, 0x7C, 0xA2, 0xBA,
    0xA5, 0x34, 0x85, 0xF5, 0x5D, 0xFC, 0x49, 0xE9, 0x9C, 0x3B, 0x4B, 0x94, 0x3B, 0x5B, 0x7E, 0xCF,
    0x9E, 0xB1, 0xD8, 0xF5, 0x64, 0xD6, 0x65, 0x95, 0xAA, 0x33, 0x59, 0x55, 0x95, 0xFC, 0xD2, 0x58,
    0x14, 0xD1, 0x92, 0x35, 0x51, 0xAB, 0x64, 0x55, 0xF4, 0x38, 0x67, 0x5D, 0xB4, 0x4E, 0x59, 0x19,
    0x9D, 0x2A, 0xD1, 0x46, 0xB5, 0x3A, 0xAA, 0xF5, 0x51, 0xAD, 0x90, 0x6A, 0x8D, 0xD4, 0xA8, 0xA4,
    0x5A, 0x27, 0x5D, 0xAD, 0x94, 0xB6, 0x55, 0xD1, 0x89, 0x5A, 0xA4, 0x9A, 0x1A, 0xE5, 0x54, 0xAB,
    0xA5, 0xA6, 0xBC, 0xB5, 0x98, 0x12, 0x46, 0xB1, 0x74, 0x3F, 0xD4, 0x67, 0x6F, 0x98, 0x4F, 0xFF,
    0x51, 0xC3, 0xDB, 0xFF, 0x5C, 0x9F, 0x0D, 0xCC, 0x1A, 0x84, 0xF7, 0x48, 0x9F, 0x7D, 0x73, 0xD1,
    0x4F, 0xDF, 0x9C, 0xAB, 0xB2, 0xD6, 0xEF, 0x84, 0x1F, 0xEE, 0x18, 0x1A, 0x33, 0x55, 0x91, 0xEA,
    0x4C, 0x57, 0x34, 0x31, 0x0A, 0x65, 0x41, 0x39, 0x13, 0xDA, 0xFE, 0xB8, 0x1E, 0x09, 0x75, 0xED,
    0x3A, 0xD4, 0xF4, 0x6D, 0x28, 0xDC, 0xD0, 0xB8, 0xA1, 0x72, 0x43, 0xE7, 0x16, 0xA5, 0x1B, 0x5A,
    0xAF, 0x41, 0xED, 0xF9, 0x26, 0x4C, 0x16, 0x5C, 0x9B, 0xA7, 0x7E, 0x43, 0xF7, 0xF6, 0xD9, 0xAD,
    0x45, 0xD4, 0x27, 0xC2, 0xBF, 0x61, 0x08, 0x4F, 0x94, 0x26, 0x22, 0x13, 0x7D, 0xBF, 0xD9, 0x25,
    0x28, 0xB5, 0x94, 0xD9, 0xB3, 0xC2, 0xA9, 0xC3, 0x18, 0xE7, 0x0E, 0xA4, 0xA5, 0xF9, 0x7C, 0x08,
    0xF0, 0x10, 0xE1, 0x01, 0xD4, 0xBE, 0x21, 0xCC, 0x20, 0xEE, 0x57, 0x30, 0x85, 0x80, 0xF9, 0xC7,
    0x07, 0xF5, 0xBC, 0x7A, 0xB6, 0xAF, 0xC9, 0x66, 0x66, 0x12, 0xD2, 0x82, 0x13, 0x63, 0x45, 0xBD,
    0xB5, 0x15, 0xC6, 0xAD, 0xD0, 0x9C, 0x21, 0x34, 0x6E, 0xA2, 0xD9, 0x81, 0xEC, 0x1D, 0x74, 0xD8,
    0xBD, 0xA3, 0x59, 0x80, 0xFA, 0xFF, 0x5F, 0x37, 0xDF, 0x0E, 0x75, 0x9F, 0xD3, 0x62, 0x22, 0x3C,
    0xFB, 0x26, 0x0E, 0x29, 0x38, 0x63, 0xC4, 0x99, 0x47, 0x89, 0xAD, 0x29, 0xB1, 0x21, 0x38, 0x7D,
    0x55, 0x25, 0xCC, 0x36, 0xAC, 0x02, 0xA6, 0xA5, 0xC7, 0x39, 0xB4, 0xA5, 0x4E, 0x61, 0x92, 0xD1,
    0x5A, 0x03, 0xBD, 0x68, 0xFB, 0xC6, 0x8B, 0xB1, 0x4E, 0xF8, 0x8A, 0x0D, 0x42, 0x28, 0xEA, 0xA0,
    0x63, 0x80, 0x82, 0x31, 0xD0, 0xFF, 0x9D, 0xD1, 0xAB, 0xB1, 0x0A, 0x26, 0x32, 0xFF, 0x6C, 0x96,
    0x0C, 0xDD, 0x24, 0x70, 0x46, 0x3B, 0xB2, 0x6A, 0xF5, 0x94, 0xD6, 0x05, 0xFB, 0xD3, 0x54, 0x39,
    0x7F, 0x0D, 0xF6, 0xB1, 0xBF, 0xCC, 0xA4, 0xB7, 0x5A, 0x2F, 0x4B, 0xB8, 0xA1, 0x2F, 0x4B, 0xCE,
    0x76, 0xD8, 0x2D, 0xFB, 0x3F, 0xE2, 0x13, 0x4B, 0x16, 0xDD, 0x6D, 0x59, 0x72, 0xEE, 0x35, 0xBF,
    0xF3, 0x8A, 0x4C, 0x66, 0x03, 0x6A, 0x2D, 0xC0, 0x56, 0x5D, 0xFF, 0x2D, 0x57, 0x6C, 0x0F, 0xFA,
    0x30, 0xA0, 0x9B, 0x2B, 0xAA, 0xB4, 0x0B, 0xAA, 0x10, 0x34, 0x98, 0x3A, 0x18, 0x5B, 0x3D, 0x81,
    0x19, 0x01, 0x34, 0x3A, 0x48, 0x3D, 0x2A, 0xA7, 0x0A, 0x56, 0xAE, 0x40, 0xD1, 0x2A, 0x71, 0x8A,
    0xEE, 0x8C, 0x06, 0x19, 0x90, 0xF0, 0xA8, 0x46, 0x6E, 0xEC, 0x21, 0x25, 0xA9, 0xC9, 0x75, 0x86,
    0x1A, 0x4B, 0xC8, 0x10, 0xC7, 0xAB, 0xD8, 0x63, 0x53, 0xF2, 0xF5, 0xF1, 0x0C, 0x4C, 0x1F, 0xE8,
    0x85, 0x3F, 0xA9, 0xB2, 0x27, 0x6C, 0x3F, 0x80, 0xEA, 0xFE, 0x3A, 0x36, 0x05, 0x04, 0x8C, 0x35,
    0x30, 0x91, 0x0D, 0x58, 0x59, 0x3E, 0x5C, 0x36, 0x6E, 0x5C, 0x4A, 0x7A, 0x29, 0xD5, 0x1E, 0x12,
    0xC6, 0x4B, 0xCA, 0xE7, 0x41, 0x2F, 0xB6, 0x16, 0xB0, 0xB9, 0x40, 0xEC, 0x05, 0xDA, 0x60, 0x20,
    0x16, 0x03, 0x36, 0x19, 0x68, 0x25, 0x5C, 0x2D, 0xFC, 0x21, 0x87, 0x84, 0x16, 0x49, 0x60, 0x43,
    0x7B, 0xA0, 0xE5, 0x1E, 0x70, 0x38, 0x40, 0x4E, 0xFC, 0x41, 0x09, 0xEA, 0x76, 0x6F, 0x82, 0xCB,
    0xA8, 0x39, 0x98, 0x95, 0x70, 0xC9, 0x15, 0xFC, 0x56, 0x48, 0x2B, 0x9F, 0xB2, 0x42, 0x1E, 0x8C,
    0xDC, 0x04, 0xCC, 0x58, 0x4E, 0x11, 0x3C, 0x39, 0x4E, 0x87, 0x36, 0xE9, 0xE4, 0x63, 0x30, 0x67,
    0xC7, 0x08, 0x49, 0xD7, 0x47, 0x4D, 0xF3, 0xC7, 0x1D, 0x22, 0x0D, 0x8D, 0xA4, 0xCE, 0x2F, 0x83,
    0xCB, 0xEA, 0x95, 0x1B, 0xB6, 0x26, 0x09, 0xC2, 0x82, 0xB0, 0xC8, 0xBB, 0x5C, 0xE5, 0x78, 0xD9,
    0xC7, 0xD9, 0xAD, 0x9E, 0xD1, 0x54, 0xFD, 0x0F, 0xB9, 0xEE, 0xCE, 0xDF, 0x70, 0x9D, 0x19, 0x9A,
    0xE1, 0x21, 0x0C, 0xCF, 0x9B, 0x85, 0xA8, 0x05, 0xCB, 0x86, 0x55, 0x09, 0x42, 0x94, 0xCF, 0x8C,
    0x10, 0x9B, 0x85, 0x80, 0xE7, 0xDF, 0xBE, 0xE6, 0xA5, 0x9F, 0x1C, 0xCD, 0xBC, 0x5F, 0xFC, 0x7A,
    0x79, 0xE8, 0xF2, 0xE2, 0x31, 0x7D, 0x97, 0x8B, 0x88, 0x1B, 0xED, 0x9F, 0x13, 0xA6, 0x5F, 0x34,
    0x06, 0x39, 0x21, 0x63, 0x90, 0x37, 0x62, 0x0C, 0x82, 0x06, 0xAC, 0xC4, 0xA0, 0xCB, 0x56, 0xDF,
    0xF5, 0x31, 0xB3, 0xF3, 0x1A, 0xFC, 0xE5, 0xEC, 0x77, 0xD3, 0xCD, 0x91, 0xB9, 0x0B, 0xD4, 0x5E,
    0x37, 0x9A, 0x2E, 0x17, 0xA5, 0xA5, 0xFA, 0x42, 0x87, 0x48, 0xE8, 0xE2, 0x6F, 0xE9, 0xA2, 0x17,
    0x3B, 0x09, 0x05, 0xFA, 0x7F, 0x5F, 0xB5, 0xDE, 0xAD, 0x7C, 0x5D, 0x0D, 0x45, 0x7D, 0xBC, 0x2B,
    0xD8, 0x77, 0xD2, 0x7D, 0x7F, 0xD6, 0xEB, 0xB2, 0x29, 0xA4, 0x2F, 0x4B, 0x3B, 0x9F, 0x76, 0x10,
    0xD1, 0x36, 0xDF, 0x93, 0xC5, 0x16, 0xF7, 0xED, 0xE0, 0x32, 0xD3, 0x48, 0xB9, 0x97, 0x25, 0xCA,
    0x1D, 0xB5, 0x42, 0x12, 0xAC, 0x0E, 0x82, 0x58, 0x57, 0x1E, 0x41, 0xFA, 0x72, 0x6D, 0x90, 0x76,
    0x4B, 0x1D, 0xE8, 0x70, 0xD5, 0x25, 0xEE, 0x65, 0x6F, 0xFF, 0xD7, 0x9F, 0xEA, 0x6B, 0x8C, 0xE0,
    0xA8, 0x30, 0x44, 0x89, 0x77, 0x69, 0x29, 0x02, 0x71, 0x82, 0xEC, 0xD3, 0x84, 0x14, 0x68, 0xAF,
    0x66, 0xAC, 0x08, 0xC1, 0xFC, 0x2F, 0x96, 0x72, 0x0C, 0x0E, 0x20, 0xBC, 0x40, 0xB7, 0x1F, 0x46,
    0x0C, 0xF2, 0xD1, 0x25, 0xCC, 0x80, 0x5A, 0x87, 0x8C, 0x1A, 0x56, 0x5C, 0x28, 0xC6, 0x8D, 0x18,
    0x6E, 0x65, 0xE4, 0xC0, 0x9F, 0x63, 0xEC, 0x38, 0xED, 0x4C, 0x4E, 0x87, 0x0B, 0xD6, 0x2A, 0xC6,
    0xC6, 0xDD, 0x6F, 0x6C, 0x04, 0xFE, 0xA1, 0x91, 0x8F, 0x03, 0xF3, 0xBD, 0xA0, 0xF1, 0xE1, 0x34,
    0xB8, 0xA8, 0xF1, 0xA4, 0x85, 0x28, 0x0D, 0xA6, 0xAC, 0x56, 0x59, 0xD9, 0x61, 0xE4, 0xD5, 0x8F,
    0x79, 0xF5, 0x22, 0x03, 0x32, 0x65, 0x54, 0xE1, 0x5C, 0x08, 0x86, 0xC0, 0x00, 0x6D, 0x4B, 0x15,
    0x61, 0x03, 0xAE, 0xCC, 0x8C, 0x08, 0x1E, 0xF0, 0x51, 0x09, 0x21, 0x04, 0xC5, 0xA2, 0x11, 0x48,
    0xD0, 0xF7, 0x08, 0x27, 0xD4, 0x1E, 0xAE, 0x1D, 0x10, 0x54, 0xE0, 0xEF, 0x31, 0x5A, 0x4C, 0xA8,
    0x95, 0x00, 0x18, 0xD4, 0x27, 0x82, 0x19, 0x8B, 0x68, 0x60, 0x28, 0x84, 0x41, 0x4D, 0x7C, 0x06,
    0x94, 0x15, 0xFA, 0x21, 0xAF, 0x06, 0x0D, 0x35, 0xBA, 0x4E, 0xA5, 0x6D, 0x38, 0x69, 0x10, 0xA5,
    0x01, 0x95, 0x25, 0xB8, 0xB2, 0x59, 0x5C, 0xA2, 0x6D, 0xD9, 0x43, 0x53, 0xEB, 0x71, 0xEB, 0x4C,
    0x7F, 0x3A, 0x5E, 0xB0, 0x5E, 0xFA, 0x72, 0x72, 0x49, 0xF7, 0xCC, 0x5F, 0xC0, 0x1B, 0xE7, 0xC3,
    0x25, 0x73, 0x63, 0x69, 0xD8, 0x59, 0xD0, 0x9B, 0xB9, 0xB6, 0xE5, 0xAB, 0xF5, 0xF8, 0xEA, 0x32,
    0x52, 0x72, 0x0D, 0x1C, 0xBF, 0x18, 0x4A, 0xF6, 0xB3, 0xF9, 0x35, 0xF7, 0x7E, 0xB6, 0x86, 0x06,
    0xB0, 0x95, 0xEE, 0x57, 0x5A, 0x3E, 0xC3, 0x0D, 0x8F, 0x39, 0x23, 0xE6, 0x32, 0x7D, 0xFF, 0x5E,
    0x5D, 0x19, 0xCD, 0xCB, 0x92, 0x73, 0x5C, 0x97, 0x47, 0x5E, 0xC3, 0x08, 0x44, 0xD0, 0x69, 0x64,
    0x8E, 0x01, 0xDA, 0x74, 0xCE, 0xFC, 0xE6, 0x8C, 0xE8, 0x9C, 0x38, 0xCE, 0x0D, 0xED, 0x14, 0xFC,
    0xC2, 0x88, 0xE7, 0xBC, 0x70, 0x90, 0xC2, 0x1D, 0xC4, 0x75, 0xC1, 0xC8, 0xC9, 0x20, 0x6A, 0x9B,
    0xE7, 0x1D, 0x4F, 0xE2, 0xE9, 0x71, 0xCA, 0x9C, 0xF7, 0x65, 0x3D, 0x05, 0x35, 0x9B, 0x79, 0x2F,
    0x8D, 0x4B, 0x6F, 0xD2, 0x92, 0xE3, 0xB6, 0x24, 0xB7, 0x65, 0xB9, 0x2D, 0xCD, 0x6D, 0x7A, 0xB6,
    0xF9, 0xB0, 0xCD, 0x89, 0x6D, 0x5E, 0x6C, 0x73, 0x63, 0x9B, 0x1F, 0x3B, 0x1C, 0xD9, 0xE6, 0xC9,
    0xA5, 0x5C, 0x79, 0x79, 0xE8, 0xA9, 0x16, 0xF0, 0x59, 0x97, 0x6E, 0xCB, 0xCE, 0x5F, 0x24, 0x3D,
    0x17, 0x2F, 0x7C, 0xB4, 0x17, 0x3F, 0xCE, 0x5E, 0x00, 0xD9, 0xF6, 0xD1, 0x8B, 0xEC, 0xA3, 0x26,
    0xA4, 0x41, 0x5C, 0xB2, 0x81, 0x50, 0x76, 0x9D, 0xE9, 0x99, 0x95, 0xA7, 0xDD, 0x48, 0x4A, 0x02,
    0x58, 0x58, 0xB6, 0x1F, 0xAB, 0x8A, 0x10, 0xB6, 0x87, 0x01, 0x7E, 0x63, 0x82, 0x58, 0xB8, 0xA5,
    0x54, 0xFB, 0x84, 0xB1, 0x80, 0xE3, 0x70, 0x4A, 0x20, 0x0B, 0x81, 0x30, 0x85, 0xDA, 0x27, 0x94,
    0x05, 0x12, 0x82, 0xE3, 0x0F, 0xC1, 0x2C, 0x50, 0x10, 0x12, 0x52, 0x10, 0xCE, 0x4E, 0xE3, 0xFA,
    0xE7, 0x75, 0x4E, 0x40, 0x5B, 0x78, 0xD3, 0x01, 0x4E, 0xD4, 0x35, 0xD2, 0xB6, 0x89, 0x33, 0x5E,
    0x48, 0xD6, 0xE1, 0x42, 0x76, 0x0A, 0x16, 0x9E, 0xB6, 0x42, 0x4D, 0x1B, 0xC8, 0x6D, 0x61, 0x6E,
    0x0B, 0x94, 0x96, 0xE8, 0x54, 0x6D, 0x1E, 0x6C, 0x31, 0x21, 0x4C, 0xDF, 0x1A, 0x2E, 0xA4, 0x88,
    0x48, 0x61, 0x43, 0x9B, 0xFC, 0xF2, 0x84, 0x0F, 0xBD, 0xD3, 0xBD, 0x94, 0x19, 0x11, 0x1C, 0xDC,
    0xE3, 0x91, 0xE6, 0x44, 0xB0, 0xE4, 0x10, 0x15, 0x85, 0x15, 0x71, 0x54, 0x17, 0x5E, 0x04, 0xDE,
    0x1E, 0xE1, 0x27, 0xCC, 0x8C, 0xA3, 0x03, 0xEC, 0x14, 0xE6, 0xC6, 0x08, 0x7D, 0x8E, 0xDC, 0x94,
    0xD8, 0xF1, 0x7E, 0xFD, 0x55, 0xA1, 0x7E, 0xB5, 0x1E, 0x31, 0x3F, 0xFE, 0x3D, 0x0F, 0x5C, 0xC2,
    0x90, 0x50, 0x2B, 0x98, 0x99, 0x6A, 0xC2, 0xFC, 0xF6, 0xD1, 0x6F, 0x76, 0x59, 0xB2, 0xC3, 0x7B,
    0x2B, 0xDE, 0xB4, 0xD9, 0xB2, 0xC3, 0x97, 0x1D, 0xC6, 0xEC, 0x70, 0x66, 0x87, 0x35, 0xBB, 0xBC,
    0xD9, 0x61, 0xCE, 0x75, 0xB8, 0xF3, 0x66, 0x13, 0x28, 0xE0, 0x92, 0x2F, 0x15, 0xB3, 0x25, 0x44,
    0x7C, 0x6B, 0xBE, 0xB4, 0xA7, 0xDF, 0x37, 0x8C, 0xE9, 0x65, 0x0D, 0x67, 0xC6, 0x38, 0x94, 0x33,
    0x6B, 0x62, 0x84, 0xE1, 0x50, 0x78, 0x73, 0x00, 0x37, 0x09, 0x73, 0x66, 0xA8, 0xC4, 0x55, 0xCC,
    0x9D, 0xE0, 0xB2, 0x0D, 0x01, 0x49, 0xCC, 0x9E, 0x50, 0xC3, 0x6B, 0x71, 0xC6, 0xFC, 0x19, 0x34,
    0xE6, 0xA3, 0x62, 0x40, 0x3E, 0xDC, 0xC2, 0xA1, 0xBF, 0x7A, 0xF4, 0xE7, 0xCB, 0x65, 0x79, 0xB8,
    0xE4, 0xBC, 0x8D, 0x0F, 0xC1, 0x92, 0xF3, 0x76, 0x50, 0x74, 0x8B, 0x55, 0xDB, 0xBC, 0xDA, 0x66,
    0xD6, 0xB5, 0x66, 0x00, 0x6A, 0xF1, 0xCF, 0xB4, 0xB4, 0xD8, 0xD9, 0x4F, 0xAE, 0x0A, 0xF7, 0xB3,
    0x7E, 0x21, 0xDC, 0xDF, 0x22, 0xDB, 0xB8, 0xFB, 0xA6, 0xE5, 0x96, 0xB5, 0x49, 0xDC, 0xFF, 0x32,
    0xF7, 0xDC, 0xE5, 0xC6, 0xAD, 0x79, 0x25, 0x27, 0x6A, 0x77, 0x96, 0xBF, 0xED, 0xC6, 0xCB, 0xD3,
    0x8D, 0xF3, 0xD3, 0xD3, 0x7E, 0xBE, 0xF8, 0xFA, 0x5A, 0xAF, 0xED, 0x90, 0xF6, 0x6C, 0x43, 0xDA,
    0x03, 0xD5, 0xF6, 0x9B, 0x5F, 0x7D, 0x3A, 0x7E, 0x86, 0xD3, 0x57, 0x64, 0xEA, 0x6F, 0xE4, 0x6D,
    0x4C, 0xA9, 0xA2, 0x48, 0xDA, 0x20, 0x32, 0xA3, 0x16, 0x59, 0x1B, 0xF6, 0x68, 0x05, 0x00, 0x25,
    0x6D, 0xE8, 0x4C, 0x31, 0x8F, 0x01, 0xCA, 0xD9, 0x30, 0x4A, 0x40, 0x75, 0x26, 0x29, 0x8B, 0x26,
    0xA8, 0x3A, 0x93, 0x8C, 0x45, 0x05, 0x9E, 0x92, 0x84, 0x61, 0xD8, 0x63, 0xC9, 0xF2, 0x05, 0xCE,
    0xB1, 0x5A, 0xBA, 0x1E, 0x62, 0x04, 0x2F, 0xCF, 0x34, 0xA6, 0x60, 0xD7, 0x11, 0xC9, 0xA2, 0x4E,
    0x62, 0xB9, 0x82, 0x0C, 0x69, 0x61, 0x9B, 0xE6, 0xC3, 0xA7, 0x68, 0xD5, 0xC3, 0x85, 0x92, 0xD4,
    0x92, 0xA3, 0x96, 0x14, 0xB5, 0x64, 0xA8, 0x2D, 0x41, 0x2D, 0xF9, 0x59, 0x2E, 0x3D, 0xDE, 0x73,
    0x3B, 0x6B, 0x98, 0xA7, 0x73, 0x76, 0x8B, 0x25, 0xCA, 0x0D, 0x07, 0xD0, 0x13, 0x28, 0x4F, 0x6E,
    0x18, 0xD7, 0x3C, 0x71, 0x71, 0xFF, 0x69, 0xFD, 0xFD, 0x8A, 0x64, 0xC9, 0x7D, 0x07, 0xFC, 0xF3,
    0x49, 0x92, 0x1C, 0x90, 0x3A, 0x9F, 0xE4, 0x08, 0xF3, 0xA2, 0x05, 0x24, 0x45, 0x98, 0xFB, 0xCE,
    0x27, 0x19, 0x82, 0x30, 0x6D, 0x91, 0x20, 0x80, 0xC0, 0xDB, 0x25, 0xCB, 0xCF, 0x11, 0x98, 0x86,
    0xD8, 0x30, 0x84, 0xD9, 0xC6, 0x48, 0x76, 0xE0, 0xE4, 0x70, 0xF3, 0xCC, 0xBE, 0x5F, 0x87, 0xBA,
    0x1A, 0xC1, 0x3C, 0x63, 0x8C, 0x6B, 0x5F, 0xDB, 0xD2, 0x7E, 0x7D, 0x93, 0xFB, 0xAB, 0x87, 0x82,
    0x1A, 0x18, 0x64, 0xC9, 0xA0, 0xE1, 0x10, 0xAC, 0xD3, 0x72, 0x7F, 0x7A, 0x53, 0x20, 0xE3, 0x40,
    0x42, 0x03, 0x2A, 0xA9, 0x2F, 0x02, 0x06, 0xAF, 0x8C, 0x23, 0x5E, 0x8C, 0x59, 0xFE, 0xEE, 0x8A,
    0xC0, 0x12, 0x5A, 0x90, 0x90, 0x12, 0x58, 0xB8, 0x99, 0x2D, 0xCB, 0xFF, 0x40, 0x92, 0x84, 0xA1,
    0xE2, 0x3E, 0x58, 0x94, 0x35, 0x52, 0xA4, 0x1A, 0x28, 0x3E, 0xDA, 0x44, 0x53, 0xFA, 0xF5, 0x8F,
    0x74, 0x8E, 0x14, 0x1D, 0x3F, 0x41, 0x0A, 0x0A, 0xAE, 0xF4, 0x17, 0x3B, 0x6C, 0xD4, 0x25, 0x95,
    0x08, 0xD9, 0x87, 0x92, 0x85, 0x20, 0xF7, 0x60, 0x83, 0x88, 0x79, 0xF0, 0x84, 0x78, 0x07, 0x0D,
    0xE1, 0xCC, 0x3A, 0x29, 0x45, 0xFC, 0x00, 0xE7, 0x96, 0x16, 0xAF, 0xFC, 0x43, 0x52, 0x40, 0x1E,
    0xF3, 0x8E, 0x80, 0x16, 0xC2, 0x36, 0xA5, 0x70, 0xCD, 0xCF, 0x5A, 0x96, 0xDC, 0xF1, 0x1C, 0xCB,
    0x0C, 0xE7, 0x4E, 0xFC, 0x39, 0x26, 0x09, 0xE6, 0x98, 0xC5, 0xF0, 0x8A, 0x61, 0x15, 0xC3, 0x29,
    0x6B, 0xCC, 0xCC, 0x16, 0x71, 0xE4, 0xBA, 0xA6, 0xB1, 0x2D, 0xB3, 0xAD, 0xAB, 0xC6, 0x0D, 0x92,
    0xB9, 0xAE, 0x49, 0xCE, 0xA6, 0xEF, 0x96, 0x57, 0x3B, 0x2F, 0x9D, 0xB8, 0xAA, 0x57, 0xCE, 0x5E,
    0x59, 0xF5, 0xFA, 0x58, 0x2F, 0xF3, 0xE8, 0x20, 0x55, 0xB7, 0x4E, 0x99, 0x6B, 0x83, 0xEF, 0xE6,
    0xCC, 0xB4, 0x43, 0xAB, 0x60, 0x9E, 0x1D, 0xA3, 0xDB, 0x06, 0xB2, 0x2C, 0x31, 0x28, 0x72, 0x2C,
    0xF1, 0x2C, 0x32, 0x2C, 0xA6, 0x7E, 0x65, 0x65, 0x0A, 0xAE, 0x12, 0xBB, 0x7A, 0xE8, 0x38, 0x85,
    0xDC, 0xDA, 0xFB, 0xAF, 0xA2, 0x46, 0x81, 0xAD, 0x92, 0x79, 0x15, 0x72, 0x41, 0x6A, 0x56, 0x4D,
    0x84, 0x53, 0xA7, 0x9A, 0x51, 0x0F, 0x1B, 0x3E, 0x35, 0x6C, 0x3A, 0x6E, 0x4E, 0xE4, 0xA3, 0xF1,
    0x1C, 0x8B, 0x1E, 0xCC, 0x31, 0xA8, 0xE1, 0x4F, 0xC3, 0x9E, 0x0D, 0x77, 0x1A, 0xE6, 0x3C, 0x93,
    0x37, 0xAF, 0x0E, 0x55, 0x67, 0x19, 0x72, 0xBC, 0xFC, 0xE4, 0x82, 0xA8, 0xEA, 0xCF, 0x2D, 0x44,
    0xF8, 0x5B, 0xAA, 0xAE, 0x4F, 0xD5, 0xDD, 0x39, 0xF2, 0xAD, 0xE3, 0xB5, 0xF5, 0xAA, 0xD4, 0xC1,
    0x92, 0x69, 0x2E, 0xA7, 0x26, 0x22, 0xEC, 0xF9, 0x51, 0xA5, 0x57, 0xD0, 0x0F, 0x18, 0x57, 0x29,
    0x41, 0x1A, 0xE2, 0xAA, 0x47, 0xF9, 0xD1, 0x6A, 0x4E, 0x41, 0xC1, 0xB8, 0x0A, 0xEB, 0x2C, 0x84,
    0xAB, 0x2E, 0xA4, 0x4A, 0x23, 0x5C, 0x05, 0xB8, 0x64, 0x5C, 0x55, 0xFF, 0xE5, 0x84, 0x71, 0x15,
    0xC9, 0xC4, 0x2B, 0xBA, 0x30, 0x3B, 0x66, 0x5C, 0x85, 0x0C, 0xA1, 0x82, 0xAB, 0x23, 0xC1, 0xD5,
    0x47, 0x1B, 0xA7, 0x03, 0x34, 0xC9, 0xD2, 0xBC, 0xD1, 0xFC, 0xB5, 0x33, 0x16, 0xC6, 0x4C, 0x8F,
    0x45, 0x9A, 0xD5, 0x2D, 0x33, 0x43, 0xEB, 0x17, 0x91, 0xF1, 0x9B, 0xF3, 0x42, 0x3D, 0xF0, 0xE9,
    0x3A, 0x82, 0xBD, 0x27, 0xD1, 0x67, 0x7A, 0x38, 0xE4, 0x14, 0x66, 0x9C, 0x97, 0x5C, 0x67, 0xD7,
    0x06, 0x96, 0x4C, 0xC4, 0x8B, 0x6E, 0xEF, 0x78, 0x24, 0x7E, 0x74, 0xD0, 0x76, 0x89, 0x8A, 0x06,
    0x0F, 0x39, 0xF6, 0xA5, 0x3B, 0x8A, 0x2B, 0x1D, 0x9C, 0x5E, 0x67, 0x8A, 0xFD, 0xE9, 0xD0, 0x0D,
    0xE1, 0xB9, 0x67, 0x74, 0xD8, 0xD2, 0xEF, 0x3C, 0x33, 0x62, 0x68, 0x3F, 0xC5, 0xC6, 0x53, 0xB1,
    0xF1, 0x55, 0x5C, 0x1C, 0x64, 0x43, 0x0F, 0xD7, 0x54, 0x09, 0xBE, 0x97, 0xCC, 0x5C, 0xD9, 0x8E,
    0x63, 0x5F, 0x17, 0x71, 0x6D, 0x4D, 0xF6, 0xC1, 0x4F, 0xF2, 0x99, 0x2B, 0x5B, 0xC4, 0x7D, 0x06,
    0xC4, 0x6D, 0x22, 0x58, 0xC4, 0x21, 0x7D, 0xCD, 0xA8, 0x96, 0x2D, 0x62, 0x6C, 0xE9, 0x77, 0x71,
    0x88, 0x4B, 0x79, 0x63, 0xC2, 0x31, 0x51, 0x04, 0x8F, 0x60, 0xCE, 0x27, 0xE0, 0x1C, 0x92, 0x59,
    0x79, 0x48, 0x9B, 0x41, 0xC0, 0x6C, 0x93, 0xD2, 0xC6, 0x60, 0x1D, 0x87, 0x84, 0x4A, 0x43, 0x5A,
    0x6A, 0xF0, 0xA9, 0xC6, 0x3E, 0xA5, 0x92, 0xF1, 0x29, 0x49, 0x88, 0x4F, 0x19, 0xF7, 0x7C, 0x72,
    0x58, 0xF6, 0x29, 0xC7, 0x7A, 0x40, 0xED, 0x0D, 0x48, 0x36, 0x03, 0x52, 0xEE, 0xF8, 0x88, 0xFD,
    0x00, 0x20, 0xF0, 0xE4, 0xE8, 0xB8, 0xA2, 0x6C, 0xB5, 0xB8, 0x76, 0x54, 0xCF, 0xE5, 0xAD, 0xDC,
    0x99, 0x15, 0xEC, 0x81, 0xEE, 0xD3, 0xB8, 0xD0, 0x18, 0x2F, 0xF7, 0x04, 0xDA, 0x59, 0x5F, 0x5F,
    0xD0, 0x09, 0x2F, 0x95, 0xAD, 0x1B, 0x6D, 0x97, 0x62, 0x7E, 0xB7, 0xA6, 0xDA, 0xF8, 0x8E, 0x60,
    0x45, 0xE3, 0x00, 0xA6, 0xAA, 0xA7, 0x71, 0xA0, 0x5F, 0x8A, 0x5D, 0x83, 0x12, 0xC6, 0xE3, 0x38,
    0x80, 0x35, 0x66, 0x1F, 0x4A, 0x60, 0x19, 0x76, 0xA1, 0xD4, 0xB1, 0x33, 0xE8, 0x8E, 0xCD, 0xE3,
    0x80, 0x9D, 0xCA, 0x38, 0xE0, 0x88, 0x41, 0xE3, 0xC8, 0x98, 0xD9, 0xCD, 0x38, 0xF0, 0x68, 0x43,
    0x66, 0x89, 0x57, 0x8F, 0xAA, 0x9B, 0x30, 0xBA, 0xAE, 0xA6, 0xAA, 0xAF, 0xA9, 0x1A, 0x69, 0xAA,
    0xFA, 0x5B, 0xAA, 0x9E, 0x41, 0xD5, 0xAE, 0xB1, 0x9D, 0x11, 0xF9, 0x80, 0x33, 0x72, 0x4B, 0x60,
    0x2D, 0xD3, 0xCF, 0x37, 0x8C, 0xEB, 0x1B, 0xCE, 0x85, 0x68, 0xB8, 0x42, 0x0F, 0xFC, 0x92, 0x26,
    0x06, 0xCE, 0x1E, 0x1A, 0x65, 0x20, 0xD6, 0x0C, 0x6E, 0xEA, 0x17, 0x60, 0x56, 0x42, 0x39, 0xB3,
    0xA6, 0x46, 0x45, 0x90, 0x76, 0x04, 0x46, 0x17, 0x08, 0x8C, 0x77, 0x71, 0xA0, 0x61, 0x9C, 0x88,
    0x56, 0x51, 0x2A, 0x11, 0x8F, 0xA8, 0xE2, 0x4B, 0x56, 0xEA, 0x31, 0xD5, 0x1C, 0x20, 0xD1, 0x62,
    0x3B, 0xA9, 0x07, 0x78, 0xC7, 0x69, 0x9D, 0x3C, 0x33, 0x3A, 0x04, 0x11, 0xF6, 0x57, 0x65, 0x54,
    0x94, 0xCA, 0x90, 0xF3, 0x84, 0xD2, 0x23, 0x08, 0x31, 0x6D, 0x7E, 0x12, 0x6C, 0x46, 0x21, 0xA9,
    0x0F, 0x07, 0xB5, 0x49, 0xD1, 0x56, 0x6B, 0x55, 0x0C, 0x46, 0x87, 0x2E, 0x84, 0x5A, 0xB3, 0x53,
    0x17, 0xCB, 0xE8, 0xC4, 0x53, 0x7D, 0x21, 0xED, 0xEE, 0xE6, 0xA3, 0x7F, 0x5F, 0x76, 0xCC, 0x68,
    0xC7, 0x3F, 0xA9, 0x69, 0x3B, 0x47, 0x3B, 0xDF, 0x95, 0xCB, 0x5B, 0xDA, 0xE7, 0x83, 0x56, 0x9D,
    0x63, 0xB1, 0x5E, 0xD2, 0xC4, 0x89, 0x9C, 0xA7, 0x1D, 0xED, 0x3B, 0x8D, 0x2E, 0x80, 0xE4, 0x3A,
    0x0D, 0x1E, 0x01, 0xE2, 0x39, 0x5D, 0x68, 0x9D, 0xAF, 0xD0, 0x3A, 0x5F, 0x3E, 0xA7, 0xF3, 0x25,
    0xA2, 0xF3, 0x9D, 0x6E, 0x8C, 0xCE, 0x17, 0xCE, 0x19, 0x81, 0x25, 0x0F, 0xA6, 0x32, 0x5C, 0xA9,
    0x78, 0x61, 0xB6, 0xB3, 0xA5, 0x12, 0xF5, 0x9F, 0xAE, 0xCA, 0x68, 0x9E, 0xCF, 0xA3, 0xC6, 0x4E,
    0x6D, 0x54, 0x72, 0xBB, 0x51, 0x81, 0x1A, 0x8F, 0x83, 0xE6, 0x66, 0x27, 0x9D, 0x77, 0x1F, 0x68,
    0x3A, 0x0C, 0xA8, 0x73, 0xC7, 0x64, 0x88, 0xD3, 0x3A, 0xCB, 0xBE, 0xD1, 0x59, 0x2A, 0xAD, 0xB3,
    0x1C, 0x97, 0xF3, 0x3A, 0xCB, 0xF4, 0x39, 0xEA, 0x2C, 0x5B, 0xFA, 0x5D, 0xF8, 0x2C, 0x7B, 0x77,
    0x46, 0x48, 0x66, 0xCB, 0x60, 0xED, 0x92, 0xE7, 0xD6, 0x9E, 0x0C, 0x53, 0x9E, 0x8C, 0x52, 0x9E,
    0x0C, 0x52, 0x9E, 0x8C, 0x51, 0x9E, 0x0C, 0x51, 0x9E, 0x8C, 0x50, 0xAE, 0xAC, 0x10, 0x81, 0x00,
    0x8A, 0x9F, 0xB4, 0xF8, 0x05, 0x29, 0xF1, 0x8F, 0x96, 0x38, 0x94, 0xA9, 0x44, 0xA1, 0x54, 0x17,
    0x9C, 0xE4, 0xE2, 0x32, 0xD3, 0xEB, 0x22, 0x92, 0x3C, 0xAC, 0xA2, 0x97, 0xDF, 0xCA, 0x2D, 0x18,
    0xB4, 0xDE, 0xBF, 0xC4, 0xF4, 0xEA, 0x86, 0x7F, 0xAF, 0x51, 0x0C, 0xCE, 0x28, 0x22, 0x0C, 0xE9,
    0x5F, 0x10, 0xE7, 0x6E, 0xA7, 0x34, 0x16, 0xDB, 0x29, 0x5B, 0x5F, 0x52, 0x1A, 0x87, 0x61, 0x62,
    0x4C, 0x6B, 0x88, 0x29, 0x8D, 0xC1, 0x83, 0x84, 0x7D, 0x24, 0x12, 0x1E, 0x7F, 0xD5, 0x8B, 0x8E,
    0x73, 0x4F, 0xBB, 0x3E, 0x70, 0x67, 0x96, 0xF9, 0xD3, 0x95, 0xBD, 0xB5, 0xCB, 0x3B, 0x52, 0x32,
    0xF2, 0xD3, 0x26, 0x72, 0x98, 0x3A, 0x35, 0x97, 0x38, 0xEF, 0x4C, 0x30, 0x3F, 0x39, 0xE7, 0x38,
    0xF7, 0x97, 0xBC, 0xFD, 0xE7, 0x19, 0xE7, 0xAE, 0x6E, 0x67, 0xDA, 0x7B, 0x35, 0xAE, 0x04, 0x29,
    0x2C, 0xDA, 0x17, 0x07, 0xB1, 0x02, 0x36, 0x1D, 0x0D, 0xB5, 0xD3, 0xAA, 0xCE, 0x8B, 0x41, 0x56,
    0x20, 0x42, 0x0C, 0x90, 0x07, 0xC9, 0x8D, 0x01, 0x02, 0x22, 0x1E, 0x0B, 0xF5, 0xA1, 0x4C, 0x9A,
    0xEE, 0xA3, 0xFA, 0xCD, 0xC8, 0xF1, 0x05, 0xEE, 0xC2, 0xCA, 0xFB, 0xAD, 0x42, 0x76, 0xC1, 0x4D,
    0xF2, 0x58, 0xD8, 0x2C, 0xBA, 0x6C, 0x66, 0xDC, 0xA8, 0xBF, 0x20, 0x92, 0xCC, 0x7F, 0xCA, 0xF8,
    0xB1, 0x2D, 0x75, 0xD5, 0xD2, 0xC0, 0x5A, 0x75, 0xBD, 0x94, 0x89, 0x21, 0x6E, 0xF0, 0x46, 0x13,
    0xC3, 0x08, 0xF7, 0xC5, 0xC2, 0x89, 0x61, 0x35, 0xE0, 0xC1, 0x08, 0x36, 0xBB, 0xE1, 0xB4, 0x2B,
    0xFD, 0xCC, 0xE2, 0xC4, 0x2B, 0x40, 0x03, 0x4E, 0xBD, 0x02, 0x04, 0x62, 0xB7, 0x16, 0xEF, 0x11,
    0xE0, 0x10, 0x0E, 0x4B, 0xA8, 0x63, 0xD3, 0xC0, 0x54, 0xC1, 0xD6, 0x5E, 0x34, 0x34, 0x65, 0xF6,
    0x74, 0x33, 0x26, 0x86, 0x96, 0x71, 0x03, 0x1F, 0x98, 0x6D, 0x84, 0x3D, 0xBD, 0x60, 0xA2, 0x02,
    0xBD, 0x71, 0x2E, 0xAF, 0x3A, 0xE9, 0x34, 0x88, 0x1A, 0x64, 0xD5, 0x3E, 0xC3, 0x2C, 0xC0, 0xFA,
    0x3E, 0x03, 0x2D, 0xEC, 0xC1, 0x53, 0x31, 0xD4, 0x02, 0x4E, 0x16, 0x0C, 0xB6, 0x53, 0xA0, 0x20,
    0xC3, 0x6D, 0xD9, 0x7B, 0x6E, 0x39, 0xBA, 0xAF, 0x4A, 0x3B, 0xCE, 0x75, 0x39, 0x72, 0x7F, 0x66,
    0x16, 0xB9, 0xAF, 0xB6, 0x59, 0xFF, 0x36, 0x9D, 0x2E, 0x17, 0x98, 0xF5, 0x8F, 0xE8, 0x10, 0x09,
    0x5D, 0xFC, 0x2D, 0x5D, 0xBA, 0xB0, 0xAA, 0xF3, 0x79, 0x85, 0xEA, 0xE5, 0xC8, 0xFA, 0x67, 0x27,
    0x5D, 0x73, 0x93, 0x9D, 0xA8, 0x2B, 0x99, 0x9B, 0xEA, 0x65, 0x69, 0xE7, 0xD7, 0x4C, 0x1D, 0xDB,
    0x9A, 0xDD, 0xB5, 0xD6, 0x78, 0x40, 0x9E, 0xB5, 0xF0, 0x63, 0xBC, 0x83, 0xD8, 0x37, 0x28, 0x8B,
    0x0B, 0x02, 0x80, 0x4F, 0xB6, 0x46, 0xF2, 0xB5, 0xA6, 0x0D, 0x07, 0x11, 0x04, 0xC6, 0x68, 0xB7,
    0x67, 0x5F, 0x6B, 0xEB, 0x4B, 0x89, 0xB5, 0x1B, 0xF7, 0x7F, 0x21, 0x61, 0x40, 0xBE, 0x0D, 0x53,
    0x33, 0xB6, 0x76, 0x1C, 0x27, 0x63, 0x81, 0x03, 0x98, 0xC7, 0xEB, 0xCC, 0x2E, 0x7F, 0x56, 0x99,
    0x10, 0xA0, 0x82, 0x41, 0xA1, 0x84, 0x07, 0xEB, 0x61, 0x64, 0x67, 0x63, 0x7C, 0xAD, 0x9B, 0xFD,
    0x4D, 0x1A, 0x8B, 0x6C, 0xDD, 0x28, 0x97, 0x89, 0x89, 0xC6, 0x2B, 0x44, 0xD9, 0x1C, 0xD0, 0xDA,
    0x17, 0x02, 0x85, 0x93, 0x60, 0x67, 0x52, 0xC0, 0x08, 0xAD, 0x68, 0xB0, 0x1B, 0x35, 0x58, 0x94,
    0xC5, 0x8F, 0x7A, 0x58, 0x89, 0x23, 0xB5, 0x1A, 0x47, 0xE2, 0x49, 0xFD, 0x17, 0xB0, 0x01, 0x25,
    0x07, 0xBC, 0xFD, 0x5D, 0xEE, 0x86, 0x8C, 0x1E, 0x75, 0xEA, 0x86, 0x92, 0xC5, 0xE5, 0x6F, 0x63,
    0x35, 0x13, 0x30, 0x32, 0xFD, 0x76, 0x13, 0xE6, 0x66, 0x6D, 0x62, 0x8E, 0xA6, 0x8E, 0x33, 0x65,
    0xD4, 0xDC, 0xE0, 0x35, 0x91, 0x86, 0x71, 0xD5, 0xC4, 0x34, 0x1A, 0x2B, 0xBB, 0x9D, 0x45, 0xC6,
    0x1A, 0x9F, 0xE8, 0x85, 0x34, 0xA8, 0x85, 0xDB, 0x4A, 0x92, 0x11, 0x99, 0x2F, 0x04, 0xDE, 0xE8,
    0x8E, 0xDC, 0x76, 0xE2, 0x24, 0xA2, 0xFC, 0x3D, 0xA9, 0x06, 0x89, 0x98, 0xC9, 0xEB, 0x9C, 0x7C,
    0x0B, 0x40, 0x2A, 0xEF, 0xD7, 0xA7, 0x7B, 0x89, 0x36, 0x94, 0xC3, 0xE3, 0x44, 0x36, 0xC3, 0x78,
    0xD2, 0x98, 0xCA, 0xC3, 0x96, 0x0A, 0xD8, 0xD2, 0x01, 0x5B, 0x4A, 0x60, 0x4B, 0x0B, 0x6C, 0xAB,
    0x81, 0x2D, 0x3D, 0x70, 0xA5, 0xCC, 0x6E, 0x49, 0xF2, 0x14, 0xFA, 0x71, 0x4B, 0x41, 0x6E, 0x69,
    0xC8, 0x2D, 0x6C, 0x13, 0x00, 0x13, 0xF8, 0x72, 0x35, 0x78, 0x8D, 0x18, 0xBA, 0x90, 0x5D, 0x2D,
    0x29, 0x29, 0x50, 0x58, 0x40, 0x0B, 0x40, 0x90, 0x20, 0x0B, 0xE6, 0x08, 0x04, 0x58, 0x50, 0x12,
    0x5C, 0xF5, 0x65, 0x69, 0xDA, 0x4E, 0x05, 0xAA, 0xB4, 0x33, 0x9D, 0xE8, 0x2E, 0xC5, 0x6A, 0x5D,
    0xD7, 0xF9, 0x2E, 0x39, 0xB1, 0x28, 0xF7, 0x7F, 0xA5, 0x04, 0x4D, 0xCE, 0x9F, 0x24, 0xE7, 0xB3,
    0x9B, 0xC0, 0x8B, 0x6C, 0xDF, 0x0A, 0xDD, 0xEC, 0x39, 0xB4, 0xEF, 0xD9, 0x76, 0x13, 0xB8, 0xEA,
    0x74, 0x09, 0x8D, 0x72, 0x02, 0x50, 0x61, 0x67, 0x34, 0xB2, 0xF4, 0x39, 0xA2, 0x1A, 0x23, 0xA7,
    0x31, 0x98, 0xBA, 0xE0, 0xA5, 0xED, 0x92, 0x17, 0xB6, 0x4B, 0x5E, 0xD6, 0x2E, 0x79, 0x51, 0xBB,
    0xE4, 0x80, 0x1C, 0x0E, 0xC7, 0x39, 0xCE, 0x79, 0xF8, 0x60, 0x9B, 0xC5, 0x64, 0xB9, 0x0A, 0xDA,
    0xFB, 0x11, 0x1A, 0x5A, 0x95, 0xFD, 0x05, 0x6E, 0x8A, 0xAC, 0xFA, 0x9F, 0x15, 0x01, 0x57, 0xE5,
    0xEB, 0xAA, 0xA0, 0x37, 0x67, 0xCC, 0xBA, 0xC5, 0xAC, 0x2A, 0x35, 0x43, 0x52, 0x4D, 0xE2, 0x5D,
    0x51, 0xB1, 0x76, 0x45, 0xC5, 0xDA, 0xD5, 0x5B, 0x56, 0x09, 0x72, 0x95, 0x02, 0x5B, 0xB9, 0xC6,
    0xAC, 0xD5, 0x2A, 0x56, 0xF1, 0x7B, 0x04, 0x52, 0x7F, 0x50, 0x4E, 0x08, 0xA1, 0xAC, 0x62, 0x2C,
    0xF0, 0x74, 0x73, 0x06, 0x9B, 0x2E, 0x5B, 0x7D, 0x9F, 0x5E, 0x25, 0xFC, 0xC7, 0x8A, 0x37, 0x87,
    0x6E, 0xFF, 0xDD, 0x5B, 0x31, 0x5C, 0x45, 0x8B, 0xC2, 0x22, 0x42, 0xD6, 0x25, 0xB1, 0xC2, 0x14,
    0x91, 0x32, 0x91, 0x2F, 0xA2, 0xE3, 0x09, 0x72, 0x05, 0xB2, 0x04, 0x72, 0x2E, 0xFF, 0xDD, 0x81,
    0xF7, 0x11, 0x38, 0xFA, 0xC4, 0x20, 0x86, 0xB7, 0x6B, 0x21, 0xE9, 0x2F, 0xD3, 0x46, 0x9F, 0xE6,
    0xBF, 0x33, 0xF7, 0xF0, 0x5E, 0x82, 0x5C, 0x8F, 0x99, 0x1D, 0x28, 0xC6, 0x1C, 0x49, 0x3E, 0xA6,
    0x99, 0xEC, 0x98, 0xA8, 0x56, 0x52, 0x9E, 0x87, 0x0C, 0x3D, 0x5C, 0x6A, 0x75, 0x1B, 0xA2, 0x72,
    0x33, 0x5C, 0x82, 0xFF, 0x0D, 0xA5, 0xB3, 0x5C, 0xDF, 0xD3, 0x47, 0xB0, 0x50, 0xDE, 0x23, 0x04,
    0xB8, 0x47, 0x5B, 0xAF, 0xBD, 0xF1, 0xC2, 0xB7, 0x96, 0x87, 0xEC, 0x5D, 0x30, 0xC2, 0xDF, 0x7B,
    0x3F, 0xBA, 0xF7, 0x66, 0xF4, 0x3B, 0x9F, 0xD8, 0x6F, 0x65, 0x83, 0x78, 0x44, 0x9E, 0x01, 0x37,
    0xD5, 0xCE, 0x9B, 0xD7, 0x7E, 0xFD, 0xDE, 0x0D, 0xF8, 0xEF, 0x3D, 0x70, 0xE2, 0x7C, 0x90, 0x6B,
    0xEA, 0xFE, 0x8B, 0xE4, 0xE6, 0x67, 0xE9, 0x0F, 0xE1, 0xFF, 0x57, 0xC9, 0x7F, 0xAB, 0x47, 0x80,
    0x23, 0x3B, 0xD7, 0x13, 0xDC, 0x5C, 0xE2, 0x91, 0xFA, 0x87, 0x08, 0x17, 0xAD, 0x73, 0x12, 0x3C,
    0x48, 0xA1, 0x18, 0x3C, 0xE2, 0x2D, 0xBF, 0x43, 0x75, 0x33, 0xBB, 0xF5, 0xBB, 0xF9, 0x9B, 0xF0,
    0xFF, 0x24, 0xF3, 0x21, 0x35, 0x60, 0xA2, 0xB7, 0xF0, 0xAB, 0xC3, 0xDE, 0x5F, 0x27, 0xBD, 0x4F,
    0x13, 0xEB, 0x27, 0x60, 0x01, 0x0D, 0xAD, 0x13, 0xDC, 0x8A, 0xED, 0x1F, 0x2C, 0xAB, 0x83, 0xC5,
    0x75, 0x48, 0x3A, 0x75, 0x90, 0xC1, 0xBC, 0xF5, 0x74, 0x60, 0xAD, 0xBC, 0xFB, 0x7F, 0x59, 0x05,
    0x9A, 0x97, 0x5C, 0x38, 0x61, 0xB8, 0x90, 0x26, 0x4B, 0xF1, 0xE0, 0x5F, 0xB5, 0x5D, 0xFF, 0x04,
    0x14, 0xDF, 0x66, 0x66, 0x68, 0xF9, 0xA8, 0x01, 0x53, 0x20, 0xEB, 0x41, 0x8F, 0xD1, 0x3A, 0x54,
    0xC5, 0x13, 0x9B, 0x31, 0xCF, 0xE4, 0x1E, 0x72, 0x72, 0xE6, 0x88, 0xF7, 0x6E, 0x8D, 0x1F, 0xD7,
    0xD3, 0x8F, 0xD0, 0x4D, 0x69, 0x82, 0x41, 0x8F, 0xA7, 0x75, 0xE1, 0x56, 0x5A, 0xBA, 0x07, 0x59,
    0xBB, 0x3E, 0xAC, 0xDB, 0xDF, 0x66, 0x86, 0x88, 0xB3, 0xB6, 0x4F, 0xC7, 0xFC, 0x3E, 0x4D, 0x78,
    0x8F, 0xCF, 0x6D, 0x08, 0xB8, 0xF2, 0xFE, 0xA5, 0x6B, 0x43, 0xB3, 0x6F, 0x95, 0xEC, 0x18, 0xAE,
    0xB7, 0xDB, 0x35, 0xA5, 0xDE, 0xB7, 0x4A, 0x36, 0xDE, 0xE5, 0x9D, 0x77, 0x61, 0x30, 0xBA, 0xA3,
    0xDD, 0xAD, 0xB4, 0xB7, 0x55, 0xA8, 0x64, 0x3C, 0xE2, 0x19, 0x8E, 0x25, 0xAE, 0x56, 0x3D, 0xF1,
    0xB4, 0xC2, 0x51, 0x6B, 0x2A, 0x3B, 0xF0, 0xD2, 0x1A, 0x6F, 0xA1, 0x24, 0x89, 0xC7, 0x0F, 0x78,
    0x58, 0x8A, 0x6A, 0x36, 0x8D, 0x0C, 0xA6, 0xDA, 0x94, 0x3E, 0x5E, 0x82, 0xB3, 0xC3, 0x33, 0x3C,
    0x1F, 0xBC, 0x99, 0xF9, 0x8B, 0xF1, 0xB4, 0x4E, 0xD6, 0x9B, 0xB9, 0x0C, 0x8C, 0xC6, 0xE9, 0x7D,
    0xA8, 0xCF, 0xEE, 0x19, 0x2C, 0xBC, 0x67, 0xB4, 0x60, 0xF7, 0x1B, 0xFA, 0x9A, 0xF1, 0x5D, 0x53,
    0xC1, 0x23, 0xB5, 0x74, 0x07, 0xDB, 0x1D, 0x33, 0xB4, 0x54, 0xED, 0x61, 0xB7, 0x32, 0xAD, 0x2A,
    0xB9, 0x8B, 0x68, 0x73, 0x49, 0xF1, 0x49, 0xC0, 0xC1, 0x67, 0x48, 0xAA, 0xB6, 0x6C, 0x98, 0x09,
    0x3E, 0x7C, 0xC7, 0x10, 0x46, 0x2B, 0x3E, 0x7C, 0xFF, 0x89, 0x15, 0x76, 0x2F, 0x86, 0x31, 0x82,
    0xAF, 0x19, 0x44, 0xF3, 0xCD, 0x0C, 0xF9, 0xA1, 0x56, 0x44, 0x7A, 0xFC, 0x28, 0x98, 0x3D, 0xEC,
    0xE5, 0xC6, 0x87, 0x2F, 0x11, 0x37, 0x3C, 0xB3, 0x53, 0x25, 0x03, 0xD6, 0x76, 0x23, 0xD1, 0xB5,
    0x8D, 0xFB, 0x5B, 0xBA, 0x3C, 0x8F, 0x45, 0x8F, 0x17, 0x82, 0x94, 0x60, 0x1E, 0x44, 0xA4, 0x04,
    0x6B, 0x21, 0x22, 0x25, 0x18, 0x77, 0x17, 0x23, 0x65, 0xD7, 0x14, 0xBB, 0xC6, 0xEA, 0xEC, 0x26,
    0x55, 0xDE, 0x98, 0x19, 0x2E, 0x02, 0xAE, 0x7B, 0x19, 0x97, 0x76, 0xCE, 0x64, 0xC3, 0x89, 0xD7,
    0x39, 0xC2, 0x75, 0xA3, 0x94, 0x9E, 0xA8, 0xA7, 0x89, 0xDF, 0xDD, 0x20, 0x40, 0xCE, 0x35, 0x20,
    0xA3, 0x12, 0xCD, 0x80, 0x8C, 0x4F, 0x5B, 0x01, 0xC8, 0x17, 0x0F, 0x0A, 0x85, 0x06, 0x05, 0xF4,
    0x0F, 0x17, 0x50, 0x28, 0x57, 0x82, 0xC2, 0x65, 0xAC, 0xF3, 0x39, 0xAE, 0xDE, 0x7A, 0x92, 0x4F,
    0x3D, 0x90, 0x75, 0x27, 0xCF, 0x09, 0x97, 0x82, 0x06, 0xA1, 0x46, 0x28, 0xD5, 0x2F, 0xB9, 0x41,
    0x96, 0xB4, 0x8E, 0xA1, 0x60, 0x2C, 0x2D, 0x7B, 0x28, 0x65, 0x24, 0xA1, 0x03, 0xF1, 0xE3, 0xB8,
    0xFE, 0x98, 0xFC, 0xF1, 0x41, 0x3C, 0x43, 0x84, 0x0F, 0x30, 0xAB, 0x37, 0x13, 0xD9, 0x41, 0xD6,
    0x51, 0xBE, 0xB5, 0x25, 0x5B, 0x54, 0x45, 0xAD, 0x2B, 0x1A, 0x27, 0xE6, 0x3B, 0xCB, 0x0C, 0x34,
    0x41, 0xF3, 0xFE, 0x4A, 0xB4, 0x8B, 0xBB, 0xF2, 0x2D, 0xB9, 0xDB, 0xFB, 0xF7, 0xC9, 0xCC, 0x95,
    0xAE, 0xAD, 0x56, 0xA3, 0x28, 0xC3, 0xE8, 0x4D, 0x9D, 0xA0, 0x7D, 0x2C, 0x19, 0x52, 0xF0, 0xBF,
    0x98, 0x62, 0x24, 0x43, 0x0A, 0x9E, 0xF0, 0x8A, 0x20, 0xC6, 0xC7, 0x20, 0x98, 0xDA, 0x95, 0xD2,
    0x68, 0xFA, 0x58, 0x6C, 0xFA, 0xC7, 0xDA, 0x2C, 0xD3, 0xCE, 0x16, 0x7C, 0xE1, 0x71, 0xA5, 0xBB,
    0x66, 0x03, 0xA8, 0x13, 0xC3, 0xED, 0xBB, 0xAB, 0x37, 0x85, 0x5A, 0x06, 0xAF, 0xBE, 0x69, 0xC9,
    0xAE, 0x69, 0xC1, 0x50, 0xC3, 0x2B, 0x5E, 0x16, 0x1F, 0xDC, 0x4A, 0xC3, 0x6B, 0x6F, 0xD2, 0xC0,
    0xEB, 0xE3, 0x50, 0xE0, 0xF5, 0xC7, 0xBC, 0x9E, 0xE6, 0xC5, 0xB0, 0xB3, 0x7A, 0xF2, 0xDC, 0xF5,
    0x5D, 0x23, 0xD3, 0xB8, 0xC1, 0xF8, 0x53, 0xC4, 0x2A, 0x77, 0x01, 0x6F, 0x51, 0x0E, 0xA4, 0x5D,
    0xC3, 0x86, 0x43, 0xB3, 0x21, 0xFB, 0x44, 0x03, 0x9E, 0x35, 0x6D, 0x01, 0xDE, 0xC8, 0x00, 0x5E,
    0x26, 0x7E, 0xFD, 0xDF, 0x61, 0x53, 0xC4, 0x73, 0xD5, 0x68, 0x5F, 0xDA, 0x96, 0x3F, 0x03, 0xD4,
    0x67, 0x3A, 0xDA, 0x77, 0xC6, 0x6C, 0xF8, 0xF6, 0x15, 0x19, 0x02, 0xDA, 0xED, 0xF3, 0xA5, 0x7D,
    0x81, 0xB4, 0xEF, 0x4A, 0x0C, 0x05, 0x9F, 0xCC, 0xA5, 0xDA, 0xAC, 0x66, 0x79, 0x7A, 0x3B, 0x4A,
    0x74, 0x5F, 0xDF, 0x5A, 0xA0, 0x7F, 0x37, 0x8B, 0xF2, 0xB7, 0x5E, 0xDA, 0x31, 0xE4, 0x8D, 0x05,
    0x8E, 0x09, 0x07, 0x6A, 0xCE, 0x34, 0xD4, 0x60, 0xAA, 0x49, 0x86, 0x71, 0xB5, 0x71, 0x76, 0x4B,
    0x97, 0x17, 0x91, 0xB7, 0xA6, 0x9B, 0x0A, 0xD0, 0x49, 0x17, 0x5D, 0x3D, 0xF3, 0x35, 0x68, 0xC8,
    0x1D, 0x19, 0xF3, 0xA6, 0xD5, 0x38, 0x24, 0xF4, 0x0B, 0x63, 0xD5, 0xB7, 0x33, 0xA7, 0xF1, 0x4D,
    0xB0, 0x4D, 0x8D, 0x13, 0x93, 0x44, 0x9A, 0xAE, 0x6A, 0x87, 0x04, 0x27, 0x11, 0xBA, 0xF7, 0x0B,
    0xA0, 0x97, 0x76, 0x48, 0xA8, 0x35, 0xE5, 0x21, 0x6B, 0xE0, 0xD1, 0xA8, 0x71, 0x48, 0xD0, 0xB4,
    0xFF, 0xE9, 0xED, 0x36, 0xF1, 0x9F, 0xB7, 0x43, 0xC2, 0x96, 0x7C, 0x17, 0xE5, 0xCF, 0xA1, 0x96,
    0x6E, 0xE4, 0xDB, 0xDA, 0x59, 0xF3, 0x29, 0x36, 0xD7, 0x7C, 0xE9, 0xFB, 0x62, 0x4B, 0xBE, 0x8B,
    0x62, 0x65, 0xCE, 0x6D, 0xA3, 0x38, 0xB9, 0x8D, 0xE2, 0xEC, 0x36, 0xD8, 0x4A, 0x50, 0xDE, 0xB0,
    0x88, 0xC8, 0xC2, 0xD5, 0xC7, 0xAA, 0x71, 0x86, 0x1B, 0x49, 0x71, 0x03, 0xC5, 0x90, 0xC7, 0x27,
    0x52, 0x53, 0x7D, 0x76, 0x1D, 0xF1, 0x39, 0x03, 0x83, 0xCF, 0xB1, 0x11, 0x3E, 0xEB, 0xB0, 0x3E,
    0xAF, 0xDF, 0xF9, 0xBC, 0x06, 0x11, 0x70, 0xBE, 0x86, 0x80, 0xD7, 0xE2, 0x03, 0x5E, 0xDF, 0x0E,
    0x98, 0x18, 0xB8, 0x28, 0x0F, 0x4F, 0xC7, 0x84, 0x37, 0x5F, 0x41, 0x34, 0x0F, 0x92, 0xB3, 0x2E,
    0x48, 0x81, 0x69, 0x39, 0x9E, 0xCD, 0xED, 0x43, 0x24, 0x80, 0xD7, 0x24, 0xBD, 0x68, 0x65, 0xBD,
    0x68, 0xA5, 0xBD, 0x68, 0xE5, 0xBD, 0x68, 0x25, 0xBE, 0x68, 0x65, 0xBE, 0x80, 0xD3, 0x71, 0x33,
    0x14, 0x9F, 0x34, 0xE3, 0x73, 0x90, 0x98, 0x53, 0x27, 0x37, 0xA7, 0xBD, 0xAA, 0x19, 0xC0, 0xE3,
    0xE6, 0x54, 0x73, 0x59, 0xD0, 0xB0, 0x64, 0xD0, 0xCC, 0xB7, 0xBC, 0xC6, 0x8E, 0xE8, 0x31, 0x2F,
    0xE8, 0x2C, 0x18, 0x71, 0x68, 0xD2, 0x60, 0x40, 0x97, 0xEB, 0x3C, 0x18, 0x5F, 0x4D, 0x0F, 0x75,
    0x22, 0x8C, 0xFF, 0xCD, 0x2E, 0x19, 0x90, 0x09, 0x03, 0x7C, 0xD4, 0xB3, 0x46, 0x11, 0x6C, 0xE5,
    0xC2, 0x68, 0x25, 0xC3, 0x68, 0x65, 0xC3, 0x68, 0xA5, 0xC3, 0x68, 0xE7, 0xC3, 0x68, 0x25, 0xC4,
    0x98, 0xCB, 0x88, 0xD1, 0xA4, 0xC4, 0x68, 0x34, 0xEF, 0x9E, 0xB9, 0xD1, 0x35, 0x39, 0x2F, 0x4C,
    0xB4, 0x8B, 0xD3, 0x24, 0xBD, 0xC8, 0xE6, 0x12, 0x09, 0x58, 0x4D, 0x5E, 0xD5, 0xC9, 0x82, 0x2C,
    0x04, 0xB2, 0xB8, 0x8B, 0xBE, 0x43, 0xA5, 0x9E, 0x95, 0x70, 0x6C, 0x0D, 0xC7, 0x41, 0x85, 0x7A,
    0x5E, 0x82, 0x29, 0x7F, 0x79, 0x62, 0x82, 0x8C, 0xC4, 0x33, 0x13, 0x9C, 0xE0, 0xF1, 0xD4, 0x04,
    0x1B, 0x2E, 0x59, 0x32, 0xA6, 0x4A, 0xA7, 0xC9, 0xC0, 0x94, 0xE7, 0x9C, 0x27, 0xE3, 0xE7, 0xD3,
    0x50, 0x1C, 0x53, 0xFF, 0xB0, 0x4E, 0x39, 0x53, 0x06, 0x6C, 0xF4, 0x90, 0x6C, 0xE4, 0xE6, 0xA1,
    0xE1, 0xA2, 0xC1, 0x3C, 0x6E, 0x1C, 0x85, 0x0D, 0xA8, 0x19, 0xDE, 0x6E, 0x67, 0x7F, 0x68, 0xA5,
    0x7F, 0x68, 0xA5, 0x70, 0x68, 0x4B, 0x4D, 0x34, 0xE7, 0xE3, 0x40, 0x3F, 0xDB, 0xDC, 0xD6, 0x9B,
    0xA8, 0x05, 0x1D, 0xD5, 0xDE, 0x32, 0xA5, 0x59, 0x4E, 0x6C, 0x65, 0x7A, 0x6D, 0xDB, 0xC8, 0xF1,
    0x21, 0x3A, 0x17, 0x44, 0x14, 0x9A, 0x64, 0x10, 0x75, 0x66, 0xB2, 0x41, 0x08, 0x6F, 0x23, 0x6E,
    0xFE, 0x48, 0xBB, 0x1B, 0x91, 0xA8, 0x3F, 0x77, 0xDC, 0xDC, 0xD2, 0xF7, 0x92, 0xA8, 0x58, 0x83,
    0x99, 0x55, 0xB6, 0xB3, 0xCA, 0xC1, 0xD3, 0x94, 0x1C, 0xFB, 0x4F, 0x70, 0x83, 0x4A, 0x80, 0x44,
    0xCC, 0x48, 0xF8, 0xBF, 0x92, 0xF8, 0x7F, 0x49, 0xBF, 0x98, 0x32, 0xC8, 0x80, 0x45, 0x88, 0x53,
    0x00, 0xCC, 0x2D, 0x38, 0x1E, 0xCA, 0x82, 0x63, 0x21, 0x0B, 0x8E, 0xF9, 0xC5, 0xF8, 0x87, 0x18,
    0x15, 0x66, 0xD5, 0x49, 0x7E, 0x3E, 0x27, 0xBD, 0xA7, 0x3C, 0xB9, 0xA3, 0x2D, 0x8E, 0x12, 0x28,
    0x5F, 0xEA, 0xA5, 0xB3, 0x89, 0x99, 0xCE, 0x3E, 0xD2, 0xB3, 0xD9, 0x4A, 0xAF, 0x9B, 0x55, 0x86,
    0x59, 0x0D, 0xAB, 0x1A, 0x46, 0x35, 0x6C, 0x6A, 0x98, 0xB4, 0x61, 0x51, 0xC3, 0xA0, 0x5D, 0xF6,
    0xDC, 0xD2, 0x67, 0x35, 0x7D, 0xCE, 0x10, 0x5B, 0x23, 0xB4, 0x46, 0x64, 0xB5, 0xC0, 0xEE, 0xAB,
    0xC5, 0xD1, 0x71, 0xC3, 0xAF, 0x59, 0x2E, 0x48, 0x88, 0x42, 0xF9, 0xC6, 0x50, 0x8B, 0x44, 0xCB,
    0x16, 0x2A, 0x95, 0x3F, 0xCF, 0xA9, 0x0C, 0x50, 0x07, 0x08, 0xF0, 0x91, 0xAC, 0x57, 0x62, 0xB4,
    0x09, 0x94, 0x7D, 0x22, 0x64, 0xA0, 0x6C, 0x0A, 0x0E, 0xF4, 0x42, 0xDC, 0xD0, 0x39, 0x01, 0xDD,
    0x32, 0xDE, 0xCB, 0xE2, 0x27, 0x10, 0xE8, 0x33, 0x25, 0x5D, 0xC8, 0xAA, 0x4B, 0xAB, 0xCE, 0x39,
    0xD1, 0xD9, 0xAB, 0xE1, 0xBC, 0x47, 0x02, 0xA9, 0x24, 0x26, 0x30, 0x5B, 0x34, 0x12, 0x54, 0x33,
    0x75, 0x68, 0xB6, 0x92, 0x1D, 0xA2, 0x74, 0xD6, 0x2E, 0xDA, 0xD3, 0x94, 0xC0, 0x02, 0x3E, 0x2B,
    0x19, 0x2E, 0x5C, 0xDC, 0xAC, 0x93, 0x00, 0x23, 0x80, 0x8D, 0xA7, 0x19, 0x32, 0xA6, 0xF1, 0x07,
    0xF5, 0x4F, 0x39, 0x42, 0x1B, 0xB4, 0xBB, 0xA9, 0x84, 0x68, 0xD7, 0x9F, 0x4E, 0x04, 0x38, 0xFE,
    0xCD, 0x86, 0x85, 0xCA, 0xC8, 0x2D, 0x32, 0x44, 0xCD, 0x67, 0x18, 0xDE, 0x24, 0x9F, 0xC1, 0x39,
    0x4F, 0x98, 0xCB, 0x54, 0xF9, 0x4E, 0x44, 0xA0, 0x9E, 0x42, 0x74, 0x22, 0x04, 0x2F, 0xD0, 0x53,
    0xE6, 0x39, 0x3B, 0x36, 0xEE, 0x1A, 0x48, 0x6C, 0xB4, 0x91, 0xDD, 0x36, 0x4C, 0x6E, 0xBE, 0xA7,
    0xCC, 0x33, 0x2C, 0xE5, 0x36, 0xAD, 0x34, 0xB9, 0x03, 0xD6, 0x6C, 0xF9, 0x65, 0x77, 0xC2, 0x7B,
    0x79, 0x5B, 0xFE, 0x35, 0x4D, 0xE9, 0xDF, 0x6A, 0x3B, 0xFC, 0x2E, 0x2E, 0xDE, 0x38, 0xF3, 0x61,
    0x77, 0x8C, 0x20, 0xF7, 0x46, 0x9A, 0x22, 0x42, 0x8E, 0x90, 0x69, 0x21, 0x39, 0x8B, 0x12, 0xA1,
    0x82, 0x90, 0x40, 0xDA, 0x2F, 0x8D, 0x97, 0x96, 0xEB, 0x66, 0x4B, 0x9B, 0x67, 0x1A, 0x7C, 0x01,
    0x4B, 0xAA, 0xF7, 0xEE, 0x32, 0xDE, 0x9E, 0x04, 0x0C, 0xB8, 0xC3, 0x40, 0x10, 0x77, 0x67, 0x3D,
    0xAF, 0xA1, 0xB5, 0x5E, 0x9B, 0xDE, 0xAE, 0x4D, 0x5A, 0xEB, 0xBD, 0xEB, 0xB0, 0x89, 0x4B, 0x05,
    0x94, 0xB6, 0x87, 0x4E, 0x24, 0x5E, 0x6B, 0xE7, 0xFC, 0x3D, 0x82, 0xCE, 0xC9, 0xE1, 0xF2, 0x82,
    0x56, 0x73, 0x21, 0x56, 0x4F, 0x86, 0x11, 0x88, 0xD6, 0x93, 0x61, 0x04, 0xE2, 0xF5, 0xF4, 0x30,
    0x62, 0xAD, 0x74, 0xB8, 0xBC, 0xA0, 0x15, 0xC5, 0x01, 0xD4, 0x99, 0xC1, 0xC0, 0xFD, 0xAB, 0x4C,
    0xF0, 0xC0, 0xF9, 0xE3, 0x54, 0x20, 0xC1, 0x5A, 0xED, 0x70, 0x79, 0x79, 0xEA, 0x7C, 0x9E, 0xAB,
    0xA0, 0xDA, 0x86, 0x3C, 0xF8, 0xA9, 0xDC, 0xA9, 0xBA, 0xA5, 0xFD, 0xDF, 0xBB, 0xC6, 0x27, 0xE7,
    0x94, 0xDF, 0x5F, 0x5B, 0x96, 0x57, 0x7B, 0x2C, 0xA6, 0xDC, 0x87, 0x30, 0xC1, 0x29, 0x89, 0x98,
    0x03, 0x32, 0xF8, 0x52, 0x9A, 0x94, 0x82, 0xF9, 0xAE, 0x47, 0x3B, 0x45, 0x22, 0x34, 0xE4, 0x24,
    0x59, 0xBD, 0x9A, 0x4B, 0xC8, 0x91, 0x05, 0xBB, 0x53, 0x00, 0x11, 0xFE, 0x04, 0xF7, 0x96, 0x7B,
    0xAF, 0x2E, 0xFB, 0x53, 0x48, 0x8B, 0x42, 0x73, 0x24, 0x88, 0x46, 0xC3, 0xBD, 0x24, 0xF6, 0xEA,
    0x15, 0xDE, 0x10, 0x56, 0x3E, 0xE3, 0x5A, 0xB4, 0x62, 0xFC, 0xBE, 0x2A, 0xED, 0x5E, 0xA7, 0x1D,
    0x05, 0xB7, 0x83, 0xEC, 0xF2, 0xD8, 0x8E, 0x62, 0xF3, 0xDA, 0xB1, 0x2A, 0xD0, 0x6D, 0xFF, 0x37,
    0x96, 0x04, 0x89, 0xCD, 0x07, 0x00, 0x27, 0xB4, 0x8A, 0x01, 0x43, 0x16, 0x24, 0x84, 0x40, 0x29,
    0x73, 0x3E, 0xA7, 0x89, 0x54, 0xF0, 0xED, 0x12, 0xD5, 0xEC, 0x21, 0xA5, 0x30, 0x83, 0x03, 0x8E,
    0x31, 0xA0, 0x82, 0xE1, 0x4C, 0x1D, 0xE4, 0x18, 0xD6, 0x3E, 0x60, 0x2B, 0xE4, 0xD0, 0x4B, 0x7A,
    0x79, 0xF4, 0xE3, 0x2C, 0x82, 0x00, 0xE0, 0x9A, 0x03, 0x80, 0x4B, 0x55, 0x17, 0xB4, 0xFD, 0xDF,
    0x2B, 0x33, 0x58, 0x2F, 0x79, 0xE0, 0x1D, 0xDE, 0x23, 0xF0, 0x86, 0x6A, 0x17, 0x83, 0x3F, 0x92,
    0xC1, 0x8E, 0xBF, 0xC2, 0xDF, 0xFC, 0x25, 0x35, 0xBB, 0x11, 0xAF, 0x4D, 0x3B, 0xA4, 0x00, 0x8D,
    0x13, 0xB2, 0x19, 0xBC, 0x45, 0xBB, 0xFF, 0x1E, 0xF4, 0x29, 0xE9, 0x4F, 0x45, 0xDE, 0xFF, 0x90,
    0x6C, 0x2D, 0xA3, 0xFC, 0x38, 0x30, 0xE9, 0x73, 0xA1, 0x15, 0x60, 0x29, 0x84, 0x22, 0xC3, 0x8D,
    0x19, 0x21, 0xD8, 0x38, 0xC6, 0x1E, 0x79, 0x0F, 0x36, 0x04, 0x3E, 0x9A, 0x28, 0xD9, 0x3A, 0xB0,
    0x86, 0xC9, 0x3B, 0x50, 0x07, 0xEE, 0x7A, 0xC0, 0x18, 0xB3, 0xCF, 0xC6, 0x9C, 0x7B, 0xBC, 0xEC,
    0x41, 0x43, 0x61, 0xFC, 0x39, 0x6F, 0x09, 0xCE, 0x91, 0xA5, 0x76, 0x9D, 0x6C, 0xA8, 0x18, 0xE3,
    0x1F, 0x8A, 0x31, 0xFE, 0xA1, 0x18, 0xCF, 0x89, 0xF2, 0x06, 0xD4, 0x73, 0x5D, 0xC8, 0xD1, 0xA9,
    0x71, 0xAA, 0x55, 0x7B, 0xFC, 0x5D, 0x96, 0xF6, 0xBC, 0x58, 0x41, 0x9B, 0x49, 0x8B, 0x2F, 0x49,
    0x02, 0xBC, 0x0D, 0x10, 0xA6, 0x5E, 0x46, 0xC2, 0x84, 0x23, 0x39, 0x08, 0x13, 0x16, 0x0B, 0x84,
    0x49, 0x63, 0xF1, 0x1F, 0xF3, 0x27, 0xA8, 0x48, 0xB5, 0xDF, 0xAF, 0xD2, 0xFF, 0x2E, 0xD3, 0x58,
    0x7A, 0xD9, 0xDA, 0xD7, 0xAE, 0x6F, 0xC1, 0xEF, 0x37, 0x59, 0x38, 0xCB, 0x7D, 0x86, 0x8F, 0x49,
    0xEB, 0xDD, 0xCA, 0x65, 0xDB, 0x17, 0x25, 0x9D, 0xB2, 0xCB, 0x9B, 0xF8, 0xF8, 0x2E, 0xDF, 0xF3,
    0x6D, 0xA3, 0x47, 0x3C, 0x3B, 0x5C, 0x90, 0xB4, 0xDB, 0xDA, 0x44, 0xCA, 0x33, 0xEF, 0xBD, 0x7B,
    0xA8, 0x98, 0xFB, 0x7A, 0xB8, 0x0F, 0x13, 0xF1, 0x9F, 0x55, 0xD3, 0xCC, 0x1A, 0x39, 0x10, 0xD3,
    0x2A, 0x30, 0x0F, 0xCA, 0x16, 0x5B, 0x11, 0xCA, 0x2D, 0x26, 0x3F, 0x42, 0x3E, 0x64, 0xC7, 0x24,
    0x8F, 0xD2, 0xA7, 0x4D, 0x85, 0x17, 0x2D, 0x98, 0xC1, 0x0B, 0x37, 0x82, 0xAA, 0xCB, 0xFC, 0x88,
    0xDC, 0xC8, 0x1C, 0x79, 0xBA, 0xEE, 0x94, 0xF5, 0xEE, 0xCA, 0x15, 0x80, 0x99, 0x17, 0x90, 0xE8,
    0xFA, 0xC7, 0xAC, 0x5D, 0x63, 0x1A, 0x35, 0x8C, 0xED, 0x45, 0x42, 0xB9, 0x94, 0x7A, 0x17, 0x69,
    0x45, 0xB5, 0x22, 0x72, 0x31, 0xDF, 0x54, 0x3C, 0x6D, 0xAF, 0x53, 0x26, 0x1A, 0x5C, 0x4B, 0x99,
    0x6E, 0x2A, 0x7A, 0xA4, 0x88, 0x74, 0xD4, 0x70, 0xA6, 0x1E, 0xF6, 0x34, 0x13, 0x10, 0x73, 0xDF,
    0x10, 0x0D, 0x45, 0x69, 0x7C, 0x65, 0x74, 0xA6, 0x35, 0x25, 0x9B, 0xDF, 0x66, 0xA2, 0xDF, 0x81,
    0xBE, 0x0D, 0xED, 0x05, 0xEB, 0xE9, 0xED, 0x97, 0x9B, 0xD6, 0x0B, 0xEE, 0x82, 0xDC, 0x74, 0x67,
    0x6F, 0xE5, 0x79, 0x75, 0xFA, 0x63, 0xC9, 0x5D, 0xD6, 0x3A, 0x56, 0xE8, 0xCD, 0xE9, 0x4B, 0xAB,
    0x93, 0x44, 0xB4, 0x71, 0xEB, 0x72, 0x47, 0x8E, 0xF1, 0xF6, 0x82, 0x2C, 0xD9, 0xE2, 0x04, 0x66,
    0x91, 0x03, 0x04, 0xF6, 0x91, 0x13, 0xF6, 0x53, 0x5C, 0xDE, 0xC2, 0x5E, 0x72, 0x42, 0xD8, 0xFB,
    0x2A, 0xE3, 0x7E, 0x72, 0x43, 0x9B, 0xDC, 0x22, 0xB1, 0xA7, 0x3C, 0x4C, 0x9A, 0x9A, 0x71, 0x5F,
    0x05, 0xEC, 0x2E, 0x49, 0xBD, 0x15, 0xC3, 0xBA, 0x9A, 0x9D, 0x52, 0x7F, 0xDD, 0xAF, 0x1F, 0x43,
    0xFA, 0xE2, 0x84, 0x7B, 0xEC, 0xCB, 0x7A, 0x0A, 0xDD, 0xC7, 0x7D, 0xF6, 0x41, 0x5D, 0x44, 0x6B,
    0xEE, 0x52, 0xD8, 0xA6, 0x78, 0xBF, 0x58, 0xB4, 0x46, 0xB0, 0xEC, 0xC6, 0xCB, 0xD9, 0xF6, 0x56,
    0x13, 0x8D, 0x1E, 0xB4, 0xD6, 0x66, 0xE4, 0x97, 0xB1, 0xBD, 0x8D, 0xC1, 0x0F, 0xED, 0x71, 0xB2,
    0xBF, 0x18, 0x08, 0x41, 0x5F, 0x6B, 0x5F, 0x15, 0x49, 0x0E, 0x7D, 0x73, 0xCC, 0xA2, 0x83, 0xCB,
    0xF8, 0x43, 0x96, 0x9D, 0x12, 0x4C, 0x82, 0x3E, 0x09, 0x0F, 0xDC, 0x0D, 0x5B, 0x0D, 0x91, 0xF4,
    0x00, 0x5F, 0x8C, 0x29, 0xFB, 0xA7, 0x17, 0xF6, 0x71, 0x9D, 0xDD, 0x27, 0xF9, 0x19, 0x14, 0x40,
    0xCC, 0x21, 0x09, 0x50, 0x0C, 0x55, 0xBD, 0x5F, 0xD5, 0xB2, 0xCC, 0xF9, 0xF3, 0xBA, 0x20, 0x11,
    0x2A, 0x9D, 0xFA, 0xBB, 0x48, 0x99, 0x05, 0x78, 0x08, 0x29, 0x85, 0x1A, 0x6A, 0x82, 0x06, 0x60,
    0xC8, 0x09, 0xB4, 0x0C, 0x35, 0x3D, 0x55, 0x70, 0x1A, 0x1B, 0x82, 0xC2, 0x1E, 0x75, 0x83, 0x4C,
    0x28, 0x8A, 0x19, 0x93, 0x68, 0xD0, 0x22, 0x92, 0x3A, 0x29, 0xE7, 0x9E, 0x22, 0x9A, 0x02, 0xB2,
    0x36, 0x44, 0x9D, 0x50, 0xD2, 0x29, 0xA6, 0xEA, 0x1F, 0xA0, 0xAD, 0x3D, 0x11, 0xB2, 0x7E, 0x95,
    0x43, 0xEE, 0x29, 0x41, 0xBD, 0x2F, 0xB0, 0xD2, 0x5A, 0x41, 0x1D, 0x41, 0x16, 0xB6, 0x26, 0xFD,
    0x9A, 0xF5, 0xDB, 0x47, 0x6F, 0xAF, 0xE0, 0xA5, 0x2E, 0x33, 0xAD, 0xB5, 0xB5, 0xFD, 0xE5, 0xA7,
    0xC1, 0x2D, 0x65, 0x98, 0x0A, 0x73, 0xC4, 0x6A, 0xAE, 0x8A, 0x01, 0x42, 0x85, 0xAD, 0xFA, 0xF5,
    0xF7, 0x2B, 0xCD, 0x57, 0x0E, 0x2E, 0x65, 0x09, 0x63, 0x45, 0x58, 0x1D, 0xE1, 0x2C, 0x1C, 0x8F,
    0x84, 0xB5, 0x10, 0x80, 0x34, 0x6F, 0xA1, 0xD3, 0xF8, 0x90, 0x99, 0xAB, 0x84, 0xF0, 0xC1, 0x5E,
    0xC5, 0xDC, 0x55, 0xC7, 0xCA, 0x3A, 0x2E, 0x98, 0xBD, 0xBC, 0x46, 0x71, 0x2C, 0xF1, 0xC2, 0xA9,
    0x06, 0xE9, 0x5F, 0x39, 0xFA, 0x73, 0x75, 0xF6, 0x26, 0xE4, 0x9D, 0x7D, 0xB4, 0x9F, 0x62, 0x2B,
    0xED, 0xAB, 0xC1, 0xBC, 0x4B, 0x47, 0x81, 0xCE, 0x30, 0xB0, 0xFE, 0xBA, 0xF0, 0x96, 0xBC, 0xCB,
    0x09, 0x52, 0xB4, 0x08, 0xD2, 0x00, 0x85, 0xFB, 0xD2, 0x00, 0x45, 0xBB, 0x01, 0x6D, 0x1D, 0xA3,
    0x5C, 0x7C, 0x7D, 0xAD, 0xD7, 0x65, 0x00, 0x9F, 0x62, 0xE1, 0x88, 0x50, 0x9E, 0xE7, 0x69, 0xB5,
    0xEC, 0x54, 0x33, 0x4A, 0xA5, 0xA2, 0xA9, 0xB0, 0x49, 0x05, 0xF5, 0x14, 0x0D, 0xA5, 0xF2, 0x4E,
    0xF7, 0x32, 0x66, 0x91, 0x2A, 0x1E, 0x31, 0x1B, 0x64, 0x98, 0x65, 0xD8, 0x12, 0xF6, 0x88, 0x39,
    0xBF, 0x22, 0x32, 0x47, 0x3C, 0x22, 0x14, 0x40, 0xD6, 0x88, 0x15, 0x67, 0x1C, 0x05, 0xC6, 0xA8,
    0x30, 0xD9, 0x35, 0xB3, 0xC5, 0x14, 0xD2, 0x77, 0xEB, 0x79, 0x03, 0x66, 0x39, 0x64, 0x96, 0xA8,
    0x17, 0x4D, 0x1D, 0x5A, 0x01, 0xE0, 0x2D, 0x13, 0xCA, 0x1A, 0xA7, 0x06, 0xA1, 0x9C, 0x51, 0xBF,
    0x58, 0x70, 0xB5, 0x31, 0x75, 0x2C, 0x3D, 0xDD, 0x91, 0xC9, 0x83, 0x93, 0xD0, 0xEA, 0x3C, 0x72,
    0x8C, 0x93, 0x04, 0xB8, 0x21, 0x0E, 0x32, 0x8C, 0xF3, 0x69, 0xFD, 0x9F, 0xA7, 0x3C, 0x7F, 0x18,
    0xFC, 0x15, 0xCD, 0x13, 0x90, 0x5D, 0x70, 0xAF, 0x11, 0x37, 0x24, 0x6E, 0x41, 0x47, 0x01, 0x37,
    0x24, 0x66, 0x19, 0x60, 0xF0, 0x83, 0x22, 0x5E, 0xC1, 0xC4, 0x70, 0x11, 0x4F, 0x22, 0x70, 0x3B,
    0x80, 0x8A, 0x67, 0x11, 0xF1, 0xE3, 0xFB, 0x48, 0x07, 0x49, 0xCD, 0x0D, 0x84, 0xE3, 0x79, 0x84,
    0x88, 0xC8, 0xAC, 0x12, 0xF4, 0xAE, 0x26, 0x8A, 0x5D, 0xE7, 0xAD, 0x9D, 0x4D, 0xB8, 0xFF, 0xA2,
    0xC3, 0x50, 0xBA, 0x6F, 0xC2, 0x62, 0x3E, 0xD2, 0x3D, 0xBD, 0x57, 0x68, 0x4E, 0xE8, 0xC9, 0x0E,
    0x8F, 0xDC, 0x75, 0x95, 0x5C, 0xCB, 0xC5, 0x33, 0x9E, 0x64, 0x3A, 0x1D, 0xC8, 0x6C, 0x0F, 0xE2,
    0x7C, 0xB8, 0xDB, 0x8E, 0xEE, 0xC3, 0x0C, 0x47, 0xF7, 0xDA, 0xA1, 0xEE, 0xB4, 0xC3, 0xF3, 0x9D,
    0xED, 0x5D, 0xFF, 0x48, 0x3B, 0x46, 0xD4, 0x3A, 0xAE, 0x65, 0xCA, 0xBD, 0x60, 0x9F, 0xEE, 0x48,
    0x1F, 0xA4, 0x32, 0x81, 0xA3, 0xDE, 0x42, 0xFA, 0x3B, 0x1C, 0xF1, 0x54, 0xF1, 0x49, 0x25, 0x79,
    0x95, 0x89, 0xF2, 0xE8, 0xA8, 0xCF, 0x32, 0x3A, 0x51, 0x9F, 0xF0, 0xD4, 0x2D, 0xAE, 0x59, 0x3A,
    0x81, 0x09, 0x1F, 0x09, 0xC5, 0x4F, 0x85, 0xDE, 0xA7, 0xAB, 0xA6, 0xE0, 0xCF, 0xE2, 0xB6, 0x70,
    0x85, 0x7B, 0x6C, 0x7E, 0x53, 0x00, 0x13, 0xEB, 0xD7, 0x5F, 0x23, 0x3A, 0x7F, 0x63, 0x3B, 0xDC,
    0x34, 0xD8, 0xD0, 0x60, 0x1D, 0xD5, 0xC6, 0xFA, 0xC1, 0x6C, 0x94, 0x8A, 0xA7, 0xAD, 0xAA, 0x07,
    0x9A, 0x2E, 0xE3, 0x7E, 0xCE, 0x1D, 0x5F, 0x5A, 0x05, 0xF7, 0x7B, 0x81, 0x36, 0x4E, 0x34, 0xCB,
    0x14, 0xD8, 0xC9, 0x04, 0xB2, 0xAA, 0xE4, 0x4E, 0xE7, 0x30, 0x30, 0xE8, 0xF3, 0xA0, 0x16, 0x78,
    0xBD, 0xFE, 0x95, 0x80, 0x2B, 0x6D, 0x45, 0x8C, 0x1D, 0x0E, 0x31, 0x5A, 0xBA, 0xBF, 0x47, 0xD2,
    0xDD, 0x93, 0xF5, 0x7A, 0xDB, 0x7A, 0xEA, 0x46, 0x5E, 0x79, 0xB2, 0xAC, 0xDB, 0xC0, 0xA2, 0x33,
    0x91, 0xC3, 0x06, 0x16, 0x97, 0xA3, 0x81, 0xDE, 0xFC, 0xF6, 0xE6, 0x6B, 0x20, 0xD8, 0xAB, 0xA3,
    0x99, 0x98, 0xAB, 0x5E, 0x5D, 0x69, 0x13, 0xF0, 0x89, 0xD9, 0x32, 0x40, 0x06, 0xCC, 0x11, 0x0C,
    0x81, 0x24, 0xB9, 0x21, 0x08, 0x28, 0xD9, 0xDA, 0xF0, 0x84, 0x24, 0x37, 0x71, 0x46, 0x2C, 0xB9,
    0xB5, 0x18, 0xDA, 0xC0, 0x1B, 0x88, 0x07, 0x49, 0xB5, 0x77, 0x1C, 0x8A, 0x99, 0x2D, 0x10, 0x2B,
    0x1B, 0xC4, 0x19, 0x8A, 0xE4, 0x96, 0x7A, 0x70, 0x4C, 0xCF, 0x96, 0x5C, 0x5F, 0x7B, 0xA6, 0xE9,
    0x34, 0x32, 0xCD, 0x95, 0x2B, 0xC1, 0xA2, 0x90, 0x4D, 0x5D, 0x4E, 0xBE, 0x28, 0x67, 0xAE, 0x5C,
    0x91, 0x1E, 0x54, 0xB4, 0x66, 0x45, 0x35, 0xAA, 0x66, 0x2A, 0x6D, 0xD2, 0x9E, 0xEA, 0x48, 0xD6,
    0x9E, 0xEE, 0x2E, 0xBB, 0x98, 0x73, 0x43, 0x34, 0xA2, 0x3C, 0x69, 0xDB, 0x82, 0xA9, 0x07, 0xDD,
    0x54, 0xC6, 0x5C, 0xB8, 0x8D, 0x87, 0x5C, 0x12, 0x64, 0xB2, 0x88, 0x47, 0xDA, 0x20, 0xEE, 0xC9,
    0x5A, 0xA5, 0x59, 0xAC, 0x24, 0x2B, 0x1D, 0xF5, 0x20, 0xED, 0x4B, 0x4B, 0x3D, 0x38, 0xE2, 0x1E,
    0x3C, 0xAA, 0xC3, 0xD9, 0x1E, 0xCC, 0xCE, 0x19, 0x7B, 0x5F, 0x02, 0xB2, 0xAC, 0xD7, 0xC0, 0x42,
    0x1A, 0x48, 0x75, 0xA3, 0x06, 0x16, 0x1B, 0xDA, 0x40, 0xEA, 0xD2, 0x1D, 0x2E, 0x28, 0xDE, 0x03,
    0x9D, 0x9F, 0xB0, 0x88, 0x28, 0xEF, 0x7C, 0x9F, 0xA1, 0xC3, 0x2B, 0x69, 0x42, 0x4B, 0xB5, 0x29,
    0x7A, 0xEC, 0x0F, 0x49, 0xF3, 0x6E, 0x28, 0xC4, 0x3B, 0xB2, 0xE6, 0x02, 0x83, 0xDD, 0xA1, 0xA0,
    0x16, 0x96, 0xEC, 0xE0, 0x56, 0x72, 0xC5, 0x4B, 0x36, 0x9F, 0x94, 0x4C, 0x87, 0x92, 0xB5, 0xAF,
    0x8A, 0x03, 0xE7, 0xB8, 0x40, 0x9F, 0x4C, 0x40, 0xB2, 0xBD, 0xFA, 0xF1, 0x11, 0x20, 0x1B, 0x78,
    0x63, 0xE2, 0xF2, 0xCD, 0xF4, 0x3B, 0xB4, 0x76, 0xB3, 0xE4, 0x65, 0x1C, 0x79, 0xE3, 0x64, 0x06,
    0x1C, 0x75, 0xBF, 0x98, 0xA0, 0x7D, 0x13, 0xB2, 0x6F, 0x22, 0x66, 0x8D, 0x7F, 0x71, 0x3C, 0xB7,
    0x9B, 0x92, 0x78, 0x57, 0x87, 0x1C, 0x49, 0x4E, 0x73, 0x71, 0xBC, 0x8D, 0x26, 0xE2, 0x18, 0x06,
    0x44, 0xB3, 0x70, 0x54, 0xE5, 0x68, 0x0A, 0xDE, 0x2B, 0x94, 0xAC, 0xC9, 0x94, 0x4A, 0x96, 0x64,
    0xC6, 0x4A, 0x80, 0x66, 0xAC, 0x81, 0x46, 0x66, 0x52, 0x47, 0xC7, 0xC5, 0x2C, 0xD0, 0x4C, 0xE7,
    0x80, 0x66, 0x7F, 0xD1, 0x5E, 0x69, 0xAB, 0x8A, 0xDD, 0x8E, 0xF3, 0xEB, 0x4C, 0xC1, 0x8C, 0xE5,
    0x8B, 0xDB, 0x83, 0xF1, 0x7A, 0xD8, 0xE3, 0xB8, 0x37, 0x64, 0xA8, 0x40, 0x06, 0x02, 0x66, 0xA6,
    0x40, 0x9B, 0x4D, 0x88, 0x91, 0x7C, 0x66, 0xA3, 0x09, 0x33, 0x51, 0xB9, 0xD2, 0x39, 0x43, 0x20,
    0x43, 0x00, 0x63, 0x01, 0x5C, 0x5C, 0xB2, 0x86, 0xAD, 0x55, 0x5D, 0x6A, 0xEC, 0x90, 0xD5, 0xAC,
    0x5D, 0x7E, 0x77, 0x31, 0xD5, 0x95, 0x28, 0x2F, 0x49, 0x49, 0xB2, 0xAA, 0x90, 0x89, 0x8F, 0xC4,
    0xAC, 0x2E, 0x2D, 0x62, 0xB2, 0xA1, 0xCD, 0x7B, 0x43, 0x40, 0x31, 0xA4, 0x2D, 0x01, 0x79, 0x78,
    0xCD, 0x89, 0xE7, 0xFB, 0xB9, 0xD8, 0x9A, 0x88, 0xDF, 0xFB, 0x19, 0xAF, 0x3E, 0xA6, 0xCC, 0xEB,
    0xA3, 0x05, 0x7E, 0x28, 0x0F, 0x5A, 0x46, 0x9E, 0xAA, 0x25, 0x90, 0xAB, 0x8F, 0xFB, 0xE4, 0x92,
    0x32, 0xA4, 0x75, 0xD0, 0x21, 0x39, 0xA4, 0x0C, 0xC9, 0x1F, 0x65, 0x48, 0xEE, 0x28, 0x43, 0xF2,
    0x46, 0x19, 0x92, 0x33, 0x8A, 0x4F, 0xBE, 0x28, 0x3E, 0xB9, 0xA2, 0xF8, 0xE4, 0x89, 0xB2, 0x4B,
    0x8E, 0x28, 0x0F, 0xD1, 0x0F, 0x05, 0x56, 0x74, 0xC8, 0xB6, 0x43, 0x5E, 0x28, 0x23, 0x76, 0x42,
    0x61, 0x1F, 0x14, 0x71, 0x41, 0x61, 0x0F, 0x14, 0x76, 0x40, 0x61, 0xFF, 0x93, 0x96, 0xFB, 0x89,
    0x98, 0x2C, 0x3D, 0x8D, 0xD5, 0x0A, 0x8E, 0xDC, 0x9F, 0x7D, 0x8A, 0x62, 0xC1, 0x2E, 0x85, 0xCD,
    0xAC, 0x04, 0xAE, 0x9D, 0x44, 0xFB, 0x14, 0xB9, 0x06, 0xB0, 0x7D, 0x82, 0x2E, 0xEC, 0xDE, 0x87,
    0x78, 0x86, 0x3D, 0x0C, 0x86, 0x4D, 0x67, 0x24, 0x76, 0xC9, 0xA9, 0xB6, 0x3F, 0xFD, 0x8D, 0x41,
    0xED, 0x70, 0xAF, 0x38, 0xA7, 0x79, 0xF1, 0x46, 0xD5, 0xBE, 0x58, 0xB0, 0xE0, 0xB4, 0xA6, 0xE9,
    0x74, 0xA3, 0xDA, 0x81, 0xA6, 0x5B, 0x0C, 0xDE, 0xA0, 0xB1, 0xC2, 0xA9, 0x59, 0x29, 0x05, 0xD5,
    0x3A, 0xE5, 0xB1, 0xE2, 0xC0, 0x66, 0x99, 0x51, 0x95, 0xF8, 0x10, 0x41, 0x5F, 0xB1, 0x17, 0x11,
    0xF0, 0xDE, 0x98, 0x24, 0x07, 0x98, 0xF5, 0x01, 0xC9, 0x0E, 0xE4, 0xC9, 0x29, 0xC5, 0x3E, 0x5B,
    0xB3, 0x37, 0xD1, 0x24, 0xC2, 0xC8, 0x04, 0x90, 0xA0, 0xE2, 0x3A, 0x0E, 0x67, 0x0B, 0x95, 0xD2,
    0xD9, 0x9D, 0x7B, 0x4A, 0x75, 0xA5, 0xFC, 0x14, 0x2F, 0x5D, 0xFB, 0x5A, 0xF5, 0x2D, 0xF8, 0xFD,
    0x26, 0xFB, 0x29, 0x0E, 0x3A, 0x2E, 0x74, 0x2B, 0x93, 0xC0, 0xBD, 0x60, 0x2F, 0xE2, 0xA2, 0x83,
    0x0E, 0x4B, 0xA1, 0x61, 0xB3, 0x3D, 0xF3, 0xAD, 0xB9, 0xD0, 0xEC, 0x76, 0x42, 0x97, 0xBE, 0xC9,
    0x75, 0x84, 0x15, 0xE7, 0xEE, 0x0F, 0xB0, 0x4B, 0x89, 0x01, 0x1E, 0x0E, 0x2A, 0x61, 0x81, 0xB2,
    0x5F, 0x0B, 0x13, 0x14, 0x7D, 0x7C, 0x06, 0xB2, 0x41, 0xD1, 0xFF, 0x5C, 0x1C, 0x30, 0xCA, 0xFE,
    0x4F, 0x64, 0x1E, 0xFF, 0x10, 0xB6, 0xD9, 0x14, 0xDD, 0x21, 0x82, 0xD8, 0x26, 0x62, 0x07, 0xC8,
    0x3F, 0x50, 0x69, 0xA7, 0xA8, 0x3F, 0x2B, 0xCD, 0xE2, 0x46, 0xCE, 0x4C, 0xF1, 0xE8, 0x76, 0x9D,
    0x9C, 0xA7, 0xD1, 0x75, 0x51, 0x50, 0x6D, 0x6C, 0x6C, 0x1C, 0x81, 0x99, 0x80, 0xF0, 0x0C, 0x1F,
    0xF5, 0x0C, 0x72, 0x76, 0x42, 0x56, 0x1A, 0xA4, 0xA8, 0xCB, 0x93, 0x39, 0x75, 0x14, 0xE4, 0x62,
    0x4F, 0x0D, 0xBD, 0x4A, 0x0C, 0xAA, 0xA1, 0x7F, 0x22, 0x16, 0xD5, 0x91, 0x1F, 0xC8, 0xEA, 0x45,
    0x3A, 0x71, 0x47, 0xAC, 0x7C, 0x7C, 0x59, 0xA2, 0xCB, 0x0A, 0xF0, 0x17, 0x64, 0x65, 0x80, 0xBD,
    0xB8, 0xD8, 0x01, 0xEA, 0x74, 0x6F, 0x64, 0x56, 0x2E, 0x58, 0xE5, 0x9E, 0x7E, 0x9B, 0xF6, 0x9F,
    0x64, 0x5E, 0x83, 0x6A, 0xF5, 0xF1, 0x64, 0xF6, 0x90, 0xE8, 0xC3, 0x22, 0x41, 0x25, 0x93, 0x54,
    0x40, 0x86, 0x5F, 0x9A, 0x99, 0x4D, 0x29, 0x46, 0x1B, 0xB2, 0xBC, 0xE5, 0x50, 0xE7, 0x7E, 0x0A,
    0x21, 0x90, 0x76, 0x02, 0x59, 0xAD, 0xE0, 0x10, 0x83, 0xBF, 0x8C, 0xFB, 0xBD, 0x04, 0x3E, 0x18,
    0xA4, 0xD6, 0x64, 0x02, 0x7C, 0x14, 0x97, 0xFD, 0xEC, 0xBD, 0xFA, 0xF4, 0x9D, 0x94, 0x38, 0xBF,
    0x3E, 0xDC, 0x9B, 0x76, 0xB3, 0x0A, 0x69, 0xA3, 0x97, 0x30, 0x82, 0xB0, 0x81, 0x27, 0xCB, 0xA1,
    0x28, 0xE7, 0xB4, 0x12, 0x2A, 0x0C, 0xC0, 0xC9, 0x68, 0x72, 0x62, 0x2C, 0xEC, 0x7C, 0x5B, 0x66,
    0x82, 0xB6, 0x4C, 0x04, 0x1D, 0xB1, 0xB5, 0xC7, 0x32, 0x0D, 0x9C, 0x0A, 0x0E, 0x3C, 0x5A, 0xDD,
    0xD5, 0x2E, 0x58, 0xEB, 0xB1, 0xA3, 0x83, 0xEF, 0x25, 0xBC, 0x5A, 0xA6, 0x57, 0xAF, 0xAC, 0xCD,
    0xA9, 0x27, 0x2D, 0x3A, 0x0F, 0x98, 0x70, 0x58, 0x4F, 0x4E, 0xC9, 0x3C, 0x5F, 0xCF, 0xB5, 0x82,
    0x38, 0x2E, 0x51, 0x7B, 0x44, 0xF2, 0x50, 0x6C, 0x72, 0x92, 0x99, 0x9E, 0xAC, 0x11, 0x97, 0xAC,
    0x6C, 0x54, 0xAC, 0x6A, 0x8C, 0x19, 0x7E, 0xF7, 0x19, 0x7E, 0xF7, 0x19, 0x7E, 0xF7, 0x79, 0x3A,
    0xCA, 0x2B, 0x0E, 0xF7, 0x65, 0xED, 0x97, 0x95, 0x8B, 0x69, 0xB8, 0xD4, 0xDE, 0x65, 0xE5, 0x0F,
    0x58, 0xF2, 0x2B, 0x7E, 0x78, 0x65, 0xC4, 0xBC, 0xC1, 0xDD, 0x21, 0xC3, 0x57, 0xC0, 0xB8, 0x1B,
    0x30, 0xEE, 0xC2, 0x13, 0x11, 0x77, 0x61, 0x65, 0xB3, 0xA0, 0x82, 0x70, 0x17, 0x1C, 0xC2, 0x10,
    0x77, 0xD1, 0x47, 0x0C, 0x70, 0x17, 0x16, 0x40, 0x11, 0x77, 0x51, 0xEB, 0xC2, 0x7C, 0x88, 0x8C,
    0xBB, 0x13, 0xC6, 0xDD, 0x6C, 0x39, 0xEE, 0xDE, 0x75, 0x08, 0x77, 0xD1, 0x86, 0x0A, 0xB8, 0x8B,
    0xB1, 0xC0, 0x80, 0xBB, 0x3B, 0x67, 0x6D, 0x77, 0x65, 0x76, 0xBB, 0x32, 0x5B, 0x01, 0x9A, 0x13,
    0xF7, 0xD7, 0x34, 0x08, 0x4F, 0x3A, 0x1B, 0x5D, 0x01, 0x99, 0x6F, 0x69, 0xEF, 0x4C, 0xFE, 0xFC,
    0x73, 0xF9, 0x35, 0x22, 0xF6, 0x58, 0x96, 0x7A, 0x68, 0xC0, 0xAF, 0x24, 0x04, 0x9A, 0x48, 0x8E,
    0xEB, 0xCD, 0x44, 0x74, 0xB4, 0x0F, 0xF0, 0xAC, 0xA8, 0x32, 0x5E, 0x99, 0x3F, 0x13, 0x2B, 0xC0,
    0x31, 0xA6, 0x88, 0xC0, 0xB1, 0x8F, 0x82, 0xCE, 0x16, 0x91, 0x5F, 0x06, 0x87, 0xFE, 0xCF, 0x64,
    0x00, 0x91, 0xAF, 0xF4, 0x75, 0xF9, 0xD9, 0x88, 0x86, 0x3F, 0xAB, 0xA6, 0x6C, 0x54, 0x23, 0x1A,
    0x4C, 0xA0, 0x23, 0x7A, 0xC4, 0xC4, 0x6F, 0x31, 0xD4, 0x62, 0x57, 0x20, 0x6D, 0xB8, 0x2F, 0x78,
    0x10, 0x04, 0x8A, 0x51, 0x6F, 0xE0, 0x16, 0xA1, 0xD8, 0x1D, 0xB4, 0x55, 0xA8, 0x3B, 0xA2, 0x7C,
    0x83, 0xD8, 0x21, 0xB0, 0x4C, 0x4E, 0x33, 0xA5, 0xFA, 0xC9, 0x21, 0x75, 0xC9, 0x97, 0x30, 0x58,
    0xD0, 0x6C, 0x29, 0xCE, 0xA4, 0x53, 0x74, 0xAF, 0x98, 0x6E, 0xD1, 0xE3, 0xA1, 0x1E, 0x10, 0xF5,
    0x88, 0xB8, 0x22, 0xBE, 0x46, 0x8F, 0x0A, 0x17, 0x45, 0xDD, 0x05, 0x03, 0x9C, 0x71, 0xE3, 0x98,
    0xF1, 0xE1, 0x78, 0xA8, 0x0C, 0xAF, 0xEB, 0xB1, 0x5A, 0x5D, 0x10, 0x8D, 0xEF, 0x0A, 0x8D, 0x03,
    0xA1, 0x71, 0xB0, 0x92, 0xC6, 0xED, 0x4C, 0xE4, 0xCE, 0xFF, 0xC8, 0x67, 0xAE, 0xAC, 0xEA, 0x87,
    0x9B, 0xBA, 0x1F, 0x7C, 0xDD, 0x0F, 0x43, 0xDD, 0x0F, 0xFB, 0xD2, 0x0F, 0x14, 0x46, 0x4D, 0xD0,
    0x52, 0x49, 0x3F, 0xE0, 0x34, 0x48, 0xFA, 0xE1, 0x71, 0xC8, 0xFD, 0x40, 0x11, 0xEC, 0x08, 0x31,
    0x3D, 0xAC, 0xA4, 0xF4, 0xC3, 0xFF, 0x07, 0xED, 0x7D, 0x7F, 0x8C, 0x1C, 0xC7, 0x95, 0x5E, 0xF5,
    0x34, 0x77, 0x5B, 0x62, 0x93, 0x3B, 0x8B, 0x03, 0x65, 0xD0, 0xE4, 0x8A, 0x23, 0x03, 0x0A, 0x2C,
    0x09, 0x2B, 0xCE, 0x3A, 0x59, 0x9F, 0x17, 0x0E, 0x39, 0xD3, 0x92, 0x01, 0x2B, 0x39, 0x25, 0x31,
    0x93, 0x33, 0x75, 0x01, 0x04, 0x87, 0xB2, 0x71, 0x77, 0x89, 0x75, 0x88, 0x76, 0x91, 0x63, 0x10,
    0x5E, 0xC0, 0xE5, 0x34, 0x45, 0xD8, 0x97, 0x83, 0x8C, 0x78, 0x6D, 0x9F, 0xE4, 0xCB, 0x19, 0x88,
    0x79, 0x07, 0x3A, 0xB0, 0x96, 0x89, 0xB9, 0xC0, 0x29, 0xB0, 0x1C, 0x0F, 0x39, 0x2D, 0x32, 0x89,
    0xFF, 0x30, 0x10, 0xB7, 0xE5, 0xE0, 0xF4, 0x87, 0x0F, 0x51, 0xEB, 0x4C, 0xDA, 0x96, 0x74, 0xB0,
    0xC6, 0x76, 0xEB, 0xDC, 0xBB, 0xEC, 0xE9, 0xCA, 0x7B, 0x55, 0xDD, 0x5D, 0xAF, 0xBA, 0x67, 0x76,
    0x67, 0x77, 0x49, 0x89, 0x3F, 0x76, 0xC0, 0xE5, 0x54, 0xD5, 0xFC, 0xEA, 0x7A, 0x55, 0xF5, 0xEA,
    0x7B, 0xAF, 0xBE, 0xF7, 0x9A, 0x31, 0xF2, 0x08, 0x8F, 0x8B, 0x27, 0x23, 0xEE, 0xC1, 0xFF, 0xE7,
    0x65, 0xDD, 0xE2, 0xAE, 0x68, 0xAC, 0x72, 0x4F, 0x3C, 0x37, 0x1F, 0x0D, 0xC4, 0xF3, 0x09, 0x33,
    0x60, 0x06, 0x3C, 0xC7, 0xF0, 0x6C, 0xF9, 0xCC, 0x08, 0xE1, 0xD9, 0xF6, 0x58, 0xA5, 0x0B, 0x95,
    0xAA, 0xC7, 0xCC, 0x2E, 0x54, 0xAA, 0x2E, 0x33, 0x83, 0x9A, 0xCB, 0xE0, 0x9F, 0xF9, 0x5A, 0x07,
    0x3E, 0xEB, 0xB1, 0xDF, 0xE3, 0x7C, 0x65, 0x91, 0x27, 0x67, 0x38, 0x3E, 0x7A, 0x3C, 0xE6, 0x81,
    0xC5, 0x79, 0xD0, 0x8A, 0xE0, 0xD3, 0x2F, 0xE2, 0xD7, 0x9A, 0x5D, 0x26, 0x2E, 0xA2, 0x12, 0xB2,
    0x03, 0xE2, 0x77, 0x7A, 0xAC, 0x2D, 0x9E, 0x3B, 0x6F, 0xC6, 0xE2, 0xB9, 0xCE, 0x43, 0xF1, 0x6C,
    0xA5, 0xD7, 0xA3, 0x3D, 0x66, 0xB2, 0xC2, 0xF9, 0x52, 0x61, 0x57, 0xFA, 0x6C, 0x5F, 0xF2, 0x65,
    0xA1, 0xFA, 0x9D, 0x6E, 0xA1, 0x45, 0x3E, 0x3A, 0x8E, 0x7C, 0x36, 0x79, 0xF6, 0xC6, 0x37, 0xE1,
    0x8D, 0xE3, 0xD8, 0xF5, 0x87, 0x22, 0xC6, 0x1A, 0x50, 0x98, 0x67, 0x31, 0xFE, 0x07, 0x9D, 0xC7,
    0xFF, 0xE1, 0x7A, 0x8D, 0x88, 0x35, 0x19, 0x5E, 0xA8, 0xD9, 0x63, 0x75, 0x07, 0x5F, 0xB5, 0xB9,
    0x53, 0xF7, 0x2A, 0x20, 0xC7, 0xD6, 0xAB, 0x41, 0x6B, 0xE5, 0x1C, 0x7F, 0xC3, 0xE1, 0x16, 0x76,
    0xF9, 0x55, 0xEE, 0x47, 0x8C, 0x87, 0x9D, 0xA4, 0x82, 0xD7, 0xBF, 0xDD, 0x55, 0xBF, 0x6B, 0xA5,
    0xBF, 0x5B, 0xF5, 0xF4, 0x67, 0x23, 0x7D, 0x3D, 0x2A, 0x0C, 0x4E, 0x74, 0xB3, 0x0D, 0x4E, 0x49,
    0xC2, 0xBB, 0xA8, 0x94, 0x0F, 0x66, 0x92, 0x46, 0x59, 0x1F, 0xCC, 0xA4, 0x1D, 0x82, 0xBC, 0x0F,
    0x66, 0x12, 0x8F, 0xA0, 0xD8, 0x48, 0xA5, 0x6E, 0x84, 0x70, 0x29, 0xCD, 0x54, 0xF2, 0x95, 0x2E,
    0x5C, 0x47, 0x33, 0x95, 0x3E, 0x5C, 0x64, 0xCC, 0x9A, 0x8E, 0x1C, 0x01, 0x3B, 0x34, 0x62, 0xD6,
    0xF2, 0xE4, 0x28, 0x74, 0x92, 0xB3, 0xFC, 0xEC, 0xD5, 0x95, 0x74, 0x24, 0x5A, 0xFC, 0x2D, 0xFE,
    0x73, 0xEE, 0x89, 0xD1, 0x88, 0xAA, 0xFC, 0x11, 0xEE, 0xB6, 0x0A, 0x23, 0xA2, 0x26, 0x8F, 0x92,
    0x34, 0x95, 0xB6, 0xE1, 0x28, 0x89, 0x5B, 0x9E, 0x94, 0x3A, 0x8E, 0x17, 0x96, 0x51, 0xF2, 0xFB,
    0xA0, 0x04, 0x65, 0x21, 0xFD, 0x3A, 0xC8, 0xDF, 0x4C, 0x47, 0xA0, 0x09, 0x63, 0x60, 0xFA, 0x72,
    0x14, 0x1A, 0x30, 0x0E, 0xF0, 0xB2, 0x18, 0x89, 0x13, 0x30, 0x16, 0x56, 0x57, 0x8E, 0x06, 0x87,
    0xF1, 0xB0, 0x23, 0x31, 0x22, 0x67, 0xF9, 0x1B, 0x7C, 0xA5, 0xD3, 0x39, 0x2D, 0x46, 0xE5, 0x2A,
    0x4F, 0x78, 0xD2, 0x94, 0x23, 0x73, 0x92, 0x07, 0x9D, 0xD0, 0xCE, 0x47, 0x87, 0x8E, 0x90, 0x36,
    0x4A, 0x74, 0xA4, 0xE8, 0x68, 0xD1, 0x11, 0x5B, 0x7B, 0xD4, 0xD8, 0x31, 0x5A, 0x89, 0x07, 0x56,
    0xC6, 0x49, 0xB9, 0xFA, 0x87, 0xE4, 0x1B, 0x6B, 0xDF, 0x0D, 0x06, 0xBC, 0xB2, 0xF6, 0xE3, 0xA6,
    0x99, 0x32, 0x52, 0xA3, 0x90, 0x72, 0x8D, 0xF4, 0xB3, 0x4A, 0xDE, 0x39, 0xA2, 0x8A, 0x46, 0x98,
    0x8F, 0x1F, 0xAB, 0x44, 0x71, 0xDF, 0xF6, 0xAD, 0x29, 0x49, 0x1F, 0x15, 0x1C, 0xF4, 0x6D, 0xE9,
    0xF3, 0xBC, 0x7C, 0xB6, 0xB8, 0x7C, 0x6E, 0x45, 0xE2, 0xD9, 0x44, 0xE9, 0xC0, 0x90, 0xD7, 0x23,
    0x21, 0x49, 0x26, 0x84, 0x65, 0x84, 0xA8, 0x92, 0x99, 0xEC, 0xBF, 0x7C, 0x0E, 0xE5, 0xB3, 0x91,
    0xC8, 0x67, 0xD6, 0x94, 0xEF, 0x63, 0x55, 0xF1, 0x86, 0x88, 0x99, 0x91, 0x7C, 0x66, 0x49, 0xFA,
    0xDC, 0x74, 0xE4, 0xB3, 0xD0, 0xCF, 0xF0, 0x6C, 0x05, 0x72, 0x05, 0x88, 0x6F, 0xC2, 0x67, 0xF8,
    0xC3, 0x6F, 0xB3, 0xE1, 0x7A, 0x66, 0xF9, 0x1B, 0x8B, 0x20, 0x2E, 0x06, 0x6A, 0x9F, 0xF3, 0x2A,
    0x77, 0x93, 0x87, 0x39, 0xBF, 0x6C, 0x70, 0x67, 0xE0, 0x3C, 0xB7, 0xB3, 0x21, 0x35, 0xF2, 0x8E,
    0xDB, 0xF9, 0xDB, 0x3B, 0x61, 0x2E, 0x95, 0xAC, 0xA9, 0x9E, 0x8B, 0xAA, 0x95, 0x7F, 0xA9, 0x92,
    0xEA, 0x85, 0xBC, 0xD4, 0xCC, 0xC5, 0x58, 0xED, 0x66, 0x0B, 0xAA, 0x12, 0xE7, 0xDB, 0x5C, 0x27,
    0xDF, 0xE7, 0xEA, 0x5E, 0xB6, 0x8E, 0xEC, 0x20, 0x5B, 0x44, 0x69, 0xCF, 0xE4, 0x86, 0x97, 0xEE,
    0x75, 0xF8, 0xDD, 0x72, 0xB3, 0xC3, 0x0F, 0x8B, 0x85, 0x03, 0xD7, 0xEC, 0xCB, 0x55, 0xB3, 0x78,
    0xEE, 0x6A, 0xE2, 0xCA, 0x25, 0xC3, 0x5F, 0xE6, 0x5D, 0xB1, 0x5E, 0x78, 0x8F, 0xCD, 0x06, 0x85,
    0xC5, 0x62, 0xF9, 0xC3, 0x3D, 0x9B, 0xC1, 0x06, 0x9E, 0xA1, 0x87, 0xF8, 0x8C, 0xFD, 0x83, 0x29,
    0x28, 0x7A, 0x87, 0xCF, 0xD8, 0x37, 0x7C, 0xC6, 0x9E, 0xE1, 0x33, 0xF6, 0x0B, 0x9E, 0x45, 0xAF,
    0xE0, 0x59, 0xEA, 0x83, 0x50, 0xF6, 0x08, 0x86, 0x32, 0xDD, 0xBE, 0xCF, 0xC8, 0xDE, 0x9C, 0x8B,
    0x45, 0x5F, 0x7A, 0x56, 0xD4, 0x6F, 0xD9, 0xAB, 0x0B, 0x10, 0xDF, 0xAC, 0xB7, 0xAC, 0x06, 0x2E,
    0x58, 0x26, 0xF3, 0xB6, 0xD2, 0x5B, 0xA9, 0xC4, 0xA3, 0x54, 0xE0, 0x30, 0x23, 0xE5, 0xB5, 0xC1,
    0x12, 0xCA, 0x2F, 0x2E, 0xBB, 0xBA, 0xD7, 0x59, 0x7A, 0x79, 0xDC, 0x49, 0xAF, 0x0F, 0xE6, 0x5E,
    0xDF, 0x0B, 0x3C, 0x48, 0x67, 0xC6, 0x79, 0x59, 0x5F, 0x0D, 0x44, 0x6C, 0x4B, 0x41, 0x04, 0x68,
    0x2E, 0xB1, 0x66, 0x6A, 0x8E, 0xD4, 0x17, 0x75, 0x26, 0x75, 0x05, 0x3E, 0xA3, 0x9E, 0x40, 0x4D,
    0x8A, 0x3A, 0xA2, 0xE3, 0xA6, 0xFA, 0x61, 0x65, 0x41, 0x8C, 0xFE, 0xAF, 0x78, 0x57, 0xE8, 0x05,
    0xB7, 0x13, 0x5C, 0x43, 0x10, 0xF1, 0x6E, 0x41, 0xB4, 0xF2, 0xA3, 0xFA, 0x48, 0xFA, 0x72, 0xFD,
    0xF3, 0xE9, 0xA5, 0xD4, 0x1E, 0xCD, 0xAE, 0xDA, 0x20, 0xFA, 0xFA, 0x06, 0x00, 0x6A, 0x46, 0xF7,
    0x05, 0x21, 0x63, 0xF3, 0xED, 0x58, 0xC8, 0xB8, 0xD2, 0x8D, 0xA4, 0x8C, 0x9D, 0x71, 0xAD, 0x4B,
    0x7B, 0x51, 0x93, 0xB6, 0x2E, 0xB3, 0xDF, 0xC6, 0x8A, 0xC3, 0x7E, 0xCD, 0x1B, 0xFF, 0xB9, 0x3F,
    0xF7, 0xF3, 0x60, 0xEE, 0xAA, 0x7F, 0x82, 0xBB, 0xA0, 0x1D, 0xB7, 0xAD, 0xBA, 0x51, 0xEF, 0x59,
    0xFC, 0x7A, 0x13, 0x76, 0x03, 0x2E, 0xD4, 0xEC, 0x7D, 0xA8, 0xC7, 0xE0, 0x6A, 0xBE, 0x03, 0x57,
    0x7E, 0xC9, 0x65, 0x95, 0x57, 0x1C, 0xDC, 0x45, 0x00, 0xC2, 0x82, 0xCC, 0xA1, 0xFF, 0xF7, 0xE2,
    0x90, 0x6D, 0x5B, 0x62, 0xDB, 0x0E, 0x1C, 0x65, 0x13, 0x07, 0x8E, 0xB1, 0x89, 0x46, 0xC8, 0x6A,
    0x9D, 0x40, 0xA8, 0x5E, 0x63, 0x48, 0x60, 0x30, 0xBA, 0xB8, 0x08, 0x42, 0xE5, 0x2E, 0xFC, 0x39,
    0xD9, 0x0E, 0xF8, 0x9B, 0xDE, 0xF8, 0x5F, 0x7B, 0x4B, 0x7F, 0xED, 0xFD, 0xFC, 0xAA, 0xF7, 0x6D,
    0xEE, 0x80, 0x62, 0x4C, 0x2F, 0xD9, 0x72, 0x47, 0xB9, 0x5B, 0xBF, 0xCC, 0xEE, 0x5F, 0xEB, 0x4B,
    0xB5, 0x4E, 0x94, 0x76, 0xEE, 0xAA, 0x77, 0x6D, 0xCA, 0xF6, 0xFA, 0xCB, 0xDB, 0x54, 0xB9, 0xC2,
    0x83, 0xBC, 0x5C, 0xE7, 0xD9, 0xEE, 0x69, 0xBF, 0xC4, 0x7F, 0xCC, 0x33, 0xED, 0xFA, 0x4A, 0x24,
    0x37, 0x2B, 0x31, 0xFF, 0xFC, 0xBC, 0x0F, 0xA8, 0x1C, 0xAA, 0xEE, 0xBD, 0xB2, 0x0C, 0x1F, 0xAC,
    0x39, 0xB0, 0x60, 0x2A, 0x2E, 0xB3, 0x50, 0x3B, 0xE2, 0x6A, 0x81, 0x15, 0x52, 0xF5, 0xD9, 0xA8,
    0x58, 0x97, 0x26, 0x5F, 0x39, 0xF7, 0xC6, 0x59, 0x58, 0x91, 0xF8, 0x0B, 0xB3, 0x62, 0xBE, 0xB9,
    0x42, 0x3B, 0x99, 0x58, 0x3C, 0x93, 0x62, 0xBF, 0x50, 0xE1, 0x40, 0x23, 0x54, 0x1A, 0x26, 0xD3,
    0x82, 0xB8, 0xA7, 0xD6, 0xD2, 0xCB, 0xAD, 0x2D, 0xB3, 0x51, 0x9E, 0x5F, 0x09, 0x57, 0x32, 0xEE,
    0x70, 0xEE, 0xAB, 0x51, 0xFD, 0xE3, 0xC2, 0x3A, 0xDB, 0x92, 0xFF, 0xBB, 0x2A, 0xFF, 0x35, 0x1E,
    0xD6, 0x29, 0x65, 0x42, 0x57, 0x5F, 0xE9, 0x2A, 0x91, 0x5D, 0x52, 0xDB, 0x9F, 0xC1, 0x8A, 0xB0,
    0xC7, 0xF8, 0x5A, 0x0E, 0x4F, 0x78, 0x0E, 0x7B, 0xB2, 0x92, 0xD9, 0xCB, 0x54, 0x80, 0x15, 0x94,
    0x47, 0xAF, 0x5F, 0xC9, 0xF6, 0x51, 0xA5, 0x64, 0xBB, 0xAF, 0x94, 0x69, 0x25, 0x61, 0x2F, 0x4A,
    0x89, 0x42, 0xFF, 0x62, 0x29, 0xCF, 0xC5, 0x0E, 0x0F, 0x33, 0x69, 0xF6, 0x32, 0x59, 0x2E, 0x3B,
    0x44, 0x92, 0x4A, 0x8E, 0x4A, 0x8A, 0x4A, 0x86, 0x4A, 0x82, 0x44, 0x7E, 0x4A, 0x7A, 0x45, 0xD9,
    0xDD, 0x1E, 0xBD, 0x5C, 0x7B, 0x66, 0xA8, 0x79, 0xA1, 0x66, 0x45, 0x79, 0x4E, 0x94, 0x90, 0x94,
    0x58, 0x16, 0x7D, 0xB1, 0xD4, 0xC0, 0xC7, 0xED, 0x26, 0xF1, 0x2D, 0x59, 0xBD, 0xD3, 0xB3, 0x33,
    0xF5, 0xC8, 0x0D, 0x70, 0x81, 0xB4, 0x49, 0x79, 0x3E, 0x7D, 0x7E, 0x11, 0x54, 0x7B, 0x23, 0x7F,
    0x6F, 0x43, 0x98, 0x50, 0xF2, 0x3B, 0x0E, 0xB2, 0xFA, 0xBD, 0xA9, 0xB9, 0x0F, 0xEF, 0xAE, 0x4B,
    0x99, 0x81, 0x05, 0x72, 0x9E, 0xD5, 0xA5, 0xD4, 0xC0, 0xD8, 0x48, 0x58, 0x23, 0xDD, 0x0B, 0x38,
    0x98, 0xDE, 0xBD, 0x54, 0x72, 0xE8, 0x8E, 0x88, 0xA4, 0xEC, 0x7A, 0x36, 0x7F, 0x9A, 0xFB, 0xEF,
    0xD2, 0x5E, 0xB0, 0x25, 0x87, 0x6B, 0xB7, 0x27, 0x12, 0x1F, 0xB6, 0xEE, 0xED, 0xD1, 0xCA, 0xBB,
    0x08, 0x2A, 0x21, 0xDE, 0xEB, 0xDC, 0xA5, 0x5D, 0xF6, 0x6A, 0x6F, 0x8D, 0xDD, 0x96, 0x9C, 0x6F,
    0x91, 0x35, 0x32, 0xFA, 0xBC, 0x72, 0xAE, 0x2A, 0x57, 0x61, 0x6E, 0x00, 0xA2, 0x63, 0xB0, 0x45,
    0x3D, 0x88, 0x0B, 0x79, 0x99, 0x07, 0xF7, 0xE6, 0xAD, 0x81, 0x14, 0x1E, 0xC3, 0xF7, 0xA6, 0xBB,
    0xD3, 0x5E, 0xF8, 0x06, 0x29, 0x3A, 0x04, 0xDC, 0x39, 0xE2, 0x76, 0x58, 0xB6, 0x41, 0x2D, 0x30,
    0x0D, 0x6F, 0x13, 0xB1, 0x11, 0xA9, 0x11, 0xA1, 0x11, 0x99, 0x51, 0x91, 0x11, 0x89, 0x15, 0x05,
    0x76, 0x2B, 0xF7, 0x6D, 0xC8, 0x89, 0x40, 0xE6, 0x01, 0x99, 0x06, 0xC5, 0x59, 0x70, 0x73, 0x08,
    0xCA, 0xE8, 0xE6, 0x82, 0x42, 0x27, 0x6A, 0x2A, 0x28, 0xE1, 0xB5, 0xBE, 0xE9, 0x27, 0xC1, 0xC6,
    0xFA, 0x76, 0x4D, 0x27, 0x81, 0x76, 0x76, 0x4D, 0x8E, 0x50, 0xFA, 0xB5, 0xAE, 0xED, 0x49, 0xBA,
    0x4D, 0x96, 0xDE, 0x96, 0xA0, 0xDE, 0xD1, 0xE9, 0xB9, 0x4B, 0xFB, 0x0A, 0x4E, 0xC1, 0x42, 0x8B,
    0x93, 0x01, 0xA8, 0xF0, 0xE7, 0xF2, 0x2D, 0xF5, 0x45, 0x56, 0x0D, 0x59, 0x4B, 0x41, 0x84, 0xA6,
    0x70, 0xB4, 0x67, 0x20, 0x00, 0xCE, 0x96, 0x6A, 0x2C, 0x83, 0x01, 0x38, 0x86, 0xF5, 0xCC, 0xD0,
    0x0A, 0xF1, 0xCC, 0xA6, 0x91, 0x8A, 0xD3, 0x8A, 0xE1, 0xE8, 0xD1, 0xC8, 0x9C, 0x48, 0x1D, 0xDE,
    0x71, 0x8C, 0xD9, 0x28, 0x13, 0xEA, 0x11, 0xF4, 0x1E, 0xF9, 0xA9, 0x5C, 0x7B, 0xA3, 0x52, 0x38,
    0x99, 0x68, 0x47, 0x16, 0xBF, 0x56, 0x00, 0x05, 0x3A, 0x2C, 0xD0, 0x81, 0x81, 0x0E, 0x0D, 0x0A,
    0xE0, 0x40, 0x87, 0x07, 0x83, 0xE5, 0xBD, 0x25, 0xA5, 0x61, 0xA4, 0xB4, 0x1E, 0x38, 0xA5, 0x03,
    0x2A, 0x1D, 0x52, 0xAD, 0x6D, 0xDA, 0xF6, 0x51, 0x0A, 0x46, 0x3C, 0xF8, 0xB5, 0x75, 0x3C, 0xB6,
    0x46, 0x7A, 0xFD, 0x23, 0xBD, 0x35, 0x0E, 0xB7, 0xE8, 0x8A, 0xAB, 0x90, 0x63, 0x0D, 0x3B, 0x28,
    0x1F, 0x8C, 0x67, 0x94, 0x8E, 0x5C, 0xE4, 0x07, 0x55, 0xB9, 0xD7, 0xEA, 0xDF, 0x8E, 0x8F, 0xED,
    0x89, 0xFA, 0x90, 0x3A, 0xC6, 0xAA, 0xBA, 0x75, 0xCE, 0xAF, 0x28, 0x97, 0xDD, 0x6C, 0x7A, 0x6C,
    0x81, 0x4E, 0x3B, 0x23, 0x2D, 0xA3, 0xA3, 0xAF, 0x06, 0xE3, 0x6F, 0xBB, 0x95, 0x2E, 0x1E, 0x8B,
    0xF3, 0x04, 0xDF, 0x6B, 0x06, 0x80, 0xEB, 0xEC, 0xDE, 0x7E, 0x26, 0xA8, 0x21, 0x50, 0x6E, 0xFA,
    0x75, 0x3C, 0xB8, 0xB0, 0x7C, 0x40, 0x81, 0x09, 0x9E, 0x4C, 0xD6, 0x1D, 0xDB, 0x87, 0x4F, 0x44,
    0x78, 0x78, 0xD7, 0x74, 0xAB, 0x01, 0x9C, 0x5C, 0xC2, 0x89, 0x26, 0x5F, 0x84, 0x11, 0x4E, 0xCE,
    0xF9, 0x30, 0xE2, 0x15, 0x3C, 0x0C, 0x4E, 0xE0, 0xF4, 0xA2, 0x2E, 0x8E, 0x78, 0xFD, 0x4E, 0x54,
    0xEF, 0xC1, 0x9C, 0xA8, 0x38, 0xCA, 0xFA, 0x55, 0x6E, 0xC4, 0xB6, 0x56, 0xAE, 0x38, 0xFD, 0xAC,
    0x65, 0x6A, 0xA7, 0x9F, 0x20, 0xE5, 0x26, 0x91, 0x57, 0x9D, 0xC8, 0xD1, 0x06, 0x31, 0x4C, 0xE4,
    0x93, 0x7A, 0xE5, 0x5C, 0xA2, 0xA6, 0xBB, 0x9A, 0x17, 0xA3, 0x9C, 0xC0, 0x95, 0xAD, 0xF1, 0x2A,
    0x8F, 0x57, 0xD9, 0x5B, 0x51, 0x1C, 0x97, 0x41, 0xE5, 0x1B, 0x63, 0xBC, 0x1A, 0x64, 0xBC, 0x5A,
    0x64, 0xBC, 0x1A, 0x5B, 0xE3, 0x75, 0x03, 0x8C, 0xD7, 0x69, 0xB5, 0x8A, 0xA2, 0x7E, 0x45, 0x76,
    0x48, 0x99, 0x1E, 0xEA, 0x48, 0xB8, 0x79, 0xC4, 0xEB, 0xD3, 0x3A, 0x70, 0x4E, 0x20, 0x47, 0xCC,
    0xCD, 0xCE, 0x28, 0xAC, 0xF4, 0x18, 0x17, 0x98, 0x12, 0x75, 0xDE, 0xCD, 0xB6, 0xB2, 0xCE, 0xC9,
    0x88, 0x19, 0x01, 0x88, 0x23, 0x06, 0x7E, 0x48, 0x8C, 0x1F, 0x89, 0x59, 0xDB, 0x0A, 0x25, 0x55,
    0x28, 0x62, 0xC7, 0xAB, 0xE8, 0x96, 0x83, 0x23, 0x16, 0x28, 0xD6, 0x13, 0x24, 0xD2, 0xF9, 0x48,
    0x2E, 0x6C, 0x36, 0xDD, 0x9A, 0x07, 0x43, 0x03, 0xBB, 0x59, 0xA3, 0x1A, 0x36, 0x71, 0x64, 0xF8,
    0xD9, 0x70, 0x1E, 0x37, 0x9E, 0xA4, 0x03, 0xFE, 0xB7, 0x6E, 0x9B, 0x75, 0xA2, 0x4E, 0x58, 0x4F,
    0x6C, 0xEE, 0xB6, 0xD9, 0xA8, 0x5B, 0x16, 0x7A, 0xBB, 0xEF, 0x70, 0x91, 0x22, 0x19, 0xD0, 0x66,
    0xDF, 0x62, 0x5D, 0x15, 0x6B, 0x4E, 0xBF, 0xE3, 0x73, 0x72, 0x02, 0x6E, 0xAF, 0x22, 0x2B, 0xC3,
    0x67, 0x45, 0x2A, 0x13, 0x29, 0xA9, 0xBD, 0xAC, 0x51, 0xCB, 0x87, 0x39, 0x9F, 0x18, 0xAA, 0x4D,
    0x7B, 0x38, 0x65, 0x6D, 0x09, 0xAB, 0xA1, 0xE2, 0xE5, 0x43, 0x21, 0x46, 0xC2, 0xA9, 0x08, 0x9E,
    0x16, 0x90, 0x11, 0x43, 0x90, 0x29, 0xFC, 0x33, 0x51, 0xB6, 0x11, 0xEE, 0xFB, 0x96, 0x67, 0xA0,
    0xF4, 0x41, 0x4A, 0x70, 0xFC, 0x2E, 0x4A, 0xE7, 0x71, 0xED, 0x88, 0x52, 0x0B, 0x98, 0x6B, 0x76,
    0x17, 0x71, 0x41, 0xE7, 0x0D, 0xB1, 0x26, 0xE0, 0x5A, 0x91, 0x1A, 0xC3, 0x3B, 0xB8, 0xCD, 0x2F,
    0x03, 0x39, 0xA6, 0x57, 0x4B, 0x52, 0xF7, 0x44, 0x41, 0x7D, 0xD7, 0x73, 0x89, 0xF0, 0x9C, 0x03,
    0x93, 0x63, 0xAC, 0x4E, 0x50, 0x26, 0xD8, 0xDD, 0x7B, 0x7B, 0xF5, 0xED, 0x10, 0x61, 0x66, 0x3A,
    0x69, 0x9F, 0x2A, 0x88, 0x9E, 0x64, 0xA7, 0xAA, 0xC9, 0x6C, 0xD6, 0xAB, 0x96, 0x0F, 0xB0, 0x0F,
    0xBB, 0x15, 0x20, 0x01, 0x52, 0xF6, 0xCB, 0xB7, 0xA4, 0x29, 0x8F, 0x1D, 0x03, 0x56, 0x43, 0xD6,
    0x33, 0x98, 0x2C, 0xD8, 0x21, 0xE8, 0x5A, 0x00, 0x10, 0xCE, 0xEE, 0x8A, 0xBE, 0x25, 0x31, 0x7B,
    0x0F, 0x12, 0xA4, 0x38, 0x8F, 0x3B, 0x08, 0x04, 0x99, 0xE8, 0x5D, 0x0D, 0x4A, 0x97, 0xD3, 0xEE,
    0x3D, 0x26, 0x70, 0x1A, 0xD9, 0x7A, 0x55, 0x07, 0x55, 0x0F, 0x49, 0x17, 0x49, 0x1F, 0x49, 0x27,
    0xFB, 0xF5, 0x92, 0x82, 0x3A, 0xAF, 0xDF, 0x26, 0x4F, 0x5A, 0xD7, 0x7E, 0xDC, 0x0E, 0x32, 0xD3,
    0x54, 0x2D, 0x25, 0xD6, 0x6C, 0xBE, 0x62, 0x6F, 0xAC, 0xB2, 0x8D, 0xF5, 0xE3, 0xE7, 0x68, 0x04,
    0x1D, 0x8D, 0xA1, 0xA3, 0x51, 0x74, 0x34, 0x8E, 0x4E, 0x4A, 0xD2, 0x61, 0x94, 0xA5, 0xC3, 0x28,
    0x4D, 0x87, 0xF0, 0x74, 0x12, 0x46, 0x88, 0x3A, 0xFC, 0x0D, 0xC2, 0xD4, 0xE9, 0x20, 0x57, 0x3C,
    0xA3, 0xEA, 0x80, 0x29, 0x42, 0xCF, 0x5C, 0x74, 0x3B, 0x46, 0x33, 0x63, 0x34, 0x2B, 0x46, 0x33,
    0x62, 0x74, 0x1B, 0x46, 0x33, 0x61, 0xCA, 0x16, 0xCC, 0xD6, 0xF8, 0xDC, 0xD8, 0xE3, 0xB3, 0x4E,
    0xEB, 0x52, 0x33, 0x2E, 0x35, 0xDB, 0xB2, 0x8F, 0x69, 0x49, 0x7C, 0xB4, 0x9D, 0x9C, 0x46, 0x0B,
    0x57, 0x97, 0x7D, 0x45, 0xED, 0x72, 0x4E, 0x15, 0xA9, 0xAB, 0x5E, 0xD6, 0x70, 0x13, 0xCA, 0x68,
    0xE2, 0x79, 0x77, 0x2B, 0x31, 0x00, 0xD8, 0x74, 0xF5, 0x77, 0xEA, 0x6E, 0x2A, 0x66, 0x06, 0xC0,
    0x27, 0x73, 0xDC, 0xD6, 0x7A, 0xB9, 0x88, 0x81, 0x98, 0x7A, 0x3A, 0x15, 0x70, 0x6F, 0x36, 0x3B,
    0x71, 0xE4, 0xAE, 0xD1, 0x09, 0xAF, 0xB3, 0xE3, 0xF6, 0xF6, 0xEB, 0xF1, 0xF5, 0x3A, 0x49, 0x51,
    0x38, 0x42, 0x32, 0xFF, 0x4B, 0xAD, 0xEB, 0x39, 0x21, 0xB8, 0xFD, 0xC6, 0x62, 0x4B, 0x7C, 0x37,
    0xC0, 0x54, 0xBE, 0x4B, 0xAB, 0x35, 0xB4, 0xDA, 0x7E, 0xC6, 0x08, 0xD1, 0xA2, 0x4E, 0x68, 0x19,
    0x0D, 0x52, 0x13, 0x64, 0x0B, 0xC6, 0x28, 0xDD, 0x22, 0xDB, 0x61, 0x24, 0xE1, 0xC2, 0x65, 0x84,
    0x72, 0xD1, 0xF4, 0x19, 0x21, 0x5D, 0xF0, 0xC4, 0x25, 0xB4, 0x8B, 0x10, 0xE3, 0x09, 0x72, 0xE2,
    0x85, 0x57, 0xF7, 0xB4, 0x6D, 0xE6, 0x9D, 0xF5, 0x67, 0x6E, 0xC9, 0xE5, 0xDD, 0x39, 0x59, 0x99,
    0x61, 0x03, 0x82, 0xF8, 0x4A, 0x35, 0xCD, 0x2F, 0xAF, 0x93, 0x8B, 0x28, 0xED, 0x68, 0x68, 0xE2,
    0xD1, 0xD6, 0x2C, 0x18, 0x76, 0x16, 0x6C, 0x8D, 0xD1, 0x6D, 0xBF, 0x52, 0xC9, 0xCE, 0x4B, 0xB9,
    0x0D, 0x94, 0xDC, 0xA0, 0xB3, 0x1B, 0x34, 0x7A, 0x03, 0xF0, 0x1B, 0x18, 0x21, 0x38, 0xB0, 0x9C,
    0xE1, 0xC0, 0x99, 0xA2, 0x38, 0x7C, 0xCC, 0x53, 0x1C, 0x07, 0x3B, 0x59, 0xC8, 0x49, 0x0E, 0x26,
    0x0F, 0x15, 0xCB, 0xA1, 0xD5, 0x7D, 0x67, 0xE8, 0x79, 0xB7, 0x5B, 0x7F, 0xAF, 0x33, 0x1D, 0xF1,
    0xE6, 0x91, 0xA1, 0xE9, 0x2B, 0x19, 0x0A, 0x30, 0x99, 0xCA, 0x50, 0x86, 0x0D, 0xDC, 0x7A, 0x73,
    0x66, 0x13, 0xFD, 0xBD, 0x4E, 0x34, 0xEF, 0xBE, 0x96, 0x01, 0x31, 0x18, 0xD6, 0x65, 0x31, 0xDC,
    0xEE, 0x6B, 0x79, 0x4B, 0x86, 0x37, 0x54, 0x08, 0x43, 0x01, 0x21, 0x15, 0xE8, 0x25, 0x3A, 0xBF,
    0x44, 0x23, 0x98, 0x14, 0x18, 0x26, 0x05, 0x8A, 0x49, 0xC6, 0x31, 0x29, 0x90, 0x4C, 0x0A, 0x2C,
    0x93, 0x02, 0xCD, 0x44, 0xE3, 0x99, 0x28, 0xEF, 0x9F, 0x20, 0x9A, 0xF0, 0xCC, 0xFF, 0x27, 0x99,
    0x26, 0xA3, 0xDC, 0xD1, 0xA9, 0x26, 0x05, 0x64, 0x53, 0x80, 0x36, 0x05, 0x6C, 0x53, 0x00, 0x37,
    0x45, 0x74, 0x53, 0x80, 0x37, 0x83, 0xC7, 0x62, 0x4B, 0x74, 0x1B, 0x16, 0xDD, 0xBA, 0xE1, 0x61,
    0x01, 0x1F, 0x16, 0x00, 0xE2, 0x90, 0x2C, 0xB9, 0x22, 0x07, 0xAB, 0x40, 0xD0, 0xDA, 0x30, 0x43,
    0x6B, 0x6B, 0x32, 0x5C, 0xCB, 0xC9, 0xB0, 0x35, 0x46, 0xB7, 0xED, 0x82, 0xA5, 0x2C, 0x20, 0x8D,
    0xB6, 0xA5, 0xF1, 0xB6, 0x34, 0xE2, 0x96, 0xCE, 0xF8, 0xA1, 0x54, 0xA0, 0x12, 0x17, 0x48, 0x67,
    0x03, 0x31, 0x9A, 0x35, 0x82, 0x29, 0x3E, 0x90, 0x71, 0x88, 0x29, 0x42, 0x90, 0x4C, 0xCA, 0x94,
    0x56, 0x04, 0x46, 0xC9, 0x28, 0x41, 0x58, 0xA1, 0x9C, 0x20, 0x45, 0x0A, 0x42, 0xE7, 0xAE, 0x62,
    0x05, 0x85, 0x8C, 0xD0, 0x82, 0x44, 0x92, 0xA2, 0x8C, 0x17, 0xD4, 0x63, 0x84, 0x18, 0xC4, 0x7F,
    0x4A, 0x98, 0x41, 0x1F, 0x4B, 0x08, 0x35, 0xA8, 0xD2, 0xA3, 0xDC, 0x3B, 0x8D, 0x7C, 0xA7, 0xB1,
    0xEF, 0x34, 0xFA, 0x9D, 0xC6, 0x0F, 0xD2, 0x7D, 0x22, 0x94, 0x21, 0xA4, 0x51, 0x84, 0x34, 0x8E,
    0x90, 0x46, 0x12, 0xD2, 0x59, 0x42, 0x1A, 0x4D, 0x68, 0x2D, 0x9E, 0xD0, 0xD6, 0x98, 0x0E, 0x1A,
    0x53, 0xD6, 0x9F, 0xF0, 0xA5, 0x8F, 0xDC, 0xE0, 0xCA, 0x0D, 0x37, 0xA6, 0x94, 0xAF, 0xA7, 0x11,
    0xF6, 0xFA, 0x30, 0xF6, 0xB6, 0xC6, 0xF4, 0xC6, 0x1B, 0xD3, 0xD3, 0x74, 0x31, 0x46, 0x83, 0x2A,
    0x84, 0x2F, 0x53, 0xE0, 0xF0, 0x11, 0x6E, 0xDF, 0x50, 0xEC, 0x3E, 0x6D, 0xEF, 0x4D, 0xDF, 0xFD,
    0xF1, 0xD4, 0x1E, 0xCB, 0x45, 0x93, 0x33, 0xFD, 0xB0, 0x92, 0x73, 0xFD, 0x20, 0x63, 0x92, 0x62,
    0xFB, 0x61, 0x72, 0x4D, 0xC1, 0xF7, 0x13, 0x24, 0x3F, 0x18, 0xDA, 0x9C, 0xF1, 0x37, 0x2F, 0x4E,
    0xCF, 0x52, 0xCE, 0x1F, 0x4C, 0x38, 0xC5, 0xFA, 0x83, 0x0D, 0x51, 0xF1, 0xFE, 0xAE, 0xAE, 0xB0,
    0x8C, 0xF9, 0xC7, 0xF9, 0x0F, 0x90, 0xF0, 0x97, 0x71, 0xFF, 0x9C, 0x8E, 0x43, 0xD8, 0x7F, 0xAB,
    0x8D, 0xDC, 0xFC, 0xC0, 0x8A, 0x36, 0x29, 0x9A, 0x03, 0x2B, 0x75, 0x5A, 0xA9, 0x39, 0x43, 0x91,
    0x43, 0xEC, 0x35, 0x64, 0x6C, 0x90, 0x79, 0x62, 0x76, 0xFB, 0x97, 0xE9, 0x36, 0x4C, 0xD9, 0x80,
    0x2D, 0x32, 0xE3, 0x06, 0xB0, 0x04, 0xD9, 0x1A, 0xAC, 0xAA, 0x94, 0x53, 0xC7, 0xBA, 0x79, 0x56,
    0x0A, 0x47, 0xA0, 0xB7, 0x94, 0x57, 0x27, 0xCA, 0x84, 0x59, 0x47, 0xB9, 0x75, 0x39, 0xBB, 0x2E,
    0x96, 0xCB, 0x42, 0xF0, 0xEB, 0x7A, 0x52, 0xB1, 0x08, 0x86, 0x9D, 0xE0, 0x9D, 0xA4, 0x1C, 0xBB,
    0xB7, 0x5E, 0x67, 0x39, 0xCB, 0xEE, 0x3B, 0x29, 0xAB, 0x0A, 0x79, 0x76, 0x06, 0xD7, 0xDD, 0x0A,
    0x74, 0xEF, 0x21, 0xC4, 0x2A, 0xC2, 0xAC, 0xA2, 0xD4, 0x2A, 0xCA, 0xAD, 0xA2, 0xE4, 0xAA, 0xFE,
    0x8C, 0xB4, 0xDB, 0xB1, 0xBF, 0x84, 0x36, 0x47, 0x79, 0x73, 0x8C, 0x10, 0xE7, 0x28, 0x73, 0x4E,
    0xA3, 0xCE, 0x51, 0xEE, 0x1C, 0x25, 0xCF, 0x51, 0xF6, 0x1C, 0xA5, 0xCF, 0xE5, 0xFC, 0x39, 0xFE,
    0x75, 0x45, 0xA0, 0x43, 0xED, 0x96, 0x31, 0xE8, 0x6A, 0x31, 0xA5, 0xD0, 0x5D, 0xD7, 0xBE, 0xF7,
    0xE7, 0x1F, 0xEA, 0x51, 0x06, 0xDE, 0x06, 0xD6, 0xCB, 0x6D, 0x2A, 0x4F, 0xCB, 0x59, 0x3B, 0x01,
    0x18, 0xCD, 0x31, 0x17, 0x1D, 0x27, 0xB6, 0x61, 0xAF, 0x6F, 0x7B, 0x51, 0x0F, 0x6A, 0xAA, 0x75,
    0x74, 0x31, 0xFB, 0xC1, 0x1A, 0xE4, 0xA2, 0x8B, 0xF2, 0x5F, 0xB3, 0xB9, 0x34, 0x93, 0x0C, 0x41,
    0x86, 0x9B, 0x05, 0x81, 0x55, 0x1D, 0xD3, 0x47, 0x3C, 0x83, 0x04, 0xB8, 0x2A, 0x60, 0x04, 0x01,
    0x32, 0x5A, 0x5D, 0xC4, 0x0B, 0x1E, 0x96, 0x2B, 0xB0, 0x39, 0x89, 0xD4, 0xAC, 0x01, 0x8E, 0x9A,
    0x2B, 0x53, 0xB3, 0x22, 0x54, 0x78, 0xC6, 0x87, 0x54, 0x9B, 0x35, 0xCF, 0xF2, 0x7F, 0x8F, 0x47,
    0x66, 0x22, 0x53, 0xB0, 0x7A, 0x48, 0xCF, 0x48, 0x71, 0x83, 0x83, 0x8C, 0xCF, 0x59, 0x48, 0xC1,
    0x1A, 0xB6, 0xA2, 0xE1, 0xE6, 0x87, 0xB1, 0x31, 0xB7, 0xE9, 0x96, 0x6C, 0x37, 0x21, 0x93, 0x50,
    0xF5, 0x3D, 0x75, 0x42, 0x48, 0x99, 0x84, 0xB7, 0x9E, 0x4C, 0x8E, 0xF5, 0x4D, 0x79, 0x12, 0xF7,
    0x4B, 0x15, 0x4D, 0xD2, 0x41, 0x93, 0x34, 0xD1, 0x03, 0x93, 0x44, 0x8F, 0x93, 0x1C, 0xC9, 0x79,
    0x3A, 0x50, 0x40, 0x94, 0x79, 0x42, 0xD0, 0x58, 0x25, 0x86, 0x6E, 0xAB, 0xB4, 0xD0, 0xF3, 0x34,
    0x29, 0x74, 0x9E, 0x12, 0xBA, 0xA1, 0x12, 0x42, 0x37, 0x54, 0x3A, 0xE8, 0x86, 0x4A, 0x06, 0x3D,
    0xAF, 0x52, 0x41, 0xC7, 0x2A, 0x11, 0x74, 0x48, 0xD2, 0x40, 0x6B, 0x69, 0x42, 0xCF, 0x97, 0x32,
    0x34, 0xD7, 0x55, 0xE2, 0x4F, 0x38, 0x82, 0xCF, 0x72, 0x7F, 0x62, 0x7A, 0xE5, 0x34, 0x3D, 0x33,
    0xCC, 0x92, 0x2C, 0x3B, 0xB3, 0xED, 0xE5, 0xC9, 0x99, 0x2D, 0x2F, 0xCF, 0xCD, 0x0C, 0xC3, 0x96,
    0xA7, 0x66, 0xF6, 0x55, 0x66, 0x66, 0x4F, 0x25, 0x66, 0xF6, 0x54, 0x5E, 0x66, 0x37, 0x4F, 0xCB,
    0xCC, 0x59, 0x9E, 0x95, 0x39, 0x62, 0x24, 0x29, 0x33, 0xC9, 0xC9, 0x4C, 0x53, 0x32, 0x93, 0x8C,
    0xCC, 0x24, 0x21, 0x33, 0xC9, 0xC7, 0xBC, 0x5A, 0x86, 0x70, 0xBB, 0x6F, 0xCE, 0x6B, 0x82, 0x33,
    0x47, 0xFA, 0x25, 0xB6, 0x26, 0xF9, 0xAE, 0xCB, 0xE9, 0xAE, 0x6F, 0x4B, 0x49, 0x56, 0x9D, 0xBE,
    0x61, 0x3B, 0x9B, 0x2F, 0x7A, 0x6B, 0x17, 0xB7, 0xA5, 0xD9, 0x75, 0x41, 0x4C, 0x3C, 0xCD, 0x9D,
    0x0C, 0x1B, 0x3D, 0x1A, 0xC0, 0xB8, 0x9C, 0xAA, 0x17, 0xF9, 0x7F, 0x49, 0x64, 0x8E, 0x5D, 0xFB,
    0xBB, 0x91, 0x24, 0x59, 0xC7, 0x90, 0x46, 0xD7, 0x43, 0xD3, 0x02, 0x97, 0x13, 0xA6, 0xBC, 0xAE,
    0x39, 0x62, 0x39, 0xD9, 0x98, 0x64, 0x56, 0xE6, 0xDA, 0x45, 0x64, 0xD0, 0x92, 0xD9, 0x76, 0xE1,
    0x27, 0xAC, 0x34, 0xA7, 0x72, 0x47, 0x64, 0xB5, 0x4C, 0x93, 0x44, 0xCB, 0xA4, 0x96, 0x98, 0x25,
    0x3A, 0xB5, 0x27, 0xF3, 0xE5, 0xA4, 0xF4, 0x1C, 0x98, 0xFD, 0x4A, 0xD1, 0x01, 0x5C, 0x51, 0x9A,
    0x4E, 0x1C, 0xEE, 0x66, 0xAA, 0x4E, 0x54, 0x34, 0x5D, 0x27, 0x94, 0x1D, 0x93, 0xCA, 0x4E, 0x69,
    0xBB, 0x2E, 0x23, 0xEA, 0x4E, 0xE4, 0x2F, 0xC9, 0xF4, 0x5D, 0xCC, 0x88, 0xC2, 0xEB, 0x9C, 0x21,
    0x1A, 0xAF, 0x16, 0x13, 0x95, 0x67, 0xC5, 0xC3, 0xC2, 0x30, 0xBA, 0xCD, 0x6A, 0xFB, 0xEC, 0xE0,
    0x8D, 0xF6, 0x26, 0xED, 0x76, 0x38, 0xD0, 0xC5, 0xBE, 0x01, 0x07, 0xFB, 0x4D, 0x27, 0x03, 0xCB,
    0x19, 0x2A, 0x78, 0x42, 0x4B, 0x6D, 0x4C, 0xF7, 0x7B, 0x0D, 0x1C, 0xAD, 0x82, 0x04, 0x6E, 0x99,
    0xE9, 0xB2, 0xD9, 0x55, 0xB2, 0x25, 0xF8, 0xEB, 0x3B, 0x47, 0x29, 0x26, 0xD5, 0xC0, 0xEA, 0xDA,
    0x68, 0xF5, 0x66, 0x17, 0x55, 0xD5, 0x19, 0x90, 0x7C, 0xFA, 0x5A, 0x95, 0xBD, 0xA1, 0xCA, 0xDB,
    0x98, 0xBE, 0x23, 0xD3, 0x2D, 0x99, 0xEE, 0xC9, 0x74, 0x53, 0xA6, 0xBB, 0x32, 0xD9, 0x96, 0x19,
    0xD9, 0x97, 0xE9, 0xC6, 0x4C, 0x77, 0x66, 0xB5, 0x35, 0xC3, 0xE9, 0x61, 0xBE, 0x37, 0x77, 0xB8,
    0x9B, 0x6F, 0xCE, 0xA3, 0xE8, 0x47, 0x28, 0xE4, 0xC4, 0xDF, 0x9C, 0xAC, 0xD4, 0xBA, 0x07, 0x44,
    0x16, 0xF6, 0x6D, 0xBF, 0x85, 0x64, 0x85, 0xEE, 0x55, 0x68, 0x3F, 0xDE, 0xBC, 0xCC, 0xDA, 0x33,
    0xC2, 0xA9, 0xE2, 0xCE, 0x43, 0x7D, 0x1E, 0xEA, 0xF3, 0x33, 0xD2, 0xC9, 0x4B, 0xFF, 0x1A, 0x03,
    0xFE, 0x9A, 0x85, 0x3F, 0xBC, 0x0F, 0x47, 0x6D, 0x05, 0xD7, 0x95, 0x4F, 0x6E, 0x1D, 0x92, 0xFF,
    0x9E, 0x2B, 0x7E, 0xEF, 0x7E, 0xF9, 0x7B, 0xED, 0xB4, 0x7E, 0xFC, 0xFE, 0xF2, 0xEF, 0xD1, 0xBF,
    0x83, 0xE9, 0x5F, 0x63, 0x8D, 0xBF, 0x66, 0x8E, 0xEE, 0x9B, 0x29, 0x66, 0x8F, 0x05, 0x18, 0x16,
    0x1E, 0x61, 0x74, 0x33, 0xE1, 0x38, 0xE1, 0x5F, 0xCD, 0x95, 0x17, 0xFA, 0x4D, 0x78, 0xF6, 0xE0,
    0xC0, 0xFA, 0x7F, 0x5E, 0x66, 0xFB, 0xAF, 0xFE, 0x8C, 0x4D, 0x79, 0x97, 0x9C, 0x27, 0xBC, 0x8B,
    0xCE, 0xD4, 0xF7, 0x2F, 0xC1, 0xF9, 0x0A, 0xA8, 0x17, 0xCF, 0x17, 0xAF, 0x0B, 0xFF, 0x3D, 0x7E,
    0x26, 0xFB, 0x3C, 0xE6, 0x51, 0x30, 0xA5, 0xBB, 0x4A, 0x1E, 0x1F, 0xB4, 0xD3, 0xDF, 0xDC, 0x2E,
    0xD8, 0xD2, 0x75, 0xA6, 0xBF, 0xAD, 0x92, 0xDE, 0x90, 0x45, 0xFC, 0x9D, 0x4F, 0xCF, 0x3E, 0xF0,
    0xED, 0xFF, 0x1E, 0xDE, 0xE4, 0x2D, 0x30, 0xE3, 0x7F, 0x9D, 0x61, 0xFB, 0xAE, 0xBE, 0xC5, 0xA6,
    0x16, 0xBE, 0xE8, 0x4E, 0x79, 0x9F, 0x74, 0xA7, 0x4F, 0xFF, 0xC0, 0xA9, 0xE2, 0x99, 0x0E, 0xBC,
    0xC6, 0x7C, 0x5F, 0x9E, 0x79, 0x9F, 0x50, 0x5D, 0x4A, 0x6F, 0x7E, 0xA2, 0x75, 0x0B, 0xBB, 0x93,
    0xDF, 0x4E, 0xE0, 0x0E, 0x22, 0xF6, 0x1D, 0xA4, 0x7C, 0x27, 0x29, 0x6F, 0x23, 0x6B, 0x65, 0x84,
    0x1C, 0x9D, 0xFC, 0xA9, 0xEF, 0xE6, 0xB5, 0x13, 0x27, 0x3D, 0x9F, 0xB8, 0xDB, 0x7D, 0x65, 0x61,
    0xF9, 0x99, 0x69, 0x3C, 0xA7, 0xCA, 0x46, 0x57, 0x95, 0x6B, 0xA4, 0x7C, 0x6C, 0x5A, 0x95, 0x03,
    0xAD, 0x6C, 0xB1, 0x20, 0xC8, 0xEE, 0x28, 0x93, 0x95, 0x77, 0xB1, 0x3D, 0x6D, 0xFB, 0xA4, 0x2F,
    0x8E, 0x6B, 0x26, 0xE1, 0x8B, 0x12, 0xEE, 0x2D, 0x89, 0xF0, 0x21, 0x3C, 0x12, 0xBB, 0x4B, 0x78,
    0x12, 0xAB, 0x28, 0x6E, 0x63, 0x41, 0x9C, 0x90, 0xCD, 0x4C, 0xE2, 0xF5, 0x84, 0x56, 0x02, 0x3E,
    0xC5, 0x39, 0x2C, 0xDF, 0x3D, 0xC9, 0xAC, 0xCB, 0x86, 0x7F, 0x0C, 0xCB, 0x33, 0x3B, 0xD1, 0x00,
    0x0A, 0xEA, 0x28, 0xB3, 0xE3, 0x55, 0x94, 0xD5, 0x92, 0x71, 0xE4, 0xF0, 0xE1, 0xC7, 0xDE, 0xFA,
    0xD8, 0x5F, 0x82, 0x74, 0x97, 0x04, 0x5B, 0xE0, 0x54, 0x0F, 0x4D, 0xF5, 0x40, 0x99, 0xF3, 0x06,
    0x99, 0xB4, 0x96, 0xDB, 0xFF, 0xC0, 0xAA, 0xBB, 0x6A, 0x5A, 0x81, 0xF4, 0xE1, 0xAD, 0x51, 0x2F,
    0xBE, 0xFF, 0x73, 0x7A, 0x75, 0xC7, 0x5F, 0xED, 0xDA, 0xAD, 0x29, 0xB7, 0x70, 0x66, 0x42, 0x77,
    0xC3, 0x4C, 0x6A, 0x75, 0xE6, 0x6B, 0xF5, 0xB1, 0x42, 0x7D, 0x9F, 0x5E, 0x87, 0x5C, 0xD8, 0x5A,
    0xDD, 0x7E, 0x54, 0xAF, 0xDF, 0x6D, 0xB3, 0x60, 0x82, 0xD4, 0x27, 0x0A, 0xF5, 0xEA, 0x39, 0xA8,
    0xEF, 0xA0, 0x84, 0x12, 0xA7, 0x3B, 0xB9, 0x93, 0x02, 0x27, 0xCE, 0xA3, 0x9D, 0xA9, 0x83, 0x44,
    0x10, 0x53, 0x3E, 0x3D, 0xBA, 0x00, 0xF3, 0x52, 0x18, 0xA6, 0x93, 0xA6, 0xA6, 0x8B, 0x2A, 0xB1,
    0xE9, 0xDA, 0x44, 0xA4, 0x38, 0xBE, 0xFB, 0x9F, 0x90, 0xE5, 0xA7, 0xD2, 0x31, 0x9E, 0xCE, 0xBE,
    0xD5, 0x9B, 0x60, 0x73, 0x93, 0x86, 0x37, 0x27, 0x67, 0x5F, 0xD5, 0x09, 0xC6, 0xD8, 0x31, 0xA8,
    0xCB, 0x98, 0x89, 0xA5, 0x19, 0x76, 0xDA, 0x66, 0xF5, 0xD8, 0xF4, 0xF6, 0x6F, 0x9F, 0x80, 0x9F,
    0xED, 0x76, 0x99, 0x6F, 0x31, 0xE3, 0xC8, 0xE3, 0x57, 0x8E, 0x24, 0x93, 0xAC, 0xFE, 0xE5, 0x15,
    0x7F, 0xAF, 0x67, 0xC1, 0xB0, 0x26, 0xAD, 0x64, 0x61, 0x06, 0xAE, 0xF9, 0x08, 0xAC, 0x32, 0x5B,
    0x45, 0x5D, 0xF8, 0xEC, 0x2E, 0x87, 0x65, 0x9D, 0x98, 0x4C, 0xBD, 0xD4, 0x19, 0xB2, 0xA8, 0x3E,
    0x3B, 0x8B, 0x23, 0x36, 0x1A, 0xE4, 0x3D, 0x16, 0xC8, 0xC1, 0x76, 0x14, 0x1F, 0x73, 0xF5, 0xC7,
    0x5F, 0x14, 0x14, 0xF0, 0xA7, 0x0A, 0x13, 0xE0, 0x8E, 0xE2, 0x07, 0x76, 0xAC, 0xD9, 0xB0, 0xAD,
    0x38, 0x87, 0xEE, 0x2C, 0x9E, 0x99, 0xFD, 0xE9, 0xF7, 0x5D, 0xBD, 0xE9, 0x02, 0x5D, 0xD3, 0x62,
    0xCE, 0x1B, 0x85, 0x86, 0xB1, 0x42, 0xC3, 0x5C, 0xA1, 0x41, 0xAC, 0x73, 0xDA, 0x40, 0x17, 0xBB,
    0x5C, 0xF1, 0x73, 0x85, 0x86, 0xA0, 0xD4, 0x40, 0xF4, 0x80, 0x18, 0xCA, 0x0B, 0x61, 0xA1, 0x61,
    0x6F, 0xBB, 0x7A, 0x52, 0x6B, 0x10, 0xAA, 0x20, 0x90, 0x62, 0x9E, 0x4E, 0x8F, 0xC8, 0x85, 0x3E,
    0x18, 0x4B, 0x1B, 0xB4, 0x8B, 0x9E, 0x86, 0x7B, 0xBE, 0xF8, 0x95, 0x98, 0x36, 0xC0, 0x86, 0x6A,
    0xFF, 0x49, 0xEA, 0xCC, 0x07, 0x99, 0x4C, 0x57, 0xBE, 0xC3, 0xF2, 0xC1, 0xE6, 0x5D, 0x8B, 0x4D,
    0x9B, 0x8F, 0xB0, 0x39, 0x39, 0xC5, 0x27, 0x2C, 0x6F, 0xC6, 0x74, 0x67, 0x6C, 0x9B, 0x2D, 0xC9,
    0x77, 0x4C, 0x8E, 0xB1, 0x99, 0x8A, 0x37, 0xB3, 0x7D, 0x8C, 0x75, 0xED, 0xA7, 0x1F, 0x85, 0x3D,
    0x66, 0x66, 0x86, 0x4D, 0x1B, 0xDE, 0xFE, 0x23, 0xC9, 0x73, 0xCB, 0xBF, 0xC5, 0xFF, 0x09, 0xB3,
    0xAF, 0x24, 0xDD, 0xD1, 0xAE, 0xE1, 0x55, 0x21, 0x66, 0xE5, 0x08, 0x3F, 0x03, 0x97, 0xD4, 0x79,
    0x05, 0x50, 0x1E, 0xCC, 0xA0, 0xAA, 0x98, 0x45, 0x63, 0x78, 0x01, 0x77, 0x1D, 0x62, 0xA6, 0xC3,
    0xAC, 0x87, 0x3C, 0xE9, 0xA4, 0x5A, 0x92, 0xCB, 0x92, 0x99, 0x6F, 0xE2, 0x08, 0x99, 0x57, 0x1E,
    0xF7, 0xB3, 0xD3, 0x68, 0x79, 0xBB, 0xAC, 0x8E, 0x38, 0xEA, 0xAE, 0xF8, 0xFD, 0xCD, 0x86, 0xBE,
    0x8F, 0xC9, 0xA0, 0xD0, 0xB0, 0xBB, 0x78, 0x28, 0x6E, 0x96, 0x3E, 0x33, 0x4C, 0x0B, 0xBB, 0xA7,
    0xD8, 0xF0, 0x6B, 0xBF, 0x5D, 0x6C, 0x79, 0xFF, 0xD2, 0xDC, 0xB4, 0xDE, 0xB2, 0xEF, 0x50, 0xB1,
    0x05, 0x86, 0x52, 0x6F, 0xD9, 0x66, 0xBA, 0x85, 0x96, 0x09, 0xD3, 0xD3, 0x5B, 0x8C, 0x76, 0xC5,
    0x9B, 0xD6, 0x5A, 0xEC, 0x18, 0x5A, 0xB4, 0x20, 0xA9, 0x07, 0x27, 0x8A, 0x2D, 0xD3, 0xA5, 0x96,
    0x99, 0x9D, 0xC5, 0x96, 0x5A, 0xAF, 0xD8, 0x62, 0x7C, 0xF5, 0x91, 0xB7, 0x97, 0x66, 0x34, 0xDD,
    0x6C, 0xF1, 0x56, 0x30, 0x43, 0x54, 0xFE, 0x76, 0xFD, 0xC6, 0x82, 0xCC, 0x70, 0xC7, 0xB4, 0x23,
    0xA3, 0xF7, 0x8A, 0x1B, 0x9B, 0x7D, 0x4B, 0x2E, 0x3A, 0xE3, 0x45, 0x71, 0xE3, 0xA1, 0xC9, 0xB9,
    0x7C, 0x87, 0xA9, 0x72, 0x36, 0x67, 0x5D, 0x72, 0xA7, 0xE7, 0x4C, 0x39, 0x5F, 0x0D, 0xEF, 0x20,
    0x4C, 0x34, 0x98, 0x24, 0x73, 0x73, 0x96, 0x7C, 0x4F, 0xC5, 0xEB, 0x56, 0xDC, 0xC9, 0xFA, 0x49,
    0x7F, 0x29, 0xB0, 0xD9, 0xB1, 0xFB, 0xE6, 0xD8, 0x21, 0xF3, 0x92, 0x67, 0xBA, 0x13, 0x1F, 0xBC,
    0xF2, 0xF6, 0xD5, 0xD7, 0x67, 0x9F, 0x6D, 0x45, 0x4B, 0xEC, 0xC2, 0x91, 0x37, 0x9D, 0x59, 0x36,
    0x31, 0xD7, 0xEA, 0xAC, 0x74, 0x96, 0xF9, 0x8A, 0x03, 0xB7, 0x6A, 0xEA, 0x21, 0xBF, 0x6F, 0x72,
    0x6E, 0x1B, 0x5B, 0x12, 0x33, 0x38, 0xC0, 0x99, 0x76, 0x18, 0xC4, 0x00, 0xBF, 0x7C, 0x54, 0xB4,
    0x2C, 0x49, 0x45, 0x67, 0x74, 0x41, 0x94, 0x0D, 0xE1, 0x13, 0x6C, 0x1C, 0x16, 0x6E, 0xCD, 0xBD,
    0xA8, 0x3B, 0xA5, 0xFA, 0xB5, 0x25, 0x37, 0xE1, 0x41, 0x12, 0x81, 0x36, 0x9E, 0x6B, 0xC3, 0xE2,
    0x23, 0xDF, 0x0C, 0x8C, 0xFF, 0x53, 0xB2, 0xA0, 0xFF, 0x68, 0x08, 0x33, 0xEC, 0x89, 0x72, 0xD3,
    0xDC, 0x10, 0x13, 0x0F, 0xA6, 0x5E, 0x79, 0xC2, 0xFE, 0xBD, 0x6D, 0xC5, 0xB5, 0x61, 0x9E, 0x18,
    0xB3, 0x8B, 0x57, 0xE5, 0x8E, 0x59, 0xA5, 0xAF, 0xB7, 0x0B, 0x4D, 0x15, 0x67, 0xBA, 0xD8, 0x64,
    0xBA, 0xA5, 0xA6, 0x56, 0xA9, 0xC9, 0xF8, 0x49, 0xA9, 0xC9, 0x7C, 0xD8, 0x2B, 0x36, 0x59, 0xA0,
    0x43, 0xAC, 0x42, 0xD3, 0x97, 0x49, 0xD3, 0x5C, 0x76, 0xCB, 0xBD, 0x03, 0xB6, 0x59, 0x90, 0xC9,
    0x0A, 0xFF, 0x86, 0xE9, 0xE8, 0x4D, 0xB3, 0x5F, 0x8A, 0xCC, 0x74, 0x8C, 0x8A, 0xEB, 0xEC, 0x68,
    0xD6, 0x64, 0xD1, 0x91, 0x9C, 0x16, 0xB8, 0xC9, 0x4A, 0x6F, 0x29, 0x98, 0xAA, 0xC5, 0xDD, 0xC8,
    0x2F, 0x61, 0x8D, 0x54, 0x51, 0x3C, 0x2F, 0x35, 0xE5, 0xD8, 0x4C, 0xAA, 0x9F, 0x84, 0xC7, 0xFB,
    0xBE, 0xE9, 0xCA, 0x25, 0x77, 0x72, 0xA6, 0xE2, 0xCA, 0xA6, 0x85, 0xFD, 0x15, 0x6F, 0x72, 0xC6,
    0x7C, 0xC8, 0x9B, 0x01, 0x25, 0x29, 0x9B, 0xFC, 0x17, 0x98, 0xB7, 0x73, 0xC6, 0x76, 0x83, 0xE9,
    0x25, 0xD3, 0x39, 0xB8, 0x7B, 0x9A, 0xDD, 0x63, 0x7C, 0xDF, 0xAF, 0x78, 0x63, 0xFB, 0x9F, 0x7A,
    0x6D, 0xF9, 0xDB, 0xCB, 0x47, 0xAE, 0xCC, 0xC6, 0xD3, 0xAC, 0xF9, 0x95, 0xAB, 0xEE, 0x11, 0x67,
    0xAC, 0x1A, 0xB5, 0xCE, 0xAD, 0x74, 0xE2, 0x4E, 0xE2, 0xCC, 0xC1, 0x46, 0x5C, 0x07, 0x9C, 0xBD,
    0x13, 0x41, 0xFB, 0xF4, 0x4E, 0xD9, 0x35, 0x50, 0x97, 0x87, 0xD3, 0xE9, 0x76, 0x60, 0x4C, 0xEE,
    0xCB, 0x12, 0x2D, 0xBC, 0x20, 0x96, 0xEC, 0x7F, 0x13, 0xEE, 0xEB, 0x7F, 0x3A, 0xAB, 0xC8, 0x58,
    0x56, 0x28, 0xAF, 0x32, 0x94, 0xA8, 0x87, 0x2A, 0x97, 0xA1, 0xDC, 0x01, 0x3F, 0x29, 0x37, 0x3D,
    0x57, 0xDC, 0x66, 0xCB, 0x6F, 0xB9, 0x73, 0xA8, 0xA6, 0x91, 0x3E, 0xDE, 0xA5, 0x32, 0x4D, 0xE9,
    0x77, 0x4F, 0xBB, 0x87, 0x0A, 0x4D, 0x2D, 0xCF, 0x0F, 0x4A, 0xEC, 0xDE, 0x52, 0x93, 0x55, 0x6A,
    0x9A, 0x2E, 0x37, 0x1D, 0x05, 0xBD, 0x72, 0x5A, 0xB7, 0xFC, 0x10, 0x6C, 0x2F, 0x69, 0x4D, 0x07,
    0xA7, 0x4B, 0x4D, 0x4B, 0xE5, 0xA6, 0x60, 0xA6, 0xD4, 0x74, 0xE1, 0x45, 0xCB, 0x29, 0x34, 0xD5,
    0x62, 0xCB, 0x2D, 0x34, 0x81, 0x39, 0x25, 0x61, 0x3C, 0x75, 0xC3, 0x9C, 0x79, 0x52, 0xE8, 0x80,
    0x3E, 0xBB, 0x9A, 0x18, 0xF0, 0x49, 0xC6, 0x8A, 0xF3, 0x7A, 0x37, 0x0A, 0x79, 0x5A, 0xDE, 0x24,
    0x92, 0x51, 0x46, 0xB0, 0x99, 0x92, 0xE6, 0x46, 0xD3, 0x8E, 0xFE, 0xC2, 0xCB, 0x27, 0x7E, 0x2B,
    0xC6, 0x0D, 0x78, 0xC2, 0xB8, 0xE8, 0x4D, 0x4A, 0x85, 0xB0, 0xDD, 0x08, 0xEE, 0x46, 0xEA, 0xD0,
    0xDD, 0x15, 0x68, 0x92, 0x5E, 0xA8, 0x31, 0xCB, 0xDD, 0x09, 0x9D, 0x63, 0x63, 0xE6, 0x1F, 0x3A,
    0x33, 0xA6, 0xFF, 0x45, 0xD7, 0x70, 0xC6, 0xC6, 0xD8, 0xDD, 0x20, 0x02, 0x56, 0xFD, 0x32, 0xFF,
    0x5A, 0x72, 0x98, 0xFF, 0xC0, 0x35, 0x97, 0x5B, 0xED, 0x91, 0x17, 0xD9, 0xD2, 0x1C, 0xA8, 0xF0,
    0x37, 0xF9, 0x0F, 0xF9, 0x65, 0x58, 0x8D, 0xAD, 0x5F, 0x20, 0x83, 0x21, 0x98, 0x83, 0x0F, 0xBA,
    0xF8, 0xCB, 0xD0, 0x34, 0xC1, 0x46, 0x0E, 0x31, 0x84, 0xA3, 0x93, 0x15, 0xD1, 0x61, 0xB8, 0xAF,
    0xE9, 0x01, 0x69, 0x49, 0xD4, 0x0F, 0x47, 0x6C, 0x45, 0x9C, 0x0D, 0x2D, 0x3F, 0xD6, 0x95, 0x06,
    0x05, 0x52, 0xB4, 0xEB, 0xAE, 0xE4, 0xB2, 0x39, 0xA9, 0x37, 0x6B, 0x7C, 0xA0, 0x7D, 0xD0, 0xFF,
    0x90, 0xE6, 0x68, 0xD9, 0xBF, 0x55, 0xD6, 0x99, 0xA3, 0xD9, 0xFC, 0xAA, 0x9E, 0xCC, 0x80, 0x84,
    0x39, 0xCA, 0xA6, 0x10, 0x5D, 0x1B, 0xA7, 0xA0, 0xF0, 0x51, 0xF8, 0xAD, 0x93, 0xA7, 0x46, 0x8D,
    0x29, 0x10, 0xD5, 0xE8, 0x4B, 0xA7, 0x3E, 0xFA, 0x07, 0x58, 0xB8, 0x1F, 0x0A, 0x60, 0x13, 0x1B,
    0x2F, 0xCC, 0xBD, 0xF4, 0x34, 0x14, 0x5E, 0xB2, 0x3E, 0xF1, 0x41, 0x51, 0xF8, 0xDF, 0x13, 0x77,
    0xEE, 0x79, 0xF9, 0xD2, 0x43, 0x47, 0x8F, 0x7D, 0x0F, 0xD0, 0x52, 0xA3, 0xC5, 0x6A, 0x3F, 0x7C,
    0x5B, 0x9C, 0xD1, 0xC0, 0xD8, 0x78, 0xB8, 0xA1, 0x99, 0xCE, 0x04, 0x16, 0xF6, 0x79, 0x80, 0xAA,
    0x98, 0x67, 0x75, 0xA7, 0x3C, 0x67, 0xC4, 0x58, 0xF2, 0x76, 0xB2, 0xB9, 0x97, 0x5C, 0x7C, 0xCF,
    0x0E, 0x56, 0x7F, 0x19, 0x3A, 0x6D, 0x04, 0x36, 0x44, 0x30, 0x75, 0x16, 0xCF, 0x26, 0xB3, 0xE7,
    0x00, 0xF4, 0x8C, 0x1C, 0x3E, 0xCC, 0xBE, 0xF0, 0xF1, 0xF4, 0x32, 0xBF, 0x20, 0xFA, 0x6E, 0x8C,
    0xB3, 0x2F, 0xBA, 0x0E, 0x7C, 0xD7, 0xE8, 0x13, 0xEC, 0x8B, 0xA7, 0x96, 0x64, 0x12, 0x9F, 0x3F,
    0xFF, 0xEC, 0xEE, 0x19, 0x51, 0xF8, 0xB3, 0xCF, 0x4E, 0xCC, 0xC9, 0xC2, 0xA9, 0xE8, 0xC3, 0x42,
    0x13, 0x7C, 0xC1, 0xBD, 0x77, 0xFB, 0x7F, 0xC7, 0xDE, 0xBE, 0x74, 0x72, 0x09, 0x02, 0x9C, 0x80,
    0xF2, 0x66, 0x3C, 0xE3, 0xAE, 0x76, 0x66, 0x5B, 0xE6, 0xEC, 0x82, 0x02, 0x82, 0xC5, 0x4E, 0xB6,
    0x0E, 0xD0, 0xB5, 0xFF, 0x81, 0xD6, 0x8F, 0x82, 0x5D, 0xA6, 0xEA, 0x96, 0x33, 0xCD, 0xC6, 0x42,
    0x55, 0xAF, 0xF8, 0xD3, 0xB8, 0xE6, 0xD5, 0xFB, 0x97, 0xC4, 0x04, 0xCE, 0x76, 0x81, 0x1E, 0x3B,
    0x80, 0xF5, 0xF1, 0xB4, 0x6E, 0xBE, 0xEA, 0x54, 0xA7, 0x85, 0x0D, 0x2D, 0xEB, 0xB6, 0x09, 0x7E,
    0xA7, 0x8A, 0x1B, 0x64, 0x75, 0xD0, 0x85, 0x46, 0x64, 0xBA, 0xFE, 0x94, 0xFD, 0x4D, 0xA9, 0x3A,
    0x7E, 0x17, 0xEA, 0xD6, 0x43, 0xFE, 0xB1, 0xB4, 0x6E, 0xF3, 0x93, 0xB3, 0xDF, 0x38, 0xF2, 0xCA,
    0xDB, 0xC9, 0x53, 0xA2, 0xBE, 0xEB, 0x6E, 0xC3, 0xEA, 0x55, 0x7B, 0xBC, 0xF5, 0x4C, 0xF4, 0xEF,
    0xC4, 0x96, 0x3D, 0xA9, 0x6D, 0xAC, 0x95, 0x58, 0xED, 0xEA, 0x73, 0x80, 0x8C, 0xAB, 0x6D, 0xF2,
    0x7A, 0xF5, 0x4F, 0xC0, 0xCA, 0x22, 0xF5, 0xBB, 0xE1, 0x2F, 0x37, 0x07, 0x4D, 0x07, 0x2D, 0xEB,
    0x63, 0xB9, 0x79, 0x67, 0x89, 0xD7, 0xEB, 0xF1, 0xCE, 0xDC, 0x1D, 0x70, 0xD4, 0x7E, 0xD8, 0x41,
    0xCB, 0x1A, 0x1F, 0x8F, 0x1D, 0x9E, 0x7D, 0x36, 0xF9, 0x2D, 0x98, 0xCF, 0x99, 0x27, 0x8A, 0x2F,
    0xC3, 0x72, 0x59, 0x58, 0xC7, 0x79, 0xCB, 0x87, 0x0B, 0x96, 0xF2, 0xB8, 0xBB, 0xE6, 0x47, 0x9E,
    0x2A, 0x29, 0x5E, 0x5C, 0xE2, 0xEE, 0x82, 0x7E, 0x2C, 0x5C, 0x61, 0xBA, 0x25, 0x63, 0x83, 0x48,
    0x1D, 0xAD, 0xE9, 0x90, 0xCD, 0x2A, 0xB3, 0xFA, 0xBB, 0x5E, 0xB0, 0x91, 0x95, 0xA9, 0xA9, 0xD5,
    0x07, 0xE5, 0xF8, 0xAA, 0xA6, 0x51, 0x66, 0x17, 0x9B, 0x9A, 0x7E, 0xE5, 0xBB, 0x62, 0x53, 0x50,
    0x4D, 0xA0, 0x14, 0xAF, 0xB2, 0xF1, 0x3B, 0xC6, 0x48, 0x93, 0x0B, 0xDB, 0x22, 0x18, 0x1D, 0xDB,
    0xE9, 0xD7, 0x4F, 0x83, 0x03, 0x69, 0x69, 0x92, 0x1A, 0x4C, 0x70, 0xBF, 0xDD, 0x6F, 0x3B, 0xDD,
    0x03, 0xD5, 0x87, 0xFC, 0x20, 0xBD, 0xB0, 0xCA, 0x95, 0xA5, 0xCE, 0x8F, 0x70, 0x86, 0x73, 0xEF,
    0x74, 0x90, 0x2B, 0xCD, 0x4F, 0x83, 0x91, 0xFD, 0xD0, 0xC2, 0xA7, 0xD9, 0xA1, 0xA0, 0xEC, 0x63,
    0xCF, 0xDE, 0x35, 0xB8, 0x69, 0x14, 0x9B, 0xC4, 0x6E, 0x6A, 0x9C, 0x72, 0x15, 0x17, 0x2A, 0xA8,
    0xA1, 0x6A, 0xAB, 0xFE, 0x32, 0x6D, 0x3A, 0x8A, 0xDE, 0x12, 0x69, 0xC5, 0x67, 0xE3, 0x14, 0xF8,
    0x36, 0x13, 0x18, 0x99, 0x4D, 0xDF, 0x9D, 0x7E, 0x97, 0xEF, 0x8F, 0xA5, 0xEF, 0x8A, 0xD2, 0x2D,
    0xD9, 0xB8, 0xE4, 0x81, 0xF1, 0x54, 0x1B, 0x65, 0x77, 0x3D, 0xFE, 0xB3, 0xDA, 0xB3, 0x72, 0xA6,
    0xBC, 0x75, 0xA5, 0xF5, 0x5C, 0xEF, 0x71, 0x08, 0xF9, 0x4F, 0xAC, 0x95, 0x74, 0xAE, 0xBC, 0xC1,
    0xFF, 0x96, 0x7F, 0x55, 0xCE, 0x96, 0xF4, 0xAB, 0x0C, 0x6F, 0xAA, 0x34, 0xDC, 0x41, 0xC9, 0xAE,
    0x60, 0x17, 0xBA, 0xBF, 0x5F, 0x9C, 0x26, 0x35, 0xFF, 0x7D, 0x83, 0x75, 0xE8, 0x5E, 0x82, 0xF9,
    0x18, 0x03, 0x1F, 0xFC, 0xC2, 0x21, 0x96, 0x23, 0x26, 0x27, 0xDF, 0xE6, 0xA0, 0xF6, 0x39, 0x2F,
    0xAB, 0xDD, 0x03, 0xA2, 0xFA, 0x7F, 0x6E, 0x56, 0x3B, 0x06, 0xB5, 0xB7, 0x59, 0x56, 0xDB, 0x27,
    0xC5, 0x28, 0x6A, 0x86, 0x63, 0x9D, 0x12, 0xB5, 0x25, 0x5C, 0x78, 0xF5, 0xAE, 0xF1, 0x03, 0x07,
    0xC5, 0x2B, 0x6A, 0x47, 0x8F, 0xB1, 0x6F, 0x3A, 0xE3, 0x23, 0x96, 0xAC, 0x1D, 0x02, 0xAF, 0x84,
    0x3B, 0x33, 0x96, 0xD6, 0x60, 0xF7, 0xA8, 0xBA, 0xD3, 0x3B, 0x4D, 0x07, 0x6B, 0x73, 0x75, 0xBC,
    0xFB, 0xF7, 0x8B, 0x0F, 0xDA, 0xDE, 0x55, 0xAC, 0x2D, 0xBF, 0xD8, 0xFA, 0xB9, 0xB8, 0xC7, 0xEA,
    0x0F, 0xA1, 0xF6, 0x6F, 0x3C, 0xF6, 0x80, 0xF3, 0xE4, 0x47, 0xBF, 0x70, 0xE6, 0x81, 0x47, 0x41,
    0xD9, 0x7F, 0xC8, 0xA5, 0xD4, 0x07, 0x55, 0xC3, 0x9E, 0xFC, 0xBA, 0x97, 0x31, 0xD3, 0x2C, 0x18,
    0xCD, 0x5F, 0xF7, 0x84, 0x4B, 0x29, 0xC1, 0xDA, 0xB2, 0xF3, 0x41, 0x0F, 0xF9, 0x6D, 0x26, 0x4C,
    0x53, 0x0B, 0x9C, 0x5E, 0xD3, 0x2F, 0xC3, 0x9D, 0x51, 0x99, 0x65, 0xB3, 0x29, 0x40, 0xA9, 0x6C,
    0xE6, 0x4B, 0x68, 0xA6, 0x56, 0xC7, 0xC0, 0x5A, 0x81, 0x95, 0x84, 0xC8, 0x0E, 0xD4, 0x1A, 0xEC,
    0x88, 0x96, 0x13, 0xDE, 0x8B, 0xA0, 0xEE, 0xC9, 0xAF, 0x1D, 0x49, 0x1E, 0x03, 0x60, 0xD7, 0x0A,
    0x11, 0xCF, 0x89, 0x5B, 0xFE, 0x7E, 0xB5, 0xD7, 0x59, 0x4E, 0x31, 0xCF, 0x98, 0xCE, 0xA0, 0xD7,
    0x6A, 0xE6, 0x9B, 0xA7, 0xFE, 0x2B, 0x1D, 0x37, 0xA3, 0x88, 0xAE, 0xF0, 0x66, 0xAD, 0xBB, 0xE5,
    0x45, 0x8F, 0xAE, 0xDC, 0x81, 0x90, 0x9C, 0xED, 0x7D, 0x1D, 0xBD, 0x23, 0x35, 0xA7, 0x0E, 0x6C,
    0xBD, 0x3B, 0xF6, 0xB3, 0x0F, 0x88, 0x3B, 0xC5, 0xEE, 0x78, 0x42, 0xBA, 0x50, 0x76, 0x40, 0x41,
    0xEC, 0xA2, 0x3B, 0x26, 0x3E, 0xEC, 0x62, 0xC4, 0x0F, 0xFF, 0xF1, 0x4F, 0x5E, 0xA7, 0x7E, 0xB2,
    0x29, 0xBC, 0xA4, 0x2F, 0xB1, 0xF7, 0x64, 0x05, 0xB6, 0x5B, 0xCC, 0xA8, 0x2F, 0xB1, 0x9D, 0xA3,
    0x69, 0xE1, 0xFD, 0x06, 0x0C, 0x9B, 0xBD, 0xF4, 0x9B, 0xEC, 0x03, 0x80, 0x67, 0xEF, 0x98, 0xBE,
    0x07, 0x0A, 0x4E, 0xC8, 0x76, 0x2E, 0x4C, 0x7D, 0x89, 0xED, 0xAB, 0x7D, 0x0C, 0xA6, 0xE4, 0xB9,
    0xA7, 0x49, 0x77, 0x1C, 0xBC, 0x28, 0xF0, 0x69, 0xDD, 0x0B, 0x5B, 0x19, 0xAB, 0xE0, 0xA5, 0xFE,
    0x27, 0x51, 0xB8, 0x93, 0x35, 0x2E, 0xFE, 0x23, 0xE8, 0xE0, 0xEE, 0x0F, 0x01, 0xB0, 0xF9, 0x2B,
    0x66, 0x98, 0x77, 0xBC, 0xCF, 0x79, 0x82, 0x1D, 0xB8, 0xE3, 0x7D, 0x1F, 0xB9, 0xA3, 0xE9, 0xDC,
    0xC3, 0x0E, 0xDC, 0xF7, 0xA9, 0x53, 0x77, 0x98, 0x6C, 0xCA, 0x7E, 0x85, 0x27, 0xE7, 0x77, 0x3C,
    0x98, 0xED, 0x43, 0xE3, 0xFD, 0x66, 0xA7, 0x5F, 0xF1, 0x2B, 0xE9, 0x54, 0xAF, 0x84, 0xB8, 0x8C,
    0x0D, 0x67, 0x61, 0xC9, 0x12, 0x7E, 0x33, 0xD8, 0x10, 0xE6, 0x76, 0xEE, 0x44, 0x50, 0x63, 0x3A,
    0x3E, 0xA8, 0x0E, 0x54, 0x4E, 0xF6, 0xD3, 0xC1, 0xD2, 0xE4, 0xF6, 0x8A, 0x50, 0x08, 0x1D, 0x7F,
    0xDF, 0xBF, 0x36, 0x3F, 0x73, 0xF8, 0xF0, 0xA1, 0x5D, 0x23, 0xCC, 0x8E, 0xAA, 0xF9, 0x57, 0x4A,
    0x3F, 0xD6, 0xCE, 0xB9, 0x8C, 0x1F, 0x3D, 0x36, 0xA7, 0x07, 0xA5, 0xE8, 0xBE, 0xC5, 0x2C, 0xB1,
    0x93, 0xCD, 0xC6, 0x8E, 0x49, 0xED, 0x62, 0x7A, 0xD2, 0xFF, 0x07, 0x9B, 0x92, 0x8F, 0x5B, 0xC1,
    0x84, 0x79, 0xD2, 0x63, 0xDD, 0x07, 0x3F, 0x01, 0x48, 0x0A, 0x2E, 0x09, 0x36, 0xB1, 0x18, 0x01,
    0x94, 0xE3, 0x01, 0xDB, 0x6A, 0x12, 0x70, 0xD3, 0x57, 0xFF, 0xF2, 0xE2, 0x73, 0xC9, 0x63, 0x21,
    0xC0, 0xA5, 0x1E, 0xAF, 0xF0, 0x67, 0xB8, 0x3B, 0x97, 0x83, 0xF3, 0x99, 0xDC, 0x9A, 0xAC, 0x1D,
    0x0E, 0xCB, 0xD1, 0x6A, 0x54, 0x20, 0xAE, 0x82, 0x42, 0x4F, 0x39, 0xEC, 0x92, 0x73, 0x9F, 0x70,
    0x74, 0x1B, 0x2E, 0x03, 0x37, 0xFD, 0x7D, 0xFF, 0x0C, 0xD5, 0x84, 0xFB, 0x1B, 0xCC, 0xBF, 0xE8,
    0xFC, 0x2B, 0x44, 0x92, 0xA3, 0xDE, 0x53, 0x50, 0x7E, 0x6A, 0x37, 0x96, 0xEF, 0x07, 0xF9, 0x2C,
    0x5C, 0x74, 0xA0, 0x7C, 0x9C, 0xCD, 0xA5, 0xE5, 0x4F, 0x9A, 0x5F, 0x66, 0x1F, 0x4C, 0xCB, 0x9F,
    0xFA, 0x0D, 0x93, 0xED, 0xB9, 0xCC, 0x46, 0x5F, 0x7B, 0xE9, 0xFE, 0x07, 0xFF, 0xE5, 0xD7, 0x6D,
    0x3C, 0xB8, 0x5B, 0xA9, 0xBB, 0xD6, 0x4F, 0x7A, 0x9D, 0x28, 0x35, 0x16, 0x4D, 0x89, 0x4E, 0x71,
    0xFD, 0x78, 0xB6, 0x28, 0xEF, 0xC3, 0xF2, 0x89, 0x18, 0x76, 0xCF, 0x90, 0x21, 0x40, 0x62, 0xC6,
    0x43, 0x6C, 0x0A, 0x2C, 0xB0, 0x39, 0x6F, 0x97, 0x50, 0xA3, 0x53, 0xB0, 0xE0, 0xEA, 0x01, 0xCE,
    0x87, 0x59, 0xF7, 0x05, 0xF3, 0x33, 0x22, 0x9A, 0x03, 0x4E, 0x5F, 0x3A, 0x5F, 0x3D, 0xDB, 0x4B,
    0xED, 0xE5, 0x3B, 0x9D, 0xCA, 0xEF, 0x64, 0xB6, 0xF3, 0x7B, 0x5D, 0x73, 0x0A, 0x8F, 0x94, 0xA1,
    0x3C, 0x3D, 0xCE, 0xCC, 0xA9, 0x71, 0x36, 0x36, 0xB5, 0xC3, 0x18, 0xD9, 0xFD, 0x37, 0x95, 0x53,
    0x53, 0x7F, 0xC3, 0x26, 0x77, 0xEF, 0x30, 0xB7, 0xEF, 0xFC, 0xA3, 0xDA, 0xA9, 0xBF, 0xFB, 0x0F,
    0xD9, 0x87, 0x3E, 0xB1, 0xDF, 0x1E, 0xDB, 0xF3, 0xD9, 0x7F, 0x8B, 0xE5, 0x4F, 0x5E, 0xFD, 0xE5,
    0xF2, 0xD5, 0x6E, 0xF2, 0xFD, 0x4B, 0x1F, 0xE8, 0xA5, 0x16, 0xF4, 0xCE, 0xFF, 0x71, 0x69, 0x7A,
    0x07, 0x9B, 0x12, 0x7E, 0x9B, 0x63, 0x7B, 0x5E, 0x99, 0x3E, 0xC6, 0xA6, 0xEE, 0x3A, 0xFC, 0x2F,
    0xFE, 0xA2, 0xB2, 0xC0, 0xE6, 0xDF, 0xBF, 0xC0, 0xA6, 0x1F, 0x58, 0xFC, 0xF3, 0x7F, 0xCE, 0x06,
    0xCE, 0xB4, 0x51, 0x87, 0x46, 0x28, 0x7D, 0x0B, 0xDE, 0x33, 0xAE, 0x20, 0xB8, 0x9B, 0x7B, 0x6B,
    0xA0, 0xF6, 0x0F, 0xF2, 0xDA, 0x38, 0xD4, 0xFE, 0xB3, 0x97, 0xD5, 0x0E, 0x00, 0xC2, 0xFD, 0x03,
    0x27, 0xAB, 0x49, 0x6F, 0x97, 0xAC, 0x19, 0x8E, 0x79, 0x51, 0xD5, 0xC0, 0x2B, 0x02, 0xA8, 0x1C,
    0x74, 0xAD, 0xA8, 0x1D, 0x38, 0xC0, 0xFE, 0x3E, 0x1C, 0xBC, 0x98, 0x8E, 0xF0, 0xEC, 0xDC, 0x33,
    0x01, 0x87, 0xA4, 0x13, 0x16, 0x18, 0xDA, 0x33, 0x88, 0x55, 0x76, 0xC2, 0x89, 0xC6, 0x24, 0x80,
    0xA1, 0x0F, 0x81, 0xF7, 0x64, 0x0E, 0xB2, 0x82, 0xD5, 0xFC, 0x03, 0x55, 0xD3, 0xFB, 0x7D, 0xAC,
    0x5D, 0x68, 0xD7, 0x23, 0x71, 0xBA, 0xF5, 0x4B, 0xA8, 0x4D, 0x07, 0xEC, 0x01, 0xF7, 0x81, 0xA7,
    0xFF, 0xEC, 0xEB, 0x7B, 0x4E, 0xC1, 0xFD, 0x67, 0x3F, 0xE8, 0x51, 0xF3, 0x21, 0xAD, 0xBD, 0x17,
    0x6B, 0xB5, 0x60, 0x5A, 0xD6, 0x3A, 0x88, 0xC7, 0x4F, 0x2C, 0x4C, 0x4B, 0xCF, 0xCB, 0x0F, 0x20,
    0x7C, 0x11, 0x30, 0xFA, 0xB4, 0xD8, 0x06, 0xE1, 0xB6, 0xD0, 0x80, 0xD8, 0x03, 0x36, 0x23, 0xB4,
    0xB9, 0xF9, 0x11, 0x67, 0x06, 0x5F, 0x9B, 0x11, 0x22, 0x06, 0x9D, 0x08, 0xB5, 0x83, 0xBB, 0xF7,
    0x1F, 0xFE, 0x1D, 0xD8, 0xB8, 0x1E, 0xEF, 0x3C, 0x9B, 0x3C, 0xFE, 0xF6, 0x2C, 0xF0, 0xED, 0xC4,
    0xE3, 0x2C, 0xFF, 0x61, 0xD2, 0xCC, 0xE2, 0x79, 0x2C, 0xC7, 0xD7, 0xCC, 0x18, 0xCD, 0x6D, 0x7A,
    0xF5, 0xA5, 0x57, 0xA9, 0x85, 0xE7, 0x7C, 0x26, 0x9D, 0xDB, 0xC6, 0xD3, 0x0E, 0x0E, 0xCD, 0x2E,
    0x3C, 0xC4, 0x31, 0x2E, 0xB9, 0x80, 0x47, 0x2B, 0x97, 0x71, 0xB0, 0xA0, 0xBC, 0x8D, 0xFD, 0x9D,
    0x93, 0xE9, 0xEE, 0xE9, 0xE6, 0xB8, 0x08, 0x76, 0x52, 0xF5, 0xA5, 0x17, 0xB5, 0x72, 0x2D, 0x1C,
    0xCD, 0xCB, 0xDF, 0x3A, 0x6E, 0x19, 0xD2, 0x1C, 0x7A, 0xD9, 0x0B, 0x26, 0xCC, 0x47, 0xE2, 0xB4,
    0x7C, 0x7C, 0xD2, 0xFC, 0x8F, 0x3B, 0x85, 0x4B, 0xFE, 0x65, 0xAF, 0xFA, 0x82, 0xF9, 0x39, 0xF0,
    0x6C, 0xB2, 0x83, 0xC6, 0x4B, 0xBE, 0x1D, 0x98, 0xFF, 0xD8, 0x06, 0xF0, 0x51, 0xE3, 0x2E, 0xC6,
    0x8A, 0x54, 0x13, 0xC0, 0xBA, 0x95, 0x2B, 0x6C, 0xCF, 0xA1, 0x91, 0x3F, 0x36, 0xBE, 0x01, 0xEF,
    0xC9, 0xF8, 0xFF, 0x93, 0x90, 0xF5, 0x67, 0xAF, 0x93, 0x71, 0x1E, 0x6D, 0xDE, 0xBB, 0x4F, 0x04,
    0xD7, 0x60, 0xD4, 0xCE, 0x22, 0x6C, 0x67, 0xE8, 0x36, 0x78, 0x6F, 0xE6, 0x32, 0x5A, 0x4A, 0x8D,
    0xE9, 0xF1, 0xB4, 0xFC, 0x43, 0x54, 0x68, 0x93, 0xB9, 0x6B, 0xC1, 0x74, 0x55, 0xD9, 0xF0, 0x26,
    0x25, 0x4E, 0x9D, 0x04, 0xBD, 0x7F, 0x7A, 0xC2, 0x70, 0x65, 0x79, 0xDA, 0xF2, 0xC1, 0x93, 0x07,
    0xE5, 0x05, 0xB0, 0x1F, 0x0C, 0x58, 0x38, 0x3E, 0x94, 0xFD, 0x9D, 0xE8, 0xE0, 0x98, 0x64, 0xA7,
    0x41, 0x85, 0x01, 0xAA, 0x38, 0x88, 0x0C, 0x4F, 0x70, 0xDB, 0x99, 0xC1, 0xDD, 0x68, 0x68, 0x06,
    0x70, 0xE2, 0x03, 0x33, 0x04, 0x82, 0x69, 0x16, 0x9F, 0x07, 0x18, 0x68, 0x1C, 0xFE, 0xF8, 0x88,
    0xA3, 0xCC, 0x4A, 0x12, 0x90, 0x92, 0x9D, 0xF4, 0x44, 0xA4, 0xEC, 0xAC, 0x62, 0x2A, 0xDC, 0xBB,
    0x4A, 0x6D, 0xD7, 0xA0, 0x65, 0x05, 0x5F, 0xFD, 0xD8, 0x49, 0x62, 0xE3, 0x1A, 0x1D, 0xF3, 0x23,
    0xE4, 0x3A, 0x16, 0xB4, 0xDA, 0x6E, 0x5A, 0x73, 0x27, 0x49, 0x0D, 0x74, 0x2E, 0xA9, 0xD5, 0xB5,
    0xDA, 0xB2, 0x3F, 0x61, 0x66, 0x88, 0x0D, 0x86, 0x09, 0x6A, 0x4F, 0xBB, 0x6A, 0x0A, 0x42, 0x2D,
    0x9B, 0x23, 0x95, 0x2B, 0x01, 0xA9, 0xB1, 0x4E, 0x77, 0x1F, 0xA9, 0xB1, 0x0B, 0x9D, 0x73, 0x0F,
    0xAB, 0x5A, 0xED, 0xB5, 0x65, 0x63, 0x10, 0xEE, 0x7E, 0x2F, 0x75, 0xAA, 0xC1, 0x4C, 0xAE, 0xB8,
    0xC6, 0xA1, 0x34, 0xDF, 0x1F, 0xFB, 0x91, 0x5B, 0xED, 0xDA, 0x89, 0x00, 0x95, 0xE0, 0x31, 0x42,
    0xB7, 0x11, 0xB3, 0xFE, 0x2F, 0xCE, 0x9D, 0x69, 0xBC, 0xC8, 0xA3, 0x93, 0x78, 0x7A, 0xE9, 0x21,
    0x2C, 0x34, 0x1F, 0x45, 0x6C, 0x08, 0x67, 0xA4, 0x3E, 0x22, 0xC2, 0xAF, 0x74, 0x9E, 0xFB, 0x59,
    0x0D, 0x63, 0x92, 0x7D, 0x01, 0x06, 0xCF, 0xF2, 0x47, 0x56, 0x00, 0x05, 0x8A, 0x51, 0x71, 0x60,
    0x9F, 0x13, 0xE3, 0x62, 0x8A, 0xAB, 0x33, 0xBD, 0x80, 0xD0, 0x3C, 0x8D, 0x15, 0x9F, 0x86, 0x2B,
    0x49, 0x36, 0xBE, 0x11, 0x0C, 0x67, 0x68, 0xD4, 0x29, 0x61, 0xA0, 0x59, 0x77, 0x07, 0xBC, 0xB2,
    0x91, 0x87, 0x88, 0x48, 0x00, 0x0A, 0x80, 0x48, 0xE4, 0x21, 0x0E, 0x6B, 0xD1, 0xD6, 0x47, 0xAE,
    0x07, 0x4B, 0x49, 0x8C, 0x35, 0x91, 0x22, 0xF9, 0xBC, 0x64, 0x01, 0xC0, 0xB4, 0x08, 0xC4, 0x61,
    0xB7, 0xE0, 0x05, 0x0B, 0x96, 0x69, 0x43, 0xF2, 0x00, 0xF0, 0x70, 0x02, 0x09, 0xA3, 0x86, 0xA4,
    0x09, 0x08, 0x97, 0x81, 0x64, 0x02, 0xC8, 0x7C, 0x1E, 0x0D, 0x49, 0x05, 0x60, 0x7B, 0x93, 0x1A,
    0xA6, 0xD1, 0x12, 0x5C, 0x80, 0x73, 0x3C, 0xAC, 0xAE, 0x9C, 0x8D, 0x53, 0x32, 0x40, 0x02, 0x29,
    0x3D, 0x78, 0x98, 0xD2, 0x1A, 0x17, 0x30, 0x26, 0xDA, 0x65, 0x65, 0x3A, 0xC0, 0x90, 0x61, 0x20,
    0xAB, 0x84, 0xB8, 0xAE, 0xED, 0xAB, 0x78, 0x54, 0x33, 0xEC, 0x6A, 0xDF, 0xF3, 0x69, 0x24, 0x24,
    0xBE, 0xAA, 0xC5, 0x42, 0x66, 0xD1, 0x90, 0x4F, 0x2A, 0xEF, 0x15, 0xC6, 0x43, 0x92, 0x0C, 0x28,
    0x86, 0xA8, 0x86, 0xD9, 0x42, 0xC5, 0x98, 0x48, 0xC7, 0xC2, 0x97, 0x05, 0x4F, 0x88, 0x8B, 0xF3,
    0x93, 0xE6, 0xB2, 0x9C, 0x1C, 0x22, 0x2E, 0x52, 0xF8, 0xDF, 0x85, 0x84, 0x45, 0x64, 0x24, 0x48,
    0x30, 0x8D, 0x2F, 0x11, 0xB1, 0x91, 0xC0, 0x4F, 0xE8, 0xCA, 0xB1, 0x12, 0xD1, 0x91, 0x22, 0xDB,
    0xA4, 0x19, 0xB3, 0x34, 0x3E, 0xB2, 0x03, 0xF1, 0x72, 0x6F, 0x74, 0xF8, 0x1B, 0x8E, 0x8C, 0x90,
    0x84, 0x9F, 0x6D, 0x72, 0xFE, 0x2A, 0x24, 0x21, 0x13, 0x17, 0xBA, 0x8C, 0x43, 0xD3, 0x83, 0x71,
    0xD3, 0xA2, 0x99, 0x0B, 0xF1, 0xCC, 0x85, 0x88, 0xE6, 0x42, 0x4C, 0x73, 0x21, 0xE6, 0xAE, 0x98,
    0xEB, 0x4D, 0x8F, 0x98, 0x2C, 0xC4, 0x4C, 0x16, 0xA2, 0x26, 0x0B, 0x71, 0x93, 0xC5, 0xC8, 0xC9,
    0x42, 0xEC, 0xE4, 0x10, 0xD1, 0x93, 0xAC, 0xDF, 0xCD, 0x9E, 0x09, 0x35, 0xCE, 0xFC, 0x45, 0x34,
    0xE0, 0x95, 0xA1, 0x17, 0x0C, 0xEB, 0x13, 0x56, 0xF0, 0xE4, 0x82, 0x8A, 0x2B, 0xA8, 0x70, 0x9C,
    0x2B, 0x69, 0x60, 0x81, 0x81, 0x6A, 0x3E, 0x8F, 0x2C, 0x80, 0xC9, 0x2F, 0xE7, 0xA2, 0xCC, 0xE5,
    0xDC, 0x8A, 0x58, 0x16, 0x5B, 0x20, 0xB2, 0x8A, 0x66, 0xC1, 0x05, 0xD0, 0x22, 0x2B, 0x48, 0xD2,
    0x82, 0xE1, 0xEA, 0xB2, 0x2C, 0xBC, 0xC0, 0xE8, 0xBC, 0x16, 0xB1, 0x34, 0xBE, 0x60, 0x11, 0x03,
    0x0A, 0x16, 0xB3, 0x00, 0x03, 0x58, 0xB1, 0xAD, 0x3C, 0xC2, 0x60, 0x19, 0x7D, 0x2E, 0x11, 0x7B,
    0x07, 0x88, 0x84, 0x5B, 0x8A, 0x6A, 0x1D, 0x8A, 0xAA, 0xAF, 0x74, 0xC4, 0x0C, 0xC8, 0x5E, 0xD1,
    0x42, 0x42, 0x87, 0xBD, 0x23, 0xF9, 0xAD, 0x2C, 0x9D, 0x6B, 0x36, 0x77, 0x52, 0x32, 0x25, 0x68,
    0x1F, 0xE8, 0x59, 0x4A, 0xA6, 0xE4, 0xE2, 0xE6, 0x01, 0x92, 0x4C, 0x69, 0x26, 0x3D, 0xA9, 0xC8,
    0x70, 0x9D, 0xDA, 0x81, 0xCC, 0x87, 0x2E, 0xC9, 0x94, 0xAE, 0xCC, 0x02, 0x29, 0xD6, 0x69, 0x1D,
    0xB9, 0x78, 0xCD, 0x94, 0x4C, 0xD9, 0xC4, 0x85, 0x5D, 0x4F, 0xC9, 0x94, 0xDC, 0xB5, 0x44, 0x02,
    0x2B, 0x5C, 0xA7, 0x06, 0x0F, 0x44, 0x2C, 0xB4, 0x24, 0x53, 0xFE, 0xB2, 0x07, 0xA7, 0xED, 0xB8,
    0x01, 0xE0, 0x3A, 0xF5, 0xB9, 0x50, 0xC9, 0x72, 0x9D, 0x3A, 0xF5, 0xA4, 0xC6, 0x15, 0x74, 0x3A,
    0x73, 0x8B, 0xAC, 0xD3, 0x9B, 0x5D, 0xD6, 0x25, 0xE9, 0x84, 0xE4, 0x95, 0xCD, 0xB1, 0xF4, 0x6F,
    0x26, 0xE9, 0x68, 0xD9, 0x1F, 0x8A, 0x09, 0x20, 0x54, 0x0E, 0x08, 0xBC, 0xB3, 0xED, 0xE2, 0x42,
    0x0E, 0x7B, 0x58, 0x07, 0xC0, 0x88, 0x84, 0x34, 0x02, 0xF7, 0x18, 0x49, 0x82, 0x1C, 0xAB, 0x20,
    0x03, 0x3E, 0x66, 0x17, 0x2F, 0x7A, 0x6F, 0x8F, 0xE5, 0xF9, 0x20, 0x04, 0xBB, 0xB5, 0xF3, 0xD3,
    0x14, 0xFA, 0xD4, 0x5C, 0x71, 0x7E, 0x82, 0x5C, 0x38, 0x81, 0x7D, 0x9A, 0x8E, 0x85, 0x9F, 0x85,
    0x6F, 0x95, 0xE0, 0xA7, 0x25, 0xF8, 0xCB, 0x36, 0xE8, 0x25, 0x89, 0x7E, 0x78, 0x17, 0xA0, 0x4F,
    0x85, 0xFF, 0x28, 0x94, 0xF0, 0xE7, 0xEC, 0xDF, 0x42, 0xCA, 0xD5, 0x45, 0x38, 0x51, 0xE1, 0x5F,
    0x97, 0xF8, 0x27, 0x10, 0x31, 0xB5, 0x01, 0xB0, 0x54, 0x52, 0xF9, 0xD4, 0xB8, 0x8D, 0x1B, 0xE4,
    0xDE, 0x2C, 0x4F, 0x44, 0x3E, 0x15, 0xE6, 0x0B, 0x63, 0xD5, 0x5E, 0xA5, 0xFE, 0x62, 0xA1, 0x1E,
    0x17, 0x60, 0x50, 0x5C, 0xC6, 0x41, 0x45, 0x20, 0x54, 0x44, 0x42, 0x45, 0x28, 0x54, 0xC2, 0x42,
    0x45, 0x30, 0xB4, 0x4E, 0x34, 0x44, 0xE6, 0x1D, 0x96, 0xD4, 0xCC, 0xB3, 0xF0, 0x5B, 0xD5, 0xDC,
    0x33, 0x65, 0x2A, 0xA2, 0x6C, 0xF6, 0x19, 0xAC, 0xDE, 0xA3, 0xF3, 0x0F, 0x46, 0xED, 0x32, 0x99,
    0x81, 0xD0, 0xAD, 0x88, 0xCC, 0x41, 0x78, 0x35, 0x22, 0xB3, 0x50, 0xE4, 0x4A, 0x57, 0xF3, 0x70,
    0x14, 0xBE, 0x59, 0xCD, 0xC4, 0x45, 0xFC, 0x5D, 0x32, 0x17, 0xF1, 0x67, 0xC9, 0x6C, 0xBC, 0x4C,
    0x56, 0xCD, 0x99, 0xF5, 0x6A, 0xA1, 0x02, 0xCD, 0xBE, 0xB7, 0xFA, 0xC8, 0xAE, 0xB2, 0x5E, 0x61,
    0x00, 0xF6, 0x3C, 0x4F, 0x07, 0x89, 0x23, 0xFA, 0x27, 0x3B, 0x73, 0xFD, 0xAD, 0x40, 0x5F, 0x19,
    0x2D, 0xC1, 0xB6, 0xED, 0xA8, 0xC1, 0x8D, 0x05, 0x57, 0xCA, 0x4E, 0x5C, 0xA5, 0x03, 0x62, 0x21,
    0x51, 0x2F, 0xB5, 0xCD, 0xE1, 0x03, 0xF3, 0xE9, 0x57, 0xA7, 0x77, 0xE4, 0x88, 0xC5, 0xCA, 0xEE,
    0xF4, 0xF2, 0xBB, 0x72, 0x70, 0x3C, 0x3D, 0x9E, 0xED, 0x35, 0xB3, 0xFB, 0xFD, 0x76, 0x66, 0xFD,
    0x0E, 0xEC, 0xBB, 0x41, 0x6D, 0x25, 0x4D, 0x3B, 0x0C, 0x69, 0x32, 0x70, 0xEF, 0x45, 0x6A, 0x8C,
    0xCC, 0x5A, 0x15, 0x1A, 0xBC, 0x0B, 0x49, 0x89, 0x61, 0x40, 0xF2, 0x3B, 0xD7, 0xEF, 0x71, 0xFA,
    0xE6, 0x1F, 0x2E, 0xE7, 0xAE, 0x2A, 0x65, 0xAF, 0x2A, 0xE5, 0xAF, 0x2A, 0x67, 0xB0, 0x2A, 0xE5,
    0xB0, 0xDA, 0x5C, 0x16, 0xAB, 0x01, 0xD9, 0xAC, 0x4A, 0xF9, 0xAC, 0x4A, 0x19, 0xAD, 0x86, 0x4F,
    0x42, 0xB7, 0x35, 0xB6, 0xEF, 0xE0, 0xD8, 0x9A, 0x01, 0xB1, 0x94, 0xA4, 0x60, 0x88, 0xB5, 0x24,
    0x1B, 0x88, 0xC5, 0x24, 0xFC, 0x8D, 0x21, 0xB1, 0x9A, 0x2A, 0x98, 0x49, 0x26, 0xD2, 0x2D, 0x27,
    0x79, 0x13, 0xD4, 0xDC, 0x7A, 0xC2, 0xE4, 0x1E, 0x6D, 0x62, 0x41, 0x89, 0x6C, 0x42, 0x6D, 0x62,
    0x45, 0x89, 0x74, 0x1E, 0x6D, 0x62, 0x49, 0xD5, 0x30, 0x57, 0x43, 0x44, 0xAD, 0x29, 0xD0, 0xB8,
    0x67, 0xBB, 0xC4, 0xA2, 0x92, 0xF7, 0x0C, 0x23, 0x56, 0x55, 0x58, 0x87, 0xFD, 0x65, 0x43, 0x10,
    0xC9, 0x28, 0x62, 0x34, 0x33, 0x5C, 0x25, 0x29, 0xEB, 0x86, 0x1E, 0x5B, 0x42, 0xEE, 0xAB, 0xFD,
    0x33, 0xA2, 0xEA, 0xA0, 0xDC, 0x40, 0xAB, 0x27, 0xB6, 0xCD, 0x0F, 0x9F, 0x54, 0x7E, 0xDB, 0xFC,
    0x36, 0x4D, 0x2A, 0xCD, 0x6D, 0xDE, 0x24, 0xB3, 0xDD, 0xEE, 0x13, 0x31, 0xD4, 0x5A, 0xD2, 0xDB,
    0xBA, 0xDE, 0x84, 0xB9, 0x6F, 0x21, 0x00, 0xCB, 0xB5, 0xFC, 0x42, 0x0A, 0x5C, 0xD1, 0x44, 0x33,
    0xE1, 0x5E, 0xC0, 0x70, 0xEB, 0xAE, 0x96, 0x10, 0x37, 0xC1, 0x94, 0x58, 0x11, 0xCD, 0x8B, 0x9B,
    0x86, 0x6C, 0x9D, 0x26, 0xE9, 0x71, 0x81, 0xFE, 0x93, 0xF0, 0xA4, 0x19, 0x91, 0x2C, 0xB9, 0xFC,
    0x61, 0xC0, 0x43, 0xA1, 0x1D, 0xC6, 0x65, 0xEC, 0x5A, 0xD2, 0x1B, 0x7D, 0x34, 0x87, 0x9E, 0x1D,
    0x5A, 0xD7, 0x1E, 0x56, 0xB7, 0xA4, 0x3F, 0x34, 0x03, 0xB6, 0xA4, 0x41, 0xFA, 0xE9, 0x90, 0x22,
    0xE4, 0x2C, 0x83, 0x4E, 0x0A, 0x3B, 0xD5, 0xF0, 0x64, 0xC0, 0x53, 0xB9, 0x01, 0x33, 0xE8, 0x29,
    0x0F, 0x09, 0x3D, 0x0A, 0x3E, 0x31, 0xD4, 0xDD, 0xF2, 0x28, 0xFC, 0x14, 0x51, 0x71, 0x1E, 0x05,
    0xA0, 0x22, 0x34, 0xCE, 0xA7, 0x10, 0x54, 0xC4, 0xBF, 0x07, 0x14, 0x84, 0x9E, 0x90, 0xE3, 0x42,
    0x60, 0xA8, 0x88, 0x86, 0x8F, 0x08, 0x10, 0xCD, 0x46, 0x85, 0x40, 0xD1, 0xAB, 0x62, 0x50, 0x62,
    0x02, 0x46, 0x4F, 0x8A, 0x31, 0x89, 0x1A, 0x25, 0xAC, 0x53, 0x9E, 0xA4, 0xED, 0x0D, 0xB5, 0x9C,
    0x2F, 0xB5, 0x9C, 0x28, 0xB5, 0x34, 0x4B, 0xCB, 0xAD, 0x5E, 0xF2, 0x99, 0x16, 0x01, 0x6A, 0x1F,
    0x88, 0x5A, 0x06, 0xA9, 0x1B, 0x73, 0xDA, 0x15, 0x1E, 0x0D, 0x82, 0x5E, 0xD3, 0xA4, 0x5D, 0xC4,
    0x72, 0x92, 0x0D, 0xC4, 0x7A, 0xC2, 0x55, 0x88, 0xF1, 0x69, 0xB9, 0x05, 0xB5, 0x1F, 0x06, 0x0F,
    0xC1, 0x2A, 0xB1, 0xA2, 0xA0, 0xC1, 0x23, 0x38, 0x16, 0x1A, 0x1C, 0x5C, 0xC3, 0x39, 0x92, 0x9D,
    0x87, 0x6F, 0xC0, 0x86, 0x1C, 0xCB, 0xF6, 0xC4, 0x34, 0x51, 0x68, 0x16, 0xE0, 0x43, 0xD3, 0xA9,
    0xBA, 0xC4, 0xB2, 0x12, 0x83, 0x4D, 0x11, 0xED, 0xAB, 0x38, 0xDA, 0x14, 0xD3, 0x3E, 0x0C, 0x39,
    0xEA, 0xC2, 0xF5, 0xA3, 0xDA, 0xDB, 0xBC, 0xFB, 0xD7, 0x6D, 0xF3, 0xC4, 0x78, 0x39, 0x2B, 0x52,
    0xB9, 0x9F, 0x44, 0x14, 0x64, 0x8D, 0xAB, 0x9F, 0x14, 0x79, 0xEF, 0x5A, 0x1D, 0x4F, 0x6E, 0x95,
    0x5D, 0x99, 0xFB, 0x8E, 0xE1, 0x1D, 0xA2, 0x4C, 0x0C, 0xB7, 0xEC, 0x66, 0xF9, 0xEF, 0xF0, 0x86,
    0xA5, 0x98, 0x37, 0x2C, 0xCC, 0x72, 0xE0, 0xE1, 0xDD, 0x89, 0xE5, 0x6D, 0x49, 0x45, 0x1E, 0x3C,
    0x1B, 0xEF, 0xD0, 0x9E, 0xDE, 0x9D, 0x54, 0xE4, 0xC2, 0xAB, 0x61, 0xC6, 0x94, 0x1A, 0x2A, 0x94,
    0x58, 0xE6, 0xC3, 0x6B, 0xA6, 0xDA, 0xA3, 0x0B, 0x01, 0x4F, 0x22, 0x27, 0x5E, 0xD2, 0x39, 0xC9,
    0xB3, 0x44, 0x63, 0x22, 0x2F, 0x5E, 0x5C, 0xE7, 0x69, 0xB6, 0xB1, 0x67, 0xB8, 0xC8, 0x8D, 0x07,
    0xE9, 0x35, 0x2E, 0x42, 0xCA, 0xB1, 0xA8, 0x9E, 0x18, 0x49, 0x9A, 0x1F, 0xEF, 0xD3, 0x83, 0xB5,
    0x40, 0x7B, 0xCD, 0x2D, 0x70, 0xBE, 0x3C, 0xED, 0x8A, 0x4A, 0x62, 0xCD, 0x86, 0x7A, 0xB1, 0xA1,
    0xE6, 0xAC, 0x76, 0x93, 0xC5, 0x52, 0x18, 0xF5, 0x30, 0xF9, 0xF4, 0xD6, 0x46, 0x41, 0x32, 0xC3,
    0x4D, 0x25, 0xC9, 0x33, 0x8E, 0x88, 0x34, 0x37, 0xD5, 0x14, 0xE3, 0xC2, 0xB0, 0x88, 0x5C, 0x37,
    0xCD, 0xB7, 0xFC, 0x0C, 0xB3, 0x0B, 0x9F, 0xE8, 0x05, 0x78, 0x63, 0x05, 0x07, 0x24, 0x92, 0x6E,
    0xD1, 0x18, 0xE8, 0x13, 0x62, 0xC4, 0x62, 0xE1, 0x19, 0x15, 0x69, 0xE1, 0xE0, 0xBB, 0x01, 0xEE,
    0x08, 0xE7, 0xA8, 0x84, 0x39, 0x02, 0xFE, 0xC8, 0x80, 0xD7, 0x08, 0xD4, 0x6A, 0xD5, 0x87, 0x0F,
    0xB5, 0x85, 0x8B, 0x14, 0xEE, 0x30, 0xDB, 0x72, 0x6A, 0x98, 0xE6, 0x30, 0x92, 0x81, 0xAF, 0x4D,
    0x9F, 0xA7, 0x77, 0x38, 0x16, 0x8E, 0xD2, 0x5E, 0x35, 0x1B, 0xCF, 0x40, 0xF8, 0x4A, 0xC3, 0x0A,
    0x7F, 0x8D, 0xCB, 0x7C, 0x87, 0xA9, 0xBB, 0x34, 0xC7, 0xF4, 0xE5, 0x6D, 0xB1, 0xBC, 0x31, 0x8E,
    0x97, 0xCF, 0xA1, 0xF6, 0xCA, 0x0E, 0x6B, 0x87, 0x51, 0xE9, 0x4D, 0xD1, 0xD4, 0x89, 0x14, 0x46,
    0x99, 0x7D, 0x25, 0xD2, 0x8F, 0xA5, 0x40, 0x29, 0x04, 0x12, 0x10, 0xE4, 0x67, 0x53, 0x30, 0xDB,
    0x41, 0xA6, 0xF3, 0xDA, 0x01, 0x15, 0x64, 0xF5, 0x8C, 0x65, 0xC4, 0xAB, 0x3A, 0xA5, 0x32, 0xBB,
    0x08, 0x04, 0xE6, 0xB5, 0xA3, 0x2A, 0xAB, 0x8B, 0x63, 0x1C, 0x6B, 0xE7, 0x55, 0x30, 0xC5, 0xE5,
    0xDA, 0xD3, 0x0E, 0xAD, 0x12, 0x36, 0xD2, 0xE1, 0xCF, 0x33, 0x72, 0x72, 0x95, 0x34, 0x25, 0x7D,
    0x81, 0x91, 0xE3, 0xAB, 0x10, 0xED, 0xA1, 0x68, 0x2F, 0xD7, 0x27, 0xE8, 0x5D, 0x32, 0x2B, 0x73,
    0x3F, 0x64, 0xD7, 0xDE, 0x44, 0xDB, 0xF9, 0x3E, 0x6D, 0x27, 0xFA, 0xB4, 0x35, 0xFB, 0xE0, 0xD5,
    0x7A, 0x9F, 0x63, 0xC7, 0xF2, 0x26, 0xDA, 0x77, 0x1B, 0xED, 0xB7, 0x91, 0x6E, 0x78, 0x2B, 0x3D,
    0xC4, 0x0A, 0x76, 0x41, 0x8D, 0x3B, 0xBA, 0x61, 0x80, 0x06, 0x81, 0x6E, 0x19, 0xD8, 0xC9, 0xE3,
    0x05, 0xD3, 0xA0, 0xE9, 0xA3, 0xEF, 0x53, 0xD9, 0x06, 0x78, 0xA3, 0x75, 0x21, 0x32, 0x75, 0x7E,
    0x65, 0x8A, 0x1B, 0x32, 0x53, 0xEB, 0x00, 0x43, 0x38, 0x34, 0xF3, 0xC0, 0x07, 0x7F, 0xAA, 0x11,
    0x51, 0xFB, 0xA0, 0x0B, 0xE2, 0xB4, 0xBA, 0xC4, 0x40, 0xE0, 0xB0, 0x89, 0x8D, 0x74, 0x7C, 0x6A,
    0x21, 0xB4, 0x70, 0x0E, 0xD0, 0xD3, 0xAD, 0x60, 0x2F, 0xE7, 0xBC, 0xB0, 0x07, 0xBC, 0xA7, 0x8F,
    0x4D, 0xEA, 0x14, 0xF5, 0x3C, 0xDE, 0xC8, 0x4F, 0x53, 0xF4, 0x30, 0xD3, 0x3C, 0x5D, 0xD3, 0xD7,
    0x44, 0x8E, 0x3F, 0xA5, 0xEA, 0x21, 0xD3, 0x1F, 0x06, 0xDA, 0x13, 0x5D, 0xEF, 0x63, 0xEE, 0xF0,
    0x48, 0x53, 0xF6, 0x38, 0xED, 0x75, 0x6D, 0x8F, 0x49, 0x9D, 0x42, 0xAA, 0xEE, 0xBD, 0xA6, 0x50,
    0x3E, 0x44, 0xDF, 0xFB, 0x3D, 0x11, 0xD2, 0x44, 0x14, 0x7E, 0x12, 0x41, 0x36, 0xC0, 0xE4, 0x8C,
    0xD2, 0xF8, 0xB1, 0x9C, 0xFF, 0x31, 0x51, 0xF9, 0xD8, 0x0C, 0xC1, 0xC2, 0x54, 0xE7, 0xCB, 0xFC,
    0x80, 0xC3, 0x80, 0xC1, 0xF9, 0x21, 0x5A, 0x1A, 0x6C, 0x4D, 0x45, 0xDF, 0xA7, 0xA5, 0xA4, 0xFB,
    0xCB, 0xCA, 0xBF, 0xAC, 0xFD, 0xCB, 0xEA, 0x7F, 0xFD, 0xFA, 0xFF, 0xC1, 0xF2, 0xC6, 0x3E, 0xC4,
    0xE5, 0x96, 0x82, 0x65, 0xCC, 0x97, 0x8B, 0x10, 0xC2, 0xFE, 0x51, 0x77, 0xCD, 0xF7, 0xAC, 0x13,
    0x6F, 0x28, 0x87, 0xD3, 0x48, 0x3A, 0x0F, 0x95, 0xC7, 0xA9, 0x96, 0x66, 0xDA, 0xCD, 0x54, 0xFB,
    0x36, 0xD1, 0x22, 0xE6, 0xA1, 0xF0, 0x39, 0xCD, 0x40, 0xBD, 0x9A, 0xE6, 0xDC, 0x95, 0x4E, 0xA7,
    0xE3, 0x88, 0xDE, 0x1C, 0x39, 0x0F, 0xA5, 0xD7, 0xA9, 0x2D, 0x5B, 0xC4, 0x3C, 0x94, 0xA9, 0xBF,
    0x62, 0x61, 0x66, 0xCA, 0x79, 0x08, 0xDF, 0xD3, 0xC3, 0xD5, 0x77, 0x02, 0xC5, 0x2E, 0xE6, 0xA1,
    0x70, 0x3C, 0x81, 0xE9, 0xD2, 0x41, 0x95, 0x2F, 0xE6, 0xA1, 0xF0, 0x3C, 0x89, 0x7B, 0x9A, 0x25,
    0xC9, 0x82, 0x98, 0x87, 0x70, 0x39, 0xB6, 0x44, 0x73, 0x51, 0xA7, 0x2B, 0xE6, 0x21, 0x68, 0x0D,
    0xD8, 0x1A, 0x2C, 0xB8, 0xB7, 0x99, 0x5F, 0x0B, 0xB4, 0xDC, 0xBC, 0x43, 0x1B, 0x25, 0xB7, 0xE0,
    0x3C, 0x1C, 0x2B, 0x5D, 0x89, 0xB3, 0x56, 0xC3, 0x48, 0x09, 0xC5, 0x16, 0x74, 0x9A, 0x46, 0x58,
    0xE8, 0xFB, 0x8E, 0x21, 0x2D, 0x08, 0x75, 0x3C, 0x9C, 0x89, 0x4D, 0x1D, 0x11, 0xA7, 0x0D, 0xEA,
    0x98, 0x38, 0xB5, 0x20, 0xD4, 0x51, 0x71, 0x6A, 0x41, 0xD0, 0xE3, 0x62, 0x61, 0x41, 0xA8, 0x23,
    0x63, 0x69, 0x41, 0x90, 0x63, 0x63, 0x69, 0x41, 0x90, 0xA3, 0x63, 0x69, 0x41, 0xA8, 0xE3, 0xE3,
    0xD4, 0x82, 0x20, 0x47, 0xC8, 0xA9, 0x05, 0xA1, 0x8E, 0x91, 0xA5, 0x05, 0x41, 0x8E, 0x92, 0x33,
    0x0B, 0x62, 0xD5, 0xE3, 0xE4, 0xED, 0xE5, 0xA6, 0x9A, 0x3B, 0x4C, 0xD3, 0x48, 0x1F, 0xBB, 0xA3,
    0x44, 0xA3, 0x30, 0xC3, 0x78, 0x88, 0x77, 0xAD, 0xFF, 0xB1, 0xE5, 0x71, 0x7A, 0x37, 0x3C, 0x4E,
    0xD7, 0xF0, 0x64, 0xA2, 0xCF, 0xD9, 0x44, 0x9F, 0xD3, 0x89, 0x35, 0xCF, 0x27, 0xEC, 0xF2, 0x4C,
    0xF5, 0x8A, 0xDA, 0x30, 0x55, 0x5F, 0xAD, 0xD2, 0xD4, 0x6D, 0xB0, 0xC1, 0xC9, 0x21, 0x49, 0xE6,
    0xC8, 0x81, 0xEF, 0xD9, 0x72, 0xC3, 0x6D, 0xB9, 0xE1, 0x36, 0xB9, 0x9B, 0x85, 0x85, 0xBD, 0x8A,
    0x12, 0x26, 0xE4, 0x6E, 0x16, 0x6E, 0x7E, 0x37, 0xBB, 0x6D, 0xFC, 0x61, 0x95, 0xE2, 0xF0, 0x9B,
    0xDD, 0xB5, 0x1A, 0x4A, 0xEA, 0xE5, 0x60, 0x11, 0x11, 0x5D, 0x68, 0xAE, 0xF5, 0x8E, 0x2D, 0x17,
    0xDA, 0xED, 0xE4, 0x42, 0x2B, 0x6C, 0x51, 0x95, 0x70, 0xF5, 0x3A, 0x3B, 0xB4, 0x0A, 0x5F, 0x0A,
    0xBB, 0x54, 0xF3, 0x56, 0x7D, 0xFD, 0x76, 0x74, 0xE1, 0x0D, 0x0B, 0xD2, 0xD7, 0x36, 0x6F, 0xFA,
    0xBF, 0x6F, 0x33, 0x0F, 0xA3, 0x8C, 0x41, 0x0D, 0x45, 0x1F, 0xCE, 0x41, 0x68, 0x95, 0xE7, 0xB7,
    0x19, 0xC8, 0x51, 0x68, 0xEB, 0xF5, 0x8E, 0xAB, 0xC1, 0xD0, 0x1A, 0x8E, 0x59, 0xB5, 0x84, 0x43,
    0x43, 0x8D, 0x82, 0x2F, 0x80, 0x28, 0x58, 0x01, 0x66, 0x11, 0x89, 0x76, 0x04, 0x6C, 0xA0, 0x50,
    0xF4, 0x04, 0x6E, 0x1F, 0x55, 0x4F, 0xC3, 0xA2, 0xFC, 0x23, 0x5D, 0xA1, 0x78, 0x34, 0x30, 0x0A,
    0x9F, 0x7F, 0x9C, 0xAF, 0xD0, 0xDB, 0x83, 0xF2, 0x1F, 0x49, 0xD7, 0x49, 0x97, 0xC2, 0x51, 0x07,
    0x37, 0xFF, 0x93, 0x9D, 0x40, 0xC3, 0xA3, 0xC6, 0x93, 0x8B, 0x87, 0xFA, 0x03, 0xD2, 0x7E, 0x88,
    0xB4, 0x4C, 0xA0, 0xE8, 0xC7, 0xA1, 0xE8, 0x4B, 0xA3, 0xE8, 0x8F, 0x4A, 0x37, 0x06, 0x4B, 0xDB,
    0xE5, 0xB0, 0x87, 0x5E, 0x39, 0xF8, 0xA1, 0xBD, 0xE1, 0x7B, 0x61, 0xB0, 0x01, 0x1E, 0x13, 0xEA,
    0xC4, 0x18, 0x15, 0xBE, 0x0B, 0xCD, 0x8B, 0x51, 0x17, 0xD9, 0x23, 0xA9, 0x1B, 0xC3, 0xE0, 0x3F,
    0xE6, 0x9A, 0x1F, 0xE3, 0x20, 0xEE, 0x18, 0x80, 0x74, 0x88, 0x23, 0x63, 0x1E, 0xB7, 0xF2, 0xA2,
    0x27, 0xA3, 0x25, 0x54, 0x1D, 0x75, 0x65, 0x88, 0xC9, 0xE0, 0x50, 0x5F, 0x46, 0x8C, 0x83, 0x53,
    0x67, 0xD4, 0x99, 0xD1, 0xC3, 0x9B, 0x6E, 0x20, 0x55, 0x99, 0x78, 0x33, 0x60, 0x13, 0x86, 0xFB,
    0xFB, 0x39, 0xC4, 0x9D, 0xF1, 0xBD, 0xF4, 0x1E, 0x7F, 0xC4, 0x9F, 0x21, 0xE2, 0x52, 0x2B, 0xD8,
    0xA4, 0x1C, 0x1A, 0x23, 0x4F, 0x3E, 0xEF, 0xF4, 0xF7, 0x0C, 0xF7, 0x69, 0x9A, 0x1F, 0xAA, 0xA9,
    0x31, 0xD4, 0x2A, 0xEF, 0xD3, 0xD4, 0x67, 0x93, 0x2E, 0x7B, 0x36, 0xFA, 0xB8, 0x36, 0xFA, 0xF8,
    0x36, 0x36, 0x7D, 0xC8, 0x92, 0x01, 0x87, 0x12, 0x57, 0xBD, 0x55, 0x82, 0x25, 0x07, 0x37, 0xC0,
    0x67, 0xEF, 0xF7, 0x18, 0x61, 0x05, 0x27, 0x86, 0x81, 0x9A, 0x49, 0xF3, 0x62, 0xD4, 0x84, 0x2D,
    0x41, 0xDC, 0x18, 0xAC, 0x73, 0xA5, 0xA3, 0xFB, 0x31, 0x40, 0x8B, 0xD4, 0x3C, 0xE2, 0xC8, 0x68,
    0x62, 0x30, 0x98, 0xAD, 0x7B, 0x32, 0x60, 0x81, 0x5B, 0xBA, 0x2B, 0x23, 0x41, 0x7B, 0x9B, 0xFA,
    0x32, 0xF0, 0xCE, 0x2F, 0x55, 0x97, 0x38, 0x33, 0xB8, 0x25, 0x12, 0x9E, 0x2A, 0x6F, 0xC6, 0x39,
    0x0E, 0x9B, 0xD3, 0xE3, 0x3D, 0xEA, 0xCE, 0x78, 0x45, 0x52, 0x6E, 0x89, 0x3F, 0xC3, 0x40, 0x75,
    0xE4, 0x68, 0x0E, 0x0D, 0x43, 0xCE, 0xB8, 0xC1, 0x47, 0x9F, 0x95, 0xF5, 0x37, 0x14, 0xB5, 0xDA,
    0xB5, 0x6C, 0x50, 0xC6, 0x62, 0xDA, 0x40, 0x6C, 0xC5, 0x48, 0xD8, 0x85, 0xC4, 0x54, 0x8C, 0x04,
    0xF1, 0x8D, 0x58, 0x8A, 0x91, 0x25, 0x73, 0x19, 0xE7, 0x86, 0x62, 0xD4, 0x5C, 0x9E, 0xD5, 0xEC,
    0xC4, 0x88, 0xA3, 0xDD, 0x47, 0xCC, 0x44, 0xF1, 0x02, 0xB5, 0x12, 0x41, 0xF5, 0x54, 0xBA, 0xD4,
    0x48, 0x04, 0x89, 0xE2, 0x3B, 0x94, 0x8D, 0x98, 0x88, 0x24, 0xA7, 0xCA, 0x44, 0x44, 0xD6, 0x1E,
    0x40, 0x52, 0x62, 0x21, 0xAE, 0xC0, 0x11, 0xD4, 0xCA, 0x02, 0xA5, 0x0C, 0x8B, 0xAD, 0x83, 0xD8,
    0x87, 0x9C, 0xBF, 0x0E, 0x91, 0x88, 0x25, 0xF3, 0x70, 0x7E, 0x4D, 0xBD, 0xB0, 0x76, 0xC3, 0xF9,
    0x35, 0x0D, 0xC3, 0x92, 0x5D, 0x58, 0x32, 0x0B, 0x4B, 0x56, 0x61, 0xD9, 0x28, 0x2C, 0xD9, 0x84,
    0xEB, 0x30, 0x09, 0x8B, 0x8B, 0xB7, 0xB8, 0x27, 0x5E, 0xEF, 0x7A, 0x65, 0xFD, 0x75, 0x83, 0x72,
    0x9E, 0x2B, 0x5D, 0xA3, 0x43, 0xE9, 0xF6, 0x15, 0x24, 0xC2, 0x11, 0x23, 0xB1, 0xD2, 0x6D, 0x2D,
    0x77, 0x3C, 0x65, 0x23, 0x56, 0xDE, 0x06, 0x18, 0xE3, 0x2B, 0x13, 0x11, 0x75, 0x8D, 0xF0, 0x41,
    0xA5, 0x16, 0x22, 0xE6, 0x0C, 0xCE, 0xE2, 0xB5, 0xD0, 0x40, 0xC4, 0xBB, 0x7E, 0x21, 0xC4, 0xC9,
    0xEC, 0xC3, 0x14, 0xB6, 0xE4, 0xE6, 0x21, 0x9C, 0x1F, 0x19, 0x1D, 0x87, 0x58, 0x87, 0x2B, 0x48,
    0x7F, 0xA6, 0xEC, 0x67, 0x44, 0x30, 0xC4, 0x36, 0xCC, 0x6F, 0xB0, 0xD8, 0xDF, 0x34, 0x6C, 0xAC,
    0xBA, 0x5B, 0x5C, 0xC3, 0x6A, 0x7D, 0x73, 0xD5, 0x71, 0xA6, 0x90, 0x3C, 0xE0, 0x40, 0x90, 0x4E,
    0x0E, 0xE4, 0xEB, 0xA0, 0xFF, 0x08, 0x8E, 0xAF, 0x5B, 0xFC, 0x2B, 0xB1, 0x82, 0xF1, 0xB5, 0x23,
    0x68, 0x63, 0xE7, 0x28, 0x1E, 0x4E, 0x2C, 0xD3, 0x5B, 0xD0, 0x08, 0x10, 0x0F, 0xF7, 0xC5, 0x4A,
    0x6F, 0x43, 0x23, 0x30, 0x7C, 0x0D, 0xCF, 0x9C, 0x15, 0x84, 0x47, 0xFB, 0x23, 0x56, 0x08, 0x1E,
    0x16, 0xCF, 0xDE, 0x90, 0x00, 0xF8, 0xC5, 0x73, 0x20, 0xF2, 0x1C, 0xBF, 0x0B, 0x6A, 0xAD, 0x82,
    0xEF, 0x50, 0x5B, 0x60, 0x83, 0xD1, 0x7B, 0xFD, 0x5D, 0x6D, 0x29, 0x6F, 0xF7, 0x1B, 0x6E, 0xD9,
    0xA5, 0x13, 0xA1, 0xC1, 0xBB, 0x41, 0x70, 0xA9, 0x4C, 0xF0, 0xDD, 0x21, 0x07, 0xAC, 0x48, 0x85,
    0xAE, 0x9E, 0xC2, 0x11, 0xA2, 0x5C, 0xE8, 0xEA, 0xE7, 0x43, 0xC2, 0xAD, 0x8C, 0x45, 0x40, 0x8B,
    0xAB, 0x66, 0x90, 0x60, 0x43, 0x57, 0x7B, 0xA2, 0x27, 0x84, 0x0E, 0x5D, 0x0D, 0xC5, 0xFC, 0x25,
    0x7C, 0x68, 0x5C, 0x69, 0xE7, 0x35, 0x42, 0x34, 0x9C, 0x12, 0x63, 0x36, 0x71, 0xC2, 0x88, 0xC6,
    0x61, 0x03, 0x6E, 0x00, 0xA5, 0x44, 0x73, 0x71, 0x9F, 0x19, 0xC2, 0x89, 0xC6, 0xC1, 0x03, 0x5E,
    0x40, 0x89, 0x14, 0xDD, 0x07, 0xDA, 0x97, 0x81, 0x7D, 0x19, 0xD6, 0x97, 0x41, 0x7D, 0x1F, 0x48,
    0x5F, 0x06, 0xF4, 0xD7, 0xCA, 0xCB, 0x5C, 0xF6, 0x30, 0x97, 0x1D, 0xCC, 0x65, 0xFF, 0xF2, 0x6A,
    0xEE, 0xE5, 0xD1, 0xE7, 0x0B, 0x1B, 0x82, 0x4F, 0x00, 0xBD, 0x08, 0xDB, 0x53, 0x60, 0xBE, 0x1A,
    0x9A, 0x11, 0x01, 0xF2, 0x00, 0xBB, 0x23, 0x02, 0xE2, 0xAB, 0xE8, 0x8E, 0x51, 0x00, 0x1E, 0xFC,
    0x5F, 0x21, 0x01, 0xEF, 0x46, 0x0F, 0x27, 0x87, 0x02, 0xEE, 0x4D, 0xB0, 0xDA, 0x14, 0x68, 0x87,
    0x26, 0x87, 0x00, 0x76, 0x38, 0x6F, 0xA7, 0x60, 0x1D, 0x4C, 0xB9, 0xF4, 0xFC, 0x5B, 0x02, 0x75,
    0x48, 0xBD, 0x18, 0x2B, 0x90, 0xCE, 0x17, 0x40, 0x8F, 0x17, 0x4E, 0x1C, 0xDB, 0xAB, 0x6E, 0xAF,
    0xF3, 0x3A, 0xDE, 0x9D, 0xD7, 0x11, 0x71, 0x43, 0xAF, 0xAE, 0x4B, 0x17, 0x16, 0xD6, 0x55, 0x01,
    0x78, 0x17, 0x40, 0xF7, 0xD0, 0x80, 0xFB, 0x81, 0x05, 0x7D, 0xC2, 0xF5, 0xA8, 0x9B, 0xAD, 0x2E,
    0xD0, 0x62, 0xEE, 0x64, 0x03, 0x15, 0xE7, 0x12, 0x17, 0x5B, 0x24, 0xAE, 0x21, 0x77, 0xB0, 0xF5,
    0xB0, 0xAA, 0xDC, 0x6B, 0xE0, 0xCA, 0x70, 0x88, 0x73, 0xAD, 0x8A, 0x9E, 0x50, 0xE5, 0x5A, 0x33,
    0xF1, 0x74, 0x40, 0x39, 0xD6, 0x18, 0xCE, 0x05, 0xE5, 0x56, 0x33, 0xF0, 0x17, 0x95, 0x53, 0x0D,
    0xE6, 0x7C, 0x6A, 0x4C, 0x09, 0x97, 0x1A, 0xAA, 0x4D, 0x4F, 0x39, 0xD4, 0x96, 0x91, 0x79, 0x54,
    0x70, 0xA7, 0x0D, 0x33, 0x46, 0x83, 0xAA, 0x8D, 0x4D, 0xEC, 0x57, 0xD7, 0x67, 0x8C, 0x46, 0xB5,
    0x05, 0xCE, 0x63, 0x6D, 0xC0, 0x62, 0xB2, 0xE5, 0x55, 0xC3, 0x6D, 0x4C, 0xED, 0x78, 0xE2, 0xC8,
    0x31, 0xDF, 0xF0, 0xC4, 0x85, 0xE7, 0xFB, 0x5D, 0x93, 0xA5, 0x37, 0x57, 0x10, 0xDB, 0x5D, 0x53,
    0x2A, 0xAD, 0x74, 0xB7, 0x13, 0x61, 0x57, 0xF9, 0x66, 0x87, 0x17, 0xAD, 0xF6, 0x3A, 0x3B, 0xAA,
    0x04, 0x6A, 0xAB, 0x03, 0xF4, 0xDA, 0x55, 0x3B, 0xDD, 0x22, 0xD7, 0x37, 0xBA, 0x90, 0xEE, 0x73,
    0x57, 0xD8, 0x2A, 0xDB, 0xDC, 0x1E, 0x1D, 0x71, 0x18, 0x34, 0x99, 0x41, 0x22, 0xFC, 0x3F, 0x9E,
    0x16, 0x35, 0xB3, 0x50, 0xF3, 0xE9, 0x4E, 0x31, 0x4F, 0x0D, 0x42, 0xD1, 0x39, 0x75, 0x7E, 0x87,
    0xBB, 0x44, 0xDD, 0xCF, 0x4F, 0x2F, 0xC5, 0x1E, 0x61, 0x85, 0x20, 0x1A, 0xB2, 0x43, 0x18, 0x78,
    0x63, 0x6A, 0x1A, 0x2F, 0xD3, 0x8A, 0xF5, 0x70, 0x99, 0x56, 0xC4, 0xF4, 0x68, 0x19, 0xAE, 0x07,
    0xCB, 0x44, 0x9D, 0xCC, 0xED, 0x23, 0x63, 0x65, 0x9C, 0xD1, 0x72, 0xA8, 0x4C, 0x71, 0x4F, 0x28,
    0xEE, 0x08, 0xC5, 0xFD, 0xA0, 0xB8, 0x1B, 0x94, 0xF6, 0x82, 0xE2, 0x4E, 0x30, 0xF4, 0x3E, 0x50,
    0xF0, 0x8F, 0x16, 0xDC, 0xA7, 0x9B, 0x89, 0xC8, 0xDD, 0x52, 0x26, 0x37, 0xBE, 0x32, 0x59, 0x3D,
    0x8F, 0x49, 0x29, 0xF3, 0xE7, 0xE6, 0x5D, 0x79, 0x5B, 0x8B, 0xFB, 0x9D, 0x5C, 0xDC, 0x43, 0x82,
    0xBB, 0x22, 0xB4, 0x2B, 0x02, 0xBB, 0x61, 0xA3, 0x1A, 0xB7, 0xE6, 0xCF, 0x2D, 0x36, 0x7F, 0x4C,
    0x7D, 0x9E, 0xE4, 0xAC, 0x17, 0x39, 0x8A, 0xF9, 0xAB, 0x85, 0x41, 0x1E, 0x66, 0x8C, 0x47, 0x2F,
    0x17, 0x38, 0x1E, 0x9A, 0x7B, 0x9F, 0x4B, 0xCA, 0x6E, 0x6A, 0x0D, 0x54, 0xE2, 0x9A, 0x4F, 0xAC,
    0x01, 0xA0, 0x79, 0x07, 0xC4, 0x1A, 0xB0, 0x02, 0xB3, 0x4B, 0xAD, 0x01, 0x1F, 0x4F, 0x73, 0x73,
    0x6B, 0x40, 0xBC, 0xAA, 0xAC, 0x01, 0xF1, 0x59, 0xEA, 0xC2, 0xAF, 0x51, 0x2E, 0x22, 0x08, 0xCA,
    0x21, 0xD6, 0x00, 0x40, 0x98, 0x37, 0x28, 0x0B, 0x11, 0x9D, 0x72, 0xC4, 0x1A, 0x58, 0xDE, 0x83,
    0xD5, 0x75, 0x5B, 0x03, 0x37, 0xEB, 0xE6, 0xA0, 0x8F, 0xAA, 0x3E, 0xE4, 0xC3, 0x8C, 0xB8, 0xEE,
    0xC5, 0x93, 0xF3, 0xB9, 0x72, 0x86, 0xBE, 0x56, 0x2B, 0x64, 0x1C, 0xA0, 0x9D, 0x8A, 0x29, 0x30,
    0x31, 0x42, 0xBC, 0x6D, 0x54, 0xE6, 0x8E, 0x37, 0xBB, 0xF0, 0xF1, 0xDC, 0x15, 0x0F, 0x44, 0xF0,
    0x40, 0xB9, 0xE1, 0x05, 0x40, 0xC8, 0x5D, 0xF0, 0x66, 0x28, 0x16, 0x71, 0xEA, 0x7E, 0x47, 0xBC,
    0x4A, 0x5C, 0xEF, 0x70, 0x90, 0x4A, 0xDC, 0xEE, 0x7B, 0xDF, 0x0C, 0x88, 0xCB, 0x5D, 0xE3, 0x0E,
    0x82, 0xF4, 0x09, 0x71, 0x10, 0x3C, 0x03, 0xD4, 0xCD, 0xCE, 0x23, 0xEA, 0x62, 0x4F, 0x9C, 0xA1,
    0xB3, 0x88, 0xD5, 0xF4, 0x41, 0x6B, 0x7E, 0xDE, 0x5B, 0xE5, 0xD5, 0xB5, 0x1F, 0x84, 0x46, 0x65,
    0x7C, 0x4B, 0xF3, 0x8B, 0x0B, 0xF7, 0x97, 0xF2, 0x8A, 0xCB, 0xC3, 0xB3, 0xDC, 0x27, 0x7E, 0x41,
    0x26, 0x37, 0xCE, 0x3C, 0xE2, 0x32, 0xC6, 0x3C, 0xF3, 0x87, 0xCB, 0x08, 0xF3, 0xDC, 0x1B, 0x2E,
    0xAB, 0xB9, 0x2F, 0x5C, 0x56, 0x95, 0x27, 0x1C, 0x6D, 0x09, 0xE2, 0x07, 0xBF, 0x60, 0x6B, 0x44,
    0xA9, 0x26, 0x08, 0x99, 0x64, 0xCD, 0x00, 0x0F, 0xF8, 0x19, 0xDD, 0x03, 0x4E, 0xF9, 0x51, 0xC9,
    0x47, 0x3B, 0x45, 0x72, 0xD4, 0xFC, 0xAA, 0x4B, 0x6D, 0xF5, 0xEA, 0x8D, 0x9D, 0x34, 0x0C, 0x26,
    0xA0, 0xCE, 0xF4, 0x2E, 0x50, 0xC1, 0xAD, 0xCD, 0xF0, 0xC0, 0x9F, 0xD2, 0x3A, 0x67, 0xCA, 0x88,
    0x9C, 0x0C, 0x94, 0x57, 0x79, 0x4C, 0x03, 0x14, 0xEA, 0x5E, 0x8F, 0x11, 0x50, 0xDE, 0x14, 0x82,
    0xCA, 0x41, 0x79, 0x03, 0xD7, 0x8A, 0x02, 0xE5, 0xF3, 0x58, 0x55, 0xA0, 0x5C, 0xBC, 0xAA, 0x40,
    0xB9, 0xF8, 0x2C, 0xA1, 0xCE, 0xBC, 0x14, 0x53, 0x50, 0x6E, 0x23, 0x46, 0x57, 0xA0, 0xFC, 0x2C,
    0x4F, 0x9E, 0x67, 0x04, 0x94, 0x63, 0x08, 0x8E, 0x02, 0xE5, 0xFC, 0x0B, 0xE7, 0xB0, 0x7A, 0xEB,
    0x82, 0x72, 0xED, 0x38, 0xE1, 0xDA, 0x56, 0x34, 0x37, 0xE4, 0x7A, 0x2A, 0xD9, 0xCE, 0x6C, 0x50,
    0x2F, 0x1D, 0x56, 0xD4, 0x61, 0x3B, 0xF5, 0xD0, 0x69, 0xFE, 0xB9, 0x2C, 0x58, 0x45, 0x1E, 0xAD,
    0x47, 0xD4, 0x37, 0x17, 0x51, 0xCF, 0x5C, 0x4C, 0x76, 0x62, 0x23, 0xD1, 0x8E, 0xD0, 0x7F, 0x4A,
    0x63, 0x01, 0x12, 0x7A, 0x6C, 0xDE, 0xD3, 0x76, 0xE0, 0xF6, 0xC0, 0x59, 0x30, 0x3F, 0xB0, 0xD2,
    0x18, 0x38, 0xDC, 0xCD, 0x81, 0x23, 0xAF, 0x8D, 0xBB, 0x36, 0xEA, 0x55, 0x6F, 0xDD, 0x23, 0x5E,
    0xE0, 0xC1, 0xC6, 0x9B, 0xA8, 0xB6, 0xAF, 0x7F, 0x55, 0xBA, 0x71, 0x8F, 0xEB, 0x0C, 0x9D, 0x79,
    0x9D, 0x9C, 0x33, 0xCF, 0x34, 0x5E, 0xCE, 0x3C, 0xD3, 0x28, 0x39, 0x54, 0xFA, 0x1C, 0x21, 0xB9,
    0x46, 0xC4, 0x39, 0xC1, 0x34, 0x0E, 0x4E, 0x8B, 0x69, 0xF4, 0x9B, 0x4E, 0x81, 0x79, 0xB3, 0xCC,
    0x28, 0xE9, 0xE6, 0x57, 0xDC, 0xA1, 0x7C, 0x1B, 0xB7, 0xC3, 0x0A, 0xD4, 0xEF, 0x02, 0xB2, 0x2E,
    0x00, 0xEB, 0x02, 0xAE, 0x2E, 0xC0, 0xEA, 0x22, 0xAA, 0x2E, 0x80, 0xEA, 0xCD, 0xD8, 0x64, 0x05,
    0x7B, 0xAC, 0x60, 0x8E, 0x15, 0xAC, 0xB1, 0xC1, 0xC6, 0xD8, 0xD6, 0x44, 0xBA, 0xA5, 0x27, 0x92,
    0xE6, 0x8B, 0xAB, 0x0E, 0xD6, 0x40, 0x9B, 0xAE, 0x78, 0x43, 0x56, 0x48, 0x60, 0x27, 0xC0, 0xC1,
    0x61, 0xF2, 0x8F, 0x4A, 0x5A, 0x73, 0x20, 0x83, 0x38, 0x6D, 0x8F, 0xC4, 0x6F, 0x66, 0x84, 0x67,
    0x11, 0xBA, 0x99, 0x91, 0x9D, 0x45, 0xD4, 0x66, 0x4A, 0x74, 0x96, 0x01, 0x9B, 0x55, 0x8F, 0x26,
    0x73, 0x71, 0x69, 0xFE, 0x51, 0xB6, 0x89, 0xFC, 0xA3, 0xC7, 0x69, 0x60, 0xFF, 0x05, 0xBA, 0x71,
    0xAE, 0x9E, 0xAC, 0xC5, 0xF6, 0x06, 0xEF, 0xF7, 0xF6, 0x75, 0xAF, 0x81, 0xD5, 0x45, 0x60, 0x3E,
    0x30, 0x00, 0x08, 0xCA, 0xB7, 0x7C, 0x1A, 0x91, 0x2D, 0x08, 0x90, 0x79, 0x2C, 0xB6, 0xA8, 0xE5,
    0x51, 0xD8, 0xA2, 0x96, 0xC7, 0x5F, 0x63, 0x4D, 0x45, 0x5E, 0x63, 0x4D, 0xC5, 0x5C, 0xA3, 0x95,
    0x46, 0xA2, 0xAD, 0x03, 0x3D, 0xCE, 0x9A, 0x46, 0x58, 0x67, 0x11, 0x10, 0x59, 0x6C, 0xF5, 0x69,
    0x9A, 0x0F, 0xB8, 0x15, 0x92, 0x78, 0xEA, 0xC8, 0xEE, 0xEA, 0xD9, 0x80, 0xF5, 0x64, 0xC0, 0xED,
    0x42, 0x4D, 0xBC, 0xF3, 0xA0, 0xA6, 0x49, 0x5A, 0x1A, 0xA6, 0x6F, 0xF4, 0x83, 0xF4, 0x3A, 0xA2,
    0xD7, 0x01, 0xBD, 0x8E, 0xE7, 0x0B, 0x70, 0x5E, 0x47, 0xF3, 0x43, 0x81, 0xF9, 0x6B, 0x06, 0xD8,
    0x84, 0x4D, 0x9D, 0x55, 0x84, 0xB9, 0x9D, 0x29, 0x1C, 0x19, 0xDD, 0xB2, 0x85, 0xDE, 0x6E, 0x04,
    0xF4, 0x46, 0x65, 0x1D, 0x6D, 0xA8, 0x2C, 0x7D, 0x1F, 0x11, 0xF1, 0x8A, 0xC4, 0xA4, 0x3D, 0x1E,
    0xB0, 0x47, 0x17, 0xCA, 0x39, 0x35, 0x31, 0x26, 0xA4, 0xC4, 0x36, 0xA1, 0x23, 0xB6, 0x09, 0x11,
    0xB1, 0x4D, 0x28, 0x88, 0x6D, 0xE2, 0x01, 0x69, 0x13, 0xFF, 0x47, 0x9B, 0x78, 0x3F, 0xDA, 0xC4,
    0xF7, 0x11, 0x93, 0x90, 0xC9, 0x88, 0xF8, 0x3D, 0xBA, 0x7A, 0xCE, 0xDD, 0xBE, 0x3E, 0x8F, 0xF6,
    0xBB, 0x5A, 0x9B, 0xD7, 0x9C, 0x22, 0xF3, 0x9A, 0x4F, 0x64, 0x5E, 0x23, 0x0A, 0xCE, 0x6B, 0x2C,
    0xC1, 0x79, 0x9A, 0x4D, 0x54, 0xD6, 0x72, 0x7E, 0xE0, 0xBC, 0x96, 0x49, 0xB4, 0xC1, 0x28, 0x33,
    0xB0, 0xC1, 0xF4, 0xD8, 0x31, 0xEA, 0x0B, 0x69, 0x32, 0xEA, 0x0A, 0x01, 0x2C, 0x42, 0xE3, 0xC5,
    0x56, 0x18, 0x71, 0x84, 0xFC, 0x8A, 0xBB, 0xC4, 0x0F, 0xE2, 0x76, 0x1C, 0xDD, 0x0D, 0x32, 0xBF,
    0x41, 0x61, 0x9C, 0x5F, 0xC5, 0x01, 0xF2, 0x4E, 0x6A, 0xCB, 0x6B, 0xB0, 0x7E, 0xCA, 0xE5, 0x78,
    0xBD, 0x65, 0x12, 0xD1, 0x15, 0x93, 0x60, 0xAE, 0x36, 0x89, 0xE3, 0x6A, 0x93, 0x10, 0xAE, 0x36,
    0x89, 0xDE, 0x6A, 0x93, 0xC0, 0xAD, 0x36, 0x89, 0xD9, 0x6A, 0x93, 0x70, 0xAD, 0x36, 0x49, 0x43,
    0x1A, 0x13, 0x1A, 0x5E, 0x44, 0x28, 0x78, 0xDD, 0x3E, 0xB9, 0x70, 0xC5, 0x18, 0xD3, 0xEC, 0x19,
    0xF0, 0x79, 0x9A, 0x3A, 0xA3, 0x9E, 0x30, 0x9A, 0x37, 0x43, 0x2C, 0xBC, 0x1C, 0x6A, 0xB1, 0xA8,
    0xEA, 0x69, 0x19, 0x33, 0xB4, 0x74, 0xEF, 0x96, 0x8F, 0x3B, 0x0B, 0x01, 0x5C, 0x32, 0x5C, 0x2A,
    0x85, 0x5C, 0x35, 0x07, 0x5E, 0x55, 0xA0, 0xAB, 0x09, 0x2E, 0x55, 0x9A, 0x22, 0x43, 0x5C, 0x72,
    0x0E, 0xBC, 0xB0, 0x17, 0x04, 0x7A, 0xF9, 0x76, 0x8F, 0x6D, 0x2A, 0x39, 0x61, 0x21, 0xBB, 0xD2,
    0xBA, 0x72, 0x2B, 0x29, 0x86, 0x36, 0xDC, 0xE4, 0x42, 0x29, 0xC2, 0x4A, 0xCA, 0xF5, 0x93, 0xAA,
    0x10, 0xE1, 0xA1, 0x52, 0x86, 0x55, 0x2F, 0x26, 0xEA, 0xB0, 0x9E, 0x12, 0xFD, 0xA4, 0x42, 0x3C,
    0xC8, 0xEA, 0x54, 0x25, 0xB2, 0x9A, 0x52, 0x8A, 0xD0, 0x5E, 0x53, 0x6A, 0xD1, 0x84, 0x00, 0x3C,
    0xCA, 0xBE, 0x86, 0xC0, 0x1C, 0xA5, 0x1A, 0x9F, 0xE1, 0x91, 0x52, 0x8E, 0x09, 0xC3, 0x0D, 0x76,
    0x08, 0x97, 0x70, 0xDA, 0x8F, 0xA6, 0xA7, 0x1B, 0x48, 0x06, 0xEF, 0xEA, 0x26, 0x92, 0x75, 0x35,
    0xD6, 0x8D, 0xA4, 0xAA, 0x77, 0x5E, 0x37, 0x93, 0xEA, 0x4E, 0x53, 0x37, 0x94, 0x1A, 0xD8, 0x09,
    0x6A, 0x2A, 0x9D, 0x97, 0x61, 0x87, 0xCA, 0x58, 0xE2, 0x85, 0xB0, 0x17, 0xB8, 0xA5, 0x7C, 0xB5,
    0x4B, 0x0D, 0xA6, 0x73, 0x3F, 0x89, 0x6A, 0x89, 0x4B, 0x4D, 0xA6, 0x8B, 0x48, 0x22, 0x25, 0x46,
    0x13, 0x30, 0x42, 0xE2, 0xBA, 0xAF, 0x99, 0x4D, 0xA3, 0x0B, 0xB7, 0x5B, 0xFA, 0xD7, 0x5B, 0x7F,
    0xF1, 0xB2, 0x7E, 0x49, 0x2F, 0x2F, 0xAC, 0x33, 0xE1, 0xE5, 0x2D, 0xB7, 0x78, 0x87, 0x3D, 0x36,
    0xF3, 0x37, 0x1A, 0x9F, 0xD7, 0xBC, 0x16, 0x51, 0x79, 0x5B, 0x5B, 0x0B, 0x5B, 0x77, 0x64, 0xE8,
    0xA0, 0x28, 0x81, 0x0D, 0x05, 0x18, 0xDD, 0x0A, 0x33, 0x5E, 0x17, 0xA9, 0x11, 0xAF, 0xF6, 0xEA,
    0xD6, 0xEC, 0xBC, 0x5E, 0xBA, 0x73, 0x30, 0x9F, 0x4F, 0x9F, 0x97, 0x76, 0x5C, 0x48, 0xA4, 0x41,
    0xE3, 0x54, 0x40, 0x90, 0x3E, 0x09, 0x53, 0x31, 0xA2, 0x5A, 0xA8, 0x45, 0xA9, 0x88, 0x0E, 0x66,
    0x28, 0xD8, 0x84, 0xC3, 0x38, 0x92, 0x9B, 0xDF, 0x0C, 0xEC, 0x57, 0x49, 0x12, 0x83, 0x4A, 0xB7,
    0xFA, 0xDD, 0x80, 0x44, 0xA8, 0x44, 0xF5, 0x8F, 0x74, 0x09, 0x22, 0x4E, 0x3A, 0xA9, 0x9C, 0x25,
    0x28, 0x6E, 0xC6, 0x95, 0x2E, 0xCD, 0xCD, 0x9F, 0x3C, 0xDE, 0xD5, 0xA3, 0x53, 0x7C, 0x82, 0x8E,
    0x17, 0xEA, 0x39, 0x31, 0x40, 0x1A, 0x41, 0xE3, 0xEF, 0xAC, 0x16, 0xE8, 0x3F, 0xEF, 0x0B, 0x29,
    0x30, 0x3A, 0x9E, 0x1E, 0x0E, 0xD5, 0x65, 0x84, 0x98, 0x6B, 0x0B, 0xF4, 0xA2, 0x98, 0xB9, 0x27,
    0xB1, 0x43, 0x2A, 0x16, 0x45, 0x2C, 0xB9, 0x9C, 0x9B, 0xDB, 0x48, 0x3D, 0xDF, 0x29, 0x39, 0xB7,
    0xC1, 0xCE, 0xC7, 0x94, 0x9D, 0xCB, 0xE2, 0x0B, 0x84, 0x9E, 0x5B, 0x7B, 0x3A, 0x6A, 0x12, 0x7E,
    0x2E, 0x7C, 0x67, 0x9D, 0x29, 0x82, 0xAE, 0x89, 0x37, 0xE2, 0x52, 0x0C, 0xDD, 0x73, 0xFC, 0x4A,
    0x9A, 0xF0, 0x28, 0x8B, 0x45, 0xE9, 0x11, 0x8E, 0xEE, 0x72, 0x85, 0x87, 0x1A, 0x49, 0xD7, 0x18,
    0xC6, 0xE3, 0x65, 0x86, 0xD7, 0x26, 0xA5, 0x38, 0x42, 0x44, 0x72, 0x4B, 0x21, 0x7A, 0x47, 0x21,
    0x7A, 0x43, 0x21, 0x7A, 0x3F, 0x21, 0x9A, 0x1F, 0x8A, 0xDC, 0x4D, 0x88, 0xDE, 0x4C, 0x88, 0xDE,
    0x4B, 0x88, 0xDE, 0x4A, 0x88, 0xDE, 0x49, 0x88, 0xDE, 0x48, 0x68, 0x08, 0x9F, 0xC6, 0xFA, 0x56,
    0xF3, 0xF1, 0xE1, 0x62, 0x23, 0x6A, 0x7A, 0x76, 0x41, 0x09, 0xF4, 0xB7, 0x15, 0x60, 0xBE, 0xA3,
    0x81, 0xFC, 0x9A, 0x0E, 0xF1, 0xEB, 0xFA, 0x59, 0x48, 0x53, 0x3F, 0x0B, 0x69, 0x16, 0xCE, 0x42,
    0x1C, 0xFD, 0x2C, 0x64, 0xC5, 0xD5, 0xCF, 0x42, 0xBA, 0xFA, 0x59, 0x48, 0x70, 0xC3, 0x1D, 0xAA,
    0x85, 0xAB, 0x6C, 0x41, 0xE1, 0x1A, 0xA9, 0xF0, 0xF4, 0x34, 0x78, 0xCA, 0x21, 0x3A, 0xAE, 0x85,
    0x8D, 0x37, 0xB4, 0xD4, 0x77, 0x07, 0x19, 0xF5, 0x89, 0x1E, 0x67, 0xD4, 0x29, 0xDA, 0x66, 0xBA,
    0x57, 0x94, 0xB8, 0x45, 0x2B, 0x89, 0x1E, 0x18, 0xAE, 0xC5, 0x84, 0xBF, 0x5A, 0x08, 0x07, 0x77,
    0x75, 0x6A, 0xD9, 0x1A, 0x9E, 0x2D, 0xE2, 0xAE, 0xD4, 0x83, 0x4C, 0xF4, 0x18, 0x93, 0xE6, 0x2A,
    0x20, 0xB2, 0xBE, 0x0A, 0xB3, 0x41, 0x27, 0x36, 0x14, 0xCE, 0x39, 0xDC, 0xF5, 0x2E, 0xEE, 0x2D,
    0x85, 0x31, 0xD8, 0x44, 0xA0, 0x06, 0xC2, 0xBA, 0xEE, 0x1C, 0xB9, 0xA5, 0x78, 0xFA, 0x2B, 0x9E,
    0x8C, 0xA4, 0x5A, 0x48, 0xDC, 0x56, 0x4C, 0xDA, 0xB6, 0xAA, 0xE2, 0xF9, 0xFF, 0xED, 0x7D, 0x5F,
    0x8C, 0x1C, 0xC7, 0x79, 0x67, 0x75, 0xF7, 0x72, 0x07, 0x56, 0x47, 0x6C, 0xE2, 0xA0, 0x18, 0x06,
    0x77, 0xA5, 0x31, 0x0E, 0xC4, 0x81, 0xB9, 0x50, 0x6C, 0x02, 0xD9, 0xC3, 0x11, 0x81, 0x76, 0xBA,
    0x25, 0x01, 0xC9, 0xE1, 0x84, 0x43, 0xF8, 0x10, 0x2A, 0x80, 0x8D, 0x5C, 0x12, 0x40, 0x38, 0xC0,
    0xA2, 0x71, 0xBB, 0x49, 0xF4, 0xA0, 0x03, 0x76, 0x76, 0x86, 0x11, 0x90, 0x3C, 0x1C, 0xEE, 0xBC,
    0x0F, 0xC9, 0x3D, 0x04, 0x01, 0xCC, 0x00, 0x0C, 0x60, 0x2E, 0x1F, 0xC8, 0x07, 0x3D, 0xE8, 0x90,
    0xD9, 0xED, 0x96, 0x05, 0x38, 0x0F, 0x41, 0xCE, 0x13, 0x07, 0x82, 0x1F, 0x02, 0x58, 0xAD, 0x88,
    0xB6, 0x65, 0x12, 0x77, 0x6C, 0xC7, 0x63, 0xA7, 0x77, 0xD5, 0xD3, 0x75, 0xDF, 0x9F, 0xEA, 0xEE,
    0xAA, 0x9E, 0x99, 0xE5, 0xAC, 0x44, 0x8A, 0x94, 0xB9, 0xB3, 0xB3, 0x33, 0x55, 0x3D, 0x33, 0xDD,
    0x55, 0xF5, 0x7D, 0x55, 0xF5, 0x7D, 0xBF, 0xEF, 0x4F, 0x0B, 0x31, 0xE3, 0xD1, 0x1A, 0xEA, 0x35,
    0x37, 0x99, 0xFD, 0x59, 0xFD, 0xB0, 0x0A, 0xE3, 0x37, 0x32, 0xD6, 0x6A, 0xFE, 0x5D, 0x38, 0x45,
    0x58, 0xD6, 0x7A, 0x4E, 0x2A, 0xC4, 0xA8, 0xAC, 0xE5, 0x56, 0x26, 0xAC, 0xB2, 0x06, 0x85, 0x5C,
    0xD8, 0xA9, 0x38, 0x45, 0x35, 0xF8, 0x5E, 0x17, 0x5F, 0x3A, 0x42, 0xD8, 0x7D, 0xD1, 0xCA, 0x45,
    0xC0, 0x87, 0x84, 0x33, 0x16, 0x9E, 0x14, 0x41, 0xDF, 0x1D, 0x89, 0x01, 0xD4, 0xE4, 0x7E, 0xB4,
    0x36, 0x8C, 0xF6, 0x23, 0xF9, 0x8D, 0x1C, 0x7E, 0xB5, 0x26, 0x0B, 0x57, 0xC2, 0xA3, 0x27, 0x33,
    0x3C, 0x87, 0x1C, 0x59, 0x32, 0x95, 0x99, 0x5B, 0xE0, 0x67, 0x78, 0xD9, 0x93, 0xD4, 0x90, 0x9C,
    0xAF, 0xA6, 0x1E, 0xBB, 0x7C, 0x35, 0xF5, 0x08, 0xFA, 0x42, 0xB4, 0xAB, 0x4E, 0xB7, 0xF7, 0xC4,
    0xA2, 0xEC, 0x57, 0xDD, 0x87, 0x33, 0x8F, 0xEB, 0x9E, 0x45, 0x52, 0x6A, 0xE3, 0xB1, 0xB8, 0xFD,
    0xA7, 0xE2, 0xE3, 0x3C, 0x5A, 0x6F, 0xE8, 0x83, 0xEA, 0x7D, 0x37, 0xD5, 0x47, 0xF2, 0x1D, 0x7D,
    0xF8, 0xAD, 0x7A, 0x18, 0x0F, 0x3A, 0xDF, 0x11, 0xFD, 0xEE, 0x3F, 0xFD, 0x7A, 0x70, 0x8E, 0x56,
    0x56, 0x9D, 0x06, 0xCE, 0xDF, 0x96, 0xE5, 0xF8, 0x48, 0xB8, 0x76, 0x2F, 0x8A, 0x79, 0x90, 0xA2,
    0xCB, 0xF0, 0xAD, 0xDC, 0x1D, 0x52, 0xFB, 0xEC, 0x31, 0x8D, 0x08, 0x34, 0x0E, 0x86, 0x45, 0xB4,
    0x46, 0x38, 0x22, 0x89, 0xCD, 0x35, 0x2F, 0x87, 0xA1, 0x81, 0xEF, 0x65, 0xD4, 0x76, 0xBF, 0x10,
    0xBE, 0x68, 0xA7, 0xF0, 0xF5, 0x16, 0xD4, 0x82, 0xA0, 0xDF, 0x8E, 0x83, 0x5C, 0x48, 0xE1, 0x41,
    0xAD, 0xE3, 0x8D, 0x82, 0xFD, 0x22, 0xBA, 0x2C, 0x6F, 0x47, 0xF2, 0x9A, 0xE8, 0x62, 0x27, 0x72,
    0x9F, 0x07, 0x09, 0x46, 0x30, 0xCA, 0xA2, 0xA4, 0x25, 0xBF, 0x29, 0xB3, 0x36, 0xD6, 0x16, 0xB1,
    0xAF, 0x5F, 0xE1, 0x86, 0x0D, 0x8C, 0x1E, 0x98, 0xB5, 0x6E, 0x55, 0xDA, 0x78, 0x56, 0xAF, 0x8D,
    0x03, 0x81, 0x14, 0x2B, 0x7F, 0x03, 0xC5, 0xA0, 0xFE, 0xD1, 0x82, 0x51, 0xC3, 0xAE, 0x1B, 0xB5,
    0xB6, 0xC1, 0x9D, 0x5E, 0xDF, 0xA8, 0xC5, 0x06, 0x83, 0xF5, 0xE7, 0x9A, 0x19, 0xDA, 0xF9, 0x5C,
    0xF8, 0x7D, 0x04, 0x75, 0x1B, 0x18, 0x15, 0x06, 0xCD, 0x41, 0xC2, 0x79, 0x40, 0x58, 0x27, 0x11,
    0xDE, 0x1D, 0x1C, 0xB1, 0xBB, 0x43, 0x1C, 0xC7, 0xE0, 0x79, 0x18, 0xFD, 0x5D, 0x1E, 0xEF, 0x2E,
    0xB2, 0x49, 0x6E, 0x8F, 0x98, 0x2F, 0xBB, 0x78, 0x08, 0x0E, 0x8C, 0x80, 0x63, 0x89, 0x13, 0x61,
    0x3C, 0x46, 0xC0, 0x8A, 0x7E, 0xE8, 0x66, 0x62, 0x13, 0xCA, 0xAE, 0x0C, 0xFD, 0xB8, 0x5D, 0x88,
    0x5E, 0x68, 0xA7, 0xBD, 0xF7, 0x92, 0xDE, 0x7E, 0x14, 0x0C, 0xE5, 0xFE, 0x8D, 0x44, 0x12, 0xD3,
    0x78, 0x38, 0xDE, 0x71, 0x26, 0xE4, 0x28, 0x1A, 0xD9, 0xF2, 0x7D, 0xB9, 0x07, 0x6D, 0x7A, 0x02,
    0x7B, 0x71, 0x72, 0x9E, 0x29, 0x29, 0x9C, 0xBF, 0xAF, 0xA7, 0xA1, 0xFB, 0xC1, 0xA8, 0x9E, 0x8F,
    0xDF, 0x49, 0xA7, 0xF7, 0x57, 0x7B, 0xD8, 0xA9, 0x79, 0xAA, 0xD1, 0x41, 0x9F, 0x1E, 0xEA, 0xB1,
    0x78, 0xCD, 0xA4, 0x9F, 0x34, 0x4E, 0x0D, 0x5D, 0x0E, 0x89, 0xE6, 0x25, 0xF1, 0x7B, 0xF0, 0xB1,
    0x57, 0xB7, 0xB1, 0x25, 0xB7, 0x44, 0x5B, 0xFB, 0x3E, 0x4C, 0x0A, 0xE0, 0x87, 0x53, 0xDA, 0x1C,
    0x61, 0x5E, 0xB2, 0x71, 0x98, 0x80, 0x55, 0xB1, 0xCA, 0xD3, 0x5F, 0x2C, 0xC9, 0xDF, 0x88, 0x91,
    0x9C, 0x3C, 0xFF, 0xAF, 0xCB, 0x91, 0x5B, 0x5C, 0x97, 0xFB, 0x7D, 0x5E, 0x00, 0xE0, 0xB2, 0x8E,
    0x94, 0xFF, 0x22, 0x53, 0x5E, 0x01, 0xE0, 0x2A, 0xF0, 0xEB, 0x7E, 0x94, 0x94, 0x4B, 0x40, 0xB9,
    0xF4, 0x18, 0x6B, 0x40, 0x63, 0x11, 0x30, 0x56, 0x81, 0xB3, 0xE6, 0x32, 0x10, 0x98, 0xEB, 0x40,
    0x30, 0xB1, 0x10, 0x7C, 0xEC, 0x95, 0x7C, 0x72, 0x35, 0x6F, 0x2C, 0xE7, 0x8D, 0xF5, 0x7C, 0xCE,
    0x05, 0x1D, 0xBB, 0x6D, 0xCC, 0x5E, 0x3B, 0x1B, 0x1F, 0xF0, 0xE9, 0xE1, 0xE8, 0x6B, 0x99, 0xF4,
    0x75, 0x63, 0x83, 0xBE, 0xFA, 0xB4, 0x05, 0x82, 0xC2, 0x9C, 0xD6, 0xE9, 0x0B, 0x55, 0x9D, 0xBE,
    0x7E, 0xDF, 0xA0, 0x6F, 0x10, 0x9B, 0xF4, 0x2D, 0xAE, 0xE8, 0xF4, 0xDD, 0x97, 0xB9, 0x4E, 0xDF,
    0x61, 0x2F, 0xFB, 0x38, 0xF4, 0x75, 0x86, 0xC6, 0x32, 0xDF, 0x4A, 0x8D, 0x75, 0xDE, 0x49, 0xA6,
    0x2E, 0xF4, 0x47, 0xF4, 0x3D, 0xA2, 0xEF, 0x3C, 0x8B, 0xEA, 0x11, 0x51, 0x0E, 0x58, 0x54, 0x27,
    0x64, 0xAB, 0xA6, 0x70, 0xF5, 0x28, 0x4F, 0xBA, 0x23, 0xEA, 0x3F, 0xAA, 0xD4, 0xF7, 0x5E, 0x32,
    0x04, 0x45, 0xFF, 0x6B, 0xC3, 0x03, 0x3E, 0x9D, 0xA9, 0xC0, 0x34, 0x34, 0x18, 0x56, 0x61, 0x4E,
    0x08, 0x43, 0x87, 0xA9, 0x09, 0x88, 0x4A, 0x4C, 0x5D, 0x25, 0x69, 0x11, 0xA4, 0x72, 0x5D, 0x8D,
    0xC1, 0xAA, 0xA6, 0xC7, 0xE0, 0xF7, 0x35, 0x45, 0xC6, 0xC9, 0x85, 0xA9, 0xC9, 0xDC, 0x16, 0xBA,
    0x2A, 0x73, 0x03, 0xE5, 0xC6, 0x4A, 0x97, 0x19, 0xB7, 0x64, 0xDF, 0x54, 0x66, 0x1E, 0x97, 0x49,
    0x77, 0x44, 0xDF, 0x87, 0x45, 0x5F, 0x1C, 0xBC, 0x93, 0xD7, 0x1A, 0xC3, 0x17, 0xC8, 0xC4, 0x1C,
    0xC0, 0x40, 0xBF, 0x10, 0x0D, 0xA1, 0x15, 0x0D, 0xCD, 0x41, 0x14, 0x6E, 0xD1, 0x37, 0x86, 0x51,
    0xD8, 0x70, 0x26, 0x7D, 0x20, 0xE9, 0xD4, 0xDA, 0x50, 0x42, 0x8B, 0xC7, 0xC6, 0x60, 0x8A, 0xB5,
    0x71, 0x10, 0xEA, 0xC3, 0x79, 0x43, 0x26, 0xED, 0x52, 0xF4, 0xE7, 0x01, 0x2D, 0xE0, 0x24, 0x89,
    0x36, 0xA4, 0x70, 0x4D, 0x4B, 0x0E, 0x1B, 0x83, 0x3A, 0x31, 0xAC, 0x13, 0x03, 0x6B, 0x0E, 0x2D,
    0xA9, 0x9C, 0xFA, 0xE0, 0xD2, 0x3A, 0xAB, 0x0F, 0x2F, 0x2F, 0xBC, 0x8D, 0x01, 0xFE, 0x64, 0x53,
    0x68, 0xC6, 0x54, 0x9A, 0x98, 0x4C, 0x13, 0xD3, 0x69, 0xD6, 0x84, 0xA2, 0xED, 0xC5, 0xDA, 0xDE,
    0x32, 0xF6, 0x17, 0x47, 0x16, 0xC6, 0x06, 0xE3, 0xD4, 0x5D, 0xE0, 0x1D, 0x46, 0x2C, 0x8D, 0x8D,
    0x2D, 0x06, 0x7A, 0xF9, 0xA1, 0xBE, 0xC7, 0x00, 0xFD, 0x73, 0x7D, 0x93, 0x81, 0xCF, 0x73, 0x7D,
    0x97, 0x11, 0xEE, 0xD8, 0xD8, 0x66, 0x16, 0xE1, 0xFC, 0xDA, 0x3E, 0xB3, 0x8D, 0xD7, 0xD7, 0x37,
    0x1A, 0xBC, 0xBC, 0xBE, 0xD3, 0x7C, 0xA8, 0xA8, 0xA5, 0x6D, 0x35, 0x13, 0xD4, 0x6B, 0x12, 0xCF,
    0x98, 0x16, 0xCF, 0x35, 0xE6, 0xC5, 0x6E, 0x63, 0x62, 0x74, 0xA7, 0x10, 0x6E, 0x4E, 0xBA, 0x1D,
    0xCD, 0x8D, 0x4F, 0x63, 0x6E, 0x4C, 0x41, 0x29, 0x1A, 0x42, 0xD7, 0x27, 0xC5, 0x32, 0x66, 0x0B,
    0x62, 0x56, 0x38, 0x21, 0x8C, 0x55, 0x22, 0x17, 0x0B, 0x64, 0xC6, 0x21, 0x9E, 0x32, 0xCF, 0xC0,
    0x81, 0x96, 0x29, 0x98, 0xF9, 0xE6, 0x21, 0x41, 0x00, 0x87, 0xD7, 0x07, 0x48, 0x55, 0x9F, 0x3B,
    0x1D, 0x3E, 0xA4, 0x4F, 0x9F, 0x5D, 0xD1, 0xEE, 0xB7, 0x52, 0x63, 0x06, 0x15, 0x30, 0xFE, 0x5E,
    0x66, 0x0A, 0x6B, 0xB7, 0x81, 0xE8, 0x91, 0x21, 0xB0, 0xDD, 0x91, 0x85, 0x2C, 0x82, 0x4C, 0x9F,
    0x4A, 0x2F, 0xC8, 0x24, 0x1A, 0xB9, 0xA3, 0xE6, 0x6C, 0x9A, 0x46, 0xF2, 0x29, 0x44, 0x9F, 0xD8,
    0x6D, 0xA6, 0xEC, 0x38, 0xD3, 0x76, 0x9D, 0xA9, 0xC4, 0x9F, 0x87, 0xFC, 0xD6, 0x24, 0x3D, 0x2C,
    0x99, 0x4D, 0x48, 0xC7, 0x40, 0x06, 0xD1, 0xA4, 0x48, 0xEF, 0x47, 0x51, 0xDF, 0x20, 0x49, 0x1B,
    0xC1, 0x3F, 0x6F, 0x82, 0x26, 0x23, 0x03, 0xD4, 0x26, 0xA2, 0xF8, 0x31, 0x2A, 0x8E, 0x26, 0x55,
    0x22, 0x28, 0xC4, 0x06, 0x59, 0x36, 0xAD, 0x9C, 0x18, 0x5B, 0xA7, 0x8B, 0x7C, 0x31, 0x25, 0xAC,
    0xD7, 0x20, 0x0C, 0xFC, 0xFE, 0xCB, 0x72, 0x7F, 0x4B, 0xA7, 0xCC, 0x07, 0x92, 0x1E, 0x06, 0x44,
    0x15, 0xC2, 0x08, 0xC9, 0xCB, 0x0D, 0x9C, 0xCA, 0x7A, 0x75, 0xFB, 0xC2, 0x74, 0xE2, 0x4C, 0xA3,
    0xCE, 0x34, 0xF2, 0x4C, 0xA3, 0xCF, 0x54, 0x02, 0x4D, 0xA3, 0xD0, 0x7D, 0xD9, 0xBD, 0x0E, 0xDC,
    0xC9, 0xA6, 0x6D, 0x66, 0xD3, 0xF6, 0xB3, 0x79, 0x64, 0xC4, 0x27, 0x26, 0x0F, 0xB5, 0xFB, 0xF3,
    0x1C, 0x3A, 0x36, 0x79, 0xAD, 0x34, 0x9B, 0x5C, 0x70, 0xF2, 0x39, 0xBE, 0x75, 0xB4, 0xD2, 0x7C,
    0x36, 0x57, 0x9A, 0x4F, 0xC4, 0xC2, 0x53, 0x38, 0x78, 0x0A, 0x03, 0xCF, 0x8D, 0xE6, 0x19, 0x8F,
    0xCE, 0x94, 0x63, 0xC1, 0x9C, 0xDF, 0xFB, 0x24, 0x8F, 0xA3, 0xA5, 0xF7, 0x68, 0xE9, 0x9D, 0x97,
    0x75, 0xDF, 0x12, 0x13, 0x13, 0xFC, 0xE3, 0x56, 0x07, 0x0F, 0xBE, 0xCA, 0xFC, 0xBC, 0x61, 0xB2,
    0x72, 0xD7, 0xE4, 0xE2, 0xAE, 0x89, 0xB1, 0x75, 0x85, 0xC1, 0xBB, 0x5D, 0xD3, 0x6C, 0xD5, 0x35,
    0xCD, 0x56, 0x9B, 0xA6, 0xD9, 0xAA, 0xD7, 0x30, 0x5B, 0x35, 0x58, 0x74, 0x4F, 0x98, 0x66, 0xAB,
    0xD0, 0x34, 0x5B, 0x89, 0xC7, 0xC9, 0xAC, 0xE1, 0x1E, 0x60, 0xF3, 0x3D, 0xA8, 0xE6, 0x3E, 0xF0,
    0x5A, 0xBD, 0x9D, 0xA2, 0xC2, 0x57, 0x2F, 0x5B, 0xA8, 0x92, 0xD5, 0x35, 0x54, 0xF5, 0xEA, 0x1A,
    0xEA, 0x79, 0x75, 0x0D, 0x95, 0xBC, 0xAA, 0x46, 0x1A, 0x5E, 0xB5, 0x1F, 0x93, 0x7A, 0xD7, 0x4A,
    0x74, 0xDD, 0xAE, 0x65, 0xBA, 0x3A, 0x64, 0x26, 0x80, 0xB4, 0x65, 0xB8, 0x3A, 0x8C, 0x0C, 0x57,
    0x87, 0xF4, 0xE7, 0xD5, 0x55, 0xE5, 0xF1, 0x80, 0xC6, 0xED, 0x64, 0xA4, 0x53, 0xC2, 0xF9, 0x71,
    0xAE, 0x93, 0xC2, 0xC1, 0x6D, 0x4B, 0xA3, 0x45, 0xF8, 0xB0, 0xA7, 0xED, 0xE3, 0x61, 0x42, 0xD4,
    0x88, 0x82, 0x6B, 0xA9, 0x46, 0x14, 0x5C, 0x4B, 0x1F, 0x39, 0xA2, 0x3C, 0x96, 0xE0, 0xF7, 0x33,
    0xE0, 0x5A, 0xA2, 0x4D, 0x9C, 0xA0, 0x1D, 0xEB, 0x13, 0x27, 0x40, 0x77, 0xA2, 0x9A, 0x46, 0x0B,
    0x8F, 0x9E, 0x71, 0x83, 0x88, 0x64, 0xE7, 0x26, 0x95, 0x2A, 0x27, 0x31, 0x45, 0x26, 0x72, 0x13,
    0xD3, 0xE8, 0x84, 0x8E, 0x62, 0x1A, 0xA1, 0xEC, 0x51, 0x35, 0x36, 0x44, 0x29, 0x70, 0x16, 0x1B,
    0xE9, 0xA4, 0x22, 0x77, 0x31, 0x8D, 0x56, 0xE0, 0x1D, 0x36, 0xD6, 0x89, 0x45, 0x2E, 0x63, 0x1A,
    0xB5, 0x8A, 0xDE, 0x65, 0xF9, 0xA1, 0x46, 0x2E, 0x74, 0x1B, 0x2B, 0x34, 0x7A, 0xA1, 0xE3, 0xD8,
    0xD8, 0x20, 0xD8, 0x57, 0x0E, 0x89, 0xCC, 0x4E, 0x11, 0x92, 0x27, 0x04, 0xE4, 0x8F, 0x89, 0xCC,
    0xCE, 0x2D, 0x08, 0x37, 0x85, 0xE0, 0xA6, 0x00, 0x3C, 0xBF, 0xDE, 0xD6, 0xC4, 0x03, 0x9C, 0x9F,
    0xE6, 0xF7, 0x17, 0x2F, 0x58, 0xDA, 0x32, 0xEB, 0xB5, 0x42, 0x46, 0xFC, 0xA3, 0x21, 0xF9, 0xC4,
    0x3F, 0x5E, 0xD2, 0x33, 0xF8, 0xC7, 0x8B, 0xFD, 0xBE, 0xCE, 0x3F, 0xED, 0xB0, 0xF6, 0xB2, 0x43,
    0xFE, 0x81, 0x7A, 0xAC, 0xF3, 0x0F, 0x7D, 0xAE, 0xF1, 0x0F, 0xFC, 0x3E, 0xD4, 0xF9, 0xC7, 0x4D,
    0x22, 0x73, 0xB2, 0x4B, 0x73, 0xB6, 0x83, 0x02, 0xB6, 0x1D, 0xEA, 0xD3, 0x9D, 0x9D, 0xE0, 0x2A,
    0xFE, 0x91, 0xB7, 0xD6, 0x26, 0x26, 0xFC, 0xE3, 0xCC, 0x3F, 0x1B, 0x93, 0x6A, 0xE6, 0xEC, 0x4F,
    0x1F, 0x37, 0x37, 0xBC, 0xCF, 0xBC, 0xF1, 0x7A, 0xB0, 0xAA, 0xD7, 0xC6, 0xBD, 0xD9, 0x9F, 0xCD,
    0xFF, 0xB0, 0xAF, 0x1A, 0xA4, 0x37, 0x36, 0xFA, 0x9E, 0xD4, 0x9B, 0x95, 0xB7, 0xB5, 0x5D, 0xDF,
    0x1A, 0xB9, 0xC3, 0xC5, 0x6D, 0xFA, 0xD8, 0x47, 0xC7, 0x57, 0x27, 0xF1, 0x78, 0x29, 0x81, 0x57,
    0x27, 0x71, 0x12, 0x98, 0xAC, 0x30, 0xCC, 0x4E, 0x31, 0x66, 0x7F, 0x63, 0xB1, 0x86, 0x72, 0x5B,
    0x02, 0x7E, 0xAF, 0xB4, 0xC1, 0xD8, 0x24, 0x98, 0xF9, 0xA1, 0x2D, 0xD1, 0x75, 0x59, 0xF4, 0x52,
    0xE0, 0x18, 0x58, 0x28, 0x22, 0xB4, 0x7A, 0xD9, 0x70, 0x28, 0x40, 0x19, 0x6F, 0xE9, 0x4E, 0x82,
    0xBE, 0xCD, 0x7D, 0x21, 0xFB, 0xA0, 0xDA, 0xE0, 0x91, 0x96, 0xFC, 0xEF, 0x43, 0x0B, 0xF6, 0x8C,
    0x11, 0xCA, 0x71, 0x97, 0x64, 0xE6, 0x14, 0xD7, 0x7F, 0x02, 0x8E, 0xB1, 0xDB, 0x37, 0xA4, 0x80,
    0xCB, 0x59, 0x40, 0x3C, 0x5A, 0x20, 0xC0, 0x49, 0xF6, 0x16, 0x32, 0x50, 0xE8, 0x17, 0x6D, 0x59,
    0x54, 0x5D, 0xB0, 0xAE, 0x36, 0xFB, 0xAE, 0xB3, 0x79, 0x76, 0x9F, 0xCA, 0xF9, 0xE1, 0xCB, 0x30,
    0x01, 0x78, 0x06, 0xE6, 0xE4, 0x56, 0xEC, 0x63, 0xEB, 0x61, 0x4A, 0xA0, 0x5B, 0x71, 0x9B, 0xC0,
    0xB1, 0x01, 0xBB, 0x15, 0x5B, 0x51, 0x82, 0x65, 0x72, 0x2B, 0x86, 0xB1, 0x40, 0x18, 0x20, 0x67,
    0x24, 0x01, 0xCD, 0xA1, 0xE4, 0x56, 0x8C, 0xC7, 0xA1, 0x4C, 0x6E, 0xC5, 0x3C, 0xD9, 0x06, 0xE4,
    0x56, 0x2C, 0x96, 0x0A, 0x40, 0xAD, 0x73, 0x72, 0x2B, 0xBE, 0x21, 0x47, 0xDE, 0xFE, 0xF5, 0x8C,
    0xDC, 0x8A, 0x61, 0x78, 0x1C, 0x82, 0xB2, 0xC0, 0xAD, 0x18, 0x27, 0x58, 0x84, 0x54, 0x7B, 0xA2,
    0x3F, 0x8D, 0x51, 0x4E, 0x9A, 0xC3, 0x67, 0xC9, 0x9A, 0x39, 0x70, 0xE7, 0x80, 0x55, 0x22, 0x36,
    0x2C, 0x98, 0x5B, 0x6D, 0x43, 0xAB, 0xED, 0xD6, 0xA8, 0x01, 0xED, 0x1C, 0x41, 0x85, 0x31, 0xF0,
    0xCE, 0xE1, 0x0F, 0x5D, 0x63, 0xE7, 0x68, 0x8D, 0xDA, 0xC6, 0xCE, 0x61, 0x21, 0xBB, 0xEB, 0xB6,
    0xCB, 0x5E, 0x6E, 0x9A, 0x2E, 0x7B, 0x99, 0x30, 0x2D, 0x97, 0xD2, 0x34, 0x5C, 0x66, 0x51, 0xB9,
    0x92, 0xB0, 0xDD, 0x32, 0x5C, 0x9C, 0x34, 0x5B, 0x3E, 0x56, 0x3B, 0x87, 0xD5, 0x34, 0x6B, 0x34,
    0x3E, 0x6E, 0xE0, 0x8E, 0xE6, 0xD2, 0x00, 0x1F, 0x9B, 0x57, 0x72, 0x8B, 0x06, 0x9A, 0xD9, 0xC0,
    0x00, 0x1B, 0x1F, 0x8B, 0xA6, 0x1C, 0xD3, 0x44, 0x34, 0x7B, 0x8D, 0x86, 0xEB, 0xC3, 0x4E, 0x08,
    0x4A, 0xD6, 0xD0, 0x47, 0x8A, 0x86, 0x42, 0x12, 0x84, 0xA6, 0x46, 0xA2, 0xAD, 0x5E, 0xA4, 0x92,
    0xB4, 0x52, 0x53, 0x27, 0x01, 0x41, 0xD7, 0x34, 0x96, 0xE7, 0x26, 0xBF, 0xE1, 0x05, 0x74, 0x7E,
    0xB3, 0x65, 0x5F, 0xE7, 0xB7, 0xED, 0xE8, 0x6E, 0x61, 0x4A, 0x2A, 0x6F, 0xC8, 0xA1, 0x2E, 0xA9,
    0xEC, 0x89, 0x5E, 0x7C, 0x24, 0xA9, 0x4C, 0x09, 0xDB, 0x08, 0xC2, 0x99, 0x01, 0x1D, 0x87, 0x35,
    0x34, 0x50, 0x0C, 0x08, 0x6F, 0x4B, 0xAF, 0x6E, 0x91, 0xA5, 0x8E, 0x76, 0x25, 0x9B, 0x76, 0x01,
    0x2F, 0xA6, 0x4D, 0xC9, 0x42, 0x4C, 0x9F, 0x30, 0x84, 0x35, 0xF2, 0x4C, 0x51, 0x68, 0x9C, 0x4D,
    0xFC, 0xDC, 0xCB, 0x78, 0x99, 0xEA, 0x61, 0x37, 0xDB, 0x63, 0xAA, 0xD8, 0xBC, 0x47, 0x71, 0x05,
    0xF7, 0x23, 0x18, 0xF6, 0x14, 0x2B, 0xB8, 0x1D, 0xC1, 0xA2, 0xFC, 0x3E, 0xC2, 0x72, 0xB4, 0x1B,
    0x6D, 0xC3, 0x9A, 0x28, 0xB7, 0xA3, 0x98, 0x37, 0x23, 0x58, 0xC6, 0x7B, 0x78, 0x80, 0xF6, 0xA2,
    0x3D, 0xE4, 0xD2, 0xC3, 0xCA, 0xEE, 0x1B, 0x33, 0x65, 0xB9, 0xEE, 0xFC, 0xFB, 0x7B, 0x7A, 0x2F,
    0xB7, 0x87, 0xFB, 0xE1, 0xF4, 0xA0, 0x24, 0xC8, 0x20, 0x36, 0x65, 0x48, 0x4B, 0xA6, 0xA6, 0x14,
    0xD9, 0xFA, 0x28, 0x6F, 0xC8, 0x91, 0xF1, 0x8E, 0x89, 0x8C, 0xFB, 0x61, 0x60, 0xCA, 0x92, 0x1D,
    0xDC, 0xCA, 0x74, 0x69, 0x72, 0xA7, 0x89, 0xE9, 0xC8, 0x86, 0x25, 0xC7, 0x91, 0xB1, 0x97, 0xEA,
    0x32, 0xE5, 0x8D, 0x1F, 0x66, 0xED, 0xC2, 0x90, 0x2A, 0xBF, 0x09, 0xEF, 0x89, 0x26, 0x57, 0x42,
    0xD4, 0x4D, 0xEE, 0x0F, 0x0D, 0xC9, 0x72, 0x71, 0xEB, 0xB0, 0x5E, 0x2C, 0xD3, 0x2D, 0x36, 0x93,
    0xE6, 0x9A, 0x47, 0xDB, 0xC3, 0xEB, 0x48, 0x32, 0x3A, 0xAC, 0x64, 0x34, 0x85, 0x18, 0xF1, 0xF4,
    0xF8, 0xC7, 0x59, 0xD1, 0x8F, 0x1A, 0xA6, 0x34, 0x6B, 0x8E, 0xB7, 0xA4, 0xB9, 0x3D, 0x1A, 0x6B,
    0x89, 0x63, 0xEE, 0xD5, 0xBE, 0xB9, 0xD0, 0x98, 0x1F, 0xDA, 0x26, 0x33, 0x3A, 0xC9, 0x41, 0xAB,
    0x83, 0x55, 0x4C, 0xDA, 0x28, 0xB5, 0x60, 0x44, 0x2F, 0x31, 0xA2, 0x11, 0x9D, 0xCC, 0x0C, 0x47,
    0xA4, 0x1F, 0x57, 0xF1, 0x88, 0xB4, 0xD0, 0xD7, 0x01, 0x89, 0x84, 0xDB, 0xD6, 0x11, 0x89, 0x68,
    0xBE, 0xD0, 0x42, 0x12, 0xA9, 0x21, 0x75, 0x4C, 0xA2, 0x40, 0x14, 0xB0, 0x0E, 0x4A, 0x84, 0xB5,
    0x54, 0x8F, 0x4A, 0x84, 0x75, 0x77, 0x5F, 0x0F, 0x4B, 0x94, 0x10, 0x98, 0x57, 0xC7, 0x25, 0xCA,
    0x5B, 0x96, 0x0C, 0xCD, 0xC0, 0xC4, 0x7B, 0x18, 0xFA, 0xBA, 0x07, 0x56, 0x3B, 0x07, 0x9A, 0xD2,
    0x83, 0x03, 0x76, 0xBA, 0x66, 0x84, 0x62, 0x23, 0x44, 0xB1, 0x61, 0x93, 0x9A, 0x37, 0x48, 0xD1,
    0x5C, 0xC0, 0xEF, 0x6F, 0xC5, 0x58, 0xFC, 0x0E, 0x53, 0x01, 0x0E, 0x21, 0xA7, 0x46, 0xAC, 0x10,
    0x04, 0x80, 0x3C, 0x82, 0x15, 0xE4, 0x0E, 0x76, 0x66, 0xCC, 0x14, 0x6F, 0x90, 0x23, 0x63, 0xC6,
    0x9C, 0xC1, 0x4E, 0x8C, 0x19, 0xF3, 0x05, 0x3B, 0x30, 0x66, 0xCC, 0x15, 0xB8, 0x83, 0x60, 0x85,
    0x78, 0x02, 0x7E, 0x33, 0xC6, 0x45, 0x81, 0x38, 0x82, 0x9C, 0x16, 0x81, 0x51, 0x89, 0x1F, 0xC8,
    0x61, 0xF1, 0x86, 0xFC, 0x90, 0xB8, 0x01, 0x2E, 0x03, 0x5B, 0xFE, 0x7B, 0x05, 0xF1, 0x02, 0x88,
    0x00, 0x96, 0x2C, 0xEC, 0xB1, 0xE2, 0x84, 0x29, 0x84, 0x1F, 0x4C, 0x12, 0x5D, 0x91, 0xA0, 0xAB,
    0x93, 0xA7, 0xA3, 0x57, 0x82, 0x99, 0xB4, 0xF7, 0x67, 0xD2, 0xDD, 0xA0, 0xBA, 0x41, 0xF3, 0x79,
    0x29, 0xAE, 0x4F, 0xD8, 0x66, 0xB0, 0xF5, 0x13, 0xB5, 0xC6, 0x0B, 0x9F, 0x19, 0x7E, 0xA3, 0x30,
    0xF8, 0xF2, 0xFB, 0x20, 0x1A, 0x5D, 0x29, 0xEB, 0x6B, 0x00, 0xB7, 0xD5, 0x7A, 0x9C, 0x45, 0xB5,
    0x91, 0x32, 0x40, 0xB4, 0x41, 0x5C, 0x09, 0x5B, 0xF8, 0x21, 0xD2, 0x88, 0x71, 0xC1, 0x60, 0x8F,
    0x68, 0xE8, 0x8E, 0xCF, 0xF2, 0x96, 0x4E, 0xCC, 0x12, 0x0C, 0xA9, 0xAB, 0xB0, 0x87, 0xE2, 0xAC,
    0x2E, 0xC8, 0x3D, 0x6A, 0x11, 0x25, 0xA4, 0x14, 0x17, 0x04, 0x58, 0x22, 0xAC, 0x08, 0x9C, 0x78,
    0xC0, 0x57, 0xC3, 0x45, 0x91, 0x69, 0x3B, 0x02, 0x67, 0x09, 0x8C, 0x23, 0x06, 0xC2, 0x81, 0xFA,
    0x0F, 0x97, 0x0B, 0x30, 0x8E, 0xD8, 0xA7, 0xD6, 0xED, 0x21, 0xB3, 0x40, 0xB0, 0x75, 0xE7, 0x80,
    0xF9, 0x37, 0x35, 0xA8, 0x78, 0xD5, 0xA8, 0x29, 0x60, 0x64, 0xC7, 0x98, 0xAF, 0x9B, 0x62, 0xA6,
    0xD0, 0x89, 0x10, 0x86, 0x3E, 0x88, 0x30, 0x64, 0xCB, 0xF5, 0x7C, 0x80, 0x18, 0xDC, 0x42, 0xC7,
    0x44, 0xF4, 0x11, 0x5D, 0x24, 0xF1, 0xE1, 0x5E, 0x82, 0x91, 0xE6, 0x2F, 0x3D, 0xE1, 0x30, 0x3D,
    0xE1, 0x31, 0x3D, 0xC5, 0x65, 0x7A, 0xD2, 0x67, 0xBA, 0x74, 0x9A, 0x16, 0x4D, 0xAF, 0x69, 0x61,
    0xBA, 0x4D, 0xC3, 0x59, 0x4D, 0xBF, 0xE9, 0x7F, 0x18, 0x35, 0x1C, 0xA7, 0xAD, 0x32, 0xEC, 0xBD,
    0xF2, 0x9C, 0x8E, 0x8A, 0x86, 0xEB, 0x74, 0x7B, 0x3C, 0xE1, 0x83, 0x75, 0x48, 0xC1, 0xE8, 0xAD,
    0xA6, 0x60, 0x94, 0x37, 0x05, 0xA3, 0xFC, 0xB3, 0xE7, 0xFA, 0xFE, 0xB8, 0x91, 0xB2, 0x5E, 0x69,
    0x1A, 0x5E, 0x21, 0x93, 0x7E, 0x21, 0x9F, 0x09, 0x19, 0xF7, 0x48, 0x7F, 0x79, 0x3C, 0x68, 0x3B,
    0x4D, 0xF0, 0x12, 0x7E, 0xFF, 0xE0, 0xCF, 0x8F, 0xEC, 0x6A, 0x8F, 0xAB, 0x5D, 0xED, 0x28, 0x27,
    0xC5, 0x23, 0x9B, 0x93, 0xC2, 0x9A, 0xAD, 0x5A, 0xD9, 0x86, 0xA9, 0xCA, 0x1F, 0x1B, 0x48, 0xB5,
    0xE1, 0x33, 0x66, 0x70, 0x60, 0x6F, 0x38, 0x13, 0xA3, 0x36, 0x5D, 0x76, 0xAD, 0x06, 0x84, 0xD3,
    0x9F, 0xC4, 0xA6, 0xCB, 0xEC, 0x30, 0x0E, 0x93, 0x48, 0xE5, 0x87, 0xA1, 0x93, 0x56, 0x19, 0x62,
    0x48, 0xEE, 0xAC, 0x72, 0xC4, 0x90, 0xF0, 0x5F, 0x65, 0x89, 0x21, 0x0D, 0xB8, 0xCE, 0x13, 0x03,
    0xAF, 0x5A, 0xA6, 0x18, 0x2B, 0x15, 0x5A, 0xAE, 0x18, 0xA8, 0xD5, 0xD9, 0x62, 0xF0, 0x1B, 0x75,
    0xBE, 0x98, 0x6D, 0x80, 0x42, 0xB4, 0x8C, 0x31, 0x12, 0xB5, 0xA9, 0x32, 0x67, 0x0C, 0x2F, 0x4A,
    0x33, 0xB2, 0xC6, 0x58, 0x5F, 0x09, 0x4D, 0x46, 0x8F, 0x4D, 0x53, 0x60, 0x2C, 0x34, 0x3C, 0x46,
    0x86, 0xA1, 0xA8, 0x21, 0x19, 0x9B, 0xCE, 0x5B, 0xA1, 0x32, 0xCC, 0x71, 0x15, 0x30, 0xC3, 0xD5,
    0x0A, 0x9B, 0xE1, 0x6A, 0x05, 0xCF, 0xD8, 0xB4, 0xCF, 0xD6, 0x08, 0x0D, 0x7E, 0x4B, 0x03, 0x69,
    0xA2, 0xF0, 0xAC, 0xD0, 0x70, 0x1A, 0x50, 0x60, 0x44, 0x0D, 0xD5, 0x80, 0xE1, 0x6F, 0x2C, 0x34,
    0xB4, 0x06, 0xE7, 0xA6, 0x06, 0xD8, 0x14, 0x17, 0xAA, 0xEE, 0x1E, 0x8A, 0x59, 0x1B, 0x5A, 0x78,
    0x22, 0xE6, 0x49, 0x60, 0xD5, 0x78, 0x5C, 0xD0, 0x18, 0x82, 0x97, 0x91, 0x50, 0xE3, 0x09, 0xC1,
    0x28, 0x74, 0xCD, 0x16, 0xA8, 0xF7, 0x7E, 0x79, 0xA4, 0x65, 0x0F, 0x82, 0x75, 0x62, 0x68, 0xE5,
    0x35, 0x73, 0x00, 0x37, 0x20, 0x64, 0x55, 0xF3, 0x07, 0x18, 0x59, 0xE1, 0xBB, 0x1B, 0x35, 0x8B,
    0xB4, 0x86, 0xD8, 0xD2, 0x41, 0xCD, 0x25, 0xEE, 0x10, 0xF7, 0x94, 0xAC, 0x66, 0x94, 0x76, 0xDA,
    0x43, 0xC4, 0xA5, 0xE6, 0x15, 0x09, 0xE6, 0xD9, 0x63, 0x91, 0x96, 0x60, 0x68, 0xDC, 0xA3, 0x41,
    0xAC, 0x39, 0x66, 0xB4, 0x24, 0x59, 0x23, 0xAC, 0x99, 0xE6, 0xF3, 0x07, 0xAE, 0x03, 0x47, 0x71,
    0x76, 0x47, 0xD1, 0x2F, 0x8F, 0x42, 0xF4, 0xCB, 0x91, 0x23, 0xCC, 0xCF, 0x83, 0x63, 0xFF, 0x31,
    0x2D, 0x25, 0xD9, 0x2F, 0x0B, 0xE7, 0x26, 0x8C, 0xB9, 0x85, 0x18, 0xCF, 0xBF, 0x09, 0x9D, 0x73,
    0xE2, 0xB8, 0xB0, 0xF1, 0x43, 0x4F, 0x58, 0x09, 0x94, 0x95, 0xB9, 0xC1, 0x0B, 0x43, 0x55, 0xB6,
    0xA0, 0xC3, 0xA9, 0x2A, 0xDB, 0x30, 0x9B, 0xCF, 0xAB, 0x32, 0x6C, 0x25, 0xE2, 0x38, 0x96, 0xC1,
    0x63, 0xF5, 0x67, 0xB1, 0x9D, 0xB4, 0xFE, 0x27, 0x94, 0x57, 0x84, 0x73, 0x39, 0xF6, 0xDE, 0xB2,
    0xDE, 0x83, 0xC3, 0xE7, 0xC5, 0x1F, 0x3E, 0x3F, 0x5C, 0x5E, 0x86, 0xA8, 0xA1, 0xFF, 0xB7, 0x72,
    0x46, 0xFC, 0xE1, 0x0F, 0x86, 0xE7, 0x9F, 0x04, 0x4A, 0x7D, 0x6F, 0x65, 0x59, 0xAC, 0xCB, 0xE4,
    0xF5, 0x27, 0x45, 0xCF, 0xFE, 0xDE, 0x9B, 0x67, 0xE0, 0x17, 0x91, 0xCC, 0xEF, 0xFE, 0xF0, 0x2E,
    0xBA, 0x33, 0xAE, 0x08, 0xFF, 0x85, 0x2B, 0xBB, 0xD6, 0x8E, 0x0F, 0xF6, 0xC0, 0x95, 0xB2, 0x9F,
    0xF0, 0xFB, 0xB2, 0xEC, 0xDA, 0x3F, 0xA8, 0xCB, 0x4E, 0x88, 0x57, 0x0B, 0xA1, 0xC9, 0x2B, 0x6E,
    0x0B, 0x9A, 0x25, 0x1C, 0x21, 0x9E, 0x14, 0xEB, 0xAE, 0xD3, 0x87, 0x32, 0x3C, 0x9E, 0x16, 0x37,
    0x5D, 0x3B, 0xB9, 0x72, 0xF6, 0x22, 0x3C, 0xA2, 0x97, 0xF7, 0xD6, 0xBE, 0x2F, 0x13, 0xDA, 0xC9,
    0x3F, 0x90, 0x5F, 0xCF, 0xE4, 0x8F, 0xEE, 0x85, 0x06, 0xFE, 0x85, 0x36, 0x96, 0xFF, 0x61, 0x96,
    0x76, 0x73, 0xA8, 0x6A, 0x13, 0xA3, 0x7E, 0xD0, 0xD5, 0x63, 0x06, 0x30, 0x6A, 0x57, 0x61, 0x62,
    0x31, 0x03, 0x98, 0x63, 0xBD, 0x2A, 0xBF, 0x2F, 0xAB, 0xEA, 0x59, 0x12, 0x1B, 0xFA, 0x65, 0xB5,
    0x83, 0xC8, 0xA3, 0x52, 0x9A, 0xE0, 0x6D, 0x15, 0x25, 0x2F, 0xB7, 0xAA, 0x0E, 0xD0, 0xDF, 0xA0,
    0xFC, 0x14, 0x84, 0x0E, 0xDC, 0xA3, 0x54, 0xBF, 0xBD, 0xD4, 0x2E, 0x70, 0x27, 0x8D, 0xB0, 0x72,
    0xF1, 0x4B, 0x51, 0x71, 0x43, 0xDE, 0x8D, 0xC5, 0x25, 0xF8, 0xFE, 0x22, 0xCC, 0x8A, 0xA2, 0x27,
    0xFF, 0x96, 0xA2, 0xBF, 0x40, 0xB4, 0xC1, 0xAD, 0xB1, 0x5D, 0x58, 0x24, 0x7D, 0xC0, 0xE2, 0x70,
    0xFB, 0x62, 0xC8, 0x51, 0x5F, 0xD7, 0x50, 0xC6, 0x33, 0x17, 0xB9, 0x1D, 0x71, 0x50, 0xC8, 0x52,
    0x63, 0x05, 0xEE, 0x6D, 0x35, 0x56, 0xA1, 0x3F, 0x6B, 0x38, 0xDE, 0x48, 0x5D, 0x50, 0x5D, 0x34,
    0xAB, 0x07, 0xEB, 0xBE, 0x50, 0xCC, 0x56, 0xAB, 0x62, 0xBE, 0x3B, 0x71, 0x54, 0xA3, 0xC9, 0xCC,
    0xE2, 0xE2, 0x95, 0xAA, 0x58, 0x0A, 0xDA, 0xE4, 0xBC, 0x55, 0x15, 0xF3, 0x92, 0x0C, 0x7D, 0x3B,
    0xAD, 0x48, 0xE0, 0x24, 0x4A, 0x74, 0x82, 0xE2, 0x50, 0x2D, 0x34, 0x66, 0x31, 0xAD, 0x8A, 0xB6,
    0x94, 0x65, 0x51, 0x68, 0xC5, 0xA5, 0x3B, 0xC3, 0x92, 0x62, 0x15, 0xF1, 0x52, 0xE5, 0x2A, 0x82,
    0x94, 0xDA, 0x46, 0xA0, 0x56, 0x51, 0x09, 0xF8, 0x46, 0x51, 0xC8, 0xA0, 0x8E, 0x41, 0x99, 0x9D,
    0xA9, 0x14, 0x19, 0x4F, 0xA5, 0x84, 0x46, 0x05, 0x9D, 0x02, 0x33, 0x47, 0xBF, 0x15, 0x1E, 0xBA,
    0x74, 0xB9, 0xBA, 0xC0, 0x4B, 0x65, 0xE9, 0xC5, 0x3F, 0x51, 0x1F, 0xDB, 0xEF, 0xD4, 0xA5, 0xBB,
    0xB0, 0x7F, 0xE1, 0x2A, 0x68, 0xDF, 0x2D, 0x54, 0x49, 0x50, 0x1A, 0x07, 0x2A, 0x9D, 0xA8, 0x4A,
    0xA2, 0x2A, 0xB5, 0x86, 0xCD, 0xD2, 0x00, 0x95, 0x0D, 0x55, 0x82, 0x51, 0x5F, 0x85, 0x37, 0x0B,
    0x65, 0x4A, 0x98, 0x36, 0x1B, 0xE8, 0x59, 0xC5, 0x25, 0x47, 0x8E, 0xB9, 0xD4, 0xF5, 0xF6, 0xBA,
    0xAA, 0x14, 0x84, 0x65, 0x69, 0x47, 0x94, 0xA5, 0x1C, 0x4E, 0x40, 0x2E, 0x5D, 0x5D, 0x74, 0x0E,
    0xE7, 0xD2, 0xB8, 0x2A, 0xF5, 0x6E, 0x17, 0x5C, 0x5A, 0x45, 0xE9, 0x1D, 0x66, 0x5A, 0x20, 0x3A,
    0x8B, 0xB8, 0xA7, 0xE5, 0x20, 0xA4, 0xC2, 0x76, 0x88, 0xF6, 0x9A, 0x6D, 0xFC, 0x3A, 0x1A, 0x6B,
    0x6E, 0x48, 0xF2, 0x2F, 0xB7, 0xD0, 0x93, 0x7F, 0x78, 0xEF, 0x90, 0xD4, 0x40, 0x5B, 0x42, 0xF6,
    0xB5, 0x75, 0x4B, 0xDF, 0x54, 0xF4, 0xF2, 0x5B, 0xBF, 0xAB, 0x11, 0x37, 0x9D, 0x6A, 0x22, 0x5D,
    0xD8, 0x9A, 0x6A, 0x6B, 0x70, 0xC7, 0x75, 0x8C, 0x77, 0x34, 0xAA, 0x76, 0x7D, 0x30, 0x90, 0x54,
    0x93, 0x23, 0x18, 0x55, 0x13, 0x05, 0x2C, 0x8E, 0x55, 0x19, 0xE5, 0xF4, 0xB2, 0x4C, 0x46, 0xCE,
    0xB2, 0xAC, 0x1D, 0x27, 0x0F, 0xBA, 0x7E, 0x9D, 0xEA, 0xB5, 0x2A, 0x03, 0x7F, 0x43, 0xD9, 0x8E,
    0xD5, 0x89, 0x80, 0xEB, 0x5B, 0x89, 0xD2, 0x55, 0xA1, 0xEC, 0x90, 0x95, 0x05, 0xA5, 0xD3, 0x18,
    0xB7, 0x7E, 0x87, 0xCE, 0x8E, 0x33, 0x23, 0xA7, 0x8D, 0xDE, 0x8D, 0xB1, 0x3C, 0x20, 0x9D, 0xA5,
    0x35, 0xC4, 0xF2, 0x0E, 0x5A, 0x57, 0x55, 0xB9, 0x87, 0xA6, 0x55, 0xF8, 0x25, 0x96, 0xA3, 0xDB,
    0xB2, 0xD8, 0xDE, 0x96, 0x7D, 0x5C, 0x21, 0x41, 0x12, 0x88, 0x28, 0xCF, 0x07, 0x94, 0xF7, 0x70,
    0xFE, 0x80, 0x8A, 0x07, 0x65, 0x5D, 0x66, 0xD7, 0x75, 0x22, 0x5F, 0x97, 0x94, 0x6B, 0xED, 0x69,
    0x29, 0xE7, 0x79, 0x4A, 0xE3, 0x95, 0xD4, 0x62, 0xB7, 0xEE, 0xD7, 0x75, 0x6A, 0x2E, 0xEB, 0xE6,
    0xA4, 0x20, 0x18, 0x4D, 0x4A, 0x90, 0x7B, 0xF5, 0x7A, 0xA8, 0x2E, 0x70, 0xBC, 0x0E, 0x49, 0xA9,
    0x7C, 0xD1, 0x16, 0xCE, 0x97, 0x87, 0x5E, 0x57, 0xBD, 0x39, 0xB6, 0xFC, 0x5C, 0x79, 0xE8, 0xB5,
    0x75, 0xF5, 0xC3, 0xFA, 0xD0, 0x73, 0xEA, 0x5B, 0xC7, 0xFD, 0xB7, 0x4A, 0xE3, 0x5C, 0x29, 0x53,
    0x7B, 0x51, 0x5A, 0x4A, 0xD3, 0x6B, 0x8A, 0x58, 0x2E, 0x92, 0xE2, 0xD6, 0x04, 0xC8, 0xF0, 0x4B,
    0x5A, 0xB3, 0xC2, 0x7B, 0xD8, 0xEF, 0x98, 0x31, 0x26, 0xB5, 0x23, 0x7B, 0x8A, 0xEB, 0x50, 0xCE,
    0xAC, 0x52, 0x7B, 0xE1, 0x92, 0x8D, 0x0B, 0x21, 0xEB, 0xDA, 0x15, 0x97, 0x81, 0x1D, 0x00, 0xAD,
    0x95, 0x3F, 0x2E, 0x6D, 0x9F, 0xA0, 0x47, 0x33, 0x6C, 0xBD, 0x46, 0xA0, 0x43, 0x8F, 0x17, 0x57,
    0x9F, 0x54, 0x70, 0xF6, 0xCC, 0xC5, 0x1D, 0x83, 0x74, 0x1B, 0x5F, 0x4D, 0x94, 0x36, 0x71, 0x64,
    0x4B, 0x81, 0xD7, 0xE4, 0x12, 0xD5, 0xA1, 0x01, 0x69, 0xA5, 0x16, 0xC1, 0xD7, 0xE4, 0x18, 0x85,
    0x1F, 0x9E, 0x02, 0x73, 0x2D, 0x03, 0xD8, 0xEC, 0xAD, 0x0B, 0xD3, 0xA3, 0x07, 0xF6, 0xF9, 0x1B,
    0x77, 0x00, 0xC2, 0xBE, 0x4E, 0x2E, 0xBB, 0xA0, 0xEB, 0xA0, 0x72, 0x1E, 0x10, 0x88, 0xCD, 0xAE,
    0x52, 0xDF, 0x85, 0x76, 0x2D, 0xA1, 0xD0, 0x8B, 0x30, 0xB6, 0x72, 0xDE, 0x5D, 0xD3, 0x81, 0xEC,
    0x69, 0x91, 0x12, 0xF3, 0x68, 0x95, 0xF6, 0xA4, 0xEE, 0x69, 0x3D, 0xF4, 0x43, 0xE8, 0x49, 0x6B,
    0xD2, 0xD3, 0x66, 0xE4, 0xA2, 0x42, 0x0E, 0x70, 0x05, 0x90, 0x64, 0xEE, 0x66, 0xA1, 0x47, 0x69,
    0x0F, 0xE8, 0x52, 0x9B, 0xA9, 0xEF, 0x0F, 0xC9, 0x92, 0xDE, 0x45, 0xFE, 0x61, 0xF4, 0xA5, 0x58,
    0x4B, 0xC9, 0x9E, 0x1E, 0xF0, 0x21, 0x78, 0xE9, 0xC5, 0xF6, 0x88, 0xAC, 0xEA, 0xE4, 0x5B, 0x8B,
    0x87, 0x10, 0xC5, 0xCA, 0xC8, 0xB6, 0x4E, 0xEE, 0xB5, 0xE0, 0x65, 0x1B, 0xA3, 0x33, 0x75, 0x46,
    0x16, 0x76, 0xF2, 0xB0, 0xCD, 0xD5, 0xA2, 0x91, 0xB1, 0x9D, 0x1D, 0x9D, 0x6C, 0x73, 0xA0, 0x2F,
    0x08, 0x4F, 0xF6, 0x88, 0xAD, 0xED, 0xE0, 0x79, 0x02, 0x24, 0x0F, 0x92, 0x1D, 0x64, 0x78, 0x65,
    0x73, 0x07, 0x13, 0x29, 0x68, 0xB5, 0x90, 0x23, 0xFB, 0xF3, 0x32, 0x66, 0xCB, 0x3B, 0x78, 0xDB,
    0x82, 0x56, 0x9B, 0x73, 0xC6, 0x20, 0x65, 0x7F, 0x5F, 0x94, 0x05, 0x68, 0xB5, 0x6D, 0x34, 0x5D,
    0x08, 0xC3, 0x0A, 0x2F, 0x5E, 0x46, 0xFD, 0x62, 0x4A, 0x42, 0xC3, 0x29, 0x87, 0xBA, 0x73, 0x1D,
    0xEA, 0xCC, 0x95, 0xF2, 0x20, 0xB8, 0x87, 0x67, 0xE2, 0x4C, 0xD3, 0x80, 0x37, 0x89, 0x29, 0x35,
    0x7C, 0x37, 0x0E, 0x67, 0xCD, 0x9F, 0xAF, 0x53, 0x9B, 0x73, 0xF5, 0xF3, 0xD3, 0x3F, 0x74, 0xE0,
    0xC8, 0x56, 0x70, 0x8B, 0x76, 0x68, 0x58, 0x1D, 0x2A, 0x61, 0x5B, 0x58, 0x59, 0x5C, 0x75, 0xC8,
    0x65, 0xCD, 0x33, 0x44, 0x2B, 0x48, 0x9F, 0x0F, 0xB5, 0x01, 0x27, 0x6B, 0xF5, 0xAD, 0x14, 0x26,
    0xB8, 0x52, 0x03, 0x44, 0x00, 0x2B, 0xA2, 0x1B, 0xDB, 0xA9, 0x55, 0x46, 0x48, 0xFB, 0x84, 0x95,
    0xA1, 0x14, 0x49, 0x1B, 0xE1, 0x29, 0x3A, 0x34, 0x40, 0x67, 0xB1, 0x3E, 0x6C, 0x8B, 0x08, 0xA0,
    0x75, 0xD4, 0xA1, 0x0D, 0x44, 0x69, 0x12, 0x0B, 0x53, 0x74, 0x77, 0xE9, 0xD0, 0x0E, 0x1C, 0x0A,
    0x60, 0xC5, 0x42, 0xC4, 0x35, 0x1D, 0xD0, 0x15, 0x7B, 0xB7, 0x77, 0xB7, 0x01, 0xA5, 0x29, 0x6E,
    0x24, 0xF0, 0xAD, 0x9C, 0x0E, 0x05, 0xC8, 0xCA, 0x52, 0x46, 0x32, 0xE6, 0x78, 0x4D, 0x18, 0x09,
    0xE4, 0xF4, 0xA4, 0x87, 0x53, 0x05, 0xAE, 0x98, 0x33, 0xD1, 0xAC, 0xBC, 0xEE, 0x79, 0xCE, 0x2C,
    0x5C, 0x2F, 0x42, 0xED, 0xFE, 0x2E, 0x81, 0x9D, 0xB4, 0x55, 0xA8, 0xBD, 0x11, 0x65, 0x18, 0x5C,
    0xF1, 0x7B, 0xE5, 0x40, 0x81, 0x5C, 0xE4, 0x8F, 0x10, 0x99, 0x5E, 0xAA, 0x30, 0xED, 0x35, 0xC4,
    0x7B, 0x61, 0x8D, 0xA8, 0xF3, 0x67, 0xA0, 0xF7, 0xB1, 0x20, 0x40, 0xB7, 0x72, 0x40, 0x20, 0x88,
    0x9A, 0x76, 0x83, 0x5A, 0x59, 0xEF, 0xCF, 0xF0, 0xF3, 0x32, 0xC1, 0xA2, 0x4F, 0x5C, 0x1B, 0xCC,
    0xAE, 0xF1, 0x78, 0xE0, 0xD2, 0x7C, 0x72, 0x8B, 0xD7, 0x13, 0xAA, 0x81, 0x9D, 0x49, 0xED, 0x46,
    0x58, 0xF3, 0x70, 0xD3, 0xDA, 0xEB, 0xAA, 0x5A, 0x30, 0x3C, 0x21, 0x50, 0xCC, 0xE4, 0xDA, 0x26,
    0x09, 0xEA, 0x5D, 0x94, 0x6C, 0x6D, 0x82, 0xC2, 0x05, 0x8A, 0x9B, 0x30, 0xFA, 0x0C, 0x93, 0x73,
    0x3C, 0x62, 0x17, 0xF7, 0x83, 0x01, 0x09, 0xC2, 0x1D, 0x6C, 0x00, 0xF0, 0x00, 0x6E, 0x70, 0xBD,
    0x7D, 0x4A, 0x0C, 0x07, 0x35, 0xC4, 0xDD, 0x51, 0xFC, 0x44, 0xEF, 0x33, 0x30, 0xA7, 0x25, 0x2D,
    0xD4, 0x31, 0x42, 0x58, 0x1D, 0x41, 0x69, 0x6C, 0x51, 0xE8, 0x02, 0x8A, 0xA1, 0xB7, 0xE1, 0x79,
    0x9D, 0x50, 0x1E, 0xF4, 0x1B, 0xA2, 0x27, 0x71, 0x23, 0x3A, 0x0E, 0xC9, 0x02, 0xA0, 0x97, 0xAB,
    0x87, 0x45, 0x3F, 0x3C, 0x63, 0x11, 0xF0, 0xBF, 0xA6, 0xAF, 0x12, 0xED, 0xDF, 0x88, 0x67, 0x5B,
    0x37, 0x26, 0x16, 0x8F, 0x89, 0x05, 0xE6, 0x7E, 0x1C, 0x70, 0x1F, 0xE0, 0x01, 0xBF, 0x92, 0x66,
    0x5D, 0xDD, 0x57, 0x0A, 0x77, 0x32, 0xA5, 0x09, 0x02, 0xC8, 0x0F, 0x6E, 0x82, 0xB8, 0x8F, 0x95,
    0xAA, 0x21, 0x18, 0x2A, 0x79, 0x17, 0x83, 0x03, 0xCF, 0xD0, 0x56, 0xE4, 0xDE, 0xC9, 0x68, 0x0F,
    0x83, 0x03, 0x3E, 0xBA, 0x70, 0xC7, 0x5E, 0x3F, 0xE7, 0x1D, 0x6C, 0xC8, 0xA8, 0x6C, 0x0C, 0x33,
    0x9F, 0xF6, 0xAF, 0x96, 0xC2, 0x64, 0xE3, 0x8E, 0xE8, 0xD0, 0xEE, 0x05, 0xB3, 0x6A, 0x07, 0x56,
    0x6F, 0x3C, 0x10, 0xD0, 0xDE, 0x05, 0x3E, 0x48, 0x84, 0xC7, 0xC6, 0x90, 0x26, 0x86, 0x76, 0xAE,
    0x48, 0x32, 0x1A, 0x1B, 0x06, 0xEF, 0x46, 0xBC, 0x6F, 0xF5, 0x08, 0x8B, 0x95, 0x68, 0xC8, 0xA0,
    0x5D, 0x0B, 0xE0, 0x73, 0x44, 0x62, 0xA1, 0x41, 0xB2, 0x30, 0xF7, 0x2C, 0xB1, 0xD0, 0x6D, 0x6E,
    0x4F, 0x79, 0xE3, 0x80, 0x93, 0x35, 0x56, 0xF1, 0x76, 0x6A, 0x1E, 0x80, 0xED, 0xD2, 0x5C, 0x4F,
    0xA3, 0xA2, 0xB1, 0x9A, 0xF6, 0x92, 0xC6, 0x81, 0x53, 0x53, 0xF6, 0xA8, 0x89, 0x1D, 0xCA, 0xBB,
    0x27, 0xF3, 0xCC, 0xBB, 0x37, 0x35, 0xDC, 0x43, 0x0F, 0x5F, 0x4F, 0x1F, 0x4A, 0xBD, 0x32, 0x05,
    0x28, 0x99, 0xB0, 0x37, 0x36, 0xEA, 0x2D, 0x59, 0x2A, 0x7C, 0x5C, 0xF7, 0xF7, 0xD6, 0x86, 0x55,
    0x1D, 0x86, 0x46, 0x86, 0xA5, 0x0C, 0x8E, 0xF5, 0xD8, 0xC9, 0x2B, 0xD9, 0x12, 0x17, 0xAB, 0x3E,
    0xFA, 0xB4, 0xA5, 0xA7, 0x4A, 0x01, 0xB3, 0x1D, 0x02, 0xDC, 0x41, 0xDB, 0x0B, 0x00, 0xBB, 0xB0,
    0xB8, 0xF8, 0xE1, 0x2E, 0x8E, 0x03, 0x23, 0xBB, 0xF0, 0xEC, 0xBD, 0x0D, 0xCB, 0x54, 0x7B, 0xC8,
    0xD0, 0xEE, 0x0D, 0xE0, 0xAF, 0x8F, 0x46, 0x40, 0xF8, 0x12, 0xDB, 0x7D, 0x4F, 0xFE, 0x94, 0x3D,
    0x15, 0x19, 0xDC, 0x2D, 0x40, 0xED, 0x5D, 0xA3, 0x55, 0x47, 0x43, 0x77, 0xBF, 0x84, 0x79, 0x84,
    0x1E, 0x9E, 0xF5, 0x7D, 0xF1, 0x42, 0xC9, 0x45, 0x97, 0xCB, 0x75, 0xCA, 0x59, 0x14, 0xE7, 0xC4,
    0x7F, 0x85, 0xF2, 0x1B, 0x50, 0xF8, 0x35, 0x18, 0xEC, 0xCB, 0x6F, 0x2C, 0x5A, 0xE7, 0x80, 0xC9,
    0x16, 0xDF, 0x7E, 0xE3, 0xD7, 0xFE, 0x1B, 0x16, 0x7E, 0x09, 0x0A, 0xE2, 0x5C, 0x6C, 0xBD, 0xB9,
    0xFE, 0xF6, 0x1F, 0x41, 0xE1, 0xED, 0xD6, 0x6F, 0xFF, 0x3B, 0x2A, 0x7C, 0x6B, 0xF9, 0x73, 0x27,
    0xBF, 0xF3, 0xCE, 0xF3, 0xAF, 0xBD, 0xFE, 0xED, 0xF5, 0x65, 0xD1, 0x01, 0x1D, 0xF4, 0x1F, 0x7F,
    0x8A, 0x00, 0x8F, 0x23, 0x3E, 0x27, 0xE0, 0x57, 0x56, 0xEC, 0x84, 0xCB, 0x58, 0x78, 0x06, 0x80,
    0x9F, 0x54, 0xC4, 0xAD, 0xF4, 0x5C, 0x1C, 0x1E, 0xB3, 0x6E, 0xC6, 0x80, 0x90, 0xBE, 0xDD, 0xB7,
    0xE1, 0x3B, 0xBF, 0x20, 0xFC, 0xEF, 0xF4, 0x1D, 0xC0, 0x7C, 0x5D, 0xC0, 0xDF, 0xA3, 0xEB, 0xD7,
    0x8B, 0xB5, 0x1B, 0x30, 0x72, 0xC7, 0x7E, 0xEB, 0xA2, 0xB0, 0x7E, 0x93, 0x18, 0x40, 0x9C, 0x26,
    0x32, 0xFD, 0x6B, 0xC7, 0xDD, 0xB2, 0xFA, 0xE1, 0xF1, 0x73, 0xBF, 0xE2, 0x2C, 0x3C, 0xF5, 0xC5,
    0x77, 0x6E, 0x9E, 0xF9, 0x02, 0x80, 0xAE, 0xA7, 0xCE, 0x7D, 0xEB, 0x0B, 0xFF, 0xFE, 0x3F, 0x8B,
    0xA5, 0xF8, 0xF5, 0x9B, 0xDF, 0x5A, 0xFE, 0xBD, 0x9F, 0x81, 0x94, 0xFA, 0xF5, 0xBB, 0x2F, 0x66,
    0x25, 0x26, 0x70, 0xEA, 0x1C, 0x09, 0x1E, 0x5F, 0xB4, 0x6E, 0x9E, 0x13, 0xD6, 0xC5, 0x97, 0xBF,
    0xF7, 0xBB, 0x6E, 0x7F, 0x05, 0x46, 0xE5, 0xDA, 0x7F, 0xE9, 0xEB, 0xE9, 0x0D, 0xB4, 0xC7, 0xB9,
    0xF5, 0x46, 0xE1, 0x44, 0x59, 0x58, 0x39, 0xB7, 0xBE, 0x55, 0x16, 0xAE, 0x94, 0x85, 0xBF, 0x24,
    0xB8, 0x6D, 0x65, 0x65, 0xFD, 0x2F, 0x5F, 0x4E, 0xA8, 0x70, 0xEE, 0x0A, 0x9A, 0xE1, 0xB9, 0x80,
    0x2B, 0xE0, 0xF9, 0xF2, 0x08, 0x14, 0x6E, 0x92, 0xDE, 0x0B, 0x85, 0xDE, 0x2E, 0x82, 0xD5, 0xA7,
    0x57, 0xCE, 0xFD, 0xDE, 0x05, 0x55, 0xE0, 0xF6, 0x42, 0xE1, 0xF7, 0xC9, 0xD5, 0x13, 0x0A, 0xEB,
    0x2F, 0x03, 0x63, 0x5C, 0x38, 0x7D, 0x7E, 0x65, 0x5D, 0x3C, 0x13, 0x8A, 0x9B, 0x67, 0xB0, 0xE0,
    0x0E, 0xDD, 0x94, 0x0A, 0x3B, 0xE2, 0xFC, 0xFA, 0x99, 0xD3, 0xCF, 0xAD, 0x83, 0x8B, 0xCA, 0xFA,
    0xFA, 0xF2, 0xE9, 0x40, 0x66, 0x4F, 0x83, 0xAE, 0xBB, 0x7C, 0x7A, 0xE5, 0x35, 0xC0, 0x9A, 0xFD,
    0xF4, 0x0C, 0xFC, 0x9E, 0x04, 0xBB, 0x37, 0x55, 0x61, 0x71, 0xEB, 0xA9, 0x15, 0xEE, 0xC6, 0xE7,
    0x54, 0xC7, 0x9C, 0xFF, 0x28, 0x6E, 0x52, 0x2F, 0x9C, 0x17, 0xEF, 0xC4, 0x43, 0x06, 0xD4, 0x77,
    0x19, 0x93, 0x10, 0xC3, 0x12, 0xC1, 0x7A, 0x5D, 0x3C, 0xAB, 0x18, 0xEF, 0x8E, 0xE2, 0x52, 0x6B,
    0xBB, 0x5A, 0x97, 0xBA, 0x95, 0x9A, 0xDB, 0xAD, 0x0C, 0xA8, 0x9B, 0xD5, 0x5A, 0xD1, 0x71, 0x92,
    0xA7, 0xCA, 0xD2, 0x3F, 0x29, 0x9E, 0xED, 0x38, 0x25, 0xF0, 0x07, 0x25, 0x75, 0xC6, 0x8E, 0xC3,
    0xD3, 0xE4, 0x9C, 0xE8, 0x80, 0x00, 0x75, 0x95, 0x44, 0x81, 0x4E, 0x90, 0x2A, 0x05, 0x39, 0x60,
    0x67, 0x2D, 0x84, 0x9A, 0x24, 0x06, 0x94, 0xD2, 0x0E, 0xF1, 0x41, 0x8A, 0x5B, 0x3F, 0x2C, 0x7F,
    0xBD, 0x37, 0x48, 0x9E, 0xF4, 0x40, 0xDD, 0x74, 0x48, 0x8C, 0xF4, 0xFA, 0x6E, 0x59, 0x8A, 0x7B,
    0x12, 0xE6, 0x75, 0x2B, 0x3E, 0x0B, 0xBB, 0xBE, 0x8F, 0xA5, 0x61, 0xE0, 0xC8, 0x0C, 0x4B, 0xCE,
    0xB0, 0x2B, 0xA2, 0x2D, 0x1F, 0x66, 0x79, 0x2B, 0x26, 0xC9, 0xD0, 0xCA, 0x95, 0x5C, 0xD7, 0x11,
    0xE0, 0xCA, 0x4A, 0x93, 0x78, 0x15, 0xB5, 0x59, 0x9A, 0x9E, 0x1B, 0x64, 0x31, 0xCA, 0x2B, 0x38,
    0x31, 0xAA, 0x64, 0x3F, 0x00, 0x1D, 0xD9, 0x57, 0x1E, 0xC2, 0xE8, 0xFE, 0x1C, 0xA5, 0x8D, 0x41,
    0x17, 0x2D, 0x39, 0x08, 0x1D, 0x8E, 0x23, 0x5C, 0x07, 0xF0, 0xC3, 0x41, 0x57, 0x18, 0x8C, 0xB6,
    0xC0, 0x93, 0x8D, 0xE5, 0x82, 0x65, 0x10, 0x70, 0x9E, 0x00, 0x43, 0x07, 0x8E, 0x8E, 0xB5, 0xFC,
    0x04, 0x8C, 0xEC, 0x15, 0xF1, 0x0B, 0x48, 0x02, 0x17, 0x5D, 0x55, 0xDD, 0x90, 0x56, 0xF4, 0xA7,
    0xAC, 0xE5, 0x5A, 0x7B, 0x78, 0x0E, 0xC8, 0x5B, 0x29, 0x98, 0xB9, 0xF5, 0x64, 0x25, 0x66, 0xB4,
    0xBF, 0xDA, 0xFA, 0x4F, 0x2A, 0xEC, 0xD7, 0x09, 0xCF, 0x9F, 0x71, 0xFE, 0x87, 0x03, 0x12, 0x0F,
    0x78, 0x47, 0x3B, 0xFD, 0xF5, 0x33, 0xF6, 0xDF, 0xE1, 0x50, 0x0E, 0x8F, 0x3B, 0x2F, 0xC4, 0xAB,
    0x5F, 0xB5, 0xFE, 0x0E, 0x70, 0x26, 0x2B, 0x7E, 0xD2, 0x79, 0x3E, 0x6E, 0xE7, 0xF6, 0xFF, 0x11,
    0x6E, 0x6E, 0xC7, 0xCF, 0xBA, 0x40, 0x78, 0xEF, 0xFA, 0x4B, 0xB7, 0xC7, 0xDE, 0xF5, 0xFD, 0xE8,
    0xC6, 0x1D, 0x58, 0xF2, 0xC6, 0xB6, 0xDC, 0x5A, 0x1C, 0xFB, 0xFF, 0x94, 0xED, 0x4C, 0xAA, 0xBE,
    0x6F, 0xC7, 0x35, 0xE6, 0x01, 0x15, 0x6B, 0xA8, 0x7F, 0x02, 0xBC, 0xF6, 0x45, 0xAB, 0xAE, 0xB8,
    0x2B, 0x9B, 0x75, 0x45, 0x61, 0x25, 0x65, 0xA5, 0xFA, 0x8D, 0x53, 0x08, 0x75, 0x8E, 0x21, 0x88,
    0x08, 0x5F, 0x0E, 0x93, 0xB3, 0x65, 0x65, 0xD9, 0x09, 0x6F, 0xFE, 0x75, 0x5F, 0x55, 0xDC, 0x5F,
    0x17, 0xBF, 0xFF, 0xF7, 0xF1, 0x29, 0xAE, 0xD8, 0xFF, 0x57, 0xFC, 0x41, 0x3C, 0x3C, 0x2F, 0x3A,
    0xCF, 0xC7, 0x00, 0xDA, 0x8C, 0xC5, 0x3F, 0xC7, 0xC3, 0x15, 0x90, 0xAE, 0xFB, 0xB0, 0x02, 0x7E,
    0x5D, 0xC6, 0x12, 0x2A, 0xD6, 0x2D, 0x71, 0xEC, 0xE2, 0x05, 0x71, 0x51, 0x7C, 0x3E, 0x3E, 0xAF,
    0xD0, 0x36, 0x1C, 0x9D, 0xF8, 0x6C, 0xBD, 0xB7, 0x82, 0x55, 0xB8, 0x5A, 0x3F, 0x11, 0xD2, 0x7B,
    0x35, 0x6C, 0x9A, 0x9D, 0xD5, 0xE3, 0x15, 0xB5, 0xC3, 0x6E, 0x4D, 0x83, 0x83, 0xED, 0xFA, 0x88,
    0x12, 0xE5, 0x3D, 0x5A, 0xB6, 0xAC, 0xF8, 0x8C, 0x42, 0x2B, 0x19, 0x7C, 0x7A, 0xF2, 0x26, 0xD7,
    0x9F, 0x7C, 0xCD, 0xFB, 0x75, 0x7A, 0xDF, 0xBC, 0x5E, 0x88, 0xD7, 0xE0, 0xFD, 0xAF, 0x8B, 0x2D,
    0x3C, 0xF3, 0xF1, 0xA1, 0xB9, 0xD3, 0xF7, 0x2C, 0x5E, 0xA4, 0x77, 0x5B, 0xEC, 0x86, 0x7D, 0x5C,
    0xB4, 0x6E, 0x1D, 0xDF, 0xC0, 0x77, 0x31, 0x5E, 0x5E, 0x3E, 0x0F, 0xE6, 0xA8, 0x56, 0x72, 0xE6,
    0xC9, 0x15, 0xE1, 0xFD, 0xAF, 0x42, 0x9C, 0xFD, 0xED, 0x75, 0x90, 0xB8, 0x81, 0x23, 0xC7, 0xEB,
    0x82, 0xB8, 0xE2, 0xCC, 0x79, 0x60, 0x16, 0xE0, 0xB6, 0xD7, 0xDB, 0xB0, 0x8E, 0x3C, 0x2D, 0x96,
    0x12, 0x0C, 0xA1, 0x59, 0x10, 0x9D, 0x50, 0xE3, 0xC6, 0xA5, 0xA5, 0x22, 0xDA, 0xBA, 0x5A, 0xBF,
    0x0B, 0x34, 0x9D, 0x43, 0xF0, 0x5C, 0xB4, 0x45, 0x13, 0x51, 0x2F, 0x1F, 0xF8, 0x78, 0x75, 0xFB,
    0x0A, 0xA8, 0x2D, 0xEC, 0x54, 0x40, 0xBB, 0x69, 0x2E, 0x9E, 0x79, 0xD6, 0xFF, 0xDE, 0xD3, 0xBF,
    0xFC, 0xDE, 0x86, 0xFD, 0xCE, 0xC8, 0xB9, 0x3B, 0x64, 0x8F, 0x89, 0x53, 0x82, 0xC5, 0x7A, 0x14,
    0xEA, 0x39, 0x61, 0x0C, 0x21, 0x11, 0xB8, 0xEB, 0xC1, 0x46, 0xD7, 0x1E, 0x91, 0x18, 0x09, 0x38,
    0x20, 0x81, 0x43, 0xDC, 0xA6, 0xBA, 0x65, 0x33, 0xDA, 0x38, 0x7F, 0xBB, 0x4E, 0x23, 0xC4, 0xE1,
    0xFC, 0x4D, 0xDF, 0x79, 0xA7, 0x6F, 0x7F, 0x17, 0xC4, 0x01, 0xD4, 0xAD, 0x40, 0x12, 0x3B, 0x45,
    0xD4, 0x05, 0x0E, 0x6C, 0x7D, 0x4D, 0xB4, 0x5E, 0x12, 0xCE, 0xB7, 0x11, 0xB7, 0x5D, 0xCC, 0x30,
    0xC8, 0xE8, 0x95, 0x03, 0x4F, 0x7E, 0x72, 0xFB, 0x1B, 0x01, 0x22, 0x5E, 0x63, 0x63, 0x2C, 0x8D,
    0x4B, 0x92, 0x4C, 0xB6, 0x28, 0x43, 0x00, 0x10, 0x4F, 0x33, 0xF7, 0x9F, 0x48, 0x9E, 0x5A, 0x4F,
    0xCF, 0xC3, 0x73, 0x37, 0xE9, 0xC8, 0xB8, 0x84, 0x59, 0x43, 0xF1, 0xAF, 0xE2, 0x13, 0x3F, 0x1E,
    0xAE, 0xFF, 0x38, 0x59, 0xFF, 0x68, 0xB8, 0x29, 0xFB, 0x41, 0xBF, 0x19, 0x37, 0x74, 0xC0, 0xB5,
    0xDB, 0x61, 0x6F, 0x98, 0xA6, 0x49, 0xFA, 0xB3, 0xA4, 0x17, 0x1F, 0x43, 0x81, 0x19, 0x06, 0xF2,
    0xCC, 0x73, 0xE2, 0xFC, 0x19, 0xF1, 0xEC, 0xEB, 0x08, 0x35, 0x5B, 0xE1, 0x61, 0x46, 0x69, 0xE9,
    0x0A, 0xA1, 0x8D, 0x0E, 0x50, 0x02, 0x55, 0x7A, 0x64, 0xC5, 0xF2, 0x1F, 0x25, 0x7E, 0x67, 0xB4,
    0x84, 0xA6, 0x12, 0x80, 0x6B, 0x41, 0xA8, 0x85, 0x21, 0x02, 0x78, 0x9C, 0xB0, 0x50, 0x40, 0x42,
    0x83, 0xEC, 0x95, 0xFF, 0x1D, 0xE5, 0x27, 0x2A, 0x20, 0xE0, 0x37, 0x05, 0x9B, 0x22, 0xF0, 0xB9,
    0x41, 0xCF, 0xEE, 0x8C, 0xE7, 0xAA, 0x60, 0xE5, 0xAF, 0xF1, 0x44, 0x74, 0x35, 0x18, 0xBD, 0x22,
    0xE0, 0xAC, 0xA2, 0x3E, 0xAD, 0x66, 0xED, 0x1F, 0xA8, 0xFF, 0xEE, 0x01, 0xFF, 0x9D, 0x19, 0xFF,
    0x41, 0xE3, 0x1F, 0x7D, 0x93, 0xDA, 0xFB, 0x21, 0xCD, 0x21, 0xAB, 0x74, 0x93, 0x6A, 0x0F, 0x37,
    0xFB, 0x6F, 0x8A, 0x37, 0xC5, 0xEA, 0x53, 0x7E, 0x16, 0x6D, 0x21, 0xA7, 0x1C, 0x0B, 0xDD, 0x18,
    0xFF, 0x5A, 0xF8, 0x37, 0x34, 0xFF, 0x1C, 0xFC, 0x4B, 0xEA, 0x3F, 0x3A, 0x81, 0xD8, 0xEC, 0x8B,
    0x9B, 0x02, 0xCE, 0x01, 0x27, 0xC1, 0x18, 0x2E, 0x60, 0xDB, 0x53, 0x9A, 0x53, 0x92, 0x4B, 0x4F,
    0xD8, 0xD4, 0x26, 0x9F, 0x70, 0x82, 0xE6, 0x33, 0xAD, 0x9F, 0x78, 0x07, 0x32, 0xD0, 0x5C, 0x81,
    0x03, 0xDA, 0xB9, 0x16, 0x5E, 0x6D, 0xED, 0xB3, 0x61, 0xDC, 0xC6, 0xE1, 0x1A, 0x5D, 0x20, 0x98,
    0xDE, 0x46, 0x89, 0x42, 0x5F, 0xB8, 0x40, 0x3F, 0x43, 0x95, 0xCC, 0x05, 0x08, 0xD9, 0xEB, 0x83,
    0x36, 0x45, 0x98, 0x70, 0x80, 0x79, 0x36, 0xE9, 0xDF, 0x7F, 0x37, 0xA2, 0x04, 0x9E, 0x0E, 0xAA,
    0xD6, 0x0B, 0x9B, 0xBC, 0xF3, 0x21, 0x58, 0xDD, 0x46, 0x74, 0x3C, 0x46, 0x7D, 0x06, 0x27, 0x8E,
    0x86, 0xF4, 0x23, 0xFE, 0x8F, 0x57, 0xE6, 0x55, 0x96, 0xAE, 0x4D, 0x17, 0x27, 0x23, 0x01, 0x5D,
    0x5E, 0x34, 0xF0, 0x5E, 0x44, 0xFB, 0x11, 0x2E, 0xA0, 0x46, 0x50, 0x2B, 0xA8, 0x19, 0x0C, 0x58,
    0x63, 0x23, 0xF8, 0xC5, 0xDF, 0x8F, 0xAE, 0x61, 0x5B, 0x24, 0x66, 0x95, 0x90, 0x25, 0x5C, 0x96,
    0x97, 0xE0, 0x39, 0xDA, 0x3A, 0xB0, 0x45, 0xD4, 0x24, 0x6A, 0x13, 0x37, 0xAA, 0x8D, 0xBD, 0xC0,
    0x30, 0x33, 0xFC, 0x0B, 0xF5, 0x3F, 0x0F, 0xFF, 0xFA, 0x8D, 0x3F, 0xA2, 0xB6, 0x97, 0x74, 0xB6,
    0xCE, 0x83, 0xB5, 0xFE, 0xEC, 0x17, 0xDA, 0x79, 0x00, 0x50, 0x53, 0x9B, 0x74, 0x32, 0x9F, 0x14,
    0xB1, 0xC9, 0xA7, 0xD7, 0x9F, 0x78, 0xC6, 0xF5, 0x13, 0x98, 0xB5, 0x55, 0x6C, 0x61, 0xFF, 0x4A,
    0x7B, 0x14, 0x88, 0x36, 0xC1, 0x15, 0xCC, 0x38, 0x0F, 0xCF, 0xB3, 0x5F, 0x40, 0x5B, 0x02, 0xAC,
    0x09, 0xA7, 0x4C, 0x27, 0x45, 0xE7, 0x47, 0x18, 0xE5, 0xE7, 0x60, 0x34, 0x73, 0xE1, 0xC0, 0x49,
    0x64, 0x6E, 0xBF, 0xDF, 0xF7, 0x87, 0x0B, 0xC0, 0x8E, 0x3D, 0x4C, 0xBB, 0x41, 0x64, 0x50, 0x90,
    0xB2, 0xC5, 0x81, 0xED, 0x63, 0x62, 0xE6, 0x88, 0xA2, 0x08, 0xFC, 0x82, 0x70, 0x29, 0x4E, 0x80,
    0xD0, 0xA6, 0xF4, 0x7F, 0x36, 0xE5, 0x36, 0xB3, 0xC9, 0xE1, 0xC8, 0x49, 0x77, 0xA9, 0x97, 0xA8,
    0x52, 0xF4, 0xFA, 0xFE, 0x1E, 0xAE, 0xA1, 0xAE, 0x2C, 0x4D, 0xAA, 0x21, 0xAA, 0x0A, 0x5B, 0x4D,
    0xAF, 0x49, 0x87, 0x5D, 0x13, 0x9C, 0xBE, 0xDA, 0x39, 0x79, 0xB7, 0x7B, 0x5F, 0x39, 0xBB, 0xB1,
    0xFD, 0x8A, 0xBF, 0x69, 0x87, 0x0D, 0x7D, 0x56, 0xC1, 0x8A, 0xE8, 0x16, 0xA3, 0xDC, 0x61, 0x58,
    0x57, 0x52, 0x0E, 0xCA, 0xCA, 0x2F, 0xB9, 0x0C, 0x9E, 0x57, 0x7A, 0x90, 0x52, 0x7F, 0x94, 0xD6,
    0x53, 0xBA, 0xB3, 0x28, 0x1D, 0x47, 0xA9, 0x36, 0xA5, 0x46, 0xE3, 0x12, 0xBD, 0x9E, 0x83, 0xD1,
    0xF4, 0x88, 0x5E, 0xBC, 0xF5, 0x00, 0x52, 0x98, 0xC1, 0xD9, 0x72, 0x0A, 0x1C, 0x5D, 0x85, 0x55,
    0x22, 0xBF, 0x94, 0xC9, 0xA4, 0x8C, 0x9E, 0x22, 0xAB, 0xDD, 0x55, 0xDA, 0x40, 0xE9, 0xDF, 0xFD,
    0x63, 0x8E, 0xC1, 0x04, 0x67, 0x2E, 0x90, 0x8B, 0xD5, 0xE3, 0x84, 0x5A, 0x21, 0x56, 0xD5, 0x0A,
    0x32, 0x50, 0x13, 0xA0, 0xC0, 0x76, 0xDF, 0x0E, 0x41, 0xB9, 0x8B, 0x0B, 0x9B, 0x3B, 0xBF, 0x31,
    0x18, 0x0C, 0x36, 0x36, 0xBA, 0xFC, 0x58, 0x5D, 0xED, 0xA8, 0x47, 0xB0, 0x51, 0xAE, 0x7B, 0x53,
    0x97, 0xBB, 0x89, 0x85, 0x8E, 0x79, 0x5E, 0x3D, 0x61, 0x21, 0x82, 0x75, 0x08, 0x96, 0x21, 0x4B,
    0x77, 0xD6, 0x6C, 0xF8, 0xB9, 0xB5, 0x86, 0x5D, 0xA5, 0x99, 0x0F, 0x94, 0x86, 0x3C, 0x50, 0x03,
    0x90, 0x2B, 0xEB, 0x84, 0x5A, 0x14, 0x46, 0x65, 0x7D, 0xAC, 0x3E, 0x67, 0x53, 0x5D, 0x3B, 0x09,
    0xD0, 0xB8, 0xF6, 0x25, 0xB0, 0xE9, 0x48, 0x86, 0xF3, 0xC9, 0xAE, 0x8E, 0xB0, 0xE3, 0xB1, 0xED,
    0xED, 0x6B, 0x07, 0xEF, 0x18, 0xA5, 0x9D, 0xB4, 0x4C, 0xBE, 0xE0, 0xF5, 0xEF, 0x81, 0x7F, 0x0F,
    0xA6, 0x94, 0xF2, 0x8A, 0x53, 0xF2, 0xCA, 0x42, 0xCF, 0xA5, 0xD6, 0xB8, 0x34, 0xD7, 0x43, 0xFC,
    0x0C, 0x9B, 0x16, 0x5B, 0x28, 0x54, 0x63, 0x8B, 0x3F, 0x2F, 0xC7, 0xC1, 0xED, 0x90, 0xDB, 0xBC,
    0xD5, 0x96, 0x31, 0xB5, 0xFA, 0x16, 0x85, 0x14, 0x42, 0xBB, 0x2F, 0xCC, 0x07, 0x7F, 0x9C, 0x9D,
    0x82, 0x68, 0x07, 0xD3, 0xBC, 0x1E, 0x0F, 0x66, 0x26, 0xB7, 0xCF, 0x66, 0xD6, 0xC3, 0x30, 0x4C,
    0xF5, 0x78, 0x5D, 0xF9, 0x24, 0x0C, 0x74, 0xA7, 0x29, 0x70, 0xA3, 0x32, 0x5C, 0xA7, 0x4E, 0xE0,
    0xD4, 0x40, 0x2B, 0x32, 0xFA, 0x8A, 0x0D, 0xBD, 0x77, 0x52, 0xDF, 0xCA, 0x3A, 0x62, 0x30, 0x10,
    0xAB, 0x80, 0x96, 0x66, 0xF4, 0x0A, 0x28, 0x1A, 0xDC, 0xD4, 0x14, 0xD0, 0xB6, 0x45, 0x85, 0x2B,
    0x53, 0x32, 0x31, 0x07, 0xE7, 0xFD, 0x01, 0x69, 0xC5, 0x06, 0xE5, 0x0B, 0x01, 0xB9, 0x88, 0xDF,
    0x12, 0x6C, 0x4B, 0x68, 0x2D, 0x81, 0xB4, 0x84, 0xCD, 0x12, 0x24, 0x4B, 0x48, 0x2C, 0x01, 0xB0,
    0x84, 0xBB, 0x12, 0xDC, 0x4A, 0x96, 0x2D, 0xDC, 0x2E, 0xCB, 0x34, 0x1D, 0xCD, 0xB4, 0x22, 0xC8,
    0x70, 0x8A, 0x21, 0xB3, 0xDC, 0xA8, 0x3F, 0x7C, 0x66, 0xAE, 0x5B, 0x52, 0xB6, 0xAD, 0xD1, 0xBA,
    0x39, 0x0C, 0x3A, 0x9F, 0x3A, 0x43, 0x77, 0x7D, 0xB1, 0x1B, 0xE0, 0x6B, 0xC3, 0x34, 0xEA, 0x90,
    0x3F, 0xB9, 0x12, 0xA3, 0x07, 0xA5, 0x30, 0xB5, 0x81, 0xD5, 0x4B, 0x19, 0xFA, 0x2A, 0x6A, 0x71,
    0xA3, 0xEF, 0x83, 0x0E, 0xFC, 0xCF, 0x19, 0xBD, 0x8B, 0x66, 0x84, 0x3A, 0x2A, 0x44, 0xBE, 0x82,
    0x77, 0x03, 0x15, 0x6C, 0x09, 0x84, 0xBE, 0x04, 0x59, 0xB2, 0xD1, 0x47, 0x51, 0x5E, 0xAE, 0x62,
    0xA6, 0xDC, 0xE6, 0xE4, 0x8F, 0x0D, 0xA0, 0xFB, 0x91, 0xA3, 0xBB, 0x5B, 0x0D, 0x40, 0x9D, 0x2B,
    0xA6, 0x06, 0x4E, 0xAD, 0xC9, 0x5B, 0xAF, 0xD5, 0x5C, 0x21, 0x1E, 0x69, 0xAE, 0x00, 0x29, 0xAB,
    0xC5, 0x9E, 0x22, 0x21, 0x38, 0xE1, 0x20, 0x7B, 0xAC, 0x7E, 0x6C, 0xF6, 0x78, 0x46, 0x13, 0x84,
    0x17, 0xEE, 0x0F, 0xAB, 0x50, 0xC4, 0x32, 0x29, 0x28, 0x1C, 0x9F, 0x4C, 0x61, 0xC9, 0x14, 0x8D,
    0x4C, 0x41, 0xC8, 0x16, 0x3A, 0x04, 0x60, 0x4C, 0x2E, 0xBB, 0x6E, 0x15, 0x6A, 0x73, 0x66, 0x27,
    0x14, 0xA2, 0x94, 0xCF, 0x12, 0x04, 0x08, 0x16, 0x5D, 0x76, 0xEE, 0xA3, 0x17, 0x3B, 0xE4, 0xC1,
    0xDD, 0xA9, 0x6C, 0xA7, 0x14, 0xF4, 0x4B, 0x8E, 0x12, 0x14, 0xE2, 0xCB, 0x91, 0xBD, 0x14, 0xD0,
    0x5B, 0xC5, 0xF1, 0x72, 0xF4, 0x34, 0x6B, 0x4B, 0xAA, 0x35, 0xDC, 0x1C, 0x6E, 0x0F, 0x35, 0x48,
    0x45, 0x43, 0x73, 0x14, 0x34, 0x47, 0x3F, 0x53, 0xD4, 0x33, 0x47, 0x3B, 0x53, 0x94, 0xF3, 0x55,
    0x8A, 0x6E, 0xCE, 0xA9, 0xF3, 0x39, 0xB5, 0x8C, 0x9B, 0xC6, 0x6D, 0xE3, 0xC6, 0x29, 0xD2, 0xEF,
    0x68, 0xB6, 0xDD, 0xA0, 0x76, 0xE5, 0x50, 0x51, 0xC8, 0x2A, 0xFA, 0x98, 0xA3, 0x8E, 0xB5, 0x68,
    0x63, 0xB2, 0xF3, 0x91, 0x9F, 0x07, 0x7B, 0x76, 0x70, 0x32, 0x1B, 0x95, 0xC4, 0x26, 0x55, 0x49,
    0x6B, 0x30, 0x0F, 0x04, 0xAA, 0xF2, 0x97, 0xC8, 0x4E, 0x48, 0x16, 0xC3, 0x5B, 0x62, 0x46, 0xB6,
    0x0F, 0xB6, 0xD3, 0x65, 0xFA, 0xE9, 0x95, 0x1F, 0x89, 0xBA, 0x00, 0x5F, 0x41, 0x5D, 0x82, 0x85,
    0x55, 0xCE, 0x8C, 0xA3, 0x52, 0xE2, 0x80, 0xEF, 0x2B, 0x25, 0xC1, 0xB9, 0x42, 0x2E, 0x1D, 0x39,
    0x79, 0x71, 0x64, 0x33, 0x1D, 0x37, 0x9C, 0x51, 0xC3, 0x63, 0xE3, 0x7E, 0x31, 0x41, 0x39, 0xCD,
    0x06, 0xE6, 0xCB, 0x23, 0xC0, 0x04, 0xF5, 0x0A, 0x30, 0x98, 0x78, 0x7D, 0x48, 0x4C, 0xF0, 0x40,
    0xC8, 0xDC, 0xA9, 0x42, 0xF0, 0x27, 0x7D, 0x05, 0x1E, 0x25, 0x2A, 0x9B, 0x1E, 0x0D, 0xBD, 0x03,
    0xEE, 0x81, 0xF1, 0x59, 0xE1, 0x07, 0x6D, 0x47, 0xC9, 0x67, 0xB8, 0xCF, 0xDC, 0xAF, 0x75, 0x63,
    0x54, 0xDB, 0xF6, 0xC5, 0x68, 0x86, 0xD9, 0xE8, 0x3E, 0x33, 0x57, 0xC8, 0xCE, 0x72, 0x94, 0x3F,
    0x32, 0x53, 0x32, 0x71, 0x4F, 0xC1, 0x31, 0x84, 0x3B, 0xC5, 0x42, 0x79, 0x3A, 0xE2, 0xFF, 0x29,
    0x84, 0xF5, 0xB7, 0x11, 0xE3, 0x2D, 0xD0, 0xB5, 0x4C, 0x13, 0x2B, 0xC8, 0x14, 0x41, 0xF6, 0x3D,
    0xF6, 0xAA, 0xCB, 0x6B, 0xA6, 0xA9, 0xEE, 0xEE, 0xC3, 0xF7, 0x1F, 0x1B, 0x2A, 0x8F, 0x4D, 0xFC,
    0x36, 0xFA, 0xB5, 0x09, 0xF4, 0x64, 0xDB, 0x42, 0xDF, 0xB5, 0x11, 0x7A, 0xAB, 0x69, 0x3B, 0xDE,
    0xAA, 0x6A, 0xCB, 0xAA, 0x98, 0xBC, 0x83, 0xFC, 0x27, 0x6E, 0xF4, 0xBD, 0x26, 0xD5, 0x83, 0xEB,
    0x97, 0x4D, 0xEE, 0xA6, 0x28, 0x1A, 0x8C, 0x68, 0x6F, 0xA8, 0x10, 0xBA, 0x12, 0x95, 0x45, 0xF3,
    0x68, 0x82, 0x2E, 0xA0, 0x12, 0x1D, 0x3E, 0x01, 0xC2, 0x01, 0xE1, 0xE4, 0x8B, 0xF5, 0x8F, 0xE9,
    0x2A, 0x74, 0xB3, 0xBA, 0x91, 0x6A, 0xD0, 0x40, 0x31, 0x77, 0x4F, 0x25, 0x41, 0x40, 0x1D, 0x61,
    0xAF, 0xA0, 0x8D, 0x00, 0x27, 0x39, 0xA2, 0x9C, 0x92, 0x9D, 0x47, 0x11, 0x0F, 0x42, 0x51, 0xE7,
    0x54, 0x9D, 0x9E, 0x10, 0x91, 0xDF, 0x86, 0xE2, 0xF5, 0x49, 0x1A, 0x58, 0x62, 0x7B, 0xD3, 0x46,
    0xF4, 0x3E, 0x37, 0xDE, 0x14, 0x20, 0xDB, 0x53, 0x6E, 0x25, 0xC5, 0x82, 0x26, 0xC4, 0xB7, 0xA8,
    0x12, 0xF9, 0xE6, 0x0D, 0x79, 0x16, 0x83, 0x05, 0x7A, 0xC8, 0xAB, 0x05, 0x94, 0x08, 0xBF, 0xE8,
    0x90, 0x43, 0x3D, 0x77, 0x00, 0x1D, 0x9C, 0xBA, 0x64, 0x00, 0xF6, 0xE1, 0x17, 0xD8, 0x46, 0x7F,
    0x1F, 0x16, 0x08, 0xC2, 0x4B, 0x7C, 0x72, 0x66, 0x40, 0x76, 0xF0, 0x23, 0xF0, 0x54, 0xA2, 0x5E,
    0xF8, 0x95, 0xB4, 0xD9, 0xA9, 0x0C, 0xC9, 0x83, 0xD2, 0x84, 0xAC, 0x1C, 0x4D, 0x01, 0x17, 0x5E,
    0x4B, 0x2B, 0xB3, 0x71, 0x5C, 0x1A, 0x8C, 0xC7, 0xD5, 0xD4, 0x6E, 0xE8, 0xCF, 0x1A, 0x70, 0xAC,
    0x1C, 0x80, 0xB1, 0x27, 0xAA, 0x88, 0x5D, 0x51, 0x80, 0x50, 0xDD, 0x17, 0xEE, 0x0C, 0x87, 0xD4,
    0x71, 0x6F, 0x44, 0xD5, 0x1D, 0xCE, 0xBF, 0x88, 0xFD, 0xE1, 0xFB, 0x56, 0x50, 0x87, 0xA2, 0xE8,
    0x6A, 0xD9, 0xA3, 0xC2, 0xCF, 0x55, 0x97, 0x20, 0x44, 0x2E, 0xAB, 0xFB, 0xA4, 0x75, 0x8A, 0x7A,
    0xB5, 0x53, 0x59, 0xC6, 0xCB, 0xB4, 0xE8, 0x75, 0xBF, 0xF4, 0x8E, 0x91, 0x01, 0xAF, 0xEA, 0xDA,
    0xD6, 0x94, 0x9C, 0x5C, 0x03, 0x23, 0x60, 0x60, 0x93, 0x3F, 0x09, 0x30, 0x7A, 0x07, 0xF1, 0x43,
    0x60, 0x38, 0x1F, 0x85, 0xDD, 0x01, 0xBA, 0xA8, 0x84, 0x82, 0x12, 0xA3, 0x87, 0x16, 0xFA, 0xA4,
    0x78, 0xE8, 0xE5, 0x1E, 0xC1, 0xE1, 0x35, 0xF4, 0x34, 0x29, 0x04, 0x28, 0xF8, 0x1F, 0xC1, 0x96,
    0x01, 0x56, 0xFE, 0xCB, 0x8D, 0xFC, 0x99, 0xC7, 0x0C, 0xDE, 0x58, 0xA0, 0x77, 0x3C, 0xBB, 0x27,
    0xF8, 0xF4, 0x1E, 0x09, 0x8C, 0x94, 0x26, 0x97, 0x2F, 0xD0, 0x47, 0x79, 0xBD, 0x43, 0x5E, 0xE0,
    0x74, 0x89, 0x44, 0x5D, 0xA3, 0xD8, 0xA2, 0x8B, 0x64, 0x51, 0x0A, 0x57, 0xF9, 0x23, 0xF0, 0xB7,
    0x6C, 0x78, 0x64, 0x3C, 0x7D, 0x20, 0xA4, 0x51, 0xD9, 0x12, 0x9C, 0xEF, 0x94, 0xCB, 0x40, 0xEB,
    0x27, 0xA3, 0x89, 0x63, 0x33, 0xC2, 0xB2, 0x7F, 0xDE, 0x18, 0xFB, 0xE9, 0xA9, 0x4E, 0x8E, 0xC1,
    0xB4, 0x94, 0x6D, 0xDA, 0xD8, 0xD4, 0x03, 0x36, 0x6B, 0xC4, 0x66, 0x3D, 0x7E, 0x4E, 0xA7, 0xD1,
    0xB3, 0xC6, 0xB8, 0x05, 0xFA, 0xD0, 0xA9, 0x01, 0x72, 0x3F, 0x48, 0xA7, 0x0E, 0xD7, 0xA7, 0x34,
    0xFD, 0x9E, 0x6D, 0x50, 0x36, 0x30, 0x2F, 0x5F, 0x36, 0x4B, 0xB5, 0x72, 0x1E, 0xAA, 0x7E, 0x6A,
    0xD3, 0x59, 0x88, 0x5F, 0x0C, 0x6B, 0x37, 0xF2, 0xAC, 0xCE, 0xF4, 0x55, 0x94, 0x3D, 0x90, 0xEF,
    0x46, 0xA1, 0xE2, 0x9F, 0x5C, 0x21, 0x1B, 0x39, 0x62, 0xE6, 0x8C, 0xAD, 0x74, 0x39, 0x30, 0x8E,
    0xF9, 0x87, 0x82, 0xE2, 0x88, 0x7F, 0x28, 0x20, 0xAE, 0x4F, 0xFE, 0xB1, 0xFF, 0x98, 0xA0, 0x27,
    0x03, 0xF1, 0x8F, 0x7C, 0xF7, 0xE2, 0x1A, 0xA7, 0x69, 0xF3, 0x39, 0x08, 0x8E, 0xF8, 0x67, 0x49,
    0x96, 0xF7, 0xDF, 0x0D, 0xC4, 0x2F, 0x5E, 0x54, 0xFC, 0xB3, 0x59, 0xF3, 0x4F, 0x5E, 0xF1, 0x8F,
    0x93, 0xDD, 0x83, 0x7F, 0xC6, 0x62, 0xD6, 0x0E, 0xA3, 0x75, 0x53, 0xEF, 0x67, 0xD5, 0x51, 0xBD,
    0xA7, 0x7A, 0x57, 0xF5, 0xBE, 0x96, 0x9D, 0x15, 0x5A, 0x6F, 0x85, 0xD6, 0x5D, 0xA1, 0xF5, 0xB7,
    0xEE, 0xB0, 0x8A, 0xC3, 0xE5, 0xCC, 0x82, 0x9C, 0x75, 0x87, 0xBA, 0x0C, 0x61, 0x28, 0x5A, 0x9F,
    0xF5, 0x4E, 0xEB, 0xBD, 0xD6, 0xBB, 0xAD, 0xF7, 0xDB, 0xE8, 0xB8, 0xDE, 0xF3, 0x89, 0xAE, 0x2F,
    0x94, 0x9D, 0x4E, 0x54, 0x87, 0x73, 0xB6, 0xA9, 0xFC, 0x40, 0xA2, 0xBC, 0x09, 0x6E, 0x04, 0x01,
    0xE2, 0x1E, 0x60, 0x3E, 0xF4, 0x30, 0xEF, 0x65, 0x8F, 0x23, 0xF0, 0xE8, 0xFE, 0x76, 0x30, 0x09,
    0x50, 0x7E, 0xF1, 0xC1, 0xA6, 0x82, 0xA1, 0x38, 0xBB, 0xC0, 0x52, 0x77, 0xFB, 0xD6, 0x1A, 0x64,
    0x79, 0xFB, 0x36, 0x75, 0x45, 0x14, 0x76, 0x19, 0xCA, 0x76, 0xEC, 0xD5, 0x0A, 0xFC, 0x5C, 0x10,
    0xE6, 0x05, 0xCB, 0x2B, 0xAA, 0x4B, 0x56, 0xD7, 0xAC, 0x2E, 0x5A, 0x5D, 0xB5, 0xBC, 0xAC, 0x28,
    0xAF, 0xAB, 0x2E, 0x4C, 0x1E, 0x2E, 0x78, 0x65, 0x84, 0xB8, 0xBF, 0xAD, 0xB2, 0xCD, 0xF0, 0xB5,
    0x09, 0xEC, 0xD6, 0x2E, 0xDE, 0x78, 0x68, 0xF2, 0x74, 0x6F, 0xEA, 0xD1, 0x7B, 0x3E, 0x1E, 0x93,
    0xD9, 0x31, 0x63, 0xD0, 0xF4, 0x51, 0x13, 0x87, 0xBD, 0x43, 0xC0, 0x63, 0x3B, 0xE3, 0x9A, 0xD8,
    0xEC, 0x78, 0x76, 0x38, 0xCA, 0x43, 0x9D, 0xA9, 0x93, 0x20, 0xF2, 0x58, 0xCC, 0xD9, 0xD4, 0x87,
    0x3B, 0xD1, 0x95, 0x44, 0xA3, 0x78, 0xA4, 0x65, 0xBE, 0x0D, 0xE7, 0x7D, 0x53, 0xFE, 0x83, 0xF0,
    0x86, 0x9C, 0x0A, 0xF1, 0xC5, 0x94, 0x8F, 0x2F, 0x21, 0x9C, 0xC6, 0x79, 0x5F, 0xFE, 0x19, 0xB4,
    0xC6, 0xF9, 0x61, 0x86, 0x31, 0xE1, 0x98, 0x79, 0xC5, 0xC3, 0x37, 0x6A, 0xBD, 0x93, 0xF3, 0x5B,
    0x4A, 0x6A, 0xB8, 0x87, 0x4E, 0x1C, 0xE2, 0xDF, 0xAE, 0xBD, 0x7B, 0xF1, 0x46, 0x4E, 0x41, 0x1E,
    0x94, 0xAD, 0x94, 0x07, 0xFB, 0xD8, 0xC5, 0x8B, 0x7A, 0x46, 0x98, 0xCA, 0x1A, 0xD1, 0x7C, 0x1F,
    0x1E, 0xEE, 0xBD, 0x74, 0x7C, 0x54, 0x2D, 0x2F, 0x9B, 0x5E, 0xB6, 0xBD, 0x6C, 0x7C, 0xD9, 0xFA,
    0xB2, 0xF9, 0x65, 0xFB, 0xCB, 0x0E, 0x94, 0x3D, 0x50, 0x5D, 0xE0, 0x3E, 0xC0, 0xC8, 0x07, 0x3C,
    0xF0, 0xC3, 0xA0, 0x1C, 0x77, 0xA3, 0x1B, 0xDC, 0x88, 0x79, 0x5E, 0xB9, 0x99, 0x8D, 0xD7, 0x63,
    0xF8, 0x6A, 0x61, 0xF4, 0x06, 0x44, 0x72, 0x81, 0xAF, 0x59, 0x12, 0x7D, 0x3F, 0x0A, 0x9D, 0x9F,
    0x80, 0x6F, 0x49, 0x4C, 0x8E, 0x40, 0x31, 0xE6, 0x22, 0x86, 0xD7, 0x82, 0x42, 0xBA, 0x33, 0xCC,
    0xB4, 0x06, 0x28, 0x03, 0x34, 0x6F, 0x0D, 0xD2, 0xF4, 0x62, 0x7E, 0x51, 0x34, 0xCD, 0x4B, 0x2D,
    0x92, 0xE2, 0xD0, 0x64, 0x9F, 0xA0, 0xBE, 0xF9, 0x76, 0x4C, 0x94, 0x2D, 0x54, 0x4D, 0x54, 0x6D,
    0x14, 0xDC, 0x48, 0x76, 0x57, 0x8A, 0x05, 0x37, 0x53, 0x70, 0x3B, 0x05, 0x37, 0x54, 0x70, 0x4B,
    0xA9, 0xA9, 0xC8, 0xC1, 0xF0, 0xB8, 0x4B, 0xF7, 0x14, 0xB9, 0xAA, 0xD9, 0x64, 0xE7, 0xE3, 0xDD,
    0x36, 0xBF, 0xA1, 0x7B, 0x42, 0x5D, 0x7B, 0xC4, 0x79, 0x77, 0xC4, 0xEF, 0x8C, 0xEA, 0xD5, 0xF5,
    0xCF, 0x06, 0xEF, 0x0E, 0xE8, 0x35, 0x2F, 0xCB, 0x8F, 0x12, 0xEF, 0x0E, 0x44, 0xD9, 0xB6, 0xB2,
    0xF6, 0xB0, 0x78, 0x77, 0x11, 0x5B, 0x8E, 0x8B, 0x7C, 0x0B, 0x5F, 0xBC, 0xD1, 0x82, 0x52, 0xD4,
    0xFD, 0x4A, 0xE9, 0xF1, 0x95, 0xF9, 0xF3, 0x02, 0x7C, 0xDA, 0xC6, 0x18, 0x5E, 0xCC, 0x74, 0x41,
    0xB7, 0x4F, 0xC0, 0x54, 0x69, 0x94, 0x0E, 0x1C, 0x23, 0x46, 0x59, 0x97, 0xF7, 0xC3, 0xF2, 0x67,
    0xF7, 0x00, 0xE3, 0xAB, 0x38, 0x71, 0xF4, 0x9E, 0x79, 0x05, 0xC3, 0x20, 0x72, 0xF4, 0xD1, 0xC9,
    0x01, 0xBC, 0x2E, 0xAD, 0xCE, 0xD6, 0x36, 0x6D, 0x40, 0xC8, 0x0D, 0xD0, 0xFD, 0xD6, 0x9E, 0x4D,
    0xC1, 0xEE, 0x19, 0x02, 0x6B, 0x60, 0x5D, 0xCC, 0x11, 0x83, 0x8B, 0x10, 0x90, 0xF3, 0x21, 0x19,
    0x07, 0xA5, 0xFF, 0x16, 0x94, 0x9B, 0x18, 0x84, 0x11, 0xF0, 0x6C, 0xF3, 0xE4, 0x18, 0x46, 0x21,
    0xCA, 0xC9, 0xC7, 0x9A, 0x92, 0x4F, 0xCC, 0x6C, 0xD5, 0x6E, 0x15, 0x84, 0x1E, 0x60, 0x6C, 0x1F,
    0xDC, 0x3D, 0x48, 0xA6, 0xB6, 0x94, 0x55, 0x76, 0x79, 0x6A, 0xCB, 0x35, 0x75, 0xE3, 0x21, 0xF0,
    0x25, 0x2B, 0x2C, 0x62, 0x55, 0xBC, 0x74, 0x89, 0xD3, 0x56, 0x60, 0xAE, 0x14, 0x5F, 0x85, 0xE9,
    0x56, 0xBC, 0x1A, 0xA1, 0x4B, 0x64, 0x11, 0xCA, 0x32, 0x03, 0x81, 0x7D, 0x8D, 0x12, 0xFC, 0x0C,
    0xD1, 0xFB, 0x01, 0x72, 0x02, 0x8C, 0xB0, 0x2F, 0x98, 0x87, 0xCD, 0x1B, 0x52, 0x6A, 0x6B, 0xEC,
    0x4B, 0x41, 0x71, 0xFB, 0x18, 0x0E, 0xE6, 0x61, 0x37, 0xF0, 0xE6, 0x2A, 0x97, 0xE0, 0x1C, 0x57,
    0x25, 0xDC, 0xB2, 0x28, 0x97, 0x5B, 0x56, 0x94, 0x35, 0x63, 0xC4, 0xC9, 0x06, 0x32, 0x25, 0x5A,
    0xFC, 0x51, 0x26, 0xAA, 0x96, 0x6D, 0x69, 0x3C, 0x23, 0xEF, 0xD2, 0xA3, 0x44, 0xF7, 0xD2, 0x3C,
    0x89, 0xB2, 0x69, 0x33, 0xBE, 0xFC, 0x93, 0xF2, 0x44, 0xD3, 0xD2, 0x3A, 0xC5, 0x68, 0x72, 0xBF,
    0xD9, 0xA6, 0x11, 0x92, 0x55, 0x86, 0x34, 0x39, 0xC9, 0x3D, 0x40, 0xA8, 0xAB, 0x65, 0xBA, 0x2B,
    0x25, 0x4E, 0x2B, 0x8F, 0x9D, 0x1D, 0x95, 0xCE, 0x21, 0xE3, 0x13, 0x58, 0xE0, 0xF3, 0x44, 0x39,
    0xDA, 0x21, 0x6E, 0x96, 0xB2, 0x91, 0xA4, 0x1C, 0x3C, 0x6B, 0x67, 0xEC, 0x8C, 0x01, 0xF4, 0x4C,
    0x55, 0x56, 0x67, 0x7E, 0x7F, 0xE2, 0xA3, 0xD4, 0x74, 0xCA, 0x68, 0xB1, 0x53, 0x86, 0xB5, 0xA6,
    0x9C, 0x32, 0xC0, 0xE6, 0x13, 0x71, 0x2C, 0x14, 0xBA, 0x2E, 0x6C, 0xFF, 0x95, 0x38, 0x20, 0xEE,
    0x5A, 0xF3, 0xD0, 0xE8, 0x8B, 0x43, 0x66, 0x68, 0x8D, 0xF2, 0xEA, 0xB6, 0x09, 0x52, 0x31, 0x4B,
    0x2B, 0x0D, 0x94, 0xB7, 0x80, 0x17, 0xB7, 0x63, 0x55, 0x42, 0x6F, 0xCF, 0x9C, 0x4B, 0x6E, 0x55,
    0xAA, 0x8E, 0xC5, 0x30, 0xC9, 0xC6, 0xFC, 0xDB, 0x9E, 0xE2, 0x2C, 0x1B, 0x9B, 0x8E, 0x7D, 0xB2,
    0xBE, 0x04, 0xE9, 0x34, 0x94, 0x53, 0x06, 0x8A, 0xC0, 0xDC, 0xAF, 0x5B, 0x97, 0xD8, 0x29, 0xE3,
    0xAF, 0x42, 0xA3, 0x43, 0x38, 0xEB, 0x9A, 0x9D, 0x40, 0xB7, 0x76, 0xB8, 0xD3, 0x01, 0x5A, 0x18,
    0xAC, 0x2C, 0x80, 0x58, 0x68, 0x0F, 0x10, 0x50, 0x76, 0x25, 0x46, 0xB8, 0xAF, 0x05, 0xB9, 0x74,
    0x30, 0xCF, 0xB4, 0x85, 0x0A, 0xCD, 0xD2, 0x5D, 0x75, 0x82, 0x9E, 0x78, 0xF5, 0x06, 0xE4, 0x43,
    0x84, 0xC9, 0x6D, 0x72, 0x5D, 0x6D, 0x18, 0x9A, 0xBA, 0x7C, 0xDC, 0x22, 0x1A, 0x23, 0xEB, 0xC2,
    0xC9, 0xEC, 0xDC, 0xC3, 0xDB, 0xB9, 0xA1, 0x51, 0x25, 0xA1, 0xBB, 0x4F, 0xA3, 0x0B, 0x71, 0x42,
    0x7E, 0xC4, 0x70, 0xCC, 0xA2, 0x7B, 0xC0, 0x41, 0x06, 0x77, 0x01, 0xFC, 0x7D, 0x7B, 0x8B, 0xB4,
    0x5C, 0xB9, 0x77, 0x52, 0x36, 0xE6, 0x8A, 0xF7, 0x12, 0x2D, 0x24, 0x5F, 0x1B, 0x56, 0xE5, 0x29,
    0x8F, 0x5D, 0x56, 0xC9, 0x68, 0x01, 0x61, 0x1B, 0xE0, 0x8B, 0x23, 0x52, 0x12, 0x33, 0x5A, 0x28,
    0x06, 0x4F, 0xE3, 0xC4, 0xDD, 0x08, 0xE8, 0xBE, 0x1E, 0x9B, 0xA8, 0x5A, 0xEC, 0xEC, 0x90, 0x0D,
    0x96, 0x4C, 0xC5, 0x39, 0x5A, 0x8D, 0xAF, 0xE5, 0x44, 0x89, 0x9C, 0x3D, 0x42, 0x77, 0xC8, 0x2D,
    0x08, 0xE9, 0xD0, 0x1E, 0x06, 0x98, 0x74, 0x1E, 0xEE, 0xFD, 0xB3, 0x0D, 0xCE, 0xBE, 0x9C, 0x64,
    0x1E, 0x13, 0xDD, 0xE2, 0x98, 0x3C, 0x25, 0xA6, 0x64, 0x1F, 0x53, 0x39, 0xC9, 0xA6, 0xDD, 0xB7,
    0x7E, 0xFA, 0x8D, 0x70, 0x5B, 0x1C, 0x39, 0xD7, 0xBE, 0xCB, 0x99, 0x2E, 0x19, 0x5B, 0xEE, 0x96,
    0x46, 0xD7, 0x01, 0xBA, 0x0D, 0xA2, 0x1F, 0x60, 0xC0, 0xDE, 0x71, 0xD0, 0x7A, 0x88, 0x27, 0xFF,
    0xC6, 0x80, 0x34, 0xDA, 0x82, 0x16, 0x6A, 0xC9, 0x79, 0xB8, 0x73, 0xA1, 0xBC, 0x2E, 0x34, 0xA7,
    0x56, 0x20, 0x14, 0x77, 0x02, 0x1D, 0xE6, 0x31, 0xCC, 0xDB, 0x03, 0xF8, 0x6F, 0x4C, 0x9E, 0x74,
    0xA4, 0xA7, 0x2D, 0xC9, 0xBD, 0xA6, 0x2D, 0x76, 0x03, 0x08, 0x33, 0xA6, 0xF7, 0x07, 0xC7, 0x44,
    0xE4, 0x50, 0xB6, 0x1B, 0x94, 0xA5, 0x07, 0xCB, 0x44, 0xA5, 0x44, 0x94, 0xDE, 0xE3, 0xCD, 0x0E,
    0xE9, 0xAD, 0x1D, 0x93, 0x23, 0xC9, 0x26, 0xFB, 0x93, 0x8C, 0x8C, 0xB7, 0x2E, 0xBF, 0xB5, 0x43,
    0x8A, 0xF6, 0x77, 0xFB, 0xB4, 0x58, 0xF5, 0x42, 0x74, 0x36, 0x03, 0xB7, 0x2A, 0x5C, 0xAA, 0x60,
    0x52, 0x28, 0xF7, 0xB1, 0xEA, 0x6D, 0x2C, 0x2A, 0x66, 0x02, 0x77, 0x6C, 0x9C, 0xD1, 0xC7, 0x22,
    0xB5, 0x48, 0x09, 0xE5, 0x60, 0x85, 0x13, 0xF9, 0x4F, 0x1B, 0x2B, 0x6C, 0x19, 0x8E, 0x79, 0xF0,
    0xBB, 0x6A, 0x74, 0xD9, 0xEA, 0xB2, 0xD9, 0x65, 0x83, 0xAB, 0x77, 0xD5, 0x72, 0x6A, 0xBA, 0x50,
    0x6D, 0x17, 0xAA, 0xF1, 0x42, 0xB5, 0x5E, 0xA8, 0xE6, 0x8B, 0xBC, 0xBE, 0x91, 0x19, 0x65, 0x18,
    0x18, 0xAB, 0x4C, 0x02, 0xDC, 0x85, 0x42, 0x70, 0x1F, 0xE4, 0x2D, 0xEE, 0xC4, 0xEF, 0x8C, 0x39,
    0x37, 0x16, 0x60, 0x36, 0x75, 0x37, 0x42, 0xDE, 0xC9, 0x7A, 0x29, 0xD9, 0xFE, 0x83, 0x8C, 0x99,
    0x2F, 0xE3, 0x4D, 0x3E, 0x50, 0xD9, 0xD1, 0x31, 0xDF, 0x16, 0x8A, 0xF0, 0x94, 0x1E, 0x0D, 0x3F,
    0x68, 0x95, 0x1B, 0x5F, 0xAE, 0x10, 0xA6, 0x32, 0x6A, 0x62, 0x17, 0x18, 0x89, 0xEF, 0x27, 0xA1,
    0x89, 0x03, 0x61, 0x29, 0x18, 0xA3, 0xED, 0x1F, 0x2F, 0x83, 0xD7, 0xE1, 0x64, 0x06, 0x5E, 0x56,
    0x7A, 0x39, 0x74, 0x2A, 0xAF, 0x07, 0x02, 0xBB, 0x19, 0xCB, 0x29, 0xAA, 0x74, 0x4F, 0xB4, 0xD9,
    0xB3, 0xFF, 0x50, 0x6E, 0xFA, 0x7B, 0x50, 0xFA, 0x76, 0xC8, 0xCB, 0xF3, 0x2A, 0x64, 0x24, 0xB9,
    0x82, 0x5C, 0x95, 0xC1, 0xA5, 0xDB, 0xA3, 0x86, 0xFF, 0x5D, 0x57, 0xF3, 0xAD, 0xE8, 0xCC, 0xFD,
    0x1A, 0xCC, 0xF1, 0xEA, 0xAB, 0x57, 0x4E, 0x3E, 0xD1, 0x51, 0x59, 0x29, 0x38, 0xEB, 0x04, 0x7E,
    0x87, 0xC1, 0x2B, 0xCE, 0x1D, 0x91, 0x57, 0x2B, 0xC6, 0x40, 0x70, 0x52, 0x08, 0xCE, 0x03, 0xC1,
    0xA9, 0x1F, 0x28, 0xDB, 0x83, 0x4A, 0xF0, 0x50, 0x66, 0xF8, 0xA9, 0xFC, 0x07, 0xBB, 0x46, 0x3A,
    0x90, 0xCE, 0x61, 0xDF, 0x82, 0xC3, 0xBE, 0xA9, 0x24, 0x96, 0x3E, 0x9F, 0xC1, 0x0F, 0xB9, 0x4F,
    0xB1, 0x32, 0x29, 0x85, 0x0C, 0xD5, 0x91, 0x97, 0x7E, 0xD0, 0xEB, 0x2B, 0xDB, 0x51, 0xCE, 0xB2,
    0xE2, 0x2E, 0x8B, 0x3B, 0x40, 0x1D, 0x14, 0x30, 0x81, 0x14, 0x18, 0x78, 0xE1, 0x4A, 0xF6, 0x06,
    0x51, 0xF9, 0x88, 0xB9, 0x7B, 0x28, 0x46, 0xD4, 0x7F, 0xD6, 0xA8, 0xFE, 0x83, 0x09, 0x91, 0xD5,
    0x7F, 0xD6, 0x68, 0x2D, 0x95, 0x43, 0xE4, 0x28, 0x3B, 0x35, 0x9E, 0xF0, 0xC5, 0xA9, 0x4F, 0x1C,
    0x6F, 0xFD, 0x49, 0x1E, 0x8E, 0xB0, 0x8E, 0xAF, 0xC9, 0x0F, 0xE1, 0xD6, 0x30, 0xC5, 0x0B, 0xE3,
    0x52, 0x86, 0xF6, 0x61, 0xC4, 0x61, 0x39, 0xB4, 0x33, 0x17, 0x56, 0x29, 0xF0, 0xE8, 0xE6, 0xF4,
    0x3B, 0x19, 0x51, 0xE8, 0xE4, 0xB5, 0x1C, 0xD6, 0x5F, 0x48, 0x06, 0x00, 0xF9, 0xB0, 0x92, 0xC5,
    0x9B, 0xC8, 0x6D, 0x9D, 0x19, 0xD1, 0x43, 0x55, 0x94, 0x90, 0x72, 0x80, 0x2C, 0xB7, 0xF8, 0x66,
    0xC4, 0x3D, 0xDE, 0x43, 0x49, 0xDD, 0xEB, 0x81, 0xEE, 0x98, 0xC4, 0x37, 0xC3, 0xE1, 0xBB, 0xE0,
    0xF0, 0xED, 0x6F, 0xF8, 0xBE, 0x37, 0x9C, 0x88, 0x87, 0x73, 0xEF, 0x60, 0xD2, 0x82, 0x3D, 0xBE,
    0xD3, 0x51, 0x48, 0xE9, 0x09, 0x54, 0x1E, 0x1D, 0xDD, 0x75, 0x48, 0x67, 0xF2, 0xCE, 0x0C, 0x16,
    0xE5, 0xA0, 0x46, 0x16, 0x3A, 0xD8, 0x2A, 0x6B, 0xB6, 0x6E, 0x57, 0xE9, 0xED, 0x18, 0x47, 0xFB,
    0x02, 0x9A, 0xA5, 0x70, 0x53, 0x5B, 0x05, 0x42, 0xAC, 0xC2, 0xD2, 0xB5, 0x0A, 0x4E, 0x48, 0xDD,
    0x9E, 0xFC, 0x28, 0x97, 0x10, 0xED, 0x9A, 0x5B, 0x66, 0x2A, 0x6C, 0x82, 0x83, 0x29, 0xD1, 0x31,
    0x67, 0x37, 0xE6, 0x94, 0xC6, 0x8A, 0xD3, 0x29, 0xE9, 0x33, 0xE7, 0x7A, 0xE6, 0x14, 0xCF, 0x9C,
    0xD9, 0x99, 0x12, 0x12, 0x87, 0x94, 0x85, 0x38, 0xA6, 0xD4, 0xC3, 0x7D, 0x33, 0x6B, 0xF3, 0xAA,
    0x96, 0xC2, 0x75, 0x1A, 0x86, 0x7D, 0xA2, 0x76, 0x2B, 0xB4, 0x32, 0xCD, 0x95, 0x76, 0x47, 0xA1,
    0xCE, 0x4C, 0x95, 0x7A, 0x22, 0xFA, 0xCA, 0x5A, 0x9C, 0x55, 0xE5, 0x40, 0x61, 0xC9, 0x8C, 0x22,
    0x33, 0x7E, 0x0C, 0x61, 0x2F, 0x2A, 0xED, 0x4A, 0xBF, 0x44, 0x8B, 0x17, 0xB7, 0xC3, 0x49, 0x38,
    0x7D, 0x77, 0x1E, 0x70, 0x7D, 0xC1, 0x70, 0xF1, 0x1D, 0x54, 0xF3, 0x98, 0x1B, 0x58, 0xF2, 0x0D,
    0x9B, 0x6B, 0xA7, 0xCC, 0x2B, 0x9F, 0x23, 0x8D, 0xFD, 0xCA, 0x34, 0xBB, 0xC3, 0xD3, 0x0B, 0xD3,
    0x32, 0xC1, 0x11, 0x9F, 0x41, 0x6E, 0x97, 0xF1, 0x6D, 0x4B, 0x01, 0xC5, 0xA5, 0x09, 0x16, 0x10,
    0x9A, 0xB4, 0x96, 0xF9, 0xEF, 0x15, 0xAA, 0x80, 0x8A, 0x09, 0x69, 0x28, 0xA3, 0x29, 0xA3, 0x3C,
    0x6F, 0xE8, 0xC2, 0xC7, 0x89, 0x46, 0x78, 0x80, 0xA1, 0x06, 0x0B, 0x15, 0xE7, 0x93, 0x5B, 0xA1,
    0x37, 0xE2, 0xDB, 0x15, 0xE1, 0x48, 0x21, 0x94, 0x16, 0x60, 0x9C, 0xB7, 0x87, 0xE6, 0x75, 0xAF,
    0xC0, 0x17, 0xC0, 0x84, 0x86, 0x90, 0x9B, 0x05, 0x3E, 0x70, 0x21, 0x63, 0xD6, 0x18, 0xC6, 0x2E,
    0x02, 0x9D, 0xE7, 0x92, 0xDC, 0xFB, 0x1D, 0xBA, 0xBF, 0x70, 0x2C, 0xB7, 0xD6, 0x8A, 0x72, 0x33,
    0xDB, 0x51, 0x37, 0x9C, 0xE3, 0x7C, 0xE9, 0xC1, 0x4B, 0x89, 0x8A, 0x6B, 0xCF, 0xE1, 0xC5, 0x1A,
    0x39, 0xA8, 0x6A, 0x62, 0x7C, 0x5E, 0x8A, 0x70, 0x4D, 0x82, 0xEE, 0x80, 0xEF, 0x47, 0xA4, 0xB2,
    0xED, 0x5F, 0xA1, 0x2C, 0x59, 0x12, 0xD1, 0x33, 0xF8, 0xD6, 0x5B, 0x28, 0x1B, 0x6C, 0x60, 0xA4,
    0xDE, 0x73, 0xD8, 0x2F, 0x18, 0x84, 0xE8, 0x0E, 0x12, 0x56, 0x8E, 0x4A, 0x19, 0xF9, 0x81, 0x05,
    0xE4, 0x3D, 0xD8, 0xF0, 0xBA, 0xEA, 0x76, 0x74, 0xCA, 0x3D, 0x92, 0x2C, 0x0C, 0x10, 0xA8, 0x56,
    0x99, 0xA6, 0xF2, 0xFA, 0x3E, 0x81, 0x0F, 0x2A, 0x50, 0xED, 0xD3, 0x08, 0x31, 0x7B, 0xF8, 0xBD,
    0x9C, 0xA6, 0xAD, 0x24, 0x84, 0xCC, 0xFE, 0x94, 0x4E, 0xC5, 0x21, 0x3E, 0xE1, 0x89, 0x4F, 0x6B,
    0x3C, 0xC4, 0xAC, 0x4C, 0xD0, 0xA6, 0xB6, 0x55, 0x67, 0x7C, 0xAE, 0x82, 0xDB, 0x54, 0xCC, 0x64,
    0x19, 0xF1, 0xEA, 0x62, 0xAE, 0x86, 0x93, 0x90, 0x27, 0x6B, 0x6C, 0xDC, 0x54, 0xF8, 0xAC, 0x17,
    0x06, 0x70, 0x3B, 0x40, 0xAF, 0xBF, 0x70, 0xE8, 0xC0, 0x14, 0x6E, 0xCD, 0x37, 0x61, 0x83, 0xFB,
    0x87, 0x54, 0xB5, 0x23, 0x54, 0xBE, 0x37, 0xED, 0xBD, 0x65, 0x88, 0x15, 0xEF, 0x44, 0x63, 0x58,
    0x23, 0x4F, 0x2C, 0x26, 0xCA, 0x21, 0xBE, 0xDA, 0x55, 0x56, 0xE9, 0xB5, 0x87, 0xA9, 0xF3, 0xD0,
    0x45, 0x03, 0xB7, 0xEA, 0x9C, 0x3E, 0xC5, 0xA4, 0xF9, 0x70, 0xE8, 0x7D, 0x1C, 0xF0, 0xD6, 0x47,
    0x69, 0x75, 0x5F, 0x27, 0x95, 0x6E, 0xB6, 0xCD, 0x8A, 0x22, 0x9D, 0x67, 0x77, 0x87, 0x12, 0x32,
    0x04, 0xA4, 0x5B, 0xB4, 0x49, 0x6C, 0x6D, 0x93, 0x80, 0x8B, 0x66, 0x34, 0x48, 0x8F, 0x48, 0xB8,
    0x04, 0x2D, 0x7E, 0x70, 0x06, 0x4E, 0x1B, 0xE9, 0xEF, 0x9D, 0xC6, 0xCC, 0xAD, 0x51, 0x0E, 0xAF,
    0x27, 0xDC, 0xA4, 0x69, 0x9E, 0x39, 0x41, 0xAF, 0x94, 0xFF, 0xD3, 0xE2, 0xDB, 0xD4, 0xF6, 0x42,
    0x7C, 0x6D, 0x0F, 0x09, 0xA6, 0xA2, 0x5B, 0xAE, 0xB3, 0xA5, 0x8E, 0x6F, 0x85, 0x2C, 0xDA, 0xEF,
    0xA4, 0x95, 0x3B, 0x8B, 0xF3, 0x2F, 0xDC, 0xDA, 0xB4, 0xCE, 0x89, 0xCA, 0x29, 0x35, 0xE8, 0xD6,
    0x55, 0x36, 0xDE, 0x41, 0xEA, 0x36, 0x8C, 0xDE, 0x37, 0x50, 0xB3, 0x8B, 0x20, 0xDB, 0xF1, 0x1E,
    0xDE, 0x17, 0x57, 0x53, 0xA1, 0x69, 0x93, 0xDF, 0xA2, 0x7C, 0x13, 0xE5, 0x0B, 0x44, 0xAD, 0x3E,
    0x11, 0xC2, 0x82, 0xDA, 0xEE, 0x07, 0x09, 0xA5, 0x84, 0x64, 0x51, 0x03, 0xB3, 0xFD, 0xC2, 0x4B,
    0x0B, 0x11, 0x3E, 0x9B, 0xF2, 0x97, 0xF6, 0x62, 0x24, 0xF4, 0x08, 0x33, 0x9C, 0x16, 0x48, 0xBE,
    0x5E, 0x44, 0x99, 0x0C, 0xF9, 0x16, 0x10, 0x82, 0xF0, 0x6C, 0xBE, 0xB7, 0xA5, 0x8B, 0x99, 0x7F,
    0x7D, 0x6C, 0x75, 0x84, 0x77, 0xC2, 0xC8, 0xE1, 0xC5, 0xC3, 0xBB, 0x46, 0x06, 0xB7, 0x23, 0x4C,
    0xF7, 0x81, 0xF7, 0x1B, 0xAF, 0x7C, 0x8F, 0xF8, 0xBE, 0xE3, 0x1D, 0x9A, 0x12, 0xAF, 0x89, 0x32,
    0x82, 0x8E, 0x82, 0xAA, 0x81, 0xD7, 0xDB, 0x24, 0x84, 0xF4, 0x86, 0x6A, 0xF7, 0xAD, 0x44, 0x7C,
    0x8B, 0x5E, 0x3D, 0xBA, 0x8B, 0x4E, 0x9B, 0x32, 0xCF, 0x82, 0x10, 0xD6, 0xA1, 0xAC, 0x6A, 0xC4,
    0x4C, 0x74, 0x5B, 0x27, 0xE0, 0x37, 0x06, 0x8B, 0x68, 0x93, 0x22, 0x89, 0x8A, 0x54, 0x62, 0x10,
    0x7C, 0x6B, 0xC4, 0x8C, 0xEF, 0xD4, 0xE9, 0xA8, 0x32, 0xF9, 0xA1, 0xDF, 0xED, 0x8B, 0xE3, 0x37,
    0xA4, 0xB7, 0x0F, 0x90, 0x44, 0xEE, 0x62, 0x0A, 0xC4, 0x2D, 0xFD, 0xA6, 0x24, 0x57, 0x2B, 0xC1,
    0xA5, 0x7E, 0xC9, 0x99, 0xD5, 0x88, 0xD3, 0x88, 0xD1, 0x98, 0xCF, 0x88, 0xCD, 0x88, 0xCB, 0x98,
    0xC9, 0x88, 0xC7, 0x88, 0xC5, 0x88, 0xC3, 0x88, 0xC1, 0x90, 0xBF, 0x88, 0xBD, 0x88, 0xBB, 0x88,
    0xB9, 0x90, 0xB7, 0x88, 0xB5, 0x88, 0xB3, 0xAA, 0xCC, 0x2A, 0xA2, 0x8A, 0x74, 0xA5, 0x50, 0x57,
    0x8A, 0xED, 0xE1, 0x54, 0xEA, 0xDE, 0x1F, 0x97, 0x1D, 0x21, 0xB5, 0xEC, 0x73, 0x7A, 0x22, 0x4B,
    0xFD, 0xB5, 0x9E, 0x1F, 0x0B, 0xF4, 0x4A, 0x5B, 0x33, 0x2A, 0x9D, 0x19, 0x8D, 0x62, 0x46, 0xA3,
    0x98, 0xD3, 0x28, 0xD2, 0x9E, 0x4E, 0xAF, 0x6D, 0x5A, 0x57, 0x5A, 0x69, 0x5E, 0x87, 0x50, 0x31,
    0x1C, 0x12, 0xD0, 0x2B, 0x07, 0xA9, 0x7B, 0x5C, 0x26, 0x56, 0x8B, 0x60, 0xE5, 0xF9, 0xD5, 0x28,
    0x0F, 0x6E, 0x63, 0x66, 0x17, 0x00, 0x61, 0x7B, 0x05, 0xDF, 0x98, 0x50, 0x34, 0xEF, 0xE7, 0xC4,
    0x88, 0x05, 0x77, 0x2E, 0xD5, 0x12, 0xFE, 0x32, 0x43, 0xB3, 0x38, 0xB0, 0xF5, 0x70, 0x47, 0xFD,
    0x51, 0x1C, 0xC3, 0xFF, 0x0F, 0x4D, 0x8F, 0xB1, 0x0D, 0xC3, 0x30, 0x0C, 0x04, 0x19, 0xA8, 0x48,
    0xC9, 0x3E, 0x19, 0x42, 0x23, 0x50, 0x9B, 0x39, 0x23, 0x64, 0x23, 0x6B, 0x04, 0x8D, 0x90, 0x11,
    0x52, 0xD8, 0x40, 0x0A, 0x3B, 0x9F, 0xD7, 0x0B, 0x36, 0xC2, 0xE6, 0x41, 0xF0, 0xC8, 0x7F, 0x9A,
    0x9D, 0x95, 0xCA, 0x50, 0x6F, 0x43, 0x63, 0x19, 0x8A, 0x7D, 0x8C, 0x01, 0x01, 0x0E, 0x08, 0x88,
    0xE7, 0x5D, 0xC0, 0xC7, 0xAC, 0x03, 0x89, 0x1A, 0x04, 0x7C, 0xBB, 0x3D, 0x82, 0x40, 0x7C, 0xD1,
    0x32, 0x01, 0x00, 0xAF, 0xBC, 0xF7, 0x6D, 0xD4, 0x40, 0xE1, 0x36, 0x6C, 0x42, 0x0B, 0x60, 0xBB,
    0x00, 0x0B, 0xF5, 0x7D, 0xA5, 0x7A, 0xC7, 0x78, 0x99, 0x5C, 0x9F, 0x15, 0xEE, 0xB5, 0xA9, 0x3B,
    0xB3, 0xE1, 0x58, 0xB6, 0x32, 0x4E, 0x58, 0x67, 0x05, 0xE1, 0x39, 0x05, 0x8B, 0x9A, 0x95, 0xC3,
    0x6B, 0x28, 0x57, 0x5A, 0xE7, 0xF2, 0x9F, 0xFB, 0xFC, 0xE3, 0xF8, 0xEB, 0xF8, 0x53, 0xF5, 0x03,
    0x63, 0x60, 0x80, 0x00, 0xC6, 0x0D, 0x20, 0x92, 0xFB, 0x01, 0x03, 0x83, 0x15, 0xE7, 0x3A, 0x20,
    0x4B, 0x80, 0xC5, 0x9F, 0x81, 0x21, 0x41, 0x9E, 0x89, 0xBD, 0xD1, 0xB5, 0xA0, 0xDE, 0xDD, 0xF9,
    0xD2, 0xB9, 0x92, 0xED, 0xF7, 0xAF, 0x7F, 0xBF, 0xBF, 0xA5, 0xF0, 0xFF, 0xFF, 0xFD, 0xFF, 0x3F,
    0x30, 0x08, 0x08, 0xC0, 0xF4, 0x05, 0x20, 0x48, 0x28, 0xF8, 0x02, 0xC4, 0x2C, 0xCC, 0x31, 0x4C,
    0x0C, 0x0C, 0xBB, 0x9D, 0x79, 0x18, 0x1B, 0x0E, 0x37, 0x1C, 0x7E, 0xC3, 0x70, 0xA8, 0x97, 0xB1,
    0x21, 0x87, 0xE1, 0xFF, 0xBF, 0xF5, 0xAF, 0x3E, 0x30, 0x85, 0x88, 0x4D, 0x11, 0x65, 0xE0, 0x06,
    0x2B, 0xB5, 0x40, 0xD2, 0xC6, 0x08, 0xC4, 0xCC, 0x0E, 0x40, 0xE2, 0x80, 0x3D, 0x03, 0xC3, 0x85,
    0x24, 0x07, 0x86, 0x05, 0x07, 0x1B, 0xAA, 0xFE, 0xFF, 0x76, 0x10, 0x65, 0x65, 0x61, 0x00, 0x00,
};

static const EpdGlyph arabic_16_regularGlyphs[] = {
    { 38, 9, 609, 0, 5, 86, 0 }, // U+0600
    { 50, 9, 802, 0, 0, 113, 86 }, // U+0601
    { 37, 9, 578, 0, 5, 84, 199 }, // U+0602
    { 43, 8, 697, 0, 4, 86, 283 }, // U+0603
    { 68, 19, 1086, 0, 13, 323, 369 }, // U+0604
    { 39, 7, 654, 1, 25, 69, 692 }, // U+0605
    { 21, 24, 332, 0, 24, 126, 761 }, // U+0606
    { 21, 24, 332, 0, 24, 126, 887 }, // U+0607
    { 37, 24, 591, 0, 14, 222, 1013 }, // U+0608
    { 20, 24, 346, 1, 23, 120, 1235 }, // U+0609
    { 26, 24, 444, 1, 23, 156, 1355 }, // U+060A
    { 14, 32, 238, 0, 24, 112, 1511 }, // U+060B
    { 5, 9, 175, 3, 8, 12, 1623 }, // U+060C
    { 9, 13, 195, 1, 6, 30, 1635 }, // U+060D
    { 30, 13, 482, 0, 12, 98, 1665 }, // U+060E
    { 23, 31, 278, -2, 17, 179, 1763 }, // U+060F
    { 11, 9, 0, 0, 28, 25, 1942 }, // U+0610
    { 10, 9, 0, 0, 28, 23, 1967 }, // U+0611
    { 10, 8, 0, 0, 28, 20, 1990 }, // U+0612
    { 13, 10, 0, 1, 29, 33, 2010 }, // U+0613
    { 15, 5, 0, 0, 25, 19, 2043 }, // U+0614
    { 10, 10, 0, 0, 45, 25, 2062 }, // U+0615
    { 13, 13, 0, 0, 48, 43, 2087 }, // U+0616
    { 6, 11, 0, 0, 46, 17, 2130 }, // U+0617
    { 6, 4, 0, 1, 23, 6, 2147 }, // U+0618
    { 7, 8, 0, 0, 27, 14, 2153 }, // U+0619
    { 6, 4, 0, 1, -3, 6, 2167 }, // U+061A
    { 6, 18, 183, 2, 17, 27, 2173 }, // U+061B
    { 0, 0, 320, 0, 0, 0, 2200 }, // U+061C
    { 14, 25, 322, 3, 23, 88, 2200 }, // U+061D
    { 9, 8, 154, 0, 7, 18, 2288 }, // U+061E
    { 14, 26, 231, 0, 25, 91, 2306 }, // U+061F
    { 24, 29, 405, 1, 14, 174, 2397 }, // U+0620
    { 13, 14, 219, 0, 12, 46, 2571 }, // U+0621
    { 12, 28, 125, -2, 28, 84, 2617 }, // U+0622
    { 7, 32, 125, 0, 32, 56, 2701 }, // U+0623
    { 13, 30, 238, 1, 22, 98, 2757 }, // U+0624
    { 8, 34, 127, 1, 24, 68, 2855 }, // U+0625
    { 24, 24, 405, 1, 16, 144, 2923 }, // U+0626
    { 4, 24, 127, 2, 24, 24, 3067 }, // U+0627
    { 31, 22, 530, 1, 14, 171, 3091 }, // U+0628
    { 12, 23, 216, 1, 23, 69, 3262 }, // U+0629
    { 31, 19, 530, 1, 18, 148, 3331 }, // U+062A
    { 31, 22, 530, 1, 21, 171, 3479 }, // U+062B
    { 20, 28, 341, 0, 14, 140, 3650 }, // U+062C
    { 20, 28, 341, 0, 14, 140, 3790 }, // U+062D
    { 20, 35, 341, 0, 21, 175, 3930 }, // U+062E
    { 14, 17, 254, 1, 16, 60, 4105 }, // U+062F
    { 14, 24, 254, 1, 23, 84, 4165 }, // U+0630
    { 12, 20, 196, -1, 12, 60, 4249 }, // U+0631
    { 12, 27, 196, -1, 19, 81, 4309 }, // U+0632
    { 38, 22, 645, 1, 14, 209, 4390 }, // U+0633
    { 38, 30, 645, 1, 22, 285, 4599 }, // U+0634
    { 42, 21, 696, 1, 13, 221, 4884 }, // U+0635
    { 42, 28, 696, 1, 20, 294, 5105 }, // U+0636
    { 25, 25, 420, 0, 24, 157, 5399 }, // U+0637
    { 25, 25, 420, 0, 24, 157, 5556 }, // U+0638
    { 20, 31, 270, 0, 17, 155, 5713 }, // U+0639
    { 20, 38, 270, 0, 24, 190, 5868 }, // U+063A
    { 29, 29, 468, 1, 28, 211, 6058 }, // U+063B
    { 29, 35, 468, 1, 24, 254, 6269 }, // U+063C
    { 24, 25, 405, 1, 17, 150, 6523 }, // U+063D
    { 24, 22, 405, 1, 14, 132, 6673 }, // U+063E
    { 24, 24, 405, 1, 16, 144, 6805 }, // U+063F
    { 11, 4, 144, 0, 3, 11, 6949 }, // U+0640
    { 31, 25, 524, 1, 24, 194, 6960 }, // U+0641
    { 24, 28, 413, 1, 21, 168, 7154 }, // U+0642
    { 27, 25, 470, 1, 24, 169, 7322 }, // U+0643
    { 21, 32, 371, 1, 24, 168, 7491 }, // U+0644
    { 15, 27, 258, 0, 13, 102, 7659 }, // U+0645
    { 21, 25, 365, 1, 17, 132, 7761 }, // U+0646
    { 21, 18, 358, 0, 17, 95, 7893 }, // U+0647
    { 13, 20, 238, 1, 12, 65, 7988 }, // U+0648
    { 24, 22, 405, 1, 14, 132, 8053 }, // U+0649
    { 24, 29, 405, 1, 14, 174, 8185 }, // U+064A
    { 8, 9, 0, 1, 29, 18, 8359 }, // U+064B
    { 11, 9, 0, 0, 28, 25, 8377 }, // U+064C
    { 8, 8, 0, 1, -1, 16, 8402 }, // U+064D
    { 8, 5, 0, 1, 25, 10, 8418 }, // U+064E
    { 9, 9, 0, 0, 28, 21, 8428 }, // U+064F
    { 8, 5, 0, 1, -1, 10, 8449 }, // U+0650
    { 10, 8, 0, 0, 27, 20, 8459 }, // U+0651
    { 6, 7, 0, 1, 27, 11, 8479 }, // U+0652
    { 11, 4, 0, 0, 24, 11, 8490 }, // U+0653
    { 8, 9, 0, 0, 28, 18, 8501 }, // U+0654
    { 8, 9, 0, 0, -1, 18, 8519 }, // U+0655
    { 3, 6, 0, 1, -2, 5, 8537 }, // U+0656
    { 9, 9, 0, 1, 28, 21, 8542 }, // U+0657
    { 8, 6, 0, 0, 25, 12, 8563 }, // U+0658
    { 8, 2, 0, 1, 23, 4, 8575 }, // U+0659
    { 8, 8, 0, 0, 26, 16, 8579 }, // U+065A
    { 8, 8, 0, 0, 26, 16, 8595 }, // U+065B
    { 5, 5, 0, 0, -3, 7, 8611 }, // U+065C
    { 9, 9, 0, 2, 27, 21, 8618 }, // U+065D
    { 8, 9, 0, 1, 28, 18, 8639 }, // U+065E
    { 11, 8, 0, 0, -2, 22, 8657 }, // U+065F
    { 6, 7, 157, 2, 13, 11, 8679 }, // U+0660
    { 7, 24, 149, 1, 23, 42, 8690 }, // U+0661
    { 15, 24, 260, 1, 23, 90, 8732 }, // U+0662
    { 18, 24, 311, 1, 23, 108, 8822 }, // U+0663
    { 15, 24, 255, 1, 23, 90, 8930 }, // U+0664
    { 14, 19, 284, 2, 18, 67, 9020 }, // U+0665
    { 15, 24, 269, 0, 23, 90, 9087 }, // U+0666
    { 19, 25, 308, 0, 24, 119, 9177 }, // U+0667
    { 19, 24, 307, 0, 23, 114, 9296 }, // U+0668
    { 14, 24, 262, 1, 23, 84, 9410 }, // U+0669
    { 14, 24, 252, 1, 23, 84, 9494 }, // U+066A
    { 8, 12, 131, 0, 6, 24, 9578 }, // U+066B
    { 8, 12, 131, 1, 23, 24, 9602 }, // U+066C
    { 17, 17, 266, 0, 16, 73, 9626 }, // U+066D
    { 31, 15, 530, 1, 14, 117, 9699 }, // U+066E
    { 24, 21, 413, 1, 14, 126, 9816 }, // U+066F
    { 3, 6, 0, 1, 26, 5, 9942 }, // U+0670
    { 11, 32, 125, -1, 32, 88, 9947 }, // U+0671
    { 11, 32, 125, -1, 32, 88, 10035 }, // U+0672
    { 12, 34, 127, -3, 24, 102, 10123 }, // U+0673
    { 13, 14, 219, 0, 17, 46, 10225 }, // U+0674
    { 19, 24, 346, 2, 24, 114, 10271 }, // U+0675
    { 27, 25, 458, 1, 17, 169, 10385 }, // U+0676
    { 27, 30, 458, 1, 22, 203, 10554 }, // U+0677
    { 37, 25, 624, 1, 17, 232, 10757 }, // U+0678
    { 31, 25, 530, 1, 24, 194, 10989 }, // U+0679
    { 31, 23, 530, 1, 22, 179, 11183 }, // U+067A
    { 31, 26, 530, 1, 14, 202, 11362 }, // U+067B
    { 31, 24, 530, 1, 18, 186, 11564 }, // U+067C
    { 31, 22, 530, 1, 21, 171, 11750 }, // U+067D
    { 31, 25, 530, 1, 14, 194, 11921 }, // U+067E
    { 31, 23, 530, 1, 22, 179, 12115 }, // U+067F
    { 31, 26, 530, 1, 14, 202, 12294 }, // U+0680
    { 20, 39, 341, 0, 25, 195, 12496 }, // U+0681
    { 20, 39, 341, 0, 25, 195, 12691 }, // U+0682
    { 21, 28, 351, 0, 14, 147, 12886 }, // U+0683
    { 20, 28, 341, 0, 14, 140, 13033 }, // U+0684
    { 20, 38, 341, 0, 24, 190, 13173 }, // U+0685
    { 21, 28, 351, 0, 14, 147, 13363 }, // U+0686
    { 21, 28, 351, 0, 14, 147, 13510 }, // U+0687
    { 14, 30, 254, 1, 29, 105, 13657 }, // U+0688
    { 14, 21, 254, 1, 16, 74, 13762 }, // U+0689
    { 14, 23, 254, 1, 16, 81, 13836 }, // U+068A
    { 14, 36, 254, 1, 29, 126, 13917 }, // U+068B
    { 14, 24, 254, 1, 23, 84, 14043 }, // U+068C
    { 14, 23, 254, 1, 16, 81, 14127 }, // U+068D
    { 14, 27, 254, 1, 26, 95, 14208 }, // U+068E
    { 14, 27, 254, 1, 26, 95, 14303 }, // U+068F
    { 14, 28, 254, 1, 27, 98, 14398 }, // U+0690
    { 12, 33, 196, -1, 25, 99, 14496 }, // U+0691
    { 12, 31, 196, -1, 23, 93, 14595 }, // U+0692
    { 13, 20, 196, -1, 12, 65, 14688 }, // U+0693
    { 12, 26, 196, -1, 12, 78, 14753 }, // U+0694
    { 12, 26, 196, -1, 12, 78, 14831 }, // U+0695
    { 12, 26, 196, -1, 12, 78, 14909 }, // U+0696
    { 12, 27, 196, -1, 19, 81, 14987 }, // U+0697
    { 12, 30, 196, -1, 22, 90, 15068 }, // U+0698
    { 12, 31, 196, -1, 23, 93, 15158 }, // U+0699
    { 38, 27, 645, 1, 19, 257, 15251 }, // U+069A
    { 38, 24, 645, 1, 14, 228, 15508 }, // U+069B
    { 38, 32, 645, 1, 22, 304, 15736 }, // U+069C
    { 42, 21, 696, 1, 13, 221, 16040 }, // U+069D
    { 42, 31, 696, 1, 23, 326, 16261 }, // U+069E
    { 25, 25, 420, 0, 24, 157, 16587 }, // U+069F
    { 20, 41, 270, 0, 27, 205, 16744 }, // U+06A0
    { 31, 18, 524, 1, 17, 140, 16949 }, // U+06A1
    { 31, 25, 524, 1, 17, 194, 17089 }, // U+06A2
    { 31, 32, 524, 1, 24, 248, 17283 }, // U+06A3
    { 31, 28, 524, 1, 27, 217, 17531 }, // U+06A4
    { 31, 28, 524, 1, 17, 217, 17748 }, // U+06A5
    { 31, 29, 524, 1, 28, 225, 17965 }, // U+06A6
    { 24, 28, 413, 1, 21, 168, 18190 }, // U+06A7
    { 24, 31, 413, 1, 24, 186, 18358 }, // U+06A8
    { 29, 25, 468, 1, 24, 182, 18544 }, // U+06A9
    { 32, 21, 543, 1, 20, 168, 18726 }, // U+06AA
    { 29, 25, 468, 1, 24, 182, 18894 }, // U+06AB
    { 27, 26, 470, 1, 25, 176, 19076 }, // U+06AC
    { 27, 29, 470, 1, 28, 196, 19252 }, // U+06AD
    { 27, 35, 470, 1, 24, 237, 19448 }, // U+06AE
    { 29, 29, 468, 1, 28, 211, 19685 }, // U+06AF
    { 29, 29, 468, 1, 28, 211, 19896 }, // U+06B0
    { 29, 32, 468, 1, 31, 232, 20107 }, // U+06B1
    { 29, 36, 468, 1, 28, 261, 20339 }, // U+06B2
    { 29, 40, 468, 1, 28, 290, 20600 }, // U+06B3
    { 29, 33, 468, 1, 32, 240, 20890 }, // U+06B4
    { 22, 43, 371, 1, 35, 237, 21130 }, // U+06B5
    { 21, 39, 371, 1, 31, 205, 21367 }, // U+06B6
    { 22, 42, 371, 1, 34, 231, 21572 }, // U+06B7
    { 21, 42, 371, 1, 24, 221, 21803 }, // U+06B8
    { 21, 32, 365, 1, 17, 168, 22024 }, // U+06B9
    { 21, 19, 365, 1, 11, 100, 22192 }, // U+06BA
    { 21, 32, 365, 1, 24, 168, 22292 }, // U+06BB
    { 21, 30, 365, 1, 17, 158, 22460 }, // U+06BC
    { 21, 28, 365, 1, 20, 147, 22618 }, // U+06BD
    { 21, 18, 358, 0, 17, 95, 22765 }, // U+06BE
    { 21, 35, 351, 0, 21, 184, 22860 }, // U+06BF
    { 12, 26, 216, 1, 26, 78, 23044 }, // U+06C0
    { 12, 16, 216, 1, 16, 48, 23122 }, // U+06C1
    { 12, 26, 216, 1, 26, 78, 23170 }, // U+06C2
    { 12, 23, 216, 1, 23, 69, 23248 }, // U+06C3
    { 13, 20, 238, 1, 12, 65, 23317 }, // U+06C4
    { 13, 20, 238, 1, 12, 65, 23382 }, // U+06C5
    { 13, 31, 238, 1, 23, 101, 23447 }, // U+06C6
    { 13, 30, 238, 1, 22, 98, 23548 }, // U+06C7
    { 13, 30, 238, 1, 22, 98, 23646 }, // U+06C8
    { 13, 31, 238, 1, 23, 101, 23744 }, // U+06C9
    { 13, 27, 238, 1, 19, 88, 23845 }, // U+06CA
    { 13, 30, 238, 1, 22, 98, 23933 }, // U+06CB
    { 24, 22, 405, 1, 14, 132, 24031 }, // U+06CC
    { 29, 22, 405, -4, 14, 160, 24163 }, // U+06CD
    { 24, 25, 405, 1, 17, 150, 24323 }, // U+06CE
    { 13, 27, 238, 1, 19, 88, 24473 }, // U+06CF
    { 24, 33, 405, 1, 14, 198, 24561 }, // U+06D0
    { 24, 32, 405, 1, 14, 192, 24759 }, // U+06D1
    { 30, 17, 502, 1, 16, 128, 24951 }, // U+06D2
    { 30, 26, 502, 1, 25, 195, 25079 }, // U+06D3
    { 9, 3, 159, 1, 3, 7, 25274 }, // U+06D4
    { 12, 16, 216, 1, 16, 48, 25281 }, // U+06D5
    { 15, 10, 0, 0, 45, 38, 25329 }, // U+06D6
    { 11, 11, 0, 0, 46, 31, 25367 }, // U+06D7
    { 9, 7, 0, 2, 42, 16, 25398 }, // U+06D8
    { 7, 9, 0, 0, 44, 16, 25414 }, // U+06D9
    { 8, 11, 0, 1, 46, 22, 25430 }, // U+06DA
    { 8, 8, 0, 0, 43, 16, 25452 }, // U+06DB
    { 14, 9, 0, 0, 44, 32, 25468 }, // U+06DC
    { 40, 40, 731, 3, 29, 400, 25500 }, // U+06DD
    { 32, 32, 533, 1, 25, 256, 25900 }, // U+06DE
    { 6, 7, 0, 1, 27, 11, 26156 }, // U+06DF
    { 7, 9, 0, 0, 28, 16, 26167 }, // U+06E0
    { 8, 7, 0, 1, 28, 14, 26183 }, // U+06E1
    { 6, 9, 0, 1, 25, 14, 26197 }, // U+06E2
    { 14, 9, 0, 0, -1, 32, 26211 }, // U+06E3
    { 11, 4, 0, 0, 24, 11, 26243 }, // U+06E4
    { 7, 9, 97, 0, 8, 16, 26254 }, // U+06E5
    { 12, 8, 187, 0, 7, 24, 26270 }, // U+06E6
    { 12, 8, 0, 0, 27, 24, 26294 }, // U+06E7
    { 9, 10, 0, 0, 45, 23, 26318 }, // U+06E8
    { 18, 24, 324, 1, 24, 108, 26341 }, // U+06E9
    { 8, 9, 0, 1, -1, 18, 26449 }, // U+06EA
    { 9, 9, 0, 0, 28, 21, 26467 }, // U+06EB
    { 5, 6, 0, 0, 26, 8, 26488 }, // U+06EC
    { 6, 9, 0, 1, -3, 14, 26496 }, // U+06ED
    { 14, 28, 254, 1, 27, 98, 26510 }, // U+06EE
    { 12, 31, 196, -1, 23, 93, 26608 }, // U+06EF
    { 6, 7, 157, 2, 13, 11, 26701 }, // U+06F0
    { 7, 24, 149, 1, 23, 42, 26712 }, // U+06F1
    { 15, 24, 260, 1, 23, 90, 26754 }, // U+06F2
    { 18, 24, 311, 1, 23, 108, 26844 }, // U+06F3
    { 15, 23, 262, 1, 23, 87, 26952 }, // U+06F4
    { 14, 23, 291, 2, 23, 81, 27039 }, // U+06F5
    { 14, 24, 227, 0, 23, 84, 27120 }, // U+06F6
    { 19, 25, 305, 0, 24, 119, 27204 }, // U+06F7
    { 19, 24, 307, 0, 23, 114, 27323 }, // U+06F8
    { 14, 24, 262, 1, 23, 84, 27437 }, // U+06F9
    { 38, 30, 645, 1, 22, 285, 27521 }, // U+06FA
    { 42, 28, 696, 1, 20, 294, 27806 }, // U+06FB
    { 20, 38, 270, 0, 24, 190, 28100 }, // U+06FC
    { 13, 20, 219, 0, 12, 65, 28290 }, // U+06FD
    { 15, 27, 258, 0, 13, 102, 28355 }, // U+06FE
    { 21, 28, 358, 0, 27, 147, 28457 }, // U+06FF
    { 31, 22, 530, 1, 14, 171, 28604 }, // U+0750
    { 31, 29, 530, 1, 21, 225, 28775 }, // U+0751
    { 31, 25, 530, 1, 14, 194, 29000 }, // U+0752
    { 31, 29, 530, 1, 18, 225, 29194 }, // U+0753
    { 31, 26, 530, 1, 18, 202, 29419 }, // U+0754
    { 31, 24, 530, 1, 14, 186, 29621 }, // U+0755
    { 31, 23, 530, 1, 22, 179, 29807 }, // U+0756
    { 20, 35, 341, 0, 21, 175, 29986 }, // U+0757
    { 21, 28, 351, 0, 14, 147, 30161 }, // U+0758
    { 14, 40, 254, 1, 29, 140, 30308 }, // U+0759
    { 14, 25, 254, 1, 16, 88, 30448 }, // U+075A
    { 14, 20, 196, -1, 12, 70, 30536 }, // U+075B
    { 38, 31, 645, 1, 23, 295, 30606 }, // U+075C
    { 20, 38, 270, 0, 24, 190, 30901 }, // U+075D
    { 20, 41, 270, 0, 27, 205, 31091 }, // U+075E
    { 20, 42, 270, 0, 28, 210, 31296 }, // U+075F
    { 31, 25, 524, 1, 17, 194, 31506 }, // U+0760
    { 31, 28, 524, 1, 17, 217, 31700 }, // U+0761
    { 29, 29, 468, 1, 28, 211, 31917 }, // U+0762
    { 29, 29, 468, 1, 28, 211, 32128 }, // U+0763
    { 29, 35, 468, 1, 24, 254, 32339 }, // U+0764
    { 15, 34, 258, 0, 20, 128, 32593 }, // U+0765
    { 15, 27, 258, 0, 13, 102, 32721 }, // U+0766
    { 21, 32, 365, 1, 17, 168, 32823 }, // U+0767
    { 21, 34, 365, 1, 26, 179, 32991 }, // U+0768
    { 21, 33, 365, 1, 25, 174, 33170 }, // U+0769
    { 23, 32, 371, 1, 24, 184, 33344 }, // U+076A
    { 12, 31, 196, -1, 23, 93, 33528 }, // U+076B
    { 12, 30, 196, -1, 22, 90, 33621 }, // U+076C
    { 38, 31, 645, 1, 23, 295, 33711 }, // U+076D
    { 21, 28, 351, 0, 14, 147, 34006 }, // U+076E
    { 21, 28, 351, 0, 14, 147, 34153 }, // U+076F
    { 38, 31, 645, 1, 23, 295, 34300 }, // U+0770
    { 12, 32, 196, -1, 24, 96, 34595 }, // U+0771
    { 20, 42, 341, 0, 28, 210, 34691 }, // U+0772
    { 9, 30, 169, 0, 30, 68, 34901 }, // U+0773
    { 9, 31, 169, 0, 31, 70, 34969 }, // U+0774
    { 24, 23, 405, 1, 15, 138, 35039 }, // U+0775
    { 24, 24, 405, 1, 16, 144, 35177 }, // U+0776
    { 24, 32, 405, 1, 14, 192, 35321 }, // U+0777
    { 13, 28, 238, 1, 20, 91, 35513 }, // U+0778
    { 13, 29, 238, 1, 21, 95, 35604 }, // U+0779
    { 30, 23, 502, 1, 22, 173, 35699 }, // U+077A
    { 30, 24, 502, 1, 23, 180, 35872 }, // U+077B
    { 21, 28, 351, 0, 14, 147, 36052 }, // U+077C
    { 38, 30, 645, 1, 22, 285, 36199 }, // U+077D
    { 38, 31, 645, 1, 23, 295, 36484 }, // U+077E
    { 27, 26, 470, 1, 25, 176, 36779 }, // U+077F
    { 9, 27, 127, -1, 27, 61, 36955 }, // U+0870
    { 8, 27, 127, 2, 27, 54, 37016 }, // U+0871
    { 9, 24, 127, 2, 24, 54, 37070 }, // U+0872
    { 9, 24, 127, -3, 24, 54, 37124 }, // U+0873
    { 9, 27, 127, 0, 24, 61, 37178 }, // U+0874
    { 9, 26, 127, 2, 24, 59, 37239 }, // U+0875
    { 5, 29, 127, 1, 29, 37, 37298 }, // U+0876
    { 7, 24, 127, 2, 24, 42, 37335 }, // U+0877
    { 7, 24, 127, -1, 24, 42, 37377 }, // U+0878
    { 5, 28, 127, 2, 24, 35, 37419 }, // U+0879
    { 4, 31, 127, 2, 31, 31, 37454 }, // U+087A
    { 8, 31, 127, 2, 31, 62, 37485 }, // U+087B
    { 9, 31, 127, 2, 31, 70, 37547 }, // U+087C
    { 9, 33, 127, 2, 31, 75, 37617 }, // U+087D
    { 12, 27, 127, -2, 27, 81, 37692 }, // U+087E
    { 13, 24, 127, -2, 24, 78, 37773 }, // U+087F
    { 13, 26, 127, -2, 24, 85, 37851 }, // U+0880
    { 9, 24, 127, 2, 24, 54, 37936 }, // U+0881
    { 8, 24, 127, -2, 24, 48, 37990 }, // U+0882
    { 14, 13, 197, 0, 10, 46, 38038 }, // U+0883
    { 14, 16, 197, 0, 9, 56, 38084 }, // U+0884
    { 11, 10, 144, 0, 3, 28, 38140 }, // U+0885
    { 9, 15, 159, -1, 8, 34, 38168 }, // U+0886
    { 5, 6, 97, 0, 5, 8, 38202 }, // U+0887
    { 5, 6, 97, 0, 10, 8, 38210 }, // U+0888
    { 21, 30, 365, 1, 22, 158, 38218 }, // U+0889
    { 20, 28, 341, 0, 14, 140, 38376 }, // U+088A
    { 25, 31, 420, 0, 24, 194, 38516 }, // U+088B
    { 25, 35, 420, 0, 24, 219, 38710 }, // U+088C
    { 29, 36, 468, 1, 24, 261, 38929 }, // U+088D
    { 10, 11, 153, 2, 6, 28, 39190 }, // U+088E
    { 57, 12, 880, -1, 38, 171, 39218 }, // U+0890
    { 57, 12, 880, -1, 38, 171, 39389 }, // U+0891
    { 24, 13, 0, 0, 48, 78, 39560 }, // U+0898
    { 30, 15, 0, 0, -1, 113, 39638 }, // U+0899
    { 22, 10, 0, 0, -1, 55, 39751 }, // U+089A
    { 35, 13, 0, 0, -1, 114, 39806 }, // U+089B
    { 10, 6, 0, 0, 24, 15, 39920 }, // U+089C
    { 12, 7, 0, 0, 27, 21, 39935 }, // U+089D
    { 12, 5, 0, -1, 25, 15, 39956 }, // U+089E
    { 12, 5, 0, -1, 25, 15, 39971 }, // U+089F
    { 31, 24, 530, 1, 14, 186, 39986 }, // U+08A0
    { 31, 29, 530, 1, 21, 225, 40172 }, // U+08A1
    { 20, 35, 341, 0, 21, 175, 40397 }, // U+08A2
    { 25, 25, 420, 0, 24, 157, 40572 }, // U+08A3
    { 31, 35, 524, 1, 27, 272, 40729 }, // U+08A4
    { 24, 34, 413, 1, 21, 204, 41001 }, // U+08A5
    { 23, 32, 371, 1, 24, 184, 41205 }, // U+08A6
    { 15, 37, 258, 0, 23, 139, 41389 }, // U+08A7
    { 24, 31, 405, 1, 16, 186, 41528 }, // U+08A8
    { 24, 29, 405, 1, 14, 174, 41714 }, // U+08A9
    { 17, 20, 261, 1, 12, 85, 41888 }, // U+08AA
    { 13, 20, 238, 1, 12, 65, 41973 }, // U+08AB
    { 18, 21, 294, 0, 14, 95, 42038 }, // U+08AC
    { 4, 11, 126, 2, 3, 11, 42133 }, // U+08AD
    { 14, 26, 254, 1, 16, 91, 42144 }, // U+08AE
    { 42, 24, 696, 1, 13, 252, 42235 }, // U+08AF
    { 31, 25, 468, 1, 24, 194, 42487 }, // U+08B0
    { 16, 22, 252, 2, 12, 88, 42681 }, // U+08B1
    { 12, 34, 196, -1, 26, 102, 42769 }, // U+08B2
    { 20, 31, 270, 0, 17, 155, 42871 }, // U+08B3
    { 27, 32, 470, 1, 24, 216, 43026 }, // U+08B4
    { 24, 27, 413, 1, 14, 162, 43242 }, // U+08B5
    { 31, 28, 530, 1, 20, 217, 43404 }, // U+08B6
    { 31, 31, 530, 1, 20, 241, 43621 }, // U+08B7
    { 31, 20, 530, 1, 19, 155, 43862 }, // U+08B8
    { 12, 33, 196, -1, 25, 99, 44017 }, // U+08B9
    { 24, 34, 405, 1, 19, 204, 44116 }, // U+08BA
    { 31, 18, 524, 1, 17, 140, 44320 }, // U+08BB
    { 24, 21, 413, 1, 14, 126, 44460 }, // U+08BC
    { 21, 19, 365, 1, 11, 100, 44586 }, // U+08BD
    { 31, 33, 530, 1, 22, 256, 44686 }, // U+08BE
    { 31, 29, 530, 1, 28, 225, 44942 }, // U+08BF
    { 31, 30, 530, 1, 29, 233, 45167 }, // U+08C0
    { 21, 40, 351, 0, 26, 210, 45400 }, // U+08C1
    { 29, 33, 468, 1, 32, 240, 45610 }, // U+08C2
    { 20, 42, 270, 0, 28, 210, 45850 }, // U+08C3
    { 24, 31, 413, 1, 24, 186, 46060 }, // U+08C4
    { 20, 38, 341, 0, 24, 190, 46246 }, // U+08C5
    { 21, 28, 351, 0, 14, 147, 46436 }, // U+08C6
    { 23, 45, 371, 1, 37, 259, 46583 }, // U+08C7
    { 29, 33, 468, 1, 32, 240, 46842 }, // U+08C8
    { 11, 10, 185, 0, 9, 28, 47082 }, // U+08C9
    { 11, 10, 0, 0, 29, 28, 47110 }, // U+08CA
    { 12, 10, 0, 0, 27, 30, 47138 }, // U+08CB
    { 13, 9, 0, 0, 45, 30, 47168 }, // U+08CC
    { 10, 10, 0, 0, 28, 25, 47198 }, // U+08CD
    { 7, 7, 0, 0, 25, 13, 47223 }, // U+08CE
    { 7, 8, 0, 0, -1, 14, 47236 }, // U+08CF
    { 7, 7, 0, 1, -2, 13, 47250 }, // U+08D0
    { 8, 8, 0, 0, -1, 16, 47263 }, // U+08D1
    { 8, 8, 0, 0, -1, 16, 47279 }, // U+08D2
    { 5, 9, 0, 1, -3, 12, 47295 }, // U+08D3
    { 20, 11, 0, 0, 46, 55, 47307 }, // U+08D4
    { 16, 9, 0, 0, 44, 36, 47362 }, // U+08D5
    { 7, 11, 0, 1, 46, 20, 47398 }, // U+08D6
    { 8, 10, 0, 1, 45, 20, 47418 }, // U+08D7
    { 8, 14, 0, 1, 33, 28, 47438 }, // U+08D8
    { 8, 14, 0, 1, -2, 28, 47466 }, // U+08D9
    { 22, 10, 0, 0, 45, 55, 47494 }, // U+08DA
    { 30, 10, 0, 0, 45, 75, 47549 }, // U+08DB
    { 31, 9, 0, 0, 44, 70, 47624 }, // U+08DC
    { 23, 10, 0, 0, 45, 58, 47694 }, // U+08DD
    { 17, 10, 0, 0, 45, 43, 47752 }, // U+08DE
    { 22, 12, 0, 0, 47, 66, 47795 }, // U+08DF
    { 13, 6, 0, 0, 27, 20, 47861 }, // U+08E0
    { 14, 6, 0, 0, 27, 21, 47881 }, // U+08E1
    { 15, 23, 305, 2, 37, 87, 47902 }, // U+08E2
    { 9, 10, 0, 1, -1, 23, 47989 }, // U+08E3
    { 9, 10, 0, 1, 26, 23, 48012 }, // U+08E4
    { 10, 9, 0, 1, 27, 23, 48035 }, // U+08E5
    { 9, 10, 0, 1, 0, 23, 48058 }, // U+08E6
    { 11, 14, 0, 1, 30, 39, 48081 }, // U+08E7
    { 10, 17, 0, 1, 35, 43, 48120 }, // U+08E8
    { 11, 14, 0, 1, 0, 39, 48163 }, // U+08E9
    { 4, 5, 0, 0, 27, 5, 48202 }, // U+08EA
    { 8, 5, 0, 0, 27, 10, 48207 }, // U+08EB
    { 10, 6, 0, 0, 28, 15, 48217 }, // U+08EC
    { 4, 4, 0, 0, -3, 4, 48232 }, // U+08ED
    { 7, 4, 0, 0, -3, 7, 48236 }, // U+08EE
    { 10, 6, 0, 0, -2, 15, 48243 }, // U+08EF
    { 12, 10, 0, 1, 30, 30, 48258 }, // U+08F0
    { 17, 9, 0, 0, 28, 39, 48288 }, // U+08F1
    { 12, 9, 0, 1, 0, 27, 48327 }, // U+08F2
    { 5, 9, 0, 1, 28, 12, 48354 }, // U+08F3
    { 8, 7, 0, 0, 27, 14, 48366 }, // U+08F4
    { 8, 8, 0, 1, 28, 16, 48380 }, // U+08F5
    { 8, 9, 0, 1, -1, 18, 48396 }, // U+08F6
    { 8, 9, 0, 0, 27, 18, 48414 }, // U+08F7
    { 7, 9, 0, 1, 27, 16, 48432 }, // U+08F8
    { 8, 9, 0, 0, 0, 18, 48448 }, // U+08F9
    { 7, 9, 0, 1, 0, 16, 48466 }, // U+08FA
    { 13, 9, 0, 1, 27, 30, 48482 }, // U+08FB
    { 17, 9, 0, 0, 27, 39, 48512 }, // U+08FC
    { 11, 9, 0, 0, 27, 25, 48551 }, // U+08FD
    { 11, 9, 0, 0, 28, 25, 48576 }, // U+08FE
    { 6, 9, 0, 1, 28, 14, 48601 }, // U+08FF
    { 11, 32, 125, -1, 32, 88, 48615 }, // U+FB50
    { 14, 35, 155, -2, 34, 123, 48703 }, // U+FB51
    { 31, 26, 530, 1, 14, 202, 48826 }, // U+FB52
    { 38, 24, 583, 1, 12, 228, 49028 }, // U+FB53
    { 8, 25, 143, 0, 14, 50, 49256 }, // U+FB54
    { 14, 21, 183, 0, 10, 74, 49306 }, // U+FB55
    { 31, 25, 530, 1, 14, 194, 49380 }, // U+FB56
    { 38, 23, 583, 1, 12, 219, 49574 }, // U+FB57
    { 9, 24, 159, -1, 14, 54, 49793 }, // U+FB58
    { 15, 20, 199, 0, 10, 75, 49847 }, // U+FB59
    { 31, 26, 530, 1, 14, 202, 49922 }, // U+FB5A
    { 38, 24, 583, 1, 12, 228, 50124 }, // U+FB5B
    { 9, 25, 159, -1, 14, 57, 50352 }, // U+FB5C
    { 15, 21, 199, 0, 10, 79, 50409 }, // U+FB5D
    { 31, 23, 530, 1, 22, 179, 50488 }, // U+FB5E
    { 38, 23, 583, 1, 22, 219, 50667 }, // U+FB5F
    { 8, 26, 159, 0, 25, 52, 50886 }, // U+FB60
    { 15, 22, 199, 0, 21, 83, 50938 }, // U+FB61
    { 31, 23, 530, 1, 22, 179, 51021 }, // U+FB62
    { 38, 23, 583, 1, 22, 219, 51200 }, // U+FB63
    { 9, 26, 159, 0, 25, 59, 51419 }, // U+FB64
    { 15, 22, 199, 0, 21, 83, 51478 }, // U+FB65
    { 31, 25, 530, 1, 24, 194, 51561 }, // U+FB66
    { 38, 25, 583, 1, 24, 238, 51755 }, // U+FB67
    { 10, 28, 143, 0, 27, 70, 51993 }, // U+FB68
    { 15, 24, 199, 0, 23, 90, 52063 }, // U+FB69
    { 31, 28, 524, 1, 27, 217, 52153 }, // U+FB6A
    { 38, 25, 586, 1, 24, 238, 52370 }, // U+FB6B
    { 14, 28, 238, 0, 27, 98, 52608 }, // U+FB6C
    { 19, 25, 264, 0, 24, 119, 52706 }, // U+FB6D
    { 31, 29, 524, 1, 28, 225, 52825 }, // U+FB6E
    { 38, 26, 586, 1, 25, 247, 53050 }, // U+FB6F
    { 14, 29, 238, 0, 28, 102, 53297 }, // U+FB70
    { 19, 26, 264, 0, 25, 124, 53399 }, // U+FB71
    { 20, 28, 341, 0, 14, 140, 53523 }, // U+FB72
    { 24, 28, 346, 0, 14, 168, 53663 }, // U+FB73
    { 19, 23, 314, 0, 12, 110, 53831 }, // U+FB74
    { 23, 23, 340, 0, 12, 133, 53941 }, // U+FB75
    { 21, 28, 351, 0, 14, 147, 54074 }, // U+FB76
    { 26, 28, 383, 0, 14, 182, 54221 }, // U+FB77
    { 19, 19, 314, 0, 12, 91, 54403 }, // U+FB78
    { 23, 19, 340, 0, 12, 110, 54494 }, // U+FB79
    { 21, 28, 351, 0, 14, 147, 54604 }, // U+FB7A
    { 26, 28, 383, 0, 14, 182, 54751 }, // U+FB7B
    { 19, 22, 314, 0, 12, 105, 54933 }, // U+FB7C
    { 23, 22, 340, 0, 12, 127, 55038 }, // U+FB7D
    { 21, 28, 351, 0, 14, 147, 55165 }, // U+FB7E
    { 26, 28, 383, 0, 14, 182, 55312 }, // U+FB7F
    { 19, 23, 314, 0, 12, 110, 55494 }, // U+FB80
    { 23, 23, 340, 0, 12, 133, 55604 }, // U+FB81
    { 14, 23, 254, 1, 16, 81, 55737 }, // U+FB82
    { 19, 23, 284, 1, 16, 110, 55818 }, // U+FB83
    { 14, 24, 254, 1, 23, 84, 55928 }, // U+FB84
    { 19, 24, 284, 1, 23, 114, 56012 }, // U+FB85
    { 14, 27, 254, 1, 26, 95, 56126 }, // U+FB86
    { 19, 27, 284, 1, 26, 129, 56221 }, // U+FB87
    { 14, 30, 254, 1, 29, 105, 56350 }, // U+FB88
    { 19, 30, 284, 1, 29, 143, 56455 }, // U+FB89
    { 12, 30, 196, -1, 22, 90, 56598 }, // U+FB8A
    { 16, 30, 211, -1, 22, 120, 56688 }, // U+FB8B
    { 12, 33, 196, -1, 25, 99, 56808 }, // U+FB8C
    { 16, 33, 211, -1, 25, 132, 56907 }, // U+FB8D
    { 29, 25, 468, 1, 24, 182, 57039 }, // U+FB8E
    { 34, 25, 520, 1, 24, 213, 57221 }, // U+FB8F
    { 15, 25, 220, 0, 24, 94, 57434 }, // U+FB90
    { 19, 25, 271, 0, 24, 119, 57528 }, // U+FB91
    { 29, 29, 468, 1, 28, 211, 57647 }, // U+FB92
    { 34, 29, 520, 1, 28, 247, 57858 }, // U+FB93
    { 15, 29, 220, 0, 28, 109, 58105 }, // U+FB94
    { 19, 29, 271, 0, 28, 138, 58214 }, // U+FB95
    { 29, 40, 468, 1, 28, 290, 58352 }, // U+FB96
    { 34, 40, 520, 1, 28, 340, 58642 }, // U+FB97
    { 15, 39, 220, 0, 28, 147, 58982 }, // U+FB98
    { 19, 39, 271, 0, 28, 186, 59129 }, // U+FB99
    { 29, 32, 468, 1, 31, 232, 59315 }, // U+FB9A
    { 34, 32, 520, 1, 31, 272, 59547 }, // U+FB9B
    { 15, 32, 220, 0, 31, 120, 59819 }, // U+FB9C
    { 19, 32, 271, 0, 31, 152, 59939 }, // U+FB9D
    { 21, 19, 365, 1, 11, 100, 60091 }, // U+FB9E
    { 25, 18, 389, 1, 10, 113, 60191 }, // U+FB9F
    { 21, 32, 365, 1, 24, 168, 60304 }, // U+FBA0
    { 25, 32, 389, 1, 24, 200, 60472 }, // U+FBA1
    { 10, 28, 143, 0, 27, 70, 60672 }, // U+FBA2
    { 15, 24, 199, 0, 23, 90, 60742 }, // U+FBA3
    { 12, 26, 216, 1, 26, 78, 60832 }, // U+FBA4
    { 17, 29, 259, 1, 28, 124, 60910 }, // U+FBA5
    { 12, 16, 216, 1, 16, 48, 61034 }, // U+FBA6
    { 18, 12, 255, 0, 11, 54, 61082 }, // U+FBA7
    { 8, 21, 143, 0, 14, 42, 61136 }, // U+FBA8
    { 17, 15, 234, 0, 6, 64, 61178 }, // U+FBA9
    { 21, 18, 358, 0, 17, 95, 0 }, // U+FBAA
    { 23, 22, 327, 0, 14, 127, 95 }, // U+FBAB
    { 18, 18, 306, 0, 17, 81, 222 }, // U+FBAC
    { 19, 22, 270, 0, 14, 105, 303 }, // U+FBAD
    { 30, 17, 502, 1, 16, 128, 408 }, // U+FBAE
    { 20, 13, 293, 0, 3, 65, 536 }, // U+FBAF
    { 30, 26, 502, 1, 25, 195, 601 }, // U+FBB0
    { 20, 22, 293, 0, 12, 110, 796 }, // U+FBB1
    { 5, 5, 81, 0, 23, 7, 906 }, // U+FBB2
    { 5, 5, 81, 0, -2, 7, 913 }, // U+FBB3
    { 9, 5, 154, 0, 23, 12, 920 }, // U+FBB4
    { 9, 4, 154, 0, -3, 9, 932 }, // U+FBB5
    { 9, 8, 154, 0, 26, 18, 941 }, // U+FBB6
    { 9, 8, 154, 0, -2, 18, 959 }, // U+FBB7
    { 9, 8, 154, 0, 26, 18, 977 }, // U+FBB8
    { 9, 8, 154, 0, -2, 18, 995 }, // U+FBB9
    { 9, 9, 154, 0, 27, 21, 1013 }, // U+FBBA
    { 9, 9, 154, 0, -2, 21, 1034 }, // U+FBBB
    { 7, 6, 139, 1, -1, 11, 1055 }, // U+FBBC
    { 5, 9, 80, 0, 27, 12, 1066 }, // U+FBBD
    { 5, 9, 81, 0, -2, 12, 1078 }, // U+FBBE
    { 7, 7, 116, 0, 6, 13, 1090 }, // U+FBBF
    { 10, 10, 161, 0, 28, 25, 1103 }, // U+FBC0
    { 9, 8, 148, 0, -1, 18, 1128 }, // U+FBC1
    { 11, 8, 188, 0, 27, 22, 1146 }, // U+FBC2
    { 27, 29, 470, 1, 28, 196, 1168 }, // U+FBD3
    { 32, 29, 492, 1, 28, 232, 1364 }, // U+FBD4
    { 15, 29, 220, 0, 28, 109, 1596 }, // U+FBD5
    { 19, 29, 271, 0, 28, 138, 1705 }, // U+FBD6
    { 13, 30, 238, 1, 22, 98, 1843 }, // U+FBD7
    { 17, 30, 252, 1, 22, 128, 1941 }, // U+FBD8
    { 13, 31, 238, 1, 23, 101, 2069 }, // U+FBD9
    { 17, 31, 252, 1, 23, 132, 2170 }, // U+FBDA
    { 13, 30, 238, 1, 22, 98, 2302 }, // U+FBDB
    { 17, 30, 252, 1, 22, 128, 2400 }, // U+FBDC
    { 27, 30, 458, 1, 22, 203, 2528 }, // U+FBDD
    { 13, 30, 238, 1, 22, 98, 2731 }, // U+FBDE
    { 17, 30, 252, 1, 22, 128, 2829 }, // U+FBDF
    { 13, 20, 238, 1, 12, 65, 2957 }, // U+FBE0
    { 17, 20, 252, 1, 12, 85, 3022 }, // U+FBE1
    { 13, 31, 238, 1, 23, 101, 3107 }, // U+FBE2
    { 17, 31, 252, 1, 23, 132, 3208 }, // U+FBE3
    { 24, 33, 405, 1, 14, 198, 3340 }, // U+FBE4
    { 26, 25, 392, 1, 6, 163, 3538 }, // U+FBE5
    { 8, 25, 159, 0, 14, 50, 3701 }, // U+FBE6
    { 15, 21, 199, 0, 10, 79, 3751 }, // U+FBE7
    { 8, 15, 143, 0, 14, 30, 3830 }, // U+FBE8
    { 14, 11, 183, 0, 10, 39, 3860 }, // U+FBE9
    { 16, 25, 299, 2, 24, 100, 3899 }, // U+FBEA
    { 21, 25, 338, 2, 24, 132, 3999 }, // U+FBEB
    { 24, 25, 399, 0, 24, 150, 4131 }, // U+FBEC
    { 30, 21, 438, 0, 20, 158, 4281 }, // U+FBED
    { 23, 32, 395, 1, 24, 184, 4439 }, // U+FBEE
    { 28, 28, 435, 1, 20, 196, 4623 }, // U+FBEF
    { 23, 32, 395, 1, 24, 184, 4819 }, // U+FBF0
    { 28, 30, 435, 1, 22, 210, 5003 }, // U+FBF1
    { 23, 32, 395, 1, 24, 184, 5213 }, // U+FBF2
    { 28, 31, 435, 1, 23, 217, 5397 }, // U+FBF3
    { 23, 32, 395, 1, 24, 184, 5614 }, // U+FBF4
    { 28, 30, 435, 1, 22, 210, 5798 }, // U+FBF5
    { 31, 43, 536, 1, 24, 334, 6008 }, // U+FBF6
    { 37, 39, 575, 1, 20, 361, 6342 }, // U+FBF7
    { 20, 35, 342, 0, 24, 175, 6703 }, // U+FBF8
    { 31, 32, 536, 1, 24, 248, 6878 }, // U+FBF9
    { 37, 28, 575, 1, 20, 259, 7126 }, // U+FBFA
    { 19, 25, 326, 0, 24, 119, 7385 }, // U+FBFB
    { 24, 22, 405, 1, 14, 132, 7504 }, // U+FBFC
    { 26, 14, 392, 1, 6, 91, 7636 }, // U+FBFD
    { 9, 21, 159, -1, 14, 48, 7727 }, // U+FBFE
    { 15, 17, 199, 0, 10, 64, 7775 }, // U+FBFF
    { 29, 38, 490, 0, 24, 276, 7839 }, // U+FC00
    { 29, 38, 490, 0, 24, 276, 8115 }, // U+FC01
    { 27, 38, 443, 0, 24, 257, 8391 }, // U+FC02
    { 31, 32, 536, 1, 24, 248, 8648 }, // U+FC03
    { 31, 39, 536, 1, 24, 303, 8896 }, // U+FC04
    { 29, 28, 490, 0, 14, 203, 9199 }, // U+FC05
    { 29, 28, 490, 0, 14, 203, 9402 }, // U+FC06
    { 29, 35, 490, 0, 21, 254, 9605 }, // U+FC07
    { 27, 28, 443, 0, 14, 189, 9859 }, // U+FC08
    { 31, 22, 536, 1, 14, 171, 10048 }, // U+FC09
    { 31, 29, 536, 1, 14, 225, 10219 }, // U+FC0A
    { 30, 35, 490, 0, 21, 263, 10444 }, // U+FC0B
    { 30, 35, 490, 0, 21, 263, 10707 }, // U+FC0C
    { 30, 35, 490, 0, 21, 263, 10970 }, // U+FC0D
    { 27, 35, 443, 0, 21, 237, 11233 }, // U+FC0E
    { 32, 29, 536, 1, 21, 232, 11470 }, // U+FC0F
    { 32, 36, 536, 1, 21, 288, 11702 }, // U+FC10
    { 30, 38, 490, 0, 24, 285, 11990 }, // U+FC11
    { 27, 38, 443, 0, 24, 257, 12275 }, // U+FC12
    { 32, 32, 536, 1, 24, 256, 12532 }, // U+FC13
    { 32, 39, 536, 1, 24, 312, 12788 }, // U+FC14
    { 40, 28, 660, 0, 14, 280, 13100 }, // U+FC15
    { 38, 27, 614, 0, 13, 257, 13380 }, // U+FC16
    { 40, 28, 660, 0, 14, 280, 13637 }, // U+FC17
    { 38, 27, 614, 0, 13, 257, 13917 }, // U+FC18
    { 40, 33, 660, 0, 19, 330, 14174 }, // U+FC19
    { 40, 33, 660, 0, 19, 330, 14504 }, // U+FC1A
    { 38, 33, 614, 0, 19, 314, 14834 }, // U+FC1B
    { 47, 28, 764, 0, 14, 329, 15148 }, // U+FC1C
    { 47, 28, 764, 0, 14, 329, 15477 }, // U+FC1D
    { 47, 35, 764, 0, 21, 412, 15806 }, // U+FC1E
    { 44, 28, 718, 0, 14, 308, 16218 }, // U+FC1F
    { 51, 28, 828, 0, 14, 357, 16526 }, // U+FC20
    { 48, 27, 781, 0, 13, 324, 16883 }, // U+FC21
    { 51, 34, 828, 0, 20, 434, 17207 }, // U+FC22
    { 51, 34, 828, 0, 20, 434, 17641 }, // U+FC23
    { 51, 35, 828, 0, 21, 447, 18075 }, // U+FC24
    { 48, 34, 781, 0, 20, 408, 18522 }, // U+FC25
    { 43, 38, 707, 0, 24, 409, 18930 }, // U+FC26
    { 40, 38, 661, 0, 24, 380, 19339 }, // U+FC27
    { 40, 38, 661, 0, 24, 380, 19719 }, // U+FC28
    { 38, 29, 614, 0, 15, 276, 20099 }, // U+FC29
    { 35, 29, 568, 0, 15, 254, 20375 }, // U+FC2A
    { 38, 36, 614, 0, 22, 342, 20629 }, // U+FC2B
    { 35, 36, 568, 0, 22, 315, 20971 }, // U+FC2C
    { 36, 38, 584, 0, 24, 342, 21286 }, // U+FC2D
    { 36, 38, 584, 0, 24, 342, 21628 }, // U+FC2E
    { 36, 38, 584, 0, 24, 342, 21970 }, // U+FC2F
    { 33, 38, 538, 0, 24, 314, 22312 }, // U+FC30
    { 37, 32, 631, 1, 24, 296, 22626 }, // U+FC31
    { 37, 39, 631, 1, 24, 361, 22922 }, // U+FC32
    { 36, 38, 584, 0, 24, 342, 23283 }, // U+FC33
    { 33, 38, 538, 0, 24, 314, 23625 }, // U+FC34
    { 37, 32, 631, 1, 24, 296, 23939 }, // U+FC35
    { 37, 39, 631, 1, 24, 361, 24235 }, // U+FC36
    { 22, 25, 375, 2, 24, 138, 24596 }, // U+FC37
    { 36, 38, 566, 0, 24, 342, 24734 }, // U+FC38
    { 36, 38, 566, 0, 24, 342, 25076 }, // U+FC39
    { 36, 38, 566, 0, 24, 342, 25418 }, // U+FC3A
    { 38, 32, 609, 1, 24, 304, 25760 }, // U+FC3B
    { 33, 38, 519, 0, 24, 314, 26064 }, // U+FC3C
    { 38, 32, 612, 1, 24, 304, 26378 }, // U+FC3D
    { 38, 39, 612, 1, 24, 371, 26682 }, // U+FC3E
    { 29, 38, 485, 0, 24, 276, 27053 }, // U+FC3F
    { 29, 38, 485, 0, 24, 276, 27329 }, // U+FC40
    { 29, 38, 485, 0, 24, 276, 27605 }, // U+FC41
    { 26, 38, 438, 0, 24, 247, 27881 }, // U+FC42
    { 31, 32, 531, 1, 24, 248, 28128 }, // U+FC43
    { 31, 39, 531, 1, 24, 303, 28376 }, // U+FC44
    { 38, 28, 626, 0, 14, 266, 28679 }, // U+FC45
    { 38, 28, 626, 0, 14, 266, 28945 }, // U+FC46
    { 38, 35, 626, 0, 21, 333, 29211 }, // U+FC47
    { 35, 27, 580, 0, 13, 237, 29544 }, // U+FC48
    { 40, 20, 672, 1, 12, 200, 29781 }, // U+FC49
    { 40, 27, 672, 1, 12, 270, 29981 }, // U+FC4A
    { 29, 35, 490, 0, 21, 254, 30251 }, // U+FC4B
    { 29, 35, 490, 0, 21, 254, 30505 }, // U+FC4C
    { 29, 35, 490, 0, 21, 254, 30759 }, // U+FC4D
    { 27, 35, 443, 0, 21, 237, 31013 }, // U+FC4E
    { 31, 29, 536, 1, 21, 225, 31250 }, // U+FC4F
    { 31, 36, 536, 1, 21, 279, 31475 }, // U+FC50
    { 40, 31, 652, 0, 17, 310, 31754 }, // U+FC51
    { 37, 31, 606, 0, 17, 287, 32064 }, // U+FC52
    { 42, 25, 699, 1, 17, 263, 32351 }, // U+FC53
    { 42, 32, 699, 1, 17, 336, 32614 }, // U+FC54
    { 30, 28, 506, 0, 14, 210, 32950 }, // U+FC55
    { 30, 28, 506, 0, 14, 210, 33160 }, // U+FC56
    { 30, 35, 506, 0, 21, 263, 33370 }, // U+FC57
    { 27, 28, 459, 0, 14, 189, 33633 }, // U+FC58
    { 32, 22, 552, 1, 14, 176, 33822 }, // U+FC59
    { 32, 29, 552, 1, 14, 232, 33998 }, // U+FC5A
    { 14, 34, 254, 1, 33, 119, 34230 }, // U+FC5B
    { 12, 30, 196, -1, 22, 90, 34349 }, // U+FC5C
    { 24, 24, 405, 1, 16, 144, 34439 }, // U+FC5D
    { 11, 16, 172, -1, 35, 44, 34583 }, // U+FC5E
    { 10, 15, 162, 0, 35, 38, 34627 }, // U+FC5F
    { 10, 13, 172, 0, 32, 33, 34665 }, // U+FC60
    { 11, 16, 172, -1, 35, 44, 34698 }, // U+FC61
    { 10, 13, 162, 0, 33, 33, 34742 }, // U+FC62
    { 10, 14, 172, 0, 33, 35, 34775 }, // U+FC63
    { 28, 28, 394, -1, 20, 196, 34810 }, // U+FC64
    { 28, 28, 394, -1, 20, 196, 35006 }, // U+FC65
    { 32, 34, 483, 0, 20, 272, 35202 }, // U+FC66
    { 37, 28, 572, 1, 20, 259, 35474 }, // U+FC67
    { 37, 28, 575, 1, 20, 259, 35733 }, // U+FC68
    { 37, 35, 575, 1, 20, 324, 35992 }, // U+FC69
    { 28, 20, 394, -1, 12, 140, 36316 }, // U+FC6A
    { 28, 27, 394, -1, 19, 189, 36456 }, // U+FC6B
    { 32, 27, 483, 0, 13, 216, 36645 }, // U+FC6C
    { 37, 25, 572, 1, 17, 232, 36861 }, // U+FC6D
    { 37, 18, 575, 1, 10, 167, 37093 }, // U+FC6E
    { 37, 25, 575, 1, 10, 232, 37260 }, // U+FC6F
    { 29, 25, 410, -1, 17, 182, 37492 }, // U+FC70
    { 29, 27, 410, -1, 19, 196, 37674 }, // U+FC71
    { 33, 31, 499, 0, 17, 256, 37870 }, // U+FC72
    { 38, 25, 588, 1, 17, 238, 38126 }, // U+FC73
    { 38, 25, 591, 1, 17, 238, 38364 }, // U+FC74
    { 38, 32, 591, 1, 17, 304, 38602 }, // U+FC75
    { 29, 28, 410, -1, 20, 203, 38906 }, // U+FC76
    { 29, 28, 410, -1, 20, 203, 39109 }, // U+FC77
    { 33, 34, 499, 0, 20, 281, 39312 }, // U+FC78
    { 38, 28, 588, 1, 20, 266, 39593 }, // U+FC79
    { 38, 28, 591, 1, 20, 266, 39859 }, // U+FC7A
    { 38, 35, 591, 1, 20, 333, 40125 }, // U+FC7B
    { 42, 29, 656, 1, 21, 305, 40458 }, // U+FC7C
    { 42, 36, 656, 1, 21, 378, 40763 }, // U+FC7D
    { 42, 29, 656, 1, 21, 305, 41141 }, // U+FC7E
    { 42, 36, 656, 1, 21, 378, 41446 }, // U+FC7F
    { 27, 25, 426, 2, 24, 169, 41824 }, // U+FC80
    { 42, 32, 660, 1, 24, 336, 41993 }, // U+FC81
    { 38, 38, 571, 0, 24, 361, 42329 }, // U+FC82
    { 43, 32, 663, 1, 24, 344, 42690 }, // U+FC83
    { 43, 39, 663, 1, 24, 420, 43034 }, // U+FC84
    { 31, 38, 460, 0, 24, 295, 43454 }, // U+FC85
    { 36, 32, 552, 1, 24, 288, 43749 }, // U+FC86
    { 36, 39, 552, 1, 24, 351, 44037 }, // U+FC87
    { 29, 25, 463, 2, 24, 182, 44388 }, // U+FC88
    { 40, 27, 608, 0, 13, 270, 44570 }, // U+FC89
    { 28, 25, 394, -1, 17, 175, 44840 }, // U+FC8A
    { 28, 27, 394, -1, 19, 189, 45015 }, // U+FC8B
    { 32, 31, 483, 0, 17, 248, 45204 }, // U+FC8C
    { 37, 25, 572, 1, 17, 232, 45452 }, // U+FC8D
    { 37, 25, 575, 1, 17, 232, 45684 }, // U+FC8E
    { 37, 32, 575, 1, 17, 296, 45916 }, // U+FC8F
    { 26, 24, 392, 1, 16, 156, 46212 }, // U+FC90
    { 29, 20, 410, -1, 12, 145, 46368 }, // U+FC91
    { 29, 27, 410, -1, 19, 196, 46513 }, // U+FC92
    { 33, 27, 499, 0, 13, 223, 46709 }, // U+FC93
    { 38, 25, 588, 1, 17, 238, 46932 }, // U+FC94
    { 38, 18, 591, 1, 10, 171, 47170 }, // U+FC95
    { 38, 25, 591, 1, 10, 238, 47341 }, // U+FC96
    { 29, 31, 483, 0, 24, 225, 47579 }, // U+FC97
    { 29, 25, 483, 0, 24, 182, 47804 }, // U+FC98
    { 29, 25, 483, 0, 24, 182, 47986 }, // U+FC99
    { 27, 25, 452, 0, 24, 169, 48168 }, // U+FC9A
    { 25, 32, 414, 0, 24, 200, 48337 }, // U+FC9B
    { 29, 21, 483, 0, 14, 153, 48537 }, // U+FC9C
    { 29, 21, 483, 0, 14, 153, 48690 }, // U+FC9D
    { 29, 26, 483, 0, 19, 189, 48843 }, // U+FC9E
    { 27, 21, 452, 0, 14, 142, 49032 }, // U+FC9F
    { 25, 22, 414, 0, 14, 138, 49174 }, // U+FCA0
    { 30, 28, 483, 0, 21, 210, 49312 }, // U+FCA1
    { 30, 22, 483, 0, 21, 165, 49522 }, // U+FCA2
    { 30, 22, 483, 0, 21, 165, 49687 }, // U+FCA3
    { 28, 22, 452, 0, 21, 154, 49852 }, // U+FCA4
    { 26, 29, 414, 0, 21, 189, 50006 }, // U+FCA5
    { 28, 25, 452, 0, 24, 175, 50195 }, // U+FCA6
    { 40, 19, 654, 0, 12, 190, 50370 }, // U+FCA7
    { 38, 20, 622, 0, 13, 190, 50560 }, // U+FCA8
    { 40, 19, 654, 0, 12, 190, 50750 }, // U+FCA9
    { 38, 14, 622, 0, 13, 133, 50940 }, // U+FCAA
    { 40, 26, 654, 0, 19, 260, 51073 }, // U+FCAB
    { 38, 20, 622, 0, 19, 190, 51333 }, // U+FCAC
    { 46, 21, 758, 0, 14, 242, 51523 }, // U+FCAD
    { 46, 15, 758, 0, 14, 173, 51765 }, // U+FCAE
    { 46, 20, 758, 0, 19, 230, 51938 }, // U+FCAF
    { 44, 15, 726, 0, 14, 165, 52168 }, // U+FCB0
    { 50, 14, 821, 0, 13, 175, 52333 }, // U+FCB1
    { 50, 20, 821, 0, 19, 250, 52508 }, // U+FCB2
    { 48, 14, 790, 0, 13, 168, 52758 }, // U+FCB3
    { 50, 27, 821, 0, 20, 338, 52926 }, // U+FCB4
    { 50, 21, 821, 0, 20, 263, 53264 }, // U+FCB5
    { 50, 21, 821, 0, 20, 263, 53527 }, // U+FCB6
    { 48, 21, 790, 0, 20, 252, 53790 }, // U+FCB7
    { 43, 25, 701, 0, 24, 269, 54042 }, // U+FCB8
    { 41, 25, 669, 0, 24, 257, 54311 }, // U+FCB9
    { 37, 22, 608, 0, 15, 204, 54568 }, // U+FCBA
    { 36, 16, 576, 0, 15, 144, 54772 }, // U+FCBB
    { 37, 29, 608, 0, 22, 269, 54916 }, // U+FCBC
    { 36, 23, 576, 0, 22, 207, 55185 }, // U+FCBD
    { 35, 31, 578, 0, 24, 272, 55392 }, // U+FCBE
    { 35, 25, 578, 0, 24, 219, 55664 }, // U+FCBF
    { 35, 25, 578, 0, 24, 219, 55883 }, // U+FCC0
    { 33, 25, 547, 0, 24, 207, 56102 }, // U+FCC1
    { 35, 25, 578, 0, 24, 219, 56309 }, // U+FCC2
    { 33, 25, 547, 0, 24, 207, 56528 }, // U+FCC3
    { 36, 31, 559, 0, 24, 279, 56735 }, // U+FCC4
    { 36, 25, 559, 0, 24, 225, 57014 }, // U+FCC5
    { 36, 25, 559, 0, 24, 225, 57239 }, // U+FCC6
    { 25, 25, 380, 0, 24, 157, 57464 }, // U+FCC7
    { 34, 25, 528, 0, 24, 213, 57621 }, // U+FCC8
    { 28, 31, 478, 0, 24, 217, 57834 }, // U+FCC9
    { 28, 25, 478, 0, 24, 175, 58051 }, // U+FCCA
    { 28, 25, 478, 0, 24, 175, 58226 }, // U+FCCB
    { 26, 25, 447, 0, 24, 163, 58401 }, // U+FCCC
    { 24, 32, 409, 0, 24, 192, 58564 }, // U+FCCD
    { 37, 19, 620, 0, 12, 176, 58756 }, // U+FCCE
    { 37, 13, 620, 0, 12, 121, 58932 }, // U+FCCF
    { 37, 20, 620, 0, 19, 185, 59053 }, // U+FCD0
    { 35, 14, 588, 0, 13, 123, 59238 }, // U+FCD1
    { 29, 28, 483, 0, 21, 203, 59361 }, // U+FCD2
    { 29, 22, 483, 0, 21, 160, 59564 }, // U+FCD3
    { 29, 22, 483, 0, 21, 160, 59724 }, // U+FCD4
    { 27, 22, 452, 0, 21, 149, 59884 }, // U+FCD5
    { 25, 29, 414, 0, 21, 182, 60033 }, // U+FCD6
    { 39, 24, 646, 0, 17, 234, 60215 }, // U+FCD7
    { 37, 18, 614, 0, 17, 167, 60449 }, // U+FCD8
    { 18, 27, 306, 0, 26, 122, 60616 }, // U+FCD9
    { 30, 21, 499, 0, 14, 158, 60738 }, // U+FCDA
    { 30, 21, 499, 0, 14, 158, 60896 }, // U+FCDB
    { 30, 26, 499, 0, 19, 195, 61054 }, // U+FCDC
    { 28, 21, 468, 0, 14, 147, 61249 }, // U+FCDD
    { 25, 22, 430, 0, 14, 138, 61396 }, // U+FCDE
    { 33, 21, 491, 0, 20, 174, 61534 }, // U+FCDF
    { 30, 28, 453, 0, 20, 210, 61708 }, // U+FCE0
    { 33, 20, 491, 0, 13, 165, 61918 }, // U+FCE1
    { 30, 22, 453, 0, 14, 165, 62083 }, // U+FCE2
    { 34, 18, 507, 0, 17, 153, 62248 }, // U+FCE3
    { 31, 25, 469, 0, 17, 194, 0 }, // U+FCE4
    { 34, 21, 507, 0, 20, 179, 194 }, // U+FCE5
    { 31, 28, 469, 0, 20, 217, 373 }, // U+FCE6
    { 50, 14, 761, 0, 13, 175, 590 }, // U+FCE7
    { 47, 22, 724, 0, 14, 259, 765 }, // U+FCE8
    { 50, 23, 761, 0, 22, 288, 1024 }, // U+FCE9
    { 47, 30, 724, 0, 22, 353, 1312 }, // U+FCEA
    { 29, 25, 431, 0, 24, 182, 1665 }, // U+FCEB
    { 38, 25, 579, 0, 24, 238, 1847 }, // U+FCEC
    { 31, 25, 468, 0, 24, 194, 2085 }, // U+FCED
    { 33, 18, 491, 0, 17, 149, 2279 }, // U+FCEE
    { 30, 25, 453, 0, 17, 188, 2428 }, // U+FCEF
    { 34, 20, 507, 0, 13, 170, 2616 }, // U+FCF0
    { 31, 22, 469, 0, 14, 171, 2786 }, // U+FCF1
    { 12, 26, 144, -1, 25, 78, 2957 }, // U+FCF2
    { 13, 29, 144, -2, 28, 95, 3035 }, // U+FCF3
    { 12, 27, 144, -1, 26, 81, 3130 }, // U+FCF4
    { 45, 32, 753, 1, 24, 360, 3211 }, // U+FCF5
    { 45, 39, 753, 1, 24, 439, 3571 }, // U+FCF6
    { 40, 23, 661, 1, 15, 230, 4010 }, // U+FCF7
    { 40, 30, 661, 1, 15, 300, 4240 }, // U+FCF8
    { 40, 30, 661, 1, 22, 300, 4540 }, // U+FCF9
    { 40, 37, 661, 1, 22, 370, 4840 }, // U+FCFA
    { 48, 22, 811, 1, 14, 264, 5210 }, // U+FCFB
    { 48, 29, 811, 1, 14, 348, 5474 }, // U+FCFC
    { 48, 30, 811, 1, 22, 360, 5822 }, // U+FCFD
    { 48, 37, 811, 1, 22, 444, 6182 }, // U+FCFE
    { 42, 20, 707, 1, 12, 210, 6626 }, // U+FCFF
    { 42, 27, 707, 1, 12, 284, 6836 }, // U+FD00
    { 42, 20, 707, 1, 12, 210, 7120 }, // U+FD01
    { 42, 27, 707, 1, 12, 284, 7330 }, // U+FD02
    { 42, 27, 707, 1, 19, 284, 7614 }, // U+FD03
    { 42, 34, 707, 1, 19, 357, 7898 }, // U+FD04
    { 53, 21, 874, 1, 13, 279, 8255 }, // U+FD05
    { 53, 28, 874, 1, 13, 371, 8534 }, // U+FD06
    { 53, 28, 874, 1, 20, 371, 8905 }, // U+FD07
    { 53, 35, 874, 1, 20, 464, 9276 }, // U+FD08
    { 47, 36, 764, 0, 22, 423, 9740 }, // U+FD09
    { 47, 36, 764, 0, 22, 423, 10163 }, // U+FD0A
    { 47, 36, 764, 0, 22, 423, 10586 }, // U+FD0B
    { 44, 36, 718, 0, 22, 396, 11009 }, // U+FD0C
    { 39, 30, 629, -1, 22, 293, 11405 }, // U+FD0D
    { 39, 22, 629, -1, 14, 215, 11698 }, // U+FD0E
    { 43, 21, 693, -1, 13, 226, 11913 }, // U+FD0F
    { 43, 28, 693, -1, 20, 301, 12139 }, // U+FD10
    { 49, 32, 771, 1, 24, 392, 12440 }, // U+FD11
    { 49, 39, 771, 1, 24, 478, 12832 }, // U+FD12
    { 43, 22, 670, 1, 14, 237, 13310 }, // U+FD13
    { 43, 29, 670, 1, 14, 312, 13547 }, // U+FD14
    { 43, 29, 670, 1, 21, 312, 13859 }, // U+FD15
    { 43, 36, 670, 1, 21, 387, 14171 }, // U+FD16
    { 54, 20, 846, 1, 12, 270, 14558 }, // U+FD17
    { 54, 27, 846, 1, 12, 365, 14828 }, // U+FD18
    { 54, 30, 846, 1, 22, 405, 15193 }, // U+FD19
    { 54, 37, 846, 1, 22, 500, 15598 }, // U+FD1A
    { 47, 20, 732, 1, 12, 235, 16098 }, // U+FD1B
    { 47, 27, 732, 1, 12, 318, 16333 }, // U+FD1C
    { 47, 20, 732, 1, 12, 235, 16651 }, // U+FD1D
    { 47, 27, 732, 1, 12, 318, 16886 }, // U+FD1E
    { 47, 27, 732, 1, 19, 318, 17204 }, // U+FD1F
    { 47, 34, 732, 1, 19, 400, 17522 }, // U+FD20
    { 57, 21, 899, 1, 13, 300, 17922 }, // U+FD21
    { 57, 28, 899, 1, 13, 399, 18222 }, // U+FD22
    { 57, 28, 899, 1, 20, 399, 18621 }, // U+FD23
    { 57, 35, 899, 1, 20, 499, 19020 }, // U+FD24
    { 52, 36, 799, 0, 22, 468, 19519 }, // U+FD25
    { 52, 36, 799, 0, 22, 468, 19987 }, // U+FD26
    { 52, 36, 799, 0, 22, 468, 20455 }, // U+FD27
    { 49, 36, 753, 0, 22, 441, 20923 }, // U+FD28
    { 45, 30, 664, -1, 22, 338, 21364 }, // U+FD29
    { 45, 20, 664, -1, 12, 225, 21702 }, // U+FD2A
    { 48, 21, 717, -1, 13, 252, 21927 }, // U+FD2B
    { 48, 28, 717, -1, 20, 336, 22179 }, // U+FD2C
    { 46, 29, 758, 0, 22, 334, 22515 }, // U+FD2D
    { 46, 23, 758, 0, 22, 265, 22849 }, // U+FD2E
    { 46, 23, 758, 0, 22, 265, 23114 }, // U+FD2F
    { 44, 23, 726, 0, 22, 253, 23379 }, // U+FD30
    { 42, 22, 688, 0, 14, 231, 23632 }, // U+FD31
    { 42, 30, 688, 0, 22, 315, 23863 }, // U+FD32
    { 41, 25, 669, 0, 24, 257, 24178 }, // U+FD33
    { 52, 19, 793, 0, 12, 247, 24435 }, // U+FD34
    { 52, 13, 793, 0, 12, 169, 24682 }, // U+FD35
    { 52, 20, 793, 0, 19, 260, 24851 }, // U+FD36
    { 52, 29, 793, 0, 22, 377, 25111 }, // U+FD37
    { 52, 23, 793, 0, 22, 299, 25488 }, // U+FD38
    { 52, 23, 793, 0, 22, 299, 25787 }, // U+FD39
    { 45, 25, 687, 0, 24, 282, 26086 }, // U+FD3A
    { 45, 25, 687, 0, 24, 282, 26368 }, // U+FD3B
    { 13, 28, 155, 2, 27, 91, 26650 }, // U+FD3C
    { 13, 27, 127, 2, 27, 88, 26741 }, // U+FD3D
    { 13, 32, 229, 0, 24, 104, 26829 }, // U+FD3E
    { 13, 32, 229, 1, 24, 104, 26933 }, // U+FD3F
    { 46, 31, 775, 1, 26, 357, 27037 }, // U+FD40
    { 61, 36, 1003, 1, 28, 549, 27394 }, // U+FD41
    { 66, 36, 1082, 1, 28, 594, 27943 }, // U+FD42
    { 72, 35, 1180, 1, 27, 630, 28537 }, // U+FD43
    { 76, 37, 1252, 1, 29, 703, 29167 }, // U+FD44
    { 74, 37, 1223, 1, 29, 685, 29870 }, // U+FD45
    { 36, 30, 609, 1, 26, 270, 30555 }, // U+FD46
    { 61, 28, 1014, 1, 24, 427, 30825 }, // U+FD47
    { 73, 30, 1198, 1, 26, 548, 31252 }, // U+FD48
    { 55, 30, 917, 1, 26, 413, 31800 }, // U+FD49
    { 33, 28, 567, 1, 24, 231, 32213 }, // U+FD4A
    { 40, 28, 671, 1, 23, 280, 32444 }, // U+FD4B
    { 45, 29, 748, 1, 24, 327, 32724 }, // U+FD4C
    { 56, 28, 928, 1, 24, 392, 33051 }, // U+FD4D
    { 45, 34, 747, 1, 26, 383, 33443 }, // U+FD4E
    { 54, 33, 897, 1, 28, 446, 33826 }, // U+FD4F
    { 49, 28, 791, 0, 21, 343, 34272 }, // U+FD50
    { 57, 31, 885, 0, 17, 442, 34615 }, // U+FD51
    { 51, 28, 823, 0, 21, 357, 35057 }, // U+FD52
    { 49, 22, 791, 0, 21, 270, 35414 }, // U+FD53
    { 49, 22, 791, 0, 21, 270, 35684 }, // U+FD54
    { 49, 28, 791, 0, 21, 343, 35954 }, // U+FD55
    { 49, 22, 791, 0, 21, 270, 36297 }, // U+FD56
    { 49, 22, 791, 0, 21, 270, 36567 }, // U+FD57
    { 64, 28, 994, 0, 14, 448, 36837 }, // U+FD58
    { 59, 20, 962, 0, 13, 295, 37285 }, // U+FD59
    { 66, 28, 1040, 1, 13, 462, 37580 }, // U+FD5A
    { 66, 21, 1040, 1, 13, 347, 38042 }, // U+FD5B
    { 67, 21, 1097, 0, 14, 352, 38389 }, // U+FD5C
    { 67, 21, 1097, 0, 14, 352, 38741 }, // U+FD5D
    { 75, 20, 1185, 1, 12, 375, 39093 }, // U+FD5E
    { 71, 28, 1108, 0, 14, 497, 39468 }, // U+FD5F
    { 65, 15, 1066, 0, 14, 244, 39965 }, // U+FD60
    { 65, 21, 1066, 0, 14, 342, 40209 }, // U+FD61
    { 68, 27, 1061, 0, 13, 459, 40551 }, // U+FD62
    { 63, 15, 1035, 0, 14, 237, 41010 }, // U+FD63
    { 77, 28, 1192, 0, 14, 539, 41247 }, // U+FD64
    { 72, 14, 1161, 0, 13, 252, 41786 }, // U+FD65
    { 72, 27, 1114, 0, 13, 486, 42038 }, // U+FD66
    { 70, 36, 1093, 0, 22, 630, 42524 }, // U+FD67
    { 65, 23, 1066, 0, 22, 374, 43154 }, // U+FD68
    { 75, 37, 1185, 1, 22, 694, 43528 }, // U+FD69
    { 71, 36, 1108, 0, 22, 639, 44222 }, // U+FD6A
    { 65, 23, 1066, 0, 22, 374, 44861 }, // U+FD6B
    { 68, 36, 1061, 0, 22, 612, 45235 }, // U+FD6C
    { 63, 23, 1035, 0, 22, 363, 45847 }, // U+FD6D
    { 79, 28, 1238, 1, 20, 553, 46210 }, // U+FD6E
    { 74, 34, 1145, 0, 20, 629, 46763 }, // U+FD6F
    { 70, 21, 1129, 0, 20, 368, 47392 }, // U+FD70
    { 67, 38, 1033, 0, 24, 637, 47760 }, // U+FD71
    { 62, 25, 1009, 0, 24, 388, 48397 }, // U+FD72
    { 60, 25, 977, 0, 24, 375, 48785 }, // U+FD73
    { 69, 39, 1079, 1, 24, 673, 49160 }, // U+FD74
    { 59, 28, 917, 0, 14, 413, 49833 }, // U+FD75
    { 58, 28, 886, 0, 14, 406, 50246 }, // U+FD76
    { 55, 16, 885, 0, 15, 220, 50652 }, // U+FD77
    { 62, 22, 979, 1, 14, 341, 50872 }, // U+FD78
    { 58, 35, 886, 0, 21, 508, 51213 }, // U+FD79
    { 62, 36, 979, 1, 21, 558, 51721 }, // U+FD7A
    { 62, 29, 979, 1, 21, 450, 52279 }, // U+FD7B
    { 59, 35, 903, 0, 21, 517, 52729 }, // U+FD7C
    { 54, 25, 886, 0, 24, 338, 53246 }, // U+FD7D
    { 60, 35, 918, 0, 21, 525, 53584 }, // U+FD7E
    { 57, 35, 872, 0, 21, 499, 54109 }, // U+FD7F
    { 52, 38, 799, 0, 24, 494, 54608 }, // U+FD80
    { 57, 39, 892, 1, 24, 556, 55102 }, // U+FD81
    { 57, 32, 892, 1, 24, 456, 55658 }, // U+FD82
    { 50, 31, 818, 0, 24, 388, 56114 }, // U+FD83
    { 55, 38, 846, 0, 24, 523, 56502 }, // U+FD84
    { 52, 38, 799, 0, 24, 494, 57025 }, // U+FD85
    { 48, 25, 787, 0, 24, 300, 57519 }, // U+FD86
    { 53, 38, 814, 0, 24, 504, 57819 }, // U+FD87
    { 48, 25, 787, 0, 24, 300, 58323 }, // U+FD88
    { 58, 19, 959, 0, 12, 276, 58623 }, // U+FD89
    { 56, 14, 928, 0, 13, 196, 58899 }, // U+FD8A
    { 66, 28, 1040, 1, 13, 462, 59095 }, // U+FD8B
    { 58, 19, 959, 0, 12, 276, 59557 }, // U+FD8C
    { 56, 20, 928, 0, 13, 280, 59833 }, // U+FD8D
    { 58, 26, 959, 0, 19, 377, 60113 }, // U+FD8E
    { 56, 20, 928, 0, 19, 280, 60490 }, // U+FD8F
    { 58, 26, 959, 0, 19, 377, 60770 }, // U+FD92
    { 59, 24, 954, 0, 17, 354, 61147 }, // U+FD93
    { 57, 18, 923, 0, 17, 257, 61501 }, // U+FD94
    { 48, 22, 791, 0, 21, 264, 61758 }, // U+FD95
    { 58, 25, 915, 1, 17, 363, 62022 }, // U+FD96
    { 54, 31, 822, 0, 17, 419, 62385 }, // U+FD97
    { 48, 28, 791, 0, 21, 336, 62804 }, // U+FD98
    { 58, 25, 915, 1, 17, 363, 63140 }, // U+FD99
    { 56, 32, 884, 1, 17, 448, 0 }, // U+FD9A
    { 56, 25, 884, 1, 17, 350, 448 }, // U+FD9B
    { 53, 27, 807, 0, 13, 358, 798 }, // U+FD9C
    { 47, 21, 776, 0, 14, 247, 1156 }, // U+FD9D
    { 58, 34, 915, 1, 19, 493, 1403 }, // U+FD9E
    { 59, 32, 931, 1, 17, 472, 1896 }, // U+FD9F
    { 59, 25, 931, 1, 17, 369, 2368 }, // U+FDA0
    { 59, 34, 931, 1, 19, 502, 2737 }, // U+FDA1
    { 59, 27, 931, 1, 19, 399, 3239 }, // U+FDA2
    { 57, 32, 900, 1, 17, 456, 3638 }, // U+FDA3
    { 57, 25, 900, 1, 17, 357, 4094 }, // U+FDA4
    { 66, 28, 1040, 1, 13, 462, 4451 }, // U+FDA5
    { 64, 20, 1046, 1, 12, 320, 4913 }, // U+FDA6
    { 66, 21, 1040, 1, 13, 347, 5233 }, // U+FDA7
    { 75, 27, 1185, 1, 19, 507, 5580 }, // U+FDA8
    { 79, 28, 1238, 1, 13, 553, 6087 }, // U+FDA9
    { 75, 37, 1185, 1, 22, 694, 6640 }, // U+FDAA
    { 79, 35, 1238, 1, 20, 692, 7334 }, // U+FDAB
    { 57, 39, 892, 1, 24, 556, 8026 }, // U+FDAC
    { 55, 39, 861, 1, 24, 537, 8582 }, // U+FDAD
    { 59, 27, 931, 1, 12, 399, 9119 }, // U+FDAE
    { 59, 27, 931, 1, 12, 399, 9518 }, // U+FDAF
    { 57, 28, 900, 1, 13, 399, 9917 }, // U+FDB0
    { 64, 28, 1009, 1, 13, 448, 10316 }, // U+FDB1
    { 61, 36, 965, 1, 21, 549, 10764 }, // U+FDB2
    { 58, 32, 915, 1, 17, 464, 11313 }, // U+FDB3
    { 54, 25, 886, 0, 24, 338, 11777 }, // U+FDB4
    { 48, 25, 787, 0, 24, 300, 12115 }, // U+FDB5
    { 62, 29, 979, 1, 14, 450, 12415 }, // U+FDB6
    { 62, 39, 972, 1, 24, 605, 12865 }, // U+FDB7
    { 50, 28, 823, 0, 21, 350, 13470 }, // U+FDB8
    { 66, 34, 1040, 1, 19, 561, 13820 }, // U+FDB9
    { 48, 31, 787, 0, 24, 372, 14381 }, // U+FDBA
    { 57, 38, 879, 0, 24, 542, 14753 }, // U+FDBB
    { 52, 38, 799, 0, 24, 494, 15295 }, // U+FDBC
    { 56, 31, 869, 0, 17, 434, 15789 }, // U+FDBD
    { 68, 27, 1072, 1, 12, 459, 16223 }, // U+FDBE
    { 68, 27, 1072, 1, 12, 459, 16682 }, // U+FDBF
    { 66, 28, 1040, 1, 13, 462, 17141 }, // U+FDC0
    { 61, 36, 965, 1, 21, 549, 17603 }, // U+FDC1
    { 58, 27, 915, 1, 12, 392, 18152 }, // U+FDC2
    { 53, 25, 836, 0, 24, 332, 18544 }, // U+FDC3
    { 57, 22, 916, 0, 15, 314, 18876 }, // U+FDC4
    { 68, 14, 1098, 0, 13, 238, 19190 }, // U+FDC5
    { 75, 34, 1185, 1, 19, 638, 19428 }, // U+FDC6
    { 58, 32, 915, 1, 17, 464, 20066 }, // U+FDC7
    { 46, 27, 777, 1, 23, 311, 20530 }, // U+FDCF
    { 57, 34, 934, 0, 24, 485, 20841 }, // U+FDF0
    { 42, 34, 691, 0, 24, 357, 21326 }, // U+FDF1
    { 40, 34, 685, 1, 33, 340, 21683 }, // U+FDF2
    { 47, 40, 739, -1, 32, 470, 22023 }, // U+FDF3
    { 73, 29, 1212, 1, 28, 530, 22493 }, // U+FDF4
    { 75, 38, 1219, 0, 24, 713, 23023 }, // U+FDF5
    { 75, 32, 1236, 1, 24, 600, 23736 }, // U+FDF6
    { 54, 31, 886, 1, 24, 419, 24336 }, // U+FDF7
    { 68, 38, 1116, 0, 24, 646, 24755 }, // U+FDF8
    { 63, 32, 1034, 1, 24, 504, 25401 }, // U+FDF9
    { 36, 31, 609, 1, 26, 279, 25905 }, // U+FDFA
    { 34, 34, 543, 0, 26, 289, 26184 }, // U+FDFB
    { 38, 31, 640, 1, 24, 295, 26473 }, // U+FDFC
    { 50, 33, 833, 1, 25, 413, 26768 }, // U+FDFE
    { 32, 28, 545, 1, 23, 224, 27181 }, // U+FDFF
    { 8, 9, 162, 1, 29, 18, 27405 }, // U+FE70
    { 11, 23, 144, 0, 22, 64, 27423 }, // U+FE71
    { 12, 9, 199, 0, 28, 27, 27487 }, // U+FE72
    { 10, 14, 142, 1, 6, 35, 27514 }, // U+FE73
    { 8, 8, 162, 1, -1, 16, 27549 }, // U+FE74
    { 8, 5, 162, 1, 25, 10, 27565 }, // U+FE76
    { 11, 19, 144, 0, 18, 53, 27575 }, // U+FE77
    { 9, 9, 171, 0, 28, 21, 27628 }, // U+FE78
    { 12, 22, 144, -1, 21, 66, 27649 }, // U+FE79
    { 8, 5, 162, 1, -1, 10, 27715 }, // U+FE7A
    { 11, 9, 144, 0, 3, 25, 27725 }, // U+FE7B
    { 10, 8, 172, 0, 27, 20, 27750 }, // U+FE7C
    { 12, 21, 144, -1, 20, 63, 27770 }, // U+FE7D
    { 6, 7, 125, 1, 27, 11, 27833 }, // U+FE7E
    { 11, 21, 144, 0, 20, 58, 27844 }, // U+FE7F
    { 13, 14, 219, 0, 12, 46, 27902 }, // U+FE80
    { 12, 28, 125, -2, 28, 84, 27948 }, // U+FE81
    { 14, 32, 155, -2, 31, 112, 28032 }, // U+FE82
    { 7, 32, 125, 0, 32, 56, 28144 }, // U+FE83
    { 12, 36, 155, 0, 35, 108, 28200 }, // U+FE84
    { 13, 30, 238, 1, 22, 98, 28308 }, // U+FE85
    { 17, 30, 252, 1, 22, 128, 28406 }, // U+FE86
    { 8, 34, 127, 1, 24, 68, 28534 }, // U+FE87
    { 11, 34, 155, 1, 24, 94, 28602 }, // U+FE88
    { 24, 24, 405, 1, 16, 144, 28696 }, // U+FE89
    { 26, 24, 392, 1, 16, 156, 28840 }, // U+FE8A
    { 8, 25, 143, 0, 24, 50, 28996 }, // U+FE8B
    { 14, 21, 183, 0, 20, 74, 29046 }, // U+FE8C
    { 4, 24, 127, 2, 24, 24, 29120 }, // U+FE8D
    { 10, 25, 155, 2, 24, 63, 29144 }, // U+FE8E
    { 31, 22, 530, 1, 14, 171, 29207 }, // U+FE8F
    { 38, 20, 583, 1, 12, 190, 29378 }, // U+FE90
    { 8, 21, 143, 0, 14, 42, 29568 }, // U+FE91
    { 14, 17, 183, 0, 10, 60, 29610 }, // U+FE92
    { 12, 23, 216, 1, 23, 69, 29670 }, // U+FE93
    { 17, 26, 259, 1, 25, 111, 29739 }, // U+FE94
    { 31, 19, 530, 1, 18, 148, 29850 }, // U+FE95
    { 38, 19, 583, 1, 18, 181, 29998 }, // U+FE96
    { 9, 22, 143, 0, 21, 50, 30179 }, // U+FE97
    { 15, 18, 199, 0, 17, 68, 30229 }, // U+FE98
    { 31, 22, 530, 1, 21, 171, 30297 }, // U+FE99
    { 38, 22, 583, 1, 21, 209, 30468 }, // U+FE9A
    { 9, 25, 143, 0, 24, 57, 30677 }, // U+FE9B
    { 15, 21, 199, 0, 20, 79, 30734 }, // U+FE9C
    { 20, 28, 341, 0, 14, 140, 30813 }, // U+FE9D
    { 24, 28, 346, 0, 14, 168, 30953 }, // U+FE9E
    { 19, 19, 314, 0, 12, 91, 31121 }, // U+FE9F
    { 23, 19, 340, 0, 12, 110, 31212 }, // U+FEA0
    { 20, 28, 341, 0, 14, 140, 31322 }, // U+FEA1
    { 24, 28, 346, 0, 14, 168, 31462 }, // U+FEA2
    { 19, 13, 314, 0, 12, 62, 31630 }, // U+FEA3
    { 23, 13, 340, 0, 12, 75, 31692 }, // U+FEA4
    { 20, 35, 341, 0, 21, 175, 31767 }, // U+FEA5
    { 24, 35, 346, 0, 21, 210, 31942 }, // U+FEA6
    { 19, 20, 314, 0, 19, 95, 32152 }, // U+FEA7
    { 23, 20, 340, 0, 19, 115, 32247 }, // U+FEA8
    { 14, 17, 254, 1, 16, 60, 32362 }, // U+FEA9
    { 19, 17, 284, 1, 16, 81, 32422 }, // U+FEAA
    { 14, 24, 254, 1, 23, 84, 32503 }, // U+FEAB
    { 19, 24, 284, 1, 23, 114, 32587 }, // U+FEAC
    { 12, 20, 196, -1, 12, 60, 32701 }, // U+FEAD
    { 16, 20, 211, -1, 12, 80, 32761 }, // U+FEAE
    { 12, 27, 196, -1, 19, 81, 32841 }, // U+FEAF
    { 16, 27, 211, -1, 19, 108, 32922 }, // U+FEB0
    { 38, 22, 645, 1, 14, 209, 33030 }, // U+FEB1
    { 43, 20, 677, 1, 12, 215, 33239 }, // U+FEB2
    { 25, 15, 418, 0, 14, 94, 33454 }, // U+FEB3
    { 30, 13, 453, 0, 12, 98, 33548 }, // U+FEB4
    { 38, 30, 645, 1, 22, 285, 33646 }, // U+FEB5
    { 43, 30, 677, 1, 22, 323, 33931 }, // U+FEB6
    { 25, 23, 418, 0, 22, 144, 34254 }, // U+FEB7
    { 30, 23, 453, 0, 22, 173, 34398 }, // U+FEB8
    { 42, 21, 696, 1, 13, 221, 34571 }, // U+FEB9
    { 46, 21, 721, 1, 13, 242, 34792 }, // U+FEBA
    { 29, 14, 482, 0, 13, 102, 35034 }, // U+FEBB
    { 34, 14, 506, 0, 13, 119, 35136 }, // U+FEBC
    { 42, 28, 696, 1, 20, 294, 35255 }, // U+FEBD
    { 46, 28, 721, 1, 20, 322, 35549 }, // U+FEBE
    { 29, 21, 482, 0, 20, 153, 35871 }, // U+FEBF
    { 34, 21, 506, 0, 20, 179, 36024 }, // U+FEC0
    { 25, 25, 420, 0, 24, 157, 36203 }, // U+FEC1
    { 30, 25, 443, 0, 24, 188, 36360 }, // U+FEC2
    { 22, 25, 361, 0, 24, 138, 36548 }, // U+FEC3
    { 26, 25, 379, 0, 24, 163, 36686 }, // U+FEC4
    { 25, 25, 420, 0, 24, 157, 36849 }, // U+FEC5
    { 30, 25, 443, 0, 24, 188, 37006 }, // U+FEC6
    { 22, 25, 361, 0, 24, 138, 37194 }, // U+FEC7
    { 26, 25, 379, 0, 24, 163, 37332 }, // U+FEC8
    { 20, 31, 270, 0, 17, 155, 37495 }, // U+FEC9
    { 20, 28, 283, 0, 14, 140, 37650 }, // U+FECA
    { 16, 16, 268, 0, 15, 64, 37790 }, // U+FECB
    { 20, 15, 278, 0, 14, 75, 37854 }, // U+FECC
    { 20, 38, 270, 0, 24, 190, 37929 }, // U+FECD
    { 20, 35, 283, 0, 21, 175, 38119 }, // U+FECE
    { 16, 23, 268, 0, 22, 92, 38294 }, // U+FECF
    { 20, 22, 278, 0, 21, 110, 38386 }, // U+FED0
    { 31, 25, 524, 1, 24, 194, 38496 }, // U+FED1
    { 38, 22, 586, 1, 21, 209, 38690 }, // U+FED2
    { 14, 25, 238, 0, 24, 88, 38899 }, // U+FED3
    { 19, 22, 264, 0, 21, 105, 38987 }, // U+FED4
    { 24, 28, 413, 1, 21, 168, 39092 }, // U+FED5
    { 28, 29, 431, 1, 19, 203, 39260 }, // U+FED6
    { 14, 25, 238, 0, 24, 88, 39463 }, // U+FED7
    { 19, 22, 264, 0, 21, 105, 39551 }, // U+FED8
    { 27, 25, 470, 1, 24, 169, 39656 }, // U+FED9
    { 32, 25, 492, 1, 24, 200, 39825 }, // U+FEDA
    { 15, 25, 220, 0, 24, 94, 40025 }, // U+FEDB
    { 19, 25, 271, 0, 24, 119, 40119 }, // U+FEDC
    { 21, 32, 371, 1, 24, 168, 40238 }, // U+FEDD
    { 25, 32, 389, 1, 24, 200, 40406 }, // U+FEDE
    { 7, 25, 139, 0, 24, 44, 40606 }, // U+FEDF
    { 12, 25, 160, 0, 24, 75, 40650 }, // U+FEE0
    { 15, 27, 258, 0, 13, 102, 40725 }, // U+FEE1
    { 21, 27, 300, 0, 13, 142, 40827 }, // U+FEE2
    { 16, 13, 280, 0, 12, 52, 40969 }, // U+FEE3
    { 21, 14, 308, 0, 13, 74, 41021 }, // U+FEE4
    { 21, 25, 365, 1, 17, 132, 41095 }, // U+FEE5
    { 25, 25, 389, 1, 17, 157, 41227 }, // U+FEE6
    { 8, 22, 143, 0, 21, 44, 41384 }, // U+FEE7
    { 14, 18, 183, 0, 17, 63, 41428 }, // U+FEE8
    { 12, 16, 216, 1, 16, 48, 41491 }, // U+FEE9
    { 17, 19, 259, 1, 18, 81, 41539 }, // U+FEEA
    { 18, 18, 306, 0, 17, 81, 41620 }, // U+FEEB
    { 19, 22, 270, 0, 14, 105, 41701 }, // U+FEEC
    { 13, 20, 238, 1, 12, 65, 41806 }, // U+FEED
    { 17, 20, 252, 1, 12, 85, 41871 }, // U+FEEE
    { 24, 22, 405, 1, 14, 132, 41956 }, // U+FEEF
    { 26, 14, 392, 1, 6, 91, 42088 }, // U+FEF0
    { 24, 29, 405, 1, 14, 174, 42179 }, // U+FEF1
    { 26, 21, 392, 1, 6, 137, 42353 }, // U+FEF2
    { 9, 21, 159, -1, 14, 48, 42490 }, // U+FEF3
    { 15, 17, 199, 0, 10, 64, 42538 }, // U+FEF4
    { 21, 25, 310, -3, 25, 132, 42602 }, // U+FEF5
    { 24, 26, 319, -2, 25, 156, 42734 }, // U+FEF6
    { 19, 29, 310, -1, 29, 138, 42890 }, // U+FEF7
    { 22, 30, 319, 0, 29, 165, 43028 }, // U+FEF8
    { 17, 34, 310, 1, 24, 145, 43193 }, // U+FEF9
    { 21, 34, 319, 1, 24, 179, 43338 }, // U+FEFA
    { 17, 24, 310, 1, 24, 102, 43517 }, // U+FEFB
    { 21, 25, 319, 1, 24, 132, 43619 }, // U+FEFC
    { 0, 0, 0, 0, 0, 0, 43751 }, // U+FEFF
    { 31, 32, 533, 1, 26, 248, 0 }, // U+FFFD
    { 23, 10, 0, 0, -1, 58, 0 }, // U+10EFD
    { 24, 13, 0, -1, -1, 78, 58 }, // U+10EFE
    { 13, 7, 0, 0, -1, 23, 136 }, // U+10EFF
};

static const EpdUnicodeInterval arabic_16_regularIntervals[] = {
    { 0x600, 0x6FF, 0x0 },
    { 0x750, 0x77F, 0x100 },
    { 0x870, 0x88E, 0x130 },
    { 0x890, 0x891, 0x14F },
    { 0x898, 0x8FF, 0x151 },
    { 0xFB50, 0xFBC2, 0x1B9 },
    { 0xFBD3, 0xFD8F, 0x22C },
    { 0xFD92, 0xFDC7, 0x3E9 },
    { 0xFDCF, 0xFDCF, 0x41F },
    { 0xFDF0, 0xFDFC, 0x420 },
    { 0xFDFE, 0xFDFF, 0x42D },
    { 0xFE70, 0xFE74, 0x42F },
    { 0xFE76, 0xFEFC, 0x434 },
    { 0xFEFF, 0xFEFF, 0x4BB },
    { 0xFFFD, 0xFFFD, 0x4BC },
    { 0x10EFD, 0x10EFF, 0x4BD },
};

static const EpdFontGroup arabic_16_regularGroups[] = {
    { 0, 12649, 65497, 531, 0 },
    { 12649, 10286, 65462, 298, 531 },
    { 22935, 12006, 65400, 180, 829 },
    { 34941, 10168, 45450, 203, 1009 },
    { 45109, 139, 256, 1, 1212 },
    { 45248, 128, 166, 3, 1213 },
};

static const EpdKernClassEntry arabic_16_regularKernLeftClasses[] = {
    { 0x0660, 1 }, // U+0660
    { 0x0662, 2 }, // U+0662
    { 0x0664, 3 }, // U+0664
    { 0x0665, 4 }, // U+0665
    { 0x0667, 5 }, // U+0667
    { 0x0692, 6 }, // U+0692
    { 0x0693, 6 }, // U+0693
    { 0x0695, 6 }, // U+0695
    { 0x06EF, 6 }, // U+06EF
    { 0x06F1, 7 }, // U+06F1
    { 0x06F2, 2 }, // U+06F2
    { 0x06F3, 2 }, // U+06F3
    { 0x06F4, 2 }, // U+06F4
    { 0x06F5, 8 }, // U+06F5
    { 0x06F7, 9 }, // U+06F7
    { 0x06F8, 10 }, // U+06F8
    { 0x075B, 6 }, // U+075B
    { 0xFB8C, 6 }, // U+FB8C
    { 0xFEAD, 6 }, // U+FEAD
    { 0xFEAE, 6 }, // U+FEAE
    { 0xFEAF, 6 }, // U+FEAF
};

static const EpdKernClassEntry arabic_16_regularKernRightClasses[] = {
    { 0x0647, 1 }, // U+0647
    { 0x0660, 2 }, // U+0660
    { 0x0665, 3 }, // U+0665
    { 0x0666, 4 }, // U+0666
    { 0x0667, 5 }, // U+0667
    { 0x066F, 6 }, // U+066F
    { 0x06A1, 6 }, // U+06A1
    { 0x06AA, 1 }, // U+06AA
    { 0x06F5, 7 }, // U+06F5
    { 0x06F8, 8 }, // U+06F8
    { 0x06F9, 9 }, // U+06F9
    { 0xFB8E, 1 }, // U+FB8E
    { 0xFBA6, 1 }, // U+FBA6
    { 0xFBAA, 1 }, // U+FBAA
    { 0xFE8D, 10 }, // U+FE8D
    { 0xFEA3, 1 }, // U+FEA3
    { 0xFEA9, 6 }, // U+FEA9
    { 0xFEB1, 6 }, // U+FEB1
    { 0xFEB3, 6 }, // U+FEB3
    { 0xFEB9, 6 }, // U+FEB9
    { 0xFEBB, 6 }, // U+FEBB
    { 0xFEC1, 6 }, // U+FEC1
    { 0xFEC3, 6 }, // U+FEC3
    { 0xFECB, 10 }, // U+FECB
    { 0xFEDB, 1 }, // U+FEDB
    { 0xFEDF, 10 }, // U+FEDF
    { 0xFEE1, 1 }, // U+FEE1
    { 0xFEE3, 1 }, // U+FEE3
    { 0xFEE9, 1 }, // U+FEE9
    { 0xFEEB, 1 }, // U+FEEB
};

static const int8_t arabic_16_regularKernMatrix[] = {
       0,    0,    0,  -37,  -11,    0,    0,  -11,    0,    0,
       0,  -27,  -59,    0,    0,    0,  -27,  -27,   11,    0,
       0,    0,    0,  -24,  -16,    0,    0,    0,    0,    0,
       0,    0,    0,  -32,  -16,    0,    0,    0,    0,    0,
       0,  -11,  -16,   13,    0,    0,    0,  -24,   11,    0,
     -21,    0,    0,    0,    0,  -16,    0,    0,    0,  -13,
       0,    0,    0,  -11,    0,    0,    0,    0,    0,    0,
       0,    0,    0,  -32,    0,    0,    0,    0,    0,    0,
       0,    0,    0,   13,    0,    0,    0,  -24,    0,    0,
       0,  -11,    0,  -35,  -21,    0,    0,    0,  -11,    0,
};

static const EpdFontData arabic_16_regular = {
    arabic_16_regularBitmaps,
    arabic_16_regularGlyphs,
    arabic_16_regularIntervals,
    16,
    45,
    36,
    -10,
    true,
    arabic_16_regularGroups,
    6,
    nullptr,
    arabic_16_regularKernLeftClasses,
    arabic_16_regularKernRightClasses,
    arabic_16_regularKernMatrix,
    21,
    30,
    10,
    10,
    nullptr,
    0,
};
