/**
 * generated by fontconvert.py
 * name: arabic_18_bold
 * size: 18
 * mode: 2-bit  compressed: true
 * Command used: C:\Users\fatiha\Documents\side\lib\EpdFont\scripts\fontconvert.py arabic_18_bold 18 C:\Users\fatiha\Documents\side\lib\EpdFont\builtinFonts\source\NotoSansArabic\NotoSansArabic-Bold.ttf C:\Users\fatiha\Documents\side\lib\EpdFont\builtinFonts\source\NotoSans\NotoSans-Bold.ttf --only-additional-intervals --2bit --compress --pnum --group-max-uncompressed-bytes 32768 --additional-intervals 0x0600,0x06FF --additional-intervals 0x0750,0x077F --additional-intervals 0x0870,0x08FF --additional-intervals 0x10EC0,0x10EFF --additional-intervals 0x1EE00,0x1EEFF --additional-intervals 0xFB50,0xFDFF --additional-intervals 0xFE70,0xFEFF --additional-intervals 0xFFFD,0xFFFD
 */
#pragma once
#include "EpdFontData.h"

static const uint8_t arabic_18_boldBitmaps[71117] = {
    0xED, 0x3D, 0x4D, 0x8C, 0xDC, 0xD6, 0x79, 0x8F, 0x43, 0xED, 0x4C, 0x22, 0xA2, 0xE6, 0x1E, 0x64,
    0x23, 0x92, 0xD2, 0x30, 0x07, 0x1F, 0x1C, 0xB7, 0x36, 0xAF, 0x29, 0xEA, 0x15, 0x19, 0xE7, 0x10,
    0xF4, 0x14, 0x1D, 0xB4, 0x29, 0xAA, 0x14, 0x88, 0x0F, 0x1B, 0xA0, 0x35, 0xDA, 0xAA, 0x87, 0x1E,
    0x52, 0x60, 0x25, 0x32, 0xF1, 0x21, 0x47, 0xEF, 0x21, 0x29, 0xD0, 0x00, 0x45, 0x74, 0x90, 0x00,
    0x7B, 0x5D, 0x74, 0x73, 0xC8, 0xC1, 0x05, 0x76, 0x45, 0x3A, 0x06, 0xE2, 0x83, 0x0F, 0x19, 0xB8,
    0x68, 0x73, 0xC8, 0xA1, 0x0C, 0xA2, 0xD6, 0x48, 0x72, 0x08, 0xE5, 0x30, 0x2D, 0x25, 0x93, 0x7C,
    0xFD, 0xFE, 0xDE, 0x23, 0x39, 0x9A, 0x91, 0x54, 0xC3, 0xFA, 0xDF, 0xD9, 0x19, 0xF2, 0x0D, 0x87,
    0x3F, 0xEF, 0xFB, 0xDE, 0xF7, 0xFF, 0xBE, 0xEF, 0xAD, 0x52, 0xF2, 0x7A, 0xCE, 0x34, 0xD4, 0xAC,
    0xB5, 0xCD, 0xB0, 0x6F, 0x66, 0xB6, 0xE9, 0x68, 0xDB, 0x74, 0xF5, 0xBC, 0x6F, 0xAA, 0x61, 0x33,
    0xD2, 0xE6, 0x55, 0xDE, 0xAE, 0x59, 0xF4, 0x4D, 0x7B, 0x37, 0x7A, 0x9D, 0x1A, 0xB4, 0x9F, 0x8D,
    0x75, 0xFA, 0xFA, 0x66, 0x0C, 0x4F, 0xDF, 0x3C, 0xBB, 0x37, 0x4F, 0x5E, 0xD4, 0xEF, 0xD9, 0x8B,
    0xEA, 0x64, 0xA6, 0xFB, 0x57, 0x93, 0x7D, 0x79, 0xF4, 0x4D, 0x7F, 0xD8, 0x7F, 0x6B, 0x33, 0xFD,
    0x23, 0xFD, 0x1F, 0xBB, 0x6F, 0x68, 0x7D, 0x63, 0xF7, 0xBB, 0x2F, 0x36, 0x89, 0x4E, 0x6D, 0xA7,
    0x27, 0x4D, 0xA4, 0xD5, 0x31, 0x0B, 0x41, 0xED, 0xD5, 0xFD, 0xB3, 0xBD, 0x72, 0xD8, 0xAB, 0x49,
    0xAE, 0xC6, 0xAF, 0x13, 0x3B, 0x4B, 0x30, 0xE3, 0x69, 0x1D, 0x4B, 0x33, 0xD0, 0xDA, 0x5C, 0x12,
    0xF5, 0xCD, 0x64, 0x9E, 0xD8, 0x66, 0x1E, 0xD9, 0x66, 0x91, 0xA4, 0xFD, 0xB9, 0x1A, 0x3B, 0xBA,
    0xBB, 0x7B, 0xA9, 0x47, 0x50, 0xE5, 0xF7, 0x18, 0x74, 0xFB, 0xA6, 0x3A, 0xD7, 0x37, 0x6F, 0xFB,
    0xF2, 0xBA, 0xC1, 0x97, 0xC8, 0x76, 0xC8, 0xE9, 0x14, 0x8C, 0x85, 0x01, 0x52, 0xBB, 0xFD, 0xBD,
    0x5C, 0x0D, 0xD0, 0x54, 0xF6, 0x8B, 0xDF, 0x84, 0x95, 0x85, 0x72, 0xAF, 0x8C, 0x06, 0x43, 0x79,
    0x63, 0x38, 0xAE, 0xA3, 0x91, 0x05, 0xC0, 0x07, 0x5F, 0x3A, 0x4B, 0x1F, 0x5F, 0xD2, 0xFA, 0x6A,
    0xDF, 0x9B, 0xB5, 0x33, 0xEA, 0x4E, 0x5F, 0xCE, 0x95, 0x25, 0x07, 0x7D, 0xBD, 0x0C, 0xDE, 0x65,
    0x07, 0x67, 0x76, 0x78, 0xEC, 0x6B, 0x1D, 0x60, 0x4B, 0x17, 0x0F, 0x46, 0xC5, 0x44, 0x0F, 0x07,
    0x7C, 0x7A, 0x09, 0x47, 0xA9, 0x74, 0x46, 0x07, 0x23, 0xBC, 0x59, 0x56, 0xAA, 0xE1, 0x41, 0x87,
    0xF0, 0x07, 0x08, 0x1D, 0x12, 0x35, 0x20, 0x15, 0x28, 0x04, 0x8E, 0x0C, 0x0F, 0x02, 0x72, 0x75,
    0x3A, 0x59, 0x38, 0xE8, 0xEB, 0x3D, 0x5D, 0xCD, 0x74, 0x39, 0x7A, 0x7A, 0xD8, 0x30, 0xA5, 0x67,
    0xA3, 0x83, 0x95, 0xCA, 0x18, 0x97, 0x03, 0x88, 0xC2, 0x12, 0xC9, 0x0E, 0x5F, 0x6A, 0x74, 0x10,
    0x3A, 0xF0, 0x5B, 0xE0, 0x0A, 0xEA, 0xE0, 0x59, 0x20, 0xAD, 0xD7, 0xCF, 0x04, 0x40, 0xE8, 0xC0,
    0x08, 0x19, 0x0E, 0xBD, 0xB3, 0x67, 0xF9, 0x06, 0xBE, 0x9C, 0x51, 0x6B, 0x00, 0xEC, 0x74, 0x30,
    0x84, 0xF6, 0x4E, 0xC9, 0x70, 0x90, 0xD5, 0x88, 0x60, 0x85, 0x4E, 0x87, 0x07, 0x91, 0x86, 0x77,
    0xF7, 0x06, 0x67, 0x86, 0xFA, 0xBB, 0xA6, 0x19, 0x58, 0x48, 0x9E, 0xE8, 0xBB, 0xEF, 0xF4, 0xC3,
    0xB0, 0x76, 0x7A, 0x88, 0x66, 0xE1, 0xB4, 0x69, 0x0C, 0xA4, 0xAA, 0xFF, 0x0B, 0x9B, 0x4F, 0xE9,
    0xDC, 0x1D, 0xD0, 0x98, 0xD7, 0xB7, 0xE7, 0xFE, 0xA0, 0x8F, 0x61, 0x33, 0xC9, 0x2C, 0xE9, 0x95,
    0xCA, 0xA1, 0x2F, 0xD7, 0x63, 0xE5, 0x21, 0xCA, 0xD7, 0x36, 0x37, 0xE9, 0xD9, 0x23, 0x8A, 0x58,
    0x5B, 0xFB, 0x43, 0x7C, 0xE4, 0xF3, 0xDB, 0xB4, 0xDD, 0x00, 0x7E, 0x8D, 0x00, 0x2B, 0x51, 0x19,
    0xC2, 0x36, 0xAC, 0xC2, 0x1B, 0x85, 0x0A, 0xEA, 0x10, 0xFA, 0xE9, 0x37, 0x01, 0x6C, 0xBD, 0x16,
    0xB7, 0x2C, 0x03, 0x27, 0x5A, 0x39, 0xBB, 0xAF, 0x39, 0x3A, 0x75, 0xE1, 0x54, 0xEC, 0x52, 0xA3,
    0x32, 0xE8, 0x0C, 0x5C, 0x5C, 0x84, 0x37, 0x5E, 0x83, 0x5B, 0x44, 0x80, 0x88, 0xA0, 0xCA, 0x72,
    0xBC, 0x18, 0x29, 0xCE, 0x23, 0xCC, 0xBA, 0xBA, 0xA3, 0x6D, 0x43, 0xC4, 0x43, 0x08, 0x64, 0x0E,
    0xCC, 0x88, 0x2C, 0x58, 0x44, 0x44, 0xD4, 0xC7, 0x80, 0x7A, 0xF8, 0x7B, 0xB4, 0x3D, 0xC2, 0x18,
    0x23, 0xCC, 0xF8, 0x7C, 0xE6, 0xBC, 0x17, 0x9E, 0x78, 0x55, 0x32, 0x47, 0x24, 0xC3, 0x63, 0x89,
    0x58, 0x2E, 0xAC, 0xC3, 0xF5, 0x75, 0x54, 0x51, 0xCF, 0x2B, 0xEC, 0xB9, 0x13, 0xDF, 0xCF, 0x9E,
    0x5B, 0xC6, 0x1A, 0x48, 0x58, 0xBD, 0x84, 0x4F, 0x41, 0xCA, 0x1A, 0xF6, 0x74, 0xE0, 0x49, 0x86,
    0x2F, 0x80, 0x21, 0x94, 0x61, 0x46, 0x12, 0xB4, 0xC2, 0x44, 0x91, 0xEE, 0x59, 0x2F, 0x03, 0xB1,
    0xA4, 0x32, 0xA6, 0x3E, 0x3D, 0x4F, 0x2A, 0x6C, 0x23, 0xD0, 0x20, 0x92, 0x6A, 0x6C, 0x9F, 0xAB,
    0xF1, 0x16, 0x61, 0x0D, 0xDC, 0x0A, 0x00, 0xA5, 0x8E, 0x9E, 0x07, 0xCD, 0x54, 0xC3, 0x78, 0x6B,
    0xA2, 0x33, 0xA4, 0xA5, 0x08, 0x01, 0x15, 0x1A, 0x4B, 0x10, 0x5C, 0xE6, 0x80, 0x38, 0xF9, 0x7E,
    0xAB, 0x98, 0xD3, 0x5A, 0xB5, 0xE5, 0xB7, 0xD8, 0x77, 0x20, 0x31, 0x24, 0x0B, 0xD2, 0x04, 0x09,
    0xA1, 0xC1, 0x27, 0x81, 0x9B, 0x95, 0xCC, 0xEC, 0x31, 0x9E, 0x34, 0xE7, 0xF6, 0x1C, 0x2F, 0xCE,
    0x59, 0x32, 0x74, 0xF1, 0x54, 0x38, 0x6C, 0xC2, 0xCA, 0x8A, 0xE1, 0x1E, 0xB2, 0x13, 0x71, 0x58,
    0x6E, 0x10, 0xA3, 0x7B, 0x6D, 0x73, 0x0E, 0xAE, 0x5E, 0x29, 0x28, 0x53, 0xF5, 0x79, 0x3C, 0x1F,
    0x50, 0x00, 0xFD, 0x0A, 0x1A, 0x92, 0x52, 0x51, 0x37, 0xC1, 0x8E, 0xF8, 0x2D, 0x0D, 0xBC, 0x5B,
    0x79, 0x74, 0xAB, 0xB9, 0xDF, 0x30, 0x22, 0xF9, 0x79, 0x51, 0x29, 0x3A, 0x89, 0x3B, 0x92, 0x33,
    0xEE, 0xD3, 0xC1, 0x10, 0xB9, 0xAC, 0x4A, 0x3C, 0xBE, 0xCC, 0xAF, 0x8D, 0x40, 0x1A, 0x5C, 0xCD,
    0x34, 0x00, 0x57, 0x1F, 0x81, 0x01, 0x77, 0x74, 0xFC, 0x1C, 0x58, 0x1A, 0xF0, 0xD0, 0x2C, 0xCE,
    0xD2, 0x59, 0x3B, 0x01, 0x35, 0x0E, 0x0F, 0x9D, 0xE8, 0x6B, 0xBA, 0x04, 0x41, 0x94, 0xE4, 0x49,
    0x8E, 0x92, 0x0B, 0xFE, 0x26, 0x85, 0x3A, 0xB2, 0x40, 0x21, 0x03, 0x60, 0x2C, 0x38, 0x16, 0x20,
    0x0B, 0x92, 0x05, 0xAA, 0x07, 0xAB, 0x07, 0xCC, 0x82, 0x66, 0xBB, 0x67, 0xC1, 0x53, 0x56, 0x7A,
    0x3B, 0x46, 0x0B, 0x58, 0x3A, 0x74, 0x8D, 0xC6, 0xF4, 0xCC, 0x6D, 0xFC, 0xBA, 0x97, 0xBE, 0x0B,
    0xF7, 0xCB, 0xE6, 0xF6, 0x7E, 0x47, 0xD4, 0x00, 0xE8, 0xE7, 0x0D, 0xD8, 0x06, 0xF0, 0xF7, 0x74,
    0xC1, 0xA0, 0xF7, 0xC0, 0x5B, 0xF0, 0x2D, 0x02, 0x46, 0x28, 0x38, 0xA0, 0x4E, 0x11, 0xBB, 0xA6,
    0xB2, 0x71, 0xA8, 0x8F, 0xCF, 0x2C, 0x19, 0xF6, 0xDD, 0x18, 0x29, 0xAC, 0x44, 0xAA, 0x69, 0x90,
    0x8C, 0x3A, 0xA2, 0x2B, 0xB8, 0xEA, 0x67, 0x3A, 0x9D, 0x69, 0xE0, 0x1F, 0x40, 0x8E, 0xCE, 0x81,
    0x4E, 0x51, 0x52, 0x2A, 0x16, 0x97, 0x73, 0x94, 0x9F, 0x73, 0x14, 0xA8, 0x73, 0x87, 0xCC, 0xB1,
    0x73, 0x44, 0x6F, 0xC4, 0x6C, 0x5F, 0xD3, 0x31, 0x4A, 0x4D, 0x54, 0x36, 0x8D, 0x22, 0x9A, 0x44,
    0xBD, 0xA5, 0x46, 0xFA, 0x9B, 0x07, 0x66, 0xB8, 0x71, 0xFB, 0x0D, 0x62, 0x6A, 0x72, 0x11, 0x24,
    0x2B, 0xC8, 0xA9, 0x00, 0x44, 0x49, 0x92, 0x67, 0x79, 0x56, 0x66, 0x75, 0x52, 0x07, 0x06, 0x77,
    0x0E, 0x8C, 0x85, 0xDB, 0xB0, 0x1E, 0x0F, 0xD0, 0x8A, 0x84, 0x76, 0x56, 0x01, 0x90, 0x05, 0xF4,
    0x3B, 0x07, 0x9A, 0x67, 0x66, 0x82, 0x31, 0x57, 0x28, 0xC1, 0x00, 0x59, 0x03, 0x73, 0x6C, 0xD3,
    0xEA, 0x14, 0xAB, 0x69, 0x44, 0xD5, 0x11, 0xB7, 0x74, 0x46, 0xB1, 0x1A, 0x3D, 0x16, 0x82, 0x8A,
    0xE5, 0x91, 0x8E, 0x6A, 0x23, 0x5A, 0x7A, 0xCD, 0x9E, 0x14, 0xB6, 0x55, 0x32, 0x45, 0x7C, 0x42,
    0x25, 0x2D, 0x61, 0xDF, 0x01, 0x81, 0x08, 0x66, 0xE5, 0xE6, 0xE6, 0xCB, 0x70, 0xD3, 0xC0, 0x2A,
    0xC7, 0x59, 0xAF, 0x26, 0x8D, 0x65, 0xCA, 0xCA, 0x5D, 0x33, 0x77, 0xAE, 0xED, 0xEA, 0x5F, 0x5D,
    0x26, 0x28, 0xB3, 0xAB, 0xFC, 0xFC, 0x86, 0xFB, 0x58, 0xB3, 0x65, 0x50, 0xB3, 0x2D, 0x50, 0x51,
    0x27, 0xD3, 0x75, 0x65, 0x84, 0x08, 0x81, 0xDB, 0xEF, 0xE4, 0x20, 0xA0, 0xE8, 0x64, 0x81, 0x80,
    0xFD, 0x37, 0x8E, 0xB1, 0x2B, 0xA6, 0x9F, 0xC8, 0x8A, 0x90, 0x47, 0x25, 0xA1, 0x7B, 0x3A, 0xFC,
    0x78, 0x97, 0xA5, 0x88, 0xC7, 0x90, 0xC2, 0xE5, 0xA0, 0xE0, 0xC1, 0xA2, 0x80, 0xF1, 0x9C, 0x03,
    0x32, 0x3D, 0x4D, 0xDA, 0x0D, 0xC5, 0x9A, 0x4A, 0xAE, 0xB1, 0x6C, 0xFB, 0x5F, 0xDD, 0xED, 0xA1,
    0xB8, 0xD3, 0xF3, 0x89, 0x48, 0x3D, 0x14, 0x84, 0x35, 0xEF, 0x0A, 0xDC, 0xA1, 0xF0, 0x82, 0x81,
    0xF1, 0x75, 0xB7, 0x79, 0x4E, 0xA7, 0xAC, 0x70, 0xF1, 0xE1, 0x28, 0x9A, 0x22, 0x16, 0x5C, 0xC9,
    0x07, 0x64, 0x99, 0x04, 0xC5, 0xF4, 0x5F, 0x40, 0x47, 0x39, 0xF9, 0x4D, 0xD6, 0x59, 0xB5, 0x1E,
    0xB5, 0x75, 0x7B, 0xE1, 0x4A, 0x75, 0x2A, 0xD1, 0x60, 0x92, 0x57, 0xDB, 0x7F, 0x19, 0x83, 0xCE,
    0x7D, 0xD3, 0xAA, 0xE3, 0xA0, 0x58, 0x8F, 0xE6, 0xF5, 0x86, 0xDA, 0x3F, 0xB5, 0x0E, 0xBF, 0xE2,
    0x09, 0x5F, 0x57, 0xC3, 0x13, 0xA2, 0xF9, 0x76, 0xD4, 0x9E, 0x7F, 0xAA, 0xDD, 0xF0, 0xEA, 0x53,
    0x41, 0xBA, 0x71, 0xCA, 0x69, 0xB6, 0xC3, 0x7A, 0x3F, 0x2C, 0x8E, 0x1D, 0x51, 0x1E, 0x8A, 0x38,
    0x00, 0x77, 0xEA, 0xD5, 0xDB, 0xEB, 0x61, 0xB7, 0xBD, 0x7F, 0x25, 0xD9, 0x38, 0x5F, 0x45, 0x1B,
    0x91, 0x6E, 0xE1, 0x53, 0x9D, 0xDF, 0xF8, 0xB3, 0xAF, 0x36, 0x2F, 0x00, 0x15, 0x6D, 0xAB, 0x50,
    0x58, 0x7E, 0x0D, 0xF9, 0xCD, 0xFF, 0x72, 0xFC, 0xEC, 0x6E, 0xF6, 0x1B, 0x84, 0x00, 0x0D, 0xD5,
    0xFF, 0xE9, 0x5D, 0x01, 0xB8, 0x99, 0x07, 0xEF, 0x1F, 0xA7, 0x9E, 0x06, 0x8C, 0x35, 0x5E, 0xB9,
    0xEF, 0xE7, 0xFB, 0xC9, 0x6F, 0xEA, 0x44, 0x17, 0xCF, 0xEE, 0x82, 0x46, 0x03, 0x07, 0xE2, 0xF9,
    0x17, 0xE4, 0xB3, 0x01, 0xD8, 0xED, 0x3F, 0x4E, 0xB6, 0xA1, 0xA2, 0x76, 0x43, 0xE9, 0x9D, 0xE7,
    0x14, 0x8E, 0xA3, 0xBE, 0xFC, 0x72, 0x05, 0xF7, 0xAF, 0xA6, 0xD9, 0x8D, 0xD3, 0x93, 0xDC, 0x9D,
    0x03, 0x19, 0xBF, 0xE4, 0x54, 0xAA, 0xE6, 0xBF, 0x3F, 0x28, 0x93, 0xF9, 0x05, 0xA5, 0xB6, 0xC2,
    0x2A, 0x2B, 0xFE, 0x95, 0x9F, 0x5C, 0x45, 0xCD, 0x85, 0x83, 0xFD, 0x53, 0xE7, 0x37, 0xA2, 0xC6,
    0x87, 0xA3, 0x57, 0xD4, 0xE9, 0xC1, 0xEF, 0xCE, 0x2E, 0x0A, 0x17, 0x30, 0x74, 0x61, 0x58, 0x81,
    0x41, 0xC0, 0x6D, 0x8B, 0x5A, 0x64, 0x9E, 0x04, 0x86, 0x17, 0x98, 0xB5, 0x5E, 0x6D, 0x45, 0xC7,
    0x0A, 0xF4, 0x1E, 0xF8, 0x76, 0x00, 0x29, 0xBC, 0xB3, 0x0E, 0xAF, 0x9A, 0x1A, 0x87, 0x26, 0xE9,
    0x88, 0xB2, 0xE6, 0xC8, 0x34, 0x15, 0xA2, 0x03, 0xEE, 0xA8, 0xE1, 0x9C, 0x0C, 0xF4, 0xA4, 0xCA,
    0xF2, 0x09, 0x6E, 0x54, 0x81, 0x1B, 0xC5, 0xFA, 0x35, 0x41, 0x12, 0x43, 0xA6, 0x55, 0x41, 0x4B,
    0x5C, 0x67, 0x04, 0x16, 0x0B, 0x57, 0xF2, 0x78, 0xC8, 0x3C, 0x09, 0xF1, 0x6C, 0x62, 0x7B, 0x9F,
    0x36, 0xD7, 0x76, 0x90, 0x24, 0xD1, 0x28, 0xD1, 0x8D, 0x6C, 0xD0, 0xFA, 0x10, 0xA2, 0xCD, 0x06,
    0x86, 0x31, 0xAA, 0x7E, 0x32, 0x54, 0xA0, 0x6F, 0x5B, 0x2A, 0x72, 0xCB, 0xEC, 0x27, 0x35, 0xBC,
    0x93, 0x6F, 0x57, 0xC7, 0x9D, 0x1D, 0xA3, 0x0D, 0xAF, 0x92, 0xAC, 0xDB, 0x41, 0x82, 0xAC, 0x91,
    0x1C, 0x11, 0xD5, 0x1A, 0x88, 0xFB, 0x7B, 0xA0, 0xFE, 0x3B, 0xE5, 0xE5, 0x49, 0x4B, 0x0A, 0x83,
    0x54, 0x2A, 0x2A, 0x45, 0xE4, 0x9D, 0x19, 0xAA, 0x53, 0x87, 0xAC, 0x68, 0x72, 0x8A, 0x66, 0xA8,
    0x9D, 0x1D, 0xD2, 0xD4, 0xB4, 0xD9, 0xDD, 0x19, 0x61, 0xEE, 0xB8, 0x12, 0x3D, 0xEE, 0xF2, 0xC5,
    0x66, 0x43, 0x5F, 0xF9, 0xB2, 0x27, 0xE5, 0xD4, 0x93, 0xD7, 0x8D, 0x47, 0x50, 0x88, 0xBD, 0x5F,
    0x32, 0xFF, 0xB3, 0x19, 0x90, 0x89, 0x4E, 0xD7, 0xD7, 0x67, 0xF1, 0xC0, 0xA7, 0x36, 0x0E, 0x35,
    0xB9, 0x6B, 0xF0, 0x0B, 0xED, 0x41, 0x01, 0x91, 0x3B, 0xE3, 0xE3, 0xBE, 0x20, 0x99, 0xE0, 0x62,
    0x97, 0x43, 0xE4, 0x4A, 0x1C, 0x23, 0x94, 0x8A, 0x48, 0xB5, 0x15, 0x99, 0x11, 0x31, 0xEE, 0x01,
    0xBC, 0x94, 0xF6, 0x20, 0xE4, 0x68, 0x6C, 0xC0, 0x06, 0x09, 0x3B, 0xEA, 0x00, 0xFC, 0x34, 0x87,
    0xF3, 0x5A, 0x1C, 0xE0, 0x5D, 0x94, 0x40, 0x33, 0x31, 0xE9, 0x1D, 0xE3, 0x50, 0x44, 0x2C, 0xC6,
    0xC8, 0x0D, 0x20, 0x1E, 0x79, 0x6A, 0x97, 0x2D, 0x72, 0xE7, 0x35, 0x23, 0x59, 0x85, 0x35, 0x7E,
    0x23, 0x46, 0xD8, 0x6C, 0xBC, 0xF7, 0xAD, 0xA1, 0xA6, 0x46, 0xD7, 0x9D, 0x51, 0x62, 0xFB, 0xA0,
    0x33, 0x33, 0xD1, 0x24, 0x48, 0xE0, 0x09, 0x9E, 0xFE, 0x75, 0xCC, 0x6E, 0x1C, 0xC9, 0x39, 0xDA,
    0x00, 0xE4, 0x47, 0xE0, 0xFA, 0x2F, 0xEC, 0xE3, 0x79, 0x2D, 0x21, 0x8C, 0xFA, 0x83, 0x46, 0x18,
    0x79, 0x92, 0x20, 0xC0, 0xB0, 0x93, 0x04, 0xD4, 0x13, 0xF1, 0x58, 0xBA, 0x38, 0xF0, 0xDB, 0x1E,
    0x6A, 0xAE, 0xF4, 0x69, 0xC2, 0xE0, 0xC0, 0x9F, 0x40, 0xB2, 0x42, 0xB2, 0xBD, 0xDD, 0x07, 0xAD,
    0xB8, 0xDB, 0x7D, 0xA2, 0x15, 0x1F, 0x32, 0x15, 0x00, 0xFB, 0xC9, 0x45, 0x75, 0x5E, 0x29, 0xE0,
    0xE9, 0xE8, 0x7B, 0xA8, 0xD9, 0x32, 0xE8, 0xFC, 0x8E, 0x5A, 0xE7, 0x3E, 0xB6, 0x08, 0xE1, 0xAA,
    0xF7, 0x4C, 0xAF, 0x7C, 0xBB, 0x37, 0xBD, 0x45, 0x62, 0x96, 0xC6, 0xF4, 0xCC, 0x2E, 0x12, 0xC7,
    0x88, 0xE9, 0xA0, 0xA2, 0x7F, 0x52, 0x82, 0x25, 0xD2, 0x86, 0xD9, 0x0E, 0x79, 0xBD, 0x56, 0x6D,
    0xB6, 0x44, 0x8C, 0x29, 0x62, 0xB9, 0x40, 0x4A, 0x28, 0x91, 0x2C, 0x1A, 0x15, 0x74, 0x20, 0x46,
    0xA2, 0xDA, 0x47, 0xCF, 0x09, 0x88, 0x2F, 0x2A, 0xE1, 0xD1, 0x51, 0x85, 0x1B, 0x1C, 0x83, 0xC8,
    0x88, 0x7C, 0xA4, 0xEB, 0x0E, 0x09, 0xA7, 0x15, 0x19, 0xE0, 0xE0, 0x98, 0x9C, 0x43, 0xD3, 0x1B,
    0x47, 0x28, 0x43, 0x72, 0xCA, 0x90, 0xA7, 0x13, 0x24, 0xDC, 0x08, 0x79, 0xE2, 0x73, 0xA4, 0xB6,
    0x63, 0xE4, 0x2F, 0xC0, 0xF3, 0xF2, 0x77, 0x89, 0x90, 0x2C, 0x7D, 0x47, 0xAB, 0xDF, 0x42, 0x92,
    0x95, 0x60, 0xFE, 0x60, 0x88, 0xF9, 0xAE, 0xC7, 0xFC, 0xD8, 0x24, 0x34, 0xD7, 0x21, 0xD2, 0x90,
    0x65, 0x0F, 0x84, 0x65, 0x0F, 0x84, 0x65, 0xA3, 0x7F, 0x64, 0x96, 0x05, 0x04, 0x12, 0xCB, 0xA2,
    0xC8, 0x44, 0x96, 0xCD, 0x76, 0x98, 0x65, 0xD7, 0x1F, 0x6C, 0x96, 0xDD, 0x8C, 0xF5, 0x3C, 0x2B,
    0x16, 0xFE, 0xCA, 0x64, 0xE1, 0x2F, 0xBA, 0xE9, 0xCF, 0xA0, 0xE9, 0xB4, 0x8D, 0x22, 0x48, 0x98,
    0x2C, 0xAA, 0xA2, 0x42, 0xCC, 0x27, 0x39, 0x2B, 0x68, 0xD8, 0xE1, 0x01, 0x58, 0xC5, 0xDD, 0xF2,
    0x5B, 0x91, 0xDD, 0x7E, 0x2B, 0x46, 0x99, 0xD7, 0x49, 0x5C, 0xC9, 0xEF, 0x32, 0xF1, 0x17, 0xDA,
    0x84, 0x54, 0xC4, 0x54, 0x37, 0x91, 0xEE, 0x2E, 0x9F, 0x7D, 0x03, 0x88, 0x2E, 0x34, 0xE1, 0x2C,
    0xE3, 0xD0, 0xE7, 0x8E, 0x71, 0xDF, 0xC5, 0xE2, 0x42, 0xDA, 0x3D, 0x9B, 0xDD, 0x78, 0x3D, 0xBE,
    0x6D, 0xA4, 0xE8, 0x69, 0x1B, 0x91, 0xB1, 0xFE, 0x65, 0x6C, 0xC2, 0x31, 0xF1, 0xC2, 0x4F, 0xEA,
    0x2F, 0xD8, 0x9B, 0xFE, 0x24, 0x48, 0x8E, 0x28, 0x07, 0x30, 0xE6, 0xF4, 0xA9, 0x92, 0xDC, 0xD9,
    0x39, 0x31, 0xBE, 0xED, 0xEF, 0x23, 0x93, 0xA5, 0x14, 0xE2, 0x41, 0xD7, 0xD7, 0x61, 0xBB, 0x2F,
    0x75, 0x39, 0xF2, 0x50, 0x06, 0x4D, 0x06, 0x68, 0x09, 0x9B, 0xA4, 0xC0, 0x3B, 0x78, 0x2D, 0xDA,
    0xDB, 0xF0, 0x4B, 0xAB, 0xAB, 0xB0, 0x41, 0x13, 0x3A, 0x61, 0xAD, 0xC4, 0x1E, 0x67, 0x76, 0xBD,
    0x57, 0x2B, 0x2F, 0x89, 0xEE, 0x7D, 0x45, 0x4C, 0x57, 0xFD, 0x4E, 0xB7, 0xD0, 0xC8, 0xCC, 0x4F,
    0xC7, 0xD5, 0xC5, 0x87, 0x66, 0x5C, 0x2E, 0x98, 0x86, 0x0D, 0x53, 0xF5, 0x0D, 0xF3, 0x93, 0x71,
    0x63, 0x82, 0x6F, 0x19, 0x96, 0xFC, 0x69, 0xB3, 0xD8, 0x78, 0xBB, 0x31, 0xF1, 0x82, 0x9D, 0x07,
    0x19, 0xF6, 0xE9, 0xEE, 0x77, 0x44, 0xC7, 0xEF, 0xF0, 0x0E, 0x6D, 0xF0, 0x80, 0x83, 0x4E, 0x01,
    0x47, 0xD8, 0xFC, 0xDD, 0x4C, 0xFC, 0x93, 0x73, 0xEC, 0xC9, 0x9F, 0xA4, 0xDD, 0x84, 0x5D, 0x95,
    0x90, 0x02, 0x5C, 0x13, 0x36, 0xE4, 0x7D, 0x7D, 0x5D, 0x19, 0x63, 0x05, 0xF0, 0xD5, 0x32, 0xF1,
    0x96, 0xAC, 0x57, 0xD3, 0x41, 0xE4, 0x13, 0x84, 0x0B, 0x18, 0xA8, 0x00, 0xBD, 0x42, 0x3C, 0x44,
    0xA5, 0xD1, 0x4F, 0xB2, 0x8B, 0x58, 0x9B, 0xE1, 0x29, 0x82, 0x95, 0x44, 0x9C, 0x75, 0xC6, 0x6A,
    0xD4, 0x89, 0x03, 0x05, 0x08, 0xFA, 0x6B, 0x94, 0x7A, 0x97, 0xF7, 0x3A, 0xE5, 0x0E, 0x9D, 0x9A,
    0x98, 0xCD, 0xFB, 0x98, 0x0C, 0x2C, 0xC4, 0xDE, 0xF4, 0xCA, 0xA5, 0xFB, 0x09, 0x2D, 0x8F, 0xF5,
    0x28, 0x5C, 0x71, 0xAB, 0xDD, 0xC7, 0x02, 0x2D, 0xF4, 0xA6, 0x18, 0x46, 0x01, 0x16, 0xFC, 0xB3,
    0x7A, 0x10, 0x91, 0x5B, 0xF6, 0x7A, 0xDC, 0x90, 0x45, 0xAF, 0xCF, 0x90, 0xE0, 0xA2, 0xD0, 0x45,
    0x8E, 0x9B, 0xC2, 0x04, 0x09, 0x93, 0xDA, 0x3C, 0x83, 0xC2, 0x64, 0xA4, 0x2A, 0x67, 0x36, 0xC6,
    0x31, 0xE1, 0xB3, 0xF3, 0x27, 0xE2, 0x93, 0x3A, 0xC7, 0xDB, 0xA7, 0x11, 0xB9, 0xA6, 0x88, 0x08,
    0x94, 0xA0, 0xA8, 0xE4, 0xD2, 0xDE, 0x39, 0x13, 0xB8, 0x12, 0xBB, 0x21, 0x69, 0x30, 0x5D, 0xA6,
    0x23, 0xEE, 0x41, 0x87, 0xD8, 0xEE, 0x85, 0x6F, 0xE0, 0x20, 0x39, 0xE4, 0x30, 0x97, 0x8C, 0x55,
    0x1C, 0x03, 0xF0, 0xBC, 0x69, 0x48, 0x7C, 0xF9, 0x60, 0x1B, 0x8F, 0xE1, 0x6F, 0xBA, 0xA4, 0x0E,
    0x05, 0x24, 0x61, 0xE2, 0x80, 0x9C, 0xE9, 0x0A, 0xB0, 0x9B, 0x93, 0x8D, 0x86, 0x51, 0xDE, 0x35,
    0x96, 0x52, 0x31, 0xDD, 0x5B, 0xB1, 0x33, 0xCE, 0xFE, 0xD5, 0xF1, 0x65, 0x93, 0x1D, 0x77, 0xB1,
    0x0F, 0x7D, 0xC0, 0x5C, 0x2D, 0x8F, 0xE0, 0x8E, 0xE7, 0x5F, 0x46, 0xF3, 0x2E, 0x26, 0xEA, 0x32,
    0x45, 0x53, 0x50, 0x22, 0xBA, 0xA8, 0x9C, 0x23, 0x13, 0x85, 0xC1, 0x13, 0x60, 0x44, 0xD9, 0x23,
    0xC2, 0x13, 0x12, 0xFC, 0x82, 0x6E, 0x12, 0x9E, 0x90, 0x61, 0x84, 0x97, 0x42, 0x72, 0x3C, 0x79,
    0xA2, 0x39, 0xCC, 0xA7, 0x4B, 0x87, 0x62, 0xBF, 0x44, 0xF0, 0x59, 0x3B, 0xD3, 0x15, 0xF8, 0x69,
    0x68, 0x6D, 0x99, 0x69, 0x8B, 0x9C, 0x4C, 0x2B, 0xF9, 0x92, 0x0E, 0xBF, 0x08, 0xF9, 0xC0, 0x38,
    0x52, 0x38, 0x84, 0x7C, 0xCF, 0xF7, 0xE1, 0x62, 0xE0, 0xD4, 0xA8, 0x31, 0x8E, 0xA0, 0xCC, 0x8B,
    0xBA, 0x26, 0x5E, 0x08, 0xB6, 0x1A, 0x7D, 0xC4, 0xDD, 0xE9, 0x76, 0xED, 0x44, 0xC9, 0x6C, 0x10,
    0xC7, 0xE5, 0xA8, 0x6E, 0x35, 0x9C, 0x41, 0x99, 0x0F, 0x66, 0x80, 0xDA, 0xC1, 0x7C, 0xE2, 0xEE,
    0xAD, 0x6D, 0x9A, 0xA1, 0x37, 0xEF, 0x76, 0xAB, 0xBE, 0x4C, 0xDA, 0xE1, 0x35, 0x5B, 0x83, 0x76,
    0x32, 0x2B, 0xFA, 0x2F, 0xFA, 0xD5, 0x6A, 0xC5, 0x97, 0xEC, 0xCB, 0x83, 0xB9, 0xC4, 0xE3, 0x4E,
    0x7A, 0x38, 0xDA, 0xF7, 0x6E, 0xB4, 0x87, 0xB3, 0x5E, 0x93, 0xE1, 0xC4, 0x5E, 0x38, 0x98, 0x45,
    0x73, 0xEC, 0x13, 0xA6, 0xFC, 0xF0, 0xC6, 0x60, 0x34, 0x34, 0x1D, 0x41, 0x8C, 0x66, 0xC0, 0xBD,
    0x9D, 0x60, 0x74, 0x02, 0x8E, 0x81, 0xA7, 0x05, 0xA3, 0x18, 0xE0, 0x98, 0x69, 0xC1, 0xA8, 0x0F,
    0x97, 0x79, 0x5A, 0x30, 0x1A, 0xE1, 0xA4, 0x46, 0xC7, 0x18, 0xED, 0x32, 0x94, 0x69, 0xCD, 0x10,
    0xA3, 0xF5, 0x10, 0x89, 0xE5, 0x2A, 0xF4, 0xB6, 0x82, 0xD1, 0x9F, 0x67, 0xE4, 0x87, 0x30, 0x46,
    0x0B, 0x45, 0x73, 0x6D, 0x61, 0x37, 0xC2, 0xE8, 0xDC, 0xCC, 0x82, 0x10, 0x46, 0xDF, 0x58, 0x8E,
    0x51, 0x67, 0x35, 0x46, 0x67, 0x63, 0x8C, 0x2E, 0xF3, 0x09, 0xC2, 0xE1, 0x97, 0xD1, 0xE4, 0xED,
    0x28, 0xE9, 0x60, 0xF4, 0x4B, 0x96, 0x2E, 0xC4, 0x7B, 0xEE, 0xE0, 0x75, 0x38, 0x72, 0x1F, 0xD3,
    0xC8, 0x39, 0x9B, 0x63, 0x1F, 0x6D, 0x22, 0x3C, 0x77, 0xE7, 0xFB, 0x7C, 0xB4, 0x77, 0x06, 0xFB,
    0x4D, 0xDE, 0x07, 0xD8, 0x29, 0x47, 0xBF, 0x45, 0x56, 0x95, 0xA3, 0xDF, 0x25, 0x68, 0x1D, 0x49,
    0x44, 0x71, 0x4C, 0x3A, 0x05, 0x3A, 0xD3, 0xBC, 0x9F, 0x93, 0x4D, 0x81, 0x30, 0xA2, 0xE0, 0xA0,
    0x50, 0x46, 0x09, 0xF7, 0xC7, 0x76, 0x79, 0x0C, 0x91, 0x12, 0xD8, 0x8C, 0x07, 0x93, 0xEC, 0x20,
    0x93, 0xE2, 0x8D, 0xEC, 0x0B, 0xDE, 0x5F, 0xE7, 0x49, 0xE7, 0x33, 0xAB, 0xE0, 0xBC, 0x20, 0x7B,
    0x36, 0x38, 0x52, 0x87, 0xE7, 0x60, 0xEC, 0x5E, 0xF1, 0x1C, 0x62, 0x2A, 0x31, 0xC8, 0x87, 0x04,
    0xCE, 0x3B, 0x98, 0xF4, 0xF8, 0xF7, 0x97, 0xEC, 0x6C, 0xE9, 0xA2, 0x51, 0xDD, 0x8C, 0x27, 0x3D,
    0xDE, 0x5F, 0x3E, 0xE9, 0xC1, 0x34, 0x7C, 0x9D, 0x9F, 0x30, 0x9A, 0xF4, 0xC8, 0x07, 0x96, 0x70,
    0xF8, 0xFF, 0xB5, 0x84, 0xCD, 0x99, 0x9D, 0x70, 0x32, 0x90, 0xEF, 0x5F, 0x21, 0xBD, 0xFF, 0xC3,
    0x5E, 0xC3, 0x26, 0x70, 0x27, 0x68, 0x54, 0x6C, 0x02, 0x73, 0xEC, 0x05, 0xE1, 0x7D, 0x8A, 0x4D,
    0xE0, 0x90, 0xC7, 0x36, 0xCB, 0x87, 0x12, 0x47, 0x76, 0x92, 0x06, 0x74, 0x0B, 0xF9, 0xF2, 0x58,
    0xA3, 0x6E, 0x94, 0x1B, 0x60, 0xB3, 0x45, 0x42, 0x91, 0x20, 0xC1, 0xAB, 0x72, 0x24, 0x7C, 0xCB,
    0xFC, 0x92, 0xAF, 0x99, 0x8B, 0x32, 0xAB, 0x70, 0x45, 0xAC, 0x98, 0xBC, 0x19, 0xCF, 0xCC, 0xA2,
    0x27, 0x32, 0x2B, 0xE8, 0x1A, 0xE1, 0x1C, 0x18, 0x71, 0x14, 0x19, 0x19, 0x15, 0x19, 0xA3, 0xCA,
    0x36, 0xD0, 0x06, 0xA6, 0x54, 0x31, 0x9E, 0x5D, 0x2D, 0x90, 0xF7, 0x1A, 0x41, 0x46, 0xA6, 0x05,
    0x72, 0x34, 0x11, 0x28, 0xDE, 0x80, 0xB2, 0x9A, 0xE2, 0x0D, 0x0E, 0x9C, 0xCD, 0x4F, 0xC1, 0x4C,
    0xA1, 0x52, 0x90, 0xC3, 0xF1, 0x06, 0x68, 0x70, 0xBC, 0x01, 0xBE, 0x62, 0xBC, 0xE1, 0x2B, 0x7B,
    0x30, 0xBA, 0xA1, 0xC9, 0xE8, 0xF2, 0xF4, 0x88, 0x57, 0xB5, 0xB8, 0x8B, 0x3C, 0xF1, 0x7A, 0x36,
    0xFB, 0xD5, 0x77, 0x96, 0x98, 0x65, 0x8F, 0x21, 0xEC, 0xAB, 0xD2, 0x1F, 0x9E, 0x36, 0x59, 0x7C,
    0x66, 0x06, 0xF8, 0x77, 0x66, 0xCA, 0xE2, 0x9A, 0x1C, 0x71, 0xE7, 0xDF, 0x30, 0x1A, 0xC8, 0xE6,
    0x1A, 0xF5, 0xC9, 0x79, 0x8B, 0x47, 0x8E, 0xCA, 0x8D, 0x4F, 0x8F, 0xB3, 0x03, 0xD1, 0xEF, 0xC7,
    0xB0, 0x71, 0xD0, 0x70, 0xD8, 0xF8, 0xD4, 0x05, 0x0E, 0x1B, 0x6F, 0x87, 0x1C, 0x36, 0x6E, 0xFC,
    0x94, 0xC2, 0xC6, 0x3F, 0x3C, 0xFA, 0x90, 0xCD, 0xF4, 0xC8, 0x0C, 0xD6, 0xD6, 0x24, 0x46, 0xB8,
    0x26, 0xAD, 0x8F, 0x01, 0xB0, 0xD2, 0xD5, 0x61, 0x15, 0x52, 0xB2, 0x40, 0x58, 0x21, 0x5C, 0x6E,
    0x1B, 0x94, 0x04, 0xD7, 0xD6, 0xF4, 0x95, 0x87, 0x06, 0x2E, 0x52, 0x9C, 0x62, 0x99, 0xCC, 0x9A,
    0xF1, 0x1E, 0xF3, 0x10, 0x68, 0xE6, 0xEE, 0xA2, 0x4C, 0x03, 0xF8, 0x98, 0x1D, 0x01, 0xDE, 0x46,
    0x58, 0x86, 0x94, 0x1F, 0x11, 0x96, 0x3C, 0x0D, 0x10, 0x14, 0x04, 0xF7, 0xD3, 0x93, 0x2F, 0x3E,
    0x2C, 0x70, 0x63, 0xBF, 0xE1, 0x53, 0x20, 0x87, 0x69, 0xDE, 0x0F, 0xEC, 0x5E, 0xEB, 0x1E, 0xDA,
    0x24, 0x97, 0xA0, 0x59, 0x6C, 0xF8, 0xC6, 0x9C, 0x5B, 0x1D, 0xE6, 0x5A, 0xC8, 0x99, 0x64, 0x91,
    0x63, 0x6C, 0x1C, 0xC1, 0xD4, 0xCC, 0x24, 0x99, 0xFA, 0x5A, 0x26, 0xA9, 0x43, 0x9C, 0x6C, 0xE2,
    0x48, 0xAE, 0xDF, 0x1E, 0x63, 0x25, 0xE3, 0x77, 0x14, 0xC6, 0x49, 0x80, 0xEE, 0xD8, 0x63, 0xAB,
    0x3C, 0x9D, 0x88, 0xEB, 0xA6, 0x49, 0xD0, 0x20, 0xAC, 0x24, 0x68, 0x42, 0x93, 0x91, 0xE8, 0x9B,
    0x64, 0x58, 0x8C, 0x99, 0x49, 0x50, 0xD7, 0x97, 0xA0, 0xAE, 0x4A, 0x28, 0xA8, 0xBB, 0xB9, 0x9B,
    0xF5, 0x41, 0xDD, 0xCA, 0x04, 0x75, 0x0B, 0x11, 0x34, 0xE4, 0xE6, 0x19, 0x49, 0x73, 0x36, 0xBB,
    0x61, 0x90, 0x77, 0x54, 0x7C, 0xE9, 0xE8, 0x47, 0x2C, 0x3C, 0xB2, 0x5F, 0xE8, 0xD1, 0xDE, 0x1C,
    0x3F, 0x3A, 0xF2, 0xB9, 0x97, 0xC8, 0x25, 0xB1, 0x53, 0x7D, 0xB1, 0x8C, 0x23, 0x91, 0xBE, 0x19,
    0xDB, 0xD0, 0x8E, 0x8C, 0x9A, 0xAB, 0x7F, 0xAA, 0x73, 0x87, 0x68, 0x0A, 0x5C, 0xE1, 0xAB, 0x6A,
    0xD6, 0xA1, 0xC9, 0x4F, 0x33, 0x86, 0x59, 0x41, 0xB4, 0xF4, 0x4D, 0x5D, 0xC0, 0xB0, 0xCC, 0x28,
    0xCB, 0xB1, 0x22, 0x9D, 0x5A, 0x00, 0xCD, 0x50, 0x0C, 0x8E, 0xCC, 0x37, 0xCC, 0x5E, 0x83, 0x47,
    0x9C, 0xEC, 0x28, 0xDD, 0x8D, 0x0C, 0x42, 0xF4, 0x12, 0x90, 0xA6, 0x42, 0x44, 0x47, 0x88, 0x59,
    0x03, 0xD7, 0xE3, 0xAF, 0x02, 0xED, 0x79, 0x62, 0xC4, 0xB9, 0xBD, 0x4D, 0xC8, 0xDD, 0x08, 0x84,
    0x96, 0x9C, 0x3D, 0x7D, 0xFD, 0x66, 0x97, 0xC7, 0x24, 0xED, 0xDA, 0x24, 0xAB, 0xBE, 0xD1, 0x8E,
    0x1B, 0x47, 0x4C, 0xE3, 0x82, 0x34, 0x26, 0x5A, 0x1A, 0x9E, 0x4E, 0x39, 0x2F, 0x99, 0x61, 0xE3,
    0xC4, 0x00, 0x69, 0x54, 0xD2, 0x00, 0xCE, 0x84, 0xC6, 0x31, 0xBA, 0x0A, 0xA7, 0x1F, 0x31, 0x9A,
    0x45, 0x8D, 0x12, 0x03, 0x0D, 0xD0, 0x48, 0x70, 0xAE, 0x11, 0x8F, 0xE0, 0xC4, 0x61, 0x4B, 0x8D,
    0x39, 0xE6, 0x77, 0x41, 0x03, 0x88, 0xE2, 0x8F, 0x68, 0x12, 0x5A, 0x4B, 0x1A, 0x9E, 0x68, 0x1F,
    0x5F, 0x0B, 0x55, 0x26, 0x9D, 0xD1, 0x3E, 0xAD, 0xD1, 0x3E, 0x8D, 0xD1, 0x3E, 0xA5, 0xD1, 0x3E,
    0x82, 0x0A, 0xA6, 0x55, 0xD0, 0x3E, 0x97, 0x6D, 0xEE, 0x51, 0x3C, 0x74, 0x1F, 0x17, 0x76, 0xF3,
    0x8F, 0xB6, 0x93, 0xE9, 0x8A, 0x3B, 0xDA, 0x91, 0x3E, 0x01, 0x06, 0x69, 0x68, 0xE7, 0xF3, 0x8E,
    0xB8, 0x35, 0x29, 0xD8, 0x01, 0x2C, 0xD8, 0xA7, 0x93, 0xDD, 0x9C, 0x18, 0x89, 0x29, 0x83, 0xF3,
    0x20, 0xD1, 0x81, 0xC0, 0x40, 0xC7, 0x0C, 0x83, 0x7D, 0x18, 0x88, 0x46, 0xAA, 0xF8, 0x8A, 0x6E,
    0x59, 0xB0, 0x34, 0x8C, 0x81, 0x92, 0x79, 0x2E, 0x25, 0xCE, 0xAD, 0x07, 0x2E, 0xDB, 0xCB, 0x31,
    0x1E, 0xAA, 0x89, 0x01, 0x59, 0xBE, 0xE0, 0xF9, 0x85, 0xAB, 0x3F, 0xD4, 0x25, 0xDC, 0x31, 0xA9,
    0xD5, 0x01, 0xDA, 0x8E, 0x47, 0x58, 0x82, 0x60, 0xFF, 0x5E, 0xFE, 0x5A, 0x83, 0x27, 0x37, 0x78,
    0x1E, 0xA5, 0x35, 0x37, 0x92, 0xAD, 0xF1, 0xDD, 0xB3, 0x25, 0xC9, 0x3A, 0x0A, 0x3F, 0x27, 0xE5,
    0xCD, 0x9B, 0xA8, 0xDF, 0x54, 0x66, 0x43, 0x30, 0xDA, 0x7B, 0x4B, 0xDA, 0x40, 0xDB, 0xC7, 0x7E,
    0x9D, 0x7A, 0x94, 0xAF, 0xA8, 0x87, 0x29, 0x09, 0x6E, 0x7B, 0x73, 0x8C, 0x4C, 0x51, 0xBE, 0x17,
    0x1B, 0xDF, 0xC3, 0x4B, 0x5C, 0x93, 0xFE, 0x98, 0x8B, 0x2B, 0x6E, 0x9C, 0x70, 0xF6, 0x91, 0xD9,
    0xF1, 0x2E, 0x19, 0xE3, 0xE2, 0x5F, 0xDB, 0x5D, 0xD9, 0xE3, 0x1F, 0x58, 0x93, 0x26, 0xC8, 0xE7,
    0x12, 0x5A, 0x42, 0x8B, 0x09, 0x98, 0x51, 0x5C, 0x68, 0xC1, 0xB8, 0x09, 0x21, 0x25, 0x2C, 0x9E,
    0x4D, 0xD8, 0xC8, 0x38, 0xC9, 0xE9, 0x50, 0x7B, 0x09, 0x60, 0xBE, 0x31, 0xD6, 0xC5, 0x74, 0xEF,
    0x06, 0x45, 0x07, 0x99, 0x58, 0xFC, 0x3F, 0xE3, 0x3C, 0x97, 0x17, 0x39, 0x52, 0xEF, 0x68, 0x4A,
    0xBF, 0x98, 0x30, 0x91, 0x7F, 0x51, 0x53, 0xE8, 0xF7, 0x5D, 0x8A, 0x20, 0xE0, 0x90, 0xB4, 0x47,
    0x30, 0x89, 0xCC, 0x6F, 0x91, 0x23, 0xBA, 0xAC, 0x15, 0x2F, 0x2F, 0x92, 0xBA, 0x0B, 0xC9, 0xAD,
    0xD6, 0x2D, 0x45, 0x3A, 0x9E, 0xA4, 0x74, 0xA2, 0xFB, 0x9A, 0x4B, 0xF0, 0xE8, 0xA6, 0xDB, 0x3C,
    0xC2, 0x70, 0x2D, 0x7D, 0x7D, 0x4A, 0xB1, 0x61, 0xA1, 0xBF, 0x54, 0x33, 0xD0, 0xAF, 0x72, 0xD1,
    0x82, 0xFE, 0x49, 0x2B, 0xC7, 0x59, 0xC7, 0x7C, 0xCE, 0xB9, 0x68, 0x3C, 0x9D, 0xF9, 0x54, 0xCF,
    0xB1, 0x92, 0x61, 0x47, 0x6D, 0x0D, 0xDB, 0x7D, 0x79, 0x0B, 0x4D, 0x88, 0xF9, 0x3F, 0xCB, 0xC3,
    0x57, 0x5F, 0x99, 0x67, 0xFF, 0xF9, 0x4E, 0xFE, 0xC7, 0xEF, 0x83, 0xD9, 0xFA, 0x1E, 0x6A, 0x8E,
    0x96, 0xE6, 0x3A, 0xDC, 0xCB, 0x77, 0x72, 0xA7, 0x85, 0x23, 0x27, 0x62, 0x85, 0x36, 0x43, 0x35,
    0x29, 0x6B, 0x78, 0x3B, 0x37, 0x2A, 0x60, 0xF5, 0x29, 0xA9, 0xD8, 0xC8, 0x9A, 0x46, 0x8B, 0x37,
    0xD9, 0x52, 0x9F, 0xDE, 0x3E, 0xFE, 0xC2, 0xF6, 0x06, 0xBC, 0x23, 0x60, 0xA6, 0x2A, 0xFC, 0x60,
    0x07, 0xA7, 0x64, 0x55, 0x00, 0x92, 0xEF, 0xE0, 0xA0, 0x7A, 0xBE, 0x3A, 0x75, 0xA5, 0x8D, 0x6A,
    0x6F, 0x3E, 0xC8, 0x60, 0x52, 0x0B, 0x19, 0x4C, 0x41, 0x85, 0x22, 0x30, 0xA3, 0xDC, 0x16, 0x78,
    0x63, 0x6E, 0x0A, 0x67, 0xF0, 0x99, 0xDC, 0x96, 0xDB, 0x9D, 0x90, 0xC8, 0x5F, 0x04, 0x7F, 0xCF,
    0x32, 0x7D, 0x81, 0x6D, 0x5B, 0x79, 0xDD, 0x69, 0xB0, 0x22, 0x2E, 0x1C, 0xA8, 0xFD, 0x53, 0xF8,
    0xBE, 0x70, 0x05, 0xD9, 0xCF, 0x2B, 0xD4, 0x96, 0xAF, 0xF6, 0x7D, 0xB5, 0x1D, 0x00, 0xC7, 0xA1,
    0x20, 0xE7, 0x14, 0x41, 0x32, 0x1D, 0x8B, 0x27, 0x37, 0xE3, 0xF5, 0x89, 0xDA, 0xF7, 0xF2, 0xF3,
    0x7E, 0x1A, 0x85, 0x2A, 0xB8, 0x82, 0x64, 0x35, 0xAB, 0x51, 0x34, 0x81, 0x8F, 0x34, 0xAB, 0xF0,
    0x2B, 0xC8, 0x83, 0x30, 0x52, 0x1B, 0x41, 0xBC, 0xEF, 0xE7, 0xDF, 0x98, 0x31, 0x4E, 0xA2, 0x0A,
    0x80, 0x6F, 0x40, 0x18, 0x14, 0x26, 0x6B, 0x09, 0x1E, 0x75, 0x70, 0x5E, 0xBD, 0x09, 0x4F, 0x3E,
    0x8F, 0xA9, 0x8B, 0xD0, 0x91, 0x99, 0xA6, 0x14, 0x20, 0xE7, 0x62, 0x00, 0x20, 0xA4, 0x3B, 0xD1,
    0x2B, 0xF3, 0x20, 0x00, 0xFE, 0x8F, 0xC1, 0x38, 0x0F, 0x0A, 0x95, 0xFC, 0x89, 0xDA, 0x8F, 0xD2,
    0x97, 0xA2, 0x54, 0x02, 0x2C, 0xD3, 0x8B, 0x04, 0x73, 0x89, 0x29, 0x4F, 0x0D, 0x82, 0x7D, 0x22,
    0xE9, 0x32, 0x2C, 0x97, 0xB9, 0xCA, 0xB9, 0x78, 0xEE, 0x1C, 0x8D, 0x09, 0x90, 0xB9, 0xA0, 0xF2,
    0x81, 0x6A, 0x81, 0x0B, 0x26, 0x25, 0x09, 0xD2, 0x97, 0xD4, 0xC9, 0x8A, 0x26, 0xCD, 0x1B, 0x04,
    0x2E, 0xA0, 0xFE, 0x82, 0x8C, 0xF2, 0xD1, 0x24, 0xC2, 0x37, 0xE5, 0x5B, 0xC5, 0x2E, 0xBE, 0x53,
    0x17, 0x8B, 0x75, 0x52, 0x0A, 0xC9, 0x82, 0x92, 0xC3, 0xB7, 0x5A, 0x78, 0x2B, 0x45, 0x49, 0x1C,
    0x27, 0x41, 0xE6, 0xA1, 0xB8, 0x0F, 0x2A, 0xB8, 0x33, 0x38, 0x0D, 0x0D, 0xF4, 0x0C, 0xAD, 0x87,
    0x22, 0x30, 0xD5, 0x29, 0x98, 0x31, 0xDB, 0x71, 0x0C, 0x47, 0xA6, 0x19, 0xCD, 0xC6, 0xE5, 0x09,
    0x47, 0xB3, 0x99, 0x48, 0x24, 0x50, 0xC2, 0x7C, 0x8E, 0xDD, 0xA8, 0x95, 0x1B, 0x25, 0xDD, 0x70,
    0x10, 0x34, 0x95, 0xC4, 0x88, 0x67, 0x64, 0x5C, 0xBF, 0xCC, 0xF2, 0x90, 0xB6, 0x41, 0x1B, 0x56,
    0x98, 0xBB, 0x8B, 0xEA, 0x65, 0xB0, 0x8D, 0x3D, 0xCD, 0xBD, 0xAA, 0x4F, 0x16, 0xA2, 0x22, 0x5D,
    0x09, 0x08, 0x0D, 0xB7, 0xA9, 0x8D, 0xB5, 0x72, 0xE4, 0xD1, 0x19, 0x6C, 0xD5, 0x9D, 0x6C, 0x07,
    0xD9, 0x39, 0xE8, 0x6A, 0x71, 0x68, 0x49, 0x77, 0x52, 0x4E, 0xE2, 0xA1, 0x0A, 0x0B, 0xC8, 0x3E,
    0x6D, 0xC6, 0x9A, 0xBE, 0x3B, 0x83, 0x3F, 0x98, 0x04, 0x51, 0x87, 0xB5, 0x59, 0x2B, 0x93, 0xDE,
    0x3E, 0x05, 0x08, 0xFA, 0x2B, 0x4A, 0x0E, 0x30, 0x9C, 0xE8, 0x55, 0x4B, 0x4C, 0x88, 0x77, 0x49,
    0xA7, 0x9E, 0x1B, 0x5B, 0xB3, 0xC4, 0x5D, 0x09, 0xC7, 0x1A, 0x90, 0xF4, 0x70, 0x22, 0x1E, 0x51,
    0x11, 0x74, 0x60, 0x0D, 0x61, 0x8E, 0x78, 0x1C, 0x81, 0xDB, 0x9B, 0x52, 0x66, 0x78, 0x36, 0xA7,
    0x8D, 0xB2, 0x1B, 0xFC, 0x8A, 0xD5, 0x5A, 0x49, 0x7B, 0x92, 0xE7, 0x84, 0xC9, 0x52, 0x54, 0x9E,
    0x68, 0xF2, 0x12, 0x7B, 0x1E, 0x63, 0x94, 0xCF, 0x19, 0xE8, 0xBA, 0x48, 0xB2, 0x18, 0xF9, 0x64,
    0x50, 0xA1, 0x7F, 0xCA, 0xA3, 0x3D, 0x1A, 0x72, 0x87, 0x37, 0xCB, 0x06, 0xDA, 0x26, 0xA7, 0x92,
    0x21, 0xC8, 0x29, 0xB8, 0xCB, 0x4C, 0xA4, 0xDA, 0x9A, 0x48, 0xF5, 0xA0, 0xF0, 0xC6, 0xF9, 0x81,
    0x52, 0x4F, 0xD0, 0x71, 0x20, 0x51, 0x8C, 0xE2, 0x34, 0x68, 0x8E, 0x90, 0x76, 0x06, 0x52, 0xC5,
    0x88, 0x9F, 0x2E, 0x80, 0xEC, 0x1D, 0x74, 0xF2, 0x73, 0x97, 0x08, 0x1E, 0x47, 0x1F, 0xAB, 0x04,
    0x30, 0x14, 0x2C, 0xA7, 0x51, 0x2E, 0x3E, 0xCD, 0x1A, 0x37, 0xF8, 0xB0, 0xA0, 0xC1, 0xE7, 0x82,
    0xAB, 0x55, 0x60, 0x3C, 0x12, 0x3B, 0x37, 0xD3, 0x3C, 0x67, 0xCE, 0x35, 0x0B, 0x94, 0x40, 0xCF,
    0x3E, 0x0E, 0x9B, 0x27, 0x6C, 0xD5, 0x64, 0x4D, 0x1F, 0x2D, 0x8C, 0xAE, 0xAA, 0x3E, 0x31, 0xF1,
    0x58, 0xEF, 0x77, 0x72, 0x26, 0x02, 0xC7, 0xA2, 0x12, 0xAD, 0x24, 0xE4, 0x24, 0xF1, 0x4A, 0x47,
    0x2A, 0x15, 0xE4, 0x59, 0xF8, 0xDC, 0x2E, 0xA1, 0x9E, 0x50, 0x7F, 0x1A, 0x9A, 0xEF, 0xAE, 0xA9,
    0x9F, 0x95, 0x4F, 0x21, 0x6D, 0xEC, 0x3F, 0xE6, 0x5F, 0x21, 0x0A, 0x01, 0x4C, 0x82, 0x2E, 0x27,
    0xEE, 0xCE, 0xE9, 0x60, 0x41, 0x18, 0x28, 0xD1, 0x94, 0x49, 0x04, 0x3F, 0x3C, 0x69, 0x3E, 0x85,
    0x1B, 0x82, 0x14, 0x5A, 0x27, 0x4C, 0x3A, 0x97, 0x24, 0x2C, 0x46, 0x05, 0x7F, 0x86, 0x68, 0x5A,
    0x18, 0x50, 0xE8, 0x5C, 0x58, 0xA3, 0x91, 0x53, 0x19, 0xCA, 0x89, 0x6A, 0x18, 0xD0, 0xA8, 0xFB,
    0x12, 0x7A, 0x5E, 0x1A, 0xAD, 0x3E, 0xA9, 0x58, 0xCB, 0x27, 0x44, 0x8E, 0x61, 0xB7, 0x74, 0x68,
    0xED, 0xF8, 0x26, 0x4B, 0xC6, 0xF7, 0xF9, 0x9D, 0xBE, 0x2E, 0x86, 0x6A, 0x62, 0xA8, 0x1E, 0x86,
    0x6A, 0x61, 0xA8, 0x0E, 0x86, 0x6B, 0x60, 0xD8, 0x3E, 0x0D, 0x2C, 0x4B, 0xD0, 0x9D, 0x58, 0x88,
    0xA4, 0x32, 0x7F, 0xEB, 0x76, 0xA6, 0xBE, 0x85, 0xDC, 0xFE, 0xD0, 0x9E, 0x4B, 0xCF, 0xC7, 0x5A,
    0x16, 0xAA, 0x63, 0xA1, 0x1A, 0x16, 0xAC, 0x5F, 0xA1, 0xB2, 0x1D, 0xAE, 0x5B, 0xA1, 0x9A, 0x15,
    0xAA, 0x57, 0xB1, 0xAF, 0xCF, 0x53, 0x04, 0x12, 0x61, 0xCA, 0x95, 0x9F, 0xAB, 0x20, 0xC5, 0xFA,
    0xAF, 0x4C, 0x4D, 0x40, 0x97, 0x54, 0x98, 0x01, 0x9E, 0xC5, 0x52, 0xC7, 0xA3, 0xD8, 0x2A, 0x89,
    0x40, 0x8E, 0xA2, 0xCE, 0x00, 0x5D, 0x10, 0xC2, 0xB9, 0x94, 0x2E, 0xB6, 0x4F, 0x29, 0x62, 0x59,
    0x8E, 0x91, 0x37, 0x6F, 0x38, 0xA5, 0xF7, 0x59, 0xDC, 0xFC, 0x2D, 0x6E, 0x7E, 0xA8, 0x24, 0xBF,
    0xD5, 0x69, 0xC4, 0x90, 0x4F, 0x8C, 0x80, 0xCD, 0xB9, 0xD6, 0x32, 0x21, 0xCE, 0xA3, 0x92, 0x27,
    0xC4, 0x66, 0x84, 0x5F, 0x69, 0x66, 0xBB, 0x41, 0xCB, 0xB9, 0x50, 0x2F, 0xA0, 0xCD, 0xFA, 0x89,
    0xB1, 0xED, 0xF1, 0x60, 0x67, 0xD4, 0x3D, 0x1A, 0x81, 0x03, 0x63, 0x7A, 0x44, 0x71, 0x14, 0x3F,
    0xCB, 0xB5, 0x97, 0x7E, 0xCD, 0x6C, 0xDD, 0x25, 0x40, 0xB5, 0x81, 0x9A, 0x15, 0x21, 0xCA, 0x47,
    0x38, 0xD4, 0x80, 0xB5, 0x38, 0x0E, 0x33, 0x4D, 0xC8, 0x77, 0x49, 0x6F, 0xFB, 0x71, 0x88, 0x2F,
    0x6F, 0xFD, 0x51, 0xAB, 0x3E, 0x60, 0x4D, 0x10, 0x1B, 0xE0, 0x48, 0x03, 0x2D, 0xD2, 0x07, 0xC8,
    0xF2, 0xC4, 0x39, 0x12, 0xD9, 0xEA, 0x02, 0xE2, 0xFF, 0xC9, 0x7B, 0xDC, 0xA7, 0x27, 0x4F, 0x4B,
    0xE5, 0x53, 0x7D, 0x9B, 0x8F, 0x64, 0xF3, 0xDC, 0xEA, 0xE3, 0xDF, 0xC1, 0xC7, 0x46, 0xAB, 0x5E,
    0xE3, 0xEF, 0x24, 0x3F, 0xA5, 0xBA, 0x14, 0x6C, 0xAE, 0xE9, 0xF7, 0x49, 0x94, 0xE5, 0x21, 0x8E,
    0xEE, 0x5A, 0x7C, 0x4F, 0xD2, 0xFA, 0x4D, 0xA8, 0xE5, 0xCE, 0x82, 0x24, 0x67, 0x68, 0xE7, 0x71,
    0x86, 0x79, 0x42, 0x69, 0x24, 0xA4, 0x29, 0x32, 0x2C, 0x9F, 0xC7, 0x0C, 0x93, 0x99, 0xFE, 0x30,
    0xA5, 0xD0, 0x22, 0x07, 0x50, 0xBA, 0xE1, 0x0E, 0xAC, 0x1F, 0xF0, 0x7F, 0xE1, 0xCC, 0x6F, 0xEE,
    0x53, 0x15, 0x18, 0xE6, 0x78, 0x91, 0x0B, 0x0A, 0x92, 0x11, 0x7B, 0x1A, 0x73, 0xC1, 0x54, 0x4C,
    0x25, 0xF0, 0x05, 0x15, 0x07, 0x5F, 0x47, 0xA9, 0x19, 0x60, 0x46, 0x5F, 0x54, 0xF6, 0x09, 0x69,
    0x8B, 0x3B, 0x09, 0x9C, 0xC5, 0x86, 0x72, 0x6A, 0x33, 0x85, 0x5E, 0x9B, 0x19, 0x98, 0xCA, 0x44,
    0x6A, 0xA5, 0xA1, 0xBB, 0x1F, 0x48, 0xA3, 0x60, 0xF7, 0xDA, 0x11, 0xA7, 0x3E, 0x55, 0xA2, 0xF7,
    0x30, 0x09, 0xC6, 0x61, 0x57, 0x1B, 0xEC, 0xCC, 0xD4, 0x97, 0xD9, 0xD8, 0x9C, 0x5C, 0x6E, 0x1F,
    0x99, 0x19, 0x15, 0x7B, 0x82, 0xF3, 0xFE, 0x00, 0xAD, 0xCF, 0x6C, 0x3E, 0xC3, 0xD2, 0xFE, 0xEB,
    0xE4, 0x82, 0x93, 0x6A, 0x46, 0x83, 0xC4, 0x45, 0x89, 0x83, 0x8D, 0xC9, 0x55, 0x89, 0xA8, 0x9A,
    0x89, 0xA3, 0xCE, 0x38, 0xA0, 0x26, 0xAC, 0x27, 0xB9, 0x81, 0xEC, 0x9E, 0x73, 0xBA, 0x62, 0x69,
    0x84, 0xD1, 0xDC, 0x34, 0x64, 0xEE, 0xD3, 0x94, 0xE2, 0x25, 0x26, 0x0F, 0x22, 0x32, 0x12, 0xA1,
    0x77, 0xDD, 0x67, 0x36, 0xE2, 0xAC, 0x6D, 0xCD, 0xF7, 0xB0, 0xC6, 0x9E, 0x91, 0x34, 0xCC, 0x1B,
    0x46, 0x1C, 0xA2, 0xEA, 0x22, 0x1C, 0x12, 0xD5, 0x62, 0xC3, 0x2D, 0x0D, 0x0E, 0xE3, 0xC7, 0x0E,
    0x87, 0x96, 0x65, 0x07, 0x0E, 0x76, 0x32, 0x5C, 0x9C, 0xA3, 0x1B, 0x2C, 0x32, 0xD0, 0xD9, 0xD0,
    0x82, 0x99, 0xFD, 0x73, 0x68, 0xD9, 0x86, 0x7F, 0x36, 0xDD, 0x2D, 0x65, 0x02, 0x97, 0xC2, 0x0C,
    0xB6, 0x42, 0x02, 0x27, 0xFE, 0xA5, 0x8D, 0xE1, 0x86, 0x48, 0x82, 0x50, 0x54, 0xCF, 0xDC, 0x70,
    0xDD, 0xA7, 0xE6, 0x20, 0x7C, 0x69, 0xEC, 0x6A, 0x9C, 0xB0, 0x36, 0xE1, 0x87, 0x93, 0x80, 0x57,
    0x09, 0x41, 0xA0, 0xBA, 0xA9, 0x25, 0x0C, 0x81, 0x0C, 0x16, 0x9B, 0x50, 0x04, 0x55, 0x5A, 0x48,
    0x38, 0x02, 0x07, 0xD0, 0x84, 0x24, 0xFE, 0x5E, 0x8C, 0x5A, 0x93, 0x5C, 0x63, 0x42, 0x13, 0xB6,
    0x2D, 0x21, 0x3A, 0x13, 0xA2, 0x50, 0xA6, 0xE4, 0x25, 0xD4, 0x36, 0x67, 0x65, 0xA2, 0x4D, 0x0D,
    0x25, 0x87, 0x2B, 0x6C, 0xC6, 0x8A, 0xA0, 0xD5, 0x19, 0x2E, 0xA7, 0x60, 0x42, 0x17, 0x6A, 0x18,
    0xBE, 0x58, 0x1D, 0xC2, 0xF0, 0xF2, 0x9B, 0x1A, 0x3F, 0x4E, 0x4D, 0xB2, 0x8B, 0x99, 0x6A, 0xB2,
    0x65, 0xA9, 0xD5, 0xB6, 0x89, 0x10, 0xEC, 0xCB, 0xD3, 0x7E, 0x6D, 0x12, 0xDD, 0xCD, 0xF2, 0x1B,
    0xCF, 0x8E, 0x12, 0xC4, 0x1E, 0x6C, 0xDB, 0xC4, 0x96, 0xD5, 0x74, 0x8B, 0x35, 0x17, 0x7D, 0x85,
    0x85, 0x25, 0xBF, 0x63, 0x37, 0xE1, 0xEE, 0x60, 0xF5, 0x55, 0x7A, 0xE8, 0x2F, 0x3E, 0xF8, 0x25,
    0x0F, 0x0F, 0x7D, 0xB1, 0x8C, 0xD2, 0xAB, 0xC7, 0xE2, 0x60, 0xF5, 0xE5, 0x77, 0x32, 0x82, 0xC7,
    0x1E, 0xAD, 0x52, 0x17, 0xFD, 0x4B, 0xC6, 0x6A, 0xE8, 0x0B, 0x9B, 0xDB, 0x46, 0x60, 0x44, 0x88,
    0x5D, 0x71, 0xC7, 0xB9, 0xB4, 0x88, 0xB0, 0xE0, 0x45, 0x91, 0x09, 0xC9, 0x3B, 0x46, 0xB6, 0xBF,
    0x6B, 0x24, 0x80, 0x39, 0x72, 0xD4, 0xC6, 0x38, 0x0F, 0x6E, 0x2E, 0x65, 0x52, 0xCB, 0x8A, 0x68,
    0x0E, 0x19, 0xE4, 0x6E, 0x31, 0xC8, 0x27, 0xCD, 0x84, 0x77, 0xF4, 0x6D, 0x33, 0x70, 0xEF, 0x1A,
    0xA3, 0xED, 0x1D, 0x69, 0x04, 0x93, 0x62, 0x58, 0x4D, 0x26, 0xC1, 0xE7, 0xF1, 0x78, 0xD9, 0x23,
    0xF6, 0x1C, 0xEF, 0x5B, 0x72, 0x55, 0xF0, 0x53, 0xA3, 0x72, 0xDF, 0x17, 0x02, 0x08, 0xDE, 0x96,
    0x67, 0x39, 0x06, 0x6F, 0xD3, 0x2F, 0x48, 0x37, 0x82, 0x7F, 0xAB, 0x16, 0x4F, 0x36, 0x97, 0xD3,
    0x39, 0x87, 0x94, 0x70, 0xB7, 0x28, 0x61, 0x4D, 0x66, 0x28, 0x54, 0xF8, 0x76, 0xBD, 0x50, 0xA4,
    0x66, 0x8F, 0x78, 0x5F, 0x28, 0xCC, 0xC0, 0xC5, 0x0B, 0x43, 0xD9, 0x57, 0xB4, 0x19, 0x36, 0xF7,
    0xBF, 0xB5, 0x7C, 0xF1, 0xAE, 0x60, 0x94, 0x50, 0xA7, 0x59, 0x16, 0xC8, 0x35, 0x62, 0x44, 0x26,
    0x7F, 0xAE, 0xAC, 0x9D, 0x63, 0x22, 0x6A, 0x4A, 0x56, 0x4B, 0x3A, 0xFD, 0x38, 0x97, 0x1E, 0x31,
    0xD6, 0x67, 0xE5, 0x30, 0x9F, 0x45, 0x76, 0x33, 0x19, 0x88, 0xD1, 0x40, 0xBB, 0xCB, 0xCE, 0xF4,
    0xAA, 0xC3, 0x8A, 0xAE, 0x51, 0xB1, 0xDF, 0x25, 0x81, 0xD6, 0xF8, 0x36, 0x12, 0xE8, 0xE9, 0x04,
    0x5A, 0x0D, 0xD0, 0xEE, 0x89, 0xCB, 0x73, 0x92, 0x77, 0x33, 0xDA, 0x39, 0x36, 0x81, 0xEF, 0x97,
    0x14, 0xB6, 0xBD, 0xAA, 0x64, 0xD9, 0x05, 0xC9, 0x0C, 0xC5, 0xA4, 0x75, 0x96, 0x92, 0x02, 0x6D,
    0xBE, 0x0C, 0xDA, 0x49, 0x7A, 0x9C, 0xBC, 0xEB, 0x32, 0xC1, 0x72, 0x91, 0xA0, 0x26, 0x37, 0x5E,
    0x76, 0x7E, 0x99, 0xA1, 0x37, 0xCF, 0xA7, 0x8C, 0xA0, 0x15, 0xF3, 0xDF, 0x47, 0x38, 0x4E, 0x12,
    0xB4, 0x6F, 0x60, 0xCC, 0x97, 0xE3, 0x54, 0x19, 0x2F, 0xAC, 0x14, 0x68, 0x9B, 0x1A, 0x4D, 0x93,
    0x95, 0x7B, 0x97, 0xEF, 0xED, 0xD8, 0xA2, 0xE1, 0x00, 0xD0, 0x86, 0xE4, 0x46, 0xD1, 0x42, 0x19,
    0x30, 0xB6, 0xBC, 0x78, 0x17, 0x65, 0x76, 0x26, 0x76, 0x87, 0x07, 0xB1, 0x9E, 0x73, 0x4E, 0x3B,
    0xBC, 0x00, 0xC6, 0x16, 0x2F, 0xFF, 0x78, 0xAA, 0xF5, 0x14, 0x4D, 0x8C, 0x29, 0xBB, 0xE0, 0x91,
    0xEC, 0x66, 0xA3, 0xD2, 0xC6, 0xD6, 0xCF, 0x09, 0x4A, 0x5A, 0xCB, 0x63, 0xA2, 0x49, 0x68, 0x3B,
    0x5D, 0x40, 0xE3, 0xB8, 0x35, 0x8D, 0x0F, 0x79, 0xE5, 0xBE, 0xF2, 0xCA, 0xFA, 0x3A, 0x41, 0x5B,
    0x53, 0x76, 0xAE, 0xD3, 0x70, 0x92, 0xEE, 0x0F, 0xFE, 0x8E, 0xEB, 0x7F, 0x63, 0xDA, 0xF9, 0x4C,
    0x44, 0x44, 0x36, 0x15, 0xA8, 0xA8, 0x8F, 0x81, 0x57, 0xEE, 0x39, 0xB4, 0x31, 0x2E, 0x67, 0xD7,
    0x4C, 0xAA, 0x03, 0x5A, 0xC5, 0xA9, 0xEE, 0x10, 0xCC, 0x49, 0xD5, 0x12, 0xB4, 0xA7, 0x8F, 0x11,
    0x7C, 0xA7, 0xD7, 0x71, 0x47, 0xA7, 0x24, 0x25, 0x9F, 0x52, 0xF1, 0x05, 0x0D, 0xFD, 0xF6, 0x51,
    0xA1, 0xE5, 0x57, 0x65, 0x4B, 0xF2, 0xEA, 0x2D, 0xC5, 0x55, 0x13, 0x8A, 0xE0, 0xD6, 0x88, 0xDE,
    0x06, 0x57, 0x0C, 0xEA, 0xA8, 0x42, 0xA7, 0x43, 0xFC, 0xAC, 0x54, 0x21, 0xF7, 0xAA, 0x1C, 0xF5,
    0x2E, 0x3F, 0xA8, 0xC3, 0xEB, 0xAB, 0x0D, 0xB3, 0xE9, 0xEC, 0x4C, 0xEC, 0xD1, 0xF4, 0xDE, 0x83,
    0x2A, 0x13, 0x63, 0xB2, 0xC6, 0x50, 0x60, 0xE7, 0x3F, 0x29, 0x79, 0x75, 0xB2, 0xF3, 0xB0, 0x8E,
    0xE0, 0x6D, 0xC1, 0x72, 0x50, 0xFB, 0x91, 0x7A, 0x24, 0xAD, 0x48, 0x1B, 0x1F, 0x57, 0x6D, 0x9C,
    0xA4, 0x27, 0x1E, 0x5D, 0xD2, 0x5B, 0x78, 0x9D, 0x06, 0x0D, 0xE4, 0x36, 0x41, 0xA1, 0x66, 0x1D,
    0xE6, 0x87, 0xE2, 0xC6, 0x6D, 0x50, 0x55, 0x5D, 0x9A, 0xA6, 0xC3, 0x08, 0x1D, 0xAE, 0x21, 0xC7,
    0x9B, 0xA0, 0x90, 0x7C, 0x41, 0xB7, 0x8A, 0x50, 0xE5, 0x81, 0x25, 0xE1, 0x35, 0xB8, 0xEA, 0x5C,
    0x9D, 0xC0, 0xC1, 0x9D, 0xE3, 0xF7, 0x0F, 0x75, 0x6E, 0x79, 0x0A, 0xEE, 0x51, 0x63, 0xF6, 0x12,
    0x2E, 0xBB, 0xE9, 0xD5, 0xF0, 0x48, 0x67, 0x07, 0x43, 0xBE, 0x3C, 0xC5, 0x50, 0x98, 0x0D, 0x95,
    0xC5, 0xDC, 0xAF, 0x72, 0xF7, 0xEA, 0x39, 0xCC, 0xE4, 0xD0, 0xB4, 0x01, 0x35, 0xD8, 0x60, 0xE2,
    0x24, 0x8A, 0x60, 0x75, 0xF1, 0x19, 0x3C, 0x96, 0xC9, 0x0F, 0xD4, 0xA2, 0x63, 0xF7, 0x8D, 0x12,
    0xC9, 0xB8, 0xE1, 0xCD, 0xB5, 0x8B, 0x36, 0x87, 0x04, 0x6E, 0xEA, 0xB4, 0x01, 0xA6, 0x54, 0x86,
    0xF0, 0x9C, 0x1B, 0x5A, 0xD6, 0x21, 0x3B, 0xBA, 0x7B, 0xCB, 0x14, 0x77, 0xAC, 0xAD, 0xA7, 0xC2,
    0x2E, 0x67, 0xD0, 0xDD, 0x3E, 0xE9, 0xA2, 0x19, 0xE7, 0xA5, 0xDA, 0xAF, 0x9C, 0xD5, 0x52, 0xCB,
    0x15, 0x04, 0x6A, 0xC0, 0x49, 0x04, 0x31, 0x87, 0xE2, 0x69, 0xFA, 0x82, 0x26, 0xAE, 0x29, 0x97,
    0x92, 0x96, 0x76, 0xE5, 0xEA, 0x1E, 0x27, 0xFE, 0x2C, 0x90, 0xEE, 0xBE, 0x9A, 0xCD, 0x6B, 0xE5,
    0x5E, 0x2B, 0x95, 0xF3, 0x61, 0xC1, 0x93, 0x83, 0x51, 0x6A, 0x2B, 0xCD, 0x96, 0x76, 0xF3, 0xAE,
    0x2E, 0x01, 0xF0, 0x31, 0xE1, 0xA1, 0xE4, 0x3A, 0x24, 0x87, 0x73, 0x62, 0x3A, 0x3F, 0x8E, 0x74,
    0xEB, 0xC7, 0x34, 0x81, 0x12, 0xB4, 0x7E, 0x0B, 0x4F, 0x9D, 0x5C, 0x5C, 0x7C, 0xEC, 0xDD, 0x5E,
    0xDA, 0xE0, 0x34, 0x67, 0x28, 0x61, 0x22, 0x05, 0x7E, 0xB0, 0x40, 0xC4, 0x46, 0xE4, 0xEE, 0xF2,
    0xF3, 0x3F, 0xED, 0x61, 0x3C, 0x11, 0x0E, 0xFE, 0x0D, 0x3F, 0xD7, 0xAD, 0x79, 0x91, 0x4C, 0xD1,
    0x02, 0x85, 0x91, 0x5D, 0x3D, 0x83, 0x30, 0xB5, 0x0C, 0xB8, 0x84, 0x27, 0x63, 0xBC, 0xD4, 0xC5,
    0x8C, 0x79, 0x4A, 0x92, 0xF7, 0x34, 0x67, 0xBF, 0x44, 0x98, 0x85, 0xEC, 0xA5, 0x68, 0xD1, 0xCC,
    0x38, 0xB5, 0x1B, 0xCB, 0x8A, 0x35, 0x4E, 0xD4, 0xB6, 0x52, 0xE1, 0xC5, 0x4C, 0x56, 0xA9, 0x41,
    0x6A, 0xEF, 0x28, 0x8C, 0x6B, 0x17, 0xF8, 0xE3, 0x85, 0x31, 0xB5, 0x09, 0x68, 0x4D, 0xE3, 0x4F,
    0xE1, 0x22, 0x7F, 0x58, 0x42, 0x7A, 0x0D, 0x4B, 0x88, 0x3F, 0xC0, 0x04, 0x67, 0xFC, 0x3A, 0x8D,
    0x9F, 0x79, 0x60, 0x18, 0x49, 0xC2, 0x2B, 0x24, 0x42, 0xE7, 0x76, 0x93, 0x4B, 0x89, 0xD7, 0xAC,
    0x38, 0x90, 0x5A, 0x31, 0xDE, 0x94, 0x7A, 0x50, 0x4C, 0xF6, 0x00, 0xF4, 0x7E, 0x52, 0xBC, 0xA9,
    0xBC, 0xDF, 0x75, 0xCA, 0xBB, 0xDE, 0xA9, 0x59, 0x09, 0x3F, 0x82, 0x29, 0xEC, 0xEC, 0x6C, 0xA9,
    0x19, 0x58, 0xBF, 0x74, 0x0C, 0x7E, 0xC3, 0xEF, 0xF7, 0x5E, 0x14, 0x38, 0xC3, 0x15, 0x2A, 0x66,
    0xC3, 0x75, 0x28, 0x46, 0x8B, 0x43, 0x8C, 0xD6, 0xA1, 0x77, 0x47, 0xCB, 0x55, 0x5C, 0xBC, 0x29,
    0xD6, 0x36, 0xCC, 0xB3, 0x58, 0x75, 0xC3, 0xC7, 0x65, 0xB5, 0x89, 0x35, 0x3B, 0x5F, 0xD9, 0x0A,
    0xBD, 0x9A, 0x52, 0x01, 0x0E, 0x8A, 0x4A, 0x85, 0x7D, 0x26, 0x8B, 0x4C, 0x93, 0x1B, 0x25, 0x65,
    0x8C, 0xBC, 0xDA, 0xC4, 0x89, 0x43, 0xF4, 0xAE, 0x46, 0xEF, 0x84, 0x78, 0x5C, 0xD0, 0xEB, 0x97,
    0x6D, 0x8F, 0x5E, 0xFF, 0x03, 0xDD, 0xA3, 0x57, 0x8A, 0x47, 0x19, 0xBD, 0xB3, 0xF9, 0x9B, 0xAB,
    0xD0, 0x1B, 0x0D, 0x2D, 0x8F, 0x24, 0x5F, 0xF5, 0xCB, 0x89, 0x95, 0x06, 0xC6, 0xE1, 0x72, 0x2F,
    0x87, 0x14, 0xB2, 0x84, 0x42, 0x0E, 0x17, 0x1A, 0xD9, 0x99, 0xF6, 0xA3, 0x30, 0xAB, 0xA3, 0xDC,
    0x2E, 0x34, 0xE2, 0x37, 0x9C, 0x29, 0xCB, 0xA3, 0xC0, 0x5F, 0x78, 0xA1, 0x11, 0xAF, 0xE1, 0x7F,
    0x8E, 0x40, 0x35, 0x54, 0xCE, 0xC5, 0xA3, 0xAB, 0x27, 0x79, 0x46, 0x76, 0xF4, 0x68, 0x50, 0xC6,
    0x23, 0x34, 0xFC, 0x72, 0x74, 0xC8, 0x17, 0xF3, 0x01, 0x43, 0x06, 0x1F, 0xE8, 0x15, 0x5F, 0xFC,
    0x9F, 0x0F, 0x98, 0x78, 0x12, 0x6F, 0xA9, 0x3B, 0x79, 0x1D, 0x0E, 0xBD, 0x1A, 0x6A, 0xC0, 0x3E,
    0x65, 0xE7, 0x23, 0xAF, 0x0E, 0xA4, 0x38, 0xAB, 0x51, 0x19, 0x1B, 0x6E, 0x93, 0xF7, 0x98, 0xED,
    0x9E, 0xA4, 0xC3, 0xB5, 0x56, 0x52, 0x3F, 0x6F, 0x68, 0x1F, 0xFE, 0xB6, 0x1B, 0xED, 0x83, 0xF7,
    0xE8, 0x9F, 0x3F, 0xA4, 0x53, 0x1C, 0xC3, 0x87, 0x65, 0x4D, 0x16, 0x4B, 0x92, 0xF1, 0x90, 0x98,
    0x93, 0xF9, 0xF0, 0x1B, 0x13, 0xB5, 0x57, 0x50, 0xEA, 0x81, 0x7F, 0x8D, 0x90, 0x1F, 0xF0, 0x0A,
    0x0A, 0x3E, 0xAF, 0xA8, 0x30, 0x59, 0x69, 0x14, 0x1F, 0x2E, 0x5D, 0xF2, 0x68, 0xD5, 0xBE, 0x3F,
    0x72, 0xE0, 0xDC, 0xE2, 0x65, 0xFD, 0x5D, 0xDF, 0xD8, 0x45, 0x41, 0xBD, 0xD8, 0xB0, 0xAB, 0x20,
    0xD8, 0x60, 0xB2, 0xB5, 0xB5, 0x0E, 0xD7, 0x4E, 0xB8, 0x37, 0x08, 0x5F, 0x9C, 0xB9, 0x1F, 0xFC,
    0x8F, 0x16, 0xDB, 0xB0, 0x59, 0xC5, 0x16, 0xE1, 0x8D, 0x6F, 0x04, 0xB4, 0xA4, 0x9A, 0xD8, 0x86,
    0xD3, 0x99, 0xA5, 0x85, 0x56, 0x4F, 0x61, 0x3E, 0xB2, 0xA3, 0xF3, 0xC8, 0x13, 0xDB, 0x4B, 0x9F,
    0x14, 0xF2, 0x69, 0xC4, 0xB4, 0x76, 0x5B, 0x31, 0xE7, 0xDC, 0xC6, 0x98, 0x72, 0x3F, 0xFC, 0x8C,
    0xA1, 0xB1, 0x74, 0x91, 0x20, 0x6F, 0x6E, 0xD8, 0x73, 0xB6, 0x7D, 0xA1, 0x16, 0x6D, 0xEE, 0xA3,
    0x23, 0x21, 0xA4, 0x2E, 0x94, 0x23, 0xC7, 0x8C, 0x17, 0xF5, 0x8C, 0xB1, 0x14, 0x75, 0xB8, 0x78,
    0xB2, 0x3D, 0xF2, 0xCC, 0xD1, 0xC7, 0x4D, 0x38, 0x98, 0x15, 0xC2, 0xED, 0x7F, 0xF9, 0x1A, 0x1B,
    0x4F, 0x76, 0xBD, 0xF0, 0xDB, 0xAC, 0xC4, 0xF8, 0xE8, 0x2C, 0xAC, 0xB2, 0x68, 0x99, 0x0A, 0xAD,
    0x19, 0x7C, 0x24, 0x63, 0x7C, 0xF8, 0x6F, 0xC9, 0xE4, 0xFD, 0x2F, 0xD8, 0x60, 0x89, 0x7E, 0x2B,
    0x26, 0xD5, 0x7B, 0x0C, 0xFF, 0x34, 0x7E, 0x5C, 0x16, 0xA4, 0x79, 0x9C, 0x57, 0x41, 0xB3, 0x49,
    0xF5, 0x27, 0xAD, 0x1A, 0x34, 0xC5, 0x06, 0x7D, 0xF9, 0x48, 0xBF, 0x02, 0x6D, 0x68, 0x5B, 0x99,
    0x45, 0xA4, 0x6D, 0xF4, 0xFF, 0x7B, 0x72, 0xD8, 0xD2, 0x97, 0xE3, 0xDE, 0xE3, 0xBA, 0x6A, 0x48,
    0x44, 0x66, 0xD8, 0x02, 0xEB, 0x86, 0xD1, 0xBF, 0x58, 0x94, 0xE7, 0x3D, 0xB5, 0xD7, 0x17, 0x9D,
    0xD8, 0xCA, 0x1E, 0xA4, 0xA0, 0x75, 0x1B, 0x44, 0x8A, 0xE8, 0xDF, 0x44, 0x66, 0xD6, 0x6B, 0x19,
    0xFE, 0x8F, 0xD0, 0xC6, 0xB6, 0x0A, 0xD3, 0x62, 0x2F, 0xE6, 0xEC, 0xEE, 0xEB, 0x67, 0x3E, 0xE2,
    0xA8, 0x9B, 0xE5, 0x5C, 0xC4, 0x7D, 0x86, 0x7E, 0x73, 0xD6, 0x76, 0x64, 0x1B, 0x9D, 0xA4, 0x6F,
    0x47, 0x9D, 0x67, 0x3C, 0x80, 0xB7, 0x2E, 0x3D, 0x88, 0xA3, 0x3E, 0xB1, 0x5A, 0xA9, 0x59, 0xD2,
    0xE0, 0xD5, 0x99, 0xBC, 0x5A, 0x0E, 0x82, 0x09, 0xF4, 0xF8, 0xAD, 0xCE, 0x64, 0x68, 0xD7, 0x18,
    0xE7, 0x26, 0xF5, 0xB3, 0x6F, 0xD8, 0x9F, 0xAC, 0x8E, 0xBE, 0x60, 0xFE, 0x25, 0x18, 0x28, 0x74,
    0xC6, 0x61, 0x16, 0xE6, 0x8C, 0xBA, 0x4F, 0x4D, 0x1F, 0x47, 0x1C, 0x1E, 0x2E, 0xF3, 0x75, 0x0B,
    0xDD, 0x79, 0xB7, 0x16, 0x99, 0x1C, 0xA7, 0x28, 0xDB, 0x92, 0x32, 0xC9, 0x82, 0xE7, 0x69, 0x5B,
    0x16, 0x68, 0xA9, 0x1C, 0xB0, 0xE5, 0x7A, 0x29, 0x53, 0x32, 0x1C, 0xC8, 0x24, 0xB0, 0x25, 0xF2,
    0x70, 0xE3, 0x31, 0x58, 0x0B, 0xF4, 0x1E, 0x60, 0xEC, 0x11, 0xD2, 0x20, 0x4B, 0x0A, 0xF7, 0xEC,
    0x3F, 0x13, 0x33, 0xEB, 0x52, 0x7B, 0x6F, 0x9B, 0x7F, 0x9B, 0x09, 0x04, 0xCD, 0x60, 0x55, 0x82,
    0xDE, 0xA8, 0x12, 0xF4, 0x86, 0xA5, 0xA0, 0x77, 0x1A, 0x1F, 0x12, 0xA4, 0xA0, 0xF7, 0xFF, 0x00,
    0xED, 0x3D, 0x4D, 0x8C, 0xDD, 0xC6, 0x79, 0x43, 0xBE, 0xDD, 0xC7, 0xDA, 0x04, 0x4C, 0xA1, 0x58,
    0x1B, 0x96, 0x65, 0x9B, 0x39, 0xF8, 0x10, 0x1B, 0x95, 0xD8, 0x43, 0x10, 0xB8, 0xC0, 0xAE, 0x48,
    0xC7, 0x68, 0x7C, 0x68, 0x01, 0xAB, 0x85, 0xD6, 0x07, 0xA5, 0xA8, 0x75, 0xD0, 0x41, 0x15, 0x92,
    0x2A, 0x87, 0x1C, 0x5C, 0x60, 0x25, 0x3E, 0xC4, 0x87, 0x02, 0xBD, 0x68, 0x03, 0x38, 0xBE, 0xF4,
    0x20, 0x1D, 0x64, 0x20, 0x5E, 0x03, 0x5D, 0xB5, 0xD5, 0x41, 0x40, 0x77, 0x45, 0xC6, 0x3E, 0xE4,
    0xA0, 0x83, 0x5F, 0x52, 0x38, 0x06, 0x9A, 0x83, 0x68, 0x58, 0x8D, 0x11, 0xBB, 0x80, 0x28, 0x87,
    0x76, 0x28, 0x89, 0xE4, 0xF4, 0xFB, 0x1B, 0x3E, 0xBE, 0xA7, 0xB7, 0xD2, 0xC6, 0xB2, 0x7E, 0x56,
    0xD2, 0xDB, 0xF7, 0x66, 0x86, 0x7F, 0xC3, 0x6F, 0xBE, 0x6F, 0xE6, 0xFB, 0x9B, 0x6F, 0x66, 0x95,
    0xA2, 0x4F, 0xC4, 0x99, 0x72, 0x53, 0x29, 0x24, 0x19, 0xE7, 0x8E, 0xCE, 0xB9, 0x10, 0xEB, 0x81,
    0x9C, 0x28, 0xF9, 0x44, 0xA0, 0x07, 0xB3, 0x54, 0x80, 0x13, 0x09, 0x3F, 0x93, 0xBA, 0x9A, 0x2A,
    0x5A, 0x50, 0x89, 0xE6, 0x8A, 0x5C, 0x2D, 0x85, 0x58, 0x37, 0x94, 0xF7, 0xB4, 0xE6, 0x9A, 0x7D,
    0x5D, 0x73, 0x3D, 0xA1, 0x1E, 0x4A, 0xA1, 0x51, 0x13, 0x85, 0x00, 0x1F, 0x9E, 0xA3, 0x6A, 0x00,
    0x8A, 0x10, 0x1E, 0xB4, 0x75, 0x05, 0x05, 0x04, 0x29, 0xD1, 0x50, 0x69, 0x4E, 0x15, 0x0D, 0x18,
    0x5A, 0x07, 0x2A, 0x4A, 0xB0, 0x2E, 0x0B, 0xEE, 0xE6, 0xB7, 0x24, 0x50, 0x20, 0xF8, 0x43, 0x80,
    0xB1, 0x94, 0x42, 0x4C, 0x40, 0xC2, 0x61, 0xA8, 0x9B, 0xB7, 0x5E, 0x59, 0x05, 0xF0, 0x03, 0x4D,
    0x9F, 0x1C, 0xC1, 0xC5, 0xCF, 0x10, 0xAA, 0xA0, 0x4F, 0x84, 0xD5, 0xC3, 0xE7, 0x02, 0x3E, 0xBA,
    0x2F, 0xF9, 0xF4, 0x0D, 0x75, 0x83, 0x8F, 0x15, 0x6D, 0xE7, 0x82, 0x97, 0x27, 0x8C, 0xD3, 0xA0,
    0x10, 0x0C, 0xB4, 0x05, 0xB8, 0xC4, 0xA8, 0xB4, 0x07, 0xCF, 0x76, 0x1E, 0x7D, 0x40, 0x82, 0xAF,
    0x87, 0x04, 0xAA, 0x6F, 0x0A, 0xA1, 0xC1, 0x64, 0x38, 0x9C, 0x2C, 0xF8, 0x83, 0x0D, 0x1F, 0x6F,
    0x2F, 0x5D, 0xFB, 0x54, 0x5B, 0xE1, 0x6C, 0x7B, 0xF7, 0x33, 0xA6, 0x60, 0x10, 0xA6, 0xB4, 0x29,
    0xAC, 0x1B, 0xEA, 0x6E, 0x8B, 0xA5, 0x30, 0x27, 0x7D, 0x42, 0x9D, 0x0D, 0x85, 0xDC, 0xDA, 0x90,
    0xBB, 0x31, 0xE4, 0x9E, 0x7B, 0x40, 0xEE, 0x69, 0xE4, 0xB6, 0xD4, 0x37, 0x68, 0xEC, 0xA4, 0x6B,
    0x84, 0x92, 0x61, 0x41, 0x4D, 0xFB, 0x9C, 0x5E, 0x65, 0x5D, 0xE5, 0x06, 0x9A, 0x86, 0x33, 0xDA,
    0xC2, 0x1B, 0x76, 0x14, 0xB5, 0x18, 0x75, 0x9F, 0x9B, 0xC8, 0x86, 0x5F, 0x2D, 0x13, 0x32, 0x6E,
    0x2A, 0x73, 0xF0, 0xFD, 0x71, 0xEE, 0x56, 0x94, 0x79, 0x9C, 0xF9, 0x94, 0x65, 0x41, 0x49, 0x59,
    0x58, 0xD0, 0x9D, 0x9C, 0x0D, 0x89, 0x0E, 0x7A, 0x48, 0x47, 0x3A, 0x05, 0xCC, 0x02, 0x79, 0xD2,
    0xA0, 0x46, 0x4A, 0x44, 0x3E, 0xE0, 0xCE, 0xD7, 0xCA, 0xD3, 0x97, 0x5F, 0x01, 0x42, 0x3B, 0x88,
    0xC4, 0x8A, 0xB1, 0x9A, 0x63, 0x67, 0xD0, 0xD8, 0x9B, 0xE0, 0x2C, 0xD1, 0xE4, 0x89, 0xB7, 0x0D,
    0xB7, 0x09, 0x22, 0xE9, 0x48, 0x53, 0x9A, 0x12, 0xF3, 0xC9, 0xED, 0x0F, 0x30, 0x78, 0x3D, 0x0C,
    0xB6, 0x7C, 0x23, 0x1A, 0x67, 0x12, 0xF1, 0x70, 0xFC, 0xF8, 0x61, 0x61, 0xEF, 0xD9, 0x3A, 0x4B,
    0x81, 0x4B, 0xCC, 0x28, 0xFC, 0x2F, 0xB4, 0x48, 0x85, 0x46, 0x84, 0xC2, 0x33, 0x9B, 0xEA, 0xB4,
    0x06, 0xCB, 0xD7, 0xE6, 0xC3, 0x9B, 0xCB, 0x8D, 0xD8, 0xF9, 0x23, 0x72, 0xA1, 0x82, 0x12, 0x32,
    0x28, 0xA1, 0x83, 0x12, 0x42, 0x28, 0xA1, 0x84, 0x12, 0x52, 0x48, 0x3E, 0x54, 0x42, 0x0C, 0x25,
    0xD4, 0x50, 0x42, 0x0E, 0x25, 0xF4, 0x50, 0x42, 0x10, 0x43, 0x11, 0x43, 0x92, 0x96, 0x26, 0x86,
    0x28, 0x2D, 0x55, 0xBA, 0x64, 0x79, 0xD0, 0x35, 0xBB, 0x9F, 0x67, 0xFA, 0x74, 0x52, 0x7B, 0xD4,
    0x10, 0x1D, 0x10, 0x94, 0xDA, 0xA7, 0x6C, 0xC9, 0x25, 0x8E, 0x69, 0x9D, 0x60, 0x79, 0xC1, 0x98,
    0x74, 0xAA, 0xEE, 0x91, 0x5C, 0xB3, 0xF8, 0xA8, 0xD7, 0x88, 0xA8, 0x11, 0xF9, 0xC4, 0x27, 0x45,
    0xBA, 0x1C, 0x98, 0x78, 0xF3, 0x9F, 0xF0, 0x93, 0x49, 0xF7, 0x91, 0x1E, 0x8B, 0x36, 0x68, 0x1F,
    0x62, 0xC9, 0xD2, 0x29, 0x61, 0x49, 0x0F, 0x09, 0x4B, 0x3A, 0x23, 0x2C, 0x25, 0x39, 0x63, 0x29,
    0x27, 0x84, 0x8C, 0xB2, 0x7C, 0x84, 0x33, 0x9D, 0x85, 0xD4, 0x1B, 0x86, 0x88, 0xA5, 0x9E, 0x4E,
    0x51, 0x30, 0x05, 0x3A, 0xF2, 0x74, 0xF3, 0x8E, 0xD6, 0x06, 0x4B, 0x36, 0x66, 0x05, 0x63, 0x29,
    0x25, 0xF9, 0x58, 0x6F, 0x88, 0x25, 0xF3, 0x59, 0x66, 0x28, 0x19, 0x05, 0x6E, 0xDD, 0xCD, 0x04,
    0x2F, 0x82, 0x90, 0xAD, 0xD2, 0x3E, 0x2F, 0x1A, 0xCB, 0xBE, 0x4B, 0xB9, 0xC7, 0x92, 0xDA, 0xD3,
    0x24, 0x4C, 0xBD, 0x8C, 0x88, 0xEB, 0x0D, 0x28, 0x4B, 0x56, 0xE9, 0x9A, 0xE6, 0x8E, 0x7F, 0xE8,
    0xED, 0xE9, 0x78, 0xBA, 0xBB, 0xDB, 0x7E, 0x0F, 0xF5, 0x56, 0x9F, 0xD5, 0x3C, 0xEF, 0x22, 0x41,
    0xE2, 0xB3, 0xD2, 0x28, 0x99, 0xC7, 0xE0, 0x49, 0xC3, 0xAC, 0x9F, 0x8D, 0xB5, 0x87, 0x7B, 0xAB,
    0x6D, 0x54, 0x41, 0xBE, 0x65, 0xAC, 0xED, 0xA1, 0x43, 0x94, 0x4E, 0x8E, 0x51, 0x2F, 0xD0, 0xEF,
    0x13, 0xD2, 0xE2, 0xBF, 0xA2, 0x93, 0xDB, 0xAD, 0xC1, 0x96, 0x1A, 0xCC, 0x62, 0x57, 0x15, 0x5D,
    0xBA, 0x7B, 0x3A, 0xED, 0xF4, 0x72, 0x97, 0xB5, 0xE2, 0x90, 0xB5, 0xE4, 0x84, 0xC5, 0x88, 0xFE,
    0x0D, 0x56, 0x63, 0xE9, 0xEF, 0xA0, 0xFE, 0x69, 0x6B, 0x0B, 0x2F, 0xDA, 0xDA, 0xC6, 0x8B, 0x96,
    0x7E, 0x51, 0x23, 0x2B, 0xD6, 0xE7, 0x1A, 0x6C, 0x08, 0xC0, 0xE0, 0xD5, 0x33, 0xF0, 0xFA, 0xD2,
    0xAB, 0x51, 0x87, 0x6D, 0x92, 0x3A, 0x24, 0xBD, 0xB5, 0xE2, 0xAC, 0x8C, 0x29, 0xCB, 0x02, 0x5D,
    0xDB, 0x58, 0xD9, 0xA3, 0x68, 0x12, 0x8E, 0xBA, 0xA2, 0x53, 0x77, 0x11, 0xE7, 0x8E, 0x77, 0xC5,
    0x13, 0x1B, 0x1A, 0x34, 0x2B, 0x27, 0x59, 0x37, 0x27, 0xAD, 0x38, 0x60, 0x6E, 0x8F, 0x5A, 0x72,
    0x13, 0xB1, 0xB2, 0x0C, 0x82, 0x61, 0x65, 0x15, 0x33, 0xF8, 0xEC, 0xE0, 0xCC, 0xA1, 0xCC, 0x6A,
    0x35, 0xEA, 0xDF, 0xD1, 0x60, 0xBE, 0x40, 0x57, 0x6A, 0xAE, 0x8D, 0x46, 0x76, 0xD2, 0x30, 0xED,
    0x72, 0x7E, 0x48, 0x50, 0xC5, 0x9A, 0x49, 0xA5, 0xB6, 0x6D, 0x23, 0xFD, 0xBD, 0x24, 0x13, 0xC0,
    0xAA, 0xD8, 0x12, 0x38, 0xF5, 0x23, 0x16, 0xF6, 0x11, 0xCB, 0xFA, 0x94, 0x33, 0x00, 0x09, 0xC8,
    0x68, 0x21, 0x6E, 0x2B, 0x31, 0x25, 0x04, 0xFD, 0x20, 0x63, 0x76, 0x20, 0xA5, 0xDE, 0x7A, 0x47,
    0x47, 0x44, 0x3F, 0x34, 0x1F, 0x34, 0x11, 0xD0, 0xE7, 0x23, 0x04, 0x13, 0x11, 0xD4, 0x5F, 0x7D,
    0x4B, 0x8D, 0x94, 0x27, 0x24, 0x42, 0x33, 0x20, 0x6A, 0x12, 0x45, 0x9B, 0x03, 0x64, 0x43, 0xF4,
    0xE0, 0x56, 0x1B, 0x5A, 0xDE, 0x1A, 0xCC, 0x4F, 0x89, 0xCE, 0x0F, 0x2F, 0xEA, 0xB1, 0x54, 0xC4,
    0xA6, 0x0E, 0xC0, 0xEE, 0x19, 0x7A, 0x40, 0x42, 0xBF, 0x4A, 0xCA, 0x30, 0x0F, 0xAA, 0x38, 0xF3,
    0xAA, 0x64, 0xE8, 0xD6, 0xD0, 0x3F, 0x6B, 0xB8, 0x52, 0xEB, 0x22, 0xA8, 0x00, 0x8C, 0x0A, 0x28,
    0x56, 0x00, 0xF1, 0x32, 0x80, 0x70, 0x60, 0x25, 0x97, 0x47, 0x68, 0xBF, 0x55, 0xF5, 0xDE, 0xE1,
    0xB6, 0x59, 0xCB, 0x0F, 0x29, 0xB7, 0x08, 0x53, 0x7C, 0x82, 0x7E, 0x45, 0x9C, 0x5A, 0xCB, 0x4F,
    0x8C, 0x77, 0xB9, 0x5B, 0xD1, 0x76, 0x6B, 0x0F, 0xF6, 0x8A, 0x86, 0x3A, 0x62, 0x8A, 0x66, 0x29,
    0x59, 0x7F, 0x25, 0x76, 0x82, 0x4A, 0x05, 0x95, 0x5F, 0x43, 0xE7, 0xF2, 0x1A, 0x48, 0x80, 0x93,
    0x71, 0xD2, 0xAC, 0x6A, 0x1C, 0xA9, 0x92, 0x78, 0x5A, 0xF8, 0x00, 0xA0, 0xE8, 0xD5, 0x46, 0x79,
    0xB5, 0x57, 0xAB, 0x20, 0x09, 0x2A, 0xB5, 0xE0, 0x41, 0x2D, 0x0B, 0x38, 0xC0, 0x03, 0xB4, 0x75,
    0x13, 0xAC, 0x3E, 0x41, 0x88, 0x13, 0x54, 0x16, 0x13, 0xEC, 0x80, 0x31, 0xC2, 0x30, 0xF7, 0x35,
    0x83, 0xA1, 0x9E, 0x00, 0x30, 0x12, 0x64, 0x41, 0xD8, 0x66, 0x4C, 0x48, 0x67, 0x03, 0x7A, 0x1E,
    0xBE, 0x31, 0x18, 0xDB, 0xD0, 0x94, 0x2F, 0x71, 0xD8, 0xAC, 0xA1, 0xE5, 0xB0, 0x1B, 0xCD, 0xD5,
    0x00, 0x4D, 0x03, 0x62, 0x9B, 0x2E, 0x76, 0x8A, 0x5E, 0x3E, 0xC5, 0x3B, 0x51, 0x13, 0xDB, 0x1A,
    0x20, 0x27, 0xCC, 0x10, 0x8C, 0x1C, 0x01, 0xAA, 0x94, 0xDF, 0xC4, 0x15, 0x0C, 0x55, 0x02, 0xDC,
    0x35, 0x80, 0x17, 0x4E, 0x17, 0x70, 0x64, 0x1C, 0xD8, 0xD4, 0x06, 0xC9, 0x59, 0xCB, 0x40, 0xB5,
    0x10, 0xE6, 0xC3, 0x50, 0x4B, 0x82, 0xA2, 0x3E, 0x41, 0x76, 0x41, 0xE0, 0xC6, 0x08, 0x6E, 0x88,
    0xE0, 0xB2, 0x17, 0xC3, 0x29, 0x49, 0x0A, 0x11, 0xEB, 0xA4, 0x24, 0xC2, 0xA1, 0x1D, 0x89, 0xBF,
    0x83, 0x58, 0x2D, 0x01, 0xCE, 0x30, 0x47, 0x77, 0x05, 0xCC, 0x62, 0x6F, 0x61, 0x92, 0x6F, 0x90,
    0xF4, 0x37, 0x62, 0xBA, 0x77, 0x0A, 0x66, 0x6B, 0xD9, 0x80, 0xE6, 0x61, 0x17, 0x08, 0x10, 0xA7,
    0xBB, 0x8F, 0xA2, 0x92, 0x1E, 0x9A, 0xFE, 0x72, 0xEA, 0xE1, 0xBB, 0x07, 0xDC, 0x03, 0x76, 0x04,
    0xF2, 0xCB, 0xCF, 0xE1, 0x95, 0xC0, 0xFD, 0x29, 0xA1, 0x43, 0x75, 0xA0, 0x3F, 0xB8, 0x6B, 0xBA,
    0x00, 0x71, 0x58, 0xD2, 0xDB, 0x49, 0x33, 0x61, 0x93, 0x06, 0x09, 0xBF, 0x0E, 0xC2, 0xCB, 0xD2,
    0x41, 0x0E, 0x50, 0x41, 0xA2, 0x1A, 0x34, 0x87, 0xC4, 0x50, 0xBA, 0x1B, 0x00, 0xDF, 0x21, 0x0C,
    0x5B, 0x1C, 0x78, 0x2E, 0x2B, 0x2B, 0x58, 0x2F, 0x8B, 0x6E, 0xF1, 0xF4, 0xE9, 0xCB, 0x64, 0x6A,
    0xF6, 0xC4, 0x46, 0x15, 0x25, 0x4F, 0xB9, 0x38, 0x26, 0xE1, 0x0A, 0xE5, 0xD0, 0x70, 0xD2, 0x36,
    0x3C, 0xCC, 0x33, 0x92, 0xED, 0x3D, 0x7C, 0x37, 0x6A, 0x65, 0xA8, 0x50, 0xA1, 0x06, 0x16, 0x00,
    0xA4, 0x98, 0xA3, 0xE2, 0x42, 0x1A, 0x19, 0x68, 0x60, 0x94, 0x83, 0x82, 0x47, 0x32, 0xDD, 0xD5,
    0x11, 0xF1, 0x4D, 0x90, 0xEC, 0x3E, 0xBC, 0xCC, 0x86, 0x46, 0x01, 0x2E, 0x56, 0x90, 0xED, 0x39,
    0xAC, 0xF6, 0x88, 0x17, 0x2F, 0x22, 0x05, 0x8B, 0x45, 0xBA, 0x58, 0xE8, 0xEA, 0xB1, 0x95, 0x3D,
    0x23, 0x85, 0xA6, 0x89, 0x8C, 0x8B, 0x93, 0xF5, 0x22, 0x9B, 0xCC, 0x7A, 0x6E, 0x63, 0x21, 0xDA,
    0x83, 0xB8, 0x41, 0xC3, 0xE6, 0x05, 0x31, 0xC1, 0x0B, 0xD5, 0x71, 0x74, 0x58, 0xA8, 0xA8, 0x61,
    0xC5, 0x87, 0x0B, 0x2E, 0xC0, 0x93, 0x11, 0xFA, 0x0E, 0x50, 0x35, 0x84, 0x33, 0xA5, 0x62, 0xDE,
    0xCB, 0x58, 0x6E, 0x10, 0x20, 0x60, 0xD3, 0xC7, 0x6B, 0xBA, 0x71, 0x70, 0xD2, 0x63, 0xB2, 0x0E,
    0x15, 0x15, 0x1C, 0x80, 0x9C, 0x0A, 0x28, 0xEF, 0x48, 0xFB, 0xB1, 0xE1, 0x92, 0xCB, 0xD5, 0xA6,
    0x70, 0xB9, 0xC0, 0x9B, 0x23, 0x44, 0xD9, 0xA7, 0x54, 0x19, 0x37, 0xB3, 0x14, 0x0F, 0x04, 0x21,
    0x1E, 0xC5, 0x42, 0xC3, 0xCA, 0xB1, 0x71, 0xB8, 0xCE, 0xAE, 0xBC, 0xD1, 0x72, 0x7A, 0x1A, 0xBC,
    0xEC, 0x7C, 0x40, 0x7E, 0x8F, 0xA4, 0x0D, 0x03, 0x26, 0x2D, 0x70, 0x7D, 0x22, 0x2D, 0xD0, 0x86,
    0x48, 0xEB, 0x14, 0x4C, 0x5A, 0x60, 0xA5, 0x5B, 0x8A, 0xB4, 0x76, 0x6E, 0x84, 0xC0, 0x28, 0x71,
    0x4B, 0xC3, 0xD3, 0x1E, 0x0C, 0xA9, 0x5B, 0x3A, 0xA4, 0xA6, 0x7E, 0xC4, 0xB8, 0xB5, 0xC5, 0xC0,
    0x10, 0x83, 0xA8, 0xCD, 0xC5, 0x38, 0xBC, 0xF6, 0x53, 0x4D, 0xBF, 0xDF, 0xD4, 0xD3, 0x31, 0x9A,
    0xEF, 0x0B, 0x7C, 0x1A, 0x2B, 0x38, 0x7E, 0x99, 0x59, 0x92, 0x3E, 0xC6, 0x79, 0x22, 0xC7, 0xBB,
    0x7A, 0xE2, 0x3A, 0x3D, 0x29, 0x78, 0x32, 0xF8, 0x33, 0x78, 0x37, 0x78, 0x9E, 0x54, 0x36, 0x9C,
    0xBA, 0x9D, 0x76, 0x19, 0x18, 0x86, 0x98, 0x19, 0x84, 0x16, 0x66, 0xF6, 0xA6, 0x12, 0x3B, 0xCA,
    0xE7, 0xBB, 0xC3, 0x5A, 0xEC, 0x46, 0x5D, 0x32, 0x1E, 0x7B, 0x3A, 0xE3, 0x02, 0x30, 0x2C, 0x8B,
    0xE6, 0x4D, 0xFC, 0x76, 0x5E, 0xA7, 0x34, 0x85, 0x62, 0x7C, 0xA6, 0xC7, 0xDA, 0x1F, 0xEA, 0xE6,
    0xED, 0x45, 0xB0, 0x1A, 0x73, 0xB6, 0x20, 0x81, 0x70, 0xAE, 0x29, 0x58, 0xA6, 0x80, 0xC6, 0x24,
    0x7E, 0x60, 0xFC, 0x3E, 0xF6, 0x8E, 0x5E, 0xF9, 0x69, 0x17, 0xF6, 0xC0, 0x28, 0xA7, 0x89, 0x29,
    0xE8, 0x13, 0x93, 0xDD, 0xAA, 0x2D, 0xC4, 0xDF, 0x37, 0xAF, 0x37, 0x2D, 0xD6, 0x6D, 0xC1, 0xE8,
    0x09, 0x53, 0x70, 0xBF, 0xF5, 0xF0, 0xF3, 0xE8, 0xE2, 0x9E, 0x50, 0x17, 0xB1, 0xCE, 0x63, 0x11,
    0x5F, 0xB7, 0xC2, 0x90, 0x9A, 0x9F, 0x4C, 0x62, 0x48, 0xFE, 0x1D, 0xBA, 0xF4, 0xC2, 0x1F, 0xCE,
    0x45, 0x3B, 0x88, 0x59, 0x7E, 0x76, 0x1E, 0x2C, 0xA2, 0xB6, 0x3D, 0x6E, 0xDD, 0xA2, 0xF4, 0x2A,
    0xDC, 0xFA, 0xB7, 0xF0, 0x83, 0x8B, 0xF3, 0x09, 0xFC, 0x3E, 0x89, 0xD4, 0x3C, 0x3E, 0xE9, 0xE3,
    0x83, 0xF0, 0x1C, 0x3F, 0x86, 0x4F, 0x99, 0x87, 0x40, 0x6A, 0x81, 0xD1, 0x5F, 0xE7, 0xBD, 0x22,
    0x07, 0x26, 0x9B, 0xC4, 0xC3, 0xD3, 0x28, 0xCF, 0x66, 0x76, 0xED, 0x0E, 0x82, 0xC0, 0x7F, 0xD5,
    0x3B, 0x3E, 0x1B, 0x3C, 0x97, 0x84, 0x75, 0x78, 0xE1, 0xB9, 0x48, 0xC5, 0x4D, 0xF4, 0x1C, 0xB6,
    0x6D, 0x00, 0x8A, 0x14, 0xA8, 0xAB, 0x6B, 0x4B, 0xEA, 0xCC, 0x92, 0x5A, 0xDB, 0xA6, 0xE2, 0x57,
    0x06, 0x81, 0x4E, 0x59, 0xEA, 0x5B, 0x05, 0x8E, 0x07, 0x1C, 0x22, 0x60, 0xAE, 0xB9, 0x83, 0xF0,
    0xF8, 0x10, 0xBE, 0xBB, 0xC8, 0x03, 0x6D, 0xD1, 0xEB, 0x80, 0x60, 0xEF, 0xBD, 0x1F, 0xCD, 0xF5,
    0x3E, 0x7C, 0x7F, 0x30, 0x6F, 0xEB, 0x8B, 0xD1, 0x12, 0x0C, 0x76, 0xB5, 0xD4, 0xAB, 0x0F, 0xAA,
    0x70, 0x35, 0xC5, 0x51, 0x8B, 0xAE, 0x6E, 0x63, 0x4E, 0x5B, 0x87, 0x5A, 0xD9, 0x32, 0x92, 0xBB,
    0x68, 0xDE, 0xBD, 0xB5, 0xCA, 0x1E, 0x33, 0x60, 0x01, 0x90, 0x1F, 0x26, 0x62, 0xF4, 0x2F, 0x22,
    0xF5, 0xAD, 0xE6, 0x0C, 0xA4, 0x4F, 0xF3, 0x54, 0x6C, 0xB0, 0x0A, 0xC9, 0xB7, 0x1E, 0x59, 0xC4,
    0xCF, 0xDF, 0xF7, 0xA0, 0xE6, 0x1F, 0x32, 0x95, 0x2B, 0x0B, 0x5E, 0xF5, 0xE7, 0x5C, 0xAE, 0x6D,
    0x28, 0xCF, 0x3F, 0xC5, 0x1C, 0xEB, 0xA5, 0x41, 0xAB, 0x89, 0xA0, 0xB6, 0x61, 0xE5, 0xA2, 0xC9,
    0xFC, 0x69, 0xAE, 0x0C, 0x17, 0xC0, 0x96, 0x39, 0x66, 0xA6, 0x58, 0x2D, 0x19, 0xA7, 0x2B, 0x51,
    0xCA, 0x6B, 0x09, 0xB1, 0x4B, 0x3D, 0x3D, 0xF2, 0xCE, 0xAA, 0x9D, 0x9D, 0xF2, 0xFC, 0xC8, 0x76,
    0x89, 0x46, 0x65, 0xA7, 0x5B, 0x1E, 0xDC, 0x44, 0xB9, 0x53, 0x8F, 0x3B, 0xF6, 0x5E, 0xBF, 0x53,
    0x1E, 0xC1, 0xB9, 0x53, 0xB9, 0x83, 0x11, 0xFC, 0xBD, 0xB6, 0x5D, 0xAF, 0x29, 0xDB, 0x60, 0x5B,
    0x01, 0x76, 0xBF, 0x90, 0x46, 0xBE, 0x02, 0x27, 0x93, 0x11, 0x7E, 0xD4, 0xF3, 0x4F, 0xF2, 0x9B,
    0xF0, 0xC1, 0x1F, 0x7A, 0x8C, 0x4F, 0xAB, 0x53, 0x56, 0x50, 0xFE, 0x16, 0x63, 0xC2, 0x43, 0x3C,
    0xCB, 0x48, 0x0F, 0x2E, 0x22, 0xBD, 0xFE, 0xB5, 0x24, 0xA9, 0x73, 0x90, 0xF9, 0xCC, 0x90, 0xE6,
    0x90, 0x44, 0x4D, 0xBC, 0xA2, 0xDB, 0x09, 0xF7, 0xC3, 0x34, 0x00, 0xE5, 0xF3, 0xE8, 0x14, 0xAF,
    0xFE, 0xB7, 0x4C, 0xC1, 0x0C, 0x83, 0xDE, 0x79, 0xB9, 0xCB, 0x7B, 0x51, 0x68, 0xB6, 0xA0, 0x0A,
    0x76, 0xB3, 0xCA, 0x94, 0xCA, 0xD3, 0xEF, 0x7C, 0xBA, 0xB2, 0xFA, 0x29, 0x14, 0x9E, 0x04, 0xEA,
    0xF5, 0x86, 0xA7, 0xA0, 0x80, 0xE3, 0xA2, 0xC0, 0x02, 0xDE, 0xB9, 0x00, 0x05, 0x9F, 0xD4, 0xBE,
    0x5C, 0x66, 0xFE, 0xD0, 0xF0, 0x5D, 0x10, 0xEA, 0x23, 0xE3, 0x03, 0x2B, 0x7F, 0x9D, 0x7A, 0x3A,
    0x3A, 0x00, 0x22, 0xEF, 0xEF, 0x94, 0xF3, 0x9D, 0x54, 0xFD, 0xE7, 0x70, 0xE1, 0x49, 0xF5, 0x30,
    0xB4, 0xF9, 0x54, 0x31, 0xFF, 0xA4, 0x7A, 0x44, 0x0D, 0xD5, 0xA9, 0x33, 0xDE, 0x93, 0xCA, 0x85,
    0x96, 0xFF, 0x47, 0xD6, 0xFB, 0x3F, 0xD5, 0xBB, 0x18, 0xA9, 0xFF, 0x1A, 0xE0, 0xE3, 0xD0, 0xE6,
    0xB3, 0x4A, 0x1D, 0x61, 0xC5, 0x11, 0xF0, 0x61, 0x14, 0x2C, 0x3F, 0x15, 0xFB, 0xF0, 0x29, 0xEC,
    0xD2, 0xBB, 0x10, 0x9E, 0x25, 0x28, 0x9C, 0xC1, 0x02, 0x10, 0xD0, 0xCE, 0xA0, 0xF0, 0xD4, 0xF7,
    0x3E, 0x58, 0xFC, 0xDE, 0x07, 0x79, 0xA7, 0x39, 0xB3, 0x8B, 0x47, 0x17, 0xEB, 0x45, 0xE2, 0xB0,
    0xBE, 0x21, 0x9B, 0x73, 0x4E, 0xE8, 0x6A, 0x35, 0x23, 0x9A, 0x8E, 0x7F, 0xDC, 0x3C, 0xAC, 0xE2,
    0x66, 0x2D, 0x2C, 0x83, 0xF5, 0x38, 0xAE, 0x83, 0x92, 0x5C, 0x99, 0x2E, 0xBA, 0x4A, 0xD4, 0xEE,
    0xC3, 0x6A, 0xC9, 0x8B, 0x96, 0xDC, 0x01, 0x7E, 0xBD, 0x28, 0x3C, 0x8C, 0x2E, 0x15, 0xD7, 0xB0,
    0x53, 0xF7, 0x02, 0xBA, 0x09, 0x76, 0xC6, 0xA9, 0xF2, 0x80, 0x6D, 0xA1, 0x96, 0x16, 0x10, 0x89,
    0xFA, 0xC3, 0xA0, 0x44, 0x87, 0x8D, 0x5B, 0x87, 0xD5, 0xFA, 0xE3, 0x67, 0x60, 0x70, 0x2C, 0x99,
    0xE9, 0xFD, 0x3F, 0x7A, 0xE8, 0xBB, 0x85, 0x05, 0x67, 0x56, 0x51, 0xC7, 0x18, 0x3C, 0x43, 0x1A,
    0xC4, 0x1E, 0xF5, 0xF0, 0x20, 0xCC, 0x8F, 0x14, 0x67, 0xCA, 0xB8, 0x0C, 0x0A, 0x27, 0xD7, 0xC3,
    0x46, 0x04, 0x8B, 0x5D, 0xB2, 0x16, 0xE3, 0x41, 0xB7, 0x0A, 0xFF, 0x1A, 0x2C, 0x6A, 0x85, 0xCF,
    0xE2, 0xB4, 0x1A, 0x70, 0x87, 0x7D, 0x7B, 0x37, 0x75, 0x8F, 0x3D, 0x54, 0xBD, 0x0C, 0x53, 0x18,
    0x96, 0xFB, 0xBD, 0xC1, 0x9A, 0x9B, 0x96, 0x4E, 0x5A, 0xBA, 0x69, 0x73, 0x78, 0x10, 0x6B, 0x6E,
    0xFA, 0x21, 0xEE, 0x9B, 0x25, 0x6B, 0x3E, 0x03, 0xE5, 0x34, 0x11, 0xCE, 0x82, 0x66, 0x68, 0x7C,
    0x86, 0x80, 0xBB, 0x44, 0x1D, 0xA5, 0xC0, 0x84, 0x23, 0x34, 0xF1, 0x8E, 0xE5, 0x00, 0x79, 0x37,
    0x9C, 0x09, 0x53, 0x24, 0x03, 0x74, 0x26, 0xB8, 0x13, 0xC8, 0xEC, 0x80, 0x9A, 0x92, 0x23, 0x13,
    0xD9, 0x6C, 0x3A, 0xC4, 0xA7, 0x7A, 0x04, 0x21, 0x7C, 0xDD, 0x21, 0xB6, 0x26, 0xF8, 0x60, 0x71,
    0xB1, 0x26, 0x95, 0xD9, 0xA4, 0xF8, 0x39, 0x85, 0xBC, 0x17, 0x24, 0x64, 0x70, 0x3C, 0x4D, 0x9C,
    0x3C, 0x7C, 0x19, 0xC4, 0x50, 0x84, 0x8A, 0x4A, 0xEB, 0x6B, 0x7A, 0x1E, 0x83, 0x51, 0x80, 0x87,
    0x7B, 0xE7, 0xB3, 0xF0, 0xC5, 0x32, 0x38, 0x97, 0x39, 0x20, 0x7A, 0x1A, 0xEA, 0x1C, 0xDB, 0x94,
    0x1D, 0xF9, 0x79, 0x58, 0x86, 0x15, 0x74, 0x89, 0xBC, 0x3F, 0xD8, 0x80, 0x9C, 0x64, 0x41, 0xD3,
    0xB4, 0x37, 0x45, 0xCE, 0x90, 0x82, 0xF0, 0x05, 0x6A, 0x6D, 0x39, 0x74, 0xEC, 0x5E, 0x06, 0xED,
    0xB6, 0xD3, 0x6F, 0x6E, 0xA4, 0xB3, 0x12, 0x2F, 0x40, 0xE6, 0xDC, 0x43, 0xF6, 0xD1, 0x23, 0x96,
    0xCE, 0x73, 0xBD, 0xA5, 0xF1, 0x2D, 0x7B, 0x8D, 0x71, 0x9E, 0xE3, 0x24, 0x31, 0xCF, 0x3F, 0xD8,
    0x7C, 0x77, 0xFA, 0x08, 0xC8, 0xB1, 0x94, 0x5C, 0xE4, 0xA8, 0xDE, 0x45, 0x31, 0xDA, 0x0A, 0x28,
    0x44, 0x51, 0xCB, 0x6B, 0xF9, 0xD8, 0xA3, 0x58, 0x5D, 0xC4, 0x96, 0x24, 0x6A, 0x89, 0xBF, 0x07,
    0xDC, 0xFD, 0xB2, 0x50, 0x6E, 0x5A, 0x01, 0xAB, 0xFC, 0xD1, 0x74, 0xB8, 0x9C, 0x01, 0x45, 0x49,
    0x58, 0x08, 0x10, 0x4D, 0xBA, 0x16, 0xAC, 0x3E, 0xA0, 0x87, 0x06, 0x67, 0x06, 0x3C, 0xF9, 0x61,
    0x19, 0xCF, 0xD1, 0xA4, 0x41, 0x4E, 0x0D, 0xF0, 0x75, 0x6A, 0x51, 0x47, 0xAA, 0xA1, 0x43, 0x15,
    0x14, 0x63, 0x83, 0xBA, 0x0A, 0x4E, 0xC5, 0x8A, 0x69, 0x08, 0x94, 0xF3, 0x0A, 0x9C, 0xF6, 0x8E,
    0x41, 0x7F, 0xD5, 0xA8, 0x0A, 0xE3, 0x58, 0x87, 0x37, 0xEE, 0x57, 0x3B, 0x0A, 0xAC, 0x0A, 0x47,
    0x50, 0x85, 0x75, 0xC3, 0x83, 0xD0, 0x7C, 0xF8, 0xBA, 0x68, 0x08, 0xE1, 0xA4, 0x0F, 0xE0, 0xA0,
    0x87, 0x5F, 0x94, 0xBB, 0x36, 0x7E, 0x53, 0x1B, 0xDF, 0x87, 0x5F, 0x35, 0xF1, 0x55, 0x58, 0x21,
    0x28, 0xED, 0x60, 0x70, 0xE1, 0x9C, 0x8B, 0x5F, 0x40, 0xCD, 0x01, 0x68, 0x1F, 0x40, 0x22, 0x64,
    0x15, 0x19, 0x26, 0xA8, 0x96, 0x00, 0xF1, 0x11, 0x6F, 0x64, 0x8C, 0x0B, 0x9E, 0x4D, 0xD2, 0x63,
    0x8C, 0x9B, 0xC4, 0x66, 0xDC, 0x1B, 0x02, 0x58, 0x6D, 0xA2, 0x36, 0x4C, 0x94, 0x80, 0x61, 0x61,
    0xD3, 0x80, 0x0C, 0x60, 0xF1, 0x65, 0xA8, 0xBD, 0x7B, 0x79, 0x92, 0x06, 0x94, 0xFA, 0x35, 0xC6,
    0xCA, 0x91, 0x80, 0xE8, 0xA6, 0x91, 0xAB, 0x19, 0xAA, 0x72, 0x47, 0x26, 0xB3, 0x5D, 0x04, 0xC3,
    0x44, 0x3A, 0x50, 0x02, 0x11, 0x83, 0x24, 0xE0, 0x58, 0x62, 0x88, 0x6C, 0x22, 0x35, 0x10, 0x1E,
    0x8A, 0x76, 0x80, 0xCE, 0x97, 0x86, 0x85, 0x8F, 0xB3, 0xF1, 0x21, 0x74, 0xAB, 0x2A, 0x6C, 0x52,
    0xBF, 0x0A, 0x33, 0x20, 0x34, 0x26, 0xB5, 0xFF, 0xC5, 0x29, 0x84, 0xAC, 0x40, 0xC0, 0x4A, 0x4C,
    0x2A, 0x34, 0x32, 0xC0, 0x64, 0xD5, 0x97, 0x27, 0x11, 0xD5, 0xFB, 0x8A, 0x88, 0x52, 0x32, 0x68,
    0xC5, 0x8A, 0x20, 0xE7, 0x04, 0x4D, 0xF8, 0xD1, 0xC8, 0x70, 0x35, 0x19, 0x45, 0x15, 0x7B, 0x3D,
    0x94, 0x26, 0x1F, 0xC8, 0x7F, 0xEB, 0xD4, 0xD1, 0x2F, 0xE8, 0x0C, 0x3A, 0x09, 0x2A, 0x98, 0xD0,
    0x53, 0xC1, 0x84, 0x82, 0x06, 0xE4, 0xD0, 0x85, 0x28, 0x28, 0x23, 0x41, 0xD8, 0x93, 0x6C, 0x1D,
    0x93, 0x06, 0x92, 0x4B, 0xDA, 0x47, 0x65, 0x93, 0xB4, 0x4D, 0x5D, 0xE2, 0xB8, 0xC9, 0x3D, 0x7D,
    0x5E, 0x0F, 0xED, 0x06, 0xE7, 0x0D, 0xAD, 0x45, 0x99, 0x2D, 0xB2, 0xD0, 0xA8, 0xEB, 0xA1, 0x45,
    0xE7, 0x71, 0xF2, 0xE6, 0x80, 0x6D, 0x79, 0x72, 0x52, 0x52, 0xE2, 0x0B, 0x8C, 0x4B, 0x00, 0xD9,
    0x6F, 0x6B, 0xBC, 0x99, 0xA1, 0xC2, 0x99, 0x3C, 0x2D, 0xAC, 0x11, 0xED, 0x32, 0x8E, 0x08, 0xD3,
    0x34, 0xD1, 0x57, 0xB0, 0xFF, 0x85, 0xE7, 0xE9, 0x68, 0xD2, 0x88, 0x8C, 0x84, 0xB8, 0x75, 0x83,
    0x4F, 0x9A, 0x4D, 0x16, 0xDC, 0x9C, 0xA1, 0x4A, 0x67, 0xE9, 0x08, 0x54, 0x0D, 0x18, 0xF4, 0x21,
    0x9A, 0x8A, 0x83, 0x80, 0xF8, 0x1A, 0x0E, 0x10, 0x74, 0xD2, 0x63, 0x01, 0xD9, 0x1C, 0x5E, 0x82,
    0x3E, 0x46, 0x16, 0x22, 0x3A, 0xFA, 0x52, 0x0C, 0x61, 0xD3, 0x29, 0x02, 0xA1, 0x87, 0xF8, 0x4A,
    0x68, 0x3E, 0x7A, 0x8D, 0x3E, 0x27, 0x93, 0xF0, 0x0F, 0xF8, 0xFE, 0xE0, 0xAA, 0x6E, 0xC3, 0xE5,
    0x3C, 0x5D, 0xB5, 0x29, 0x73, 0x76, 0xF2, 0x06, 0x41, 0x75, 0x39, 0xF5, 0xB0, 0x8C, 0xFA, 0xD6,
    0x70, 0x64, 0xC9, 0x88, 0x66, 0x31, 0xA7, 0x0C, 0x3A, 0x64, 0x3E, 0x8C, 0x0D, 0x8B, 0x58, 0x2B,
    0x89, 0xA4, 0x43, 0xBC, 0xD0, 0x74, 0x29, 0xBE, 0xDD, 0xD6, 0xCC, 0xBE, 0xB0, 0x22, 0xA7, 0x41,
    0x08, 0xBD, 0x1A, 0xE7, 0x46, 0xA1, 0x9F, 0x21, 0x8B, 0x29, 0x89, 0xA1, 0x14, 0xC8, 0x5E, 0x62,
    0x9C, 0x9B, 0x50, 0x68, 0x10, 0x20, 0xFC, 0x0E, 0xF9, 0xBC, 0x7A, 0xF8, 0xC5, 0x81, 0x4F, 0x27,
    0x33, 0xEC, 0x23, 0x40, 0xF8, 0x1A, 0x79, 0x14, 0xBE, 0x3B, 0xE4, 0x4A, 0xAA, 0x7E, 0x4E, 0x3A,
    0xCB, 0x36, 0x50, 0xDE, 0xE1, 0xBD, 0x27, 0x25, 0xDA, 0xCF, 0x42, 0x05, 0xC1, 0x41, 0x2B, 0xCA,
    0x43, 0x11, 0xE1, 0x6B, 0x00, 0x2E, 0x28, 0xD1, 0xFF, 0x52, 0x20, 0xE2, 0x72, 0xC4, 0x5B, 0x09,
    0x1D, 0x37, 0x6C, 0x5E, 0x02, 0x14, 0xE3, 0x60, 0x44, 0x2E, 0x91, 0x62, 0x6F, 0x4F, 0x6D, 0x9A,
    0xC4, 0x0B, 0x9A, 0x4E, 0xC7, 0x1D, 0x9A, 0x84, 0xE2, 0x02, 0x29, 0x18, 0x86, 0x94, 0x36, 0x0A,
    0x1C, 0x0C, 0xDB, 0x64, 0xD7, 0xF2, 0x54, 0x26, 0x5B, 0x76, 0xCA, 0xAD, 0x97, 0xE2, 0x9A, 0x03,
    0xBB, 0x9E, 0xE2, 0xE4, 0x60, 0xF3, 0xD0, 0xC9, 0x46, 0x07, 0xFA, 0x58, 0xB1, 0xC1, 0x81, 0x31,
    0xDC, 0xD5, 0xD4, 0x39, 0xEE, 0xD9, 0xEE, 0xAB, 0x74, 0x57, 0x1D, 0xEA, 0x1E, 0x38, 0xBA, 0xA3,
    0x69, 0xCA, 0x14, 0x38, 0x86, 0x9E, 0x3E, 0x2B, 0x6C, 0x87, 0x0C, 0x8F, 0x30, 0x17, 0xBE, 0x83,
    0x37, 0x40, 0xC3, 0xB9, 0xA3, 0xE0, 0x0D, 0x31, 0x1E, 0xC8, 0x7C, 0x39, 0xA2, 0x49, 0x0F, 0x65,
    0xD6, 0x9C, 0xBF, 0x3C, 0x77, 0x9E, 0xA3, 0xB4, 0xD1, 0x43, 0x9E, 0x41, 0xAF, 0xA1, 0xE3, 0xD9,
    0x7A, 0x18, 0xB4, 0x5E, 0x47, 0x8D, 0xBC, 0x69, 0x74, 0x30, 0xE8, 0x1E, 0x30, 0x96, 0x51, 0xF0,
    0x21, 0x65, 0x39, 0xC0, 0xE8, 0x13, 0x78, 0x18, 0x34, 0xE5, 0xB0, 0xEA, 0x04, 0x7B, 0xC9, 0x5C,
    0xBB, 0x38, 0xE6, 0x00, 0x48, 0xDF, 0x48, 0x49, 0x4F, 0x37, 0x2B, 0x38, 0x66, 0x67, 0x65, 0x36,
    0x99, 0xF4, 0x07, 0x12, 0xEA, 0x66, 0x0E, 0x9E, 0x28, 0x4C, 0x2F, 0x1C, 0x9A, 0x03, 0x99, 0x8F,
    0x97, 0xC0, 0xC1, 0x27, 0x56, 0x10, 0x45, 0x13, 0x33, 0x8B, 0x41, 0xF7, 0x60, 0x8C, 0xCF, 0xE9,
    0xE1, 0x46, 0x57, 0x92, 0x2E, 0x85, 0xB6, 0xAB, 0x4D, 0x7D, 0x66, 0xF7, 0x74, 0xA9, 0xD8, 0x21,
    0x56, 0x30, 0x32, 0x13, 0xC9, 0x17, 0x54, 0x18, 0xCA, 0x39, 0x5A, 0x7C, 0x09, 0x48, 0xB9, 0x56,
    0x61, 0xEA, 0xD1, 0x6C, 0x75, 0xE4, 0xCB, 0x3C, 0x79, 0x8A, 0xAE, 0x65, 0x57, 0x0B, 0xE5, 0x30,
    0x00, 0xD6, 0xD1, 0x26, 0xDE, 0x01, 0x1E, 0x73, 0xB5, 0x50, 0x0E, 0x79, 0x98, 0xDF, 0x30, 0xE5,
    0x9A, 0x04, 0xD5, 0x8F, 0xAA, 0x4B, 0xB9, 0xB2, 0x4B, 0xAC, 0x7C, 0x23, 0x32, 0xD6, 0x42, 0xB9,
    0x8F, 0x12, 0xE2, 0xA1, 0x4C, 0xB9, 0x4C, 0x2D, 0x62, 0x68, 0x1B, 0xBA, 0xB9, 0x3A, 0x94, 0x1B,
    0xA2, 0x96, 0xD1, 0x52, 0x0E, 0x23, 0x26, 0x40, 0x57, 0xEB, 0x50, 0xCE, 0xCF, 0xA4, 0xB9, 0xD8,
    0x5E, 0xEA, 0x1C, 0x86, 0x72, 0xEC, 0xFA, 0x70, 0xB8, 0xB9, 0xE2, 0xD5, 0xE1, 0x78, 0x0A, 0x99,
    0xC2, 0xB9, 0xB9, 0x10, 0x51, 0x2B, 0xB9, 0xC0, 0x58, 0xAF, 0x98, 0xE7, 0x95, 0xEC, 0xB4, 0x29,
    0x47, 0xCE, 0x7E, 0x4F, 0x7F, 0xB0, 0xDF, 0x68, 0x75, 0x86, 0x67, 0x9A, 0xCC, 0x33, 0xCE, 0x1D,
    0x05, 0x32, 0x1F, 0x80, 0xFC, 0x04, 0xD9, 0x6E, 0x4F, 0xA2, 0xFF, 0x84, 0x78, 0x01, 0x67, 0xB1,
    0xBE, 0xDC, 0x72, 0x55, 0x16, 0x2B, 0xEC, 0xBD, 0x1F, 0x05, 0x34, 0x04, 0x95, 0x38, 0x7D, 0xC8,
    0x04, 0x0A, 0xDB, 0xD0, 0xBC, 0xBA, 0x9B, 0xC9, 0x49, 0xBE, 0xA5, 0xEC, 0xFA, 0x84, 0x28, 0x62,
    0xE2, 0xFB, 0x88, 0xDE, 0x37, 0x57, 0xC9, 0x37, 0x29, 0x7E, 0x68, 0x12, 0x72, 0x01, 0x67, 0x7D,
    0x09, 0x5D, 0x7E, 0xEC, 0x2C, 0xF9, 0x02, 0xF7, 0x12, 0x6D, 0x50, 0xC8, 0x50, 0x44, 0x09, 0xCF,
    0x37, 0x0F, 0x00, 0xAC, 0xCF, 0x22, 0x11, 0xE5, 0xB5, 0x49, 0xC0, 0x82, 0x99, 0x81, 0x06, 0xBE,
    0xB0, 0x86, 0xF7, 0xD5, 0x3C, 0x7B, 0x81, 0xB5, 0x29, 0x52, 0x61, 0x43, 0x24, 0x55, 0x88, 0x58,
    0x23, 0xF7, 0xE6, 0x23, 0x44, 0x92, 0xFE, 0xBF, 0x00, 0x81, 0xBC, 0xF7, 0x31, 0x0E, 0x66, 0x4A,
    0xE2, 0x9C, 0xC3, 0xB6, 0x1F, 0x8A, 0x24, 0x80, 0x3C, 0xE0, 0x99, 0x68, 0x52, 0x45, 0xD1, 0x21,
    0x76, 0x55, 0xE7, 0xC0, 0xC2, 0x40, 0xA9, 0x5E, 0x47, 0xBC, 0xCC, 0x88, 0xE8, 0x86, 0xE4, 0xD0,
    0xAB, 0x34, 0x0F, 0x51, 0x59, 0x46, 0x9F, 0xA9, 0x50, 0xC7, 0x29, 0x03, 0xFD, 0xD3, 0x7D, 0x39,
    0xF5, 0xC0, 0x98, 0x63, 0x77, 0x0E, 0x1E, 0x84, 0xE4, 0xC8, 0x1A, 0x26, 0xEB, 0x98, 0x1C, 0x01,
    0x8C, 0xB6, 0x49, 0xB1, 0x70, 0x84, 0x3B, 0x16, 0x75, 0x7A, 0x7F, 0x34, 0x29, 0x50, 0x1B, 0x77,
    0x94, 0x99, 0x66, 0xDB, 0xDB, 0x75, 0x99, 0x0A, 0x9B, 0x97, 0x50, 0x26, 0xEF, 0x78, 0x37, 0xDA,
    0x29, 0xEC, 0xD1, 0xB0, 0xDD, 0x69, 0x4F, 0x0B, 0xDD, 0xBF, 0x6B, 0x03, 0x7F, 0xC6, 0x7D, 0x9B,
    0x41, 0x3E, 0x67, 0xFC, 0x8D, 0x61, 0x26, 0x9D, 0x91, 0x07, 0x23, 0xE0, 0x28, 0xCE, 0xA5, 0xCB,
    0x4B, 0x08, 0x29, 0x68, 0x66, 0x43, 0x29, 0x08, 0xC7, 0x72, 0x1B, 0xF1, 0x2A, 0x7A, 0x0D, 0xC7,
    0xD6, 0x03, 0xFF, 0xE6, 0xD8, 0xFA, 0x3E, 0xC2, 0xD1, 0xBC, 0xB5, 0x0F, 0x06, 0x7E, 0x15, 0x4C,
    0x3A, 0x2C, 0x53, 0x71, 0x58, 0x36, 0xC6, 0x23, 0xB0, 0x4C, 0xB1, 0xF5, 0x57, 0xAE, 0x17, 0x01,
    0x29, 0x70, 0xCF, 0xCD, 0x4A, 0x14, 0x68, 0x13, 0x46, 0xEC, 0xD2, 0xD6, 0x1C, 0x5E, 0xDF, 0xAB,
    0xE4, 0x8C, 0x3A, 0xF1, 0xCD, 0x6B, 0x46, 0xFF, 0xD1, 0x96, 0x8B, 0x47, 0xD7, 0x14, 0xCC, 0x25,
    0x63, 0x00, 0xFA, 0x3F, 0x16, 0xC1, 0x1C, 0x7E, 0x58, 0x4D, 0x16, 0xDE, 0xAB, 0xCC, 0x8A, 0x8E,
    0xE5, 0xAD, 0x8B, 0xC3, 0x76, 0x89, 0x88, 0xA5, 0x5B, 0x71, 0x14, 0x19, 0xB5, 0x21, 0x9A, 0xB8,
    0xA4, 0x0E, 0x8E, 0xA1, 0x7F, 0xAB, 0x36, 0x79, 0x6D, 0xB2, 0xC9, 0xA3, 0x06, 0xB6, 0x8A, 0xDC,
    0x9C, 0x69, 0xDC, 0x8B, 0xA2, 0x8C, 0x85, 0xE7, 0xCA, 0xC9, 0xC2, 0xEB, 0x72, 0x69, 0xC6, 0xA8,
    0xD5, 0xDB, 0xC9, 0x80, 0x45, 0xFE, 0xF3, 0xBA, 0xF4, 0x0D, 0xFD, 0x8B, 0x66, 0xA2, 0x90, 0x98,
    0x4B, 0xDB, 0xD1, 0x72, 0x78, 0x80, 0xC3, 0x49, 0x1C, 0xAA, 0xF5, 0x49, 0xE5, 0xD6, 0xA8, 0xAF,
    0xD3, 0x3A, 0xE4, 0x81, 0x2D, 0xDC, 0x0F, 0x1F, 0x1A, 0xF5, 0x96, 0x7A, 0xA3, 0xDE, 0x12, 0xBF,
    0x27, 0x97, 0x9E, 0x30, 0xD3, 0x77, 0x5B, 0x72, 0xE8, 0x99, 0xA8, 0x5F, 0xAB, 0xF5, 0x71, 0x1B,
    0x0A, 0x3A, 0x17, 0x8D, 0xB3, 0xFB, 0x7D, 0xA3, 0x2D, 0xBE, 0x24, 0x0A, 0x70, 0x68, 0xE7, 0xC6,
    0xE4, 0x89, 0x4C, 0x41, 0x7A, 0x42, 0x60, 0x2E, 0xF9, 0x2F, 0xCA, 0xCD, 0xDE, 0x2F, 0x52, 0x53,
    0xE1, 0x60, 0xE2, 0x15, 0xA3, 0x0E, 0xB9, 0xBE, 0x55, 0xD8, 0xD7, 0x09, 0xD2, 0x3F, 0x7A, 0x15,
    0xE9, 0xC5, 0x4E, 0x43, 0xE0, 0x48, 0xD6, 0xAB, 0x78, 0x75, 0xC4, 0x89, 0x7E, 0xB4, 0x61, 0x40,
    0xEE, 0x1B, 0x62, 0x49, 0x2C, 0x73, 0xD6, 0xC8, 0xB2, 0xB5, 0xCB, 0x12, 0x90, 0x0B, 0xC6, 0xF4,
    0x4A, 0x22, 0xD6, 0xC4, 0x61, 0xB6, 0x23, 0x76, 0x50, 0x66, 0x73, 0x90, 0x08, 0x3C, 0xF2, 0xBF,
    0x74, 0x70, 0x81, 0x14, 0x94, 0xCB, 0xAC, 0x99, 0x0C, 0x46, 0x13, 0xA3, 0x3D, 0x13, 0x90, 0x3B,
    0x18, 0x0F, 0xC8, 0xED, 0x4C, 0x5A, 0x0A, 0x06, 0xE3, 0xEB, 0x65, 0x2C, 0x5A, 0x25, 0x20, 0x57,
    0xD4, 0x58, 0xF2, 0xBF, 0xFC, 0x80, 0x02, 0x72, 0x57, 0x1B, 0x56, 0x63, 0xD9, 0x49, 0xA3, 0xC5,
    0xEC, 0x21, 0x55, 0x88, 0x8D, 0xA4, 0x3E, 0xAA, 0xB1, 0x77, 0x20, 0xFC, 0x18, 0xA7, 0x9C, 0xA0,
    0xB5, 0x48, 0x07, 0x74, 0x7E, 0xE6, 0xD4, 0x5A, 0x3A, 0xCA, 0xE9, 0x1A, 0xEA, 0xE7, 0xBB, 0x48,
    0x5B, 0x2F, 0xE1, 0x05, 0xB8, 0xBA, 0x06, 0xCD, 0xA3, 0x82, 0x8E, 0xC2, 0xCA, 0xCE, 0x76, 0xDE,
    0x64, 0xF8, 0x31, 0xCF, 0x06, 0x11, 0x9E, 0xCB, 0x03, 0x04, 0x3A, 0x25, 0x38, 0xF7, 0x87, 0x41,
    0x3C, 0x95, 0x37, 0xC0, 0x5E, 0x19, 0xB1, 0x52, 0xD9, 0x5F, 0x59, 0xBE, 0x93, 0xCE, 0xEC, 0x91,
    0xA5, 0x35, 0x68, 0x43, 0x07, 0x4B, 0x13, 0x3F, 0xD8, 0xF5, 0x87, 0xE0, 0x61, 0x1B, 0x58, 0x48,
    0xB7, 0xD0, 0xCD, 0x1D, 0xF7, 0xC7, 0xED, 0x02, 0x97, 0x0C, 0x4B, 0x0F, 0x6B, 0xC7, 0x50, 0x41,
    0xB5, 0x1B, 0x2B, 0x5E, 0x42, 0xD6, 0x51, 0x86, 0x00, 0x4F, 0x8E, 0xF3, 0x69, 0xFB, 0x67, 0xC6,
    0x3C, 0xEF, 0x64, 0x7D, 0x5A, 0x1D, 0x80, 0x0A, 0x33, 0x10, 0x3A, 0x7E, 0xC7, 0x36, 0xF1, 0xC5,
    0x21, 0x89, 0xAC, 0x60, 0x38, 0x4A, 0xC8, 0x14, 0x43, 0x4F, 0x3C, 0xFB, 0xF6, 0x42, 0x76, 0x9E,
    0xA6, 0x12, 0x91, 0x44, 0x2B, 0xA3, 0xBA, 0xBE, 0x9F, 0xA7, 0x9D, 0x8E, 0x0F, 0x22, 0x3C, 0xD6,
    0x71, 0x19, 0xC5, 0xEF, 0x77, 0x0E, 0xC2, 0x97, 0x3B, 0x38, 0x9E, 0xED, 0x28, 0xFD, 0x6A, 0x7B,
    0xD7, 0x54, 0x09, 0x8F, 0x65, 0x1B, 0x55, 0xD0, 0xAD, 0x7A, 0xBB, 0xFD, 0xC0, 0x1B, 0x75, 0x1D,
    0x6F, 0x94, 0xEA, 0x7A, 0xA3, 0x8C, 0x6F, 0x47, 0xB7, 0xA1, 0x81, 0xC6, 0xA7, 0x61, 0x30, 0xA4,
    0x3B, 0x9E, 0x42, 0xF6, 0x46, 0x49, 0x07, 0x8C, 0xC8, 0xFC, 0x08, 0x32, 0xAA, 0x32, 0x24, 0xDF,
    0xAF, 0xC9, 0xE4, 0xA4, 0xDC, 0xB2, 0x65, 0x7C, 0x1A, 0x9B, 0x95, 0x09, 0x37, 0xED, 0xD3, 0x10,
    0xDC, 0x0E, 0x49, 0x3F, 0xF5, 0x79, 0x15, 0x6B, 0xF0, 0x39, 0x65, 0xDE, 0xA5, 0x86, 0x87, 0xF7,
    0xC1, 0xAE, 0xAB, 0x4F, 0x1C, 0x47, 0x92, 0xC9, 0xEA, 0xEC, 0x2D, 0xE6, 0x31, 0xBA, 0x6D, 0xD8,
    0x15, 0xB6, 0x17, 0x0E, 0xA6, 0xA0, 0x4E, 0x4E, 0xCE, 0x8C, 0xFB, 0x53, 0xA3, 0xAE, 0x23, 0x6E,
    0xFC, 0xCE, 0x87, 0x1E, 0x20, 0x79, 0xC3, 0x2E, 0xDC, 0x3F, 0xD9, 0xB2, 0x0C, 0x13, 0x28, 0x24,
    0x9C, 0xC3, 0x31, 0xA1, 0xC7, 0x9E, 0x59, 0x55, 0x1C, 0x34, 0xB1, 0xC0, 0x58, 0x78, 0xF5, 0x1C,
    0x43, 0xE9, 0x35, 0x21, 0xCF, 0x6B, 0xB8, 0x9A, 0xB9, 0x5B, 0xE1, 0xEA, 0xD8, 0xAC, 0x49, 0x26,
    0x5D, 0x16, 0x85, 0x20, 0xE9, 0xB2, 0x81, 0x16, 0x75, 0xCA, 0x33, 0xEB, 0x96, 0x51, 0x0D, 0x14,
    0x5D, 0xD6, 0x13, 0x5D, 0x56, 0xC5, 0xA4, 0xCB, 0x2E, 0x82, 0xDE, 0xD8, 0xEA, 0xB2, 0x85, 0xD1,
    0x65, 0x33, 0x13, 0x72, 0x36, 0x10, 0x8D, 0xEB, 0x02, 0xEB, 0xB2, 0x37, 0x0A, 0x00, 0x65, 0x35,
    0x5C, 0xF4, 0x58, 0x51, 0x76, 0x5B, 0x3D, 0x17, 0x35, 0x6B, 0x29, 0x18, 0x95, 0xB7, 0xA3, 0xF4,
    0xDE, 0xF3, 0xF8, 0x71, 0x8C, 0x9C, 0xF0, 0xF2, 0xC9, 0x82, 0x6B, 0x0A, 0x46, 0x9A, 0x5B, 0xA5,
    0x0C, 0xB3, 0x5E, 0x2D, 0x03, 0xAD, 0x2D, 0x58, 0x95, 0xF8, 0xC1, 0xD4, 0xB6, 0x19, 0xB9, 0xD7,
    0xBC, 0xA0, 0x99, 0x94, 0xD4, 0x6D, 0xA1, 0xD7, 0xCA, 0xA5, 0x13, 0x53, 0x24, 0x7D, 0xD2, 0xDE,
    0x2E, 0x35, 0xDF, 0xE3, 0x7B, 0x7B, 0xD8, 0x46, 0x30, 0x7B, 0xED, 0xF6, 0x2C, 0x46, 0x57, 0xF2,
    0x7E, 0x65, 0x82, 0x94, 0x0C, 0x4D, 0x2C, 0x43, 0x25, 0xEF, 0x43, 0x63, 0x98, 0x66, 0x82, 0x3A,
    0x78, 0x3C, 0x91, 0x0A, 0xEF, 0x17, 0xD4, 0xDD, 0xCF, 0xDD, 0x66, 0xE3, 0x8F, 0xD9, 0x8A, 0xA3,
    0xB3, 0x03, 0x50, 0x5B, 0x18, 0x4C, 0xA0, 0xCD, 0x91, 0xFD, 0x38, 0xDA, 0x0D, 0x39, 0x46, 0x05,
    0x37, 0x33, 0xC3, 0x34, 0xDA, 0xD6, 0x11, 0xB6, 0xC9, 0xF8, 0x44, 0x37, 0xF1, 0x81, 0x69, 0xEA,
    0xCC, 0xAD, 0x9B, 0x7A, 0xB9, 0x36, 0x19, 0xCD, 0xAC, 0x93, 0x76, 0xBD, 0xA9, 0xA9, 0x97, 0xDB,
    0x01, 0x5F, 0x1F, 0xAD, 0x73, 0x8C, 0x06, 0xC6, 0xA5, 0xDE, 0x9C, 0x14, 0x01, 0x26, 0x60, 0x02,
    0xDE, 0x08, 0xBE, 0xFB, 0x64, 0xB3, 0x89, 0x67, 0xD8, 0x00, 0xD7, 0x14, 0xEB, 0x62, 0xEB, 0x97,
    0x2B, 0xCA, 0x5E, 0xAD, 0x68, 0x0C, 0x91, 0xAD, 0xAE, 0x0E, 0xDA, 0x5D, 0x0F, 0x83, 0x37, 0x9E,
    0x1D, 0x8E, 0x58, 0x16, 0xD3, 0x00, 0xF6, 0x3E, 0xA1, 0x21, 0xE7, 0xBD, 0x9E, 0xF1, 0x78, 0x4F,
    0x3B, 0x12, 0xFC, 0xB1, 0x93, 0x63, 0x0A, 0xE0, 0x3D, 0x87, 0xDD, 0x19, 0x9B, 0xFD, 0xE6, 0x6C,
    0xB6, 0x1F, 0xF5, 0x38, 0x90, 0x98, 0xA3, 0x9A, 0x3D, 0x81, 0xB9, 0xEE, 0x2E, 0xC8, 0xB0, 0x8B,
    0x7B, 0x1B, 0x21, 0xEA, 0x66, 0x37, 0xC1, 0x59, 0xD1, 0x57, 0x58, 0x77, 0xD7, 0x9D, 0x6C, 0x11,
    0x5D, 0x97, 0x6A, 0x8B, 0x6C, 0x82, 0x33, 0x23, 0x2C, 0x1F, 0x99, 0x34, 0xFE, 0xB0, 0x3C, 0xDB,
    0xB1, 0x9C, 0xDA, 0xF3, 0xE9, 0x74, 0x6B, 0xE9, 0x96, 0x46, 0x7D, 0x72, 0xCC, 0x18, 0xCE, 0xB9,
    0x38, 0x57, 0x58, 0x1F, 0x45, 0x77, 0x5D, 0xEF, 0xF2, 0x09, 0x12, 0x9E, 0x28, 0x6E, 0x31, 0xD8,
    0xD9, 0xBA, 0x9D, 0xF0, 0x60, 0x8C, 0x6F, 0xC7, 0xDF, 0xD4, 0x5D, 0x20, 0xD6, 0xAB, 0x37, 0x3A,
    0x18, 0xBB, 0x4D, 0x6D, 0xA8, 0x72, 0x5B, 0xE5, 0xA6, 0x6A, 0xEB, 0x8D, 0xD5, 0xB6, 0x5F, 0x3D,
    0x70, 0x87, 0xDD, 0x6A, 0x77, 0xD8, 0x1D, 0x70, 0xF0, 0xEF, 0x67, 0xD1, 0x2F, 0x5E, 0xDC, 0x82,
    0x95, 0x97, 0xAB, 0xAC, 0x56, 0x6A, 0x56, 0x2A, 0xF5, 0x61, 0xCA, 0xAA, 0x00, 0x33, 0x87, 0x96,
    0xF0, 0x16, 0xA4, 0xAE, 0x84, 0x95, 0xB5, 0x2F, 0xFA, 0xEA, 0x0E, 0xFE, 0x3B, 0xD0, 0xDA, 0xE7,
    0xB9, 0xB5, 0xCF, 0xEF, 0xE1, 0xE9, 0x8C, 0x92, 0x9A, 0x19, 0x2E, 0x51, 0xB6, 0xB4, 0x84, 0xED,
    0xB3, 0x88, 0x8B, 0xE7, 0x6A, 0x85, 0x26, 0x37, 0xD4, 0xFE, 0x13, 0xA4, 0xC3, 0x5D, 0xCE, 0xC9,
    0xEB, 0x7E, 0x3A, 0xBF, 0xD9, 0xE9, 0x8C, 0xCE, 0x7A, 0x9E, 0x6B, 0x0E, 0xF6, 0x75, 0x86, 0x8A,
    0xD7, 0x0D, 0xBB, 0xF3, 0xAE, 0x76, 0x3C, 0xD6, 0xDE, 0xBB, 0x5D, 0xF7, 0xF5, 0x6A, 0x27, 0x54,
    0x2F, 0xEE, 0xFA, 0xF6, 0x9F, 0xEB, 0xEE, 0x3E, 0xF4, 0x50, 0xBF, 0x73, 0x10, 0x76, 0xB7, 0xDC,
    0x0C, 0x83, 0xC1, 0x68, 0x24, 0x3F, 0xED, 0x3D, 0x18, 0xC9, 0x5F, 0x97, 0x63, 0xDB, 0xCA, 0xE5,
    0xF7, 0x39, 0x0A, 0x08, 0x00, 0xA1, 0x59, 0x07, 0xBE, 0xBB, 0xA0, 0xDC, 0x2B, 0x15, 0x05, 0x8B,
    0xF7, 0xE1, 0x5E, 0x6B, 0xB0, 0xAC, 0x9C, 0xCF, 0x0B, 0xE5, 0xFC, 0xBE, 0x50, 0xF6, 0x2F, 0xB3,
    0xDB, 0x29, 0x5C, 0x64, 0x85, 0x94, 0xC9, 0x76, 0x6F, 0x17, 0xE3, 0x93, 0x03, 0xBC, 0xD8, 0x5C,
    0x0C, 0xDF, 0xCB, 0x47, 0xE1, 0x5E, 0x36, 0x7B, 0x88, 0x24, 0x80, 0xD3, 0x5A, 0x39, 0x79, 0x03,
    0xCB, 0xEF, 0xFE, 0x9A, 0x99, 0x9D, 0x05, 0xF5, 0xE6, 0x2C, 0xE8, 0xB9, 0x31, 0x8C, 0x2D, 0xDC,
    0x91, 0x05, 0xB7, 0x66, 0x21, 0xEE, 0x12, 0xF1, 0x8F, 0xCC, 0xD5, 0xD9, 0xBD, 0x6C, 0x5B, 0xB5,
    0xBF, 0x86, 0x17, 0x5E, 0x5F, 0xEF, 0x87, 0x6A, 0xEF, 0x8D, 0x7E, 0xBD, 0xE9, 0xBF, 0x99, 0xB9,
    0xD7, 0xD4, 0xD9, 0x85, 0x35, 0x15, 0xC3, 0x2F, 0xC4, 0x41, 0x01, 0xBC, 0x28, 0xFC, 0x03, 0xAD,
    0x07, 0x6D, 0xE1, 0xBA, 0xDD, 0x30, 0x29, 0xEB, 0x05, 0x1E, 0x22, 0xFE, 0xBB, 0xE2, 0xB9, 0xFC,
    0x85, 0xF1, 0x60, 0x0E, 0x5B, 0xBE, 0x87, 0x4B, 0xD9, 0xBD, 0x86, 0x97, 0xB2, 0xBB, 0x43, 0x5E,
    0xCA, 0x0E, 0x39, 0x2D, 0x65, 0x77, 0xB3, 0xAD, 0xB9, 0x94, 0xDD, 0xFA, 0xCB, 0x1D, 0xDC, 0xEE,
    0x73, 0xC7, 0x25, 0x04, 0xE4, 0xB8, 0xF1, 0xDC, 0xB6, 0x39, 0xB7, 0xFB, 0xCC, 0x3D, 0xD5, 0x6E,
    0x1A, 0xD6, 0xF7, 0xF4, 0xD6, 0x04, 0x7B, 0xD9, 0x71, 0x6C, 0x37, 0xB2, 0xB1, 0x9C, 0xB8, 0xE4,
    0xDD, 0xAB, 0x9C, 0x3B, 0x1F, 0x33, 0x5F, 0x37, 0x5B, 0x48, 0xB5, 0xB9, 0x08, 0x94, 0xD6, 0xF4,
    0xA5, 0x6A, 0x67, 0xD0, 0x4C, 0x42, 0x46, 0x42, 0x9C, 0x84, 0x17, 0xA9, 0x10, 0x4F, 0x22, 0x86,
    0x46, 0x1B, 0x29, 0x73, 0x32, 0x12, 0x34, 0x77, 0x68, 0x13, 0x0F, 0xE4, 0x2E, 0xC4, 0x5E, 0x88,
    0xBF, 0x10, 0x83, 0xE1, 0xB0, 0x68, 0x64, 0x31, 0x77, 0x15, 0xA4, 0x6A, 0xCF, 0x1E, 0x13, 0x73,
    0xB1, 0x66, 0x70, 0x6F, 0xF6, 0x85, 0x30, 0x1B, 0x7A, 0xF7, 0xCC, 0x56, 0xDF, 0xB6, 0x51, 0x07,
    0x5A, 0xBA, 0xD8, 0xE5, 0x64, 0x61, 0x4B, 0x6E, 0x17, 0xF1, 0x37, 0xDF, 0x65, 0xA5, 0xC7, 0xF9,
    0xFC, 0x13, 0x99, 0x37, 0xF9, 0xBD, 0x29, 0x18, 0xA7, 0x74, 0x5B, 0xB0, 0xF5, 0xBF, 0xDD, 0x93,
    0x48, 0xB8, 0x13, 0xDB, 0x37, 0x7E, 0x83, 0x98, 0x54, 0xB2, 0x4E, 0xAB, 0x1D, 0xD8, 0x5D, 0x4F,
    0xBD, 0x2E, 0xCC, 0xED, 0x2F, 0xC8, 0xD2, 0xB0, 0x8B, 0x65, 0xB2, 0x3B, 0x64, 0xA7, 0xE6, 0x8A,
    0xDB, 0x5B, 0x71, 0x1F, 0xFF, 0x99, 0xBA, 0x69, 0x83, 0x63, 0xFC, 0xF3, 0x93, 0x61, 0x57, 0xA3,
    0xCF, 0xBB, 0x06, 0x47, 0xE7, 0x8A, 0x77, 0xBE, 0x6B, 0x7D, 0x9C, 0xEB, 0x1E, 0x74, 0x97, 0x06,
    0xB9, 0xDD, 0x98, 0xA6, 0xB1, 0x00, 0xA7, 0xB1, 0x0D, 0xF3, 0xAC, 0xEB, 0x86, 0x87, 0x3E, 0xF0,
    0x23, 0xDC, 0x02, 0xEB, 0x43, 0x10, 0xDF, 0xF5, 0xD9, 0xF4, 0xBA, 0x4E, 0x1F, 0xB7, 0xEB, 0xDA,
    0xF1, 0xBA, 0x4B, 0xFA, 0xFC, 0xEE, 0x6E, 0xFD, 0xBB, 0xBD, 0x8E, 0xA9, 0x78, 0xC4, 0xED, 0xF4,
    0x83, 0xA5, 0x5E, 0xF4, 0x80, 0xA6, 0xB7, 0x9B, 0xA6, 0x07, 0x6C, 0x33, 0xF7, 0xED, 0x4B, 0xB4,
    0x80, 0x0E, 0x0C, 0xA3, 0x0D, 0x0B, 0x54, 0xE5, 0xE9, 0x12, 0xC7, 0x84, 0x1C, 0xE8, 0x0F, 0x3C,
    0x43, 0x65, 0xAF, 0x1E, 0x2F, 0xCC, 0x98, 0xC2, 0x51, 0x29, 0x00, 0x91, 0xB8, 0x00, 0x5C, 0x98,
    0x14, 0x2D, 0x3C, 0x94, 0x42, 0x6E, 0x0A, 0x85, 0x14, 0x9C, 0x0A, 0x0B, 0x73, 0xF4, 0x14, 0x4A,
    0x69, 0x34, 0x52, 0xA9, 0x80, 0xCB, 0x57, 0x23, 0x28, 0xC4, 0x28, 0x92, 0xF1, 0x0C, 0x50, 0x25,
    0xA9, 0xA9, 0x30, 0xC4, 0xC5, 0xA7, 0x50, 0x00, 0x6A, 0xFC, 0x05, 0x59, 0x08, 0xCC, 0x7B, 0xA0,
    0x3F, 0xF0, 0x44, 0xA4, 0xA7, 0x65, 0x72, 0x24, 0x6E, 0xCC, 0x44, 0x64, 0x6D, 0x26, 0x22, 0x2B,
    0x33, 0x11, 0x99, 0x9B, 0x89, 0x48, 0x61, 0xDB, 0x2C, 0xBD, 0xF7, 0x25, 0x9F, 0x1A, 0x6E, 0xB7,
    0x23, 0x05, 0xCE, 0x0B, 0x9C, 0x1A, 0x9E, 0x3D, 0xDE, 0x20, 0x90, 0x53, 0xBE, 0xB2, 0x54, 0x7F,
    0xCA, 0xB7, 0xB7, 0xF1, 0x97, 0x2B, 0xEF, 0xEB, 0x14, 0xD4, 0x17, 0xEC, 0x50, 0x19, 0x35, 0xED,
    0xDA, 0x6F, 0x8E, 0x6D, 0x9F, 0xFA, 0x0D, 0x37, 0xFE, 0x2E, 0x46, 0xD8, 0x99, 0x92, 0xEB, 0xD4,
    0xF9, 0x65, 0x11, 0xE3, 0x5E, 0x46, 0x19, 0x18, 0xAB, 0x9B, 0xAC, 0x73, 0x13, 0x95, 0xE6, 0x7D,
    0x9D, 0x27, 0x3A, 0x07, 0xB4, 0x2E, 0x6F, 0xAE, 0xD2, 0x47, 0xF7, 0xE0, 0x30, 0x80, 0xD1, 0x33,
    0xFD, 0xCB, 0xBB, 0x22, 0x4C, 0xFB, 0x7A, 0x53, 0xBF, 0xB8, 0x99, 0x00, 0xE0, 0x33, 0x82, 0x01,
    0x75, 0x62, 0x53, 0xF0, 0xFE, 0x31, 0x88, 0xBD, 0x92, 0x87, 0x1A, 0xBE, 0xCB, 0xE1, 0x05, 0x5C,
    0xF5, 0xD3, 0xD9, 0x2C, 0xA3, 0x08, 0x8B, 0xA0, 0x9C, 0xF8, 0xAB, 0xFC, 0x89, 0x3F, 0xEF, 0x9A,
    0xBF, 0x4D, 0xD0, 0x28, 0xA2, 0xCD, 0xA6, 0x80, 0x4C, 0x65, 0xCC, 0x1B, 0x4F, 0x7D, 0x39, 0xB8,
    0x01, 0x8D, 0x6E, 0x84, 0xD0, 0xFE, 0xAB, 0x55, 0x80, 0x7B, 0x01, 0xC8, 0x17, 0x74, 0xEC, 0xFE,
    0xF1, 0xEB, 0x20, 0x14, 0xBF, 0x8B, 0x91, 0x1E, 0x26, 0xD9, 0xC4, 0x5F, 0x1E, 0x4F, 0xFC, 0x85,
    0x53, 0xFE, 0xE2, 0x32, 0x2E, 0xC3, 0xC2, 0xCF, 0x2C, 0xE5, 0x0F, 0x42, 0x78, 0x26, 0xC9, 0xC3,
    0x61, 0xBF, 0x9D, 0xBC, 0xFA, 0x6A, 0xB5, 0xA2, 0x37, 0x84, 0xB0, 0x03, 0xDF, 0x70, 0x68, 0xFE,
    0x1F, 0xD0, 0x2D, 0x1B, 0x48, 0xD3, 0x5F, 0x67, 0xA6, 0xDF, 0xBE, 0xF6, 0x31, 0x76, 0x53, 0xAF,
    0xBB, 0x89, 0xDE, 0x2C, 0x0E, 0x36, 0xE0, 0x86, 0x50, 0x51, 0x00, 0x28, 0x24, 0x4F, 0x53, 0xC9,
    0x71, 0x06, 0x1B, 0xFC, 0xFA, 0x49, 0x45, 0x21, 0x86, 0x21, 0xE4, 0x4B, 0x01, 0xFF, 0xD0, 0x66,
    0xC3, 0x73, 0xFD, 0xD5, 0x09, 0xB7, 0xE2, 0xF5, 0x7E, 0x8F, 0xEE, 0x61, 0x7D, 0x3C, 0xD8, 0xCC,
    0xFB, 0xEA, 0xF5, 0x30, 0xD1, 0xF5, 0x52, 0xA0, 0xCB, 0xA5, 0xA0, 0xBE, 0x0D, 0xEF, 0xBB, 0x99,
    0xF6, 0x35, 0x6B, 0xB4, 0xB9, 0x84, 0x07, 0xBA, 0xBD, 0x77, 0x99, 0xE6, 0x20, 0xAF, 0x47, 0x44,
    0x94, 0x70, 0x69, 0x0C, 0xDF, 0x66, 0x20, 0xB4, 0xAB, 0x4F, 0x51, 0xFF, 0x29, 0x50, 0x80, 0x5D,
    0x67, 0xCC, 0x1B, 0x87, 0xDB, 0x0D, 0x9C, 0x6C, 0x68, 0x76, 0xF8, 0xA8, 0x84, 0x5C, 0x84, 0x1F,
    0xCA, 0xD6, 0x97, 0xE0, 0xF8, 0x37, 0x64, 0x03, 0xA3, 0x45, 0xAC, 0xC2, 0x4F, 0xB4, 0x9A, 0xEB,
    0x5D, 0xC7, 0xD1, 0x66, 0x7E, 0xFD, 0xC2, 0x38, 0x39, 0x51, 0xE1, 0xA0, 0xB0, 0x4F, 0x9A, 0x58,
    0xA7, 0x5D, 0x78, 0x21, 0xC1, 0x5D, 0x83, 0x7B, 0xE4, 0x5C, 0xD2, 0x03, 0x4C, 0x86, 0xE4, 0x00,
    0xD1, 0xA6, 0x34, 0x20, 0x77, 0x0C, 0xAF, 0x65, 0x3A, 0x31, 0x11, 0xDB, 0x53, 0x88, 0xD9, 0x43,
    0x81, 0xFC, 0x64, 0x3C, 0xBA, 0xB8, 0x64, 0xC8, 0x2B, 0x82, 0x0C, 0xB4, 0x06, 0x3F, 0xDF, 0xB8,
    0x52, 0x35, 0x4B, 0xFB, 0x6B, 0x40, 0xA1, 0xCF, 0xB1, 0xA1, 0x48, 0x20, 0xD4, 0x08, 0x68, 0x23,
    0x6B, 0xCF, 0xC4, 0x58, 0xA0, 0x67, 0x28, 0xE1, 0x07, 0x73, 0xA9, 0x20, 0x9D, 0x5C, 0x55, 0x86,
    0xCB, 0x0F, 0x71, 0x09, 0x19, 0xFE, 0x70, 0x05, 0x19, 0x2F, 0x1E, 0x3B, 0x40, 0x6B, 0x46, 0x2A,
    0x5A, 0xBB, 0xB7, 0x86, 0x5B, 0xBF, 0xE1, 0xB7, 0x52, 0xDF, 0xAB, 0x12, 0x5D, 0x92, 0xCC, 0xCB,
    0x50, 0x4B, 0xB8, 0x30, 0x56, 0x55, 0xFC, 0x7A, 0x0D, 0x95, 0xE8, 0x0F, 0x35, 0x54, 0x03, 0xB5,
    0xF4, 0xA3, 0x10, 0x78, 0x41, 0x02, 0x7F, 0x61, 0xF6, 0x70, 0x34, 0x7E, 0xD4, 0xAA, 0xD6, 0xE3,
    0xFF, 0xA2, 0xC5, 0x44, 0xE8, 0x1E, 0x66, 0x63, 0x95, 0x77, 0x99, 0x5D, 0x70, 0x49, 0xB7, 0xFB,
    0xB3, 0x0D, 0x14, 0xE6, 0xBB, 0x39, 0x70, 0xE1, 0x0E, 0xF8, 0xF0, 0x11, 0xB7, 0xB8, 0xDE, 0x28,
    0xE5, 0x09, 0x3A, 0x5E, 0x68, 0x84, 0xFB, 0x56, 0xC1, 0x10, 0x2B, 0x4A, 0xB2, 0x97, 0xF3, 0x75,
    0xCC, 0x7A, 0xD9, 0x6E, 0x3A, 0x39, 0xD8, 0xF6, 0x75, 0xF9, 0xF0, 0x79, 0x7F, 0x9D, 0xCE, 0xDA,
    0x4B, 0xE3, 0x0B, 0xDA, 0x7C, 0x9E, 0x8E, 0xE5, 0x56, 0x27, 0x5F, 0xE4, 0xDC, 0x47, 0x54, 0x5B,
    0xFA, 0xE7, 0x9A, 0xF7, 0x2E, 0x3E, 0xD7, 0x5A, 0xED, 0xA3, 0x28, 0xBB, 0x9C, 0x83, 0xC0, 0x39,
    0x1F, 0xD2, 0x34, 0x05, 0x02, 0x8E, 0x84, 0x25, 0xE7, 0x56, 0xCE, 0x4E, 0x06, 0x9D, 0xCF, 0xF5,
    0xC8, 0xF0, 0xCF, 0x42, 0x63, 0xC9, 0x18, 0xBB, 0x45, 0x94, 0xE6, 0x50, 0x7C, 0x99, 0x94, 0x23,
    0xEA, 0x67, 0x17, 0x17, 0xF7, 0x4E, 0xB7, 0xD7, 0x4C, 0xD0, 0x9C, 0xD9, 0xDE, 0x63, 0xF2, 0x3F,
    0x59, 0x99, 0xF3, 0xCF, 0x71, 0x7B, 0xEE, 0x57, 0x3C, 0xF5, 0x23, 0x1E, 0xF5, 0xFE, 0xAF, 0xE4,
    0x1F, 0x6B, 0x7C, 0xCC, 0x56, 0x94, 0xFF, 0xB1, 0xEC, 0x99, 0x3D, 0x38, 0xCD, 0x37, 0x3E, 0x3B,
    0x11, 0x08, 0xDA, 0xC6, 0x81, 0xAA, 0xF1, 0xEB, 0x0F, 0xA2, 0x46, 0xA7, 0xE3, 0x59, 0x5D, 0x13,
    0x2C, 0x7A, 0x6B, 0xFE, 0x6F, 0x24, 0x7A, 0xA6, 0x30, 0x88, 0x34, 0x91, 0xE0, 0x23, 0x9A, 0x67,
    0xE5, 0x4D, 0x3E, 0xA2, 0x90, 0x57, 0xCF, 0x45, 0xE1, 0xC5, 0x86, 0x1E, 0x33, 0x3F, 0xBC, 0xEF,
    0x9F, 0xC6, 0xBC, 0x2C, 0x13, 0x9D, 0x25, 0xD0, 0xE3, 0xAB, 0x10, 0x13, 0x3D, 0x16, 0x47, 0x63,
    0xE9, 0xF1, 0x35, 0x78, 0xB6, 0xD6, 0x5D, 0x3F, 0x1C, 0x1C, 0xF7, 0xF5, 0x58, 0x4C, 0x4F, 0x33,
    0x3E, 0xB1, 0x6F, 0x69, 0xDE, 0x6C, 0x6C, 0x14, 0xB9, 0x24, 0xAB, 0x22, 0x3B, 0x91, 0x4C, 0x81,
    0xDC, 0xF0, 0xDC, 0x0A, 0x7C, 0xF4, 0xA7, 0xE8, 0xD3, 0xC4, 0x52, 0x64, 0xBC, 0xA5, 0x66, 0x61,
    0xAE, 0x37, 0x7E, 0x9C, 0x39, 0xE3, 0xC7, 0xB9, 0x3D, 0x7E, 0x3C, 0xF2, 0x20, 0x4D, 0x6C, 0xEE,
    0xE9, 0xE8, 0x72, 0xEC, 0x38, 0xD6, 0x5D, 0x97, 0x12, 0x35, 0x71, 0x8C, 0x40, 0xBA, 0xBB, 0x0D,
    0x10, 0x62, 0x68, 0xB9, 0xDB, 0x42, 0xDC, 0x9E, 0xB7, 0xBB, 0xD1, 0x10, 0x72, 0xF2, 0xCE, 0xFD,
    0xB8, 0x73, 0xAF, 0xA5, 0xBB, 0x97, 0x4B, 0x13, 0x2B, 0x68, 0x41, 0x23, 0x41, 0xB6, 0x5D, 0x59,
    0x79, 0xA7, 0xC1, 0xF6, 0x9E, 0xEC, 0x8D, 0xC3, 0xDF, 0xAE, 0x52, 0x30, 0xED, 0x9B, 0xC4, 0x47,
    0x38, 0x7E, 0xCC, 0x30, 0x58, 0x1F, 0x0D, 0x29, 0x18, 0xCB, 0xFA, 0x28, 0xA3, 0x7D, 0x7E, 0x29,
    0x47, 0x35, 0xFC, 0x52, 0xD6, 0x8F, 0x30, 0x44, 0xF6, 0x52, 0x16, 0xA4, 0x8F, 0x83, 0x4E, 0x77,
    0x29, 0x5B, 0x88, 0xE6, 0x67, 0x57, 0x87, 0x97, 0xB2, 0x79, 0xB5, 0x4B, 0xB9, 0xD9, 0xA5, 0x6C,
    0x57, 0xEE, 0x2F, 0x26, 0xBF, 0xBE, 0x04, 0xB6, 0x91, 0xAF, 0xBF, 0xD4, 0x1F, 0xE5, 0x67, 0xA3,
    0x85, 0xB7, 0xD5, 0xA1, 0xE8, 0x44, 0x1B, 0x81, 0xE5, 0x66, 0xB4, 0xA3, 0x1C, 0x06, 0xDE, 0x9F,
    0x1A, 0x05, 0x7D, 0x45, 0xB8, 0x08, 0x9C, 0xB6, 0x00, 0x1D, 0xE2, 0x16, 0x6B, 0xAF, 0x91, 0x2B,
    0x0F, 0x4B, 0xB8, 0xA9, 0xA3, 0xF3, 0x9A, 0x95, 0xC9, 0x7E, 0xC3, 0xEA, 0x85, 0xCC, 0xCB, 0xE7,
    0x71, 0x03, 0x31, 0xFB, 0xA3, 0x2C, 0xA8, 0xE6, 0x9D, 0xCA, 0x8A, 0x7E, 0x92, 0xE7, 0x8F, 0xCF,
    0xCF, 0x7B, 0xFF, 0xD8, 0xFB, 0x79, 0x96, 0xE7, 0xD6, 0x91, 0xF9, 0xC0, 0x73, 0xDE, 0x85, 0x52,
    0x00, 0xD6, 0xE3, 0x45, 0x6C, 0x72, 0x7E, 0xF4, 0xA0, 0xFF, 0x65, 0xD3, 0x24, 0x71, 0x9A, 0x9F,
    0x6E, 0x83, 0xCC, 0x46, 0xFD, 0xEF, 0xF4, 0x94, 0xD2, 0x68, 0x33, 0xD2, 0xD1, 0x3F, 0x44, 0x9C,
    0x91, 0xE8, 0x34, 0x4F, 0x6E, 0x9B, 0xFD, 0xC6, 0xFC, 0x3C, 0xC7, 0xB3, 0x48, 0x7E, 0x9A, 0x73,
    0xBB, 0x58, 0xA0, 0x3C, 0x28, 0x76, 0xCE, 0xAB, 0x3D, 0x9E, 0x3A, 0x72, 0x66, 0xE7, 0xBC, 0x5D,
    0x7B, 0xEA, 0xF4, 0x6B, 0x3B, 0x17, 0x9C, 0x8B, 0x9E, 0x3A, 0x5B, 0xEE, 0xDC, 0xE9, 0xBD, 0xEC,
    0x01, 0xBB, 0x5A, 0x0F, 0x12, 0x38, 0xB6, 0xE2, 0xCA, 0xD7, 0x8D, 0x87, 0xBB, 0x46, 0x59, 0xBC,
    0xE7, 0x49, 0xA7, 0xA3, 0x58, 0xC6, 0xC5, 0xFC, 0x3F, 0xA3, 0xB2, 0x75, 0xBE, 0x73, 0x5E, 0xEE,
    0x21, 0x80, 0x1F, 0xA7, 0x32, 0x6D, 0xA9, 0x9A, 0x21, 0xD5, 0xB2, 0xA7, 0x7A, 0xE7, 0xED, 0xC1,
    0x72, 0xBE, 0x13, 0xDA, 0x9C, 0xEF, 0x74, 0x8E, 0x21, 0x82, 0x76, 0xC1, 0xAD, 0xF9, 0x6E, 0xF7,
    0x07, 0x80, 0xA2, 0x62, 0x27, 0xB4, 0xD8, 0x10, 0xBE, 0x52, 0xA7, 0x2D, 0xFD, 0xB1, 0x5E, 0x05,
    0x34, 0x1D, 0x2B, 0xD4, 0x5A, 0x6F, 0xA8, 0xDC, 0x7F, 0xE6, 0xCE, 0x10, 0xAE, 0xA6, 0x6F, 0x1A,
    0xB9, 0x07, 0xEA, 0xCA, 0x67, 0xED, 0x96, 0xAD, 0x7B, 0xD4, 0x0B, 0x06, 0x84, 0x67, 0x17, 0x4F,
    0x83, 0xE9, 0x01, 0x9A, 0xE6, 0xC2, 0x5E, 0x8C, 0xAF, 0xF8, 0xA6, 0x61, 0xEF, 0x3B, 0xD2, 0x04,
    0x44, 0x5E, 0x02, 0x2A, 0x58, 0x9C, 0x2C, 0xD3, 0x4A, 0x5E, 0xE4, 0x25, 0x28, 0x53, 0x91, 0x84,
    0x8F, 0xBC, 0xF2, 0xE3, 0xE8, 0xDB, 0xF5, 0x3F, 0xC0, 0x18, 0xFD, 0x0C, 0x97, 0xEE, 0x66, 0x0F,
    0x91, 0xB8, 0x9C, 0xE3, 0x6B, 0x20, 0x16, 0xBF, 0x5D, 0xAB, 0x6B, 0xAE, 0x4D, 0x46, 0xFA, 0x6D,
    0x99, 0x6D, 0x21, 0xE4, 0xCA, 0x66, 0xF6, 0x36, 0xB0, 0xAF, 0xDD, 0xDB, 0xE0, 0x67, 0x93, 0xD5,
    0xD9, 0xCD, 0xA4, 0xA3, 0xD3, 0xFF, 0xDD, 0xA4, 0x30, 0x68, 0x0B, 0xDE, 0x6F, 0x07, 0x86, 0x6B,
    0xA5, 0x1D, 0x11, 0x49, 0xF7, 0x5C, 0x10, 0x64, 0xCE, 0xA8, 0xFB, 0x64, 0x7B, 0x9B, 0x2D, 0xBA,
    0xFB, 0x02, 0x6E, 0x3D, 0x30, 0xB2, 0x0F, 0x62, 0xB6, 0x0F, 0x24, 0xC3, 0x93, 0xB1, 0xD9, 0x9D,
    0xE0, 0x6B, 0x8C, 0xF1, 0x99, 0xA6, 0xF7, 0x3E, 0x8C, 0x96, 0x26, 0xEE, 0xC9, 0xF8, 0xF3, 0x86,
    0xF2, 0xF8, 0x63, 0x3D, 0x96, 0x87, 0xEF, 0x36, 0xDD, 0xFB, 0xB6, 0x84, 0xDE, 0xFB, 0xFF, 0xED,
    0x3D, 0x5D, 0xAC, 0x1E, 0xC5, 0x75, 0xB3, 0xFB, 0xF9, 0xDE, 0xAD, 0xBD, 0x51, 0xF6, 0x46, 0x32,
    0x28, 0xB6, 0x0B, 0x8B, 0x5A, 0x3F, 0x38, 0x89, 0xE2, 0x45, 0x6D, 0x1F, 0xA8, 0x6A, 0x7B, 0x17,
    0x90, 0x52, 0xA9, 0xA9, 0x84, 0xAB, 0x02, 0x91, 0xE0, 0x01, 0x5A, 0xB9, 0x52, 0x4A, 0x9A, 0xB8,
    0x0F, 0x91, 0xE2, 0x07, 0x3B, 0xBB, 0x80, 0x14, 0x1E, 0xA2, 0x8A, 0xFB, 0x40, 0x12, 0x55, 0x91,
    0x8A, 0x23, 0x81, 0x14, 0x9C, 0x87, 0x9B, 0x07, 0x5A, 0x39, 0xD5, 0xB5, 0x77, 0xC1, 0x6A, 0x78,
    0xE0, 0x81, 0x05, 0x94, 0xF2, 0xC0, 0x03, 0x0B, 0xB9, 0x89, 0x95, 0x20, 0xF5, 0xAE, 0xF1, 0x02,
    0x9F, 0xED, 0xDD, 0x9D, 0x9E, 0xBF, 0xD9, 0xDD, 0xEF, 0xBB, 0xDF, 0xB5, 0x4D, 0x0C, 0xF8, 0xF7,
    0xB3, 0xEF, 0xCC, 0x7C, 0xBB, 0xB3, 0xF3, 0xCD, 0x39, 0x73, 0xCE, 0x99, 0x73, 0xE6, 0x9C, 0x99,
    0x55, 0x6A, 0xE2, 0x33, 0x2A, 0xA5, 0xE0, 0xD6, 0xD3, 0x05, 0x67, 0x2C, 0x05, 0x6B, 0x51, 0x0A,
    0xB5, 0x97, 0x51, 0x6E, 0xEB, 0xB0, 0x98, 0x2C, 0x58, 0x6D, 0x90, 0x73, 0x9D, 0x7D, 0xF3, 0x91,
    0xBA, 0xD0, 0x67, 0xFE, 0x19, 0x29, 0xC4, 0x3A, 0x92, 0x76, 0x34, 0x3F, 0xEE, 0x68, 0xCD, 0x1D,
    0xF2, 0xB4, 0xE6, 0x9F, 0x0F, 0xDA, 0x98, 0x3B, 0x14, 0x56, 0x5E, 0xB3, 0x99, 0x0A, 0xA5, 0xD7,
    0xD2, 0xCF, 0xC6, 0xA5, 0xAB, 0x43, 0xAC, 0x1E, 0x57, 0xAE, 0x8E, 0xA9, 0xA0, 0xB5, 0x4E, 0xF1,
    0x56, 0x88, 0x05, 0x6C, 0x32, 0x80, 0x82, 0x2E, 0xB8, 0x41, 0x6E, 0x1B, 0x7E, 0xAB, 0x4D, 0xB9,
    0x6D, 0xAF, 0x91, 0x0E, 0xC4, 0x75, 0xA8, 0xDB, 0x67, 0xEF, 0x3B, 0x92, 0xEA, 0x9A, 0x1E, 0x80,
    0x0F, 0x34, 0xC9, 0x9F, 0xC2, 0x92, 0x42, 0xA2, 0x7C, 0xCA, 0x57, 0xE0, 0x81, 0x07, 0xD2, 0xB3,
    0x47, 0xF6, 0xAA, 0x0B, 0x7F, 0x2C, 0x83, 0x0C, 0xCF, 0xE0, 0xD9, 0x1F, 0x4F, 0x17, 0xBC, 0x4A,
    0x0A, 0x36, 0xE3, 0x79, 0x93, 0xDA, 0xC7, 0x00, 0xBF, 0xD8, 0x52, 0x9E, 0xFE, 0x5A, 0x4F, 0xE4,
    0xE6, 0xBA, 0xA9, 0xB7, 0xEE, 0x6F, 0x43, 0x8F, 0x19, 0x95, 0xFC, 0x03, 0xA1, 0x6E, 0xB8, 0x1D,
    0xAD, 0xF9, 0xB6, 0xA6, 0x0A, 0x23, 0xFD, 0x86, 0xCE, 0x2C, 0xCC, 0x95, 0xCE, 0x9D, 0x15, 0xE5,
    0xB4, 0x90, 0x7B, 0x8D, 0x72, 0x5B, 0x95, 0x16, 0x5E, 0xAD, 0x5C, 0xFD, 0xA8, 0x2E, 0xFC, 0x1A,
    0x87, 0x46, 0x17, 0x41, 0x05, 0xF5, 0x20, 0x0F, 0x2B, 0xC4, 0x23, 0xE4, 0x00, 0x16, 0xE4, 0x39,
    0x7C, 0x57, 0xDB, 0x5A, 0x9D, 0x85, 0x63, 0x6A, 0x39, 0x0B, 0x1B, 0x6A, 0x39, 0x09, 0x10, 0xBF,
    0x81, 0x86, 0x3E, 0x9C, 0x89, 0x1E, 0xD4, 0xAD, 0x62, 0xA4, 0xD6, 0xD4, 0x08, 0x0D, 0x87, 0x60,
    0x96, 0x50, 0x4B, 0xCF, 0x2E, 0xE9, 0x33, 0xE7, 0x47, 0xE9, 0x76, 0x81, 0xAE, 0x15, 0x02, 0xD6,
    0x93, 0xB9, 0x2D, 0xB9, 0xFA, 0x7A, 0xF7, 0xC4, 0x7D, 0x3C, 0x08, 0x3A, 0x9B, 0x95, 0xE5, 0xEB,
    0x66, 0x47, 0xF4, 0x59, 0xFA, 0xC2, 0xE8, 0x92, 0xEC, 0x3E, 0xFD, 0x9B, 0xF3, 0xDC, 0x7B, 0x9F,
    0x11, 0x5C, 0x4C, 0x66, 0x4E, 0xC4, 0xC4, 0x5A, 0x53, 0xE6, 0x71, 0xE6, 0x53, 0x56, 0x04, 0x63,
    0xCA, 0x10, 0x7F, 0x50, 0x93, 0xB3, 0x9C, 0x88, 0x9A, 0x91, 0xAA, 0x18, 0xA7, 0xB6, 0xCE, 0x82,
    0x06, 0xD9, 0x23, 0xF2, 0x01, 0xA3, 0x3E, 0x21, 0xF4, 0x7E, 0x18, 0x4F, 0x87, 0xD1, 0x69, 0x09,
    0x36, 0x63, 0x46, 0xA6, 0x23, 0xCC, 0xB3, 0xF5, 0xB9, 0x9E, 0x17, 0x7D, 0x1C, 0xEB, 0x10, 0x81,
    0x8E, 0x73, 0x53, 0xDA, 0x84, 0xEC, 0x5E, 0x1C, 0x03, 0x12, 0x39, 0x05, 0x00, 0xF8, 0xEF, 0x6B,
    0xA4, 0x53, 0x48, 0xEC, 0x64, 0xFB, 0x5A, 0xBC, 0x3F, 0x12, 0x61, 0xC3, 0x63, 0x62, 0x29, 0x22,
    0xA2, 0x0C, 0x7F, 0xB5, 0x18, 0xE9, 0x73, 0xBA, 0x84, 0x7E, 0xC5, 0x63, 0x75, 0x4C, 0x05, 0xB5,
    0xDA, 0xA0, 0x08, 0x32, 0x84, 0xF2, 0x91, 0x87, 0x6A, 0xAC, 0x5C, 0x63, 0xBD, 0x1A, 0x7B, 0x5A,
    0x23, 0x13, 0x8E, 0x03, 0xFD, 0x83, 0x07, 0xCA, 0x90, 0xC0, 0xAF, 0x08, 0x15, 0x6B, 0x93, 0xB0,
    0x4F, 0x2A, 0x93, 0x10, 0xA6, 0xBA, 0xB6, 0x81, 0x77, 0xB1, 0xF3, 0x98, 0x4C, 0x0A, 0x1C, 0x5F,
    0xB8, 0x29, 0x14, 0x86, 0x4B, 0x0F, 0x03, 0x65, 0x02, 0x49, 0x1D, 0x23, 0x8A, 0x2F, 0x30, 0x77,
    0x11, 0x57, 0xE1, 0xBF, 0x63, 0xDF, 0x72, 0x90, 0x2F, 0x04, 0x8B, 0x02, 0xE2, 0xD4, 0x67, 0x60,
    0xA4, 0xD2, 0xC5, 0x11, 0x0D, 0xFF, 0x42, 0x47, 0x51, 0x2E, 0x52, 0x1A, 0xDC, 0xA1, 0xDC, 0x45,
    0x86, 0xE0, 0x3E, 0xB8, 0x28, 0x57, 0x7C, 0xA2, 0xE5, 0x88, 0x7A, 0x07, 0x42, 0x83, 0xBA, 0x1A,
    0x40, 0x5B, 0x98, 0x03, 0x87, 0x44, 0xD4, 0x75, 0x5F, 0x27, 0x94, 0x03, 0x43, 0x10, 0xDC, 0xAE,
    0x8E, 0x82, 0x96, 0x84, 0x13, 0xDC, 0xCA, 0xA1, 0x5E, 0x83, 0xE2, 0xE9, 0x08, 0x8E, 0x9A, 0xC3,
    0x32, 0x87, 0x47, 0x14, 0x99, 0x27, 0x14, 0xC6, 0x98, 0x17, 0x76, 0x55, 0x37, 0x5F, 0x40, 0xF0,
    0x7C, 0x5E, 0xB1, 0x18, 0xD1, 0x7F, 0x3D, 0x66, 0x36, 0x7F, 0xB2, 0xE6, 0xFC, 0x95, 0x46, 0xAE,
    0xB3, 0x3C, 0xFD, 0x82, 0x75, 0xD8, 0x3C, 0x82, 0xF8, 0xB1, 0x4B, 0xC6, 0x0F, 0x01, 0x06, 0xF8,
    0x01, 0xFC, 0x12, 0x7E, 0xE0, 0x3B, 0xE1, 0x07, 0x00, 0x27, 0xFC, 0x58, 0x82, 0x1F, 0x75, 0xDD,
    0xE0, 0x67, 0xEE, 0x79, 0xA2, 0x27, 0xAA, 0x1D, 0xD4, 0x7D, 0x4A, 0xB4, 0xC8, 0xC4, 0x68, 0xD2,
    0xC6, 0xA4, 0xF3, 0xCF, 0x60, 0x9A, 0xEA, 0xB7, 0x98, 0x45, 0x6B, 0x9A, 0x7E, 0x88, 0x1B, 0x20,
    0x0D, 0xDB, 0x25, 0x4C, 0x2B, 0x0B, 0xF1, 0x50, 0x02, 0x5A, 0x92, 0x70, 0x0C, 0xB5, 0xB2, 0x90,
    0xB8, 0x98, 0x26, 0xA0, 0x0A, 0xEA, 0xD7, 0x71, 0x3D, 0x42, 0x91, 0x5B, 0xAB, 0x18, 0xE0, 0x2F,
    0x94, 0x30, 0x2C, 0x4B, 0xBF, 0xBD, 0x34, 0x35, 0x92, 0xEC, 0xC9, 0x10, 0xC3, 0x25, 0x8E, 0xDA,
    0x18, 0xC5, 0x28, 0xFC, 0x4A, 0xED, 0x37, 0x34, 0x4B, 0x42, 0xE2, 0x68, 0x49, 0xE0, 0x37, 0x09,
    0x57, 0x9C, 0x60, 0x77, 0xA8, 0x67, 0x20, 0x24, 0x1E, 0x6A, 0x55, 0x90, 0x40, 0x77, 0xC3, 0x0C,
    0x7E, 0x2A, 0xCC, 0x80, 0x91, 0x83, 0xC7, 0x60, 0xA4, 0xE6, 0xF6, 0x03, 0x9A, 0x69, 0xE8, 0x53,
    0x66, 0xF8, 0x1A, 0x13, 0xE8, 0x46, 0x8C, 0x02, 0x7A, 0xB3, 0xF4, 0xE3, 0x9F, 0x08, 0x13, 0x34,
    0xC3, 0xE2, 0x4F, 0xD3, 0xAC, 0x40, 0x02, 0x08, 0xC6, 0xC6, 0xD5, 0xAB, 0x30, 0x24, 0x9E, 0x1E,
    0x41, 0x1B, 0x5E, 0x63, 0x75, 0xA9, 0xDB, 0xDA, 0x70, 0xDD, 0xD1, 0x30, 0xCC, 0xD8, 0xF5, 0x96,
    0x38, 0xB3, 0x51, 0x5F, 0x84, 0xDF, 0xD1, 0x2D, 0x21, 0xA1, 0x25, 0x24, 0x34, 0x34, 0xDF, 0x36,
    0x9E, 0x5E, 0xB1, 0xD2, 0x66, 0xD6, 0x50, 0x6E, 0x50, 0xC8, 0xFA, 0xE9, 0xA8, 0x32, 0xC3, 0x28,
    0x83, 0xA9, 0xBF, 0x8A, 0xE9, 0x77, 0x6D, 0x14, 0x01, 0xDF, 0x28, 0xD3, 0x32, 0x86, 0x7F, 0x61,
    0x65, 0xFE, 0x05, 0xF2, 0x6F, 0xAB, 0xA1, 0xFF, 0x5B, 0x49, 0x4E, 0x44, 0x48, 0x7F, 0x19, 0x26,
    0x04, 0x0C, 0xC9, 0x22, 0x1C, 0x73, 0xA2, 0x48, 0x8F, 0x68, 0x5B, 0x93, 0x86, 0x42, 0x15, 0x13,
    0x92, 0xC9, 0xF4, 0xC8, 0x67, 0xA3, 0x6D, 0x20, 0x9D, 0x91, 0xFC, 0xB0, 0xEF, 0x51, 0x8C, 0x10,
    0xC5, 0x48, 0xEB, 0xF3, 0x42, 0x91, 0x13, 0x9F, 0x87, 0x37, 0xC2, 0x93, 0x75, 0x98, 0xA8, 0x51,
    0x13, 0xC3, 0xC8, 0x35, 0x28, 0x88, 0x9F, 0xF7, 0x71, 0xE2, 0x4A, 0x8C, 0x9A, 0xD0, 0x27, 0xF6,
    0xC4, 0xF3, 0x73, 0x03, 0xC2, 0xB6, 0xB5, 0xEE, 0xC5, 0x5E, 0xC0, 0x2A, 0x8E, 0x32, 0xD3, 0x3A,
    0x8B, 0xC0, 0x79, 0x25, 0xB4, 0x47, 0xD5, 0x23, 0x22, 0xBE, 0x86, 0x19, 0x37, 0x81, 0x91, 0x8C,
    0xFC, 0x96, 0xEF, 0x64, 0x36, 0x10, 0x8E, 0xAB, 0x71, 0x96, 0x82, 0xD1, 0x71, 0x80, 0xE1, 0x60,
    0x68, 0x08, 0x8D, 0xB9, 0x47, 0xA3, 0x48, 0xC4, 0xAD, 0x4B, 0x9C, 0xD3, 0xFD, 0x96, 0xA8, 0x3E,
    0x6D, 0x53, 0x04, 0xAF, 0xE6, 0xD9, 0x8B, 0xD5, 0xA3, 0x31, 0xB1, 0xB0, 0x7C, 0x29, 0x87, 0x5F,
    0x92, 0xC1, 0x97, 0x86, 0x85, 0x79, 0xFA, 0x76, 0x4A, 0xFC, 0x4A, 0xC8, 0x85, 0xCE, 0xDF, 0x87,
    0x73, 0x34, 0xD2, 0xF3, 0x48, 0xE6, 0x65, 0x62, 0x7C, 0xDF, 0x7C, 0xF1, 0x74, 0xFB, 0x33, 0xA4,
    0xAB, 0xC5, 0x2D, 0xAC, 0x23, 0x62, 0x3B, 0xA3, 0x71, 0x1C, 0x31, 0xB8, 0x00, 0xAF, 0x53, 0xA7,
    0x89, 0xFC, 0x46, 0xAE, 0x46, 0x35, 0x0E, 0x26, 0xD6, 0x83, 0x1E, 0x5B, 0xC5, 0x4E, 0xD5, 0xCF,
    0x85, 0x13, 0x73, 0x85, 0x9F, 0x0F, 0xBE, 0x04, 0xC5, 0x7A, 0x77, 0x86, 0xCF, 0xCC, 0x99, 0x42,
    0x6A, 0xB4, 0x65, 0x33, 0x0C, 0xA9, 0xF4, 0xD5, 0xD5, 0x52, 0x88, 0x75, 0x2B, 0x62, 0x52, 0x17,
    0xFF, 0xCA, 0x10, 0x35, 0xAC, 0x52, 0x87, 0x3A, 0x67, 0x9D, 0x36, 0x6C, 0x1D, 0xD2, 0x26, 0xA1,
    0x30, 0x6A, 0x65, 0x24, 0x5F, 0x2C, 0x88, 0xB7, 0x5C, 0x24, 0x40, 0xD4, 0x72, 0x6D, 0x1C, 0x40,
    0x9A, 0xCC, 0x52, 0x2D, 0xB3, 0xA3, 0x8F, 0xE3, 0x57, 0x10, 0x84, 0xB9, 0x22, 0x2D, 0xD7, 0x82,
    0xDA, 0x4C, 0x02, 0x69, 0xC9, 0xA4, 0x8B, 0xF2, 0x8A, 0xB5, 0x5C, 0x28, 0xB0, 0x96, 0x0B, 0x5F,
    0x51, 0xCB, 0xBD, 0x7F, 0x09, 0x86, 0x5B, 0xB4, 0xDC, 0x52, 0x14, 0x32, 0x68, 0x47, 0xB4, 0xDC,
    0x88, 0x55, 0x31, 0xEE, 0xD6, 0x03, 0xE9, 0xEF, 0x9F, 0xEA, 0x61, 0xDF, 0xD6, 0x30, 0x9C, 0x44,
    0xFA, 0xF8, 0x6B, 0xAC, 0xAC, 0xB3, 0xA6, 0xEE, 0x93, 0x9A, 0x1E, 0x8E, 0x51, 0xEC, 0x85, 0x25,
    0x4E, 0x05, 0x24, 0x76, 0x60, 0xB4, 0x29, 0xD5, 0x86, 0x3D, 0x74, 0xCE, 0x1A, 0x39, 0xFD, 0x6E,
    0x6E, 0xA5, 0x46, 0x61, 0x89, 0xBA, 0x09, 0xE5, 0xA3, 0xA6, 0xFC, 0xB9, 0x19, 0x21, 0x85, 0x46,
    0xD2, 0x8C, 0xD4, 0x37, 0xFB, 0x74, 0xA9, 0x46, 0x6F, 0xC3, 0x74, 0x91, 0x2D, 0x2B, 0x27, 0xF9,
    0x0B, 0x40, 0xAC, 0xB9, 0x57, 0xB0, 0x7A, 0x07, 0xBC, 0xA7, 0xB6, 0xCC, 0x10, 0x29, 0x4E, 0x42,
    0xF5, 0x2C, 0xAA, 0x57, 0xB2, 0x8A, 0x82, 0xA2, 0x1F, 0x45, 0x3E, 0x92, 0xBE, 0x27, 0x7F, 0x58,
    0x0E, 0x6A, 0xBE, 0x07, 0xF5, 0x50, 0x68, 0xF8, 0xA4, 0x11, 0x81, 0x82, 0x06, 0x34, 0x0E, 0x24,
    0x19, 0x00, 0x1D, 0x80, 0x1C, 0x56, 0x5E, 0x2E, 0x64, 0x63, 0xA5, 0x2B, 0x3C, 0xC4, 0x35, 0xEB,
    0x8C, 0x63, 0x26, 0x8E, 0x31, 0x13, 0x4D, 0x45, 0x64, 0xFE, 0xAB, 0x87, 0x8D, 0xB0, 0x31, 0xF3,
    0x8B, 0xC9, 0x3C, 0xC9, 0xB4, 0xDA, 0x46, 0xA8, 0x3F, 0x89, 0xBD, 0x1B, 0x89, 0x4D, 0x23, 0x3C,
    0x1F, 0x70, 0x16, 0xB3, 0x0A, 0xAD, 0x05, 0xA9, 0x15, 0x93, 0x65, 0x26, 0x8F, 0xF3, 0x04, 0xB6,
    0x61, 0x03, 0x91, 0x46, 0x18, 0x90, 0xAA, 0x14, 0x22, 0xEA, 0xE2, 0xF2, 0x96, 0xCF, 0x92, 0x02,
    0x66, 0xB1, 0x71, 0x35, 0x62, 0x75, 0x8C, 0xA4, 0x28, 0x80, 0x19, 0x11, 0x9D, 0x0A, 0x95, 0x02,
    0x4C, 0xFF, 0x82, 0x5C, 0xF9, 0xC3, 0x25, 0xD1, 0xE5, 0x5B, 0x21, 0x20, 0xB1, 0xB8, 0x78, 0x3E,
    0x46, 0x78, 0x6F, 0x3E, 0xFE, 0x4C, 0xC7, 0x3C, 0xF7, 0x1A, 0x8B, 0xA7, 0x5E, 0x53, 0x68, 0x26,
    0x0B, 0x1B, 0x4C, 0xE1, 0xBB, 0x52, 0x00, 0xB5, 0x9E, 0x0B, 0xAE, 0x4E, 0x48, 0xD1, 0x50, 0x6C,
    0xA2, 0xB0, 0xA4, 0x94, 0x42, 0x25, 0x05, 0xA7, 0xC6, 0xC2, 0x66, 0x7A, 0x0A, 0xE7, 0x3E, 0x1C,
    0x4B, 0x2A, 0x94, 0x48, 0x69, 0x50, 0x00, 0x36, 0x4A, 0xE9, 0x0A, 0xB0, 0x51, 0xDA, 0x50, 0x21,
    0x07, 0x2D, 0x1C, 0x0B, 0x30, 0x90, 0x7F, 0xA9, 0xA8, 0x50, 0xF2, 0xCF, 0x09, 0x1B, 0x01, 0xE6,
    0x98, 0x8D, 0xE2, 0xD6, 0xB0, 0x51, 0x63, 0xD8, 0xA8, 0x36, 0x6C, 0x54, 0x1A, 0x36, 0x12, 0x8B,
    0x86, 0xD5, 0x70, 0x60, 0xA3, 0x67, 0x2F, 0x68, 0x29, 0x76, 0x92, 0x25, 0xCC, 0x8C, 0x88, 0x29,
    0xA6, 0x0B, 0xDD, 0xAD, 0xAD, 0xD1, 0x0D, 0x23, 0x6F, 0xD2, 0xC8, 0xFB, 0x67, 0xB3, 0x9E, 0x61,
    0xE4, 0xB1, 0xBD, 0x6A, 0x90, 0xE5, 0x64, 0x06, 0x55, 0x52, 0x70, 0x4C, 0xC1, 0x7D, 0x55, 0x2A,
    0xBB, 0x66, 0x9E, 0xA5, 0xC2, 0x5E, 0x79, 0x28, 0x28, 0x45, 0xCB, 0x01, 0xAD, 0x81, 0x87, 0x00,
    0x18, 0xA6, 0x14, 0xA6, 0x8C, 0x65, 0x9D, 0xA2, 0x96, 0xD1, 0xF1, 0x9A, 0x34, 0x97, 0x82, 0x4C,
    0xC6, 0x6E, 0x6B, 0xD6, 0x32, 0xCC, 0x7A, 0x43, 0x20, 0xEB, 0x0D, 0x30, 0x73, 0x22, 0x09, 0x3D,
    0x00, 0x73, 0x5A, 0xB7, 0xDE, 0x50, 0x9A, 0xF5, 0x86, 0x4C, 0x48, 0xA8, 0x15, 0x12, 0xD2, 0x8B,
    0xBC, 0xDE, 0xF0, 0xDC, 0x85, 0xD7, 0x55, 0xB6, 0x77, 0x44, 0xD1, 0x69, 0x09, 0xD1, 0x14, 0x5A,
    0xBA, 0x5B, 0x37, 0x50, 0x37, 0xFC, 0x6C, 0x34, 0x6B, 0x5C, 0xE1, 0x13, 0x62, 0x3F, 0xC6, 0x2F,
    0xCB, 0xFA, 0x4C, 0xF8, 0x92, 0x14, 0x7C, 0xBB, 0x98, 0x42, 0x9D, 0x21, 0xCF, 0x9E, 0x1E, 0xBB,
    0x2B, 0x3D, 0x7A, 0xBF, 0x67, 0xEA, 0xAC, 0x0A, 0xA6, 0xAC, 0x37, 0xFE, 0x88, 0x0B, 0x9B, 0xD5,
    0x6E, 0x2E, 0x1C, 0x54, 0x7B, 0xB8, 0x70, 0x08, 0xE4, 0xDD, 0x84, 0xF2, 0x00, 0xFC, 0x5C, 0x33,
    0x56, 0xE7, 0x8E, 0x44, 0x57, 0x2C, 0x56, 0x51, 0x81, 0x0E, 0x8D, 0x22, 0x7D, 0x40, 0xD9, 0xD1,
    0x41, 0x20, 0x82, 0xDD, 0xF4, 0xE7, 0x66, 0x87, 0x94, 0x73, 0xB6, 0x06, 0x0C, 0x01, 0x5E, 0xE3,
    0x64, 0xFD, 0x11, 0xF8, 0x04, 0x27, 0xDE, 0x4E, 0x67, 0x2E, 0x26, 0xD7, 0x3C, 0xAD, 0x5C, 0x4D,
    0xD0, 0xF0, 0x76, 0x97, 0x89, 0x7B, 0x59, 0xC8, 0xFE, 0x28, 0xE4, 0x68, 0x1A, 0x2F, 0xBB, 0x19,
    0x99, 0xC6, 0xE9, 0x52, 0xC6, 0x4B, 0x07, 0x9A, 0x4D, 0x63, 0x77, 0xCC, 0xF6, 0x11, 0xCE, 0xB5,
    0x67, 0x1C, 0x9E, 0x6C, 0xAF, 0x2F, 0xD3, 0xF8, 0x5A, 0x5B, 0xCB, 0xBD, 0x66, 0x66, 0x53, 0x96,
    0x30, 0x56, 0x2A, 0x26, 0x89, 0x32, 0x66, 0x1F, 0x1B, 0x7C, 0x62, 0xEA, 0x19, 0x23, 0x8F, 0x6D,
    0x30, 0x36, 0xEC, 0x4A, 0x36, 0xE9, 0xC4, 0x7E, 0xEB, 0xB2, 0xB2, 0x5F, 0x9E, 0x04, 0x08, 0xC8,
    0xD2, 0xCE, 0x71, 0x41, 0x12, 0xCC, 0x35, 0xB4, 0x46, 0xA0, 0xCF, 0x62, 0xA2, 0xC9, 0x82, 0xA4,
    0xCD, 0x66, 0x19, 0x0D, 0x62, 0x46, 0xFA, 0x6D, 0x33, 0x5C, 0x90, 0x9C, 0x53, 0x22, 0x09, 0x02,
    0x5B, 0x78, 0xD1, 0xBF, 0x5B, 0x98, 0xD3, 0x7B, 0xC9, 0x4C, 0x35, 0x46, 0x5E, 0xF6, 0x6A, 0x7E,
    0x27, 0x5C, 0x8F, 0x0D, 0x61, 0x35, 0x34, 0x7D, 0x63, 0xCE, 0x31, 0x75, 0x36, 0x18, 0xB7, 0xC3,
    0x9E, 0x91, 0x3C, 0x1E, 0x9A, 0x99, 0xDC, 0x7B, 0x52, 0xB0, 0xEA, 0xAE, 0x46, 0x53, 0xE8, 0xB5,
    0xBB, 0x35, 0x96, 0xB1, 0xBA, 0xF8, 0xCF, 0x16, 0xF5, 0xB0, 0x74, 0xFE, 0x71, 0x51, 0xE6, 0xF5,
    0x4B, 0xED, 0x54, 0x21, 0x35, 0xB7, 0xB6, 0xA8, 0xC3, 0x57, 0xF8, 0x78, 0x59, 0xA6, 0x7B, 0x5E,
    0x22, 0x7D, 0x76, 0x5F, 0x90, 0xD1, 0x19, 0xBD, 0x27, 0xB4, 0x6A, 0x9F, 0x33, 0x13, 0x87, 0xD1,
    0x86, 0x54, 0x6C, 0x46, 0x3B, 0x1C, 0x4C, 0x67, 0x13, 0x2A, 0x94, 0x72, 0xDE, 0x4A, 0x8C, 0x0E,
    0x25, 0xED, 0x38, 0x67, 0x4D, 0x21, 0x2F, 0xCD, 0x6C, 0xDF, 0x15, 0xE4, 0xB1, 0x9B, 0x9E, 0xBD,
    0x5A, 0x48, 0x7D, 0x83, 0x4D, 0xD9, 0x41, 0x87, 0x7E, 0x2C, 0xE4, 0xB9, 0x34, 0xB8, 0x87, 0x2E,
    0x7A, 0xAB, 0x0C, 0xA7, 0xAC, 0x88, 0x30, 0x66, 0xAD, 0xEA, 0x42, 0x6E, 0xC2, 0x23, 0xCF, 0xC8,
    0xEA, 0xD6, 0x8A, 0x48, 0x7F, 0x91, 0x7A, 0x6D, 0x24, 0x1D, 0x50, 0xDE, 0x91, 0x25, 0x71, 0xBE,
    0x6C, 0xE3, 0xCC, 0xA1, 0xCC, 0xEA, 0x56, 0x32, 0x7E, 0x47, 0x86, 0xF0, 0x0A, 0xDD, 0x69, 0x3A,
    0xDB, 0x15, 0x57, 0xB0, 0x98, 0x87, 0xCA, 0x81, 0x56, 0x2B, 0xC6, 0x31, 0x08, 0xC2, 0x85, 0x05,
    0x52, 0x30, 0xC6, 0xB4, 0xF4, 0x62, 0xD5, 0xBC, 0x02, 0xF3, 0xF3, 0x6F, 0xD3, 0xFA, 0x8B, 0x4B,
    0xA6, 0xB2, 0x42, 0x57, 0x28, 0x66, 0x09, 0xB9, 0x27, 0x2C, 0xB3, 0x50, 0x48, 0xA2, 0x9B, 0x1B,
    0x03, 0x5C, 0x6F, 0x43, 0xC9, 0xF7, 0xEC, 0xCF, 0x74, 0x64, 0x8B, 0xD0, 0x4E, 0x09, 0x8F, 0xDC,
    0xFB, 0x84, 0xBA, 0x49, 0x13, 0xF4, 0x92, 0x8C, 0xB2, 0xE0, 0x10, 0x14, 0x41, 0x47, 0x48, 0x4C,
    0xF0, 0x08, 0xBD, 0xBA, 0x47, 0x6E, 0x09, 0x2E, 0x3B, 0x6C, 0x76, 0xF8, 0x04, 0xB0, 0xC7, 0xE7,
    0x33, 0x2C, 0x3F, 0xDA, 0x92, 0x95, 0x2C, 0xC2, 0x35, 0x86, 0x1E, 0x4D, 0x7F, 0xCC, 0x8F, 0x76,
    0x05, 0x54, 0xB7, 0xAE, 0xC0, 0x25, 0x2B, 0x5F, 0x7A, 0xA7, 0xD4, 0x60, 0xE1, 0xFC, 0x3D, 0xFA,
    0x41, 0xEB, 0x43, 0xA6, 0xFE, 0x9F, 0x30, 0x4C, 0x01, 0xA3, 0x23, 0x9D, 0xE5, 0x10, 0x8C, 0x33,
    0x91, 0x5B, 0xEB, 0x7B, 0x59, 0xAF, 0xA4, 0x55, 0x1D, 0xD5, 0x7B, 0x2A, 0x8C, 0x03, 0x2C, 0x3E,
    0x4F, 0x66, 0x6A, 0x5E, 0xD2, 0xAA, 0xCE, 0x94, 0xE0, 0x4B, 0x93, 0x49, 0xD1, 0x68, 0x24, 0xA3,
    0xA0, 0xD0, 0x7B, 0x41, 0xB8, 0xE4, 0xD7, 0xFC, 0xA3, 0xE1, 0x69, 0x41, 0xCB, 0x6B, 0x8D, 0x2C,
    0xB6, 0x5E, 0x47, 0x4E, 0x6D, 0x51, 0x7E, 0x24, 0xE2, 0x42, 0x32, 0x09, 0xBB, 0x10, 0xE5, 0xA0,
    0xA1, 0x90, 0x0B, 0x5B, 0xD3, 0xF2, 0xB4, 0x84, 0x5B, 0x58, 0x2D, 0xAF, 0x4F, 0xAF, 0x1F, 0x6A,
    0x31, 0x7F, 0xE4, 0x29, 0x91, 0x9C, 0x8B, 0x9C, 0xB5, 0xC2, 0x24, 0x67, 0x44, 0x72, 0xD6, 0x20,
    0x39, 0x53, 0xF1, 0x0D, 0xEC, 0x67, 0x14, 0x6E, 0xA3, 0xCC, 0x26, 0xF1, 0x8E, 0x8F, 0xFC, 0x86,
    0xBE, 0xAC, 0x10, 0xAE, 0xCF, 0x30, 0xAA, 0x09, 0xF5, 0xC6, 0x87, 0x20, 0x92, 0x33, 0x99, 0x94,
    0x9C, 0x68, 0x4A, 0x01, 0xBE, 0xB0, 0x9F, 0x80, 0x46, 0xA4, 0xB3, 0xB8, 0xCB, 0xF0, 0x22, 0x0A,
    0xD0, 0xA4, 0xA7, 0x43, 0x19, 0xC4, 0x7A, 0x48, 0x87, 0x68, 0xD7, 0xA8, 0x6F, 0x92, 0xE4, 0x5C,
    0x6A, 0x05, 0xA9, 0x82, 0x53, 0x76, 0x62, 0x40, 0x66, 0x8B, 0x25, 0x30, 0x8F, 0x74, 0xF8, 0x69,
    0xCE, 0x13, 0xE8, 0x46, 0xF7, 0x78, 0x49, 0x11, 0xA0, 0x45, 0x30, 0x10, 0xDA, 0x92, 0xA0, 0x0D,
    0x32, 0xCA, 0x6E, 0xDA, 0x4B, 0xF0, 0x2D, 0x57, 0x94, 0x1D, 0x60, 0xD8, 0xE7, 0xD9, 0x8D, 0x4D,
    0xD3, 0x45, 0x4D, 0x73, 0xC8, 0xA5, 0xCC, 0x13, 0x53, 0x04, 0xD4, 0xE7, 0xA7, 0x0E, 0x8B, 0x6E,
    0xD8, 0x18, 0x5B, 0x4C, 0x54, 0xBB, 0x40, 0xEA, 0x71, 0xEE, 0x9D, 0x35, 0xA8, 0x66, 0xCC, 0x6F,
    0x3A, 0xB2, 0x78, 0x71, 0xDA, 0x9E, 0x84, 0x52, 0x74, 0xDC, 0xBD, 0x26, 0xCF, 0x2F, 0x2D, 0x37,
    0x4B, 0x9D, 0x1F, 0x21, 0x97, 0xE8, 0x0A, 0x25, 0xE1, 0x15, 0x4A, 0xE2, 0x2B, 0x94, 0x04, 0x58,
    0x28, 0x89, 0xB0, 0x10, 0xBF, 0x93, 0xC9, 0x73, 0x25, 0x41, 0x16, 0x4A, 0xA2, 0x2C, 0x94, 0x84,
    0x59, 0x28, 0x89, 0xB3, 0x50, 0x12, 0x68, 0x61, 0x22, 0x2D, 0x8C, 0x65, 0xD3, 0xC5, 0x5A, 0x98,
    0x60, 0x8B, 0x2E, 0xDA, 0x62, 0x22, 0xDC, 0x62, 0xC1, 0x4C, 0xD2, 0xD5, 0x74, 0xB8, 0x4F, 0xB8,
    0x32, 0x25, 0x31, 0x55, 0x18, 0xC9, 0x73, 0xFE, 0xB9, 0x6E, 0x99, 0xAD, 0x98, 0xD2, 0x15, 0x63,
    0x91, 0x7B, 0x8E, 0xFC, 0x16, 0x90, 0x4F, 0xC2, 0x33, 0x3B, 0x5C, 0x48, 0x65, 0x02, 0x93, 0x99,
    0x7D, 0xF7, 0xB5, 0x3D, 0xB3, 0x7F, 0x0B, 0xFB, 0x91, 0x28, 0xE7, 0x9C, 0x42, 0x25, 0xEC, 0xCB,
    0xF0, 0xB7, 0x1B, 0xC6, 0x7E, 0x97, 0xA5, 0x01, 0xF0, 0x40, 0x85, 0x3F, 0x68, 0x89, 0xAC, 0x1D,
    0x03, 0x17, 0x2E, 0xA9, 0xA1, 0x8D, 0xE3, 0xFE, 0x1E, 0xEA, 0x47, 0x6A, 0x17, 0x70, 0xF0, 0x41,
    0x6F, 0xAC, 0x96, 0xED, 0x56, 0x2D, 0xAB, 0x3D, 0x2A, 0xBE, 0x9F, 0x57, 0x8D, 0x1C, 0xE3, 0xAB,
    0x05, 0xEE, 0xB5, 0xA1, 0xAF, 0xE8, 0x90, 0x43, 0x55, 0x2B, 0xFC, 0x5B, 0x30, 0xA3, 0x40, 0xBF,
    0x0B, 0x69, 0x85, 0x09, 0xBA, 0xF4, 0xC0, 0xBD, 0x6A, 0x97, 0x72, 0xD5, 0x21, 0xE5, 0x27, 0xBB,
    0xB1, 0x41, 0xF6, 0x8D, 0xC1, 0xC3, 0x1A, 0xA7, 0x11, 0xE0, 0xED, 0x62, 0x19, 0xFA, 0xB5, 0x1C,
    0xA4, 0x3F, 0x04, 0x55, 0x5A, 0x57, 0x7B, 0x80, 0x48, 0x0E, 0x42, 0x8D, 0x1D, 0xFD, 0x5A, 0x93,
    0x97, 0x79, 0xDF, 0x4F, 0x20, 0x77, 0x7F, 0x99, 0xB8, 0xB8, 0x36, 0x51, 0xBB, 0xE5, 0x32, 0x3C,
    0x11, 0xAF, 0x8E, 0x63, 0x5D, 0x7C, 0xF1, 0x08, 0x0D, 0x33, 0xFA, 0x16, 0x12, 0xB0, 0x02, 0x52,
    0x9D, 0xA7, 0xBA, 0x80, 0x34, 0x44, 0x1F, 0x73, 0xE2, 0x1A, 0x1B, 0xED, 0x42, 0x15, 0xFC, 0x32,
    0xAC, 0x8F, 0x1D, 0xAB, 0x76, 0x56, 0x7B, 0x8E, 0x37, 0xE1, 0xD8, 0xCD, 0xD5, 0x3E, 0xE5, 0x7E,
    0x2D, 0xD9, 0xA1, 0x0E, 0xDF, 0xAE, 0x6E, 0x5F, 0x54, 0xDB, 0x17, 0xD5, 0x66, 0x48, 0xA1, 0xBC,
    0x5D, 0x1D, 0xDE, 0xF4, 0xB5, 0xC4, 0xFA, 0xA9, 0xE2, 0x0A, 0x5F, 0x18, 0x1F, 0xFE, 0x73, 0x7D,
    0xFB, 0x8F, 0xF5, 0xBE, 0x1F, 0xEB, 0x7B, 0x7F, 0xA4, 0xB7, 0xFF, 0x59, 0x73, 0xFB, 0xF6, 0x05,
    0xA9, 0xB0, 0x29, 0x0A, 0xF3, 0xE3, 0x65, 0x55, 0xB6, 0x65, 0x5C, 0x3A, 0xE5, 0xFE, 0x5C, 0x47,
    0xF7, 0xAA, 0xF9, 0xEA, 0xF3, 0x6A, 0x6E, 0xA3, 0x5F, 0xEF, 0x56, 0xEE, 0xD3, 0x3B, 0x77, 0xEF,
    0x54, 0xEE, 0x93, 0xDE, 0xF2, 0xCE, 0x5B, 0x9D, 0x27, 0x47, 0xED, 0x31, 0xCF, 0x79, 0xD2, 0x03,
    0xC8, 0xBE, 0xFF, 0xE4, 0x9E, 0x9B, 0x22, 0x57, 0xDF, 0xB3, 0x4B, 0xDD, 0xE6, 0x1F, 0xF3, 0x76,
    0xCF, 0x7D, 0xFB, 0x38, 0x92, 0xDC, 0xE7, 0x00, 0xC1, 0xEE, 0x19, 0xC5, 0xC8, 0xBB, 0x49, 0x04,
    0xC8, 0xFC, 0xE3, 0x3A, 0x5F, 0x70, 0x5E, 0x7E, 0xBD, 0xD8, 0x3D, 0xD2, 0x3F, 0xCE, 0x0F, 0x8E,
    0x10, 0x71, 0xCE, 0xEA, 0x19, 0x15, 0x2F, 0xA1, 0x5C, 0x45, 0x41, 0xE6, 0x8E, 0x49, 0x95, 0x0B,
    0xA3, 0x43, 0x6A, 0x4F, 0x1E, 0xE4, 0x61, 0xB2, 0x0C, 0xA6, 0xEA, 0xF1, 0xAF, 0x87, 0x35, 0xDC,
    0xF8, 0x93, 0x48, 0x7D, 0x27, 0x53, 0x9F, 0x23, 0x2F, 0x60, 0x9A, 0x2D, 0x9C, 0xCE, 0x97, 0x75,
    0x3E, 0x8E, 0xF3, 0x63, 0x0F, 0x66, 0xC0, 0x3A, 0xDB, 0xCE, 0xC8, 0xFA, 0xDF, 0xA8, 0xA4, 0x55,
    0x3F, 0x37, 0xD9, 0xEE, 0x66, 0xCB, 0x4E, 0x76, 0xD4, 0xC1, 0xF4, 0xF8, 0x52, 0x06, 0xCD, 0x63,
    0xE3, 0x6E, 0x3E, 0x0F, 0x88, 0x6C, 0xA3, 0x78, 0x51, 0x18, 0xF8, 0xA3, 0x3F, 0xF2, 0x19, 0x86,
    0xEA, 0xDF, 0x2C, 0x62, 0xBC, 0x17, 0xDE, 0xFB, 0x87, 0x93, 0xC9, 0x5F, 0xDD, 0xFD, 0xF3, 0xD3,
    0xFF, 0x78, 0x32, 0xB1, 0xAC, 0x85, 0xF2, 0xEF, 0x4E, 0x26, 0x9B, 0xA2, 0xE8, 0xBD, 0xB7, 0x4F,
    0x26, 0xF1, 0x8B, 0xE5, 0xA9, 0x53, 0x1F, 0x26, 0xE9, 0xC9, 0x0F, 0xCE, 0x7E, 0xF0, 0x61, 0xF6,
    0x0B, 0x24, 0xF3, 0x93, 0xD9, 0x6D, 0x69, 0xFC, 0xF4, 0xFE, 0x27, 0xFA, 0x55, 0xD2, 0x2F, 0x31,
    0x86, 0x76, 0x1C, 0x9E, 0x63, 0x2B, 0x7B, 0x57, 0x79, 0x8B, 0x2A, 0xF7, 0x52, 0x21, 0x88, 0xFE,
    0xB3, 0x55, 0x77, 0x7E, 0x79, 0x57, 0x19, 0x66, 0x07, 0xF4, 0x6B, 0x6F, 0x7E, 0x73, 0x57, 0xF9,
    0x5F, 0xF9, 0xB2, 0xFF, 0xC6, 0x5B, 0xDF, 0x3A, 0x58, 0xA6, 0xAF, 0xB0, 0x42, 0x52, 0x86, 0xF7,
    0xAC, 0xAE, 0xA4, 0xC7, 0x3F, 0xAC, 0xCA, 0x6E, 0x45, 0x88, 0x3A, 0x38, 0x5C, 0x22, 0x92, 0x0B,
    0xF3, 0xDE, 0x2E, 0x56, 0xD1, 0xA8, 0x90, 0x26, 0xC0, 0x1C, 0xDE, 0xAE, 0x03, 0xEA, 0xC3, 0xFF,
    0x71, 0xF5, 0xDF, 0x78, 0xBB, 0x8E, 0xAA, 0x0F, 0x5F, 0xDE, 0x7F, 0xCF, 0x3D, 0xDE, 0xAE, 0x63,
    0xF7, 0xE9, 0xD5, 0xE6, 0xA1, 0xA5, 0xA5, 0x5D, 0xE2, 0xD9, 0xD7, 0xBB, 0xB6, 0xE9, 0xDF, 0xFE,
    0x34, 0xFD, 0xED, 0xB3, 0x3F, 0xDD, 0x41, 0xB6, 0x33, 0xCB, 0x1A, 0x96, 0x34, 0x28, 0x45, 0xBE,
    0x74, 0xF7, 0x77, 0x48, 0x61, 0xB1, 0xFF, 0x14, 0x78, 0x3A, 0xDB, 0x1A, 0xDD, 0x59, 0x6E, 0xFE,
    0xFB, 0x1C, 0x20, 0x5F, 0xDE, 0xFD, 0x41, 0x91, 0x9E, 0x7C, 0xFF, 0xF8, 0xF1, 0x73, 0xC5, 0x2F,
    0x98, 0xE5, 0x01, 0xF2, 0x37, 0xDE, 0x5D, 0x4A, 0x4C, 0x2B, 0xCE, 0xCF, 0xA5, 0x83, 0x9F, 0xC1,
    0x15, 0x8C, 0x2D, 0x18, 0x22, 0x99, 0xFE, 0xC7, 0x01, 0xE8, 0xD0, 0x5B, 0x63, 0xEC, 0xCC, 0x18,
    0x3A, 0xF2, 0xBF, 0x15, 0x76, 0xA2, 0x84, 0x0E, 0x1C, 0x19, 0xA8, 0x41, 0x9B, 0x0A, 0x76, 0x1F,
    0xD2, 0xE7, 0x8F, 0x31, 0x7E, 0xE2, 0x4B, 0xD1, 0x06, 0x8C, 0xA5, 0xF8, 0x9C, 0x4A, 0xBF, 0x05,
    0xAD, 0xCC, 0x59, 0xFA, 0xFF, 0xAA, 0x03, 0x2A, 0x7C, 0xE1, 0xE4, 0x2B, 0x1F, 0x80, 0x2E, 0x98,
    0xEB, 0x47, 0x4F, 0xBF, 0xA2, 0xFE, 0x1B, 0x1A, 0x3A, 0xBD, 0xAA, 0xBE, 0x0D, 0xEA, 0xF7, 0xA3,
    0xB2, 0x1A, 0xB2, 0x73, 0x68, 0x59, 0xC9, 0x2A, 0x0A, 0xC6, 0xE0, 0xE0, 0x6C, 0x01, 0xF8, 0x50,
    0xE1, 0x99, 0xFB, 0xF6, 0xA2, 0x62, 0x6E, 0xA7, 0xA4, 0x88, 0xC2, 0x15, 0xEB, 0x6E, 0x0C, 0x5F,
    0x78, 0xF3, 0x2D, 0x75, 0xDF, 0x83, 0xAB, 0xFB, 0x71, 0x02, 0x87, 0xE6, 0xDB, 0xD8, 0x08, 0x7B,
    0x55, 0x9A, 0xE6, 0x48, 0x57, 0xF2, 0xD8, 0xEB, 0x8D, 0x74, 0xA5, 0x2B, 0xB1, 0x1E, 0x48, 0x46,
    0xA3, 0xD4, 0xB3, 0xF5, 0x09, 0x8C, 0xC3, 0xB8, 0x0B, 0x34, 0x56, 0x50, 0x5B, 0x31, 0x52, 0x30,
    0xAE, 0xE0, 0x77, 0xC9, 0xC4, 0x0F, 0x6A, 0x98, 0xCA, 0xFC, 0x3A, 0xC5, 0xC0, 0x2C, 0x9D, 0x37,
    0x68, 0xD2, 0x37, 0x50, 0x3A, 0xA5, 0x83, 0x1A, 0x75, 0x86, 0x3A, 0xA6, 0x48, 0x0C, 0x44, 0x8C,
    0xA7, 0xDF, 0xD2, 0xB9, 0xDD, 0xDA, 0x18, 0x5E, 0x73, 0x18, 0x64, 0xB5, 0xA3, 0x2B, 0xBF, 0x42,
    0xE5, 0xE3, 0xD0, 0x1E, 0xB5, 0xBC, 0x47, 0x1D, 0xFA, 0x2E, 0x96, 0xFD, 0xDE, 0x06, 0x87, 0x0E,
    0x3E, 0x8F, 0x4B, 0x3F, 0xDF, 0x18, 0xFB, 0xBA, 0x4C, 0x75, 0x02, 0xCA, 0xD3, 0x98, 0x00, 0xBB,
    0x43, 0x7C, 0x8E, 0x09, 0x0A, 0xFC, 0x76, 0xFC, 0x93, 0xF2, 0x68, 0x55, 0x1D, 0xAD, 0x8E, 0x57,
    0x47, 0xC3, 0xF2, 0xB8, 0xCE, 0xE2, 0xA6, 0xF3, 0x46, 0x5E, 0xA8, 0x85, 0x0E, 0x0F, 0xCF, 0xF3,
    0x1A, 0xD3, 0x37, 0x30, 0x5E, 0x09, 0x3D, 0xB1, 0x8F, 0x67, 0x6D, 0x34, 0xCA, 0xC7, 0x6A, 0x94,
    0x1F, 0xB5, 0x96, 0xF2, 0x3B, 0x52, 0x0C, 0x49, 0x01, 0xCD, 0x0F, 0x98, 0x76, 0x94, 0xCB, 0xB2,
    0xFD, 0x44, 0xA8, 0x46, 0x4D, 0x13, 0x91, 0x37, 0x06, 0x79, 0x0F, 0xA2, 0x67, 0x4F, 0xB8, 0x53,
    0xED, 0xF6, 0x77, 0xAA, 0x3D, 0x01, 0x87, 0x90, 0xB8, 0xE3, 0xE7, 0xD8, 0x99, 0xE5, 0xAE, 0x66,
    0xF6, 0x93, 0x8F, 0x67, 0xCE, 0xCB, 0x27, 0x32, 0xE7, 0x25, 0x9D, 0x8D, 0x5E, 0xD0, 0xD1, 0xE8,
    0xDD, 0x96, 0x03, 0x7C, 0x9E, 0xFB, 0x78, 0xFA, 0xE3, 0xAB, 0x30, 0x0B, 0x33, 0xB4, 0x20, 0x7D,
    0x27, 0x0B, 0x5F, 0x29, 0xE1, 0x7F, 0xF0, 0xD5, 0x9C, 0xAC, 0xEE, 0x28, 0x7C, 0xBF, 0x04, 0x79,
    0xBE, 0x1C, 0xE7, 0x87, 0x60, 0xF8, 0x9A, 0xD2, 0x2D, 0xA7, 0x1F, 0xC1, 0x2F, 0x5E, 0x12, 0xAE,
    0xE6, 0xF0, 0x3F, 0xB8, 0x27, 0x39, 0xEF, 0x53, 0x34, 0x75, 0xE4, 0x60, 0x7F, 0xE5, 0xA4, 0x0A,
    0xA4, 0x8B, 0x8A, 0xA2, 0x7F, 0x67, 0x5C, 0x82, 0xE1, 0xD8, 0x94, 0xC0, 0x04, 0x1C, 0x97, 0x96,
    0xAE, 0xDA, 0xDA, 0x2E, 0xC7, 0xD5, 0x41, 0x4A, 0xAC, 0xB3, 0x55, 0x53, 0xD3, 0x9A, 0xEE, 0xBC,
    0xFE, 0x55, 0x9A, 0x87, 0x0D, 0x4C, 0xF4, 0xE1, 0xE2, 0x44, 0xDC, 0xCB, 0x45, 0xFE, 0xC4, 0xAC,
    0xA9, 0x40, 0xD1, 0xB4, 0x09, 0x04, 0xEB, 0xEF, 0x2F, 0xF6, 0xA4, 0x79, 0xBC, 0x9A, 0xE8, 0x87,
    0x22, 0xA0, 0x75, 0x36, 0x67, 0x80, 0x83, 0xDC, 0x0A, 0xFF, 0x3B, 0xA5, 0x88, 0x4C, 0x68, 0x0F,
    0x9A, 0xDB, 0x67, 0x7E, 0x76, 0xE2, 0xCA, 0x32, 0xAE, 0x69, 0xE2, 0xB2, 0xA6, 0x59, 0xD8, 0x50,
    0xB7, 0xA0, 0xE3, 0x12, 0xE6, 0xB6, 0x30, 0x47, 0xB5, 0x09, 0x54, 0x11, 0xF4, 0xA8, 0xA4, 0xBC,
    0xB8, 0x71, 0x07, 0xC8, 0xAB, 0xA0, 0x02, 0x0B, 0xAF, 0x71, 0x9B, 0xB8, 0x38, 0xAE, 0x6E, 0xFB,
    0x03, 0x9F, 0xB8, 0x43, 0x15, 0x2A, 0x7D, 0x0C, 0xE6, 0xD5, 0x2A, 0xCD, 0x9D, 0x16, 0x38, 0xA3,
    0x19, 0x55, 0x6E, 0x13, 0x94, 0xF1, 0x3B, 0x3A, 0x39, 0x0E, 0xB0, 0xDD, 0x66, 0x16, 0xAD, 0xA1,
    0x6D, 0xD4, 0x87, 0x5E, 0x05, 0x58, 0xFD, 0x71, 0x5A, 0x84, 0x2F, 0x68, 0x77, 0x1C, 0x66, 0xB1,
    0x3D, 0x0E, 0xEE, 0xD2, 0xA0, 0xE6, 0x05, 0xEF, 0xA3, 0x56, 0x79, 0xE7, 0x19, 0xD4, 0x9D, 0xE4,
    0x89, 0xCF, 0x72, 0x80, 0x91, 0x8F, 0xFD, 0x79, 0x01, 0xA6, 0xED, 0x2C, 0x8C, 0x82, 0x3B, 0x51,
    0xBF, 0x44, 0x07, 0x57, 0x22, 0xA2, 0x8E, 0xA9, 0xD6, 0xF7, 0x56, 0x81, 0x90, 0x9E, 0xA0, 0xBF,
    0xE0, 0xAB, 0x6F, 0x65, 0xE4, 0xC3, 0x7D, 0xB0, 0x25, 0x07, 0x9A, 0x59, 0xE9, 0xB5, 0x68, 0x7A,
    0x8F, 0xEB, 0xB8, 0x09, 0x1A, 0xAB, 0xB6, 0x6B, 0xBF, 0x8C, 0x73, 0xF6, 0x20, 0x02, 0x55, 0x81,
    0x6E, 0x03, 0x83, 0xA5, 0x54, 0x1B, 0xAB, 0x51, 0xE5, 0x2B, 0xA7, 0x08, 0x50, 0x77, 0x81, 0x4B,
    0xB5, 0xBA, 0x79, 0x4A, 0xCD, 0xB7, 0xC9, 0x92, 0x4A, 0x2E, 0xF8, 0x87, 0xEE, 0xDF, 0x0B, 0xFD,
    0xA9, 0xF5, 0xFE, 0x68, 0x3E, 0x24, 0xED, 0x37, 0x46, 0x51, 0xD4, 0xC4, 0xE8, 0x80, 0x0B, 0x70,
    0xD1, 0x33, 0x14, 0x99, 0x17, 0xA3, 0x4E, 0x7B, 0xF3, 0x91, 0x64, 0xAD, 0xA5, 0x41, 0x8A, 0xE5,
    0xFA, 0x49, 0xB9, 0x4E, 0xF8, 0xF0, 0xFA, 0xD1, 0xC4, 0x33, 0xE2, 0x8A, 0xC9, 0xBA, 0x0F, 0xC5,
    0xE8, 0x25, 0x85, 0x13, 0x63, 0x16, 0x39, 0xAA, 0x32, 0x61, 0x54, 0x5E, 0x0B, 0xDE, 0x86, 0x2E,
    0x38, 0x40, 0xE9, 0xE9, 0x28, 0x81, 0x3E, 0x26, 0xE0, 0xD8, 0xFA, 0x8F, 0x1F, 0x5B, 0xFF, 0xA9,
    0xAE, 0xB0, 0x59, 0xF5, 0x91, 0xA1, 0x8C, 0x92, 0x81, 0x70, 0x09, 0x07, 0x92, 0x4C, 0xF0, 0x43,
    0xFE, 0x6F, 0x63, 0xCA, 0x61, 0x58, 0xBA, 0x60, 0x89, 0x9D, 0xC0, 0x85, 0x18, 0x3C, 0xB9, 0x44,
    0x63, 0x8A, 0x4D, 0x9E, 0x8A, 0x6F, 0x92, 0xE3, 0xDD, 0x23, 0x5A, 0xC0, 0x40, 0x63, 0x86, 0x90,
    0x96, 0xB2, 0xB9, 0x6F, 0xF0, 0xF6, 0x34, 0x0C, 0xA1, 0xA0, 0xAE, 0x71, 0x7B, 0xEC, 0x2D, 0x5A,
    0x9D, 0x07, 0x70, 0x45, 0x0C, 0xF1, 0xC9, 0x50, 0xB7, 0x8B, 0xF9, 0x0C, 0x42, 0xE4, 0x7B, 0x0F,
    0xCC, 0xC0, 0x2D, 0x33, 0x55, 0x56, 0xCD, 0x45, 0xB4, 0xD9, 0x5C, 0xB8, 0x9D, 0xE1, 0x6F, 0xF5,
    0x7D, 0x98, 0x47, 0x5E, 0x1E, 0xE9, 0xC4, 0x46, 0x18, 0x33, 0x34, 0x6B, 0xD1, 0x5F, 0x5D, 0xCA,
    0xE2, 0x0B, 0xFD, 0xB7, 0x70, 0x4E, 0x06, 0x43, 0x21, 0x03, 0x0D, 0x03, 0xF0, 0xA5, 0x87, 0xA2,
    0x60, 0x11, 0xC5, 0x34, 0xFA, 0xA7, 0x6B, 0x35, 0x32, 0x1A, 0x01, 0x14, 0xF8, 0x0A, 0x4A, 0x70,
    0xA8, 0x7C, 0x2B, 0x85, 0x1C, 0x57, 0x6B, 0x59, 0x89, 0xD8, 0x10, 0xB5, 0x18, 0x07, 0xC9, 0x92,
    0x22, 0xFA, 0x30, 0xC9, 0x74, 0x0B, 0x7A, 0x9D, 0xAE, 0xB0, 0x94, 0xF8, 0x7A, 0x0D, 0x81, 0x6E,
    0x24, 0xA2, 0x48, 0xCC, 0xCA, 0x2B, 0xAD, 0xB4, 0x86, 0x93, 0xB5, 0xE8, 0x2B, 0xDD, 0xA0, 0x2A,
    0x54, 0x79, 0xE3, 0x0D, 0xCF, 0xDF, 0x7A, 0x9E, 0xBF, 0xEB, 0x84, 0xF3, 0x36, 0x5A, 0xFD, 0x4C,
    0x11, 0x3E, 0xD1, 0xC3, 0x16, 0xBF, 0xD2, 0x2B, 0xB3, 0xF1, 0xF7, 0xFB, 0xF2, 0xAD, 0xF6, 0x40,
    0x79, 0x1C, 0x2C, 0x5B, 0x5B, 0x43, 0x6E, 0x6B, 0x67, 0x5F, 0xEF, 0xB7, 0x58, 0xC1, 0x90, 0xED,
    0x37, 0x2C, 0x45, 0xCA, 0x38, 0xAA, 0xA1, 0xA0, 0x9A, 0x7B, 0xE6, 0x3F, 0xAA, 0xE9, 0xA0, 0x83,
    0x8F, 0x53, 0x5D, 0x6A, 0x5D, 0x20, 0x93, 0xAD, 0x4C, 0x8C, 0x38, 0x8C, 0x35, 0x8C, 0x32, 0x8C,
    0x2F, 0x8E, 0xEC, 0xD7, 0xD1, 0x99, 0x0D, 0x12, 0x14, 0x47, 0x10, 0xCA, 0xEE, 0x53, 0xDD, 0xB6,
    0x96, 0xDA, 0x38, 0x07, 0x82, 0x2E, 0xF8, 0x3C, 0xAD, 0x69, 0xE1, 0x3D, 0x22, 0xDE, 0xCA, 0x31,
    0x81, 0x5F, 0x00, 0xBB, 0x03, 0xB7, 0xD2, 0x94, 0x3A, 0x99, 0xD7, 0xF9, 0xF4, 0x22, 0x39, 0xEE,
    0xDF, 0x71, 0x4B, 0x5C, 0xC1, 0xA0, 0x3D, 0x3D, 0xA7, 0xD0, 0x32, 0xC9, 0x0F, 0xA0, 0x6E, 0xD8,
    0x85, 0x11, 0x32, 0xBF, 0x65, 0xC3, 0x4D, 0x05, 0x57, 0x31, 0x47, 0xCD, 0x49, 0xE4, 0x8A, 0x0A,
    0x4E, 0x18, 0x46, 0x7A, 0xA3, 0x9E, 0xBA, 0xE2, 0xDE, 0x59, 0x18, 0xF5, 0xC9, 0xAC, 0xB7, 0x9D,
    0xA8, 0xA6, 0x2A, 0x87, 0x2F, 0x49, 0xC1, 0x7B, 0xAC, 0x1C, 0xB6, 0x7F, 0x9D, 0xB0, 0x56, 0x87,
    0x46, 0x04, 0xED, 0x44, 0xCF, 0x42, 0xE1, 0xCB, 0xBD, 0x67, 0x31, 0x7C, 0xA9, 0xBF, 0xBE, 0xC9,
    0x2A, 0x06, 0xCF, 0x0E, 0x36, 0x24, 0x3C, 0x5E, 0xAE, 0xF3, 0x6C, 0x5F, 0xF6, 0xEF, 0x2A, 0x67,
    0xF9, 0x77, 0x2E, 0x89, 0xCD, 0xE6, 0xD5, 0x22, 0x0C, 0x37, 0x8C, 0x26, 0xA4, 0x30, 0xDC, 0x30,
    0xD0, 0x30, 0xC4, 0xF0, 0x15, 0x86, 0x55, 0x06, 0xF4, 0x63, 0xE7, 0x34, 0xA0, 0x0C, 0xA7, 0x24,
    0xAB, 0x13, 0xD7, 0x18, 0x2B, 0xDC, 0x3D, 0x97, 0xE3, 0x62, 0x48, 0xB4, 0x80, 0x7A, 0xEE, 0xF1,
    0xE1, 0x8D, 0x51, 0x71, 0x68, 0xF0, 0xE8, 0xC2, 0x74, 0x54, 0xCB, 0x0C, 0xCD, 0xAA, 0x9D, 0x45,
    0x7F, 0x17, 0xAF, 0x8F, 0x6D, 0xBF, 0xE2, 0x39, 0x7A, 0xC3, 0xF4, 0x6C, 0x6F, 0xBC, 0x88, 0xD9,
    0xEC, 0xF2, 0xB0, 0xCE, 0x86, 0x75, 0x88, 0x38, 0x54, 0x17, 0x6E, 0x67, 0x18, 0x89, 0x38, 0xCB,
    0xB9, 0x7B, 0xD5, 0xF3, 0xFB, 0x1C, 0xA9, 0x4B, 0x20, 0xE4, 0xE1, 0x3F, 0x14, 0xE6, 0x8C, 0xA7,
    0x1B, 0xAF, 0xE4, 0x28, 0xF7, 0x37, 0x7D, 0x2C, 0x4C, 0x47, 0xBE, 0xE8, 0x31, 0x87, 0xDC, 0x4B,
    0x42, 0x5F, 0x3B, 0xB2, 0x53, 0x76, 0x65, 0x6E, 0x90, 0x83, 0x86, 0x57, 0xD4, 0x66, 0x78, 0x9B,
    0x3E, 0x2E, 0xC6, 0x74, 0x1F, 0x93, 0xA1, 0xF0, 0xDF, 0x30, 0x9E, 0x92, 0x93, 0xF5, 0x94, 0xB8,
    0xEF, 0x82, 0x7C, 0xE6, 0xEF, 0x94, 0x9E, 0xF8, 0xAF, 0x57, 0xD3, 0x95, 0xCD, 0xE3, 0x54, 0xE7,
    0x8A, 0xE6, 0x22, 0x3B, 0x3F, 0xDA, 0xA3, 0xF1, 0xBD, 0x5E, 0x7B, 0xF1, 0x3E, 0xE8, 0xB5, 0x1A,
    0xF7, 0x54, 0xDD, 0x0F, 0x77, 0xB4, 0xD0, 0x2B, 0x3E, 0xC9, 0xBE, 0x41, 0x9D, 0xF5, 0x9E, 0x6D,
    0x66, 0xD6, 0xBF, 0x66, 0xB8, 0xC5, 0x2E, 0x0E, 0x38, 0xEF, 0xB7, 0xEE, 0x19, 0x3D, 0xAA, 0x1A,
    0x15, 0x6D, 0xB6, 0x16, 0xF7, 0x39, 0x15, 0x7E, 0x85, 0x14, 0xCA, 0x97, 0xCA, 0x24, 0x3B, 0xD1,
    0xE1, 0x9D, 0x3E, 0x04, 0xB0, 0xA5, 0x4B, 0xE8, 0x01, 0xC7, 0xB8, 0xE4, 0x0D, 0xB8, 0xCA, 0xBD,
    0x05, 0xFD, 0xF7, 0xF1, 0x43, 0xB9, 0xB9, 0x81, 0xA5, 0x2D, 0x33, 0x7C, 0xFA, 0x1F, 0xF3, 0x9C,
    0x05, 0x0D, 0x66, 0x6B, 0x0A, 0xBF, 0xEC, 0x82, 0xD3, 0x2A, 0x53, 0xA8, 0x8D, 0x07, 0xF3, 0xA0,
    0x59, 0xA4, 0x5B, 0x96, 0x61, 0x7D, 0xB7, 0x9E, 0x0A, 0x57, 0xFB, 0xE2, 0x70, 0x09, 0xFE, 0xEA,
    0x51, 0x22, 0x47, 0xC5, 0xEC, 0xB2, 0xFD, 0xF6, 0xE2, 0xC0, 0xF6, 0xAE, 0x07, 0xE5, 0xDE, 0x10,
    0xB7, 0xEB, 0xA0, 0x7F, 0xB6, 0xEC, 0xCB, 0xFE, 0xB9, 0x9E, 0x71, 0x7C, 0xDD, 0xAB, 0x3B, 0x9B,
    0x8E, 0x24, 0xE7, 0xD7, 0xBD, 0xAE, 0x01, 0x15, 0xD3, 0x8B, 0x30, 0xC0, 0xC1, 0xFB, 0x5E, 0xE4,
    0xA1, 0xFB, 0x61, 0xEC, 0x95, 0xB5, 0x97, 0x8D, 0xD3, 0xD5, 0x2A, 0xD5, 0xC5, 0x23, 0xCF, 0x4D,
    0x45, 0xA8, 0x5C, 0xD2, 0x82, 0x45, 0xD0, 0x27, 0x5B, 0x0D, 0x7C, 0xB8, 0x74, 0xAF, 0xFC, 0x57,
    0x4B, 0x09, 0x2A, 0xD6, 0xC8, 0x52, 0xE4, 0xFE, 0x3E, 0xF2, 0xDC, 0x3A, 0x18, 0xFF, 0xD8, 0xF9,
    0x4A, 0xDD, 0x38, 0x4F, 0xE5, 0xE3, 0x3E, 0x4F, 0xC5, 0xEB, 0x95, 0xB6, 0x81, 0xA7, 0x62, 0xC0,
    0x13, 0x83, 0xAD, 0xBA, 0x3D, 0xA6, 0x46, 0x65, 0xDC, 0x0D, 0xF2, 0xB8, 0x5B, 0x7A, 0xF2, 0xEA,
    0x6E, 0x3F, 0xB6, 0x53, 0xA5, 0xBD, 0xF2, 0xF3, 0xF9, 0x8B, 0x37, 0x90, 0xF6, 0xE7, 0xBD, 0x2C,
    0xE8, 0x26, 0x45, 0x0F, 0xA9, 0x64, 0xB3, 0x48, 0x44, 0x8C, 0x24, 0x29, 0x24, 0x22, 0xAD, 0x90,
    0x8E, 0x02, 0xD1, 0x70, 0x10, 0x14, 0x45, 0x91, 0x55, 0xCC, 0xBA, 0xB6, 0x4E, 0x80, 0xD8, 0x08,
    0xA9, 0x5C, 0x24, 0xB4, 0x72, 0x05, 0x1E, 0x34, 0x9D, 0xA3, 0x37, 0x8A, 0x50, 0x9B, 0x9E, 0x83,
    0xBB, 0x8C, 0xDC, 0x10, 0xC7, 0x96, 0x98, 0x76, 0x89, 0xBC, 0xBC, 0x06, 0xC1, 0x30, 0x0C, 0x6E,
    0x57, 0xD4, 0x56, 0x7F, 0x95, 0xD1, 0xDC, 0x46, 0x0F, 0xA2, 0x24, 0x03, 0x7E, 0xFD, 0xC1, 0x10,
    0x20, 0xDA, 0x6F, 0x44, 0xED, 0x72, 0xA2, 0x24, 0x54, 0xC1, 0x7F, 0x0C, 0x7E, 0x37, 0x7C, 0x1D,
    0xC3, 0x3D, 0xDE, 0x40, 0x21, 0x71, 0x02, 0xB9, 0x41, 0x1D, 0x5E, 0x6B, 0xAF, 0xA1, 0xE4, 0xE7,
    0xF8, 0x10, 0x6C, 0x1E, 0x7F, 0x8E, 0x8E, 0x00, 0x18, 0xE9, 0x37, 0x75, 0xE2, 0x68, 0x60, 0x6F,
    0x17, 0x58, 0x37, 0xF3, 0x1A, 0xDA, 0x4D, 0x4E, 0x09, 0xF4, 0x1F, 0x3B, 0x9A, 0x8F, 0x68, 0x07,
    0x30, 0xC5, 0x7B, 0xEC, 0x27, 0x46, 0xA5, 0x0D, 0xF5, 0x0F, 0xE9, 0x08, 0x79, 0x4D, 0x51, 0x74,
    0x1A, 0x45, 0x40, 0x12, 0xA9, 0xE8, 0xA1, 0x99, 0x37, 0x50, 0xF3, 0x39, 0xDC, 0x90, 0xA3, 0x5C,
    0x38, 0xD4, 0x70, 0x4B, 0x1F, 0x66, 0xC8, 0x41, 0x86, 0x1C, 0x62, 0xE8, 0xBF, 0x56, 0x13, 0x89,
    0x3C, 0xBC, 0x4E, 0x14, 0x67, 0x42, 0x03, 0x39, 0xEE, 0x62, 0x65, 0x28, 0xFC, 0x64, 0xA4, 0xD9,
    0x11, 0xF0, 0x3A, 0x6D, 0x8A, 0xC7, 0x11, 0xA2, 0x00, 0x42, 0x49, 0xF1, 0x4A, 0x0E, 0x77, 0x1F,
    0xD3, 0xE8, 0xA5, 0xC1, 0xB3, 0x0E, 0xF8, 0x24, 0x18, 0x12, 0xA6, 0x25, 0xA5, 0x63, 0xF6, 0xC4,
    0xF3, 0x06, 0x79, 0x7D, 0xC6, 0xDA, 0xAF, 0x27, 0x8C, 0xDE, 0x83, 0x26, 0x7E, 0x44, 0x9B, 0xAD,
    0x9D, 0x3A, 0x14, 0x0A, 0x6B, 0x03, 0xB9, 0xB2, 0xD9, 0x04, 0xF0, 0xEE, 0x30, 0x2A, 0xBB, 0x0E,
    0xA6, 0x2B, 0x77, 0x57, 0x76, 0x6C, 0x52, 0xD7, 0x9B, 0xB4, 0xB0, 0x8A, 0xDD, 0x1D, 0xDB, 0xD7,
    0xDD, 0xFC, 0xEC, 0xF4, 0xC5, 0xD1, 0x38, 0xED, 0x55, 0x93, 0x7E, 0x96, 0x3D, 0xBC, 0xA3, 0xAF,
    0x30, 0xFB, 0x31, 0x3D, 0xA3, 0xEE, 0x75, 0x25, 0x22, 0xDC, 0x47, 0x0B, 0x31, 0x84, 0xC8, 0x2C,
    0xF2, 0xD0, 0x48, 0x22, 0xDB, 0x89, 0x6C, 0x22, 0xFF, 0x75, 0x73, 0x83, 0x4A, 0x9D, 0x2D, 0x75,
    0x79, 0xA5, 0x83, 0x93, 0x51, 0xCC, 0xF5, 0xE9, 0xBA, 0x4F, 0xDF, 0xA9, 0xC9, 0xE8, 0xD9, 0x4B,
    0xE6, 0x0B, 0x8A, 0x30, 0xEF, 0xD7, 0xF5, 0x54, 0x1D, 0xBE, 0x7E, 0x05, 0xC8, 0x85, 0x4F, 0x33,
    0x72, 0xD7, 0xE3, 0x58, 0x56, 0xD4, 0x34, 0x40, 0xF7, 0x41, 0x59, 0x02, 0x46, 0x8D, 0xCF, 0x41,
    0xAC, 0x73, 0xAC, 0x6D, 0x4A, 0xE6, 0xF3, 0x66, 0x07, 0xAC, 0x02, 0x19, 0x3E, 0x10, 0x77, 0xB1,
    0xAC, 0x97, 0x16, 0xB9, 0xFB, 0x94, 0x1A, 0x80, 0x6B, 0xE0, 0x35, 0x00, 0x1B, 0x88, 0x07, 0x20,
    0x1B, 0x98, 0x05, 0x68, 0x03, 0xB5, 0x80, 0x4D, 0xAD, 0x67, 0x0C, 0x78, 0xC8, 0x92, 0x28, 0x21,
    0x97, 0x15, 0x54, 0xF6, 0xDB, 0x88, 0x60, 0x07, 0x12, 0x2B, 0x11, 0xF8, 0x27, 0x00, 0xF3, 0x08,
    0xFD, 0x6B, 0x90, 0x13, 0xF8, 0x60, 0xBA, 0x11, 0xFC, 0x2E, 0x45, 0x80, 0xCF, 0xA9, 0x1E, 0x03,
    0x06, 0x05, 0x06, 0x07, 0x06, 0x09, 0x06, 0x0B, 0x06, 0x0D, 0x5D, 0xE8, 0xA4, 0x20, 0xC2, 0x60,
    0xA2, 0x43, 0x85, 0xC1, 0x85, 0x41, 0x46, 0x87, 0x0D, 0x46, 0x87, 0xAC, 0x69, 0xF1, 0xA8, 0x79,
    0x74, 0xC7, 0x25, 0xF8, 0x5C, 0xAA, 0x46, 0x11, 0xA8, 0xA5, 0x85, 0x5A, 0x29, 0x47, 0x5E, 0x56,
    0x4A, 0xE2, 0x87, 0xD8, 0x85, 0xBE, 0x0D, 0xB1, 0xF8, 0x20, 0x32, 0x45, 0xAA, 0x45, 0x71, 0xA5,
    0xAD, 0xA5, 0x4C, 0x80, 0x84, 0x86, 0x75, 0xB7, 0xDD, 0xB3, 0xEE, 0xC4, 0x4A, 0x27, 0x0B, 0x27,
    0x4E, 0xFD, 0x6C, 0xBA, 0x26, 0x5F, 0x19, 0xD6, 0xE1, 0xA7, 0xE6, 0xFB, 0x35, 0x39, 0x21, 0x3B,
    0x86, 0x40, 0x40, 0x10, 0x18, 0x04, 0x08, 0xD5, 0x41, 0x21, 0x60, 0x08, 0x1C, 0x0C, 0x08, 0x43,
    0x82, 0xA0, 0x40, 0xC6, 0xA6, 0xC9, 0x38, 0x25, 0xA6, 0x69, 0x10, 0x9A, 0x18, 0x3D, 0x8B, 0x15,
    0x86, 0xB0, 0xE2, 0xEF, 0x58, 0xE9, 0x7A, 0xDB, 0xD5, 0x36, 0x4E, 0xAC, 0xF5, 0xC9, 0xF2, 0x9F,
    0x64, 0xE1, 0x2C, 0xAD, 0x3A, 0x8C, 0x66, 0xD4, 0x94, 0xC7, 0x37, 0x32, 0x77, 0x5E, 0xAE, 0x1D,
    0x49, 0x6C, 0x3D, 0xDB, 0xC9, 0x16, 0x9A, 0x81, 0x4B, 0xE8, 0x54, 0x58, 0xFA, 0x63, 0xA8, 0x15,
    0x9B, 0xCC, 0x2B, 0x53, 0x8C, 0xD0, 0xE2, 0x2A, 0x13, 0x71, 0xF5, 0x7F, 0x68, 0xA4, 0xB9, 0x40,
    0x6B, 0xC0, 0x35, 0xF0, 0x1A, 0x80, 0x0D, 0xC4, 0x03, 0x90, 0x0D, 0xCC, 0x02, 0xB4, 0x81, 0x1A,
    0x6B, 0xCA, 0xE6, 0x15, 0x02, 0x0F, 0x00, 0xF7, 0x78, 0x67, 0x0B, 0x6F, 0x3E, 0x4D, 0x71, 0x0F,
    0xC5, 0x22, 0xC1, 0x8E, 0x5B, 0x67, 0x1C, 0x92, 0x9B, 0x78, 0xF0, 0x13, 0x3D, 0xD2, 0xB0, 0x61,
    0xA6, 0x1B, 0x82, 0x7F, 0x1E, 0xB8, 0x94, 0x11, 0x60, 0x30, 0x60, 0x50, 0x60, 0x70, 0x60, 0x90,
    0x60, 0xB0, 0xD0, 0x71, 0xA7, 0xE0, 0xC1, 0x20, 0xC2, 0x60, 0x42, 0x19, 0x54, 0x18, 0x5C, 0x18,
    0x64, 0x74, 0xD8, 0x30, 0x81, 0xF7, 0x97, 0x8B, 0x3B, 0xAD, 0x04, 0xA9, 0x8F, 0x81, 0x66, 0x50,
    0x39, 0xF5, 0x2A, 0xF4, 0xE2, 0xD9, 0x8B, 0x5B, 0xAF, 0x30, 0xCE, 0x9B, 0x8F, 0x48, 0xD5, 0xF1,
    0x0B, 0x42, 0x78, 0x78, 0x8A, 0xA8, 0x26, 0x7C, 0x8F, 0xB2, 0x80, 0x2F, 0xCE, 0x27, 0x3B, 0xD4,
    0xF5, 0xB6, 0xC3, 0xEF, 0x0A, 0xE2, 0xA7, 0x85, 0x05, 0xE2, 0x27, 0x80, 0x9F, 0xF8, 0x89, 0x10,
    0x60, 0x30, 0x60, 0x50, 0x60, 0x70, 0x60, 0x90, 0x60, 0xB0, 0x70, 0x2D, 0xF0, 0x13, 0x12, 0x9F,
    0x53, 0x52, 0x24, 0x2E, 0xA9, 0xF9, 0xE4, 0x9F, 0x53, 0x36, 0x3B, 0xE8, 0xD8, 0x86, 0x62, 0x8B,
    0x8C, 0x2D, 0x2C, 0x2E, 0x6F, 0xBA, 0xD2, 0x66, 0x38, 0x9B, 0xAD, 0x59, 0xEF, 0x6D, 0x3E, 0x8F,
    0xF0, 0x34, 0x91, 0xBF, 0xFF, 0x0E, 0x65, 0x4E, 0x72, 0x74, 0xE8, 0xDD, 0x92, 0x6D, 0x78, 0xB2,
    0x3B, 0x4F, 0xBE, 0x6D, 0xB9, 0x4C, 0x73, 0x1A, 0xFA, 0x1F, 0xFC, 0xDA, 0xAE, 0x8E, 0x21, 0x0F,
    0x8E, 0xC6, 0x74, 0x58, 0x98, 0x5D, 0xD1, 0xC9, 0x61, 0x64, 0xA1, 0x01, 0xC1, 0xED, 0x5D, 0x20,
    0x39, 0x8E, 0x55, 0xE2, 0x92, 0xAB, 0x54, 0xFC, 0x40, 0x4D, 0xF7, 0xAE, 0x62, 0x1E, 0x8C, 0x16,
    0x88, 0x07, 0x01, 0x1A, 0xE2, 0x41, 0x00, 0x8E, 0x78, 0x90, 0x10, 0x60, 0x30, 0x60, 0x50, 0x60,
    0x70, 0x60, 0x90, 0x60, 0xB0, 0x60, 0xD0, 0x70, 0xF5, 0xF2, 0xA0, 0x5A, 0xDC, 0x4C, 0x41, 0x66,
    0x29, 0x5B, 0xDD, 0x11, 0xAE, 0x8F, 0xA6, 0x64, 0xCE, 0x7F, 0x99, 0x1C, 0x8B, 0x1B, 0xE8, 0x6E,
    0x4C, 0xEB, 0xA6, 0x7C, 0x97, 0x38, 0xB4, 0xDC, 0x33, 0xE5, 0xFF, 0xBD, 0x32, 0x38, 0xD1, 0x8A,
    0x28, 0x14, 0xCF, 0x2B, 0xF9, 0x04, 0xD0, 0xF7, 0xF8, 0x3C, 0xB2, 0x53, 0x4C, 0xFE, 0xC9, 0x81,
    0x81, 0xD7, 0xCD, 0x2D, 0xEA, 0xB5, 0x55, 0x1C, 0xE3, 0x5A, 0x19, 0x7C, 0x3E, 0xD5, 0x53, 0x29,
    0xF7, 0x82, 0xFE, 0x3F, 0xAA, 0x7D, 0x18, 0xF1, 0x16, 0x0F, 0x49, 0xC3, 0x64, 0x54, 0xE3, 0x82,
    0xEB, 0x33, 0xF3, 0xC9, 0x64, 0x8F, 0xA8, 0x4B, 0x72, 0x4C, 0x23, 0x77, 0x4A, 0x96, 0x22, 0xE2,
    0x71, 0x3F, 0x37, 0xF0, 0xD1, 0x92, 0xAE, 0xC8, 0x0A, 0x7E, 0x20, 0x51, 0xD2, 0x39, 0x3A, 0x25,
    0x07, 0xBB, 0x27, 0x3B, 0xBF, 0x68, 0xBB, 0x02, 0xEF, 0x5C, 0xD0, 0x0D, 0xA4, 0xEF, 0xEB, 0x1A,
    0xFB, 0x18, 0xCC, 0x3A, 0x1E, 0x60, 0x71, 0x9E, 0x96, 0x79, 0xD0, 0xE2, 0x70, 0x1B, 0x5C, 0x39,
    0xF1, 0x1A, 0x5C, 0x34, 0x71, 0x6A, 0x94, 0xD3, 0xD6, 0xE1, 0x4D, 0x11, 0x0A, 0xF7, 0x2D, 0xA2,
    0x2B, 0x91, 0x92, 0x44, 0x89, 0x57, 0x81, 0x32, 0x6F, 0x27, 0x5B, 0x67, 0xB4, 0xF8, 0xC9, 0xA3,
    0x99, 0x3A, 0x34, 0x53, 0x7B, 0x43, 0x0B, 0x63, 0x76, 0xAF, 0x2E, 0x37, 0xBA, 0xC9, 0x31, 0x18,
    0x94, 0x26, 0xF1, 0x0B, 0x31, 0x11, 0x47, 0x55, 0x88, 0x1E, 0x0D, 0x98, 0x46, 0xDC, 0x1A, 0x1A,
    0x77, 0xE8, 0x0C, 0xCE, 0xC5, 0x2D, 0x97, 0x05, 0xAF, 0x13, 0x3E, 0x4C, 0xEA, 0xA6, 0xA4, 0x7E,
    0xD1, 0x59, 0xB4, 0xD4, 0x5F, 0xEE, 0x30, 0xF7, 0x58, 0xBA, 0x3C, 0xBB, 0xCF, 0x97, 0x1B, 0xEB,
    0xF4, 0x85, 0x7E, 0x61, 0xBC, 0x8F, 0x66, 0x16, 0x4A, 0x50, 0x96, 0xA2, 0x1E, 0x56, 0x83, 0x12,
    0xE6, 0xB6, 0x74, 0x22, 0x6B, 0x8B, 0x13, 0xD9, 0xBA, 0x5B, 0x76, 0x3F, 0x35, 0xD4, 0x73, 0xE7,
    0x59, 0x24, 0x52, 0x8F, 0x95, 0x39, 0x0F, 0x1D, 0xEB, 0x51, 0xA7, 0xA9, 0xD7, 0xDC, 0x6D, 0xEE,
    0xF7, 0xF9, 0x3A, 0x7E, 0xF9, 0xA5, 0x0C, 0x9F, 0x92, 0x9E, 0x77, 0x89, 0x89, 0x8F, 0x74, 0xE8,
    0x94, 0x74, 0x0A, 0xA6, 0xEC, 0x4E, 0x49, 0xB7, 0x66, 0x9D, 0x92, 0xCE, 0x9A, 0x82, 0x89, 0x6A,
    0xB6, 0x06, 0xB8, 0xEF, 0xF6, 0x1A, 0x04, 0x9D, 0xB3, 0x71, 0xDA, 0xF7, 0x58, 0x9B, 0x2A, 0x7C,
    0x0A, 0x04, 0x2E, 0xBE, 0xD2, 0xEE, 0x0A, 0xDA, 0x89, 0x4C, 0xAE, 0xDA, 0x4A, 0x76, 0xE5, 0xE2,
    0xF9, 0x66, 0x74, 0xC0, 0xD9, 0xE4, 0x09, 0x67, 0x1F, 0xD9, 0x27, 0xD2, 0x9C, 0xC7, 0x27, 0xD2,
    0x2D, 0xA8, 0x76, 0x8B, 0x21, 0xD6, 0xC4, 0x48, 0x54, 0x4A, 0x4D, 0x1E, 0x8B, 0xED, 0xF3, 0xE4,
    0xA7, 0x79, 0xC9, 0x54, 0x94, 0x8E, 0x82, 0x74, 0x2C, 0x5A, 0x01, 0x26, 0xEF, 0xF4, 0x29, 0x5A,
    0x38, 0x2D, 0x94, 0x92, 0xD3, 0x7D, 0x53, 0x1C, 0x38, 0x5E, 0xCC, 0x0B, 0xE5, 0xB8, 0x8B, 0xAC,
    0x1B, 0x5B, 0x3E, 0xF5, 0x7A, 0x08, 0x22, 0xED, 0x74, 0xE7, 0x04, 0xF7, 0xBA, 0x5B, 0x74, 0xC4,
    0x2F, 0x52, 0x9D, 0xD5, 0xF8, 0x18, 0x6C, 0x14, 0xE0, 0xE6, 0x76, 0xDA, 0xB5, 0x5D, 0x5F, 0x70,
    0x5B, 0xFB, 0xE5, 0x1A, 0xA6, 0x51, 0x3E, 0x48, 0x5F, 0x5D, 0x24, 0x5A, 0xA5, 0xD8, 0x28, 0xC2,
    0xC2, 0x68, 0xBC, 0x87, 0xC2, 0x11, 0x30, 0x0D, 0x28, 0xD2, 0x82, 0xF1, 0xB2, 0xF5, 0xC8, 0x85,
    0x1D, 0xC1, 0x57, 0xD8, 0x60, 0x5D, 0xAF, 0x67, 0xCF, 0x4C, 0x85, 0x27, 0x76, 0xBB, 0x6A, 0xDC,
    0xCE, 0xA3, 0x94, 0x1A, 0x3C, 0x74, 0xF0, 0xC3, 0xA5, 0xD6, 0x44, 0xDE, 0x18, 0x80, 0x3B, 0x14,
    0xF4, 0x38, 0xC0, 0xB3, 0xE0, 0x4D, 0x1B, 0x5D, 0x60, 0x0A, 0x6D, 0x8E, 0x26, 0x3C, 0xF0, 0x30,
    0x85, 0x85, 0x39, 0x39, 0x00, 0x31, 0x61, 0xB1, 0xF7, 0x82, 0xA8, 0xBB, 0x35, 0x81, 0x23, 0xB4,
    0x21, 0x83, 0x90, 0x41, 0x66, 0x99, 0x38, 0x96, 0x0A, 0x43, 0x2F, 0x38, 0xB8, 0xE2, 0x56, 0x6A,
    0x8C, 0xA3, 0x10, 0x15, 0x64, 0xC1, 0x08, 0x0A, 0x4E, 0xE3, 0x3C, 0xCA, 0x3B, 0x97, 0x92, 0xF8,
    0xEA, 0xDA, 0x80, 0xCE, 0x64, 0x44, 0xEF, 0x0C, 0x6E, 0x1E, 0x43, 0x6F, 0xDD, 0xB3, 0x43, 0x7A,
    0x48, 0x0D, 0x1D, 0xE0, 0x51, 0xD2, 0x04, 0x3F, 0x8E, 0x3D, 0x8D, 0xBB, 0xB0, 0x4F, 0x2E, 0x43,
    0xCC, 0x09, 0xE9, 0x4A, 0xD8, 0x2D, 0x0E, 0xC5, 0x21, 0x9B, 0xD2, 0xE7, 0xFD, 0xB3, 0x19, 0x8F,
    0xA5, 0xD9, 0x0A, 0x66, 0x78, 0x17, 0x21, 0x4E, 0xC5, 0x2A, 0x29, 0xE9, 0x28, 0x17, 0x25, 0x9E,
    0x88, 0x95, 0x69, 0xDA, 0x4C, 0x7B, 0xAA, 0xA4, 0x93, 0xAD, 0x79, 0x3C, 0x88, 0x18, 0x99, 0x12,
    0x7D, 0xA1, 0xF6, 0xBC, 0xA3, 0x3B, 0x3A, 0x06, 0x06, 0xAE, 0x44, 0xC4, 0x39, 0xB9, 0xEA, 0x4E,
    0xE3, 0x61, 0x0F, 0x05, 0x0F, 0x86, 0x37, 0x63, 0xEA, 0xAA, 0x7B, 0xDA, 0x4D, 0x91, 0x14, 0xB5,
    0x09, 0x2C, 0xC1, 0xC8, 0x12, 0x4E, 0x5B, 0x0F, 0xD3, 0x95, 0xEE, 0xBC, 0x55, 0xD5, 0x87, 0x59,
    0x4E, 0xC4, 0x6B, 0x99, 0xE0, 0x9F, 0x1B, 0xE7, 0x43, 0xCC, 0xE6, 0x3E, 0x6B, 0x72, 0x46, 0x9F,
    0x8C, 0xFF, 0x75, 0xBB, 0xD3, 0xF2, 0x07, 0x6C, 0x58, 0xF5, 0x4E, 0xF1, 0x0D, 0xE2, 0xBD, 0xAD,
    0x0C, 0xE7, 0x62, 0x30, 0x14, 0x97, 0x8E, 0x5E, 0xAF, 0x9C, 0xDB, 0xCD, 0xBD, 0x01, 0xBD, 0x6C,
    0xA1, 0xE6, 0x97, 0x3E, 0x58, 0xBC, 0x54, 0x50, 0x58, 0x11, 0x10, 0x45, 0x90, 0x05, 0x85, 0xAD,
    0x73, 0x2F, 0xC2, 0x56, 0x6C, 0x1C, 0x2F, 0x9F, 0x7D, 0xB3, 0x74, 0x34, 0x69, 0xC4, 0x47, 0x36,
    0xD1, 0x84, 0x23, 0x49, 0x69, 0x26, 0x3E, 0x24, 0x16, 0x24, 0x58, 0x39, 0xF8, 0x84, 0x59, 0x3A,
    0xEE, 0xE6, 0x5A, 0x9E, 0x45, 0x5B, 0xC6, 0x42, 0xA0, 0xF9, 0xDC, 0xED, 0x1A, 0xE7, 0xA8, 0x4A,
    0xBC, 0xE9, 0x6B, 0x56, 0x19, 0xF8, 0x40, 0x1C, 0x52, 0xEE, 0xA8, 0xB3, 0xFC, 0x8A, 0x0A, 0x4B,
    0x16, 0x07, 0xA0, 0xBF, 0x8A, 0x3A, 0xAC, 0xA8, 0xC7, 0x8A, 0xBB, 0xCC, 0x7D, 0xE6, 0x4E, 0xF3,
    0x41, 0x5E, 0xD4, 0x6D, 0x39, 0x6A, 0xCA, 0xCC, 0x94, 0x6B, 0xB9, 0xBE, 0x59, 0xCB, 0xF5, 0xA5,
    0x30, 0x5E, 0xAF, 0xAA, 0xEA, 0x7E, 0xB6, 0x0D, 0xE8, 0x8C, 0x5A, 0x44, 0x32, 0xA5, 0x75, 0x68,
    0xD2, 0xC7, 0x31, 0x3D, 0xD3, 0x05, 0xF9, 0xDD, 0xE0, 0xFD, 0x3F, 0x70, 0xE6, 0x5D, 0xCF, 0xC5,
    0xD9, 0x31, 0x9D, 0xC1, 0xA4, 0x09, 0x9F, 0xE9, 0x0B, 0xFE, 0xFA, 0x41, 0x9A, 0xDD, 0xAD, 0xB5,
    0x4F, 0x75, 0x0D, 0x0E, 0x95, 0x9F, 0x1B, 0x22, 0xE8, 0x13, 0x10, 0x41, 0xEB, 0x7F, 0xEC, 0x4E,
    0x3B, 0xF6, 0xBB, 0x38, 0xC1, 0xA0, 0x5C, 0x5B, 0xF2, 0xF2, 0xF3, 0xB5, 0xD2, 0xDF, 0x9D, 0xF5,
    0x6C, 0xDF, 0xB2, 0x1D, 0xA9, 0xAB, 0x53, 0x30, 0x9A, 0xF0, 0x53, 0x97, 0x64, 0xDA, 0xD8, 0x24,
    0xA3, 0x72, 0x6D, 0x14, 0x6B, 0x7F, 0x97, 0x2A, 0x5B, 0x8B, 0xD7, 0xA4, 0x78, 0x1D, 0x86, 0xE4,
    0x12, 0x9C, 0x0C, 0xB2, 0xA4, 0xA3, 0x72, 0x76, 0x80, 0xEF, 0xB0, 0x0E, 0x3F, 0xD5, 0xA3, 0x67,
    0xCD, 0xC6, 0xAE, 0xEE, 0x84, 0x5D, 0x73, 0xC2, 0xBE, 0x7B, 0x42, 0xAE, 0x04, 0xA7, 0x5A, 0x96,
    0xEF, 0x61, 0x25, 0xF2, 0xDD, 0x84, 0x7E, 0x01, 0xD5, 0x89, 0x7C, 0x9F, 0x8F, 0x6E, 0xC8, 0xF7,
    0x99, 0xF2, 0xDD, 0xEE, 0x44, 0x98, 0xA3, 0xD7, 0x58, 0x58, 0xFE, 0x13, 0xA6, 0x14, 0xBE, 0x53,
    0x5B, 0x5D, 0xF4, 0xBC, 0x88, 0x62, 0x7C, 0xFF, 0x87, 0xC4, 0x81, 0xE4, 0x46, 0x14, 0xCF, 0x47,
    0x37, 0x44, 0xF1, 0x45, 0x8A, 0x62, 0xA2, 0x70, 0xAB, 0xE9, 0x69, 0x9B, 0x08, 0x9B, 0xA9, 0x3A,
    0xA4, 0xCD, 0x42, 0x4C, 0xCF, 0x48, 0xCC, 0xB9, 0x50, 0xB2, 0x90, 0x31, 0xD3, 0x30, 0x13, 0x30,
    0x53, 0x6F, 0x9A, 0x20, 0xE9, 0xEE, 0xBE, 0x78, 0xF3, 0x8B, 0x53, 0x09, 0xF3, 0x2A, 0xFB, 0x2D,
    0x1A, 0xEC, 0x6C, 0xF4, 0xE5, 0x4C, 0xBE, 0x4C, 0x19, 0x79, 0xC9, 0xC6, 0xE1, 0x70, 0x09, 0x84,
    0x30, 0x49, 0x06, 0x22, 0x5B, 0x88, 0x6C, 0x22, 0x2A, 0x13, 0xA2, 0x35, 0x30, 0x12, 0x99, 0x97,
    0x65, 0x47, 0xF8, 0x48, 0x0F, 0xB8, 0x58, 0x78, 0x98, 0xC1, 0x35, 0xFC, 0xCB, 0x00, 0x1B, 0xDE,
    0x35, 0x9C, 0x2B, 0x7C, 0x2B, 0x5C, 0x2B, 0x3C, 0xCB, 0x60, 0x1B, 0xB8, 0x0D, 0xFD, 0x30, 0xAF,
    0x0A, 0xA7, 0xFA, 0x46, 0xF6, 0xE5, 0x03, 0xD6, 0x64, 0xEB, 0x53, 0xCC, 0x4F, 0x11, 0x95, 0x46,
    0x56, 0x8A, 0x05, 0x2A, 0x74, 0x24, 0xE2, 0xD2, 0x18, 0xA1, 0x66, 0x33, 0x48, 0x3C, 0x11, 0xB2,
    0x97, 0xD2, 0xD6, 0x10, 0xE6, 0x3C, 0x36, 0x45, 0x95, 0x36, 0x19, 0x1A, 0xA3, 0x6A, 0xAD, 0x35,
    0x7A, 0x85, 0x9F, 0x2D, 0xDF, 0x2B, 0x7A, 0x83, 0xB7, 0x9F, 0x24, 0xE6, 0x4A, 0x46, 0xEF, 0x63,
    0xE0, 0x13, 0x6B, 0xA4, 0x8F, 0xB2, 0xB6, 0x47, 0x93, 0x53, 0x2D, 0x9C, 0x62, 0x5E, 0x6C, 0x16,
    0x99, 0x57, 0x97, 0x65, 0x61, 0xB9, 0xA6, 0x40, 0x07, 0x49, 0x9E, 0x84, 0x3A, 0xA6, 0x9D, 0xB0,
    0x91, 0x35, 0x6B, 0x9F, 0xC2, 0x95, 0x93, 0xFE, 0xC5, 0x65, 0xE6, 0xA5, 0x65, 0xAA, 0xEB, 0xBD,
    0x79, 0x59, 0x99, 0xEA, 0x21, 0x98, 0x3C, 0x41, 0x52, 0x36, 0xD4, 0x0C, 0xB3, 0xAF, 0xC8, 0x98,
    0xF3, 0x14, 0xC4, 0xAD, 0x78, 0x05, 0x4F, 0x45, 0x09, 0x73, 0xF9, 0x12, 0xB3, 0x3D, 0x37, 0xFC,
    0xC8, 0x3A, 0x3B, 0x5F, 0xAE, 0xF8, 0x11, 0x9C, 0x80, 0x7E, 0x58, 0xF8, 0x4A, 0x64, 0xDC, 0xDD,
    0xA5, 0x29, 0x88, 0xA8, 0x16, 0x3C, 0x74, 0x98, 0xE8, 0x70, 0xD1, 0x61, 0x63, 0x7D, 0x7C, 0xAC,
    0x63, 0x28, 0x5C, 0xCD, 0xF4, 0x73, 0xDD, 0x6E, 0xC5, 0xC2, 0xED, 0x70, 0x18, 0x6B, 0xD1, 0x26,
    0xB4, 0xF5, 0x98, 0xB6, 0x1F, 0xB7, 0xFB, 0x68, 0x16, 0x1C, 0x81, 0xE8, 0xB5, 0x31, 0xC8, 0xC3,
    0x20, 0xE9, 0x16, 0x09, 0xEF, 0x04, 0x78, 0x47, 0xFC, 0x16, 0x5D, 0xF2, 0x5D, 0x81, 0xF8, 0xC5,
    0x40, 0xF4, 0xD2, 0xAF, 0xD3, 0x71, 0x58, 0xE2, 0x89, 0x7B, 0x5E, 0x9D, 0xE6, 0x6E, 0x83, 0xD1,
    0xEA, 0x78, 0x8A, 0x34, 0x68, 0x96, 0x78, 0xD8, 0x1E, 0xFA, 0x92, 0xAA, 0x90, 0xDF, 0x65, 0x97,
    0x58, 0xE9, 0x84, 0xA6, 0x6D, 0x9B, 0x57, 0x94, 0x21, 0x30, 0xBF, 0xEB, 0x8D, 0x40, 0x4E, 0xBD,
    0xDF, 0xF6, 0x73, 0x94, 0xAC, 0xA0, 0xAF, 0x4C, 0x2E, 0x19, 0xF7, 0x88, 0x19, 0xF8, 0xB8, 0x28,
    0xB5, 0xC8, 0x26, 0xF0, 0x4D, 0x34, 0xB1, 0x92, 0xB7, 0x78, 0xD2, 0x0B, 0x3D, 0x41, 0xF0, 0xFF,
    0x08, 0x75, 0xB3, 0x31, 0xCE, 0x54, 0x69, 0x81, 0x29, 0x06, 0xD2, 0x73, 0x1A, 0xC1, 0xCC, 0x33,
    0x12, 0x1C, 0x46, 0xC2, 0x7A, 0x01, 0xC5, 0x49, 0xB8, 0x2C, 0xF0, 0x53, 0x89, 0x0C, 0xA1, 0x37,
    0x7D, 0xC2, 0xAD, 0x71, 0x1F, 0xBA, 0xF3, 0x49, 0xE2, 0xEB, 0x91, 0x45, 0x9E, 0xB6, 0xE5, 0xFC,
    0x74, 0xCD, 0xF3, 0x1F, 0x5B, 0x06, 0x44, 0x34, 0x81, 0x7E, 0x17, 0x33, 0x60, 0x0E, 0x7A, 0xFB,
    0x68, 0x45, 0xF3, 0x39, 0x46, 0x62, 0x8F, 0x39, 0x83, 0x11, 0x8D, 0xC9, 0xA4, 0x42, 0x2D, 0xC9,
    0x63, 0xC6, 0x82, 0x16, 0x32, 0xBF, 0xC2, 0x1E, 0x66, 0x1B, 0x3B, 0xFB, 0xE0, 0xD2, 0xA8, 0xFD,
    0x79, 0x3C, 0xDF, 0x6E, 0x54, 0xE0, 0xC9, 0xAB, 0xA3, 0x66, 0xA0, 0x7C, 0xE2, 0x26, 0xAA, 0xA8,
    0x73, 0xB8, 0xB9, 0x24, 0x2A, 0x60, 0x4E, 0x07, 0x11, 0xA8, 0xF1, 0xDC, 0xA3, 0x92, 0x82, 0x48,
    0x2A, 0x48, 0x01, 0x43, 0x8D, 0x7E, 0x91, 0x26, 0xDA, 0x13, 0xF4, 0x0A, 0xC2, 0xD7, 0x49, 0x5F,
    0xA2, 0xFD, 0x07, 0xE1, 0x39, 0xB6, 0xA2, 0xC6, 0xDD, 0x6E, 0x03, 0xDE, 0x88, 0x6B, 0x8B, 0x11,
    0x44, 0x04, 0x3E, 0x3C, 0x46, 0x51, 0x4E, 0x96, 0xB3, 0x59, 0xFA, 0xC9, 0xDB, 0x23, 0x3D, 0x13,
    0x61, 0x25, 0x51, 0x2E, 0x6D, 0xB7, 0xDF, 0xC4, 0x28, 0x3A, 0x4A, 0xBF, 0xC9, 0x1E, 0xB3, 0xBB,
    0x38, 0x16, 0x1F, 0x11, 0x04, 0x99, 0xCD, 0xAF, 0xAE, 0xBB, 0x5B, 0xD3, 0x5B, 0x95, 0x5E, 0xA6,
    0x97, 0x7C, 0xE2, 0xEB, 0x9A, 0x9B, 0x0D, 0x18, 0x24, 0xE3, 0x35, 0x48, 0x27, 0x6D, 0xDA, 0x84,
    0xBA, 0xB7, 0xA8, 0xF4, 0x98, 0xCF, 0x00, 0x2D, 0x02, 0xDD, 0xD0, 0xCB, 0x48, 0x6F, 0x32, 0x6F,
    0x3B, 0x77, 0xC7, 0x13, 0xDB, 0x8B, 0x2C, 0xD1, 0x8C, 0x1D, 0x31, 0x3F, 0x3C, 0x89, 0xC5, 0x09,
    0x5A, 0xB6, 0xC4, 0xF0, 0x95, 0xAC, 0xAC, 0xA5, 0x85, 0x02, 0xAB, 0xEC, 0x88, 0x61, 0x49, 0x09,
    0x83, 0x24, 0x7B, 0x61, 0x1E, 0xC5, 0x76, 0xB6, 0x8C, 0xF4, 0x92, 0x7E, 0x4A, 0x02, 0xE8, 0xF1,
    0x65, 0x49, 0xE6, 0x15, 0xA3, 0x92, 0xCB, 0xC1, 0xA4, 0x60, 0x71, 0xEA, 0xC4, 0x43, 0x04, 0xC0,
    0x38, 0x13, 0x76, 0x2C, 0x5D, 0xB0, 0xFE, 0xA6, 0xC7, 0xCC, 0x4D, 0xA9, 0xC4, 0x77, 0x85, 0xB2,
    0x83, 0xC0, 0x93, 0x1D, 0x06, 0x23, 0xB3, 0x09, 0x6A, 0xFF, 0x84, 0xB7, 0xDB, 0x66, 0x9D, 0x9E,
    0x41, 0xA8, 0x7B, 0x15, 0x2C, 0x10, 0x55, 0x8D, 0x39, 0x47, 0x73, 0x80, 0x15, 0xEE, 0xFE, 0x78,
    0x1A, 0x0F, 0x15, 0x6E, 0x5D, 0x7C, 0x49, 0x77, 0x83, 0x96, 0x2E, 0xA5, 0x99, 0xD3, 0x7A, 0xB5,
    0x2E, 0x47, 0xDA, 0xAF, 0x43, 0x48, 0x81, 0x33, 0x2A, 0xDC, 0x91, 0x1B, 0x60, 0xC8, 0xD1, 0x59,
    0x0A, 0x3C, 0xD2, 0x48, 0x2B, 0x9D, 0x4B, 0x20, 0xD3, 0x2B, 0x2E, 0x0B, 0x77, 0x50, 0x1D, 0xFF,
    0x1F, 0xED, 0x5D, 0x3D, 0x8C, 0xDC, 0x56, 0x7E, 0x7F, 0x24, 0xB5, 0x33, 0xB0, 0xA6, 0xA0, 0x0B,
    0x45, 0xF0, 0xAE, 0x80, 0x9B, 0xC6, 0x85, 0x9D, 0x22, 0xAC, 0x53, 0xDC, 0x91, 0x70, 0x0E, 0xB8,
    0xE2, 0x0A, 0xAB, 0x88, 0x52, 0xE4, 0x8A, 0xA8, 0x70, 0x61, 0x1C, 0x12, 0x28, 0x45, 0xCA, 0xD8,
    0x24, 0xE0, 0xE2, 0x8A, 0x14, 0xDE, 0x42, 0x69, 0x92, 0x46, 0x85, 0x5C, 0x58, 0x3E, 0x40, 0x2E,
    0x53, 0x58, 0xC7, 0x39, 0x1B, 0x88, 0x0B, 0x17, 0x9E, 0x38, 0x45, 0x8A, 0x34, 0x83, 0x78, 0x7D,
    0x49, 0xEC, 0xC2, 0x3C, 0x84, 0x51, 0xB8, 0x02, 0x87, 0x2F, 0xFF, 0xAF, 0xF7, 0xC5, 0x99, 0x5D,
    0x4B, 0xB6, 0x6C, 0xAD, 0x56, 0x33, 0x1A, 0xF1, 0xFD, 0x39, 0xC3, 0x21, 0xDF, 0xFB, 0x7F, 0xFC,
    0xFE, 0x1F, 0xEF, 0x91, 0xAB, 0xD4, 0xAC, 0x55, 0xF8, 0xAA, 0x35, 0x6E, 0x63, 0xAD, 0x2B, 0x68,
    0x66, 0x5A, 0x2F, 0xA1, 0x99, 0x6B, 0xBD, 0x82, 0x26, 0x5F, 0xD7, 0x0D, 0x34, 0x65, 0x93, 0x63,
    0xA3, 0x57, 0xD8, 0x44, 0x7A, 0x81, 0x4D, 0xAC, 0x17, 0x25, 0x1C, 0x92, 0xE8, 0x42, 0x2F, 0xB0,
    0x79, 0x05, 0x7F, 0x9E, 0xE8, 0x1B, 0xFA, 0x10, 0xCF, 0x08, 0xAF, 0x81, 0x1B, 0xAD, 0x68, 0x0B,
    0x87, 0x99, 0xBD, 0x62, 0xAE, 0xD7, 0x70, 0x64, 0x35, 0x1B, 0xE8, 0x2C, 0xD3, 0x01, 0xCF, 0xD9,
    0xA6, 0x03, 0x5E, 0x01, 0x7F, 0x06, 0xD7, 0xD3, 0x70, 0x04, 0x75, 0xA2, 0x83, 0x66, 0xAA, 0x35,
    0x5E, 0x1D, 0x3E, 0x2D, 0xD4, 0x96, 0xD7, 0x74, 0x2D, 0x44, 0x46, 0x03, 0xA0, 0x03, 0x57, 0xD4,
    0x46, 0x5A, 0xF3, 0x08, 0x13, 0xAD, 0x7B, 0x22, 0x52, 0x3D, 0xE7, 0xA3, 0xF3, 0xF5, 0x8C, 0x46,
    0xAD, 0x74, 0x97, 0x68, 0x3E, 0x64, 0xC5, 0xC4, 0x4C, 0x57, 0xD1, 0x11, 0x12, 0xF3, 0x41, 0xCE,
    0x9B, 0x77, 0x86, 0x68, 0x0D, 0xC1, 0x5F, 0x45, 0xD7, 0x73, 0x3D, 0xBC, 0x7B, 0xED, 0xCE, 0x5D,
    0xDD, 0xCC, 0x79, 0x74, 0xBA, 0x99, 0x19, 0x22, 0x32, 0x84, 0xBA, 0xC2, 0x04, 0xF0, 0xE5, 0xF2,
    0x7B, 0xFA, 0xCE, 0xDF, 0x7B, 0x5D, 0x8F, 0xDE, 0xC3, 0x71, 0x46, 0xC8, 0x27, 0xEC, 0x3E, 0x36,
    0x31, 0x73, 0x29, 0xC5, 0x6D, 0xAF, 0x72, 0xAD, 0xDF, 0xB9, 0x8A, 0x03, 0x3A, 0xA4, 0xBE, 0xF2,
    0xF5, 0x49, 0x40, 0x28, 0x0D, 0x6E, 0x86, 0xAB, 0x2A, 0x7A, 0x9D, 0x79, 0xDD, 0xE1, 0x0F, 0xB0,
    0xA1, 0xEE, 0xB4, 0x7C, 0x32, 0xF8, 0xD1, 0x01, 0x5F, 0x7E, 0xFC, 0xCA, 0x1A, 0x21, 0x6A, 0x43,
    0xE8, 0x5B, 0x42, 0xF4, 0x6A, 0x4C, 0x94, 0x7F, 0x69, 0x06, 0x6F, 0xF8, 0xAD, 0x2D, 0x21, 0x7C,
    0x57, 0x57, 0xCF, 0x93, 0x74, 0xEA, 0x05, 0x9B, 0x05, 0x75, 0x3B, 0x79, 0x40, 0xBA, 0x97, 0x30,
    0xA3, 0xA4, 0x89, 0xD7, 0xEF, 0xF3, 0x40, 0xE8, 0xCA, 0x53, 0x6E, 0x12, 0x1E, 0x42, 0x34, 0xD2,
    0xD5, 0x27, 0x22, 0xEA, 0xD9, 0x32, 0x6B, 0xF2, 0x36, 0x6F, 0xE7, 0xCD, 0xA4, 0x98, 0x14, 0x73,
    0x30, 0xDF, 0xBC, 0xC9, 0x9A, 0x49, 0xB5, 0xAF, 0xAE, 0x97, 0x6F, 0xF5, 0xFA, 0xE3, 0x01, 0xDE,
    0xE5, 0x5B, 0xEB, 0x7D, 0x75, 0x7B, 0xA2, 0x5E, 0x54, 0xF9, 0x6F, 0x07, 0x55, 0x7E, 0xAE, 0xE9,
    0x7F, 0xFE, 0x99, 0x56, 0x17, 0x8B, 0xD7, 0x45, 0x05, 0x62, 0xEC, 0xAC, 0x8A, 0x80, 0xAF, 0xAF,
    0xA9, 0x3C, 0x69, 0xEA, 0x4F, 0x3B, 0x78, 0x97, 0xBF, 0x6A, 0xF7, 0xA3, 0x43, 0xF5, 0x4F, 0xC0,
    0x06, 0x15, 0x0F, 0x2A, 0xEA, 0x51, 0xFE, 0xF9, 0x74, 0x55, 0xBF, 0xDD, 0xC2, 0x3B, 0x9F, 0x36,
    0x17, 0x14, 0xF2, 0x20, 0x7B, 0xA5, 0x29, 0x3F, 0xE9, 0xEB, 0x4F, 0xFA, 0xF2, 0xE3, 0xEE, 0x00,
    0x8E, 0x0F, 0xCF, 0xB6, 0x1F, 0x55, 0xE5, 0xCF, 0x1B, 0x38, 0xBE, 0x7C, 0xBB, 0xF9, 0xA3, 0x78,
    0xA9, 0x6E, 0xAB, 0xB8, 0x47, 0x16, 0xC2, 0x16, 0xE8, 0x79, 0xBC, 0xCC, 0x3F, 0x6D, 0xF2, 0x4F,
    0xDB, 0xFC, 0xEF, 0x9A, 0xBD, 0xA8, 0xB8, 0x18, 0x57, 0xF9, 0x27, 0xB4, 0xFB, 0x49, 0x03, 0xF4,
    0x9E, 0x3A, 0xCC, 0x3E, 0x02, 0xBA, 0xCB, 0x3F, 0xEE, 0x2E, 0x46, 0xAB, 0x48, 0x15, 0xD9, 0x5B,
    0x0D, 0xD0, 0xF0, 0x9E, 0xBF, 0x82, 0x12, 0x7A, 0xE9, 0xF5, 0x37, 0xEE, 0xBD, 0x41, 0xAF, 0x1F,
    0xC3, 0xBF, 0x0B, 0xAA, 0x04, 0x4D, 0xD5, 0x55, 0x59, 0x5C, 0x40, 0x25, 0x41, 0x7A, 0x51, 0x17,
    0xFB, 0x6A, 0x5F, 0x95, 0x00, 0x61, 0x75, 0x95, 0xB3, 0xF2, 0xA8, 0x1A, 0x3E, 0x2F, 0xE1, 0xF3,
    0xF8, 0x96, 0x02, 0x75, 0xCC, 0x6B, 0xF5, 0xE3, 0x39, 0xBE, 0x73, 0x8D, 0xBB, 0x31, 0x19, 0x48,
    0x5A, 0xA9, 0x19, 0xBC, 0xFF, 0xB9, 0x9A, 0xE9, 0x76, 0xA6, 0xFB, 0x59, 0xF3, 0x41, 0xBA, 0xF8,
    0xA0, 0xFC, 0xBA, 0x03, 0xD5, 0xFE, 0xC3, 0x3B, 0x6A, 0x02, 0x07, 0x14, 0xF4, 0xAE, 0x17, 0xA9,
    0x6E, 0xD2, 0xFB, 0x4D, 0xFA, 0x61, 0x03, 0x5F, 0x95, 0xBA, 0xFA, 0x83, 0xDB, 0xF0, 0x6B, 0xE0,
    0xCA, 0x0C, 0x86, 0x07, 0x27, 0x54, 0xC3, 0x8D, 0x22, 0xEA, 0xD2, 0x2A, 0x69, 0xB2, 0x02, 0xC4,
    0x09, 0x1F, 0xAD, 0xD5, 0xE5, 0x3B, 0xA1, 0xA5, 0xC6, 0x2B, 0x63, 0x49, 0xED, 0x98, 0xB0, 0x5F,
    0x5D, 0xDA, 0x13, 0xE2, 0xCD, 0x4C, 0x8C, 0x4C, 0xE7, 0x8B, 0xBD, 0x3F, 0x25, 0x2D, 0xCE, 0x16,
    0x29, 0x59, 0xD7, 0x0B, 0x13, 0x95, 0x1A, 0x63, 0x4E, 0xD7, 0x21, 0x71, 0xC1, 0x10, 0x6F, 0x0A,
    0x01, 0xF2, 0x61, 0x62, 0xC6, 0x30, 0x4D, 0x47, 0x0A, 0xD1, 0x18, 0xA2, 0x15, 0x62, 0xDA, 0x23,
    0x71, 0x89, 0x7E, 0x35, 0x85, 0x41, 0x40, 0xAF, 0x98, 0x68, 0x60, 0x5B, 0x00, 0x51, 0x36, 0xE8,
    0x63, 0x80, 0xA8, 0x57, 0xAA, 0x5E, 0x13, 0xB1, 0x54, 0xE0, 0x3C, 0x80, 0x00, 0xCD, 0xFE, 0x63,
    0x45, 0x44, 0xC3, 0x97, 0x53, 0x75, 0xC7, 0x50, 0x20, 0x70, 0x5F, 0x0E, 0xC0, 0x95, 0xE1, 0x9D,
    0x3F, 0xBB, 0x0B, 0xAC, 0xC9, 0xD8, 0x54, 0x7B, 0x35, 0x33, 0xC6, 0x2B, 0x66, 0x5C, 0x29, 0x36,
    0x03, 0xFA, 0xE9, 0x9F, 0xD7, 0x5F, 0xBE, 0x33, 0x46, 0x21, 0xCB, 0x29, 0xC7, 0x3C, 0x8F, 0x72,
    0xDF, 0x5A, 0x46, 0x3A, 0x4E, 0x3A, 0x56, 0x3A, 0x5E, 0x06, 0xCC, 0x74, 0xDC, 0xB4, 0x94, 0xE5,
    0xA7, 0x65, 0xA8, 0xE3, 0xA8, 0x63, 0xA9, 0xE3, 0xA9, 0x63, 0xAA, 0xE3, 0xAA, 0xB0, 0xD5, 0xF1,
    0xD5, 0x31, 0xD6, 0x71, 0xD6, 0xB1, 0xD6, 0xF1, 0xD6, 0x31, 0xD7, 0x71, 0xD7, 0xB2, 0xB7, 0xB0,
    0xFC, 0x5D, 0x18, 0x06, 0xC3, 0x41, 0xC2, 0x61, 0xF0, 0xF9, 0xC2, 0x62, 0x8D, 0x7A, 0x4D, 0xAF,
    0xAF, 0x75, 0x27, 0x4C, 0xFE, 0x19, 0xC0, 0x0B, 0x73, 0x39, 0x82, 0x6B, 0x01, 0x9B, 0x87, 0x77,
    0x09, 0xD8, 0x90, 0x4F, 0x53, 0x3C, 0xFD, 0x0C, 0x37, 0xD3, 0xDF, 0xA3, 0x85, 0xFC, 0x09, 0xF2,
    0xF6, 0x67, 0x70, 0xA5, 0xE9, 0xFF, 0xC0, 0x87, 0x10, 0x67, 0xEC, 0xE1, 0x21, 0x35, 0x1C, 0x8C,
    0x5D, 0x80, 0x2E, 0x57, 0x28, 0x43, 0xEC, 0xC2, 0x80, 0xF0, 0xBF, 0x52, 0x18, 0x12, 0x40, 0x37,
    0x96, 0x82, 0xDE, 0xBC, 0xC1, 0xC0, 0x22, 0xD5, 0x14, 0x6B, 0x20, 0xB3, 0xEB, 0x81, 0x62, 0x82,
    0x0A, 0x47, 0xB4, 0x40, 0xD8, 0x6D, 0x8C, 0xEB, 0x2A, 0x5B, 0x71, 0x04, 0x11, 0xA8, 0x40, 0x8D,
    0x38, 0x58, 0xA3, 0x76, 0x68, 0x8C, 0x65, 0x08, 0x70, 0xB5, 0x3E, 0x12, 0x11, 0x4D, 0x08, 0x97,
    0x53, 0xC2, 0xD5, 0x39, 0xC9, 0x3D, 0xFD, 0x10, 0x47, 0x10, 0xA5, 0x8D, 0xDD, 0xA6, 0x1F, 0x2F,
    0xF9, 0xDB, 0x3D, 0x3A, 0xB2, 0x86, 0x0E, 0x14, 0xD4, 0x6F, 0xEA, 0x38, 0xF7, 0x9C, 0xBA, 0xCE,
    0x7D, 0xE7, 0xCE, 0x73, 0xEF, 0xC5, 0xF9, 0xB0, 0x8F, 0xCC, 0xE9, 0x37, 0x29, 0x7D, 0x9E, 0x30,
    0xA2, 0xB3, 0xA7, 0xCB, 0xB5, 0x91, 0x01, 0xB9, 0x36, 0xFA, 0x82, 0x43, 0x9C, 0xDE, 0x39, 0xB0,
    0x1A, 0x7E, 0x47, 0x50, 0xBF, 0xA4, 0x6D, 0xA3, 0x65, 0x3B, 0xA4, 0xB8, 0x3D, 0x8A, 0xE8, 0xD7,
    0xA4, 0x28, 0x1D, 0xF1, 0xC5, 0x9C, 0x97, 0xAE, 0x9A, 0xD2, 0xA5, 0x71, 0x37, 0xC1, 0x93, 0x91,
    0xB2, 0xB2, 0xD7, 0x0A, 0xFD, 0x12, 0x39, 0x5C, 0x1C, 0x55, 0x8C, 0x23, 0xA1, 0x48, 0x2B, 0x45,
    0x0B, 0x9B, 0x0F, 0xD0, 0x95, 0xBC, 0x83, 0xA0, 0x2C, 0x07, 0xA7, 0x09, 0x1B, 0xB4, 0xE7, 0x16,
    0x37, 0x5A, 0xCB, 0x06, 0x55, 0x05, 0x79, 0x31, 0xA0, 0x15, 0x12, 0x03, 0x7A, 0x16, 0x80, 0xBA,
    0xA1, 0x51, 0x2B, 0xB9, 0xFB, 0xA0, 0x70, 0x38, 0x66, 0x72, 0xFA, 0xF9, 0x31, 0x1C, 0xF5, 0xB2,
    0xEB, 0x33, 0x77, 0x5A, 0xB8, 0x61, 0x98, 0x45, 0xFD, 0x63, 0xA7, 0xCF, 0x30, 0xD3, 0x7B, 0x1E,
    0x77, 0x6B, 0x00, 0x28, 0xA3, 0x60, 0xE1, 0xD0, 0x38, 0x70, 0x20, 0xAD, 0xE2, 0x91, 0xE0, 0x50,
    0x50, 0xB7, 0x70, 0x2C, 0x3C, 0x18, 0x1E, 0x0D, 0x0F, 0x87, 0xBD, 0x68, 0x45, 0xDB, 0x25, 0x29,
    0xFF, 0x8A, 0x14, 0x7F, 0x49, 0x9E, 0xBA, 0x12, 0x89, 0xD0, 0xA8, 0x68, 0x58, 0x3C, 0x2E, 0x1E,
    0x18, 0x8F, 0x4C, 0xE2, 0x19, 0x1A, 0x9B, 0x0C, 0x4E, 0x3D, 0x8F, 0x30, 0x02, 0xB8, 0xAE, 0xD4,
    0x07, 0x73, 0x38, 0xEE, 0x27, 0xE8, 0x5A, 0xB2, 0x7B, 0x66, 0x30, 0x14, 0x76, 0x27, 0xCD, 0x09,
    0xC3, 0x78, 0x02, 0xC2, 0xA0, 0xEE, 0x72, 0x7F, 0xB9, 0xC3, 0xDC, 0x63, 0xEE, 0xB2, 0x08, 0x80,
    0x73, 0x85, 0x6D, 0xBD, 0x3E, 0xBB, 0x62, 0x60, 0xB8, 0x5D, 0x19, 0x68, 0xDA, 0xB6, 0x99, 0xDC,
    0x3A, 0x6D, 0x2C, 0x4F, 0x40, 0x16, 0x5E, 0xA7, 0xB9, 0x87, 0x27, 0x6E, 0x4F, 0xEC, 0xFA, 0x19,
    0x96, 0xC8, 0xD4, 0x04, 0xEB, 0x6C, 0xF9, 0xD6, 0xF8, 0xAD, 0xFD, 0x3B, 0x08, 0x10, 0x14, 0xD8,
    0x2B, 0x18, 0x08, 0x62, 0xBC, 0x12, 0xAA, 0x62, 0x8A, 0x04, 0xEA, 0x61, 0x4E, 0x88, 0x4A, 0x57,
    0x13, 0x4F, 0xAE, 0x87, 0xF7, 0x95, 0x8B, 0x97, 0x61, 0xEC, 0x8C, 0x91, 0x38, 0x7C, 0x24, 0x88,
    0x03, 0x30, 0x00, 0x96, 0x66, 0xDD, 0xCC, 0xAB, 0x54, 0x02, 0xEF, 0x05, 0x49, 0x15, 0xF6, 0x96,
    0xC4, 0x0D, 0x48, 0x3F, 0x1B, 0x64, 0x08, 0x46, 0xE6, 0x2B, 0xE4, 0x09, 0x8C, 0xFC, 0x98, 0xD8,
    0x92, 0xE0, 0xF0, 0x90, 0x27, 0x09, 0x06, 0xD9, 0x48, 0xC4, 0x47, 0x8A, 0xE3, 0x79, 0xF1, 0xED,
    0x7A, 0x30, 0xC9, 0x8D, 0x89, 0x0A, 0x72, 0x09, 0x14, 0x98, 0x57, 0x86, 0x5D, 0xCA, 0x70, 0x4C,
    0x19, 0xA6, 0x29, 0xC3, 0x37, 0x2F, 0x47, 0x12, 0xEE, 0x8D, 0xB4, 0x03, 0xC3, 0x89, 0x96, 0x23,
    0x04, 0x0E, 0x25, 0x55, 0x42, 0xA7, 0x46, 0x85, 0xB8, 0x97, 0x2E, 0xE0, 0x4A, 0x90, 0xD9, 0xC5,
    0xB8, 0x51, 0x03, 0xFA, 0xB8, 0x17, 0x27, 0xC5, 0xD9, 0x51, 0xED, 0xB8, 0x55, 0xA6, 0xEB, 0xDC,
    0x77, 0xE9, 0x3C, 0xF5, 0x9E, 0xBA, 0xCF, 0xFD, 0x97, 0x01, 0xF0, 0x08, 0xC6, 0x43, 0x38, 0xB3,
    0x0A, 0x1E, 0x61, 0x0A, 0x9C, 0x71, 0x29, 0x63, 0x81, 0xE1, 0x41, 0x83, 0xEC, 0xA2, 0x2C, 0xAD,
    0x57, 0x59, 0x8F, 0x09, 0x45, 0x43, 0x0C, 0x9E, 0x1A, 0x06, 0x0F, 0x77, 0x7D, 0x06, 0xA3, 0xCA,
    0xE1, 0x18, 0xA0, 0x7F, 0x07, 0x7F, 0x41, 0x15, 0x94, 0x35, 0x6E, 0x7A, 0xDC, 0x74, 0x38, 0xC6,
    0x16, 0x7B, 0xB3, 0xC2, 0xDD, 0x05, 0x6E, 0xA4, 0x2B, 0x35, 0xF6, 0xA4, 0xC4, 0x8E, 0x5C, 0xF2,
    0x98, 0x73, 0x25, 0x60, 0xCE, 0xD2, 0x54, 0x52, 0x52, 0x3A, 0x15, 0x49, 0x1B, 0x99, 0xB3, 0x26,
    0xE6, 0x0C, 0x8F, 0xC6, 0x1C, 0x62, 0xA9, 0xE6, 0xA0, 0x4D, 0xF7, 0x66, 0x2B, 0x79, 0xEB, 0x2F,
    0x02, 0x76, 0x55, 0xB8, 0x65, 0x95, 0x6B, 0x38, 0xA0, 0x77, 0xDD, 0x8C, 0x0E, 0x0D, 0x9C, 0xA5,
    0xF8, 0xC3, 0x0C, 0xCF, 0xF1, 0x93, 0x37, 0x61, 0xF3, 0xB7, 0xB9, 0xF1, 0x48, 0xEF, 0x5F, 0x3C,
    0x3B, 0xE0, 0x4C, 0xDD, 0x15, 0xF8, 0xA5, 0x0E, 0x73, 0x8F, 0xB9, 0xCB, 0xDC, 0x67, 0x71, 0xA3,
    0xDB, 0x7A, 0x7D, 0xB6, 0x1D, 0xE5, 0x95, 0x63, 0x03, 0x5C, 0x2B, 0x41, 0xB2, 0x86, 0xCB, 0x36,
    0x0C, 0x52, 0xA4, 0x70, 0x28, 0xE0, 0xE3, 0x69, 0x41, 0x51, 0xEB, 0x52, 0x6A, 0x37, 0xE2, 0xB0,
    0x50, 0xAA, 0xF0, 0x0D, 0xB5, 0x33, 0xCC, 0xD0, 0x38, 0x72, 0x98, 0x51, 0x7C, 0xDC, 0x2B, 0x02,
    0xCE, 0xAC, 0x43, 0xB3, 0x68, 0xA9, 0x52, 0x93, 0x81, 0x04, 0xB0, 0x85, 0xF1, 0x17, 0x54, 0xB9,
    0x81, 0xC0, 0x9E, 0xDA, 0x04, 0xDA, 0x9E, 0x73, 0x15, 0xB2, 0xA3, 0x0C, 0xF2, 0x6E, 0xB8, 0x58,
    0x0C, 0xC2, 0x02, 0xFE, 0xDC, 0x41, 0xDD, 0x9D, 0x52, 0x28, 0xBC, 0x92, 0xEC, 0xAF, 0x60, 0xA6,
    0xE0, 0x88, 0x27, 0xCC, 0x03, 0x05, 0x49, 0xF4, 0xD5, 0xD3, 0x1D, 0xE3, 0x6B, 0x02, 0x46, 0x02,
    0xD2, 0xC9, 0x10, 0xB6, 0xAE, 0xEC, 0x35, 0x7A, 0xF5, 0xDB, 0x8F, 0x37, 0xE7, 0x31, 0xE7, 0x35,
    0x91, 0xB9, 0x01, 0x2D, 0x02, 0xBA, 0x42, 0x82, 0xA9, 0x08, 0x39, 0x0D, 0x3C, 0x81, 0x31, 0x01,
    0x85, 0x4C, 0x49, 0x48, 0x3D, 0x5B, 0x26, 0x16, 0x01, 0x01, 0x52, 0x14, 0x62, 0x8A, 0xC7, 0x10,
    0xD8, 0xA3, 0x0F, 0x1A, 0x84, 0x40, 0xDE, 0x20, 0x8F, 0x88, 0x39, 0x77, 0xD1, 0xFB, 0x4C, 0x25,
    0x49, 0x96, 0xFA, 0x52, 0xC3, 0xF5, 0x54, 0x76, 0x31, 0xF8, 0x1D, 0x67, 0x42, 0x97, 0xEF, 0xDC,
    0xFC, 0xE6, 0xF0, 0xE1, 0x05, 0x5B, 0x0B, 0x53, 0xE3, 0x52, 0x9F, 0x75, 0xD2, 0xE5, 0xC9, 0x3F,
    0xB7, 0x5F, 0x39, 0x8F, 0x5E, 0x8D, 0x4F, 0xF8, 0x82, 0x05, 0x82, 0x1B, 0x2B, 0x4C, 0xE6, 0x20,
    0xA1, 0x85, 0xD1, 0x42, 0x2E, 0x07, 0x96, 0x05, 0x3C, 0x4A, 0xCD, 0x1B, 0xE8, 0xB2, 0xAF, 0x75,
    0x57, 0x63, 0xF2, 0xB3, 0xC2, 0x72, 0xF2, 0x91, 0x77, 0xA5, 0x17, 0x31, 0x58, 0x88, 0xE8, 0xAD,
    0xEE, 0x99, 0x0F, 0xEF, 0x99, 0x4F, 0x34, 0xE1, 0xCD, 0xEC, 0xA6, 0x09, 0x66, 0x69, 0x83, 0x02,
    0x20, 0xE6, 0x33, 0x53, 0xEB, 0x9E, 0xD4, 0xA7, 0xA0, 0x94, 0x8B, 0x32, 0x2E, 0xB8, 0x0E, 0x44,
    0x16, 0xBA, 0xCB, 0x80, 0xAA, 0x26, 0xA2, 0xEF, 0xDE, 0x6B, 0x42, 0xFE, 0x19, 0x8D, 0x22, 0x5F,
    0x9A, 0xCD, 0xBC, 0x0A, 0xED, 0xBC, 0x0A, 0xBE, 0xA5, 0x83, 0xF7, 0xF8, 0xB7, 0xB1, 0x2E, 0x40,
    0xD3, 0x63, 0xBD, 0xC0, 0x18, 0x05, 0xD3, 0x54, 0x33, 0x7A, 0xF3, 0x86, 0xF4, 0x16, 0x50, 0xBD,
    0xD6, 0x0B, 0x1C, 0xEB, 0x5A, 0x49, 0x51, 0xEF, 0x47, 0xE4, 0x5F, 0x28, 0xDD, 0x6D, 0x82, 0x0D,
    0xE5, 0xC1, 0x08, 0x22, 0x53, 0xD4, 0x01, 0x02, 0x03, 0xDC, 0x2C, 0xF4, 0x00, 0xC3, 0x81, 0x61,
    0x00, 0x55, 0xCD, 0x47, 0x05, 0xF4, 0x72, 0x71, 0xAD, 0x80, 0xCB, 0xD7, 0xAB, 0x64, 0xA8, 0x60,
    0x03, 0xF0, 0xC7, 0x9B, 0x68, 0xFD, 0xD7, 0x90, 0xE1, 0xEB, 0x16, 0x76, 0x61, 0xD3, 0x80, 0x92,
    0x43, 0x77, 0x0A, 0xEC, 0x16, 0x15, 0x1C, 0xD4, 0x75, 0xD8, 0x64, 0x2D, 0x4A, 0xAA, 0x43, 0xAA,
    0x87, 0xCD, 0xBC, 0x87, 0x5E, 0xA4, 0x6B, 0xDC, 0x0C, 0x39, 0x16, 0x33, 0xA8, 0x44, 0x01, 0x92,
    0x34, 0x9B, 0x0E, 0x0C, 0x1A, 0x94, 0x36, 0x1B, 0x10, 0xB4, 0xD6, 0x58, 0x47, 0xE8, 0xD1, 0xD7,
    0xB5, 0x09, 0x25, 0xE9, 0xA5, 0x96, 0x38, 0xE7, 0x9A, 0x04, 0x42, 0xAB, 0x51, 0x83, 0x65, 0x64,
    0x68, 0x50, 0x72, 0xD0, 0x64, 0xFF, 0xC5, 0x4D, 0x41, 0xE3, 0xC6, 0x06, 0xBA, 0x90, 0xFE, 0x27,
    0x75, 0x71, 0x06, 0x3A, 0x86, 0x5D, 0xE3, 0x26, 0x3B, 0xA2, 0xEF, 0x2E, 0x48, 0xCF, 0x5D, 0x03,
    0xFD, 0x8B, 0xBF, 0xE0, 0x06, 0xCD, 0xA9, 0x21, 0x24, 0x33, 0x4D, 0xCB, 0x55, 0x96, 0x96, 0x60,
    0x0C, 0xBA, 0x9E, 0x6A, 0x4A, 0xCA, 0x4B, 0xE8, 0x29, 0x17, 0x48, 0x5A, 0xAE, 0x28, 0xD3, 0x10,
    0xBE, 0xD6, 0x6B, 0x1C, 0x44, 0x0A, 0x26, 0x57, 0xEA, 0x36, 0xD2, 0xED, 0x76, 0x5B, 0x58, 0x08,
    0xBC, 0x2E, 0x04, 0x38, 0x2A, 0xBF, 0x92, 0xAC, 0x12, 0xF9, 0x15, 0xB0, 0x5E, 0x0C, 0xA4, 0x13,
    0x7C, 0x95, 0x1A, 0xF9, 0x50, 0x6C, 0x2D, 0x2B, 0x83, 0x30, 0xA4, 0xBC, 0xDE, 0xBA, 0x72, 0xF8,
    0x2F, 0x0F, 0xC9, 0x31, 0xCD, 0xC9, 0x9B, 0xF4, 0x5C, 0x01, 0x49, 0xA9, 0x93, 0x05, 0x88, 0x07,
    0xFB, 0xBC, 0x80, 0x91, 0x65, 0xFA, 0x2B, 0x68, 0x41, 0x34, 0x6B, 0x45, 0x4E, 0xB4, 0x6C, 0x91,
    0x99, 0xD0, 0xA2, 0x5C, 0xE1, 0x7B, 0x6C, 0x87, 0x22, 0xC3, 0x16, 0x47, 0x4B, 0xB2, 0xC5, 0x31,
    0x03, 0x5B, 0x12, 0x62, 0x41, 0x4B, 0x00, 0xBC, 0x7C, 0x8E, 0xC0, 0xFB, 0xD8, 0x54, 0xBE, 0x4E,
    0x9E, 0x01, 0xF0, 0x4A, 0x66, 0x28, 0x40, 0xA1, 0xEC, 0x80, 0x6C, 0xC1, 0x4D, 0xA5, 0xBF, 0xB3,
    0xB8, 0x69, 0x8B, 0x1C, 0xB9, 0x85, 0x8E, 0xCC, 0x1A, 0x3E, 0x5F, 0xEC, 0x97, 0x87, 0x36, 0xA7,
    0x30, 0xE7, 0xA7, 0x11, 0x47, 0x5F, 0x30, 0x8C, 0x16, 0x24, 0x61, 0x1E, 0x75, 0x42, 0xC5, 0xF7,
    0xAF, 0x84, 0xE2, 0x91, 0x23, 0xC5, 0x63, 0x9F, 0x71, 0x41, 0x8D, 0x04, 0x4E, 0xBA, 0x04, 0xE3,
    0x47, 0x6F, 0x29, 0x1C, 0x00, 0x1F, 0x23, 0x3C, 0x70, 0x5C, 0x00, 0xE1, 0x0B, 0x1F, 0x5E, 0xD5,
    0x3D, 0x73, 0xA2, 0x33, 0x2A, 0x70, 0xE1, 0xC4, 0x09, 0x17, 0xD1, 0x6B, 0x35, 0x48, 0xD7, 0xBB,
    0x91, 0xD7, 0xA9, 0x65, 0xAE, 0x85, 0xCB, 0x41, 0x70, 0x7A, 0x61, 0xA1, 0x28, 0xC1, 0x66, 0x19,
    0xE4, 0x05, 0xCF, 0xCD, 0x48, 0x1D, 0x12, 0x63, 0x8C, 0x74, 0x30, 0xB5, 0x36, 0x13, 0x29, 0x71,
    0xA4, 0x01, 0x8E, 0x83, 0x62, 0x0D, 0x68, 0x29, 0xDA, 0x88, 0xC1, 0xE7, 0x62, 0xBC, 0x81, 0x6D,
    0x43, 0x07, 0x57, 0x14, 0x73, 0xA0, 0x2F, 0xC6, 0xA8, 0xE3, 0x8A, 0x2E, 0x72, 0x99, 0xBE, 0xE3,
    0x76, 0x10, 0x3B, 0x30, 0xA5, 0xD8, 0x86, 0x67, 0x36, 0xA8, 0x7F, 0xB6, 0xD3, 0x9D, 0x9F, 0xED,
    0xD4, 0x2E, 0x8E, 0x28, 0xFC, 0x54, 0xC7, 0x64, 0x3A, 0x26, 0xD1, 0x79, 0x79, 0xBB, 0x2B, 0x89,
    0xB4, 0x55, 0x27, 0x4B, 0xA5, 0x0F, 0x2C, 0xB5, 0xD8, 0xA4, 0xA6, 0xFF, 0x6B, 0xC8, 0xC4, 0x62,
    0x77, 0xEA, 0x28, 0xC3, 0x72, 0xC6, 0x63, 0x89, 0xC8, 0x6C, 0x54, 0x26, 0x13, 0xA2, 0xD0, 0xB5,
    0xE3, 0xC2, 0x44, 0x67, 0x5C, 0x8D, 0xC4, 0x6E, 0x23, 0x45, 0x7C, 0x23, 0x6B, 0x36, 0x9C, 0x93,
    0x68, 0x2D, 0x61, 0x8A, 0x58, 0xBD, 0x90, 0xA8, 0x6D, 0x8E, 0xBF, 0x17, 0x0E, 0x82, 0x2C, 0x0D,
    0xA5, 0x95, 0x2D, 0xB7, 0x0A, 0x1F, 0x3F, 0x02, 0x8A, 0x38, 0x79, 0x4C, 0x0E, 0xC9, 0xF0, 0xD2,
    0x4B, 0x1E, 0x6D, 0xF6, 0xE8, 0xD2, 0x47, 0x97, 0x3F, 0xBA, 0x04, 0xD2, 0x65, 0x90, 0x2E, 0x85,
    0x3C, 0x89, 0xB7, 0xA8, 0x95, 0x98, 0x98, 0xD7, 0x2B, 0xCE, 0xCB, 0x87, 0x43, 0x4E, 0xCB, 0x3B,
    0xC9, 0xCA, 0x7B, 0x49, 0xCA, 0x49, 0x2B, 0x35, 0x77, 0x2A, 0x19, 0x58, 0x2B, 0xD1, 0xA4, 0x51,
    0xEA, 0x88, 0x63, 0xC5, 0x58, 0x35, 0xCF, 0xA1, 0x56, 0xDA, 0x02, 0x86, 0xAB, 0x60, 0xB8, 0x12,
    0x06, 0x71, 0x2B, 0xD2, 0xA6, 0x88, 0x21, 0x9A, 0xAA, 0x8D, 0xA6, 0x62, 0xB0, 0xC8, 0xFA, 0x49,
    0x75, 0x8C, 0x85, 0xC1, 0x7F, 0xD1, 0xD4, 0x62, 0xA7, 0xA9, 0x0F, 0xA3, 0xA9, 0x06, 0x3F, 0xB1,
    0x68, 0x89, 0x9A, 0x8A, 0xF9, 0x56, 0x27, 0x85, 0xCB, 0x5E, 0x4A, 0x97, 0xA8, 0xA9, 0x58, 0xBC,
    0xC4, 0x4E, 0x01, 0xAF, 0x49, 0x53, 0xB1, 0x80, 0x19, 0x68, 0xEA, 0x39, 0xC7, 0xCF, 0xE7, 0xED,
    0x54, 0x16, 0x67, 0xA4, 0x4A, 0x78, 0xC4, 0xFA, 0x89, 0x5C, 0x62, 0xFD, 0x44, 0x3E, 0xB1, 0x7E,
    0x3A, 0xAD, 0x44, 0x5E, 0x6D, 0xE8, 0xE7, 0x0E, 0x49, 0x1F, 0x49, 0x3F, 0xB1, 0x84, 0x8B, 0xFA,
    0x89, 0xD5, 0x82, 0x4E, 0xAA, 0x06, 0xBD, 0xB4, 0xA8, 0x9F, 0xD8, 0x62, 0xA7, 0x66, 0x0D, 0xEB,
    0x27, 0x96, 0x73, 0x9F, 0x4D, 0xFF, 0x3E, 0xB3, 0xD3, 0xAF, 0xB3, 0xC6, 0xA7, 0x58, 0x53, 0x91,
    0x9A, 0x5A, 0x8A, 0x35, 0x95, 0xA8, 0x85, 0x29, 0x82, 0xEF, 0x7C, 0xFE, 0xA3, 0x6B, 0x6A, 0x90,
    0x94, 0x78, 0x79, 0x89, 0x97, 0x9A, 0x84, 0xD3, 0x3D, 0x89, 0x4B, 0x6B, 0xA2, 0xF5, 0xDF, 0xB8,
    0x45, 0x32, 0x96, 0xA7, 0x89, 0x76, 0xE4, 0x60, 0x15, 0x38, 0x3A, 0x61, 0xC6, 0xEE, 0xBA, 0xB3,
    0x19, 0x77, 0x62, 0xBB, 0x94, 0xC7, 0xD4, 0xD5, 0x58, 0x4C, 0x8E, 0x74, 0x33, 0xED, 0xA4, 0xFA,
    0x36, 0x49, 0x50, 0x5E, 0x70, 0x68, 0x6A, 0x2E, 0x40, 0x9A, 0xAA, 0x0B, 0x90, 0xA6, 0xEE, 0x82,
    0x82, 0x91, 0xCA, 0x0B, 0x38, 0x70, 0x53, 0x7B, 0x91, 0x5A, 0x54, 0x22, 0x2B, 0x71, 0x0C, 0xC9,
    0x95, 0x2A, 0xAC, 0xC0, 0x00, 0xD7, 0x4D, 0x0D, 0xE6, 0x58, 0x99, 0x2A, 0xCC, 0x4F, 0xCD, 0x54,
    0x6D, 0x42, 0xA2, 0xB0, 0x95, 0x18, 0xAF, 0x16, 0xE3, 0x55, 0x63, 0xFC, 0x7A, 0x8C, 0x57, 0x91,
    0xF1, 0x6B, 0x32, 0x0F, 0x59, 0x95, 0xD9, 0xA8, 0xCE, 0x78, 0xE5, 0x14, 0xAF, 0xC4, 0xE2, 0x95,
    0x5D, 0x4E, 0xAD, 0xD2, 0x6C, 0x1C, 0xE0, 0xFD, 0xCC, 0x3B, 0x59, 0xBD, 0xF5, 0xC2, 0x1B, 0xAF,
    0xC4, 0x89, 0xC8, 0x17, 0x97, 0x97, 0xF1, 0xF9, 0x39, 0x9F, 0x9F, 0xF5, 0xF9, 0x79, 0x9F, 0x9F,
    0xF9, 0xF9, 0xB9, 0x9F, 0x9F, 0xFD, 0x6D, 0x4D, 0x36, 0x37, 0x13, 0x87, 0x2F, 0xBC, 0xA9, 0x07,
    0x6F, 0x64, 0x89, 0x56, 0x01, 0x6D, 0xD4, 0x06, 0x69, 0xA3, 0x37, 0xA8, 0x58, 0x46, 0x71, 0x30,
    0xA0, 0x33, 0x9A, 0x83, 0x76, 0x66, 0x55, 0x07, 0xB3, 0xC2, 0xD6, 0xD2, 0xBD, 0xA5, 0x21, 0x33,
    0xB4, 0xDA, 0xF3, 0x2A, 0x7F, 0x8E, 0xA2, 0xC6, 0xEC, 0xD0, 0xD3, 0x1F, 0x5F, 0x81, 0x7C, 0x0D,
    0xF2, 0x55, 0xC8, 0xD7, 0xA1, 0x40, 0x89, 0x7C, 0x2D, 0x0A, 0xD4, 0xE8, 0xD1, 0xF4, 0x68, 0x2C,
    0x52, 0x4F, 0xD2, 0xBE, 0x02, 0xF8, 0x7A, 0xF1, 0xCD, 0xFA, 0x34, 0x3A, 0xC6, 0xFF, 0xAD, 0x7F,
    0xCE, 0x5A, 0x9D, 0xAE, 0x56, 0x5C, 0x65, 0x37, 0x6B, 0xFB, 0xCA, 0x5B, 0x52, 0xD8, 0x93, 0xB5,
    0x35, 0xFC, 0xDD, 0x3F, 0xF8, 0xF1, 0x78, 0xCD, 0x2C, 0x2B, 0x39, 0xB3, 0x7E, 0x3E, 0x3C, 0xDB,
    0x3E, 0x17, 0xEE, 0xB4, 0x0F, 0x1B, 0xC2, 0x7B, 0x84, 0xF0, 0xD9, 0x4D, 0x5C, 0x8F, 0xCA, 0x11,
    0x23, 0x35, 0x88, 0xFA, 0x28, 0x74, 0xAC, 0xFB, 0x74, 0xD4, 0xE4, 0xBC, 0x57, 0x53, 0x83, 0xF5,
    0x42, 0x00, 0x7C, 0x5E, 0xE6, 0x2A, 0x4D, 0x81, 0x55, 0x43, 0x90, 0x1B, 0xD6, 0x0D, 0x01, 0x11,
    0xB1, 0x72, 0xA8, 0xAB, 0x13, 0x18, 0x34, 0x91, 0x01, 0xB0, 0xA6, 0xE7, 0x4B, 0xBF, 0x99, 0x6F,
    0xFB, 0x91, 0x7C, 0x18, 0x1E, 0x29, 0x3F, 0xDF, 0xDB, 0x81, 0xFC, 0x79, 0x00, 0xF9, 0x1D, 0x7E,
    0x9E, 0x59, 0xFC, 0xCC, 0x57, 0xDE, 0x9A, 0xDC, 0x88, 0x0D, 0x28, 0x62, 0xC5, 0x8E, 0x44, 0xA9,
    0x87, 0xD7, 0xBD, 0xBA, 0x1D, 0xAF, 0x5A, 0x83, 0x23, 0x8B, 0x6D, 0x41, 0xFD, 0x8B, 0x3C, 0xEB,
    0xD6, 0xFB, 0xEA, 0x2F, 0x02, 0x47, 0xB5, 0xFF, 0xD1, 0x55, 0x62, 0x5F, 0xD6, 0x9A, 0x05, 0x7F,
    0xB6, 0x3E, 0x5D, 0x98, 0xA6, 0xE6, 0x86, 0xE3, 0x7D, 0x2C, 0xFB, 0x83, 0xB2, 0xCB, 0x92, 0xFB,
    0x9A, 0x83, 0x4E, 0x2C, 0xFE, 0x43, 0x27, 0xB0, 0xFC, 0x8F, 0x4B, 0x1F, 0xAA, 0xB9, 0x1E, 0xC2,
    0x4E, 0x9C, 0xE7, 0x49, 0xBF, 0xA7, 0x60, 0xF2, 0xED, 0xBB, 0xCD, 0x7A, 0x3D, 0x87, 0xAB, 0xB8,
    0xD7, 0xB8, 0x8A, 0xFB, 0xDF, 0x74, 0xF9, 0xD1, 0xFA, 0x40, 0xDD, 0x7E, 0xDC, 0x73, 0x5C, 0x51,
    0xB1, 0x8F, 0x6B, 0x53, 0x6B, 0x90, 0x62, 0x0B, 0x9A, 0x40, 0x1B, 0xD8, 0xAD, 0x54, 0x5C, 0x6D,
    0xCB, 0x2B, 0x66, 0xAE, 0xBE, 0x6F, 0x41, 0x3E, 0xBF, 0x6D, 0x29, 0xB5, 0x49, 0x65, 0xFF, 0xEE,
    0xCA, 0x69, 0x76, 0x42, 0xD1, 0x52, 0xB9, 0xED, 0xCF, 0x25, 0xE8, 0xB8, 0x35, 0xC9, 0x4C, 0x56,
    0xB8, 0x4F, 0x90, 0x42, 0xE3, 0x8A, 0x35, 0xD5, 0xE7, 0x21, 0x6D, 0xC3, 0x84, 0x97, 0x05, 0x00,
    0x1A, 0x95, 0xDE, 0xA1, 0x95, 0x13, 0x31, 0xE9, 0xF0, 0x0D, 0x6D, 0x96, 0x03, 0x5D, 0xC1, 0x6C,
    0x1B, 0x87, 0x1A, 0xD3, 0x62, 0x1D, 0xD4, 0x55, 0x38, 0xCF, 0x17, 0x94, 0xB5, 0xC7, 0x34, 0x4B,
    0x40, 0x33, 0x4D, 0xFA, 0x18, 0xED, 0xBD, 0xC6, 0xC5, 0xB1, 0x15, 0xBA, 0x2F, 0x34, 0xA0, 0x35,
    0xA4, 0x80, 0xC5, 0x04, 0xEF, 0x45, 0x90, 0x79, 0x80, 0xC5, 0x14, 0x54, 0x8F, 0x64, 0xBE, 0xC0,
    0x39, 0x22, 0x12, 0x3A, 0x72, 0x7D, 0x56, 0xD1, 0xA5, 0x41, 0xA0, 0x39, 0xCE, 0xCF, 0x1F, 0xA2,
    0xC9, 0xBA, 0xF9, 0x27, 0x47, 0x09, 0xA4, 0xE0, 0xB4, 0x55, 0xE5, 0xCF, 0x4E, 0x99, 0x35, 0xAD,
    0xC1, 0x02, 0x22, 0x7B, 0x67, 0x83, 0x81, 0xBA, 0xBF, 0x12, 0x9B, 0x7D, 0xE7, 0xEE, 0x20, 0xF7,
    0x51, 0x98, 0x75, 0x48, 0xDA, 0x02, 0x5B, 0x66, 0xA9, 0x58, 0x6B, 0x93, 0x1F, 0x4E, 0x7E, 0x73,
    0x7B, 0x3B, 0xDA, 0xEF, 0x24, 0x68, 0x24, 0xA8, 0x94, 0x91, 0x20, 0xB1, 0xF8, 0x90, 0x67, 0x59,
    0xC7, 0x32, 0x3A, 0x9D, 0xFA, 0xE1, 0x25, 0x18, 0xEB, 0x71, 0xB8, 0x94, 0x7E, 0x39, 0x9E, 0x19,
    0xB1, 0xC4, 0xF4, 0xFE, 0x62, 0x54, 0x2C, 0x99, 0x1B, 0x22, 0x6D, 0x83, 0x4A, 0x49, 0x08, 0x0A,
    0x95, 0x7F, 0x83, 0xCC, 0x8D, 0x8A, 0x05, 0x30, 0x43, 0xAC, 0xE3, 0x05, 0x27, 0x1D, 0x31, 0x61,
    0xCA, 0xEB, 0x82, 0x68, 0xEA, 0x6C, 0xA0, 0x08, 0xBE, 0xD4, 0x5F, 0xF1, 0x74, 0xAA, 0x1E, 0xB0,
    0x74, 0x92, 0x75, 0x38, 0xB9, 0x49, 0x11, 0xF6, 0x0C, 0x57, 0x6C, 0xAF, 0x80, 0x48, 0xB1, 0x52,
    0xD2, 0xC0, 0x57, 0x73, 0xF4, 0x10, 0x6B, 0x88, 0x3C, 0x01, 0xE5, 0x1F, 0x50, 0x98, 0x96, 0xDF,
    0x97, 0x45, 0xFF, 0x79, 0x23, 0x01, 0x77, 0xD9, 0x64, 0xE4, 0xE0, 0xE0, 0x6A, 0x53, 0x84, 0xB0,
    0x23, 0xBC, 0xEC, 0x41, 0x15, 0x08, 0xC1, 0x12, 0xF9, 0x26, 0xD1, 0x8E, 0x23, 0x52, 0xAB, 0xF3,
    0x36, 0x1A, 0xDD, 0x72, 0xC7, 0xC4, 0x30, 0xE6, 0xF0, 0xD4, 0x7C, 0x12, 0x17, 0xBB, 0x4A, 0xCB,
    0xB9, 0x08, 0xC2, 0x77, 0xC2, 0x7A, 0x8A, 0xCB, 0x62, 0x7B, 0x6E, 0x0D, 0x16, 0xDE, 0xD0, 0x66,
    0x44, 0xFA, 0xB9, 0xDE, 0x42, 0xE6, 0x9F, 0xD9, 0x03, 0xCC, 0xCD, 0x6E, 0xCF, 0x42, 0x9C, 0x11,
    0x55, 0xE6, 0xAB, 0x59, 0x6B, 0xBC, 0x14, 0x68, 0x42, 0x6E, 0x73, 0x11, 0xF1, 0x52, 0x69, 0x67,
    0xBC, 0x54, 0x7C, 0xF8, 0x9D, 0xBC, 0xD4, 0x33, 0xE0, 0xF9, 0x7F, 0x70, 0x9E, 0xC2, 0x6F, 0xEC,
    0xBC, 0x89, 0x9B, 0xD9, 0x70, 0xA8, 0xE0, 0x28, 0xF7, 0x6D, 0x74, 0xF8, 0x30, 0x16, 0xB4, 0x93,
    0xD6, 0xF7, 0x21, 0xAD, 0xA7, 0x3F, 0x76, 0x7A, 0x4D, 0x88, 0x78, 0x2D, 0xB1, 0x53, 0xA2, 0xC5,
    0x37, 0x25, 0x5A, 0x62, 0xA7, 0x64, 0x30, 0x7A, 0x77, 0xFB, 0xBB, 0xC6, 0x4E, 0xCF, 0x86, 0x2B,
    0xDC, 0x77, 0xAE, 0xB0, 0xAC, 0xAC, 0x2B, 0xE4, 0xFB, 0x0B, 0x49, 0x9D, 0x90, 0x14, 0x57, 0x48,
    0x3A, 0xC3, 0xAE, 0xF0, 0x60, 0xC7, 0xA8, 0x47, 0x67, 0xD4, 0xF7, 0x17, 0x33, 0xC8, 0xEB, 0x25,
    0x8B, 0xAF, 0x5A, 0x1E, 0xAD, 0x01, 0x1D, 0x7D, 0xB5, 0x1F, 0x53, 0x91, 0xB6, 0xE9, 0xD5, 0x4B,
    0xF1, 0xE1, 0x53, 0x8A, 0xBB, 0x4F, 0x57, 0x85, 0xE3, 0x59, 0x92, 0xCC, 0x53, 0x53, 0xB9, 0x38,
    0x31, 0x7E, 0x21, 0x69, 0x11, 0x45, 0xD2, 0x4A, 0x3B, 0x23, 0x23, 0xFC, 0x7C, 0x27, 0xAD, 0x27,
    0x57, 0x67, 0xBA, 0x68, 0x70, 0x32, 0xFF, 0x50, 0xDC, 0x47, 0xFD, 0xAF, 0x7A, 0x44, 0xE4, 0x1F,
    0x0E, 0xA3, 0x83, 0xD5, 0xAE, 0x86, 0xF4, 0xAD, 0xE3, 0xA0, 0xA8, 0xDA, 0xB7, 0x46, 0xD2, 0x94,
    0x86, 0x6B, 0xF3, 0xCE, 0xD6, 0x25, 0x3C, 0x32, 0x6D, 0x6B, 0x43, 0xC6, 0xD5, 0x37, 0x3A, 0xBE,
    0x5D, 0xA9, 0xE1, 0xA1, 0x4A, 0x0D, 0x3B, 0x01, 0x9C, 0xE3, 0x5A, 0xCF, 0xE6, 0xAB, 0x77, 0xC5,
    0xBA, 0x4D, 0x2A, 0x76, 0xBC, 0x77, 0xD7, 0x9D, 0x1A, 0x2F, 0xA6, 0xDF, 0x6E, 0x37, 0xA8, 0xFA,
    0xE7, 0x06, 0x29, 0xF6, 0xA3, 0x6A, 0x17, 0xE9, 0xFD, 0x90, 0x73, 0x59, 0x76, 0x8A, 0xAA, 0xAE,
    0xC6, 0xEB, 0x8E, 0xCA, 0x22, 0x58, 0x0F, 0x04, 0xCA, 0xFA, 0x5B, 0x31, 0xBB, 0xEC, 0x73, 0x11,
    0x71, 0xFE, 0xB9, 0x74, 0x6F, 0xFE, 0x99, 0xF4, 0x78, 0x52, 0x5C, 0xDF, 0xB9, 0xB3, 0xC7, 0x39,
    0x25, 0x32, 0x73, 0x0B, 0x54, 0xB2, 0x66, 0x1B, 0x39, 0x5F, 0x39, 0x83, 0x29, 0x5C, 0xC1, 0x3D,
    0x77, 0x93, 0x95, 0x56, 0xB4, 0xB3, 0xDE, 0x7B, 0x1A, 0x8E, 0x15, 0xAF, 0x3A, 0xDC, 0xDF, 0x81,
    0xF0, 0x63, 0x07, 0xE1, 0x9D, 0xDC, 0x76, 0xCE, 0x33, 0x74, 0x62, 0x9E, 0x1F, 0x33, 0x3B, 0x34,
    0xD5, 0x75, 0x89, 0xD1, 0x9D, 0xBC, 0x59, 0x4A, 0x77, 0x88, 0x8A, 0x43, 0x4B, 0x69, 0x7D, 0x91,
    0xF8, 0xB4, 0xD4, 0x3C, 0x2A, 0xE5, 0x06, 0xAF, 0xF6, 0x61, 0x60, 0x47, 0xCF, 0x36, 0xE3, 0x15,
    0x3F, 0xE2, 0xDC, 0xD4, 0x65, 0x1A, 0x3C, 0xFB, 0x37, 0x6C, 0x1B, 0xE3, 0xE2, 0x18, 0x6A, 0xC5,
    0xCB, 0xF1, 0xF3, 0x60, 0xC4, 0xD1, 0xE1, 0xD3, 0x1D, 0xAF, 0x8A, 0xAF, 0x53, 0xBF, 0xD0, 0x74,
    0xB7, 0xA7, 0xB9, 0x85, 0x13, 0x17, 0xAD, 0x19, 0x8F, 0xC7, 0x4F, 0x5F, 0x30, 0x2C, 0x2E, 0x94,
    0xCD, 0xCC, 0x88, 0xB3, 0x26, 0x39, 0xFB, 0xEF, 0x00, 0x2C, 0x43, 0x17, 0x77, 0xE2, 0xCE, 0x5E,
    0x00, 0xB9, 0x0B, 0xCF, 0x19, 0xD6, 0x4B, 0xCF, 0x1F, 0xE2, 0x2D, 0x23, 0xD6, 0x25, 0xE2, 0x04,
    0xA4, 0xF5, 0x8A, 0x07, 0x81, 0x63, 0x0C, 0x7D, 0x63, 0xE0, 0x1E, 0x03, 0x0F, 0x19, 0x3A, 0xC9,
    0xAD, 0x7E, 0xD2, 0xCC, 0xED, 0x83, 0xBF, 0x4A, 0x58, 0x60, 0xC4, 0xC7, 0x44, 0x9E, 0xA3, 0x87,
    0x5E, 0x2B, 0xE1, 0xB5, 0x55, 0x53, 0x8E, 0x42, 0xF8, 0xB9, 0x21, 0x28, 0x8C, 0x98, 0x9F, 0xB6,
    0xC7, 0xEE, 0xAB, 0xD8, 0xC3, 0x5B, 0x10, 0xD8, 0x83, 0xE1, 0xB1, 0xBD, 0x38, 0x31, 0x5A, 0x01,
    0x27, 0x7E, 0x0C, 0xBB, 0xB6, 0x16, 0x57, 0x86, 0x6B, 0x90, 0x8E, 0xC4, 0x9B, 0x5D, 0x96, 0x27,
    0x59, 0x3E, 0x60, 0x91, 0x80, 0x99, 0xDC, 0xB7, 0xB7, 0x4C, 0x28, 0xE3, 0xD6, 0x90, 0x13, 0xC6,
    0xB3, 0x1D, 0x13, 0x3B, 0xC9, 0xB9, 0xD1, 0x23, 0x39, 0xAD, 0x7F, 0x1B, 0x09, 0xC0, 0xA7, 0x8D,
    0xC8, 0x70, 0xD6, 0xD5, 0xD0, 0xF8, 0xA0, 0x37, 0xE3, 0xEE, 0xE6, 0x9D, 0xC3, 0x0E, 0x34, 0x69,
    0xE3, 0xF4, 0xB0, 0xBC, 0x60, 0xD0, 0x03, 0x0B, 0x0C, 0x69, 0xBF, 0x7D, 0x6D, 0xA6, 0x87, 0x25,
    0x3E, 0x98, 0x38, 0x37, 0x38, 0xF2, 0x84, 0xE7, 0xDD, 0x72, 0x28, 0x62, 0x34, 0x96, 0x43, 0x41,
    0xA3, 0xB1, 0x9C, 0xA0, 0x7C, 0x11, 0xEC, 0xE4, 0x2B, 0x6F, 0x67, 0x56, 0x6D, 0xB7, 0x29, 0xFF,
    0xD6, 0xFA, 0xDC, 0x7F, 0x44, 0x47, 0xEE, 0xAF, 0x6B, 0x74, 0xF1, 0xE4, 0xCE, 0x72, 0x1E, 0x93,
    0xE5, 0x6C, 0xD0, 0x9E, 0x24, 0x3C, 0xAF, 0xEB, 0xAD, 0x1A, 0x0B, 0xFC, 0xEE, 0x63, 0xB3, 0x1C,
    0xF3, 0x7A, 0xD3, 0xDF, 0xF1, 0xD7, 0xD7, 0xC7, 0xDE, 0xB2, 0x67, 0x7F, 0xF5, 0x86, 0x0A, 0x6F,
    0x41, 0xE0, 0xC8, 0x7F, 0x67, 0x87, 0x4F, 0xB9, 0x1D, 0xEE, 0xF4, 0xE0, 0x87, 0x8C, 0x64, 0xCE,
    0xAE, 0x1E, 0xF8, 0x37, 0xCB, 0x38, 0x05, 0x3E, 0x05, 0xD6, 0xBC, 0x85, 0xCE, 0x93, 0xE2, 0x61,
    0x42, 0xE5, 0x1D, 0xDE, 0x3F, 0x11, 0xBC, 0x9F, 0x8C, 0xF2, 0x99, 0xC0, 0x38, 0x41, 0x2C, 0xC6,
    0x3E, 0xCD, 0xE2, 0x57, 0x31, 0x51, 0x7B, 0x81, 0xB9, 0xBB, 0xF1, 0x03, 0xF9, 0x5D, 0x88, 0xA1,
    0x1A, 0xED, 0xAB, 0xC4, 0x56, 0xF1, 0x3E, 0xB1, 0x97, 0x61, 0xDF, 0x96, 0xD4, 0x40, 0x89, 0xF2,
    0x26, 0x92, 0x87, 0x46, 0xD2, 0x73, 0xD8, 0xF0, 0x8D, 0xFB, 0x6C, 0xB4, 0xE5, 0x0A, 0xDF, 0x74,
    0x87, 0x82, 0x29, 0xB2, 0xD5, 0xB4, 0x2F, 0xA6, 0x8B, 0x0F, 0x74, 0xA2, 0x37, 0x5B, 0x6F, 0xA4,
    0x57, 0x11, 0x3D, 0x7B, 0x52, 0x0C, 0x78, 0xAA, 0x5B, 0x7A, 0x2F, 0x3C, 0x1B, 0x0E, 0x4B, 0x70,
    0xF2, 0x37, 0x13, 0x9C, 0x25, 0x73, 0x96, 0x69, 0x40, 0xFD, 0xF7, 0x1A, 0xEF, 0xE9, 0xE8, 0x2C,
    0xAE, 0x57, 0x19, 0xBE, 0x0F, 0x43, 0x68, 0x1F, 0xA3, 0xFB, 0x18, 0xE0, 0xC7, 0x18, 0x3F, 0x36,
    0xEF, 0xB1, 0x85, 0x8F, 0x8D, 0x7C, 0x6C, 0xE7, 0x63, 0x53, 0x1F, 0x5B, 0xFB, 0x86, 0xC1, 0x8F,
    0x6D, 0x7E, 0x6C, 0xF6, 0x1B, 0x96, 0xBF, 0x61, 0xFC, 0x3B, 0xFD, 0xD8, 0xD0, 0x0F, 0x02, 0x7B,
    0x4F, 0x3F, 0x48, 0x08, 0x9E, 0x7E, 0x84, 0xF2, 0xFD, 0xAE, 0xFB, 0x67, 0x5C, 0x3F, 0xFC, 0x49,
    0xE6, 0xF1, 0x54, 0xF3, 0x26, 0x6A, 0x6D, 0xDB, 0x1F, 0x1F, 0xFF, 0x70, 0x4B, 0xE8, 0xBE, 0x79,
    0x69, 0xDD, 0x4E, 0x5F, 0x77, 0xFA, 0x7A, 0xDA, 0xF4, 0x85, 0xDA, 0x58, 0x24, 0x6E, 0xE7, 0x16,
    0x5C, 0x80, 0x3B, 0x33, 0x37, 0x32, 0x82, 0x44, 0x96, 0x32, 0xCF, 0x20, 0xFD, 0x58, 0xC9, 0x6C,
    0xC3, 0x05, 0xAC, 0xD8, 0xE1, 0x2D, 0x66, 0x3C, 0xE7, 0x00, 0xEA, 0x0C, 0xBE, 0x19, 0xDD, 0x02,
    0x05, 0x24, 0x7C, 0x97, 0x19, 0x78, 0x77, 0x8E, 0x49, 0xE6, 0x1D, 0xAD, 0x7D, 0x6C, 0x25, 0x2C,
    0x01, 0xEF, 0x9E, 0xA1, 0x4C, 0x24, 0x32, 0xC9, 0x49, 0x3E, 0x59, 0x27, 0xC1, 0x49, 0xD9, 0xE1,
    0x3B, 0x6F, 0x39, 0x3E, 0x89, 0x34, 0xBF, 0x5B, 0x17, 0xA2, 0xF0, 0xD4, 0xC4, 0x7D, 0xED, 0xBD,
    0x96, 0x36, 0x50, 0x09, 0xE6, 0x2B, 0xD6, 0xA5, 0x5E, 0xE7, 0x7A, 0x30, 0xE1, 0x0A, 0x78, 0xB4,
    0xA3, 0x99, 0x3F, 0x77, 0xB1, 0x55, 0x98, 0xA3, 0xDD, 0xFC, 0xF4, 0xDD, 0x50, 0xF0, 0x79, 0x68,
    0xD5, 0x59, 0x77, 0x1A, 0x06, 0xA4, 0xA3, 0xDD, 0x75, 0xB8, 0x1B, 0xAA, 0x8C, 0x1F, 0xD5, 0x8C,
    0x02, 0x9B, 0xCD, 0x5C, 0xF6, 0x74, 0x38, 0x50, 0x21, 0x1C, 0xEC, 0xA9, 0x00, 0x0E, 0xA6, 0xE6,
    0x6F, 0xBF, 0xD8, 0x47, 0x46, 0x07, 0x70, 0xC0, 0xCF, 0x55, 0x74, 0x70, 0x30, 0x97, 0xD2, 0x31,
    0xC1, 0x41, 0x5D, 0x51, 0x01, 0xB9, 0xB5, 0xF3, 0x86, 0xCB, 0x08, 0x2E, 0x84, 0x37, 0x2D, 0x30,
    0x1C, 0xA0, 0xE1, 0xD2, 0x73, 0xF0, 0x18, 0x0E, 0x00, 0x38, 0xF0, 0xCF, 0x2E, 0xE0, 0x8D, 0x89,
    0x04, 0x07, 0xF8, 0xF8, 0x98, 0x81, 0xB8, 0xC6, 0x70, 0x00, 0x40, 0x43, 0x33, 0x5C, 0x9D, 0xC0,
    0xC1, 0x5C, 0xFF, 0x07, 0xE8, 0xDF, 0x44, 0x37, 0x1E, 0x1C, 0x7C, 0xF9, 0x1E, 0x28, 0xFE, 0x08,
    0x0E, 0xEC, 0x3C, 0xE3, 0xFF, 0x49, 0x1A, 0x63, 0xE0, 0xE0, 0x5F, 0x24, 0x93, 0x11, 0x38, 0x18,
    0xA8, 0xF7, 0x43, 0xE1, 0x09, 0xF5, 0xE0, 0xCE, 0xBB, 0xC5, 0xB3, 0x05, 0x07, 0x8C, 0x06, 0xC6,
    0xFE, 0x23, 0xCA, 0x23, 0xAD, 0xFD, 0xCF, 0x75, 0x60, 0xFF, 0xC4, 0x3C, 0x6B, 0xFF, 0x53, 0x52,
    0x12, 0xB6, 0xFF, 0xF9, 0x8A, 0x1F, 0xE6, 0x28, 0xF6, 0x9F, 0xE1, 0x14, 0xE4, 0x61, 0x36, 0x88,
    0xFD, 0xA3, 0x8F, 0xC0, 0x64, 0x55, 0xEC, 0x3F, 0x6F, 0x12, 0xC2, 0x11, 0xB1, 0xFF, 0xBA, 0x49,
    0xE9, 0x59, 0x43, 0x62, 0xFF, 0xBA, 0xC1, 0x5B, 0x75, 0xD3, 0x81, 0xED, 0x1F, 0xD4, 0xB1, 0xEC,
    0x55, 0x54, 0xF7, 0xCE, 0xFE, 0x1F, 0xE0, 0x7D, 0xBB, 0xA1, 0xFD, 0x9B, 0x99, 0xCA, 0x75, 0x68,
    0xFF, 0x6D, 0xCE, 0xEE, 0x40, 0xEC, 0xBF, 0x9A, 0xF2, 0x5F, 0x64, 0xB2, 0xF6, 0xBF, 0x77, 0x07,
    0x6F, 0xED, 0x3D, 0x7F, 0xF6, 0x1F, 0xBC, 0xEE, 0x85, 0xBB, 0x71, 0x78, 0x22, 0x73, 0x8F, 0xFB,
    0x89, 0xFB, 0xD1, 0xE8, 0x78, 0x9C, 0xDD, 0xD9, 0xE1, 0xCB, 0x06, 0xBE, 0x50, 0xFA, 0xE4, 0xE1,
    0x0B, 0xA6, 0x4F, 0x3E, 0xBE, 0x88, 0x56, 0x59, 0x7C, 0x39, 0xD7, 0xE9, 0xD3, 0x4E, 0xFF, 0x76,
    0xFE, 0xED, 0xA9, 0x4D, 0xCF, 0xEE, 0x85, 0xC7, 0xB3, 0xBE, 0xBA, 0xF4, 0x6C, 0xA7, 0xAF, 0x3B,
    0x7D, 0xFD, 0x3E, 0xF1, 0x32, 0xDB, 0x92, 0x9D, 0x79, 0x17, 0x0A, 0xF5, 0x7A, 0xF4, 0x64, 0x8D,
    0x32, 0x3C, 0xF8, 0xB9, 0x47, 0x29, 0x21, 0xEC, 0xE2, 0xC0, 0x73, 0x1B, 0x07, 0x46, 0xD7, 0x42,
    0xC0, 0xFA, 0xB6, 0x7B, 0xC5, 0xA3, 0xED, 0x09, 0xEA, 0x25, 0x76, 0x91, 0xE5, 0x61, 0xB0, 0x47,
    0x0F, 0xCD, 0xD5, 0xC5, 0xE4, 0x37, 0x95, 0x5B, 0x99, 0x5A, 0x95, 0x0E, 0xED, 0x62, 0xFD, 0x2B,
    0xFA, 0xCB, 0x35, 0x66, 0x85, 0xEA, 0x5D, 0x79, 0x1E, 0x0F, 0x22, 0x1D, 0xD7, 0x7A, 0x4C, 0x19,
    0x0A, 0xF7, 0xFE, 0xD1, 0x4E, 0x83, 0xC5, 0x74, 0x03, 0x97, 0x99, 0x07, 0xC3, 0x47, 0x02, 0xA1,
    0x28, 0x19, 0xE1, 0xF0, 0xC1, 0x3F, 0xF4, 0x4C, 0x7F, 0xC1, 0xB7, 0x96, 0x16, 0x52, 0x1A, 0x74,
    0x5B, 0x82, 0x2E, 0x9A, 0xD2, 0x13, 0xA8, 0xE2, 0x5E, 0x3D, 0x2A, 0x3C, 0x15, 0x3E, 0xAE, 0x0D,
    0xCA, 0x2F, 0x3A, 0xB5, 0x6E, 0x3E, 0x8C, 0x2C, 0xDF, 0x14, 0x9C, 0xE0, 0xB8, 0xC3, 0xB1, 0xB2,
    0x94, 0xDF, 0x76, 0xAF, 0x3D, 0x19, 0xC3, 0x42, 0x04, 0x0B, 0xF1, 0x2B, 0x44, 0xAF, 0x11, 0x76,
    0x85, 0xC8, 0x15, 0xE2, 0xD6, 0x08, 0xB5, 0xB6, 0x60, 0xD6, 0x35, 0x5F, 0xEC, 0xE1, 0x6C, 0xE8,
    0xE2, 0x24, 0x98, 0x7A, 0xCC, 0x3B, 0x3E, 0x20, 0xD6, 0xAB, 0xE8, 0xEE, 0x2D, 0x03, 0x63, 0xF5,
    0x6A, 0xEE, 0x40, 0xAC, 0x5E, 0x49, 0x01, 0x12, 0x21, 0xAC, 0xFE, 0x4A, 0x6B, 0x5B, 0xC8, 0xE2,
    0x3F, 0x82, 0x28, 0xF0, 0x05, 0x3B, 0xBF, 0xB3, 0xB3, 0x6A, 0x38, 0xA7, 0x96, 0x9B, 0x69, 0x35,
    0xFC, 0x4B, 0x48, 0x73, 0x33, 0xAF, 0x56, 0xD2, 0x43, 0xC7, 0x04, 0xB6, 0xF0, 0xAF, 0xEA, 0x64,
    0x66, 0x39, 0x2D, 0x69, 0x94, 0x2C, 0xA9, 0x8D, 0xF5, 0x2A, 0xBA, 0x01, 0x90, 0xE4, 0x15, 0xAE,
    0x56, 0x3E, 0x5C, 0x55, 0x5E, 0xD1, 0x6A, 0x6D, 0xA7, 0xD7, 0xF8, 0xEF, 0x56, 0x30, 0x50, 0xF1,
    0xEC, 0x6A, 0x50, 0xAE, 0x3A, 0x79, 0xD6, 0x34, 0x3F, 0x79, 0xA7, 0x3D, 0x09, 0x9A, 0x02, 0x60,
    0x0A, 0x60, 0x29, 0x00, 0xA5, 0x00, 0x92, 0x02, 0x40, 0x0A, 0xE0, 0x28, 0x00, 0xA3, 0x6D, 0x50,
    0x74, 0xAA, 0xBA, 0xBC, 0xE1, 0x09, 0x38, 0x72, 0x4A, 0xA8, 0x97, 0x89, 0x9B, 0x80, 0xD7, 0xCB,
    0xD8, 0xDF, 0xF1, 0x62, 0x2D, 0x60, 0xDA, 0x4B, 0x3B, 0x75, 0x39, 0x27, 0xEA, 0x62, 0xE3, 0xE5,
    0x83, 0x9B, 0x36, 0x56, 0x9E, 0xF2, 0xC3, 0xA3, 0x29, 0x4E, 0xCE, 0x24, 0x54, 0xC4, 0x18, 0x19,
    0x99, 0x61, 0x3D, 0x06, 0x2E, 0x96, 0x60, 0x7F, 0x91, 0xE8, 0xE1, 0xD7, 0x66, 0xC9, 0xC4, 0x54,
    0x54, 0xED, 0x8A, 0x5E, 0x9B, 0x87, 0xE7, 0x93, 0xA7, 0x10, 0x9A, 0xFC, 0xC4, 0xD4, 0xFC, 0xB1,
    0x7A, 0xFA, 0x1B, 0x1E, 0x85, 0xBA, 0x6A, 0x7D, 0xC4, 0x72, 0xDA, 0xD8, 0xFB, 0x1B, 0x1E, 0xA0,
    0x40, 0x79, 0xAD, 0x04, 0x04, 0xD6, 0x9D, 0xE7, 0x1D, 0x7A, 0xCF, 0x37, 0x74, 0x9E, 0x67, 0x28,
    0xEC, 0x7A, 0x19, 0xBD, 0xB2, 0xD3, 0xAA, 0xFA, 0x66, 0xB8, 0x5A, 0xA6, 0x0C, 0x69, 0x5B, 0x0B,
    0xF0, 0xEB, 0x00, 0xC1, 0xD4, 0x7A, 0xBB, 0xDD, 0x0F, 0xF8, 0x5E, 0xC0, 0xF7, 0x01, 0xBE, 0x07,
    0x08, 0xF0, 0xDF, 0x47, 0x7F, 0x1F, 0xFB, 0x03, 0xE4, 0x77, 0xB8, 0xFF, 0xFF, 0xED, 0x5D, 0x31,
    0x8F, 0x1C, 0xD9, 0x71, 0x7E, 0x3D, 0x73, 0xB7, 0x2D, 0x71, 0x00, 0x77, 0x62, 0x09, 0xB7, 0xA4,
    0xE1, 0x71, 0x70, 0xC1, 0x49, 0x49, 0xFF, 0x00, 0x5B, 0xEE, 0xB6, 0x4F, 0x80, 0x03, 0x07, 0x62,
    0x22, 0x3B, 0xB4, 0x83, 0x0B, 0x04, 0x01, 0x06, 0x53, 0x05, 0xF4, 0x75, 0xC3, 0x0A, 0x1C, 0x6A,
    0x01, 0x9F, 0x43, 0xC3, 0x0C, 0x78, 0x80, 0x4D, 0x19, 0x38, 0x87, 0x14, 0x20, 0xB3, 0xC7, 0x56,
    0x70, 0xC1, 0x05, 0x1A, 0xCB, 0x80, 0x1D, 0x28, 0x70, 0x03, 0xA6, 0xEE, 0x74, 0x76, 0xA0, 0xBE,
    0x43, 0xDB, 0xE8, 0x3D, 0x76, 0xF7, 0xF3, 0xAB, 0xAA, 0x57, 0xAF, 0xAA, 0x67, 0x7A, 0xC9, 0x5D,
    0xDC, 0x91, 0xDC, 0x25, 0x67, 0x40, 0xEE, 0xD4, 0xCC, 0xF6, 0x74, 0xF7, 0xBC, 0xAA, 0x57, 0xF5,
    0xD5, 0x57, 0xF5, 0xDE, 0x1A, 0x43, 0x8F, 0xA3, 0x77, 0x0D, 0x3F, 0x22, 0x6B, 0x37, 0x2C, 0xAF,
    0xAC, 0x2D, 0xE1, 0xF9, 0x96, 0xFB, 0x99, 0x5A, 0x9B, 0xE3, 0x5B, 0x8D, 0x31, 0x05, 0xC9, 0x95,
    0xED, 0x8C, 0xB1, 0xF6, 0x87, 0x4E, 0x8C, 0xAD, 0xED, 0x9D, 0xDC, 0xC0, 0xD1, 0x6B, 0x6B, 0x47,
    0x77, 0x1A, 0x3C, 0x4B, 0x61, 0xFF, 0xC7, 0xB2, 0x6C, 0xC7, 0x85, 0x2D, 0x49, 0x5E, 0xDA, 0xD6,
    0x38, 0xC1, 0x6E, 0xCD, 0x2B, 0xEE, 0x8C, 0xAD, 0xA9, 0x6A, 0x53, 0xB5, 0x51, 0x6F, 0x12, 0x3B,
    0x98, 0xAC, 0x31, 0xD9, 0x58, 0x0D, 0x70, 0x9A, 0x3C, 0x1B, 0xE8, 0x6C, 0x99, 0xB5, 0x9F, 0x59,
    0x7A, 0x98, 0xEC, 0xFF, 0xBC, 0x04, 0xEF, 0x37, 0x95, 0x97, 0xB7, 0xA6, 0x68, 0x52, 0x3B, 0x82,
    0xE8, 0x6E, 0xAA, 0x68, 0x62, 0xDB, 0xB9, 0x3B, 0xFE, 0x05, 0xDC, 0x42, 0x63, 0xAE, 0x97, 0xFE,
    0x0B, 0x15, 0x4D, 0xF8, 0x9E, 0x13, 0x39, 0x3B, 0x4B, 0x6E, 0x95, 0xDC, 0x89, 0x9C, 0x2A, 0x79,
    0xDD, 0x8B, 0x9C, 0x68, 0x79, 0x50, 0xF2, 0x28, 0xF2, 0xCA, 0x8A, 0x1C, 0xAB, 0xF7, 0x17, 0xB9,
    0xD9, 0x7F, 0xFC, 0xB9, 0x51, 0x8A, 0x91, 0x03, 0x16, 0xB6, 0x9C, 0x95, 0x8D, 0x3A, 0xB7, 0x79,
    0xC3, 0x9C, 0xEB, 0x71, 0x74, 0xEF, 0x1D, 0x12, 0xAE, 0xBF, 0x03, 0x4A, 0x3E, 0xC1, 0xFB, 0x72,
    0x63, 0xEB, 0xE4, 0x11, 0xAE, 0xE8, 0x46, 0x15, 0x94, 0x60, 0x4F, 0x73, 0x50, 0x36, 0x2A, 0x04,
    0x94, 0xBD, 0x80, 0x1F, 0xC9, 0xBD, 0x0A, 0x9E, 0x96, 0x76, 0xFC, 0x07, 0xB4, 0x13, 0xF7, 0xEB,
    0xD8, 0x9B, 0xCF, 0x0D, 0x94, 0xFD, 0x1D, 0xBA, 0x53, 0x78, 0x19, 0x95, 0x42, 0xB2, 0x7B, 0xDB,
    0x1D, 0xBB, 0x74, 0x5F, 0xEB, 0xA6, 0x53, 0xFC, 0x69, 0x56, 0xBB, 0x77, 0xB6, 0xB1, 0xD3, 0xBE,
    0x2D, 0x53, 0x37, 0xEE, 0x4E, 0xE3, 0xCE, 0x48, 0xDC, 0xF5, 0xDC, 0x5D, 0x38, 0x83, 0xEB, 0x96,
    0xCE, 0xBA, 0x12, 0x52, 0x76, 0x1F, 0xBB, 0xEF, 0x1C, 0x93, 0xDC, 0x25, 0x96, 0x4E, 0xE5, 0x1E,
    0xB9, 0xD3, 0xC5, 0xAA, 0x44, 0x93, 0xA8, 0x41, 0x5F, 0x59, 0xED, 0x2C, 0xD8, 0xBE, 0x83, 0x3A,
    0x0D, 0xEA, 0x2E, 0xA6, 0xB2, 0xBB, 0x6C, 0x90, 0x57, 0xB3, 0x76, 0xA2, 0x6D, 0x40, 0xE9, 0x37,
    0x53, 0xBA, 0x5B, 0x3B, 0xFB, 0x33, 0x7F, 0x16, 0x26, 0xCD, 0xBB, 0xEF, 0xF9, 0xDF, 0x2D, 0xC9,
    0x64, 0xBD, 0x6E, 0xF0, 0x16, 0x0D, 0x0F, 0x43, 0x90, 0x17, 0x78, 0xBB, 0xAC, 0x8D, 0x07, 0x77,
    0x77, 0xF4, 0xB3, 0x56, 0xEA, 0x2D, 0xB6, 0x22, 0x57, 0xEA, 0x1E, 0xAB, 0x5A, 0xDD, 0x97, 0x3A,
    0xE6, 0x9A, 0xB9, 0xD8, 0xE3, 0xE0, 0x07, 0x2E, 0xA9, 0x1F, 0xF8, 0xB1, 0x88, 0x4B, 0xAB, 0xE5,
    0x7C, 0x56, 0x5E, 0x68, 0x3F, 0xF0, 0xD6, 0xC5, 0x6C, 0x20, 0xBA, 0xA7, 0xEE, 0x57, 0x0C, 0xD3,
    0xA9, 0xB0, 0x0B, 0xBE, 0x02, 0xFC, 0x80, 0xF7, 0x15, 0x60, 0xE2, 0xEC, 0x2B, 0x62, 0xFB, 0xB7,
    0x6E, 0x0E, 0x92, 0xAF, 0x58, 0x8D, 0x4B, 0x5B, 0x7A, 0x5F, 0x91, 0xF4, 0x4E, 0xDD, 0xDE, 0x57,
    0xB8, 0xA1, 0x41, 0xD5, 0x83, 0xAF, 0x48, 0x46, 0x32, 0x03, 0xF0, 0x15, 0x09, 0x7A, 0x03, 0xF2,
    0x15, 0x5E, 0xF6, 0xBE, 0x02, 0xE4, 0x85, 0xFA, 0x49, 0xBE, 0x02, 0x8C, 0x6F, 0xC3, 0xBE, 0xC2,
    0xDD, 0x45, 0xC9, 0xBE, 0xC2, 0x9D, 0xD9, 0x88, 0xAF, 0x00, 0xC7, 0xC3, 0xBE, 0x02, 0xEC, 0x8A,
    0x7D, 0x45, 0x63, 0xC4, 0x57, 0x94, 0xE2, 0x2B, 0xEE, 0x5E, 0x6D, 0x5F, 0x71, 0xB0, 0x93, 0xA7,
    0x62, 0x27, 0xE0, 0xE2, 0xD8, 0x4E, 0x50, 0x69, 0xDE, 0x4E, 0x66, 0x7D, 0xC8, 0xB9, 0xE4, 0x4B,
    0x6D, 0x27, 0xCB, 0x5A, 0xE4, 0xA4, 0x13, 0x3B, 0xF1, 0x1E, 0xEE, 0xAD, 0x3D, 0x6F, 0xA7, 0xBC,
    0x60, 0x74, 0x72, 0xB0, 0x93, 0x17, 0xC7, 0x4E, 0x52, 0x05, 0x31, 0x36, 0x02, 0x32, 0xB7, 0x73,
    0xA2, 0x3A, 0xE0, 0xF8, 0x02, 0x6E, 0xE4, 0xBB, 0xA5, 0x18, 0x5F, 0x27, 0xDF, 0x29, 0x7C, 0xC1,
    0x2C, 0xDC, 0x2B, 0x0C, 0x2E, 0x5F, 0xC3, 0x7E, 0x84, 0x57, 0x76, 0x80, 0xC4, 0x61, 0x09, 0xF8,
    0x06, 0x80, 0x47, 0x9C, 0xC5, 0xC2, 0xE0, 0x01, 0x1C, 0x71, 0x46, 0xED, 0xC6, 0x3D, 0x26, 0x70,
    0x5A, 0x3A, 0x11, 0xE1, 0xC3, 0x12, 0x15, 0x85, 0x58, 0x84, 0x44, 0x0F, 0x45, 0x9C, 0xE8, 0x91,
    0x88, 0xBB, 0x44, 0xE3, 0x81, 0x88, 0xFB, 0x44, 0xE3, 0x71, 0x88, 0xBB, 0x5E, 0xED, 0x61, 0x88,
    0xB3, 0xAD, 0x8D, 0xA0, 0x90, 0x52, 0x40, 0x88, 0x60, 0x90, 0x5E, 0x20, 0x48, 0x1D, 0x10, 0xC8,
    0xC7, 0x13, 0x00, 0xA2, 0x74, 0xAC, 0xC4, 0x6C, 0x5E, 0x6C, 0xE7, 0xA0, 0x87, 0x42, 0x1E, 0x6A,
    0x2A, 0x2A, 0xDC, 0xA1, 0x60, 0x87, 0x42, 0x1D, 0x0A, 0x74, 0x28, 0xCC, 0x31, 0x07, 0x39, 0x56,
    0x0A, 0x46, 0xA6, 0x67, 0xC0, 0x1F, 0x2D, 0xAF, 0x95, 0xD9, 0x2E, 0xCA, 0x8B, 0x85, 0x92, 0xEB,
    0xCA, 0xEE, 0x2A, 0xAB, 0xBC, 0x91, 0x40, 0xD0, 0x44, 0xD9, 0x69, 0x6A, 0x6D, 0xB8, 0x58, 0x36,
    0x54, 0x9D, 0x0C, 0x65, 0x1A, 0xBE, 0x7F, 0xB5, 0x95, 0xB1, 0xB0, 0x5B, 0x19, 0x0C, 0xA7, 0x53,
    0x91, 0xC1, 0xED, 0x88, 0x6D, 0x0D, 0xCA, 0xE4, 0x86, 0x38, 0x67, 0x4B, 0xB4, 0xC3, 0x0A, 0xCE,
    0xE4, 0x5E, 0x1F, 0x39, 0xDD, 0xC2, 0x59, 0xA3, 0x53, 0xBC, 0x8B, 0x1E, 0x06, 0x7E, 0x61, 0xDD,
    0x8B, 0x57, 0x6D, 0x0B, 0xFA, 0xA0, 0x19, 0x67, 0x1B, 0xD0, 0x98, 0x97, 0x37, 0x4A, 0xCE, 0x51,
    0x93, 0xB7, 0x08, 0x9A, 0xA2, 0x0C, 0x6E, 0xC4, 0x79, 0x18, 0x9C, 0xD9, 0x4B, 0xFB, 0xCD, 0x30,
    0xB3, 0x7D, 0x88, 0xC6, 0x99, 0x9D, 0x5A, 0xFE, 0xFE, 0xF7, 0xDE, 0xF3, 0xB3, 0x82, 0xBD, 0x0F,
    0x4F, 0xE0, 0x30, 0x1C, 0x85, 0x9A, 0xD9, 0x70, 0xD0, 0x43, 0xFE, 0x46, 0x5F, 0xE5, 0x1C, 0xEF,
    0xA0, 0xDF, 0x97, 0x45, 0xBF, 0x8F, 0x7D, 0xBC, 0xAA, 0xC0, 0x5E, 0xF6, 0xCF, 0xE2, 0x08, 0x8A,
    0xFF, 0xB2, 0xB3, 0x72, 0xF6, 0x33, 0x39, 0xE6, 0x5A, 0xFE, 0x9D, 0x9D, 0xB3, 0x1D, 0x1B, 0x09,
    0xFA, 0xD5, 0x9B, 0xE2, 0x82, 0xEC, 0x07, 0xC3, 0xAC, 0x5C, 0xFD, 0x81, 0x1C, 0x73, 0x1C, 0xDD,
    0x39, 0xA0, 0xCE, 0x97, 0x03, 0x4D, 0x1C, 0xE5, 0xAF, 0x87, 0x19, 0xBE, 0x0D, 0xB6, 0x95, 0x7D,
    0x1A, 0xE2, 0xBB, 0x12, 0xD3, 0xDA, 0xCA, 0xC7, 0xDE, 0x38, 0xA0, 0x89, 0x2B, 0x8E, 0x26, 0xA2,
    0x93, 0x23, 0x39, 0xB2, 0xCB, 0xC4, 0xEB, 0xF7, 0x45, 0x3D, 0x27, 0xBB, 0x63, 0xB6, 0xF2, 0xD9,
    0x6B, 0xF9, 0x21, 0xDA, 0x5C, 0xEE, 0x68, 0x73, 0xD0, 0xEF, 0x01, 0x4D, 0x7C, 0x5E, 0x34, 0xF1,
    0xED, 0x5C, 0x51, 0xD9, 0x25, 0x3E, 0xAD, 0x6A, 0x7C, 0xAA, 0x9A, 0x0A, 0x7D, 0x72, 0x07, 0x4F,
    0x95, 0xED, 0xDD, 0x93, 0xBB, 0xDF, 0xBA, 0x82, 0x52, 0xC1, 0xE0, 0xF4, 0x18, 0x11, 0xED, 0xBB,
    0x04, 0x9D, 0xC0, 0xD3, 0x96, 0x9E, 0x6A, 0x7A, 0x42, 0x1A, 0xD8, 0x40, 0xEC, 0x2A, 0xB0, 0xB6,
    0x00, 0xDE, 0x70, 0x05, 0xF5, 0x81, 0xC6, 0x0D, 0x47, 0x8B, 0xBE, 0xB1, 0xE8, 0xF1, 0x29, 0x1D,
    0x71, 0xA0, 0x5D, 0x18, 0x86, 0xA7, 0xD8, 0xA9, 0xA0, 0x83, 0xA7, 0x12, 0x46, 0x79, 0xED, 0x42,
    0xB9, 0xAF, 0x31, 0x90, 0x83, 0x4E, 0x68, 0x54, 0x97, 0x7E, 0x40, 0x0B, 0x4B, 0xC3, 0xFD, 0xCA,
    0x74, 0x68, 0xBE, 0xA4, 0xE4, 0x07, 0x3A, 0xCA, 0x6A, 0x9E, 0x3D, 0x57, 0x3C, 0xFB, 0x46, 0x4C,
    0x2C, 0x58, 0x58, 0x6C, 0x25, 0xCD, 0x4E, 0xE1, 0x6D, 0x0F, 0x74, 0x32, 0xD2, 0x38, 0x02, 0x9D,
    0x62, 0x20, 0x53, 0x07, 0x88, 0x81, 0xB2, 0x07, 0x3A, 0xF0, 0x85, 0xB9, 0x64, 0x83, 0x78, 0x29,
    0x94, 0x6C, 0x68, 0x22, 0x00, 0xD0, 0x31, 0xFE, 0x52, 0x00, 0x74, 0xDC, 0x39, 0x72, 0x2E, 0xD9,
    0xB8, 0xFB, 0xD9, 0x70, 0xC9, 0x06, 0x6A, 0x33, 0x5C, 0xB2, 0x21, 0x82, 0xDF, 0x03, 0x1D, 0xAC,
    0x43, 0x30, 0xD0, 0x01, 0x84, 0xE1, 0x81, 0x4E, 0xE4, 0xC6, 0x56, 0x80, 0x4E, 0xA3, 0x80, 0x4E,
    0xAD, 0x80, 0xCE, 0x46, 0x68, 0xD8, 0xD1, 0x08, 0x0D, 0x5B, 0x5F, 0x71, 0x1A, 0xF6, 0xA0, 0xF7,
    0xF3, 0xE8, 0x9D, 0x00, 0xEE, 0x68, 0x04, 0xE0, 0xD6, 0x57, 0x15, 0xE0, 0x2E, 0xEB, 0x7D, 0x3A,
    0xF4, 0x4B, 0x0A, 0x4D, 0x3D, 0x10, 0x19, 0x6D, 0x80, 0x8E, 0x21, 0x1B, 0x20, 0xCA, 0xF4, 0x60,
    0x03, 0x57, 0xDD, 0x06, 0x24, 0x86, 0xD1, 0xE7, 0x51, 0x9D, 0xA5, 0xC8, 0x37, 0xB6, 0x41, 0x8E,
    0x7C, 0x0C, 0x06, 0x79, 0x6D, 0xDB, 0x20, 0x73, 0x9C, 0x76, 0xF2, 0x8A, 0x15, 0x0F, 0xB1, 0x8D,
    0xED, 0xC1, 0x6E, 0x17, 0xC1, 0x1E, 0xEC, 0x76, 0x19, 0xCC, 0xC4, 0x6E, 0xE3, 0x60, 0x26, 0x76,
    0xBB, 0x52, 0xF2, 0xD2, 0xB6, 0x42, 0xD5, 0x86, 0x3C, 0xA8, 0xDA, 0x92, 0x71, 0xF8, 0x80, 0x9B,
    0xF0, 0x07, 0x9C, 0xBC, 0x64, 0x78, 0x80, 0xC1, 0xB6, 0x17, 0xD9, 0xA5, 0x2B, 0x08, 0x73, 0x40,
    0x76, 0x4A, 0x44, 0x98, 0x03, 0xFA, 0x77, 0x49, 0x00, 0x82, 0x27, 0x18, 0xF8, 0x15, 0x96, 0xE0,
    0xC9, 0x0A, 0xD7, 0x36, 0xC7, 0xB4, 0xA2, 0xF0, 0x09, 0x4D, 0xCB, 0x09, 0xED, 0xA8, 0xE4, 0xDE,
    0x27, 0x44, 0xBE, 0x64, 0x0F, 0xEF, 0xDB, 0xFF, 0x20, 0x7B, 0x00, 0xE8, 0xE4, 0xA7, 0x44, 0x3A,
    0x80, 0x6E, 0x36, 0x5E, 0x77, 0x25, 0x9C, 0xDA, 0xC3, 0x9C, 0xD3, 0x3F, 0x62, 0x7D, 0xA1, 0x7D,
    0x0D, 0xC1, 0xB7, 0xDA, 0xF0, 0xBD, 0x0B, 0x2B, 0x53, 0x28, 0x56, 0xB8, 0xCD, 0x5C, 0xFF, 0xFB,
    0x3D, 0xDC, 0xB9, 0x50, 0x9C, 0x58, 0x29, 0x45, 0xB2, 0x8D, 0xCC, 0xC0, 0x3A, 0xBC, 0x19, 0x50,
    0x65, 0x6A, 0x79, 0x28, 0x23, 0xB9, 0x6A, 0x2C, 0xEE, 0x3D, 0x09, 0x6F, 0x86, 0x1B, 0x57, 0xA2,
    0x4B, 0x3A, 0x3D, 0x8F, 0x41, 0x49, 0x67, 0x67, 0x42, 0x45, 0x7D, 0x0C, 0x05, 0x75, 0x9E, 0xC9,
    0x38, 0x2F, 0xB7, 0xBE, 0x9C, 0xEE, 0xEE, 0xA1, 0xF1, 0xD5, 0x74, 0xF7, 0x89, 0x8E, 0x8B, 0xE9,
    0x30, 0x72, 0x3E, 0xE9, 0x84, 0x09, 0xC6, 0x49, 0xE7, 0x3A, 0x54, 0xD2, 0x41, 0x3B, 0x21, 0xE9,
    0xEC, 0xA5, 0x8E, 0xDE, 0x4B, 0xD2, 0xD9, 0x48, 0xD2, 0x59, 0x86, 0xA4, 0xB3, 0xBB, 0x6A, 0x14,
    0xB6, 0x31, 0x37, 0x15, 0xDF, 0xA9, 0xDB, 0x25, 0x5A, 0x75, 0xB6, 0x4E, 0x25, 0x13, 0xBD, 0x72,
    0xBB, 0xB5, 0x00, 0xFC, 0x51, 0x05, 0xED, 0xAD, 0xE4, 0x1B, 0x83, 0xCA, 0x3D, 0xEA, 0x33, 0x64,
    0xE5, 0x81, 0xAC, 0x2A, 0xB4, 0xA5, 0x62, 0x53, 0x08, 0x46, 0xE5, 0x02, 0x8A, 0x72, 0x2D, 0xFA,
    0x09, 0x72, 0xE0, 0x24, 0x03, 0x46, 0x80, 0x93, 0x0C, 0x40, 0xA9, 0x21, 0xC9, 0x00, 0x4A, 0x8B,
    0x93, 0x0C, 0xC0, 0xAB, 0xDD, 0x34, 0x99, 0x58, 0x5A, 0x99, 0x89, 0x24, 0x0F, 0x46, 0x92, 0x8C,
    0xE6, 0x32, 0x24, 0x19, 0x07, 0x7D, 0x5D, 0x2D, 0x7D, 0x3D, 0x2B, 0x8A, 0x39, 0xFA, 0xF6, 0x7E,
    0xB5, 0x5A, 0x4B, 0xF9, 0xC5, 0x25, 0x8F, 0xA3, 0x96, 0x98, 0xD7, 0x9D, 0x04, 0x09, 0x30, 0xD4,
    0x82, 0xA8, 0x61, 0x87, 0xA0, 0x16, 0x81, 0x24, 0x76, 0x92, 0x47, 0x4F, 0xD4, 0x6F, 0x07, 0xD8,
    0x69, 0x11, 0xE8, 0xE1, 0x45, 0x20, 0x87, 0xA3, 0x40, 0x0D, 0x47, 0x81, 0x12, 0x8E, 0x02, 0x2D,
    0x1C, 0x05, 0x52, 0x18, 0x3E, 0x41, 0x68, 0xC9, 0x81, 0xA3, 0x80, 0x95, 0xCA, 0x80, 0x94, 0x02,
    0x4E, 0x1A, 0x43, 0x86, 0xD4, 0x85, 0xFC, 0xA8, 0x54, 0xD9, 0x51, 0xA1, 0x25, 0x9F, 0x19, 0x49,
    0x5E, 0x24, 0xAE, 0x59, 0x70, 0x91, 0xA0, 0x22, 0xC1, 0x44, 0x82, 0x88, 0x04, 0x0F, 0x29, 0x34,
    0x24, 0x58, 0x48, 0x90, 0x90, 0xC2, 0x41, 0x3B, 0x28, 0xE8, 0x65, 0xD7, 0x16, 0x62, 0x9B, 0x2E,
    0x20, 0xDA, 0x52, 0x85, 0xC2, 0xE2, 0xBC, 0xD2, 0x33, 0xD1, 0x16, 0x66, 0x2D, 0xA8, 0x2D, 0xCC,
    0x47, 0x50, 0x47, 0xEB, 0x7E, 0x47, 0xCA, 0xC3, 0x6F, 0x39, 0x57, 0x39, 0x68, 0xEB, 0xF9, 0xCD,
    0xAD, 0x90, 0x61, 0x28, 0x8C, 0x7F, 0x11, 0xA1, 0xDE, 0x15, 0xAA, 0x79, 0x01, 0x5A, 0x3D, 0x2B,
    0x5F, 0x09, 0x41, 0x98, 0x8F, 0x90, 0xB4, 0xF2, 0x55, 0x10, 0x10, 0x08, 0x8E, 0x16, 0xBE, 0x02,
    0x82, 0x1C, 0x1B, 0x42, 0xD1, 0x82, 0xAB, 0x1F, 0x05, 0xD7, 0x3E, 0x0A, 0xAE, 0x7C, 0x54, 0x0D,
    0x41, 0x50, 0x97, 0xFE, 0x30, 0x00, 0xAD, 0x19, 0x7E, 0x6E, 0x19, 0x7C, 0x96, 0x1E, 0x7A, 0x8E,
    0x0C, 0x3C, 0x6B, 0x81, 0x9D, 0x9A, 0x05, 0xDA, 0x41, 0x99, 0x22, 0xB4, 0xBB, 0x50, 0x33, 0x00,
    0xCD, 0x00, 0x33, 0x03, 0xC8, 0x0C, 0x10, 0x33, 0x00, 0xCC, 0x00, 0x2F, 0x03, 0xB8, 0xDC, 0x83,
    0x96, 0x5F, 0xB9, 0xB9, 0x0F, 0x6C, 0x05, 0xD7, 0xA6, 0x17, 0x97, 0xFA, 0x7D, 0x69, 0xFD, 0x39,
    0xA4, 0x64, 0x56, 0x62, 0x38, 0x92, 0xF4, 0x0C, 0x46, 0x92, 0xC0, 0x4F, 0xAF, 0x03, 0x3B, 0x5D,
    0xF4, 0x01, 0x86, 0xF4, 0x01, 0x78, 0xB4, 0x41, 0x6A, 0x02, 0x00, 0xD9, 0x30, 0xFC, 0x38, 0x55,
    0xE0, 0x43, 0xA0, 0x87, 0x00, 0x0F, 0x81, 0x1D, 0x02, 0x3A, 0x14, 0xE4, 0x10, 0xC0, 0xA1, 0xE0,
    0xC6, 0x2E, 0xD8, 0x38, 0x8C, 0xF8, 0xB3, 0x1E, 0xF1, 0x27, 0xC3, 0x3A, 0x01, 0x75, 0x02, 0xE3,
    0x44, 0x12, 0x38, 0xC7, 0x60, 0xEE, 0x48, 0x5D, 0x81, 0xD7, 0x19, 0x18, 0x21, 0xAE, 0xB8, 0x7E,
    0x82, 0xEB, 0x0C, 0xCC, 0xD1, 0x09, 0x13, 0x57, 0xCE, 0xD7, 0x8C, 0x4C, 0x5C, 0x71, 0x8D, 0x07,
    0x89, 0xAB, 0x84, 0xBE, 0x8E, 0x27, 0xAE, 0x20, 0xC7, 0x26, 0xE2, 0x2A, 0x1B, 0xE1, 0x48, 0x22,
    0xAE, 0xAA, 0x26, 0x1D, 0x98, 0xB8, 0xB2, 0x75, 0x32, 0xFA, 0x50, 0xB1, 0xB4, 0x9B, 0xD5, 0xE8,
    0x83, 0x85, 0x8B, 0x0A, 0x6E, 0xA6, 0x53, 0xB8, 0x58, 0xDB, 0xD3, 0x3F, 0x19, 0xD5, 0x3A, 0x83,
    0x41, 0xAD, 0x33, 0xE8, 0xD5, 0x3A, 0x83, 0x86, 0x21, 0xD9, 0xCF, 0xC0, 0x6F, 0x11, 0x28, 0x1B,
    0xCD, 0x8D, 0xF1, 0x4A, 0x92, 0xD6, 0x2F, 0x98, 0x5E, 0x30, 0x9C, 0x7B, 0xBD, 0xC0, 0x20, 0xB1,
    0x5E, 0x5E, 0x10, 0x52, 0x79, 0x87, 0x2D, 0xB9, 0x40, 0x1F, 0xEE, 0xE3, 0x1E, 0x07, 0x1B, 0xB8,
    0xB4, 0xA4, 0x32, 0x00, 0x31, 0x13, 0xDD, 0x65, 0x82, 0x10, 0x3E, 0x56, 0x32, 0x43, 0x68, 0x70,
    0x98, 0x63, 0x1E, 0xFE, 0x5E, 0x38, 0x42, 0x84, 0x66, 0x88, 0xCB, 0x12, 0x0B, 0x35, 0x72, 0x82,
    0x66, 0xA9, 0x1B, 0xB4, 0xDC, 0xA3, 0xB3, 0xAC, 0x73, 0xA0, 0x9C, 0xD7, 0xDC, 0x34, 0x91, 0x83,
    0xE0, 0x88, 0xD1, 0x1C, 0x34, 0x8B, 0x10, 0x98, 0x3B, 0x98, 0x16, 0xDB, 0xF1, 0x8F, 0x6D, 0xA9,
    0xD6, 0xDC, 0xE4, 0xD2, 0xA0, 0xA2, 0x3A, 0x54, 0xB0, 0x06, 0x8B, 0x90, 0xAD, 0xAD, 0xDC, 0xF9,
    0x3C, 0x6A, 0x2B, 0x8F, 0x10, 0x0B, 0x5E, 0xE1, 0x35, 0x37, 0xE6, 0xBB, 0x4A, 0x8E, 0x6D, 0xA3,
    0xD9, 0xA0, 0x41, 0xB7, 0x20, 0x4C, 0x8A, 0x7A, 0x42, 0x14, 0x2D, 0xDD, 0xF8, 0x6F, 0xE4, 0xF3,
    0xBF, 0x67, 0xEB, 0x00, 0x08, 0xAC, 0x1B, 0x72, 0xC6, 0x04, 0x29, 0x0C, 0x3B, 0xC3, 0x82, 0x0C,
    0x48, 0x58, 0x8F, 0x0C, 0xDC, 0xC9, 0xFE, 0xDA, 0x4D, 0x12, 0x61, 0x85, 0x1C, 0x58, 0x16, 0x5A,
    0x68, 0xD2, 0x2C, 0x20, 0xDD, 0x02, 0x63, 0xCA, 0xFC, 0xBA, 0x33, 0x8B, 0x87, 0x91, 0x53, 0xAE,
    0xA6, 0x86, 0x26, 0xDC, 0xD0, 0x84, 0x1C, 0x9A, 0xB0, 0x43, 0x13, 0x7A, 0x68, 0xCA, 0x0F, 0x4D,
    0x08, 0xA2, 0x29, 0x43, 0x34, 0x8F, 0x21, 0x0E, 0x83, 0xF8, 0x05, 0x0C, 0xE2, 0x05, 0xB8, 0xB6,
    0x09, 0xD9, 0x36, 0x61, 0xD8, 0xA6, 0x2F, 0x34, 0xDF, 0x36, 0xD3, 0xD3, 0x19, 0x85, 0x59, 0x16,
    0x0F, 0xFB, 0xB3, 0x47, 0xA4, 0xA5, 0x28, 0xF1, 0xCE, 0x6C, 0x40, 0xE1, 0x70, 0x72, 0x64, 0x02,
    0x03, 0xC0, 0xA1, 0x64, 0xE9, 0x9B, 0x29, 0xB0, 0xAB, 0x2E, 0x30, 0x00, 0x1C, 0x44, 0xA4, 0xF9,
    0xD2, 0xF8, 0xF2, 0xE3, 0x48, 0x69, 0xAB, 0x0F, 0x1F, 0x35, 0x07, 0x0F, 0x2C, 0x60, 0x61, 0x3D,
    0x12, 0x14, 0xE5, 0x17, 0x8F, 0xD6, 0x3E, 0x6C, 0x1C, 0xD9, 0x3A, 0x04, 0x8D, 0x4D, 0x08, 0x19,
    0x9B, 0x10, 0x30, 0x02, 0xBB, 0xD6, 0x07, 0x76, 0xED, 0xE4, 0x92, 0xB3, 0x6B, 0x2F, 0x91, 0x66,
    0xD0, 0x31, 0xF4, 0x81, 0x9B, 0x39, 0xB9, 0xDC, 0x4C, 0xDA, 0x0E, 0x08, 0xC3, 0xFB, 0x47, 0x6D,
    0xA1, 0x84, 0xDA, 0x4A, 0x3A, 0xD6, 0x11, 0x02, 0xB4, 0x83, 0xB6, 0x9E, 0xDF, 0x3C, 0x7A, 0x3B,
    0xD4, 0x79, 0xCA, 0x9D, 0x3A, 0xAF, 0x14, 0x7C, 0x83, 0x8F, 0x7E, 0xED, 0x6C, 0xE7, 0x1B, 0x31,
    0xC0, 0xC1, 0x05, 0x50, 0x00, 0xD7, 0xB8, 0x83, 0x18, 0x5B, 0x25, 0x2A, 0x5F, 0x37, 0xF5, 0x85,
    0x5C, 0xE6, 0xCD, 0x5C, 0x74, 0x21, 0x7C, 0xE6, 0x46, 0xCB, 0x83, 0xB3, 0xCE, 0x23, 0xB3, 0x75,
    0xCF, 0x3D, 0xC3, 0xBD, 0xE7, 0xCD, 0xD2, 0xCE, 0x97, 0x6E, 0xAB, 0x8E, 0xD1, 0x58, 0xCB, 0x50,
    0xAC, 0x61, 0x1C, 0xB6, 0xE1, 0x92, 0x2D, 0x23, 0xB0, 0x87, 0x97, 0x8D, 0x37, 0x4B, 0xCA, 0x39,
    0xA0, 0x77, 0x46, 0x21, 0x59, 0x72, 0x9F, 0xA3, 0x27, 0xB6, 0x87, 0xFE, 0xA9, 0x80, 0x8A, 0xF9,
    0x4A, 0x73, 0x3F, 0x5B, 0x69, 0x7E, 0x62, 0x79, 0x59, 0x6A, 0x78, 0xB1, 0x94, 0xF0, 0x62, 0xEA,
    0x77, 0x00, 0xA0, 0x11, 0x93, 0xD9, 0x03, 0x8B, 0xB3, 0xB6, 0x26, 0x80, 0x8C, 0x51, 0x4A, 0x76,
    0xBD, 0x88, 0xAD, 0x14, 0xEF, 0xB6, 0x46, 0xA8, 0x1C, 0x0D, 0x2D, 0x14, 0xB0, 0x50, 0xB0, 0x42,
    0x81, 0x0A, 0x05, 0x29, 0x34, 0xA0, 0x50, 0x70, 0x42, 0x83, 0x89, 0x3D, 0x28, 0x71, 0x50, 0xC0,
    0x73, 0x56, 0xC0, 0xF9, 0x30, 0x9C, 0x42, 0x70, 0x0A, 0xB2, 0x29, 0x51, 0x61, 0xB7, 0x3D, 0xE4,
    0xB6, 0xD0, 0x2F, 0x70, 0x91, 0x17, 0xC7, 0x90, 0x75, 0xA7, 0xC2, 0x48, 0x66, 0x55, 0x7A, 0x8F,
    0xCD, 0x64, 0x9C, 0xDF, 0xA7, 0xE0, 0xB0, 0x38, 0xC1, 0x47, 0x5F, 0x15, 0xDA, 0xC6, 0x3C, 0x2E,
    0xA7, 0x6D, 0x3E, 0x6E, 0xD1, 0x77, 0x87, 0xC0, 0xB2, 0x1A, 0x12, 0x26, 0x19, 0x47, 0xA7, 0xA6,
    0x95, 0xB5, 0xDC, 0x3A, 0x86, 0x2F, 0xB8, 0x56, 0xE3, 0x0E, 0x3B, 0x75, 0x57, 0xA2, 0x20, 0x13,
    0xDB, 0xB4, 0x2D, 0x78, 0xB3, 0x8F, 0x25, 0xFA, 0x31, 0x1F, 0x6A, 0x16, 0x88, 0xD1, 0x25, 0xD5,
    0xFF, 0x6F, 0xDB, 0xA8, 0x5C, 0x1F, 0x96, 0x51, 0x84, 0x64, 0xDF, 0x6E, 0x65, 0x15, 0x3F, 0xAC,
    0x9F, 0x60, 0x04, 0x77, 0x83, 0xFC, 0xA6, 0x37, 0xE7, 0x57, 0xA7, 0x64, 0xDC, 0x84, 0x8D, 0x9B,
    0xD0, 0x71, 0x93, 0xBC, 0x74, 0x92, 0xF4, 0x4F, 0xB2, 0xFE, 0x49, 0xDA, 0x3F, 0xC9, 0xFB, 0x27,
    0x89, 0xFF, 0x34, 0xF3, 0x9F, 0xA4, 0xFE, 0x93, 0xDC, 0x7F, 0x9A, 0xFC, 0xCF, 0xB5, 0x93, 0x96,
    0x4A, 0xBD, 0xED, 0x7C, 0x06, 0x9B, 0xA8, 0x06, 0x05, 0x6E, 0x38, 0x82, 0x58, 0xB4, 0x22, 0xBB,
    0xC5, 0x70, 0x94, 0x91, 0xFE, 0xA8, 0x92, 0xA3, 0xA8, 0x03, 0xFB, 0xF3, 0x40, 0x1D, 0x2C, 0xEC,
    0x9B, 0xD8, 0x29, 0x0D, 0xA1, 0x69, 0x61, 0x17, 0xF0, 0x01, 0x8C, 0x4E, 0x28, 0xFB, 0xC2, 0x0E,
    0x1C, 0x53, 0x74, 0x14, 0xA3, 0x22, 0xFB, 0xC1, 0x18, 0xC2, 0x14, 0x10, 0x31, 0x03, 0x47, 0x2A,
    0xDB, 0x25, 0x43, 0xA0, 0x0E, 0x3E, 0xAB, 0x06, 0x45, 0x1D, 0xF4, 0x42, 0x1D, 0xD8, 0x2E, 0x34,
    0x1A, 0xB9, 0x31, 0xF0, 0x81, 0xEB, 0x97, 0xEE, 0x5A, 0x79, 0x88, 0x5D, 0x51, 0x7E, 0xF5, 0xA8,
    0x83, 0xDF, 0x32, 0xB3, 0x48, 0x43, 0xF5, 0x05, 0x06, 0x13, 0xD1, 0x46, 0xB6, 0xB0, 0xDA, 0xB0,
    0x22, 0xAB, 0x77, 0xF6, 0x59, 0x59, 0x9D, 0x3C, 0xAF, 0x75, 0x23, 0x9B, 0xC9, 0x4E, 0x55, 0x33,
    0xB1, 0x29, 0xEA, 0x4A, 0x2D, 0xCB, 0x2E, 0xB6, 0x85, 0xBA, 0x06, 0xBC, 0xEA, 0x83, 0x53, 0x2D,
    0x6A, 0xFB, 0x53, 0xF1, 0xAB, 0xD9, 0x27, 0xF6, 0x27, 0xE2, 0x5A, 0x9D, 0xEE, 0x7E, 0x9F, 0xBA,
    0xF9, 0xC8, 0xBB, 0x3A, 0x03, 0xD0, 0x1D, 0x2A, 0xEF, 0xB9, 0xD9, 0xA6, 0x52, 0xE7, 0x49, 0xC7,
    0x0A, 0x77, 0xFB, 0xDD, 0x0A, 0x7D, 0x65, 0xDE, 0xD9, 0x8E, 0x39, 0xDC, 0x99, 0xF2, 0xB7, 0x37,
    0x77, 0x92, 0xE9, 0x69, 0x36, 0x3D, 0x4D, 0xA7, 0xA7, 0xF9, 0xF4, 0x4E, 0x42, 0x3D, 0xCD, 0xA8,
    0x77, 0x52, 0xEA, 0x79, 0x3F, 0x7C, 0xD0, 0xD1, 0xE5, 0xD7, 0xD1, 0x45, 0xB9, 0x8F, 0x29, 0xF9,
    0x31, 0x25, 0x3C, 0x76, 0x5E, 0x4D, 0xF8, 0x8F, 0x49, 0x18, 0xDD, 0xCF, 0xB9, 0x22, 0xEE, 0x5E,
    0x30, 0xD5, 0x36, 0x6C, 0x85, 0x55, 0x73, 0x8C, 0xAC, 0x1A, 0xA6, 0xC0, 0xD1, 0x37, 0x21, 0x01,
    0x8E, 0xA3, 0x89, 0x39, 0x17, 0xF8, 0x1F, 0xCA, 0xB9, 0xD2, 0x40, 0x7D, 0xAF, 0x7B, 0xCE, 0xB9,
    0xB0, 0x41, 0x13, 0x73, 0x2E, 0x27, 0xF9, 0x9C, 0xCB, 0x1D, 0x47, 0x81, 0x30, 0xAA, 0x64, 0xD3,
    0xAB, 0x36, 0x84, 0x40, 0x89, 0x7F, 0x12, 0xFC, 0x02, 0x77, 0xF1, 0xF0, 0x7C, 0xDC, 0xC5, 0xB1,
    0xB9, 0xE9, 0x7F, 0x55, 0xBD, 0xD9, 0xFB, 0x38, 0x67, 0x3F, 0x18, 0x7C, 0x90, 0x03, 0x89, 0x06,
    0xA7, 0xFA, 0x7E, 0xEF, 0xC3, 0xDB, 0xB1, 0xB9, 0xF3, 0x79, 0x72, 0xAE, 0x2B, 0x35, 0xA6, 0xD4,
    0x9B, 0x1C, 0xF2, 0xD8, 0x87, 0xE7, 0xCB, 0x63, 0x9F, 0xF9, 0x98, 0x3E, 0x86, 0x75, 0xD8, 0x2D,
    0x4F, 0x77, 0x17, 0x2B, 0x0B, 0x1D, 0xB4, 0xF5, 0x34, 0xB4, 0xB5, 0x93, 0x2A, 0x51, 0xA6, 0x04,
    0x18, 0x0D, 0x2F, 0x8A, 0x08, 0x2D, 0xED, 0x19, 0x9F, 0xAD, 0x07, 0x46, 0x67, 0xC9, 0xC0, 0x65,
    0x9D, 0x24, 0x14, 0x75, 0x56, 0xA1, 0xA4, 0x13, 0x5B, 0xEE, 0xFB, 0x86, 0x0C, 0x89, 0x78, 0x03,
    0x48, 0x90, 0x08, 0x91, 0xAD, 0x2C, 0x37, 0x7D, 0xDF, 0xB2, 0xA1, 0xE7, 0x7B, 0x08, 0x2D, 0xDF,
    0xD2, 0xF1, 0xDD, 0x86, 0x86, 0xEF, 0x2D, 0xD3, 0x07, 0xA7, 0xBA, 0xDD, 0x7B, 0x6E, 0x24, 0x69,
    0x9C, 0x8F, 0xF2, 0x5F, 0xF7, 0xD2, 0xBA, 0xF6, 0x31, 0x05, 0xA2, 0x54, 0x49, 0xB8, 0x2B, 0xFB,
    0x94, 0x22, 0x12, 0xAD, 0xE8, 0x26, 0x8B, 0x84, 0x05, 0xDD, 0xAA, 0x4D, 0x62, 0xD8, 0x47, 0x5B,
    0x82, 0xB5, 0x04, 0x69, 0xCD, 0xE0, 0x2C, 0xD9, 0x66, 0xE6, 0xE8, 0xAC, 0xF4, 0x71, 0xBF, 0xE9,
    0x10, 0x17, 0xE3, 0x9B, 0x5D, 0xA2, 0x27, 0x2C, 0x35, 0xA0, 0xE8, 0x1F, 0x5A, 0x77, 0xED, 0x26,
    0x74, 0xEE, 0xDA, 0x0D, 0x87, 0x5D, 0x77, 0x2C, 0xC7, 0xDC, 0xD8, 0x6E, 0x24, 0xE0, 0xAA, 0x68,
    0x2B, 0x59, 0xE7, 0x28, 0x71, 0xB6, 0x55, 0x41, 0xF6, 0xFC, 0x59, 0xE7, 0xC9, 0x11, 0x47, 0x55,
    0x58, 0x35, 0xEB, 0x43, 0x2A, 0x2E, 0xA6, 0xA5, 0x78, 0x9A, 0x0C, 0xC4, 0x2E, 0x39, 0xCB, 0x8F,
    0x7B, 0x58, 0x56, 0x8B, 0x91, 0x34, 0xBA, 0xA3, 0x56, 0xD5, 0x1E, 0x06, 0xEA, 0x9C, 0x03, 0xF5,
    0xB4, 0xD3, 0xF3, 0x0C, 0x7F, 0xE4, 0x67, 0xFC, 0xF8, 0xFA, 0x63, 0x6F, 0x04, 0xC9, 0x1B, 0x9C,
    0x69, 0x45, 0xF8, 0x81, 0x51, 0x7D, 0x96, 0x9E, 0xF9, 0x4D, 0x74, 0x5E, 0xB9, 0x5F, 0x37, 0x43,
    0x3D, 0xEE, 0x88, 0xC4, 0x8A, 0x8E, 0xB3, 0x59, 0x9C, 0x6F, 0x68, 0x05, 0xB1, 0xCD, 0xBD, 0xBA,
    0x17, 0x74, 0xF4, 0xE6, 0xD7, 0xF2, 0x1B, 0x4E, 0x61, 0xA8, 0x2A, 0x18, 0x3A, 0x5C, 0xDD, 0x5A,
    0x80, 0x62, 0x8E, 0x26, 0x80, 0xD7, 0x9D, 0x6E, 0xE6, 0x3F, 0x7C, 0xCB, 0xAF, 0x3F, 0xE6, 0x9B,
    0xC4, 0x25, 0x92, 0xA5, 0x11, 0xDC, 0x14, 0xAE, 0x9D, 0x6D, 0x29, 0x48, 0x80, 0xF7, 0x03, 0x7B,
    0x49, 0xFC, 0x7F, 0x90, 0xE1, 0x3D, 0xF8, 0x1D, 0xAE, 0x8D, 0x81, 0x6D, 0x14, 0x36, 0x11, 0xAE,
    0xC1, 0x85, 0x25, 0x2C, 0x2D, 0xB6, 0xE5, 0x83, 0xA7, 0x4C, 0xB6, 0x98, 0xE5, 0x2B, 0x24, 0xDE,
    0xEC, 0x3F, 0xDF, 0x38, 0xC5, 0xE7, 0x08, 0x5C, 0x73, 0xDC, 0x10, 0x58, 0x77, 0xCF, 0x29, 0xF8,
    0xBC, 0xA3, 0x3B, 0x61, 0x3F, 0x08, 0x7B, 0x8A, 0x46, 0xBD, 0xF4, 0xF8, 0x9C, 0x1B, 0x97, 0x57,
    0xD8, 0x4F, 0x95, 0xD3, 0xF3, 0xAA, 0xA7, 0x81, 0x4B, 0x7A, 0x5A, 0x0D, 0xB0, 0x46, 0x76, 0x24,
    0xC7, 0x04, 0x93, 0xCD, 0x97, 0x6B, 0x88, 0x0B, 0x2E, 0x2C, 0xAE, 0xC9, 0xEE, 0x71, 0x0B, 0x09,
    0xF2, 0xF8, 0x79, 0x3A, 0x62, 0xD8, 0x40, 0x6B, 0x5E, 0xD0, 0x36, 0x23, 0xF7, 0xA0, 0x19, 0x95,
    0x17, 0xCB, 0x45, 0x1C, 0x5C, 0x32, 0xDA, 0xCF, 0x12, 0x86, 0x9F, 0xC6, 0xFF, 0xAB, 0xF7, 0x42,
    0x4B, 0x5C, 0x34, 0x1A, 0xDC, 0x75, 0x35, 0xF9, 0xF9, 0x26, 0xFD, 0xC1, 0xF7, 0xB7, 0xD5, 0x7F,
    0xBE, 0xBF, 0xFD, 0xED, 0x8F, 0xEC, 0x66, 0xF9, 0xAF, 0x50, 0xEB, 0x1F, 0x71, 0xD8, 0x96, 0xEF,
    0x7A, 0x1E, 0x2F, 0x7A, 0x7F, 0x13, 0xFD, 0xD5, 0xFB, 0x9B, 0xE5, 0xBF, 0xC1, 0x7F, 0x77, 0x8C,
    0x3B, 0xF9, 0xC2, 0x7E, 0xCD, 0x98, 0xFB, 0xF0, 0xFB, 0x7F, 0x34, 0xAF, 0xB7, 0xAF, 0xDD, 0x6F,
    0xBF, 0x77, 0xBF, 0xBB, 0x6F, 0xDB, 0x07, 0xB6, 0x29, 0xFE, 0x3D, 0x5F, 0x43, 0xA1, 0xA1, 0x8D,
    0xAA, 0x76, 0x6D, 0xEB, 0xF4, 0xA1, 0x39, 0xD6, 0xB2, 0xF7, 0x28, 0x4D, 0x54, 0xB9, 0xD0, 0xB1,
    0xCD, 0x1E, 0xD2, 0x86, 0xB3, 0x6F, 0x99, 0xDF, 0xB8, 0x7D, 0xFC, 0x3B, 0xB7, 0xBF, 0xE1, 0xFE,
    0x65, 0xBD, 0xD3, 0x51, 0xFA, 0xE9, 0x09, 0x20, 0xCE, 0xEB, 0x08, 0x18, 0xCC, 0xE2, 0x91, 0xD3,
    0x63, 0xDD, 0xE2, 0xFF, 0xE8, 0x51, 0x83, 0xA5, 0x06, 0x6C, 0x14, 0x80, 0x65, 0x49, 0x27, 0xDE,
    0x57, 0xC5, 0x6B, 0x73, 0xF4, 0xAD, 0xB5, 0x49, 0xF0, 0x3F, 0xC5, 0xB2, 0x55, 0x7F, 0xD7, 0x2C,
    0x6A, 0xBA, 0xC9, 0x37, 0xDA, 0xD7, 0xBE, 0x77, 0xFF, 0xF6, 0xED, 0xFB, 0xB7, 0xAB, 0xEE, 0x6D,
    0xDB, 0x64, 0x1F, 0xE2, 0x4D, 0x32, 0x3B, 0xB2, 0x73, 0x7B, 0x51, 0x3F, 0xF9, 0x67, 0xDC, 0xBF,
    0xBF, 0x3B, 0xFB, 0x26, 0x77, 0x88, 0x7D, 0xBB, 0xEF, 0x1F, 0x57, 0x9F, 0x85, 0xE9, 0xB8, 0x99,
    0x90, 0x6C, 0x64, 0x2B, 0xA7, 0xDB, 0xE0, 0x30, 0xEB, 0x90, 0x1F, 0xB1, 0xB4, 0x3A, 0x0D, 0x67,
    0xDE, 0x9B, 0x11, 0xE1, 0x64, 0x50, 0x44, 0xF8, 0x51, 0x8E, 0x57, 0xAF, 0xB9, 0x6F, 0x17, 0x4B,
    0x09, 0x1B, 0xA6, 0xA4, 0x48, 0x72, 0x73, 0xC2, 0x7B, 0xE2, 0x94, 0x8B, 0x3D, 0x30, 0x13, 0xFC,
    0x2A, 0xB9, 0x04, 0x5A, 0x38, 0x5A, 0xEF, 0x1C, 0xFD, 0xBA, 0xB8, 0xB5, 0x65, 0xCC, 0x02, 0xF3,
    0xFA, 0x51, 0x30, 0xAB, 0x9F, 0xE0, 0x7B, 0xF6, 0x13, 0x68, 0xE3, 0x18, 0xF4, 0x72, 0x98, 0x75,
    0xF0, 0xF4, 0x15, 0x07, 0x85, 0x1B, 0x21, 0xA3, 0xCD, 0x42, 0xC2, 0x2A, 0x4B, 0x63, 0xD6, 0xC1,
    0xED, 0x25, 0xB5, 0xF8, 0xCD, 0xB3, 0xCA, 0x26, 0x96, 0xF3, 0x6E, 0x3F, 0xBA, 0xCE, 0x0A, 0x68,
    0x74, 0xB1, 0xA5, 0x7B, 0xC3, 0x92, 0x1F, 0x5D, 0x77, 0x07, 0x7E, 0x74, 0x8F, 0x0F, 0xA3, 0xFB,
    0xE4, 0xD1, 0x35, 0x93, 0x0D, 0xBB, 0x14, 0x67, 0x66, 0xA5, 0xBA, 0xA8, 0x48, 0xAF, 0x7F, 0x52,
    0x21, 0xEA, 0x6F, 0x84, 0x2E, 0x13, 0xB0, 0xA0, 0x48, 0x0F, 0xDF, 0x1D, 0x06, 0xC0, 0xF5, 0xA6,
    0x91, 0xB6, 0x24, 0xFF, 0x55, 0x3A, 0xC9, 0xEE, 0xDD, 0xF9, 0x57, 0xEF, 0x98, 0x00, 0x5E, 0x71,
    0x5D, 0x28, 0xB5, 0x24, 0xF5, 0x86, 0xE1, 0x6B, 0xD2, 0x87, 0x4D, 0x80, 0xC1, 0xDB, 0x7B, 0x00,
    0x0B, 0x4E, 0x9F, 0xB7, 0x00, 0x26, 0x66, 0x12, 0x9B, 0xC6, 0x6D, 0xAE, 0x36, 0x00, 0xDE, 0x0A,
    0xA1, 0xD8, 0x08, 0x9F, 0xD8, 0x78, 0x18, 0xEB, 0x26, 0x75, 0xE3, 0x71, 0x2C, 0x2C, 0x87, 0xBD,
    0x6A, 0xEB, 0x16, 0xE5, 0xD7, 0xE3, 0x3C, 0x33, 0xB9, 0xFE, 0x58, 0xC9, 0xA5, 0xB4, 0x05, 0x90,
    0xBC, 0xC4, 0x4F, 0x25, 0x1F, 0x96, 0xE1, 0xB2, 0xB4, 0x2B, 0x37, 0xCD, 0x34, 0x32, 0x29, 0x2A,
    0x38, 0xAF, 0x89, 0x81, 0x41, 0x6C, 0xF3, 0xCA, 0x13, 0xD3, 0x42, 0x77, 0x95, 0x8F, 0xD9, 0xBF,
    0xC1, 0x2A, 0xEF, 0x32, 0xE0, 0xC4, 0x85, 0xB7, 0xE1, 0x85, 0xDF, 0xD1, 0x1B, 0x42, 0x68, 0x84,
    0xB2, 0x21, 0xEE, 0xCA, 0xCD, 0xB5, 0x38, 0xA8, 0x1E, 0x32, 0xBA, 0xD2, 0x57, 0x8C, 0x21, 0x35,
    0x79, 0x68, 0xD4, 0x4A, 0xE1, 0x0E, 0x47, 0x9D, 0xE4, 0x81, 0xF0, 0x8E, 0x93, 0x7E, 0x65, 0xC7,
    0x20, 0xFF, 0xA1, 0x7B, 0x1F, 0x57, 0x10, 0x7F, 0x64, 0x3B, 0x97, 0x21, 0x66, 0xFE, 0xFC, 0xA8,
    0xA6, 0xBD, 0x95, 0xC2, 0xA5, 0xF7, 0x13, 0xE3, 0x0F, 0xE7, 0x56, 0x0A, 0x2F, 0xCE, 0x5A, 0x29,
    0xBC, 0x7A, 0xC2, 0x4A, 0x61, 0xCD, 0x0F, 0x0E, 0xF3, 0x3A, 0x4A, 0x7F, 0xA9, 0x64, 0x75, 0x82,
    0x54, 0x45, 0x9A, 0xE4, 0xC3, 0x5C, 0x19, 0x88, 0x20, 0xEB, 0x4C, 0xA1, 0xAC, 0x54, 0xB1, 0x64,
    0x4F, 0xD4, 0x11, 0x58, 0xC2, 0x2F, 0x34, 0x5B, 0x99, 0x2B, 0x68, 0x6F, 0x26, 0x32, 0x63, 0xF7,
    0xA0, 0xA3, 0x9C, 0xAC, 0x85, 0xD1, 0x7B, 0xE2, 0x3E, 0x1B, 0x9A, 0xD4, 0x9D, 0xDF, 0x52, 0xCC,
    0x62, 0xA7, 0x98, 0x44, 0x69, 0x5A, 0xFF, 0x95, 0xD7, 0x0B, 0x40, 0xF8, 0x6F, 0xD1, 0xFB, 0x30,
    0xD8, 0x5D, 0x64, 0xDB, 0xE7, 0xBD, 0x3E, 0xF1, 0xA0, 0xA3, 0xCB, 0xAF, 0xA3, 0xC7, 0x73, 0xBB,
    0x9F, 0x7F, 0x9B, 0xC2, 0xAB, 0x07, 0x05, 0xDE, 0x62, 0x28, 0x10, 0x8D, 0xEC, 0xB7, 0x69, 0x65,
    0xDE, 0xC8, 0xA6, 0x82, 0x50, 0x00, 0x77, 0x67, 0x26, 0x28, 0xF0, 0x9D, 0x9D, 0x62, 0x46, 0x30,
    0x51, 0x49, 0xDB, 0x55, 0x02, 0x2F, 0x86, 0x77, 0x6C, 0x2E, 0xFA, 0x78, 0x39, 0x46, 0x92, 0xDA,
    0xAF, 0x5F, 0x34, 0x98, 0x03, 0x8C, 0x81, 0x17, 0xD3, 0x6D, 0x80, 0x39, 0xF0, 0x8E, 0x87, 0x39,
    0xB8, 0x1B, 0x56, 0x17, 0xFA, 0x40, 0x3C, 0xCC, 0xB9, 0x56, 0x7E, 0x31, 0x30, 0x27, 0x52, 0x65,
    0xD8, 0xE5, 0x59, 0x25, 0x56, 0x3B, 0xEF, 0xBC, 0xCF, 0xB9, 0x4B, 0xFD, 0x8B, 0x00, 0x55, 0x4E,
    0x04, 0xAA, 0x2C, 0x7B, 0x81, 0x2A, 0xAB, 0x41, 0xA0, 0x0A, 0xCA, 0x1E, 0xAA, 0xC4, 0xBD, 0x40,
    0x15, 0xBD, 0xA9, 0xEA, 0x95, 0x0F, 0x35, 0x27, 0x12, 0x6A, 0xE2, 0x4E, 0x42, 0x8D, 0x9F, 0x69,
    0x18, 0x6A, 0xD0, 0x14, 0x7D, 0xA8, 0xC1, 0x7B, 0xF7, 0xA1, 0xE6, 0x30, 0x0E, 0xFB, 0xE3, 0xF0,
    0xCC, 0x42, 0x6E, 0x74, 0xF2, 0x65, 0x9E, 0xD8, 0x2D, 0x6F, 0x09, 0x99, 0xF4, 0xD5, 0x76, 0x57,
    0x5A, 0xB5, 0xC5, 0x86, 0x3F, 0x71, 0xED, 0x7C, 0xE1, 0xE6, 0x77, 0x6F, 0x72, 0xB8, 0x21, 0x37,
    0x86, 0xDD, 0x2D, 0x0D, 0x87, 0x1B, 0xDA, 0x67, 0x12, 0x5C, 0x19, 0xAD, 0x69, 0x06, 0x3F, 0x4B,
    0x21, 0x62, 0x3D, 0xD0, 0xA6, 0x39, 0x3E, 0xDC, 0x0C, 0x12, 0x6E, 0x68, 0x05, 0xA5, 0xDF, 0x97,
    0x0A, 0xC3, 0xCD, 0x67, 0x28, 0x41, 0xB8, 0xA9, 0x69, 0x8D, 0xD2, 0x27, 0xF8, 0x87, 0x90, 0xF2,
    0xA7, 0x99, 0xC3, 0x9F, 0x11, 0xB8, 0x69, 0x24, 0x91, 0x0D, 0xA1, 0x91, 0x04, 0x55, 0xD3, 0xF8,
    0x1D, 0x1F, 0x46, 0xF2, 0x6C, 0x36, 0x44, 0x6D, 0x4C, 0x6D, 0x65, 0xCF, 0x69, 0xB5, 0x15, 0xB5,
    0xFD, 0xE9, 0x30, 0x73, 0x80, 0xDF, 0x93, 0xFA, 0x5C, 0xA1, 0x7F, 0x79, 0x37, 0x84, 0x7E, 0x74,
    0x24, 0x14, 0xFA, 0x31, 0x7A, 0x51, 0xE8, 0x5F, 0x8D, 0x21, 0xF4, 0x27, 0x63, 0x08, 0xFD, 0x20,
    0x72, 0xE8, 0xB7, 0x2A, 0xF4, 0x6F, 0x55, 0xE8, 0x6F, 0x25, 0xF4, 0x87, 0x8E, 0xA9, 0xCA, 0xF6,
    0xBC, 0x3C, 0x3E, 0x01, 0x91, 0x16, 0xC8, 0x3B, 0x4F, 0x72, 0xA5, 0x18, 0x8E, 0xA3, 0xFC, 0x35,
    0x45, 0x59, 0x34, 0xF4, 0x47, 0x47, 0x46, 0xAE, 0x1C, 0x86, 0x33, 0xF9, 0x17, 0x04, 0x05, 0xF8,
    0xB0, 0x81, 0x4E, 0xF0, 0xB5, 0x0B, 0x80, 0x01, 0xC2, 0x03, 0x84, 0x51, 0xD9, 0xF9, 0xF3, 0x94,
    0xC1, 0xAA, 0xC7, 0xA4, 0xF1, 0x1B, 0xFE, 0x33, 0x26, 0x40, 0xBC, 0xCA, 0xA0, 0x00, 0x83, 0x35,
    0xA3, 0x02, 0xDC, 0x6F, 0x8D, 0x61, 0x01, 0x16, 0x4B, 0x15, 0x2E, 0xF0, 0xA5, 0xAC, 0x82, 0xDB,
    0x6E, 0x18, 0x0D, 0x3C, 0xB2, 0xB8, 0x7B, 0x34, 0xBD, 0xF8, 0x17, 0xAE, 0x0B, 0x38, 0x6C, 0x70,
    0x6A, 0x6E, 0x8D, 0x46, 0x83, 0x83, 0x09, 0x3A, 0x98, 0xC0, 0x83, 0x09, 0x95, 0x31, 0xE1, 0x32,
    0xA6, 0x64, 0xC6, 0x84, 0xCD, 0x98, 0xD2, 0x19, 0x73, 0x7C, 0x86, 0x57, 0x89, 0xD7, 0x7F, 0xAD,
    0x17, 0x0A, 0x7D, 0xAA, 0xF2, 0xDC, 0xC9, 0x8B, 0xC9, 0x61, 0x17, 0xDA, 0xA6, 0x9B, 0x1F, 0x3F,
    0xCA, 0xCF, 0x6A, 0xBA, 0xD2, 0x2F, 0x22, 0x56, 0x09, 0x7D, 0xC9, 0x52, 0xE2, 0x72, 0x50, 0x09,
    0x04, 0xE6, 0x95, 0x6F, 0x27, 0xC0, 0xC8, 0x7C, 0x0B, 0x06, 0x42, 0x85, 0xE6, 0xC1, 0xE8, 0xE6,
    0x27, 0x79, 0xF1, 0x48, 0xEF, 0xB4, 0xFB, 0x17, 0xDC, 0x15, 0x05, 0xE1, 0xD9, 0xDC, 0x1A, 0x9E,
    0xEF, 0xB2, 0xAF, 0x83, 0x4A, 0x2E, 0x9D, 0x4A, 0x2E, 0xD6, 0x8D, 0xF6, 0xC5, 0xAC, 0xC4, 0x33,
    0xFB, 0x75, 0x26, 0xA1, 0xF6, 0x45, 0x4A, 0x82, 0x14, 0xFE, 0x3A, 0xC7, 0xA2, 0x65, 0x4A, 0x2B,
    0xEE, 0x19, 0x18, 0xC4, 0x3D, 0xFF, 0x9D, 0x9E, 0x65, 0x9F, 0xF1, 0x81, 0x01, 0xA8, 0xBD, 0xCC,
    0x60, 0xE1, 0xCC, 0x71, 0x7E, 0x3B, 0x48, 0x60, 0xE7, 0x38, 0xCE, 0x68, 0xFE, 0x38, 0xCE, 0xB8,
    0x13, 0x11, 0x8D, 0x33, 0xE4, 0x92, 0x34, 0xCE, 0xC7, 0x87, 0x71, 0x3E, 0x57, 0x89, 0x4A, 0xD5,
    0x9D, 0x22, 0x3B, 0x27, 0xEA, 0xBF, 0x67, 0x2A, 0xBE, 0x2C, 0x7D, 0x53, 0x82, 0xDC, 0x07, 0xFD,
    0x8C, 0x98, 0xFD, 0x65, 0x00, 0x30, 0x5F, 0xA6, 0x8E, 0xB7, 0x03, 0x96, 0x7B, 0x16, 0xD5, 0xAA,
    0xE9, 0x1F, 0x2B, 0x9D, 0xFC, 0x25, 0x52, 0xBD, 0x9E, 0xC8, 0xDD, 0x94, 0x8E, 0x2B, 0xD7, 0x14,
    0x29, 0x14, 0xD7, 0x0F, 0x54, 0x01, 0xAB, 0xB5, 0x72, 0x2B, 0xC9, 0x29, 0xDA, 0x20, 0x81, 0xC1,
    0x55, 0x63, 0x85, 0x18, 0x8A, 0xCA, 0x37, 0x0E, 0x60, 0xF0, 0x0B, 0x05, 0x83, 0x8F, 0xD3, 0xA9,
    0xD6, 0x5C, 0xB1, 0x3D, 0xEB, 0x37, 0x3A, 0xFB, 0x5C, 0xD5, 0xAA, 0xBC, 0x9C, 0x7C, 0xA2, 0xA6,
    0xF4, 0xFA, 0x7F, 0xD5, 0x8B, 0xA4, 0x51, 0x2F, 0x16, 0xE5, 0xEB, 0x07, 0xE8, 0xF2, 0x14, 0xA1,
    0xCB, 0x41, 0xA7, 0x07, 0x38, 0x7A, 0x41, 0x38, 0xFA, 0xFF, 0xED, 0x3D, 0xBF, 0x8F, 0xE4, 0xD6,
    0x79, 0xE4, 0xCC, 0x79, 0x27, 0x12, 0x0B, 0xA6, 0x90, 0x04, 0xED, 0x5D, 0xC1, 0x26, 0x01, 0xE4,
    0x6A, 0xFE, 0x83, 0x23, 0x61, 0x18, 0x48, 0xE1, 0xC2, 0x57, 0x58, 0x09, 0x20, 0x17, 0x51, 0x71,
    0x45, 0xE2, 0x14, 0xFB, 0x17, 0xC4, 0x24, 0xE2, 0x22, 0xA5, 0xB6, 0x10, 0x52, 0xA4, 0x89, 0x8A,
    0x0B, 0x10, 0x9F, 0x0A, 0xB5, 0x31, 0x60, 0x81, 0x63, 0xB9, 0x70, 0x3B, 0x8A, 0x8B, 0x14, 0x6E,
    0x18, 0x44, 0x81, 0x21, 0xBB, 0x10, 0x65, 0x0D, 0x04, 0xDE, 0x1D, 0x87, 0x2F, 0xEF, 0xFB, 0xF9,
    0x3E, 0xCE, 0x72, 0xF6, 0x66, 0xCF, 0x67, 0x49, 0xB7, 0x3B, 0x83, 0xBD, 0xE3, 0xF7, 0xC8, 0x19,
    0x0E, 0xDF, 0xF7, 0xFB, 0xD7, 0x7B, 0x13, 0x45, 0xFC, 0x5A, 0x34, 0x91, 0x79, 0xA5, 0x9D, 0x1D,
    0x2D, 0x7B, 0x3B, 0xCA, 0x46, 0xA3, 0x74, 0x63, 0x47, 0xF1, 0x79, 0xF4, 0x4C, 0xAF, 0x3B, 0xA3,
    0xEF, 0x73, 0xAE, 0x0A, 0x83, 0x85, 0x73, 0xE6, 0xD1, 0x52, 0xE7, 0xCC, 0x17, 0xE6, 0xCE, 0x99,
    0x87, 0xC9, 0xB7, 0xF9, 0x36, 0x8C, 0xCA, 0x36, 0x1D, 0xC2, 0xA8, 0x6E, 0x92, 0x0B, 0xA3, 0x45,
    0xA1, 0xEF, 0xF4, 0x9F, 0x4B, 0xE0, 0x4E, 0xFE, 0x4C, 0xDE, 0xC1, 0x74, 0x53, 0xFF, 0x2F, 0x7E,
    0xE4, 0xA7, 0x3E, 0xB8, 0x8E, 0xA6, 0x3C, 0x73, 0x8F, 0xE0, 0xDB, 0x5B, 0x7F, 0xCE, 0x9F, 0x99,
    0x3B, 0x7E, 0x45, 0xF9, 0xC6, 0x8C, 0xAA, 0xD1, 0x68, 0x05, 0xA3, 0xE8, 0xCC, 0x5E, 0x83, 0xE9,
    0xB8, 0xF3, 0xD7, 0xE0, 0x73, 0xF0, 0x7D, 0x73, 0xF7, 0x5D, 0x7E, 0xF6, 0x01, 0x47, 0xFC, 0x44,
    0x99, 0x5B, 0xFB, 0xAF, 0x71, 0x61, 0xCE, 0x0F, 0x3F, 0x70, 0x43, 0xC0, 0x87, 0x0B, 0xD3, 0x9E,
    0xE1, 0xA8, 0xD5, 0x49, 0xC3, 0xA8, 0x30, 0xA8, 0x73, 0x9F, 0x84, 0x59, 0xBF, 0xF6, 0xF0, 0xDD,
    0x8B, 0x98, 0x3F, 0xD2, 0xFD, 0x66, 0xD2, 0xFD, 0x80, 0xD7, 0xB7, 0xA2, 0xFB, 0x66, 0x94, 0xFF,
    0xC2, 0x20, 0x32, 0x2A, 0xFF, 0xD7, 0xED, 0x1D, 0xE5, 0xFF, 0x65, 0xDF, 0xF9, 0x72, 0xF1, 0x77,
    0x17, 0x6F, 0xFD, 0xDE, 0x49, 0x11, 0x06, 0xF3, 0x7E, 0x69, 0x28, 0x9D, 0x6C, 0xF3, 0x76, 0xDF,
    0x68, 0xFC, 0xCE, 0xF1, 0x5D, 0x8E, 0x5C, 0xF7, 0x02, 0x70, 0xDD, 0x91, 0xEE, 0x47, 0x6D, 0xF3,
    0x95, 0x69, 0x9B, 0x37, 0x0B, 0xA1, 0x03, 0xFC, 0x5F, 0xD1, 0x31, 0x69, 0xE8, 0x58, 0xB7, 0x78,
    0x4C, 0x3C, 0xE2, 0xE1, 0x58, 0xFB, 0xB9, 0xFA, 0x63, 0x02, 0x6C, 0xE0, 0x2F, 0xE5, 0x6E, 0x0B,
    0x14, 0x8B, 0x1D, 0xA0, 0xA8, 0x6C, 0xE7, 0x30, 0xC4, 0xE3, 0x7A, 0xE7, 0xB8, 0xC1, 0x63, 0xC4,
    0xD7, 0xFD, 0xE7, 0x80, 0xB6, 0xAD, 0x47, 0xE6, 0x0A, 0x8F, 0x73, 0x40, 0x1A, 0x70, 0x32, 0xD0,
    0x17, 0x8E, 0xC0, 0x3B, 0x40, 0xA1, 0xD4, 0xD1, 0x31, 0xF1, 0x4C, 0x98, 0x77, 0x80, 0xC4, 0x06,
    0xA9, 0x93, 0xF8, 0x3B, 0x2D, 0x89, 0x92, 0x7D, 0xC6, 0x24, 0x4D, 0xF9, 0x88, 0x14, 0xFF, 0x1F,
    0x4F, 0x54, 0x8F, 0xFF, 0xA1, 0x00, 0x6E, 0xB9, 0x15, 0x5D, 0x98, 0x2C, 0xB1, 0xF6, 0x8A, 0x66,
    0x1C, 0x06, 0xC9, 0x3A, 0x0C, 0x62, 0xA1, 0x24, 0x0C, 0x32, 0xE1, 0x74, 0x18, 0x28, 0xC5, 0xFD,
    0x20, 0xC1, 0xB9, 0xE3, 0x60, 0xED, 0xBF, 0x51, 0x78, 0xDE, 0xAD, 0x67, 0x7A, 0xC1, 0x0F, 0xE6,
    0x7A, 0xC1, 0x0F, 0x16, 0x7A, 0xC1, 0x0F, 0x12, 0x7A, 0x08, 0x79, 0x5B, 0x1B, 0x06, 0x71, 0x10,
    0xA7, 0x1A, 0x6E, 0x1D, 0xE4, 0x85, 0xF0, 0x26, 0x83, 0xB9, 0x8A, 0x24, 0x50, 0x48, 0x25, 0x12,
    0x06, 0x65, 0xCF, 0x82, 0x05, 0x83, 0xCC, 0xB1, 0x5C, 0x79, 0xC2, 0xF9, 0x3B, 0x14, 0x28, 0x56,
    0x51, 0x89, 0xD8, 0x5D, 0x93, 0xDB, 0x52, 0x6E, 0xE1, 0x6D, 0x8F, 0x50, 0xA8, 0x88, 0x7D, 0x9D,
    0xEB, 0x50, 0x52, 0x6A, 0x1A, 0x0C, 0xE3, 0x41, 0x8B, 0xFA, 0xC1, 0xBF, 0x3E, 0x76, 0x5B, 0xBC,
    0xE2, 0xFE, 0xDB, 0x9F, 0xF6, 0x1F, 0x07, 0x79, 0x8A, 0xE5, 0x21, 0x97, 0x5B, 0x90, 0xA6, 0x95,
    0x48, 0x53, 0xE5, 0xFF, 0x15, 0x22, 0x4C, 0x8F, 0xFE, 0xDA, 0x39, 0x2B, 0x4B, 0x82, 0xA6, 0x18,
    0x06, 0x1B, 0x2B, 0x49, 0x6B, 0x23, 0x48, 0x46, 0xB3, 0xDC, 0xFE, 0xE9, 0x45, 0x25, 0x37, 0xB3,
    0xCE, 0x59, 0xD0, 0x5E, 0xB3, 0x80, 0x6A, 0xCF, 0x3C, 0x4D, 0x38, 0x1D, 0xB0, 0xBE, 0x0C, 0xDA,
    0x2E, 0x36, 0xDF, 0xBF, 0x30, 0x72, 0x9C, 0x1A, 0x9D, 0x97, 0x85, 0xD3, 0x88, 0x5E, 0x7C, 0x9D,
    0x55, 0x4A, 0x9F, 0xC4, 0x31, 0x6F, 0x23, 0xD2, 0x3C, 0x52, 0x89, 0xA4, 0x0B, 0x64, 0xA0, 0xDC,
    0xD1, 0xC7, 0x40, 0x99, 0xD0, 0x07, 0x4A, 0xF7, 0x7B, 0x17, 0x31, 0x3D, 0xDD, 0x30, 0x83, 0x47,
    0x71, 0xA8, 0xC2, 0x36, 0xC8, 0x76, 0x40, 0xCD, 0xC4, 0xC3, 0x40, 0xCC, 0x25, 0x7E, 0x68, 0x8B,
    0xC2, 0x02, 0x4F, 0xE1, 0x6F, 0x53, 0xA0, 0xD0, 0xF8, 0xEB, 0x5E, 0x11, 0x3F, 0x66, 0x59, 0x68,
    0xF3, 0x2F, 0x45, 0xFF, 0x79, 0x42, 0xB6, 0xB5, 0xC0, 0x7D, 0xD9, 0x2E, 0xDD, 0x00, 0xD0, 0x3F,
    0xBB, 0xAE, 0x6C, 0x17, 0xAE, 0xF3, 0x33, 0xF7, 0x22, 0xDE, 0x7A, 0xE1, 0xBC, 0x5D, 0xA9, 0xD2,
    0xB6, 0x0A, 0xDC, 0xA8, 0x92, 0x7D, 0xB0, 0x35, 0x06, 0xC6, 0x86, 0x2C, 0xBB, 0x69, 0xEF, 0x38,
    0xB5, 0xB0, 0x21, 0xA9, 0x35, 0x15, 0x89, 0xD1, 0x61, 0x0B, 0x73, 0x7E, 0x36, 0x6D, 0xDA, 0xEE,
    0xD9, 0x41, 0xD2, 0xDA, 0x51, 0x6D, 0x3D, 0x71, 0xD0, 0x67, 0xE6, 0x92, 0x35, 0x5C, 0x63, 0x13,
    0x97, 0x3B, 0xF3, 0xA5, 0xB1, 0xE1, 0x42, 0x20, 0x8B, 0x79, 0x66, 0x23, 0x85, 0x34, 0x5A, 0x8F,
    0x46, 0xA3, 0x28, 0x60, 0xF4, 0x39, 0xD2, 0x85, 0xC6, 0xA4, 0xAE, 0x46, 0x1F, 0x1C, 0x4D, 0xC1,
    0x8D, 0x42, 0x0B, 0xB4, 0x52, 0x62, 0x36, 0x51, 0x53, 0xAA, 0xD9, 0xF4, 0x93, 0x58, 0x05, 0xB3,
    0x49, 0xCF, 0x26, 0x66, 0x13, 0x75, 0xE7, 0xC8, 0x6C, 0x6E, 0xC7, 0x66, 0x73, 0x62, 0x44, 0x66,
    0xB3, 0x91, 0x11, 0x48, 0x2A, 0x6A, 0xD6, 0x6F, 0x8C, 0xD9, 0x3C, 0xD2, 0xFD, 0x66, 0xD2, 0xFD,
    0xEB, 0x0B, 0xCE, 0x8C, 0x23, 0x61, 0x68, 0xFE, 0x74, 0xB0, 0x79, 0x0A, 0x58, 0x1F, 0x08, 0x7A,
    0x2B, 0x83, 0x86, 0x9C, 0x8C, 0x0C, 0x83, 0x68, 0x63, 0x10, 0x24, 0x13, 0x83, 0x5A, 0x9B, 0x2C,
    0x0C, 0x82, 0x64, 0x60, 0x10, 0x24, 0xFB, 0x02, 0x20, 0x9B, 0x17, 0x00, 0xD9, 0xBA, 0x94, 0xAD,
    0x1A, 0x97, 0xBA, 0x8B, 0xD8, 0xB6, 0xC4, 0x70, 0x17, 0x35, 0x2D, 0x43, 0x14, 0x2C, 0x4B, 0x15,
    0x0C, 0x4B, 0xC5, 0x76, 0xA5, 0xAF, 0x5D, 0xC1, 0x66, 0x65, 0x9D, 0x0D, 0x91, 0xB1, 0x2A, 0xC6,
    0x90, 0x18, 0x30, 0x9F, 0x06, 0x37, 0x53, 0xF6, 0xC4, 0x98, 0x13, 0x63, 0x4D, 0x8C, 0x31, 0x31,
    0xB6, 0xC4, 0x98, 0x12, 0x63, 0x49, 0x8C, 0x21, 0x99, 0xB0, 0x23, 0xAF, 0xFE, 0xE0, 0xE9, 0x66,
    0xEC, 0x20, 0xB8, 0x7F, 0x3A, 0x9C, 0xFD, 0x09, 0xE0, 0xF4, 0x12, 0x58, 0xD4, 0x86, 0x8D, 0xB1,
    0x00, 0x16, 0x95, 0x01, 0x4E, 0x8C, 0x28, 0x8C, 0xD2, 0x9D, 0x5B, 0x75, 0xB1, 0x32, 0xEA, 0xA1,
    0x31, 0x70, 0xAB, 0x8A, 0x22, 0xA3, 0xF3, 0xC0, 0x7B, 0x9D, 0xF7, 0xB5, 0xAC, 0x92, 0xB0, 0x2A,
    0xC2, 0x2A, 0x08, 0xAB, 0x1E, 0xAC, 0x72, 0x18, 0xA9, 0x06, 0xAB, 0x18, 0x46, 0x6A, 0xE1, 0xA2,
    0x52, 0x38, 0xD2, 0xEE, 0xC5, 0xA5, 0xDD, 0xE1, 0x8A, 0xDC, 0xAA, 0x71, 0xAB, 0xB6, 0x2D, 0x6C,
    0x15, 0x78, 0x50, 0xDF, 0x41, 0x6B, 0x07, 0x8D, 0xFA, 0x0C, 0x50, 0x7B, 0x51, 0x85, 0x1D, 0x00,
    0xFD, 0xBD, 0x40, 0x09, 0xEA, 0x7B, 0x80, 0x72, 0xF4, 0x47, 0x30, 0xF2, 0x45, 0x4C, 0x7A, 0x08,
    0xD0, 0x47, 0xD0, 0xC2, 0x7D, 0x06, 0x21, 0x00, 0xC6, 0xC9, 0x18, 0x3F, 0x79, 0x0A, 0x79, 0x02,
    0xC3, 0x87, 0x3D, 0x94, 0x77, 0xF8, 0x1C, 0xFE, 0xE0, 0xA3, 0x36, 0x08, 0x0D, 0xF2, 0x21, 0x06,
    0x5D, 0xEC, 0xB1, 0x8D, 0x91, 0xF1, 0x63, 0x30, 0xF0, 0x99, 0x9A, 0x73, 0x88, 0x8E, 0x73, 0x24,
    0x86, 0xA7, 0x7D, 0xEF, 0x47, 0x35, 0x58, 0x02, 0xD7, 0xCC, 0x5C, 0x97, 0xB1, 0xBE, 0xBC, 0x7D,
    0xAE, 0x01, 0x8C, 0xE7, 0xA8, 0x07, 0x1A, 0xC1, 0x00, 0xC5, 0x0B, 0x35, 0x2F, 0x11, 0xF9, 0x49,
    0x64, 0x60, 0xE6, 0x14, 0x24, 0x91, 0x89, 0x49, 0x88, 0x03, 0xC8, 0xC8, 0x64, 0xAE, 0x1E, 0xD4,
    0xCC, 0xE4, 0x5D, 0xEA, 0xD4, 0xD0, 0xD4, 0xDE, 0x2E, 0x14, 0x62, 0x6A, 0x5C, 0x03, 0x33, 0x23,
    0x63, 0x33, 0x73, 0x9B, 0xD8, 0xDF, 0x9B, 0xCC, 0xCD, 0xC2, 0x79, 0x8B, 0xD3, 0x05, 0x83, 0xF3,
    0x7B, 0xFF, 0x4D, 0x26, 0x98, 0x71, 0x3D, 0x1B, 0x9D, 0xAD, 0x0D, 0x67, 0xDA, 0xD2, 0x3D, 0x81,
    0x01, 0x1A, 0x9E, 0xCA, 0xA3, 0xB9, 0xDC, 0xA8, 0xE9, 0xF9, 0x51, 0x31, 0x8E, 0x62, 0xC6, 0x83,
    0x7C, 0xFF, 0xC0, 0xFA, 0x70, 0x56, 0xA7, 0x8C, 0x14, 0xC6, 0x38, 0xED, 0x9F, 0x8E, 0x06, 0xD6,
    0xED, 0xB3, 0xB1, 0xCD, 0x28, 0xB8, 0x19, 0x45, 0x37, 0x53, 0x66, 0x69, 0xB9, 0x93, 0xB6, 0xD8,
    0x07, 0xD5, 0x1A, 0xF0, 0x9E, 0xEE, 0x15, 0xA6, 0x45, 0x78, 0xB7, 0x87, 0x7E, 0x56, 0xA0, 0x8F,
    0xDB, 0x88, 0xA3, 0x02, 0x24, 0xA7, 0xFB, 0x41, 0x72, 0x80, 0x20, 0x3F, 0x71, 0x8E, 0xE7, 0xBD,
    0x0A, 0xE4, 0x40, 0xDA, 0xF3, 0x0D, 0x87, 0xF5, 0xA9, 0xAB, 0x38, 0x41, 0x92, 0x3A, 0x89, 0xE2,
    0x99, 0xF5, 0x28, 0xA8, 0xF6, 0x64, 0xC1, 0x94, 0x8F, 0x87, 0x7E, 0x89, 0xE7, 0xDC, 0xE7, 0xFE,
    0x4D, 0xE5, 0xD6, 0xFA, 0xCF, 0x59, 0x48, 0x6A, 0x88, 0xC6, 0xB8, 0xA3, 0x2E, 0x73, 0xAE, 0xAE,
    0xF4, 0x52, 0xDF, 0x96, 0x29, 0xC6, 0xD2, 0x26, 0xA8, 0x89, 0xF0, 0xFA, 0x71, 0xC0, 0x58, 0x08,
    0xEA, 0x57, 0x8C, 0x49, 0x84, 0xE8, 0x56, 0xF0, 0x6D, 0x04, 0x9D, 0x1E, 0x31, 0x39, 0x89, 0x49,
    0x0A, 0x4A, 0x9A, 0x29, 0xFE, 0xCE, 0x26, 0x41, 0x53, 0x20, 0xE3, 0x9A, 0xD7, 0x59, 0x15, 0xB8,
    0xBE, 0x0D, 0x01, 0x58, 0x17, 0xDC, 0x7D, 0xC8, 0x6E, 0xBC, 0x1B, 0x32, 0x22, 0x41, 0x95, 0x20,
    0x48, 0x8A, 0x24, 0xED, 0x55, 0x8D, 0x64, 0x21, 0x1B, 0x82, 0x39, 0x62, 0xF2, 0x57, 0xC1, 0x70,
    0x89, 0xBF, 0xEA, 0xE7, 0x1E, 0x52, 0x21, 0xEB, 0xA0, 0x3C, 0xDA, 0xE0, 0xAF, 0xB6, 0xE2, 0xAF,
    0xE6, 0x00, 0x92, 0xBF, 0x9A, 0xB8, 0xF5, 0x0B, 0xE5, 0xAF, 0x46, 0x1F, 0x22, 0x9A, 0x3B, 0xB2,
    0xBD, 0x48, 0xA9, 0x81, 0x82, 0xC8, 0x4A, 0x6F, 0x43, 0xE6, 0x7B, 0xE1, 0x88, 0xF3, 0xF1, 0x0C,
    0x7D, 0xE9, 0x5F, 0xE0, 0xFF, 0xF7, 0x0F, 0x32, 0xC1, 0x27, 0xFE, 0xB3, 0x9F, 0x4A, 0xE8, 0x56,
    0xF8, 0xFB, 0x54, 0x91, 0x7C, 0xCF, 0x8C, 0xF9, 0x0C, 0xF8, 0x19, 0xBE, 0x0B, 0x7C, 0x95, 0x18,
    0x61, 0xF6, 0x55, 0xBC, 0x3C, 0x2C, 0x94, 0x94, 0x60, 0xD0, 0x2A, 0x42, 0x46, 0xBD, 0xF5, 0xEE,
    0xC7, 0x27, 0x36, 0xE1, 0x48, 0xF9, 0x46, 0x82, 0xA9, 0xBA, 0x01, 0xF0, 0x67, 0x9C, 0x6D, 0x04,
    0xF8, 0x7B, 0x9C, 0x6C, 0xAC, 0x7F, 0xEB, 0xBA, 0xB8, 0xC6, 0x5C, 0xA3, 0x84, 0x58, 0xB9, 0x49,
    0x35, 0x52, 0xA6, 0xB1, 0x62, 0x5F, 0x65, 0x78, 0x5F, 0x12, 0x8D, 0x36, 0xCF, 0x38, 0xB3, 0x69,
    0x46, 0x9B, 0x65, 0x4C, 0x6C, 0x92, 0x71, 0x22, 0xC7, 0xF8, 0x73, 0x1B, 0xAC, 0x5B, 0xB8, 0x98,
    0x84, 0x67, 0x56, 0xD3, 0xDF, 0xBF, 0x92, 0xE3, 0x13, 0xC5, 0xFF, 0x67, 0xEC, 0xC2, 0xE8, 0xFE,
    0xE3, 0x67, 0x10, 0xFF, 0x50, 0x71, 0x5E, 0x10, 0xF5, 0xC5, 0x3F, 0x84, 0x94, 0x6F, 0xF0, 0x0F,
    0x1B, 0xEB, 0x1F, 0x76, 0xC6, 0x27, 0xEC, 0x15, 0xFE, 0x8C, 0xF1, 0x0C, 0xFE, 0xE1, 0xF7, 0xE9,
    0x3C, 0xFA, 0x87, 0xB1, 0xB7, 0xC4, 0x5F, 0x87, 0x7F, 0x78, 0xC4, 0xF9, 0xB5, 0xF4, 0xC9, 0x27,
    0x12, 0x77, 0x97, 0x00, 0x8B, 0x0B, 0xC0, 0xC9, 0x7B, 0x87, 0x3F, 0xB1, 0xA6, 0xCD, 0x34, 0x63,
    0xA6, 0xC9, 0x32, 0xCD, 0x93, 0x09, 0x8D, 0x34, 0x1F, 0xB6, 0x1A, 0x01, 0x40, 0x9A, 0x95, 0xD0,
    0x45, 0x32, 0x61, 0x45, 0xA0, 0x88, 0x92, 0x43, 0x69, 0xA1, 0x84, 0x08, 0x54, 0x50, 0x12, 0x04,
    0xFC, 0x4F, 0x20, 0x7F, 0xEC, 0x5C, 0xDC, 0xBD, 0x27, 0xCE, 0x05, 0x99, 0x1C, 0xA9, 0x99, 0x91,
    0x73, 0x51, 0x36, 0x62, 0x76, 0x28, 0x4E, 0x01, 0x9B, 0x48, 0x0E, 0x81, 0x77, 0x2E, 0x66, 0x44,
    0x7A, 0x74, 0x2E, 0xB6, 0xC1, 0xB9, 0x80, 0x27, 0x60, 0xE7, 0x62, 0x45, 0xCE, 0xC5, 0x63, 0x84,
    0x72, 0x4A, 0xFA, 0xAD, 0xD0, 0xB9, 0x18, 0xB0, 0xBE, 0xF0, 0x74, 0xE7, 0xE2, 0xA5, 0xE8, 0x6D,
    0x76, 0x2E, 0xF2, 0x8F, 0xB6, 0xEC, 0x5C, 0xD4, 0xBF, 0x76, 0xEC, 0x5C, 0x20, 0x84, 0xCE, 0x45,
    0xF9, 0xCB, 0x2D, 0x3B, 0x17, 0xB7, 0xA3, 0x07, 0x97, 0xB9, 0x69, 0x3B, 0x50, 0x14, 0xC4, 0xF0,
    0xF4, 0xCA, 0x69, 0xC0, 0x9B, 0x81, 0xC9, 0xC3, 0x9C, 0xAC, 0xF9, 0x03, 0x75, 0xB2, 0x50, 0x9D,
    0x91, 0x93, 0x85, 0xBE, 0x01, 0x39, 0x59, 0xC9, 0xA0, 0x4E, 0x56, 0x3A, 0xA8, 0x93, 0x95, 0x86,
    0x8A, 0x53, 0xEE, 0x8C, 0x93, 0xB5, 0x36, 0x4E, 0x96, 0x89, 0xD0, 0x24, 0x3E, 0xF3, 0x71, 0xA6,
    0x44, 0x67, 0x43, 0xAA, 0xB1, 0x59, 0xE3, 0xF5, 0xD9, 0xA1, 0x4E, 0xD6, 0xF9, 0x89, 0x80, 0x8B,
    0x2E, 0x5F, 0xB3, 0x93, 0x95, 0xF6, 0x9E, 0x4C, 0xE4, 0x64, 0xA5, 0x5B, 0xFF, 0x19, 0x72, 0xB2,
    0x16, 0x7D, 0xCE, 0x95, 0xCC, 0x28, 0x7E, 0xEF, 0xE5, 0xE2, 0xB9, 0x38, 0x59, 0xB1, 0x8D, 0xF2,
    0xE6, 0xFB, 0xC3, 0x37, 0x3B, 0x98, 0x8F, 0x32, 0xFD, 0x07, 0xDB, 0x1E, 0x3F, 0x51, 0x0A, 0x21,
    0xC4, 0xEA, 0xD4, 0xEB, 0x48, 0x5D, 0x2C, 0x0D, 0x4C, 0x66, 0x12, 0xB9, 0x88, 0x93, 0x85, 0x32,
    0x22, 0x5E, 0xD6, 0x5C, 0x2A, 0x00, 0xC0, 0xD5, 0x58, 0x69, 0x16, 0x3F, 0x6B, 0x29, 0xCA, 0x8D,
    0x9D, 0xAB, 0x21, 0x32, 0x9E, 0x96, 0x27, 0xA6, 0xE8, 0xA5, 0x27, 0x98, 0xD1, 0xE5, 0xC1, 0x47,
    0x70, 0x85, 0x9D, 0xAD, 0x47, 0xD1, 0xD9, 0x10, 0x59, 0x6F, 0x6B, 0xE4, 0x6E, 0x8D, 0xFC, 0x2D,
    0x75, 0xB8, 0x5E, 0x07, 0xF7, 0x5F, 0x3C, 0x2E, 0xB7, 0xE8, 0xD4, 0xE5, 0x8A, 0xDD, 0x3B, 0xBD,
    0xFA, 0x5C, 0x3C, 0x60, 0xA7, 0xCB, 0x7D, 0xAF, 0x0F, 0x5E, 0xD7, 0xB7, 0x63, 0xAB, 0xDE, 0x7F,
    0x76, 0xB1, 0x7C, 0x3F, 0x31, 0x88, 0x05, 0x3B, 0x84, 0xAE, 0x2A, 0xA8, 0xFB, 0xB9, 0xAD, 0x8F,
    0x60, 0xE9, 0x5D, 0xD4, 0xFE, 0x19, 0xC8, 0x9B, 0x31, 0xCF, 0xE3, 0xE2, 0x48, 0x18, 0x3C, 0x11,
    0x84, 0x80, 0x85, 0xFE, 0x27, 0x53, 0x19, 0xE9, 0xA2, 0xB3, 0xED, 0xB8, 0x30, 0x32, 0xAA, 0x8B,
    0x8C, 0xCA, 0x22, 0x62, 0x1A, 0x5E, 0x51, 0xEC, 0x78, 0xC1, 0x74, 0xC9, 0x46, 0x4D, 0xC4, 0xCC,
    0x7D, 0xBF, 0x57, 0x33, 0xC1, 0x03, 0x36, 0x15, 0x2E, 0xE9, 0x82, 0xB9, 0x78, 0x63, 0x76, 0x7E,
    0xC4, 0xCE, 0x81, 0xD8, 0xB9, 0x52, 0xA9, 0x68, 0x54, 0x29, 0x1A, 0x95, 0x86, 0x46, 0x83, 0x51,
    0x99, 0x68, 0xB2, 0x85, 0x8F, 0xB0, 0x3C, 0xEC, 0xAA, 0x9E, 0xEC, 0x53, 0x01, 0x44, 0x65, 0xA7,
    0x42, 0xA2, 0xE4, 0xCB, 0x4A, 0x54, 0xCA, 0x6A, 0x27, 0x50, 0xCF, 0xC4, 0x55, 0xBB, 0x35, 0xE1,
    0xB2, 0x16, 0x7C, 0xB6, 0x5E, 0xA5, 0x20, 0xE9, 0x9E, 0xCE, 0xEB, 0x94, 0x72, 0x75, 0xAE, 0x49,
    0x28, 0xBD, 0x58, 0xB7, 0x89, 0xC3, 0x53, 0xA0, 0x86, 0xD1, 0x15, 0xC9, 0xDB, 0x38, 0x3A, 0x41,
    0x80, 0xF2, 0x78, 0x1B, 0x02, 0x40, 0xE7, 0xB3, 0xAA, 0xE8, 0x10, 0xB8, 0xE3, 0xDC, 0x39, 0x5C,
    0xFA, 0x21, 0x74, 0x4C, 0xC5, 0xF5, 0x46, 0x03, 0x68, 0x0F, 0x74, 0x5C, 0x24, 0x74, 0x15, 0x50,
    0x64, 0x05, 0xD2, 0x8D, 0xE6, 0x05, 0x9E, 0x22, 0xAE, 0x6D, 0x15, 0x6F, 0xEA, 0xA5, 0xC6, 0xBC,
    0xAC, 0x76, 0x99, 0x35, 0xD8, 0x47, 0x01, 0x6E, 0x1F, 0xD1, 0x7B, 0x38, 0x7A, 0xA7, 0xD1, 0x72,
    0x57, 0xD0, 0x82, 0xB3, 0x4E, 0xD9, 0x7C, 0x20, 0x5A, 0x10, 0x00, 0xB4, 0x60, 0xE6, 0x0B, 0xD0,
    0x72, 0x7A, 0x0D, 0xD1, 0xA2, 0xB9, 0x29, 0x4D, 0xD7, 0x94, 0x62, 0x62, 0xFE, 0xF1, 0x42, 0xEA,
    0x30, 0xFF, 0xD7, 0xDD, 0xF6, 0x9E, 0x5A, 0x80, 0x52, 0x94, 0xCB, 0x9F, 0x5F, 0xFC, 0x8E, 0x97,
    0xC4, 0xA2, 0xC3, 0x9B, 0x4F, 0xCE, 0xD9, 0x3D, 0xA8, 0x07, 0xD2, 0x78, 0x33, 0x87, 0xA9, 0x91,
    0x8A, 0xFA, 0xE8, 0xC0, 0x9E, 0x2F, 0x01, 0x19, 0x40, 0x88, 0x1C, 0x5B, 0x1C, 0x3D, 0xE0, 0x5A,
    0xF4, 0x3B, 0xD7, 0xFE, 0x24, 0x90, 0x0F, 0x7A, 0xC3, 0x56, 0xE0, 0x70, 0x40, 0xFB, 0x18, 0xE6,
    0xCC, 0xDD, 0x3A, 0x73, 0x9D, 0x77, 0xD3, 0x3C, 0xBD, 0x3C, 0x36, 0x3E, 0x40, 0xD7, 0x53, 0xF0,
    0x53, 0xB8, 0x2F, 0x58, 0x33, 0x03, 0x62, 0x9E, 0x80, 0xFA, 0x05, 0xE7, 0xF3, 0x17, 0x35, 0x9A,
    0xE7, 0xF8, 0xA7, 0x13, 0x58, 0xD1, 0x64, 0x0E, 0x29, 0xE4, 0xC5, 0x63, 0x16, 0x12, 0xB6, 0xF4,
    0x0B, 0x76, 0x5A, 0xE7, 0x8F, 0xDE, 0x63, 0x23, 0xD2, 0x8E, 0xFC, 0xCC, 0xC5, 0x23, 0xE6, 0x87,
    0x51, 0x3C, 0x07, 0x08, 0x3E, 0x27, 0x94, 0x9D, 0x61, 0x65, 0x03, 0x2B, 0xCE, 0xD8, 0x32, 0x97,
    0x23, 0xB9, 0xD0, 0x87, 0xCB, 0xB7, 0x75, 0x0B, 0x5E, 0x76, 0xD9, 0x7A, 0xB7, 0x03, 0x0B, 0x1C,
    0x50, 0xF2, 0xE8, 0xFD, 0xCC, 0xE1, 0xB8, 0xF5, 0xF8, 0xF1, 0xBE, 0x5E, 0xBA, 0xF5, 0x8F, 0x06,
    0x1E, 0xA9, 0x3F, 0x7E, 0x07, 0x32, 0x81, 0xFE, 0x78, 0xE6, 0xB9, 0xA3, 0xEC, 0x79, 0xD2, 0x72,
    0xDC, 0x08, 0x8F, 0x48, 0x49, 0xDA, 0xA3, 0x23, 0x03, 0x0C, 0x78, 0x84, 0x63, 0xDB, 0xA9, 0xBF,
    0x1F, 0xFA, 0x7A, 0xDE, 0x05, 0x25, 0xC1, 0x70, 0xC4, 0xA6, 0x60, 0x4F, 0xB6, 0xDC, 0x92, 0xD5,
    0xB1, 0xBB, 0xDC, 0x72, 0xC0, 0x5C, 0x5C, 0x33, 0x7D, 0x7B, 0x8F, 0xF5, 0xED, 0xBC, 0x67, 0x35,
    0x8B, 0x18, 0x51, 0x00, 0xF4, 0x2D, 0xFA, 0xB0, 0xA8, 0x6F, 0x1F, 0xBC, 0xE8, 0x53, 0x1E, 0xB5,
    0x08, 0xCD, 0xFB, 0x5D, 0x87, 0x5F, 0x81, 0xE0, 0xB6, 0x3F, 0x60, 0x3D, 0x69, 0xAD, 0x50, 0x3C,
    0x61, 0x97, 0xAA, 0x43, 0x23, 0xD2, 0x1B, 0x85, 0xBA, 0x17, 0x55, 0x07, 0x8E, 0xC8, 0xC5, 0xC6,
    0xA2, 0xDD, 0xCD, 0xE2, 0x2B, 0xA0, 0x97, 0x60, 0x6E, 0x2F, 0x94, 0xAE, 0x7B, 0x85, 0x75, 0x1D,
    0x85, 0xF1, 0x1D, 0xC4, 0x00, 0x0B, 0x74, 0xAB, 0x2B, 0xD2, 0x75, 0x62, 0xE1, 0xBE, 0xAD, 0xDC,
    0xFD, 0x36, 0x9B, 0xBC, 0x9F, 0x48, 0xE3, 0xF3, 0xAF, 0x86, 0x1D, 0x00, 0x93, 0x11, 0xF4, 0xE6,
    0x07, 0xD7, 0x4E, 0x0A, 0x9E, 0xDD, 0x47, 0xBD, 0x59, 0xA8, 0xBB, 0x2B, 0x53, 0xA6, 0x76, 0xE6,
    0x9F, 0xF4, 0xA4, 0x33, 0x61, 0xA6, 0x0A, 0xA0, 0xCE, 0x84, 0x29, 0x9F, 0x5E, 0x1F, 0x6E, 0xB9,
    0x1F, 0x57, 0xEC, 0x71, 0xB3, 0x52, 0x98, 0xBB, 0xAC, 0x63, 0x80, 0xF5, 0x85, 0x5E, 0x8A, 0xEE,
    0xCF, 0xAA, 0xBD, 0x53, 0x7E, 0x61, 0x74, 0xE6, 0x49, 0xF1, 0x3A, 0xAB, 0xC3, 0x86, 0xB5, 0x45,
    0xFE, 0x39, 0xBB, 0x90, 0xF9, 0x1F, 0x18, 0xD0, 0x4B, 0x27, 0xC5, 0x1B, 0x93, 0xB3, 0x15, 0x9D,
    0x29, 0x4A, 0x53, 0xB5, 0xA6, 0xAA, 0x4D, 0xD5, 0x9B, 0xAA, 0x38, 0x55, 0x73, 0x8A, 0xEA, 0x8C,
    0x44, 0x77, 0x46, 0xA2, 0x3C, 0x23, 0xD1, 0x9E, 0x91, 0xA8, 0xCF, 0x48, 0xF4, 0xA7, 0x2C, 0x5D,
    0x50, 0x60, 0x13, 0x09, 0xD9, 0x05, 0xF0, 0x61, 0x10, 0x2B, 0x51, 0xD5, 0xA2, 0xAA, 0x46, 0x83,
    0x1E, 0x55, 0xA7, 0x51, 0xBD, 0x46, 0x75, 0x1B, 0x83, 0xDF, 0x38, 0xED, 0x38, 0x4E, 0xA4, 0x16,
    0xD5, 0xB0, 0xAA, 0x19, 0xD5, 0x33, 0x91, 0xC4, 0x26, 0x3F, 0xD6, 0xB5, 0x29, 0x7F, 0xDB, 0xEE,
    0x02, 0xC2, 0x5A, 0xAF, 0xCF, 0x8A, 0x17, 0x9B, 0xB5, 0x6E, 0x85, 0xD6, 0x03, 0x12, 0xF9, 0x85,
    0x1B, 0x0A, 0xCC, 0x08, 0x35, 0x88, 0x57, 0x5C, 0xAC, 0x42, 0x99, 0x6B, 0x87, 0x4D, 0x44, 0x70,
    0x61, 0x8E, 0x74, 0x24, 0xF1, 0xC7, 0x2C, 0xD4, 0x86, 0x34, 0x00, 0xFE, 0xDF, 0x45, 0xB2, 0x78,
    0x27, 0x71, 0x3D, 0xEB, 0x01, 0xF8, 0x78, 0xCF, 0xAA, 0x00, 0xE2, 0xDC, 0x9E, 0xB5, 0x01, 0xDC,
    0xE3, 0x5D, 0x52, 0x08, 0xD1, 0x5B, 0xB8, 0x1E, 0x42, 0xDB, 0x8D, 0xAA, 0x48, 0xD4, 0x02, 0x26,
    0x32, 0x59, 0x33, 0x40, 0xD6, 0x8A, 0x95, 0x03, 0x3E, 0x2D, 0xEB, 0x87, 0x47, 0x57, 0x2D, 0x4F,
    0x58, 0xB2, 0x65, 0xFB, 0x56, 0x54, 0x6C, 0xA6, 0xDF, 0x73, 0x12, 0xB4, 0xC9, 0x2B, 0xC1, 0x1F,
    0xC9, 0x98, 0x17, 0x81, 0xBE, 0x19, 0x95, 0xB5, 0x91, 0xC4, 0x19, 0x71, 0x2B, 0x52, 0x39, 0xA5,
    0x09, 0x20, 0xA1, 0x53, 0x9A, 0x0D, 0xD2, 0xFA, 0x16, 0x60, 0xA3, 0x61, 0x72, 0xE3, 0x52, 0x19,
    0xA6, 0x38, 0xDC, 0xAA, 0x65, 0xA2, 0x83, 0xD0, 0xB6, 0x4C, 0x77, 0x7F, 0x7A, 0xB8, 0x47, 0xA4,
    0x8F, 0xFF, 0x01, 0x97, 0x86, 0x31, 0xF5, 0x81, 0x52, 0x8A, 0x43, 0xE8, 0x85, 0xF9, 0xC2, 0x69,
    0xB9, 0x84, 0xD9, 0x00, 0xD5, 0x39, 0x73, 0x02, 0xEB, 0xD5, 0xA7, 0xF8, 0x66, 0x13, 0x3C, 0x3D,
    0x32, 0xCD, 0x3B, 0xE9, 0x4E, 0x0B, 0xD7, 0x06, 0xBE, 0x7D, 0x23, 0xF9, 0xED, 0xF4, 0x8F, 0xC5,
    0x98, 0x7D, 0x5D, 0x57, 0x7E, 0xCB, 0x8C, 0x38, 0x96, 0x66, 0x41, 0x87, 0xE9, 0xC2, 0x1F, 0xC1,
    0xB9, 0x41, 0xD2, 0xCB, 0x97, 0xA2, 0xFF, 0xC8, 0x6F, 0x7F, 0x0C, 0xBF, 0x7D, 0xB8, 0xAF, 0x29,
    0xA3, 0x9A, 0x84, 0x63, 0x5B, 0x92, 0x7B, 0xE3, 0x80, 0x87, 0xBD, 0xDE, 0xFA, 0x33, 0x1E, 0x25,
    0x70, 0xE3, 0xBA, 0x4A, 0x0D, 0x21, 0xFD, 0x63, 0xA4, 0xCE, 0xAE, 0x89, 0x5C, 0x25, 0xCE, 0x2C,
    0x81, 0x82, 0xAE, 0x38, 0xBC, 0xEC, 0xEF, 0xF0, 0x92, 0x0F, 0x10, 0x1B, 0x76, 0xB6, 0xD3, 0x0E,
    0x3C, 0xB0, 0x5A, 0x5C, 0x6E, 0xEF, 0xF4, 0xFA, 0x3F, 0x5E, 0x75, 0xE2, 0xFD, 0x6D, 0x74, 0xB9,
    0xB1, 0x96, 0x98, 0x90, 0x1F, 0x9E, 0x6F, 0xA4, 0xE8, 0xD8, 0x99, 0x21, 0x32, 0x67, 0xBD, 0x81,
    0x3F, 0xFF, 0x66, 0xE4, 0xCF, 0x19, 0xB4, 0xFF, 0xFA, 0xBF, 0xB0, 0x64, 0x91, 0x9A, 0xD7, 0x95,
    0x4B, 0xA9, 0xD6, 0xAE, 0x8C, 0x2A, 0xE1, 0x2F, 0xF2, 0x6A, 0x0F, 0x35, 0xE7, 0xE0, 0xAE, 0x7B,
    0xAF, 0xA4, 0xB9, 0x33, 0x5A, 0xA6, 0x75, 0x65, 0xD6, 0xDD, 0xE1, 0xDE, 0xDD, 0xF2, 0xDA, 0x85,
    0x61, 0x3D, 0x1E, 0xDE, 0xDE, 0xEF, 0x02, 0x1E, 0x89, 0x32, 0x7E, 0xDD, 0x8D, 0x2E, 0xC1, 0x6B,
    0xFC, 0x14, 0xAC, 0x57, 0x97, 0x11, 0xF0, 0x0A, 0xDD, 0x5F, 0x47, 0xA2, 0xEC, 0x7F, 0xFD, 0xD9,
    0xB8, 0x65, 0x61, 0x2B, 0x09, 0x30, 0x2E, 0xDD, 0xB2, 0xCE, 0x0C, 0x1D, 0x12, 0xA8, 0x36, 0xA5,
    0xE2, 0x56, 0x90, 0xE6, 0x84, 0x92, 0xC9, 0x5F, 0xA2, 0xAE, 0x46, 0xE5, 0x09, 0x46, 0xB6, 0x6C,
    0x60, 0x48, 0xB1, 0x46, 0x0D, 0x9B, 0x0F, 0xCC, 0x34, 0xE2, 0xA8, 0xD7, 0xFE, 0xCF, 0x93, 0x5E,
    0xE2, 0x0E, 0x08, 0x34, 0xFC, 0xFF, 0xA4, 0x48, 0x81, 0x25, 0xF0, 0x8F, 0x74, 0xE9, 0x0C, 0x16,
    0xDE, 0xC3, 0x3B, 0x49, 0x9D, 0x26, 0xF8, 0x67, 0xE2, 0x11, 0x9E, 0xFE, 0x18, 0x57, 0x41, 0xAF,
    0x92, 0xFD, 0x63, 0xD5, 0xFA, 0x07, 0xFC, 0xDB, 0xB0, 0x76, 0x1D, 0x8A, 0x12, 0x30, 0x78, 0x31,
    0x79, 0x78, 0x6B, 0x94, 0xB1, 0x30, 0xAC, 0x02, 0x2B, 0xE6, 0x0C, 0xAB, 0xF8, 0xA9, 0x1A, 0x56,
    0x81, 0x05, 0xEE, 0x92, 0xBB, 0xE0, 0xF2, 0x75, 0xC7, 0xAC, 0xB2, 0x3C, 0xC7, 0x0E, 0xA2, 0x5E,
    0xF2, 0x18, 0xAD, 0xB7, 0x01, 0xD5, 0x72, 0x2B, 0xD9, 0x8C, 0x76, 0xE6, 0x71, 0x84, 0xE6, 0x04,
    0x58, 0xA5, 0x6C, 0x60, 0x4F, 0x04, 0x0C, 0x53, 0x81, 0x55, 0x5C, 0x03, 0x3D, 0x46, 0x70, 0x15,
    0x58, 0x25, 0xF6, 0x31, 0xF2, 0x16, 0xFB, 0x96, 0x90, 0x55, 0x16, 0xAE, 0xAB, 0xA1, 0xFB, 0xBC,
    0x0F, 0xD3, 0x7F, 0xFC, 0xD0, 0xCF, 0x70, 0xCC, 0x2A, 0x2D, 0xB3, 0xCA, 0x30, 0x66, 0x95, 0xB6,
    0x64, 0xE4, 0x10, 0xAB, 0x54, 0xF0, 0xEC, 0xCE, 0xD4, 0xD7, 0x5F, 0x7B, 0xF8, 0xF0, 0xDE, 0x37,
    0x44, 0x7E, 0x8F, 0x44, 0xD9, 0x21, 0x8A, 0x79, 0xBD, 0x1A, 0x59, 0x81, 0x25, 0x6F, 0x51, 0x05,
    0xB6, 0x76, 0x56, 0x60, 0x17, 0xD8, 0xCD, 0x96, 0x08, 0x36, 0x96, 0x88, 0x17, 0x12, 0x58, 0xEF,
    0xB4, 0xD6, 0x94, 0x6D, 0xE3, 0xE4, 0xC0, 0x1C, 0x94, 0xC8, 0x86, 0x04, 0x36, 0x06, 0x94, 0x36,
    0x5E, 0x5F, 0x91, 0xC0, 0xCE, 0x3C, 0x9E, 0xA0, 0x41, 0x72, 0x43, 0x02, 0x3B, 0x77, 0x45, 0x89,
    0xBB, 0x7B, 0x90, 0xC0, 0x2E, 0xFC, 0x5C, 0x36, 0x90, 0xC7, 0x23, 0x81, 0xCD, 0xDC, 0xAF, 0xB1,
    0x55, 0xBC, 0x0D, 0x02, 0xFB, 0xBB, 0xF7, 0xBD, 0x67, 0x35, 0x16, 0xD8, 0x8A, 0x05, 0xF6, 0x09,
    0x3B, 0x49, 0x2C, 0xB0, 0x1F, 0x71, 0x4A, 0x87, 0x04, 0x96, 0x76, 0x08, 0x01, 0xF7, 0x5A, 0x04,
    0xF6, 0xAD, 0x87, 0xBB, 0x8D, 0xDC, 0xCB, 0xE8, 0x52, 0xA3, 0xBE, 0xBE, 0x82, 0x8D, 0x3F, 0x3D,
    0xF2, 0xE4, 0xB3, 0xF2, 0xE4, 0xD7, 0xE5, 0x7D, 0x1D, 0xA9, 0xFF, 0x0D, 0x34, 0x13, 0xCB, 0xB1,
    0x99, 0x08, 0xCB, 0xB4, 0x94, 0x28, 0xC6, 0x4C, 0xC0, 0x95, 0xD3, 0x23, 0x51, 0x9E, 0xBF, 0x48,
    0x8E, 0xB6, 0x00, 0x1B, 0x2D, 0x7B, 0xD8, 0xED, 0x75, 0xBD, 0x70, 0x75, 0x36, 0xEC, 0x14, 0x47,
    0xAE, 0x62, 0xB7, 0x8F, 0xE6, 0x89, 0x5F, 0x76, 0xA3, 0xAA, 0xF8, 0x42, 0xFB, 0xE6, 0xB4, 0x43,
    0xF5, 0x9C, 0x07, 0x6B, 0x23, 0x22, 0x6E, 0x1D, 0xD7, 0xE7, 0x22, 0x20, 0x6E, 0xBD, 0x0C, 0xE2,
    0xE1, 0x3E, 0x86, 0x19, 0xB3, 0x70, 0xB8, 0xDF, 0x40, 0x1A, 0x84, 0x45, 0x83, 0x38, 0x72, 0xA1,
    0xD5, 0x95, 0x7F, 0x91, 0xC4, 0x55, 0x04, 0xB9, 0xA7, 0x5C, 0x32, 0x57, 0x90, 0x37, 0xC1, 0x22,
    0x19, 0x36, 0x9A, 0xBB, 0x28, 0x94, 0xE9, 0xEA, 0x9E, 0xFA, 0xF0, 0x49, 0x1C, 0xA0, 0x1A, 0xC1,
    0xE5, 0xBA, 0xB9, 0x5B, 0x7F, 0xEB, 0x83, 0x71, 0xC4, 0xB3, 0xB6, 0x82, 0x50, 0x98, 0x68, 0xA7,
    0xD7, 0x0C, 0x16, 0xF2, 0x3C, 0x8B, 0x80, 0x7F, 0x4D, 0x17, 0x1E, 0xE3, 0x37, 0xF7, 0x31, 0xBA,
    0x1F, 0xCC, 0x5A, 0x33, 0x08, 0xCD, 0xE5, 0x30, 0xD8, 0xEE, 0xBB, 0x92, 0x74, 0x66, 0x10, 0x36,
    0x00, 0x1D, 0x09, 0xCD, 0xA5, 0x83, 0x13, 0xE4, 0x11, 0x90, 0x09, 0x3F, 0xA8, 0x55, 0x22, 0xE6,
    0xEE, 0xAF, 0x10, 0xE7, 0x5C, 0xB9, 0x29, 0x25, 0x61, 0xD8, 0x70, 0x5B, 0x2E, 0x57, 0x70, 0xFC,
    0x60, 0xF8, 0xA1, 0x54, 0x71, 0xFC, 0xA0, 0x89, 0x21, 0x78, 0x02, 0x39, 0x98, 0xC3, 0x07, 0x24,
    0x37, 0x85, 0x09, 0xC3, 0xBA, 0x11, 0x19, 0x68, 0x43, 0x55, 0x07, 0xFA, 0x01, 0x17, 0x12, 0x4F,
    0xA5, 0xAE, 0x78, 0xAD, 0x1E, 0x47, 0x53, 0x26, 0x89, 0x08, 0x1A, 0x26, 0x44, 0x52, 0x8D, 0xA6,
    0xA8, 0x90, 0xCD, 0x39, 0x47, 0xE5, 0xE1, 0xF3, 0x3D, 0x49, 0xAA, 0x93, 0x7F, 0x37, 0x7C, 0x0D,
    0x81, 0xD6, 0x2D, 0x69, 0x07, 0x56, 0xD5, 0x9C, 0x3B, 0x27, 0xD9, 0x52, 0xD2, 0x06, 0xC2, 0x77,
    0xC3, 0xFB, 0x11, 0x67, 0x4B, 0x63, 0x59, 0x9E, 0x8E, 0x1D, 0x0D, 0x2B, 0x0C, 0xE7, 0x4F, 0xA4,
    0xBB, 0x81, 0x72, 0x70, 0x1B, 0xDD, 0x09, 0x2C, 0xA1, 0x65, 0x0E, 0xAF, 0x44, 0xA2, 0x82, 0xDB,
    0x59, 0x1F, 0x49, 0x6D, 0x78, 0x00, 0xFE, 0xA3, 0x6C, 0xE9, 0x12, 0xE6, 0x66, 0x26, 0x1A, 0xB2,
    0xA5, 0x30, 0x67, 0x65, 0xB6, 0x75, 0xE0, 0xB5, 0x4F, 0x34, 0x5B, 0x7A, 0x50, 0x8B, 0xCD, 0x9F,
    0x20, 0x5B, 0x1A, 0xBD, 0x75, 0x1E, 0xE2, 0x70, 0x65, 0x4F, 0xDC, 0xB2, 0x8F, 0x34, 0x2C, 0x2D,
    0x0E, 0x23, 0x5E, 0xE2, 0xE5, 0x49, 0x40, 0xEA, 0xC7, 0xFF, 0xC9, 0xF9, 0xCD, 0xC4, 0x51, 0x1B,
    0xA8, 0x6B, 0x79, 0xA9, 0x03, 0xF2, 0x10, 0x55, 0x44, 0x91, 0x83, 0x12, 0x6A, 0x2D, 0x01, 0xFE,
    0x01, 0x49, 0x29, 0x84, 0x7B, 0x56, 0x49, 0x43, 0xBC, 0x13, 0xBB, 0xC7, 0x8E, 0x35, 0x27, 0x60,
    0x6C, 0x13, 0xF8, 0xA6, 0x0B, 0xC8, 0xDC, 0x28, 0xCF, 0x0C, 0x85, 0x72, 0xCC, 0xB9, 0xF0, 0xCB,
    0x1E, 0x6E, 0x59, 0x16, 0xD3, 0x58, 0xB0, 0xC9, 0x0B, 0xEB, 0xC0, 0x95, 0xAB, 0xE9, 0xAA, 0xD1,
    0x41, 0xCB, 0x32, 0x8E, 0x7C, 0xF9, 0x5C, 0xF9, 0xF2, 0x43, 0x93, 0xC5, 0x37, 0x8A, 0xAE, 0x98,
    0x00, 0x6D, 0x0A, 0xFF, 0x2A, 0x7E, 0xC4, 0x75, 0x66, 0xFD, 0xBB, 0x53, 0x38, 0x8F, 0x27, 0xC1,
    0xC8, 0x54, 0x43, 0xAE, 0x92, 0x4D, 0xF9, 0x51, 0x11, 0x6C, 0x96, 0x96, 0x9D, 0xB3, 0x80, 0xC9,
    0x52, 0x37, 0x6D, 0x44, 0x26, 0x23, 0x81, 0x88, 0xDD, 0x6F, 0x1D, 0x37, 0xEA, 0x40, 0x03, 0x06,
    0xB7, 0xEA, 0x80, 0xCD, 0x6A, 0xA4, 0xA6, 0x15, 0x95, 0xEC, 0x36, 0x2F, 0x68, 0x7B, 0x28, 0xA9,
    0x68, 0x71, 0x56, 0x74, 0xCE, 0xAB, 0x23, 0x51, 0x12, 0x08, 0x4C, 0xA8, 0x43, 0xA3, 0x65, 0x39,
    0xC0, 0x76, 0x10, 0x2E, 0x66, 0x81, 0x7C, 0x93, 0x14, 0xF8, 0x13, 0xAB, 0x80, 0xD4, 0x42, 0x65,
    0x60, 0x08, 0x22, 0xD0, 0x05, 0x09, 0x58, 0xAB, 0x00, 0x7C, 0x7A, 0x55, 0xE6, 0x2F, 0xAB, 0x29,
    0x76, 0x37, 0xA0, 0x61, 0xFC, 0xDB, 0xD1, 0x91, 0x6E, 0x5F, 0x29, 0xDD, 0xAE, 0x8A, 0xDF, 0xBB,
    0x01, 0xBF, 0x7B, 0xDE, 0xB4, 0xDA, 0xCD, 0x4C, 0x02, 0x7E, 0x4F, 0x6F, 0x28, 0x7E, 0xCD, 0x3A,
    0x48, 0xB3, 0x0A, 0xD2, 0x78, 0xC8, 0x06, 0xB4, 0xEB, 0x1F, 0xAF, 0xA0, 0xB6, 0x8D, 0xAA, 0xCB,
    0x82, 0xF1, 0xAE, 0x15, 0xD5, 0x71, 0xD8, 0x3B, 0x70, 0x1E, 0x6A, 0x2E, 0x89, 0x57, 0xAC, 0xAC,
    0xD7, 0xB1, 0x71, 0x96, 0xF4, 0x7A, 0xDA, 0xD3, 0xBE, 0x14, 0xB8, 0x53, 0xC8, 0x4C, 0x1A, 0x9B,
    0xB2, 0xAD, 0xB6, 0x36, 0x65, 0xE8, 0x23, 0xA3, 0x5E, 0x4F, 0x11, 0x44, 0xBD, 0x8E, 0xA0, 0xB8,
    0xC4, 0x1E, 0x49, 0x5C, 0xAD, 0xF5, 0x48, 0xA9, 0xA4, 0x58, 0xEB, 0xE7, 0xC9, 0x7A, 0x3D, 0x3A,
    0x73, 0xA1, 0x54, 0x6B, 0xEC, 0x70, 0x17, 0xDC, 0x60, 0xE3, 0x04, 0x07, 0x17, 0x78, 0x52, 0xAF,
    0x9F, 0x04, 0x4C, 0x99, 0xC5, 0x67, 0x66, 0xB5, 0x99, 0x01, 0xF3, 0x8F, 0x15, 0xDC, 0xBF, 0xE8,
    0xEC, 0xA8, 0x1F, 0x46, 0xAF, 0x37, 0x42, 0xEC, 0x85, 0xEB, 0x50, 0x99, 0xA3, 0xDE, 0xE9, 0x2F,
    0x82, 0xB2, 0x8A, 0x70, 0xE7, 0x63, 0x47, 0xFE, 0xBD, 0x8C, 0x7F, 0x47, 0xDB, 0x2E, 0x97, 0x86,
    0xD1, 0x56, 0x81, 0xBB, 0xD6, 0x7A, 0xD2, 0x66, 0xD6, 0x0A, 0xC5, 0xCE, 0x46, 0x51, 0x32, 0x04,
    0x44, 0xAA, 0x47, 0x4F, 0xBB, 0x90, 0xDD, 0x52, 0x90, 0x78, 0x12, 0x31, 0x2D, 0x0D, 0x34, 0xDA,
    0x3F, 0x13, 0x03, 0x53, 0x73, 0x1E, 0x02, 0xB6, 0x44, 0x93, 0x2A, 0x2C, 0x2C, 0x97, 0xA6, 0x1C,
    0x04, 0xAF, 0xC3, 0xC7, 0xDE, 0x19, 0xFA, 0x62, 0xCC, 0x36, 0xD1, 0x9A, 0x72, 0xEC, 0x9C, 0x59,
    0xAA, 0xCB, 0x8D, 0x20, 0xF3, 0x64, 0x68, 0x22, 0xE5, 0x36, 0xD2, 0x4E, 0x70, 0x26, 0x3C, 0xD9,
    0x04, 0x9E, 0xAC, 0x94, 0x27, 0x37, 0x5F, 0xA9, 0xAF, 0x71, 0xA4, 0xC5, 0x33, 0xD0, 0x62, 0x16,
    0x7C, 0x08, 0x8F, 0x33, 0xCD, 0x32, 0xAE, 0xC4, 0x27, 0x28, 0xB1, 0xEC, 0xAC, 0x38, 0x23, 0x9F,
    0x00, 0x71, 0x76, 0x7A, 0xD3, 0x70, 0x16, 0x73, 0x7A, 0x92, 0xDA, 0xAD, 0x66, 0xB4, 0x8C, 0x3C,
    0x5A, 0x56, 0x78, 0x9C, 0x41, 0x19, 0xBE, 0xC2, 0xC6, 0xA7, 0x19, 0xE9, 0x30, 0x0C, 0x78, 0xFD,
    0x0D, 0x2B, 0x2C, 0xEA, 0xFB, 0x7B, 0x41, 0x43, 0xB5, 0xC3, 0x3D, 0xA4, 0x56, 0xB8, 0x9F, 0x3A,
    0x1E, 0x0B, 0x3C, 0xE2, 0x16, 0x02, 0x38, 0x6E, 0xF0, 0x88, 0x99, 0x29, 0xAC, 0xF2, 0x0F, 0x74,
    0x5C, 0xF2, 0x66, 0x08, 0x09, 0x76, 0xA7, 0xAD, 0x68, 0x29, 0x22, 0xEE, 0x91, 0xD1, 0x51, 0xCC,
    0x9F, 0xF7, 0x74, 0xCC, 0xB6, 0x74, 0x2D, 0x83, 0x18, 0xCD, 0x4F, 0xA3, 0x1C, 0x78, 0xE6, 0xA2,
    0xEA, 0xFA, 0x48, 0x7B, 0xBF, 0x3F, 0xA7, 0x94, 0x19, 0xE4, 0x82, 0xB9, 0xF3, 0x6B, 0xBC, 0xAA,
    0xF3, 0xF5, 0x30, 0x75, 0xB3, 0xE1, 0xD9, 0x60, 0xF2, 0x02, 0x81, 0xE0, 0xEA, 0xBC, 0x87, 0x3D,
    0xA4, 0x92, 0x70, 0x32, 0x0F, 0x5B, 0x50, 0x97, 0xC1, 0xCD, 0xAF, 0xC3, 0x5D, 0xD9, 0x46, 0x80,
    0x3D, 0xE0, 0xFE, 0x71, 0x6A, 0x42, 0xD3, 0x1E, 0xB4, 0x05, 0xB7, 0xFB, 0x61, 0x52, 0xA1, 0x97,
    0x38, 0x95, 0xF6, 0x93, 0xA7, 0x84, 0x77, 0x8A, 0x28, 0xC2, 0xE6, 0x89, 0x39, 0x6D, 0x10, 0x91,
    0x0E, 0xB4, 0xE3, 0x89, 0x74, 0x9F, 0xE1, 0xE6, 0x10, 0x64, 0x0F, 0xD0, 0x96, 0xA0, 0x3D, 0x80,
    0xCD, 0x4D, 0xD4, 0x1E, 0xB4, 0x81, 0x4D, 0xD6, 0xC1, 0x1E, 0x54, 0x6A, 0x0F, 0xB6, 0xD1, 0xE5,
    0xF6, 0xE0, 0xCD, 0x62, 0xD7, 0xA3, 0xBE, 0x1A, 0xB0, 0xBE, 0x0C, 0x90, 0xA4, 0xB4, 0x26, 0xA4,
    0x77, 0xD7, 0x85, 0x20, 0x80, 0x49, 0x68, 0x69, 0xC0, 0xA9, 0x1B, 0x16, 0x1C, 0xEC, 0xDC, 0xCC,
    0x78, 0x1F, 0x7D, 0xDD, 0x50, 0x9F, 0x12, 0xCE, 0xE2, 0x84, 0xF8, 0x4F, 0x72, 0x73, 0x4D, 0x53,
    0xEF, 0x26, 0x98, 0xB5, 0x95, 0xA6, 0x60, 0x31, 0xD1, 0xBA, 0x4A, 0x73, 0xA0, 0x72, 0xBF, 0xFA,
    0x4A, 0xF7, 0x23, 0x32, 0x77, 0x90, 0x70, 0x57, 0x26, 0xC8, 0x5B, 0x38, 0x8A, 0x92, 0x36, 0x67,
    0x58, 0x41, 0xCB, 0x2A, 0xF6, 0xEB, 0x81, 0x04, 0x2D, 0x4F, 0x2C, 0xDC, 0x15, 0x80, 0xF9, 0x41,
    0x40, 0x61, 0x00, 0x2A, 0x37, 0x14, 0x17, 0x16, 0x88, 0x68, 0x89, 0xA1, 0x90, 0xF2, 0x42, 0x25,
    0xA5, 0x85, 0x4A, 0xCA, 0x0A, 0x95, 0xF8, 0x9F, 0x95, 0x64, 0xC5, 0xD8, 0xF7, 0x9C, 0xC3, 0xAE,
    0x49, 0xD4, 0x96, 0x55, 0x88, 0x9E, 0x51, 0x2D, 0x23, 0x3A, 0x46, 0xDB, 0xAF, 0xA4, 0x50, 0xE6,
    0x8A, 0x5D, 0xED, 0xF2, 0x2A, 0x17, 0x2B, 0x65, 0xAF, 0xA0, 0xA7, 0x1D, 0xF3, 0x4B, 0x8E, 0xB0,
    0x06, 0x09, 0x3A, 0xEB, 0x6A, 0xFA, 0xA5, 0x19, 0x5C, 0x81, 0xE4, 0x8F, 0xE3, 0x75, 0x9B, 0x1B,
    0x5A, 0x7E, 0xE4, 0x8F, 0xB8, 0xFA, 0x28, 0xEF, 0x68, 0xF1, 0x51, 0xDE, 0xD1, 0xDA, 0xA3, 0xBC,
    0xA3, 0xA5, 0x47, 0x79, 0x47, 0x2B, 0x8F, 0xE0, 0xF8, 0x1D, 0xDC, 0xF6, 0x96, 0xD6, 0x1D, 0xE9,
    0xE2, 0x32, 0xA9, 0x58, 0xC9, 0x7A, 0xCD, 0x75, 0xA8, 0x57, 0xC1, 0x92, 0xA3, 0xCD, 0xF3, 0x5B,
    0xA3, 0x6E, 0x0A, 0xDB, 0x52, 0xD5, 0x9E, 0x3D, 0xD0, 0x14, 0xB5, 0xB7, 0x15, 0x95, 0xA4, 0xA8,
    0x23, 0xCA, 0x77, 0x72, 0x50, 0xE7, 0xEF, 0xAA, 0xAE, 0x86, 0xFF, 0x26, 0xE9, 0x56, 0x74, 0xB5,
    0x13, 0x67, 0x23, 0xEF, 0x29, 0x23, 0x8A, 0x05, 0xEC, 0x0D, 0x71, 0x0D, 0xA7, 0xA8, 0x01, 0xBE,
    0x43, 0x3C, 0x0E, 0x30, 0xF2, 0xBB, 0x77, 0x85, 0xFE, 0x06, 0xA9, 0x3D, 0x91, 0xA2, 0x36, 0x71,
    0x5C, 0x28, 0xD3, 0x7D, 0x8E, 0xF6, 0x98, 0x0B, 0xD5, 0x2F, 0x5F, 0xBE, 0x80, 0xEA, 0xF9, 0xA7,
    0xA8, 0xAF, 0x2B, 0xDE, 0xEE, 0x4E, 0x57, 0x79, 0xE3, 0xBD, 0xE8, 0xA9, 0x9E, 0xBD, 0x0F, 0xEF,
    0xDA, 0xF2, 0x1E, 0xF5, 0x25, 0xE0, 0x36, 0xD9, 0xD4, 0x93, 0x00, 0xB2, 0x48, 0xFD, 0x08, 0x0B,
    0x27, 0x21, 0x3A, 0xCD, 0x53, 0x5C, 0x32, 0xED, 0x41, 0x28, 0x07, 0x7C, 0x4E, 0x5C, 0x41, 0xD7,
    0xE6, 0xBD, 0xF4, 0x1E, 0xAC, 0x20, 0xCE, 0x67, 0x25, 0x99, 0x6E, 0x49, 0x4D, 0x7A, 0x4F, 0x38,
    0xDD, 0x92, 0xA2, 0x5C, 0xBA, 0x47, 0x67, 0x7D, 0x28, 0x1D, 0x98, 0xE6, 0x8F, 0x2E, 0x54, 0x5A,
    0x5B, 0x56, 0x98, 0xBF, 0xF2, 0x4F, 0xC2, 0xBD, 0xAA, 0xB0, 0xDB, 0xD2, 0x45, 0x97, 0xEC, 0x43,
    0xA5, 0xBA, 0xAA, 0xFA, 0x6A, 0x07, 0x08, 0x05, 0x97, 0x4B, 0x16, 0x4C, 0xDC, 0xC0, 0xAD, 0x86,
    0x6E, 0x14, 0xEA, 0xEE, 0xCA, 0x94, 0xA9, 0x4C, 0xE9, 0x0A, 0x52, 0x13, 0x68, 0xE2, 0x05, 0x40,
    0x05, 0x01, 0x53, 0x3E, 0xBD, 0x3E, 0xDC, 0x32, 0xD3, 0xF8, 0x5D, 0xA2, 0x31, 0x6D, 0xEB, 0x50,
    0x60, 0xA1, 0xF9, 0xC2, 0x4B, 0xF2, 0x82, 0x2F, 0xCE, 0xD6, 0x17, 0x52, 0x47, 0x17, 0xB6, 0x17,
    0x8F, 0x53, 0x5C, 0x63, 0xA9, 0x9B, 0x4F, 0xD9, 0x80, 0x6B, 0xBD, 0xBD, 0x4F, 0x64, 0x0C, 0xE0,
    0x7C, 0xF4, 0x8B, 0x9B, 0x91, 0x49, 0xF2, 0x56, 0x6A, 0xEE, 0x32, 0xD7, 0xAA, 0xB9, 0x83, 0x6D,
    0x32, 0xC5, 0xDC, 0xE5, 0x2E, 0x98, 0x3B, 0x17, 0xCC, 0x5D, 0xEC, 0x7E, 0xE3, 0xCD, 0x8E, 0x64,
    0xCA, 0xBD, 0xED, 0x8B, 0x24, 0x55, 0x3E, 0xA7, 0xFE, 0x36, 0xCF, 0xF1, 0x08, 0x73, 0x44, 0xE1,
    0xE1, 0xA1, 0xE4, 0xF5, 0x20, 0x33, 0xF7, 0xCE, 0x76, 0x29, 0x6B, 0xFA, 0xE0, 0xC7, 0x1C, 0x7A,
    0xCE, 0xED, 0x78, 0xEC, 0xA4, 0xC1, 0x44, 0x3C, 0xAE, 0x7B, 0xD3, 0x13, 0xD5, 0x9B, 0x96, 0xA8,
    0x8D, 0xE9, 0x88, 0x5A, 0x8B, 0x30, 0x9C, 0x8C, 0x7E, 0xF1, 0xAA, 0xF8, 0xAA, 0xBA, 0x01, 0x4E,
    0x0C, 0x9C, 0x9A, 0x37, 0x2E, 0x4D, 0xC2, 0xA9, 0xB4, 0x7B, 0xF1, 0xD1, 0x9D, 0xD1, 0x14, 0xF3,
    0x56, 0xF6, 0x35, 0xE6, 0x36, 0x90, 0xB8, 0x2C, 0x5A, 0x98, 0x6D, 0xA1, 0x42, 0xFE, 0x00, 0xDB,
    0x2E, 0xF3, 0x1A, 0xBD, 0x3E, 0xC5, 0xDF, 0x97, 0xC4, 0x94, 0x79, 0x97, 0xC2, 0x7C, 0x29, 0x67,
    0x0E, 0x3F, 0x87, 0xC1, 0x41, 0x4B, 0xDA, 0x67, 0x5F, 0xCA, 0xD2, 0x92, 0x64, 0xC8, 0xDB, 0xBA,
    0x91, 0x2E, 0x28, 0xD8, 0x20, 0x9E, 0x44, 0x0E, 0x28, 0x54, 0x86, 0x0E, 0xC0, 0xDF, 0x8D, 0x1A,
    0xD1, 0x1A, 0xD3, 0x01, 0xB5, 0x0A, 0x0D, 0x50, 0xAE, 0x60, 0x09, 0x3C, 0xBF, 0x83, 0xDC, 0xC7,
    0x42, 0x18, 0x36, 0xD9, 0x9F, 0xD1, 0xFE, 0xED, 0xFD, 0x65, 0xFF, 0xC7, 0xFF, 0xB1, 0x37, 0x71,
    0x19, 0xC9, 0x16, 0x5D, 0xD4, 0x7B, 0x46, 0x3F, 0x2E, 0x46, 0x3F, 0x72, 0x48, 0x4B, 0x19, 0xB1,
    0x2B, 0x25, 0xC6, 0x64, 0xCE, 0xDC, 0xFD, 0x1B, 0xAC, 0x27, 0x1D, 0xA0, 0x35, 0x62, 0xB1, 0x85,
    0x3C, 0x1C, 0xFE, 0xEF, 0xC5, 0x26, 0xED, 0x81, 0x03, 0xB3, 0x3E, 0x87, 0x92, 0xCD, 0x66, 0xB9,
    0xF1, 0xEF, 0x6F, 0x97, 0xD0, 0xAF, 0xF0, 0x98, 0xBB, 0x16, 0x36, 0x46, 0xF6, 0x56, 0xEE, 0x13,
    0x6E, 0xAE, 0x30, 0x3F, 0x15, 0xF0, 0xB6, 0xC8, 0xC3, 0xB2, 0xD5, 0xDE, 0x98, 0x4E, 0x65, 0xA1,
    0x17, 0x49, 0x58, 0xF6, 0xE2, 0xF6, 0x65, 0xBD, 0x3A, 0x7D, 0xEA, 0xF2, 0xC9, 0x5A, 0xC9, 0x0D,
    0x77, 0x5C, 0x24, 0x0A, 0x95, 0xD2, 0x85, 0x81, 0xBC, 0x0F, 0xEF, 0x23, 0xCE, 0x3F, 0x1B, 0x34,
    0x8E, 0x0C, 0x39, 0xCD, 0x5E, 0x5D, 0xBC, 0x56, 0x33, 0x9A, 0x9A, 0xD0, 0xEC, 0x0E, 0x0B, 0x29,
    0x4E, 0x70, 0x87, 0x7C, 0xE0, 0xF2, 0x25, 0xD6, 0xDC, 0x70, 0x53, 0xDF, 0x2F, 0xE4, 0x17, 0x23,
    0x4A, 0x84, 0x80, 0xBF, 0xA9, 0x22, 0x77, 0x7B, 0xA7, 0x20, 0x77, 0x9D, 0xB0, 0x11, 0x29, 0x36,
    0x70, 0x42, 0x5A, 0x81, 0x24, 0x6C, 0xE0, 0xE3, 0x28, 0x14, 0xEA, 0x93, 0x80, 0x8D, 0xFF, 0x07,
    0xED, 0x5D, 0xBD, 0xAF, 0xDC, 0xC6, 0x11, 0x5F, 0x1E, 0xED, 0x47, 0xC4, 0x57, 0x30, 0x85, 0x13,
    0xC8, 0x16, 0x10, 0x36, 0x0E, 0x10, 0x57, 0xEC, 0x53, 0x84, 0x44, 0x92, 0x2E, 0x85, 0xDD, 0xB8,
    0x89, 0x8B, 0xA8, 0x50, 0x11, 0x04, 0x08, 0xDE, 0x3F, 0x10, 0x98, 0xEC, 0x5C, 0xA4, 0xD0, 0x2B,
    0xF2, 0x07, 0xA8, 0x90, 0x0B, 0xAB, 0x91, 0x4B, 0x15, 0x81, 0x79, 0x72, 0x93, 0x22, 0x85, 0x2F,
    0x36, 0x90, 0x26, 0x45, 0xCE, 0xB0, 0x52, 0x24, 0x29, 0x4C, 0xCB, 0x44, 0xC0, 0x67, 0x1F, 0xB9,
    0x99, 0x99, 0xFD, 0x9C, 0xE5, 0xBD, 0xF3, 0x7B, 0xCF, 0xD6, 0xFB, 0x90, 0x49, 0x53, 0xD2, 0xEC,
    0x1E, 0xBF, 0x76, 0xE6, 0xB7, 0xB3, 0x33, 0xB3, 0x3B, 0x6B, 0xF1, 0x33, 0x61, 0x0E, 0xB9, 0xD2,
    0x44, 0x64, 0x29, 0x57, 0x27, 0x9A, 0xDA, 0x50, 0x2F, 0x89, 0x53, 0x1C, 0xB7, 0x84, 0x78, 0x8E,
    0x88, 0xBC, 0x15, 0xA9, 0x3C, 0x46, 0xAA, 0xE8, 0x81, 0x92, 0x1B, 0xA4, 0xB6, 0x62, 0x29, 0xE5,
    0x88, 0xBF, 0x12, 0x85, 0x95, 0xD9, 0x56, 0x24, 0x40, 0x49, 0xB8, 0x7C, 0x10, 0x91, 0x38, 0x20,
    0x0A, 0x2F, 0x11, 0x99, 0xEC, 0xC4, 0x92, 0xA8, 0xA5, 0xA5, 0x2A, 0xD9, 0x2B, 0xEA, 0xA6, 0x94,
    0x47, 0x74, 0xDD, 0x9B, 0x12, 0xA9, 0xC3, 0x51, 0x34, 0x52, 0x1D, 0x5B, 0xA4, 0x7A, 0x45, 0xC1,
    0x5F, 0x75, 0x45, 0x0F, 0x97, 0xF0, 0x88, 0x0C, 0x8B, 0x02, 0x3F, 0x2A, 0x6A, 0xE0, 0x39, 0xA7,
    0x3A, 0x0E, 0xC4, 0x2B, 0x9A, 0xCA, 0xFF, 0x26, 0x35, 0x55, 0x7C, 0x21, 0x4B, 0x45, 0x55, 0x96,
    0x2A, 0xEC, 0xAF, 0x2F, 0x94, 0xBF, 0x35, 0x37, 0x47, 0x86, 0x77, 0x0D, 0xB0, 0xF3, 0xE0, 0x08,
    0x39, 0xBC, 0x86, 0x02, 0x7E, 0x3F, 0x34, 0x7D, 0x21, 0x91, 0xCB, 0x4D, 0x8B, 0x9C, 0x00, 0x46,
    0x54, 0xAD, 0xC8, 0xF1, 0x4B, 0x45, 0xD1, 0x89, 0x62, 0xC4, 0xEF, 0x03, 0x42, 0xB6, 0xC0, 0x29,
    0xE0, 0x20, 0x88, 0x06, 0x1B, 0x9B, 0xF7, 0xB1, 0x5C, 0x2D, 0x25, 0x12, 0x89, 0xDC, 0x00, 0x0D,
    0x3F, 0x65, 0x12, 0x2A, 0xBB, 0x48, 0x76, 0xD0, 0xEC, 0x07, 0xC4, 0x49, 0xC3, 0x89, 0x8D, 0xFC,
    0x42, 0x11, 0x2B, 0xF8, 0x4F, 0x7E, 0x85, 0x9C, 0x1F, 0x81, 0x09, 0x8F, 0x1A, 0x12, 0x46, 0xF4,
    0xEE, 0xDE, 0x86, 0xDF, 0x10, 0x47, 0x1A, 0x0A, 0x49, 0xAF, 0xD1, 0x71, 0x67, 0xCB, 0x09, 0x21,
    0x7F, 0xA5, 0x89, 0x57, 0xA3, 0xBB, 0x20, 0xA5, 0x8E, 0x6E, 0x83, 0x26, 0xC1, 0x07, 0x2E, 0xE1,
    0x97, 0x05, 0xB2, 0x3B, 0x1B, 0x50, 0x7E, 0xD0, 0x6E, 0xFC, 0xFE, 0x0C, 0x5B, 0x8A, 0xDF, 0x5F,
    0x0C, 0xD0, 0xEE, 0x44, 0x62, 0xAB, 0x8B, 0x56, 0xC4, 0xC0, 0x45, 0xB9, 0x51, 0x04, 0xB4, 0x94,
    0x88, 0x7A, 0x21, 0x57, 0x15, 0x32, 0xA9, 0x86, 0x4A, 0x68, 0x28, 0x11, 0x3F, 0x87, 0x07, 0xC6,
    0x48, 0x1C, 0x82, 0xCC, 0x33, 0x59, 0x9A, 0x96, 0x1A, 0xE1, 0x8F, 0xC2, 0x82, 0xC0, 0xF0, 0x00,
    0x88, 0x32, 0x23, 0xD0, 0xC1, 0x8D, 0x0A, 0x44, 0xF0, 0xE4, 0x64, 0x54, 0x2D, 0xE9, 0x14, 0xD4,
    0xF0, 0xEA, 0x31, 0xAA, 0xBF, 0x87, 0x00, 0x93, 0x43, 0xDA, 0x56, 0x35, 0x7E, 0x6A, 0x9F, 0xF5,
    0xF0, 0x62, 0x40, 0x67, 0x4B, 0x04, 0xFC, 0x56, 0xA6, 0x5D, 0xA3, 0x7A, 0xC6, 0xE2, 0xE8, 0xE5,
    0x1D, 0x4C, 0x6B, 0x6C, 0xB7, 0x81, 0xCF, 0x35, 0x64, 0xFC, 0x65, 0x69, 0xC9, 0x8D, 0xBD, 0x34,
    0x6E, 0x2D, 0xB9, 0x18, 0xDE, 0xB3, 0x88, 0x91, 0xB6, 0x3A, 0x91, 0x9D, 0xBD, 0xF6, 0x58, 0x61,
    0x11, 0x11, 0xA4, 0x5F, 0x34, 0xBA, 0x17, 0xD9, 0xBE, 0xAA, 0x70, 0xF4, 0x53, 0x7C, 0x9B, 0x46,
    0x12, 0x3E, 0x4C, 0x61, 0xA9, 0xC2, 0x37, 0x2B, 0x34, 0x35, 0x1B, 0xEA, 0xEA, 0xD8, 0x72, 0x84,
    0xA3, 0x46, 0x14, 0x92, 0x0A, 0x53, 0x0B, 0xEA, 0x96, 0x84, 0xAA, 0x25, 0x76, 0x16, 0x83, 0x2B,
    0xC7, 0x66, 0xEC, 0x47, 0x1A, 0x5B, 0x5F, 0x39, 0x74, 0x7D, 0x02, 0xB5, 0x0A, 0x5F, 0x63, 0x99,
    0xCB, 0x7D, 0x08, 0x5B, 0x6E, 0x0D, 0x95, 0xDB, 0x6E, 0x58, 0xDC, 0x33, 0x94, 0xD3, 0x4C, 0x85,
    0xA5, 0xF2, 0x7F, 0x18, 0x2A, 0xA3, 0x7E, 0x86, 0x58, 0xAB, 0xA8, 0xEF, 0x21, 0xD8, 0x8A, 0x23,
    0xA1, 0xD1, 0xF6, 0x7D, 0xCD, 0x87, 0xB5, 0xB9, 0x58, 0x6A, 0x8E, 0x13, 0xE0, 0x62, 0x7C, 0x87,
    0x46, 0x1C, 0xF5, 0x41, 0xA0, 0x10, 0x09, 0x0A, 0x73, 0x08, 0x0E, 0x05, 0x3A, 0xD0, 0x44, 0x42,
    0xA1, 0x4E, 0x51, 0x08, 0xBB, 0x9C, 0x10, 0x84, 0xB8, 0x6B, 0xE8, 0x8F, 0x3E, 0x6C, 0x67, 0x53,
    0x2A, 0x07, 0x8E, 0x46, 0x6E, 0x35, 0x18, 0x33, 0xAC, 0x43, 0xF0, 0x3D, 0x5E, 0xC8, 0xD6, 0xA2,
    0xCF, 0xC1, 0xCF, 0xC3, 0x1F, 0x01, 0x50, 0xEB, 0x14, 0x40, 0xA0, 0xFD, 0xFA, 0xDE, 0x60, 0xC1,
    0xE2, 0xA2, 0x92, 0xE5, 0x54, 0x49, 0x1D, 0x39, 0x04, 0x5E, 0x6B, 0x60, 0xB0, 0xE3, 0x45, 0x47,
    0x4A, 0xE1, 0x3A, 0x48, 0xBD, 0xA3, 0x8B, 0x09, 0x8F, 0x29, 0xAF, 0x0A, 0x03, 0x10, 0xCD, 0x11,
    0xE9, 0x18, 0x52, 0x5B, 0x7E, 0x5C, 0x4F, 0x80, 0x44, 0xA5, 0x01, 0x48, 0xDA, 0x1A, 0x80, 0x64,
    0xBD, 0x01, 0x88, 0xEA, 0x4C, 0x08, 0x90, 0xD4, 0xB6, 0x7E, 0xE1, 0xA0, 0x71, 0xF7, 0xC0, 0x30,
    0x29, 0xDE, 0xE6, 0x6B, 0x03, 0x8D, 0xA1, 0x68, 0xA7, 0x24, 0x5C, 0xB0, 0xE1, 0xB7, 0x9D, 0x0E,
    0x62, 0x3F, 0x3A, 0xB2, 0x10, 0xA3, 0xCF, 0x52, 0x10, 0xCB, 0x3B, 0x0B, 0x31, 0x18, 0xD2, 0x0C,
    0xC4, 0xF0, 0x65, 0x1A, 0x62, 0xC0, 0x79, 0x0D, 0x31, 0x81, 0xD7, 0x2B, 0x88, 0x25, 0x72, 0x2C,
    0x3D, 0x88, 0xAD, 0x1C, 0xC4, 0xCC, 0xB8, 0x36, 0x20, 0xA9, 0x20, 0xD6, 0x56, 0x72, 0x63, 0x20,
    0xB6, 0x44, 0x31, 0x07, 0x10, 0x7B, 0x41, 0xDC, 0x36, 0x3A, 0xE5, 0x83, 0xC1, 0xB4, 0xE3, 0x63,
    0xC9, 0x28, 0x84, 0x4C, 0xF1, 0xC1, 0xA8, 0x21, 0x43, 0x77, 0x9C, 0x02, 0x32, 0xD1, 0xBF, 0x0D,
    0x64, 0x08, 0x9A, 0x04, 0x99, 0x05, 0x88, 0xC0, 0x8C, 0x63, 0xA5, 0x86, 0x0C, 0x02, 0x4A, 0x41,
    0x66, 0x29, 0x0D, 0x64, 0x52, 0x1A, 0xCE, 0x10, 0x32, 0x95, 0x7C, 0xEC, 0x20, 0xB3, 0xB5, 0xD4,
    0xA8, 0xFF, 0xFD, 0xA7, 0xA5, 0x12, 0xA4, 0x08, 0x32, 0xA2, 0xE9, 0x9F, 0xA6, 0x4E, 0x09, 0x0F,
    0x6F, 0xBC, 0x5A, 0x3A, 0xDB, 0x29, 0x75, 0xA4, 0xEB, 0x71, 0x22, 0x72, 0x60, 0xD9, 0x66, 0xA6,
    0x93, 0xC6, 0x63, 0xB1, 0x76, 0xA4, 0x81, 0x57, 0x34, 0xE4, 0x76, 0xCC, 0xBC, 0x7D, 0x20, 0xAE,
    0x3F, 0xD2, 0xBC, 0xC3, 0x0D, 0x5F, 0xCE, 0x88, 0x76, 0x3A, 0xAB, 0x2A, 0x27, 0x86, 0x75, 0xFA,
    0xC8, 0xB0, 0x33, 0xFF, 0xD4, 0xA0, 0xB4, 0xF8, 0x74, 0xD4, 0xCC, 0xCD, 0x3E, 0xDA, 0x6A, 0x6C,
    0x1E, 0x94, 0xB7, 0xBE, 0xD3, 0xD8, 0xF4, 0x20, 0x12, 0x4D, 0x80, 0x52, 0x72, 0xB8, 0x44, 0x54,
    0xA1, 0x40, 0x03, 0xD6, 0xC1, 0x8F, 0xF5, 0x08, 0xA2, 0xA0, 0x53, 0xAD, 0x71, 0xFC, 0xA3, 0x0A,
    0x05, 0x20, 0x18, 0x02, 0xE1, 0xA4, 0x9B, 0xF5, 0x98, 0xB8, 0xC6, 0x13, 0x2B, 0xCC, 0xC8, 0xB8,
    0xC2, 0x11, 0x11, 0x2B, 0x14, 0xA4, 0xD0, 0x69, 0xC2, 0x73, 0xE3, 0x46, 0xC9, 0x35, 0xB4, 0x98,
    0x0C, 0x39, 0x33, 0x56, 0xE2, 0x99, 0x60, 0x2B, 0x1D, 0xC8, 0xB4, 0xB9, 0xDA, 0x48, 0x7E, 0x94,
    0xC6, 0x64, 0xA7, 0xE3, 0x09, 0x0E, 0xA7, 0x0A, 0x76, 0x4F, 0xE8, 0x5C, 0xC3, 0x15, 0x06, 0x7C,
    0x15, 0xB8, 0x36, 0x63, 0x99, 0x8D, 0xBB, 0xC6, 0x53, 0xAF, 0x2F, 0xF2, 0x31, 0x30, 0x1C, 0x09,
    0x89, 0x27, 0x1E, 0x80, 0x54, 0x0F, 0x72, 0x30, 0x12, 0x59, 0x67, 0xC1, 0x04, 0xF7, 0xBD, 0xAE,
    0x3A, 0x1B, 0x41, 0x2A, 0x19, 0x70, 0x68, 0x24, 0x05, 0x40, 0xC0, 0x02, 0x69, 0xC3, 0x99, 0x6E,
    0xED, 0x68, 0x39, 0xE0, 0x99, 0x6E, 0xED, 0x98, 0xB9, 0xC5, 0xC1, 0x12, 0xCB, 0x0A, 0x6A, 0xE0,
    0xF8, 0x61, 0xD5, 0x68, 0xC7, 0xCF, 0x01, 0xBD, 0xC2, 0x4C, 0xBA, 0x51, 0x14, 0xCC, 0x7B, 0x68,
    0xE5, 0x3A, 0x64, 0xD2, 0x26, 0x28, 0x77, 0xAC, 0x94, 0xDB, 0x71, 0x36, 0xC7, 0x73, 0x48, 0xF1,
    0x77, 0x02, 0x65, 0x22, 0xC1, 0x69, 0x7A, 0x1C, 0xA1, 0x90, 0x0C, 0x34, 0x45, 0x00, 0x50, 0x11,
    0xC2, 0x34, 0x04, 0x6B, 0x08, 0xD9, 0x10, 0xB8, 0x13, 0xF8, 0x9E, 0x5E, 0xC1, 0xEE, 0x3C, 0xF2,
    0x93, 0x3D, 0x8C, 0x93, 0x2A, 0xAA, 0x3A, 0xA8, 0x08, 0xFD, 0xF6, 0x74, 0xBD, 0x0D, 0x5E, 0xF2,
    0x64, 0x0C, 0x2A, 0xBE, 0x08, 0x2A, 0xB2, 0x4F, 0x86, 0xA0, 0x07, 0x96, 0xB7, 0x4F, 0xDD, 0x86,
    0xB9, 0xB7, 0x7E, 0x4D, 0x6F, 0x3D, 0xE1, 0x58, 0xB4, 0x27, 0x79, 0x4D, 0xBB, 0xCB, 0x49, 0x10,
    0xD2, 0xF0, 0x46, 0x61, 0x3A, 0x86, 0x74, 0xC5, 0x95, 0x80, 0xB3, 0xF1, 0x54, 0xB9, 0x60, 0x2F,
    0x8C, 0xC6, 0x6C, 0xCD, 0xEE, 0x7F, 0xC5, 0xD8, 0x8F, 0xB3, 0x76, 0xB9, 0x4E, 0xDA, 0x25, 0x7A,
    0x43, 0xFF, 0x1A, 0x93, 0x58, 0x16, 0xC6, 0x71, 0xCA, 0x6B, 0x45, 0x2C, 0x54, 0x70, 0x05, 0x3B,
    0x19, 0x85, 0x5B, 0x50, 0x7E, 0x2D, 0xD5, 0xE6, 0x92, 0x4A, 0x2B, 0x0A, 0x9E, 0x51, 0x3B, 0x24,
    0xBE, 0x09, 0xBB, 0x16, 0xC5, 0x26, 0x88, 0x28, 0x15, 0x91, 0x19, 0x22, 0x25, 0x61, 0x03, 0x11,
    0x9B, 0x6B, 0x04, 0x35, 0x07, 0x89, 0x42, 0xEA, 0xD8, 0x62, 0xAA, 0xFA, 0xEC, 0x0A, 0xBE, 0x69,
    0xA3, 0xA3, 0x8D, 0x74, 0x35, 0xDE, 0x5B, 0x6C, 0x35, 0x91, 0x8F, 0x3A, 0x1E, 0x92, 0xC1, 0x67,
    0x24, 0xE8, 0x70, 0xE6, 0x70, 0x51, 0x13, 0xFA, 0x55, 0x5B, 0x6B, 0x9A, 0xC8, 0xCF, 0xF1, 0x9F,
    0xB7, 0x41, 0x44, 0x35, 0x7C, 0xFA, 0x31, 0x46, 0xD4, 0x14, 0x02, 0x59, 0x58, 0xCB, 0x31, 0xC6,
    0xEB, 0x3F, 0xD9, 0xE8, 0xC9, 0x47, 0xFA, 0xAC, 0x77, 0x96, 0x9B, 0x93, 0xCA, 0x12, 0x43, 0x8E,
    0xC6, 0x3E, 0xF3, 0x84, 0x53, 0x79, 0x1E, 0x69, 0xE3, 0x3D, 0xDD, 0x5C, 0x82, 0x9A, 0xB0, 0x92,
    0xCE, 0xB6, 0xCD, 0x94, 0xDE, 0x23, 0xFD, 0x97, 0xA8, 0x4E, 0x41, 0xAA, 0x2F, 0x52, 0x37, 0x68,
    0xAD, 0x47, 0xAF, 0x55, 0x0A, 0x4F, 0x05, 0x3F, 0x94, 0xAE, 0x4B, 0x3C, 0x35, 0x47, 0x9E, 0xB9,
    0x36, 0x71, 0x89, 0x93, 0xDA, 0xC6, 0x15, 0x72, 0x6B, 0xF4, 0x1A, 0xB6, 0xAB, 0xF6, 0x55, 0x5A,
    0xED, 0x01, 0x7D, 0xED, 0x29, 0xB2, 0xB5, 0xD6, 0x61, 0x72, 0xC8, 0xE5, 0x4A, 0xC7, 0x0B, 0x51,
    0x49, 0xEE, 0x30, 0x75, 0xA3, 0x37, 0x1C, 0x26, 0xF7, 0x51, 0xF1, 0x39, 0xA8, 0xF2, 0x04, 0x0A,
    0x79, 0xA8, 0xA8, 0x66, 0xD4, 0x14, 0xF1, 0x8F, 0x28, 0xE2, 0x1E, 0x51, 0xC4, 0x3B, 0x42, 0x3C,
    0x71, 0x8E, 0x28, 0xE2, 0x1B, 0x52, 0x8A, 0x6B, 0x31, 0x59, 0xB8, 0xC8, 0xB3, 0x58, 0xF1, 0x3F,
    0x46, 0xD0, 0xAE, 0xDC, 0x38, 0xE0, 0xB8, 0xD5, 0x39, 0xFB, 0xD7, 0x72, 0x6A, 0xD0, 0x7C, 0xFA,
    0x58, 0x6E, 0xB5, 0x92, 0x17, 0x4D, 0x37, 0xE1, 0x51, 0xE6, 0xBA, 0x66, 0xE5, 0xD4, 0x69, 0xB3,
    0xD9, 0x45, 0x16, 0x2B, 0xCF, 0x5F, 0x7D, 0x06, 0xE2, 0x3A, 0x91, 0x1D, 0x27, 0x12, 0xAF, 0xEB,
    0x58, 0x6A, 0x34, 0x63, 0x49, 0x3C, 0xD8, 0x51, 0xE4, 0xEE, 0xB3, 0x11, 0xA7, 0x79, 0xBA, 0x81,
    0xBC, 0xEB, 0xE0, 0xFB, 0xEE, 0x9C, 0x42, 0x11, 0xF9, 0xDA, 0x8A, 0xBF, 0x78, 0x62, 0xDB, 0xEF,
    0x93, 0x76, 0x1A, 0xC5, 0xCC, 0xA3, 0x9C, 0x2F, 0x90, 0x77, 0xD5, 0x3D, 0xDF, 0xDB, 0x18, 0xC9,
    0x43, 0x80, 0x2C, 0x86, 0xB4, 0x55, 0x00, 0x89, 0x65, 0xDE, 0x29, 0x80, 0x28, 0x0A, 0x01, 0x12,
    0x0F, 0x99, 0x81, 0xCB, 0xBD, 0x03, 0xDD, 0xE6, 0x64, 0x23, 0x0E, 0xA0, 0xAD, 0x38, 0xD6, 0xA0,
    0x46, 0x71, 0x76, 0xF8, 0x7B, 0x42, 0xFC, 0xA4, 0x13, 0x37, 0x1E, 0xF6, 0xE2, 0x0F, 0xF0, 0xE7,
    0x21, 0xE8, 0xAF, 0xB7, 0x00, 0x22, 0xC5, 0xDF, 0x4B, 0x5F, 0x09, 0xED, 0xF7, 0x36, 0xE0, 0xE5,
    0xF0, 0xA7, 0x2F, 0xA0, 0xB5, 0x85, 0xFA, 0x57, 0xBD, 0xFE, 0x65, 0x7C, 0x37, 0xE2, 0x47, 0x8C,
    0x80, 0x9C, 0xA8, 0xFD, 0xB3, 0xFE, 0x4B, 0x0C, 0x84, 0x3F, 0xF8, 0xE1, 0x79, 0xF4, 0x43, 0x0A,
    0x6C, 0x62, 0xE1, 0x99, 0x9D, 0x4B, 0x64, 0xC2, 0x1D, 0x60, 0xFB, 0x1F, 0xEF, 0xC0, 0x10, 0xFE,
    0x57, 0xF8, 0x6B, 0x79, 0x07, 0x78, 0x9F, 0x7C, 0x86, 0xCC, 0x1E, 0x6E, 0xFB, 0x2A, 0xE2, 0xB4,
    0xC7, 0x02, 0xD5, 0x12, 0xFE, 0x55, 0xC7, 0x88, 0xD7, 0xD8, 0x50, 0x36, 0x5C, 0x09, 0x2C, 0x69,
    0x81, 0x0B, 0x9D, 0x78, 0xA8, 0xB9, 0xF0, 0x3E, 0x34, 0xA2, 0x02, 0x2E, 0xE4, 0x21, 0x17, 0x0E,
    0x00, 0x1D, 0x4D, 0x4B, 0x76, 0x4F, 0xFE, 0x18, 0x98, 0x27, 0xBE, 0x21, 0x97, 0xF4, 0xF1, 0x83,
    0xD7, 0x79, 0x14, 0xA8, 0x3B, 0x4B, 0x91, 0xDB, 0xF0, 0xF9, 0xD3, 0x2B, 0x6E, 0xC5, 0xCD, 0x63,
    0x6F, 0x98, 0xDA, 0x26, 0x4E, 0xCB, 0x60, 0x31, 0xF7, 0x1B, 0x95, 0x0D, 0x34, 0xA5, 0xE6, 0x59,
    0x45, 0xBE, 0x89, 0x0A, 0xC5, 0xE3, 0x8A, 0xD9, 0x4C, 0xE5, 0xD2, 0x2F, 0xE2, 0xE8, 0x2B, 0x92,
    0xD2, 0x14, 0xA9, 0xD3, 0x91, 0xEF, 0x52, 0x2A, 0xD3, 0x0E, 0x2E, 0x26, 0xBB, 0xFE, 0x58, 0x01,
    0x08, 0x46, 0x92, 0x8C, 0xCC, 0xFA, 0x63, 0xB4, 0xA1, 0xDE, 0x84, 0x17, 0xE1, 0xA7, 0xC7, 0x56,
    0x3B, 0x13, 0xCB, 0x6C, 0xB1, 0xE5, 0xC5, 0x5A, 0x31, 0xF4, 0xD0, 0x5C, 0xAB, 0x8A, 0x34, 0xC1,
    0x4C, 0x93, 0xD1, 0x64, 0x5C, 0xC6, 0xF2, 0x97, 0x86, 0xDD, 0x23, 0xB3, 0x30, 0x32, 0x32, 0x3B,
    0xED, 0xB7, 0xA7, 0x52, 0xDE, 0x7F, 0xE0, 0x6C, 0xF3, 0x44, 0xCF, 0x2C, 0x7A, 0x40, 0xF4, 0x99,
    0x54, 0x91, 0x47, 0xE8, 0x5B, 0xE9, 0xA0, 0x0D, 0xDC, 0xF1, 0xC3, 0xFB, 0x7F, 0x9A, 0x42, 0x69,
    0x86, 0xCA, 0x0C, 0x95, 0x53, 0x42, 0xE5, 0x94, 0xC7, 0xF3, 0x82, 0x05, 0x66, 0x8A, 0x47, 0xDC,
    0xB5, 0xFC, 0x54, 0xEE, 0x29, 0x16, 0x1F, 0xB1, 0x8B, 0xBD, 0x85, 0x0C, 0xBE, 0x51, 0xF7, 0x6E,
    0xE9, 0xAB, 0xC2, 0xD6, 0xF7, 0x9B, 0xBC, 0x29, 0x02, 0xE7, 0xE3, 0x0B, 0xB3, 0xFA, 0xC3, 0xDC,
    0xF2, 0x1F, 0x67, 0x07, 0x17, 0xC3, 0x49, 0xF8, 0x66, 0xB1, 0x08, 0x25, 0x99, 0xD2, 0xE2, 0x7E,
    0xE1, 0x40, 0x31, 0x8A, 0x43, 0x0B, 0x89, 0xA5, 0xFC, 0x4C, 0xD6, 0x06, 0x10, 0x34, 0x3A, 0xF8,
    0x70, 0x58, 0xF9, 0xD2, 0xAF, 0xBD, 0x42, 0xEF, 0x01, 0x01, 0x8C, 0x21, 0x0B, 0x03, 0x9C, 0xB6,
    0x67, 0x20, 0x60, 0x10, 0x60, 0x00, 0x60, 0xE2, 0x67, 0xC2, 0xE7, 0xA2, 0x67, 0x82, 0xE7, 0x62,
    0xDF, 0x25, 0xF4, 0x99, 0xD7, 0x17, 0xC7, 0xEB, 0x33, 0x75, 0x2C, 0xD6, 0xAD, 0x58, 0x2F, 0x62,
    0x05, 0xD6, 0xA1, 0x76, 0x75, 0xA7, 0xC4, 0x8F, 0xC0, 0xA5, 0xBE, 0xDA, 0xCD, 0xB6, 0x27, 0x15,
    0xD2, 0x6E, 0x4F, 0x8C, 0xEF, 0x34, 0xC7, 0x8C, 0xAA, 0x8B, 0x43, 0xD5, 0x2C, 0xE0, 0x59, 0x6D,
    0x7C, 0xFB, 0x6A, 0x43, 0x1D, 0xAF, 0x07, 0x73, 0x34, 0xC1, 0x74, 0x41, 0x15, 0xB8, 0x56, 0x81,
    0xBD, 0xA8, 0xF8, 0xA6, 0x8E, 0x12, 0x61, 0xE6, 0x30, 0xB8, 0x18, 0xD1, 0x57, 0x4E, 0x07, 0x2F,
    0x2C, 0x07, 0xA7, 0x0B, 0x5A, 0xAB, 0xF2, 0x72, 0x34, 0xE2, 0x4E, 0x24, 0x9E, 0xCB, 0xD1, 0x48,
    0x5C, 0xC5, 0xEA, 0x97, 0xA3, 0x11, 0x7A, 0x2A, 0xE9, 0x1C, 0x8D, 0xDC, 0x71, 0x2E, 0x44, 0xD6,
    0xF9, 0xC0, 0x8C, 0x35, 0x74, 0xA6, 0x3A, 0x56, 0xEE, 0x83, 0x72, 0x6B, 0x31, 0xF0, 0x9A, 0x94,
    0x77, 0x34, 0x5A, 0x50, 0x44, 0xFD, 0x02, 0xFC, 0x68, 0x30, 0xFE, 0x02, 0x8B, 0x2D, 0x34, 0xD9,
    0x42, 0x9B, 0x2D, 0x34, 0xDA, 0x42, 0xAB, 0x6D, 0x62, 0xB6, 0x85, 0x76, 0xDB, 0xC4, 0x70, 0xDB,
    0x8F, 0x90, 0x59, 0x5E, 0xD7, 0x4B, 0x5E, 0x67, 0xB7, 0xB6, 0x43, 0x73, 0x3B, 0x34, 0xB0, 0x27,
    0xE5, 0xC0, 0xE2, 0xDE, 0xD3, 0xD9, 0xC3, 0x63, 0x1B, 0x46, 0x45, 0xF6, 0x97, 0xA3, 0x60, 0x42,
    0x37, 0xF8, 0x6E, 0x51, 0xC4, 0x1C, 0x8D, 0xCD, 0x87, 0xFD, 0xDE, 0x72, 0xF5, 0x36, 0x47, 0xEB,
    0x4B, 0x3B, 0xC6, 0xA9, 0x19, 0xEF, 0xD7, 0x18, 0xEF, 0x33, 0xBE, 0x66, 0x7C, 0x3D, 0xB3, 0xFA,
    0xB4, 0xE4, 0xD3, 0xEF, 0x47, 0xAC, 0x34, 0xB2, 0x95, 0x0D, 0x9E, 0x59, 0x8C, 0xA5, 0x31, 0x60,
    0x86, 0x70, 0x0B, 0x1D, 0x0E, 0xA5, 0x64, 0xB3, 0xFC, 0xB2, 0x4C, 0x4A, 0xEF, 0xD6, 0xD2, 0xA0,
    0x83, 0xD8, 0x56, 0x1B, 0x6C, 0x60, 0x2A, 0xCA, 0xB1, 0x8D, 0x62, 0x3D, 0xDF, 0x20, 0x7F, 0x3D,
    0x5C, 0x74, 0xC2, 0x0F, 0x5A, 0xD5, 0x7E, 0xA9, 0x37, 0x56, 0xF7, 0xA1, 0x91, 0x8A, 0x35, 0x8B,
    0x8F, 0xC4, 0x24, 0x7E, 0xC5, 0xB1, 0xC0, 0x91, 0xC0, 0x71, 0xC0, 0x51, 0x10, 0x60, 0x80, 0x23,
    0x20, 0x90, 0xFF, 0x4E, 0xE9, 0xCF, 0xBC, 0xBE, 0x38, 0x5E, 0x9F, 0xB9, 0x87, 0xF1, 0xFE, 0xC5,
    0x7B, 0x13, 0x2F, 0xF1, 0x9E, 0xB5, 0xB3, 0x5F, 0xCD, 0x92, 0x3E, 0x41, 0xD2, 0xB7, 0x7C, 0x49,
    0xD3, 0x64, 0xB7, 0x95, 0xB4, 0x5A, 0x23, 0x61, 0x24, 0xAD, 0x4A, 0x46, 0xD2, 0x6A, 0x5A, 0xDC,
    0x4A, 0xFA, 0xDE, 0xCC, 0xEB, 0xCB, 0xE1, 0xF5, 0xA5, 0xF6, 0xAA, 0xD8, 0x0F, 0x20, 0x51, 0x18,
    0xE5, 0x84, 0xA8, 0x51, 0xF0, 0xDB, 0x92, 0x59, 0x3B, 0x67, 0x88, 0x22, 0xCD, 0xC8, 0xBA, 0x30,
    0x7D, 0x3D, 0xCB, 0x76, 0x1E, 0x8B, 0x9F, 0xD2, 0x58, 0xBC, 0xCB, 0x41, 0x12, 0x87, 0x92, 0x43,
    0x25, 0x09, 0x16, 0x96, 0xE2, 0xCA, 0x06, 0x6F, 0x1D, 0x24, 0xA1, 0xC2, 0x13, 0x6E, 0xAC, 0x22,
    0xB6, 0x6E, 0x8D, 0x23, 0x2E, 0xD0, 0xC5, 0x15, 0x44, 0x76, 0x32, 0x78, 0x09, 0x3E, 0x08, 0x65,
    0xF0, 0x1A, 0x04, 0x80, 0xB4, 0x91, 0xA3, 0x72, 0x65, 0x83, 0xC1, 0xDB, 0x58, 0xB6, 0xB4, 0x36,
    0xC9, 0x4C, 0xE3, 0x6E, 0x97, 0xB4, 0x78, 0x6F, 0x65, 0x27, 0x72, 0xE5, 0x6F, 0x24, 0x7E, 0x6A,
    0xE9, 0x7B, 0x47, 0xF7, 0x01, 0x1F, 0x22, 0x70, 0x87, 0x06, 0x57, 0xD1, 0x68, 0xCC, 0x18, 0x58,
    0x8C, 0xA9, 0x3F, 0xC3, 0x0B, 0xCD, 0xDC, 0x44, 0x8D, 0x06, 0x95, 0x05, 0x47, 0xF4, 0x3B, 0x92,
    0x5A, 0xE8, 0x23, 0x4D, 0x9C, 0xA4, 0x89, 0x97, 0x34, 0x71, 0x93, 0xA6, 0x7E, 0xD2, 0xC4, 0x51,
    0x9A, 0x7A, 0x4A, 0x67, 0x0A, 0x15, 0xCE, 0x92, 0xBB, 0x36, 0x92, 0x3B, 0xA7, 0xA3, 0x3B, 0xF1,
    0x74, 0x27, 0xAE, 0xED, 0xB4, 0x22, 0x74, 0x76, 0xF7, 0x46, 0x0F, 0x93, 0x75, 0x50, 0x91, 0x85,
    0x2B, 0xAF, 0xF2, 0x6D, 0x58, 0x11, 0x6E, 0x91, 0x90, 0x86, 0xB7, 0x2C, 0xEA, 0xB3, 0xB7, 0x7C,
    0x86, 0xF6, 0x35, 0x85, 0xF6, 0x8C, 0xA0, 0x19, 0x41, 0xCF, 0xA8, 0x72, 0x0C, 0x40, 0x1A, 0x60,
    0xB2, 0xD8, 0xEC, 0x2F, 0xE7, 0x41, 0xC7, 0x38, 0x28, 0x39, 0x1C, 0xDB, 0xB7, 0xF8, 0xE3, 0x7B,
    0xBE, 0xF0, 0x3B, 0x2C, 0x2F, 0x3B, 0x6C, 0xCA, 0x81, 0xE5, 0x63, 0x54, 0xDF, 0x50, 0x18, 0x3E,
    0xF2, 0x39, 0x94, 0xD3, 0x44, 0xB8, 0x8B, 0xC6, 0xE3, 0x42, 0xBB, 0xE3, 0xD2, 0x4E, 0xED, 0xAB,
    0x85, 0x77, 0x5B, 0x2B, 0xA6, 0x32, 0x45, 0xAC, 0x6D, 0x6D, 0x00, 0xBB, 0x26, 0x44, 0x0D, 0x94,
    0x1E, 0xF3, 0x2A, 0xE5, 0x3F, 0xE0, 0x96, 0x3A, 0x03, 0x35, 0xAE, 0x68, 0x69, 0x23, 0xA0, 0x05,
    0xF5, 0x9A, 0xA2, 0xC5, 0x13, 0xCB, 0xF0, 0xC6, 0x7F, 0x51, 0x5A, 0x01, 0xE6, 0xE0, 0xAD, 0x09,
    0x1D, 0x2B, 0x9B, 0x82, 0xB7, 0xC6, 0xCD, 0x7E, 0x90, 0x31, 0x98, 0x6D, 0x47, 0x67, 0x21, 0xEB,
    0x1C, 0x93, 0x4E, 0x36, 0x91, 0xA4, 0xDF, 0xE1, 0xE1, 0xD9, 0x58, 0x26, 0xD8, 0xB1, 0xB0, 0x6F,
    0x61, 0x7F, 0x49, 0x1D, 0xEA, 0x57, 0x09, 0xE5, 0xF8, 0xB8, 0xCC, 0xBA, 0x54, 0x1A, 0x00, 0xAA,
    0xD4, 0x3B, 0xE8, 0x47, 0x4B, 0xCC, 0x58, 0xF9, 0x9C, 0x32, 0xB2, 0x7A, 0x8C, 0xE6, 0x17, 0x9B,
    0xA5, 0xC4, 0x4C, 0x1F, 0x38, 0x8F, 0xF0, 0x23, 0x2B, 0x06, 0xD5, 0x69, 0x99, 0xC9, 0x0D, 0xCA,
    0xCB, 0x9A, 0x97, 0xF7, 0xCF, 0x1E, 0x04, 0xBA, 0xAD, 0x08, 0x33, 0x24, 0xB1, 0x7F, 0xFD, 0x5E,
    0xF8, 0xAB, 0x2B, 0xDE, 0x79, 0xE0, 0x5D, 0xA3, 0x7A, 0x38, 0x73, 0xB8, 0x78, 0x5F, 0xCA, 0x83,
    0xF2, 0x42, 0x32, 0x1F, 0x0C, 0x10, 0xF1, 0xFE, 0xBD, 0x19, 0xBF, 0xD7, 0x19, 0xBF, 0xE4, 0x48,
    0x7B, 0xF8, 0x25, 0x90, 0x78, 0xF8, 0xE5, 0xF8, 0xFB, 0xA6, 0xE5, 0x6B, 0x87, 0x5F, 0x1B, 0x0D,
    0xD1, 0xF8, 0xB5, 0xAB, 0xA5, 0x34, 0x5E, 0x6D, 0x44, 0x24, 0x2C, 0x6B, 0xFC, 0xDA, 0xEB, 0x35,
    0x7E, 0x4D, 0x5C, 0x64, 0xC6, 0xEF, 0x8C, 0xDF, 0x0B, 0xD4, 0xBF, 0xC1, 0x44, 0x77, 0xDA, 0xEF,
    0x2B, 0x06, 0x99, 0xD4, 0x41, 0x28, 0xCF, 0xED, 0x9D, 0x42, 0x0F, 0x76, 0xFB, 0xA7, 0xE8, 0xA2,
    0xFF, 0x79, 0x0B, 0x6F, 0x1F, 0x15, 0x9A, 0x7F, 0x3F, 0x08, 0x3F, 0x2C, 0xE2, 0x6A, 0x9D, 0xF6,
    0x0D, 0x38, 0xAC, 0x6D, 0x6B, 0x57, 0xC8, 0xB3, 0xD6, 0x46, 0xF1, 0x70, 0x9F, 0x3A, 0x67, 0x46,
    0x03, 0x27, 0x12, 0x82, 0xEF, 0x73, 0x68, 0x48, 0x61, 0x26, 0x90, 0xDA, 0x52, 0x0D, 0x9A, 0x03,
    0x16, 0x2F, 0x8E, 0xB5, 0xF2, 0xBF, 0x92, 0xEC, 0x62, 0x38, 0x71, 0xDB, 0xBA, 0x11, 0xF3, 0x45,
    0xB3, 0x1E, 0x61, 0x53, 0x74, 0x98, 0x7D, 0x8A, 0xE9, 0xC4, 0x3D, 0x9E, 0x45, 0x4F, 0x99, 0x95,
    0x1B, 0x1A, 0xC1, 0xB1, 0x26, 0x45, 0x93, 0x17, 0x9E, 0xD0, 0xE3, 0x59, 0x74, 0x98, 0x13, 0x50,
    0x0C, 0x91, 0x54, 0x67, 0x57, 0x48, 0xF9, 0xA5, 0x3F, 0x05, 0xFE, 0x3F, 0x3F, 0x1B, 0x7B, 0x5D,
    0xB4, 0x7E, 0xB6, 0xF6, 0xAA, 0x6A, 0x73, 0x4C, 0xC4, 0x1A, 0x2A, 0x39, 0x14, 0xF0, 0x79, 0x55,
    0x9B, 0xC8, 0x3E, 0x97, 0x60, 0x26, 0x3C, 0x86, 0x13, 0x3F, 0xF3, 0xE5, 0xFA, 0x44, 0xC4, 0x05,
    0xC5, 0x62, 0x7F, 0xF1, 0x2C, 0xA9, 0x18, 0x3C, 0x94, 0x1B, 0xC4, 0x72, 0x45, 0xCA, 0x77, 0x56,
    0xE0, 0xA9, 0xE1, 0x5E, 0xBA, 0xA4, 0x71, 0x4D, 0x98, 0xF7, 0x54, 0x9E, 0x06, 0x91, 0x05, 0x97,
    0x3B, 0xB3, 0x0E, 0x24, 0x03, 0x4D, 0xC5, 0x9E, 0xC7, 0xF6, 0x8D, 0x48, 0x1F, 0xF9, 0x9F, 0xED,
    0xB6, 0xA7, 0xA1, 0x17, 0xB0, 0xED, 0x22, 0xD4, 0x36, 0x35, 0xCE, 0x98, 0xB8, 0x15, 0x7C, 0xCE,
    0x8B, 0xAC, 0x7D, 0x8C, 0x19, 0xF9, 0x30, 0x61, 0x45, 0xB2, 0xB2, 0xFE, 0x8A, 0x06, 0x6D, 0x89,
    0x8B, 0x4B, 0x90, 0x2F, 0xA8, 0xD8, 0x70, 0x37, 0x08, 0x54, 0x5E, 0xD8, 0x94, 0x56, 0x6D, 0xF7,
    0xB0, 0x22, 0xB7, 0xA7, 0xEA, 0xF4, 0x5E, 0x0F, 0x2A, 0x07, 0xB8, 0xC7, 0xCC, 0xF6, 0x08, 0x37,
    0x15, 0xAC, 0xC9, 0x4F, 0xA5, 0x4D, 0x04, 0x55, 0x29, 0x1B, 0x04, 0xE9, 0xC3, 0x9A, 0xAE, 0x4C,
    0x65, 0x9D, 0xC9, 0x4D, 0x86, 0xA0, 0x29, 0x85, 0xAF, 0x21, 0x85, 0x4E, 0x66, 0xD1, 0xFA, 0x50,
    0x2B, 0x0C, 0xEB, 0x33, 0x01, 0x4E, 0xE5, 0xC7, 0x74, 0x22, 0x52, 0x40, 0x4D, 0x8E, 0xB4, 0xC5,
    0x00, 0x8E, 0x11, 0x31, 0xD3, 0x23, 0x19, 0x63, 0x79, 0xE3, 0xAB, 0x9C, 0x9B, 0x2C, 0xEF, 0xBF,
    0x90, 0x1D, 0xF3, 0x61, 0xFD, 0xDB, 0x32, 0x86, 0x83, 0x74, 0xC3, 0xBD, 0xA7, 0x93, 0x8E, 0x99,
    0xF3, 0x97, 0xC4, 0x79, 0xC6, 0xF8, 0x9B, 0xFE, 0x47, 0x45, 0x2A, 0x3B, 0x4A, 0xF3, 0x7A, 0xA9,
    0x86, 0x20, 0xCD, 0xEB, 0x82, 0x46, 0x78, 0xE4, 0x75, 0x34, 0xE2, 0x85, 0x94, 0xEB, 0x4A, 0x5B,
    0x33, 0xC0, 0x30, 0x7E, 0x4C, 0x32, 0x00, 0x5E, 0xC7, 0x92, 0xC6, 0x3E, 0x4C, 0xCE, 0x2C, 0x28,
    0x7D, 0xAA, 0x90, 0x4A, 0x99, 0xE5, 0xB8, 0xB1, 0x2A, 0x65, 0xFA, 0x62, 0x09, 0x78, 0x9D, 0xCA,
    0x05, 0x49, 0x6A, 0x43, 0xBC, 0xCE, 0xE5, 0x5F, 0xE0, 0xE9, 0x37, 0xF1, 0x99, 0x9A, 0xD7, 0xF7,
    0x1F, 0x90, 0x45, 0x91, 0x31, 0xCE, 0x23, 0xAF, 0x3F, 0x63, 0xBC, 0xFE, 0x85, 0xDE, 0x57, 0x93,
    0x78, 0xDD, 0x53, 0x4C, 0x60, 0x10, 0x96, 0xD7, 0xBF, 0xBE, 0xFF, 0xCE, 0xA5, 0xF2, 0x7A, 0xC1,
    0x34, 0x73, 0x32, 0x9C, 0xAC, 0x5B, 0x79, 0x29, 0xE1, 0x5A, 0xF9, 0xEE, 0xA9, 0x83, 0x15, 0xB3,
    0x6C, 0x2F, 0x48, 0xB6, 0x41, 0xAE, 0x64, 0x38, 0x06, 0x7F, 0x7D, 0xB9, 0xDF, 0x1F, 0x9C, 0xFC,
    0xD6, 0xCB, 0x3C, 0x6D, 0x32, 0xCC, 0x9B, 0x0C, 0x13, 0x27, 0xC3, 0xCC, 0xC9, 0x30, 0x75, 0x32,
    0xCC, 0x9D, 0x0C, 0x93, 0x27, 0x4D, 0xF6, 0x64, 0x98, 0x3E, 0x19, 0xE6, 0x4F, 0x86, 0x09, 0x94,
    0x3C, 0x83, 0x72, 0x14, 0x22, 0x58, 0x95, 0x58, 0x07, 0xF1, 0xC9, 0x75, 0x50, 0xDE, 0xF8, 0x59,
    0x94, 0x5F, 0xE9, 0xDF, 0x6D, 0x1A, 0xE5, 0x4D, 0xB8, 0xFF, 0x8A, 0xAE, 0x4A, 0x9C, 0xF1, 0x34,
    0xE3, 0xE9, 0xDB, 0xC4, 0xD3, 0xF9, 0xE3, 0xDB, 0x4F, 0x69, 0x95, 0x2B, 0x4B, 0x03, 0x83, 0x56,
    0x75, 0xCC, 0x1B, 0xE6, 0x48, 0xF0, 0xB3, 0x8F, 0x58, 0xEB, 0x9B, 0xC7, 0x89, 0xBF, 0xA9, 0x51,
    0xEB, 0x6F, 0xBA, 0x5B, 0x6D, 0x17, 0xDE, 0x95, 0x85, 0xE4, 0x68, 0xF9, 0xD0, 0xC3, 0x4A, 0x42,
    0xEF, 0x33, 0x48, 0x89, 0x68, 0x82, 0xC6, 0xE0, 0xE4, 0x80, 0xD2, 0xAD, 0x19, 0x4A, 0x38, 0x46,
    0x36, 0xD3, 0x12, 0xE1, 0x63, 0xCC, 0x3C, 0x74, 0x80, 0xB9, 0xF7, 0x20, 0xC4, 0xC6, 0xA5, 0xAD,
    0xFD, 0x98, 0x39, 0xFF, 0xDD, 0x5C, 0x75, 0x13, 0x31, 0x95, 0x1D, 0x8F, 0x27, 0x7B, 0xF2, 0x09,
    0x2B, 0xC5, 0x3C, 0x06, 0x70, 0xFB, 0x7C, 0x6A, 0x65, 0x46, 0xDD, 0xA5, 0xF5, 0xF7, 0x59, 0xEE,
    0xB3, 0xB6, 0xB9, 0x70, 0x6D, 0xB3, 0xC3, 0xFF, 0xDC, 0x11, 0x5F, 0x0C, 0x6B, 0x28, 0xD7, 0xC9,
    0x0F, 0xFE, 0xA8, 0x6C, 0xA7, 0xE5, 0xE0, 0xA3, 0x86, 0xF2, 0x9B, 0xA6, 0x35, 0xA3, 0x93, 0xBB,
    0xCE, 0x79, 0xF2, 0x64, 0xAF, 0xB3, 0x9E, 0x3C, 0x8B, 0x50, 0xE7, 0x3D, 0x61, 0x24, 0x98, 0x67,
    0x3E, 0x01, 0x63, 0x03, 0xAB, 0x50, 0xCA, 0x2E, 0xB0, 0x03, 0xA7, 0xF9, 0x50, 0x1F, 0xAA, 0x1A,
    0x2F, 0x03, 0x2A, 0xD1, 0x35, 0x36, 0x07, 0xAA, 0x17, 0x4D, 0x17, 0xDA, 0x87, 0x3B, 0x16, 0x43,
    0x4C, 0x57, 0x43, 0x4C, 0x97, 0x43, 0x4C, 0xD7, 0x43, 0xEC, 0x58, 0x10, 0x31, 0x5D, 0x11, 0xB1,
    0x63, 0x49, 0xC4, 0xD7, 0x61, 0x67, 0x96, 0xE0, 0x75, 0x97, 0xE0, 0xB9, 0x2D, 0xFF, 0x1D, 0x4B,
    0x5B, 0xA6, 0x4B, 0x59, 0x76, 0xD4, 0x4C, 0x56, 0xB7, 0x9C, 0x61, 0x79, 0xCB, 0x64, 0xBC, 0xDA,
    0x31, 0x12, 0x4D, 0x46, 0x31, 0x62, 0xDE, 0x04, 0x96, 0xD3, 0x30, 0xD9, 0x5B, 0x49, 0xB0, 0xB8,
    0x40, 0xC8, 0xD7, 0xDA, 0xB0, 0xE6, 0x4E, 0xB8, 0x0A, 0xAC, 0x49, 0xC3, 0x6B, 0x6E, 0x9C, 0x67,
    0x61, 0xD8, 0xDC, 0x9B, 0x9E, 0xC1, 0xDE, 0x34, 0x63, 0x75, 0xC6, 0xEA, 0xAC, 0xF9, 0xCF, 0xA3,
    0xF9, 0xF9, 0xE4, 0x30, 0x4F, 0xF7, 0x09, 0xF2, 0x7D, 0x82, 0x84, 0x9F, 0x20, 0xE3, 0x27, 0x48,
    0xF9, 0x99, 0xE4, 0xFC, 0x50, 0xD2, 0x8F, 0xE0, 0x59, 0x3F, 0x82, 0xA7, 0xFD, 0x08, 0x9E, 0xF7,
    0xC3, 0x12, 0x7F, 0x42, 0xAF, 0x80, 0xB9, 0x05, 0x77, 0x58, 0x84, 0xB0, 0x4F, 0x58, 0x80, 0xB0,
    0x8C, 0xFC, 0xF8, 0xE0, 0x91, 0xD8, 0x11, 0x1E, 0xBC, 0xF4, 0x6D, 0xFB, 0x66, 0x29, 0x88, 0x79,
    0xF3, 0xC4, 0x19, 0x0C, 0x67, 0x07, 0x83, 0x5A, 0x0C, 0x65, 0xC1, 0xA0, 0xFE, 0xEF, 0x16, 0x16,
    0x0C, 0x7A, 0x5C, 0x34, 0x60, 0xD0, 0x45, 0x03, 0x06, 0x33, 0x46, 0x6A, 0x30, 0x44, 0x77, 0x67,
    0x29, 0x5C, 0x39, 0x29, 0x5C, 0x8D, 0x2E, 0xC9, 0x73, 0x70, 0x43, 0x03, 0x6C, 0xFF, 0xD2, 0x2D,
    0x9E, 0x87, 0x7B, 0xAE, 0xAD, 0xFA, 0x66, 0x4C, 0x5E, 0xA5, 0x61, 0x62, 0x06, 0xC3, 0x0C, 0x86,
    0x2B, 0x67, 0x33, 0xD0, 0x11, 0xE6, 0xBC, 0x4D, 0x92, 0xDE, 0xA6, 0x59, 0x6F, 0x3C, 0xED, 0x6D,
    0x9A, 0xF7, 0x36, 0x4D, 0x7C, 0x9B, 0x66, 0xBE, 0xB9, 0xD4, 0x37, 0x31, 0xC9, 0x7D, 0x13, 0x93,
    0xE4, 0x37, 0x31, 0xC9, 0x7E, 0x13, 0x61, 0xFA, 0x5B, 0x2D, 0xC2, 0xFC, 0xB7, 0x20, 0xEC, 0xCF,
    0xDD, 0xC9, 0xC6, 0xDF, 0x0A, 0xCB, 0x4B, 0x81, 0xD3, 0xD7, 0x78, 0x39, 0x70, 0x07, 0xF0, 0x9C,
    0x30, 0x09, 0xEE, 0x8A, 0x3B, 0x8F, 0xB3, 0x4C, 0x9F, 0x3D, 0x99, 0x5E, 0xC5, 0x80, 0xC0, 0xFF,
    0x01, 0xED, 0x5D, 0x5D, 0x8C, 0x1E, 0xD5, 0x79, 0x3E, 0x33, 0xE3, 0xDD, 0x09, 0x9E, 0xC4, 0xE3,
    0x28, 0x36, 0x8A, 0xBD, 0x81, 0xC9, 0x05, 0xAD, 0x68, 0x64, 0x98, 0x4A, 0xF1, 0x85, 0x9B, 0xAC,
    0x77, 0xC6, 0xD0, 0x86, 0x0B, 0xA4, 0xB2, 0x17, 0x98, 0x48, 0x90, 0xCA, 0x48, 0xE5, 0x82, 0x40,
    0x2B, 0x5B, 0xAA, 0xA5, 0xA2, 0x16, 0x76, 0x06, 0x50, 0x95, 0x8B, 0x54, 0x65, 0xD5, 0x56, 0xEA,
    0x45, 0xA4, 0x06, 0x55, 0xA0, 0x26, 0x06, 0x65, 0xB7, 0x8A, 0x2F, 0x48, 0xE4, 0xF5, 0x8C, 0x6D,
    0x55, 0x5C, 0x70, 0xC1, 0x67, 0x1B, 0x95, 0x0B, 0x2E, 0x18, 0x63, 0x53, 0x37, 0xB1, 0x2A, 0x0F,
    0x30, 0x86, 0xD9, 0xF5, 0x7C, 0x73, 0xFA, 0xBE, 0xEF, 0x99, 0xBF, 0x73, 0x66, 0xF6, 0xC7, 0x16,
    0x28, 0x34, 0xD9, 0xD1, 0xE7, 0xF5, 0xBC, 0xCF, 0x37, 0xDF, 0xFC, 0x9C, 0xF7, 0xFF, 0x3D, 0x3F,
    0xC3, 0x58, 0x67, 0x33, 0x47, 0x4C, 0xD9, 0x9C, 0x4C, 0x45, 0xDC, 0xA2, 0x87, 0xE4, 0x2A, 0x62,
    0xF7, 0x7E, 0xA5, 0x87, 0xEC, 0x66, 0xB6, 0x59, 0x15, 0x38, 0xCC, 0xE7, 0x65, 0xC0, 0xE4, 0x5C,
    0xB9, 0xBC, 0xCB, 0x79, 0xD9, 0x52, 0x1A, 0xFC, 0xE3, 0xB0, 0xB5, 0x88, 0xB1, 0xCC, 0x0C, 0x44,
    0xDA, 0x3B, 0x32, 0x4B, 0x66, 0xF3, 0xCC, 0xE4, 0x71, 0x83, 0x58, 0x63, 0xE6, 0x71, 0x5F, 0x03,
    0xC4, 0xF4, 0xAB, 0x47, 0x2A, 0x18, 0x87, 0x27, 0x07, 0xC4, 0xC2, 0x06, 0x00, 0xD4, 0x29, 0x0C,
    0x9E, 0x32, 0x3C, 0x06, 0xBE, 0x63, 0xDA, 0x32, 0x63, 0x5E, 0x61, 0x01, 0x65, 0xC0, 0x3F, 0x07,
    0x10, 0x9D, 0x2F, 0xB3, 0x88, 0x1F, 0xE2, 0x78, 0xD3, 0x21, 0x35, 0x12, 0x5D, 0x16, 0xB6, 0x63,
    0x11, 0xFC, 0x49, 0xBC, 0xAC, 0x45, 0x68, 0xCB, 0x1A, 0x24, 0xAA, 0x90, 0x1C, 0x11, 0xF8, 0x39,
    0x2F, 0xED, 0xEE, 0x31, 0xF8, 0xD0, 0x89, 0x86, 0x07, 0x65, 0x93, 0x70, 0x1E, 0xBC, 0x1F, 0x83,
    0xFF, 0x31, 0xDC, 0xC3, 0x13, 0xC7, 0xFE, 0x19, 0xEF, 0xD5, 0x2B, 0x09, 0xF1, 0x3B, 0x6C, 0xE4,
    0x23, 0x6C, 0x98, 0x2E, 0x8B, 0xE0, 0x36, 0x16, 0xBA, 0x0D, 0x85, 0x27, 0x85, 0xAD, 0xCB, 0x5D,
    0x9D, 0x90, 0xB4, 0xDB, 0xB8, 0x01, 0x22, 0xBE, 0xC2, 0x00, 0x7E, 0x49, 0xE6, 0xC0, 0xAD, 0xE2,
    0x36, 0x86, 0xB7, 0x4D, 0x19, 0xDB, 0x94, 0xB1, 0xCF, 0x5A, 0xC6, 0x6E, 0x60, 0x9B, 0x60, 0x8F,
    0x29, 0x88, 0x77, 0xAA, 0x54, 0x90, 0xE0, 0x22, 0x5F, 0x17, 0xF1, 0xCE, 0xA9, 0xBF, 0xDA, 0xEA,
    0x3F, 0xBE, 0xF1, 0xDB, 0x70, 0x7D, 0x15, 0xF1, 0x62, 0x15, 0x09, 0xE2, 0xF5, 0x8F, 0xD9, 0xAA,
    0x02, 0xD6, 0x68, 0x49, 0x55, 0x9C, 0x0F, 0xD4, 0x7B, 0x77, 0x3E, 0x54, 0x11, 0x3B, 0x15, 0x4F,
    0x33, 0xD9, 0xB4, 0xB2, 0x1E, 0xDE, 0x51, 0x4B, 0xFE, 0x7C, 0x5F, 0x17, 0xE4, 0xBB, 0x77, 0x80,
    0x5D, 0xCB, 0x7E, 0x57, 0x3B, 0x1C, 0x89, 0xED, 0xA8, 0x16, 0x36, 0x0A, 0xA8, 0x84, 0x90, 0x14,
    0x8E, 0x19, 0xDB, 0xCE, 0xD8, 0x1F, 0x90, 0x12, 0xE0, 0x36, 0x85, 0x88, 0x97, 0x30, 0x2F, 0xAD,
    0x10, 0x9D, 0x34, 0x0F, 0xC8, 0x06, 0x81, 0xEB, 0xBF, 0x0F, 0x8D, 0x93, 0xE0, 0x07, 0x45, 0x90,
    0x44, 0x0A, 0xBE, 0x89, 0x12, 0xFC, 0xF0, 0x84, 0x04, 0x71, 0x19, 0xCE, 0x81, 0xDF, 0xE2, 0x07,
    0x85, 0xCD, 0xE3, 0xA1, 0x9B, 0x81, 0x62, 0x25, 0xF0, 0x61, 0x1C, 0xE5, 0x1D, 0x2E, 0xE4, 0x94,
    0xBE, 0x89, 0x3A, 0x0A, 0x9F, 0x12, 0x85, 0x3B, 0x65, 0x76, 0x57, 0x77, 0x40, 0x0C, 0xC3, 0x4A,
    0x82, 0xAB, 0x2D, 0xB6, 0x79, 0x2D, 0xC1, 0xB8, 0x2D, 0x03, 0x02, 0x5A, 0x69, 0x85, 0xF0, 0x68,
    0x1F, 0x70, 0x7E, 0x0D, 0x34, 0x28, 0xE0, 0xA1, 0x97, 0xC3, 0x03, 0x58, 0x60, 0x0B, 0x60, 0xDF,
    0xE5, 0xBE, 0xC5, 0xF1, 0xD6, 0x83, 0x54, 0x66, 0xED, 0x10, 0x82, 0xB7, 0x2C, 0x23, 0x56, 0xA8,
    0x22, 0xAA, 0x88, 0xF4, 0x8C, 0xA2, 0xD7, 0x33, 0xA5, 0x5E, 0xD9, 0x33, 0xC0, 0xD8, 0x6C, 0x7F,
    0x29, 0x49, 0x0D, 0xE7, 0x2F, 0x2F, 0x48, 0xC7, 0x09, 0x2B, 0x22, 0xFD, 0x8C, 0xF7, 0xF4, 0xD4,
    0xED, 0x21, 0xD8, 0x38, 0xF2, 0x63, 0xB0, 0xC9, 0x93, 0x2F, 0x6D, 0xEA, 0xC5, 0xEF, 0xA2, 0x5E,
    0xC0, 0xA5, 0x15, 0xBD, 0x20, 0x41, 0x93, 0xF4, 0x42, 0x65, 0xED, 0xA7, 0x85, 0xFC, 0x96, 0xE8,
    0x85, 0x91, 0xA8, 0x7A, 0x61, 0xE7, 0xAA, 0xCC, 0x3B, 0x85, 0xAA, 0x17, 0x0D, 0xD2, 0x1C, 0xD3,
    0xFC, 0xAA, 0xD1, 0x0B, 0x6D, 0x7E, 0x53, 0x2F, 0x36, 0xF5, 0xE2, 0xFF, 0xB9, 0xBF, 0x30, 0x93,
    0x9E, 0x5C, 0xAE, 0x97, 0x6B, 0xF4, 0x8E, 0x50, 0xB3, 0x08, 0x3D, 0x57, 0x7C, 0x90, 0x51, 0x28,
    0x0E, 0xC7, 0x1C, 0x2B, 0x80, 0x51, 0xA8, 0x0E, 0xE8, 0xC5, 0x5B, 0x36, 0xEE, 0xF2, 0x0E, 0xB7,
    0x37, 0xE0, 0x8B, 0xB6, 0x6D, 0x6E, 0x51, 0x44, 0x04, 0x51, 0x9B, 0x8D, 0x90, 0x64, 0x98, 0xA4,
    0x18, 0x5B, 0x30, 0xE2, 0x14, 0x80, 0x43, 0x32, 0x0F, 0x3A, 0x0E, 0x49, 0x03, 0x01, 0x01, 0xBF,
    0xC2, 0x29, 0xBD, 0xA8, 0x01, 0x5E, 0xEA, 0x20, 0x9B, 0x4E, 0x8E, 0xA6, 0x41, 0x64, 0x04, 0x19,
    0x6A, 0x07, 0x24, 0x10, 0xE2, 0x03, 0x17, 0xCD, 0x50, 0x1B, 0x30, 0x76, 0xC9, 0x49, 0x26, 0x6C,
    0x90, 0x77, 0x8C, 0x5B, 0x72, 0xFC, 0x78, 0x63, 0xBA, 0x88, 0xEF, 0x8D, 0x35, 0x2E, 0x3E, 0xA0,
    0xE4, 0x1E, 0xE7, 0x2B, 0x92, 0xB0, 0x7B, 0x1F, 0x73, 0x69, 0x4B, 0xBD, 0x34, 0x6A, 0xA9, 0x32,
    0xE0, 0x69, 0x90, 0xBA, 0xBC, 0xE4, 0x7C, 0x1C, 0xE0, 0xA7, 0x70, 0x10, 0x30, 0x79, 0xEE, 0xF2,
    0xC4, 0xE1, 0x10, 0x31, 0x8D, 0x74, 0x1E, 0x83, 0xC8, 0xEE, 0x0E, 0xD7, 0x94, 0xE1, 0x1E, 0xE0,
    0xAD, 0x0F, 0xA8, 0x42, 0xE0, 0xE5, 0xEB, 0xA5, 0x9B, 0x8E, 0xAA, 0x16, 0x76, 0x0F, 0x18, 0xAB,
    0x80, 0xAA, 0x37, 0x96, 0x6A, 0x35, 0x4D, 0xF5, 0x08, 0xDD, 0xDF, 0xA8, 0x90, 0xCC, 0x29, 0x34,
    0xF7, 0xD7, 0xA1, 0x95, 0xE3, 0xEF, 0x54, 0x1E, 0xEF, 0x39, 0xB9, 0x49, 0xBC, 0xB7, 0x8B, 0xB5,
    0xE9, 0x33, 0x32, 0x3D, 0xC9, 0xE6, 0x6F, 0x22, 0xF3, 0x92, 0x95, 0x46, 0xDC, 0xA2, 0x19, 0xCB,
    0x74, 0x14, 0x93, 0x1A, 0x3C, 0x56, 0xD1, 0x68, 0x7E, 0xD1, 0xFA, 0xF3, 0xB8, 0xFA, 0x1E, 0x95,
    0x03, 0x24, 0x97, 0xC7, 0xBA, 0x78, 0xE4, 0x20, 0xA3, 0x74, 0xB9, 0xA1, 0x81, 0xB5, 0x20, 0xEA,
    0x1A, 0x0F, 0x75, 0xE1, 0x33, 0xDC, 0x02, 0xCE, 0x14, 0x1A, 0x48, 0xD3, 0x95, 0x9C, 0x31, 0x9A,
    0x69, 0x82, 0x12, 0x91, 0xB3, 0x86, 0x0E, 0xC9, 0x9F, 0x03, 0xA9, 0xB5, 0xC8, 0x61, 0x9B, 0x6D,
    0x5C, 0x7B, 0xA6, 0xC6, 0xC2, 0x57, 0x26, 0x8C, 0xB6, 0x8B, 0x44, 0x83, 0x16, 0xF0, 0xB7, 0x39,
    0x3F, 0xCF, 0xF9, 0x29, 0xA2, 0xC1, 0xB0, 0x97, 0x2C, 0x2A, 0xFD, 0xA8, 0x64, 0xEE, 0x18, 0x9F,
    0x2A, 0x51, 0x4C, 0xA9, 0x6C, 0x29, 0x22, 0x99, 0x71, 0xE4, 0xCE, 0xBA, 0xED, 0xCE, 0x33, 0xC5,
    0x97, 0xCA, 0x3F, 0x77, 0x14, 0x89, 0xB2, 0x93, 0x35, 0xDB, 0x7C, 0x93, 0x1F, 0x9F, 0x5F, 0x7E,
    0xEC, 0x60, 0xF2, 0x85, 0xBB, 0xBF, 0xD4, 0xC4, 0xB3, 0xD7, 0xCC, 0xB1, 0x2A, 0x2F, 0x5A, 0xF1,
    0xC6, 0x13, 0xF1, 0x0C, 0xB2, 0x46, 0x2B, 0xF1, 0x58, 0x4E, 0x61, 0x0E, 0x70, 0x06, 0x78, 0x60,
    0xF2, 0x65, 0xE2, 0x19, 0x32, 0x06, 0x58, 0x86, 0xAE, 0x3C, 0x4A, 0x05, 0x5F, 0x80, 0xF4, 0x78,
    0x65, 0x50, 0x81, 0x2D, 0x26, 0x67, 0xE8, 0x68, 0x88, 0x04, 0xAE, 0xD8, 0x5C, 0x27, 0xDE, 0x8A,
    0xF8, 0x08, 0x22, 0x93, 0xD7, 0xE1, 0x22, 0x53, 0x15, 0x29, 0x4A, 0x4E, 0x0B, 0x9C, 0x0A, 0x65,
    0x8E, 0xCC, 0x22, 0xE4, 0xC8, 0xD5, 0xDA, 0xE8, 0x8B, 0xBB, 0xBB, 0xB7, 0xFD, 0x16, 0xF8, 0x91,
    0x53, 0xC5, 0x67, 0xAC, 0xF3, 0xBC, 0x66, 0xC7, 0xC3, 0xC7, 0x5E, 0x1E, 0xE2, 0x86, 0xCC, 0x0C,
    0x85, 0x17, 0x0A, 0x2B, 0x14, 0x4E, 0x28, 0x8C, 0x50, 0xF8, 0xB0, 0x2A, 0x1B, 0xF4, 0x4C, 0xF1,
    0xF4, 0x6B, 0x59, 0x78, 0x85, 0x34, 0x15, 0x0F, 0xF1, 0xE2, 0x8D, 0x18, 0xC7, 0x4D, 0xEE, 0x7F,
    0x0E, 0xB8, 0xBF, 0x76, 0x74, 0xA9, 0x14, 0xA0, 0x55, 0x32, 0x5D, 0x23, 0xAA, 0xD4, 0xE4, 0x98,
    0xD2, 0x18, 0x4B, 0xF1, 0xA2, 0x21, 0xC7, 0x93, 0x6A, 0x34, 0xF9, 0x68, 0xAF, 0x96, 0xA1, 0x51,
    0xF4, 0xD7, 0x50, 0x51, 0x68, 0x0B, 0x5B, 0x59, 0xD9, 0x6D, 0xC8, 0x3A, 0x5A, 0xF9, 0x01, 0x33,
    0x6B, 0x75, 0x8B, 0xD7, 0x7C, 0x64, 0x89, 0x90, 0x1B, 0xCE, 0x70, 0x8B, 0x0F, 0x0C, 0x36, 0x45,
    0x3D, 0x56, 0x44, 0x8F, 0x51, 0xAA, 0xB1, 0x49, 0x24, 0x31, 0x54, 0xCC, 0x2B, 0x69, 0x80, 0xA6,
    0x86, 0x5C, 0x08, 0x42, 0x24, 0x0A, 0xAC, 0x30, 0x52, 0xF4, 0xEA, 0x0F, 0x86, 0x9A, 0x79, 0x87,
    0x9C, 0xC2, 0xC0, 0x30, 0xCA, 0xF0, 0x03, 0x07, 0x3F, 0x02, 0x67, 0x9E, 0xD7, 0xAB, 0x88, 0xB1,
    0x1B, 0x0B, 0xE2, 0x1D, 0x00, 0x99, 0x77, 0x82, 0x47, 0x4E, 0x09, 0x50, 0xBD, 0x85, 0x1C, 0xAE,
    0x02, 0x92, 0x55, 0x44, 0xBC, 0x08, 0xE0, 0xEE, 0xF1, 0xF9, 0xB4, 0x88, 0x8F, 0xC0, 0x2F, 0x4C,
    0xA9, 0xF9, 0xC2, 0xFA, 0xDB, 0x2E, 0x25, 0x82, 0x94, 0x23, 0x7E, 0xC5, 0x84, 0xAB, 0x0E, 0x41,
    0x26, 0x77, 0x6F, 0x4A, 0xCE, 0xEF, 0x84, 0xE4, 0x0C, 0x72, 0x70, 0x46, 0x26, 0x1B, 0x49, 0x21,
    0x0E, 0x6A, 0x0D, 0x29, 0x38, 0x58, 0x93, 0x15, 0x07, 0xA3, 0x50, 0xE2, 0xE0, 0xAE, 0x4D, 0x0E,
    0x7E, 0xC6, 0x1C, 0x74, 0xC2, 0xB5, 0x4A, 0xC4, 0xC1, 0x68, 0xAD, 0x6F, 0xE5, 0x56, 0xB7, 0x92,
    0xA5, 0x35, 0xEA, 0x63, 0xCE, 0x35, 0x3E, 0x54, 0x19, 0x53, 0xCA, 0x62, 0x9D, 0xED, 0x0B, 0x72,
    0x26, 0x85, 0x6E, 0x6D, 0x72, 0xBE, 0xED, 0x42, 0x43, 0x59, 0x29, 0xBB, 0x29, 0xA4, 0xCE, 0x1B,
    0xC9, 0x32, 0xC1, 0x25, 0x5A, 0xC4, 0xC1, 0xED, 0x8C, 0xFD, 0x1E, 0x06, 0xD2, 0xE8, 0x6F, 0x53,
    0x7A, 0x9C, 0x20, 0x41, 0xD2, 0x2B, 0xD1, 0x27, 0x53, 0x69, 0x0B, 0x03, 0x6C, 0x9E, 0x62, 0xD7,
    0x6A, 0x04, 0x5E, 0x7F, 0x04, 0xF2, 0x09, 0x1F, 0x8C, 0x59, 0x10, 0x1F, 0x51, 0x04, 0x0F, 0xE2,
    0x51, 0x45, 0xEB, 0xF0, 0x31, 0x39, 0x9C, 0x01, 0xC2, 0x76, 0x4C, 0xC3, 0x01, 0x74, 0x78, 0x6E,
    0xF0, 0xCC, 0xA2, 0x8F, 0xC9, 0x63, 0x60, 0xD9, 0x42, 0xCB, 0xB2, 0x50, 0x66, 0x28, 0xE3, 0x1F,
    0x49, 0x51, 0x00, 0xB2, 0xF4, 0x3A, 0xE7, 0x1F, 0xD2, 0x27, 0x63, 0x25, 0xB0, 0xF3, 0x14, 0xC4,
    0xE0, 0x01, 0xD5, 0xB8, 0x50, 0x6C, 0x7F, 0x2A, 0x37, 0x70, 0x6B, 0x10, 0x43, 0xF4, 0xFB, 0x4D,
    0x65, 0x64, 0x84, 0x0F, 0x5F, 0xF3, 0x11, 0x9E, 0xD3, 0x12, 0xB1, 0x0D, 0xD9, 0xE5, 0x14, 0x65,
    0x24, 0x69, 0xEB, 0x5A, 0xDE, 0x18, 0x20, 0xD0, 0x0E, 0x7D, 0x16, 0xA3, 0x9B, 0x20, 0x05, 0x19,
    0x84, 0xF0, 0x0D, 0x52, 0x6E, 0xA0, 0x78, 0x02, 0x94, 0x55, 0xE2, 0xC7, 0x2D, 0xE0, 0xD9, 0x90,
    0x1A, 0xE3, 0xC7, 0x29, 0xB0, 0xE6, 0x90, 0x50, 0xA9, 0x04, 0x82, 0x9E, 0xC2, 0xE0, 0xBE, 0xE8,
    0x69, 0xA5, 0xDA, 0x89, 0xC1, 0xEF, 0xC1, 0x16, 0x1E, 0x63, 0x7C, 0x84, 0x3D, 0xB3, 0xD8, 0x51,
    0x0C, 0x51, 0x09, 0x7C, 0x82, 0x42, 0x6A, 0x80, 0x5C, 0xA2, 0x52, 0xA9, 0x6D, 0x46, 0xD5, 0xFF,
    0x2E, 0x7D, 0x7C, 0xF8, 0xC0, 0x7D, 0x5F, 0x32, 0x79, 0x6E, 0x52, 0x04, 0x14, 0x5A, 0x65, 0xA7,
    0x18, 0x16, 0x77, 0x4A, 0x04, 0x1A, 0xCF, 0xBA, 0x11, 0x26, 0x97, 0xBA, 0xA0, 0x03, 0xDE, 0x8D,
    0x87, 0x1C, 0xA9, 0xC3, 0xDA, 0x94, 0xFB, 0x57, 0x03, 0xEE, 0xDF, 0x98, 0xBB, 0xD4, 0x72, 0xB9,
    0xB8, 0xB5, 0x7A, 0x44, 0x2C, 0x7F, 0x27, 0x47, 0xBC, 0x27, 0xAD, 0xAE, 0x8A, 0x71, 0x27, 0xED,
    0x06, 0xB4, 0x87, 0xBA, 0x37, 0xC8, 0x25, 0x0F, 0x78, 0xA7, 0x28, 0x8A, 0x6C, 0xCA, 0xC4, 0x6F,
    0x52, 0x26, 0xB4, 0x83, 0x52, 0x6F, 0xFC, 0x67, 0x46, 0x18, 0x1B, 0x26, 0x26, 0xA9, 0x0F, 0x01,
    0x0D, 0x25, 0x10, 0x11, 0x45, 0xFF, 0x11, 0x15, 0xE1, 0xEF, 0xA3, 0x36, 0x20, 0x23, 0x69, 0xF0,
    0x80, 0x72, 0x23, 0x32, 0x91, 0xA2, 0x20, 0x1D, 0x0B, 0x03, 0x09, 0x44, 0xF9, 0x08, 0x10, 0x64,
    0x1E, 0x0D, 0x1C, 0xE9, 0x40, 0x85, 0x7E, 0x2A, 0x46, 0x70, 0xF4, 0x84, 0xC2, 0x34, 0x1A, 0x58,
    0x58, 0x8D, 0x12, 0x61, 0x18, 0x0D, 0x4A, 0x80, 0x46, 0xC2, 0x2C, 0xE2, 0x40, 0x0E, 0xB3, 0x36,
    0x8A, 0x36, 0xF7, 0x6F, 0x8D, 0x64, 0x93, 0xC8, 0x22, 0xC9, 0xFE, 0xB5, 0xE6, 0x30, 0xA9, 0x8D,
    0x21, 0xA7, 0x6E, 0x10, 0x61, 0x0A, 0x71, 0x9F, 0x4C, 0x7E, 0xD7, 0x10, 0x6E, 0x51, 0xEB, 0x89,
    0x1D, 0xC7, 0x4E, 0x99, 0x5E, 0xD7, 0xB5, 0x93, 0x03, 0x93, 0x9C, 0x3B, 0x48, 0x2C, 0x93, 0xDC,
    0x3B, 0x16, 0x8F, 0x25, 0x07, 0x8F, 0x2E, 0x5C, 0x72, 0xF1, 0x55, 0xA1, 0x54, 0x71, 0xF2, 0x3D,
    0x37, 0x2F, 0x39, 0xFA, 0x5C, 0x24, 0x63, 0x8D, 0xAB, 0x0F, 0xD0, 0x04, 0x48, 0xCE, 0x1E, 0xDA,
    0x53, 0xF6, 0x0E, 0x9C, 0x9A, 0x2A, 0x97, 0x22, 0x00, 0xC9, 0xE5, 0x8F, 0x23, 0x04, 0x3A, 0x4E,
    0x1F, 0x4B, 0xC2, 0x1D, 0xB7, 0x0F, 0x69, 0xEB, 0x24, 0x0F, 0x6F, 0x6A, 0xB8, 0xC7, 0xAE, 0x5E,
    0x0F, 0x88, 0x7A, 0x1E, 0x1E, 0xAF, 0x07, 0x44, 0x2A, 0xA0, 0x26, 0x01, 0x9B, 0x9C, 0xBB, 0x51,
    0xCE, 0xCD, 0xB0, 0x75, 0x1A, 0x5D, 0xDB, 0x00, 0x5B, 0xC2, 0xF5, 0x78, 0x7D, 0x13, 0xDB, 0x26,
    0x2B, 0x3F, 0x3D, 0x25, 0xB4, 0xD4, 0x91, 0x7F, 0x8E, 0xDA, 0x31, 0xE3, 0xAA, 0x80, 0x5A, 0x2F,
    0xED, 0xF7, 0xCE, 0x65, 0x9E, 0x92, 0xA8, 0x15, 0x8A, 0x7A, 0x5A, 0x2A, 0x60, 0xE4, 0x81, 0xE2,
    0xEC, 0xE6, 0x77, 0x6D, 0x72, 0xFF, 0xB7, 0xCC, 0x04, 0x6F, 0x4A, 0xE1, 0xA6, 0x14, 0xDE, 0x10,
    0xF7, 0x67, 0x54, 0xEE, 0xB7, 0xD5, 0x9C, 0x44, 0xF1, 0x40, 0x35, 0xF7, 0x6B, 0xA0, 0xE1, 0x7E,
    0xED, 0x81, 0x1A, 0xEE, 0xEF, 0xDA, 0xE4, 0xFE, 0x6F, 0x8A, 0xFB, 0x52, 0xC6, 0x22, 0x27, 0x19,
    0x9F, 0x09, 0x65, 0xDC, 0x08, 0x25, 0x92, 0x17, 0x39, 0x7B, 0x91, 0xD2, 0x17, 0x39, 0x7F, 0x91,
    0x13, 0x18, 0x39, 0x83, 0x91, 0x53, 0x18, 0x29, 0x87, 0x61, 0x52, 0x12, 0xC3, 0xA4, 0x2C, 0x86,
    0x49, 0x69, 0x0C, 0x93, 0xF2, 0x18, 0x26, 0xD5, 0x76, 0xE4, 0x5A, 0x5D, 0x21, 0x55, 0x76, 0x8A,
    0x4E, 0x2E, 0x03, 0x1C, 0xEA, 0x24, 0x33, 0x93, 0x78, 0x19, 0xA5, 0xAC, 0xB3, 0x3E, 0x57, 0xF4,
    0xB4, 0x4B, 0x75, 0x86, 0x58, 0x20, 0x35, 0x5E, 0xFD, 0x3B, 0x2B, 0xEF, 0x52, 0xDA, 0xFC, 0x26,
    0x57, 0x6E, 0x88, 0x2B, 0xA0, 0xB9, 0xF1, 0x41, 0x7F, 0x12, 0xF4, 0x31, 0xC1, 0xD2, 0x45, 0x82,
    0x5A, 0x9C, 0xCC, 0x4F, 0x01, 0x29, 0x63, 0xE9, 0x7C, 0xD5, 0x21, 0xB8, 0xF6, 0x1F, 0x6F, 0xE8,
    0x4F, 0xD6, 0xFC, 0x41, 0x5E, 0xD1, 0x98, 0x32, 0x17, 0x3B, 0xE4, 0x1D, 0x2C, 0xDE, 0xD8, 0xA2,
    0x5D, 0x51, 0x99, 0x03, 0x75, 0xA4, 0x8A, 0xEB, 0x1F, 0xF4, 0xA7, 0xB8, 0xCF, 0xCF, 0x62, 0xBF,
    0xFD, 0x05, 0x60, 0x51, 0x74, 0x61, 0xDE, 0x85, 0x1B, 0x02, 0x2C, 0xBA, 0xD0, 0xC1, 0xA8, 0x35,
    0xEB, 0x3F, 0xEB, 0xDF, 0xE4, 0x3A, 0xB7, 0xBB, 0xDA, 0x1F, 0x51, 0x88, 0x72, 0x45, 0x89, 0x15,
    0x3D, 0x00, 0x0E, 0x6B, 0x40, 0x49, 0xC2, 0x42, 0x18, 0x0A, 0x25, 0xFE, 0x03, 0x1B, 0x8A, 0x96,
    0x93, 0x7E, 0x81, 0x97, 0x48, 0x17, 0x19, 0x1B, 0xED, 0xA5, 0x11, 0x53, 0xFB, 0x97, 0x3F, 0x1E,
    0x2D, 0x26, 0x47, 0x17, 0x17, 0x93, 0xBD, 0x8B, 0x4F, 0x65, 0x1F, 0x24, 0xD0, 0x06, 0xB1, 0x36,
    0xDA, 0xC7, 0x58, 0x72, 0x84, 0xB1, 0xBF, 0x49, 0xC5, 0x6F, 0xF0, 0xB7, 0x38, 0x50, 0x0D, 0x47,
    0x69, 0xE2, 0xF9, 0xCC, 0xB1, 0x90, 0x56, 0x9D, 0x06, 0x30, 0x84, 0x22, 0xFC, 0xC1, 0x03, 0xED,
    0xCC, 0x1B, 0x89, 0xBB, 0xC1, 0x43, 0xDB, 0xC3, 0x7C, 0x71, 0x18, 0x0A, 0x22, 0xDE, 0x26, 0x9A,
    0x7C, 0xAF, 0x3E, 0x37, 0x1C, 0x38, 0xFD, 0x35, 0xC6, 0xF6, 0x7E, 0x09, 0x1B, 0x7C, 0x64, 0xCF,
    0xCD, 0x1D, 0xDF, 0xB3, 0xEF, 0x4B, 0x7B, 0xF0, 0xDF, 0xED, 0xFB, 0xEF, 0x7A, 0xCA, 0x42, 0x29,
    0x7E, 0x6A, 0x1B, 0x63, 0xFB, 0x6E, 0x63, 0xEC, 0xEE, 0x13, 0xE2, 0xE4, 0xF5, 0x6F, 0xF1, 0x5C,
    0x78, 0x69, 0x38, 0xAF, 0xA6, 0x3C, 0x36, 0xBA, 0x51, 0xAF, 0xF1, 0xAD, 0xA6, 0xEC, 0xDC, 0xCC,
    0x70, 0x2D, 0xD2, 0x08, 0xD7, 0xEA, 0xFA, 0xBE, 0xF5, 0x55, 0x89, 0xFC, 0x86, 0x5C, 0x61, 0x74,
    0x5F, 0x54, 0x7C, 0xA5, 0xF3, 0x5C, 0xB7, 0xAE, 0x38, 0x6B, 0x77, 0xC7, 0x35, 0x99, 0x89, 0x7D,
    0x3A, 0x6B, 0x8B, 0x9A, 0x86, 0x42, 0xA6, 0x1D, 0xD2, 0x95, 0x48, 0x8D, 0x17, 0x40, 0x9E, 0xCA,
    0x9A, 0x61, 0x5B, 0x12, 0x69, 0x8F, 0x64, 0x32, 0x26, 0xB2, 0xB6, 0x48, 0xF6, 0xFB, 0x12, 0x69,
    0xC1, 0xA9, 0xB2, 0x96, 0x04, 0x83, 0xB2, 0x50, 0x46, 0x0D, 0xC9, 0x76, 0xA3, 0x9E, 0x3E, 0x2B,
    0x48, 0x9C, 0x28, 0xE5, 0x94, 0x6E, 0x59, 0x95, 0x5F, 0xA7, 0x12, 0x39, 0x1F, 0x4E, 0xE4, 0xA1,
    0x65, 0x89, 0x88, 0x37, 0x1C, 0x3A, 0xD8, 0xBD, 0x92, 0xD0, 0x31, 0xA1, 0x0D, 0xAC, 0xBA, 0x85,
    0x79, 0x34, 0x6C, 0xD8, 0xE0, 0x89, 0xCD, 0x4B, 0x3F, 0x00, 0x12, 0xDB, 0xC8, 0x7E, 0x1B, 0x47,
    0x04, 0x84, 0x1E, 0xF3, 0x7E, 0x44, 0x3D, 0x3B, 0xCF, 0x61, 0x3F, 0x41, 0xEC, 0xFA, 0xAE, 0x18,
    0xEF, 0x1A, 0x17, 0x6C, 0xAA, 0xF4, 0x9D, 0xD0, 0x12, 0x36, 0x65, 0x85, 0x42, 0x08, 0x3B, 0x64,
    0x0F, 0x91, 0x59, 0x11, 0x85, 0x46, 0x27, 0x14, 0x93, 0x75, 0xD2, 0xE0, 0x1D, 0x1C, 0xE4, 0xEB,
    0xF9, 0x52, 0x87, 0x3A, 0x57, 0x02, 0x60, 0xB9, 0x83, 0x45, 0x8E, 0xB1, 0xDD, 0x70, 0x35, 0x11,
    0x18, 0x18, 0x38, 0xB9, 0xED, 0x66, 0xA1, 0xFE, 0x54, 0x2F, 0x36, 0x79, 0xA4, 0x07, 0xBD, 0xB2,
    0xD8, 0x83, 0xA2, 0xDE, 0x9C, 0x35, 0x76, 0x07, 0x9B, 0x51, 0x67, 0xB2, 0x4D, 0x30, 0x4F, 0x0D,
    0x2F, 0xED, 0x58, 0x81, 0x40, 0xE8, 0x62, 0x4F, 0xFE, 0xA1, 0x99, 0xF6, 0xA0, 0xA0, 0x07, 0x81,
    0x83, 0x50, 0x21, 0xFB, 0x3A, 0x41, 0x5D, 0x39, 0x70, 0x9F, 0xEF, 0x41, 0xC0, 0xEC, 0x1E, 0xD4,
    0x3F, 0xCA, 0x05, 0x37, 0x33, 0x92, 0x21, 0x90, 0x95, 0xC3, 0xD7, 0x22, 0x43, 0x1A, 0x78, 0xF2,
    0x4B, 0xE4, 0x3B, 0x42, 0xD3, 0x9D, 0x7B, 0x1D, 0x47, 0x39, 0x42, 0x4B, 0x42, 0x66, 0x71, 0x50,
    0xCA, 0xC4, 0xEC, 0x84, 0xAF, 0xF9, 0xD5, 0x51, 0x53, 0x89, 0xDA, 0x28, 0x20, 0xBB, 0x7A, 0xA8,
    0x4B, 0x15, 0x67, 0x92, 0x5F, 0xBB, 0x81, 0x30, 0x90, 0x26, 0x19, 0x76, 0x56, 0x9A, 0x03, 0x52,
    0xF6, 0x28, 0xC8, 0xB1, 0x39, 0xAA, 0xFA, 0xBF, 0xB7, 0xFA, 0x1E, 0x78, 0xC7, 0x14, 0x1E, 0x0F,
    0xA0, 0xBA, 0xB1, 0xF9, 0x01, 0xD0, 0x2E, 0x90, 0x67, 0x2B, 0x76, 0xC2, 0x59, 0x9C, 0xD7, 0x65,
    0x3F, 0x5F, 0xB0, 0x42, 0x83, 0xB8, 0x31, 0xB5, 0x47, 0xD0, 0x5E, 0x05, 0xDB, 0xE6, 0xBB, 0x6F,
    0xA4, 0x7A, 0xCE, 0x8A, 0x4A, 0xAE, 0x01, 0xC2, 0x01, 0x2B, 0xBF, 0x5E, 0xC8, 0x58, 0x21, 0x64,
    0x9B, 0x9F, 0x85, 0x20, 0x98, 0x24, 0x7C, 0x04, 0x10, 0x0B, 0xF2, 0x80, 0x5F, 0xD2, 0x70, 0xD0,
    0x5A, 0x86, 0x9D, 0x8F, 0x7A, 0xA3, 0xAA, 0x05, 0x7D, 0x0E, 0xFA, 0xCC, 0x6A, 0x44, 0x99, 0xCF,
    0x4F, 0xE5, 0x4A, 0x6F, 0x62, 0x50, 0xD5, 0xD9, 0x3B, 0x33, 0xE5, 0x9C, 0xAA, 0xBB, 0xA2, 0xD3,
    0xAD, 0xA2, 0x2D, 0xBC, 0xD4, 0x74, 0x6D, 0xAC, 0xB1, 0x6D, 0xEF, 0x17, 0xE9, 0xAF, 0xF5, 0x86,
    0x74, 0xB3, 0x95, 0x3E, 0xF4, 0x68, 0x5F, 0xF0, 0xB7, 0x0E, 0x5D, 0xC0, 0xDE, 0x30, 0x68, 0x0D,
    0xDE, 0xE0, 0xD7, 0x07, 0xB0, 0xAF, 0xFC, 0xE1, 0x00, 0xF8, 0x57, 0x47, 0x07, 0x40, 0x6F, 0xA8,
    0x33, 0xF7, 0xAB, 0xCC, 0x35, 0x7A, 0xF8, 0x84, 0xEF, 0x1A, 0xBD, 0xA7, 0xB4, 0xE3, 0x1E, 0xA8,
    0x83, 0xA0, 0xBB, 0xF7, 0x2A, 0xA0, 0x01, 0xE2, 0xD1, 0x03, 0x0F, 0xA7, 0xD6, 0x48, 0x05, 0x81,
    0xE5, 0x7D, 0xD0, 0x1A, 0x02, 0x9D, 0xD3, 0x00, 0x3A, 0x2A, 0x78, 0x0F, 0x82, 0xCF, 0x2B, 0xE0,
    0xB9, 0x01, 0xD0, 0xE6, 0xB9, 0x95, 0xB4, 0xE0, 0x4C, 0x75, 0xA1, 0x72, 0x61, 0x39, 0x68, 0xCE,
    0x59, 0xA5, 0x98, 0xC7, 0x50, 0x42, 0xF1, 0x31, 0xF5, 0xB8, 0x05, 0x21, 0x9C, 0x0A, 0xC6, 0x08,
    0x92, 0x02, 0x13, 0xB8, 0x1F, 0xBD, 0xDF, 0x84, 0x8F, 0x16, 0xCF, 0x18, 0xD5, 0xA0, 0x3A, 0x68,
    0xD8, 0xC3, 0xF1, 0x6D, 0x77, 0x56, 0x3E, 0xA3, 0x05, 0x29, 0xD2, 0x8E, 0x1A, 0x8F, 0x45, 0xF1,
    0x9A, 0x98, 0xD8, 0xC9, 0x5F, 0x6A, 0xFB, 0x8B, 0x26, 0x01, 0x0C, 0x3C, 0xB6, 0xBF, 0x16, 0xE3,
    0xC7, 0x30, 0x38, 0xF6, 0x7C, 0x8F, 0x2D, 0xB9, 0x6C, 0x4E, 0xAB, 0xBC, 0xE1, 0x09, 0x2B, 0x07,
    0x0E, 0x80, 0x93, 0x29, 0x00, 0xD7, 0x8A, 0x49, 0x03, 0x25, 0xB8, 0x70, 0x47, 0x76, 0x0C, 0xB0,
    0x9F, 0x2F, 0x31, 0x88, 0xDF, 0x22, 0xB0, 0x0F, 0x99, 0x56, 0x04, 0xCC, 0x41, 0xB0, 0x0E, 0x62,
    0x1F, 0x88, 0x69, 0xBE, 0xC0, 0x31, 0x1E, 0x5A, 0x71, 0x3D, 0xE6, 0x73, 0x6C, 0x23, 0x78, 0x15,
    0x7D, 0x8F, 0x0D, 0x41, 0xF2, 0xF8, 0x30, 0x7F, 0x1E, 0x1C, 0x9A, 0x8D, 0x81, 0xF2, 0x7D, 0x38,
    0x41, 0x14, 0xBD, 0x48, 0x61, 0xC7, 0xC2, 0x29, 0xC3, 0x21, 0x6C, 0xE2, 0x41, 0x78, 0x10, 0x0C,
    0x86, 0x0E, 0x11, 0x68, 0x2D, 0x6B, 0x62, 0x74, 0x05, 0xF5, 0xA0, 0x79, 0x42, 0x0D, 0x8D, 0x7A,
    0x9A, 0x02, 0x8D, 0xF9, 0x76, 0x78, 0x3D, 0xC4, 0x2E, 0xAF, 0x84, 0x0A, 0xA9, 0x6A, 0x8A, 0xE8,
    0xEE, 0x15, 0x7F, 0x35, 0x9F, 0xD4, 0x1F, 0x95, 0x31, 0xA0, 0x48, 0x2F, 0x0C, 0x74, 0xB2, 0xD9,
    0xEF, 0x0E, 0x80, 0xFA, 0xD0, 0x90, 0xB4, 0xDB, 0x87, 0x2F, 0x75, 0x63, 0xF0, 0x6A, 0xB7, 0x3E,
    0x3C, 0x7C, 0xFB, 0xE1, 0xC5, 0x41, 0xF8, 0x95, 0xE1, 0x51, 0x17, 0x27, 0x87, 0xAD, 0xD7, 0x76,
    0x36, 0x67, 0xF5, 0xFD, 0x27, 0x18, 0xF0, 0x99, 0x21, 0xD8, 0x0E, 0xBD, 0x3E, 0x0C, 0x91, 0xDB,
    0x10, 0x6C, 0x25, 0x3D, 0xFF, 0x4A, 0xBC, 0x4B, 0x87, 0x60, 0xB3, 0xEF, 0x41, 0x49, 0x21, 0x2F,
    0x0F, 0xC2, 0xDE, 0xBD, 0xC3, 0x70, 0xDF, 0x9B, 0x12, 0xFC, 0x2F, 0x83, 0xF0, 0x80, 0x57, 0x15,
    0x9A, 0x8D, 0xF1, 0x54, 0x0F, 0x66, 0x07, 0x51, 0xC4, 0x09, 0xD6, 0xA5, 0x6A, 0x11, 0xB8, 0xA0,
    0x8C, 0xE0, 0xEE, 0x4F, 0xF6, 0x77, 0x0C, 0x5A, 0xE7, 0x2E, 0xE7, 0x06, 0x18, 0x40, 0x4A, 0xAE,
    0xCC, 0x68, 0xD0, 0x5E, 0xAC, 0xD4, 0x3C, 0xEB, 0xAA, 0x39, 0xCD, 0xFE, 0xE0, 0xD8, 0x84, 0x92,
    0xA2, 0xE3, 0x5C, 0x27, 0x54, 0x75, 0x5D, 0x52, 0x75, 0x66, 0x8C, 0xE7, 0x48, 0xD9, 0x75, 0x59,
    0xD9, 0xED, 0xD4, 0x1D, 0x52, 0x77, 0x07, 0x34, 0x73, 0x40, 0xE1, 0xBD, 0x36, 0xA9, 0x6D, 0x55,
    0x1E, 0x60, 0x8F, 0x0F, 0x29, 0xBD, 0x67, 0x8D, 0x87, 0xD4, 0x7E, 0x06, 0xEC, 0x5C, 0x5F, 0xF1,
    0xC9, 0xE8, 0x55, 0xAA, 0x6F, 0x37, 0xAA, 0x3F, 0x26, 0xB8, 0xA7, 0xFC, 0x19, 0xC1, 0x03, 0xEA,
    0x8F, 0xF1, 0xC6, 0x80, 0x01, 0x70, 0x86, 0x85, 0xDD, 0x8E, 0x07, 0x8D, 0x80, 0xED, 0xAF, 0x63,
    0x06, 0x56, 0x31, 0x04, 0xAB, 0x98, 0x82, 0x55, 0xB7, 0x74, 0x15, 0x7C, 0xF1, 0x06, 0xF1, 0xD9,
    0x55, 0xF0, 0xAF, 0x0C, 0xC3, 0xC6, 0x37, 0x87, 0x87, 0x0F, 0x18, 0xC1, 0x2A, 0xC7, 0xBF, 0xA5,
    0xCD, 0xEE, 0x1C, 0xFC, 0x46, 0x4F, 0xBD, 0x21, 0xF8, 0x44, 0xAF, 0xC2, 0x8E, 0xDB, 0xCE, 0x55,
    0x70, 0x97, 0x2D, 0x0D, 0xE1, 0x5A, 0xE4, 0x0F, 0xE2, 0x10, 0x77, 0x2E, 0x69, 0x03, 0x78, 0xB0,
    0x0A, 0x5E, 0x1E, 0x06, 0x3C, 0xF7, 0xFA, 0xC3, 0x64, 0x1C, 0xFF, 0x99, 0x55, 0xF0, 0xB9, 0x21,
    0x9C, 0x47, 0xE1, 0x10, 0x0E, 0xD2, 0x3E, 0x8A, 0xF4, 0x01, 0x9C, 0x7C, 0x63, 0xE6, 0xF6, 0x9F,
    0xD7, 0xE4, 0xD7, 0x79, 0xE2, 0x0E, 0x74, 0xA6, 0x46, 0xCF, 0x9E, 0xF4, 0xBF, 0xD1, 0xF1, 0xEC,
    0xC3, 0x02, 0x33, 0x80, 0x6B, 0x79, 0x07, 0xEF, 0x0A, 0x6F, 0xF7, 0x78, 0xC7, 0x57, 0xC3, 0x09,
    0xDC, 0x96, 0x20, 0xB4, 0xB4, 0x4A, 0x19, 0x07, 0x6B, 0x43, 0x01, 0xB0, 0x57, 0xD7, 0xF0, 0x74,
    0x72, 0xC0, 0x38, 0xBA, 0xC6, 0xA6, 0x22, 0xC5, 0xFF, 0x34, 0x8F, 0x18, 0x6B, 0x21, 0x05, 0x1B,
    0xCE, 0x9B, 0xB1, 0xED, 0x9F, 0xAC, 0x7B, 0x8C, 0x22, 0x8E, 0xA6, 0x9E, 0x05, 0x41, 0xE8, 0x81,
    0x25, 0xF1, 0x97, 0x6A, 0x6B, 0x3C, 0x36, 0x53, 0x2B, 0xF1, 0x50, 0xF7, 0x3D, 0x3B, 0x74, 0xA1,
    0x99, 0x0F, 0xA0, 0x2D, 0x9C, 0xB1, 0x52, 0x48, 0x0B, 0x52, 0xF7, 0xC0, 0xD8, 0x4A, 0xE6, 0x20,
    0xC1, 0x0D, 0xBD, 0xAB, 0xA7, 0x53, 0xF6, 0x47, 0x2C, 0x72, 0x62, 0x13, 0xBE, 0x71, 0xDB, 0x11,
    0xE9, 0xFC, 0x7C, 0x4A, 0x43, 0xD2, 0x8F, 0x45, 0x23, 0xB0, 0xEC, 0x2D, 0xCC, 0xEF, 0x4D, 0x80,
    0xFD, 0x58, 0x43, 0x0B, 0xE1, 0x4C, 0xFC, 0xF9, 0x32, 0xE0, 0x8F, 0xF0, 0x0B, 0x9C, 0xCF, 0x43,
    0x2C, 0x6A, 0xF1, 0xB3, 0x9C, 0x2F, 0x83, 0xF3, 0x21, 0xDF, 0x26, 0x92, 0x69, 0x08, 0x2A, 0xF1,
    0x83, 0xE5, 0x4D, 0x57, 0x58, 0x00, 0xEF, 0x6D, 0x81, 0x97, 0xFE, 0xA1, 0x44, 0x70, 0xDB, 0xAF,
    0xA2, 0xFF, 0x8A, 0xAC, 0x46, 0xF1, 0x59, 0xE3, 0x9A, 0x87, 0x71, 0x25, 0x74, 0x65, 0xE5, 0xF2,
    0xAA, 0x26, 0xF9, 0x7E, 0x95, 0xA8, 0x9E, 0x14, 0x2E, 0x5A, 0xDF, 0xA8, 0x29, 0xF0, 0x57, 0x51,
    0xBD, 0xCB, 0xF1, 0x0D, 0xE1, 0xDA, 0xB3, 0xFE, 0x86, 0xAD, 0xCF, 0x67, 0x1A, 0xA1, 0xBC, 0x78,
    0x23, 0x11, 0xCA, 0xD5, 0xE1, 0x08, 0x65, 0x69, 0xB5, 0x67, 0x99, 0xB3, 0xE2, 0x0D, 0x47, 0x28,
    0x4E, 0x38, 0x33, 0x14, 0xA1, 0x38, 0x43, 0x11, 0xCA, 0xD4, 0x60, 0xE0, 0xA2, 0xF1, 0xC1, 0xC0,
    0xC5, 0x1A, 0x0E, 0x5C, 0x56, 0x8B, 0x50, 0x8C, 0x1B, 0x82, 0xAF, 0x0C, 0xC2, 0x6B, 0x44, 0x28,
    0x7C, 0x20, 0x42, 0xD9, 0xD9, 0x44, 0x28, 0xCA, 0x69, 0xB2, 0x20, 0x11, 0xB0, 0x3D, 0xDC, 0xBE,
    0x94, 0xB4, 0x0B, 0x7F, 0xA8, 0x75, 0x7C, 0x94, 0xD3, 0xBA, 0x4C, 0x3D, 0x1B, 0xF0, 0xA4, 0x56,
    0x08, 0x6C, 0x97, 0x8B, 0x2F, 0xBA, 0x2F, 0x8A, 0x47, 0x46, 0xD3, 0x1D, 0xE7, 0xD6, 0xF7, 0x83,
    0x3E, 0xDB, 0x5A, 0x09, 0xEB, 0xE4, 0xAD, 0xC0, 0x32, 0x92, 0x9E, 0xE8, 0x79, 0xA1, 0xC1, 0x43,
    0x0A, 0x70, 0xDE, 0x06, 0xF5, 0x2A, 0x50, 0x5D, 0x8D, 0xB4, 0xD0, 0xB3, 0xCA, 0x5B, 0x1B, 0xA9,
    0x37, 0x0A, 0xD8, 0xF8, 0x36, 0xD8, 0x31, 0x93, 0x1C, 0xF2, 0xC3, 0x64, 0xC7, 0x2E, 0xE2, 0x29,
    0x07, 0x1B, 0x35, 0xE7, 0xFA, 0x7A, 0x6E, 0xBE, 0x9D, 0x1A, 0x99, 0xB1, 0x02, 0x61, 0x8D, 0x31,
    0x6F, 0xBD, 0x57, 0xB0, 0x93, 0xCC, 0xF3, 0xC4, 0xDC, 0x1A, 0x2A, 0xB8, 0xCF, 0x50, 0x8F, 0xDA,
    0xCA, 0xC2, 0x58, 0x82, 0x2F, 0xCD, 0x55, 0xB3, 0xBF, 0x33, 0x82, 0xAF, 0xF3, 0xF7, 0x79, 0x89,
    0xB3, 0xD8, 0x20, 0x46, 0x8B, 0xC6, 0x54, 0x05, 0x18, 0x7B, 0x78, 0xC9, 0x54, 0x18, 0xEC, 0x80,
    0x2C, 0xF7, 0xCE, 0x59, 0xA6, 0x17, 0xDE, 0xC8, 0x49, 0x8D, 0x65, 0x61, 0xFD, 0xBC, 0x4B, 0x93,
    0x65, 0xD5, 0xC8, 0x0E, 0x16, 0x8B, 0xAB, 0x31, 0x7D, 0x4E, 0x3D, 0x1B, 0x1E, 0x47, 0xA4, 0xE1,
    0xBC, 0x9D, 0xAA, 0x68, 0x58, 0x77, 0x06, 0xC2, 0x45, 0x9E, 0x84, 0x20, 0x6E, 0xB2, 0xF2, 0xE4,
    0x4F, 0xFE, 0x6A, 0xF5, 0x0C, 0x7D, 0xA0, 0xCF, 0x71, 0xFB, 0x20, 0xBC, 0xFF, 0xE9, 0x41, 0x78,
    0xE6, 0xC4, 0x20, 0xBC, 0xA3, 0x33, 0xD2, 0xB9, 0x1D, 0xE3, 0xAC, 0x7F, 0xAF, 0x35, 0x39, 0xE2,
    0x01, 0xB0, 0x52, 0xA4, 0xF9, 0x47, 0x16, 0x21, 0xE8, 0x3D, 0x8C, 0x62, 0x72, 0xE4, 0xC8, 0xA2,
    0x16, 0x5B, 0x68, 0xED, 0xB6, 0xE3, 0xEE, 0x19, 0xD2, 0xD9, 0xC5, 0x23, 0x47, 0xFF, 0xE3, 0x17,
    0xB4, 0x6B, 0xA5, 0x47, 0xF6, 0xFE, 0xFC, 0x00, 0xEC, 0xBE, 0xC6, 0xEE, 0x5A, 0x3C, 0xB2, 0x17,
    0x0E, 0x08, 0x0D, 0xCE, 0xF6, 0x1E, 0x39, 0x0A, 0xBB, 0xE7, 0xFF, 0xC1, 0x36, 0xFD, 0x99, 0xE3,
    0x47, 0xF7, 0x1E, 0x81, 0xDD, 0x69, 0xD3, 0x77, 0xC6, 0xE3, 0xE3, 0x7F, 0xFE, 0xDF, 0x9F, 0x2C,
    0x1C, 0x3F, 0x0C, 0xCD, 0xF7, 0x6E, 0x0A, 0x1E, 0xF7, 0x13, 0x11, 0xD8, 0x2D, 0xB2, 0x7D, 0x66,
    0x88, 0x11, 0xC8, 0xA3, 0xEC, 0x38, 0x5B, 0xA4, 0x0A, 0xB4, 0x09, 0x9E, 0xE0, 0x95, 0x91, 0x11,
    0x82, 0x20, 0xDE, 0xBD, 0x08, 0x1E, 0x4C, 0xFB, 0xA7, 0xD0, 0xBA, 0xC4, 0xF6, 0x1D, 0xD9, 0x0B,
    0x2C, 0xB8, 0x27, 0x04, 0xB9, 0xDE, 0x7F, 0xFC, 0x28, 0xDC, 0x92, 0x11, 0xDB, 0x58, 0xE0, 0xC7,
    0x5E, 0xC8, 0xC3, 0x89, 0xF5, 0x6B, 0xF8, 0x12, 0x9D, 0x06, 0xCE, 0x60, 0x06, 0x44, 0x7B, 0xE2,
    0xD8, 0xCB, 0xFE, 0xC4, 0xCB, 0xB5, 0x95, 0xD1, 0x46, 0x8D, 0x2D, 0xD6, 0xCE, 0x09, 0xB9, 0xD4,
    0xDE, 0x65, 0xDA, 0x79, 0xAC, 0xF7, 0x82, 0xDD, 0xFA, 0x3B, 0xD8, 0x3D, 0xF3, 0x2A, 0x33, 0x49,
    0xF2, 0xB5, 0xF3, 0xAF, 0x6F, 0xAB, 0x67, 0xA7, 0x5F, 0x7C, 0xFD, 0x67, 0x6C, 0x5A, 0x54, 0x48,
    0x2E, 0x9E, 0x2E, 0xE1, 0xC2, 0x74, 0xC0, 0xC5, 0xF8, 0x36, 0xE6, 0x94, 0x10, 0xD8, 0xB2, 0xEF,
    0x9E, 0x3F, 0x75, 0x02, 0x2E, 0x4F, 0xB2, 0xF5, 0xFC, 0x1B, 0xC0, 0x6F, 0xED, 0xE1, 0x63, 0xC7,
    0x8E, 0x3D, 0xA8, 0x1D, 0x58, 0x97, 0xB1, 0x7F, 0x31, 0x50, 0xC9, 0xB9, 0xD4, 0xC7, 0x26, 0x86,
    0xF4, 0x77, 0x37, 0x7A, 0xFC, 0xCE, 0xEC, 0x13, 0x70, 0xFF, 0x13, 0xFF, 0x8E, 0xE6, 0x50, 0xC6,
    0xB6, 0x96, 0x12, 0x06, 0x4C, 0x08, 0x99, 0xF5, 0x16, 0x62, 0x4D, 0xBC, 0x60, 0x8F, 0xAA, 0xE8,
    0xB9, 0x83, 0x99, 0x99, 0x8A, 0x39, 0xB9, 0x36, 0x26, 0x6C, 0xC2, 0xB7, 0xC3, 0xEA, 0xCB, 0xA0,
    0x64, 0x01, 0xED, 0x5A, 0x98, 0x51, 0x84, 0x55, 0xB8, 0xC4, 0xDC, 0xAB, 0xE1, 0xED, 0xEC, 0xB5,
    0x0E, 0x76, 0xDC, 0x0D, 0x2D, 0x0E, 0x81, 0x42, 0xD1, 0xC1, 0xE0, 0xCC, 0x60, 0x34, 0x20, 0x37,
    0xB1, 0x46, 0x0D, 0x36, 0xB9, 0x80, 0x9D, 0x6D, 0xDE, 0x3D, 0x85, 0x9D, 0x3A, 0x6F, 0xBE, 0x29,
    0xB0, 0x88, 0xBF, 0xD0, 0x84, 0x01, 0x2F, 0x08, 0x0C, 0xF2, 0x9D, 0x07, 0xF8, 0x1B, 0x5C, 0x2C,
    0x9B, 0x65, 0x13, 0x66, 0x9E, 0xCF, 0x34, 0x7B, 0xAC, 0x41, 0x50, 0xF0, 0xC3, 0xDC, 0xCD, 0x05,
    0x36, 0x75, 0x39, 0x51, 0x53, 0x01, 0x8D, 0x5F, 0x96, 0x6A, 0xB6, 0x31, 0xF6, 0x56, 0xAA, 0x18,
    0x64, 0x1D, 0xEE, 0x15, 0xE5, 0xB7, 0xDE, 0xAF, 0xC1, 0x94, 0x5F, 0x4C, 0xE4, 0xC2, 0x31, 0x9A,
    0xF7, 0x8F, 0x52, 0x09, 0x03, 0x93, 0xE1, 0xFD, 0xE8, 0xC3, 0xB4, 0x9B, 0x2A, 0xC3, 0x71, 0xA1,
    0xCB, 0x3F, 0x68, 0x7F, 0x6B, 0xA7, 0x76, 0xE2, 0x5C, 0x1D, 0x59, 0xBC, 0xB7, 0xA5, 0x55, 0xCD,
    0xB3, 0xBB, 0x55, 0x45, 0xFD, 0x7A, 0xD8, 0xB2, 0x9B, 0x07, 0xFC, 0x06, 0x16, 0xEC, 0xE9, 0x6E,
    0xD3, 0xC7, 0x07, 0x22, 0xF9, 0xA2, 0x8F, 0xED, 0x1B, 0x38, 0x6E, 0x72, 0xD8, 0x55, 0x47, 0xC3,
    0x41, 0xCA, 0x40, 0xF9, 0x02, 0x7D, 0x1D, 0x98, 0x16, 0x73, 0x74, 0x42, 0x71, 0xD4, 0x8C, 0xFD,
    0x59, 0x0C, 0xFF, 0xF5, 0x60, 0xFD, 0x67, 0x3D, 0x38, 0x46, 0x18, 0x7B, 0xBA, 0x24, 0x18, 0xBD,
    0x04, 0x55, 0x4C, 0x8C, 0xB4, 0x3B, 0x11, 0x44, 0x2F, 0xAA, 0x42, 0x65, 0x17, 0x9E, 0xBC, 0xC4,
    0xA2, 0x01, 0xD8, 0x2D, 0x99, 0x7B, 0x26, 0xA5, 0x7C, 0xA7, 0x0B, 0x47, 0xDC, 0xB7, 0x3F, 0x49,
    0x35, 0xB6, 0x4B, 0x86, 0xC7, 0x6E, 0x6C, 0x70, 0xB8, 0xA8, 0xAB, 0x65, 0x46, 0xFA, 0x4C, 0x6B,
    0x60, 0x31, 0x33, 0x4E, 0xAD, 0x91, 0x27, 0xC3, 0x0C, 0xF2, 0xE8, 0x28, 0x05, 0xB7, 0x0E, 0x37,
    0xD4, 0x81, 0x5D, 0x7E, 0x7A, 0x81, 0x8F, 0x17, 0xAE, 0xF1, 0x1F, 0xF1, 0x27, 0x3B, 0x30, 0xE7,
    0x67, 0x9A, 0x65, 0x1B, 0x92, 0xA6, 0x7A, 0xA0, 0x97, 0x0F, 0x3F, 0xCF, 0x47, 0x7C, 0x0C, 0xF6,
    0xF2, 0x01, 0x1E, 0xCE, 0xB5, 0x4F, 0xCE, 0xB4, 0x07, 0xD9, 0xC4, 0xEC, 0x4E, 0xFF, 0x41, 0xF8,
    0x7F, 0x47, 0x07, 0xEE, 0x6C, 0xCF, 0x0C, 0xC3, 0x73, 0x37, 0x07, 0xEB, 0xC3, 0xB0, 0xD6, 0xF4,
    0xCD, 0xBD, 0x46, 0xB0, 0xA8, 0x61, 0xEE, 0x62, 0x6D, 0x3F, 0x1B, 0x25, 0x42, 0x51, 0x35, 0x31,
    0xCB, 0x6F, 0x6A, 0xEF, 0x18, 0x3E, 0x88, 0xF2, 0x86, 0xD1, 0x59, 0x57, 0xE3, 0x90, 0xEF, 0xF8,
    0x9E, 0x28, 0x6F, 0x58, 0x97, 0x9B, 0x48, 0x64, 0xCE, 0x21, 0x98, 0x68, 0xFB, 0x54, 0x23, 0xB8,
    0x4B, 0x2E, 0x84, 0x05, 0x9E, 0x56, 0x4C, 0x52, 0xA5, 0xBF, 0x19, 0x96, 0x50, 0xCC, 0xB1, 0x20,
    0x0C, 0xFC, 0x28, 0x62, 0xDF, 0x78, 0x45, 0x5E, 0x09, 0x43, 0x6C, 0xBE, 0xC7, 0xC7, 0x7D, 0x74,
    0x0C, 0x8C, 0x19, 0x05, 0xEF, 0x34, 0xE4, 0x21, 0x68, 0xF6, 0xF7, 0xAA, 0x05, 0x72, 0xDA, 0x02,
    0xC2, 0x92, 0x39, 0x1A, 0x92, 0xFB, 0xE0, 0xC7, 0x83, 0xB0, 0xC7, 0x4F, 0x5F, 0x1C, 0x88, 0x67,
    0x2D, 0x7E, 0xEF, 0x27, 0x43, 0xC7, 0x3F, 0xA6, 0x9D, 0x8B, 0xD7, 0x57, 0xE6, 0xA9, 0x7E, 0xC1,
    0xA3, 0x5C, 0x37, 0xEB, 0x40, 0xD1, 0x9F, 0x88, 0x59, 0x57, 0x0E, 0x91, 0xCF, 0x7F, 0xDF, 0x83,
    0xB4, 0x77, 0x25, 0x28, 0xC1, 0xA3, 0xAE, 0xE1, 0x37, 0x35, 0xC7, 0x8D, 0xBC, 0x12, 0x90, 0x16,
    0x62, 0xA5, 0x02, 0x59, 0x05, 0xF6, 0x6D, 0x51, 0xFD, 0xA2, 0x86, 0x3C, 0xCE, 0xEC, 0x8B, 0x34,
    0x1D, 0x2F, 0xAB, 0xA1, 0x20, 0x8A, 0x8D, 0x4F, 0x52, 0x63, 0xDE, 0x39, 0x00, 0x90, 0x08, 0xBD,
    0x9E, 0xB6, 0x21, 0xAE, 0x4A, 0x8D, 0xC4, 0xF5, 0x73, 0xBD, 0x82, 0x70, 0xA4, 0x58, 0x84, 0x3A,
    0xC7, 0x20, 0x4E, 0x9C, 0xA9, 0x9C, 0xC5, 0x48, 0x8B, 0x32, 0x3B, 0xF1, 0xB4, 0x71, 0xFD, 0x43,
    0x8F, 0x9F, 0xEB, 0x2C, 0x6F, 0x52, 0x29, 0xD4, 0x69, 0x9E, 0x11, 0xF0, 0x2E, 0x4F, 0x08, 0xD2,
    0xC7, 0xDA, 0x3D, 0x3C, 0x0C, 0xC6, 0xDE, 0x05, 0x7E, 0x1F, 0x48, 0x41, 0x5F, 0xD8, 0x29, 0x88,
    0x92, 0x20, 0x22, 0xBC, 0x01, 0x48, 0x1F, 0x80, 0xB2, 0x1E, 0x24, 0xCD, 0xD8, 0x11, 0x10, 0xAB,
    0xC5, 0x17, 0xD7, 0x90, 0x33, 0x70, 0x2D, 0x24, 0x8F, 0x5D, 0x7B, 0xB1, 0xED, 0x8C, 0xC5, 0x34,
    0x37, 0xF6, 0x9A, 0x74, 0x14, 0xC3, 0x24, 0xC8, 0x24, 0x56, 0x42, 0xAF, 0x5E, 0xD2, 0x51, 0xCB,
    0x0B, 0x86, 0xBD, 0xE2, 0x31, 0xA3, 0x3C, 0x5C, 0x9C, 0x19, 0x20, 0x5D, 0x40, 0x55, 0xF9, 0xCD,
    0x48, 0x72, 0x2D, 0xC7, 0xC0, 0xFA, 0xEB, 0xEE, 0x81, 0x92, 0x52, 0x64, 0xF0, 0x94, 0xA9, 0x51,
    0x18, 0xB9, 0x79, 0x3D, 0xEB, 0x26, 0xDE, 0x55, 0xE4, 0x6C, 0xAB, 0x08, 0x4E, 0x42, 0xC4, 0x74,
    0x1B, 0xB7, 0xF7, 0xA3, 0xD2, 0xE2, 0x0E, 0xFF, 0x55, 0xDB, 0x25, 0x5C, 0xC7, 0xCA, 0xDD, 0xC7,
    0x5B, 0x8E, 0xFA, 0x95, 0x95, 0xD2, 0xBE, 0x4B, 0x55, 0x95, 0xC2, 0x55, 0x8B, 0x51, 0x93, 0xB3,
    0xDB, 0x6E, 0xEB, 0x38, 0x10, 0xED, 0xDF, 0x84, 0x16, 0x1C, 0x61, 0x13, 0xD1, 0x3F, 0xE2, 0x6E,
    0xAA, 0xF9, 0x93, 0xE5, 0x2C, 0xD6, 0x62, 0x21, 0x36, 0x9C, 0x5A, 0xF1, 0x99, 0x3E, 0x9A, 0x63,
    0x6E, 0xAA, 0x2F, 0x53, 0x68, 0x57, 0xB2, 0x7D, 0x94, 0x7B, 0x1A, 0xA7, 0xCE, 0x8E, 0xD8, 0x4C,
    0x56, 0xED, 0x5E, 0xF0, 0xDD, 0x12, 0x62, 0xB1, 0x63, 0x0B, 0x57, 0x56, 0x70, 0x7A, 0x89, 0xE8,
    0x2C, 0x8F, 0x7A, 0x8A, 0xB2, 0x53, 0xE8, 0xC9, 0x6D, 0xB1, 0x36, 0xFA, 0x16, 0x5E, 0xEA, 0x5C,
    0xF8, 0x85, 0xB0, 0x8A, 0x16, 0x41, 0x73, 0xF5, 0x67, 0xEB, 0x5D, 0x5B, 0xBF, 0xD0, 0xEC, 0xC6,
    0xBF, 0xC0, 0xE6, 0x74, 0xE3, 0x8B, 0xF1, 0xDD, 0xC9, 0x0C, 0xEC, 0x86, 0x3C, 0x79, 0x2F, 0xDE,
    0x07, 0xAE, 0x1D, 0x62, 0xC7, 0x51, 0xFA, 0x5E, 0xBC, 0xFF, 0x83, 0x85, 0x6B, 0x07, 0xBF, 0x7B,
    0xF5, 0x3B, 0x1F, 0xBF, 0x17, 0xBB, 0xE7, 0xC7, 0x11, 0xAD, 0xF0, 0x79, 0x2E, 0xD6, 0x34, 0x7F,
    0xE7, 0xC1, 0x07, 0x27, 0x5E, 0x9A, 0x60, 0xBE, 0xDE, 0x7A, 0x49, 0x3B, 0x63, 0x18, 0x5F, 0xDE,
    0xB6, 0x8F, 0xB1, 0x2F, 0x4E, 0x57, 0xBB, 0xBB, 0x99, 0xF6, 0x74, 0xBA, 0x8F, 0x76, 0x83, 0xD0,
    0x29, 0xA6, 0xC5, 0xEE, 0xCF, 0xE3, 0xFD, 0x3B, 0x9C, 0xA7, 0xC0, 0x97, 0xDF, 0x36, 0xFD, 0x49,
    0xBC, 0x8F, 0x99, 0xF9, 0xD7, 0xF6, 0xEC, 0xB9, 0x7D, 0x3A, 0x82, 0x5D, 0xA3, 0x98, 0x9E, 0x06,
    0xD4, 0x8A, 0xA7, 0xC5, 0xC0, 0xBE, 0xF1, 0x74, 0xC4, 0xA6, 0x59, 0xE9, 0x5C, 0xBE, 0x7C, 0x31,
    0x9F, 0xCE, 0xA5, 0x61, 0x1C, 0x52, 0x3A, 0x31, 0x2D, 0xD5, 0xBA, 0x5A, 0xFB, 0xE2, 0x77, 0x46,
    0xF5, 0xBA, 0x21, 0xE8, 0xE3, 0xDD, 0x95, 0x49, 0x71, 0x62, 0xE3, 0xA3, 0x2C, 0x10, 0x85, 0x3D,
    0x10, 0x33, 0xF3, 0x6C, 0x4E, 0x23, 0x0D, 0x5C, 0x96, 0xDB, 0xB1, 0x15, 0xE7, 0x14, 0xCA, 0x81,
    0xC8, 0x43, 0xA8, 0x77, 0x2E, 0x77, 0xDE, 0xC2, 0x3A, 0xDF, 0x0F, 0xC6, 0x4E, 0x6C, 0xF1, 0xAC,
    0x59, 0x8A, 0x00, 0x17, 0x13, 0xA1, 0xEA, 0xD9, 0x75, 0x10, 0x37, 0xC6, 0x9E, 0xF0, 0x83, 0xDD,
    0xC0, 0x23, 0xFF, 0xA7, 0x93, 0x2F, 0x91, 0x7A, 0x76, 0x03, 0xDD, 0x4A, 0x73, 0xF4, 0xE7, 0xFC,
    0x76, 0x40, 0x8B, 0x09, 0xC6, 0x89, 0xDD, 0x5D, 0xCB, 0xDB, 0x1B, 0xE1, 0x86, 0x82, 0x9F, 0x93,
    0x9D, 0x3A, 0xB0, 0x51, 0x0F, 0x53, 0xDC, 0x01, 0x77, 0x6D, 0x57, 0xF3, 0xD3, 0x34, 0xB0, 0x56,
    0xA1, 0xFD, 0x83, 0xA4, 0xEE, 0x4E, 0x76, 0x62, 0xEA, 0x41, 0xD4, 0x13, 0x33, 0x1C, 0x33, 0x2B,
    0x71, 0xAE, 0xA4, 0xA2, 0xAF, 0x72, 0x09, 0x15, 0x91, 0xA7, 0x98, 0x9D, 0xDA, 0xF1, 0x1C, 0x24,
    0xCA, 0x26, 0x4F, 0x31, 0x27, 0x75, 0xE2, 0xA5, 0x2D, 0x90, 0x42, 0x61, 0xFD, 0x4B, 0xA3, 0x3A,
    0xB9, 0x58, 0x74, 0x89, 0x88, 0xDC, 0x11, 0x1E, 0x07, 0xB2, 0xCE, 0x1C, 0x87, 0x4A, 0xFD, 0x10,
    0x47, 0x6A, 0x76, 0xAD, 0x0E, 0x66, 0x98, 0x9D, 0x02, 0x68, 0x67, 0x80, 0xB5, 0x29, 0xAD, 0xDA,
    0x75, 0x58, 0x0E, 0xFD, 0x76, 0x74, 0xFE, 0x87, 0xBC, 0xC5, 0xDA, 0xC6, 0xF6, 0x88, 0x99, 0x79,
    0xBF, 0x60, 0x93, 0x44, 0x2C, 0x13, 0xB7, 0xB7, 0x5B, 0x48, 0xEC, 0xC5, 0x23, 0x9F, 0x9A, 0x3C,
    0x62, 0x99, 0xDB, 0xA6, 0x5E, 0x45, 0xC2, 0xCC, 0x9D, 0xC4, 0x32, 0xED, 0xC7, 0xE0, 0x1B, 0x2B,
    0xBC, 0xFD, 0xA9, 0x5B, 0x98, 0x69, 0x5A, 0x78, 0x58, 0x90, 0xEE, 0x01, 0x61, 0x43, 0xE2, 0x6B,
    0x7B, 0x2F, 0x24, 0x47, 0x70, 0xD8, 0x91, 0x20, 0xCE, 0xC7, 0x47, 0x2C, 0xFE, 0xF2, 0xC1, 0x43,
    0xEF, 0x4C, 0xCE, 0x04, 0x7F, 0x7B, 0xFD, 0x3B, 0x09, 0x8E, 0x52, 0x1D, 0x73, 0xE6, 0x5C, 0xE7,
    0x41, 0xD5, 0xA2, 0xDB, 0x20, 0xC1, 0x78, 0x4A, 0x9B, 0xC5, 0xF1, 0x18, 0xD8, 0x29, 0x6D, 0x33,
    0xBC, 0x0E, 0x39, 0x72, 0x63, 0x65, 0x89, 0xED, 0xC3, 0xE6, 0x7E, 0x8D, 0x22, 0xAB, 0x79, 0x20,
    0x56, 0xD8, 0x9E, 0x7D, 0x22, 0xB5, 0x49, 0xF6, 0xB1, 0x84, 0xDD, 0xF5, 0xF4, 0x36, 0xD1, 0x7D,
    0x82, 0x84, 0xCD, 0x7F, 0x06, 0x59, 0xDA, 0x43, 0xD1, 0xB5, 0x93, 0x6C, 0x65, 0x54, 0xE5, 0xED,
    0x79, 0x74, 0x85, 0x26, 0x13, 0xDA, 0x07, 0x0F, 0x1E, 0xF4, 0xBF, 0xFC, 0x27, 0xEC, 0xE1, 0x07,
    0x59, 0x35, 0xAE, 0xE4, 0xAF, 0xE3, 0xA6, 0x6F, 0x7C, 0x2B, 0xFB, 0xB2, 0xBF, 0xED, 0x4E, 0xBC,
    0x28, 0x10, 0x36, 0x58, 0xC1, 0x6D, 0x7B, 0x1C, 0xDF, 0xFA, 0x5F, 0xDB, 0xB8, 0xEF, 0xFE, 0xBB,
    0x92, 0x6D, 0xF6, 0x9E, 0x6F, 0xC5, 0xEE, 0x03, 0xB6, 0x79, 0xFF, 0xFD, 0x47, 0x17, 0x4F, 0xDA,
    0x7B, 0x16, 0x47, 0x90, 0x2E, 0x5E, 0xBD, 0x7A, 0x75, 0xE6, 0xA3, 0xD2, 0xDE, 0xF3, 0xCB, 0xD1,
    0xBE, 0x68, 0xA5, 0x2C, 0xC7, 0xCE, 0xF5, 0x3F, 0xB5, 0xF7, 0x78, 0x38, 0x08, 0x0C, 0x13, 0xE5,
    0x2B, 0xFF, 0x6A, 0xEF, 0xD1, 0x63, 0x24, 0x9E, 0xFB, 0xA2, 0x79, 0x86, 0xFF, 0x78, 0xCF, 0x54,
    0x38, 0xBD, 0xF3, 0xE0, 0x43, 0x57, 0xBE, 0x17, 0xF8, 0x8F, 0x8C, 0x6F, 0x2B, 0xD9, 0x1E, 0x10,
    0xE4, 0x93, 0x19, 0x68, 0xD4, 0x2C, 0x64, 0xE9, 0x5F, 0x1D, 0x96, 0xBD, 0xFE, 0x68, 0x78, 0x7D,
    0xDC, 0xAF, 0xF8, 0xF9, 0x6A, 0xCF, 0x1B, 0x55, 0x17, 0xB1, 0xBE, 0xDA, 0x49, 0x61, 0xB4, 0x6F,
    0xF6, 0x20, 0xF3, 0xDB, 0x5D, 0x48, 0xC7, 0x9E, 0x18, 0xEC, 0x50, 0x6D, 0x21, 0x4C, 0xB0, 0x28,
    0xAD, 0x6F, 0x21, 0xB3, 0xAE, 0xB5, 0xD4, 0xA9, 0xD7, 0x54, 0xA2, 0x8D, 0x15, 0x28, 0x28, 0x58,
    0xF0, 0x40, 0x4C, 0xA1, 0x7B, 0x05, 0x81, 0x21, 0xC7, 0x42, 0xF0, 0x04, 0xBB, 0xC3, 0x18, 0x59,
    0x15, 0x04, 0x96, 0x00, 0x52, 0x3B, 0x3B, 0x7E, 0xC6, 0x48, 0xAC, 0x2A, 0x8F, 0xDC, 0xEE, 0xFA,
    0x38, 0xD3, 0x3D, 0x3C, 0x01, 0xEA, 0x32, 0xB2, 0xC5, 0xE0, 0x8A, 0xC3, 0xBE, 0xC6, 0x47, 0x6E,
    0x58, 0xD4, 0x10, 0xC4, 0x82, 0xFC, 0xBE, 0x88, 0xAF, 0x00, 0x4B, 0x17, 0xCA, 0x05, 0xCA, 0xF5,
    0x3C, 0x83, 0x73, 0x8B, 0x7F, 0x52, 0xA5, 0x75, 0x6F, 0xBE, 0x09, 0x97, 0xF6, 0xCC, 0xE5, 0x87,
    0x2D, 0xFE, 0x1C, 0x5F, 0xE6, 0xEF, 0x94, 0x2E, 0x64, 0x7A, 0x08, 0x41, 0x20, 0x00, 0x02, 0xB6,
    0xD3, 0xDF, 0xC9, 0x66, 0xB5, 0x59, 0xFB, 0x3F, 0x51, 0x79, 0xBA, 0xBD, 0x3C, 0x22, 0xCF, 0x6B,
    0x21, 0x97, 0x9E, 0x1B, 0x57, 0x53, 0x69, 0x6A, 0x8A, 0xA8, 0x5D, 0x36, 0xAE, 0xFD, 0xD7, 0x14,
    0xF7, 0x68, 0xA5, 0x13, 0x91, 0xE4, 0xD5, 0xE5, 0x34, 0xF3, 0x22, 0x04, 0x20, 0x96, 0xC8, 0xF1,
    0x2A, 0xD5, 0xB4, 0xCF, 0xA4, 0x78, 0xFB, 0x32, 0x94, 0x98, 0xF0, 0xDC, 0x9E, 0xDF, 0x66, 0xD8,
    0xCE, 0x0B, 0xB1, 0x48, 0xF0, 0x12, 0xB7, 0x9F, 0xDF, 0xD9, 0xFD, 0xF4, 0xAE, 0x5D, 0x91, 0xF0,
    0xBF, 0x20, 0xBB, 0x2B, 0xA4, 0xEC, 0xCE, 0x89, 0x7B, 0xE9, 0x99, 0x7D, 0xAD, 0xE8, 0xF7, 0x37,
    0xE4, 0xD3, 0xAF, 0xF5, 0x3A, 0x5D, 0x9F, 0x51, 0x8F, 0xDB, 0xE5, 0xEF, 0x3B, 0xBA, 0x4A, 0x28,
    0x09, 0x0F, 0xCB, 0x0E, 0xB3, 0x59, 0x1F, 0x82, 0x4A, 0xAD, 0xA4, 0x47, 0x5F, 0xD6, 0x3E, 0x4A,
    0x31, 0xEA, 0xF5, 0x91, 0xD2, 0x18, 0x50, 0x7E, 0xDD, 0x2C, 0x18, 0xCF, 0xF9, 0xAC, 0x43, 0x35,
    0xF7, 0x81, 0x67, 0x09, 0xEB, 0x4C, 0xD1, 0x78, 0x0F, 0x42, 0x98, 0xD4, 0x09, 0x85, 0x8D, 0x32,
    0x3E, 0x4C, 0xED, 0xEB, 0xE0, 0x20, 0xAA, 0x7E, 0xBE, 0x0F, 0x33, 0xE7, 0xD9, 0xDC, 0x3E, 0x23,
    0x8A, 0x63, 0x40, 0xD9, 0x17, 0x32, 0xEB, 0xF5, 0xEB, 0xE9, 0xED, 0x82, 0x32, 0xAF, 0xA7, 0xD6,
    0x3B, 0xA7, 0x33, 0x97, 0x19, 0x97, 0xCC, 0x0F, 0x73, 0x9D, 0x8F, 0xEC, 0x37, 0x4F, 0x65, 0x1E,
    0xF6, 0x0E, 0x5E, 0xA0, 0x86, 0x7A, 0x93, 0xE7, 0x33, 0x48, 0xC5, 0x44, 0xDD, 0xC7, 0xB1, 0x53,
    0x28, 0x80, 0x14, 0xAE, 0x3C, 0x10, 0xE5, 0xF0, 0xE4, 0xE0, 0x8E, 0x9A, 0x3E, 0x14, 0x2B, 0x75,
    0xDF, 0x7F, 0xA8, 0xF6, 0xF7, 0x93, 0xB4, 0xFE, 0x42, 0xD1, 0xF6, 0x33, 0x19, 0xED, 0x58, 0x7D,
    0x1C, 0xB1, 0xB9, 0xFB, 0x65, 0xEC, 0x69, 0x9B, 0xF0, 0xC5, 0x3F, 0x91, 0xEC, 0x90, 0x20, 0x7D,
    0x61, 0x47, 0x55, 0x12, 0x15, 0xC2, 0x85, 0xA3, 0x39, 0x1A, 0xCA, 0x05, 0xCA, 0xC1, 0xFC, 0x87,
    0xE4, 0x0B, 0xA7, 0x07, 0xCC, 0x34, 0x14, 0x05, 0xB3, 0x44, 0xA1, 0xA0, 0x69, 0x10, 0xA0, 0xB8,
    0x18, 0x0B, 0x12, 0x65, 0xA4, 0x90, 0xCE, 0x00, 0xF5, 0x22, 0x51, 0x3A, 0x3C, 0x2D, 0xC7, 0x80,
    0x0E, 0xA9, 0x13, 0x5A, 0x0E, 0xDE, 0x14, 0x62, 0xB9, 0x1C, 0xF3, 0x8C, 0x82, 0x15, 0xF0, 0x44,
    0x5A, 0xAE, 0x15, 0x28, 0x9B, 0x05, 0x76, 0xE0, 0x42, 0xF8, 0xCD, 0x0A, 0x88, 0x82, 0x20, 0x94,
    0x2D, 0x1C, 0x7E, 0x0C, 0x32, 0xA7, 0x42, 0x0C, 0x7C, 0xCE, 0x51, 0x9A, 0x46, 0x5A, 0x6E, 0xD0,
    0x32, 0x3F, 0x29, 0x28, 0x59, 0xC9, 0x8C, 0x8C, 0x1D, 0xE6, 0x65, 0x35, 0x9A, 0x5A, 0x9E, 0x5E,
    0xA3, 0x49, 0xF3, 0x20, 0x74, 0xE1, 0x69, 0xB2, 0x6E, 0x4A, 0xD7, 0x24, 0x76, 0xE2, 0xD7, 0x8F,
    0xAE, 0x3E, 0xA4, 0xC2, 0x0C, 0x6F, 0x18, 0xE8, 0x9D, 0x43, 0x53, 0x97, 0xE8, 0xFE, 0xFD, 0x57,
    0x15, 0xE0, 0xDB, 0x59, 0xAF, 0xDB, 0x62, 0xEB, 0x01, 0xA5, 0x2F, 0x42, 0x1A, 0x74, 0x4A, 0x7D,
    0x01, 0x12, 0xF0, 0x92, 0x99, 0x48, 0xE3, 0x50, 0xB5, 0x5C, 0x1A, 0x89, 0x8A, 0x7D, 0xEF, 0x86,
    0x0C, 0x44, 0xF2, 0x68, 0x54, 0x1C, 0x2C, 0x2E, 0x03, 0x56, 0x26, 0x8D, 0x39, 0x6D, 0x46, 0x9D,
    0xAE, 0x05, 0x70, 0x05, 0x30, 0x79, 0x79, 0x7F, 0xEE, 0x9C, 0xEA, 0xA4, 0x0A, 0x14, 0xC6, 0x3D,
    0x9B, 0x4B, 0x99, 0x64, 0xC0, 0xA5, 0x64, 0x62, 0xF2, 0x27, 0x10, 0x33, 0xAD, 0x59, 0x0E, 0x92,
    0xD7, 0xA8, 0xDE, 0x45, 0x23, 0xA0, 0x27, 0xFD, 0x66, 0xCE, 0x3A, 0x2E, 0x2D, 0x91, 0xB1, 0x00,
    0xA2, 0xFC, 0x84, 0xFA, 0xB2, 0x20, 0x0B, 0xD7, 0x97, 0x41, 0x89, 0x32, 0x83, 0x97, 0xF3, 0x68,
    0xCE, 0x21, 0xFF, 0x36, 0xD2, 0xDC, 0xF8, 0xB8, 0x00, 0x61, 0x49, 0x50, 0xE0, 0x21, 0xF3, 0x36,
    0xCF, 0x66, 0xB4, 0x2E, 0xAD, 0x47, 0xD2, 0x0A, 0x39, 0xB7, 0xF5, 0x76, 0x6A, 0xA7, 0x01, 0x3C,
    0xC2, 0xBC, 0x99, 0x34, 0xD9, 0x76, 0x49, 0xA5, 0x76, 0x33, 0x69, 0xF2, 0xEC, 0x88, 0xAA, 0x59,
    0xD6, 0x48, 0x64, 0xD8, 0xEF, 0xF3, 0xC2, 0xFD, 0x18, 0x97, 0x91, 0x17, 0x85, 0x39, 0x08, 0x9C,
    0xE6, 0xC8, 0x49, 0x35, 0x13, 0xD0, 0xEA, 0x8A, 0x7B, 0x2D, 0x97, 0xF0, 0x7F, 0xE5, 0x35, 0x9B,
    0xD9, 0x06, 0xF5, 0xA8, 0x28, 0x7B, 0xA4, 0x94, 0xA9, 0x94, 0x8A, 0xE9, 0x9D, 0x72, 0x45, 0x8A,
    0x9B, 0xB9, 0x64, 0x2B, 0x5F, 0x28, 0x56, 0x27, 0x19, 0xB7, 0xF2, 0x35, 0x4E, 0xB5, 0xCE, 0x36,
    0x29, 0x45, 0x6A, 0x34, 0xC8, 0x12, 0xE7, 0x33, 0x38, 0x54, 0xF6, 0xA6, 0x30, 0x14, 0x93, 0x11,
    0x87, 0xC2, 0x1A, 0x9D, 0x86, 0xAF, 0xD3, 0x3C, 0x03, 0xAA, 0x5E, 0xE3, 0x7B, 0x07, 0x68, 0x94,
    0xAF, 0x58, 0x32, 0x0C, 0xFE, 0xD1, 0x9C, 0x06, 0x5B, 0x2C, 0x21, 0x06, 0x5F, 0xD0, 0xA4, 0x86,
    0x2D, 0x38, 0xCD, 0x47, 0x2C, 0x95, 0x9B, 0x8A, 0xF7, 0x34, 0xB8, 0x40, 0x06, 0x69, 0xB5, 0x98,
    0x08, 0x9E, 0x1C, 0x17, 0x33, 0x17, 0xF3, 0x1A, 0x48, 0xA8, 0x90, 0x14, 0x13, 0x1B, 0xF0, 0xCB,
    0x72, 0x16, 0xF2, 0x6A, 0x31, 0xB3, 0x41, 0x7B, 0x12, 0xCE, 0x3C, 0xAB, 0xD3, 0xFA, 0x2F, 0x9D,
    0xC5, 0x44, 0x46, 0xCD, 0xDC, 0x86, 0x0F, 0xC5, 0x72, 0x30, 0xF5, 0xE4, 0x06, 0x5F, 0xFC, 0xA9,
    0x66, 0x37, 0x24, 0x78, 0x7B, 0xE3, 0x7A, 0x06, 0xFD, 0x25, 0xAA, 0xD2, 0x62, 0x53, 0x0D, 0xCD,
    0x6F, 0x58, 0x67, 0xDB, 0xA1, 0x74, 0xC0, 0xCB, 0xA1, 0x93, 0x3C, 0xC7, 0x48, 0x21, 0xD5, 0x95,
    0x35, 0xBF, 0x3F, 0x74, 0xFE, 0x3B, 0xB4, 0x50, 0x75, 0x97, 0xEA, 0xEB, 0x2B, 0x0C, 0x7E, 0x28,
    0xEF, 0x2C, 0x9F, 0x2C, 0x90, 0x42, 0x5E, 0x3E, 0x99, 0x7E, 0x55, 0x2F, 0x9F, 0x2C, 0xEE, 0xF9,
    0x71, 0x48, 0xEA, 0xAA, 0xE5, 0x93, 0x3B, 0x13, 0xC3, 0xAA, 0xE5, 0x93, 0xED, 0x76, 0x29, 0x8C,
    0x6A, 0xF9, 0x64, 0x5B, 0x5A, 0x12, 0x02, 0x97, 0x4F, 0xB6, 0xC5, 0xDC, 0x30, 0x53, 0x5C, 0x18,
    0x57, 0x55, 0xB3, 0xC4, 0x32, 0x05, 0xA2, 0x12, 0x20, 0x96, 0x4F, 0x66, 0xB7, 0x92, 0x20, 0x54,
    0xDC, 0xC6, 0xE5, 0x93, 0xF1, 0xFF, 0x0A, 0xD1, 0x9B, 0xAE, 0x6C, 0x9C, 0x41, 0x56, 0xB0, 0x66,
    0xF9, 0x64, 0x46, 0x73, 0x68, 0x68, 0x41, 0x61, 0xB1, 0x7C, 0x32, 0xCD, 0x10, 0x9B, 0x65, 0x01,
    0x9E, 0x59, 0x2C, 0x9F, 0x5C, 0x4F, 0x11, 0x83, 0x87, 0xEC, 0x2D, 0x9F, 0x9C, 0xB4, 0xCB, 0x27,
    0x5F, 0xAB, 0x5E, 0x4C, 0xD1, 0x2E, 0x9F, 0xEC, 0x47, 0xA4, 0xDF, 0x79, 0xBD, 0xDC, 0x3E, 0xF0,
    0x1F, 0x7B, 0xC4, 0x5C, 0x70, 0xCD, 0xD5, 0x72, 0xFB, 0xBF, 0x12, 0x02, 0xA1, 0xD3, 0xBA, 0x1E,
    0x9B, 0xCB, 0xED, 0xAF, 0x62, 0x2D, 0xE4, 0x97, 0x5F, 0x78, 0x67, 0xE5, 0x9B, 0x55, 0x5F, 0x73,
    0xA1, 0xD2, 0xDE, 0x59, 0xAE, 0xF4, 0x98, 0x3F, 0x7E, 0x63, 0x8A, 0x87, 0x7A, 0xB1, 0xA5, 0x63,
    0x40, 0xA3, 0x51, 0x25, 0xC6, 0xA6, 0x10, 0x72, 0x21, 0x13, 0x09, 0x65, 0xA5, 0xB4, 0xC4, 0x47,
    0x5A, 0xCD, 0x6E, 0x34, 0xC4, 0x93, 0x7B, 0x59, 0x35, 0xB9, 0xD1, 0x20, 0xDB, 0x8F, 0x93, 0x8B,
    0xC4, 0xDC, 0x46, 0x43, 0xF4, 0xBB, 0x42, 0x3A, 0x2F, 0xA6, 0x36, 0xD2, 0xDF, 0xBC, 0x5A, 0xC6,
    0xD7, 0xA1, 0x73, 0x59, 0xBC, 0xA8, 0x68, 0x8B, 0x68, 0x9C, 0x91, 0x25, 0x44, 0x3C, 0x20, 0x6B,
    0xE9, 0xD6, 0x34, 0x4D, 0x6B, 0xC4, 0xF3, 0xBE, 0x45, 0xC7, 0x93, 0xC8, 0xB2, 0x87, 0x49, 0xE6,
    0x20, 0x65, 0x91, 0x27, 0x35, 0xE6, 0xAC, 0x99, 0xD3, 0x88, 0x25, 0x18, 0xB8, 0xFF, 0x66, 0x4A,
    0xE3, 0xC8, 0x15, 0x76, 0x54, 0xCC, 0x68, 0xC4, 0x11, 0x24, 0xF4, 0x0C, 0xD5, 0x84, 0xC6, 0xE5,
    0x4A, 0x5D, 0xA4, 0x6D, 0xFB, 0x86, 0x1A, 0x51, 0x9D, 0x39, 0xAA, 0xCE, 0xA7, 0x56, 0x67, 0x4F,
    0xAB, 0xB4, 0x3A, 0x99, 0x7A, 0xF5, 0xB9, 0xD4, 0x9B, 0x6E, 0xED, 0xF3, 0xE5, 0xD6, 0x96, 0xA4,
    0x96, 0x14, 0x61, 0x4B, 0xC3, 0x14, 0x6A, 0x96, 0x96, 0x0B, 0x34, 0x00, 0xAB, 0x25, 0x35, 0x2E,
    0x33, 0xE5, 0x8E, 0x4D, 0xA6, 0x7C, 0x9A, 0xB1, 0xC6, 0x6F, 0x52, 0x53, 0xB6, 0x74, 0xFD, 0x81,
    0x5F, 0x87, 0x05, 0xFA, 0x4B, 0xC4, 0x94, 0x7A, 0xB6, 0xB8, 0x07, 0xEC, 0x6A, 0xD7, 0x03, 0xD4,
    0xB0, 0xD5, 0x35, 0x22, 0xF1, 0x6B, 0x83, 0xD7, 0x6B, 0x1D, 0xF1, 0x8A, 0x2B, 0x39, 0xAE, 0xFD,
    0x5A, 0xCD, 0x12, 0x77, 0xCB, 0x68, 0x5C, 0x4D, 0xB4, 0x74, 0x68, 0x4A, 0x38, 0x2E, 0xAF, 0x1A,
    0xD4, 0xEB, 0x01, 0xE2, 0xCA, 0xED, 0xF5, 0xF4, 0x4A, 0x0E, 0x81, 0xFD, 0x08, 0x25, 0x01, 0x49,
    0x34, 0xA3, 0x18, 0xED, 0x8B, 0x35, 0x67, 0xC9, 0x8A, 0x5A, 0xB4, 0xEE, 0xAB, 0x60, 0x8A, 0xD8,
    0xAE, 0xD4, 0x4C, 0x19, 0x58, 0x0F, 0x70, 0xB9, 0xE1, 0x0C, 0x59, 0xD0, 0x84, 0x06, 0xE8, 0x8D,
    0x6B, 0x03, 0xEA, 0x5B, 0xF8, 0xBB, 0x4E, 0x53, 0x3D, 0x71, 0x33, 0xC6, 0xF3, 0x33, 0x59, 0x0B,
    0x74, 0x53, 0x18, 0x3E, 0x2F, 0xC2, 0x30, 0x23, 0xB7, 0x64, 0x87, 0x9F, 0xC0, 0x94, 0xCE, 0x1A,
    0x43, 0xC4, 0x05, 0x85, 0xEC, 0xAC, 0x2F, 0x84, 0x4C, 0xD9, 0xB5, 0xC9, 0x94, 0x4F, 0x87, 0x29,
    0x93, 0x03, 0x6F, 0x72, 0xEB, 0xBF, 0x35, 0x46, 0x7D, 0x6F, 0xCC, 0xF6, 0x26, 0xD1, 0xA1, 0x37,
    0xC7, 0xA0, 0xE3, 0x71, 0x45, 0xF8, 0xD4, 0xBC, 0x3B, 0x26, 0x12, 0xCB, 0x4F, 0x87, 0x6D, 0xFA,
    0x23, 0xE6, 0x98, 0xBB, 0xCD, 0x4A, 0x78, 0xF4, 0xFE, 0x18, 0xCA, 0x92, 0x1C, 0x5E, 0x5F, 0x51,
    0xBC, 0x41, 0x86, 0x56, 0xC3, 0xA8, 0x66, 0xF6, 0x57, 0x49, 0x50, 0x50, 0xC2, 0xF9, 0xC9, 0x23,
    0x8D, 0x9A, 0x34, 0xA8, 0x7A, 0x33, 0x1E, 0xB4, 0xE3, 0xA8, 0x4E, 0x84, 0x80, 0x65, 0xCE, 0x58,
    0xDC, 0x47, 0x52, 0xA7, 0x42, 0x06, 0x32, 0x59, 0x30, 0x31, 0xA9, 0x93, 0x21, 0x0B, 0x99, 0x17,
    0xE2, 0x3D, 0xE0, 0x53, 0x89, 0x74, 0xC8, 0xC1, 0xA5, 0x35, 0x13, 0x1C, 0xD9, 0x55, 0xFA, 0x9D,
    0x84, 0x68, 0x61, 0x20, 0x25, 0x6A, 0xD6, 0xB8, 0x6F, 0x92, 0xA2, 0xCB, 0xF5, 0x22, 0xDB, 0x9C,
    0xD2, 0x22, 0x2A, 0xE7, 0x9C, 0x12, 0x3D, 0xAE, 0x23, 0x5C, 0x1F, 0xBB, 0x7A, 0xAF, 0x4C, 0x09,
    0xB7, 0xFE, 0x2C, 0xBD, 0x4E, 0x6F, 0x92, 0x52, 0xA3, 0x4A, 0xC2, 0x7F, 0xD2, 0x14, 0xC7, 0x82,
    0x81, 0x49, 0x04, 0x1B, 0xC0, 0xEE, 0xE8, 0x63, 0x5A, 0xD9, 0x4F, 0x92, 0xC4, 0xAA, 0x0B, 0x72,
    0x9A, 0x24, 0x26, 0x47, 0xCA, 0x89, 0x92, 0x88, 0x4F, 0x94, 0x54, 0xE9, 0xF1, 0xE1, 0x64, 0x69,
    0x30, 0x5D, 0x1A, 0x4A, 0x98, 0x86, 0x52, 0xA6, 0xC1, 0xA4, 0x69, 0x30, 0x6D, 0xDA, 0xA2, 0x56,
    0x0C, 0xBA, 0x8A, 0x2B, 0xF6, 0xBB, 0xBA, 0x2B, 0xF6, 0xBB, 0xEA, 0x6B, 0xD3, 0x7E, 0x57, 0x83,
    0xC5, 0x7E, 0x57, 0x89, 0xC5, 0x7E, 0x57, 0x8F, 0xAB, 0xFD, 0xAE, 0x2A, 0xB7, 0x29, 0x4C, 0xAD,
    0xCD, 0x75, 0x12, 0xD3, 0x2A, 0x34, 0xEE, 0x67, 0x92, 0x4E, 0x8B, 0x44, 0xA6, 0xA3, 0xD6, 0xB8,
    0x9F, 0x31, 0x59, 0xB3, 0xAB, 0x75, 0x5A, 0xBA, 0xCB, 0xB2, 0x64, 0x8C, 0xC9, 0xFA, 0x4D, 0x6B,
    0x0B, 0x74, 0x55, 0x5C, 0xBC, 0x10, 0xA9, 0xAB, 0xE5, 0xCB, 0x52, 0xCB, 0x3D, 0xB1, 0xEA, 0x70,
    0xF4, 0x8D, 0x07, 0x99, 0x6D, 0xD2, 0xD9, 0x1B, 0xAC, 0x12, 0x24, 0xEB, 0xCB, 0xAB, 0xD7, 0x1B,
    0xF9, 0xB2, 0xB5, 0x77, 0x4B, 0x9A, 0x8A, 0x7C, 0x9F, 0x18, 0x17, 0x2A, 0xA3, 0x68, 0x92, 0x66,
    0x05, 0xFE, 0x8E, 0x58, 0x15, 0xD4, 0xEF, 0x2A, 0x5D, 0x04, 0x6B, 0xE1, 0x8C, 0xCB, 0x87, 0xEA,
    0x24, 0xA6, 0x5C, 0x46, 0x0D, 0x50, 0xD2, 0x90, 0xF9, 0x5A, 0xD4, 0x5D, 0xBD, 0x13, 0x57, 0xDC,
    0x17, 0xC6, 0xA7, 0x6C, 0x17, 0x54, 0x00, 0xBD, 0x26, 0x01, 0xD3, 0xF0, 0x2C, 0xF5, 0x4B, 0x42,
    0xBD, 0x42, 0x2C, 0x78, 0x61, 0x71, 0xF1, 0x92, 0x1F, 0x7A, 0x4F, 0x68, 0x50, 0x92, 0x92, 0x69,
    0x64, 0xA6, 0xAA, 0x57, 0x85, 0xE2, 0xB3, 0x78, 0xB4, 0x9A, 0x08, 0xBF, 0xC6, 0x3A, 0x6F, 0x0B,
    0x6D, 0x07, 0x2B, 0xB1, 0xDE, 0x0B, 0x43, 0x71, 0x81, 0x8A, 0x06, 0xF4, 0x9A, 0x3A, 0x8C, 0x00,
    0xF1, 0xB5, 0xA1, 0x85, 0x4D, 0x85, 0xD6, 0x92, 0x96, 0x61, 0x6D, 0xDF, 0x1C, 0xCA, 0x8B, 0x29,
    0x32, 0x6C, 0x2E, 0x67, 0xED, 0xCB, 0x43, 0x77, 0xCF, 0xCB, 0x65, 0x11, 0x43, 0x51, 0xC5, 0xFE,
    0x2B, 0x44, 0xD9, 0xD0, 0x5B, 0x44, 0xD9, 0xD0, 0x8B, 0x44, 0xD9, 0xE0, 0xBB, 0x44, 0xD9, 0xD0,
    0xEB, 0x44, 0xD9, 0xE0, 0x1B, 0x45, 0xD9, 0xA7, 0xF7, 0x52, 0xD1, 0xEE, 0xD6, 0x7F, 0xC1, 0x28,
    0x1B, 0x7A, 0xC7, 0x28, 0x1B, 0x7A, 0xA9, 0xE8, 0x6A, 0x60, 0xFF, 0x65, 0xA3, 0x1B, 0x29, 0xBE,
    0x6C, 0x8A, 0xF7, 0xA6, 0x78, 0x6F, 0xAC, 0x26, 0xB7, 0xA5, 0xD7, 0xA7, 0x11, 0xC4, 0x52, 0x5D,
    0xAE, 0x72, 0xD1, 0x23, 0xA9, 0x38, 0x57, 0x79, 0xDD, 0x44, 0xAA, 0xD0, 0x55, 0xB2, 0x92, 0x4A,
    0x65, 0x3A, 0x8D, 0x3A, 0x4E, 0x30, 0x53, 0xEF, 0xD4, 0xEA, 0x20, 0xA6, 0xC6, 0x57, 0x22, 0x67,
    0x52, 0xC1, 0xAE, 0x7A, 0x67, 0x59, 0x2E, 0x55, 0xED, 0x04, 0xE8, 0xE6, 0x52, 0xE9, 0xCE, 0xA1,
    0x0F, 0x55, 0x09, 0xDA, 0xFA, 0x9D, 0x5B, 0x88, 0x75, 0x99, 0xA5, 0x22, 0x1E, 0x30, 0xCC, 0xA3,
    0x9F, 0x77, 0x2A, 0x79, 0x1A, 0x2F, 0x71, 0xB0, 0x41, 0x94, 0x47, 0x7C, 0x60, 0x94, 0xB4, 0x5C,
    0xD3, 0x6B, 0x57, 0x70, 0xEE, 0x14, 0xF6, 0x9A, 0x40, 0xB8, 0x53, 0xDD, 0x1B, 0x7B, 0xBC, 0xF4,
    0x70, 0x35, 0xF4, 0x6E, 0x89, 0x2F, 0x11, 0x4B, 0xA8, 0xDF, 0x44, 0x9D, 0x6F, 0x9D, 0xB2, 0xDF,
    0x60, 0xED, 0x6F, 0xB0, 0xE0, 0xB7, 0x3A, 0x18, 0xC5, 0x1B, 0x1A, 0x4D, 0xC2, 0xFE, 0x0F, 0xED,
    0x5D, 0xBF, 0xB3, 0x23, 0xC7, 0x71, 0x9E, 0x5D, 0xDC, 0x7B, 0x28, 0x73, 0x83, 0x65, 0x70, 0x3E,
    0xEB, 0xEE, 0x02, 0x24, 0x0A, 0x68, 0x27, 0xF8, 0x0F, 0xB4, 0x6B, 0xD9, 0x99, 0x92, 0x17, 0x58,
    0x0A, 0xAC, 0x80, 0x0A, 0x18, 0xD8, 0x74, 0xB9, 0xEE, 0x2F, 0xB0, 0xB1, 0x56, 0xE2, 0xC0, 0x01,
    0x5F, 0xA0, 0x2A, 0x87, 0x56, 0x40, 0x55, 0x99, 0x4F, 0xC1, 0xF9, 0x1F, 0xA0, 0x77, 0x59, 0x0A,
    0x14, 0x28, 0x81, 0x28, 0x57, 0x39, 0x50, 0x60, 0xD8, 0x3C, 0x95, 0x8B, 0x66, 0xC0, 0x2D, 0x6B,
    0x69, 0xE3, 0x1D, 0x17, 0x3B, 0xEE, 0xEE, 0xD9, 0x1F, 0xDD, 0x33, 0x8D, 0x07, 0xBC, 0xBB, 0x77,
    0xD4, 0x95, 0x05, 0x14, 0x78, 0x7C, 0xF8, 0x00, 0x2C, 0x76, 0x67, 0x7A, 0xBA, 0xBF, 0xF9, 0xBA,
    0x67, 0xD6, 0x98, 0xE0, 0x11, 0x15, 0xE6, 0x1E, 0xFD, 0x71, 0xC6, 0xC0, 0x55, 0x95, 0xDA, 0x6B,
    0xF8, 0xFF, 0xDC, 0x76, 0xF9, 0xF8, 0x41, 0xBB, 0x4E, 0xAD, 0xDD, 0x20, 0x68, 0x9B, 0xF1, 0x93,
    0x76, 0x93, 0x58, 0xDB, 0x19, 0x33, 0xB3, 0xD6, 0x8E, 0x1F, 0x2D, 0x6B, 0x00, 0xE1, 0xA3, 0x08,
    0xC2, 0x47, 0x23, 0x63, 0xCE, 0x73, 0xB3, 0xAA, 0xE1, 0x8B, 0xD6, 0xD6, 0x08, 0x02, 0x9A, 0x6C,
    0x4D, 0xB2, 0x33, 0x59, 0x13, 0x99, 0x73, 0x00, 0xE9, 0xDF, 0xAD, 0x49, 0x5B, 0x7C, 0x66, 0x5B,
    0x38, 0xC6, 0x82, 0x7E, 0x24, 0xB1, 0x6D, 0x0F, 0x2E, 0xB7, 0xF4, 0x12, 0xC1, 0x19, 0x80, 0x0B,
    0x7A, 0x2E, 0x5B, 0x3C, 0x59, 0x8B, 0x6F, 0x2D, 0x2D, 0xBD, 0x5C, 0x12, 0x6E, 0x1E, 0x5B, 0x7B,
    0x49, 0x67, 0xFA, 0x2F, 0x26, 0x6B, 0xF1, 0x09, 0x5F, 0xFF, 0xAE, 0x45, 0xF0, 0x4F, 0xE1, 0xDF,
    0x67, 0x91, 0xED, 0xE0, 0x69, 0xCA, 0x6D, 0x69, 0xC3, 0x47, 0x0D, 0xE0, 0x96, 0xFE, 0xDA, 0x4D,
    0x6F, 0xD7, 0xF0, 0x5F, 0xB1, 0xC2, 0xBF, 0xD6, 0xCB, 0x11, 0xAC, 0xF0, 0x42, 0x16, 0xF0, 0xC7,
    0x35, 0x9C, 0x99, 0xDD, 0x65, 0xB6, 0xCB, 0xAC, 0x35, 0xD8, 0x72, 0x51, 0x49, 0xED, 0x57, 0x62,
    0xF3, 0x34, 0x09, 0x6B, 0x2F, 0x7C, 0xBC, 0x69, 0x5E, 0xF8, 0x71, 0xA6, 0x81, 0x59, 0xA5, 0x80,
    0xAB, 0xCD, 0xB1, 0x60, 0xB6, 0x56, 0xC0, 0x37, 0x72, 0xED, 0x97, 0x72, 0xFD, 0xAC, 0xA8, 0xB1,
    0x87, 0xC7, 0x3D, 0x8E, 0x77, 0xE3, 0xDF, 0xF3, 0xDD, 0x84, 0x97, 0x64, 0x47, 0x3D, 0xDE, 0x09,
    0xBC, 0x73, 0xBF, 0xF2, 0x03, 0x33, 0x63, 0x38, 0xB5, 0x3B, 0x1C, 0xAE, 0x30, 0xB6, 0x9A, 0x59,
    0xDE, 0x90, 0x4F, 0x00, 0x8F, 0x6C, 0x01, 0x4F, 0x8E, 0xA3, 0xB1, 0xDA, 0x3C, 0xC6, 0x27, 0xE1,
    0xF3, 0x9C, 0xFD, 0x44, 0x3E, 0x1B, 0x9E, 0x26, 0x69, 0x87, 0x6B, 0x02, 0x4B, 0x29, 0x06, 0xBC,
    0x40, 0x73, 0x33, 0x11, 0xF6, 0x1F, 0x75, 0x63, 0x62, 0x73, 0x78, 0xCE, 0x6D, 0x45, 0x96, 0x15,
    0x03, 0x72, 0x56, 0x62, 0x97, 0x2F, 0xED, 0x7A, 0x81, 0xCF, 0x86, 0x6C, 0x73, 0x16, 0x1A, 0x52,
    0x9B, 0x35, 0x23, 0xFE, 0x1E, 0xC3, 0xBB, 0x09, 0xDF, 0xCE, 0x47, 0xF4, 0x97, 0x0E, 0xC7, 0x4B,
    0x82, 0x93, 0x87, 0x0B, 0xB0, 0x3F, 0xB3, 0xF6, 0xA7, 0xD6, 0x7E, 0xBF, 0xC7, 0xE7, 0x64, 0xBE,
    0x60, 0xD9, 0x3B, 0xB2, 0xDE, 0x9D, 0x79, 0xB2, 0xCD, 0x5A, 0x1A, 0x0D, 0x7F, 0x1C, 0xF4, 0x68,
    0x47, 0x78, 0xD0, 0x5B, 0x70, 0xBA, 0x38, 0x50, 0x82, 0xFE, 0x83, 0x71, 0x7D, 0xF5, 0x14, 0x9B,
    0x3E, 0xBA, 0x14, 0xB8, 0x3B, 0x39, 0xF8, 0x91, 0xF9, 0x56, 0xE0, 0xB1, 0x1B, 0x12, 0x86, 0x1A,
    0x4A, 0xD8, 0x97, 0x75, 0x6E, 0xC0, 0xC7, 0xF1, 0x40, 0xCF, 0x70, 0xFC, 0x7A, 0xB8, 0x79, 0x70,
    0xF5, 0x03, 0xEA, 0xAE, 0x1F, 0x0A, 0xF4, 0xDC, 0xA1, 0xC1, 0x63, 0x29, 0x0C, 0x4D, 0xE0, 0x9D,
    0x66, 0x9A, 0x34, 0x34, 0xF1, 0x8D, 0xF3, 0x4B, 0x31, 0x82, 0x16, 0xFD, 0x65, 0x99, 0x72, 0x34,
    0x4A, 0x32, 0x9F, 0xF4, 0xAA, 0x24, 0x1C, 0xFA, 0xA6, 0x18, 0x2F, 0xD5, 0xFD, 0xFF, 0x09, 0x34,
    0x38, 0xB6, 0xD3, 0x9A, 0x86, 0xEF, 0x3B, 0x23, 0xFE, 0x18, 0xF1, 0x8C, 0x1A, 0xA3, 0x2C, 0x4C,
    0xB9, 0x8E, 0x5D, 0xAB, 0xC7, 0x64, 0xC9, 0xAB, 0x0E, 0x47, 0x3E, 0x7C, 0xC7, 0xAE, 0x23, 0x87,
    0xC3, 0x99, 0xFE, 0x0A, 0x9D, 0x26, 0xF6, 0x1C, 0x18, 0x94, 0xAD, 0x22, 0xFA, 0x25, 0x6C, 0xD0,
    0x0A, 0xFE, 0xAD, 0x16, 0x3B, 0x30, 0x5D, 0x87, 0x57, 0xD4, 0x31, 0xD7, 0x19, 0xBA, 0xD1, 0x3C,
    0xB5, 0xF8, 0x6E, 0x8C, 0x38, 0x8E, 0xD6, 0xCC, 0x16, 0x4B, 0x70, 0xA1, 0x76, 0x3D, 0x47, 0xB3,
    0x85, 0x31, 0x01, 0x6F, 0xD5, 0x38, 0xE0, 0x76, 0x66, 0xD1, 0xE5, 0x60, 0x92, 0x73, 0xBB, 0x59,
    0xD8, 0x4D, 0x8A, 0xEE, 0x67, 0x87, 0xD7, 0x53, 0xE3, 0xB9, 0xC3, 0xE3, 0x29, 0x33, 0xC3, 0x1D,
    0x74, 0x4B, 0x61, 0xE6, 0xA1, 0xDD, 0xC2, 0x67, 0xDD, 0x29, 0xFD, 0x27, 0x03, 0x7F, 0x0D, 0x1D,
    0xBB, 0x68, 0xDD, 0x20, 0xFD, 0xC8, 0xDA, 0xCF, 0xAD, 0xFD, 0x84, 0x9E, 0xE0, 0x03, 0x9D, 0xC3,
    0x4E, 0xE0, 0x8A, 0x97, 0xF6, 0x6F, 0xD0, 0xAD, 0xDA, 0xBC, 0x84, 0xBF, 0xC1, 0xBB, 0xD7, 0xC3,
    0x70, 0xFC, 0x47, 0x0C, 0x02, 0x93, 0x99, 0xD4, 0xBA, 0x1F, 0xB9, 0x33, 0xBC, 0xD1, 0xF1, 0xAC,
    0xDD, 0x83, 0x77, 0x3A, 0x4E, 0xE3, 0xE5, 0x2F, 0x43, 0x1C, 0x9C, 0xFD, 0x8F, 0x9E, 0x2A, 0xDF,
    0x71, 0x63, 0x5A, 0x75, 0x90, 0x3C, 0x3C, 0x0A, 0xC3, 0x55, 0xF1, 0xD8, 0x32, 0x0F, 0x29, 0x46,
    0xC6, 0x3F, 0xBF, 0x7F, 0x74, 0xA0, 0xB8, 0x17, 0x84, 0x7A, 0xEC, 0xD9, 0x6B, 0xF7, 0x03, 0xEF,
    0x4F, 0xD7, 0x92, 0xA7, 0xFD, 0x8F, 0x65, 0xE3, 0xA9, 0x80, 0x13, 0x74, 0x61, 0x1D, 0x1D, 0xE9,
    0x7A, 0x04, 0x2B, 0x17, 0xD6, 0xF1, 0x3A, 0x6B, 0x1A, 0x07, 0x0F, 0xD1, 0x2A, 0x5D, 0x58, 0x47,
    0x03, 0x03, 0x33, 0x00, 0x73, 0xCD, 0x6A, 0x30, 0x5E, 0x17, 0xD6, 0xCD, 0xB2, 0xC3, 0x21, 0x06,
    0x76, 0x00, 0x4F, 0x3A, 0x10, 0xBA, 0xCB, 0xAC, 0x59, 0x74, 0x23, 0xB8, 0xE9, 0xC3, 0x3A, 0x9A,
    0x2A, 0x05, 0x28, 0xE8, 0xD4, 0x72, 0xE3, 0xC2, 0x3A, 0x18, 0x3B, 0xBA, 0x63, 0xF8, 0x4C, 0x49,
    0x4F, 0x0A, 0xEB, 0x60, 0xCC, 0x31, 0x0E, 0x29, 0xFA, 0x2E, 0x3C, 0x29, 0xAC, 0x83, 0x99, 0xC7,
    0xE8, 0x4C, 0xF1, 0x09, 0xEF, 0x8E, 0x71, 0xFB, 0xB3, 0xC9, 0x80, 0xAB, 0x31, 0xAC, 0xB3, 0x47,
    0xD1, 0x87, 0xF5, 0x6B, 0x61, 0xFF, 0x7D, 0x58, 0xDF, 0xAC, 0xEC, 0x97, 0xF0, 0x27, 0x3D, 0xDB,
    0x21, 0xAC, 0x43, 0x2C, 0x80, 0xC3, 0x17, 0x4B, 0xE4, 0x01, 0x2C, 0x70, 0xBE, 0xBB, 0x37, 0x38,
    0x9E, 0xBA, 0xE3, 0xF5, 0xEB, 0x8E, 0xBD, 0x8F, 0x87, 0xAA, 0x3B, 0x29, 0xB4, 0x21, 0x5D, 0x1D,
    0x0B, 0x96, 0x1A, 0xF8, 0x48, 0xFD, 0xF9, 0x27, 0xF8, 0x4B, 0xD1, 0x34, 0xC4, 0xA3, 0xDC, 0xD9,
    0x44, 0x4D, 0xBE, 0x22, 0x97, 0x47, 0x2C, 0x89, 0xF7, 0x32, 0x47, 0x41, 0xF0, 0x7C, 0x88, 0x60,
    0x0D, 0x99, 0xDC, 0xC3, 0x1C, 0x82, 0x92, 0x0B, 0x79, 0x1D, 0x39, 0x2E, 0x78, 0x73, 0xF9, 0xCC,
    0x40, 0xF4, 0x58, 0xAD, 0xA9, 0x57, 0x3F, 0xB3, 0xF8, 0x26, 0xF8, 0x6B, 0xC4, 0x10, 0xC6, 0xC3,
    0xD9, 0x0E, 0x98, 0x13, 0xB8, 0x75, 0x0C, 0x04, 0xCE, 0x30, 0xD0, 0xD5, 0xCE, 0xD0, 0x2E, 0x2A,
    0x60, 0xF7, 0x73, 0x38, 0x95, 0x09, 0x46, 0x73, 0x29, 0xB1, 0xEF, 0x67, 0xF4, 0x26, 0x62, 0xE8,
    0x80, 0x53, 0x8B, 0x01, 0x20, 0xB6, 0x4D, 0x84, 0x86, 0x51, 0xE3, 0xB3, 0x6C, 0xE9, 0x44, 0xF2,
    0x6C, 0x37, 0x47, 0x16, 0x03, 0xD6, 0x01, 0x66, 0x72, 0x1D, 0xA3, 0x0B, 0x84, 0x10, 0xFA, 0xDC,
    0x37, 0x11, 0xB0, 0x85, 0xEC, 0x7F, 0x14, 0x82, 0x6E, 0xAB, 0xAC, 0x26, 0x93, 0xDA, 0x71, 0xB2,
    0x05, 0x23, 0x63, 0x55, 0x2F, 0x6D, 0x07, 0x76, 0x4E, 0x86, 0xB2, 0xA5, 0x67, 0x93, 0xD9, 0x0A,
    0x67, 0x1E, 0xDB, 0x25, 0x8E, 0x21, 0x30, 0xA1, 0x4B, 0x32, 0x95, 0x02, 0x2E, 0x01, 0xCE, 0xF3,
    0x11, 0xF5, 0xEC, 0xBB, 0xF9, 0x11, 0x41, 0x65, 0x0F, 0x9C, 0xDD, 0x0E, 0xD6, 0x03, 0x53, 0xB6,
    0xD5, 0xE9, 0x8E, 0x0E, 0x2F, 0xF4, 0x28, 0x96, 0xEE, 0x81, 0x77, 0x3A, 0xAC, 0x87, 0xBC, 0xC4,
    0xAA, 0xF0, 0x5C, 0xFF, 0x74, 0x7C, 0xF4, 0x18, 0xBB, 0xAF, 0xFD, 0x56, 0x3B, 0x32, 0xB3, 0x47,
    0x23, 0x3F, 0xA3, 0x19, 0x5D, 0x49, 0x3F, 0x67, 0xC7, 0x0B, 0x02, 0x56, 0x84, 0x21, 0xB1, 0x22,
    0xEB, 0xE6, 0x57, 0x90, 0x90, 0xF5, 0x2F, 0xE8, 0x2D, 0x38, 0x97, 0xF7, 0xE9, 0xFC, 0x97, 0xE4,
    0x0E, 0x33, 0x7A, 0x8B, 0xA6, 0x0C, 0x73, 0xB4, 0xE2, 0x0E, 0x47, 0x0B, 0xD8, 0x58, 0xDD, 0x13,
    0x2F, 0xA4, 0xC7, 0xB6, 0x86, 0x9F, 0x03, 0xAF, 0xB6, 0xDA, 0x22, 0xEB, 0x8A, 0x08, 0x84, 0x7F,
    0xE1, 0xC8, 0xE0, 0xE7, 0xE0, 0x2D, 0x18, 0x04, 0x34, 0x83, 0x28, 0xC8, 0xD7, 0xC2, 0x8F, 0x1B,
    0xF7, 0xD6, 0x8C, 0xF0, 0x39, 0x59, 0x7C, 0x8A, 0x4F, 0x98, 0x1D, 0x14, 0x44, 0xC5, 0x80, 0x7B,
    0x6D, 0x61, 0x98, 0x2C, 0x2D, 0xCC, 0x80, 0x61, 0x6A, 0x00, 0x24, 0x6C, 0xFD, 0x18, 0xD8, 0xD0,
    0x40, 0xBC, 0x18, 0xFD, 0x32, 0xCA, 0xD4, 0xB3, 0x33, 0x48, 0xB3, 0x68, 0x2E, 0xC0, 0x0C, 0xDB,
    0x20, 0xC7, 0xFA, 0x12, 0x27, 0x02, 0xC8, 0xBA, 0xFE, 0xD5, 0xDA, 0x5F, 0xE0, 0xA5, 0x75, 0x70,
    0xD9, 0x1F, 0x81, 0x37, 0x5F, 0xD9, 0x6F, 0x0E, 0x94, 0x0B, 0x7B, 0x23, 0xFA, 0xC0, 0x48, 0x17,
    0xF2, 0xE2, 0x6C, 0x9A, 0xF5, 0xD9, 0x59, 0x3E, 0xB1, 0xE9, 0x21, 0x66, 0x11, 0x4D, 0xD9, 0x4D,
    0x6C, 0x3A, 0x9D, 0x42, 0xD3, 0x92, 0x3A, 0xA4, 0x67, 0xD3, 0xA9, 0xB5, 0xBB, 0x71, 0x52, 0x66,
    0xEB, 0x91, 0x4D, 0xA7, 0x2E, 0x78, 0xBD, 0x49, 0xBD, 0xD8, 0xCF, 0x90, 0x91, 0x4D, 0xE3, 0x2B,
    0x78, 0x23, 0xBB, 0xC4, 0x2E, 0x74, 0x36, 0xE0, 0xD8, 0xB4, 0x79, 0x80, 0x5F, 0xC7, 0x20, 0x05,
    0x63, 0xB7, 0x9D, 0xD8, 0x34, 0xFE, 0x1F, 0x83, 0xD4, 0x0C, 0x05, 0x84, 0xDD, 0xC8, 0xA6, 0x7B,
    0xC7, 0x69, 0xD7, 0xD0, 0x13, 0x0E, 0x77, 0x6C, 0x9A, 0x3C, 0x27, 0x38, 0xB2, 0x35, 0x4E, 0x84,
    0x68, 0xD0, 0x38, 0x36, 0x4D, 0xE1, 0xEC, 0x02, 0xA2, 0x15, 0x1E, 0x9B, 0xCC, 0xD0, 0xB1, 0xE9,
    0x21, 0xA2, 0x35, 0xF0, 0xA5, 0xD8, 0xF9, 0xD6, 0x81, 0x4D, 0xF7, 0x8F, 0xE7, 0x3F, 0xA6, 0x0E,
    0x9D, 0xD8, 0xF4, 0x17, 0xC2, 0x87, 0x0D, 0x6C, 0xDA, 0x92, 0x21, 0x3C, 0x1F, 0x9D, 0xD8, 0xC0,
    0xA6, 0x61, 0x66, 0x84, 0xD1, 0xAD, 0x1C, 0x7D, 0x9E, 0x63, 0xD3, 0xF6, 0x53, 0xFA, 0x5A, 0x4E,
    0xED, 0x51, 0x3C, 0xB1, 0x81, 0x4F, 0x79, 0x70, 0x75, 0x75, 0x71, 0x62, 0xD3, 0xAF, 0x80, 0x4D,
    0x07, 0x7A, 0x18, 0x86, 0xE1, 0x40, 0x10, 0x43, 0xF2, 0x61, 0x02, 0x45, 0x8C, 0x80, 0x40, 0x12,
    0x43, 0xAE, 0x63, 0x84, 0x26, 0x76, 0xCF, 0xBD, 0xDF, 0x1A, 0x21, 0x8A, 0xA5, 0xCF, 0xC8, 0xB2,
    0x3A, 0x23, 0x54, 0xB1, 0xC5, 0x16, 0x4C, 0x14, 0xBC, 0x89, 0x11, 0xB2, 0x18, 0x98, 0x2C, 0x4D,
    0xE1, 0x8C, 0xD0, 0xC5, 0xB2, 0x1A, 0xCD, 0xD3, 0x89, 0x21, 0x93, 0x30, 0xB6, 0x02, 0x77, 0x54,
    0xB9, 0xCF, 0x32, 0x65, 0xAC, 0xAC, 0xF1, 0x98, 0x68, 0x9E, 0x4C, 0x1A, 0x83, 0x31, 0x0D, 0x1D,
    0x1B, 0x81, 0x67, 0xF1, 0x1D, 0x54, 0x77, 0x85, 0xE7, 0xAB, 0x89, 0x63, 0x8D, 0x11, 0xEA, 0x58,
    0xE7, 0xD0, 0xB5, 0x11, 0xF2, 0xD8, 0x36, 0x73, 0x2E, 0x4E, 0xEA, 0x63, 0x97, 0xE7, 0xEE, 0xA3,
    0xBE, 0x40, 0x76, 0xD6, 0x1B, 0xF7, 0x5E, 0x05, 0x4C, 0x52, 0xA5, 0xB8, 0xF7, 0x31, 0x1E, 0x55,
    0x5A, 0xF6, 0x13, 0x79, 0x49, 0x95, 0xA2, 0xDE, 0x1E, 0x38, 0x55, 0x62, 0x6E, 0x88, 0x53, 0x25,
    0xE6, 0x85, 0x38, 0x55, 0x5A, 0x4D, 0x4E, 0x88, 0x53, 0x25, 0xE7, 0x83, 0x16, 0xAD, 0x47, 0x95,
    0x50, 0x38, 0x5D, 0x93, 0xAB, 0x11, 0x54, 0xC9, 0x56, 0x83, 0x07, 0xE2, 0x54, 0x89, 0x39, 0x20,
    0x4E, 0x95, 0x98, 0xFF, 0xF1, 0xA9, 0x52, 0xEF, 0x7E, 0x74, 0xAA, 0x54, 0x08, 0xAA, 0xF4, 0xE5,
    0xE8, 0x7C, 0x04, 0x55, 0x9A, 0x7C, 0x8F, 0xA0, 0x4A, 0xF9, 0xE3, 0xC1, 0xF5, 0x78, 0x54, 0xE9,
    0x80, 0xE7, 0x39, 0x51, 0xA5, 0x97, 0xA1, 0x4A, 0xDA, 0x63, 0xA6, 0xB7, 0x51, 0xA2, 0x5F, 0x75,
    0xA2, 0x5F, 0xDE, 0x5C, 0x6F, 0xD1, 0x48, 0x25, 0x01, 0xA6, 0x4D, 0xB5, 0x69, 0x4B, 0xDC, 0x65,
    0x9A, 0x27, 0x8D, 0xAD, 0x0A, 0x47, 0xBB, 0xA5, 0xA6, 0x2D, 0x9B, 0x77, 0xCE, 0x8F, 0x68, 0x8D,
    0x33, 0x75, 0x7A, 0x34, 0x13, 0x4A, 0xDF, 0x9B, 0xC3, 0x98, 0x9F, 0xD1, 0x6C, 0x77, 0x30, 0x86,
    0x7A, 0x18, 0xF3, 0xE8, 0x56, 0xC7, 0xC9, 0xDB, 0xA2, 0x19, 0xC6, 0x3C, 0xC2, 0x5B, 0xCA, 0x4B,
    0xC4, 0x17, 0x0E, 0xA6, 0x31, 0x4F, 0x41, 0x7A, 0x8B, 0x4A, 0x35, 0x74, 0xE2, 0x62, 0x3B, 0x8E,
    0xF9, 0xFC, 0xAC, 0x84, 0x2F, 0x25, 0x3B, 0x7C, 0x12, 0xEC, 0xC6, 0x3C, 0x1E, 0xAC, 0x45, 0xA3,
    0xC1, 0xE7, 0x34, 0xE6, 0x0D, 0x8D, 0xD2, 0x74, 0x78, 0x0E, 0x63, 0x1E, 0x9D, 0xD1, 0xAE, 0x4F,
    0x5B, 0xA4, 0xBB, 0x61, 0xCC, 0x1B, 0xF4, 0xF0, 0xCF, 0x86, 0x1C, 0x85, 0x1D, 0xC6, 0x3C, 0x52,
    0x1D, 0x80, 0x91, 0xD5, 0x81, 0x9B, 0x01, 0xE7, 0x91, 0x31, 0xE2, 0x30, 0x3D, 0x36, 0xE3, 0x98,
    0xDF, 0xAD, 0x18, 0xDC, 0xF4, 0x63, 0x5E, 0xE4, 0x2A, 0x32, 0xBB, 0xED, 0xC7, 0x3C, 0x78, 0xDE,
    0xB9, 0xA5, 0x54, 0x05, 0x9C, 0x51, 0x6A, 0x9B, 0x7E, 0xCC, 0x3F, 0xCF, 0xF1, 0x7A, 0x9F, 0x25,
    0x38, 0x2D, 0xDB, 0x80, 0x23, 0x1A, 0xC7, 0xFC, 0x51, 0x83, 0xFB, 0x34, 0xE6, 0xEF, 0x76, 0xCC,
    0xAB, 0xA3, 0x6F, 0xB9, 0x39, 0xB6, 0x2D, 0x17, 0xDA, 0xB8, 0xD3, 0x46, 0xDD, 0xAC, 0x5E, 0x69,
    0x7E, 0xC5, 0x16, 0x4A, 0x03, 0x2A, 0xE0, 0xBC, 0x29, 0x73, 0xC5, 0xA3, 0x3C, 0x3C, 0x30, 0xA4,
    0xEF, 0x0B, 0x15, 0xCC, 0xCD, 0x02, 0x17, 0x6C, 0x04, 0x27, 0x18, 0xC0, 0x31, 0xD0, 0x2E, 0x18,
    0x37, 0x40, 0xED, 0x89, 0x66, 0x81, 0x8B, 0x71, 0x46, 0x41, 0x2A, 0x98, 0x9B, 0x05, 0xA6, 0x76,
    0x10, 0xE7, 0x49, 0x05, 0x73, 0xB3, 0xC0, 0xD4, 0x91, 0x8B, 0x41, 0x05, 0x73, 0xB3, 0xC0, 0x7B,
    0xC8, 0x81, 0x36, 0x93, 0x0A, 0x46, 0xB3, 0x40, 0x1A, 0x9F, 0x23, 0xB8, 0x71, 0xB3, 0x40, 0x72,
    0x0C, 0xF5, 0xA8, 0x82, 0xB9, 0x59, 0x20, 0xB9, 0x96, 0x7A, 0x54, 0xC1, 0xDC, 0x2C, 0x10, 0x3F,
    0xD8, 0x5D, 0x8C, 0x2A, 0x98, 0x9B, 0x05, 0x46, 0x7F, 0x01, 0xBF, 0x7E, 0xC1, 0x55, 0xB0, 0xA7,
    0x81, 0x92, 0x31, 0x92, 0xA8, 0xFF, 0xE6, 0x2A, 0xD8, 0xAF, 0xFB, 0xBF, 0x72, 0xAE, 0x82, 0xB9,
    0x59, 0x20, 0x1C, 0x7F, 0x39, 0xA9, 0x60, 0x6E, 0x16, 0x88, 0xB9, 0x15, 0x68, 0x99, 0x49, 0x05,
    0x73, 0xB3, 0xC0, 0x1B, 0x32, 0x76, 0x37, 0x3D, 0x3E, 0xD4, 0xE1, 0x48, 0xB7, 0xFD, 0x31, 0x13,
    0x12, 0x3C, 0xF6, 0x4C, 0x03, 0xCC, 0x5B, 0x3A, 0xBC, 0xFC, 0xA3, 0x3D, 0x9E, 0xE5, 0x67, 0xFA,
    0xC8, 0x2D, 0xF7, 0xE0, 0xD9, 0xDF, 0xEA, 0x5E, 0xE4, 0x77, 0xF6, 0x04, 0xBA, 0x53, 0x8E, 0xF3,
    0x94, 0xE3, 0xFC, 0x0D, 0xE4, 0x38, 0xEF, 0xEE, 0x71, 0x66, 0xDE, 0xD1, 0x07, 0xC2, 0x47, 0xFA,
    0x08, 0x5C, 0x7D, 0x62, 0x6F, 0x85, 0x67, 0x1F, 0xEB, 0xC7, 0x79, 0x23, 0xFF, 0xB3, 0xDB, 0x91,
    0x58, 0x19, 0xBD, 0xBE, 0x31, 0xF6, 0x8C, 0x6C, 0xF8, 0x31, 0xCA, 0x78, 0x81, 0x7C, 0x1F, 0x3E,
    0x06, 0x20, 0xEF, 0x38, 0x0F, 0x75, 0x82, 0xBB, 0xF8, 0x48, 0xA7, 0x0D, 0xD9, 0x27, 0xBB, 0x5B,
    0xE1, 0xCB, 0x5F, 0xB4, 0xAA, 0xBA, 0x76, 0x9E, 0x7F, 0xEF, 0x94, 0xAB, 0x3E, 0xE5, 0xAA, 0x4F,
    0xEA, 0xDA, 0xF1, 0xB9, 0xEA, 0x5B, 0xB1, 0xDF, 0x6F, 0x68, 0xEC, 0xD7, 0xCB, 0xBB, 0x11, 0xFB,
    0x8D, 0x3C, 0xD0, 0xB1, 0x5F, 0x09, 0xF6, 0xEC, 0xB7, 0x2C, 0x14, 0xF6, 0xFB, 0xF0, 0x15, 0xB0,
    0xDF, 0x53, 0x0E, 0xF8, 0xF5, 0xCE, 0x01, 0xAB, 0x76, 0x47, 0x2D, 0x78, 0x0B, 0x58, 0xD7, 0x3C,
    0x8C, 0xAE, 0x79, 0xCC, 0xEA, 0xBF, 0x56, 0x4F, 0x64, 0xAB, 0x0D, 0x35, 0x84, 0x0B, 0x55, 0xD9,
    0x29, 0x75, 0x65, 0xE7, 0x6B, 0x2F, 0x36, 0xFC, 0x4E, 0x69, 0xE8, 0x53, 0x1A, 0xFA, 0xB7, 0x44,
    0x67, 0xC9, 0xD4, 0xB9, 0x5E, 0x71, 0x2C, 0x58, 0x6A, 0x3F, 0xAD, 0xF9, 0xFF, 0x54, 0xA3, 0x9D,
    0x2A, 0xB7, 0xCC, 0x3E, 0x51, 0xAE, 0x72, 0xF9, 0x71, 0xAB, 0x79, 0x94, 0xEF, 0x9D, 0xB2, 0xED,
    0xAF, 0x5B, 0xB6, 0x5D, 0xB3, 0xCF, 0x3D, 0xD4, 0x6F, 0xCF, 0x50, 0xD9, 0x37, 0x56, 0xF6, 0x7E,
    0x7E, 0x8F, 0xDE, 0x6F, 0x8E, 0x14, 0x3C, 0x0E, 0xEB, 0x20, 0xF7, 0x75, 0x1D, 0x64, 0xC1, 0x79,
    0xDF, 0xA4, 0x83, 0xC4, 0xD6, 0xB6, 0x9A, 0x0E, 0xB2, 0x10, 0x7C, 0xB3, 0x1C, 0xBF, 0xB0, 0xE2,
    0x22, 0x7D, 0xAF, 0x83, 0xC4, 0xD7, 0x6E, 0x02, 0x5E, 0x79, 0x3A, 0x08, 0x4C, 0x7D, 0x12, 0xA2,
    0x13, 0x9E, 0x0E, 0x02, 0xF8, 0xD2, 0xD1, 0x12, 0xA9, 0x83, 0x80, 0xC7, 0x58, 0x75, 0x98, 0x98,
    0xF3, 0x74, 0x90, 0xB4, 0x8B, 0x68, 0xBA, 0xB3, 0xF1, 0x74, 0x90, 0x45, 0x37, 0x83, 0x63, 0xE3,
    0xC4, 0x45, 0xEA, 0x20, 0x2B, 0xFB, 0x77, 0x70, 0x78, 0xE4, 0xD8, 0xA1, 0x0E, 0x72, 0xF5, 0x94,
    0x34, 0x77, 0x5D, 0x07, 0x69, 0x3D, 0x1D, 0xE4, 0x73, 0x8E, 0x33, 0x1D, 0x64, 0x2E, 0xF0, 0x51,
    0x07, 0xD9, 0x92, 0xE1, 0x5E, 0x9F, 0xC3, 0xF1, 0x3D, 0x1D, 0x24, 0x7A, 0xF7, 0xEA, 0x47, 0x2F,
    0xA5, 0x83, 0x18, 0xA3, 0xEB, 0x20, 0x0A, 0xBD, 0x1F, 0xCA, 0x36, 0x54, 0x1D, 0x44, 0x3B, 0xD0,
    0x33, 0xCD, 0xA0, 0x1E, 0xEC, 0xA9, 0x43, 0x71, 0xA7, 0x5B, 0x1C, 0xA2, 0x58, 0x29, 0xFB, 0x44,
    0x59, 0xAB, 0x24, 0x8C, 0x05, 0x47, 0x1E, 0x27, 0xD9, 0x02, 0x07, 0x0E, 0x33, 0x42, 0xB6, 0x87,
    0xC9, 0x9D, 0xBF, 0x70, 0x60, 0xE1, 0xC5, 0x03, 0x17, 0x6A, 0xF2, 0xAA, 0xB4, 0xB9, 0x92, 0xBC,
    0x4A, 0xFA, 0xA6, 0xF6, 0x92, 0x57, 0x2B, 0xD7, 0x33, 0x3C, 0x79, 0x75, 0xCF, 0x75, 0xCD, 0xCE,
    0x4B, 0x5E, 0xF5, 0x15, 0x04, 0xD6, 0x4B, 0x5E, 0xE1, 0xAA, 0x1A, 0x4C, 0x43, 0x7B, 0xC9, 0xAB,
    0xC5, 0x16, 0x5E, 0x92, 0xF5, 0x88, 0xE4, 0xD5, 0xB2, 0x01, 0xBE, 0x44, 0xB0, 0x48, 0x5E, 0x65,
    0x30, 0x55, 0x5F, 0x13, 0x2C, 0x92, 0x57, 0xAB, 0x26, 0xA5, 0x4F, 0xCA, 0xE4, 0x55, 0x64, 0x77,
    0xF0, 0x27, 0x9C, 0x84, 0x09, 0x92, 0x57, 0x58, 0x48, 0x80, 0xEC, 0x49, 0x4D, 0x5E, 0xD5, 0x32,
    0x79, 0x35, 0xF8, 0xED, 0x5A, 0x24, 0xAF, 0xDA, 0xE5, 0x04, 0xB3, 0xE4, 0xD5, 0x9A, 0x1A, 0x61,
    0xF3, 0x18, 0xB9, 0x96, 0x48, 0x5E, 0x9D, 0x5D, 0x39, 0xDB, 0x3B, 0x91, 0xAA, 0x3B, 0x22, 0x55,
    0x1F, 0x1E, 0x48, 0x04, 0xFC, 0x15, 0x4F, 0xDA, 0x8C, 0x7E, 0x7A, 0x9A, 0xCB, 0xE6, 0xE1, 0xFB,
    0x2C, 0xBF, 0x10, 0x4F, 0x5F, 0xFA, 0x3A, 0x8B, 0x30, 0xB7, 0x48, 0x26, 0xDC, 0xF8, 0xB8, 0xEF,
    0x8D, 0x53, 0x2F, 0xFB, 0x74, 0x4E, 0x7F, 0x7A, 0xD9, 0xA7, 0x95, 0x0D, 0xB3, 0x4F, 0x31, 0x25,
    0x97, 0xBC, 0xEC, 0x53, 0x4A, 0xDE, 0x92, 0x67, 0x9F, 0x56, 0x97, 0xE4, 0x2B, 0xB7, 0x22, 0xFB,
    0x54, 0x6E, 0x22, 0x57, 0x41, 0xC2, 0xB3, 0x4F, 0x38, 0xB7, 0x86, 0xD9, 0x4F, 0x2B, 0xB2, 0x4F,
    0x44, 0x7A, 0xC0, 0x30, 0x78, 0xF6, 0x09, 0x3E, 0x90, 0xE1, 0x78, 0x6B, 0x79, 0xF6, 0x09, 0xFE,
    0xC0, 0x99, 0x4D, 0xB6, 0xE5, 0xD9, 0xA7, 0xC4, 0x7E, 0x01, 0xC7, 0x80, 0xF8, 0xE1, 0x67, 0x9F,
    0xFE, 0xEB, 0xC7, 0x6E, 0xA5, 0x5B, 0x90, 0x7D, 0xAA, 0x44, 0xF6, 0xE9, 0x4B, 0x2D, 0xFB, 0xB4,
    0x76, 0xF1, 0x4C, 0x64, 0x9F, 0x3A, 0xF3, 0x78, 0x08, 0x08, 0x53, 0xF6, 0x89, 0xBC, 0xFE, 0x07,
    0xBE, 0x25, 0x9D, 0xFD, 0xC9, 0xB1, 0x46, 0x9B, 0xFC, 0x66, 0xC1, 0xDE, 0xE2, 0x84, 0xC4, 0x3B,
    0xB7, 0x26, 0xD4, 0x77, 0x19, 0x38, 0x79, 0x78, 0x00, 0xCF, 0xF1, 0x95, 0x50, 0x76, 0xE7, 0x96,
    0xB2, 0x87, 0x52, 0xD6, 0x9D, 0xDB, 0x84, 0x8C, 0x4A, 0x68, 0xBA, 0x73, 0xBB, 0x1A, 0x08, 0xD3,
    0x24, 0xE8, 0xBA, 0x28, 0x5D, 0x48, 0x35, 0x17, 0xB3, 0xF9, 0x6F, 0xF7, 0xCE, 0x7B, 0x94, 0x72,
    0xE1, 0x18, 0xEB, 0x98, 0x40, 0xA6, 0xE3, 0xCE, 0x28, 0xC5, 0xB4, 0x96, 0x22, 0xEE, 0x8C, 0xB8,
    0xFA, 0x5A, 0x2A, 0xB8, 0x33, 0xE8, 0x69, 0x52, 0xD0, 0xB8, 0x7C, 0x9B, 0x50, 0xB2, 0xB5, 0xF2,
    0xB5, 0x5B, 0x74, 0xF8, 0x85, 0x2A, 0xDC, 0x6E, 0x34, 0xD5, 0x76, 0xAB, 0x49, 0xB6, 0x5B, 0xA9,
    0xD7, 0x62, 0x94, 0x28, 0x81, 0xF4, 0x70, 0xB1, 0x16, 0xB1, 0xFC, 0x1C, 0xAE, 0x43, 0x53, 0x6A,
    0x55, 0x17, 0xFE, 0xB2, 0x60, 0x73, 0xAC, 0x2E, 0xAB, 0x8A, 0xB2, 0xAA, 0x22, 0xAB, 0xCA, 0xB1,
    0xBA, 0x16, 0xAB, 0x0A, 0xB1, 0xAA, 0x0A, 0xAB, 0x4B, 0xB0, 0x07, 0xF4, 0xD7, 0xE8, 0xDB, 0x8A,
    0x26, 0x9C, 0xBF, 0x5A, 0xA8, 0x08, 0x63, 0xC6, 0x4B, 0x42, 0xF7, 0x04, 0x14, 0x97, 0x97, 0x42,
    0x4F, 0x8D, 0x51, 0x49, 0x6C, 0x0D, 0x57, 0x53, 0x63, 0xFB, 0x13, 0x6C, 0x6B, 0xAE, 0xA5, 0xC6,
    0xF6, 0xDF, 0x70, 0x38, 0x70, 0x25, 0x35, 0x72, 0x0C, 0x84, 0xEB, 0xA8, 0x08, 0xFD, 0xBD, 0xDD,
    0x70, 0x15, 0x35, 0xA2, 0xD2, 0xC7, 0x9A, 0x6B, 0xA8, 0x11, 0x0E, 0x05, 0xB2, 0xA6, 0x51, 0x41,
    0xC5, 0x95, 0xC6, 0x8E, 0x34, 0x8C, 0xFA, 0x69, 0x84, 0x43, 0x0E, 0x49, 0xEC, 0xA4, 0x9E, 0xE2,
    0x80, 0x8B, 0xA5, 0x76, 0x0A, 0x43, 0x0D, 0xC8, 0x9B, 0xA2, 0x9C, 0x16, 0x81, 0x6E, 0xDA, 0x99,
    0x40, 0x35, 0x6D, 0xA4, 0x66, 0xEA, 0xEC, 0x46, 0x28, 0xA6, 0x56, 0xA6, 0xA8, 0x74, 0xBD, 0x54,
    0x71, 0xD6, 0x0A, 0x1B, 0xD1, 0xA0, 0xDD, 0xEB, 0x00, 0x75, 0x9A, 0xAB, 0x7F, 0xE3, 0xB9, 0x11,
    0x62, 0x48, 0x02, 0xB3, 0x41, 0xB2, 0x90, 0x49, 0x0A, 0x49, 0xBA, 0x94, 0x5C, 0x31, 0x13, 0x42,
    0x92, 0x6E, 0x35, 0xA8, 0x97, 0x83, 0x0C, 0x92, 0xF4, 0xCD, 0xCA, 0x44, 0x10, 0x34, 0xAC, 0x27,
    0xA8, 0x5A, 0x4E, 0x12, 0x08, 0x40, 0x15, 0x15, 0x7C, 0x4E, 0x02, 0xC8, 0x1C, 0x6B, 0x7C, 0x49,
    0x04, 0x19, 0xE5, 0x8F, 0x39, 0xF4, 0x16, 0x89, 0x22, 0x93, 0xF8, 0x31, 0x27, 0xE3, 0xAC, 0xB8,
    0xF4, 0xE1, 0xA8, 0x76, 0xC1, 0x85, 0x8F, 0x65, 0x87, 0x0E, 0xD8, 0x04, 0xB2, 0x47, 0x17, 0x8A,
    0x1E, 0xDB, 0x50, 0xF2, 0x58, 0x4B, 0xC1, 0xC3, 0x4D, 0x29, 0xB8, 0xDC, 0x61, 0x87, 0x98, 0x76,
    0x40, 0xEC, 0xF8, 0xDD, 0x8B, 0xE3, 0xA9, 0xF5, 0xEB, 0x80, 0x66, 0x77, 0x81, 0x3E, 0x91, 0x33,
    0xDD, 0x3F, 0x27, 0x34, 0x91, 0x1E, 0x3A, 0x41, 0x73, 0xC9, 0x9A, 0x95, 0xF4, 0xD1, 0x4B, 0x2A,
    0xE5, 0xFD, 0x5F, 0x6B, 0xC5, 0xE6, 0x00, 0x25, 0xF9, 0x0A, 0x6F, 0x26, 0x1E, 0x53, 0x70, 0x00,
    0xF4, 0x57, 0x65, 0xCB, 0xBD, 0xE9, 0xE7, 0x68, 0x66, 0xF0, 0x85, 0xC5, 0x8E, 0x4F, 0xEF, 0x31,
    0xE8, 0x67, 0x58, 0x4B, 0xDE, 0x4D, 0x45, 0x21, 0x10, 0x5C, 0xB1, 0xB8, 0x09, 0x2D, 0xB6, 0x33,
    0xA3, 0x14, 0x02, 0xA1, 0x0C, 0x7C, 0x10, 0x12, 0x49, 0x2A, 0x48, 0xEC, 0x85, 0x90, 0x55, 0x87,
    0x6F, 0x60, 0x0D, 0x32, 0xFE, 0xD7, 0xCB, 0x20, 0xE8, 0xD6, 0xC0, 0x7B, 0x12, 0xAB, 0x6C, 0x0D,
    0x13, 0x41, 0xD8, 0xC4, 0xCE, 0x30, 0x09, 0x84, 0x8B, 0xE4, 0x03, 0x9A, 0xF9, 0x28, 0xCA, 0x1F,
    0x6D, 0x3A, 0xCC, 0xF1, 0x3E, 0x1B, 0x50, 0x18, 0x6C, 0x40, 0x8E, 0x5B, 0xA2, 0x93, 0x9F, 0x1A,
    0x5C, 0xF8, 0x30, 0x4A, 0x1F, 0x8F, 0x2E, 0xBD, 0x98, 0x1B, 0x44, 0x19, 0x5D, 0xF6, 0xD0, 0x45,
    0x0F, 0x5D, 0xF2, 0xD8, 0x23, 0x78, 0xE8, 0x72, 0xC7, 0x1E, 0xB1, 0xE3, 0x46, 0xA9, 0xE3, 0x25,
    0x1E, 0x7A, 0xA9, 0x87, 0x5E, 0xE8, 0xA1, 0x97, 0x73, 0xE8, 0xA8, 0x5E, 0xE2, 0x71, 0xB8, 0xC0,
    0xE3, 0xFC, 0x83, 0x40, 0xF2, 0x28, 0x7B, 0x2B, 0x9F, 0xE4, 0x8E, 0xA4, 0x97, 0x37, 0x98, 0xD4,
    0x91, 0xF5, 0x73, 0x28, 0x26, 0x73, 0xF4, 0x0C, 0x88, 0x49, 0x1C, 0x51, 0x2F, 0x58, 0x30, 0x79,
    0x23, 0x72, 0xF2, 0xB2, 0x90, 0x36, 0x90, 0x84, 0x7A, 0xB2, 0x86, 0xDD, 0x25, 0x3B, 0xAF, 0x1E,
    0x37, 0xB3, 0x4B, 0xBF, 0x16, 0xD7, 0x65, 0x47, 0x85, 0x94, 0xE1, 0xB2, 0xA8, 0xA2, 0x06, 0xF7,
    0xF7, 0xA8, 0x83, 0xC3, 0xFA, 0x5B, 0x13, 0xCA, 0x17, 0x55, 0x58, 0x77, 0x5B, 0x09, 0xD9, 0xC2,
    0x5E, 0xAF, 0xEC, 0x98, 0x07, 0x72, 0x92, 0xC5, 0xF3, 0x1C, 0xC2, 0xB1, 0xE1, 0x72, 0xC5, 0x9B,
    0x7B, 0x9D, 0x96, 0x02, 0x0D, 0x8E, 0x89, 0x6B, 0x59, 0x75, 0x90, 0x86, 0x1C, 0xA4, 0x09, 0xE6,
    0xC6, 0x06, 0x59, 0x82, 0x41, 0x83, 0x24, 0xC1, 0xC4, 0xB0, 0x41, 0x8E, 0x60, 0xBB, 0x81, 0x1C,
    0x19, 0xE9, 0xBB, 0x63, 0xE4, 0x07, 0x45, 0x7A, 0x38, 0x98, 0xCB, 0x79, 0xE4, 0xC7, 0x9F, 0xF3,
    0x7E, 0x58, 0x4E, 0x49, 0xCB, 0xA5, 0xED, 0x53, 0xD8, 0x63, 0xBE, 0xB2, 0xF7, 0xB2, 0x53, 0xAA,
    0xB2, 0x17, 0xD1, 0x58, 0x96, 0x32, 0x81, 0x3E, 0x6F, 0x45, 0x82, 0x12, 0x4E, 0x18, 0xAF, 0x9F,
    0xE5, 0x26, 0xE7, 0x30, 0x5F, 0xDA, 0x8A, 0xB4, 0x24, 0x70, 0xB7, 0xAC, 0xF1, 0x56, 0x7B, 0xB4,
    0x65, 0x2D, 0x93, 0x91, 0x19, 0x46, 0x59, 0x91, 0x87, 0x4C, 0x7B, 0x21, 0x61, 0x4C, 0x41, 0x9A,
    0xB7, 0x91, 0x8B, 0x05, 0xD9, 0xC7, 0x36, 0x48, 0x3C, 0x76, 0x61, 0xCE, 0x51, 0xA4, 0x1B, 0xED,
    0xBF, 0xC3, 0x67, 0x44, 0xA6, 0xF1, 0x53, 0x68, 0xA1, 0x96, 0x27, 0x19, 0xF3, 0x3D, 0xC6, 0x14,
    0x22, 0xD9, 0x31, 0x48, 0x73, 0x58, 0xF1, 0x0A, 0xC5, 0xAE, 0x50, 0xE7, 0x0A, 0xED, 0x2A, 0x34,
    0xAB, 0xD0, 0xAA, 0x42, 0xA3, 0x0A, 0x6D, 0xEA, 0x90, 0x49, 0xBD, 0x7B, 0xE1, 0x87, 0x10, 0xEF,
    0x54, 0x9C, 0xD9, 0x4C, 0x74, 0x31, 0xEE, 0xAD, 0x69, 0x24, 0x8B, 0x6E, 0xFD, 0x17, 0xA3, 0x8A,
    0xA9, 0x7D, 0xFE, 0x4F, 0x82, 0x28, 0x92, 0x23, 0xE3, 0x34, 0xD1, 0x35, 0x00, 0x23, 0x89, 0x0E,
    0x60, 0x14, 0x91, 0x1A, 0x84, 0x13, 0x44, 0xBC, 0xFA, 0x9C, 0xD3, 0x43, 0x30, 0xD9, 0x85, 0x20,
    0x87, 0x33, 0xB0, 0x80, 0x35, 0xA7, 0x86, 0xB4, 0xD2, 0xC9, 0x27, 0x86, 0xB5, 0x4F, 0x0B, 0x37,
    0x1E, 0x29, 0xDC, 0xF9, 0x94, 0xB0, 0x90, 0x84, 0xB0, 0xBB, 0x38, 0x4C, 0x07, 0x79, 0x64, 0x98,
    0xDA, 0x71, 0xE3, 0x93, 0xA5, 0x44, 0xC6, 0x5F, 0x47, 0x95, 0xAC, 0x88, 0xD4, 0x44, 0x94, 0xBC,
    0xF9, 0x71, 0x49, 0xF4, 0x79, 0xCD, 0x7B, 0x9F, 0x48, 0x12, 0xCD, 0xAE, 0x7C, 0x8A, 0x64, 0x1B,
    0x8E, 0x39, 0x82, 0x54, 0xEE, 0x12, 0x85, 0x1E, 0xBD, 0xDD, 0xFA, 0xE4, 0xA8, 0x8F, 0x11, 0x82,
    0x1A, 0xF5, 0x41, 0x42, 0x10, 0xA3, 0x07, 0xA4, 0xB1, 0x28, 0xB4, 0x28, 0x57, 0x48, 0x91, 0x46,
    0x89, 0x7C, 0x42, 0x74, 0xFD, 0x24, 0xA0, 0x43, 0x1D, 0x86, 0x8A, 0x5C, 0x23, 0x43, 0x1A, 0x15,
    0xD2, 0x88, 0x90, 0x46, 0x83, 0x34, 0x12, 0xA4, 0x52, 0x20, 0x8D, 0x00, 0xA9, 0xF4, 0xE7, 0x10,
    0xF9, 0x49, 0x8B, 0xC3, 0x5E, 0xE5, 0x28, 0xEF, 0xB4, 0xB9, 0xBB, 0x7C, 0xCD, 0x29, 0xC6, 0x9C,
    0x62, 0xCC, 0xAB, 0x8C, 0x31, 0x6A, 0x0D, 0x80, 0x96, 0xD5, 0xD1, 0x52, 0x3A, 0x1A, 0xA6, 0xE5,
    0xFC, 0x5F, 0x2E, 0xDF, 0x7F, 0xF2, 0xE1, 0x27, 0x1F, 0xFE, 0xCA, 0x26, 0xB0, 0xDA, 0xC4, 0x55,
    0x9B, 0xB6, 0x6A, 0xD3, 0x53, 0x0D, 0xD3, 0x26, 0xAC, 0x07, 0xA7, 0xAB, 0xA7, 0x31, 0x78, 0x1A,
    0x83, 0xFF, 0x8F, 0xC6, 0x60, 0x52, 0xB1, 0xB3, 0x2C, 0x82, 0xD0, 0xD9, 0xD3, 0x23, 0x0E, 0xF5,
    0x65, 0x33, 0x1C, 0xEA, 0x03, 0x32, 0x5F, 0x59, 0xDA, 0x97, 0xCB, 0x70, 0x32, 0xF5, 0xB2, 0xC4,
    0x6A, 0xF9, 0xCC, 0xD7, 0x89, 0xE2, 0xC1, 0x0E, 0x27, 0x9D, 0x28, 0x65, 0xBB, 0xB6, 0x4C, 0x3A,
    0xD1, 0xC6, 0xD3, 0x89, 0x56, 0x8E, 0x66, 0xF1, 0x52, 0x18, 0xDB, 0x94, 0x5B, 0xAF, 0x0C, 0xC6,
    0xAE, 0x97, 0xAD, 0xAF, 0x13, 0xB9, 0x0D, 0x57, 0x84, 0x4E, 0x54, 0x2D, 0xFC, 0x75, 0xDB, 0xB6,
    0x42, 0xE3, 0x13, 0x3A, 0x11, 0xB0, 0x9E, 0xC6, 0xD3, 0x89, 0x56, 0xA1, 0x4E, 0xB4, 0xA4, 0x02,
    0x80, 0x40, 0x27, 0xDA, 0x29, 0x3A, 0x91, 0x09, 0x75, 0x22, 0x23, 0x75, 0xA2, 0x1E, 0x62, 0x3A,
    0x51, 0x77, 0x89, 0xF9, 0x5E, 0x65, 0x4D, 0xF6, 0xED, 0x74, 0xA2, 0x03, 0x50, 0x73, 0x4C, 0xF9,
    0x8A, 0x52, 0xBA, 0xB2, 0x78, 0xE1, 0x8C, 0xD0, 0x2B, 0xD3, 0x89, 0x3E, 0xBC, 0xA1, 0x3A, 0x45,
    0xCF, 0x46, 0x06, 0x5A, 0x32, 0xAB, 0x48, 0xE9, 0x8F, 0xF6, 0xCE, 0xCB, 0x1F, 0x2D, 0xBA, 0xCA,
    0x65, 0x6D, 0x4B, 0xEA, 0xA7, 0x6E, 0x33, 0x5F, 0x7F, 0xB0, 0x9E, 0xAB, 0x89, 0x99, 0x13, 0xBF,
    0xEF, 0x7E, 0xEB, 0x97, 0xF8, 0x6B, 0x53, 0x1D, 0xCB, 0x9C, 0x9C, 0x33, 0xAB, 0x61, 0x49, 0x70,
    0x4E, 0xCF, 0xEB, 0x57, 0x52, 0x02, 0x58, 0xED, 0x0A, 0xF4, 0x04, 0x56, 0x37, 0x4E, 0x75, 0x2B,
    0x0E, 0x66, 0x35, 0x2B, 0x89, 0xCB, 0x16, 0x4D, 0xF5, 0x2A, 0x68, 0xA9, 0x6B, 0x5E, 0xAB, 0x42,
    0x55, 0x05, 0x62, 0x95, 0x34, 0x7A, 0x5F, 0xB1, 0x42, 0x1A, 0x1B, 0x8A, 0xD7, 0xA7, 0x18, 0x98,
    0x95, 0xE4, 0x7E, 0x6D, 0x8A, 0xF1, 0xEA, 0x52, 0x5A, 0xE3, 0xAD, 0x88, 0xAE, 0x65, 0x3D, 0xCA,
    0xA4, 0x50, 0xF4, 0x2B, 0xA1, 0x9D, 0x33, 0xBD, 0x71, 0x15, 0xF4, 0x5B, 0x61, 0xA4, 0xB6, 0x73,
    0xDF, 0xB2, 0x23, 0xFB, 0x5E, 0x7B, 0x18, 0x32, 0x36, 0xDC, 0x88, 0xE3, 0xAD, 0xE3, 0x89, 0x80,
    0xB2, 0x3F, 0x97, 0x5C, 0x3C, 0x78, 0xDE, 0xF9, 0xA5, 0x25, 0x60, 0x23, 0x1B, 0xAF, 0xB0, 0x24,
    0x22, 0x57, 0x28, 0xCA, 0x4A, 0x66, 0x64, 0x38, 0xA2, 0xA8, 0x24, 0x09, 0x4B, 0x4A, 0x52, 0xFB,
    0x2D, 0x67, 0xAA, 0x53, 0x41, 0x09, 0x16, 0x1B, 0x15, 0xB2, 0x9C, 0x64, 0xD1, 0x3A, 0xB7, 0xC9,
    0x8A, 0x49, 0x16, 0x5B, 0x82, 0x78, 0x29, 0x09, 0x7E, 0x31, 0x97, 0x85, 0x24, 0x69, 0x47, 0xD6,
    0xC0, 0xCB, 0x48, 0xE6, 0xB4, 0xCE, 0x43, 0x14, 0x91, 0xCC, 0xAC, 0xBE, 0xF6, 0xAF, 0x0A, 0x0B,
    0x48, 0xEA, 0xB0, 0x7C, 0xA4, 0x0E, 0x8A, 0x47, 0xE0, 0x04, 0x45, 0xE9, 0xC8, 0x33, 0x08, 0xF9,
    0x95, 0x52, 0x38, 0x72, 0x9C, 0xF7, 0x3C, 0x12, 0x6A, 0x8E, 0x29, 0x16, 0x51, 0x4A, 0x45, 0x94,
    0x42, 0x11, 0xA5, 0x4C, 0x44, 0x2B, 0x12, 0x51, 0x4A, 0x44, 0x94, 0x02, 0x11, 0xAD, 0x3C, 0xE4,
    0xE6, 0xE2, 0x90, 0xF3, 0x80, 0xAE, 0x87, 0x64, 0x3D, 0xA4, 0xE5, 0x21, 0x92, 0xFD, 0xDC, 0xDE,
    0x3A, 0xA7, 0x74, 0xDC, 0x23, 0x2A, 0x2F, 0x83, 0x1C, 0xDF, 0xD6, 0x48, 0x8D, 0x26, 0xB3, 0xD6,
    0x04, 0x1A, 0x4D, 0x21, 0x34, 0x9A, 0x7E, 0xAB, 0x38, 0xA6, 0xD1, 0xCC, 0xEC, 0xC7, 0xD8, 0x1D,
    0x4C, 0xA3, 0x01, 0xD6, 0x8B, 0xCD, 0x27, 0x34, 0x1A, 0xEA, 0x7F, 0xA6, 0xD1, 0x20, 0xB2, 0x11,
    0x1A, 0x8D, 0xFB, 0x16, 0xD7, 0x68, 0x66, 0xF6, 0xFB, 0xA4, 0x04, 0x4F, 0x1A, 0x4D, 0x44, 0xBC,
    0x5A, 0x68, 0x34, 0x56, 0x5D, 0x85, 0x54, 0x07, 0x1A, 0x4D, 0x1B, 0x68, 0x34, 0xAD, 0xD4, 0x68,
    0x1C, 0xC2, 0x34, 0x9A, 0x6B, 0x18, 0xF3, 0x75, 0xB8, 0xD8, 0xE8, 0xA4, 0xD1, 0xEC, 0xAB, 0x5F,
    0x08, 0xDA, 0xE1, 0x95, 0x00, 0xD9, 0x4B, 0x01, 0x67, 0xBC, 0xED, 0x27, 0x2A, 0xED, 0x00, 0x4E,
    0xA4, 0x1B, 0x8F, 0x46, 0x67, 0x3E, 0x89, 0xCE, 0xFC, 0x6D, 0x90, 0x08, 0xE0, 0x04, 0x9A, 0x00,
    0x4E, 0x9F, 0xB3, 0xAD, 0x9F, 0x64, 0xF5, 0xA9, 0x73, 0xD6, 0x86, 0x1B, 0x1D, 0x05, 0x5B, 0x1C,
    0x05, 0xA4, 0x39, 0xF7, 0x29, 0x73, 0x90, 0x58, 0x95, 0x69, 0xD5, 0x5D, 0xE6, 0x25, 0x55, 0x81,
    0xAA, 0xE4, 0x01, 0x55, 0xBE, 0x93, 0xAE, 0x68, 0x0E, 0xD9, 0x78, 0x60, 0xE2, 0x81, 0x85, 0x07,
    0x06, 0x1E, 0xD8, 0x77, 0x60, 0xDE, 0x81, 0x75, 0x07, 0xC6, 0x7D, 0xC0, 0xB6, 0xC3, 0x22, 0xAE,
    0xB4, 0xBD, 0x23, 0x64, 0xF7, 0x95, 0x20, 0xB9, 0x8F, 0x38, 0x82, 0xC4, 0x5B, 0xCA, 0xB1, 0xE4,
    0x54, 0x6E, 0xB5, 0xB2, 0x09, 0x90, 0x4E, 0x16, 0xFB, 0xBA, 0xE5, 0x46, 0x1C, 0x71, 0x0B, 0x8D,
    0x64, 0x41, 0x30, 0xD6, 0x6A, 0x73, 0xA1, 0x83, 0x0E, 0x95, 0x63, 0xB7, 0xC8, 0x65, 0x45, 0x89,
    0x35, 0xDE, 0x82, 0x22, 0xAC, 0xD7, 0x0A, 0xB6, 0x54, 0x09, 0x17, 0x11, 0x6D, 0x82, 0xE5, 0x43,
    0x4D, 0xB0, 0x81, 0x4A, 0xE3, 0x2D, 0x19, 0x7A, 0x8F, 0xF2, 0x02, 0x6C, 0xB1, 0xD0, 0x75, 0xE4,
    0x36, 0x6B, 0x90, 0xDB, 0xA5, 0x84, 0xA2, 0x46, 0x28, 0x69, 0x84, 0x82, 0x46, 0x28, 0x67, 0x28,
    0x62, 0x46, 0x28, 0x65, 0x28, 0x42, 0xC6, 0x5D, 0x49, 0x89, 0x67, 0x77, 0xC5, 0x49, 0x02, 0xE9,
    0xF0, 0x66, 0x4E, 0x72, 0x1A, 0x3B, 0xA7, 0xB1, 0xF3, 0x5A, 0x8E, 0x9D, 0x6F, 0x4B, 0x9F, 0xEF,
    0x51, 0xFC, 0xF2, 0x0E, 0x5F, 0xD6, 0x37, 0xBD, 0x5C, 0x05, 0x2F, 0xF9, 0xFE, 0xB9, 0xAB, 0x5A,
    0x6C, 0x9C, 0x8B, 0x2F, 0xD9, 0x8E, 0xB9, 0xB8, 0x2F, 0x2D, 0xDB, 0x2A, 0x77, 0x25, 0xEF, 0x1B,
    0x95, 0xC9, 0x3B, 0x46, 0x65, 0xB5, 0xD8, 0x15, 0x37, 0x1B, 0xEA, 0xAE, 0xDD, 0x76, 0xB8, 0xD9,
    0x50, 0x73, 0x3D, 0xEC, 0x83, 0x6B, 0xF8, 0x06, 0xB8, 0x59, 0x2D, 0x76, 0xBE, 0x85, 0x93, 0x14,
    0x77, 0x83, 0xF2, 0x4A, 0x22, 0xBC, 0x3B, 0x40, 0x6D, 0xE4, 0xBD, 0x9F, 0xE4, 0x5D, 0x9F, 0xBC,
    0xFB, 0x3D, 0xC9, 0x0E, 0x3C, 0xE2, 0x4E, 0x4F, 0x0F, 0x59, 0x63, 0x99, 0xE1, 0x5E, 0x03, 0xE3,
    0x1D, 0x9D, 0x9C, 0x22, 0x3A, 0xDE, 0xB6, 0xC9, 0x7B, 0xE9, 0x36, 0x60, 0x18, 0x97, 0x37, 0x3E,
    0xEA, 0xBD, 0xD9, 0x61, 0x5B, 0x31, 0x26, 0x0E, 0x6E, 0x55, 0x10, 0x7D, 0xD5, 0x88, 0xD4, 0x3D,
    0x10, 0x91, 0xB2, 0x47, 0x8F, 0xB0, 0xBD, 0xC8, 0x9D, 0x8A, 0xC4, 0x77, 0x21, 0x1F, 0x90, 0x69,
    0xFF, 0x71, 0x5A, 0xC8, 0x22, 0x76, 0x1E, 0xEF, 0xD7, 0x70, 0xB1, 0x3D, 0xC7, 0x7B, 0x84, 0xED,
    0x36, 0xEE, 0x10, 0xBE, 0xCF, 0xB8, 0x43, 0xF8, 0x0E, 0xE3, 0x84, 0xC8, 0xBD, 0xC5, 0x37, 0xC6,
    0xDF, 0x55, 0x7C, 0x63, 0xE4, 0x7E, 0xE2, 0x86, 0xED, 0x75, 0xE4, 0x6C, 0x2E, 0x96, 0x4A, 0x47,
    0xB8, 0xBF, 0xD1, 0x17, 0xDE, 0xCE, 0x46, 0x6E, 0xDF, 0x70, 0x44, 0xC0, 0x19, 0x26, 0xC5, 0xB8,
    0x63, 0x78, 0xE3, 0x76, 0x33, 0xCA, 0x36, 0xE3, 0x5E, 0xE1, 0x85, 0xDB, 0xC7, 0x28, 0x1C, 0x91,
    0x21, 0xE2, 0x15, 0x4F, 0x00, 0x92, 0x90, 0xE5, 0x7D, 0x2D, 0x18, 0xD6, 0xE3, 0x16, 0x07, 0xA3,
    0xBE, 0x31, 0x76, 0xE7, 0x20, 0x6F, 0x4C, 0x1D, 0x3C, 0xAA, 0x1B, 0xD3, 0x6E, 0x5D, 0x83, 0xB8,
    0xF1, 0xFB, 0xFB, 0xB5, 0x0D, 0x45, 0xDA, 0x08, 0x95, 0x8D, 0x50, 0xD8, 0x50, 0x74, 0x8D, 0x1B,
    0x65, 0x8D, 0x9B, 0x66, 0x78, 0x2E, 0x81, 0xB2, 0xF2, 0xD7, 0x15, 0x33, 0xC0, 0xB9, 0xBD, 0x60,
    0x89, 0x31, 0xFF, 0xCA, 0xDA, 0x03, 0x5C, 0xDA, 0xE4, 0x34, 0xC3, 0x3B, 0xCD, 0xF0, 0x5E, 0xF1,
    0x0C, 0xCF, 0x5B, 0xCB, 0x35, 0x31, 0x96, 0x0F, 0xC5, 0x4B, 0x97, 0xB5, 0x18, 0x5F, 0x3A, 0x91,
    0x77, 0xCC, 0x5C, 0x38, 0x7C, 0x5C, 0x6B, 0xE5, 0xF2, 0x15, 0xD3, 0xD2, 0xAB, 0xAF, 0xCB, 0x97,
    0xE6, 0x98, 0x97, 0x15, 0xCF, 0x52, 0xD0, 0xCB, 0x29, 0x47, 0x11, 0xC9, 0x0C, 0x45, 0x24, 0xF3,
    0x13, 0x91, 0xCC, 0x4E, 0x44, 0x72, 0x47, 0x57, 0x6F, 0x2F, 0xD7, 0x68, 0x58, 0x5C, 0xE3, 0xF2,
    0x12, 0xE3, 0xC2, 0x1A, 0x33, 0xAC, 0xA0, 0xF5, 0xD6, 0xCE, 0xF2, 0x8C, 0x04, 0xBC, 0x94, 0xBB,
    0xB5, 0x56, 0x32, 0x1B, 0xE1, 0xED, 0xD0, 0x9A, 0xCB, 0x4C, 0x84, 0xCC, 0x43, 0xC8, 0x15, 0xB1,
    0x14, 0xCB, 0xF6, 0xE7, 0x20, 0xCE, 0xFC, 0xF5, 0x77, 0xC1, 0x1A, 0xD4, 0xE4, 0xA0, 0x95, 0x1C,
    0x06, 0xE6, 0x47, 0x01, 0xC1, 0x0A, 0xD7, 0x60, 0x75, 0xAB, 0xBF, 0xB2, 0x35, 0x58, 0xD5, 0xEA,
    0xA7, 0x1E, 0xBC, 0xC4, 0xC3, 0xCC, 0x4F, 0x3B, 0xF4, 0xC0, 0x94, 0x74, 0x98, 0x59, 0x63, 0xBC,
    0x15, 0xAC, 0xB9, 0xF1, 0x56, 0xAF, 0xE6, 0xFE, 0xCA, 0xD5, 0xDC, 0x5F, 0xB5, 0x5A, 0x04, 0x1B,
    0x0E, 0xFA, 0xAB, 0x55, 0x9B, 0x20, 0xCD, 0xD0, 0xF8, 0x49, 0x86, 0xD6, 0x4F, 0x31, 0xB4, 0x32,
    0xC1, 0xF0, 0x53, 0xDB, 0xFA, 0xDB, 0x08, 0xD6, 0x41, 0x72, 0xE1, 0x4E, 0xD4, 0xC2, 0xE6, 0x50,
    0x42, 0x21, 0x48, 0x27, 0x04, 0xC9, 0x84, 0x20, 0xDC, 0x86, 0xD1, 0x36, 0x08, 0xB6, 0x41, 0xAC,
    0x0D, 0x43, 0xED, 0x0D, 0x91, 0x76, 0xAF, 0x37, 0x3A, 0xEA, 0xE5, 0xAD, 0x1C, 0xCC, 0x2D, 0xBD,
    0x91, 0x58, 0x2D, 0x5A, 0xF1, 0x95, 0xA2, 0xE8, 0x30, 0xD8, 0x2A, 0xD1, 0x88, 0x96, 0x83, 0x8E,
    0x2B, 0x44, 0x23, 0x7F, 0x75, 0x68, 0x25, 0x57, 0x86, 0x56, 0x72, 0x55, 0x68, 0x65, 0xC4, 0x8A,
    0xD0, 0xCA, 0xF0, 0xFD, 0xF4, 0xE8, 0x25, 0x5B, 0x09, 0x5A, 0xF1, 0x55, 0xA0, 0xF8, 0x52, 0xEC,
    0x9E, 0x57, 0xC9, 0xD5, 0x9F, 0xDE, 0x8E, 0x79, 0xB9, 0x5C, 0xF5, 0x29, 0x57, 0x7C, 0x6E, 0xE5,
    0x6A, 0x4F, 0xC6, 0xAC, 0xFB, 0x95, 0x9E, 0xC1, 0x7D, 0x4E, 0xE4, 0x3D, 0x4E, 0xD0, 0x75, 0xC9,
    0xFB, 0x9B, 0x2C, 0x9C, 0x53, 0x66, 0xF7, 0x36, 0x29, 0xA9, 0xAA, 0x95, 0xCD, 0xD9, 0xE2, 0xE0,
    0x9E, 0x26, 0x73, 0x2A, 0x28, 0x12, 0x77, 0xF9, 0x85, 0x71, 0x97, 0x8B, 0xC9, 0xDB, 0xA2, 0x9B,
    0x53, 0x67, 0xB1, 0xF9, 0x5B, 0x1B, 0x0F, 0x0D, 0xD5, 0x4F, 0xE1, 0x56, 0x8E, 0x86, 0xB0, 0x59,
    0x1C, 0xB9, 0x76, 0x3E, 0x91, 0x83, 0x33, 0xFF, 0x0E, 0x6B, 0xB1, 0x70, 0xB9, 0xEC, 0x70, 0xCF,
    0x12, 0xE3, 0xDF, 0xCD, 0xB7, 0xF3, 0xEE, 0x55, 0x52, 0x4E, 0xAD, 0xE7, 0xE6, 0x75, 0xEB, 0x73,
    0x6F, 0x3B, 0xD7, 0xDB, 0xDC, 0xC4, 0x37, 0xDC, 0x10, 0x2C, 0xBC, 0xA5, 0x5C, 0x78, 0xEB, 0xB8,
    0x10, 0x09, 0xEF, 0x24, 0xA7, 0xDF, 0x46, 0x4E, 0x6C, 0xD8, 0xC4, 0x77, 0xB7, 0xA0, 0x35, 0x0C,
    0x7C, 0x67, 0x8B, 0xD2, 0x1A, 0xB1, 0xAB, 0x45, 0x6C, 0xBD, 0xFD, 0xD4, 0x13, 0x7F, 0x37, 0x8B,
    0x85, 0xBF, 0x93, 0x45, 0xD6, 0x95, 0x72, 0x17, 0x8B, 0x15, 0x58, 0xBD, 0x8C, 0xBF, 0x75, 0xD2,
    0xF1, 0x08, 0x1C, 0xA3, 0x6B, 0xE6, 0x31, 0x78, 0x8E, 0xE3, 0x89, 0x47, 0xE1, 0x85, 0xBD, 0x7E,
    0xBB, 0xF3, 0xAB, 0x02, 0x76, 0xFE, 0x6E, 0x15, 0xAD, 0xBF, 0x4F, 0x7A, 0x23, 0xA2, 0xF1, 0x7F,
    0xC0, 0xE9, 0x8A, 0x1D, 0x2A, 0xF2, 0xC7, 0x9D, 0xF1, 0x76, 0xA7, 0xF0, 0x65, 0x32, 0xBF, 0x0B,
    0xFA, 0x4E, 0xFF, 0x83, 0x3C, 0x2C, 0xC7, 0x98, 0x79, 0x0B, 0x37, 0xC9, 0x79, 0x2C, 0xEC, 0xCE,
    0xF8, 0x92, 0xD9, 0x90, 0x87, 0x14, 0xAA, 0x99, 0x11, 0x9B, 0x5E, 0xF5, 0xC2, 0x59, 0x0C, 0x83,
    0x7C, 0xED, 0x6B, 0x67, 0x33, 0xFB, 0x87, 0x34, 0x06, 0x85, 0x7C, 0x96, 0x76, 0x34, 0x1F, 0x91,
    0x0A, 0x1A, 0x44, 0xC4, 0x6C, 0xEB, 0x8B, 0x68, 0x99, 0xC5, 0xDD, 0x6D, 0x3D, 0x1D, 0xAD, 0xA4,
    0xCD, 0x07, 0x03, 0x29, 0x0D, 0x9B, 0xDC, 0x68, 0x1B, 0x59, 0x55, 0x9E, 0xA0, 0xF6, 0x0F, 0xA2,
    0xD4, 0xCE, 0x69, 0x6A, 0x30, 0x84, 0x6D, 0x69, 0x0B, 0x29, 0xAB, 0x35, 0x58, 0x21, 0xC8, 0x57,
    0x70, 0xF6, 0x36, 0xF9, 0x43, 0xB3, 0x67, 0x01, 0xA7, 0xBA, 0x7E, 0x53, 0x5D, 0xBE, 0xA9, 0xAE,
    0xDE, 0xD4, 0x17, 0x6F, 0xAA, 0x6B, 0x37, 0xF5, 0xA5, 0x9B, 0xAF, 0x62, 0xE5, 0xA6, 0xBA, 0x6A,
    0x53, 0x5D, 0xB4, 0xA9, 0xAE, 0xCE, 0x54, 0x41, 0x75, 0xC5, 0xA6, 0x26, 0x64, 0x9F, 0x9C, 0xFC,
    0x57, 0xE4, 0xE4, 0x8D, 0xDF, 0xD0, 0x43, 0x4F, 0x05, 0x4E, 0x3B, 0xBC, 0x0B, 0x7B, 0x88, 0x84,
    0x37, 0x65, 0x9F, 0x74, 0xBD, 0xFF, 0x03, 0xED, 0x5D, 0x3F, 0xB3, 0xE4, 0x46, 0x11, 0x1F, 0xED,
    0xDE, 0x3D, 0x61, 0x6F, 0x15, 0x72, 0x60, 0xAE, 0x7C, 0xEF, 0x82, 0x4D, 0x1C, 0x00, 0x89, 0x72,
    0x02, 0x24, 0x6C, 0x3E, 0xC0, 0x05, 0x40, 0x00, 0xC1, 0x39, 0x70, 0xE0, 0x3B, 0x8A, 0xBA, 0x6F,
    0xC0, 0x6E, 0xE1, 0xC0, 0x01, 0x01, 0x2F, 0x70, 0xCE, 0x05, 0xE7, 0x80, 0x23, 0xB8, 0x4F, 0x60,
    0xB4, 0x76, 0xE2, 0xC0, 0xC9, 0x62, 0xC8, 0x1C, 0xB0, 0xC0, 0x11, 0xB8, 0x1C, 0x58, 0x05, 0x32,
    0xD6, 0x3B, 0x24, 0x0D, 0xDD, 0x3D, 0xFA, 0x33, 0xDD, 0x33, 0xBB, 0xFB, 0xEE, 0x6E, 0x9F, 0xEF,
    0x3D, 0x97, 0x54, 0xE7, 0x7D, 0xAB, 0xB6, 0xA4, 0x95, 0x66, 0x7E, 0xDD, 0xFD, 0xEB, 0x9E, 0x51,
    0x8F, 0x52, 0xB4, 0xBD, 0xAC, 0x86, 0xED, 0xE8, 0x44, 0xA9, 0xB9, 0x2E, 0xFB, 0xEF, 0x2A, 0x6B,
    0x50, 0xA0, 0xD7, 0x28, 0xC8, 0xB4, 0x52, 0x13, 0xAD, 0x57, 0x28, 0xA8, 0x55, 0xFB, 0x7D, 0xA6,
    0xF5, 0x46, 0x45, 0x9A, 0x0E, 0x81, 0xEF, 0xB9, 0x8A, 0xF1, 0x03, 0x05, 0x20, 0x81, 0x03, 0x4B,
    0x95, 0x34, 0xF0, 0x71, 0x45, 0xDD, 0xC0, 0x03, 0x93, 0x26, 0xAB, 0x94, 0xCE, 0xE3, 0x0A, 0xAF,
    0x17, 0x83, 0x60, 0x51, 0xCC, 0x9B, 0x40, 0xAF, 0xA2, 0x06, 0x05, 0x73, 0x38, 0x53, 0xE7, 0xB3,
    0x66, 0xAA, 0x57, 0x33, 0x6D, 0x7E, 0x31, 0x9F, 0xE8, 0x75, 0xA8, 0x43, 0xBD, 0x01, 0x19, 0x1E,
    0xD0, 0xDC, 0x0C, 0xF5, 0x2A, 0xD4, 0x70, 0x8F, 0x53, 0x5D, 0x04, 0xBF, 0x84, 0x5F, 0xB9, 0x39,
    0xD7, 0xA7, 0xB7, 0x9A, 0x4C, 0xEB, 0x87, 0xDA, 0xDA, 0xEA, 0xAC, 0xFB, 0xF6, 0x6F, 0xF3, 0xA7,
    0xD2, 0xFF, 0x69, 0x05, 0xA9, 0xF9, 0x53, 0xE8, 0x95, 0xD6, 0xFF, 0xD3, 0x78, 0x57, 0x70, 0xCB,
    0xFF, 0x80, 0xDB, 0x6D, 0xE0, 0xFA, 0x1F, 0x64, 0xFA, 0x11, 0x3E, 0x59, 0x93, 0xDE, 0xC0, 0x5B,
    0x0A, 0xFE, 0xA0, 0x9E, 0x6E, 0x7B, 0x59, 0x0A, 0xB4, 0xD8, 0x9F, 0xE8, 0xE5, 0x1E, 0x81, 0x73,
    0x8A, 0xBA, 0x2D, 0xF6, 0xE7, 0xA9, 0x3C, 0x62, 0xB1, 0x76, 0x7E, 0x77, 0x23, 0x25, 0x99, 0x23,
    0x59, 0xAC, 0xA4, 0xE4, 0x45, 0xF5, 0xAC, 0xDB, 0x15, 0xFA, 0xBC, 0x3A, 0x08, 0x22, 0x7D, 0x0A,
    0x9F, 0x21, 0xB4, 0xAC, 0x6A, 0x1B, 0x36, 0xC2, 0xB6, 0x07, 0x89, 0x2E, 0x4C, 0xE7, 0x13, 0x98,
    0xA0, 0xD5, 0xA7, 0xD8, 0x49, 0xD4, 0xFB, 0x05, 0x4A, 0xE0, 0x20, 0x94, 0x14, 0x04, 0xB8, 0x0A,
    0x8F, 0x07, 0x84, 0x4D, 0xA9, 0x0B, 0x69, 0x47, 0x05, 0xEA, 0x08, 0x24, 0xF4, 0x59, 0xC2, 0x45,
    0x1F, 0xD2, 0xC9, 0x73, 0xBA, 0xEA, 0x0C, 0x4E, 0x98, 0x37, 0x21, 0x35, 0xED, 0x8C, 0x24, 0x53,
    0x90, 0x24, 0xD5, 0x04, 0xD1, 0xA4, 0x16, 0x84, 0xF4, 0x18, 0x24, 0x8B, 0x42, 0xA1, 0x04, 0x30,
    0x7A, 0x42, 0x77, 0xF4, 0x57, 0x85, 0x50, 0x5C, 0xA9, 0x5F, 0x68, 0x94, 0xFC, 0x1C, 0x3E, 0x1F,
    0xC1, 0x9D, 0xFF, 0x4C, 0xAF, 0x32, 0x2D, 0xB6, 0x25, 0x48, 0x4A, 0x06, 0x39, 0x85, 0xD2, 0x05,
    0x29, 0x40, 0x4C, 0x82, 0x46, 0xE1, 0xAD, 0x82, 0x2E, 0x40, 0x0B, 0xC0, 0xF3, 0x94, 0x19, 0xFC,
    0x2C, 0x36, 0x46, 0x90, 0x51, 0x93, 0x64, 0x7A, 0x7D, 0x84, 0x3F, 0x6B, 0x6D, 0x2F, 0x3D, 0x41,
    0x43, 0x5F, 0x77, 0x24, 0x8B, 0xA5, 0x03, 0x82, 0xD5, 0x7E, 0x49, 0xE6, 0x48, 0x8E, 0xFD, 0x3F,
    0xF8, 0xBE, 0x83, 0x64, 0x21, 0x98, 0x4A, 0x24, 0x4F, 0xB5, 0x00, 0x6A, 0xE0, 0x40, 0xFB, 0x55,
    0xF5, 0xEC, 0xDB, 0x68, 0xC8, 0xCE, 0x6E, 0xC8, 0x7E, 0xA8, 0xF6, 0x22, 0x22, 0x38, 0x13, 0x6A,
    0x96, 0xFB, 0xF1, 0x38, 0x1A, 0x90, 0x0B, 0x6D, 0x40, 0x94, 0x6C, 0xE8, 0x76, 0x4B, 0x9C, 0xCE,
    0x5E, 0x6C, 0xF6, 0x4B, 0x12, 0xC7, 0x03, 0xBD, 0x98, 0x7A, 0x7F, 0x70, 0xE2, 0x48, 0x42, 0xE7,
    0xD4, 0xA8, 0x74, 0x2E, 0x4F, 0x7D, 0x73, 0x85, 0x49, 0xD6, 0x1D, 0x36, 0xE0, 0xA2, 0xF7, 0xA9,
    0x3F, 0xCA, 0x0E, 0x1B, 0xED, 0x09, 0xD8, 0xA8, 0x2D, 0x36, 0x00, 0xD6, 0x70, 0x02, 0x00, 0xC1,
    0xA0, 0x05, 0x0F, 0x9A, 0xA2, 0xA2, 0x4F, 0xF5, 0xAD, 0x16, 0x0E, 0x46, 0xEB, 0x4B, 0x15, 0xD6,
    0x33, 0xB0, 0x0E, 0x06, 0x1B, 0x2A, 0x6E, 0xB2, 0x5A, 0xCD, 0xAA, 0x50, 0xF7, 0xD8, 0x48, 0x40,
    0xE1, 0xD5, 0xAC, 0x0E, 0x35, 0x21, 0x01, 0xB1, 0xA1, 0x37, 0xA0, 0xEC, 0x61, 0x13, 0x55, 0xF4,
    0xCB, 0x80, 0x8D, 0x40, 0xAF, 0xC1, 0x16, 0x4E, 0x75, 0x5C, 0x26, 0xB9, 0xC1, 0xC6, 0x94, 0xEC,
    0x00, 0xFC, 0x60, 0x91, 0x14, 0x06, 0x1B, 0xF0, 0x1B, 0x13, 0x3C, 0x52, 0x6F, 0x92, 0xA2, 0xC7,
    0xC6, 0xE7, 0xF4, 0xF9, 0x58, 0x17, 0x3D, 0x36, 0xBA, 0x2D, 0x6F, 0xB1, 0x71, 0xDA, 0x4B, 0x36,
    0x2D, 0x36, 0x36, 0x0B, 0x32, 0x02, 0xF8, 0x60, 0x2D, 0x36, 0xD2, 0x99, 0x5E, 0x83, 0x15, 0x98,
    0x91, 0x8D, 0x6B, 0xB7, 0x3B, 0x5B, 0x3A, 0xFB, 0xA2, 0x38, 0x17, 0xB3, 0x7D, 0xCB, 0x91, 0xC4,
    0xE9, 0x7E, 0xE8, 0xE9, 0xCA, 0x91, 0x18, 0xC7, 0x43, 0x0E, 0x40, 0x1D, 0x93, 0x1B, 0x30, 0xA8,
    0xC8, 0x9A, 0xEE, 0x84, 0xA9, 0xA6, 0xD3, 0xC8, 0x05, 0x60, 0xF7, 0x13, 0x4E, 0x34, 0xF5, 0x28,
    0x1E, 0x3A, 0x47, 0x79, 0x04, 0x9A, 0xB9, 0x52, 0xC6, 0x21, 0x00, 0xA0, 0x40, 0x3E, 0x2F, 0x12,
    0xFA, 0x8E, 0x1E, 0x41, 0x41, 0x47, 0x01, 0x40, 0x72, 0x34, 0x03, 0xC6, 0x25, 0x40, 0xBF, 0x2F,
    0x4A, 0x92, 0x68, 0x65, 0x7C, 0x02, 0xC0, 0x00, 0xE4, 0x71, 0x91, 0x7C, 0x85, 0x78, 0x40, 0xA7,
    0x10, 0x6A, 0x05, 0xF2, 0x79, 0x95, 0xFD, 0x1D, 0xDD, 0x00, 0x7A, 0x85, 0x08, 0xFF, 0xA5, 0x11,
    0xF6, 0xDF, 0xDA, 0xB8, 0x85, 0x18, 0x7C, 0x88, 0x5E, 0xC3, 0x8D, 0x2C, 0xB1, 0x23, 0x5B, 0xBF,
    0x60, 0x3E, 0xFF, 0x48, 0x12, 0xBE, 0xAD, 0x5A, 0xCF, 0xF0, 0xE9, 0x60, 0x5B, 0x5A, 0xD7, 0xF0,
    0x1B, 0xAD, 0xBF, 0x68, 0x2D, 0x89, 0xF1, 0x0D, 0x35, 0xC0, 0xF3, 0x35, 0xDD, 0x2C, 0x63, 0x32,
    0x69, 0xC6, 0x39, 0x04, 0xF7, 0x7D, 0xCC, 0x35, 0xE0, 0x2A, 0x38, 0x6D, 0xB8, 0xCA, 0xEA, 0x5D,
    0xBB, 0xD3, 0x9A, 0x5F, 0xEB, 0xCD, 0x27, 0x31, 0x48, 0x47, 0xCC, 0xAD, 0x4F, 0xB0, 0x27, 0x07,
    0xA7, 0x4E, 0x14, 0x63, 0x70, 0xE9, 0x68, 0x8D, 0x2D, 0x87, 0x1E, 0x08, 0x77, 0x0E, 0xFF, 0xD9,
    0xCE, 0x9C, 0xDC, 0xF7, 0xE0, 0xCA, 0x81, 0x0F, 0x33, 0x47, 0x9E, 0x33, 0x37, 0xBE, 0xC8, 0x6D,
    0x27, 0x0E, 0xBB, 0xB6, 0x0B, 0x57, 0x59, 0x6E, 0x3B, 0xF0, 0x89, 0xDE, 0x70, 0xF7, 0xBD, 0xE6,
    0xCE, 0x7B, 0xC5, 0x5D, 0x77, 0xCA, 0x1C, 0x77, 0xAD, 0x6C, 0xB7, 0x4D, 0xF6, 0x7C, 0x57, 0xF4,
    0xF1, 0x6B, 0xD7, 0x81, 0x2F, 0x1D, 0x62, 0xB6, 0xDA, 0x2B, 0x51, 0x36, 0x35, 0x33, 0x5F, 0x5F,
    0xB1, 0xF5, 0xE7, 0xC4, 0xD1, 0xA8, 0x46, 0xAA, 0xB6, 0x96, 0x21, 0x46, 0x66, 0x0E, 0xFA, 0xCC,
    0xD2, 0x55, 0x72, 0x6B, 0xB6, 0x5D, 0x78, 0x49, 0xDD, 0x35, 0xCA, 0xC1, 0x08, 0x87, 0x4E, 0x03,
    0x78, 0x8A, 0x30, 0xB5, 0x2E, 0x95, 0x62, 0x5C, 0x34, 0xAB, 0xBA, 0xBB, 0x03, 0x0D, 0x5D, 0x62,
    0xE7, 0x47, 0x20, 0x09, 0xD0, 0xE6, 0x93, 0x0F, 0x0C, 0xB1, 0xEB, 0x2B, 0x7C, 0xBE, 0x53, 0x75,
    0x35, 0x43, 0x37, 0x89, 0x16, 0x3A, 0x2E, 0x0D, 0x15, 0xE8, 0xB7, 0x0A, 0x8C, 0x6E, 0x27, 0xF9,
    0x9D, 0xF9, 0x33, 0x48, 0x4A, 0xB4, 0xFD, 0x5F, 0x18, 0x09, 0xDE, 0x1C, 0xDD, 0x8C, 0xD6, 0xEF,
    0xE8, 0x86, 0x24, 0x21, 0x39, 0x72, 0x40, 0xCC, 0xA9, 0xCA, 0xAA, 0xA4, 0x22, 0x0C, 0xFE, 0xD8,
    0xF2, 0x42, 0x8D, 0xE4, 0xB9, 0x73, 0x44, 0x5E, 0x6C, 0x2B, 0x04, 0xC0, 0xEF, 0xC1, 0x43, 0xD6,
    0x7E, 0xA1, 0xB9, 0x2D, 0xD6, 0x43, 0xC6, 0x03, 0x29, 0xD1, 0x78, 0xA9, 0x12, 0xA7, 0x3D, 0xE2,
    0x6D, 0x7E, 0xED, 0xC1, 0xBB, 0xDB, 0xB1, 0x12, 0x14, 0xD2, 0xD3, 0xD6, 0xD2, 0xD1, 0xCA, 0x5E,
    0x9D, 0x49, 0x41, 0x58, 0x49, 0xAA, 0x70, 0x8F, 0x3E, 0xEF, 0x2E, 0xE1, 0xB1, 0x9B, 0xE1, 0xF6,
    0x66, 0xE4, 0x4B, 0x75, 0x69, 0x75, 0x61, 0x49, 0x2D, 0xBC, 0x1C, 0x6E, 0xBE, 0x22, 0x01, 0xF6,
    0xCE, 0x7D, 0x6A, 0x28, 0x68, 0x13, 0x7A, 0x6E, 0xF0, 0xB9, 0x0D, 0x3D, 0xF0, 0xE7, 0xD0, 0x6C,
    0x29, 0x74, 0x64, 0x65, 0x04, 0xBA, 0x31, 0xC1, 0x71, 0x08, 0x82, 0x59, 0x8D, 0xED, 0x6C, 0xD8,
    0x16, 0x9C, 0x55, 0x81, 0x71, 0x36, 0xDE, 0x97, 0xC2, 0xDA, 0x18, 0xD4, 0x08, 0x05, 0x11, 0xFC,
    0x45, 0x9F, 0x7B, 0x84, 0x0D, 0x15, 0x1B, 0x3B, 0x91, 0x26, 0xB5, 0xBA, 0x46, 0x2D, 0x97, 0x41,
    0x4F, 0x26, 0xE8, 0x5F, 0x6D, 0xC7, 0x9A, 0xFC, 0xB7, 0x63, 0xDC, 0x0B, 0x83, 0x87, 0x24, 0x6F,
    0xB5, 0x97, 0x58, 0x18, 0x3C, 0xC6, 0x02, 0x0C, 0x7A, 0x43, 0x24, 0x0C, 0x9E, 0xA1, 0x99, 0xA3,
    0x20, 0xD4, 0x65, 0xAC, 0x1F, 0xA7, 0x78, 0xCF, 0x9B, 0x23, 0x70, 0xC1, 0xB9, 0x3A, 0x66, 0x5A,
    0xB8, 0xC8, 0xA5, 0xD7, 0x92, 0x82, 0xA4, 0x15, 0x1C, 0xA5, 0x42, 0x10, 0x77, 0x6C, 0x28, 0x29,
    0xF8, 0xFF, 0x50, 0x49, 0x29, 0x04, 0x71, 0x27, 0xE8, 0x14, 0x71, 0x5E, 0x09, 0xEA, 0x15, 0x49,
    0xD7, 0x18, 0xED, 0x47, 0x80, 0x8C, 0xD1, 0x42, 0x79, 0xC4, 0x24, 0xDD, 0x61, 0xBE, 0x47, 0xBF,
    0x71, 0x31, 0xFD, 0xC6, 0xD9, 0xF2, 0x55, 0x7A, 0x57, 0x6A, 0x4A, 0x66, 0xAA, 0xF4, 0xEE, 0x2C,
    0xD5, 0xE8, 0xAF, 0x2E, 0xBB, 0xBF, 0x0A, 0x4E, 0xA4, 0xBF, 0x0A, 0x4B, 0xE9, 0xAF, 0x06, 0x0B,
    0xD3, 0xF9, 0xAB, 0x41, 0xD2, 0xF9, 0xAB, 0x59, 0x25, 0xFD, 0x55, 0x70, 0xEF, 0x6C, 0x0E, 0xCB,
    0xF5, 0x58, 0xAE, 0x87, 0xF2, 0x48, 0xA6, 0x4E, 0x44, 0xA0, 0xEE, 0xED, 0x84, 0xEA, 0xCC, 0x49,
    0x97, 0xC6, 0x4E, 0x54, 0x91, 0x51, 0x8A, 0xE1, 0x3E, 0xF7, 0xD9, 0xD8, 0x98, 0x76, 0xC2, 0xEB,
    0x0B, 0xC4, 0x45, 0x63, 0xB7, 0x25, 0x62, 0x19, 0xEF, 0xB0, 0x43, 0x0B, 0xF4, 0x3F, 0x5A, 0x9A,
    0x5A, 0xF5, 0x68, 0x81, 0x5E, 0xCA, 0x72, 0xE3, 0xBE, 0x5A, 0xB4, 0x2C, 0x1A, 0x14, 0x92, 0xFF,
    0x32, 0x68, 0x81, 0x1E, 0x5E, 0x42, 0x44, 0x8B, 0x0E, 0x6C, 0x40, 0xCB, 0xE3, 0xCE, 0x83, 0x15,
    0x02, 0x3F, 0x65, 0x2F, 0x49, 0x68, 0x3F, 0x33, 0x88, 0x42, 0xB4, 0x54, 0x11, 0xEE, 0xA2, 0x13,
    0xEB, 0xD0, 0xB2, 0x09, 0x74, 0x75, 0x43, 0x3F, 0x9A, 0xC0, 0x75, 0x7A, 0xB4, 0x1C, 0x9F, 0x5C,
    0x02, 0x76, 0xF3, 0x44, 0x49, 0x0E, 0xE9, 0x4A, 0x92, 0x0F, 0x24, 0x68, 0x16, 0xFF, 0xD4, 0x7B,
    0x25, 0xC9, 0x27, 0x8D, 0x93, 0xE4, 0x78, 0x4B, 0x3D, 0x01, 0x01, 0x1B, 0xF1, 0x3C, 0xE2, 0x99,
    0x6F, 0x77, 0x97, 0x43, 0x08, 0xDE, 0xF1, 0x68, 0xBC, 0xA3, 0xD4, 0xE6, 0xD1, 0xE8, 0xCF, 0x36,
    0x36, 0x8F, 0xC6, 0xD6, 0x80, 0xE7, 0x9D, 0xBD, 0xDB, 0xF1, 0x68, 0xE4, 0x2F, 0x20, 0x46, 0x96,
    0xDC, 0xF2, 0xE8, 0xB9, 0x46, 0xBE, 0x43, 0xC6, 0xD8, 0xF0, 0xE8, 0xA4, 0x8C, 0xB4, 0x11, 0xB4,
    0x3C, 0x3A, 0x03, 0x6E, 0x92, 0x52, 0x8F, 0xB4, 0x3C, 0xDA, 0x30, 0x15, 0x6C, 0x36, 0xC3, 0xA3,
    0x27, 0x40, 0x54, 0x90, 0xE1, 0xD4, 0x1D, 0x8F, 0x0E, 0x75, 0x1D, 0xE8, 0x92, 0xD8, 0x46, 0xCF,
    0xA3, 0x3F, 0x6F, 0xD3, 0x51, 0x3D, 0x8F, 0x6E, 0xB7, 0xA2, 0xE5, 0xD1, 0xB5, 0x6E, 0xFB, 0xAC,
    0xE3, 0xD1, 0x39, 0x25, 0xAC, 0xAA, 0x58, 0x17, 0x2D, 0x8F, 0x5E, 0xCE, 0x30, 0x89, 0x75, 0x62,
    0xF3, 0xE8, 0x3B, 0xE9, 0x93, 0xF2, 0x68, 0x52, 0xB7, 0xE5, 0x75, 0x2E, 0x88, 0xF2, 0xC5, 0xB2,
    0xE7, 0xD1, 0xD4, 0xDD, 0x25, 0x3E, 0x60, 0x29, 0x04, 0xB1, 0x25, 0x88, 0x8A, 0x6C, 0xD5, 0xF3,
    0x68, 0xEA, 0xEB, 0x93, 0xE3, 0xE7, 0xC1, 0xA3, 0x07, 0x3E, 0xAB, 0x18, 0x9F, 0x35, 0x60, 0x26,
    0x46, 0x39, 0x24, 0xB3, 0x7A, 0x3E, 0x6B, 0x32, 0x59, 0x01, 0x80, 0xDA, 0x4A, 0x63, 0xF5, 0x7C,
    0xD6, 0xE4, 0xB0, 0xB0, 0xA7, 0xAD, 0x04, 0x16, 0xEA, 0xAA, 0x95, 0xBD, 0xEA, 0xF9, 0xAC, 0x49,
    0x5D, 0xF5, 0x7C, 0xD6, 0xE4, 0xAD, 0x7A, 0x3E, 0x6B, 0x92, 0x56, 0x3D, 0x9F, 0x35, 0x19, 0xAB,
    0x23, 0x9D, 0xF3, 0x74, 0x95, 0xC8, 0x55, 0x89, 0x44, 0x55, 0xCA, 0xB2, 0x54, 0x35, 0x4B, 0x51,
    0x59, 0x7C, 0xD6, 0x52, 0x8E, 0xB3, 0x6D, 0x6F, 0x06, 0x76, 0xC3, 0x06, 0x4D, 0x94, 0xB3, 0x31,
    0xA9, 0x79, 0xC9, 0x76, 0xED, 0xCE, 0x57, 0x13, 0x7E, 0xB0, 0x7A, 0x6B, 0xD2, 0x93, 0xD5, 0xA9,
    0x93, 0x77, 0x74, 0x40, 0xC1, 0x70, 0xB3, 0xED, 0x98, 0x99, 0x93, 0xDB, 0x0E, 0x4E, 0x0E, 0x34,
    0x74, 0x92, 0xBA, 0x79, 0xD0, 0x91, 0x17, 0x9F, 0x5B, 0x1E, 0xE7, 0x0D, 0xE9, 0x19, 0xA6, 0x95,
    0xF4, 0x0C, 0x6D, 0x5A, 0xC3, 0xF2, 0x0C, 0x14, 0xF1, 0x32, 0xCF, 0x60, 0x82, 0x5E, 0xE6, 0x19,
    0xEE, 0x5F, 0x3E, 0xA6, 0x33, 0x59, 0x3A, 0x43, 0x06, 0x64, 0x7C, 0x85, 0x7E, 0x94, 0x4E, 0x60,
    0xE7, 0x11, 0x45, 0xB9, 0x3D, 0xBA, 0x98, 0x3A, 0x97, 0x77, 0x51, 0xED, 0x81, 0xB5, 0x07, 0xD7,
    0x1D, 0xB0, 0x7F, 0x90, 0x3A, 0xC8, 0xB6, 0x07, 0x15, 0x0C, 0xB4, 0xC5, 0x74, 0x09, 0xC4, 0x36,
    0xDA, 0x51, 0x01, 0x6E, 0x12, 0x71, 0x74, 0x07, 0x34, 0x2E, 0xC5, 0xE0, 0x3D, 0x25, 0x53, 0x2C,
    0xF0, 0x7D, 0xAA, 0x5C, 0x80, 0x6B, 0xE5, 0x22, 0x7C, 0x29, 0x20, 0xFE, 0x15, 0xD8, 0x51, 0x81,
    0xF1, 0x3F, 0xB7, 0x47, 0x0D, 0x20, 0xAF, 0x11, 0xB9, 0x2E, 0xCA, 0x3D, 0x30, 0xF7, 0xE0, 0xDC,
    0x13, 0x00, 0x7A, 0x22, 0x40, 0x5F, 0x08, 0xE8, 0x89, 0x01, 0x7D, 0x41, 0xE0, 0x9E, 0x28, 0xF0,
    0x59, 0x11, 0xEF, 0x81, 0xBC, 0x07, 0xE1, 0x3E, 0x91, 0x8B, 0xFA, 0x3D, 0xB0, 0x1F, 0x71, 0x3F,
    0xE2, 0xFE, 0x10, 0xB8, 0x77, 0xC9, 0x85, 0x87, 0x39, 0x78, 0xE8, 0x85, 0xEF, 0x28, 0x43, 0x30,
    0x18, 0x72, 0xCC, 0xF3, 0x8C, 0xC0, 0xBC, 0xF4, 0xC0, 0xDC, 0x15, 0x94, 0xFA, 0xA2, 0x52, 0x4F,
    0x58, 0xEA, 0x8B, 0x4B, 0x0F, 0x96, 0x68, 0x79, 0x9E, 0x06, 0x79, 0xD4, 0xA1, 0x51, 0x87, 0x2E,
    0xB0, 0x0E, 0xBD, 0xE8, 0x32, 0xF3, 0x0F, 0x65, 0x12, 0x21, 0xFB, 0x8B, 0xDE, 0x2B, 0x49, 0x3E,
    0x6C, 0x76, 0x5E, 0xF9, 0xE9, 0x73, 0x81, 0xC1, 0x67, 0x32, 0x17, 0x18, 0x58, 0x63, 0x35, 0x26,
    0x17, 0x38, 0xB1, 0x1A, 0xC2, 0xE4, 0x02, 0xB1, 0xE1, 0x79, 0x2E, 0x10, 0x33, 0x88, 0x3C, 0x17,
    0x38, 0xD3, 0x32, 0x17, 0x18, 0xC1, 0xB5, 0x78, 0x2E, 0x70, 0x81, 0x23, 0xB6, 0x32, 0x17, 0x58,
    0x39, 0xB9, 0xC0, 0x46, 0xE4, 0x02, 0xFF, 0xD6, 0xC6, 0x77, 0x7D, 0x2E, 0x50, 0x87, 0x43, 0xC4,
    0xD7, 0xE6, 0x02, 0x55, 0x56, 0x8E, 0xB9, 0xED, 0x43, 0x47, 0x7C, 0x23, 0x9E, 0x47, 0x3C, 0x9F,
    0x1D, 0xCF, 0x81, 0xCC, 0x4D, 0xDD, 0x26, 0xF7, 0xB3, 0x74, 0x7A, 0x36, 0xD0, 0xBA, 0x76, 0x3A,
    0x37, 0xD0, 0xED, 0x0C, 0x6E, 0xD6, 0xBF, 0x9A, 0x1F, 0x6A, 0xBA, 0x58, 0x73, 0xA9, 0xE9, 0xE5,
    0x34, 0xC8, 0xB4, 0x33, 0x88, 0x41, 0xB3, 0xA4, 0xE5, 0x38, 0x06, 0xDD, 0x95, 0xEC, 0x6E, 0xCA,
    0xAE, 0xCB, 0x1E, 0xC7, 0x03, 0xFF, 0x25, 0x07, 0x34, 0xAE, 0x41, 0x7F, 0x7D, 0xA9, 0xDC, 0x7E,
    0x17, 0x5E, 0xD0, 0x6C, 0x71, 0xEB, 0xF4, 0xAC, 0xDE, 0xD7, 0x45, 0x64, 0x79, 0xC2, 0x16, 0x00,
    0x34, 0x4B, 0x66, 0xC9, 0x31, 0x80, 0x33, 0x6F, 0x98, 0x37, 0x3C, 0x3E, 0xD9, 0xE5, 0x0F, 0xBD,
    0x1E, 0xD1, 0xC1, 0x43, 0x90, 0x7A, 0x20, 0x61, 0x12, 0xA2, 0x02, 0x15, 0x6D, 0xD2, 0x94, 0x03,
    0xA3, 0x15, 0x72, 0x6C, 0x74, 0xF9, 0x54, 0x06, 0x8F, 0xA3, 0x93, 0x73, 0x32, 0x7D, 0x7E, 0xAE,
    0xE9, 0xA5, 0x96, 0x5B, 0x84, 0x1E, 0xC6, 0xB9, 0xDB, 0x12, 0x9A, 0xC7, 0xBF, 0xE9, 0xA6, 0x5D,
    0x17, 0x4C, 0x43, 0x0C, 0x4B, 0x5B, 0x30, 0x3D, 0x32, 0x6C, 0x2E, 0x69, 0xE7, 0xB1, 0xDB, 0x74,
    0x2E, 0x61, 0x0A, 0x67, 0xF8, 0x5C, 0xC2, 0x1A, 0xDB, 0x10, 0x3A, 0xFA, 0x5C, 0x0A, 0x46, 0x87,
    0x17, 0x59, 0x09, 0x4A, 0x87, 0x97, 0x5C, 0x71, 0x4E, 0x67, 0x26, 0xBF, 0x72, 0x52, 0x87, 0xBF,
    0x75, 0x9A, 0x72, 0x56, 0x77, 0xF5, 0x21, 0x1E, 0xEC, 0xD0, 0xBA, 0x52, 0xB9, 0xBC, 0x6E, 0x6D,
    0xCB, 0x88, 0xD8, 0x91, 0x2E, 0x0A, 0x66, 0x47, 0xAD, 0xC3, 0xA9, 0x9D, 0x21, 0xBF, 0x1E, 0x6E,
    0xE7, 0x05, 0xB3, 0x0F, 0xCB, 0xD2, 0xB4, 0xBD, 0xEA, 0x22, 0x99, 0xDE, 0x3E, 0x11, 0x40, 0x36,
    0x57, 0xE6, 0x38, 0x36, 0x32, 0x0E, 0xE3, 0xF6, 0xCD, 0x15, 0x6E, 0xE4, 0xDE, 0x1A, 0xCD, 0xDC,
    0x68, 0xE6, 0xCE, 0x6C, 0xE6, 0x3C, 0xF1, 0xE9, 0xB6, 0xF0, 0x73, 0x5B, 0xA4, 0xBA, 0xF3, 0x78,
    0x77, 0x60, 0xE9, 0xC0, 0xC3, 0x4B, 0x67, 0x1E, 0x76, 0xF2, 0x44, 0xB4, 0x57, 0xFC, 0x61, 0xAD,
    0x3D, 0x1D, 0xC2, 0x8E, 0x6D, 0xED, 0xB1, 0xD2, 0x36, 0xC0, 0x85, 0x5F, 0x79, 0x97, 0x4D, 0x27,
    0xEC, 0x06, 0xA5, 0x96, 0x4A, 0xAF, 0xEC, 0x49, 0x0B, 0xDD, 0xD0, 0x14, 0x04, 0xAD, 0xCB, 0xA9,
    0x96, 0xF1, 0xEE, 0x84, 0x46, 0xA4, 0x50, 0xCE, 0x2D, 0xE4, 0xB4, 0xFB, 0xE7, 0x0C, 0x56, 0x19,
    0xB9, 0x1C, 0xB2, 0x9A, 0xE1, 0x6B, 0x16, 0xA9, 0x3B, 0x70, 0x15, 0xE3, 0x24, 0xFE, 0xB5, 0x77,
    0xF8, 0x6A, 0xEB, 0x20, 0x96, 0x20, 0x82, 0xAD, 0xE5, 0x6C, 0x87, 0x4A, 0x1B, 0x61, 0x3D, 0x3F,
    0xD6, 0xFA, 0x23, 0x1C, 0x33, 0x15, 0xC3, 0x5A, 0x75, 0xA0, 0x9B, 0x00, 0x4C, 0xC2, 0xDD, 0xD2,
    0x67, 0x45, 0xB7, 0xEA, 0xCB, 0x36, 0x95, 0xF1, 0x07, 0xCC, 0xDB, 0xA2, 0xE6, 0xAD, 0xA1, 0xF3,
    0xB6, 0xF8, 0x79, 0x6B, 0x10, 0x7D, 0x96, 0xD0, 0xC8, 0xBA, 0xD4, 0xCB, 0x7E, 0xBC, 0xCD, 0xED,
    0x10, 0x61, 0xC0, 0xDB, 0x84, 0xDD, 0xF6, 0x80, 0xB7, 0xB9, 0x79, 0xF3, 0x83, 0xE3, 0xAD, 0xBD,
    0xF1, 0xA5, 0xC0, 0xDB, 0xE4, 0xD4, 0x3C, 0xA8, 0x1C, 0x0A, 0x05, 0x44, 0xCD, 0x70, 0x6A, 0xC4,
    0x5A, 0xE0, 0x0D, 0xE4, 0x31, 0x42, 0x74, 0x23, 0xF0, 0x06, 0x08, 0x07, 0x03, 0x8B, 0x09, 0x19,
    0x8E, 0xB7, 0x08, 0x7A, 0xB1, 0xA0, 0xD7, 0x77, 0x39, 0xDE, 0xE6, 0xCD, 0x14, 0xAE, 0x8D, 0x79,
    0x18, 0x8E, 0xB7, 0x85, 0xFE, 0x2D, 0x86, 0x1E, 0x38, 0xC4, 0xEF, 0xE0, 0xED, 0xC1, 0x43, 0x6D,
    0xDE, 0x38, 0xF2, 0xE1, 0xAD, 0x72, 0x87, 0x4E, 0x07, 0xB9, 0x85, 0xB7, 0x90, 0xC9, 0x7B, 0xBC,
    0x95, 0xD8, 0x4E, 0xFA, 0xF4, 0x08, 0xAE, 0x2F, 0xF0, 0x16, 0xDC, 0x79, 0xF0, 0xDE, 0x37, 0x0A,
    0x6F, 0xE7, 0xC3, 0x53, 0xB7, 0x51, 0xD5, 0x6D, 0xC4, 0x74, 0x87, 0xDC, 0xCB, 0x59, 0xF7, 0x8F,
    0x5D, 0xED, 0xDD, 0xDE, 0xDF, 0xE2, 0x50, 0xF4, 0x96, 0xB1, 0xB0, 0x2D, 0x72, 0xD5, 0x6C, 0x91,
    0x7F, 0xD7, 0x2F, 0x8E, 0x5F, 0xCF, 0xFD, 0x8F, 0xFF, 0xB1, 0xDF, 0xF3, 0x65, 0x5B, 0xE4, 0xC9,
    0x3B, 0x85, 0x57, 0xFE, 0xC2, 0x19, 0x3D, 0xE2, 0xE8, 0xD7, 0x46, 0xBF, 0x36, 0xDA, 0x99, 0x43,
    0xDA, 0x99, 0x49, 0xFE, 0x64, 0x94, 0xD6, 0x99, 0x65, 0xB7, 0x8F, 0x02, 0x57, 0xE7, 0x41, 0x81,
    0x47, 0xBE, 0x31, 0xF2, 0x8D, 0xD1, 0x0E, 0x1C, 0xC8, 0x0E, 0x5C, 0xFD, 0xC9, 0x7E, 0x65, 0x7E,
    0x4A, 0x49, 0xFD, 0xB5, 0x48, 0x52, 0x29, 0x31, 0x76, 0xC0, 0x9E, 0xFF, 0x6B, 0x14, 0x3A, 0x6A,
    0xA4, 0xEE, 0x47, 0x8E, 0xF7, 0x9F, 0x39, 0x7E, 0xDF, 0x96, 0x18, 0x4D, 0xE7, 0xAF, 0x03, 0xA0,
    0x8E, 0xDB, 0xD3, 0xEF, 0x8D, 0x76, 0xCF, 0xB4, 0x1C, 0xB1, 0xB5, 0x87, 0x28, 0x8C, 0x46, 0x47,
    0xED, 0x64, 0x6F, 0xE6, 0xD3, 0x5D, 0x2D, 0xDE, 0x38, 0xFA, 0x5B, 0x38, 0x1E, 0xBC, 0x10, 0x3A,
    0xFB, 0x3B, 0x33, 0x69, 0xDF, 0x9A, 0x64, 0x19, 0xC0, 0x75, 0x2E, 0xD9, 0xCB, 0x47, 0x17, 0x7F,
    0xC8, 0xED, 0x3B, 0x37, 0x1D, 0x0D, 0xCD, 0x9F, 0x46, 0x92, 0x9C, 0x9F, 0xA4, 0x78, 0x52, 0xC9,
    0x6D, 0x29, 0xA1, 0xE1, 0x3D, 0x26, 0xA1, 0xE1, 0x3D, 0x26, 0xA1, 0x34, 0xA7, 0x2D, 0x31, 0x49,
    0x51, 0x7B, 0x62, 0xBF, 0xC9, 0x88, 0xDA, 0x12, 0x93, 0x0E, 0x45, 0x09, 0xCF, 0x85, 0xA2, 0x84,
    0x27, 0x42, 0xE9, 0x0D, 0x08, 0x96, 0x05, 0x45, 0x89, 0x7C, 0x75, 0x25, 0x75, 0xF3, 0x9F, 0xA9,
    0x93, 0xFC, 0x74, 0x32, 0x9F, 0x7A, 0xCD, 0xD3, 0x9E, 0x75, 0xD2, 0x26, 0x42, 0xFB, 0x9C, 0xE7,
    0x06, 0xF8, 0xF7, 0x38, 0x5C, 0x7D, 0x40, 0xDD, 0x49, 0x77, 0x87, 0x70, 0x6E, 0xF4, 0xE6, 0x09,
    0xDC, 0x38, 0x57, 0x1B, 0x27, 0xDB, 0xA4, 0xBB, 0x09, 0x16, 0x47, 0xE2, 0x75, 0x1C, 0x1E, 0xE3,
    0x50, 0xCC, 0x5E, 0x77, 0x26, 0xCB, 0xEB, 0x8F, 0x6B, 0x09, 0x46, 0x23, 0x62, 0x68, 0xCC, 0xDE,
    0xAE, 0x24, 0x1C, 0xAF, 0xAB, 0x7B, 0x07, 0x86, 0xE4, 0xD7, 0x34, 0x83, 0x78, 0x04, 0xE6, 0x73,
    0x9E, 0xE2, 0xCB, 0x81, 0x49, 0xFC, 0x82, 0x03, 0xD3, 0xBC, 0x3E, 0xC7, 0x80, 0x69, 0x89, 0x18,
    0xC5, 0xE0, 0xC0, 0x24, 0x8E, 0x71, 0x69, 0x81, 0x39, 0x4E, 0xBA, 0x39, 0xB7, 0x49, 0x37, 0x6F,
    0x4C, 0x52, 0x6E, 0x0A, 0x27, 0x75, 0x94, 0x73, 0x4B, 0x38, 0xD5, 0x71, 0xC1, 0x0D, 0xA1, 0x91,
    0xD8, 0x76, 0x70, 0x5A, 0xCF, 0x73, 0x61, 0x06, 0xEF, 0x1F, 0x2D, 0x2F, 0x15, 0xA3, 0x25, 0x8C,
    0xF1, 0x92, 0x15, 0x06, 0x65, 0x11, 0x9B, 0x3C, 0x6B, 0x70, 0xB6, 0x60, 0x94, 0xC5, 0x20, 0x8D,
    0x11, 0x9B, 0xEE, 0xE5, 0x65, 0xDB, 0x5A, 0x1A, 0xB4, 0x61, 0x61, 0x3F, 0xC9, 0x02, 0xE7, 0x75,
    0x68, 0xBD, 0xA8, 0xD6, 0xF1, 0x40, 0x7A, 0xB5, 0x99, 0x61, 0x0E, 0xB8, 0xB3, 0x95, 0x19, 0x31,
    0xA8, 0x83, 0x5F, 0xC5, 0xCA, 0x6B, 0x36, 0xEE, 0x5E, 0x83, 0xDF, 0xCE, 0x6A, 0x07, 0x79, 0x8F,
    0x7D, 0xD8, 0x73, 0xD0, 0x67, 0xCA, 0xFF, 0x71, 0xFC, 0x95, 0xF8, 0xA6, 0xAC, 0x40, 0xE0, 0x3A,
    0xD4, 0x45, 0x5C, 0x49, 0x0C, 0x1E, 0xA7, 0x4F, 0x3F, 0x47, 0x62, 0x5B, 0xB6, 0xC3, 0x9B, 0xE9,
    0xF0, 0x65, 0x39, 0xBC, 0x19, 0x8E, 0x43, 0x67, 0x37, 0x7C, 0xD9, 0x0C, 0x5F, 0x26, 0xC3, 0x97,
    0xAD, 0xF0, 0xC9, 0x7C, 0xD9, 0x8B, 0x7D, 0x99, 0x8B, 0xE0, 0xE4, 0x05, 0x37, 0xD9, 0x58, 0xB8,
    0x95, 0x12, 0xA3, 0x2A, 0x5B, 0x9F, 0x45, 0x36, 0x2B, 0xDC, 0xDA, 0xBB, 0xC1, 0xC9, 0xF1, 0x61,
    0xD3, 0x40, 0xF1, 0x23, 0x5F, 0x0E, 0xCB, 0xD1, 0xC1, 0x48, 0x33, 0x7D, 0x23, 0x1D, 0x8C, 0x79,
    0xF7, 0x93, 0x0E, 0x2E, 0xD8, 0x3C, 0xA5, 0x76, 0x6E, 0x4A, 0xB1, 0x28, 0xA5, 0x0E, 0xEA, 0x75,
    0x5C, 0x49, 0x1D, 0xD4, 0x2B, 0x7B, 0x36, 0x83, 0xD1, 0x41, 0x33, 0xF7, 0x88, 0xEB, 0xA0, 0x39,
    0x97, 0xEB, 0x60, 0x96, 0x2F, 0x0A, 0x27, 0x1E, 0x6B, 0xF0, 0xFE, 0xB8, 0xED, 0x8F, 0x69, 0xF2,
    0x8C, 0x3B, 0x27, 0xA5, 0x56, 0x1E, 0x1D, 0x54, 0x4E, 0x5C, 0xD6, 0xCA, 0x2C, 0x1F, 0x30, 0xC8,
    0x86, 0xF9, 0x28, 0x27, 0x48, 0x40, 0x7C, 0xD3, 0x51, 0x46, 0x1D, 0x3C, 0x6F, 0x1D, 0x1C, 0x4B,
    0x09, 0x8D, 0xA5, 0xEF, 0xBE, 0x21, 0x19, 0x09, 0x13, 0xB5, 0xBE, 0x21, 0xAE, 0xF8, 0xB6, 0x20,
    0xD4, 0xFA, 0xA3, 0x66, 0x8F, 0x20, 0x93, 0xA7, 0x3C, 0x6B, 0xC4, 0x41, 0x98, 0x7C, 0x90, 0xCA,
    0x81, 0x12, 0x81, 0xF6, 0x44, 0x52, 0x7F, 0xA9, 0x22, 0xC6, 0x11, 0x5C, 0xB1, 0xBD, 0xC0, 0xA7,
    0x58, 0xE2, 0x74, 0x28, 0xD6, 0x1B, 0xA2, 0x0B, 0xB0, 0x6B, 0xF5, 0xCE, 0x6A, 0x85, 0x75, 0x26,
    0x86, 0x52, 0xBD, 0x51, 0x2B, 0xE8, 0x2B, 0xF5, 0x46, 0x8D, 0x42, 0x0E, 0x34, 0x14, 0xEA, 0xA5,
    0x6A, 0x6D, 0xAC, 0x4E, 0x6F, 0x3B, 0x7F, 0xB2, 0x2F, 0xD3, 0x1B, 0xB6, 0x82, 0xBE, 0x4A, 0xEF,
    0xA4, 0x1D, 0x49, 0xEB, 0x8B, 0xF4, 0x22, 0xEC, 0x57, 0x76, 0x8D, 0x5E, 0x53, 0x2B, 0xCE, 0x2A,
    0xD1, 0xAB, 0xD4, 0x2D, 0xCC, 0xF6, 0xB1, 0x0A, 0xBD, 0x5A, 0x89, 0x02, 0xBD, 0x95, 0x12, 0xF5,
    0x79, 0x73, 0x25, 0xCA, 0xF3, 0x2E, 0x15, 0xAB, 0xCE, 0xCB, 0xC0, 0x7C, 0xC7, 0x93, 0x0A, 0x08,
    0x7E, 0xCA, 0x76, 0x85, 0x67, 0xD9, 0xB7, 0xBB, 0xE4, 0xBD, 0x71, 0xC0, 0xDD, 0x95, 0x3D, 0x12,
    0x4A, 0xBB, 0x43, 0x95, 0xBD, 0xA0, 0xAB, 0x4A, 0x62, 0xAA, 0xEC, 0x05, 0x3B, 0xAB, 0xEC, 0xE1,
    0xAE, 0x55, 0x65, 0x0F, 0x77, 0xAD, 0x2A, 0x7B, 0xB8, 0x6B, 0x55, 0xD9, 0x83, 0x5D, 0x5E, 0x64,
    0x7D, 0x65, 0x57, 0xD9, 0x0B, 0xBA, 0x52, 0xBA, 0xA6, 0xCA, 0x1E, 0xEC, 0xDA, 0x55, 0xF6, 0x42,
    0x2A, 0xBE, 0x6D, 0x55, 0xD9, 0x5B, 0xF1, 0x2A, 0x7B, 0x29, 0xAF, 0xB2, 0xA7, 0x58, 0x95, 0xBD,
    0x72, 0x57, 0x95, 0x3D, 0x37, 0x7F, 0x73, 0xE4, 0xA9, 0xC0, 0x97, 0x71, 0xF5, 0xB9, 0xAD, 0xBA,
    0x62, 0x3D, 0x22, 0xE5, 0xCD, 0x95, 0xC8, 0x54, 0x15, 0x66, 0x03, 0xC5, 0x44, 0xB9, 0x02, 0x2C,
    0x0C, 0x2C, 0x34, 0x8D, 0xA0, 0xEC, 0x50, 0xAE, 0x62, 0xEA, 0x84, 0x3D, 0x59, 0xED, 0x56, 0x6E,
    0x4A, 0xF4, 0x2D, 0x87, 0x72, 0x91, 0x7A, 0x09, 0xCA, 0x45, 0x3A, 0x28, 0xE7, 0x01, 0xD3, 0xDC,
    0x60, 0xCF, 0x34, 0xE0, 0xD4, 0x43, 0xB9, 0x56, 0x1E, 0xCA, 0x25, 0xE7, 0x00, 0x9F, 0xDE, 0xD5,
    0x32, 0x1D, 0xDE, 0xE0, 0xAC, 0xE6, 0x74, 0xA4, 0x5C, 0xCF, 0x85, 0x72, 0xA9, 0xC0, 0xCD, 0x29,
    0xCC, 0xDD, 0xC8, 0xC5, 0x5D, 0x6C, 0x64, 0xEE, 0x0C, 0x94, 0x07, 0x76, 0x71, 0xD8, 0xBE, 0x63,
    0xD6, 0x8E, 0xB2, 0x9C, 0x0A, 0xC9, 0x54, 0x3B, 0x2C, 0x2F, 0x74, 0xAE, 0x04, 0x2A, 0xE4, 0xC6,
    0x62, 0xE2, 0xBC, 0xDB, 0x78, 0x62, 0x2E, 0xD3, 0x0D, 0x01, 0x07, 0x81, 0x89, 0x74, 0x1A, 0x27,
    0xAD, 0x35, 0xB7, 0x2F, 0x66, 0xDC, 0x5B, 0x68, 0xDF, 0xBC, 0xD1, 0xB9, 0xC0, 0xBE, 0x7E, 0x3B,
    0xFD, 0x7E, 0xE1, 0x04, 0x39, 0x54, 0x08, 0x4D, 0x4C, 0xBD, 0xC7, 0xC1, 0x59, 0x31, 0xF1, 0x3E,
    0x1A, 0x18, 0x5E, 0xAB, 0x6E, 0x64, 0x66, 0x5D, 0x6D, 0x2B, 0x5D, 0x65, 0xAB, 0x5D, 0x5D, 0xAB,
    0x65, 0x74, 0xF3, 0xC9, 0x30, 0xC5, 0xC2, 0x68, 0x1A, 0xA6, 0x56, 0x3D, 0x39, 0xAE, 0xF1, 0x1D,
    0xF5, 0x43, 0x66, 0x56, 0x95, 0xB3, 0x06, 0x07, 0x47, 0xAE, 0x5C, 0x7D, 0x43, 0xEC, 0x8A, 0x75,
    0x37, 0x9E, 0x68, 0xD1, 0x0D, 0xD0, 0x65, 0x7B, 0x71, 0x8D, 0x6C, 0xCD, 0x56, 0xD6, 0xD0, 0x39,
    0x5B, 0x56, 0x23, 0xCB, 0xD9, 0x9A, 0x1A, 0x49, 0xC1, 0x16, 0xD4, 0x48, 0x4A, 0xB6, 0x9A, 0x46,
    0x5C, 0xB2, 0xA5, 0x34, 0x28, 0xD6, 0xB7, 0xD6, 0xD1, 0xA8, 0x94, 0xBD, 0x88, 0x46, 0x64, 0xF2,
    0x79, 0xDD, 0x0A, 0x1A, 0xB8, 0x6B, 0x2D, 0x9F, 0x01, 0x07, 0x5B, 0x6B, 0x67, 0x80, 0xF6, 0xF0,
    0x12, 0x62, 0x25, 0x5F, 0x35, 0x23, 0xE7, 0x4B, 0x66, 0xAC, 0xD9, 0x7A, 0x19, 0xE0, 0xCF, 0xED,
    0xC5, 0x32, 0xF8, 0x40, 0xF4, 0x4B, 0x67, 0x87, 0x0A, 0xEF, 0x6D, 0xDE, 0x1F, 0x62, 0x35, 0x02,
    0xB1, 0x2B, 0x16, 0xC5, 0x10, 0x2B, 0x62, 0x78, 0x5F, 0x08, 0xF1, 0x4E, 0x6D, 0xF3, 0xBE, 0x0A,
    0xE2, 0x3D, 0xD2, 0xFB, 0x12, 0xC8, 0xB9, 0xBC, 0x01, 0x92, 0x7A, 0x64, 0x5D, 0xF0, 0xFC, 0xFD,
    0xD4, 0x0D, 0x0E, 0xA6, 0x22, 0x7B, 0x44, 0x3E, 0x63, 0xCE, 0x5E, 0x6D, 0x6A, 0xA3, 0xE8, 0x84,
    0x91, 0x9E, 0x2E, 0x90, 0x66, 0x6E, 0xC0, 0xC4, 0xD2, 0x13, 0xA0, 0xE3, 0x6B, 0x39, 0x94, 0x35,
    0xD5, 0x3F, 0x22, 0x18, 0xB3, 0x88, 0x1A, 0x98, 0x23, 0x5A, 0x59, 0x1E, 0x54, 0xCF, 0x6B, 0x1A,
    0xFB, 0xE7, 0x71, 0x75, 0xA2, 0x55, 0x5C, 0xCB, 0x21, 0xAD, 0x0C, 0xE1, 0xE5, 0xBE, 0x03, 0x87,
    0x8B, 0xF6, 0x28, 0xDF, 0x74, 0xB7, 0x95, 0x88, 0xB1, 0x7F, 0xCF, 0xB8, 0x8E, 0x09, 0xB3, 0x9B,
    0x10, 0xCD, 0xB0, 0x18, 0xDC, 0x2A, 0x90, 0xA2, 0xB9, 0xC3, 0x5B, 0x47, 0xF7, 0xD4, 0x33, 0xBC,
    0xEF, 0xB4, 0x9D, 0xF1, 0x6C, 0x99, 0xD3, 0xE6, 0x9D, 0xD0, 0xE6, 0x9F, 0xCD, 0x76, 0x1E, 0x53,
    0xD9, 0x2E, 0xC4, 0x6B, 0x9D, 0x63, 0x08, 0x76, 0x49, 0x43, 0xB0, 0x2D, 0xDB, 0xB9, 0x17, 0x3A,
    0x77, 0xD7, 0xD6, 0x59, 0x28, 0x47, 0x85, 0x52, 0x87, 0xEE, 0xAE, 0x1C, 0x2D, 0x5B, 0x4B, 0x65,
    0x6C, 0x1C, 0x9D, 0xDD, 0x48, 0x7D, 0x6F, 0x9C, 0xC1, 0x59, 0xE9, 0x5B, 0x12, 0x07, 0xFF, 0xBD,
    0xA4, 0x2F, 0x41, 0x1B, 0xB7, 0xCF, 0x3D, 0xD4, 0xA0, 0xED, 0x86, 0x7D, 0x87, 0x22, 0xB4, 0x13,
    0xC3, 0xBD, 0xED, 0x2A, 0xB4, 0x59, 0x6D, 0x30, 0x31, 0x94, 0xA1, 0x35, 0x06, 0xC9, 0xAE, 0x43,
    0x6B, 0xF8, 0xB9, 0x5D, 0x88, 0x76, 0x62, 0x12, 0x3B, 0x56, 0x25, 0x5A, 0x45, 0x25, 0x6D, 0xED,
    0x52, 0xB4, 0x44, 0x9E, 0x59, 0x2D, 0x5A, 0xB4, 0xCF, 0xAC, 0x18, 0x2D, 0x2D, 0x83, 0xE5, 0x54,
    0xA3, 0xD5, 0x6B, 0x59, 0x8E, 0x56, 0xE7, 0xBC, 0x1E, 0x2D, 0x4A, 0x58, 0x41, 0x5A, 0xAD, 0x23,
    0x94, 0x58, 0x15, 0x69, 0xF5, 0xA3, 0x20, 0x5B, 0x3B, 0x25, 0x69, 0x0F, 0x37, 0xC3, 0xCE, 0x9D,
    0x19, 0xE7, 0x38, 0xEF, 0xB8, 0xDC, 0x4F, 0x05, 0xCE, 0x34, 0x13, 0xD6, 0x2D, 0x32, 0xED, 0x18,
    0x49, 0xA7, 0x3E, 0xAD, 0x9A, 0xEC, 0xD6, 0x2E, 0x67, 0x3A, 0xE2, 0xFE, 0x6A, 0xBD, 0x87, 0x10,
    0x24, 0xCF, 0x24, 0xB8, 0x6A, 0xB7, 0xFD, 0xB0, 0x88, 0x89, 0x11, 0x58, 0x8B, 0x98, 0x18, 0x81,
    0xB5, 0x88, 0x49, 0xE7, 0xA8, 0xFB, 0x45, 0x4C, 0x48, 0x60, 0x2F, 0x62, 0x42, 0x02, 0x7B, 0x11,
    0x13, 0x12, 0xD8, 0x8B, 0x98, 0x24, 0xA5, 0x58, 0xC4, 0x84, 0xE6, 0x1E, 0xDA, 0x8B, 0x98, 0x0C,
    0xC5, 0x97, 0xDB, 0x45, 0x4C, 0x68, 0xE6, 0x21, 0x5F, 0xC4, 0x24, 0x75, 0x16, 0x31, 0x49, 0xE5,
    0x22, 0x26, 0x2B, 0xBE, 0x88, 0x09, 0x08, 0xD8, 0x22, 0x26, 0x38, 0xE9, 0x90, 0x2F, 0x62, 0x32,
    0xD3, 0xE9, 0xB8, 0x88, 0x89, 0x7D, 0x01, 0x67, 0xC8, 0x36, 0xF6, 0xAA, 0xEB, 0x11, 0xE3, 0x3F,
    0x28, 0x89, 0xD9, 0x08, 0x12, 0xCE, 0xD2, 0x00, 0x09, 0x61, 0xCC, 0xB8, 0x20, 0xAC, 0x28, 0x4C,
    0x21, 0x4A, 0xDA, 0xAF, 0x5E, 0x67, 0x70, 0x84, 0xD0, 0xB2, 0x32, 0x22, 0xD1, 0x83, 0xAC, 0x95,
    0x58, 0x4F, 0x7B, 0x17, 0xD7, 0xB9, 0x31, 0x39, 0xF1, 0x6F, 0x9B, 0x5F, 0xC1, 0xF1, 0xC8, 0x19,
    0xCD, 0xDB, 0x56, 0xA6, 0xB0, 0xF1, 0xC4, 0x90, 0xE8, 0x6B, 0x94, 0x15, 0x2F, 0x8C, 0x33, 0xC0,
    0x2C, 0x1D, 0xFE, 0xCD, 0x4D, 0x7F, 0x74, 0x59, 0x70, 0xC2, 0x3B, 0x75, 0x04, 0xDC, 0x89, 0x69,
    0x7F, 0x0C, 0x93, 0xA8, 0x9B, 0x13, 0xBD, 0xA4, 0xB3, 0x81, 0x09, 0xDC, 0x54, 0x19, 0x59, 0xFF,
    0x5A, 0xCD, 0xE1, 0x39, 0x28, 0x3A, 0xC3, 0xF5, 0x25, 0x01, 0xC9, 0x2D, 0x73, 0xE8, 0x97, 0x1D,
    0xA3, 0x49, 0x15, 0xF4, 0xF5, 0xCB, 0x16, 0x7D, 0xC6, 0xD2, 0x13, 0x46, 0x91, 0xDD, 0xC3, 0x6D,
    0x52, 0xF7, 0x66, 0x04, 0x65, 0x78, 0xE8, 0x02, 0xAC, 0x37, 0x41, 0x02, 0x9E, 0xE1, 0x33, 0x3A,
    0x74, 0x79, 0x03, 0x48, 0xF1, 0x53, 0x4D, 0x6B, 0xEE, 0x25, 0xAF, 0x38, 0x92, 0xAC, 0x37, 0xDE,
    0x85, 0x8C, 0xAB, 0x93, 0x4A, 0x06, 0xDE, 0xBD, 0x63, 0xEC, 0x69, 0x00, 0xB1, 0xEC, 0x5F, 0xC1,
    0x97, 0xEF, 0x0D, 0x00, 0xD3, 0xEF, 0x3D, 0x6C, 0x44, 0x9E, 0x4A, 0x8B, 0xD1, 0x75, 0xED, 0xF0,
    0xE8, 0xD8, 0x91, 0x4C, 0xB4, 0xE3, 0xCE, 0x8F, 0xFE, 0x74, 0x7F, 0x57, 0xC8, 0x75, 0xD3, 0x13,
    0x72, 0xF1, 0x5A, 0x23, 0xDE, 0x62, 0x23, 0xDE, 0x6A, 0x23, 0xDE, 0x72, 0x23, 0xDE, 0x7A, 0x23,
    0x5B, 0x0A, 0x8E, 0x58, 0x15, 0x47, 0x94, 0xAF, 0xE4, 0x88, 0xF2, 0xD5, 0x1C, 0x51, 0x6E, 0xD1,
    0x91, 0x5A, 0xBE, 0x9B, 0x80, 0x55, 0x47, 0x9A, 0xD4, 0xFB, 0xB2, 0xE1, 0xDA, 0x09, 0xB9, 0x3E,
    0x65, 0xAB, 0x06, 0xB4, 0x85, 0x47, 0x26, 0xAD, 0x90, 0x57, 0x1E, 0xC9, 0xE4, 0xAB, 0x0A, 0xF8,
    0x09, 0xEC, 0xC4, 0xFB, 0x76, 0xE1, 0xD3, 0x87, 0x5C, 0x37, 0x3D, 0x21, 0x97, 0x59, 0xC5, 0x41,
    0x84, 0x5C, 0xAD, 0x61, 0xE2, 0x21, 0x57, 0x2B, 0xE4, 0x21, 0x57, 0xB7, 0x3A, 0x12, 0x0F, 0xB9,
    0x9E, 0xA1, 0x56, 0xF4, 0x45, 0x0B, 0xB9, 0x46, 0x78, 0x5F, 0x7C, 0x78, 0xDB, 0xA9, 0x24, 0x4F,
    0x6D, 0x5C, 0x7F, 0x75, 0x5C, 0x6F, 0x7D, 0x5C, 0x7F, 0x85, 0xDC, 0xC3, 0xD6, 0x86, 0xBE, 0x08,
    0xF0, 0xFE, 0x3F, 0xED, 0x3D, 0x4B, 0xAC, 0x25, 0xC5, 0x75, 0xD5, 0x7D, 0x99, 0xDB, 0x81, 0x96,
    0xE8, 0x59, 0x60, 0xE4, 0x99, 0x89, 0xDD, 0x5E, 0x10, 0x09, 0x27, 0x36, 0xBD, 0x99, 0x05, 0x8A,
    0xF0, 0x74, 0x63, 0x22, 0xB1, 0xF4, 0x28, 0x62, 0x1C, 0x09, 0x47, 0xC2, 0x52, 0x50, 0xE4, 0xD8,
    0x8E, 0xDE, 0x2C, 0x58, 0x78, 0x01, 0x74, 0x87, 0x59, 0xB0, 0x40, 0x0A, 0x2F, 0x0A, 0x89, 0x95,
    0x9F, 0xCC, 0x62, 0x90, 0xE2, 0x21, 0xC9, 0x4C, 0x14, 0x16, 0xB6, 0x34, 0xD0, 0x0D, 0xB3, 0x60,
    0xC1, 0xC2, 0xD7, 0x38, 0x09, 0x0B, 0x16, 0x34, 0xCE, 0x24, 0xFE, 0xA0, 0x68, 0x1A, 0x68, 0x4C,
    0xBF, 0x99, 0xBE, 0x5D, 0x39, 0x9F, 0xAA, 0xEA, 0xEA, 0xCF, 0x7D, 0xF3, 0x06, 0x86, 0xCF, 0x38,
    0xDC, 0x77, 0xDF, 0xED, 0xAA, 0xD3, 0x7D, 0xBB, 0xAB, 0x4E, 0x9D, 0x5F, 0x9D, 0x73, 0xAA, 0xAE,
    0x10, 0xEA, 0x95, 0x88, 0xE9, 0x4B, 0xCA, 0x6D, 0x3A, 0xFE, 0x76, 0x32, 0x00, 0x76, 0x78, 0x58,
    0xC8, 0xDA, 0x02, 0xE6, 0x52, 0x96, 0x70, 0x08, 0xE5, 0x7A, 0x08, 0xC4, 0x4B, 0x63, 0x29, 0x2D,
    0x60, 0x2A, 0x25, 0xD6, 0xE1, 0x23, 0xEB, 0x81, 0xFB, 0xC5, 0x16, 0x00, 0x5D, 0xF9, 0x86, 0x5C,
    0xD9, 0xCF, 0x77, 0xA4, 0x4C, 0x16, 0xF2, 0x4E, 0xBC, 0xB5, 0x97, 0x58, 0xB7, 0x4D, 0x82, 0x4E,
    0xE4, 0x95, 0x10, 0x7E, 0xAB, 0x1B, 0xEE, 0xC1, 0xED, 0xC2, 0xB5, 0x88, 0x1B, 0x21, 0x02, 0x00,
    0x3A, 0x3B, 0xF8, 0xED, 0x5C, 0xEE, 0xC0, 0xC3, 0x45, 0x04, 0x6D, 0x0A, 0x01, 0xE8, 0x42, 0x75,
    0x1F, 0xB4, 0x69, 0x07, 0xEE, 0xB0, 0x8A, 0xE0, 0xF1, 0x51, 0x83, 0xDD, 0xE8, 0x5F, 0x1D, 0x9C,
    0x14, 0x71, 0x6D, 0x80, 0x8F, 0xEB, 0x13, 0x45, 0x0F, 0x6C, 0xE0, 0x49, 0xF2, 0x7B, 0x06, 0x88,
    0xED, 0x86, 0x46, 0x42, 0x43, 0x3B, 0x38, 0x91, 0xCB, 0x8C, 0x80, 0x78, 0x0D, 0x60, 0xEE, 0x10,
    0xA0, 0x28, 0x5F, 0xFB, 0x70, 0xCF, 0x96, 0x10, 0xF6, 0x7B, 0xBA, 0x07, 0xCB, 0x27, 0x11, 0x2D,
    0x1D, 0x01, 0x87, 0x78, 0x0F, 0x11, 0x01, 0x91, 0x1C, 0x0E, 0x43, 0x20, 0xE5, 0xA9, 0xD3, 0x88,
    0x4A, 0x67, 0xBB, 0x07, 0x7A, 0xD4, 0x1C, 0xB8, 0xB1, 0xD7, 0xF4, 0x40, 0x97, 0x80, 0x15, 0x23,
    0x61, 0x88, 0xF2, 0x64, 0x04, 0xC4, 0xEF, 0x9F, 0x17, 0x0A, 0x87, 0xE6, 0x75, 0xF3, 0xA9, 0x27,
    0x08, 0xF1, 0x4F, 0x8A, 0xAB, 0xF7, 0xDA, 0x27, 0xEE, 0x9F, 0x02, 0xE3, 0xE7, 0xBB, 0x29, 0x30,
    0xFD, 0x2F, 0xB9, 0x47, 0x60, 0xFC, 0xF2, 0xCC, 0xD7, 0x6F, 0x48, 0xBE, 0x71, 0x99, 0xA6, 0xF8,
    0xC5, 0xCC, 0xAD, 0xAA, 0x19, 0x58, 0xBD, 0x37, 0x58, 0x34, 0xF3, 0xDD, 0x65, 0x22, 0xAE, 0xEA,
    0x2B, 0x3A, 0x3F, 0x01, 0xB9, 0x72, 0x88, 0x92, 0x3F, 0x61, 0x22, 0xB1, 0x3B, 0xE7, 0x23, 0xD3,
    0x44, 0x44, 0x0B, 0xFD, 0x9D, 0x90, 0x5C, 0x80, 0x18, 0x86, 0x8C, 0x0B, 0x88, 0x94, 0x75, 0x3A,
    0x22, 0x22, 0x80, 0xAD, 0x22, 0x8B, 0x32, 0x16, 0xF2, 0x02, 0x30, 0x8C, 0x2C, 0xC2, 0xD6, 0x26,
    0x4B, 0x17, 0x1E, 0x29, 0x0B, 0x24, 0x2B, 0xCD, 0x9E, 0x70, 0x1E, 0x1E, 0xCC, 0xDF, 0xD5, 0xDC,
    0x09, 0xD4, 0x0F, 0xCC, 0x9A, 0x57, 0x69, 0xDD, 0x33, 0x67, 0xDA, 0x21, 0x38, 0xEE, 0xB0, 0x7D,
    0x8A, 0x37, 0x81, 0x87, 0xB2, 0x58, 0x26, 0xD0, 0x66, 0x64, 0x01, 0xC3, 0x9A, 0x17, 0x15, 0x0F,
    0xAE, 0x6D, 0xCE, 0xD4, 0xAF, 0x1E, 0x16, 0x0F, 0x61, 0xC8, 0x97, 0x6D, 0x80, 0x1C, 0x69, 0xC1,
    0x80, 0xE4, 0x4B, 0x47, 0xB6, 0x87, 0x64, 0xB7, 0x7D, 0x08, 0xEF, 0x67, 0xB8, 0xF2, 0xA0, 0xE1,
    0xAB, 0x39, 0xA6, 0x9C, 0xE3, 0x49, 0xC3, 0x92, 0x62, 0x86, 0x23, 0xC5, 0x0C, 0x43, 0x8A, 0x19,
    0x7E, 0x14, 0x33, 0xEC, 0x28, 0x66, 0xB8, 0xF1, 0x03, 0xE5, 0xC4, 0x39, 0x46, 0x9C, 0x63, 0xB9,
    0x39, 0xD8, 0x1C, 0x17, 0xEE, 0xC2, 0x84, 0xC9, 0x26, 0xFD, 0x32, 0x51, 0x2E, 0x53, 0xCD, 0x32,
    0x55, 0x2B, 0xBF, 0x98, 0xEA, 0x94, 0x62, 0xA4, 0x50, 0x9C, 0x01, 0x4B, 0x38, 0x24, 0xA8, 0xB3,
    0x91, 0x2A, 0x71, 0x01, 0x32, 0xD4, 0x23, 0x0B, 0x80, 0x0C, 0x95, 0x88, 0x07, 0xF7, 0x19, 0x6A,
    0x90, 0x10, 0x98, 0x68, 0xAC, 0x3E, 0x64, 0x3B, 0xD5, 0x1D, 0x23, 0xC5, 0x71, 0x81, 0x21, 0xBD,
    0xD6, 0x90, 0x8F, 0xCA, 0x6E, 0xA8, 0x32, 0x40, 0x3B, 0xB5, 0x63, 0x7D, 0x31, 0x47, 0x97, 0x53,
    0xAA, 0x1C, 0xD1, 0xE4, 0xD7, 0xC7, 0x14, 0xB9, 0x68, 0xC7, 0xF4, 0xE8, 0x75, 0x63, 0x6A, 0xF4,
    0xE4, 0x98, 0x16, 0x17, 0xEB, 0x09, 0x25, 0x9E, 0xBC, 0x9A, 0x14, 0x38, 0xA5, 0xBF, 0x29, 0xA5,
    0x4D, 0x21, 0x53, 0xCA, 0xBB, 0x8C, 0xF0, 0xFF, 0xDC, 0x58, 0x84, 0x36, 0x63, 0x31, 0xDB, 0x8E,
    0x65, 0xEC, 0xE8, 0x09, 0xD1, 0x48, 0xE8, 0x02, 0x2A, 0x9B, 0x91, 0xEE, 0x1E, 0x31, 0x75, 0x2A,
    0xEB, 0x31, 0x75, 0x0F, 0x2F, 0x70, 0xC6, 0x17, 0x68, 0xC0, 0x92, 0xF8, 0x02, 0xC5, 0x92, 0x6A,
    0x45, 0x4E, 0x07, 0x1C, 0xCA, 0x98, 0xEC, 0x26, 0x97, 0xA4, 0xBD, 0x87, 0x4D, 0x0A, 0x88, 0x3F,
    0x7C, 0x62, 0x93, 0x10, 0xC1, 0x0B, 0x6A, 0x17, 0xCB, 0xFE, 0x98, 0xC0, 0xF9, 0x9A, 0x48, 0x08,
    0xE1, 0x20, 0x4F, 0x2B, 0x45, 0x37, 0xB2, 0x82, 0x3E, 0x3B, 0x72, 0x85, 0xB2, 0xDF, 0x87, 0xBB,
    0x02, 0xB7, 0x80, 0x5D, 0x05, 0xD4, 0x8F, 0xA8, 0x58, 0xD0, 0x8D, 0x0A, 0x30, 0x5E, 0x80, 0x24,
    0x02, 0xB4, 0x3D, 0x80, 0xDE, 0x3C, 0x59, 0x02, 0x2C, 0xC0, 0x77, 0x42, 0x80, 0x50, 0x36, 0x60,
    0x07, 0x46, 0xB2, 0xF2, 0xE9, 0xEC, 0x0A, 0x79, 0xF3, 0x34, 0x91, 0x18, 0x7F, 0x16, 0x22, 0x1F,
    0x0A, 0x6C, 0xD0, 0x17, 0x6F, 0x53, 0xE1, 0x55, 0x2D, 0xAD, 0x81, 0x6B, 0xA5, 0xBC, 0x24, 0xE5,
    0x23, 0xC4, 0x1D, 0xD8, 0xC4, 0x0E, 0x6E, 0xFB, 0x3C, 0x34, 0x39, 0x95, 0x5F, 0xD6, 0x56, 0xA2,
    0xF3, 0x7D, 0xFA, 0x9C, 0x27, 0xBC, 0x83, 0x4F, 0x4C, 0x44, 0xA9, 0x2E, 0xDE, 0x64, 0x8D, 0x1C,
    0xE2, 0x34, 0xE4, 0x21, 0x23, 0xA5, 0x47, 0x38, 0x0D, 0x49, 0xDB, 0x38, 0xA8, 0x5E, 0x18, 0xA7,
    0x21, 0x15, 0x17, 0xB2, 0xFB, 0x67, 0x85, 0x53, 0xE0, 0x2A, 0xB8, 0x64, 0x41, 0x92, 0x84, 0x70,
    0x8A, 0x00, 0xB9, 0x62, 0x5E, 0x24, 0x9C, 0x5E, 0x07, 0x5C, 0x8B, 0x88, 0x11, 0x1A, 0xA7, 0x74,
    0x25, 0x03, 0x18, 0xA7, 0x44, 0x1C, 0x15, 0xCA, 0x95, 0xFD, 0x8C, 0x53, 0x6A, 0x43, 0xE5, 0xC8,
    0xD2, 0xAB, 0x18, 0xA7, 0x78, 0x41, 0x77, 0x14, 0x46, 0x5B, 0xD6, 0x8C, 0x53, 0xE7, 0x5B, 0xF0,
    0x94, 0xA3, 0xC8, 0x9C, 0xAD, 0xC1, 0xA9, 0x16, 0x33, 0x06, 0xA7, 0x6F, 0xF1, 0xA1, 0x51, 0x38,
    0x05, 0xF2, 0xE2, 0x43, 0xA6, 0x70, 0x0A, 0xCD, 0x8F, 0x24, 0x31, 0x33, 0xE3, 0x14, 0xB9, 0x1A,
    0x25, 0xC0, 0xC9, 0x1E, 0xA7, 0x9B, 0x4C, 0xFF, 0x5D, 0x5E, 0x37, 0x4D, 0xC4, 0xF8, 0xC4, 0x3C,
    0xC9, 0x2E, 0x03, 0x98, 0x7C, 0x85, 0x4C, 0x98, 0xDD, 0x9E, 0xD7, 0x73, 0x84, 0xE2, 0xB5, 0x72,
    0xC0, 0x15, 0x4A, 0xBE, 0xAF, 0x07, 0x9C, 0xA1, 0x84, 0x22, 0x8C, 0x94, 0xC5, 0x1D, 0xD8, 0xDB,
    0x94, 0x28, 0xD1, 0xE2, 0x10, 0xA7, 0xC3, 0x6F, 0xE3, 0x40, 0x5B, 0x5C, 0xE2, 0xCA, 0xC4, 0x93,
    0x3B, 0x2E, 0xDA, 0x33, 0x3D, 0xA7, 0xC0, 0xA8, 0xA2, 0xE4, 0xCD, 0x2B, 0x9B, 0x5B, 0x00, 0x08,
    0xF3, 0x0C, 0x91, 0x56, 0x36, 0xC7, 0x40, 0x01, 0x6F, 0x95, 0x57, 0x36, 0xD7, 0xA0, 0xCD, 0x04,
    0x2D, 0x91, 0xA5, 0xCD, 0x39, 0x29, 0x68, 0x81, 0x02, 0x88, 0xA8, 0x18, 0x71, 0x0F, 0x8A, 0x73,
    0x99, 0x8D, 0x38, 0x88, 0xB9, 0x66, 0xC0, 0x45, 0xAF, 0x29, 0x31, 0x3F, 0xE0, 0xA4, 0xBB, 0x08,
    0x58, 0x0E, 0xB8, 0xA9, 0xA1, 0x9E, 0xEF, 0x4C, 0x38, 0xEA, 0xDE, 0x53, 0x4F, 0x59, 0xF8, 0x5E,
    0x94, 0xF3, 0xE3, 0x10, 0xB4, 0xF3, 0xF0, 0xB0, 0xBD, 0xB2, 0xEB, 0xFD, 0x66, 0x1E, 0xEE, 0x6C,
    0x8B, 0x0F, 0xF6, 0xB5, 0x81, 0xCE, 0x07, 0x56, 0xC8, 0x75, 0xF3, 0xB6, 0x88, 0xB7, 0x9E, 0xB7,
    0x48, 0xBC, 0x6E, 0x62, 0x97, 0xC0, 0x53, 0x9E, 0x10, 0x8B, 0x6E, 0x6A, 0x9D, 0xA0, 0xFD, 0xBC,
    0x90, 0x62, 0x62, 0xA3, 0x64, 0x0E, 0xDA, 0x1C, 0xE3, 0x79, 0xAF, 0x4B, 0xA6, 0x09, 0xC2, 0x87,
    0xF6, 0xCA, 0x42, 0xBF, 0x27, 0x56, 0x0B, 0xC3, 0xC7, 0xB6, 0x8B, 0x2F, 0x13, 0x1F, 0x09, 0x79,
    0x6C, 0xC1, 0x44, 0x72, 0x15, 0xE2, 0x7B, 0xC6, 0x8E, 0xD9, 0x68, 0xCD, 0xF0, 0x2C, 0x79, 0x64,
    0xD3, 0x48, 0x45, 0x89, 0xDD, 0xC8, 0xB2, 0x79, 0x49, 0xCA, 0x17, 0x91, 0x18, 0x47, 0xF6, 0xCD,
    0xDA, 0x91, 0x9D, 0x03, 0x8C, 0xBA, 0xD5, 0x4C, 0xAD, 0x9C, 0xCD, 0x36, 0xF8, 0xC6, 0xB9, 0xF1,
    0x06, 0x5B, 0x7C, 0x93, 0x3D, 0xBE, 0xD1, 0x26, 0xDF, 0x64, 0x97, 0x6F, 0xB4, 0xCD, 0x3F, 0x08,
    0xFB, 0x7C, 0x4F, 0x33, 0xE7, 0x4D, 0x93, 0xE7, 0x4D, 0x53, 0xE5, 0x5D, 0xE0, 0xB3, 0xB3, 0xE8,
    0x3D, 0x4D, 0xA4, 0xE1, 0xF5, 0xF0, 0x94, 0x91, 0xB2, 0x09, 0xA6, 0x8B, 0xCB, 0x42, 0x84, 0x8D,
    0x71, 0x2E, 0x7E, 0xFA, 0x93, 0x19, 0xC2, 0x07, 0x3C, 0x43, 0x30, 0xA2, 0x76, 0xEA, 0x45, 0x9A,
    0x71, 0x21, 0x4D, 0xFD, 0x47, 0x33, 0xCE, 0xA3, 0xAB, 0xE5, 0x39, 0xFA, 0x30, 0x67, 0x08, 0x47,
    0xE9, 0xAD, 0x29, 0xCF, 0x05, 0x45, 0xAE, 0xB0, 0x10, 0x01, 0x55, 0x2C, 0xFE, 0x5E, 0x2C, 0xBE,
    0xCD, 0x55, 0x1C, 0x66, 0x75, 0xD6, 0x57, 0x0E, 0xCA, 0x65, 0x25, 0x3C, 0x40, 0x92, 0xA7, 0xAA,
    0x37, 0x26, 0xE2, 0xB3, 0x49, 0x5F, 0xA5, 0xCB, 0x9C, 0x95, 0x57, 0x5A, 0xD5, 0x45, 0xAD, 0xAB,
    0x68, 0x39, 0x0B, 0x77, 0xCD, 0xD5, 0x84, 0x5C, 0x35, 0x07, 0x44, 0x7E, 0x37, 0x99, 0xF1, 0x60,
    0xB1, 0xBD, 0x51, 0x02, 0x55, 0x46, 0x2F, 0x62, 0x75, 0x51, 0x89, 0xD8, 0x03, 0xEB, 0xA1, 0xF2,
    0x2F, 0x95, 0x6E, 0x72, 0x1B, 0x54, 0x8F, 0x78, 0xA5, 0xFF, 0xB3, 0x1A, 0x20, 0xDE, 0x2A, 0x76,
    0x6B, 0x11, 0xFF, 0x5D, 0x19, 0x3C, 0xDF, 0x80, 0x81, 0xE2, 0x17, 0x50, 0x3D, 0x12, 0xCB, 0x2A,
    0xCE, 0x1A, 0x47, 0x56, 0xC1, 0x2A, 0x75, 0xEB, 0x38, 0x00, 0x7B, 0x52, 0xBE, 0x2B, 0xF1, 0x53,
    0x5E, 0xA8, 0x62, 0xE7, 0x8F, 0xE1, 0xF8, 0xB6, 0xFC, 0x15, 0x5B, 0x06, 0x31, 0x60, 0xAD, 0xCE,
    0x4F, 0x90, 0x81, 0xF1, 0x53, 0x99, 0xC5, 0xBD, 0x7E, 0x5E, 0x81, 0xC9, 0x65, 0x57, 0x41, 0x15,
    0xD9, 0xD5, 0x40, 0xE2, 0xD9, 0x23, 0xBA, 0x1A, 0xFD, 0x12, 0xAB, 0x31, 0xDA, 0x0D, 0x6E, 0xE5,
    0xAF, 0xE2, 0x04, 0xCB, 0x5F, 0xC4, 0xEA, 0x02, 0x1B, 0x29, 0xD4, 0xAD, 0x3C, 0xAC, 0x96, 0x51,
    0x72, 0x34, 0x22, 0x12, 0x0D, 0x2A, 0xBF, 0xF6, 0xAB, 0xE0, 0x42, 0x15, 0x0D, 0x94, 0x4E, 0x15,
    0xE8, 0x12, 0x99, 0x3D, 0xDB, 0x4C, 0x9F, 0x4D, 0xB4, 0x0E, 0xD7, 0xF1, 0xBC, 0x0C, 0x9E, 0x79,
    0xDD, 0xF1, 0x9D, 0x41, 0xF5, 0xC8, 0xD9, 0x41, 0xF5, 0x0B, 0xB7, 0x5B, 0x95, 0x63, 0x47, 0xC7,
    0x5F, 0xCE, 0xCB, 0xAB, 0x04, 0xA9, 0xDE, 0x0B, 0x24, 0x7D, 0x7F, 0x90, 0xA3, 0x63, 0xC8, 0x96,
    0x91, 0xC9, 0x0A, 0xE2, 0xF5, 0xB3, 0x56, 0x05, 0x89, 0xA4, 0x71, 0xDA, 0xC7, 0x95, 0x70, 0x48,
    0xC4, 0x9A, 0x19, 0x14, 0x40, 0xBC, 0x1D, 0x96, 0x12, 0x99, 0x81, 0xF8, 0x68, 0x53, 0xD6, 0x9E,
    0x16, 0x9D, 0x00, 0x09, 0xD6, 0x60, 0x00, 0x27, 0x46, 0xB8, 0x83, 0xBC, 0x02, 0x59, 0x21, 0xDB,
    0x5E, 0xBC, 0x02, 0x24, 0x6C, 0x81, 0x6A, 0x7B, 0x48, 0xDA, 0x8A, 0xB8, 0xF5, 0x69, 0x96, 0x99,
    0x29, 0xAE, 0xE8, 0x92, 0x5C, 0xDE, 0x27, 0xB1, 0xD1, 0x40, 0x22, 0xCE, 0xD3, 0x86, 0x28, 0x4E,
    0xA1, 0x5F, 0x1E, 0xE5, 0xEC, 0x40, 0x94, 0x0A, 0x11, 0x0D, 0x68, 0x85, 0x2C, 0x76, 0x3A, 0x93,
    0xCA, 0x35, 0x93, 0x51, 0xC6, 0x93, 0x35, 0x59, 0x02, 0x8B, 0xD1, 0xD7, 0x6B, 0xB2, 0xF7, 0x9F,
    0x3A, 0xBA, 0x9F, 0x9F, 0xF8, 0x4D, 0x92, 0x59, 0xE9, 0x54, 0xC7, 0x4C, 0x5C, 0xBD, 0xC3, 0xB8,
    0x04, 0x41, 0x26, 0x23, 0x8E, 0x13, 0x38, 0xE7, 0x1B, 0x23, 0x3D, 0x34, 0x72, 0x12, 0xC4, 0x13,
    0x48, 0x28, 0xE5, 0xD0, 0x23, 0xCB, 0xBD, 0x18, 0xB6, 0xE0, 0xA0, 0x9C, 0x2A, 0xC2, 0x4D, 0x2F,
    0x67, 0x7B, 0x69, 0x99, 0x2E, 0x4D, 0x5C, 0x58, 0x06, 0x79, 0x5A, 0x1A, 0xB2, 0xEF, 0x2B, 0x40,
    0xBB, 0xBE, 0xB9, 0x0C, 0x2A, 0xCE, 0xF6, 0x0D, 0x73, 0x54, 0x3D, 0xAC, 0x54, 0xA3, 0xCA, 0xC1,
    0x93, 0x56, 0xC5, 0xA8, 0x68, 0x20, 0xB1, 0x85, 0xF1, 0x4B, 0xA7, 0x34, 0x77, 0x2E, 0x4D, 0xA5,
    0xF7, 0x4E, 0x43, 0x25, 0x5E, 0xE7, 0x8D, 0xA9, 0xA4, 0x95, 0xF6, 0xC6, 0x40, 0x25, 0x5F, 0x05,
    0x7D, 0x45, 0x9A, 0x0A, 0x50, 0x9D, 0x2C, 0x83, 0x75, 0x5F, 0x31, 0x64, 0x0C, 0x95, 0xDC, 0xAE,
    0xA4, 0x7D, 0xA5, 0xC6, 0x87, 0xB6, 0xA6, 0xB2, 0x34, 0x95, 0x14, 0x8F, 0x71, 0x6B, 0x08, 0x51,
    0xEC, 0xC3, 0x11, 0xE8, 0x69, 0xB0, 0xB2, 0xC9, 0xAF, 0x10, 0x96, 0xD0, 0xEA, 0x89, 0x0E, 0x07,
    0xD6, 0xD0, 0x1B, 0xDE, 0x43, 0x93, 0xDA, 0x75, 0x62, 0x4C, 0x65, 0x83, 0xE1, 0x1D, 0xD0, 0xD6,
    0x80, 0xAC, 0x06, 0x14, 0x35, 0x20, 0xA6, 0x01, 0x1D, 0x0D, 0x48, 0x68, 0x48, 0x3D, 0x57, 0x42,
    0x38, 0x8B, 0x01, 0xCD, 0x2D, 0x9A, 0xAB, 0x51, 0x73, 0x76, 0xF5, 0x15, 0x9E, 0xB1, 0x2B, 0xB7,
    0xDA, 0x8F, 0xFF, 0xF4, 0x0F, 0xEC, 0xDB, 0x3C, 0x38, 0xA8, 0xFD, 0x60, 0x80, 0xBD, 0x87, 0x07,
    0x96, 0x7C, 0xFC, 0x9F, 0x89, 0x38, 0x96, 0xEC, 0xBB, 0x47, 0x21, 0x26, 0x41, 0x93, 0x2F, 0x58,
    0xDB, 0xB8, 0xD6, 0x35, 0xF7, 0x54, 0x62, 0xD5, 0x50, 0x08, 0x4D, 0x6A, 0x48, 0xC5, 0x20, 0xEB,
    0x5C, 0xAA, 0xF9, 0x54, 0x93, 0x73, 0xB5, 0x12, 0x6B, 0x40, 0x1F, 0x56, 0x2D, 0x94, 0x5C, 0xCB,
    0xA9, 0xC6, 0x64, 0x52, 0x70, 0xCD, 0x1B, 0xD4, 0x90, 0x60, 0x48, 0x28, 0x52, 0x2D, 0x96, 0xDF,
    0x55, 0xB5, 0xCA, 0x93, 0x22, 0x6D, 0x16, 0x56, 0x0D, 0x1D, 0x48, 0x54, 0x4B, 0xA9, 0xB6, 0x1A,
    0xD7, 0x92, 0xBE, 0xD6, 0xD8, 0xB5, 0x9C, 0x0D, 0xC9, 0x15, 0xD7, 0xC8, 0xF5, 0xE1, 0x00, 0x95,
    0xD1, 0x3D, 0x91, 0x8E, 0x4B, 0x0F, 0xF0, 0x29, 0xB1, 0xE6, 0x1B, 0xA2, 0x26, 0xE7, 0x95, 0x21,
    0x78, 0x35, 0x6B, 0x55, 0x75, 0x35, 0x57, 0x85, 0xAF, 0xBE, 0x8E, 0x66, 0x36, 0xD7, 0x5C, 0xA0,
    0xF7, 0x08, 0xEE, 0xBA, 0x90, 0x57, 0x60, 0xEA, 0xE5, 0xC5, 0x2E, 0x4E, 0xA2, 0xC5, 0xC5, 0xC1,
    0x4C, 0x6C, 0x31, 0x54, 0x7A, 0xA3, 0xAA, 0xBB, 0x3E, 0xB3, 0x8B, 0x5F, 0xD5, 0x1B, 0x56, 0x17,
    0xEB, 0xC1, 0xB5, 0x77, 0x0E, 0x83, 0x3D, 0xC5, 0xF0, 0x46, 0x65, 0x5A, 0xDA, 0xB2, 0xBA, 0xB2,
    0x94, 0x2F, 0x18, 0xE7, 0xB5, 0x55, 0x85, 0x21, 0xDF, 0xB6, 0xAA, 0x39, 0x7A, 0x5B, 0xAA, 0x3E,
    0x7E, 0x06, 0xBD, 0xEB, 0xAB, 0x3E, 0xF2, 0x6E, 0x5F, 0x0D, 0xB0, 0xEB, 0x76, 0xB5, 0x10, 0x83,
    0x8B, 0x2B, 0x3B, 0x4A, 0xE9, 0x92, 0x17, 0x18, 0x6D, 0xCF, 0x42, 0x59, 0xE7, 0x5C, 0x45, 0x6C,
    0xFE, 0x30, 0x81, 0x66, 0x14, 0xA4, 0xC7, 0xC9, 0xCD, 0x84, 0x4E, 0xD9, 0x8A, 0xCE, 0xE2, 0x3D,
    0xF0, 0xB6, 0x80, 0x0A, 0xAC, 0x62, 0x2C, 0x0E, 0xAB, 0x18, 0x84, 0xC3, 0xBB, 0x37, 0xAC, 0x98,
    0x31, 0x84, 0x5E, 0x91, 0x2F, 0x9C, 0x74, 0x39, 0x70, 0x00, 0x4E, 0x3D, 0x00, 0x4A, 0x2E, 0xCA,
    0x80, 0xE3, 0x68, 0xD0, 0x5A, 0x9C, 0xDC, 0xE0, 0xD4, 0x82, 0xAB, 0xDA, 0x31, 0xC0, 0x17, 0xCB,
    0x41, 0xC0, 0x0E, 0x29, 0xEC, 0x12, 0x0B, 0xAB, 0x98, 0xB5, 0xAF, 0x3C, 0xA7, 0x3C, 0x6D, 0xD8,
    0x84, 0x37, 0x25, 0x7A, 0xA6, 0xD0, 0x25, 0x05, 0xD5, 0xC5, 0x50, 0xA7, 0x86, 0xC3, 0xB9, 0x62,
    0x3E, 0x98, 0x9A, 0x1F, 0x22, 0x99, 0x7E, 0x7F, 0xAF, 0x57, 0x51, 0x5C, 0x77, 0xBD, 0xAF, 0x1E,
    0x0D, 0x78, 0x43, 0x8B, 0x21, 0xCF, 0x8D, 0x0C, 0x7E, 0x4B, 0x42, 0x63, 0x3F, 0xE3, 0xC0, 0xD7,
    0x37, 0xF6, 0x48, 0xB4, 0x0F, 0xCF, 0x42, 0xB7, 0x66, 0x27, 0xD2, 0x0B, 0x39, 0xEB, 0xEA, 0xF2,
    0xE6, 0x67, 0xDD, 0xAE, 0xDD, 0x3F, 0xE7, 0x1F, 0x2D, 0x87, 0x99, 0x1D, 0xD6, 0xED, 0x2F, 0x7F,
    0xBC, 0xBF, 0x3E, 0xB8, 0xA0, 0x79, 0xC7, 0x79, 0xEC, 0xB1, 0x9E, 0x8D, 0x42, 0x13, 0xEF, 0xF6,
    0x5E, 0x42, 0xB0, 0xD3, 0x4C, 0xC0, 0xE8, 0xF7, 0x57, 0x9A, 0x37, 0x78, 0x4D, 0x7F, 0xD3, 0xBB,
    0x20, 0xB5, 0x8B, 0xD5, 0xC6, 0xDB, 0xA2, 0x03, 0x7C, 0x87, 0x8A, 0x97, 0xBE, 0x66, 0xA6, 0x7E,
    0x0E, 0x42, 0x0E, 0xE8, 0x1E, 0xCF, 0x3A, 0x0F, 0x17, 0x3B, 0xBB, 0xA1, 0xF4, 0xB3, 0x1B, 0xC4,
    0x43, 0x32, 0x8F, 0xD3, 0x62, 0xCE, 0x11, 0xCD, 0x0F, 0x5E, 0x9E, 0x44, 0x7A, 0xE4, 0x87, 0x2D,
    0x4F, 0xB2, 0x43, 0x9E, 0xA8, 0x43, 0x18, 0xD3, 0x23, 0x25, 0x32, 0xC2, 0x98, 0x87, 0x83, 0x9A,
    0x3C, 0x60, 0x57, 0x81, 0xC3, 0x67, 0xD1, 0x02, 0xF0, 0x50, 0xDB, 0xFB, 0xE4, 0x3B, 0xC5, 0x72,
    0xAD, 0xE8, 0x27, 0x40, 0x12, 0xF6, 0xD9, 0xA7, 0x1A, 0xB0, 0xDD, 0x80, 0x83, 0x11, 0x77, 0x39,
    0x98, 0xB9, 0xE2, 0x66, 0xFC, 0x52, 0x24, 0xC9, 0x21, 0xED, 0xC1, 0x13, 0xD2, 0x3A, 0xD4, 0x6E,
    0x7F, 0xB8, 0x69, 0x20, 0xB5, 0x52, 0x29, 0x79, 0x00, 0x7D, 0xCC, 0x0C, 0xA9, 0x28, 0xD8, 0xE6,
    0xA2, 0x38, 0x2E, 0xD8, 0x08, 0xCE, 0x51, 0x12, 0x97, 0x34, 0x89, 0x5F, 0xA0, 0x48, 0x07, 0x89,
    0xBF, 0x42, 0x52, 0x97, 0xDB, 0x54, 0x4D, 0x6E, 0x4C, 0x0E, 0xC9, 0xC6, 0x97, 0xAD, 0x0B, 0xD7,
    0x7D, 0x0D, 0x35, 0xBB, 0x2F, 0xD7, 0x5F, 0x93, 0xC6, 0x1A, 0x79, 0x63, 0x14, 0x1B, 0x1F, 0x54,
    0xDF, 0xD1, 0x5C, 0x49, 0xB3, 0x79, 0x35, 0x09, 0x04, 0xCD, 0x90, 0x2A, 0x6B, 0x3A, 0xA5, 0x4B,
    0xCA, 0x9C, 0xB8, 0xF5, 0x3C, 0xB2, 0xF1, 0x9B, 0xD8, 0x27, 0x30, 0x91, 0xB2, 0x48, 0x26, 0xA1,
    0x5C, 0xE5, 0xF2, 0x17, 0xEC, 0x21, 0x39, 0x64, 0x31, 0xE2, 0x2E, 0x6E, 0xFB, 0x4F, 0x1D, 0x9D,
    0x87, 0xA7, 0xD5, 0x3C, 0x3C, 0xFE, 0xA8, 0xE0, 0xF5, 0xFB, 0x87, 0x23, 0xAD, 0xCD, 0xC0, 0x89,
    0xC2, 0x0C, 0x9C, 0x8D, 0x92, 0xAD, 0x8C, 0x64, 0x64, 0x6D, 0xE0, 0x11, 0xD9, 0x7F, 0x24, 0xE4,
    0x73, 0x1C, 0x88, 0xB8, 0xD1, 0x76, 0x5C, 0xAB, 0xD4, 0x88, 0xC3, 0xD2, 0xB4, 0x31, 0xC6, 0x1E,
    0x11, 0x26, 0x86, 0x1D, 0xB6, 0x43, 0x03, 0xCF, 0x69, 0xBE, 0x13, 0xB2, 0x4A, 0xCE, 0x02, 0x82,
    0x03, 0xDB, 0xB9, 0x6C, 0xB0, 0xA6, 0x40, 0x1C, 0x50, 0x2E, 0xC1, 0x7A, 0x8E, 0x28, 0x88, 0x11,
    0xA0, 0x91, 0xB0, 0x02, 0x0B, 0xD3, 0x45, 0xFF, 0x73, 0x13, 0x12, 0x1C, 0x04, 0x53, 0x44, 0xE6,
    0x0D, 0x26, 0x77, 0xA1, 0xDD, 0xD1, 0xC1, 0x4D, 0x40, 0x19, 0x80, 0x65, 0x82, 0x21, 0x44, 0x30,
    0x7B, 0x90, 0x6E, 0x4B, 0x7C, 0x4A, 0x85, 0xF0, 0x60, 0x4D, 0x9A, 0x16, 0x4C, 0x25, 0x49, 0x8A,
    0xC3, 0x27, 0xB9, 0xBE, 0x06, 0x7E, 0xC1, 0x7B, 0x03, 0x65, 0x63, 0x48, 0x14, 0xEA, 0x40, 0xAB,
    0xFF, 0x8E, 0xF2, 0x3B, 0x95, 0x5F, 0x91, 0xA4, 0xA1, 0xE2, 0x3E, 0xAF, 0xC3, 0x4C, 0xF2, 0x4E,
    0xE3, 0xB5, 0xBF, 0x9A, 0x09, 0x76, 0xA0, 0x62, 0xA9, 0x86, 0x93, 0xBF, 0x0B, 0xEC, 0x16, 0xC0,
    0x89, 0x02, 0x39, 0x37, 0x6A, 0xF4, 0xF8, 0xC1, 0x4D, 0xD9, 0x82, 0x61, 0x53, 0xA7, 0x89, 0x40,
    0x10, 0x00, 0xF9, 0x9E, 0xA7, 0x46, 0x73, 0xDC, 0x03, 0x68, 0xEF, 0xE0, 0xC0, 0xCA, 0x80, 0x29,
    0xE0, 0x53, 0xBB, 0xD0, 0x64, 0xFA, 0x41, 0xD3, 0xD8, 0x86, 0x50, 0x48, 0xD4, 0x5C, 0x9D, 0x50,
    0x4B, 0xB0, 0xDE, 0x00, 0xEF, 0x36, 0x84, 0x66, 0x36, 0x98, 0x6F, 0x1B, 0x34, 0xD6, 0x50, 0x65,
    0x8D, 0x5F, 0xC7, 0x36, 0x9D, 0x9C, 0xFA, 0x80, 0xDF, 0xFB, 0x89, 0xD5, 0xC7, 0xFF, 0xC4, 0x6F,
    0x6C, 0x38, 0xB1, 0xEC, 0x36, 0x4C, 0xAE, 0x03, 0x39, 0x38, 0xD1, 0x23, 0xDF, 0x1F, 0x9E, 0x88,
    0xCD, 0xED, 0x50, 0xE5, 0x38, 0x95, 0x39, 0x41, 0x5A, 0x0B, 0x26, 0x9E, 0xBF, 0x45, 0x4A, 0x47,
    0x6B, 0xEC, 0xBC, 0x64, 0x99, 0x92, 0x02, 0x7F, 0x94, 0x68, 0xDF, 0xE9, 0xA4, 0xAF, 0x1C, 0x54,
    0x0E, 0x6A, 0x41, 0x30, 0x75, 0x53, 0xF4, 0x3D, 0xEA, 0x89, 0x30, 0xCE, 0x49, 0xE4, 0x69, 0x9C,
    0x09, 0xAC, 0xE0, 0x8D, 0x27, 0x40, 0xDC, 0x90, 0x6F, 0x3C, 0xAD, 0x82, 0x35, 0x3E, 0x13, 0xE3,
    0xF9, 0x2B, 0xFC, 0xC4, 0x78, 0x67, 0x4B, 0x27, 0xD0, 0xCD, 0x93, 0x39, 0x94, 0x18, 0x86, 0x6F,
    0x68, 0x72, 0xA0, 0x4F, 0x80, 0xA8, 0x71, 0xE5, 0x8A, 0x15, 0x1E, 0x06, 0x49, 0x89, 0x9A, 0xD3,
    0x12, 0x4F, 0x14, 0xC0, 0xA4, 0x3E, 0xFB, 0x94, 0x40, 0x38, 0x11, 0xF9, 0xC3, 0x09, 0x9B, 0xE5,
    0x33, 0x8A, 0xB2, 0xD6, 0xD4, 0xAA, 0x60, 0xA0, 0xE7, 0xFA, 0x13, 0x2B, 0xDF, 0x82, 0xAF, 0x09,
    0x5F, 0xC4, 0x91, 0x28, 0xD0, 0x54, 0xBC, 0xFC, 0x4D, 0xC2, 0x8D, 0x32, 0x6C, 0x05, 0x49, 0x46,
    0x9C, 0xAB, 0xA7, 0x32, 0x4B, 0x51, 0x05, 0xC7, 0x2C, 0x7F, 0x5D, 0x8E, 0xC8, 0xDB, 0x43, 0xDA,
    0x52, 0x1E, 0x29, 0x76, 0x9A, 0xD3, 0x29, 0x0C, 0xE6, 0x2B, 0xB8, 0x30, 0xA1, 0x8B, 0x0F, 0xD9,
    0xC1, 0xA6, 0x14, 0x10, 0x03, 0xA6, 0xC8, 0x57, 0xA1, 0x1D, 0x83, 0x34, 0x3C, 0x8C, 0x1F, 0xB0,
    0x43, 0xAD, 0x45, 0x0D, 0x6D, 0x79, 0x67, 0xB0, 0xC5, 0x0E, 0x3B, 0x1B, 0x06, 0xB9, 0x26, 0xA4,
    0x1A, 0xA8, 0x9D, 0x19, 0x9C, 0xA8, 0x6D, 0x9B, 0x27, 0x31, 0x1E, 0xBD, 0xB0, 0x4B, 0x26, 0x33,
    0xF9, 0x83, 0xDF, 0x07, 0xD8, 0xF5, 0x03, 0xAB, 0x72, 0xC0, 0x92, 0xFB, 0x8E, 0x5D, 0x8E, 0xFD,
    0x27, 0x00, 0xEF, 0x0A, 0x00, 0x7E, 0x37, 0x06, 0xC8, 0xCB, 0x00, 0x70, 0x0E, 0x6D, 0x00, 0xE8,
    0x51, 0x0A, 0x65, 0x0F, 0x70, 0x55, 0xDA, 0xB0, 0x31, 0x4A, 0xF1, 0xA4, 0x67, 0x03, 0x00, 0x45,
    0x3C, 0x9F, 0xD6, 0x00, 0x52, 0x1D, 0x38, 0xA5, 0x56, 0x00, 0x17, 0xD3, 0x3A, 0x68, 0x56, 0x2D,
    0x82, 0x27, 0x04, 0x85, 0x4B, 0x57, 0x4C, 0xFE, 0x24, 0x42, 0x55, 0xFC, 0x94, 0xE7, 0xD6, 0x06,
    0x90, 0x30, 0x00, 0x86, 0xB8, 0xE9, 0x01, 0x38, 0xC3, 0x26, 0x0D, 0xCB, 0x5E, 0xCF, 0xCF, 0xD1,
    0x24, 0x9B, 0x01, 0x40, 0xFC, 0xE5, 0xB2, 0xE6, 0x14, 0x83, 0xBC, 0x25, 0x7B, 0x35, 0xEF, 0xF2,
    0x46, 0x4D, 0xB5, 0x31, 0x05, 0xA0, 0xC6, 0x81, 0x6F, 0xFD, 0x91, 0x96, 0x5B, 0x8F, 0x73, 0x65,
    0x5A, 0x15, 0xC9, 0xB2, 0x58, 0x80, 0xE6, 0x53, 0x0D, 0x7C, 0xFB, 0x15, 0xA9, 0x63, 0x92, 0x80,
    0x96, 0xCC, 0x83, 0x7E, 0xE6, 0x2A, 0xAD, 0xE3, 0xB2, 0xE1, 0xEE, 0x0D, 0x82, 0xFC, 0xD3, 0x23,
    0x0D, 0x51, 0x8D, 0xCC, 0xEF, 0xA8, 0x1E, 0x09, 0xE1, 0xE8, 0x9D, 0x11, 0x20, 0xAC, 0x46, 0xC1,
    0xD3, 0x65, 0xF6, 0xF9, 0x3D, 0xEA, 0x84, 0x0D, 0x92, 0xF4, 0xEA, 0x80, 0xCB, 0xAB, 0x00, 0xCE,
    0xDF, 0x23, 0xF8, 0xE8, 0x2C, 0x78, 0xCB, 0x88, 0x03, 0xB4, 0x06, 0x8D, 0x2F, 0xD5, 0x14, 0xD8,
    0x18, 0xD4, 0x35, 0x9C, 0xAB, 0xE7, 0x2B, 0x65, 0x0B, 0xF6, 0x60, 0x20, 0x36, 0x4F, 0xB6, 0xCA,
    0x14, 0x44, 0x4B, 0xC5, 0x81, 0x61, 0xDC, 0x46, 0x09, 0x46, 0x5C, 0x13, 0xB2, 0x48, 0xAF, 0x30,
    0x15, 0x61, 0x41, 0xB2, 0x36, 0x26, 0x1F, 0x04, 0x1A, 0x82, 0xEC, 0x97, 0x25, 0x33, 0xB0, 0x45,
    0xC2, 0x29, 0xD8, 0x0E, 0x44, 0x30, 0x28, 0x1B, 0x78, 0x83, 0xDD, 0x20, 0xDF, 0xC5, 0x99, 0x08,
    0x99, 0x81, 0x00, 0xF6, 0xD7, 0xC8, 0xCE, 0x68, 0xEF, 0x15, 0x98, 0xB2, 0x42, 0x56, 0x60, 0x4A,
    0x7E, 0x7F, 0x7A, 0xBB, 0x60, 0xDB, 0x55, 0xCA, 0x08, 0x84, 0xD9, 0x24, 0xCC, 0x7D, 0x42, 0x04,
    0x03, 0x77, 0xC4, 0x15, 0xDB, 0x80, 0x0E, 0xB4, 0x26, 0x45, 0x0B, 0x30, 0x49, 0x51, 0x41, 0xC4,
    0xF5, 0xC4, 0x04, 0x6C, 0x51, 0x46, 0xD7, 0x13, 0x0B, 0xB0, 0x76, 0x09, 0x3C, 0x32, 0x00, 0x31,
    0x29, 0x47, 0xA2, 0x37, 0x86, 0xEC, 0x3F, 0xCC, 0x88, 0x82, 0xC7, 0xDC, 0xC7, 0x1D, 0x44, 0x30,
    0x99, 0x7F, 0x2B, 0x8A, 0x52, 0x34, 0x18, 0x93, 0xA5, 0x0C, 0xA0, 0x89, 0xF5, 0x47, 0xEC, 0xB3,
    0x9A, 0x33, 0xF2, 0xC0, 0x46, 0x9D, 0x01, 0x2F, 0xB1, 0x2B, 0xD5, 0x4C, 0x7A, 0x40, 0x27, 0x66,
    0xC1, 0xCD, 0x8C, 0xE1, 0xB7, 0x20, 0x1B, 0xB9, 0x99, 0x82, 0xBB, 0x39, 0xB3, 0x8F, 0xA6, 0xB5,
    0x53, 0xAB, 0xCF, 0x79, 0x62, 0xB3, 0xD1, 0xB7, 0xC1, 0xE6, 0xDB, 0x60, 0xF2, 0x6D, 0xB0, 0xF8,
    0xF6, 0xE2, 0xA2, 0x98, 0x99, 0xF2, 0xDD, 0xB3, 0x37, 0x13, 0x37, 0xBA, 0xDA, 0xB0, 0xF6, 0xBD,
    0xC3, 0xC2, 0x2B, 0x85, 0xDD, 0x34, 0x85, 0x1D, 0xB2, 0xA4, 0x46, 0xA8, 0x83, 0x08, 0x56, 0x9E,
    0x82, 0x82, 0xF9, 0x76, 0x7A, 0x09, 0xC2, 0x12, 0x76, 0x88, 0x15, 0x96, 0x19, 0xAF, 0x33, 0xD1,
    0x4A, 0x0B, 0xE6, 0xA2, 0x84, 0x07, 0x0E, 0xAA, 0x2C, 0xD8, 0x82, 0xE6, 0xE4, 0xE8, 0x44, 0x48,
    0xCC, 0xB0, 0x9B, 0x34, 0x34, 0x9D, 0xAD, 0x00, 0x30, 0x74, 0x07, 0x93, 0x78, 0xD0, 0xF9, 0x0A,
    0xA1, 0xA4, 0xC4, 0xFD, 0x8A, 0x92, 0xD0, 0x54, 0xC6, 0x42, 0x2A, 0xB7, 0x23, 0x50, 0x29, 0x98,
    0x83, 0xB6, 0x1A, 0xE5, 0x2C, 0xE0, 0xB4, 0xAC, 0xD8, 0x35, 0xF3, 0xDE, 0x4C, 0xC7, 0x5A, 0x93,
    0x79, 0x8F, 0xCC, 0xA8, 0xF3, 0xCF, 0x74, 0xEE, 0x02, 0xB0, 0x21, 0xA7, 0x9F, 0xAD, 0xC5, 0x68,
    0x3D, 0x0C, 0x67, 0x9F, 0x7D, 0xFC, 0x33, 0xEF, 0x7B, 0x3B, 0xDE, 0xFD, 0xC3, 0x9E, 0x41, 0x5B,
    0x63, 0x58, 0x39, 0xC9, 0xF1, 0x33, 0x6E, 0x21, 0xB6, 0xF0, 0xFE, 0xC7, 0x8F, 0x9F, 0x71, 0x0A,
    0x1F, 0x23, 0x2F, 0xFB, 0xB1, 0x78, 0x8E, 0x9E, 0x79, 0xE6, 0xF8, 0x03, 0xFF, 0xFA, 0x43, 0x2A,
    0xFA, 0xD5, 0xF1, 0xC3, 0xFF, 0x76, 0x27, 0x14, 0x7F, 0x20, 0xBE, 0x78, 0xE6, 0xF8, 0x61, 0xB8,
    0x00, 0xBD, 0xEA, 0x87, 0x8F, 0x3F, 0x00, 0xC5, 0x9F, 0xFC, 0x79, 0xE0, 0x25, 0x47, 0x9E, 0x79,
    0xE0, 0xF0, 0x71, 0x28, 0xDE, 0xE1, 0x25, 0xE1, 0x7A, 0xFD, 0xCC, 0x1F, 0xFD, 0xCF, 0xBB, 0xA7,
    0x9F, 0xD9, 0x02, 0x5C, 0xBC, 0x56, 0x39, 0x32, 0x7F, 0x97, 0xDD, 0x8A, 0x67, 0xC4, 0xED, 0x5E,
    0xF6, 0x29, 0x81, 0x99, 0xDE, 0xCF, 0x88, 0x33, 0x0B, 0x94, 0x6C, 0x5E, 0x25, 0xE2, 0xA7, 0x57,
    0x8B, 0xCC, 0xAD, 0xC5, 0x6D, 0x67, 0x40, 0x62, 0x3B, 0x7F, 0x99, 0xF9, 0xE7, 0xC5, 0xED, 0xC7,
    0x0F, 0x03, 0x7E, 0xBF, 0x9C, 0x05, 0x42, 0x7C, 0xE9, 0x99, 0x07, 0xC4, 0xE1, 0xFD, 0x8B, 0x02,
    0x8A, 0x61, 0xB3, 0x23, 0x0E, 0x3B, 0x5B, 0xA5, 0xFF, 0x4B, 0x38, 0x89, 0x23, 0xB8, 0x4E, 0xC9,
    0x02, 0x75, 0xBE, 0xF9, 0xDC, 0x53, 0xC9, 0xBE, 0xA7, 0x18, 0x4B, 0xB7, 0x3B, 0xEC, 0x58, 0x3F,
    0x7B, 0xDD, 0xFE, 0xDB, 0xB7, 0xB2, 0x05, 0x50, 0xAA, 0xF7, 0xBF, 0xC1, 0x03, 0xB7, 0x6F, 0x27,
    0xBF, 0xFF, 0x7C, 0x23, 0x82, 0x60, 0xDF, 0xE7, 0xEE, 0x10, 0xD5, 0xEB, 0xE7, 0xFE, 0x49, 0x44,
    0x8F, 0x26, 0xE2, 0x41, 0x51, 0xAE, 0x5E, 0xB9, 0x51, 0xFC, 0xAE, 0xBC, 0xF8, 0xB4, 0x7C, 0xFA,
    0xD2, 0xA5, 0x17, 0xFF, 0x45, 0x1C, 0x7E, 0x28, 0x95, 0x8F, 0x76, 0x71, 0xFA, 0xE5, 0x4E, 0x1C,
    0xD6, 0xFA, 0xF0, 0x33, 0x82, 0xE2, 0xEF, 0xEE, 0x4D, 0x4F, 0x3A, 0x67, 0xB1, 0x78, 0xEC, 0xD8,
    0x7D, 0x0F, 0x3E, 0xE9, 0x97, 0xE2, 0x0B, 0x64, 0xAE, 0xC1, 0xDC, 0x40, 0x88, 0xDF, 0xDC, 0x24,
    0x5F, 0x7C, 0x13, 0xD9, 0x0C, 0xFC, 0xC4, 0x94, 0xEE, 0xD4, 0x05, 0xEF, 0xEE, 0x4C, 0x97, 0xEE,
    0xB2, 0x4A, 0xF7, 0xA8, 0xD2, 0x89, 0x13, 0x64, 0x41, 0x05, 0xFE, 0xDD, 0x27, 0x1E, 0xF9, 0x6A,
    0xA3, 0x4A, 0x60, 0x52, 0x6F, 0xEB, 0x92, 0x87, 0x33, 0x03, 0xEF, 0xAE, 0x13, 0x85, 0x88, 0x56,
    0xAA, 0xE4, 0xA0, 0x30, 0x85, 0x9B, 0x9C, 0xB8, 0x78, 0xFA, 0xE5, 0x84, 0x4B, 0x72, 0x07, 0xDD,
    0xA7, 0x50, 0x3A, 0x07, 0x73, 0x15, 0x84, 0xDD, 0x7D, 0xE2, 0xDC, 0xF3, 0x94, 0x4D, 0x89, 0xA5,
    0x17, 0xD9, 0x9B, 0x03, 0xA5, 0x62, 0x09, 0xA4, 0x71, 0x2B, 0x7C, 0xE1, 0x05, 0x98, 0x37, 0x3D,
    0x29, 0x1E, 0xE4, 0x92, 0x5F, 0x79, 0x2D, 0x97, 0x9E, 0x4B, 0xA2, 0x07, 0xA1, 0x4D, 0x3F, 0x2D,
    0xB6, 0x4A, 0x71, 0xFB, 0x17, 0xB0, 0x75, 0xB2, 0xBB, 0x41, 0x3C, 0x00, 0xA5, 0x73, 0xAF, 0x76,
    0xDB, 0xA1, 0x88, 0xCF, 0x7A, 0x27, 0x5E, 0x80, 0xEB, 0xAE, 0x07, 0x75, 0xEA, 0xDF, 0xF5, 0xC2,
    0x0B, 0x2B, 0xA6, 0xFE, 0x85, 0x2A, 0x39, 0x27, 0x5D, 0xBC, 0x0B, 0x15, 0xB3, 0xC5, 0x39, 0x2E,
    0xBD, 0x5E, 0xFA, 0x27, 0xB8, 0x54, 0xED, 0x6C, 0x79, 0x8C, 0x83, 0x33, 0x69, 0x1B, 0x30, 0x86,
    0xBE, 0xB3, 0xDC, 0xBE, 0x8D, 0x4B, 0x70, 0x50, 0x49, 0x11, 0xC1, 0xEA, 0x50, 0x65, 0x18, 0x46,
    0xE3, 0xD4, 0xCE, 0xA8, 0x4E, 0xCB, 0x7C, 0xD5, 0xBB, 0x43, 0x7A, 0xCB, 0x66, 0x5C, 0xFE, 0x66,
    0x62, 0xCA, 0x97, 0xFA, 0xB8, 0x6E, 0xDE, 0x47, 0x58, 0xAB, 0xDC, 0x88, 0xC4, 0xB4, 0x4A, 0x95,
    0x99, 0xBE, 0x4D, 0xAE, 0x9D, 0xBB, 0x70, 0x60, 0x5C, 0xD0, 0x96, 0x6F, 0x01, 0x65, 0xE3, 0x44,
    0xC6, 0x23, 0xEF, 0x65, 0x45, 0xE6, 0x13, 0xCE, 0xD5, 0x34, 0x23, 0x07, 0xAD, 0x2A, 0x7F, 0x9D,
    0x14, 0x01, 0x95, 0xC3, 0x8A, 0xFC, 0x2B, 0xB1, 0x04, 0xCB, 0x08, 0x95, 0x4D, 0x0C, 0x2C, 0xD2,
    0x82, 0x3A, 0x46, 0xE1, 0x16, 0xE3, 0xA4, 0x92, 0xB2, 0x11, 0xFC, 0xED, 0x98, 0xEC, 0x08, 0x2C,
    0x07, 0x6D, 0xA4, 0xCA, 0xFE, 0x3A, 0xC4, 0x55, 0x42, 0xAA, 0x1C, 0x61, 0x06, 0x56, 0x5A, 0xC3,
    0x4D, 0xFC, 0x75, 0x5C, 0x3B, 0xF9, 0x79, 0xB0, 0x52, 0xD6, 0x60, 0xC9, 0x90, 0x6E, 0x8F, 0x29,
    0x53, 0xA5, 0x4D, 0xB9, 0x1C, 0x9A, 0x72, 0x4A, 0x29, 0x2B, 0x1C, 0x17, 0xA2, 0x89, 0x34, 0x88,
    0xCB, 0x86, 0x73, 0x7C, 0x52, 0x5C, 0x7F, 0xD8, 0x09, 0xA1, 0x33, 0x25, 0x30, 0x40, 0xB6, 0xA5,
    0x90, 0x1C, 0xB0, 0x63, 0x0B, 0x38, 0x62, 0x9F, 0x9E, 0x0D, 0x0A, 0xB7, 0x8D, 0x0B, 0x2D, 0xFC,
    0x17, 0x1D, 0x4C, 0xD3, 0x23, 0x96, 0x56, 0x54, 0x76, 0x28, 0x7B, 0x9B, 0xAE, 0x31, 0x63, 0xB3,
    0x9F, 0x42, 0x17, 0xD7, 0x2D, 0x4A, 0x71, 0x5C, 0x80, 0x28, 0x11, 0x0B, 0x1E, 0xA9, 0x68, 0x51,
    0x46, 0xA5, 0x70, 0xBE, 0x07, 0x4F, 0x61, 0xEE, 0x8D, 0x17, 0xE5, 0xE7, 0x79, 0xD4, 0x6F, 0x3C,
    0x8E, 0x52, 0x62, 0x75, 0x3D, 0xC5, 0xCF, 0xD0, 0x71, 0xEF, 0xA9, 0xAC, 0x23, 0x13, 0x50, 0x8B,
    0xC9, 0x11, 0x5D, 0x3A, 0x06, 0x70, 0x93, 0xB8, 0x0E, 0x13, 0xFF, 0xA3, 0x13, 0xD5, 0x21, 0x3D,
    0xC1, 0x00, 0xA4, 0x5C, 0x2A, 0xC3, 0x73, 0x80, 0x11, 0x35, 0xE8, 0xCF, 0x89, 0xF8, 0xAE, 0x32,
    0x40, 0xC0, 0x3B, 0xE2, 0x3B, 0xE2, 0x1E, 0x77, 0x3B, 0x85, 0x67, 0x56, 0x00, 0x00, 0x8D, 0x92,
    0x9C, 0x15, 0x67, 0x17, 0x65, 0x2C, 0xE2, 0x3F, 0xA8, 0xFC, 0x9F, 0xA0, 0xDA, 0x49, 0x5A, 0xD1,
    0x7A, 0x08, 0x90, 0x70, 0x45, 0x2D, 0x0E, 0x75, 0xA2, 0x75, 0x5A, 0x7F, 0x15, 0x03, 0x4E, 0xBA,
    0xFC, 0x85, 0xEE, 0x69, 0x29, 0x41, 0x7E, 0xC8, 0xD3, 0x17, 0xA5, 0x70, 0x4E, 0x49, 0xF9, 0x67,
    0xEC, 0xD9, 0x53, 0x33, 0x7A, 0x9C, 0x7B, 0xE7, 0xE8, 0x87, 0x7C, 0x4C, 0x3E, 0xDE, 0xA1, 0x61,
    0x8C, 0x92, 0x17, 0x85, 0xEF, 0x7E, 0xF8, 0x4B, 0x9C, 0x3D, 0x07, 0x9B, 0xF1, 0x65, 0x1B, 0x12,
    0xCE, 0x51, 0x10, 0xA4, 0xB6, 0xAD, 0xE6, 0x56, 0x9C, 0xB6, 0xF4, 0x17, 0xDA, 0x60, 0x74, 0x6B,
    0x02, 0xB8, 0x6F, 0x97, 0x4E, 0x66, 0x03, 0x9C, 0xB7, 0xCB, 0xB4, 0xB0, 0x01, 0xA0, 0x79, 0xCF,
    0x8B, 0x21, 0x40, 0x0C, 0xEE, 0x91, 0x67, 0x87, 0xFA, 0xD0, 0x49, 0x4C, 0xD6, 0x7E, 0x94, 0xA8,
    0xF8, 0x89, 0xD3, 0x00, 0x20, 0x7C, 0xA3, 0x0E, 0x33, 0x45, 0x33, 0x04, 0x88, 0x1E, 0xA9, 0x83,
    0x17, 0x14, 0x0B, 0x10, 0x20, 0xF8, 0x29, 0xA0, 0xEE, 0x12, 0x98, 0xE5, 0x19, 0x74, 0xBA, 0x89,
    0x90, 0xC4, 0xCA, 0xE0, 0xA5, 0x97, 0x41, 0x24, 0x17, 0xCE, 0x8E, 0xDB, 0x44, 0x19, 0xDA, 0xB5,
    0xE1, 0x4B, 0x3F, 0x06, 0x53, 0x3C, 0xC3, 0x30, 0xA5, 0x8A, 0x10, 0x3C, 0x06, 0xEC, 0x15, 0x62,
    0x52, 0xA1, 0xF6, 0xA0, 0x60, 0x80, 0x2A, 0x04, 0x11, 0xD8, 0xC1, 0x2C, 0x56, 0x5E, 0xBC, 0xF3,
    0xF4, 0x79, 0x91, 0xD7, 0x22, 0x5C, 0x21, 0xCC, 0xC8, 0x5C, 0xB0, 0xF2, 0xBB, 0xAF, 0xF6, 0x4A,
    0x73, 0x49, 0x41, 0x45, 0x4B, 0x01, 0x07, 0x34, 0x21, 0xB6, 0xFC, 0x12, 0x94, 0xDF, 0xBD, 0xEF,
    0xAF, 0x2C, 0xE4, 0xCE, 0x94, 0x72, 0xA3, 0x40, 0x15, 0xB2, 0x8C, 0x40, 0x87, 0x3E, 0x98, 0x92,
    0x6D, 0xAD, 0xE7, 0x26, 0x3A, 0xA5, 0x03, 0xC5, 0x49, 0xA0, 0x4A, 0x7E, 0xA1, 0xC3, 0xB6, 0xC1,
    0x4A, 0x37, 0xDD, 0x2B, 0x83, 0x62, 0xBF, 0x8A, 0x15, 0xFB, 0xBF, 0x22, 0xDC, 0x2D, 0xDE, 0x06,
    0xE2, 0x6A, 0xB8, 0x44, 0x4A, 0x1F, 0x1E, 0xE9, 0x5E, 0x42, 0xC7, 0xF0, 0xA1, 0x02, 0xE5, 0xDF,
    0xF3, 0xA0, 0x29, 0x7E, 0x38, 0x88, 0x44, 0xFB, 0xBD, 0xEB, 0xAD, 0x09, 0x76, 0x38, 0x93, 0x63,
    0x51, 0x07, 0xC8, 0xDB, 0xF8, 0x0D, 0x28, 0x75, 0x77, 0xE2, 0xB8, 0x00, 0x27, 0x39, 0xF2, 0x9C,
    0xAC, 0x3F, 0x43, 0x3C, 0x95, 0x9F, 0x7B, 0xBD, 0x89, 0x12, 0xA7, 0x05, 0xD2, 0xBE, 0x7B, 0xD5,
    0xC6, 0x64, 0xD0, 0xC1, 0xD4, 0x9F, 0x4B, 0x38, 0x1B, 0x83, 0x12, 0x3C, 0x77, 0x1B, 0xAA, 0x30,
    0x98, 0xCC, 0x68, 0x5E, 0x1D, 0xAF, 0xC2, 0x92, 0x7C, 0x20, 0x25, 0x2D, 0xE5, 0x0C, 0x81, 0x2E,
    0x0A, 0x5A, 0xC6, 0x10, 0x25, 0xD8, 0x8C, 0x6F, 0x01, 0xF3, 0xDD, 0x88, 0x13, 0x3C, 0x6A, 0xCD,
    0x6A, 0x89, 0xCB, 0x06, 0xB2, 0x7C, 0x5B, 0xDC, 0x6F, 0x97, 0x75, 0x70, 0xB4, 0x80, 0x61, 0xC2,
    0xB5, 0x37, 0x99, 0x00, 0xA8, 0x78, 0x72, 0x5C, 0xDF, 0x6B, 0x7C, 0x5E, 0xD2, 0x92, 0x84, 0x12,
    0xE5, 0x9B, 0xE4, 0x63, 0x2F, 0x7B, 0xDC, 0x8E, 0x57, 0x0D, 0x05, 0xAF, 0x15, 0xF1, 0x57, 0xEE,
    0x2E, 0xF2, 0x1F, 0x3D, 0x5A, 0xFC, 0xCE, 0x2B, 0x17, 0x8A, 0xC5, 0xCB, 0x98, 0x6C, 0x8E, 0x76,
    0x27, 0xC8, 0x14, 0x25, 0x2F, 0xD0, 0x44, 0x45, 0x93, 0x14, 0x4D, 0x50, 0x94, 0xCA, 0x68, 0x62,
    0x52, 0x30, 0xB8, 0x66, 0x8F, 0x39, 0x1D, 0x11, 0x8E, 0x0B, 0xB5, 0x29, 0x69, 0xAB, 0x03, 0x83,
    0x57, 0x16, 0x2E, 0x47, 0x2E, 0xD0, 0x89, 0x08, 0xCF, 0xE5, 0xA9, 0xDB, 0xEE, 0x3D, 0xDF, 0x03,
    0x2E, 0xDE, 0x6F, 0xDF, 0x0F, 0x26, 0x02, 0x57, 0x91, 0xD6, 0x6E, 0xD5, 0xC0, 0xDB, 0xB9, 0x58,
    0x83, 0x06, 0x80, 0x07, 0x80, 0xA2, 0x88, 0xB7, 0xF5, 0x05, 0xE8, 0x45, 0x40, 0x13, 0x7B, 0x51,
    0xD5, 0x20, 0x48, 0x80, 0x36, 0x2E, 0x56, 0x34, 0xFB, 0x5F, 0xE2, 0xFC, 0x14, 0xED, 0xDF, 0x3D,
    0xA6, 0xE4, 0xF8, 0xEC, 0x26, 0xEA, 0x90, 0x5B, 0x03, 0x3E, 0x1A, 0x23, 0x77, 0xDA, 0xD5, 0x5D,
    0x87, 0x0B, 0x8C, 0x2D, 0x4C, 0x72, 0x0A, 0x80, 0xEA, 0x91, 0x90, 0xAF, 0x27, 0xE0, 0xFD, 0xE2,
    0x37, 0x1F, 0x3C, 0x70, 0xC7, 0x83, 0x5F, 0x82, 0x77, 0xDC, 0xC6, 0x20, 0x26, 0xDE, 0xDA, 0xF6,
    0x33, 0x16, 0x95, 0xB7, 0xD6, 0x94, 0x83, 0x83, 0x99, 0x37, 0x98, 0x6F, 0x83, 0x59, 0x36, 0x98,
    0x5B, 0x13, 0xEE, 0xD1, 0xA9, 0x84, 0x2E, 0x4F, 0xE5, 0xAA, 0x82, 0x1B, 0xD3, 0xB1, 0xD2, 0x5E,
    0xA2, 0xB8, 0x7D, 0xF6, 0xD9, 0xFA, 0xB6, 0xFA, 0xC8, 0x73, 0xEB, 0xB8, 0xF1, 0x57, 0xC8, 0x84,
    0x7E, 0xC3, 0x31, 0xD6, 0x23, 0x60, 0xE2, 0xDE, 0x11, 0x24, 0xF0, 0x0F, 0x38, 0xCA, 0x29, 0xF1,
    0x40, 0x2C, 0xF7, 0x9A, 0xF5, 0xB9, 0x2B, 0x06, 0xEE, 0xD1, 0xF9, 0x04, 0x39, 0x7C, 0xB8, 0xBC,
    0x4A, 0x0E, 0xD3, 0xBA, 0xE5, 0x1B, 0x09, 0xBB, 0xDB, 0x69, 0xD6, 0x4C, 0x1F, 0xC0, 0x6C, 0xA8,
    0xF0, 0xEE, 0x3C, 0x8B, 0xD7, 0xAD, 0xE9, 0xA6, 0x38, 0xF1, 0xA7, 0xD4, 0x19, 0x32, 0x45, 0x60,
    0xFA, 0x8E, 0x52, 0x24, 0x42, 0xD9, 0x70, 0xE3, 0x00, 0x1F, 0x7E, 0xED, 0xC0, 0xB9, 0xD3, 0x09,
    0x7C, 0x25, 0xBB, 0x85, 0x64, 0x87, 0xE5, 0xFF, 0xC9, 0x57, 0xEC, 0x01, 0xBA, 0xDC, 0x3F, 0x5A,
    0x12, 0x97, 0xFB, 0x8F, 0x37, 0xFC, 0xB3, 0xA4, 0x72, 0x70, 0x5A, 0x79, 0x81, 0x5C, 0x21, 0x05,
    0x58, 0xA0, 0x64, 0x68, 0xED, 0x9F, 0xBA, 0xE1, 0xC8, 0x7E, 0xDB, 0xFC, 0x51, 0xE9, 0xF8, 0xD7,
    0xEE, 0x1F, 0xF1, 0xDC, 0x47, 0x6D, 0x3E, 0x1A, 0x3D, 0xB5, 0x8B, 0x94, 0x53, 0x2A, 0xE3, 0x95,
    0xEA, 0x84, 0x7E, 0xCA, 0x5D, 0xD1, 0xB2, 0x9E, 0x9C, 0x25, 0xE9, 0x93, 0xE2, 0x21, 0xCA, 0xB1,
    0x88, 0xFF, 0x16, 0x67, 0xAA, 0x39, 0x60, 0x7D, 0x5B, 0xB5, 0x9D, 0x5D, 0x50, 0x9B, 0xDE, 0x9E,
    0xDC, 0xF8, 0x5E, 0x4C, 0xDE, 0x74, 0x3B, 0x2D, 0x88, 0x4E, 0x72, 0x2E, 0x33, 0x6A, 0xE6, 0xE8,
    0x55, 0xF6, 0xFA, 0x63, 0x8E, 0x00, 0xF2, 0xA8, 0x46, 0x1A, 0xE6, 0x93, 0xE1, 0x70, 0xCE, 0xFE,
    0x4B, 0x76, 0x4F, 0x6F, 0xFA, 0x5F, 0x4C, 0xFE, 0x13, 0xF5, 0x9F, 0x91, 0x77, 0x07, 0x88, 0x0C,
    0x0C, 0x56, 0x20, 0x28, 0x0E, 0x08, 0x34, 0x14, 0x51, 0xB0, 0x7C, 0xAA, 0x1A, 0xCF, 0x39, 0x4A,
    0x2E, 0xE2, 0xFE, 0x67, 0xC9, 0x4C, 0xFB, 0x07, 0xA1, 0x48, 0x90, 0xD7, 0x32, 0x6E, 0x0F, 0xC6,
    0x38, 0x24, 0x53, 0x49, 0xA2, 0x19, 0x00, 0x8F, 0xF0, 0xD4, 0xB2, 0xC5, 0x16, 0x98, 0x0C, 0xD3,
    0x6E, 0x1B, 0x34, 0xA9, 0x2B, 0x0A, 0x8E, 0xA0, 0xA1, 0x5D, 0xB3, 0xB5, 0xAD, 0x3E, 0xD0, 0x54,
    0x40, 0xC1, 0xD3, 0xA9, 0xF5, 0x74, 0x24, 0x99, 0x1D, 0x24, 0xF8, 0x2D, 0x49, 0x89, 0x95, 0xB4,
    0xC8, 0x33, 0x81, 0x0F, 0xDA, 0x4C, 0x00, 0x48, 0x25, 0xC6, 0x7C, 0x8B, 0xCF, 0x8B, 0x51, 0xA3,
    0x55, 0xEC, 0x94, 0x9A, 0xCD, 0xED, 0xE6, 0x86, 0x73, 0xCB, 0xB9, 0xE9, 0x2A, 0x51, 0x94, 0x1A,
    0x3F, 0xA2, 0x50, 0xD3, 0x0B, 0xEA, 0x06, 0xF7, 0x43, 0xA5, 0x63, 0xB0, 0x14, 0x84, 0xAE, 0xA0,
    0x24, 0xC5, 0xBE, 0x70, 0x67, 0xB8, 0x37, 0xDC, 0x1D, 0xCE, 0x7D, 0xC8, 0xE8, 0x73, 0x15, 0xE9,
    0x94, 0x4C, 0x28, 0x3B, 0x1C, 0x26, 0xE7, 0x7C, 0x4F, 0xEA, 0x15, 0x75, 0x8B, 0xFB, 0xC5, 0x1D,
    0xE3, 0x9E, 0x71, 0xD7, 0xB8, 0x6F, 0xAA, 0x73, 0xC7, 0x30, 0x61, 0x10, 0x99, 0x63, 0xFE, 0x5D,
    0x71, 0xE6, 0xEA, 0xCC, 0x3B, 0xDE, 0xFC, 0x56, 0xB4, 0x5F, 0x2B, 0xDA, 0x7F, 0xD6, 0xA6, 0xFD,
    0x4E, 0xD1, 0x3E, 0x32, 0xEB, 0x46, 0x81, 0x71, 0xA5, 0x82, 0x42, 0xAB, 0xDD, 0x86, 0xD9, 0x12,
    0xB9, 0x12, 0x99, 0x32, 0xA0, 0x2C, 0x3F, 0x72, 0x9F, 0xF6, 0x8E, 0x11, 0xA5, 0xAE, 0xE3, 0x9F,
    0x33, 0x77, 0xE0, 0x7F, 0xF8, 0x2A, 0x1B, 0x7C, 0x31, 0xFE, 0x97, 0xA3, 0xB5, 0xA0, 0x3A, 0xD0,
    0xA8, 0xFB, 0x85, 0x63, 0x7F, 0x68, 0x87, 0xC6, 0x9D, 0xF2, 0x6B, 0x9E, 0x25, 0x8D, 0x06, 0xFD,
    0xFE, 0x1B, 0x41, 0xBB, 0x3C, 0x44, 0x9D, 0x76, 0x3E, 0x0B, 0xB9, 0x03, 0x46, 0x42, 0xBE, 0x4D,
    0xF1, 0x18, 0xE8, 0xB3, 0xCE, 0x39, 0x22, 0x19, 0x0A, 0x67, 0x38, 0xDD, 0xB2, 0x65, 0x6F, 0x65,
    0xD0, 0xF2, 0xEE, 0x16, 0x21, 0x7A, 0xC1, 0xA0, 0x1D, 0xC8, 0xC5, 0x3A, 0xA1, 0x22, 0x52, 0x59,
    0x68, 0x38, 0x99, 0x25, 0x01, 0x14, 0xAA, 0x2D, 0x59, 0xD0, 0xE7, 0xCC, 0x39, 0x3B, 0x49, 0xC4,
    0xE2, 0x88, 0xBC, 0x4B, 0x2E, 0x90, 0x38, 0x7A, 0x94, 0x24, 0x31, 0x1E, 0xCF, 0xBD, 0x1C, 0xA9,
    0xBC, 0x44, 0xB1, 0xCA, 0xB1, 0x5D, 0xEA, 0xEC, 0xF7, 0x9B, 0x4F, 0x0D, 0x73, 0x5A, 0x74, 0x87,
    0xFB, 0x91, 0xCC, 0xB5, 0x7D, 0xF1, 0xAC, 0x18, 0x17, 0xA0, 0xD7, 0x4A, 0x37, 0x76, 0x26, 0xBD,
    0x57, 0x7F, 0x4B, 0xDB, 0x03, 0x13, 0x1E, 0x30, 0x2B, 0x91, 0xCC, 0x02, 0x24, 0xB3, 0xEE, 0x48,
    0x3B, 0xEF, 0xCC, 0x2A, 0x23, 0xE3, 0x92, 0x2B, 0x06, 0x05, 0x74, 0xC8, 0x15, 0xDA, 0x0B, 0xA7,
    0x5D, 0x6F, 0x49, 0xEF, 0x6F, 0x33, 0x4E, 0x36, 0xE3, 0x59, 0x33, 0xEE, 0xB4, 0xDE, 0x87, 0x66,
    0x1C, 0x67, 0xBD, 0xB7, 0xAC, 0x77, 0x91, 0x01, 0xA1, 0x60, 0x78, 0xE1, 0xE7, 0xB4, 0x0E, 0x04,
    0x6E, 0xF8, 0x4A, 0xE2, 0x23, 0xEF, 0x65, 0xF1, 0x79, 0x4D, 0x1F, 0x4B, 0x5C, 0x4C, 0xBB, 0xC0,
    0xF0, 0x2F, 0xC5, 0x7E, 0x31, 0x66, 0x3C, 0xE6, 0x18, 0x47, 0x56, 0x39, 0xA6, 0x1F, 0x15, 0xB8,
    0x8A, 0x79, 0x2D, 0xEC, 0xAC, 0xE5, 0x78, 0xA5, 0xA2, 0x3B, 0x6E, 0x87, 0xA2, 0x00, 0xBB, 0xC2,
    0xCB, 0xF7, 0x31, 0x1F, 0x0D, 0x63, 0x6C, 0x9C, 0x68, 0xE7, 0x52, 0x08, 0x74, 0x64, 0xA0, 0x7C,
    0xF6, 0x28, 0xC5, 0xAE, 0xA6, 0x3A, 0x8A, 0xF4, 0x1B, 0x8A, 0x13, 0x0C, 0x9E, 0x71, 0xF6, 0x0C,
    0x7E, 0x14, 0x18, 0x4F, 0x58, 0xC9, 0x1A, 0x4B, 0x59, 0xA8, 0xA6, 0x3D, 0xC7, 0x12, 0xB9, 0xCA,
    0xCB, 0xD1, 0x1F, 0x4C, 0xF9, 0x87, 0x7F, 0xF1, 0xE4, 0xEF, 0xA3, 0xE2, 0x5C, 0x3B, 0xF2, 0x14,
    0x55, 0x37, 0xE9, 0x1C, 0x94, 0xB8, 0x54, 0x1E, 0x79, 0x45, 0xAE, 0x61, 0x9B, 0x6A, 0xB7, 0x8A,
    0xF2, 0xE5, 0x04, 0x6B, 0xE5, 0xEC, 0x09, 0xD6, 0xCA, 0x03, 0xED, 0x77, 0xDA, 0xF5, 0xD2, 0xA9,
    0x34, 0xC1, 0x68, 0xCD, 0x29, 0x74, 0x4B, 0xB4, 0xEC, 0xBA, 0xA7, 0xEE, 0x85, 0xF9, 0x7A, 0xAB,
    0x33, 0xD0, 0x2A, 0x1D, 0xD4, 0x64, 0x3F, 0x06, 0x4D, 0x13, 0x39, 0x8A, 0x8F, 0xC3, 0x79, 0x6F,
    0x7E, 0xF1, 0xFB, 0x97, 0xB7, 0x1F, 0x6F, 0x31, 0xC9, 0x53, 0xC6, 0x93, 0x9B, 0xD8, 0xF1, 0x6E,
    0xFB, 0x14, 0x67, 0x6D, 0xDA, 0x42, 0x28, 0x2E, 0xE7, 0xB3, 0x71, 0x74, 0x34, 0xE7, 0x4B, 0x56,
    0x1C, 0x2E, 0x5D, 0xA9, 0xC0, 0x9A, 0x50, 0xE9, 0xB2, 0xA5, 0x9A, 0x5F, 0xAE, 0x54, 0xDE, 0xA0,
    0x4A, 0xCE, 0xE2, 0x8E, 0x3B, 0xC4, 0x09, 0xDC, 0xF7, 0x2D, 0x76, 0x63, 0x63, 0xF7, 0x39, 0x2E,
    0x65, 0x72, 0xF0, 0xBE, 0x07, 0x43, 0xA1, 0x90, 0xB0, 0xF6, 0x7B, 0x3C, 0x6C, 0x3B, 0x2A, 0x3B,
    0x8B, 0xB8, 0x87, 0x5C, 0xDA, 0xF7, 0xE6, 0xBF, 0xBC, 0xC2, 0xD5, 0xA3, 0xD6, 0xC2, 0x38, 0xA7,
    0xB3, 0x63, 0x44, 0xF3, 0x65, 0xD7, 0x26, 0x08, 0x93, 0xDE, 0xFA, 0xFE, 0x58, 0xD1, 0xD9, 0xC6,
    0x95, 0x82, 0x20, 0x83, 0x50, 0x08, 0xB7, 0xB4, 0xDA, 0xEF, 0xAA, 0x70, 0x98, 0xF5, 0xA2, 0xA9,
    0x49, 0x9A, 0xE9, 0xAC, 0x1F, 0xD2, 0x08, 0x94, 0x29, 0x7E, 0x90, 0x9E, 0x7F, 0x3D, 0x58, 0xD9,
    0x71, 0x01, 0x14, 0xBB, 0xA2, 0xFF, 0x3A, 0x2D, 0x9C, 0xED, 0x83, 0xC3, 0x3B, 0x7C, 0x46, 0xDD,
    0x80, 0xF2, 0xD1, 0x71, 0x11, 0x12, 0xA5, 0x02, 0x64, 0x18, 0x79, 0x03, 0x6E, 0xA9, 0xC2, 0x36,
    0x07, 0x0E, 0x88, 0xDA, 0xB4, 0xC4, 0x3B, 0xF8, 0x6B, 0x59, 0xC0, 0xFF, 0x0A, 0x28, 0xBE, 0x8E,
    0x30, 0x90, 0x88, 0x2B, 0x39, 0x30, 0x3A, 0x89, 0x16, 0x43, 0xE6, 0xE4, 0x2A, 0x73, 0xF5, 0x00,
    0xBA, 0x1C, 0x45, 0x7A, 0x02, 0xC5, 0xA7, 0x7C, 0xB1, 0x33, 0x9F, 0x39, 0x41, 0x0E, 0xEC, 0x3E,
    0xAF, 0x64, 0x37, 0x82, 0x4E, 0xFD, 0x34, 0x89, 0x0E, 0x9C, 0xDD, 0xA0, 0xF3, 0xF9, 0x58, 0x02,
    0x93, 0xED, 0x82, 0x19, 0x0B, 0x9C, 0xA6, 0xC0, 0xB9, 0x09, 0x9C, 0x90, 0xC0, 0x59, 0x08, 0x9C,
    0x7A, 0xC0, 0xF9, 0x06, 0x66, 0x1F, 0x03, 0xE8, 0xA9, 0xCF, 0xA2, 0x3A, 0x57, 0x3A, 0x8B, 0x8D,
    0x98, 0x88, 0xCA, 0xAE, 0x65, 0x51, 0x72, 0x3F, 0x4C, 0x57, 0x4C, 0x3F, 0xEC, 0x42, 0xAE, 0x4F,
    0x51, 0xB7, 0x3E, 0xD6, 0x82, 0x64, 0x99, 0xDC, 0xD2, 0xCF, 0x39, 0x57, 0x3D, 0xC1, 0xC7, 0x6F,
    0xF5, 0x84, 0x65, 0x97, 0xA3, 0x1F, 0xF7, 0xD7, 0x2C, 0xE7, 0x56, 0x39, 0x5F, 0xEB, 0xB2, 0x64,
    0x09, 0x52, 0x02, 0x17, 0xCC, 0xE2, 0x82, 0x58, 0xFC, 0x8F, 0x5F, 0x96, 0xE2, 0x06, 0x3B, 0xB9,
    0x1D, 0xBD, 0x97, 0xD8, 0x50, 0x69, 0xE9, 0x20, 0xAD, 0x57, 0x22, 0x65, 0xF1, 0xD9, 0xFF, 0x60,
    0x29, 0x23, 0x15, 0x45, 0x68, 0xB7, 0xD1, 0xD4, 0x17, 0x4C, 0x07, 0x3D, 0x25, 0xBF, 0x1F, 0x6E,
    0xE6, 0x76, 0x01, 0x26, 0x13, 0x50, 0x56, 0x29, 0x7C, 0x50, 0x55, 0xDC, 0xEF, 0x66, 0x53, 0x26,
    0x30, 0x31, 0x6B, 0xFA, 0xA0, 0x98, 0x28, 0x05, 0x73, 0xC9, 0x24, 0x41, 0x2D, 0xBE, 0x94, 0x8A,
    0xB2, 0x57, 0x39, 0xCF, 0xE0, 0x73, 0x90, 0x12, 0x0D, 0x3C, 0x59, 0x66, 0xCB, 0xB9, 0xE4, 0x0E,
    0x93, 0x8A, 0x6F, 0xC6, 0xB7, 0x2F, 0xE8, 0x53, 0xB7, 0x6A, 0x53, 0xED, 0x11, 0x6D, 0x9C, 0xBE,
    0xD2, 0x8E, 0x0B, 0xE7, 0x5A, 0x8D, 0xBB, 0xED, 0x6B, 0x49, 0x6F, 0x46, 0x16, 0x2C, 0x2D, 0xE6,
    0xCB, 0x56, 0xB0, 0x40, 0xDC, 0x60, 0x8D, 0xC5, 0xAA, 0x4F, 0x12, 0x08, 0xDF, 0x92, 0xB3, 0xE5,
    0xA0, 0xEA, 0xAC, 0xB8, 0xFF, 0x2D, 0xBF, 0x7E, 0xAC, 0x42, 0x71, 0x4D, 0xD4, 0x92, 0xF0, 0x46,
    0x7D, 0x0A, 0x8C, 0x73, 0x57, 0x95, 0xBF, 0xD4, 0xE4, 0x3F, 0x6A, 0xD3, 0x47, 0xEB, 0xEB, 0xCD,
    0x1A, 0xF9, 0xF7, 0xA9, 0x31, 0x1B, 0x1D, 0x25, 0xA6, 0x3D, 0x44, 0x38, 0x5E, 0x8C, 0xDA, 0xE2,
    0x39, 0x5C, 0x14, 0x2E, 0x43, 0x5C, 0xAA, 0x73, 0x1F, 0x86, 0x45, 0x90, 0x6F, 0x6E, 0x9D, 0x49,
    0xB0, 0xB8, 0x2A, 0x7C, 0xB3, 0x64, 0x63, 0x3D, 0x62, 0x82, 0x8A, 0x68, 0x79, 0x22, 0xE1, 0x65,
    0x27, 0x61, 0xF4, 0x80, 0x46, 0x3F, 0xA5, 0x83, 0x75, 0x5B, 0xBC, 0x5E, 0x92, 0x97, 0xD8, 0xB8,
    0xEC, 0xEB, 0x87, 0xAF, 0xFC, 0x37, 0x55, 0xCE, 0x0B, 0xB3, 0xC4, 0x82, 0xB7, 0xA2, 0x12, 0x7C,
    0xF5, 0x82, 0x87, 0x4E, 0x39, 0xE7, 0x55, 0x0A, 0x2B, 0x34, 0x16, 0x1D, 0x8A, 0x20, 0x5B, 0x90,
    0x40, 0xE2, 0x4A, 0x5B, 0xB7, 0xEA, 0x10, 0xB3, 0xBB, 0x0B, 0x2F, 0x51, 0x84, 0x92, 0x32, 0x97,
    0xAA, 0x04, 0xD4, 0xB8, 0xEB, 0xD3, 0x00, 0xFE, 0x14, 0x35, 0xDC, 0x53, 0xA7, 0x3B, 0x95, 0x74,
    0xC0, 0xAB, 0x94, 0x71, 0xF6, 0xC7, 0x07, 0x57, 0xE5, 0x4C, 0x2C, 0x9F, 0x3B, 0x69, 0x7A, 0xAB,
    0xBB, 0xAB, 0xFB, 0xAB, 0x3B, 0xAC, 0x7B, 0x6C, 0x75, 0x59, 0xF7, 0x59, 0x75, 0x5A, 0xF7, 0x5A,
    0x75, 0x9B, 0xEE, 0x5E, 0x70, 0xC7, 0x89, 0xD2, 0xA1, 0xE7, 0x64, 0xF1, 0xC8, 0x35, 0x25, 0x5E,
    0x2E, 0xD8, 0xBF, 0x52, 0x79, 0x9C, 0xDA, 0xD9, 0x04, 0x9C, 0xAE, 0xD8, 0x50, 0xF7, 0x73, 0xD9,
    0x50, 0xFF, 0x61, 0xCE, 0xAA, 0x10, 0xA0, 0x31, 0xA0, 0x51, 0xA0, 0x71, 0x60, 0xB8, 0x25, 0xD5,
    0xB2, 0x4A, 0x4B, 0xA8, 0x4E, 0xD8, 0x88, 0xD0, 0x98, 0x30, 0xA8, 0xD0, 0xB8, 0xD0, 0xC8, 0x30,
    0xD8, 0x60, 0x74, 0xA8, 0x15, 0xA8, 0x3C, 0x6A, 0xBC, 0x0E, 0x86, 0x1C, 0x3C, 0x6A, 0x95, 0x0B,
    0x4D, 0xF7, 0x2A, 0x07, 0xC9, 0xA8, 0xA2, 0x87, 0xD4, 0x82, 0x57, 0xA8, 0x20, 0xDB, 0x35, 0xBC,
    0xFE, 0x04, 0x53, 0xF8, 0x6B, 0x65, 0x75, 0xE4, 0x64, 0x61, 0xF0, 0x9C, 0x98, 0xE3, 0x3E, 0x72,
    0xE3, 0xF2, 0x9E, 0x65, 0x3F, 0x81, 0x53, 0xBD, 0xE3, 0x4F, 0x86, 0xDC, 0x90, 0xE8, 0xB6, 0x69,
    0x92, 0x52, 0xAB, 0x74, 0xB8, 0x79, 0xD6, 0x2A, 0x1C, 0x5A, 0x81, 0xAB, 0x5B, 0xA8, 0x9A, 0xA8,
    0xDA, 0xC8, 0x8D, 0xE4, 0x56, 0xF2, 0xAA, 0x18, 0x95, 0x48, 0xD9, 0x60, 0x43, 0x41, 0x1E, 0x60,
    0x4B, 0x53, 0x34, 0x3A, 0x6B, 0xDC, 0x9F, 0x16, 0x9F, 0xA3, 0x57, 0x3C, 0x4D, 0x5F, 0x2A, 0x0C,
    0x97, 0x66, 0x76, 0xDA, 0xB9, 0x3A, 0xA8, 0xE5, 0x8A, 0x07, 0x3F, 0x5A, 0x7E, 0xB2, 0x72, 0xAA,
    0x94, 0xA0, 0x4D, 0x77, 0x3B, 0xFC, 0xBA, 0xF1, 0x13, 0x65, 0x41, 0x52, 0xFF, 0x99, 0x9F, 0x06,
    0x5A, 0x66, 0xE3, 0xF1, 0x5A, 0xE6, 0xA7, 0x8F, 0x98, 0x3F, 0xD4, 0x6E, 0x60, 0x41, 0x63, 0x13,
    0xA0, 0x3A, 0x28, 0xE0, 0xE6, 0x8D, 0xBB, 0xFE, 0x7F, 0xB1, 0x49, 0xBF, 0x75, 0x9A, 0x42, 0x8C,
    0x49, 0x10, 0xD4, 0x47, 0x0D, 0xDF, 0x7D, 0xAB, 0xB3, 0x4F, 0xD8, 0x6D, 0xC4, 0x6E, 0x47, 0x7A,
    0x31, 0xAC, 0xF6, 0x0F, 0xE1, 0x4F, 0x4E, 0x09, 0x38, 0x30, 0x41, 0xE0, 0x87, 0xC9, 0x9E, 0x6A,
    0x1F, 0x1C, 0x6E, 0x90, 0x33, 0xD2, 0x18, 0x99, 0x98, 0x6F, 0xE0, 0xC7, 0x86, 0xBB, 0xD9, 0x47,
    0x4A, 0x6D, 0x4D, 0xD4, 0xDA, 0x5A, 0x5E, 0x49, 0xCB, 0x5E, 0x5F, 0x63, 0x66, 0x06, 0x9D, 0x76,
    0x5D, 0x78, 0xBC, 0x3A, 0x35, 0x53, 0x8B, 0x64, 0xE0, 0x2B, 0xB8, 0x2A, 0xB5, 0x88, 0x74, 0xBC,
    0x25, 0xA1, 0x30, 0x29, 0xED, 0x32, 0xBD, 0x94, 0xE3, 0x1D, 0xC1, 0x78, 0xA5, 0x2F, 0xAD, 0x2C,
    0xE0, 0x75, 0xBC, 0x6A, 0xBD, 0x30, 0x77, 0x8C, 0xD7, 0x23, 0x31, 0xD5, 0x84, 0x96, 0xCB, 0x84,
    0x1E, 0xA9, 0xF6, 0x89, 0x71, 0xD5, 0xD7, 0x56, 0x82, 0x16, 0xC3, 0x32, 0xC9, 0x34, 0xB1, 0xD9,
    0x82, 0x03, 0xB3, 0x18, 0xE5, 0x3B, 0xB2, 0xA5, 0x75, 0xAB, 0xB5, 0x9D, 0x47, 0x12, 0x8F, 0xE2,
    0x96, 0xC4, 0xB6, 0x73, 0xEE, 0xC8, 0x0F, 0x01, 0x1D, 0x9C, 0xD8, 0x12, 0x57, 0x13, 0xB3, 0x88,
    0xA9, 0x7E, 0x93, 0x93, 0xF4, 0x23, 0x42, 0x1F, 0x4F, 0xCF, 0x32, 0xB2, 0x80, 0x78, 0xC6, 0xA6,
    0x76, 0x10, 0xB0, 0x7D, 0x06, 0x81, 0x9D, 0xE0, 0xD1, 0xF2, 0x39, 0x4C, 0x81, 0x90, 0xB8, 0x5C,
    0x14, 0xE7, 0x63, 0x09, 0xFE, 0x38, 0x00, 0xAE, 0xD3, 0x8F, 0x78, 0x21, 0x99, 0x08, 0x56, 0x7A,
    0xED, 0xBD, 0x7A, 0x42, 0x61, 0xAC, 0x2C, 0x67, 0xD0, 0xAF, 0xBA, 0x17, 0xE6, 0x9C, 0xC1, 0xCD,
    0x81, 0x41, 0xCE, 0xFE, 0xE1, 0x7D, 0xCF, 0x43, 0xD9, 0xEF, 0x77, 0xCE, 0x7B, 0xDE, 0xCA, 0x37,
    0x29, 0xCA, 0x5C, 0xEA, 0xC0, 0x3F, 0xEF, 0x1F, 0xC0, 0xF2, 0x91, 0x76, 0x0B, 0xE0, 0x4D, 0x02,
    0x14, 0xA6, 0x68, 0x4B, 0x00, 0xD3, 0x1A, 0x9C, 0x59, 0x63, 0x3B, 0xD4, 0x1E, 0x0A, 0x34, 0xA3,
    0x9E, 0x63, 0xE2, 0x0F, 0x12, 0x27, 0xEC, 0xDC, 0xA0, 0x2E, 0x3A, 0x03, 0xC9, 0x97, 0x5C, 0x4E,
    0xA4, 0x7C, 0x9C, 0x30, 0x69, 0x5E, 0xFB, 0xC4, 0x06, 0xC7, 0xF4, 0x60, 0x01, 0x82, 0x67, 0xBB,
    0x83, 0xF5, 0xC6, 0x50, 0x4B, 0x0C, 0xC0, 0xAA, 0xBD, 0xA5, 0x30, 0x16, 0x80, 0x09, 0x9E, 0x85,
    0xBE, 0x00, 0x77, 0xFE, 0x59, 0x09, 0x45, 0xD9, 0xB4, 0x41, 0x10, 0x86, 0xCC, 0x78, 0x43, 0x15,
    0x5C, 0xB0, 0xDC, 0xB2, 0x0B, 0x99, 0xDE, 0x34, 0x7F, 0xA6, 0x6D, 0x77, 0xA1, 0xC2, 0xCA, 0x6D,
    0xED, 0xE1, 0x02, 0x93, 0x15, 0x2F, 0x38, 0xB4, 0x7E, 0xEC, 0x41, 0x57, 0x32, 0xBB, 0xA2, 0x44,
    0x88, 0x44, 0xDF, 0xB5, 0x4A, 0x76, 0xCF, 0x7F, 0x86, 0xF1, 0xE5, 0x6D, 0xE6, 0x3A, 0xED, 0xA3,
    0x8A, 0xD6, 0xD6, 0x36, 0x05, 0x21, 0x39, 0x20, 0x32, 0x9D, 0x2B, 0xD7, 0x9D, 0x32, 0x4B, 0xFB,
    0x3C, 0xD9, 0xEF, 0x59, 0x34, 0xDA, 0xB6, 0x27, 0xA5, 0x55, 0xCC, 0x7D, 0x16, 0x90, 0xB5, 0xA4,
    0xE3, 0xE0, 0xA9, 0x39, 0xE9, 0x30, 0xCA, 0x7C, 0x1C, 0xC9, 0x5D, 0x93, 0x07, 0x44, 0xA8, 0x34,
    0x55, 0x46, 0xA6, 0xA9, 0x6A, 0x74, 0x9A, 0xB3, 0x0A, 0xA1, 0x1C, 0x85, 0xD4, 0x28, 0x2D, 0x55,
    0x2C, 0x52, 0x21, 0x55, 0x6F, 0x14, 0xA8, 0xD0, 0x5A, 0x2B, 0x5B, 0x87, 0x10, 0xEB, 0x99, 0x35,
    0x2D, 0xE9, 0x70, 0x73, 0xFE, 0x74, 0xF0, 0xC3, 0x1A, 0xAA, 0xDA, 0x61, 0xB5, 0x47, 0x70, 0x9D,
    0xAA, 0xB3, 0x8C, 0xE2, 0x4C, 0xFF, 0x8C, 0x46, 0x8F, 0x97, 0x01, 0x9A, 0x47, 0x88, 0x1E, 0xA1,
    0x7A, 0x84, 0xEC, 0xE9, 0x1E, 0x5B, 0x03, 0x84, 0x8F, 0x51, 0x3E, 0x8F, 0xF4, 0x7D, 0xE3, 0x38,
    0x95, 0xD7, 0xC7, 0xA9, 0x32, 0x5D, 0x28, 0x50, 0xC1, 0x1F, 0x20, 0xE4, 0x45, 0x25, 0x46, 0x49,
    0xD0, 0x85, 0x5A, 0xF1, 0xE6, 0x55, 0xAA, 0xC0, 0x2B, 0xA9, 0xD2, 0x6A, 0x90, 0x4D, 0x00, 0x78,
    0xC5, 0x77, 0xE9, 0xE1, 0xAE, 0x90, 0x8D, 0xCB, 0x9E, 0x1D, 0xC2, 0x98, 0x2E, 0x64, 0xFD, 0x5E,
    0xC0, 0x35, 0x69, 0xFA, 0x56, 0xE0, 0x4E, 0x0D, 0xAB, 0x68, 0xC6, 0x53, 0x6A, 0x2D, 0xFB, 0xB4,
    0x52, 0xC2, 0xA8, 0x48, 0xCD, 0x63, 0x51, 0xC1, 0x0D, 0x24, 0xCF, 0x9C, 0x6A, 0x99, 0x55, 0x2C,
    0x8D, 0xDB, 0x22, 0xE7, 0x4C, 0x67, 0x95, 0xF3, 0x20, 0x74, 0x53, 0x1B, 0x44, 0x00, 0x37, 0xB6,
    0x4B, 0xAC, 0xA5, 0x8C, 0x89, 0xB5, 0x6F, 0x96, 0x5E, 0xE9, 0x85, 0x45, 0x6E, 0x74, 0x95, 0x62,
    0x14, 0x28, 0x52, 0x23, 0x7C, 0xD9, 0xE0, 0xA0, 0x6D, 0xB8, 0xD8, 0x5B, 0xEC, 0x0E, 0x2B, 0xEE,
    0x7A, 0x43, 0xD4, 0x4C, 0xA4, 0x9E, 0xE5, 0xA7, 0x94, 0x8F, 0xD7, 0x1B, 0x2A, 0xF9, 0x57, 0x2C,
    0x17, 0xE6, 0x01, 0x27, 0xFB, 0x44, 0x94, 0x7D, 0x88, 0xA2, 0x6C, 0xD3, 0x78, 0x8F, 0x06, 0x79,
    0x52, 0x75, 0xD7, 0x1B, 0xA3, 0xA5, 0xE3, 0x91, 0x1F, 0x0D, 0xF7, 0xA4, 0x3A, 0x18, 0xFF, 0x19,
    0x0A, 0xB8, 0xDC, 0xEB, 0x13, 0x69, 0xFC, 0xA1, 0x4B, 0xE3, 0x51, 0xEA, 0xB8, 0xF9, 0x61, 0x1E,
    0x53, 0x08, 0x4B, 0x13, 0xF6, 0x53, 0x08, 0x56, 0x19, 0xFE, 0x80, 0x40, 0x9D, 0x46, 0xAE, 0x0B,
    0x5E, 0x93, 0x26, 0x6A, 0x9E, 0x7E, 0xE0, 0x9A, 0x14, 0xF8, 0x66, 0x14, 0xB2, 0x61, 0x12, 0xCD,
    0x24, 0x58, 0x13, 0x15, 0x33, 0xE1, 0x21, 0xAF, 0x34, 0x91, 0xB5, 0xA0, 0xEE, 0x77, 0xCD, 0x6A,
    0x8C, 0x44, 0xF3, 0x2B, 0xD9, 0x87, 0x13, 0x6F, 0xDD, 0x03, 0x3F, 0x5C, 0xD3, 0xFA, 0x67, 0xDF,
    0x51, 0x5B, 0xDE, 0x5B, 0x17, 0x45, 0xD6, 0x32, 0x4D, 0xC7, 0x50, 0xF0, 0x92, 0xC9, 0xBB, 0xD5,
    0x3C, 0x1D, 0x69, 0x52, 0x47, 0x2A, 0x01, 0xD3, 0x99, 0xCD, 0x64, 0x17, 0xD3, 0xDB, 0x71, 0x43,
    0x29, 0xC5, 0xCD, 0x1E, 0x2D, 0xAB, 0x50, 0xBC, 0x1C, 0xD0, 0x4F, 0x16, 0x28, 0x4E, 0x8E, 0x31,
    0x2B, 0xBE, 0x63, 0x3E, 0xEE, 0x72, 0x9C, 0x46, 0xB6, 0x36, 0x17, 0x37, 0x36, 0x0F, 0x57, 0x9B,
    0x04, 0xFE, 0x5A, 0xC9, 0xF8, 0xD7, 0x39, 0xFF, 0x91, 0x79, 0xB7, 0x14, 0xC7, 0x30, 0x43, 0x29,
    0xEA, 0x06, 0x32, 0x7E, 0xD5, 0x6F, 0xBC, 0x06, 0x5C, 0xFB, 0xF4, 0xBC, 0x8C, 0x77, 0x36, 0xCB,
    0x78, 0x6F, 0x28, 0xE3, 0xE7, 0x22, 0x97, 0xFB, 0x06, 0x69, 0x74, 0xEE, 0x70, 0x49, 0x66, 0x34,
    0xD8, 0xCE, 0xDB, 0xB1, 0x9E, 0x63, 0x63, 0x76, 0x84, 0xDB, 0x11, 0x76, 0x2D, 0xFC, 0x1A, 0x79,
    0xC9, 0x18, 0x36, 0xF2, 0x92, 0x71, 0x6C, 0xE4, 0x25, 0x63, 0x59, 0xCB, 0x4B, 0xC6, 0xF3, 0x7A,
    0x2C, 0x2F, 0x93, 0xCD, 0xF2, 0x72, 0x53, 0x55, 0x61, 0x7C, 0x4B, 0x0E, 0x71, 0x3E, 0xC2, 0xFA,
    0x08, 0xEF, 0x23, 0xCC, 0x4F, 0xE4, 0xA5, 0xB3, 0xBB, 0xBC, 0xF4, 0xC6, 0xF2, 0x72, 0x3A, 0x06,
    0xFB, 0xCC, 0x6A, 0x9E, 0x1D, 0x73, 0x8B, 0x4C, 0x8B, 0xE2, 0x12, 0xF3, 0x10, 0x69, 0x55, 0x1B,
    0x66, 0x41, 0x73, 0x16, 0x64, 0x8A, 0x0B, 0xEE, 0x93, 0xB4, 0x05, 0xA6, 0xC4, 0x5D, 0x01, 0xF0,
    0x77, 0xBE, 0xF0, 0x27, 0x2D, 0x00, 0x7D, 0x0E, 0x6E, 0xE7, 0x24, 0x68, 0x7B, 0xDF, 0x02, 0xA3,
    0x91, 0xB8, 0xAB, 0xEF, 0x3B, 0xB4, 0x73, 0x18, 0xEE, 0xCA, 0x84, 0x8B, 0x41, 0xA5, 0x59, 0xBC,
    0xBF, 0xE2, 0xBD, 0x00, 0x31, 0x4A, 0x5A, 0xAA, 0x2D, 0x9C, 0x3A, 0xF4, 0x5D, 0x29, 0x0A, 0xB8,
    0xF9, 0x54, 0xDF, 0xD2, 0xDE, 0xCA, 0x5A, 0xF6, 0xFE, 0xB6, 0xD4, 0xB8, 0x50, 0xB4, 0x8B, 0xD0,
    0xB4, 0x54, 0xF4, 0x6D, 0x15, 0x7D, 0x6B, 0x45, 0xDF, 0x5E, 0x61, 0x5A, 0x4C, 0xE4, 0xC0, 0x6D,
    0xA6, 0x31, 0xE0, 0x56, 0xA3, 0x9E, 0xE1, 0x76, 0x37, 0x9C, 0xAD, 0x84, 0x2D, 0xE7, 0x8D, 0x35,
    0xCC, 0xAF, 0xAB, 0x5C, 0x32, 0x5B, 0x71, 0xA8, 0xF6, 0x23, 0x54, 0xF7, 0x80, 0xF7, 0x00, 0xB4,
    0xFB, 0xA0, 0x08, 0x7A, 0x56, 0xF9, 0x0B, 0x31, 0xDE, 0xF9, 0xB5, 0x98, 0x5B, 0xEC, 0x74, 0xF9,
    0xC9, 0xFE, 0x27, 0x72, 0xEA, 0x03, 0x93, 0x53, 0x91, 0x10, 0x1B, 0xC7, 0x6E, 0xB2, 0xDF, 0xC8,
    0xE8, 0x6C, 0x9E, 0xCD, 0x05, 0x16, 0xAF, 0x7C, 0x24, 0x3F, 0x91, 0x8F, 0x1F, 0x85, 0x7C, 0x7C,
    0xC8, 0xDC, 0x29, 0xE9, 0xED, 0x6F, 0x55, 0xC8, 0xC6, 0xC9, 0x46, 0xBB, 0x58, 0x40, 0x1F, 0x7F,
    0x39, 0xFB, 0x90, 0x85, 0xB5, 0xA4, 0x27, 0xB9, 0xA2, 0x2F, 0xF6, 0x84, 0x6C, 0xD1, 0xE1, 0x65,
    0xAD, 0xBE, 0x6B, 0x5E, 0x7E, 0x3B, 0xC7, 0x86, 0x59, 0xC7, 0x1A, 0x11, 0x7B, 0x3F, 0x16, 0x83,
    0xA3, 0x63, 0x1D, 0x8F, 0xF1, 0x91, 0x22, 0x39, 0x8E, 0x7C, 0x9E, 0xE2, 0x3D, 0x0E, 0xFE, 0x62,
    0x0E, 0xFD, 0x0C, 0x1B, 0xEF, 0x61, 0xE8, 0xE8, 0xE4, 0x7B, 0x5A, 0x1C, 0x44, 0xC7, 0x15, 0x85,
    0x09, 0xA4, 0xDA, 0xF0, 0x57, 0x6D, 0xFB, 0xC3, 0x7B, 0x79, 0x54, 0x37, 0x2D, 0xE8, 0xD7, 0xCB,
    0xCA, 0x58, 0x73, 0xD7, 0x60, 0x17, 0xD0, 0x56, 0x1D, 0x4B, 0x3E, 0xE2, 0x80, 0xEC, 0x3B, 0x76,
    0xEC, 0x1E, 0xBB, 0x9F, 0x7D, 0x7A, 0xB5, 0xDB, 0x0F, 0xD2, 0x15, 0x15, 0x8A, 0x51, 0xC1, 0xB1,
    0x0B, 0xC7, 0x84, 0xD5, 0x67, 0xD3, 0x69, 0xD3, 0x6B, 0xD3, 0xED, 0xBE, 0xDF, 0xA6, 0xE3, 0xA6,
    0xE7, 0xA6, 0xEB, 0xBA, 0xEF, 0xBA, 0xF3, 0x42, 0xF7, 0xDE, 0x6C, 0x7A, 0x5A, 0xC7, 0xE6, 0x27,
    0x57, 0xF4, 0xFE, 0x5A, 0x43, 0xC8, 0x0E, 0xF0, 0xCD, 0x18, 0x07, 0x0A, 0x03, 0xE3, 0x43, 0x66,
    0xF5, 0x73, 0x4F, 0x87, 0xC2, 0xC9, 0x71, 0x71, 0x6F, 0x91, 0x52, 0xF6, 0xF1, 0x0B, 0xBC, 0xC5,
    0xF7, 0x6B, 0x7D, 0x7A, 0xDF, 0x0A, 0x0F, 0xDF, 0xA5, 0x75, 0x5F, 0x35, 0xFD, 0x94, 0x18, 0xCD,
    0xF5, 0x71, 0x8B, 0x24, 0x3A, 0xD0, 0x2E, 0x4F, 0xBC, 0x36, 0xAC, 0xF2, 0x65, 0xB1, 0x2F, 0xD7,
    0xB3, 0x41, 0xF5, 0x5B, 0x60, 0x42, 0xB1, 0xB4, 0xDA, 0x14, 0x4C, 0x0E, 0xF6, 0x78, 0x1F, 0x93,
    0xED, 0xF4, 0x98, 0xBD, 0x57, 0x72, 0xC6, 0x5E, 0xE9, 0x6E, 0xE9, 0x7E, 0xE9, 0x8E, 0x0D, 0xC8,
    0xF6, 0xBB, 0xF4, 0x43, 0x0F, 0xD4, 0x37, 0xA1, 0x3A, 0x27, 0x54, 0xEF, 0x84, 0xEA, 0x9E, 0x5A,
    0xFB, 0x86, 0x7B, 0x86, 0x62, 0x07, 0x4B, 0xCD, 0xA6, 0x8D, 0x3A, 0xAE, 0xF5, 0xDE, 0x9F, 0xEA,
    0x07, 0x1E, 0xD6, 0x9C, 0xCE, 0x67, 0x85, 0x2E, 0xE7, 0xF8, 0xF3, 0x61, 0x75, 0xE4, 0x78, 0x1C,
    0x6D, 0x43, 0x68, 0x1F, 0x05, 0x07, 0x97, 0x33, 0xD2, 0xC6, 0xD7, 0x36, 0x7F, 0x9E, 0x55, 0x05,
    0xBD, 0xFD, 0x7A, 0xC6, 0x67, 0x6D, 0x88, 0xDB, 0xE9, 0x8B, 0xEF, 0xFF, 0xB5, 0xE3, 0x4F, 0x87,
    0xD6, 0x3C, 0x25, 0x0B, 0x32, 0x12, 0xD0, 0x1B, 0x85, 0xFD, 0x54, 0x87, 0xC5, 0x9A, 0x7B, 0xFD,
    0xF5, 0x6B, 0x85, 0x3F, 0x39, 0x45, 0x94, 0x7B, 0xA3, 0xBB, 0xA3, 0xFB, 0xA3, 0x3B, 0xA4, 0x7B,
    0x74, 0x0D, 0xF1, 0x67, 0x7E, 0x9E, 0xCD, 0x55, 0xB2, 0x47, 0x59, 0xAF, 0x2F, 0xF8, 0xE0, 0xB3,
    0x75, 0x16, 0xC8, 0xFF, 0xF8, 0xBA, 0x30, 0x3B, 0x93, 0x8D, 0x52, 0x8B, 0xD4, 0x41, 0x8A, 0x43,
    0x94, 0x03, 0xF1, 0x33, 0x24, 0xA4, 0x85, 0x21, 0x3C, 0x15, 0x76, 0x54, 0x59, 0x1B, 0x3B, 0xFC,
    0x04, 0x0E, 0x73, 0xAB, 0xE4, 0x88, 0xC2, 0xCA, 0x07, 0x8A, 0xAE, 0x34, 0x1F, 0x48, 0x5F, 0xD9,
    0xF5, 0xD9, 0xC8, 0xDF, 0x46, 0x9B, 0xF3, 0xAF, 0x4F, 0xB7, 0x9C, 0xB5, 0xA2, 0x76, 0xE9, 0x92,
    0x2A, 0x67, 0x85, 0xD7, 0x08, 0x62, 0x7F, 0x6F, 0xC6, 0x8C, 0x95, 0xFF, 0x03, 0xE5, 0x59, 0x3D,
    0xAF, 0xE4, 0x66, 0x15, 0x7E, 0x6D, 0x27, 0xD7, 0x10, 0x0B, 0x39, 0xC5, 0x6A, 0xC5, 0xEE, 0x15,
    0x98, 0x32, 0xA9, 0x5C, 0x53, 0xD9, 0xD0, 0xA4, 0xA0, 0x49, 0xC1, 0xA6, 0xD8, 0x14, 0x49, 0x91,
    0x02, 0x92, 0x48, 0xF7, 0x1F, 0xC4, 0x86, 0xFD, 0x01, 0xDC, 0x22, 0x01, 0x89, 0x86, 0x2D, 0x36,
    0x45, 0x16, 0xA1, 0xFD, 0x05, 0xE0, 0x49, 0x52, 0xA4, 0xC4, 0x22, 0xA0, 0x14, 0x34, 0x16, 0xB9,
    0x52, 0x04, 0x29, 0xD6, 0x08, 0x0B, 0x7C, 0x37, 0xB6, 0x0F, 0xE7, 0x9C, 0xE7, 0xF8, 0x63, 0xE6,
    0xEE, 0x5D, 0xBE, 0x24, 0xC8, 0x92, 0xD1, 0xCC, 0x7B, 0xDE, 0xF1, 0xF8, 0xE3, 0x7C, 0x3E, 0xE7,
    0x63, 0x9C, 0xBB, 0xFA, 0xB6, 0xE3, 0x97, 0x4F, 0x54, 0x33, 0x49, 0x88, 0x3A, 0x26, 0x15, 0xD1,
    0xE0, 0x9C, 0x47, 0x4A, 0x02, 0x3A, 0x4D, 0x46, 0x21, 0x65, 0x3C, 0xCA, 0x89, 0x4D, 0xAC, 0xBF,
    0xF5, 0x42, 0x5C, 0x35, 0x65, 0x3D, 0x93, 0x94, 0xA8, 0x65, 0x12, 0xE1, 0x2E, 0x7C, 0xB3, 0xDF,
    0x82, 0xD0, 0xE4, 0x5C, 0xCC, 0x84, 0x9C, 0x2B, 0x84, 0xE4, 0x1E, 0x4D, 0x7C, 0x73, 0x17, 0x52,
    0x77, 0x44, 0x23, 0xFF, 0xB4, 0x93, 0x87, 0xA7, 0x93, 0xAC, 0x2E, 0x1B, 0x94, 0x14, 0xAD, 0x92,
    0xAA, 0xD9, 0x23, 0x76, 0xB0, 0xC3, 0x29, 0x7C, 0xC1, 0x71, 0xEE, 0x32, 0x7A, 0xF0, 0x1A, 0xDF,
    0x21, 0x91, 0x3B, 0xEF, 0xE4, 0xE1, 0xF2, 0x78, 0x0F, 0x44, 0x58, 0x3A, 0x97, 0x73, 0x5F, 0xFB,
    0x63, 0x2E, 0xE4, 0xFA, 0x9B, 0xCA, 0x90, 0x8A, 0x28, 0x02, 0xF2, 0x1D, 0x84, 0x3B, 0x9F, 0xA6,
    0x5F, 0xB0, 0x68, 0xB5, 0xC8, 0x97, 0xCB, 0xE2, 0x96, 0x5D, 0xE9, 0xBE, 0xE1, 0x51, 0x73, 0xD4,
    0xB2, 0x8C, 0xD4, 0xF3, 0xB3, 0x68, 0xA8, 0xC8, 0x96, 0x5E, 0x9E, 0x51, 0xF2, 0xE7, 0x8C, 0x6F,
    0x72, 0xC7, 0xCD, 0xAF, 0x23, 0x55, 0xA5, 0x07, 0x25, 0xC4, 0x50, 0x65, 0xA1, 0x3A, 0xE4, 0xD3,
    0x48, 0x95, 0x77, 0x9A, 0x4C, 0x42, 0x76, 0xD1, 0x24, 0x27, 0xB6, 0xD1, 0x28, 0xBF, 0x0D, 0xAA,
    0xCA, 0x82, 0x54, 0x01, 0x66, 0x82, 0x90, 0x48, 0x24, 0x3F, 0x96, 0x67, 0xC8, 0xC3, 0x85, 0x59,
    0x25, 0x54, 0x2E, 0xA4, 0xE7, 0x9B, 0xE7, 0xD9, 0xB9, 0xF3, 0xAB, 0x69, 0xE1, 0xC1, 0xA5, 0x39,
    0x34, 0xA5, 0x9A, 0x75, 0xCA, 0xCA, 0x42, 0x0A, 0x1C, 0xBC, 0xE6, 0x2E, 0x7D, 0x79, 0xD5, 0x99,
    0xDE, 0x44, 0x99, 0x66, 0xAE, 0x7B, 0xD5, 0x87, 0x92, 0x08, 0x8C, 0xC5, 0xF4, 0xBB, 0x97, 0x85,
    0xE0, 0x91, 0xC9, 0xB0, 0x25, 0xB1, 0x11, 0x72, 0xC7, 0x8D, 0x88, 0xF0, 0x89, 0x78, 0x05, 0x5F,
    0xAE, 0xCE, 0x41, 0xB8, 0x3E, 0x9D, 0xF5, 0x72, 0x8E, 0x27, 0xE4, 0xFA, 0x04, 0xB5, 0x6B, 0x04,
    0x77, 0x88, 0x09, 0x82, 0xE0, 0x66, 0xEA, 0x5F, 0x4C, 0xDA, 0xAD, 0x73, 0x3C, 0x94, 0xCC, 0x67,
    0x82, 0xB3, 0x54, 0x64, 0x7E, 0x9D, 0x6F, 0x36, 0xFD, 0xF8, 0xDE, 0xA0, 0x4C, 0xB0, 0x06, 0xD5,
    0x39, 0x48, 0x99, 0x10, 0x72, 0xA4, 0x26, 0x74, 0xEE, 0xEA, 0xAF, 0xD4, 0x88, 0x21, 0x7C, 0x2D,
    0xE9, 0xB6, 0xCF, 0x4F, 0x71, 0xD7, 0x18, 0x07, 0xFD, 0xF2, 0x72, 0xDD, 0x7D, 0x41, 0x22, 0xE9,
    0x0D, 0xB5, 0x5B, 0x29, 0x9C, 0xEF, 0x6C, 0x71, 0x6A, 0xC5, 0x87, 0xB9, 0xD5, 0x7F, 0x23, 0xEC,
    0xCC, 0x6C, 0x71, 0xBF, 0x35, 0xDB, 0xEC, 0x91, 0x10, 0xD3, 0x3B, 0xBD, 0xDC, 0x6C, 0x9F, 0x8B,
    0xA8, 0xDD, 0xC8, 0xB1, 0x48, 0xB2, 0x08, 0xB1, 0xD9, 0x98, 0x3C, 0x8F, 0x96, 0x68, 0x91, 0x6C,
    0xD6, 0x51, 0x41, 0x00, 0x05, 0xF3, 0x4D, 0xE5, 0xB3, 0xB5, 0x50, 0x25, 0x53, 0xDB, 0x54, 0x58,
    0xBC, 0x75, 0xF1, 0x78, 0x05, 0x11, 0x17, 0x4F, 0x59, 0xA3, 0x6E, 0x14, 0x91, 0x86, 0x5F, 0xD1,
    0x45, 0xA4, 0x3E, 0x25, 0x1E, 0xA8, 0xEE, 0x24, 0x42, 0x55, 0xB5, 0xB3, 0x80, 0x6A, 0x9C, 0xF9,
    0x68, 0x8B, 0x67, 0x4D, 0x95, 0xC5, 0xCE, 0x68, 0x0C, 0x14, 0x43, 0x46, 0xD3, 0xDB, 0x37, 0xEE,
    0x56, 0x34, 0xE8, 0x05, 0x02, 0x09, 0x91, 0x6D, 0x1A, 0xCF, 0x36, 0x25, 0xDC, 0x50, 0x03, 0xF3,
    0x66, 0xF5, 0xE0, 0xEE, 0xF3, 0x8B, 0x3C, 0xC9, 0x1A, 0x7C, 0x59, 0xB3, 0x6C, 0xCD, 0xA1, 0x37,
    0x0E, 0xAF, 0x27, 0xD4, 0xAB, 0x1A, 0x72, 0xF7, 0x4F, 0xBF, 0x4E, 0x96, 0xCB, 0x7C, 0x31, 0xBD,
    0x9B, 0x95, 0x94, 0xBB, 0x2B, 0xB8, 0xAD, 0xC4, 0x07, 0x1E, 0x5E, 0x89, 0xC0, 0x80, 0x25, 0xEA,
    0x58, 0x64, 0x7D, 0x38, 0x87, 0x43, 0xD6, 0x21, 0xD4, 0x7C, 0x2A, 0x19, 0x3B, 0xAA, 0x7A, 0xD9,
    0xAA, 0x7E, 0x70, 0x02, 0xB4, 0x4F, 0x35, 0x53, 0xE8, 0xA8, 0xFA, 0x8C, 0x7F, 0x85, 0x96, 0x32,
    0x31, 0x92, 0xE8, 0xE9, 0xE6, 0x3D, 0x51, 0xC3, 0xA2, 0x29, 0xD6, 0x67, 0xB4, 0x6C, 0xC9, 0x5B,
    0x8F, 0x42, 0x5F, 0x53, 0xFE, 0xA2, 0xF8, 0xEC, 0xCD, 0xEA, 0x4F, 0x6F, 0x19, 0xDB, 0xBF, 0xD4,
    0x27, 0x5B, 0x50, 0x61, 0xF1, 0x14, 0x5A, 0x9F, 0x79, 0x08, 0xEE, 0xDF, 0xCD, 0x05, 0x74, 0x5A,
    0x79, 0xFC, 0x30, 0xC7, 0x28, 0x87, 0x6C, 0x40, 0xBF, 0xA7, 0x32, 0x24, 0xF1, 0xFD, 0xD1, 0xD1,
    0x8E, 0x71, 0x8B, 0x6A, 0xC6, 0x67, 0x59, 0x98, 0x4D, 0xE1, 0xA7, 0x16, 0x68, 0xAD, 0x3D, 0x85,
    0x8A, 0x13, 0xD1, 0x8E, 0x04, 0x8A, 0x73, 0x2F, 0x51, 0x2E, 0x21, 0x0B, 0x00, 0x54, 0xE8, 0x57,
    0xD3, 0xC2, 0xAC, 0x78, 0xBD, 0xE1, 0x66, 0x24, 0xC1, 0x25, 0x86, 0x25, 0x00, 0x93, 0xCB, 0x92,
    0x94, 0x57, 0x95, 0x6A, 0x91, 0x5E, 0xDD, 0x70, 0x42, 0x90, 0xE6, 0x8A, 0xEF, 0x3B, 0x5E, 0x3F,
    0x64, 0x2E, 0x42, 0x12, 0x55, 0x73, 0xAC, 0x56, 0xF3, 0x2A, 0x47, 0x6A, 0xFE, 0xF5, 0x87, 0x7C,
    0x8E, 0x4F, 0xF7, 0xE5, 0x91, 0x04, 0x3C, 0x12, 0x67, 0xD5, 0x55, 0xB1, 0x85, 0x06, 0xC2, 0xFE,
    0xDC, 0x3B, 0xA1, 0xD5, 0x97, 0xDC, 0x53, 0xEE, 0x15, 0x58, 0xFF, 0x3D, 0x84, 0x6C, 0xF5, 0x31,
    0xED, 0xD1, 0xF9, 0xF8, 0x7C, 0xDE, 0xA5, 0xD9, 0x95, 0x4A, 0x73, 0xA8, 0xCE, 0xBC, 0x09, 0x3E,
    0x26, 0x40, 0x0E, 0x0C, 0xD2, 0x13, 0x02, 0xFA, 0x88, 0x76, 0x9E, 0xC2, 0x22, 0xD5, 0xE1, 0x99,
    0x0B, 0x27, 0x51, 0xF8, 0x08, 0x61, 0x18, 0x75, 0x22, 0xFA, 0x01, 0x35, 0x0C, 0x09, 0xA1, 0x84,
    0x4D, 0xDA, 0xA9, 0xF0, 0x0D, 0x7B, 0x95, 0xAF, 0xB4, 0x55, 0xE1, 0x6A, 0xFE, 0xEE, 0x8E, 0x27,
    0xF6, 0xB6, 0xDE, 0xBC, 0x6E, 0xD4, 0x3B, 0x97, 0xA9, 0xA8, 0x37, 0x25, 0xE6, 0xE1, 0x9C, 0x3D,
    0x66, 0x02, 0xD8, 0x93, 0x65, 0x48, 0xC2, 0xC5, 0xCA, 0x86, 0x78, 0x95, 0x5E, 0x7B, 0x0F, 0xF0,
    0xBF, 0x79, 0x7D, 0x79, 0x96, 0x33, 0x7B, 0xCF, 0x82, 0xA4, 0xFA, 0x90, 0x0E, 0x36, 0xC5, 0xFB,
    0xE3, 0xAC, 0xBC, 0x3B, 0xFF, 0x38, 0xEE, 0xBE, 0x3F, 0x63, 0xE0, 0xAC, 0x76, 0xAB, 0x40, 0x14,
    0x6B, 0xB0, 0x21, 0xD4, 0x0A, 0x2C, 0xE5, 0xA7, 0xF0, 0x93, 0x80, 0xBE, 0xC5, 0x1B, 0xCF, 0x99,
    0x79, 0x19, 0x3E, 0x43, 0xB5, 0x36, 0x6B, 0x2A, 0x64, 0xEF, 0x6B, 0xA4, 0x1C, 0x09, 0x15, 0x63,
    0x12, 0x13, 0x6F, 0xE0, 0x28, 0xF4, 0x75, 0x23, 0xDA, 0xD1, 0xBC, 0x22, 0xEA, 0x12, 0x15, 0xB4,
    0x72, 0x44, 0x3D, 0x30, 0x43, 0xCD, 0x53, 0x22, 0x8B, 0x46, 0x5A, 0x2D, 0xE4, 0xC8, 0x94, 0x09,
    0xDB, 0xED, 0x58, 0x18, 0x8B, 0x81, 0x5D, 0xCE, 0xB4, 0x56, 0x3B, 0x53, 0x9B, 0x33, 0x28, 0xEC,
    0xE0, 0xAA, 0x87, 0x8A, 0xBB, 0xE6, 0xB8, 0x74, 0x2A, 0x6E, 0x49, 0x80, 0x7D, 0x30, 0xD9, 0x52,
    0xDC, 0x1A, 0xE5, 0x87, 0x3B, 0x9F, 0x87, 0x90, 0x84, 0xFF, 0xC2, 0x9B, 0x61, 0x48, 0xAC, 0x38,
    0x72, 0x99, 0x77, 0xFF, 0x4F, 0x42, 0xD2, 0xB9, 0x27, 0xBF, 0x3B, 0xC3, 0xF3, 0x70, 0x61, 0x33,
    0xEE, 0x6F, 0x9E, 0x98, 0x37, 0x6F, 0xD8, 0xC6, 0x27, 0xDB, 0x44, 0x54, 0x46, 0x93, 0x9D, 0x69,
    0x9B, 0x76, 0xDE, 0x74, 0xB6, 0x09, 0x07, 0xD9, 0x5C, 0xD1, 0xAB, 0x98, 0x6D, 0x41, 0x7F, 0x6C,
    0x5A, 0xF1, 0x33, 0xDE, 0x30, 0xF2, 0x57, 0x7A, 0x84, 0xE5, 0xAA, 0x46, 0xDD, 0xD4, 0xAE, 0x68,
    0x4C, 0xEA, 0x6F, 0xC2, 0x41, 0x5B, 0x3C, 0xCE, 0xF0, 0x9E, 0x0D, 0x06, 0xB4, 0x2F, 0x26, 0xC5,
    0xFA, 0x17, 0xEE, 0x31, 0x14, 0x18, 0xD2, 0x0F, 0x16, 0x93, 0x7C, 0x89, 0x47, 0xDB, 0x68, 0x44,
    0xAA, 0x66, 0x84, 0x7F, 0xFB, 0xA2, 0x12, 0x56, 0xE1, 0xB7, 0xBB, 0xF1, 0x70, 0xB7, 0x68, 0x62,
    0x51, 0xC5, 0xAA, 0x8B, 0x55, 0x19, 0xAB, 0x36, 0x56, 0x75, 0xAC, 0xFA, 0x30, 0x85, 0xAC, 0x1A,
    0x59, 0x55, 0xB2, 0xEA, 0x64, 0x55, 0xCA, 0xAA, 0x95, 0x55, 0x2D, 0xAB, 0x5E, 0x16, 0xC5, 0xE4,
    0x8B, 0x66, 0x76, 0xB3, 0x6A, 0x24, 0xBF, 0x42, 0x37, 0x82, 0x73, 0x74, 0x50, 0x31, 0xDC, 0xA7,
    0xDE, 0xD4, 0xF3, 0x1C, 0xBB, 0x32, 0xF4, 0xE3, 0x49, 0xE6, 0xBD, 0x59, 0x4D, 0xEF, 0xCC, 0xEA,
    0x51, 0x48, 0xB2, 0xFB, 0x33, 0x3F, 0xA5, 0xA8, 0x76, 0xA7, 0x5E, 0x1A, 0x48, 0xFA, 0x4E, 0x04,
    0x80, 0x33, 0x89, 0x5F, 0xED, 0x1A, 0xB0, 0x48, 0xAC, 0xC4, 0xC2, 0x96, 0x4F, 0x28, 0xCC, 0xB5,
    0xBE, 0x2B, 0x85, 0x5D, 0x2D, 0x78, 0xDB, 0xB9, 0xE8, 0x28, 0x3A, 0xEB, 0x3A, 0xB8, 0x86, 0x17,
    0xC7, 0xED, 0x64, 0x69, 0x15, 0x7D, 0xE1, 0xCC, 0xDB, 0x6C, 0x07, 0x5E, 0x94, 0x19, 0x70, 0xA3,
    0xEC, 0x80, 0x1F, 0x84, 0x8D, 0x72, 0x04, 0x96, 0xC0, 0x93, 0xB5, 0x32, 0x8A, 0xDC, 0x7C, 0x24,
    0x57, 0xED, 0xD4, 0x6B, 0xBF, 0x04, 0x88, 0xCC, 0x68, 0x56, 0x9B, 0xFC, 0xA0, 0xA5, 0x09, 0x74,
    0x8A, 0x82, 0x0E, 0xF7, 0xA8, 0xF8, 0x3A, 0x0D, 0xAA, 0x1A, 0x01, 0x46, 0xB6, 0x4E, 0xB1, 0xAC,
    0x67, 0x96, 0x79, 0xED, 0x75, 0x03, 0x05, 0x93, 0x1D, 0x3B, 0x20, 0xF5, 0xBF, 0x47, 0x0E, 0x9A,
    0x90, 0x47, 0x92, 0x30, 0x47, 0xD5, 0xA9, 0xF5, 0x75, 0x8B, 0x32, 0xBB, 0xD5, 0x12, 0xB8, 0x68,
    0xB4, 0x1D, 0x2B, 0x1A, 0x45, 0xEB, 0xCA, 0x48, 0xAD, 0x55, 0x18, 0x52, 0x9E, 0x43, 0xC6, 0x63,
    0xC0, 0x4B, 0x47, 0xB1, 0x58, 0x9E, 0xB0, 0xDE, 0x12, 0x4D, 0x77, 0x2F, 0xD0, 0x88, 0x7C, 0x30,
    0x20, 0xAE, 0x5A, 0x14, 0xB2, 0x6A, 0x58, 0x84, 0xD6, 0xF5, 0x77, 0xF2, 0x7D, 0x15, 0x2C, 0x62,
    0xFF, 0xAB, 0x9B, 0xFA, 0x3F, 0xDA, 0x54, 0xCB, 0xA6, 0x79, 0xE4, 0x46, 0x15, 0x25, 0x1B, 0x55,
    0x95, 0xF8, 0x24, 0x94, 0xD5, 0x59, 0xC7, 0x50, 0x8C, 0xD6, 0xBF, 0x8A, 0x7F, 0x65, 0xD6, 0x8F,
    0xE6, 0xF3, 0xA6, 0xCC, 0xAC, 0x2D, 0xC7, 0x11, 0xFA, 0x68, 0xD2, 0x94, 0xA7, 0xBE, 0x90, 0x6A,
    0x9F, 0xBA, 0x83, 0xE3, 0x8B, 0x0A, 0xA1, 0x40, 0x42, 0xEF, 0xA0, 0x6D, 0x11, 0x94, 0xD8, 0x59,
    0x8E, 0x06, 0xEF, 0x21, 0xCD, 0x55, 0xB3, 0xA9, 0xD2, 0xBB, 0x21, 0x7D, 0x1D, 0x67, 0x53, 0xFF,
    0xF0, 0xBD, 0xE3, 0xB7, 0x77, 0xE1, 0xED, 0xF6, 0xDF, 0x7C, 0x84, 0x83, 0xAE, 0x92, 0x77, 0xCE,
    0x0F, 0x97, 0xBC, 0x75, 0x8A, 0xDB, 0xE6, 0x9A, 0xA2, 0xFD, 0x0B, 0x9F, 0xDD, 0xF2, 0xF1, 0x1E,
    0xF1, 0x71, 0x7B, 0x9F, 0x5A, 0x3F, 0x12, 0xD8, 0x21, 0x67, 0xEC, 0x0A, 0xDD, 0xE6, 0xA4, 0x21,
    0xF2, 0x67, 0xA6, 0xA5, 0xB5, 0x94, 0xEE, 0xD5, 0x5C, 0x24, 0xEC, 0x35, 0xC5, 0xAB, 0x06, 0x77,
    0xA2, 0x82, 0x26, 0xA0, 0xCF, 0xA8, 0x65, 0x4F, 0x2B, 0x7A, 0x2E, 0xB9, 0xF9, 0xDC, 0x27, 0xA0,
    0x7C, 0x31, 0xC5, 0xAB, 0x2F, 0x0D, 0x72, 0xF2, 0xA0, 0x03, 0x00, 0x51, 0xDC, 0x20, 0x49, 0xBA,
    0x4F, 0xE9, 0xAD, 0x9B, 0x6D, 0x36, 0x9B, 0x0A, 0x9D, 0xC3, 0xC1, 0x92, 0xAD, 0x4B, 0x37, 0x2F,
    0x6A, 0xCA, 0xE5, 0xDE, 0x40, 0x6D, 0xED, 0x45, 0xE7, 0x0E, 0xE7, 0xA4, 0x04, 0xBA, 0xB4, 0x08,
    0xF9, 0x1E, 0x16, 0xB1, 0xFE, 0x74, 0x52, 0x43, 0x7D, 0x2A, 0x26, 0xA4, 0x49, 0x94, 0x25, 0x28,
    0xA2, 0xDD, 0xBE, 0x36, 0x2C, 0x31, 0x5B, 0x8E, 0x9F, 0x97, 0x88, 0x3B, 0x8C, 0xD2, 0x84, 0x3C,
    0x90, 0xEA, 0xE8, 0xAF, 0xDA, 0x5A, 0x64, 0x48, 0xC8, 0x45, 0x9B, 0xB2, 0x3A, 0xA6, 0x82, 0x85,
    0xED, 0xD3, 0x81, 0xD9, 0xBC, 0x5E, 0x5E, 0x98, 0xC1, 0xEC, 0x93, 0x6E, 0x3B, 0x98, 0xB1, 0x49,
    0xCA, 0xC1, 0xAC, 0x08, 0xFE, 0x62, 0xE3, 0xA4, 0x08, 0xB5, 0x5E, 0x88, 0x6F, 0xFE, 0x1C, 0x84,
    0x47, 0xB7, 0x95, 0x77, 0x6B, 0x60, 0x23, 0x09, 0xDD, 0x44, 0xE4, 0xCA, 0xA6, 0x6A, 0x60, 0x15,
    0x72, 0x77, 0xCE, 0x4D, 0x39, 0x57, 0x44, 0x5C, 0xF8, 0xB0, 0xD3, 0x06, 0x94, 0xD0, 0xF9, 0x8B,
    0x24, 0x2C, 0x4F, 0xD5, 0x5C, 0x41, 0x74, 0xF4, 0x07, 0x36, 0xD5, 0x94, 0x1F, 0x2F, 0x4D, 0xF7,
    0x11, 0x3A, 0x68, 0x74, 0xE1, 0xBE, 0xC2, 0xB0, 0xDC, 0xBA, 0x59, 0x87, 0x30, 0xD9, 0xA4, 0x2A,
    0xA4, 0x36, 0x45, 0x58, 0xC4, 0x0A, 0xD2, 0x3B, 0x61, 0x32, 0x14, 0xB3, 0xCB, 0xC0, 0xA4, 0x0F,
    0x00, 0xFB, 0x9C, 0xA3, 0x9A, 0xCA, 0x50, 0xF5, 0x2F, 0x78, 0xE0, 0x8E, 0xC4, 0x31, 0xA4, 0x3D,
    0x7B, 0x57, 0x02, 0xDA, 0x43, 0x52, 0xF2, 0xA0, 0x85, 0x60, 0x5F, 0x60, 0x90, 0xC0, 0x82, 0xE7,
    0xB0, 0xCE, 0xFA, 0x92, 0xD5, 0x59, 0xDB, 0x4B, 0x02, 0xF4, 0x12, 0xEC, 0xE9, 0x82, 0x02, 0xCC,
    0x9D, 0x62, 0x00, 0x57, 0x81, 0x4A, 0x9A, 0x04, 0x88, 0x80, 0xE8, 0x47, 0x71, 0xBB, 0x92, 0x76,
    0x05, 0x4F, 0x6E, 0x18, 0x54, 0xB8, 0xDA, 0x22, 0x5E, 0xE2, 0x9D, 0xEB, 0xDD, 0x98, 0xA6, 0x9F,
    0xEB, 0x74, 0x49, 0xE1, 0xD2, 0xB7, 0x48, 0x2F, 0xB4, 0xA4, 0x13, 0x2D, 0x8D, 0xDB, 0x18, 0x9F,
    0xC7, 0x15, 0xC1, 0xAC, 0x5B, 0x63, 0x71, 0x91, 0x6B, 0x95, 0xCC, 0x3D, 0xBA, 0x43, 0x3A, 0x5A,
    0x9A, 0x6F, 0x33, 0xBD, 0x49, 0x69, 0x15, 0xAC, 0x49, 0x6A, 0x78, 0x27, 0x71, 0x0B, 0x69, 0x5B,
    0xF3, 0xAA, 0x6A, 0xC5, 0x3B, 0x03, 0x35, 0xDE, 0xEC, 0xB2, 0xF6, 0xC2, 0x46, 0x11, 0xF0, 0x13,
    0x3E, 0x67, 0xBE, 0x4F, 0xB6, 0x8F, 0x77, 0xA5, 0xE0, 0x9D, 0x6A, 0x60, 0x83, 0x77, 0xFE, 0x45,
    0xBC, 0x8B, 0x0E, 0xF1, 0xCE, 0xF5, 0xD2, 0xB5, 0x85, 0xFA, 0x16, 0x75, 0xBC, 0xB2, 0x4A, 0xE6,
    0x1B, 0x0E, 0x02, 0xE6, 0x6A, 0x29, 0x81, 0x2A, 0x9D, 0x1A, 0xCC, 0x6F, 0x4F, 0xEA, 0x5E, 0x76,
    0x22, 0xF6, 0x9B, 0x9C, 0x6F, 0x0B, 0xA4, 0x73, 0xD1, 0xEE, 0x21, 0x40, 0xD0, 0x5E, 0x32, 0xD6,
    0xF8, 0xBA, 0x0C, 0x4B, 0xD2, 0x6E, 0x1F, 0x3F, 0x96, 0x7A, 0x45, 0x98, 0x0F, 0x05, 0x07, 0xC4,
    0x51, 0x4B, 0x59, 0x76, 0x02, 0x73, 0x35, 0xFB, 0x2A, 0xEF, 0xCA, 0x84, 0x36, 0x77, 0xFC, 0x9A,
    0x88, 0x59, 0x6A, 0xA1, 0x16, 0x20, 0x61, 0x4A, 0xAA, 0x28, 0xB9, 0x46, 0x91, 0x3E, 0x83, 0xB3,
    0x71, 0xD5, 0x67, 0x1C, 0x17, 0x05, 0xF7, 0xA3, 0x55, 0x1D, 0x8D, 0xD2, 0x8C, 0x48, 0x8F, 0x4A,
    0x5D, 0x2A, 0xE0, 0x39, 0xB0, 0x86, 0x3A, 0xC6, 0x90, 0x86, 0x15, 0x54, 0x7A, 0xD5, 0x7E, 0x1B,
    0x84, 0x2A, 0x12, 0x3E, 0xA2, 0x2B, 0x37, 0x4A, 0xCE, 0x26, 0x84, 0xA8, 0x9B, 0x42, 0x5D, 0x63,
    0x5D, 0x33, 0xFA, 0x89, 0x54, 0x93, 0x7D, 0xA0, 0x95, 0xA4, 0xAC, 0x12, 0xE6, 0x58, 0x73, 0x27,
    0xF1, 0x97, 0xAB, 0x3C, 0xB9, 0x79, 0x67, 0xAA, 0x83, 0xA8, 0x08, 0x09, 0xBE, 0xB2, 0xA2, 0xB9,
    0x52, 0x10, 0x4C, 0x75, 0xEF, 0x2F, 0x6D, 0x84, 0xBF, 0x19, 0xBB, 0xC5, 0xC3, 0x5A, 0x64, 0xA5,
    0x0A, 0x02, 0x89, 0x5D, 0x49, 0xC8, 0x74, 0xD2, 0xAC, 0xFC, 0x8C, 0x35, 0x18, 0x4E, 0x91, 0xD4,
    0x11, 0x23, 0xF3, 0x98, 0xEB, 0xBA, 0x0B, 0xA7, 0x78, 0xA0, 0x96, 0x51, 0x87, 0x9B, 0x49, 0xD6,
    0x4F, 0x97, 0x76, 0x7C, 0x3E, 0x47, 0x5E, 0x25, 0x18, 0xDA, 0x57, 0x00, 0x83, 0xB5, 0xEA, 0xDA,
    0xD1, 0x59, 0x04, 0xAF, 0xD1, 0x8A, 0x30, 0xEA, 0x6C, 0x04, 0x60, 0x30, 0x54, 0xAE, 0xD3, 0xDF,
    0x04, 0x68, 0x94, 0x8D, 0xA8, 0x36, 0x11, 0xB7, 0xE8, 0xF0, 0x3D, 0x78, 0x33, 0x7B, 0x13, 0x17,
    0xD4, 0x92, 0x62, 0xC5, 0x77, 0x03, 0xFA, 0x36, 0x26, 0x3D, 0x27, 0xE2, 0x3B, 0x15, 0x86, 0x43,
    0x00, 0x25, 0xB4, 0xA7, 0x92, 0x44, 0xED, 0x5B, 0x2E, 0x75, 0x66, 0x80, 0x82, 0x5F, 0x30, 0x44,
    0x27, 0x9B, 0x5D, 0x6C, 0xDD, 0x1B, 0x72, 0x85, 0x72, 0x99, 0xD0, 0x9C, 0x47, 0xDA, 0xED, 0x28,
    0x71, 0x7D, 0xC9, 0x48, 0x5B, 0x6B, 0x59, 0x5F, 0xD8, 0xD5, 0xF3, 0x62, 0x01, 0x8D, 0x44, 0x26,
    0x8A, 0x59, 0xCF, 0xB7, 0xCC, 0x18, 0x9C, 0x79, 0x91, 0x96, 0xA9, 0x93, 0x45, 0x38, 0xD0, 0x45,
    0x6C, 0x25, 0xC2, 0xEA, 0x60, 0x7E, 0xB4, 0xC1, 0xB5, 0x14, 0xD3, 0xEE, 0x04, 0xC6, 0xD3, 0xA2,
    0x35, 0x87, 0xF9, 0xA4, 0x1D, 0x70, 0x99, 0xB8, 0xD2, 0xB3, 0x87, 0x4F, 0x47, 0x29, 0xAD, 0xCF,
    0x17, 0x06, 0x3A, 0x07, 0x0E, 0x84, 0x05, 0xA9, 0xEF, 0x85, 0x07, 0x30, 0x01, 0x2E, 0xC0, 0x06,
    0x06, 0xB3, 0x98, 0xCB, 0xD6, 0x98, 0x5F, 0x62, 0xF0, 0xED, 0x55, 0xA8, 0x0A, 0xB5, 0x7E, 0x56,
    0x6E, 0x94, 0x1D, 0xF0, 0x03, 0x86, 0xCC, 0xA1, 0x0A, 0xD8, 0x47, 0xDD, 0x7B, 0xC3, 0xD4, 0xF1,
    0xB9, 0x4D, 0x7B, 0x50, 0x8D, 0x47, 0xA6, 0xBA, 0xD4, 0x40, 0xA3, 0x22, 0x9B, 0x73, 0x9D, 0x87,
    0xF8, 0xF3, 0xA3, 0x36, 0xA8, 0xDB, 0x84, 0x07, 0xFF, 0xA2, 0x34, 0x1A, 0x10, 0x22, 0x3A, 0xF5,
    0x69, 0x14, 0xE6, 0x02, 0x61, 0x40, 0x50, 0x4E, 0x04, 0x15, 0x38, 0x48, 0xAD, 0xB8, 0xF3, 0x67,
    0xD0, 0x63, 0xFC, 0x52, 0xCA, 0xE6, 0xB5, 0x19, 0x46, 0xAE, 0x7F, 0x0C, 0xA4, 0xC4, 0x3F, 0xD5,
    0x3A, 0xD9, 0x64, 0xFD, 0xDC, 0x15, 0xC3, 0x86, 0x98, 0xBD, 0x5A, 0xA3, 0x99, 0x43, 0x29, 0x22,
    0xF1, 0x91, 0xCD, 0xA2, 0xDC, 0xD5, 0xCD, 0x00, 0xD6, 0x59, 0xC9, 0xE9, 0x9C, 0x41, 0x70, 0x6E,
    0x91, 0xE3, 0x9D, 0x5B, 0x62, 0xF7, 0x65, 0xE4, 0x21, 0xCC, 0x05, 0x6A, 0x64, 0x9B, 0x90, 0xEC,
    0xF6, 0x36, 0x3A, 0x93, 0xC8, 0x6C, 0x5C, 0x8E, 0x29, 0x8B, 0x04, 0xB1, 0x36, 0x2A, 0x81, 0x56,
    0xEB, 0xFA, 0xA7, 0x83, 0x1A, 0xF1, 0xEE, 0x3D, 0xF1, 0xC5, 0xD0, 0xFA, 0x62, 0x40, 0x30, 0xCD,
    0x23, 0x68, 0x75, 0xC5, 0x90, 0xE6, 0x2E, 0xEB, 0xEA, 0xDD, 0x37, 0xBF, 0x10, 0x26, 0xB8, 0xF0,
    0xFA, 0xAA, 0x43, 0xAA, 0xA0, 0xE7, 0x7A, 0x08, 0xFD, 0xA3, 0x01, 0xF4, 0xD7, 0xA3, 0x1D, 0x47,
    0xAD, 0xF5, 0xAC, 0x77, 0xFB, 0x31, 0x34, 0xE5, 0x65, 0xAF, 0x27, 0x97, 0x21, 0xE4, 0xBB, 0x56,
    0x77, 0x14, 0x1F, 0xD3, 0xC1, 0x26, 0xFB, 0x8D, 0xFD, 0xF4, 0x54, 0xFE, 0xBD, 0xF9, 0x6F, 0x93,
    0x93, 0x39, 0xEF, 0x32, 0xDF, 0x5C, 0x99, 0x72, 0x6D, 0xC7, 0xD2, 0xC6, 0xF3, 0x9B, 0xF7, 0x05,
    0x67, 0x30, 0x86, 0x6D, 0x46, 0xEB, 0x46, 0x10, 0xF3, 0x6C, 0x3B, 0xF7, 0x7C, 0xB9, 0xB8, 0x35,
    0xD2, 0x07, 0x13, 0x7D, 0x44, 0xC5, 0xFB, 0xE3, 0x75, 0x77, 0xC7, 0x45, 0x6F, 0x2E, 0xE5, 0xF8,
    0x30, 0x17, 0xB7, 0x5A, 0x82, 0xA8, 0x32, 0xB8, 0x3C, 0x15, 0x33, 0x22, 0x43, 0x69, 0xEB, 0xCD,
    0x77, 0xAD, 0x38, 0x1D, 0x70, 0x0B, 0xD0, 0x52, 0x79, 0x44, 0xF5, 0xE1, 0x2C, 0x2D, 0xBF, 0x26,
    0x33, 0x97, 0x8A, 0xDD, 0xAB, 0x93, 0x64, 0x26, 0x0B, 0x7F, 0x65, 0x70, 0x2D, 0x57, 0x80, 0xE1,
    0x62, 0x2A, 0x57, 0x1F, 0xFB, 0x74, 0xE7, 0x9E, 0x17, 0x77, 0x91, 0x52, 0xEE, 0x2B, 0x5C, 0xD2,
    0x6B, 0xA1, 0x7D, 0x65, 0x5B, 0x68, 0x07, 0xB9, 0x92, 0xB8, 0x51, 0xC2, 0x35, 0x9E, 0x70, 0x99,
    0x71, 0xAE, 0x97, 0x6F, 0xA4, 0x4D, 0x75, 0x40, 0x63, 0x8A, 0x4C, 0xA7, 0x03, 0x18, 0xFB, 0x07,
    0xCC, 0x5F, 0xF0, 0x1E, 0xE9, 0x71, 0xAE, 0x77, 0xF4, 0x60, 0x82, 0xC9, 0x43, 0x61, 0x6D, 0xE0,
    0x67, 0x28, 0x93, 0xDE, 0xC7, 0x64, 0x59, 0x87, 0xDC, 0x92, 0x97, 0x4B, 0xD8, 0xD8, 0x48, 0x0E,
    0x02, 0xC3, 0x9B, 0xFD, 0x17, 0xE9, 0xA3, 0xDE, 0x43, 0xFA, 0xBD, 0x8F, 0xC1, 0x08, 0xBD, 0x7B,
    0xC3, 0xB9, 0x67, 0xA2, 0x09, 0x01, 0xF9, 0x74, 0x40, 0xDB, 0xF0, 0x5C, 0x08, 0xF7, 0x80, 0xA5,
    0x92, 0xB8, 0x85, 0xDB, 0x0D, 0x20, 0x84, 0x83, 0xD2, 0x09, 0xC8, 0xEF, 0x6D, 0x00, 0x8E, 0xA4,
    0xE7, 0x61, 0xD7, 0xF4, 0x51, 0xDD, 0xDD, 0x42, 0xAA, 0xFC, 0x10, 0x7F, 0x8B, 0xFC, 0x4D, 0xF1,
    0xA0, 0x00, 0x2C, 0xA4, 0x20, 0x31, 0xD9, 0x4C, 0x45, 0x49, 0x28, 0xEC, 0x5E, 0xBB, 0xA9, 0x25,
    0x20, 0x66, 0x51, 0x7D, 0xAA, 0xBD, 0xC5, 0xC8, 0x06, 0x68, 0xB9, 0xC1, 0x66, 0x52, 0xA6, 0xF2,
    0xED, 0x8C, 0x65, 0xEB, 0xF7, 0xAC, 0x8A, 0x7F, 0xED, 0xD0, 0x0D, 0x55, 0xB7, 0xE7, 0xFF, 0x66,
    0xE6, 0x7F, 0x40, 0xB2, 0x9F, 0x8A, 0xD1, 0x12, 0x1D, 0xC3, 0x71, 0x88, 0x70, 0xB2, 0xAA, 0x4E,
    0x05, 0x7A, 0x9E, 0x46, 0xFD, 0xAC, 0xD3, 0xD3, 0x40, 0x70, 0x42, 0x50, 0x24, 0x90, 0x51, 0x46,
    0xA3, 0xFB, 0x41, 0xC7, 0x67, 0xF4, 0x9D, 0x49, 0x38, 0xBE, 0x8F, 0x01, 0xD2, 0xB8, 0x14, 0x3B,
    0x89, 0xFD, 0x77, 0x0F, 0x63, 0x0E, 0x16, 0xA2, 0x9A, 0xCF, 0x75, 0x9A, 0xAD, 0x9D, 0x70, 0xAB,
    0xED, 0x94, 0xD4, 0x10, 0x1C, 0xB2, 0x52, 0x90, 0x2A, 0x12, 0xA9, 0xB3, 0xEA, 0xBA, 0xD3, 0xD5,
    0x61, 0xB8, 0xB5, 0xFC, 0xE1, 0x56, 0x6E, 0x2A, 0xF3, 0xE0, 0x41, 0xBE, 0xF9, 0xEF, 0x32, 0x40,
    0x69, 0xE5, 0x8F, 0xB7, 0x01, 0x40, 0x2D, 0xF7, 0xFF, 0x32, 0xD3, 0x17, 0x93, 0x05, 0xE7, 0x6A,
    0x39, 0xEF, 0xB1, 0xB5, 0xE3, 0xF3, 0xAB, 0x11, 0xD1, 0xD1, 0x22, 0xCE, 0x24, 0x1F, 0x68, 0x94,
    0x21, 0xC8, 0x10, 0x63, 0x08, 0x31, 0x44, 0x98, 0x05, 0x18, 0xE2, 0x0B, 0xE1, 0xE5, 0xCF, 0xC8,
    0xD7, 0x2C, 0xB1, 0x85, 0xD0, 0x4A, 0xAC, 0xAE, 0x18, 0xE7, 0xB8, 0x42, 0x58, 0x21, 0xAA, 0x34,
    0xA8, 0x10, 0x53, 0x08, 0x29, 0x44, 0x94, 0xBF, 0xF4, 0x68, 0x07, 0x68, 0x92, 0x62, 0x18, 0xA8,
    0xEB, 0x74, 0xBA, 0x76, 0x6A, 0xC8, 0x06, 0xD5, 0xEB, 0xCB, 0x90, 0xD0, 0x43, 0x3C, 0x4F, 0x6A,
    0xCA, 0x39, 0x2B, 0x88, 0xE9, 0x1E, 0x12, 0x74, 0x8F, 0x69, 0x08, 0xCE, 0xDA, 0x30, 0x75, 0x78,
    0xD3, 0xE9, 0xB6, 0x75, 0xB5, 0x01, 0x4F, 0x85, 0x24, 0x81, 0xC1, 0x29, 0x82, 0x86, 0xCF, 0x84,
    0x42, 0xF2, 0xC7, 0xCD, 0x0F, 0xFE, 0x5F, 0xEC, 0xF7, 0x77, 0x4D, 0x8F, 0xBD, 0x0D, 0xC2, 0x30,
    0x14, 0x84, 0x2F, 0x76, 0x91, 0x82, 0x82, 0x11, 0xCC, 0x06, 0x1E, 0x01, 0x31, 0x07, 0x8B, 0xD0,
    0x25, 0xE3, 0x20, 0xB1, 0x02, 0x22, 0xD9, 0x84, 0xF4, 0x34, 0x94, 0x2E, 0x12, 0x1F, 0xF7, 0x6C,
    0x47, 0xC2, 0xF2, 0xCF, 0xE7, 0xA7, 0xEF, 0x9D, 0x6C, 0xE0, 0x6F, 0xDC, 0xDA, 0xD9, 0xE5, 0x06,
    0x3D, 0xC7, 0x0A, 0x81, 0x4B, 0x85, 0x81, 0xA9, 0x2A, 0x64, 0x6E, 0xCA, 0xA7, 0x4A, 0x61, 0x41,
    0x2C, 0xD2, 0x00, 0xF8, 0x54, 0x94, 0x96, 0xD4, 0xF3, 0x72, 0x87, 0x49, 0x81, 0xEF, 0x0C, 0x4B,
    0x1A, 0x48, 0x42, 0x49, 0x4A, 0x51, 0x8C, 0x66, 0x2F, 0x58, 0x75, 0x1B, 0x83, 0x60, 0xF1, 0x5A,
    0x67, 0xC1, 0x78, 0x24, 0x53, 0x34, 0x57, 0x0D, 0xDF, 0x03, 0xB9, 0x59, 0xC3, 0xEC, 0xE4, 0x7A,
    0xAB, 0x62, 0x2A, 0xB0, 0x02, 0x91, 0xF9, 0x21, 0x05, 0x90, 0x64, 0x0A, 0xE0, 0x0A, 0xD8, 0x7B,
    0xA6, 0xCD, 0x9B, 0x22, 0x29, 0x75, 0xA6, 0x48, 0x12, 0xCC, 0x06, 0x6E, 0x75, 0xAC, 0xFF, 0x7A,
    0x5D, 0xD7, 0x0A, 0xB1, 0x2A, 0x96, 0x34, 0x57, 0xD8, 0x15, 0xE0, 0xB9, 0xC3, 0xC9, 0xB6, 0x1F,
    0x63, 0x60, 0x60, 0x60, 0x64, 0x00, 0x83, 0x7A, 0x30, 0xC9, 0xFC, 0x0F, 0x48, 0x68, 0x3B, 0x97,
    0x3F, 0x00, 0x52, 0x8C, 0x4C, 0xCA, 0x17, 0x18, 0x18, 0x0F, 0x48, 0x39, 0x38, 0x7E, 0x10, 0x09,
    0xBE, 0x50, 0x7F, 0xE8, 0xC3, 0x1E, 0xDB, 0x6F, 0x0F, 0xF6, 0x3F, 0xFF, 0xBA, 0x6F, 0xDF, 0xEF,
    0x07, 0x3B, 0xFF, 0x83, 0xC0, 0x05, 0x85, 0xFD, 0xF5, 0xD7, 0x5F, 0xAF, 0x6F, 0x80, 0x98, 0xE0,
    0x02, 0xA1, 0x98, 0xEE, 0x41, 0x68, 0x86, 0x0E, 0x06, 0x54, 0xF0, 0x07, 0x42, 0x31, 0xFF, 0x07,
    0x91, 0x8C, 0xFF, 0xD8, 0xFB, 0x19, 0x98, 0x2E, 0x88, 0xF0, 0xFF, 0x77, 0xBF, 0xEF, 0xC0, 0xF4,
    0xC0, 0xC6, 0x9E, 0xBD, 0xF9, 0xBF, 0x03, 0xC3, 0x87, 0x9A, 0x3D, 0xEC, 0x0D, 0xF9, 0x0C, 0x0C,
    0xFF, 0xFF, 0xFF, 0xDA, 0xFF, 0xFF, 0x1F, 0x03, 0xE3, 0xFF, 0xD7, 0x40, 0x5B, 0x7E, 0x30, 0xB0,
    0x5F, 0x60, 0x08, 0x75, 0x00, 0x6A, 0xD2, 0x87, 0xDA, 0x64, 0x0B, 0x35, 0x51, 0x00, 0xC9, 0x74,
    0xA6, 0x03, 0x40, 0xFC, 0x81, 0xE9, 0x0B, 0xC3, 0x17, 0xEE, 0x3F, 0x0C, 0x15, 0xFC, 0x7A, 0x02,
    0x7B, 0xEC, 0xE4, 0xEC, 0xFF, 0xFF, 0xFF, 0x6B, 0xFF, 0xFA, 0xDB, 0x0F, 0x00,
};

static const EpdGlyph arabic_18_boldGlyphs[] = {
    { 43, 14, 685, 0, 7, 151, 0 }, // U+0600
    { 56, 12, 890, 0, -1, 168, 151 }, // U+0601
    { 43, 14, 679, 0, 7, 151, 319 }, // U+0602
    { 51, 14, 818, 0, 7, 179, 470 }, // U+0603
    { 82, 25, 1307, 0, 16, 513, 649 }, // U+0604
    { 46, 10, 745, 0, 30, 115, 1162 }, // U+0605
    { 24, 29, 380, 0, 29, 174, 1277 }, // U+0606
    { 24, 31, 380, 0, 31, 186, 1451 }, // U+0607
    { 46, 29, 739, 0, 18, 334, 1637 }, // U+0608
    { 27, 29, 454, 1, 27, 196, 1971 }, // U+0609
    { 35, 29, 583, 1, 27, 254, 2167 }, // U+060A
    { 18, 40, 303, 0, 31, 180, 2421 }, // U+060B
    { 7, 11, 194, 2, 10, 20, 2601 }, // U+060C
    { 13, 16, 219, 0, 8, 52, 2621 }, // U+060D
    { 37, 17, 586, 0, 16, 158, 2673 }, // U+060E
    { 26, 38, 372, 0, 21, 247, 2831 }, // U+060F
    { 12, 11, 0, 1, 32, 33, 3078 }, // U+0610
    { 11, 11, 0, 1, 32, 31, 3111 }, // U+0611
    { 12, 10, 0, 0, 32, 30, 3142 }, // U+0612
    { 16, 12, 0, 1, 33, 48, 3172 }, // U+0613
    { 17, 6, 0, 0, 28, 26, 3220 }, // U+0614
    { 12, 11, 0, 0, 53, 33, 3246 }, // U+0615
    { 15, 14, 0, 0, 56, 53, 3279 }, // U+0616
    { 7, 12, 0, 0, 54, 21, 3332 }, // U+0617
    { 7, 5, 0, 1, 26, 9, 3353 }, // U+0618
    { 8, 11, 0, 1, 32, 22, 3362 }, // U+0619
    { 7, 5, 0, 1, -3, 9, 3384 }, // U+061A
    { 9, 27, 204, 1, 26, 61, 3393 }, // U+061B
    { 0, 0, 360, 0, 0, 0, 3454 }, // U+061C
    { 17, 30, 347, 2, 28, 128, 3454 }, // U+061D
    { 11, 11, 173, 0, 10, 31, 3582 }, // U+061E
    { 19, 29, 307, 0, 28, 138, 3613 }, // U+061F
    { 31, 35, 493, 0, 18, 272, 3751 }, // U+0620
    { 17, 20, 282, 0, 17, 85, 4023 }, // U+0621
    { 13, 33, 163, -2, 33, 108, 4108 }, // U+0622
    { 9, 37, 163, 0, 37, 84, 4216 }, // U+0623
    { 17, 36, 299, 1, 27, 153, 4300 }, // U+0624
    { 9, 40, 164, 2, 28, 90, 4453 }, // U+0625
    { 31, 30, 493, 0, 21, 233, 4543 }, // U+0626
    { 7, 28, 164, 2, 28, 49, 4776 }, // U+0627
    { 36, 27, 614, 1, 17, 243, 4825 }, // U+0628
    { 16, 30, 283, 1, 29, 120, 5068 }, // U+0629
    { 36, 23, 614, 1, 22, 207, 5188 }, // U+062A
    { 36, 28, 614, 1, 27, 252, 5395 }, // U+062B
    { 25, 34, 412, 0, 19, 213, 5647 }, // U+062C
    { 25, 34, 412, 0, 19, 213, 5860 }, // U+062D
    { 25, 43, 412, 0, 28, 269, 6073 }, // U+062E
    { 17, 21, 310, 1, 20, 90, 6342 }, // U+062F
    { 17, 29, 310, 1, 28, 124, 6432 }, // U+0630
    { 16, 24, 245, -2, 15, 96, 6556 }, // U+0631
    { 16, 33, 245, -2, 24, 132, 6652 }, // U+0632
    { 50, 27, 822, 0, 18, 338, 6784 }, // U+0633
    { 50, 38, 822, 0, 29, 475, 7122 }, // U+0634
    { 52, 26, 853, 0, 17, 338, 7597 }, // U+0635
    { 52, 34, 853, 0, 25, 442, 7935 }, // U+0636
    { 31, 29, 506, 0, 28, 225, 8377 }, // U+0637
    { 31, 29, 506, 0, 28, 225, 8602 }, // U+0638
    { 25, 36, 342, 0, 21, 225, 8827 }, // U+0639
    { 25, 45, 342, 0, 30, 282, 9052 }, // U+063A
    { 34, 33, 545, 1, 32, 281, 9334 }, // U+063B
    { 34, 41, 545, 1, 27, 349, 9615 }, // U+063C
    { 31, 29, 493, 0, 20, 225, 9964 }, // U+063D
    { 31, 27, 493, 0, 18, 210, 10189 }, // U+063E
    { 31, 31, 493, 0, 22, 241, 10399 }, // U+063F
    { 14, 7, 173, 0, 6, 25, 10640 }, // U+0640
    { 36, 32, 614, 1, 31, 288, 10665 }, // U+0641
    { 30, 34, 499, 0, 26, 255, 10953 }, // U+0642
    { 33, 29, 559, 1, 28, 240, 11208 }, // U+0643
    { 26, 37, 445, 0, 28, 241, 11448 }, // U+0644
    { 20, 32, 329, 0, 17, 160, 11689 }, // U+0645
    { 26, 30, 445, 0, 21, 195, 11849 }, // U+0646
    { 28, 22, 463, 0, 21, 154, 12044 }, // U+0647
    { 17, 25, 299, 1, 16, 107, 12198 }, // U+0648
    { 31, 27, 493, 0, 18, 210, 12305 }, // U+0649
    { 31, 36, 493, 0, 18, 279, 12515 }, // U+064A
    { 10, 10, 0, 1, 32, 25, 12794 }, // U+064B
    { 14, 11, 0, 0, 33, 39, 12819 }, // U+064C
    { 10, 10, 0, 1, -1, 25, 12858 }, // U+064D
    { 10, 6, 0, 1, 28, 15, 12883 }, // U+064E
    { 11, 11, 0, 0, 32, 31, 12898 }, // U+064F
    { 10, 6, 0, 1, -1, 15, 12929 }, // U+0650
    { 12, 8, 0, 0, 30, 24, 12944 }, // U+0651
    { 8, 9, 0, 1, 32, 18, 12968 }, // U+0652
    { 13, 6, 0, 0, 28, 20, 12986 }, // U+0653
    { 9, 11, 0, 1, 32, 25, 13006 }, // U+0654
    { 9, 11, 0, 1, -1, 25, 13031 }, // U+0655
    { 5, 8, 0, 1, -1, 10, 13056 }, // U+0656
    { 11, 11, 0, 1, 33, 31, 13066 }, // U+0657
    { 9, 6, 0, 0, 28, 14, 13097 }, // U+0658
    { 10, 4, 0, 1, 27, 10, 13111 }, // U+0659
    { 10, 8, 0, 0, 29, 20, 13121 }, // U+065A
    { 10, 9, 0, 0, 29, 23, 13141 }, // U+065B
    { 7, 7, 0, 0, -2, 13, 13164 }, // U+065C
    { 11, 11, 0, 2, 32, 31, 13177 }, // U+065D
    { 10, 12, 0, 1, 33, 30, 13208 }, // U+065E
    { 12, 10, 0, 0, -2, 30, 13238 }, // U+065F
    { 9, 9, 207, 2, 16, 21, 13268 }, // U+0660
    { 10, 27, 200, 1, 26, 68, 13289 }, // U+0661
    { 19, 27, 326, 1, 26, 129, 13357 }, // U+0662
    { 22, 27, 370, 1, 26, 149, 13486 }, // U+0663
    { 18, 27, 295, 1, 26, 122, 13635 }, // U+0664
    { 18, 21, 341, 2, 21, 95, 13757 }, // U+0665
    { 19, 27, 336, 0, 26, 129, 13852 }, // U+0666
    { 24, 28, 383, 0, 27, 168, 13981 }, // U+0667
    { 24, 27, 383, 0, 26, 162, 14149 }, // U+0668
    { 19, 26, 326, 0, 26, 124, 14311 }, // U+0669
    { 19, 29, 325, 1, 27, 138, 14435 }, // U+066A
    { 10, 15, 163, 0, 8, 38, 14573 }, // U+066B
    { 10, 15, 163, 1, 26, 38, 14611 }, // U+066C
    { 19, 19, 299, 0, 18, 91, 14649 }, // U+066D
    { 36, 18, 614, 1, 17, 162, 14740 }, // U+066E
    { 30, 25, 499, 0, 17, 188, 14902 }, // U+066F
    { 5, 8, 0, 1, 30, 10, 15090 }, // U+0670
    { 13, 37, 163, -1, 37, 121, 15100 }, // U+0671
    { 13, 37, 163, -1, 37, 121, 15221 }, // U+0672
    { 13, 40, 164, -3, 28, 130, 15342 }, // U+0673
    { 17, 20, 282, 0, 22, 85, 15472 }, // U+0674
    { 25, 28, 446, 2, 28, 175, 15557 }, // U+0675
    { 35, 31, 581, 1, 22, 272, 15732 }, // U+0676
    { 35, 36, 581, 1, 27, 315, 16004 }, // U+0677
    { 48, 31, 775, 0, 22, 372, 16319 }, // U+0678
    { 36, 29, 614, 1, 28, 261, 16691 }, // U+0679
    { 36, 29, 614, 1, 28, 261, 16952 }, // U+067A
    { 36, 33, 614, 1, 17, 297, 17213 }, // U+067B
    { 36, 28, 614, 1, 22, 252, 17510 }, // U+067C
    { 36, 28, 614, 1, 27, 252, 17762 }, // U+067D
    { 36, 31, 614, 1, 17, 279, 18014 }, // U+067E
    { 36, 27, 614, 1, 26, 243, 18293 }, // U+067F
    { 36, 32, 614, 1, 17, 288, 18536 }, // U+0680
    { 25, 46, 412, 0, 31, 288, 18824 }, // U+0681
    { 25, 49, 412, 0, 34, 307, 19112 }, // U+0682
    { 26, 34, 412, 0, 19, 221, 19419 }, // U+0683
    { 25, 34, 412, 0, 19, 213, 19640 }, // U+0684
    { 25, 48, 412, 0, 33, 300, 19853 }, // U+0685
    { 26, 34, 412, 0, 19, 221, 20153 }, // U+0686
    { 26, 34, 412, 0, 19, 221, 20374 }, // U+0687
    { 17, 35, 310, 1, 34, 149, 20595 }, // U+0688
    { 17, 26, 310, 1, 20, 111, 20744 }, // U+0689
    { 17, 29, 310, 1, 20, 124, 20855 }, // U+068A
    { 17, 43, 310, 1, 34, 183, 20979 }, // U+068B
    { 17, 29, 310, 1, 28, 124, 21162 }, // U+068C
    { 17, 29, 310, 1, 20, 124, 21286 }, // U+068D
    { 17, 34, 310, 1, 33, 145, 21410 }, // U+068E
    { 17, 34, 310, 1, 33, 145, 21555 }, // U+068F
    { 17, 33, 310, 1, 32, 141, 21700 }, // U+0690
    { 17, 39, 245, -2, 30, 166, 21841 }, // U+0691
    { 16, 36, 245, -2, 27, 144, 22007 }, // U+0692
    { 17, 24, 245, -2, 15, 102, 22151 }, // U+0693
    { 16, 32, 245, -2, 15, 128, 22253 }, // U+0694
    { 16, 31, 245, -2, 15, 124, 22381 }, // U+0695
    { 17, 32, 245, -3, 15, 136, 22505 }, // U+0696
    { 17, 33, 245, -2, 24, 141, 22641 }, // U+0697
    { 17, 38, 245, -2, 29, 162, 22782 }, // U+0698
    { 16, 37, 245, -2, 28, 148, 22944 }, // U+0699
    { 50, 33, 822, 0, 24, 413, 23092 }, // U+069A
    { 50, 31, 822, 0, 18, 388, 23505 }, // U+069B
    { 50, 42, 822, 0, 29, 525, 23893 }, // U+069C
    { 52, 26, 853, 0, 17, 338, 24418 }, // U+069D
    { 52, 39, 853, 0, 30, 507, 24756 }, // U+069E
    { 31, 32, 506, 0, 31, 248, 25263 }, // U+069F
    { 25, 50, 342, 0, 35, 313, 25511 }, // U+06A0
    { 36, 23, 614, 1, 22, 207, 25824 }, // U+06A1
    { 36, 32, 614, 1, 22, 288, 26031 }, // U+06A2
    { 36, 41, 614, 1, 31, 369, 26319 }, // U+06A3
    { 36, 37, 614, 1, 36, 333, 26688 }, // U+06A4
    { 36, 35, 614, 1, 22, 315, 27021 }, // U+06A5
    { 36, 36, 614, 1, 35, 324, 27336 }, // U+06A6
    { 30, 34, 499, 0, 26, 255, 27660 }, // U+06A7
    { 30, 39, 499, 0, 31, 293, 27915 }, // U+06A8
    { 34, 28, 545, 1, 27, 238, 28208 }, // U+06A9
    { 37, 25, 620, 1, 24, 232, 28446 }, // U+06AA
    { 34, 28, 545, 1, 27, 238, 28678 }, // U+06AB
    { 33, 32, 559, 1, 31, 264, 28916 }, // U+06AC
    { 33, 36, 559, 1, 35, 297, 29180 }, // U+06AD
    { 33, 42, 559, 1, 28, 347, 29477 }, // U+06AE
    { 34, 34, 545, 1, 33, 289, 29824 }, // U+06AF
    { 34, 34, 545, 1, 33, 289, 30113 }, // U+06B0
    { 34, 39, 545, 1, 38, 332, 30402 }, // U+06B1
    { 34, 43, 545, 1, 33, 366, 0 }, // U+06B2
    { 34, 49, 545, 1, 33, 417, 366 }, // U+06B3
    { 34, 40, 545, 1, 39, 340, 783 }, // U+06B4
    { 28, 49, 445, 0, 40, 343, 1123 }, // U+06B5
    { 26, 46, 445, 0, 37, 299, 1466 }, // U+06B6
    { 29, 51, 445, 0, 42, 370, 1765 }, // U+06B7
    { 26, 49, 445, 0, 28, 319, 2135 }, // U+06B8
    { 26, 39, 445, 0, 21, 254, 2454 }, // U+06B9
    { 26, 23, 445, 0, 14, 150, 2708 }, // U+06BA
    { 26, 36, 445, 0, 27, 234, 2858 }, // U+06BB
    { 26, 36, 445, 0, 21, 234, 3092 }, // U+06BC
    { 26, 35, 445, 0, 26, 228, 3326 }, // U+06BD
    { 28, 22, 463, 0, 21, 154, 3554 }, // U+06BE
    { 26, 43, 412, 0, 28, 280, 3708 }, // U+06BF
    { 16, 33, 283, 1, 32, 132, 3988 }, // U+06C0
    { 16, 22, 283, 1, 21, 88, 4120 }, // U+06C1
    { 16, 33, 283, 1, 32, 132, 4208 }, // U+06C2
    { 16, 30, 283, 1, 29, 120, 4340 }, // U+06C3
    { 17, 27, 299, 1, 15, 115, 4460 }, // U+06C4
    { 17, 27, 299, 1, 15, 115, 4575 }, // U+06C5
    { 17, 35, 299, 1, 26, 149, 4690 }, // U+06C6
    { 17, 36, 299, 1, 27, 153, 4839 }, // U+06C7
    { 17, 36, 299, 1, 27, 153, 4992 }, // U+06C8
    { 17, 35, 299, 1, 26, 149, 5145 }, // U+06C9
    { 17, 32, 299, 1, 23, 136, 5294 }, // U+06CA
    { 17, 37, 299, 1, 28, 158, 5430 }, // U+06CB
    { 31, 27, 493, 0, 18, 210, 5588 }, // U+06CC
    { 36, 27, 493, -5, 18, 243, 5798 }, // U+06CD
    { 31, 29, 493, 0, 20, 225, 6041 }, // U+06CE
    { 17, 32, 299, 1, 23, 136, 6266 }, // U+06CF
    { 31, 42, 493, 0, 18, 326, 6402 }, // U+06D0
    { 31, 39, 493, 0, 18, 303, 6728 }, // U+06D1
    { 35, 21, 565, 0, 20, 184, 7031 }, // U+06D2
    { 35, 32, 565, 0, 31, 280, 7215 }, // U+06D3
    { 11, 4, 195, 1, 4, 11, 7495 }, // U+06D4
    { 16, 22, 283, 1, 21, 88, 7506 }, // U+06D5
    { 17, 11, 0, 0, 53, 47, 7594 }, // U+06D6
    { 13, 13, 0, 0, 55, 43, 7641 }, // U+06D7
    { 11, 8, 0, 2, 50, 22, 7684 }, // U+06D8
    { 8, 10, 0, 0, 52, 20, 7706 }, // U+06D9
    { 9, 12, 0, 1, 54, 27, 7726 }, // U+06DA
    { 10, 9, 0, 0, 51, 23, 7753 }, // U+06DB
    { 17, 10, 0, 0, 52, 43, 7776 }, // U+06DC
    { 45, 45, 822, 3, 32, 507, 7819 }, // U+06DD
    { 36, 36, 599, 1, 28, 324, 8326 }, // U+06DE
    { 8, 10, 0, 1, 32, 20, 8650 }, // U+06DF
    { 9, 12, 0, 0, 33, 27, 8670 }, // U+06E0
    { 10, 9, 0, 1, 32, 23, 8697 }, // U+06E1
    { 8, 11, 0, 1, 28, 22, 8720 }, // U+06E2
    { 17, 10, 0, 0, 0, 43, 8742 }, // U+06E3
    { 13, 6, 0, 0, 28, 20, 8785 }, // U+06E4
    { 7, 10, 127, 1, 9, 18, 8805 }, // U+06E5
    { 13, 9, 211, 0, 8, 30, 8823 }, // U+06E6
    { 13, 9, 0, 0, 31, 30, 8853 }, // U+06E7
    { 9, 11, 0, 1, 53, 25, 8883 }, // U+06E8
    { 21, 27, 365, 1, 27, 142, 8908 }, // U+06E9
    { 11, 11, 0, 1, -2, 31, 9050 }, // U+06EA
    { 11, 11, 0, 0, 33, 31, 9081 }, // U+06EB
    { 7, 7, 0, 0, 30, 13, 9112 }, // U+06EC
    { 8, 11, 0, 1, -3, 22, 9125 }, // U+06ED
    { 17, 32, 310, 1, 31, 136, 9147 }, // U+06EE
    { 16, 36, 245, -2, 27, 144, 9283 }, // U+06EF
    { 9, 9, 207, 2, 16, 21, 9427 }, // U+06F0
    { 10, 27, 200, 1, 26, 68, 9448 }, // U+06F1
    { 19, 27, 326, 1, 26, 129, 9516 }, // U+06F2
    { 22, 27, 370, 1, 26, 149, 9645 }, // U+06F3
    { 20, 27, 336, 1, 26, 135, 9794 }, // U+06F4
    { 20, 26, 378, 2, 26, 130, 9929 }, // U+06F5
    { 17, 28, 281, 0, 26, 119, 10059 }, // U+06F6
    { 22, 28, 343, 0, 27, 154, 10178 }, // U+06F7
    { 24, 27, 383, 0, 26, 162, 10332 }, // U+06F8
    { 19, 26, 326, 0, 26, 124, 10494 }, // U+06F9
    { 50, 38, 822, 0, 29, 475, 10618 }, // U+06FA
    { 52, 34, 853, 0, 25, 442, 11093 }, // U+06FB
    { 25, 45, 342, 0, 30, 282, 11535 }, // U+06FC
    { 17, 26, 282, 0, 17, 111, 11817 }, // U+06FD
    { 20, 32, 329, 0, 17, 160, 11928 }, // U+06FE
    { 28, 32, 463, 0, 31, 224, 12088 }, // U+06FF
    { 36, 26, 614, 1, 17, 234, 12312 }, // U+0750
    { 36, 37, 614, 1, 27, 333, 12546 }, // U+0751
    { 36, 31, 614, 1, 17, 279, 12879 }, // U+0752
    { 36, 36, 614, 1, 22, 324, 13158 }, // U+0753
    { 36, 32, 614, 1, 22, 288, 13482 }, // U+0754
    { 36, 28, 614, 1, 17, 252, 13770 }, // U+0755
    { 36, 26, 614, 1, 25, 234, 14022 }, // U+0756
    { 25, 43, 412, 0, 28, 269, 14256 }, // U+0757
    { 26, 34, 412, 0, 19, 221, 14525 }, // U+0758
    { 17, 49, 310, 1, 34, 209, 14746 }, // U+0759
    { 17, 30, 310, 1, 20, 128, 14955 }, // U+075A
    { 18, 24, 245, -2, 15, 108, 15083 }, // U+075B
    { 50, 37, 822, 0, 28, 463, 15191 }, // U+075C
    { 25, 45, 342, 0, 30, 282, 15654 }, // U+075D
    { 25, 50, 342, 0, 35, 313, 15936 }, // U+075E
    { 25, 51, 342, 0, 36, 319, 16249 }, // U+075F
    { 36, 32, 614, 1, 22, 288, 16568 }, // U+0760
    { 36, 35, 614, 1, 22, 315, 16856 }, // U+0761
    { 34, 34, 545, 1, 33, 289, 17171 }, // U+0762
    { 34, 35, 545, 1, 34, 298, 17460 }, // U+0763
    { 34, 41, 545, 1, 27, 349, 17758 }, // U+0764
    { 20, 41, 329, 0, 26, 205, 18107 }, // U+0765
    { 20, 32, 329, 0, 17, 160, 18312 }, // U+0766
    { 26, 39, 445, 0, 21, 254, 18472 }, // U+0767
    { 26, 41, 445, 0, 32, 267, 18726 }, // U+0768
    { 26, 39, 445, 0, 30, 254, 18993 }, // U+0769
    { 28, 37, 445, 0, 28, 259, 19247 }, // U+076A
    { 16, 39, 245, -2, 30, 156, 19506 }, // U+076B
    { 16, 36, 245, -2, 27, 144, 19662 }, // U+076C
    { 50, 39, 822, 0, 30, 488, 19806 }, // U+076D
    { 26, 34, 412, 0, 19, 221, 20294 }, // U+076E
    { 26, 34, 412, 0, 19, 221, 20515 }, // U+076F
    { 50, 38, 822, 0, 29, 475, 20736 }, // U+0770
    { 16, 38, 245, -2, 29, 152, 21211 }, // U+0771
    { 25, 49, 412, 0, 34, 307, 21363 }, // U+0772
    { 13, 37, 211, -1, 37, 121, 21670 }, // U+0773
    { 13, 37, 211, -1, 37, 121, 21791 }, // U+0774
    { 31, 31, 493, 0, 22, 241, 21912 }, // U+0775
    { 31, 31, 493, 0, 22, 241, 22153 }, // U+0776
    { 31, 38, 493, 0, 18, 295, 22394 }, // U+0777
    { 17, 34, 299, 1, 25, 145, 22689 }, // U+0778
    { 17, 34, 299, 1, 25, 145, 22834 }, // U+0779
    { 35, 29, 565, 0, 28, 254, 22979 }, // U+077A
    { 35, 29, 565, 0, 28, 254, 23233 }, // U+077B
    { 26, 34, 412, 0, 19, 221, 23487 }, // U+077C
    { 50, 39, 822, 0, 30, 488, 23708 }, // U+077D
    { 50, 36, 822, 0, 27, 450, 24196 }, // U+077E
    { 33, 32, 559, 1, 31, 264, 24646 }, // U+077F
    { 9, 31, 164, 0, 31, 70, 24910 }, // U+0870
    { 10, 31, 164, 2, 31, 78, 24980 }, // U+0871
    { 11, 28, 164, 2, 28, 77, 25058 }, // U+0872
    { 11, 28, 164, -2, 28, 77, 25135 }, // U+0873
    { 10, 31, 164, 1, 28, 78, 25212 }, // U+0874
    { 10, 31, 164, 2, 28, 78, 25290 }, // U+0875
    { 8, 33, 164, 1, 33, 66, 25368 }, // U+0876
    { 11, 28, 164, 2, 28, 77, 25434 }, // U+0877
    { 12, 28, 164, -3, 28, 84, 25511 }, // U+0878
    { 7, 34, 164, 2, 28, 60, 25595 }, // U+0879
    { 7, 37, 164, 2, 37, 65, 25655 }, // U+087A
    { 10, 37, 164, 2, 37, 93, 25720 }, // U+087B
    { 11, 37, 164, 2, 37, 102, 25813 }, // U+087C
    { 10, 40, 164, 2, 37, 100, 25915 }, // U+087D
    { 15, 31, 164, -3, 31, 117, 26015 }, // U+087E
    { 16, 28, 164, -3, 28, 112, 26132 }, // U+087F
    { 15, 31, 164, -3, 28, 117, 26244 }, // U+0880
    { 11, 28, 164, 2, 28, 77, 26361 }, // U+0881
    { 13, 28, 164, -4, 28, 91, 26438 }, // U+0882
    { 18, 17, 233, 0, 13, 77, 26529 }, // U+0883
    { 18, 20, 233, 0, 13, 90, 26606 }, // U+0884
    { 14, 15, 173, 0, 6, 53, 26696 }, // U+0885
    { 12, 23, 215, 0, 14, 69, 26749 }, // U+0886
    { 7, 7, 121, 0, 7, 13, 26818 }, // U+0887
    { 7, 7, 121, 0, 11, 13, 26831 }, // U+0888
    { 26, 33, 445, 0, 24, 215, 26844 }, // U+0889
    { 25, 34, 412, 0, 19, 213, 27059 }, // U+088A
    { 31, 37, 506, 0, 28, 287, 27272 }, // U+088B
    { 31, 41, 506, 0, 28, 318, 27559 }, // U+088C
    { 34, 43, 545, 1, 27, 366, 27877 }, // U+088D
    { 13, 16, 186, 2, 10, 52, 28243 }, // U+088E
    { 63, 15, 990, -1, 44, 237, 28295 }, // U+0890
    { 63, 15, 990, -1, 44, 237, 28532 }, // U+0891
    { 30, 14, 0, 0, 56, 105, 28769 }, // U+0898
    { 38, 17, 0, 0, -1, 162, 28874 }, // U+0899
    { 29, 13, 0, 0, -1, 95, 29036 }, // U+089A
    { 45, 15, 0, 0, -1, 169, 29131 }, // U+089B
    { 12, 6, 0, 0, 27, 18, 29300 }, // U+089C
    { 13, 8, 0, 0, 30, 26, 29318 }, // U+089D
    { 14, 7, 0, -1, 29, 25, 29344 }, // U+089E
    { 14, 7, 0, -1, 29, 25, 29369 }, // U+089F
    { 36, 28, 614, 1, 17, 252, 29394 }, // U+08A0
    { 36, 36, 614, 1, 26, 324, 29646 }, // U+08A1
    { 25, 43, 412, 0, 28, 269, 29970 }, // U+08A2
    { 31, 29, 506, 0, 28, 225, 30239 }, // U+08A3
    { 36, 46, 614, 1, 36, 414, 0 }, // U+08A4
    { 30, 42, 499, 0, 26, 315, 414 }, // U+08A5
    { 28, 37, 445, 0, 28, 259, 729 }, // U+08A6
    { 20, 46, 329, 0, 31, 230, 988 }, // U+08A7
    { 31, 39, 493, 0, 21, 303, 1218 }, // U+08A8
    { 31, 36, 493, 0, 18, 279, 1521 }, // U+08A9
    { 24, 25, 373, 0, 15, 150, 1800 }, // U+08AA
    { 17, 27, 299, 1, 15, 115, 1950 }, // U+08AB
    { 24, 27, 387, 0, 18, 162, 2065 }, // U+08AC
    { 7, 15, 167, 2, 6, 27, 2227 }, // U+08AD
    { 17, 33, 310, 1, 20, 141, 2254 }, // U+08AE
    { 52, 30, 853, 0, 17, 390, 2395 }, // U+08AF
    { 36, 28, 545, 1, 27, 252, 2785 }, // U+08B0
    { 22, 27, 314, 1, 16, 149, 3037 }, // U+08B1
    { 16, 41, 245, -2, 32, 164, 3186 }, // U+08B2
    { 25, 36, 342, 0, 21, 225, 3350 }, // U+08B3
    { 33, 38, 559, 1, 28, 314, 3575 }, // U+08B4
    { 30, 33, 499, 0, 17, 248, 3889 }, // U+08B5
    { 36, 35, 614, 1, 25, 315, 4137 }, // U+08B6
    { 36, 39, 614, 1, 25, 351, 4452 }, // U+08B7
    { 36, 25, 614, 1, 24, 225, 4803 }, // U+08B8
    { 16, 41, 245, -2, 32, 164, 5028 }, // U+08B9
    { 31, 43, 493, 0, 25, 334, 5192 }, // U+08BA
    { 36, 23, 614, 1, 22, 207, 5526 }, // U+08BB
    { 30, 25, 499, 0, 17, 188, 5733 }, // U+08BC
    { 26, 23, 445, 0, 14, 150, 5921 }, // U+08BD
    { 36, 39, 614, 1, 25, 351, 6071 }, // U+08BE
    { 36, 35, 614, 1, 34, 315, 6422 }, // U+08BF
    { 36, 35, 614, 1, 34, 315, 6737 }, // U+08C0
    { 26, 46, 412, 0, 31, 299, 7052 }, // U+08C1
    { 34, 37, 545, 1, 36, 315, 7351 }, // U+08C2
    { 25, 51, 342, 0, 36, 319, 7666 }, // U+08C3
    { 30, 39, 499, 0, 31, 293, 7985 }, // U+08C4
    { 25, 48, 412, 0, 33, 300, 8278 }, // U+08C5
    { 26, 34, 412, 0, 19, 221, 8578 }, // U+08C6
    { 29, 52, 445, 0, 43, 377, 8799 }, // U+08C7
    { 34, 39, 545, 1, 38, 332, 9176 }, // U+08C8
    { 13, 12, 217, 0, 11, 39, 9508 }, // U+08C9
    { 13, 12, 0, 0, 34, 39, 9547 }, // U+08CA
    { 13, 13, 0, 0, 31, 43, 9586 }, // U+08CB
    { 16, 10, 0, 0, 53, 40, 9629 }, // U+08CC
    { 12, 13, 0, 0, 34, 39, 9669 }, // U+08CD
    { 10, 11, 0, 0, 32, 28, 9708 }, // U+08CE
    { 10, 11, 0, 0, -1, 28, 9736 }, // U+08CF
    { 8, 9, 0, 1, -1, 18, 9764 }, // U+08D0
    { 11, 11, 0, 0, -1, 31, 9782 }, // U+08D1
    { 11, 11, 0, 0, -1, 31, 9813 }, // U+08D2
    { 7, 10, 0, 1, -4, 18, 9844 }, // U+08D3
    { 24, 11, 0, 0, 53, 66, 9862 }, // U+08D4
    { 18, 10, 0, 0, 52, 45, 9928 }, // U+08D5
    { 8, 11, 0, 1, 53, 22, 9973 }, // U+08D6
    { 10, 11, 0, 1, 53, 28, 9995 }, // U+08D7
    { 10, 17, 0, 1, 38, 43, 10023 }, // U+08D8
    { 10, 17, 0, 1, -2, 43, 10066 }, // U+08D9
    { 25, 10, 0, 0, 52, 63, 10109 }, // U+08DA
    { 35, 11, 0, 0, 53, 97, 10172 }, // U+08DB
    { 36, 9, 0, 0, 51, 81, 10269 }, // U+08DC
    { 26, 10, 0, 0, 52, 65, 10350 }, // U+08DD
    { 19, 11, 0, 0, 53, 53, 10415 }, // U+08DE
    { 25, 14, 0, 0, 56, 88, 10468 }, // U+08DF
    { 15, 7, 0, 0, 31, 27, 10556 }, // U+08E0
    { 17, 6, 0, 0, 30, 26, 10583 }, // U+08E1
    { 20, 26, 343, 1, 42, 130, 10609 }, // U+08E2
    { 11, 11, 0, 1, -1, 31, 10739 }, // U+08E3
    { 11, 12, 0, 1, 30, 33, 10770 }, // U+08E4
    { 11, 10, 0, 2, 31, 28, 10803 }, // U+08E5
    { 11, 12, 0, 1, 1, 33, 10831 }, // U+08E6
    { 14, 17, 0, 1, 35, 60, 10864 }, // U+08E7
    { 14, 19, 0, 0, 40, 67, 10924 }, // U+08E8
    { 14, 17, 0, 1, 0, 60, 10991 }, // U+08E9
    { 5, 5, 0, 0, 30, 7, 11051 }, // U+08EA
    { 10, 5, 0, 0, 30, 13, 11058 }, // U+08EB
    { 11, 8, 0, 0, 32, 22, 11071 }, // U+08EC
    { 5, 6, 0, 0, -2, 8, 11093 }, // U+08ED
    { 10, 6, 0, 0, -2, 15, 11101 }, // U+08EE
    { 11, 8, 0, 0, -2, 22, 11116 }, // U+08EF
    { 14, 11, 0, 1, 33, 39, 11138 }, // U+08F0
    { 20, 11, 0, 0, 32, 55, 11177 }, // U+08F1
    { 14, 11, 0, 1, 0, 39, 11232 }, // U+08F2
    { 7, 10, 0, 1, 32, 18, 11271 }, // U+08F3
    { 10, 10, 0, 0, 32, 25, 11289 }, // U+08F4
    { 10, 9, 0, 1, 31, 23, 11314 }, // U+08F5
    { 10, 11, 0, 1, -1, 28, 11337 }, // U+08F6
    { 9, 10, 0, 0, 31, 23, 11365 }, // U+08F7
    { 8, 10, 0, 1, 31, 20, 11388 }, // U+08F8
    { 9, 10, 0, 0, 1, 23, 11408 }, // U+08F9
    { 8, 10, 0, 1, 1, 20, 11431 }, // U+08FA
    { 15, 10, 0, 1, 31, 38, 11451 }, // U+08FB
    { 19, 10, 0, 0, 31, 48, 11489 }, // U+08FC
    { 13, 10, 0, 0, 31, 33, 11537 }, // U+08FD
    { 14, 11, 0, 0, 32, 39, 11570 }, // U+08FE
    { 8, 12, 0, 1, 33, 24, 11609 }, // U+08FF
    { 13, 37, 163, -1, 37, 121, 11633 }, // U+FB50
    { 17, 40, 191, -2, 39, 170, 11754 }, // U+FB51
    { 36, 33, 614, 1, 17, 297, 11924 }, // U+FB52
    { 45, 31, 685, 1, 15, 349, 12221 }, // U+FB53
    { 11, 33, 190, 0, 18, 91, 12570 }, // U+FB54
    { 18, 28, 230, 0, 13, 126, 12661 }, // U+FB55
    { 36, 31, 614, 1, 17, 279, 12787 }, // U+FB56
    { 45, 29, 685, 1, 15, 327, 13066 }, // U+FB57
    { 12, 31, 215, 0, 18, 93, 13393 }, // U+FB58
    { 19, 26, 245, 0, 13, 124, 13486 }, // U+FB59
    { 36, 32, 614, 1, 17, 288, 13610 }, // U+FB5A
    { 45, 30, 685, 1, 15, 338, 13898 }, // U+FB5B
    { 12, 32, 215, 0, 18, 96, 14236 }, // U+FB5C
    { 19, 27, 245, 0, 13, 129, 14332 }, // U+FB5D
    { 36, 29, 614, 1, 28, 261, 14461 }, // U+FB5E
    { 45, 29, 685, 1, 28, 327, 14722 }, // U+FB5F
    { 12, 34, 215, 0, 33, 102, 15049 }, // U+FB60
    { 19, 29, 245, 0, 28, 138, 15151 }, // U+FB61
    { 36, 27, 614, 1, 26, 243, 15289 }, // U+FB62
    { 45, 27, 685, 1, 26, 304, 15532 }, // U+FB63
    { 12, 31, 215, 0, 30, 93, 15836 }, // U+FB64
    { 19, 27, 245, 0, 26, 129, 15929 }, // U+FB65
    { 36, 29, 614, 1, 28, 261, 16058 }, // U+FB66
    { 45, 29, 685, 1, 28, 327, 16319 }, // U+FB67
    { 11, 34, 190, 0, 33, 94, 16646 }, // U+FB68
    { 19, 29, 245, 0, 28, 138, 16740 }, // U+FB69
    { 36, 37, 614, 1, 36, 333, 16878 }, // U+FB6A
    { 44, 33, 669, 1, 32, 363, 17211 }, // U+FB6B
    { 18, 37, 303, 0, 36, 167, 17574 }, // U+FB6C
    { 23, 33, 317, 0, 32, 190, 17741 }, // U+FB6D
    { 36, 36, 614, 1, 35, 324, 17931 }, // U+FB6E
    { 44, 32, 669, 1, 31, 352, 18255 }, // U+FB6F
    { 18, 36, 303, 0, 35, 162, 18607 }, // U+FB70
    { 23, 32, 317, 0, 31, 184, 18769 }, // U+FB71
    { 25, 34, 412, 0, 19, 213, 18953 }, // U+FB72
    { 31, 34, 443, 0, 19, 264, 19166 }, // U+FB73
    { 23, 32, 377, 0, 17, 184, 19430 }, // U+FB74
    { 28, 32, 392, 0, 17, 224, 19614 }, // U+FB75
    { 26, 34, 412, 0, 19, 221, 19838 }, // U+FB76
    { 32, 34, 455, 0, 19, 272, 20059 }, // U+FB77
    { 23, 26, 377, 0, 17, 150, 20331 }, // U+FB78
    { 28, 26, 392, 0, 17, 182, 20481 }, // U+FB79
    { 26, 34, 412, 0, 19, 221, 20663 }, // U+FB7A
    { 32, 34, 455, 0, 19, 272, 20884 }, // U+FB7B
    { 23, 30, 377, 0, 17, 173, 21156 }, // U+FB7C
    { 28, 30, 392, 0, 17, 210, 21329 }, // U+FB7D
    { 26, 34, 412, 0, 19, 221, 21539 }, // U+FB7E
    { 32, 34, 455, 0, 19, 272, 21760 }, // U+FB7F
    { 23, 31, 377, 0, 17, 179, 22032 }, // U+FB80
    { 28, 31, 392, 0, 17, 217, 22211 }, // U+FB81
    { 17, 29, 310, 1, 20, 124, 22428 }, // U+FB82
    { 24, 29, 343, 1, 20, 174, 22552 }, // U+FB83
    { 17, 29, 310, 1, 28, 124, 22726 }, // U+FB84
    { 24, 29, 343, 1, 28, 174, 22850 }, // U+FB85
    { 17, 34, 310, 1, 33, 145, 23024 }, // U+FB86
    { 24, 34, 343, 1, 33, 204, 23169 }, // U+FB87
    { 17, 35, 310, 1, 34, 149, 23373 }, // U+FB88
    { 24, 35, 343, 1, 34, 210, 23522 }, // U+FB89
    { 17, 38, 245, -2, 29, 162, 23732 }, // U+FB8A
    { 22, 38, 270, -2, 29, 209, 23894 }, // U+FB8B
    { 17, 39, 245, -2, 30, 166, 24103 }, // U+FB8C
    { 22, 39, 270, -2, 30, 215, 24269 }, // U+FB8D
    { 34, 28, 545, 1, 27, 238, 24484 }, // U+FB8E
    { 38, 28, 571, 1, 27, 266, 24722 }, // U+FB8F
    { 18, 28, 272, 0, 27, 126, 24988 }, // U+FB90
    { 23, 28, 305, 0, 27, 161, 25114 }, // U+FB91
    { 34, 34, 545, 1, 33, 289, 25275 }, // U+FB92
    { 38, 34, 571, 1, 33, 323, 25564 }, // U+FB93
    { 19, 34, 272, -1, 33, 162, 25887 }, // U+FB94
    { 24, 34, 305, -1, 33, 204, 26049 }, // U+FB95
    { 34, 49, 545, 1, 33, 417, 26253 }, // U+FB96
    { 38, 49, 571, 1, 33, 466, 26670 }, // U+FB97
    { 19, 48, 272, -1, 33, 228, 27136 }, // U+FB98
    { 24, 48, 305, -1, 33, 288, 27364 }, // U+FB99
    { 34, 39, 545, 1, 38, 332, 27652 }, // U+FB9A
    { 38, 39, 571, 1, 38, 371, 27984 }, // U+FB9B
    { 22, 39, 272, -4, 38, 215, 28355 }, // U+FB9C
    { 27, 39, 305, -4, 38, 264, 28570 }, // U+FB9D
    { 26, 23, 445, 0, 14, 150, 28834 }, // U+FB9E
    { 34, 22, 483, 0, 13, 187, 28984 }, // U+FB9F
    { 26, 36, 445, 0, 27, 234, 29171 }, // U+FBA0
    { 34, 36, 483, 0, 27, 306, 29405 }, // U+FBA1
    { 11, 34, 190, 0, 33, 94, 29711 }, // U+FBA2
    { 19, 29, 245, 0, 28, 138, 29805 }, // U+FBA3
    { 16, 33, 283, 1, 32, 132, 29943 }, // U+FBA4
    { 23, 36, 334, 1, 35, 207, 30075 }, // U+FBA5
    { 16, 22, 283, 1, 21, 88, 30282 }, // U+FBA6
    { 25, 16, 352, 0, 15, 100, 30370 }, // U+FBA7
    { 11, 26, 190, 0, 18, 72, 30470 }, // U+FBA8
    { 23, 20, 309, 0, 9, 115, 30542 }, // U+FBA9
    { 28, 22, 463, 0, 21, 154, 30657 }, // U+FBAA
    { 29, 27, 411, 0, 18, 196, 30811 }, // U+FBAB
    { 23, 22, 385, 0, 21, 127, 31007 }, // U+FBAC
    { 25, 27, 343, 0, 18, 169, 0 }, // U+FBAD
    { 35, 21, 565, 0, 20, 184, 169 }, // U+FBAE
    { 25, 18, 337, 0, 6, 113, 353 }, // U+FBAF
    { 35, 32, 565, 0, 31, 280, 466 }, // U+FBB0
    { 25, 29, 337, 0, 17, 182, 746 }, // U+FBB1
    { 7, 6, 119, 0, 26, 11, 928 }, // U+FBB2
    { 7, 6, 115, 0, -3, 11, 939 }, // U+FBB3
    { 12, 6, 221, 1, 26, 18, 950 }, // U+FBB4
    { 13, 6, 173, -1, -3, 20, 968 }, // U+FBB5
    { 11, 11, 173, 0, 31, 31, 988 }, // U+FBB6
    { 11, 10, 173, 0, -3, 28, 1019 }, // U+FBB7
    { 11, 11, 173, 0, 31, 31, 1047 }, // U+FBB8
    { 11, 10, 173, 0, -3, 28, 1078 }, // U+FBB9
    { 11, 10, 173, 0, 30, 28, 1106 }, // U+FBBA
    { 11, 11, 173, 0, -3, 31, 1134 }, // U+FBBB
    { 8, 7, 163, 1, -1, 14, 1165 }, // U+FBBC
    { 5, 12, 110, 1, 32, 15, 1179 }, // U+FBBD
    { 5, 12, 110, 1, -3, 15, 1194 }, // U+FBBE
    { 9, 8, 144, 0, 7, 18, 1209 }, // U+FBBF
    { 12, 11, 188, 0, 32, 33, 1227 }, // U+FBC0
    { 11, 10, 177, 0, -1, 28, 1260 }, // U+FBC1
    { 13, 9, 218, 0, 31, 30, 1288 }, // U+FBC2
    { 33, 36, 559, 1, 35, 297, 1318 }, // U+FBD3
    { 39, 36, 584, 1, 35, 351, 1615 }, // U+FBD4
    { 18, 35, 272, 0, 34, 158, 1966 }, // U+FBD5
    { 23, 35, 305, 0, 34, 202, 2124 }, // U+FBD6
    { 17, 36, 299, 1, 27, 153, 2326 }, // U+FBD7
    { 22, 37, 314, 1, 28, 204, 2479 }, // U+FBD8
    { 17, 35, 299, 1, 26, 149, 2683 }, // U+FBD9
    { 22, 36, 314, 1, 27, 198, 2832 }, // U+FBDA
    { 17, 36, 299, 1, 27, 153, 3030 }, // U+FBDB
    { 22, 37, 314, 1, 28, 204, 3183 }, // U+FBDC
    { 35, 36, 581, 1, 27, 315, 3387 }, // U+FBDD
    { 17, 37, 299, 1, 28, 158, 3702 }, // U+FBDE
    { 22, 38, 314, 1, 29, 209, 3860 }, // U+FBDF
    { 17, 27, 299, 1, 15, 115, 4069 }, // U+FBE0
    { 22, 28, 314, 1, 16, 154, 4184 }, // U+FBE1
    { 17, 35, 299, 1, 26, 149, 4338 }, // U+FBE2
    { 22, 36, 314, 1, 27, 198, 4487 }, // U+FBE3
    { 31, 42, 493, 0, 18, 326, 4685 }, // U+FBE4
    { 33, 34, 480, 0, 10, 281, 5011 }, // U+FBE5
    { 12, 33, 215, 0, 18, 99, 5292 }, // U+FBE6
    { 19, 28, 245, 0, 13, 133, 5391 }, // U+FBE7
    { 11, 19, 190, 0, 18, 53, 5524 }, // U+FBE8
    { 18, 14, 230, 0, 13, 63, 5577 }, // U+FBE9
    { 20, 31, 381, 2, 30, 155, 5640 }, // U+FBEA
    { 28, 29, 421, 2, 28, 203, 5795 }, // U+FBEB
    { 32, 31, 542, 0, 30, 248, 5998 }, // U+FBEC
    { 40, 27, 582, 0, 26, 270, 6246 }, // U+FBED
    { 29, 39, 505, 1, 30, 283, 6516 }, // U+FBEE
    { 37, 35, 545, 1, 26, 324, 6799 }, // U+FBEF
    { 29, 39, 505, 1, 30, 283, 7123 }, // U+FBF0
    { 37, 37, 545, 1, 28, 343, 7406 }, // U+FBF1
    { 29, 39, 505, 1, 30, 283, 7749 }, // U+FBF2
    { 37, 36, 545, 1, 27, 333, 8032 }, // U+FBF3
    { 29, 39, 505, 1, 30, 283, 8365 }, // U+FBF4
    { 37, 37, 545, 1, 28, 343, 8648 }, // U+FBF5
    { 41, 54, 670, 0, 30, 554, 8991 }, // U+FBF6
    { 48, 50, 710, 0, 26, 600, 9545 }, // U+FBF7
    { 26, 45, 436, 0, 30, 293, 10145 }, // U+FBF8
    { 41, 39, 670, 0, 30, 400, 10438 }, // U+FBF9
    { 48, 35, 710, 0, 26, 420, 10838 }, // U+FBFA
    { 25, 31, 421, 0, 30, 194, 11258 }, // U+FBFB
    { 31, 27, 493, 0, 18, 210, 11452 }, // U+FBFC
    { 33, 19, 480, 0, 10, 157, 11662 }, // U+FBFD
    { 12, 27, 215, 0, 18, 81, 11819 }, // U+FBFE
    { 19, 22, 245, 0, 13, 105, 11900 }, // U+FBFF
    { 38, 45, 634, 0, 30, 428, 12005 }, // U+FC00
    { 38, 45, 634, 0, 30, 428, 12433 }, // U+FC01
    { 35, 45, 587, 0, 30, 394, 12861 }, // U+FC02
    { 41, 39, 670, 0, 30, 400, 13255 }, // U+FC03
    { 41, 48, 670, 0, 30, 492, 13655 }, // U+FC04
    { 38, 34, 634, 0, 19, 323, 14147 }, // U+FC05
    { 38, 34, 634, 0, 19, 323, 14470 }, // U+FC06
    { 38, 43, 634, 0, 28, 409, 14793 }, // U+FC07
    { 35, 33, 587, 0, 18, 289, 15202 }, // U+FC08
    { 41, 27, 670, 0, 18, 277, 15491 }, // U+FC09
    { 41, 36, 670, 0, 18, 369, 15768 }, // U+FC0A
    { 39, 41, 634, 0, 26, 400, 16137 }, // U+FC0B
    { 39, 41, 634, 0, 26, 400, 16537 }, // U+FC0C
    { 39, 43, 634, 0, 28, 420, 16937 }, // U+FC0D
    { 36, 41, 587, 0, 26, 369, 17357 }, // U+FC0E
    { 42, 35, 670, 0, 26, 368, 17726 }, // U+FC0F
    { 42, 44, 670, 0, 26, 462, 18094 }, // U+FC10
    { 39, 46, 634, 0, 31, 449, 18556 }, // U+FC11
    { 36, 46, 587, 0, 31, 414, 19005 }, // U+FC12
    { 41, 40, 670, 0, 31, 410, 19419 }, // U+FC13
    { 41, 49, 670, 0, 31, 503, 19829 }, // U+FC14
    { 51, 34, 821, 0, 19, 434, 20332 }, // U+FC15
    { 48, 32, 774, 0, 17, 384, 20766 }, // U+FC16
    { 51, 34, 821, 0, 19, 434, 21150 }, // U+FC17
    { 48, 32, 774, 0, 17, 384, 21584 }, // U+FC18
    { 51, 40, 821, 0, 25, 510, 21968 }, // U+FC19
    { 51, 40, 821, 0, 25, 510, 22478 }, // U+FC1A
    { 48, 40, 774, 0, 25, 480, 22988 }, // U+FC1B
    { 62, 34, 1013, 0, 19, 527, 23468 }, // U+FC1C
    { 62, 34, 1013, 0, 19, 527, 23995 }, // U+FC1D
    { 62, 43, 1013, 0, 28, 667, 24522 }, // U+FC1E
    { 59, 33, 967, 0, 18, 487, 25189 }, // U+FC1F
    { 63, 34, 1028, 0, 19, 536, 25676 }, // U+FC20
    { 60, 32, 981, 0, 17, 480, 26212 }, // U+FC21
    { 63, 40, 1028, 0, 25, 630, 26692 }, // U+FC22
    { 63, 40, 1028, 0, 25, 630, 27322 }, // U+FC23
    { 63, 43, 1028, 0, 28, 678, 27952 }, // U+FC24
    { 60, 40, 981, 0, 25, 600, 28630 }, // U+FC25
    { 54, 43, 886, 0, 28, 581, 29230 }, // U+FC26
    { 51, 43, 839, 0, 28, 549, 29811 }, // U+FC27
    { 51, 43, 839, 0, 28, 549, 30360 }, // U+FC28
    { 48, 34, 778, 0, 19, 408, 30909 }, // U+FC29
    { 45, 34, 731, 0, 19, 383, 0 }, // U+FC2A
    { 48, 43, 778, 0, 28, 516, 383 }, // U+FC2B
    { 45, 43, 731, 0, 28, 484, 899 }, // U+FC2C
    { 46, 46, 746, 0, 31, 529, 1383 }, // U+FC2D
    { 46, 46, 746, 0, 31, 529, 1912 }, // U+FC2E
    { 46, 46, 746, 0, 31, 529, 2441 }, // U+FC2F
    { 43, 46, 700, 0, 31, 495, 2970 }, // U+FC30
    { 48, 40, 783, 0, 31, 480, 3465 }, // U+FC31
    { 48, 49, 783, 0, 31, 588, 3945 }, // U+FC32
    { 46, 46, 746, 0, 31, 529, 4533 }, // U+FC33
    { 43, 46, 700, 0, 31, 495, 5062 }, // U+FC34
    { 48, 40, 783, 0, 31, 480, 5557 }, // U+FC35
    { 48, 49, 783, 0, 31, 588, 6037 }, // U+FC36
    { 28, 29, 463, 2, 28, 203, 6625 }, // U+FC37
    { 46, 42, 716, 0, 27, 483, 6828 }, // U+FC38
    { 46, 42, 716, 0, 27, 483, 7311 }, // U+FC39
    { 46, 43, 716, 0, 28, 495, 7794 }, // U+FC3A
    { 47, 37, 747, 0, 28, 435, 8289 }, // U+FC3B
    { 43, 42, 669, 0, 27, 452, 8724 }, // U+FC3C
    { 48, 36, 752, 0, 27, 432, 9176 }, // U+FC3D
    { 48, 45, 752, 0, 27, 540, 9608 }, // U+FC3E
    { 37, 43, 622, 0, 28, 398, 10148 }, // U+FC3F
    { 37, 43, 622, 0, 28, 398, 10546 }, // U+FC40
    { 37, 43, 622, 0, 28, 398, 10944 }, // U+FC41
    { 35, 43, 575, 0, 28, 377, 11342 }, // U+FC42
    { 40, 37, 658, 0, 28, 370, 11719 }, // U+FC43
    { 40, 46, 658, 0, 28, 460, 12089 }, // U+FC44
    { 48, 34, 793, 0, 19, 408, 12549 }, // U+FC45
    { 48, 34, 793, 0, 19, 408, 12957 }, // U+FC46
    { 48, 43, 793, 0, 28, 516, 13365 }, // U+FC47
    { 45, 31, 746, 0, 16, 349, 13881 }, // U+FC48
    { 50, 25, 829, 0, 16, 313, 14230 }, // U+FC49
    { 50, 34, 829, 0, 16, 425, 14543 }, // U+FC4A
    { 38, 41, 634, 0, 26, 390, 14968 }, // U+FC4B
    { 38, 41, 634, 0, 26, 390, 15358 }, // U+FC4C
    { 38, 43, 634, 0, 28, 409, 15748 }, // U+FC4D
    { 35, 41, 587, 0, 26, 359, 16157 }, // U+FC4E
    { 41, 35, 670, 0, 26, 359, 16516 }, // U+FC4F
    { 41, 44, 670, 0, 26, 451, 16875 }, // U+FC50
    { 51, 36, 828, 0, 21, 459, 17326 }, // U+FC51
    { 48, 36, 781, 0, 21, 432, 17785 }, // U+FC52
    { 53, 30, 865, 0, 21, 398, 18217 }, // U+FC53
    { 53, 39, 865, 0, 21, 517, 18615 }, // U+FC54
    { 40, 34, 659, 0, 19, 340, 19132 }, // U+FC55
    { 40, 34, 659, 0, 19, 340, 19472 }, // U+FC56
    { 40, 43, 659, 0, 28, 430, 19812 }, // U+FC57
    { 37, 33, 612, 0, 18, 306, 20242 }, // U+FC58
    { 42, 27, 695, 0, 18, 284, 20548 }, // U+FC59
    { 42, 36, 695, 0, 18, 378, 20832 }, // U+FC5A
    { 17, 42, 310, 1, 41, 179, 21210 }, // U+FC5B
    { 16, 37, 245, -2, 28, 148, 21389 }, // U+FC5C
    { 31, 30, 493, 0, 21, 233, 21537 }, // U+FC5D
    { 14, 19, 194, -2, 41, 67, 21770 }, // U+FC5E
    { 11, 17, 190, 0, 39, 47, 21837 }, // U+FC5F
    { 12, 14, 194, 0, 36, 42, 21884 }, // U+FC60
    { 13, 18, 194, -1, 40, 59, 21926 }, // U+FC61
    { 11, 15, 190, 0, 37, 42, 21985 }, // U+FC62
    { 12, 16, 194, 0, 38, 48, 22027 }, // U+FC63
    { 37, 35, 500, -2, 26, 324, 22075 }, // U+FC64
    { 37, 35, 500, -2, 26, 324, 22399 }, // U+FC65
    { 43, 41, 627, 0, 26, 441, 22723 }, // U+FC66
    { 48, 35, 713, 0, 26, 420, 23164 }, // U+FC67
    { 48, 35, 710, 0, 26, 420, 23584 }, // U+FC68
    { 48, 44, 710, 0, 26, 528, 24004 }, // U+FC69
    { 37, 24, 500, -2, 15, 222, 24532 }, // U+FC6A
    { 37, 33, 500, -2, 24, 306, 24754 }, // U+FC6B
    { 43, 31, 627, 0, 16, 334, 25060 }, // U+FC6C
    { 48, 30, 713, 0, 21, 360, 25394 }, // U+FC6D
    { 48, 22, 710, 0, 13, 264, 25754 }, // U+FC6E
    { 48, 31, 710, 0, 13, 372, 26018 }, // U+FC6F
    { 38, 31, 515, -2, 22, 295, 26390 }, // U+FC70
    { 38, 33, 515, -2, 24, 314, 26685 }, // U+FC71
    { 44, 37, 642, 0, 22, 407, 26999 }, // U+FC72
    { 49, 31, 728, 0, 22, 380, 27406 }, // U+FC73
    { 49, 31, 725, 0, 22, 380, 27786 }, // U+FC74
    { 49, 40, 725, 0, 22, 490, 28166 }, // U+FC75
    { 38, 36, 515, -2, 27, 342, 28656 }, // U+FC76
    { 38, 36, 515, -2, 27, 342, 28998 }, // U+FC77
    { 44, 42, 642, 0, 27, 462, 29340 }, // U+FC78
    { 49, 36, 728, 0, 27, 441, 29802 }, // U+FC79
    { 49, 36, 725, 0, 27, 441, 30243 }, // U+FC7A
    { 49, 45, 725, 0, 27, 552, 30684 }, // U+FC7B
    { 53, 36, 797, 0, 27, 477, 0 }, // U+FC7C
    { 53, 45, 797, 0, 27, 597, 477 }, // U+FC7D
    { 53, 36, 797, 0, 27, 477, 1074 }, // U+FC7E
    { 53, 45, 797, 0, 27, 597, 1551 }, // U+FC7F
    { 32, 29, 496, 2, 28, 232, 2148 }, // U+FC80
    { 52, 37, 779, 0, 28, 481, 2380 }, // U+FC81
    { 47, 42, 701, 0, 27, 494, 2861 }, // U+FC82
    { 53, 36, 785, 0, 27, 477, 3355 }, // U+FC83
    { 53, 45, 785, 0, 27, 597, 3832 }, // U+FC84
    { 41, 43, 603, 0, 28, 441, 4429 }, // U+FC85
    { 46, 37, 686, 0, 28, 426, 4870 }, // U+FC86
    { 46, 46, 686, 0, 28, 529, 5296 }, // U+FC87
    { 37, 29, 565, 2, 28, 269, 5825 }, // U+FC88
    { 52, 31, 771, 0, 16, 403, 6094 }, // U+FC89
    { 37, 31, 500, -2, 22, 287, 6497 }, // U+FC8A
    { 37, 33, 500, -2, 24, 306, 6784 }, // U+FC8B
    { 43, 37, 627, 0, 22, 398, 7090 }, // U+FC8C
    { 48, 31, 713, 0, 22, 372, 7488 }, // U+FC8D
    { 48, 31, 710, 0, 22, 372, 7860 }, // U+FC8E
    { 48, 40, 710, 0, 22, 480, 8232 }, // U+FC8F
    { 33, 30, 480, 0, 21, 248, 8712 }, // U+FC90
    { 38, 24, 515, -2, 15, 228, 8960 }, // U+FC91
    { 38, 33, 515, -2, 24, 314, 9188 }, // U+FC92
    { 44, 31, 642, 0, 16, 341, 9502 }, // U+FC93
    { 49, 30, 728, 0, 21, 368, 9843 }, // U+FC94
    { 49, 22, 725, 0, 13, 270, 10211 }, // U+FC95
    { 49, 31, 725, 0, 13, 380, 10481 }, // U+FC96
    { 35, 39, 583, 0, 30, 342, 10861 }, // U+FC97
    { 35, 31, 583, 0, 30, 272, 11203 }, // U+FC98
    { 35, 31, 583, 0, 30, 272, 11475 }, // U+FC99
    { 34, 31, 565, 0, 30, 264, 11747 }, // U+FC9A
    { 32, 39, 533, 0, 30, 312, 12011 }, // U+FC9B
    { 35, 27, 583, 0, 18, 237, 12323 }, // U+FC9C
    { 35, 27, 583, 0, 18, 237, 12560 }, // U+FC9D
    { 35, 35, 583, 0, 26, 307, 12797 }, // U+FC9E
    { 34, 27, 565, 0, 18, 230, 13104 }, // U+FC9F
    { 32, 27, 533, 0, 18, 216, 13334 }, // U+FCA0
    { 36, 35, 583, 0, 26, 315, 13550 }, // U+FCA1
    { 36, 27, 583, 0, 26, 243, 13865 }, // U+FCA2
    { 36, 27, 583, 0, 26, 243, 14108 }, // U+FCA3
    { 35, 27, 565, 0, 26, 237, 14351 }, // U+FCA4
    { 33, 35, 533, 0, 26, 289, 14588 }, // U+FCA5
    { 35, 32, 565, 0, 31, 280, 14877 }, // U+FCA6
    { 48, 26, 770, 0, 17, 312, 15157 }, // U+FCA7
    { 47, 26, 752, 0, 17, 306, 15469 }, // U+FCA8
    { 48, 26, 770, 0, 17, 312, 15775 }, // U+FCA9
    { 47, 18, 752, 0, 17, 212, 16087 }, // U+FCAA
    { 48, 34, 770, 0, 25, 408, 16299 }, // U+FCAB
    { 47, 26, 752, 0, 25, 306, 16707 }, // U+FCAC
    { 59, 27, 962, 0, 18, 399, 17013 }, // U+FCAD
    { 59, 19, 962, 0, 18, 281, 17412 }, // U+FCAE
    { 59, 27, 962, 0, 26, 399, 17693 }, // U+FCAF
    { 58, 19, 944, 0, 18, 276, 18092 }, // U+FCB0
    { 60, 18, 977, 0, 17, 270, 18368 }, // U+FCB1
    { 60, 27, 977, 0, 26, 405, 18638 }, // U+FCB2
    { 59, 18, 959, 0, 17, 266, 19043 }, // U+FCB3
    { 60, 34, 977, 0, 25, 510, 19309 }, // U+FCB4
    { 60, 26, 977, 0, 25, 390, 19819 }, // U+FCB5
    { 60, 27, 977, 0, 26, 405, 20209 }, // U+FCB6
    { 59, 26, 959, 0, 25, 384, 20614 }, // U+FCB7
    { 51, 29, 835, 0, 28, 370, 20998 }, // U+FCB8
    { 50, 29, 817, 0, 28, 363, 21368 }, // U+FCB9
    { 45, 28, 727, 0, 19, 315, 21731 }, // U+FCBA
    { 43, 20, 709, 0, 19, 215, 22046 }, // U+FCBB
    { 45, 37, 727, 0, 28, 417, 22261 }, // U+FCBC
    { 43, 29, 709, 0, 28, 312, 22678 }, // U+FCBD
    { 42, 40, 695, 0, 31, 420, 22990 }, // U+FCBE
    { 42, 32, 695, 0, 31, 336, 23410 }, // U+FCBF
    { 42, 32, 695, 0, 31, 336, 23746 }, // U+FCC0
    { 41, 32, 677, 0, 31, 328, 24082 }, // U+FCC1
    { 42, 32, 695, 0, 31, 336, 24410 }, // U+FCC2
    { 41, 32, 677, 0, 31, 328, 24746 }, // U+FCC3
    { 42, 36, 665, 0, 27, 378, 25074 }, // U+FCC4
    { 42, 28, 665, 0, 27, 294, 25452 }, // U+FCC5
    { 42, 28, 665, 0, 27, 294, 25746 }, // U+FCC6
    { 31, 29, 479, 0, 28, 225, 26040 }, // U+FCC7
    { 41, 28, 647, 0, 27, 287, 26265 }, // U+FCC8
    { 34, 37, 571, 0, 28, 315, 26552 }, // U+FCC9
    { 34, 29, 571, 0, 28, 247, 26867 }, // U+FCCA
    { 34, 29, 571, 0, 28, 247, 27114 }, // U+FCCB
    { 33, 29, 553, 0, 28, 240, 27361 }, // U+FCCC
    { 31, 37, 521, 0, 28, 287, 27601 }, // U+FCCD
    { 45, 26, 742, 0, 17, 293, 27888 }, // U+FCCE
    { 45, 18, 742, 0, 17, 203, 28181 }, // U+FCCF
    { 45, 27, 742, 0, 26, 304, 28384 }, // U+FCD0
    { 44, 17, 724, 0, 16, 187, 28688 }, // U+FCD1
    { 35, 35, 583, 0, 26, 307, 28875 }, // U+FCD2
    { 35, 27, 583, 0, 26, 237, 29182 }, // U+FCD3
    { 35, 27, 583, 0, 26, 237, 29419 }, // U+FCD4
    { 34, 27, 565, 0, 26, 230, 29656 }, // U+FCD5
    { 32, 35, 533, 0, 26, 280, 29886 }, // U+FCD6
    { 48, 30, 777, 0, 21, 360, 30166 }, // U+FCD7
    { 46, 22, 759, 0, 21, 253, 30526 }, // U+FCD8
    { 23, 33, 385, 0, 32, 190, 30779 }, // U+FCD9
    { 37, 27, 608, 0, 18, 250, 30969 }, // U+FCDA
    { 37, 27, 608, 0, 18, 250, 31219 }, // U+FCDB
    { 37, 35, 608, 0, 26, 324, 0 }, // U+FCDC
    { 36, 27, 590, 0, 18, 243, 324 }, // U+FCDD
    { 34, 27, 558, 0, 18, 230, 567 }, // U+FCDE
    { 41, 27, 605, 0, 26, 277, 797 }, // U+FCDF
    { 39, 35, 573, 0, 26, 342, 1074 }, // U+FCE0
    { 41, 25, 605, 0, 16, 257, 1416 }, // U+FCE1
    { 39, 27, 573, 0, 18, 264, 1673 }, // U+FCE2
    { 42, 23, 620, 0, 22, 242, 1937 }, // U+FCE3
    { 40, 31, 588, 0, 22, 310, 2179 }, // U+FCE4
    { 42, 28, 620, 0, 27, 294, 2489 }, // U+FCE5
    { 40, 36, 588, 0, 27, 360, 2783 }, // U+FCE6
    { 65, 17, 986, 0, 16, 277, 3143 }, // U+FCE7
    { 63, 27, 954, 0, 18, 426, 3420 }, // U+FCE8
    { 65, 30, 986, 0, 29, 488, 3846 }, // U+FCE9
    { 63, 38, 954, 0, 29, 599, 4334 }, // U+FCEA
    { 35, 29, 511, 0, 28, 254, 4933 }, // U+FCEB
    { 46, 28, 679, 0, 27, 322, 5187 }, // U+FCEC
    { 40, 29, 581, 0, 28, 290, 5509 }, // U+FCED
    { 41, 23, 605, 0, 22, 236, 5799 }, // U+FCEE
    { 39, 31, 573, 0, 22, 303, 6035 }, // U+FCEF
    { 42, 25, 620, 0, 16, 263, 6338 }, // U+FCF0
    { 40, 27, 588, 0, 18, 270, 6601 }, // U+FCF1
    { 15, 30, 173, -1, 29, 113, 6871 }, // U+FCF2
    { 17, 34, 173, -3, 33, 145, 6984 }, // U+FCF3
    { 15, 31, 173, -1, 30, 117, 7129 }, // U+FCF4
    { 57, 37, 922, 0, 28, 528, 7246 }, // U+FCF5
    { 57, 46, 922, 0, 28, 656, 7774 }, // U+FCF6
    { 50, 28, 814, 0, 19, 350, 8430 }, // U+FCF7
    { 50, 37, 814, 0, 19, 463, 8780 }, // U+FCF8
    { 50, 37, 814, 0, 28, 463, 9243 }, // U+FCF9
    { 50, 46, 814, 0, 28, 575, 9706 }, // U+FCFA
    { 64, 27, 1050, 0, 18, 432, 10281 }, // U+FCFB
    { 64, 36, 1050, 0, 18, 576, 10713 }, // U+FCFC
    { 64, 38, 1050, 0, 29, 608, 11289 }, // U+FCFD
    { 64, 47, 1050, 0, 29, 752, 11897 }, // U+FCFE
    { 53, 26, 857, 0, 17, 345, 12649 }, // U+FCFF
    { 53, 35, 857, 0, 17, 464, 12994 }, // U+FD00
    { 53, 26, 857, 0, 17, 345, 13458 }, // U+FD01
    { 53, 35, 857, 0, 17, 464, 13803 }, // U+FD02
    { 53, 34, 857, 0, 25, 451, 14267 }, // U+FD03
    { 53, 43, 857, 0, 25, 570, 14718 }, // U+FD04
    { 66, 26, 1064, 0, 17, 429, 15288 }, // U+FD05
    { 66, 35, 1064, 0, 17, 578, 15717 }, // U+FD06
    { 66, 34, 1064, 0, 25, 561, 16295 }, // U+FD07
    { 66, 43, 1064, 0, 25, 710, 16856 }, // U+FD08
    { 62, 44, 1013, 0, 29, 682, 17566 }, // U+FD09
    { 62, 44, 1013, 0, 29, 682, 18248 }, // U+FD0A
    { 62, 44, 1013, 0, 29, 682, 18930 }, // U+FD0B
    { 59, 44, 967, 0, 29, 649, 19612 }, // U+FD0C
    { 53, 38, 840, -2, 29, 504, 20261 }, // U+FD0D
    { 53, 27, 840, -2, 18, 358, 20765 }, // U+FD0E
    { 54, 26, 854, -2, 17, 351, 21123 }, // U+FD0F
    { 54, 34, 854, -2, 25, 459, 21474 }, // U+FD10
    { 62, 37, 937, 0, 28, 574, 21933 }, // U+FD11
    { 62, 46, 937, 0, 28, 713, 22507 }, // U+FD12
    { 54, 27, 811, 0, 18, 365, 23220 }, // U+FD13
    { 54, 36, 811, 0, 18, 486, 23585 }, // U+FD14
    { 54, 36, 811, 0, 27, 486, 24071 }, // U+FD15
    { 54, 45, 811, 0, 27, 608, 24557 }, // U+FD16
    { 72, 25, 1091, 0, 16, 450, 25165 }, // U+FD17
    { 72, 34, 1091, 0, 16, 612, 25615 }, // U+FD18
    { 72, 38, 1091, 0, 29, 684, 26227 }, // U+FD19
    { 72, 47, 1091, 0, 29, 846, 26911 }, // U+FD1A
    { 58, 26, 872, 0, 17, 377, 27757 }, // U+FD1B
    { 58, 35, 872, 0, 17, 508, 28134 }, // U+FD1C
    { 58, 26, 872, 0, 17, 377, 28642 }, // U+FD1D
    { 58, 35, 872, 0, 17, 508, 29019 }, // U+FD1E
    { 58, 35, 872, 0, 26, 508, 29527 }, // U+FD1F
    { 58, 44, 872, 0, 26, 638, 30035 }, // U+FD20
    { 71, 26, 1082, 0, 17, 462, 30673 }, // U+FD21
    { 71, 35, 1082, 0, 17, 622, 31135 }, // U+FD22
    { 71, 34, 1082, 0, 25, 604, 0 }, // U+FD23
    { 71, 43, 1082, 0, 25, 764, 604 }, // U+FD24
    { 69, 44, 1055, 0, 29, 759, 1368 }, // U+FD25
    { 69, 44, 1055, 0, 29, 759, 2127 }, // U+FD26
    { 69, 44, 1055, 0, 29, 759, 2886 }, // U+FD27
    { 66, 44, 1008, 0, 29, 726, 3645 }, // U+FD28
    { 61, 38, 881, -2, 29, 580, 4371 }, // U+FD29
    { 61, 25, 881, -2, 16, 382, 4951 }, // U+FD2A
    { 60, 26, 872, -2, 17, 390, 5333 }, // U+FD2B
    { 60, 34, 872, -2, 25, 510, 5723 }, // U+FD2C
    { 59, 38, 962, 0, 29, 561, 6233 }, // U+FD2D
    { 59, 30, 962, 0, 29, 443, 6794 }, // U+FD2E
    { 59, 30, 962, 0, 29, 443, 7237 }, // U+FD2F
    { 58, 30, 944, 0, 29, 435, 7680 }, // U+FD30
    { 56, 27, 913, 0, 18, 378, 8115 }, // U+FD31
    { 56, 38, 913, 0, 29, 532, 8493 }, // U+FD32
    { 50, 29, 817, 0, 28, 363, 9025 }, // U+FD33
    { 66, 26, 1004, 0, 17, 429, 9388 }, // U+FD34
    { 66, 18, 1004, 0, 17, 297, 9817 }, // U+FD35
    { 66, 27, 1004, 0, 26, 446, 10114 }, // U+FD36
    { 66, 38, 1004, 0, 29, 627, 10560 }, // U+FD37
    { 66, 30, 1004, 0, 29, 495, 11187 }, // U+FD38
    { 66, 30, 1004, 0, 29, 495, 11682 }, // U+FD39
    { 55, 29, 832, 0, 28, 399, 12177 }, // U+FD3A
    { 55, 29, 832, 0, 28, 399, 12576 }, // U+FD3B
    { 17, 31, 191, 2, 30, 132, 12975 }, // U+FD3C
    { 17, 30, 164, 2, 30, 128, 13107 }, // U+FD3D
    { 15, 36, 262, 0, 27, 135, 13235 }, // U+FD3E
    { 15, 36, 262, 1, 27, 135, 13370 }, // U+FD3F
    { 57, 39, 952, 1, 34, 556, 13505 }, // U+FD40
    { 75, 45, 1244, 1, 35, 844, 14061 }, // U+FD41
    { 82, 45, 1344, 1, 35, 923, 14905 }, // U+FD42
    { 90, 45, 1471, 1, 35, 1013, 15828 }, // U+FD43
    { 95, 48, 1550, 1, 38, 1140, 16841 }, // U+FD44
    { 92, 47, 1516, 1, 37, 1081, 17981 }, // U+FD45
    { 41, 33, 691, 1, 29, 339, 19062 }, // U+FD46
    { 78, 35, 1292, 1, 30, 683, 19401 }, // U+FD47
    { 89, 39, 1463, 1, 34, 868, 20084 }, // U+FD48
    { 75, 40, 1245, 1, 35, 750, 20952 }, // U+FD49
    { 42, 32, 704, 1, 26, 336, 21702 }, // U+FD4A
    { 50, 35, 845, 1, 30, 438, 22038 }, // U+FD4B
    { 51, 32, 848, 1, 27, 408, 22476 }, // U+FD4C
    { 75, 35, 1230, 1, 30, 657, 22884 }, // U+FD4D
    { 56, 41, 934, 1, 32, 574, 23541 }, // U+FD4E
    { 66, 40, 1094, 1, 35, 660, 24115 }, // U+FD4F
    { 60, 35, 957, 0, 26, 525, 24775 }, // U+FD50
    { 71, 37, 1081, 0, 22, 657, 25300 }, // U+FD51
    { 61, 35, 975, 0, 26, 534, 25957 }, // U+FD52
    { 60, 27, 957, 0, 26, 405, 26491 }, // U+FD53
    { 60, 27, 957, 0, 26, 405, 26896 }, // U+FD54
    { 60, 35, 957, 0, 26, 525, 27301 }, // U+FD55
    { 60, 27, 957, 0, 26, 405, 27826 }, // U+FD56
    { 60, 27, 957, 0, 26, 405, 28231 }, // U+FD57
    { 79, 34, 1210, 0, 19, 672, 28636 }, // U+FD58
    { 71, 26, 1144, 0, 17, 462, 29308 }, // U+FD59
    { 81, 35, 1247, 0, 17, 709, 29770 }, // U+FD5A
    { 81, 26, 1247, 0, 17, 527, 30479 }, // U+FD5B
    { 83, 27, 1355, 0, 18, 561, 31006 }, // U+FD5C
    { 83, 27, 1355, 0, 18, 561, 0 }, // U+FD5D
    { 96, 26, 1484, 0, 17, 624, 561 }, // U+FD5E
    { 93, 34, 1429, 0, 19, 791, 1185 }, // U+FD5F
    { 82, 19, 1337, 0, 18, 390, 1976 }, // U+FD60
    { 82, 27, 1337, 0, 18, 554, 2366 }, // U+FD61
    { 90, 31, 1382, 0, 16, 698, 2920 }, // U+FD62
    { 81, 19, 1319, 0, 18, 385, 3618 }, // U+FD63
    { 93, 34, 1438, 0, 19, 791, 4003 }, // U+FD64
    { 85, 18, 1369, 0, 17, 383, 4794 }, // U+FD65
    { 89, 32, 1373, 0, 17, 712, 5177 }, // U+FD66
    { 91, 44, 1400, 0, 29, 1001, 5889 }, // U+FD67
    { 82, 30, 1337, 0, 29, 615, 6890 }, // U+FD68
    { 96, 47, 1484, 0, 29, 1128, 7505 }, // U+FD69
    { 93, 44, 1429, 0, 29, 1023, 8633 }, // U+FD6A
    { 82, 30, 1337, 0, 29, 615, 9656 }, // U+FD6B
    { 90, 44, 1382, 0, 29, 990, 10271 }, // U+FD6C
    { 81, 30, 1319, 0, 29, 608, 11261 }, // U+FD6D
    { 96, 34, 1475, 0, 25, 816, 11869 }, // U+FD6E
    { 90, 41, 1391, 0, 26, 923, 12685 }, // U+FD6F
    { 83, 27, 1351, 0, 26, 561, 13608 }, // U+FD70
    { 83, 43, 1275, 0, 28, 893, 14169 }, // U+FD71
    { 75, 29, 1209, 0, 28, 544, 15062 }, // U+FD72
    { 73, 29, 1191, 0, 28, 530, 15606 }, // U+FD73
    { 85, 46, 1312, 0, 28, 978, 16136 }, // U+FD74
    { 74, 33, 1120, 0, 18, 611, 17114 }, // U+FD75
    { 72, 33, 1102, 0, 18, 594, 17725 }, // U+FD76
    { 67, 20, 1083, 0, 19, 335, 18319 }, // U+FD77
    { 78, 27, 1186, 0, 18, 527, 18654 }, // U+FD78
    { 72, 42, 1102, 0, 27, 756, 19181 }, // U+FD79
    { 78, 45, 1186, 0, 27, 878, 19937 }, // U+FD7A
    { 78, 36, 1186, 0, 27, 702, 20815 }, // U+FD7B
    { 73, 42, 1106, 0, 27, 767, 21517 }, // U+FD7C
    { 66, 32, 1070, 0, 31, 528, 22284 }, // U+FD7D
    { 74, 42, 1135, 0, 27, 777, 22812 }, // U+FD7E
    { 72, 42, 1088, 0, 27, 756, 23589 }, // U+FD7F
    { 66, 43, 995, 0, 28, 710, 24345 }, // U+FD80
    { 71, 46, 1079, 0, 28, 817, 25055 }, // U+FD81
    { 71, 37, 1079, 0, 28, 657, 25872 }, // U+FD82
    { 59, 37, 963, 0, 28, 546, 26529 }, // U+FD83
    { 69, 43, 1042, 0, 28, 742, 27075 }, // U+FD84
    { 66, 43, 995, 0, 28, 710, 27817 }, // U+FD85
    { 58, 29, 945, 0, 28, 421, 28527 }, // U+FD86
    { 68, 43, 1024, 0, 28, 731, 28948 }, // U+FD87
    { 58, 29, 945, 0, 28, 421, 29679 }, // U+FD88
    { 69, 26, 1134, 0, 17, 449, 30100 }, // U+FD89
    { 68, 18, 1116, 0, 17, 306, 30549 }, // U+FD8A
    { 81, 35, 1247, 0, 17, 709, 30855 }, // U+FD8B
    { 69, 26, 1134, 0, 17, 449, 31564 }, // U+FD8C
    { 68, 26, 1116, 0, 17, 442, 0 }, // U+FD8D
    { 69, 35, 1134, 0, 26, 604, 442 }, // U+FD8E
    { 68, 27, 1116, 0, 26, 459, 1046 }, // U+FD8F
    { 69, 35, 1134, 0, 26, 604, 1505 }, // U+FD92
    { 71, 30, 1151, 0, 21, 533, 2109 }, // U+FD93
    { 70, 22, 1133, 0, 21, 385, 2642 }, // U+FD94
    { 58, 27, 957, 0, 26, 392, 3027 }, // U+FD95
    { 72, 31, 1103, 0, 22, 558, 3419 }, // U+FD96
    { 67, 37, 1019, 0, 22, 620, 3977 }, // U+FD97
    { 58, 35, 957, 0, 26, 508, 4597 }, // U+FD98
    { 72, 31, 1103, 0, 22, 558, 5105 }, // U+FD99
    { 71, 40, 1085, 0, 22, 710, 5663 }, // U+FD9A
    { 71, 31, 1085, 0, 22, 551, 6373 }, // U+FD9B
    { 67, 31, 1016, 0, 16, 520, 6924 }, // U+FD9C
    { 59, 27, 964, 0, 18, 399, 7444 }, // U+FD9D
    { 72, 44, 1103, 0, 26, 792, 7843 }, // U+FD9E
    { 73, 40, 1118, 0, 22, 730, 8635 }, // U+FD9F
    { 73, 31, 1118, 0, 22, 566, 9365 }, // U+FDA0
    { 73, 44, 1118, 0, 26, 803, 9931 }, // U+FDA1
    { 73, 35, 1118, 0, 26, 639, 10734 }, // U+FDA2
    { 72, 40, 1100, 0, 22, 720, 11373 }, // U+FDA3
    { 72, 31, 1100, 0, 22, 558, 12093 }, // U+FDA4
    { 81, 35, 1247, 0, 17, 709, 12651 }, // U+FDA5
    { 78, 26, 1250, 0, 17, 507, 13360 }, // U+FDA6
    { 81, 26, 1247, 0, 17, 527, 13867 }, // U+FDA7
    { 96, 35, 1484, 0, 26, 840, 14394 }, // U+FDA8
    { 96, 35, 1475, 0, 17, 840, 15234 }, // U+FDA9
    { 96, 47, 1484, 0, 29, 1128, 16074 }, // U+FDAA
    { 96, 43, 1475, 0, 25, 1032, 17202 }, // U+FDAB
    { 71, 46, 1079, 0, 28, 817, 18234 }, // U+FDAC
    { 70, 46, 1061, 0, 28, 805, 19051 }, // U+FDAD
    { 73, 35, 1118, 0, 17, 639, 19856 }, // U+FDAE
    { 73, 35, 1118, 0, 17, 639, 20495 }, // U+FDAF
    { 72, 34, 1100, 0, 16, 612, 21134 }, // U+FDB0
    { 80, 34, 1229, 0, 16, 680, 21746 }, // U+FDB1
    { 77, 45, 1172, 0, 27, 867, 22426 }, // U+FDB2
    { 72, 40, 1103, 0, 22, 720, 23293 }, // U+FDB3
    { 66, 32, 1070, 0, 31, 528, 24013 }, // U+FDB4
    { 58, 29, 945, 0, 28, 421, 24541 }, // U+FDB5
    { 78, 36, 1186, 0, 18, 702, 24962 }, // U+FDB6
    { 76, 45, 1159, 0, 27, 855, 25664 }, // U+FDB7
    { 60, 35, 975, 0, 26, 525, 26519 }, // U+FDB8
    { 81, 44, 1247, 0, 26, 891, 27044 }, // U+FDB9
    { 58, 37, 945, 0, 28, 537, 27935 }, // U+FDBA
    { 71, 42, 1076, 0, 27, 746, 28472 }, // U+FDBB
    { 66, 43, 995, 0, 28, 710, 29218 }, // U+FDBC
    { 70, 37, 1066, 0, 22, 648, 29928 }, // U+FDBD
    { 83, 35, 1265, 0, 17, 727, 30576 }, // U+FDBE
    { 83, 35, 1265, 0, 17, 727, 31303 }, // U+FDBF
    { 81, 35, 1247, 0, 17, 709, 0 }, // U+FDC0
    { 77, 45, 1172, 0, 27, 867, 709 }, // U+FDC1
    { 72, 35, 1103, 0, 17, 630, 1576 }, // U+FDC2
    { 65, 28, 1021, 0, 27, 455, 2206 }, // U+FDC3
    { 68, 28, 1101, 0, 19, 476, 2661 }, // U+FDC4
    { 82, 18, 1333, 0, 17, 369, 3137 }, // U+FDC5
    { 96, 44, 1484, 0, 26, 1056, 3506 }, // U+FDC6
    { 72, 40, 1103, 0, 22, 720, 4562 }, // U+FDC7
    { 59, 34, 980, 1, 29, 502, 5282 }, // U+FDCF
    { 69, 40, 1127, 0, 28, 690, 5784 }, // U+FDF0
    { 52, 43, 846, 0, 31, 559, 6474 }, // U+FDF1
    { 53, 44, 882, 1, 43, 583, 7033 }, // U+FDF2
    { 59, 46, 935, -2, 37, 679, 7616 }, // U+FDF3
    { 89, 36, 1459, 1, 35, 801, 8295 }, // U+FDF4
    { 94, 43, 1519, 0, 28, 1011, 9096 }, // U+FDF5
    { 97, 37, 1574, 0, 28, 898, 10107 }, // U+FDF6
    { 68, 37, 1120, 1, 28, 629, 11005 }, // U+FDF7
    { 91, 43, 1472, 0, 28, 979, 11634 }, // U+FDF8
    { 78, 37, 1271, 0, 28, 722, 12613 }, // U+FDF9
    { 41, 35, 691, 1, 29, 359, 13335 }, // U+FDFA
    { 39, 37, 625, 0, 28, 361, 13694 }, // U+FDFB
    { 48, 35, 782, 0, 27, 420, 14055 }, // U+FDFC
    { 65, 40, 1070, 1, 31, 650, 14475 }, // U+FDFE
    { 39, 33, 669, 1, 28, 322, 15125 }, // U+FDFF
    { 10, 10, 190, 1, 32, 25, 15447 }, // U+FE70
    { 14, 25, 173, 0, 24, 88, 15472 }, // U+FE71
    { 14, 11, 246, 1, 33, 39, 15560 }, // U+FE72
    { 14, 19, 160, 0, 10, 67, 15599 }, // U+FE73
    { 10, 10, 190, 1, -1, 25, 15666 }, // U+FE74
    { 10, 6, 190, 1, 28, 15, 15691 }, // U+FE76
    { 14, 21, 173, 0, 20, 74, 15706 }, // U+FE77
    { 11, 11, 206, 0, 32, 31, 15780 }, // U+FE78
    { 16, 25, 173, -2, 24, 100, 15811 }, // U+FE79
    { 10, 6, 190, 1, -1, 15, 15911 }, // U+FE7A
    { 14, 13, 173, 0, 6, 46, 15926 }, // U+FE7B
    { 12, 8, 194, 0, 30, 24, 15972 }, // U+FE7C
    { 15, 23, 173, -1, 22, 87, 15996 }, // U+FE7D
    { 8, 9, 155, 1, 32, 18, 16083 }, // U+FE7E
    { 14, 25, 173, 0, 24, 88, 16101 }, // U+FE7F
    { 17, 20, 282, 0, 17, 85, 16189 }, // U+FE80
    { 13, 33, 163, -2, 33, 108, 16274 }, // U+FE81
    { 17, 37, 191, -2, 36, 158, 16382 }, // U+FE82
    { 9, 37, 163, 0, 37, 84, 16540 }, // U+FE83
    { 15, 41, 191, 0, 40, 154, 16624 }, // U+FE84
    { 17, 36, 299, 1, 27, 153, 16778 }, // U+FE85
    { 22, 37, 314, 1, 28, 204, 16931 }, // U+FE86
    { 9, 40, 164, 2, 28, 90, 17135 }, // U+FE87
    { 13, 40, 191, 2, 28, 130, 17225 }, // U+FE88
    { 31, 30, 493, 0, 21, 233, 17355 }, // U+FE89
    { 33, 30, 480, 0, 21, 248, 17588 }, // U+FE8A
    { 11, 31, 190, 0, 30, 86, 17836 }, // U+FE8B
    { 18, 27, 230, 0, 26, 122, 17922 }, // U+FE8C
    { 7, 28, 164, 2, 28, 49, 18044 }, // U+FE8D
    { 13, 29, 191, 2, 28, 95, 18093 }, // U+FE8E
    { 36, 27, 614, 1, 17, 243, 18188 }, // U+FE8F
    { 45, 25, 685, 1, 15, 282, 18431 }, // U+FE90
    { 11, 27, 190, 0, 18, 75, 18713 }, // U+FE91
    { 18, 22, 230, 0, 13, 99, 18788 }, // U+FE92
    { 16, 30, 283, 1, 29, 120, 18887 }, // U+FE93
    { 23, 33, 334, 1, 32, 190, 19007 }, // U+FE94
    { 36, 23, 614, 1, 22, 207, 19197 }, // U+FE95
    { 45, 23, 685, 1, 22, 259, 19404 }, // U+FE96
    { 13, 27, 190, -1, 26, 88, 19663 }, // U+FE97
    { 19, 23, 245, 0, 22, 110, 19751 }, // U+FE98
    { 36, 28, 614, 1, 27, 252, 19861 }, // U+FE99
    { 45, 28, 685, 1, 27, 315, 20113 }, // U+FE9A
    { 11, 32, 190, 0, 31, 88, 20428 }, // U+FE9B
    { 19, 28, 245, 0, 27, 133, 20516 }, // U+FE9C
    { 25, 34, 412, 0, 19, 213, 20649 }, // U+FE9D
    { 31, 34, 443, 0, 19, 264, 20862 }, // U+FE9E
    { 23, 26, 377, 0, 17, 150, 21126 }, // U+FE9F
    { 28, 26, 392, 0, 17, 182, 21276 }, // U+FEA0
    { 25, 34, 412, 0, 19, 213, 21458 }, // U+FEA1
    { 31, 34, 443, 0, 19, 264, 21671 }, // U+FEA2
    { 23, 18, 377, 0, 17, 104, 21935 }, // U+FEA3
    { 28, 18, 392, 0, 17, 126, 22039 }, // U+FEA4
    { 25, 43, 412, 0, 28, 269, 22165 }, // U+FEA5
    { 31, 43, 443, 0, 28, 334, 22434 }, // U+FEA6
    { 23, 26, 377, 0, 25, 150, 22768 }, // U+FEA7
    { 28, 27, 392, 0, 26, 189, 22918 }, // U+FEA8
    { 17, 21, 310, 1, 20, 90, 23107 }, // U+FEA9
    { 24, 21, 343, 1, 20, 126, 23197 }, // U+FEAA
    { 17, 29, 310, 1, 28, 124, 23323 }, // U+FEAB
    { 24, 29, 343, 1, 28, 174, 23447 }, // U+FEAC
    { 16, 24, 245, -2, 15, 96, 23621 }, // U+FEAD
    { 22, 24, 270, -2, 15, 132, 23717 }, // U+FEAE
    { 16, 33, 245, -2, 24, 132, 23849 }, // U+FEAF
    { 22, 33, 270, -2, 24, 182, 23981 }, // U+FEB0
    { 50, 27, 822, 0, 18, 338, 24163 }, // U+FEB1
    { 57, 25, 863, 0, 16, 357, 24501 }, // U+FEB2
    { 34, 19, 570, 0, 18, 162, 24858 }, // U+FEB3
    { 42, 17, 611, 0, 16, 179, 25020 }, // U+FEB4
    { 50, 38, 822, 0, 29, 475, 25199 }, // U+FEB5
    { 57, 38, 863, 0, 29, 542, 25674 }, // U+FEB6
    { 34, 30, 570, 0, 29, 255, 26216 }, // U+FEB7
    { 42, 30, 611, 0, 29, 315, 26471 }, // U+FEB8
    { 52, 26, 853, 0, 17, 338, 26786 }, // U+FEB9
    { 58, 26, 865, 0, 17, 377, 27124 }, // U+FEBA
    { 36, 18, 584, 0, 17, 162, 27501 }, // U+FEBB
    { 41, 18, 602, 0, 17, 185, 27663 }, // U+FEBC
    { 52, 34, 853, 0, 25, 442, 27848 }, // U+FEBD
    { 58, 34, 865, 0, 25, 493, 28290 }, // U+FEBE
    { 36, 26, 584, 0, 25, 234, 28783 }, // U+FEBF
    { 41, 26, 602, 0, 25, 267, 29017 }, // U+FEC0
    { 31, 29, 506, 0, 28, 225, 29284 }, // U+FEC1
    { 36, 29, 517, 0, 28, 261, 29509 }, // U+FEC2
    { 27, 29, 442, 0, 28, 196, 29770 }, // U+FEC3
    { 32, 29, 457, 0, 28, 232, 29966 }, // U+FEC4
    { 31, 29, 506, 0, 28, 225, 30198 }, // U+FEC5
    { 36, 29, 517, 0, 28, 261, 30423 }, // U+FEC6
    { 27, 29, 442, 0, 28, 196, 30684 }, // U+FEC7
    { 32, 29, 457, 0, 28, 232, 30880 }, // U+FEC8
    { 25, 36, 342, 0, 21, 225, 31112 }, // U+FEC9
    { 25, 33, 342, 0, 18, 207, 0 }, // U+FECA
    { 20, 20, 334, 0, 19, 100, 207 }, // U+FECB
    { 25, 19, 331, -1, 18, 119, 307 }, // U+FECC
    { 25, 45, 342, 0, 30, 282, 426 }, // U+FECD
    { 25, 42, 342, 0, 27, 263, 708 }, // U+FECE
    { 20, 29, 334, 0, 28, 145, 971 }, // U+FECF
    { 25, 28, 331, -1, 27, 175, 1116 }, // U+FED0
    { 36, 32, 614, 1, 31, 288, 1291 }, // U+FED1
    { 44, 28, 669, 1, 27, 308, 1579 }, // U+FED2
    { 18, 32, 303, 0, 31, 144, 1887 }, // U+FED3
    { 23, 28, 317, 0, 27, 161, 2031 }, // U+FED4
    { 30, 34, 499, 0, 26, 255, 2192 }, // U+FED5
    { 36, 35, 513, 0, 24, 315, 2447 }, // U+FED6
    { 18, 32, 303, 0, 31, 144, 2762 }, // U+FED7
    { 23, 28, 317, 0, 27, 161, 2906 }, // U+FED8
    { 33, 29, 559, 1, 28, 240, 3067 }, // U+FED9
    { 39, 29, 584, 1, 28, 283, 3307 }, // U+FEDA
    { 18, 28, 272, 0, 27, 126, 3590 }, // U+FEDB
    { 23, 28, 305, 0, 27, 161, 3716 }, // U+FEDC
    { 26, 37, 445, 0, 28, 241, 3877 }, // U+FEDD
    { 33, 37, 475, 0, 28, 306, 4118 }, // U+FEDE
    { 10, 29, 178, 0, 28, 73, 4424 }, // U+FEDF
    { 16, 29, 206, 0, 28, 116, 4497 }, // U+FEE0
    { 20, 32, 329, 0, 17, 160, 4613 }, // U+FEE1
    { 28, 31, 397, 0, 16, 217, 4773 }, // U+FEE2
    { 20, 17, 349, 0, 16, 85, 4990 }, // U+FEE3
    { 27, 17, 374, 0, 16, 115, 5075 }, // U+FEE4
    { 26, 30, 445, 0, 21, 195, 5190 }, // U+FEE5
    { 34, 30, 483, 0, 21, 255, 5385 }, // U+FEE6
    { 11, 27, 190, 0, 26, 75, 5640 }, // U+FEE7
    { 18, 23, 230, 0, 22, 104, 5715 }, // U+FEE8
    { 16, 22, 283, 1, 21, 88, 5819 }, // U+FEE9
    { 23, 24, 334, 1, 23, 138, 5907 }, // U+FEEA
    { 23, 22, 385, 0, 21, 127, 6045 }, // U+FEEB
    { 25, 27, 343, 0, 18, 169, 6172 }, // U+FEEC
    { 17, 25, 299, 1, 16, 107, 6341 }, // U+FEED
    { 22, 25, 314, 1, 16, 138, 6448 }, // U+FEEE
    { 31, 27, 493, 0, 18, 210, 6586 }, // U+FEEF
    { 33, 19, 480, 0, 10, 157, 6796 }, // U+FEF0
    { 31, 36, 493, 0, 18, 279, 6953 }, // U+FEF1
    { 33, 28, 480, 0, 10, 231, 7232 }, // U+FEF2
    { 12, 27, 215, 0, 18, 81, 7463 }, // U+FEF3
    { 19, 22, 245, 0, 13, 105, 7544 }, // U+FEF4
    { 25, 30, 379, -3, 30, 188, 7649 }, // U+FEF5
    { 28, 32, 409, 1, 31, 224, 7837 }, // U+FEF6
    { 22, 34, 379, 0, 34, 187, 8061 }, // U+FEF7
    { 28, 36, 409, 1, 35, 252, 8248 }, // U+FEF8
    { 21, 40, 379, 1, 28, 210, 8500 }, // U+FEF9
    { 28, 40, 409, 1, 28, 280, 8710 }, // U+FEFA
    { 21, 28, 379, 1, 28, 147, 8990 }, // U+FEFB
    { 28, 29, 409, 1, 28, 203, 9137 }, // U+FEFC
    { 0, 0, 0, 0, 0, 0, 9340 }, // U+FEFF
    { 35, 35, 600, 1, 29, 307, 0 }, // U+FFFD
    { 26, 10, 0, 0, -1, 65, 0 }, // U+10EFD
    { 29, 16, 0, -1, -1, 116, 65 }, // U+10EFE
    { 16, 8, 0, 0, -1, 32, 181 }, // U+10EFF
};

static const EpdUnicodeInterval arabic_18_boldIntervals[] = {
    { 0x600, 0x6FF, 0x0 },
    { 0x750, 0x77F, 0x100 },
    { 0x870, 0x88E, 0x130 },
    { 0x890, 0x891, 0x14F },
    { 0x898, 0x8FF, 0x151 },
    { 0xFB50, 0xFBC2, 0x1B9 },
    { 0xFBD3, 0xFD8F, 0x22C },
    { 0xFD92, 0xFDC7, 0x3E9 },
    { 0xFDCF, 0xFDCF, 0x41F },
    { 0xFDF0, 0xFDFC, 0x420 },
    { 0xFDFE, 0xFDFF, 0x42D },
    { 0xFE70, 0xFE74, 0x42F },
    { 0xFE76, 0xFEFC, 0x434 },
    { 0xFEFF, 0xFEFF, 0x4BB },
    { 0xFFFD, 0xFFFD, 0x4BC },
    { 0x10EFD, 0x10EFF, 0x4BD },
};

static const EpdFontGroup arabic_18_boldGroups[] = {
    { 0, 6960, 32609, 178, 0 },
    { 6960, 7039, 32393, 171, 178 },
    { 13999, 7826, 32699, 185, 349 },
    { 21825, 5420, 32731, 109, 534 },
    { 27245, 4861, 32300, 82, 643 },
    { 32106, 5430, 32573, 96, 725 },
    { 37536, 3937, 32747, 71, 821 },
    { 41473, 7726, 32310, 58, 892 },
    { 49199, 5592, 32710, 48, 950 },
    { 54791, 4524, 32622, 49, 998 },
    { 59315, 8330, 32597, 113, 1047 },
    { 67645, 3133, 9891, 52, 1160 },
    { 70778, 166, 315, 1, 1212 },
    { 70944, 173, 230, 3, 1213 },
};

static const EpdKernClassEntry arabic_18_boldKernLeftClasses[] = {
    { 0x0660, 1 }, // U+0660
    { 0x0662, 2 }, // U+0662
    { 0x0664, 3 }, // U+0664
    { 0x0665, 4 }, // U+0665
    { 0x0667, 5 }, // U+0667
    { 0x0692, 6 }, // U+0692
    { 0x0693, 6 }, // U+0693
    { 0x0695, 6 }, // U+0695
    { 0x06EF, 6 }, // U+06EF
    { 0x06F0, 7 }, // U+06F0
    { 0x06F1, 8 }, // U+06F1
    { 0x06F2, 2 }, // U+06F2
    { 0x06F3, 2 }, // U+06F3
    { 0x06F4, 2 }, // U+06F4
    { 0x06F5, 9 }, // U+06F5
    { 0x06F7, 10 }, // U+06F7
    { 0x06F8, 11 }, // U+06F8
    { 0x075B, 6 }, // U+075B
    { 0xFB8C, 6 }, // U+FB8C
    { 0xFEAD, 6 }, // U+FEAD
    { 0xFEAE, 6 }, // U+FEAE
    { 0xFEAF, 6 }, // U+FEAF
};

static const EpdKernClassEntry arabic_18_boldKernRightClasses[] = {
    { 0x0647, 1 }, // U+0647
    { 0x0660, 2 }, // U+0660
    { 0x0665, 3 }, // U+0665
    { 0x0666, 4 }, // U+0666
    { 0x0667, 5 }, // U+0667
    { 0x066F, 6 }, // U+066F
    { 0x06A1, 6 }, // U+06A1
    { 0x06AA, 1 }, // U+06AA
    { 0x06F0, 7 }, // U+06F0
    { 0x06F5, 8 }, // U+06F5
    { 0x06F7, 9 }, // U+06F7
    { 0x06F8, 10 }, // U+06F8
    { 0x06F9, 11 }, // U+06F9
    { 0x075D, 12 }, // U+075D
    { 0x075E, 12 }, // U+075E
    { 0x075F, 12 }, // U+075F
    { 0xFB8E, 1 }, // U+FB8E
    { 0xFBA6, 1 }, // U+FBA6
    { 0xFBAA, 1 }, // U+FBAA
    { 0xFE8D, 13 }, // U+FE8D
    { 0xFEA3, 1 }, // U+FEA3
    { 0xFEA9, 6 }, // U+FEA9
    { 0xFEB1, 6 }, // U+FEB1
    { 0xFEB3, 6 }, // U+FEB3
    { 0xFEB9, 6 }, // U+FEB9
    { 0xFEBB, 6 }, // U+FEBB
    { 0xFEC1, 6 }, // U+FEC1
    { 0xFEC3, 6 }, // U+FEC3
    { 0xFEC9, 12 }, // U+FEC9
    { 0xFECB, 13 }, // U+FECB
    { 0xFECD, 12 }, // U+FECD
    { 0xFEDB, 1 }, // U+FEDB
    { 0xFEDF, 13 }, // U+FEDF
    { 0xFEE1, 1 }, // U+FEE1
    { 0xFEE3, 1 }, // U+FEE3
    { 0xFEE9, 1 }, // U+FEE9
    { 0xFEEB, 1 }, // U+FEEB
};

static const int8_t arabic_18_boldKernMatrix[] = {
       0,    0,    0,  -45,  -30,    0,    0,    0,  -15,    0,    0,    0,    0,
       0,  -66,  -78,    0,    0,    0,  -33,  -39,    0,  -66,   18,    0,    0,
       0,    0,    0,  -30,  -24,    0,    0,    0,  -24,    0,    0,    0,    0,
       0,    0,    0,  -39,  -42,    0,    0,    0,  -21,    0,    0,    0,    0,
       0,  -30,  -78,   18,    0,    0,  -15,  -39,    0,  -27,   18,    0,    0,
     -24,    0,    0,    0,    0,  -18,    0,    0,    0,    0,    0,   30,  -15,
       0,    0,    0,  -45,  -15,    0,    0,    0,  -15,    0,    0,    0,    0,
       0,    0,    0,  -15,    0,    0,    0,    0,    0,    0,    0,    0,    0,
       0,    0,    0,  -39,  -21,    0,    0,    0,  -21,    0,    0,    0,    0,
       0,  -15,  -39,   18,    0,    0,  -15,  -39,    0,  -27,    9,    0,    0,
       0,  -30,    0,  -42,  -54,    0,  -15,    0,  -27,    0,  -15,    0,    0,
};

static const EpdFontData arabic_18_bold = {
    arabic_18_boldBitmaps,
    arabic_18_boldGlyphs,
    arabic_18_boldIntervals,
    16,
    51,
    41,
    -11,
    true,
    arabic_18_boldGroups,
    14,
    nullptr,
    arabic_18_boldKernLeftClasses,
    arabic_18_boldKernRightClasses,
    arabic_18_boldKernMatrix,
    22,
    37,
    11,
    13,
    nullptr,
    0,
};
