/**
 * generated by fontconvert.py
 * name: arabic_16_bold
 * size: 16
 * mode: 2-bit  compressed: true
 * Command used: C:\Users\fatiha\Documents\side\lib\EpdFont\scripts\fontconvert.py arabic_16_bold 16 C:\Users\fatiha\Documents\side\lib\EpdFont\builtinFonts\source\NotoSansArabic\NotoSansArabic-Bold.ttf C:\Users\fatiha\Documents\side\lib\EpdFont\builtinFonts\source\NotoSans\NotoSans-Bold.ttf --only-additional-intervals --2bit --compress --pnum --group-max-uncompressed-bytes 32768 --additional-intervals 0x0600,0x06FF --additional-intervals 0x0750,0x077F --additional-intervals 0x0870,0x08FF --additional-intervals 0x10EC0,0x10EFF --additional-intervals 0x1EE00,0x1EEFF --additional-intervals 0xFB50,0xFDFF --additional-intervals 0xFE70,0xFEFF --additional-intervals 0xFFFD,0xFFFD
 */
#pragma once
#include "EpdFontData.h"

static const uint8_t arabic_16_boldBitmaps[59157] = {
    0xED, 0x3D, 0x4D, 0x8C, 0xDD, 0xC6, 0x79, 0x43, 0x52, 0xBB, 0xAC, 0x45, 0x34, 0x54, 0x00, 0xD9,
    0x8D, 0x56, 0x89, 0xD9, 0x43, 0x0A, 0xD8, 0x8E, 0xBD, 0xEC, 0x31, 0x01, 0x56, 0x4B, 0x36, 0x4E,
    0x9B, 0x83, 0x0F, 0x56, 0x80, 0xC8, 0x87, 0xA4, 0x6D, 0x72, 0x48, 0x81, 0x40, 0x01, 0xB2, 0x3D,
    0xA4, 0xC0, 0x36, 0x58, 0x89, 0x4C, 0x72, 0xF0, 0x21, 0x07, 0x6F, 0x81, 0xB4, 0x97, 0x5E, 0x16,
    0xA8, 0x05, 0xD4, 0x9B, 0xB4, 0xAB, 0x02, 0xDB, 0x76, 0x1B, 0x48, 0x22, 0x53, 0x1F, 0x72, 0xD0,
    0x41, 0x4C, 0x7C, 0x30, 0xD0, 0x1E, 0xCA, 0x24, 0x02, 0x82, 0x3A, 0x45, 0xC5, 0x5A, 0xB4, 0xC1,
    0x95, 0xF8, 0x38, 0xFD, 0xFE, 0x86, 0xE4, 0x7B, 0xBB, 0x72, 0x62, 0x47, 0x6B, 0x69, 0x15, 0xBD,
    0x7D, 0xE4, 0xCC, 0xE3, 0xF2, 0xE7, 0x9B, 0x6F, 0xBE, 0xF9, 0xFE, 0x67, 0xA8, 0xD4, 0xEC, 0xE7,
    0x92, 0xA9, 0x78, 0xAD, 0xA9, 0x45, 0x7D, 0x2D, 0xEB, 0x6B, 0xFA, 0xBA, 0x54, 0x2C, 0x6D, 0x0E,
    0xD9, 0x50, 0x4B, 0xB4, 0x7C, 0x8A, 0xC8, 0xD4, 0xF2, 0xFD, 0x6A, 0x0B, 0x9B, 0xFC, 0xB9, 0x00,
    0x37, 0xA8, 0x87, 0x87, 0x47, 0xCE, 0xC4, 0x7F, 0x83, 0xFE, 0xA1, 0xB5, 0x3A, 0xEF, 0xE9, 0x15,
    0x73, 0x41, 0x7A, 0x25, 0xD0, 0xFD, 0x27, 0xCF, 0x92, 0xF1, 0x0F, 0xFD, 0x7C, 0xB7, 0x85, 0xB5,
    0x5B, 0x17, 0x56, 0xF2, 0xA4, 0x73, 0xCD, 0xED, 0x82, 0x1C, 0xE0, 0x8E, 0xE5, 0x47, 0x18, 0x7B,
    0xE5, 0xF0, 0x94, 0x71, 0x7B, 0x7F, 0x0B, 0x5A, 0xB5, 0x2E, 0x75, 0x57, 0xF7, 0x17, 0x6B, 0xD3,
    0xD2, 0x48, 0x77, 0x52, 0x4B, 0xFE, 0xDD, 0xD4, 0xB2, 0xB4, 0x3F, 0xF6, 0x23, 0x73, 0x5E, 0x0F,
    0x52, 0xD9, 0xB7, 0xB2, 0xF4, 0x7B, 0x6C, 0x58, 0x7D, 0x4D, 0xCD, 0x49, 0xD3, 0xD3, 0x1E, 0x04,
    0xEB, 0xF4, 0x08, 0x03, 0x3D, 0x86, 0xFF, 0x4C, 0xE9, 0x1E, 0xB5, 0xFA, 0x59, 0xAD, 0x4D, 0x53,
    0xB4, 0x07, 0xE8, 0x30, 0x18, 0x0F, 0xAA, 0x2C, 0xE7, 0xBA, 0xA3, 0xB3, 0x42, 0xA7, 0x3D, 0x14,
    0x37, 0x74, 0x1C, 0x0D, 0x48, 0x52, 0x43, 0xBD, 0x35, 0xF5, 0xFF, 0x04, 0x00, 0xD5, 0xA3, 0x67,
    0xE8, 0xA3, 0xCE, 0xBE, 0xA2, 0xF6, 0x7E, 0x8E, 0xEF, 0x39, 0x32, 0xD0, 0x44, 0xFF, 0xF1, 0xF7,
    0x1E, 0xF2, 0x26, 0x7B, 0x0E, 0xB9, 0xDD, 0xCC, 0x81, 0xA0, 0x74, 0xF4, 0xE8, 0xE7, 0x02, 0xB4,
    0x28, 0xAC, 0xC6, 0x87, 0x2C, 0xDD, 0xE0, 0x21, 0x7B, 0x74, 0xC8, 0x45, 0x24, 0x44, 0x95, 0x35,
    0x3A, 0xE4, 0x63, 0x23, 0x92, 0x72, 0x7C, 0x28, 0xD4, 0x7A, 0xA2, 0xF4, 0xD4, 0x85, 0x51, 0x95,
    0x40, 0x73, 0xBB, 0x2F, 0x8C, 0x0E, 0x25, 0x85, 0x47, 0x58, 0x18, 0xC1, 0x95, 0xE4, 0xB6, 0x60,
    0x68, 0xB8, 0x30, 0x07, 0x6C, 0xBD, 0xA5, 0x75, 0x85, 0x00, 0x7D, 0x2E, 0xD3, 0xFA, 0x8D, 0x0B,
    0x49, 0x01, 0x70, 0x14, 0x21, 0x76, 0xC1, 0xE7, 0x0D, 0x4E, 0xAB, 0xD1, 0xB3, 0xE5, 0xD3, 0xA3,
    0x60, 0x44, 0xAA, 0x69, 0x4F, 0x52, 0xFD, 0x27, 0xEE, 0x0F, 0x5D, 0xE0, 0xCA, 0x5C, 0x66, 0x2E,
    0x3C, 0x11, 0x8F, 0x48, 0x74, 0xEF, 0x27, 0xD9, 0x95, 0x0B, 0x80, 0x0A, 0x74, 0x87, 0x14, 0xF4,
    0x98, 0x46, 0x0C, 0x99, 0x1E, 0xF7, 0x87, 0x67, 0x04, 0x5D, 0x66, 0xAA, 0x80, 0x3D, 0xAE, 0xAF,
    0xAB, 0x10, 0x08, 0xE7, 0xAC, 0xD6, 0xAF, 0xC0, 0x63, 0xAC, 0x78, 0xCF, 0xED, 0xBF, 0xF4, 0x77,
    0x48, 0x57, 0xCD, 0x4D, 0xDC, 0x77, 0xB7, 0x73, 0x40, 0x0E, 0x0C, 0x35, 0x15, 0x15, 0xD9, 0x8D,
    0x58, 0x85, 0x25, 0x32, 0x89, 0xA0, 0xC2, 0xBD, 0x5F, 0xAF, 0xF5, 0x74, 0xE1, 0xB4, 0x6A, 0xEE,
    0x8C, 0xB2, 0x3B, 0x40, 0x43, 0x6C, 0x21, 0xCD, 0xC5, 0x4A, 0xC7, 0x19, 0xEC, 0xB3, 0x6F, 0x20,
    0xE6, 0xA3, 0x57, 0x11, 0x29, 0xD1, 0xEB, 0x2D, 0x8D, 0xAF, 0x9A, 0x7A, 0x0F, 0x31, 0xE7, 0xC1,
    0xA0, 0x40, 0xFA, 0xCD, 0x69, 0x4F, 0x7D, 0xCF, 0xBD, 0xC2, 0x1D, 0xB1, 0x43, 0xFB, 0xDF, 0xA7,
    0xFD, 0x31, 0x26, 0x0D, 0xC6, 0x35, 0x0F, 0x45, 0xDA, 0xF3, 0xB0, 0x9D, 0x50, 0x27, 0x5E, 0xC6,
    0x87, 0x14, 0x78, 0x24, 0x2C, 0x6F, 0xA5, 0x08, 0x27, 0xDE, 0xD9, 0xAF, 0x17, 0xDE, 0x77, 0x38,
    0xE5, 0xF3, 0xA1, 0x81, 0x80, 0xDB, 0x3D, 0x03, 0xC2, 0x6B, 0x94, 0xA1, 0x7A, 0x80, 0x40, 0xAA,
    0xD0, 0xA3, 0xB9, 0xD0, 0x2F, 0xF4, 0x28, 0x50, 0x77, 0xCC, 0xB4, 0x9E, 0x55, 0x4A, 0xAA, 0x4D,
    0x50, 0x2B, 0xA0, 0xA7, 0x79, 0x6C, 0x9E, 0xDF, 0x40, 0xD5, 0xCA, 0x6A, 0x18, 0x2D, 0x7E, 0x0B,
    0xE7, 0x86, 0x40, 0xC1, 0xC1, 0xE4, 0x0B, 0xC0, 0x14, 0xE3, 0x04, 0xAB, 0x4C, 0x0F, 0x09, 0xB4,
    0xC4, 0x67, 0x8A, 0x4F, 0xB6, 0x2A, 0x78, 0x28, 0x7C, 0x1A, 0xF5, 0xA5, 0xB0, 0x22, 0x12, 0xED,
    0x62, 0x1C, 0x6C, 0xD8, 0x60, 0x42, 0x65, 0x58, 0xD3, 0xA8, 0xA1, 0x81, 0x8A, 0x30, 0xEB, 0x92,
    0x01, 0x88, 0xD5, 0x49, 0x6A, 0x3E, 0xE0, 0xA2, 0xFB, 0xAE, 0x50, 0xAF, 0x33, 0x22, 0xF7, 0xD1,
    0x60, 0x08, 0x07, 0xEA, 0x06, 0x92, 0x5B, 0x57, 0xFB, 0x7E, 0x9C, 0xD8, 0x01, 0x9C, 0xFA, 0x05,
    0x22, 0x26, 0xAA, 0x01, 0x17, 0x2A, 0x6A, 0x7C, 0xB8, 0x81, 0x57, 0x86, 0xF0, 0x44, 0x3B, 0x8D,
    0xE8, 0x61, 0xCC, 0xE2, 0xE8, 0x6E, 0x3C, 0xD0, 0x9D, 0xC9, 0x80, 0x4D, 0x9F, 0x00, 0x0E, 0xE8,
    0xA9, 0x51, 0xC9, 0xE3, 0x98, 0x79, 0x34, 0x5D, 0x44, 0xE8, 0xEC, 0x54, 0x6A, 0x43, 0xAF, 0xDB,
    0x95, 0x97, 0x7B, 0x8D, 0xD7, 0x02, 0xCA, 0x2A, 0x5F, 0x47, 0x50, 0x3A, 0xAD, 0x5F, 0x47, 0x85,
    0xAA, 0x9C, 0x62, 0x1E, 0x2F, 0x8A, 0xF7, 0x83, 0xCE, 0xC0, 0x67, 0x20, 0x34, 0x30, 0x1A, 0x28,
    0x07, 0x38, 0x0D, 0xA4, 0x02, 0xEB, 0x20, 0x1B, 0x9D, 0xC9, 0x74, 0xFF, 0xFB, 0x22, 0x66, 0x02,
    0xC1, 0x55, 0x54, 0x1A, 0x0E, 0x64, 0xE4, 0x8B, 0xDC, 0x46, 0xD8, 0x3C, 0xC1, 0x3F, 0x27, 0x2D,
    0x08, 0x62, 0x6E, 0x43, 0x52, 0x70, 0x2B, 0x74, 0xC5, 0xED, 0x08, 0x0B, 0x6E, 0x89, 0x17, 0x73,
    0x5B, 0xAC, 0xE9, 0xC6, 0xD8, 0x35, 0x3F, 0x1F, 0x87, 0x00, 0x96, 0x56, 0x35, 0xFA, 0x27, 0xB0,
    0x0F, 0xBF, 0x43, 0x42, 0xC8, 0x41, 0x50, 0x01, 0x1B, 0xD6, 0xB5, 0xDB, 0xAD, 0xB4, 0x1E, 0xFC,
    0xF9, 0x8D, 0x3B, 0xF1, 0x1B, 0x10, 0xCB, 0x7A, 0xAB, 0x03, 0xF2, 0xE9, 0x80, 0x6B, 0x4E, 0x1C,
    0xEC, 0xEF, 0x95, 0x1B, 0x2D, 0x12, 0xC7, 0x99, 0xB3, 0xBA, 0x06, 0x8E, 0x52, 0xA1, 0x24, 0x46,
    0xDA, 0xD2, 0xE3, 0xAE, 0xF6, 0xF3, 0xFD, 0x37, 0xF8, 0x1C, 0x51, 0x41, 0x1C, 0xE5, 0x49, 0x9A,
    0x01, 0xED, 0xEA, 0x32, 0x2B, 0x91, 0x1B, 0xE1, 0xC0, 0x76, 0x73, 0x05, 0xC8, 0x05, 0x29, 0x98,
    0x00, 0xAD, 0x17, 0xB6, 0x4E, 0x61, 0x48, 0x00, 0xC8, 0x40, 0xE3, 0x40, 0x9E, 0xD0, 0x40, 0x97,
    0x2F, 0x9F, 0xFF, 0x7B, 0x23, 0x8A, 0x85, 0xAB, 0x3A, 0x9A, 0x69, 0x14, 0x69, 0xBC, 0x32, 0x5C,
    0xB6, 0x11, 0xEE, 0x1F, 0xB4, 0x82, 0x5E, 0x11, 0x56, 0x59, 0x2E, 0x82, 0x2C, 0x29, 0xE9, 0xC8,
    0x87, 0x55, 0x34, 0x79, 0x1E, 0xF0, 0xB3, 0x30, 0x31, 0xBC, 0xB9, 0xEB, 0xF9, 0xA7, 0xB2, 0x7B,
    0x86, 0x1E, 0xF6, 0x5C, 0xFC, 0x31, 0xD0, 0x5C, 0x88, 0x1C, 0x91, 0x7B, 0xC2, 0xF1, 0x02, 0xFB,
    0x1A, 0x47, 0x86, 0x4B, 0x7B, 0x9F, 0xCE, 0x0A, 0xA8, 0xD7, 0x65, 0x40, 0x55, 0x43, 0x1D, 0x1E,
    0xF9, 0x55, 0x3C, 0x07, 0xC5, 0x11, 0x0E, 0x1E, 0x1E, 0x37, 0x31, 0xA2, 0x1F, 0x79, 0x3A, 0x89,
    0x24, 0x87, 0x5A, 0xE3, 0x6B, 0x19, 0x81, 0x16, 0x0E, 0xC9, 0x79, 0x68, 0x4F, 0x84, 0xDA, 0x45,
    0x9C, 0xFC, 0x08, 0x35, 0x89, 0xE4, 0x2A, 0x8E, 0xB6, 0xE4, 0x86, 0xFE, 0xAB, 0xAC, 0xA6, 0x81,
    0x0E, 0xFB, 0x12, 0x30, 0x15, 0x01, 0x08, 0x41, 0x1D, 0x6A, 0x24, 0x58, 0x5F, 0xEF, 0xBE, 0x00,
    0x04, 0x32, 0x68, 0x64, 0x71, 0x42, 0x6D, 0x49, 0x7E, 0x80, 0x63, 0xD2, 0x4D, 0xC7, 0x04, 0xB2,
    0x0E, 0x4F, 0x5A, 0x5A, 0xBE, 0xB4, 0x58, 0x2F, 0x01, 0x07, 0x09, 0x75, 0xF9, 0x8C, 0x52, 0xF0,
    0x7D, 0x02, 0xB1, 0x9D, 0xAA, 0xB0, 0x58, 0x5A, 0x56, 0xCB, 0x8B, 0xC7, 0x42, 0x5D, 0x8D, 0xFF,
    0x75, 0x42, 0x6D, 0x44, 0x6F, 0x55, 0x1F, 0x6B, 0x2A, 0xEF, 0x7A, 0x1D, 0xC6, 0xD5, 0xDA, 0xEF,
    0x54, 0x3B, 0x51, 0xB1, 0xBD, 0xCC, 0x3D, 0x01, 0xDB, 0x07, 0x8E, 0x7E, 0x23, 0x55, 0xD1, 0xCD,
    0x62, 0xBB, 0x7B, 0xBB, 0xFC, 0x7E, 0xF9, 0x76, 0x99, 0xE8, 0x37, 0x61, 0xFB, 0x56, 0xB1, 0x0A,
    0x7D, 0xB0, 0x0A, 0xF4, 0xFD, 0x45, 0x24, 0x3D, 0x52, 0x34, 0xD6, 0x56, 0x41, 0xD3, 0xAA, 0x01,
    0xC6, 0xF2, 0xA9, 0xCD, 0x3F, 0x8A, 0x8F, 0xD2, 0xE5, 0xFE, 0x9C, 0xF2, 0xB3, 0xDC, 0x07, 0x45,
    0xEA, 0xC7, 0x55, 0xF0, 0x69, 0xB8, 0x10, 0xF4, 0xBB, 0x1E, 0xDE, 0xB5, 0x6A, 0xD8, 0x96, 0x64,
    0x83, 0x7A, 0xD8, 0x56, 0x2A, 0xDB, 0xA8, 0x14, 0xF6, 0xBD, 0xDE, 0xDC, 0xCA, 0xA1, 0xD3, 0x52,
    0x6B, 0xF3, 0x3B, 0x30, 0x98, 0xDD, 0xDC, 0x56, 0x56, 0x61, 0x97, 0x56, 0x65, 0x55, 0x76, 0xB5,
    0x52, 0x64, 0xE9, 0x97, 0xB0, 0x0B, 0xCB, 0xA4, 0xBC, 0x12, 0x9F, 0x56, 0xF6, 0x86, 0xDF, 0x86,
    0x97, 0x17, 0x17, 0xC3, 0x53, 0x7E, 0xEB, 0x02, 0x53, 0x78, 0x72, 0xF4, 0x3F, 0x6B, 0x13, 0x95,
    0x5B, 0xA0, 0x44, 0xE0, 0xDA, 0x1E, 0x90, 0xC6, 0x04, 0xFB, 0x24, 0x6C, 0x91, 0x4C, 0xC3, 0x66,
    0x7F, 0xCE, 0x66, 0x6F, 0xE0, 0x39, 0x51, 0x27, 0x5F, 0xEC, 0xC3, 0x75, 0x61, 0x86, 0x35, 0x72,
    0x4F, 0x24, 0x34, 0xD4, 0xD6, 0x0A, 0x20, 0xFE, 0x0A, 0x44, 0x74, 0x05, 0x64, 0x1E, 0x23, 0x11,
    0x20, 0xFD, 0x64, 0x05, 0x73, 0xDF, 0xA0, 0xE1, 0xF1, 0x6A, 0x4F, 0x84, 0x19, 0xA0, 0xB4, 0x4B,
    0xE0, 0xA4, 0x08, 0x37, 0xE8, 0xBC, 0x68, 0x0B, 0xE9, 0x3C, 0xA7, 0x2D, 0x84, 0xCD, 0x07, 0xBA,
    0xB3, 0x05, 0x45, 0x1B, 0x28, 0xE7, 0xE0, 0x6B, 0x37, 0xEA, 0xC8, 0x67, 0x54, 0xE2, 0xE7, 0xD9,
    0x4A, 0x99, 0x05, 0xC5, 0x33, 0x5E, 0x6A, 0x46, 0xCE, 0x3A, 0x92, 0xEB, 0x84, 0x04, 0x44, 0x1A,
    0xB1, 0x8C, 0x40, 0xE9, 0xD0, 0x5A, 0x97, 0x54, 0x02, 0x17, 0x41, 0x0D, 0x47, 0x4F, 0x47, 0x62,
    0xB0, 0x10, 0xED, 0xD8, 0x22, 0x56, 0x1F, 0x76, 0x24, 0x03, 0x8C, 0x20, 0xB4, 0x37, 0xA7, 0xDA,
    0x6E, 0x35, 0xE6, 0xBF, 0x08, 0x8F, 0xD9, 0xC5, 0x78, 0x07, 0x61, 0x36, 0xCC, 0xD5, 0x62, 0x96,
    0x13, 0x35, 0x4B, 0x8E, 0x9A, 0x47, 0x31, 0x4B, 0xDA, 0x5F, 0x20, 0xE3, 0x85, 0x01, 0x14, 0xF7,
    0x72, 0x88, 0x98, 0xE4, 0xD1, 0x18, 0x14, 0x37, 0xE2, 0x9F, 0x84, 0x1E, 0x28, 0xE0, 0x26, 0x30,
    0xB6, 0x50, 0x4C, 0xC3, 0xFF, 0x5D, 0xD4, 0x74, 0x4B, 0xE2, 0x63, 0x58, 0xCC, 0x03, 0xCD, 0xE3,
    0x30, 0xCA, 0x0A, 0xBA, 0x85, 0x46, 0x83, 0x00, 0xCE, 0x49, 0x03, 0xBD, 0x0E, 0x22, 0x89, 0x47,
    0xF8, 0x84, 0xE5, 0x57, 0xCD, 0xB2, 0x0B, 0x47, 0xAD, 0xB0, 0x8D, 0x69, 0x8D, 0x58, 0xAC, 0x87,
    0x88, 0x7B, 0xFB, 0xDC, 0x1A, 0x15, 0xAB, 0x4B, 0x54, 0x2C, 0xB3, 0xC9, 0x14, 0x32, 0x53, 0x9F,
    0x27, 0xF4, 0xCE, 0x7D, 0x07, 0xA0, 0xE8, 0x08, 0x5B, 0x2E, 0x6C, 0x3E, 0x0C, 0x4F, 0xA0, 0x1A,
    0x64, 0x63, 0xBC, 0xB5, 0x2A, 0x75, 0xBB, 0x00, 0xF8, 0x9B, 0xAE, 0x90, 0xE3, 0x02, 0xE2, 0x61,
    0xF0, 0xA2, 0xCA, 0x5E, 0x12, 0x45, 0x9D, 0x30, 0x72, 0xE2, 0x48, 0xA4, 0xDB, 0xF3, 0xD9, 0xE4,
    0x98, 0x3B, 0x58, 0x2F, 0x28, 0xF7, 0x87, 0x6F, 0x3E, 0xFB, 0xCD, 0xEE, 0xFC, 0x4D, 0xF8, 0x5B,
    0xCC, 0xAF, 0x47, 0x40, 0xD8, 0x97, 0xD4, 0x39, 0x15, 0x7D, 0x6F, 0xA5, 0xCD, 0xAE, 0xFF, 0x25,
    0x3F, 0xAC, 0x91, 0xBF, 0x76, 0xF8, 0xF3, 0xF6, 0xFC, 0xB9, 0xF8, 0x37, 0x51, 0xF3, 0x1B, 0xCC,
    0xD3, 0x10, 0xBF, 0xE7, 0x10, 0x07, 0x88, 0x80, 0xEF, 0xC1, 0x06, 0x8D, 0x4C, 0x00, 0x11, 0x9F,
    0x18, 0x99, 0x36, 0x78, 0x0C, 0xD8, 0x34, 0xB4, 0xB5, 0xC0, 0xFE, 0xF5, 0xBA, 0xAC, 0x06, 0xFD,
    0x05, 0x34, 0x18, 0x1F, 0xA4, 0x18, 0x48, 0xB2, 0xC9, 0x4A, 0x0B, 0x48, 0x6F, 0xA1, 0x3B, 0x5A,
    0x17, 0xB5, 0xEF, 0x0C, 0x3B, 0x00, 0xD8, 0xBF, 0xAD, 0x51, 0x59, 0x45, 0xA3, 0x11, 0xF0, 0x32,
    0x01, 0x42, 0x29, 0x55, 0xD0, 0x11, 0x0D, 0xA8, 0x47, 0x63, 0x7C, 0xF2, 0xF0, 0xAD, 0xA6, 0xBE,
    0xE1, 0x9D, 0xBF, 0x41, 0xFF, 0xAD, 0xE5, 0x8B, 0x94, 0xF8, 0x32, 0x52, 0x14, 0xF4, 0x5F, 0x44,
    0x5A, 0xA5, 0xFF, 0xBF, 0x40, 0x04, 0x2A, 0xDA, 0x55, 0x4F, 0x8A, 0x61, 0x32, 0x48, 0x66, 0xC0,
    0x2F, 0x92, 0x6D, 0xCD, 0x64, 0xDB, 0x30, 0xD9, 0x26, 0x17, 0x89, 0x6C, 0xB3, 0x86, 0xC8, 0x56,
    0x97, 0x44, 0xB6, 0xD7, 0xEF, 0x25, 0xD9, 0x3E, 0x1A, 0x83, 0x9C, 0xE0, 0xBF, 0xCA, 0xFC, 0x85,
    0x7B, 0xFE, 0x02, 0xFE, 0xAB, 0xF1, 0x4F, 0xBA, 0xEB, 0x8B, 0x46, 0x2F, 0xE1, 0xFE, 0x0B, 0x9A,
    0x88, 0x15, 0xA0, 0x96, 0xDB, 0xEF, 0xB5, 0xAC, 0xE0, 0xB8, 0x2D, 0x6B, 0x81, 0xEE, 0x84, 0x4B,
    0x67, 0xD2, 0xFF, 0x66, 0x6D, 0x6C, 0x42, 0x1A, 0xDF, 0x63, 0xBA, 0x15, 0x71, 0x5A, 0x8B, 0xF5,
    0x5E, 0x3A, 0xC6, 0xEC, 0x21, 0xCB, 0x1E, 0x7D, 0x08, 0x67, 0x37, 0x5F, 0x39, 0xAD, 0xDE, 0xE9,
    0xE3, 0xE5, 0xD3, 0xCA, 0x52, 0x58, 0x4D, 0xFF, 0xA6, 0x01, 0x67, 0x6D, 0x9C, 0x50, 0x6E, 0x93,
    0xC4, 0x1E, 0x40, 0xE6, 0xB6, 0x59, 0x6A, 0x55, 0x8B, 0xD3, 0x77, 0xF9, 0x6D, 0xC5, 0x1C, 0x33,
    0x2B, 0xD9, 0xB2, 0xCC, 0x3A, 0x44, 0x1D, 0x28, 0xDC, 0x3A, 0xF7, 0x26, 0x20, 0x60, 0x6A, 0xC4,
    0x50, 0x50, 0x47, 0x25, 0xC8, 0xCF, 0x02, 0xB6, 0x0A, 0x8E, 0x00, 0xA1, 0x82, 0xF4, 0x00, 0x25,
    0x4B, 0x17, 0x64, 0x7A, 0x66, 0x86, 0xD7, 0x5B, 0x1B, 0x0B, 0xAC, 0x74, 0xB4, 0x49, 0xCA, 0xF8,
    0x30, 0x78, 0x61, 0xCD, 0x8D, 0x9E, 0x7E, 0x2F, 0x71, 0x69, 0x0B, 0x8F, 0xF7, 0xAB, 0xE9, 0xD2,
    0x38, 0x41, 0x3E, 0xF8, 0x29, 0x6E, 0x47, 0xCB, 0xAE, 0x10, 0x7B, 0x92, 0x11, 0x2F, 0xB6, 0xDB,
    0x84, 0x15, 0xD7, 0xED, 0x7B, 0x09, 0xFF, 0xFC, 0x66, 0xCC, 0x7E, 0x97, 0x98, 0x54, 0xAE, 0x86,
    0x15, 0xAF, 0x37, 0x62, 0xBA, 0x2E, 0x3D, 0x82, 0x66, 0x77, 0x4A, 0x86, 0x75, 0x8E, 0x92, 0x82,
    0xE4, 0x25, 0x9E, 0xEB, 0x92, 0xE2, 0x44, 0x86, 0xB9, 0x22, 0x1B, 0xDE, 0x26, 0x7B, 0xCD, 0x25,
    0x5D, 0x9C, 0x15, 0x3F, 0x18, 0xE2, 0xC7, 0x51, 0x9E, 0xA0, 0xDD, 0x16, 0x95, 0xE4, 0xAF, 0x2A,
    0x68, 0x9F, 0xE3, 0x11, 0x18, 0xA2, 0xC7, 0x51, 0x25, 0x54, 0xBD, 0xCC, 0x61, 0x76, 0x0F, 0x56,
    0x22, 0x10, 0x99, 0xAF, 0xBB, 0x4D, 0x9D, 0x3B, 0xEC, 0xC3, 0x21, 0xF8, 0x09, 0xAC, 0x14, 0xAD,
    0x9B, 0x97, 0x85, 0x2E, 0x0E, 0x14, 0xF2, 0x01, 0x2A, 0xB6, 0x72, 0x8A, 0x81, 0x2F, 0x49, 0xFD,
    0xD7, 0x80, 0xBC, 0x77, 0x60, 0xC4, 0xB3, 0x77, 0x65, 0xD3, 0x26, 0x88, 0xF7, 0x1B, 0x9A, 0x87,
    0xBD, 0xBD, 0x7F, 0x4E, 0xBE, 0x00, 0x92, 0xCC, 0x2E, 0x29, 0xE3, 0xA9, 0xE8, 0x5F, 0x25, 0xDF,
    0x17, 0xA1, 0x60, 0x71, 0x0D, 0xE6, 0x4A, 0x1B, 0x6E, 0x12, 0x0D, 0x37, 0x20, 0xA8, 0xAB, 0x0C,
    0xF9, 0x86, 0xDE, 0x55, 0x53, 0x3E, 0xC5, 0xFE, 0x72, 0x28, 0x17, 0x67, 0x71, 0x75, 0xB7, 0x9E,
    0x35, 0x87, 0x2D, 0x67, 0xBD, 0xCB, 0xEE, 0xEF, 0x51, 0x30, 0x4E, 0x10, 0x53, 0x66, 0xC3, 0xDF,
    0x28, 0xAE, 0x60, 0xF3, 0xD0, 0x6D, 0x86, 0x86, 0x0C, 0xFA, 0xFE, 0x2A, 0x42, 0x3C, 0xDA, 0x26,
    0x7E, 0xC1, 0x77, 0xE3, 0xCF, 0x65, 0x36, 0x57, 0x71, 0x38, 0x90, 0xD9, 0xBA, 0x36, 0x03, 0xFF,
    0x41, 0x3D, 0x17, 0x3F, 0xBF, 0x3B, 0x30, 0xFB, 0x41, 0x9D, 0x0E, 0xDA, 0xFD, 0x7C, 0x8C, 0xEC,
    0x5B, 0x3C, 0x09, 0x5D, 0x5A, 0xB2, 0x0B, 0x05, 0x45, 0xBE, 0xF8, 0x12, 0xA5, 0x8A, 0x0A, 0x02,
    0xCA, 0x58, 0x18, 0xDA, 0x3E, 0x23, 0x35, 0x83, 0x2A, 0xCA, 0x38, 0x40, 0x3E, 0xB2, 0x1D, 0x94,
    0x20, 0x9E, 0xFE, 0x5B, 0x7D, 0x6B, 0xAB, 0x43, 0x88, 0xD9, 0x11, 0x38, 0x19, 0xAA, 0xAD, 0x54,
    0x77, 0x01, 0xF9, 0x58, 0xF5, 0x41, 0x40, 0x84, 0xE8, 0x3B, 0x63, 0x8D, 0x5C, 0xC8, 0x4D, 0xE4,
    0x3B, 0xFC, 0x63, 0x5E, 0x2C, 0x4E, 0x92, 0xCC, 0xB9, 0x71, 0xDB, 0xE8, 0xDE, 0x09, 0x30, 0x78,
    0x03, 0x43, 0x63, 0xA5, 0xC2, 0xE1, 0xB3, 0x33, 0x63, 0xEF, 0xCB, 0x43, 0x75, 0xF0, 0x9F, 0x5A,
    0xDD, 0x7E, 0x47, 0xD5, 0xB1, 0x7E, 0x38, 0x86, 0x2F, 0xF6, 0x9A, 0x61, 0x74, 0xAD, 0xDA, 0xA7,
    0xEA, 0xDB, 0xC5, 0x43, 0x54, 0xCF, 0xB2, 0x39, 0x75, 0x76, 0xF0, 0x52, 0x78, 0x83, 0xAF, 0x16,
    0x0D, 0xA0, 0xB8, 0x8F, 0x66, 0xC8, 0x03, 0x00, 0x01, 0xBE, 0x96, 0x9B, 0x61, 0xB3, 0x75, 0x9C,
    0x55, 0x52, 0x47, 0x83, 0xBC, 0x42, 0x1C, 0x84, 0xB5, 0x03, 0xBC, 0x26, 0xAC, 0x10, 0x09, 0x41,
    0x83, 0xA6, 0x4F, 0x54, 0x11, 0x16, 0x3A, 0x44, 0x2D, 0x34, 0xA9, 0x22, 0x90, 0x9B, 0x47, 0x57,
    0x58, 0xB7, 0xF3, 0xC4, 0x21, 0x3C, 0xD4, 0x3B, 0x35, 0xD4, 0x49, 0x29, 0x84, 0x9E, 0x58, 0x21,
    0xBF, 0x9C, 0xE0, 0xE2, 0xD1, 0x33, 0x12, 0x1D, 0x88, 0x8C, 0xF3, 0x48, 0xA7, 0x06, 0x1B, 0x63,
    0x74, 0xB0, 0x62, 0xD8, 0x07, 0x0B, 0x46, 0x9E, 0xE8, 0x40, 0xEB, 0x81, 0x14, 0xF6, 0xA2, 0x64,
    0xEA, 0x73, 0x79, 0xEC, 0x88, 0x1F, 0x59, 0xB5, 0x7A, 0xFF, 0xE3, 0x7B, 0xB8, 0xC5, 0x2F, 0xFB,
    0x3C, 0xC4, 0xFF, 0x80, 0x7F, 0xEB, 0xB3, 0xE3, 0xD8, 0xCA, 0x74, 0x21, 0x1E, 0x43, 0x77, 0xF2,
    0xAB, 0x14, 0x0B, 0xEB, 0xA8, 0x7E, 0xD9, 0x28, 0x5D, 0x9D, 0x2E, 0x44, 0x80, 0x9C, 0x8E, 0x1C,
    0xB2, 0x62, 0x2B, 0x38, 0xE8, 0x04, 0x42, 0x7F, 0xF3, 0x04, 0x87, 0xB9, 0x03, 0xFF, 0xA0, 0x22,
    0xC7, 0x71, 0x8B, 0x38, 0x4B, 0xEA, 0xA7, 0xB6, 0xBA, 0xB9, 0xAF, 0xC0, 0x48, 0x1C, 0x87, 0xF0,
    0x38, 0x8E, 0x24, 0x61, 0x23, 0x60, 0xFC, 0x73, 0x67, 0xCE, 0xC4, 0xFB, 0x41, 0xED, 0x15, 0x54,
    0xA0, 0x5A, 0x0E, 0x50, 0x23, 0xC6, 0x01, 0xA4, 0x80, 0x0B, 0xF4, 0xDA, 0xDD, 0x1F, 0x50, 0xDF,
    0xD1, 0x61, 0x07, 0xFB, 0xA0, 0x7B, 0xD7, 0x0E, 0xBB, 0x8E, 0xEA, 0xB1, 0x71, 0xD8, 0x79, 0xD4,
    0xF1, 0xC1, 0x1E, 0x15, 0x46, 0x14, 0x96, 0xBD, 0x2A, 0xCC, 0x8C, 0xF2, 0xE2, 0xC6, 0xBE, 0xBE,
    0xF5, 0x5D, 0x9D, 0x12, 0x4F, 0xCB, 0x2D, 0x56, 0x61, 0xEE, 0xA8, 0xAC, 0xB5, 0xC3, 0x90, 0x74,
    0x8C, 0xA3, 0x7B, 0x88, 0x44, 0xEC, 0xF9, 0x3C, 0x50, 0x6D, 0xE7, 0xA1, 0x26, 0xE3, 0xC9, 0xE5,
    0x61, 0x68, 0xFF, 0x8C, 0x39, 0xBE, 0x53, 0xC5, 0x52, 0xCE, 0xF3, 0xFF, 0x63, 0x31, 0x6B, 0x5C,
    0x71, 0x16, 0x27, 0x62, 0xA2, 0x48, 0x48, 0x2E, 0x14, 0x47, 0xB1, 0xFC, 0x74, 0xE4, 0xA7, 0xD3,
    0xBB, 0x96, 0x0B, 0xE1, 0x48, 0xE2, 0xD8, 0xC8, 0x26, 0x18, 0x61, 0xC2, 0x01, 0x1D, 0x53, 0x8B,
    0x5C, 0x76, 0xBB, 0xC0, 0x0D, 0x2A, 0x52, 0x8B, 0x90, 0x45, 0x50, 0x09, 0xC8, 0xA0, 0x12, 0x90,
    0xC8, 0x71, 0xA4, 0x96, 0xBC, 0x6E, 0xE8, 0x58, 0x8B, 0x24, 0xD4, 0x18, 0xE8, 0x9E, 0xCA, 0xA9,
    0xC1, 0x64, 0x0C, 0x91, 0xAE, 0x77, 0x76, 0xF3, 0xC2, 0xA0, 0x68, 0x1B, 0xFE, 0x78, 0xC8, 0xDB,
    0x31, 0xFE, 0x2C, 0x8A, 0x23, 0x32, 0x7A, 0x9E, 0xC1, 0x8A, 0x5E, 0xE2, 0xDE, 0x0B, 0x8D, 0xC1,
    0xBF, 0x21, 0x82, 0x40, 0x34, 0x12, 0xA7, 0x1D, 0x79, 0x17, 0xA7, 0xF5, 0x52, 0x8A, 0xF6, 0xF3,
    0xC5, 0x05, 0x39, 0x68, 0x96, 0x2B, 0x72, 0xD0, 0xEC, 0xD4, 0xE4, 0xA0, 0xA9, 0x2E, 0xA1, 0x83,
    0xC6, 0xAA, 0x96, 0xEE, 0x2B, 0xBF, 0x22, 0xC0, 0x89, 0x5E, 0x0B, 0x80, 0x13, 0x1D, 0x17, 0x70,
    0xAA, 0xD7, 0xEA, 0x57, 0x01, 0x4E, 0xB7, 0xCD, 0xBE, 0x0D, 0x70, 0x5A, 0xD5, 0xE2, 0x7D, 0x00,
    0xA7, 0x38, 0x12, 0xFC, 0x72, 0xEC, 0x46, 0x80, 0x5F, 0x88, 0xE4, 0x0F, 0x7E, 0x0A, 0x81, 0xB7,
    0xDA, 0x04, 0x91, 0xEC, 0xB4, 0xD9, 0xB3, 0x00, 0xBC, 0xDD, 0x66, 0xCF, 0x21, 0x92, 0xB7, 0x9F,
    0xB9, 0xF7, 0xC0, 0x9F, 0xDD, 0x7C, 0x19, 0xC8, 0x54, 0x13, 0xBF, 0xD2, 0x54, 0x76, 0xFB, 0x30,
    0xC5, 0x66, 0x26, 0x44, 0x37, 0x99, 0xA1, 0xB6, 0xFA, 0x0E, 0x1A, 0xCC, 0x69, 0xA3, 0xBD, 0xC4,
    0x12, 0x6D, 0x2A, 0x64, 0xEC, 0x55, 0xA2, 0xBD, 0x34, 0x3C, 0xE6, 0xBE, 0xD0, 0xB2, 0x1C, 0x77,
    0x27, 0x9F, 0x20, 0x39, 0xE9, 0x74, 0x38, 0xE4, 0x7C, 0x28, 0x13, 0xB2, 0x8A, 0xB7, 0x74, 0x96,
    0x8B, 0xE2, 0x91, 0x8B, 0xF2, 0x90, 0xD3, 0xF5, 0x1D, 0x0D, 0xB9, 0xF0, 0x76, 0xC7, 0x7E, 0x14,
    0x8F, 0xFD, 0x28, 0x56, 0x66, 0xFC, 0x28, 0x8D, 0xF8, 0x51, 0x2A, 0xF1, 0xA3, 0xE4, 0xEC, 0x47,
    0xD9, 0xA5, 0x96, 0x6F, 0x7E, 0x56, 0xC6, 0xD0, 0xC2, 0xC8, 0x4F, 0x25, 0x6E, 0x2A, 0x87, 0x3D,
    0x38, 0x56, 0x1D, 0xDE, 0x59, 0x3F, 0x63, 0x06, 0x6E, 0x31, 0xC6, 0x1C, 0x66, 0x28, 0x2C, 0x28,
    0x40, 0x52, 0x10, 0xBB, 0x0F, 0xAB, 0xA8, 0x02, 0x91, 0x1F, 0x81, 0x6E, 0xE5, 0x63, 0x5C, 0x8A,
    0xBC, 0x88, 0xD1, 0xEE, 0x4A, 0x8D, 0x71, 0x3A, 0xE8, 0x93, 0x88, 0xAC, 0x6E, 0x2C, 0x7C, 0xD6,
    0xED, 0xD1, 0xD7, 0x4D, 0x5D, 0x19, 0x55, 0xA4, 0x42, 0x41, 0xC7, 0x76, 0xC4, 0x73, 0x02, 0xFD,
    0xDF, 0x2F, 0x64, 0x3A, 0x96, 0xE0, 0xB4, 0x04, 0xA6, 0xB1, 0xE7, 0xF0, 0xA9, 0x2E, 0x7B, 0x86,
    0x46, 0x29, 0x0A, 0xA2, 0x78, 0x80, 0x96, 0x70, 0x87, 0x92, 0x43, 0xF3, 0x39, 0x97, 0x7E, 0x6F,
    0xB0, 0x70, 0x99, 0x15, 0x2C, 0x30, 0xB5, 0x08, 0xCE, 0x2C, 0xE6, 0x32, 0xC2, 0x80, 0xFB, 0x27,
    0xF0, 0x7C, 0x28, 0xA1, 0x87, 0x02, 0x4C, 0x33, 0xC1, 0x8C, 0x10, 0x2C, 0x33, 0xB8, 0x19, 0x48,
    0xA4, 0x58, 0xE7, 0x0E, 0xFA, 0xF4, 0xA1, 0xB4, 0xD6, 0xB9, 0xA4, 0xAE, 0x8E, 0xA9, 0x87, 0xC0,
    0xAA, 0xA7, 0x1E, 0x5A, 0x31, 0xD9, 0x36, 0x13, 0x61, 0x8A, 0xAD, 0x30, 0xC5, 0x92, 0x99, 0x62,
    0xC7, 0x4C, 0xF1, 0x15, 0x69, 0xD0, 0xDC, 0xE9, 0x41, 0xD8, 0x8E, 0xF7, 0xFE, 0x78, 0xDF, 0xFC,
    0xCA, 0xFB, 0x76, 0xEF, 0x1E, 0x15, 0x64, 0xBF, 0xC5, 0x3B, 0x79, 0x6D, 0x40, 0x7B, 0x52, 0x87,
    0x5B, 0x56, 0x72, 0x69, 0xDF, 0x0C, 0xFB, 0xA0, 0xC6, 0x4E, 0x82, 0x3E, 0x42, 0x27, 0x3C, 0xDA,
    0x62, 0x60, 0xC9, 0x53, 0xD7, 0xB0, 0x60, 0x26, 0x1B, 0x8B, 0x1D, 0x3D, 0x85, 0x51, 0x63, 0xAD,
    0xEF, 0x93, 0xF0, 0x29, 0x15, 0xB9, 0xEE, 0x6D, 0x4D, 0x41, 0x0F, 0x38, 0xD5, 0xEB, 0x1C, 0x1D,
    0x5B, 0x8D, 0x05, 0x68, 0x3A, 0xC6, 0x02, 0x04, 0xE8, 0x6F, 0x1E, 0xE9, 0x1A, 0x5D, 0x1A, 0x78,
    0x0A, 0xDD, 0x39, 0x0D, 0xF5, 0xDF, 0x64, 0xAC, 0x56, 0x93, 0x4B, 0x87, 0xD4, 0x03, 0x22, 0x51,
    0xDE, 0x15, 0x8A, 0xC5, 0x14, 0x3B, 0x82, 0xA2, 0xD2, 0x68, 0x28, 0x43, 0xBE, 0x02, 0xB5, 0xDD,
    0xDF, 0x93, 0x63, 0xE0, 0x15, 0x83, 0x36, 0x23, 0x3A, 0x0D, 0xC7, 0xED, 0xD3, 0xA9, 0xD4, 0xA4,
    0xBD, 0x3A, 0x89, 0xD8, 0x14, 0x6C, 0xD2, 0x92, 0x1D, 0x31, 0x42, 0x99, 0x37, 0xDA, 0xF7, 0xE8,
    0x23, 0x07, 0x0E, 0xA1, 0xAC, 0x02, 0x94, 0xB9, 0x92, 0xFA, 0x95, 0x0F, 0x28, 0x6B, 0xA7, 0x51,
    0x26, 0x39, 0x2C, 0x06, 0x14, 0xF1, 0x65, 0x47, 0x13, 0x31, 0x5D, 0x53, 0x66, 0x29, 0x15, 0x73,
    0x94, 0x56, 0xAC, 0x0A, 0x54, 0xB5, 0x5A, 0xD2, 0xDF, 0xDC, 0xD6, 0xD7, 0x14, 0xCF, 0xA7, 0x3C,
    0x35, 0xB7, 0x0D, 0x7F, 0x4E, 0xDA, 0x73, 0xF2, 0x63, 0xCD, 0xC9, 0x23, 0x3A, 0x3E, 0xF1, 0x82,
    0xD6, 0x9F, 0x34, 0x39, 0x60, 0x42, 0x90, 0x9C, 0x8B, 0xD4, 0x02, 0x15, 0xD6, 0xD4, 0x5B, 0xC7,
    0x38, 0x51, 0xE5, 0x80, 0x62, 0x34, 0x87, 0x29, 0xC6, 0x77, 0xA8, 0x62, 0x91, 0xD3, 0xF2, 0xAB,
    0x0E, 0x98, 0xC3, 0x93, 0x9F, 0xD6, 0x99, 0x24, 0xF9, 0xF0, 0x4B, 0xB8, 0x3F, 0xE5, 0x4A, 0x9D,
    0x04, 0xEE, 0xB4, 0xAB, 0xFE, 0x6D, 0xA6, 0x8E, 0x37, 0x58, 0x47, 0x46, 0x11, 0x5C, 0x59, 0x5C,
    0x0C, 0xB2, 0xAD, 0xC5, 0x8F, 0x5D, 0x9B, 0x38, 0x3F, 0x6C, 0x3D, 0x8D, 0x1E, 0x1F, 0x6B, 0xE6,
    0xDA, 0x95, 0xE9, 0x0B, 0xF7, 0xDE, 0x4A, 0xD8, 0x69, 0xEE, 0xBC, 0x56, 0x38, 0xAF, 0x16, 0xF6,
    0xED, 0x5C, 0xE9, 0xF4, 0x63, 0x1D, 0x0E, 0xEA, 0xDF, 0xDB, 0xFF, 0x7C, 0xD0, 0x21, 0xCA, 0x0F,
    0xFD, 0x73, 0xB5, 0x04, 0x5F, 0x4C, 0x9B, 0xCC, 0x43, 0x8E, 0x2C, 0xA4, 0x51, 0x75, 0xA5, 0xAE,
    0x56, 0xAB, 0x9D, 0x0C, 0xC4, 0xC7, 0x1C, 0x67, 0x0B, 0x02, 0x1E, 0xDB, 0xCB, 0x59, 0x7B, 0xCC,
    0x2B, 0xDF, 0x21, 0x5A, 0xF7, 0x0E, 0xFF, 0x3A, 0x77, 0xE5, 0x3C, 0x7C, 0x80, 0xDD, 0xC6, 0x56,
    0x96, 0x7B, 0x1D, 0x5A, 0xFE, 0xE7, 0x41, 0x41, 0xDC, 0xC1, 0x6F, 0x02, 0xD7, 0x90, 0x82, 0x73,
    0xFA, 0xE9, 0xED, 0x53, 0x97, 0xD6, 0xA2, 0x26, 0x28, 0x45, 0x96, 0xC7, 0x38, 0xE8, 0x8E, 0xA8,
    0x9D, 0x40, 0xAD, 0x2D, 0xAA, 0xE5, 0x25, 0xF4, 0x03, 0x80, 0x0E, 0xE4, 0x96, 0x88, 0x1B, 0x90,
    0x48, 0x5E, 0x89, 0x3F, 0xC3, 0x46, 0x9D, 0x5A, 0x53, 0x6B, 0xCB, 0xAA, 0x7E, 0x9C, 0x13, 0xBF,
    0x82, 0x3C, 0xAA, 0x12, 0x0C, 0xB9, 0x15, 0x96, 0x5A, 0x88, 0x71, 0x98, 0xEC, 0x82, 0x12, 0xBA,
    0xAD, 0x9A, 0x1A, 0x71, 0x11, 0x5E, 0x27, 0x45, 0x7B, 0x25, 0xA5, 0x2C, 0x18, 0x04, 0x35, 0x72,
    0x55, 0x14, 0xA2, 0x7F, 0x0F, 0xEC, 0x98, 0x30, 0x55, 0x97, 0x9F, 0x50, 0x17, 0xAF, 0xA8, 0xF8,
    0x0A, 0x25, 0x58, 0x84, 0x18, 0xD4, 0xB5, 0xDE, 0x8A, 0x31, 0x5D, 0xA7, 0x56, 0x27, 0xAE, 0x54,
    0x99, 0xAE, 0xBF, 0x4E, 0xFC, 0xC1, 0x56, 0x7E, 0x1E, 0x56, 0x59, 0x9B, 0xB4, 0x7E, 0xE5, 0xE4,
    0x96, 0xB2, 0x52, 0xBC, 0xFB, 0x10, 0x04, 0xAD, 0x09, 0xDA, 0x56, 0xBE, 0x68, 0xA0, 0x4F, 0xC8,
    0x14, 0xEF, 0x50, 0x52, 0xE2, 0x57, 0xCB, 0xD7, 0x1E, 0x7D, 0x91, 0x20, 0x52, 0xD0, 0x6D, 0x80,
    0xB2, 0x89, 0x7C, 0x61, 0x87, 0x99, 0x94, 0x51, 0xB7, 0xD5, 0x71, 0x62, 0x25, 0x91, 0x24, 0xE5,
    0xD8, 0xF8, 0xE8, 0x1C, 0x21, 0x19, 0xE3, 0xF5, 0x3B, 0xD2, 0x9E, 0x68, 0x47, 0xD2, 0x78, 0xB4,
    0x1B, 0x72, 0x05, 0xF6, 0xD9, 0x29, 0x79, 0xAE, 0x3A, 0x9D, 0x94, 0xC7, 0x3D, 0x0C, 0x57, 0x7E,
    0x1B, 0xA4, 0x50, 0xF2, 0x5C, 0x13, 0xD5, 0xD9, 0x73, 0x4D, 0x68, 0x94, 0x9D, 0x1A, 0x47, 0x49,
    0xE5, 0xEB, 0xDB, 0x20, 0x37, 0xBA, 0xF5, 0x33, 0xF2, 0xDC, 0xFE, 0x91, 0xEE, 0xBB, 0x79, 0xE4,
    0xC8, 0x7B, 0x65, 0xE5, 0x44, 0x60, 0x8A, 0x5C, 0x0E, 0x98, 0x24, 0x57, 0x10, 0x3B, 0x24, 0x31,
    0x68, 0x9C, 0xDB, 0xDD, 0x3A, 0xB4, 0x1C, 0x07, 0x35, 0xB1, 0x3C, 0xEA, 0x40, 0xF4, 0xE4, 0xA3,
    0xD0, 0x32, 0x4E, 0xEF, 0x64, 0xF7, 0x05, 0x74, 0x41, 0x60, 0xC8, 0xB0, 0x01, 0x75, 0xAE, 0xED,
    0xB3, 0xDE, 0x4E, 0x96, 0x94, 0xD4, 0x83, 0x5A, 0x14, 0x86, 0x12, 0x43, 0xD2, 0x83, 0xA0, 0x79,
    0x45, 0xD0, 0x64, 0xB9, 0xDF, 0xC2, 0x51, 0xD8, 0x3C, 0xD9, 0xA0, 0x0E, 0xC7, 0x93, 0x5B, 0x19,
    0xA6, 0xC2, 0x60, 0xE2, 0x4E, 0x1F, 0x7A, 0x7C, 0x12, 0x75, 0xCE, 0x88, 0xBC, 0x53, 0x14, 0x75,
    0xEE, 0x6B, 0xD6, 0xD9, 0xAD, 0xA6, 0x17, 0x82, 0x8D, 0x11, 0xFC, 0xDE, 0x4C, 0xCF, 0xF4, 0xDD,
    0xE3, 0x4C, 0xA6, 0x30, 0x34, 0x83, 0x12, 0xCE, 0x35, 0xE4, 0xD0, 0xCC, 0x58, 0x4C, 0xCE, 0x43,
    0x23, 0x28, 0xA6, 0x0D, 0x27, 0x44, 0x68, 0xE6, 0xC5, 0x40, 0xF6, 0xA0, 0xF2, 0xF8, 0x44, 0x57,
    0x1E, 0xF9, 0x66, 0xE0, 0x67, 0x40, 0xE9, 0x8C, 0x11, 0x62, 0x29, 0x46, 0xC4, 0xE8, 0x3C, 0xA3,
    0x78, 0x00, 0x47, 0x0B, 0xF0, 0x8E, 0xD1, 0x9B, 0x94, 0x63, 0x79, 0x13, 0xF7, 0xC1, 0xED, 0x09,
    0xE9, 0x95, 0x2D, 0xED, 0x9B, 0x3E, 0x03, 0xDB, 0x21, 0xCE, 0xCB, 0x6E, 0x05, 0x8E, 0x0D, 0x59,
    0x6C, 0xE9, 0x8E, 0x41, 0x9A, 0x4B, 0x59, 0x9F, 0x53, 0x7D, 0x7E, 0x22, 0x5D, 0x65, 0xCB, 0xB5,
    0x0D, 0xED, 0xA9, 0xFD, 0x7C, 0xFF, 0xDB, 0x94, 0xC8, 0x42, 0xCF, 0x0D, 0xFF, 0x0F, 0x5B, 0x19,
    0x95, 0x78, 0xBB, 0xA4, 0xC0, 0x5B, 0x0B, 0x9C, 0x29, 0xE9, 0xA9, 0xE8, 0x7E, 0x86, 0x56, 0x40,
    0x03, 0x31, 0xD9, 0x87, 0x47, 0x10, 0xA5, 0xFC, 0x40, 0x03, 0xA9, 0xED, 0x2C, 0xF9, 0x52, 0xD0,
    0x2F, 0xAC, 0x5D, 0xCA, 0x1A, 0x84, 0xEF, 0xD1, 0x97, 0x89, 0x63, 0x90, 0xDC, 0xC8, 0x39, 0x2F,
    0x39, 0xC0, 0x61, 0x42, 0xDA, 0x2E, 0xA8, 0xC7, 0xA8, 0x23, 0xA3, 0xA2, 0x5C, 0xF9, 0x98, 0x16,
    0xB4, 0xD5, 0xE2, 0x70, 0x6A, 0xF1, 0x3C, 0xBC, 0x2D, 0x42, 0x98, 0xE9, 0x99, 0x11, 0x34, 0xD9,
    0x4B, 0xCE, 0x23, 0xD2, 0xDD, 0xED, 0x53, 0x14, 0x31, 0x3D, 0x11, 0x53, 0x13, 0x31, 0x2D, 0x11,
    0x53, 0x12, 0x39, 0x1D, 0x11, 0x55, 0x7D, 0x68, 0x25, 0x9E, 0x8C, 0x77, 0xC2, 0xFE, 0x27, 0xEF,
    0xA8, 0x24, 0x6D, 0x24, 0x12, 0xA7, 0xD2, 0x9C, 0x5E, 0x48, 0xA9, 0x85, 0x8D, 0xD7, 0x62, 0x4A,
    0x21, 0xA6, 0x13, 0x62, 0x2A, 0xE1, 0x7C, 0x3E, 0x20, 0xBB, 0xC1, 0x48, 0x04, 0xDE, 0x2B, 0xA4,
    0x5C, 0x8F, 0x73, 0xE8, 0x7C, 0x72, 0x80, 0xC3, 0x14, 0xC0, 0xF1, 0x47, 0xCE, 0x5F, 0x0F, 0xB8,
    0x5D, 0x6A, 0x11, 0x23, 0xF3, 0x41, 0x87, 0x4E, 0xE5, 0x74, 0xB8, 0x1B, 0x18, 0xE6, 0x68, 0xD7,
    0xF7, 0x5A, 0x7C, 0x2A, 0x03, 0x8F, 0x7D, 0x38, 0x0E, 0x39, 0x90, 0x00, 0xB4, 0xB3, 0x5B, 0xDD,
    0x26, 0x63, 0xC6, 0xD5, 0xAC, 0x50, 0x92, 0xAB, 0x89, 0xD2, 0x95, 0x10, 0xBF, 0x18, 0xA7, 0x6E,
    0xC0, 0xD6, 0xB7, 0x0B, 0x1B, 0x76, 0xBD, 0x15, 0x76, 0x1F, 0xA5, 0x2F, 0xDC, 0x9F, 0x96, 0xD3,
    0xB9, 0xF3, 0x2C, 0xFE, 0x4E, 0x42, 0x87, 0xD5, 0xD6, 0x6E, 0xEB, 0x94, 0x6B, 0x27, 0x73, 0x68,
    0x5E, 0x1D, 0x8D, 0x7C, 0xD2, 0x4E, 0x37, 0xFA, 0xEA, 0xD9, 0xAF, 0x7D, 0xE7, 0xAF, 0x25, 0xDF,
    0x18, 0xDD, 0x30, 0x80, 0xEB, 0x5D, 0x4A, 0x91, 0x69, 0xD4, 0x42, 0xB2, 0x93, 0xE8, 0x66, 0x79,
    0x94, 0x12, 0x7A, 0x17, 0x1E, 0x71, 0xE6, 0x1D, 0x33, 0xA0, 0x7E, 0x79, 0xFA, 0x13, 0x66, 0x40,
    0xC9, 0xB7, 0x77, 0x1D, 0x65, 0x04, 0x73, 0xC5, 0x30, 0x6F, 0x03, 0xCC, 0xE7, 0xF5, 0xDD, 0x4A,
    0xE3, 0x7A, 0x34, 0x1E, 0x62, 0xD8, 0xFB, 0xEC, 0x4D, 0x28, 0x03, 0x9E, 0x04, 0x7B, 0x78, 0x16,
    0xCE, 0x6F, 0xE8, 0xC8, 0x5C, 0x05, 0x75, 0xBA, 0x42, 0xDE, 0x05, 0x64, 0x82, 0xC9, 0xA7, 0x48,
    0x2C, 0xC3, 0xBE, 0x55, 0x71, 0x58, 0xB9, 0xFA, 0x64, 0x89, 0x53, 0x24, 0x74, 0x15, 0xE2, 0xF3,
    0x81, 0x80, 0x10, 0x82, 0x00, 0xF7, 0x71, 0x50, 0x21, 0x14, 0x41, 0x85, 0x70, 0x04, 0xF5, 0x23,
    0x33, 0xD6, 0x25, 0x0B, 0xBE, 0x0B, 0x26, 0x54, 0x66, 0x82, 0x15, 0x26, 0xF2, 0x22, 0x86, 0x74,
    0x47, 0xC6, 0x01, 0x65, 0xED, 0x81, 0x44, 0x24, 0x39, 0x92, 0xA1, 0x98, 0xA2, 0x73, 0x0A, 0xE0,
    0x52, 0xA7, 0x1D, 0xF2, 0x3F, 0x3C, 0x47, 0x06, 0x03, 0xEA, 0xCD, 0x68, 0x34, 0x20, 0x27, 0x43,
    0xC3, 0x01, 0x87, 0x31, 0x1A, 0x0F, 0x40, 0xD3, 0xEB, 0x6C, 0x40, 0x5C, 0x57, 0x64, 0x44, 0xEC,
    0xD2, 0x88, 0x20, 0xBB, 0xD4, 0x35, 0xD3, 0x2D, 0x32, 0x71, 0x56, 0x8A, 0x09, 0x26, 0x6C, 0x1C,
    0x3D, 0xBF, 0xB9, 0x24, 0xF3, 0x32, 0x1E, 0xB5, 0x31, 0x91, 0x58, 0x45, 0x0B, 0xC4, 0xE8, 0x3F,
    0x1A, 0x0F, 0x59, 0xAC, 0x53, 0x71, 0x4C, 0x73, 0x42, 0xA0, 0x8D, 0xBF, 0x66, 0x3A, 0x9A, 0x4A,
    0xA9, 0xD0, 0x17, 0xD8, 0x85, 0x8C, 0x78, 0x40, 0x2D, 0xE4, 0x41, 0xC0, 0x83, 0x11, 0xDB, 0x03,
    0x73, 0x1A, 0xE6, 0xB5, 0x38, 0x52, 0x05, 0xAB, 0xC7, 0x97, 0xC7, 0x85, 0xC8, 0xE3, 0x6A, 0xA1,
    0x82, 0x3A, 0x34, 0x8E, 0x63, 0xE1, 0x3B, 0x6C, 0x05, 0x49, 0xE2, 0x15, 0x5A, 0x42, 0x40, 0x6E,
    0xC6, 0x1A, 0xF2, 0x27, 0x2B, 0xB9, 0x90, 0x33, 0xC6, 0x13, 0xC4, 0x2A, 0x42, 0xEE, 0x2D, 0x96,
    0x11, 0xB0, 0xA3, 0x52, 0xAC, 0x23, 0xE4, 0x52, 0x62, 0x21, 0x21, 0x87, 0x15, 0x2B, 0x29, 0xB9,
    0xAE, 0x8C, 0xA5, 0xF4, 0x71, 0xB9, 0xD3, 0x3C, 0x73, 0x25, 0xB1, 0x98, 0xFA, 0x81, 0x22, 0x38,
    0x68, 0x7B, 0x0F, 0xB8, 0x58, 0x4F, 0x7D, 0x08, 0x6E, 0x32, 0x44, 0xE0, 0xEA, 0x61, 0x46, 0x42,
    0xDA, 0xC7, 0xDF, 0x7A, 0xD7, 0xF1, 0xD8, 0xA2, 0x7A, 0x62, 0x26, 0x86, 0xB9, 0x24, 0xF3, 0x9E,
    0x96, 0x3B, 0x33, 0x37, 0x47, 0x5C, 0x7C, 0x3E, 0xDF, 0xE8, 0x12, 0x27, 0xC3, 0xD8, 0x3D, 0x99,
    0xEC, 0x93, 0x02, 0x7C, 0x2F, 0x25, 0x91, 0xC9, 0xEA, 0x16, 0xA7, 0x6D, 0x9F, 0x28, 0xE7, 0x0B,
    0xC3, 0x33, 0x13, 0x03, 0x4C, 0x69, 0x8E, 0xF7, 0xE7, 0xC9, 0x75, 0xE3, 0xEC, 0xF0, 0x7B, 0x2D,
    0x59, 0xEF, 0xC7, 0xC4, 0x44, 0x99, 0x8A, 0x70, 0x47, 0x3C, 0xEF, 0x99, 0x29, 0x37, 0x8B, 0xE7,
    0x6A, 0xEA, 0x3E, 0xF7, 0x6B, 0x52, 0xE1, 0x57, 0x6E, 0xED, 0x9E, 0xE6, 0xE7, 0xCB, 0x90, 0xBA,
    0x25, 0x70, 0x27, 0xD2, 0xEE, 0x05, 0xE1, 0x39, 0x1B, 0x27, 0x24, 0x5E, 0x93, 0x48, 0x3B, 0xFA,
    0xA4, 0x42, 0xFE, 0xFF, 0x67, 0x8E, 0xCF, 0xE0, 0xA1, 0x9C, 0x2E, 0xD1, 0x17, 0xF6, 0x90, 0xCE,
    0xF6, 0x7E, 0xEA, 0x53, 0x82, 0xD7, 0xCC, 0xE0, 0x75, 0xEA, 0xB8, 0x9A, 0x8F, 0x67, 0xF0, 0x5A,
    0x0C, 0xB3, 0x6F, 0xC6, 0xE3, 0xFC, 0xA3, 0x32, 0x11, 0x6D, 0x22, 0xFD, 0xD1, 0xC9, 0x7D, 0xDA,
    0xF3, 0x92, 0x54, 0x74, 0x84, 0xCB, 0x55, 0xB9, 0xEF, 0x24, 0x9B, 0x2E, 0x77, 0x4E, 0x3D, 0xEC,
    0x9F, 0xFD, 0x3E, 0x3B, 0xCF, 0x48, 0x32, 0x6D, 0x32, 0x55, 0x9A, 0xE3, 0x3D, 0x5E, 0x25, 0xD9,
    0xD6, 0x12, 0x7C, 0xF6, 0xE7, 0x7D, 0x91, 0xFB, 0xE5, 0xA9, 0xB8, 0x9F, 0x39, 0x66, 0xD3, 0xDE,
    0xE1, 0x48, 0x12, 0x8F, 0xB6, 0xAE, 0x24, 0xAB, 0x82, 0x6D, 0xDB, 0xF5, 0x91, 0xA2, 0x73, 0xC8,
    0xD3, 0x30, 0xFD, 0x78, 0x48, 0x32, 0xE5, 0x7D, 0x98, 0x8E, 0xC2, 0xBA, 0x6A, 0x38, 0x32, 0x3E,
    0xC7, 0x7F, 0xC0, 0xD2, 0x51, 0xE7, 0x37, 0x4F, 0xF7, 0xCA, 0x5D, 0xD8, 0xCF, 0x35, 0xBB, 0x95,
    0xF2, 0xC4, 0xAD, 0x23, 0x6A, 0x81, 0x43, 0x07, 0xE4, 0xFB, 0x9F, 0x27, 0xC3, 0x38, 0xD1, 0xDD,
    0x3A, 0x6A, 0xA6, 0xB1, 0x4C, 0xCE, 0xA1, 0x60, 0x3E, 0x40, 0x5E, 0x0E, 0x90, 0xF3, 0xF4, 0x33,
    0x9E, 0xB1, 0x58, 0x2D, 0x58, 0xA8, 0x6F, 0x25, 0x2F, 0xD6, 0x00, 0x6D, 0x76, 0xAD, 0x05, 0xC8,
    0x93, 0xAB, 0x0D, 0xD4, 0x03, 0xBB, 0x9C, 0x86, 0xBC, 0x95, 0xDC, 0x26, 0x65, 0x15, 0x04, 0x39,
    0x8F, 0x88, 0x8A, 0xAC, 0xCA, 0x9A, 0x22, 0x5A, 0x05, 0xE2, 0xED, 0xFA, 0x41, 0xE1, 0xFC, 0x18,
    0xE1, 0x1C, 0xC3, 0x25, 0x35, 0xA5, 0x69, 0x57, 0xA8, 0xA9, 0x03, 0xCE, 0x8F, 0xF7, 0x09, 0xDA,
    0x39, 0x1E, 0x49, 0x0A, 0x4A, 0xD9, 0x2E, 0x15, 0x7B, 0xEA, 0x8E, 0xBD, 0x17, 0xDA, 0x63, 0x65,
    0x99, 0x9D, 0xCE, 0xCC, 0x47, 0x38, 0x8B, 0xE0, 0x0F, 0x8F, 0xD1, 0xE8, 0x23, 0x4F, 0xCC, 0x2E,
    0x2A, 0x79, 0x6E, 0x8D, 0xD0, 0xDA, 0xE5, 0xEA, 0x43, 0xAA, 0xFB, 0x55, 0xA9, 0xCE, 0x7D, 0x31,
    0x05, 0xA8, 0xBC, 0x6B, 0x39, 0xE6, 0x89, 0xBE, 0x48, 0x46, 0xC1, 0xD7, 0x08, 0xF2, 0x4B, 0x04,
    0xF9, 0xAA, 0xFA, 0x35, 0xA9, 0xEE, 0x20, 0x20, 0x77, 0x9F, 0x4D, 0x01, 0x72, 0xFF, 0x5A, 0x81,
    0x5E, 0xBA, 0xAB, 0xE8, 0xA1, 0xB1, 0x2C, 0x84, 0x9C, 0xF6, 0x39, 0x1E, 0x49, 0x0A, 0xFC, 0x6F,
    0x52, 0x7A, 0x9F, 0x4E, 0xDF, 0x23, 0xE4, 0x38, 0x0B, 0x10, 0x86, 0x9C, 0xB2, 0x4A, 0xF4, 0xCD,
    0xD5, 0xB0, 0xB5, 0xCA, 0x6A, 0x4E, 0x01, 0xB9, 0x5D, 0x22, 0x17, 0xA8, 0xAF, 0xF7, 0xD3, 0x1E,
    0xEF, 0x62, 0xA2, 0xFA, 0x5D, 0xB8, 0x97, 0xFD, 0x76, 0xA5, 0xEC, 0xA2, 0x52, 0xD6, 0xED, 0x8A,
    0x2F, 0x5D, 0x38, 0x08, 0x38, 0x85, 0xCD, 0x23, 0xC3, 0x27, 0x37, 0x7C, 0x4E, 0x03, 0xF6, 0xDE,
    0xE3, 0x6F, 0x7F, 0xB8, 0xE6, 0xD3, 0x97, 0x55, 0xF0, 0xD3, 0x89, 0x0A, 0x6F, 0x82, 0x89, 0xFB,
    0xB3, 0x09, 0x28, 0xB3, 0xCD, 0x7D, 0xDD, 0x87, 0x53, 0x73, 0x55, 0xCB, 0x53, 0xCA, 0xAB, 0x75,
    0xEC, 0x37, 0x3A, 0x86, 0x12, 0x54, 0x8B, 0x27, 0xB9, 0x4F, 0x71, 0xC2, 0x14, 0x1A, 0x23, 0x38,
    0xDD, 0x14, 0x98, 0xA2, 0xF7, 0x93, 0x56, 0xF9, 0x37, 0x61, 0x7B, 0xB3, 0x55, 0x4E, 0xB1, 0x7D,
    0x20, 0xED, 0xB3, 0xD3, 0x0D, 0xE5, 0xFF, 0x54, 0x9E, 0x03, 0xA5, 0xF5, 0xA9, 0xD3, 0x3C, 0xB9,
    0x02, 0x8D, 0x09, 0xDC, 0x0E, 0x68, 0x62, 0x85, 0x95, 0x9E, 0x56, 0xEE, 0x9B, 0x8D, 0xF2, 0xE0,
    0xB9, 0xCE, 0x9B, 0x35, 0x79, 0xAA, 0x91, 0xC6, 0x5D, 0xF8, 0x8D, 0x9B, 0xFD, 0x93, 0xEA, 0x60,
    0xFA, 0x13, 0x33, 0xAC, 0x1C, 0xCC, 0xFC, 0xF9, 0x41, 0xAC, 0x9C, 0x1B, 0x1C, 0x82, 0x72, 0xAA,
    0x1D, 0xE5, 0xFE, 0xA0, 0x06, 0xFE, 0x55, 0x99, 0x64, 0x80, 0xF7, 0x61, 0x32, 0x46, 0xAC, 0x7C,
    0x18, 0x59, 0xFE, 0xB7, 0x72, 0xE5, 0x5E, 0x4D, 0xE9, 0xDE, 0x14, 0x69, 0xB8, 0xAC, 0xDE, 0x9F,
    0xE7, 0xBF, 0xE7, 0x7B, 0xE6, 0xE4, 0x1F, 0xD7, 0xCD, 0x0E, 0xA0, 0x6B, 0x35, 0x98, 0x5C, 0x69,
    0xFC, 0x22, 0xAA, 0xE6, 0x48, 0xBA, 0x1F, 0xE0, 0xA4, 0x15, 0x5A, 0xB8, 0xA2, 0xE2, 0xA0, 0x0A,
    0x96, 0xA4, 0x8F, 0x1F, 0xD0, 0xF3, 0x9E, 0x78, 0x5A, 0xA9, 0x67, 0x96, 0xE0, 0xE0, 0x36, 0x47,
    0x49, 0x4C, 0xDE, 0x2B, 0xF9, 0xF6, 0x83, 0x7C, 0x2F, 0xDD, 0x51, 0xCE, 0x4A, 0x33, 0x07, 0x5B,
    0x98, 0x63, 0x5A, 0x0F, 0x4E, 0x6C, 0xC4, 0x78, 0x74, 0x56, 0xCD, 0xA1, 0x9A, 0xE1, 0x53, 0x0A,
    0x0E, 0xB9, 0xB3, 0x3D, 0x8A, 0x6A, 0xC6, 0x18, 0xCC, 0x99, 0x59, 0x06, 0xA6, 0x66, 0xFA, 0xC6,
    0xE0, 0x11, 0x25, 0xC3, 0x81, 0xD6, 0x70, 0xD4, 0xDA, 0x50, 0xD1, 0x0F, 0x41, 0x6D, 0xBC, 0x0A,
    0xC0, 0xFE, 0xB0, 0x55, 0xC1, 0x27, 0xAB, 0x83, 0xA7, 0x8B, 0x27, 0x64, 0xEE, 0x3B, 0x6E, 0x57,
    0x00, 0xC8, 0xE3, 0x40, 0xA7, 0xAF, 0xC2, 0x89, 0xAF, 0x37, 0xB0, 0xD5, 0xCA, 0xFB, 0x66, 0x79,
    0xE0, 0x30, 0xD8, 0x7F, 0x90, 0x2A, 0xFF, 0xF5, 0x4A, 0xF9, 0xBF, 0x80, 0xED, 0x35, 0x10, 0x7C,
    0x30, 0x56, 0xDC, 0x6F, 0x02, 0x1E, 0x7F, 0x5E, 0xD1, 0x86, 0xF5, 0xF7, 0x6D, 0xB2, 0xD4, 0x54,
    0xF6, 0xF7, 0x54, 0xE6, 0x5B, 0x9F, 0xFC, 0x36, 0x7B, 0x74, 0x26, 0x23, 0xFC, 0xC1, 0x9A, 0x03,
    0x14, 0xC4, 0xFD, 0x1C, 0x20, 0x94, 0xC5, 0x32, 0x07, 0x28, 0x29, 0xFA, 0x39, 0x40, 0x64, 0x32,
    0xF2, 0x1C, 0xA0, 0xA3, 0x0F, 0x2E, 0x1E, 0xEC, 0x72, 0xC7, 0xE0, 0xC1, 0x7D, 0x6B, 0x62, 0xF0,
    0x40, 0x55, 0xC6, 0x03, 0x9D, 0xB0, 0x17, 0x0F, 0xD1, 0x20, 0x5E, 0xA2, 0x7C, 0x66, 0x1E, 0xE8,
    0xEC, 0xE7, 0xE1, 0x14, 0xB5, 0xFB, 0xB2, 0x5B, 0x1E, 0xD0, 0xE9, 0x54, 0x9C, 0xA0, 0xCC, 0xD3,
    0xA9, 0x24, 0x67, 0x99, 0x91, 0x37, 0x21, 0x27, 0x1F, 0x4D, 0xA7, 0x32, 0x99, 0x6E, 0x84, 0xBE,
    0x3E, 0xDD, 0x6D, 0x2A, 0xAC, 0xA3, 0x54, 0xBF, 0x90, 0xD2, 0x9E, 0xFA, 0x95, 0x51, 0x22, 0xDD,
    0xF1, 0x01, 0xB7, 0x28, 0x5F, 0x7A, 0x94, 0xBF, 0xDE, 0x8C, 0xEA, 0x43, 0xF0, 0x74, 0x8F, 0xDC,
    0x79, 0x38, 0xE5, 0xED, 0x5D, 0x4D, 0x39, 0x34, 0x33, 0x0B, 0x2A, 0xCA, 0xE8, 0xA6, 0x45, 0xBF,
    0x5A, 0x5A, 0x9F, 0x00, 0x0A, 0x5C, 0x9E, 0x00, 0x0A, 0x74, 0x98, 0xBA, 0xAD, 0x3D, 0x01, 0x13,
    0xC4, 0x9D, 0x40, 0x11, 0x63, 0x62, 0xCC, 0xCE, 0xE2, 0x7D, 0x32, 0x95, 0x4C, 0xB8, 0x61, 0x37,
    0x9A, 0x0B, 0x39, 0x19, 0x08, 0x29, 0x7C, 0x91, 0x12, 0x36, 0xAE, 0xD1, 0x42, 0x6A, 0x57, 0xB1,
    0xEE, 0x7F, 0xB2, 0x78, 0xD0, 0xA7, 0x65, 0x1D, 0x8E, 0x39, 0x11, 0x87, 0x07, 0xCE, 0x59, 0x4A,
    0xA9, 0xD4, 0x78, 0x52, 0x68, 0x5F, 0xF6, 0x73, 0x55, 0x36, 0x7E, 0xA3, 0xE6, 0xB6, 0xBC, 0x77,
    0xFC, 0xBC, 0x3C, 0x3D, 0xB3, 0xCC, 0x16, 0xBC, 0x58, 0xF2, 0xFB, 0xC8, 0x67, 0xD4, 0xD4, 0xCC,
    0xB4, 0xE4, 0xA5, 0x4A, 0x4A, 0x66, 0xF9, 0x8F, 0xBB, 0xE9, 0xE1, 0xC6, 0xDB, 0x21, 0xED, 0xDF,
    0x53, 0x12, 0xF6, 0xC9, 0xD8, 0x65, 0xDF, 0x97, 0xCB, 0x92, 0x98, 0xA1, 0x44, 0xC2, 0x3A, 0x42,
    0xD7, 0x4E, 0x33, 0xFD, 0xDB, 0x64, 0x1F, 0xCE, 0xD9, 0x5C, 0x09, 0x5F, 0xE2, 0xEB, 0xA3, 0xFF,
    0xE2, 0xF6, 0x87, 0xCF, 0x4F, 0x47, 0x4C, 0x03, 0x33, 0x43, 0xF1, 0x5A, 0x31, 0x75, 0x5E, 0xE0,
    0xA5, 0x0F, 0xC0, 0xB8, 0xF1, 0x8A, 0x71, 0x36, 0x82, 0x49, 0xEE, 0xA9, 0xA6, 0x52, 0x1B, 0x0E,
    0xD7, 0xD4, 0xB0, 0x91, 0x4A, 0x31, 0x14, 0xB2, 0xE4, 0x11, 0xAF, 0x78, 0x24, 0x0B, 0x1E, 0x91,
    0x4A, 0x41, 0x05, 0x5D, 0xBA, 0xBD, 0x78, 0x28, 0x27, 0xC2, 0x3D, 0x28, 0xB3, 0x82, 0xBF, 0x3A,
    0x95, 0x85, 0xE8, 0x4A, 0x5A, 0x55, 0xC4, 0xA5, 0x25, 0x9A, 0x25, 0x87, 0x6E, 0x86, 0xB1, 0x65,
    0x8C, 0x40, 0xBF, 0x8B, 0x8D, 0x3A, 0x7A, 0xEB, 0xB4, 0x1A, 0x56, 0x03, 0xB1, 0x4C, 0x0E, 0xD8,
    0x49, 0xB3, 0xA2, 0xB3, 0x75, 0xD6, 0xCC, 0xFF, 0x74, 0xCD, 0xBA, 0xAA, 0xFA, 0xA9, 0xBF, 0x06,
    0x15, 0xD7, 0xFA, 0xBC, 0x36, 0xAB, 0x7E, 0xCA, 0x62, 0xCD, 0xAD, 0x94, 0x55, 0x62, 0xD6, 0x88,
    0x06, 0x9D, 0xEF, 0xC2, 0x99, 0x77, 0x8B, 0x77, 0x06, 0x55, 0xEB, 0xAB, 0x39, 0xD3, 0xCE, 0xB3,
    0x5C, 0xBE, 0x78, 0x83, 0xCB, 0xD7, 0xB4, 0xE0, 0xFD, 0xCB, 0xF7, 0x72, 0x36, 0xB6, 0x59, 0x0C,
    0xBD, 0x5F, 0xBA, 0x36, 0xE7, 0x09, 0x96, 0x59, 0xCE, 0x0E, 0xA4, 0xC5, 0x43, 0x3E, 0xC1, 0xF2,
    0x23, 0xA6, 0x9D, 0xF1, 0x74, 0x79, 0xC2, 0xC4, 0xE3, 0x58, 0x29, 0x70, 0x6E, 0xD6, 0xD4, 0x6E,
    0xF7, 0x66, 0x43, 0xED, 0xB4, 0x8B, 0xF2, 0x90, 0x4F, 0x2C, 0x7D, 0xD0, 0x26, 0xCA, 0x1E, 0xC8,
    0xEA, 0x01, 0x63, 0xB5, 0xC1, 0x13, 0xF5, 0x31, 0xAB, 0x65, 0x58, 0xF3, 0x1D, 0x65, 0xC9, 0x59,
    0xB0, 0xA6, 0xE6, 0x99, 0xE1, 0xF0, 0xB8, 0x77, 0x2B, 0x1E, 0xF7, 0x76, 0x7C, 0xE8, 0x56, 0x61,
    0xB8, 0xDB, 0xED, 0x3D, 0x14, 0x7C, 0x0E, 0x67, 0xA3, 0xA8, 0x21, 0xD3, 0xA3, 0x4F, 0x5F, 0xBC,
    0xCC, 0xBF, 0x2D, 0x1D, 0xC4, 0xEB, 0x3C, 0xC3, 0x86, 0xF0, 0x82, 0xC4, 0x4C, 0x78, 0x59, 0x7B,
    0x48, 0x07, 0x0F, 0x4A, 0x7B, 0xF7, 0xE5, 0x23, 0x0E, 0xB7, 0x36, 0x7B, 0x49, 0xB2, 0xDF, 0xAF,
    0x31, 0xD8, 0xD9, 0xB7, 0xF9, 0xF7, 0x89, 0x51, 0x9E, 0xDD, 0x43, 0x7C, 0xD1, 0x4C, 0xB0, 0x29,
    0x9B, 0x79, 0xD6, 0x76, 0xDE, 0x63, 0x93, 0xB7, 0xFB, 0x9F, 0xAF, 0x66, 0xF9, 0xB0, 0x37, 0x93,
    0x4D, 0xED, 0xFD, 0x98, 0xF9, 0xBE, 0x25, 0x69, 0xAD, 0xB6, 0x30, 0x7A, 0xFF, 0xF5, 0x74, 0x9D,
    0xCF, 0xE3, 0x7E, 0x70, 0xF3, 0x07, 0xBC, 0x1F, 0x24, 0x7D, 0x74, 0x3B, 0xE0, 0xC9, 0x07, 0xBC,
    0xB6, 0xFA, 0xF2, 0x9A, 0x1A, 0xB2, 0xFB, 0x8C, 0xA9, 0xE3, 0x96, 0x53, 0xF9, 0xBE, 0xD3, 0x11,
    0x49, 0xB6, 0x4D, 0x65, 0xF6, 0xCF, 0x74, 0xE1, 0x4F, 0x17, 0xCD, 0xBB, 0x2D, 0xDA, 0xFD, 0x0B,
    0x5E, 0x77, 0x42, 0xF1, 0xC2, 0x13, 0x8A, 0x57, 0x9E, 0x50, 0xBC, 0x8E, 0x82, 0x78, 0x9B, 0xB9,
    0x68, 0xC6, 0x45, 0xC0, 0x93, 0x46, 0xD0, 0xEB, 0x4D, 0x0B, 0x50, 0x28, 0x5E, 0x81, 0x82, 0xDD,
    0xCD, 0x29, 0xAB, 0xF7, 0xCA, 0x2C, 0x42, 0x61, 0x96, 0x54, 0x98, 0x5D, 0xCD, 0x8E, 0x11, 0x21,
    0x6F, 0x86, 0x68, 0x86, 0xBA, 0x53, 0xEC, 0x8F, 0x96, 0x43, 0xBD, 0xFA, 0x86, 0x24, 0x95, 0x51,
    0x9A, 0x22, 0x8F, 0x1C, 0x19, 0x0F, 0x4C, 0x14, 0xC7, 0x78, 0xA9, 0xDF, 0x09, 0x25, 0xD1, 0x5A,
    0x9A, 0xC3, 0x25, 0x1D, 0x17, 0xAB, 0xC1, 0x6F, 0x2E, 0xA5, 0x3C, 0x18, 0x3D, 0x3F, 0xF2, 0x7D,
    0xAE, 0x91, 0xC7, 0xAB, 0xEB, 0xF7, 0x7C, 0x44, 0x8C, 0x55, 0x4E, 0x6C, 0x65, 0x7F, 0x19, 0xD7,
    0xAD, 0x3D, 0xAE, 0xA0, 0xFB, 0x73, 0xA1, 0x94, 0xBD, 0x1F, 0x86, 0x8A, 0x57, 0x6C, 0xE0, 0xB4,
    0xD8, 0xB0, 0x18, 0xD2, 0x79, 0xEF, 0x2D, 0xB4, 0x4F, 0x8C, 0x66, 0x92, 0xF1, 0x3C, 0x32, 0x9E,
    0x45, 0xC6, 0x73, 0xC8, 0x78, 0x06, 0x19, 0xCD, 0x1F, 0xE3, 0xD9, 0x63, 0xFB, 0xCE, 0x1D, 0xBB,
    0xF7, 0xD8, 0xBE, 0x3F, 0xE9, 0x81, 0x5F, 0x3E, 0xB7, 0x46, 0xC8, 0xDD, 0xA1, 0x57, 0x2F, 0x9C,
    0x1F, 0x45, 0xB5, 0xF8, 0xBD, 0x0B, 0xEC, 0x02, 0x64, 0x79, 0x68, 0x5E, 0xD2, 0xD3, 0xBB, 0xFF,
    0xD8, 0xFB, 0xC7, 0x8B, 0x9D, 0xCB, 0x52, 0xE7, 0xD3, 0xAE, 0xBF, 0xDF, 0xF8, 0xA5, 0x80, 0xA6,
    0x74, 0xB1, 0xB0, 0x1A, 0xA2, 0x85, 0xE1, 0x3E, 0xFD, 0xAF, 0x0E, 0x7D, 0x1A, 0x39, 0xBD, 0xDD,
    0x21, 0x91, 0xFC, 0xB9, 0x5A, 0x94, 0xD2, 0xE4, 0xA2, 0xA2, 0x95, 0xFE, 0x11, 0x1A, 0x73, 0xE2,
    0x5D, 0x7D, 0x7B, 0xC0, 0x5D, 0xBE, 0xDF, 0x3D, 0x68, 0xC3, 0xFB, 0xFA, 0xB6, 0x85, 0x93, 0xEB,
    0x34, 0x41, 0xC2, 0xE1, 0x77, 0xDA, 0xA5, 0x18, 0xD6, 0x8F, 0xAA, 0xAC, 0x8C, 0x8A, 0xA8, 0x4A,
    0xF2, 0xB0, 0x02, 0x59, 0x89, 0x6E, 0x5A, 0x0C, 0xD9, 0x57, 0x78, 0xBD, 0x87, 0xDB, 0x2E, 0x1C,
    0x6D, 0x93, 0xE2, 0xD4, 0x39, 0x9D, 0x2F, 0x45, 0x3A, 0x5F, 0xCE, 0xF0, 0xFD, 0x6E, 0x9D, 0xE2,
    0x95, 0xAB, 0x4A, 0x5A, 0x55, 0x22, 0x33, 0xC1, 0xC0, 0xF7, 0x70, 0x7F, 0x75, 0x26, 0x29, 0x81,
    0xA4, 0x0A, 0x4C, 0xE4, 0xDD, 0xDC, 0xA2, 0x77, 0xEF, 0xC4, 0x5B, 0x77, 0xBA, 0x3F, 0x2E, 0xF2,
    0xB3, 0xEA, 0x2B, 0x75, 0x2E, 0x84, 0x31, 0x70, 0x8A, 0xD5, 0x03, 0x54, 0xD1, 0x9C, 0x99, 0xDC,
    0xC9, 0x83, 0x5A, 0x86, 0x0B, 0x0D, 0x58, 0x7C, 0x26, 0x1E, 0xC0, 0x59, 0xF0, 0x34, 0x03, 0x5E,
    0x56, 0x04, 0x41, 0x1D, 0xD1, 0x4A, 0x0F, 0x1E, 0x06, 0xB7, 0x60, 0xA5, 0x7C, 0x76, 0xDB, 0x63,
    0x2D, 0x1E, 0xD0, 0xF3, 0x31, 0x68, 0x82, 0xCF, 0x43, 0x91, 0x80, 0xA9, 0x10, 0xCB, 0xD0, 0x0F,
    0x4B, 0xD0, 0x1F, 0x3B, 0xFE, 0xFB, 0xF3, 0xFC, 0x2F, 0x1F, 0x8D, 0xAD, 0x2E, 0x2C, 0x6C, 0x1D,
    0x95, 0x36, 0xC6, 0xFA, 0x76, 0xFC, 0xF4, 0xE0, 0xDB, 0xBC, 0xC1, 0x11, 0x50, 0xB7, 0xE1, 0x08,
    0x28, 0x46, 0xB5, 0xAF, 0x80, 0xEE, 0x87, 0x26, 0x80, 0x06, 0x4D, 0xF0, 0x94, 0x17, 0x1F, 0x38,
    0x0C, 0xEA, 0x30, 0x2D, 0xAD, 0x26, 0xAF, 0x81, 0x35, 0xC9, 0x59, 0x66, 0x89, 0x05, 0x09, 0x1F,
    0xD9, 0xFA, 0x56, 0xAD, 0xFA, 0x29, 0x6A, 0xA3, 0x00, 0x54, 0xC3, 0xCA, 0x28, 0x69, 0xF8, 0x9A,
    0xD6, 0x0B, 0xA2, 0x4B, 0x7D, 0x5C, 0xE0, 0x80, 0xD6, 0xB1, 0xC1, 0x97, 0xCA, 0x35, 0x94, 0xDB,
    0xB3, 0x8C, 0x27, 0x07, 0x98, 0x76, 0xD4, 0xF0, 0x8B, 0xC0, 0xF8, 0xE2, 0x9A, 0x6F, 0x16, 0x55,
    0xF4, 0xC2, 0x37, 0x8B, 0x32, 0xB2, 0xAF, 0x83, 0x68, 0xCE, 0xC5, 0x2F, 0x10, 0x33, 0xD4, 0x13,
    0x96, 0xB2, 0x22, 0x25, 0x25, 0x98, 0xB5, 0x40, 0xB3, 0xCF, 0x58, 0x78, 0x5B, 0x15, 0xCF, 0xDC,
    0xAD, 0xD7, 0x08, 0xEB, 0x97, 0x6A, 0xC2, 0x3A, 0x26, 0x8D, 0xA1, 0xF0, 0x2B, 0x09, 0xEB, 0x7E,
    0x7E, 0x7F, 0x61, 0x1D, 0xB9, 0xA0, 0x2C, 0xA5, 0x42, 0xE9, 0x9E, 0x76, 0xA9, 0x1E, 0x52, 0xE5,
    0x3B, 0x2D, 0xF8, 0x67, 0x62, 0xF3, 0x33, 0x51, 0xEE, 0xFD, 0x72, 0xCB, 0xE4, 0xE0, 0xF4, 0x99,
    0x7D, 0x68, 0xFF, 0x30, 0xA2, 0x80, 0xA7, 0xBC, 0xCB, 0x4C, 0x78, 0x33, 0x21, 0xDE, 0xCC, 0x8F,
    0x97, 0x40, 0x70, 0x31, 0x76, 0x23, 0xCA, 0x1C, 0x78, 0x93, 0xD0, 0x21, 0xC4, 0x25, 0xAF, 0xB1,
    0x36, 0x2B, 0x78, 0x18, 0x4F, 0xA0, 0x2F, 0xB3, 0xC4, 0xA3, 0xDA, 0xAC, 0x2A, 0x16, 0xF1, 0x7C,
    0xEB, 0x9C, 0xD4, 0x5F, 0x18, 0x9C, 0x1F, 0xA0, 0x54, 0x3D, 0x51, 0x4C, 0xA2, 0x6A, 0xA6, 0xC4,
    0xB7, 0xF0, 0x5A, 0x9F, 0xAB, 0xE5, 0x25, 0xC0, 0xB5, 0xBC, 0x41, 0xB2, 0xB2, 0xCD, 0x4B, 0x82,
    0xF9, 0x1F, 0x1B, 0xFD, 0xEB, 0x23, 0xCD, 0xC2, 0x09, 0x92, 0x46, 0x69, 0x89, 0xC7, 0x51, 0x66,
    0x7C, 0x0F, 0xE9, 0x59, 0xDD, 0x45, 0xFE, 0x9D, 0x99, 0x25, 0x61, 0xE4, 0x4D, 0x82, 0xD7, 0x67,
    0xD1, 0x73, 0x7F, 0xB5, 0x2F, 0xC1, 0x77, 0x73, 0xE7, 0xB2, 0x70, 0xCD, 0x5D, 0x55, 0x09, 0x2F,
    0xCA, 0xB6, 0xAD, 0xD6, 0xD5, 0xF6, 0xA7, 0x6B, 0xF5, 0x2F, 0xD7, 0x56, 0x3D, 0x7C, 0x79, 0xE4,
    0x8D, 0xAC, 0x58, 0x93, 0xE4, 0xC5, 0x79, 0x93, 0xE3, 0xF5, 0x3F, 0xEA, 0xE2, 0x67, 0xD5, 0x3F,
    0xD5, 0xEA, 0x5F, 0x5B, 0xFC, 0x6E, 0x5F, 0xF2, 0x74, 0x13, 0xDD, 0x28, 0xD7, 0xE8, 0x2C, 0x3C,
    0xE9, 0x04, 0x85, 0x36, 0x6F, 0xE7, 0xEE, 0x6B, 0x79, 0xA2, 0xD3, 0x49, 0x46, 0x5E, 0xFE, 0x8F,
    0x3E, 0xBD, 0x74, 0x6A, 0x69, 0x71, 0xC9, 0x5F, 0x7A, 0x64, 0xE9, 0xA9, 0x36, 0xA9, 0x9F, 0x8A,
    0xCF, 0xC6, 0xC9, 0xE4, 0xB1, 0xCE, 0xDF, 0x8D, 0xD4, 0xCE, 0x46, 0x5D, 0xD5, 0xF1, 0xF9, 0xCF,
    0x85, 0x1A, 0xAE, 0x4E, 0x91, 0x7F, 0xC1, 0x17, 0xB8, 0xD6, 0x33, 0x8F, 0xAB, 0x24, 0x8A, 0xA3,
    0x48, 0x7D, 0xE8, 0x11, 0x4E, 0x62, 0x9F, 0x7F, 0x64, 0x5B, 0x79, 0x7F, 0xBA, 0xBA, 0xE4, 0x5D,
    0xD9, 0x59, 0x75, 0x75, 0xBD, 0xEA, 0xBD, 0xBD, 0x7E, 0x7E, 0x8B, 0xDF, 0xA7, 0x38, 0xBF, 0x31,
    0x6B, 0x42, 0x49, 0x76, 0x03, 0x65, 0x7B, 0x30, 0x63, 0xF7, 0x76, 0x95, 0x5A, 0xC1, 0xFE, 0x5C,
    0x40, 0x73, 0xD5, 0x9A, 0x00, 0xA8, 0x5F, 0xE7, 0x34, 0xD0, 0x7F, 0x50, 0xAA, 0xF8, 0x0B, 0x7C,
    0x6B, 0xF7, 0x1F, 0xBB, 0x4A, 0xF1, 0x3B, 0xD5, 0x5B, 0xC7, 0x1C, 0xFB, 0x13, 0x57, 0x59, 0xB7,
    0xA8, 0x77, 0xDD, 0x2D, 0xE5, 0xFC, 0x07, 0xDF, 0xF4, 0xBB, 0xA9, 0xC9, 0x58, 0x73, 0x72, 0xA3,
    0xF1, 0x58, 0xE5, 0xE3, 0xE6, 0xE9, 0xD5, 0xD3, 0xA6, 0xF6, 0xB5, 0x25, 0x53, 0xFB, 0x78, 0x3F,
    0xD7, 0x79, 0xE9, 0x6B, 0xA6, 0xF6, 0x74, 0x3F, 0xE5, 0xEF, 0xC3, 0x17, 0x4D, 0xED, 0x23, 0xFB,
    0xD5, 0x86, 0xF3, 0x86, 0x6B, 0x3F, 0xDE, 0xDF, 0x6F, 0x78, 0xC6, 0xF0, 0xDC, 0x01, 0x96, 0x5E,
    0x23, 0x2B, 0x07, 0x98, 0x9D, 0x37, 0x4C, 0x3B, 0xD4, 0xAD, 0x5C, 0xDA, 0xA6, 0xF2, 0xBE, 0xBD,
    0x03, 0x0E, 0xE4, 0x18, 0xD4, 0xBE, 0xCF, 0x09, 0xAC, 0xFF, 0x08, 0xF8, 0xC3, 0x5C, 0x1F, 0xC2,
    0xDF, 0x80, 0x53, 0x4A, 0xBB, 0x36, 0x91, 0x8B, 0x8C, 0x70, 0xFF, 0xFF, 0xED, 0x3D, 0x5D, 0x8C,
    0x1D, 0x57, 0x79, 0x67, 0x66, 0xD6, 0x3B, 0xB1, 0x47, 0x65, 0x36, 0x92, 0x43, 0x63, 0x1B, 0x3C,
    0x79, 0x30, 0x90, 0x50, 0xBC, 0x63, 0x54, 0xDA, 0xC6, 0xB0, 0xBB, 0x33, 0x09, 0x50, 0x57, 0xCA,
    0x43, 0xDC, 0x0A, 0x53, 0x14, 0x24, 0xEC, 0xA8, 0x54, 0x42, 0x06, 0x62, 0x1E, 0xAC, 0x6A, 0x11,
    0x6B, 0xCF, 0x04, 0xAB, 0x4D, 0x25, 0x3F, 0x78, 0x1F, 0x50, 0x5F, 0xA8, 0x8A, 0xA5, 0x1A, 0x89,
    0x18, 0x95, 0xDD, 0x4A, 0x8B, 0xD9, 0x50, 0xDB, 0x33, 0x24, 0xA2, 0x3C, 0xE4, 0xC1, 0x43, 0x22,
    0x35, 0x52, 0x53, 0x35, 0x93, 0xC6, 0x22, 0x05, 0xAA, 0xFA, 0x24, 0x19, 0x87, 0x6B, 0x7B, 0xEE,
    0x9C, 0x7E, 0x3F, 0x67, 0x7E, 0xEE, 0xDD, 0x5D, 0xFF, 0x61, 0xC7, 0x6B, 0xA7, 0xF7, 0xCE, 0x9D,
    0x73, 0xEE, 0xFC, 0x9C, 0x39, 0xE7, 0x3B, 0xDF, 0xDF, 0xF9, 0xBE, 0xEF, 0x9C, 0x11, 0xA2, 0xF9,
    0x58, 0x3A, 0x75, 0x53, 0x4E, 0x27, 0xE6, 0x39, 0x95, 0x1F, 0xC1, 0xFD, 0x87, 0xBF, 0xFF, 0xAB,
    0xB9, 0xE3, 0xC7, 0x84, 0x08, 0x14, 0x7C, 0x7A, 0x42, 0x6C, 0x9B, 0x10, 0x62, 0xFE, 0x41, 0x48,
    0xA5, 0x10, 0x1F, 0x81, 0xF4, 0x8F, 0xE0, 0x2E, 0x07, 0xD2, 0x00, 0xAE, 0x35, 0xE1, 0xFC, 0x04,
    0xDE, 0xB4, 0x28, 0x44, 0x41, 0x45, 0x09, 0x4B, 0x0A, 0x27, 0x83, 0x93, 0xEE, 0xD7, 0xC4, 0xF6,
    0xFD, 0xE2, 0xE3, 0xE9, 0xC4, 0x36, 0xF1, 0xB5, 0xFB, 0xC5, 0x83, 0xF3, 0xD3, 0xDB, 0xC4, 0x9E,
    0xF7, 0x89, 0x07, 0x67, 0x36, 0x6F, 0x13, 0xDB, 0x1E, 0x14, 0xDB, 0xA5, 0x2D, 0x85, 0x27, 0x45,
    0x90, 0x1A, 0x52, 0x18, 0x21, 0x16, 0xB6, 0x88, 0xF7, 0xCF, 0x08, 0x31, 0x05, 0x89, 0x01, 0xE5,
    0x7E, 0x22, 0x16, 0xC2, 0x86, 0xF4, 0xA3, 0xB9, 0x10, 0x1E, 0x3E, 0x7F, 0x1A, 0x4E, 0x43, 0xFA,
    0x07, 0x07, 0x77, 0xED, 0x3A, 0x3F, 0xDD, 0xD6, 0x4F, 0x98, 0xB9, 0xC7, 0xF5, 0x9F, 0x9E, 0xE1,
    0x74, 0xB3, 0xE4, 0xD4, 0xD6, 0xED, 0x33, 0x70, 0x37, 0x1A, 0x06, 0x32, 0xE9, 0xF5, 0x4E, 0x16,
    0x33, 0x55, 0x19, 0x15, 0x5E, 0x66, 0xCC, 0x7A, 0xBD, 0xA9, 0x93, 0x33, 0xE3, 0xD3, 0x9B, 0xA7,
    0x37, 0xCF, 0x6C, 0x9D, 0x3A, 0xE9, 0x15, 0x46, 0x38, 0x0A, 0x15, 0xE9, 0x89, 0x29, 0x85, 0x95,
    0x18, 0x2D, 0x45, 0x90, 0x8B, 0x07, 0xE0, 0xC6, 0x38, 0x90, 0xE3, 0x85, 0x51, 0x04, 0xC5, 0xE9,
    0xF9, 0x05, 0xB1, 0x20, 0xA6, 0xB9, 0xD0, 0xFB, 0xC4, 0xE8, 0xDA, 0x05, 0xE1, 0x7C, 0x61, 0x7A,
    0xC2, 0x39, 0xBD, 0x38, 0x6D, 0xAB, 0x62, 0xDA, 0x79, 0x7B, 0xF6, 0xE0, 0x1C, 0xD4, 0xAB, 0x82,
    0x7B, 0x8E, 0xD2, 0x35, 0x5E, 0x2E, 0x22, 0x55, 0x9E, 0x4A, 0xCA, 0x31, 0x27, 0xDF, 0x28, 0xA2,
    0xF4, 0x44, 0xFE, 0xE3, 0x3C, 0xCA, 0x9D, 0x4C, 0xA5, 0x7D, 0xAA, 0x37, 0xB6, 0xCF, 0x3D, 0x29,
    0xA6, 0xB6, 0x88, 0x03, 0xE2, 0x73, 0x81, 0x2A, 0x1D, 0xDD, 0x9E, 0xE5, 0x8F, 0x63, 0x4B, 0x72,
    0x61, 0x42, 0xE3, 0x1E, 0x86, 0xBE, 0x0B, 0x27, 0xED, 0x78, 0xC2, 0x4E, 0x27, 0xEC, 0x38, 0x98,
    0x0B, 0x3D, 0x25, 0x0C, 0xE8, 0x32, 0xFC, 0x89, 0x7D, 0x2A, 0x13, 0xA6, 0x9A, 0x2B, 0x85, 0x5B,
    0x88, 0x24, 0x0C, 0x42, 0xE1, 0xA5, 0x07, 0xA0, 0xCF, 0xF3, 0x93, 0x50, 0xB2, 0xA4, 0xDD, 0x41,
    0xFC, 0x1B, 0xC4, 0xC2, 0xCB, 0x5C, 0xE8, 0xA9, 0xD0, 0xCA, 0xB0, 0xDB, 0x2E, 0xBF, 0x4B, 0xC5,
    0x24, 0xEF, 0x9C, 0x54, 0xF8, 0xC2, 0xC7, 0x42, 0x11, 0xFE, 0xBC, 0x03, 0x58, 0x88, 0x52, 0x58,
    0x4A, 0xB8, 0xAF, 0xA4, 0xFE, 0x8E, 0xDC, 0x3B, 0x93, 0xDA, 0x0A, 0x8F, 0x88, 0x6D, 0x54, 0xE9,
    0x9D, 0xC2, 0x28, 0x84, 0xDD, 0x17, 0xDE, 0xB9, 0x30, 0x70, 0x33, 0x7F, 0x77, 0xEC, 0x54, 0x84,
    0x38, 0x0C, 0x23, 0xA8, 0x45, 0x20, 0x23, 0x19, 0x48, 0x2F, 0x5B, 0x01, 0xD6, 0xEB, 0xE1, 0x07,
    0x55, 0x16, 0x50, 0xA6, 0x01, 0x0F, 0xB3, 0x5E, 0xCB, 0x84, 0xF5, 0x2C, 0x60, 0x59, 0x2C, 0xC5,
    0xD2, 0xCF, 0xD7, 0xA0, 0x6D, 0xF0, 0x64, 0x17, 0x00, 0x8C, 0x95, 0xB0, 0x14, 0x60, 0x11, 0xDC,
    0x24, 0x12, 0xC0, 0xA2, 0x00, 0x6E, 0xF0, 0x01, 0x4D, 0x5D, 0x78, 0xB8, 0x5B, 0x8E, 0x08, 0xAF,
    0xF4, 0x8F, 0xAB, 0x12, 0x9A, 0xD0, 0x8B, 0x94, 0x92, 0x09, 0xB4, 0xC4, 0x51, 0x17, 0x74, 0x39,
    0xF8, 0x50, 0x28, 0xC7, 0x84, 0xCE, 0xB4, 0xCE, 0x41, 0x59, 0x67, 0x62, 0xE1, 0xEE, 0x48, 0x85,
    0x6B, 0x66, 0x4B, 0x9F, 0xB9, 0x06, 0x7E, 0x11, 0x3E, 0x0B, 0xAE, 0x6F, 0x9E, 0x07, 0xD7, 0x45,
    0xF0, 0x0B, 0xF2, 0xF6, 0x87, 0xFF, 0xE1, 0x9C, 0x09, 0x3F, 0x47, 0x01, 0xAA, 0x29, 0xC8, 0x02,
    0x96, 0x29, 0x29, 0x7C, 0xB8, 0xCD, 0x83, 0x2A, 0x43, 0x7F, 0x50, 0x69, 0x26, 0xD0, 0xA6, 0x2F,
    0x93, 0x32, 0x2A, 0x5D, 0x69, 0xA5, 0x86, 0x30, 0x62, 0x11, 0xE5, 0x58, 0x7F, 0xDE, 0xA0, 0x11,
    0x1E, 0x60, 0x48, 0xA9, 0x37, 0x07, 0xB6, 0x3E, 0x42, 0xD8, 0xAE, 0x84, 0xC5, 0x9B, 0xD2, 0x9B,
    0xD9, 0xD9, 0x10, 0x7F, 0x62, 0xE8, 0x0D, 0xA8, 0x86, 0xC2, 0xFA, 0xC0, 0x4E, 0xC2, 0xE1, 0xA0,
    0x9A, 0xAB, 0xA0, 0x02, 0x0A, 0x3A, 0x08, 0xE9, 0xC9, 0x05, 0x50, 0xC0, 0xAE, 0x0A, 0xB1, 0x64,
    0x81, 0x65, 0xEB, 0x9D, 0xDD, 0xAF, 0x77, 0xF0, 0x80, 0x81, 0x9D, 0xAA, 0x77, 0xE6, 0x32, 0x3B,
    0xA1, 0x9F, 0x2B, 0x76, 0x46, 0xF9, 0x7A, 0x07, 0xFA, 0x39, 0x38, 0x5C, 0x40, 0x87, 0x3F, 0xD2,
    0x0B, 0x8A, 0xE4, 0x91, 0x9E, 0x8F, 0x34, 0x0C, 0xCF, 0x55, 0x05, 0x3C, 0x57, 0x49, 0x57, 0x5D,
    0x52, 0xA9, 0x5B, 0xCD, 0xEE, 0xD2, 0xCF, 0x6D, 0x1E, 0x69, 0x5F, 0xCB, 0x23, 0x8D, 0xCE, 0x73,
    0x47, 0xFF, 0x1B, 0xDA, 0x1B, 0x20, 0x2D, 0x23, 0xA8, 0x25, 0xEF, 0x42, 0x80, 0x20, 0x5C, 0xE3,
    0x15, 0xC9, 0x61, 0x6C, 0xAF, 0x0A, 0x71, 0x17, 0xD3, 0xCE, 0x41, 0x40, 0x38, 0xFD, 0x5D, 0xBF,
    0x5D, 0x7B, 0x35, 0x9F, 0x45, 0xFE, 0xE3, 0x21, 0x96, 0x06, 0xD8, 0x1A, 0x0F, 0x6F, 0xF6, 0xE0,
    0xE1, 0xC0, 0x14, 0xE0, 0x0C, 0xC2, 0xD9, 0x52, 0x09, 0x90, 0x86, 0xF2, 0xB0, 0x1B, 0x5D, 0xE8,
    0x85, 0xC2, 0xC2, 0x9E, 0x31, 0x55, 0x18, 0x65, 0x86, 0x8A, 0x93, 0x14, 0xD0, 0x05, 0x30, 0x03,
    0x76, 0x87, 0x64, 0x92, 0xAA, 0xE7, 0x24, 0xE4, 0xCE, 0x5D, 0x84, 0x13, 0x58, 0x67, 0xC0, 0x59,
    0x05, 0xFD, 0x96, 0x40, 0xB7, 0xF7, 0x80, 0xD1, 0x88, 0xD1, 0xEF, 0x02, 0xD6, 0x61, 0xA7, 0x2B,
    0xEC, 0x3E, 0x78, 0x50, 0x5F, 0xF8, 0x80, 0xE8, 0xBE, 0xD4, 0xBF, 0x42, 0x84, 0x6E, 0x65, 0x65,
    0x8E, 0x3A, 0x07, 0xBD, 0xAE, 0x80, 0x37, 0x40, 0x67, 0x7B, 0xC0, 0x2B, 0x00, 0x0D, 0x05, 0x80,
    0xC5, 0x84, 0xEA, 0xD8, 0x50, 0x2F, 0x17, 0xFE, 0xFA, 0x7D, 0xAE, 0x72, 0x24, 0x89, 0x87, 0x51,
    0xF7, 0xD5, 0x1C, 0xD5, 0x0D, 0x01, 0xB5, 0xBD, 0x1E, 0x9C, 0xF2, 0x7B, 0x84, 0x8D, 0xF0, 0x90,
    0x28, 0x87, 0x16, 0x24, 0x19, 0x20, 0x0C, 0x90, 0x50, 0xDF, 0x50, 0xA1, 0x55, 0x99, 0x58, 0x13,
    0x00, 0x97, 0xA9, 0x3E, 0x09, 0x85, 0xA9, 0xC3, 0x50, 0x9A, 0x3A, 0x03, 0xD5, 0x49, 0xCE, 0x00,
    0x01, 0x46, 0xE7, 0x24, 0xF2, 0x6F, 0x28, 0xD9, 0x87, 0x0A, 0x40, 0x2D, 0x00, 0x1C, 0x2E, 0xEF,
    0xE0, 0x49, 0x48, 0x1B, 0x44, 0xBC, 0x0C, 0x6E, 0x83, 0x69, 0x8C, 0xAA, 0x90, 0x10, 0xF5, 0xE1,
    0x8D, 0xB0, 0x97, 0x04, 0x72, 0x49, 0x9D, 0xD1, 0xA3, 0x3D, 0xE1, 0x0C, 0xED, 0xDD, 0x4B, 0x04,
    0xEC, 0xB7, 0xB0, 0x14, 0xFF, 0x0D, 0x2C, 0x10, 0x10, 0x20, 0x46, 0x12, 0x24, 0xD0, 0xA7, 0x58,
    0x90, 0x8A, 0x81, 0x08, 0x00, 0xD6, 0x01, 0xF6, 0x03, 0xC2, 0x0A, 0xF8, 0x92, 0xA6, 0x29, 0xA0,
    0x85, 0x12, 0xAB, 0x10, 0x14, 0x78, 0x0A, 0xDA, 0x0A, 0x74, 0x0D, 0x52, 0xCD, 0x00, 0xEE, 0x10,
    0xD2, 0xB6, 0x0E, 0x39, 0xAD, 0x22, 0x06, 0x43, 0x30, 0x83, 0x2A, 0x79, 0xD8, 0xA1, 0x80, 0xDE,
    0x05, 0x3C, 0x0A, 0xA8, 0x33, 0xC8, 0x81, 0xCD, 0x04, 0x12, 0x4A, 0x03, 0x02, 0x2B, 0x91, 0xC0,
    0x4A, 0xBC, 0x0E, 0x8B, 0xC5, 0x1A, 0x26, 0x6A, 0x88, 0xA6, 0xFA, 0x4B, 0x71, 0xAC, 0x83, 0xCC,
    0x35, 0x5B, 0x12, 0x5F, 0x6A, 0xD1, 0xAB, 0xDF, 0xE4, 0x8C, 0x6A, 0xB9, 0xA3, 0x62, 0x2C, 0xAC,
    0x73, 0xFE, 0x53, 0x79, 0x9D, 0x0D, 0xCE, 0xC8, 0x65, 0xB2, 0x43, 0x7C, 0xED, 0xBE, 0x26, 0xE7,
    0xF4, 0x9A, 0xAC, 0x57, 0x36, 0x59, 0xB7, 0xCD, 0x12, 0x8D, 0x8A, 0x4D, 0xB9, 0xF0, 0x73, 0x22,
    0x52, 0x62, 0x51, 0x39, 0xD5, 0xBF, 0xCE, 0xAE, 0x0B, 0x91, 0xD6, 0x44, 0x90, 0x99, 0xCA, 0x65,
    0xF6, 0x9B, 0x40, 0xD6, 0x2B, 0x88, 0x4D, 0x2B, 0xB8, 0x00, 0xF1, 0xD3, 0x51, 0xDF, 0x56, 0x17,
    0xE7, 0x2A, 0xE4, 0x93, 0x0E, 0x4A, 0x76, 0xD5, 0x6F, 0xB3, 0xA5, 0xCE, 0x5E, 0x00, 0x10, 0x63,
    0xD6, 0xED, 0xAB, 0xDC, 0xA7, 0x8E, 0x43, 0x3E, 0x48, 0x4F, 0xEA, 0x31, 0x7B, 0xC7, 0xB6, 0xAA,
    0x70, 0x54, 0x71, 0x16, 0x29, 0x1A, 0xBA, 0xC7, 0x23, 0x7C, 0x42, 0x9A, 0x01, 0x7D, 0x03, 0x21,
    0x8A, 0x34, 0x4E, 0xDC, 0x18, 0xBB, 0x05, 0x99, 0x33, 0x12, 0xAA, 0xB1, 0x17, 0xFB, 0x74, 0x9D,
    0x58, 0xE1, 0x73, 0xAA, 0xCD, 0x1A, 0x1D, 0x3A, 0xEF, 0xD2, 0x7C, 0xF7, 0xB8, 0x98, 0x11, 0xD7,
    0xF6, 0xD9, 0x3B, 0xDB, 0x82, 0x54, 0xB5, 0x9D, 0x18, 0x61, 0xAD, 0xEB, 0x47, 0x61, 0x63, 0x18,
    0xD8, 0xD8, 0xB2, 0xBC, 0x06, 0xB1, 0x0A, 0x13, 0xA9, 0xF3, 0x0A, 0x71, 0x0E, 0xE1, 0x8D, 0xAC,
    0x24, 0x03, 0xC2, 0x47, 0x80, 0x7B, 0x3D, 0x47, 0xE1, 0x59, 0x82, 0x78, 0x85, 0xDD, 0x08, 0xE0,
    0x93, 0x04, 0x9E, 0xDE, 0x3D, 0xA0, 0x2E, 0xB4, 0x80, 0x26, 0x92, 0xD0, 0xF9, 0x4A, 0xB4, 0xF9,
    0x82, 0xF2, 0x6E, 0xB9, 0x4F, 0xA1, 0x60, 0xD0, 0x70, 0xBF, 0x67, 0x97, 0xE6, 0x6C, 0x41, 0xA1,
    0x11, 0x44, 0xC5, 0x35, 0xE4, 0x6B, 0xD0, 0x3B, 0x29, 0x21, 0x33, 0xC1, 0x9E, 0x38, 0xA1, 0x60,
    0xE0, 0xFB, 0x92, 0x6F, 0x20, 0xF2, 0xE7, 0x5B, 0x08, 0xFC, 0xA3, 0x71, 0x07, 0x24, 0x65, 0x0B,
    0x60, 0xC6, 0x27, 0x93, 0xF1, 0x7C, 0x71, 0x79, 0x08, 0x1A, 0x4F, 0x87, 0x42, 0x73, 0x14, 0x83,
    0x20, 0x65, 0x2B, 0xE6, 0x29, 0xB8, 0x27, 0xE6, 0x8B, 0x58, 0x28, 0x9A, 0x87, 0x17, 0x1A, 0x93,
    0x9F, 0xC0, 0x6B, 0x76, 0x33, 0x2D, 0x2B, 0xAE, 0x21, 0xF1, 0xE8, 0x8A, 0xF2, 0x21, 0x1E, 0xCF,
    0x85, 0x66, 0x4B, 0x9A, 0x08, 0xFC, 0x82, 0xE1, 0x4D, 0x92, 0x3F, 0xF3, 0x53, 0xDC, 0x93, 0x84,
    0x4F, 0x59, 0xCE, 0xD3, 0x11, 0x3A, 0x1B, 0xF4, 0x34, 0x4E, 0x0A, 0x1B, 0xA4, 0xCC, 0xC5, 0xEF,
    0xAB, 0x98, 0x30, 0x31, 0x45, 0x24, 0xC4, 0x0E, 0x42, 0x98, 0x0B, 0x23, 0x51, 0xC7, 0x1A, 0x65,
    0xE2, 0x5B, 0x70, 0x6B, 0x05, 0x2D, 0x00, 0xBE, 0x0E, 0x3F, 0x57, 0x11, 0x3B, 0x62, 0x9D, 0x85,
    0xF4, 0x16, 0x11, 0xDB, 0x95, 0x07, 0xF4, 0xA3, 0x24, 0x94, 0x21, 0x01, 0x3F, 0x0A, 0xC4, 0x11,
    0xE4, 0xA6, 0xC8, 0xEE, 0x37, 0x90, 0x02, 0x3C, 0x09, 0x15, 0xED, 0xFE, 0xA6, 0xF8, 0x67, 0xFC,
    0x98, 0xEA, 0x92, 0x0B, 0x62, 0xFE, 0xA6, 0xA2, 0x67, 0x40, 0x9B, 0x9D, 0xCA, 0x52, 0xA1, 0xD1,
    0x43, 0xED, 0x6A, 0x8C, 0xB4, 0x17, 0x01, 0xA2, 0x67, 0xB4, 0x82, 0x1C, 0x2A, 0x45, 0x78, 0x49,
    0x4A, 0xC2, 0xD1, 0x57, 0x7F, 0x97, 0x70, 0x6F, 0x47, 0x08, 0x91, 0xE8, 0xE7, 0x6F, 0x66, 0x22,
    0xFA, 0xC9, 0x5B, 0xB9, 0xDE, 0xFD, 0x1C, 0x76, 0x41, 0x86, 0xBB, 0xFC, 0xCD, 0x9C, 0x30, 0x86,
    0x41, 0x4D, 0x3B, 0x02, 0x37, 0xB6, 0x40, 0xB8, 0xB3, 0x9D, 0x3E, 0x63, 0xE4, 0x76, 0x99, 0xFB,
    0x68, 0x4C, 0x18, 0x67, 0x7C, 0x9A, 0x38, 0xC9, 0xBD, 0x3D, 0xC9, 0x83, 0x93, 0x71, 0xE6, 0x69,
    0x83, 0x5D, 0xAE, 0x09, 0x26, 0xEE, 0xDE, 0x1E, 0xF4, 0x35, 0x1F, 0xA0, 0xA3, 0x81, 0xD2, 0x68,
    0x57, 0x6A, 0x4C, 0xC4, 0x0E, 0x2D, 0x09, 0x4B, 0xEC, 0xD2, 0x05, 0xCC, 0x86, 0xC4, 0xC3, 0x93,
    0x76, 0xE9, 0xBF, 0x8E, 0xDA, 0x5E, 0x15, 0xBD, 0x40, 0x8A, 0x1C, 0xC8, 0xDA, 0x70, 0xC3, 0x67,
    0x95, 0x7A, 0x18, 0x81, 0x8B, 0x1F, 0xA1, 0x93, 0x88, 0x58, 0x12, 0xE8, 0xD9, 0x05, 0x81, 0x72,
    0xAC, 0x5B, 0xA9, 0x3D, 0x9A, 0x12, 0xE4, 0x76, 0x4E, 0x7B, 0x41, 0xC6, 0x58, 0x16, 0x11, 0xE5,
    0x3A, 0x65, 0x42, 0xA9, 0x5D, 0x32, 0x25, 0xDB, 0x7D, 0x4E, 0xAD, 0x7E, 0xF3, 0x9F, 0xDA, 0xEE,
    0xF5, 0x13, 0x05, 0x50, 0x7A, 0x2F, 0x69, 0xA7, 0x44, 0x80, 0x1E, 0xA7, 0xB9, 0xC5, 0x69, 0x08,
    0x8F, 0x87, 0xCF, 0x59, 0xA4, 0x9B, 0xE3, 0x4F, 0xEF, 0xBC, 0x1C, 0x63, 0x71, 0x76, 0x1C, 0xA2,
    0xB2, 0xBD, 0x33, 0xAF, 0xE4, 0x9C, 0xBE, 0x9C, 0xF3, 0xF1, 0x6F, 0x32, 0xD8, 0x4C, 0x4D, 0x73,
    0xAE, 0x1C, 0x4C, 0x1D, 0x2D, 0x33, 0xEE, 0xFE, 0x14, 0xC3, 0xBA, 0x0C, 0xF8, 0xF2, 0x7E, 0x42,
    0x9D, 0x66, 0x96, 0x11, 0x77, 0xDE, 0xC2, 0xF8, 0xAA, 0x6C, 0x37, 0xF3, 0x9E, 0x16, 0x2D, 0x34,
    0xD9, 0xB7, 0xFF, 0xBB, 0xBC, 0x66, 0x35, 0xD5, 0xDF, 0x18, 0x1A, 0x9E, 0xBB, 0xBA, 0x1F, 0x34,
    0x91, 0x08, 0x53, 0x0B, 0x84, 0x82, 0x09, 0xC3, 0x2A, 0x59, 0xEC, 0x98, 0x65, 0x32, 0x70, 0xDC,
    0x38, 0xBA, 0x51, 0x9F, 0x8F, 0x62, 0xAE, 0x7B, 0xDD, 0x86, 0x84, 0xFE, 0x1B, 0x72, 0xFC, 0x8E,
    0x6C, 0x77, 0xDB, 0xFF, 0xD9, 0x60, 0xBF, 0x0F, 0xF7, 0x3F, 0x72, 0x8D, 0x55, 0x88, 0xB7, 0x46,
    0xE1, 0xD7, 0xFD, 0x96, 0x76, 0xFB, 0xAD, 0xEE, 0x47, 0xA1, 0xFB, 0x75, 0xD5, 0xE1, 0xAD, 0x1B,
    0xD7, 0x03, 0x7A, 0xAD, 0x5E, 0x6A, 0x38, 0xCF, 0x68, 0xF5, 0xA0, 0x60, 0x7E, 0x6E, 0x48, 0xDD,
    0x4F, 0x3B, 0x07, 0x79, 0xB9, 0xA8, 0x8F, 0xF7, 0xB4, 0xEA, 0x34, 0xB3, 0x38, 0x58, 0x8E, 0x97,
    0x0F, 0xE2, 0x47, 0xF7, 0x73, 0xEB, 0xE0, 0x60, 0xCE, 0xDE, 0x4F, 0x3C, 0x13, 0x91, 0xD1, 0x3D,
    0xAF, 0x9A, 0xBC, 0x95, 0x1D, 0x58, 0x0E, 0x48, 0xA3, 0xC7, 0x43, 0x12, 0x4A, 0x55, 0x48, 0xCA,
    0x67, 0x8F, 0xF6, 0xEA, 0x57, 0x21, 0x3D, 0x27, 0x1E, 0x11, 0x9F, 0x57, 0x24, 0xB6, 0x68, 0x84,
    0xE8, 0x90, 0xE6, 0x92, 0xE0, 0xB5, 0x36, 0x69, 0x23, 0x2C, 0xD2, 0x48, 0x92, 0x99, 0x28, 0xC0,
    0xE0, 0x70, 0xD8, 0x68, 0xE3, 0xB5, 0x4E, 0x42, 0x7B, 0x02, 0x15, 0x69, 0xB8, 0x82, 0x21, 0xA0,
    0xF3, 0x79, 0xE7, 0x9A, 0x46, 0x33, 0x19, 0x85, 0xA1, 0x6F, 0x75, 0x5C, 0xA5, 0x16, 0xEB, 0x24,
    0xD4, 0xDE, 0xA5, 0x9A, 0xC9, 0xE8, 0xF1, 0x9D, 0x54, 0x73, 0xC5, 0x35, 0xEF, 0x73, 0xCD, 0x2F,
    0xC6, 0x54, 0xF3, 0x6C, 0x44, 0x6C, 0x24, 0x65, 0x8E, 0xF5, 0xAF, 0x51, 0xD2, 0x4E, 0x41, 0x85,
    0x9A, 0x05, 0x91, 0x8B, 0x4D, 0xF5, 0xE8, 0x5C, 0x42, 0x66, 0x2F, 0xD2, 0xA6, 0xA0, 0xE6, 0x63,
    0xA4, 0xFF, 0xF7, 0xB1, 0xB7, 0x0C, 0xD2, 0x4F, 0x45, 0x45, 0x35, 0x9F, 0xC6, 0xDA, 0xBA, 0x0F,
    0x67, 0xA8, 0x4D, 0x3D, 0x2F, 0x51, 0xB3, 0x82, 0x71, 0x0A, 0x0C, 0x31, 0x9F, 0x22, 0xDB, 0x07,
    0x8C, 0xBE, 0x68, 0x34, 0x8D, 0xDA, 0xA6, 0x30, 0x32, 0xAA, 0x39, 0xF7, 0x8E, 0x44, 0x6D, 0x05,
    0xFA, 0xD1, 0xA3, 0x56, 0xC0, 0x9F, 0xB3, 0x35, 0x45, 0xCD, 0x92, 0x51, 0x4D, 0x18, 0x79, 0x08,
    0x7A, 0x55, 0x01, 0xBF, 0x52, 0x18, 0xBD, 0x49, 0x61, 0xC9, 0x93, 0xA0, 0x5F, 0xA1, 0xC9, 0x23,
    0xBB, 0x89, 0x96, 0xA4, 0x9A, 0x3A, 0x42, 0x1E, 0x67, 0xE0, 0xCF, 0xEB, 0x48, 0x1E, 0xCC, 0xD7,
    0xC7, 0xDD, 0xF0, 0xC6, 0x3F, 0x1B, 0x6D, 0xA3, 0x41, 0xCC, 0x08, 0xF0, 0xB6, 0x04, 0xEA, 0x83,
    0x21, 0x6D, 0x06, 0x94, 0x18, 0x8F, 0x5D, 0x93, 0xE5, 0x0A, 0x70, 0xB1, 0xC2, 0xDF, 0xE8, 0x9C,
    0xFA, 0xE5, 0xE5, 0x2C, 0x57, 0x1A, 0x57, 0x8C, 0x66, 0xE8, 0xE9, 0x9D, 0x69, 0x86, 0x9E, 0x7E,
    0x67, 0xBC, 0xF9, 0x7C, 0x36, 0xCC, 0xF6, 0x49, 0x25, 0x49, 0xDB, 0x6B, 0xF3, 0x65, 0xB2, 0x9D,
    0x0B, 0xEE, 0xBC, 0x61, 0x2A, 0x31, 0x22, 0x66, 0x32, 0x3C, 0x9A, 0x54, 0xCD, 0x38, 0xD0, 0xD7,
    0xA3, 0xBD, 0x66, 0x98, 0x4A, 0x9F, 0x8D, 0x26, 0x6A, 0xD2, 0xD1, 0x61, 0x24, 0xFC, 0x04, 0x8D,
    0x2B, 0x90, 0xC7, 0xFD, 0xB8, 0x99, 0xAF, 0x96, 0x01, 0x52, 0x87, 0xF5, 0x2C, 0x65, 0x46, 0x43,
    0x6C, 0xE8, 0x2A, 0x07, 0x48, 0xEB, 0x48, 0x5F, 0x45, 0xCE, 0x50, 0x5B, 0x30, 0x82, 0xC3, 0xB8,
    0x5F, 0x73, 0x77, 0xD8, 0x0E, 0x1A, 0xA9, 0x31, 0x46, 0x7F, 0x95, 0x0D, 0x17, 0x6F, 0x02, 0x34,
    0xB8, 0x75, 0xDC, 0x52, 0x6D, 0x06, 0xEA, 0x77, 0x06, 0x4A, 0x63, 0xED, 0x40, 0x9A, 0xCF, 0x1A,
    0xD5, 0xBB, 0x00, 0x26, 0xEC, 0x75, 0xD0, 0xB6, 0x14, 0xA6, 0xA6, 0x40, 0xF3, 0x78, 0xC5, 0x34,
    0x67, 0xB2, 0xEB, 0x08, 0xEA, 0xB5, 0xBB, 0x64, 0xC5, 0xC0, 0xEE, 0x6F, 0x27, 0x45, 0xC1, 0xAA,
    0x50, 0x75, 0x70, 0x21, 0x8D, 0x48, 0x04, 0xCF, 0xA9, 0x24, 0xD5, 0x04, 0x9E, 0x6A, 0x53, 0x46,
    0x4A, 0xF7, 0x57, 0x44, 0xB2, 0xFE, 0xA5, 0x8A, 0x55, 0x07, 0x87, 0x55, 0x07, 0x23, 0xA9, 0x55,
    0x87, 0x9E, 0x56, 0x1D, 0xA4, 0x56, 0x1D, 0x52, 0x56, 0x1D, 0x2E, 0x90, 0xEA, 0x70, 0xFC, 0x33,
    0x57, 0x30, 0x07, 0x4D, 0xDA, 0xBA, 0xBE, 0x7A, 0x34, 0xA6, 0x76, 0xCB, 0x81, 0xFF, 0x0F, 0xD4,
    0xA3, 0xB6, 0xDB, 0xB4, 0x9D, 0xA6, 0x56, 0x0A, 0xAD, 0xDE, 0x60, 0x5A, 0x7B, 0x85, 0xA6, 0xB4,
    0x36, 0x99, 0xF8, 0xE9, 0x40, 0x3A, 0xD9, 0xC8, 0x48, 0x66, 0x8C, 0xFA, 0x5F, 0xA2, 0xE5, 0x82,
    0x66, 0xA3, 0xCD, 0xFF, 0xF1, 0x56, 0x24, 0xD5, 0x06, 0xB5, 0x50, 0x33, 0xDA, 0x58, 0xDB, 0xD7,
    0x52, 0xCD, 0x77, 0x63, 0xC6, 0xB2, 0x9E, 0x06, 0x5F, 0x2C, 0x1A, 0xC3, 0xB2, 0x16, 0xC0, 0x94,
    0x66, 0xDA, 0x14, 0x07, 0xD5, 0xDF, 0xAE, 0x35, 0x9A, 0x20, 0x63, 0xB3, 0x7E, 0x44, 0xF4, 0x92,
    0xF2, 0xB3, 0x01, 0xFC, 0x54, 0x72, 0x50, 0x70, 0xEA, 0x95, 0x9C, 0xA2, 0x8D, 0xBC, 0xE0, 0x94,
    0xE0, 0x18, 0x95, 0xDA, 0xAC, 0x50, 0x0A, 0x4F, 0x9B, 0xDA, 0x18, 0x8E, 0x99, 0x20, 0x38, 0x92,
    0x24, 0xDF, 0x7B, 0xFC, 0xBB, 0x43, 0xE0, 0xD3, 0x82, 0xCD, 0xA8, 0x05, 0x5C, 0xA9, 0x15, 0xE0,
    0xBB, 0xF5, 0x81, 0xC7, 0x75, 0x5A, 0x2E, 0x8C, 0xEA, 0xEB, 0xB8, 0xDD, 0x8B, 0xB7, 0x6D, 0xBB,
    0xEF, 0xAC, 0xFE, 0xD3, 0xDD, 0xA7, 0x91, 0xDE, 0x2C, 0x07, 0xD3, 0x9A, 0x08, 0x7C, 0x6D, 0xC2,
    0x08, 0x1E, 0xCD, 0x75, 0xCA, 0xD5, 0x1F, 0x77, 0xE2, 0x41, 0x54, 0x30, 0x5B, 0x97, 0x54, 0xB5,
    0x02, 0x7B, 0xBF, 0xD1, 0xB6, 0xBF, 0xAC, 0xE6, 0xD5, 0xBC, 0xC3, 0xBF, 0x34, 0xE6, 0xA2, 0xA1,
    0xC7, 0xD5, 0xD8, 0xFE, 0x6E, 0x62, 0x85, 0xA6, 0xC8, 0xD1, 0x03, 0x03, 0x85, 0x0C, 0xFA, 0x3D,
    0xC8, 0x31, 0x97, 0x3F, 0x70, 0x65, 0x63, 0x64, 0xD7, 0x6C, 0xC0, 0x02, 0x4E, 0x8B, 0x39, 0xD9,
    0x31, 0x32, 0x8A, 0x6E, 0x6C, 0xC1, 0x80, 0x98, 0xD2, 0x76, 0x77, 0xD6, 0x1D, 0x49, 0x6D, 0x2C,
    0xC9, 0xCA, 0xCE, 0x6A, 0x61, 0x67, 0xCF, 0x47, 0xDC, 0x1E, 0x6B, 0xF2, 0x28, 0xDE, 0x22, 0x09,
    0xE2, 0xCD, 0x56, 0x39, 0x6B, 0x82, 0x24, 0xDE, 0x48, 0xFF, 0x2B, 0x49, 0xF5, 0xCB, 0x6A, 0xEB,
    0xF8, 0x32, 0x6C, 0x94, 0xCC, 0xA2, 0x6C, 0xD2, 0x71, 0x4A, 0x45, 0x21, 0x13, 0x68, 0x9E, 0x33,
    0x8E, 0x92, 0x21, 0xF8, 0x7E, 0x36, 0xA4, 0x32, 0xE7, 0x5C, 0x68, 0x8D, 0xA3, 0xC1, 0x13, 0x34,
    0xC0, 0x1E, 0x27, 0x35, 0xB3, 0xA4, 0x7D, 0x7E, 0x5B, 0xC1, 0x61, 0x8C, 0x0C, 0x09, 0x13, 0xAD,
    0x59, 0xE1, 0x64, 0x47, 0x9D, 0xF0, 0xB3, 0xE5, 0xCD, 0x04, 0xAB, 0xBB, 0x67, 0xD7, 0xB0, 0x24,
    0x67, 0x9D, 0x6A, 0x28, 0x71, 0x07, 0x93, 0x5E, 0x27, 0x59, 0x37, 0x57, 0x85, 0xA2, 0x56, 0xD1,
    0xEA, 0x64, 0xF0, 0x92, 0x7A, 0x1C, 0xB4, 0x24, 0xC1, 0x66, 0xB9, 0x14, 0x28, 0x82, 0xFE, 0x76,
    0x8F, 0x13, 0x6E, 0x99, 0x76, 0xF8, 0x70, 0xD2, 0xEB, 0x26, 0x38, 0x44, 0x92, 0x3C, 0x68, 0xEA,
    0x11, 0xED, 0x41, 0x03, 0x4D, 0x76, 0x82, 0x22, 0xD7, 0xE5, 0x26, 0x52, 0x1B, 0x7B, 0xA2, 0x69,
    0x64, 0xDD, 0xCA, 0x69, 0x8E, 0xE3, 0xA0, 0x5F, 0xA5, 0xFB, 0x71, 0x4C, 0x7B, 0xD7, 0xEA, 0xE3,
    0x33, 0x37, 0x3D, 0xBC, 0x42, 0x88, 0xEF, 0xB1, 0xDB, 0x15, 0x41, 0x81, 0x8A, 0x06, 0xE2, 0x8A,
    0x7D, 0x29, 0x84, 0xFB, 0x62, 0xE1, 0x42, 0xBD, 0xD6, 0x85, 0x37, 0xF9, 0xF9, 0x43, 0x4A, 0xB8,
    0xD1, 0x3A, 0xFC, 0xCC, 0x8E, 0x5B, 0xB7, 0xEC, 0xF8, 0x72, 0x97, 0xCD, 0x96, 0xCB, 0xDD, 0xD6,
    0xC9, 0x0E, 0x09, 0x82, 0x77, 0xF7, 0x78, 0xF9, 0x86, 0x1B, 0xB0, 0xB0, 0x2A, 0x7D, 0x64, 0x17,
    0x5E, 0x0F, 0x43, 0x3D, 0x02, 0x69, 0xBD, 0x12, 0x13, 0x64, 0x72, 0xC0, 0x05, 0xEB, 0xBC, 0x04,
    0x49, 0x64, 0x3F, 0x8B, 0x06, 0x2C, 0x2C, 0x32, 0xCA, 0x3D, 0xED, 0x3A, 0x15, 0xD7, 0x6C, 0xC0,
    0xBA, 0xD1, 0x35, 0x7F, 0x08, 0x51, 0xBE, 0x6F, 0x52, 0xCD, 0xCD, 0x73, 0x58, 0x2B, 0xE3, 0x52,
    0x8A, 0x81, 0x27, 0x2F, 0xA6, 0x64, 0xEA, 0x41, 0x5D, 0x08, 0x63, 0xC9, 0xA0, 0x15, 0x47, 0x90,
    0xC4, 0xED, 0x33, 0xD8, 0x3A, 0xE3, 0xD3, 0xD7, 0x5E, 0xF3, 0x25, 0x26, 0x1E, 0xBB, 0xE5, 0xB5,
    0xF6, 0x5F, 0xB7, 0x59, 0xD5, 0x30, 0x6B, 0xFB, 0x52, 0x63, 0x19, 0xB2, 0x9F, 0x6D, 0xB2, 0x7E,
    0x7B, 0x81, 0xDF, 0x38, 0xC4, 0x45, 0x6B, 0x65, 0x12, 0xEE, 0xA3, 0xAD, 0xC5, 0xE9, 0x3B, 0x71,
    0x8D, 0xE9, 0x70, 0xF4, 0x5D, 0x69, 0x19, 0x42, 0xC0, 0x20, 0x4A, 0x5A, 0x3F, 0x65, 0x9D, 0xD7,
    0xBA, 0x28, 0x85, 0xF5, 0x2A, 0xC6, 0x75, 0xE5, 0x14, 0x63, 0x63, 0x00, 0x0F, 0x71, 0x9E, 0x07,
    0x5E, 0x77, 0x26, 0x15, 0xF6, 0x53, 0xF1, 0xCD, 0xE3, 0x73, 0xAC, 0xC8, 0x72, 0x63, 0x24, 0x09,
    0xB8, 0x4B, 0x04, 0x79, 0xB2, 0x0C, 0x88, 0xBE, 0x4F, 0xFE, 0x8E, 0x83, 0xD4, 0x3C, 0x8A, 0x87,
    0x51, 0xF9, 0xCA, 0x43, 0xE2, 0xDB, 0xD7, 0x74, 0x7E, 0xEF, 0x5A, 0x71, 0xC0, 0x17, 0xC1, 0x69,
    0xD4, 0xBE, 0x30, 0x3E, 0x88, 0x82, 0x67, 0x7D, 0x96, 0xF9, 0xA0, 0x82, 0x00, 0x22, 0x75, 0x37,
    0xB7, 0xD9, 0x7A, 0x2B, 0x6F, 0xE5, 0xF0, 0x06, 0xCA, 0xDE, 0x07, 0xF2, 0x03, 0x5F, 0x97, 0x41,
    0x25, 0x03, 0x95, 0x07, 0x2A, 0xBE, 0x29, 0x4F, 0xD9, 0xB8, 0x96, 0xB1, 0x95, 0x47, 0xE1, 0x3E,
    0x7B, 0xDE, 0xFC, 0x4A, 0x3B, 0x5D, 0x60, 0xF4, 0x11, 0x62, 0xB4, 0x8D, 0x8F, 0xAC, 0x20, 0x14,
    0xC8, 0x11, 0xDC, 0xD0, 0x62, 0x53, 0x84, 0xA3, 0x7E, 0x9D, 0x91, 0x87, 0x45, 0x84, 0xAD, 0x4F,
    0x07, 0x81, 0x0D, 0xC4, 0x85, 0x10, 0x76, 0x59, 0xAD, 0x40, 0x32, 0x83, 0x42, 0x80, 0xA0, 0x3C,
    0x8E, 0x3A, 0xB1, 0x95, 0x62, 0xAC, 0x53, 0x14, 0x5B, 0x31, 0xCA, 0xE1, 0x2A, 0x80, 0x98, 0x54,
    0x04, 0x1C, 0x2C, 0x69, 0x30, 0xE8, 0xA9, 0x59, 0x00, 0x38, 0x13, 0x4C, 0x9F, 0x87, 0x60, 0x05,
    0xD9, 0xA1, 0xB0, 0xDF, 0x3D, 0x6D, 0x05, 0xD9, 0xFB, 0x74, 0x07, 0x9D, 0x36, 0xDE, 0xCF, 0x7D,
    0x39, 0xC1, 0x06, 0xAD, 0xD3, 0x9C, 0x30, 0xE1, 0x79, 0x97, 0xB2, 0xA5, 0x4D, 0xF1, 0x56, 0x65,
    0x53, 0xCC, 0x8A, 0xBB, 0x82, 0xAD, 0x33, 0x74, 0xA9, 0x58, 0xAD, 0x20, 0x6F, 0x58, 0xEE, 0xCB,
    0x21, 0x8B, 0x11, 0xD1, 0xC5, 0xA2, 0x29, 0xC6, 0xA2, 0xB0, 0xEB, 0x4C, 0xEC, 0x26, 0x1B, 0x47,
    0xE1, 0x22, 0xC8, 0x21, 0xDD, 0xE1, 0xAD, 0x8D, 0xF2, 0xA6, 0x7F, 0xC2, 0xD8, 0xC9, 0xA1, 0x8B,
    0x89, 0x8A, 0x61, 0x38, 0x99, 0x21, 0x14, 0x9C, 0x2A, 0x29, 0x40, 0x65, 0x07, 0xA5, 0xDD, 0x2D,
    0x3D, 0xE9, 0x94, 0x5E, 0x7F, 0x5F, 0x09, 0x55, 0x2B, 0x31, 0x12, 0x8F, 0x02, 0xF1, 0x70, 0xEC,
    0xC9, 0x01, 0x7E, 0x12, 0x1A, 0x83, 0xF1, 0xCC, 0x61, 0x80, 0x91, 0x93, 0x18, 0xD0, 0xD7, 0x51,
    0x04, 0x37, 0x6E, 0x58, 0x10, 0xFE, 0xD6, 0x45, 0xE1, 0x9D, 0xEE, 0x11, 0x94, 0xDC, 0x4B, 0xF9,
    0x3B, 0xF2, 0x6C, 0xF3, 0x49, 0x06, 0x80, 0xF3, 0x42, 0x3E, 0x20, 0x1D, 0x2D, 0x2D, 0x15, 0x2C,
    0x2D, 0x12, 0x2C, 0xED, 0x59, 0x19, 0x4E, 0x5B, 0xAF, 0x69, 0x52, 0xD6, 0x41, 0x64, 0xA2, 0x6B,
    0x30, 0x71, 0xB5, 0x07, 0x34, 0x28, 0xEA, 0xD8, 0xCA, 0x80, 0x23, 0x2A, 0x53, 0x1A, 0x21, 0xB9,
    0x4A, 0xBC, 0x87, 0x4C, 0xC2, 0xBD, 0x41, 0x5F, 0x6C, 0x93, 0x56, 0xD0, 0x6E, 0xE3, 0xB1, 0xC2,
    0xD7, 0xEE, 0x52, 0x57, 0xDB, 0x02, 0x4D, 0x9D, 0x0A, 0x3E, 0x01, 0x62, 0xE0, 0xBD, 0xC7, 0x8F,
    0x7F, 0xB7, 0x15, 0xD7, 0xE6, 0xBF, 0x3E, 0xA1, 0x31, 0xE1, 0x07, 0x5C, 0x9D, 0x73, 0xA7, 0x75,
    0x7B, 0x98, 0x97, 0x58, 0x95, 0x36, 0xDC, 0xE4, 0xB7, 0x47, 0xBB, 0x6E, 0x8E, 0x6E, 0x69, 0xFC,
    0x63, 0x4C, 0xC1, 0x7B, 0x29, 0x06, 0x92, 0x92, 0x29, 0xC3, 0x3D, 0x82, 0xA4, 0xEB, 0xFE, 0x14,
    0x65, 0x93, 0x43, 0x61, 0x67, 0x68, 0x27, 0x8E, 0x72, 0x2B, 0x13, 0xD7, 0xA9, 0x5B, 0x2E, 0x35,
    0x14, 0xFD, 0xB0, 0x91, 0xC1, 0x56, 0xEB, 0x18, 0xED, 0x6A, 0x68, 0x2F, 0x37, 0x59, 0xEB, 0xD5,
    0x36, 0xD8, 0x59, 0x2E, 0x97, 0x35, 0xE5, 0x4A, 0x8F, 0x79, 0x97, 0xFB, 0xEE, 0x06, 0x8C, 0xF7,
    0x1D, 0x53, 0xA0, 0x60, 0xCF, 0x6F, 0x0D, 0xEA, 0x36, 0xB0, 0xD7, 0xDD, 0xDD, 0x42, 0xA9, 0x35,
    0x6D, 0x8C, 0x5B, 0xE9, 0xFF, 0xC3, 0x77, 0x59, 0xF8, 0x8E, 0xC6, 0x5F, 0xE4, 0x26, 0xFF, 0x97,
    0x0E, 0x07, 0x7C, 0xAB, 0x32, 0xD0, 0x19, 0xE1, 0xBD, 0x59, 0x51, 0x84, 0xB5, 0x13, 0x2F, 0x5A,
    0x1A, 0xBA, 0x4D, 0xCA, 0x73, 0x24, 0x52, 0x4E, 0xDD, 0x06, 0x02, 0x9C, 0x62, 0x83, 0x89, 0x93,
    0xE8, 0x90, 0xD4, 0x24, 0xE4, 0x34, 0x48, 0x21, 0xDD, 0x8E, 0xD7, 0xE3, 0x64, 0x8A, 0x0C, 0x54,
    0x2D, 0x43, 0x01, 0x75, 0x22, 0x53, 0x57, 0x22, 0x81, 0xC2, 0x52, 0x43, 0x85, 0xA0, 0x21, 0x62,
    0x4C, 0x27, 0xA4, 0xC6, 0x2C, 0xA7, 0x44, 0xEC, 0x21, 0x89, 0x6B, 0x5B, 0xB1, 0x2D, 0x79, 0x5F,
    0x1D, 0x62, 0xD8, 0xD7, 0xB6, 0xE4, 0x52, 0xDB, 0x92, 0x73, 0xB6, 0x25, 0x57, 0x6C, 0x4B, 0x7E,
    0x9A, 0x61, 0xB0, 0x6F, 0x13, 0x88, 0x58, 0xD5, 0x73, 0xF9, 0x5B, 0xD6, 0x5F, 0x67, 0xC9, 0xD7,
    0xE6, 0x6F, 0x1F, 0xBF, 0xD4, 0xD1, 0xE9, 0x46, 0x10, 0x36, 0x7D, 0x14, 0xF1, 0x7A, 0x93, 0x03,
    0x9B, 0xBF, 0xF2, 0xE6, 0x35, 0x5B, 0xAD, 0x46, 0xDE, 0x13, 0x76, 0xCA, 0x59, 0x5A, 0xD4, 0xDB,
    0x12, 0x34, 0x2A, 0xE8, 0xCE, 0xAB, 0x29, 0x4A, 0xEC, 0xC2, 0x98, 0xFC, 0xCE, 0x96, 0x0E, 0x6D,
    0x9B, 0x54, 0x0A, 0x62, 0xF2, 0x99, 0x84, 0x4C, 0xF4, 0xDD, 0x2D, 0x6A, 0xB6, 0x8C, 0xB7, 0x7B,
    0xC2, 0x20, 0xD7, 0x5F, 0x59, 0x7F, 0xFD, 0x25, 0x5F, 0x8F, 0xBF, 0x85, 0xA7, 0x00, 0x87, 0x0A,
    0xB4, 0xD4, 0x5F, 0xA1, 0x35, 0x57, 0x09, 0x98, 0x8B, 0xB9, 0xA7, 0x70, 0xB4, 0x5F, 0x87, 0x79,
    0xF8, 0x29, 0xCF, 0x70, 0x0A, 0xB2, 0x6B, 0xAA, 0x15, 0x7C, 0xAF, 0x50, 0x1F, 0x95, 0x11, 0x74,
    0x79, 0xCB, 0xAE, 0x00, 0xDD, 0xCB, 0x96, 0xE5, 0x01, 0x55, 0xD6, 0x9B, 0xA7, 0xAE, 0xD0, 0x53,
    0xD7, 0x08, 0x5D, 0xF8, 0xFA, 0x85, 0xDF, 0xF3, 0x7B, 0xAE, 0xC4, 0x71, 0x29, 0xCE, 0x6C, 0xC2,
    0xEB, 0xD9, 0xEA, 0x7A, 0xED, 0x65, 0xB1, 0x69, 0xD7, 0xAF, 0x7B, 0x44, 0x1B, 0x6F, 0x6F, 0x28,
    0x52, 0x2F, 0xFF, 0x08, 0x71, 0x43, 0x91, 0xFD, 0xFA, 0x1E, 0x71, 0x9D, 0x18, 0xC8, 0x10, 0x02,
    0x2D, 0x24, 0x25, 0x07, 0x40, 0x77, 0x34, 0xAF, 0x6D, 0xB9, 0xF5, 0xCF, 0x21, 0xDD, 0x46, 0x8A,
    0x49, 0xD0, 0x4B, 0x27, 0xE0, 0xFF, 0x54, 0x82, 0xC3, 0x02, 0x29, 0x46, 0x13, 0xD9, 0x99, 0x4B,
    0x24, 0xD9, 0x74, 0xDE, 0xFC, 0x8A, 0xF6, 0x77, 0x4F, 0x38, 0x54, 0xFE, 0x4A, 0xCF, 0x78, 0x5B,
    0x4E, 0x46, 0x4A, 0x4E, 0x04, 0x2A, 0xBC, 0x79, 0xCF, 0xB8, 0x9E, 0x76, 0x5C, 0xC4, 0xA9, 0x3C,
    0xA8, 0x81, 0x87, 0x75, 0x9C, 0xD6, 0xE5, 0xFA, 0xE4, 0x62, 0xE8, 0xA3, 0x2B, 0x2A, 0xF6, 0x69,
    0x56, 0x9E, 0x5F, 0xCD, 0x13, 0x0A, 0xCC, 0x62, 0xFE, 0x1A, 0xA9, 0x10, 0x6A, 0x16, 0x60, 0x3C,
    0xBF, 0x3C, 0xE9, 0xCB, 0x03, 0x40, 0x22, 0x89, 0xDC, 0x87, 0xE1, 0x5C, 0xF2, 0xEB, 0x2B, 0xA1,
    0x10, 0x12, 0x53, 0x94, 0x92, 0x39, 0x03, 0x15, 0x35, 0x9C, 0x31, 0xE7, 0xA0, 0x14, 0x96, 0xA3,
    0xE2, 0xCB, 0xD5, 0xDC, 0x2C, 0xE8, 0x7B, 0x7D, 0x14, 0x1A, 0x8A, 0xD3, 0x12, 0x95, 0x4A, 0xF2,
    0xBA, 0xA3, 0xF8, 0xD8, 0x18, 0x93, 0x8B, 0xD3, 0xA2, 0xF9, 0x48, 0x15, 0x05, 0x2E, 0xBA, 0x79,
    0x12, 0xEE, 0xFB, 0x55, 0xB2, 0xE4, 0x3E, 0x8A, 0x40, 0xF3, 0x4A, 0x72, 0xAD, 0xD2, 0xD0, 0x04,
    0xCA, 0xA9, 0x43, 0x73, 0xF7, 0x1E, 0x3F, 0x86, 0x7A, 0x25, 0xC5, 0x7B, 0x28, 0x4A, 0xAB, 0x01,
    0x25, 0x64, 0x1C, 0xF4, 0xD2, 0xE4, 0xD1, 0x42, 0xA8, 0x23, 0x05, 0xA4, 0x52, 0x3C, 0x60, 0xB2,
    0xBB, 0x0D, 0x0E, 0x5B, 0x34, 0x95, 0xD5, 0xA8, 0x37, 0x5B, 0xEE, 0x55, 0x79, 0xA2, 0x32, 0x50,
    0xDF, 0xA1, 0x8C, 0xAE, 0x19, 0x08, 0xCA, 0x48, 0x8E, 0x14, 0x50, 0x02, 0x14, 0x40, 0xF7, 0x07,
    0x69, 0x92, 0x27, 0x79, 0x94, 0x07, 0xAC, 0xE0, 0x0F, 0xFC, 0x33, 0x3A, 0x11, 0xA2, 0x3E, 0x15,
    0x32, 0x45, 0x7A, 0xC4, 0x49, 0xD2, 0x31, 0x8A, 0x99, 0x6E, 0xFC, 0xE9, 0xD2, 0xCF, 0xAD, 0x70,
    0xFD, 0xDC, 0x54, 0xAB, 0x16, 0x4E, 0xCE, 0x91, 0x26, 0x85, 0x55, 0xE2, 0x2C, 0x56, 0x18, 0x2D,
    0x9C, 0x89, 0x01, 0x67, 0xDC, 0x1D, 0x28, 0x24, 0x71, 0xCE, 0xD7, 0x6F, 0x63, 0xD5, 0x12, 0x06,
    0x07, 0x77, 0x38, 0xE5, 0x32, 0x89, 0xAD, 0x93, 0xFE, 0xD5, 0x24, 0x1B, 0x67, 0x31, 0x14, 0xD7,
    0x54, 0x34, 0xFD, 0xC2, 0xC7, 0x46, 0x5A, 0x95, 0xE2, 0xF9, 0x91, 0xB5, 0x47, 0x3D, 0x83, 0xDA,
    0x59, 0x38, 0x1F, 0x06, 0x75, 0x22, 0xC9, 0x49, 0x8A, 0x7A, 0x28, 0x4E, 0x6D, 0x8A, 0x8A, 0x0F,
    0xCF, 0x55, 0x6B, 0xBE, 0x8C, 0xD2, 0x8B, 0x6A, 0xCC, 0x09, 0x4F, 0xDB, 0xD0, 0xFE, 0x79, 0x80,
    0xD3, 0x9A, 0x5D, 0xBB, 0xC2, 0xE5, 0xC2, 0xAD, 0xBB, 0x4A, 0xB7, 0xAE, 0xB6, 0xFE, 0x67, 0x1C,
    0xBD, 0x63, 0x9A, 0xA9, 0xE3, 0x66, 0x74, 0x18, 0x8D, 0x4E, 0xEA, 0x20, 0x1B, 0x4D, 0x94, 0x45,
    0x37, 0x12, 0x47, 0xFF, 0x13, 0xE1, 0x1D, 0x1D, 0x81, 0xD1, 0x7C, 0x7A, 0x83, 0xBE, 0xB3, 0x3A,
    0xED, 0xBA, 0xE0, 0x06, 0xB0, 0xA6, 0x5C, 0xFE, 0x7A, 0x2E, 0xC7, 0xA0, 0x89, 0x86, 0xB0, 0xF9,
    0x19, 0x88, 0x84, 0x63, 0x9E, 0xAA, 0xA0, 0x66, 0xB4, 0xF5, 0xBD, 0x0C, 0xE3, 0xE3, 0x01, 0xFC,
    0xB0, 0xAD, 0xAF, 0xA7, 0xFE, 0x0D, 0xF4, 0x97, 0xAD, 0x7A, 0x03, 0x71, 0xC3, 0xED, 0x04, 0xC0,
    0xA1, 0xD1, 0x0E, 0xFD, 0xFD, 0x45, 0x67, 0xAE, 0x20, 0x6A, 0x9A, 0x9E, 0x8A, 0xBB, 0x7F, 0x2D,
    0xD5, 0x19, 0x80, 0xE3, 0x72, 0x04, 0x1D, 0xFE, 0xEC, 0xA2, 0x3F, 0xE0, 0x6C, 0x5D, 0x6A, 0xFB,
    0x91, 0x1A, 0x8E, 0xFA, 0xD3, 0xAB, 0xE7, 0x06, 0xAA, 0x81, 0x31, 0x89, 0xFE, 0x54, 0x2B, 0xCE,
    0x67, 0x1C, 0x68, 0x94, 0xA3, 0x8A, 0xEE, 0xDF, 0x48, 0x75, 0xE1, 0x6A, 0x0E, 0x16, 0xE3, 0xA9,
    0x5F, 0x74, 0xFF, 0x02, 0x82, 0x54, 0x5D, 0xE8, 0xC8, 0xEE, 0x5F, 0xF4, 0x3D, 0xB7, 0x00, 0x18,
    0xC5, 0xDA, 0x69, 0x0A, 0x1E, 0xAC, 0xE4, 0x40, 0x13, 0xFA, 0xC2, 0x1D, 0x6C, 0xE0, 0x50, 0xF3,
    0x97, 0xFB, 0x6C, 0xD9, 0x43, 0xA4, 0x30, 0xB1, 0x20, 0x44, 0xCE, 0x09, 0xFE, 0xDB, 0x0F, 0x54,
    0x75, 0x10, 0x92, 0x40, 0xCC, 0x27, 0x67, 0x27, 0xF6, 0x4F, 0x0B, 0x29, 0x4E, 0x4E, 0xEC, 0x9F,
    0x8C, 0xA7, 0x47, 0xCB, 0x89, 0xFD, 0x51, 0x16, 0xA9, 0xA4, 0xDC, 0x7F, 0x5A, 0xBC, 0x7D, 0x6C,
    0xDD, 0xD1, 0x2D, 0x42, 0x07, 0xF4, 0x79, 0xA1, 0x83, 0xC9, 0x88, 0x16, 0x55, 0x31, 0x0D, 0xD5,
    0x63, 0x5C, 0xD9, 0x41, 0x88, 0x6D, 0x46, 0xC6, 0x99, 0xFF, 0x80, 0x0C, 0x3E, 0x47, 0xFC, 0xAD,
    0x91, 0x3B, 0x71, 0x8E, 0xBE, 0x94, 0x37, 0x40, 0x41, 0x06, 0x21, 0x37, 0x36, 0x26, 0xF3, 0xFB,
    0x17, 0xF2, 0x13, 0xD9, 0xFC, 0xFE, 0xF9, 0x7C, 0xCD, 0x82, 0x84, 0xCF, 0xC2, 0x7C, 0x1E, 0x14,
    0x5C, 0xF5, 0x7C, 0x71, 0xCC, 0x7F, 0xF4, 0x3B, 0xDF, 0x3E, 0x1C, 0xE7, 0x4D, 0x2B, 0x9A, 0xCC,
    0x7C, 0x9D, 0xD9, 0xBF, 0xC4, 0x44, 0x70, 0x17, 0xF7, 0xD5, 0xEF, 0xE4, 0x3B, 0x43, 0xAA, 0xD6,
    0x1B, 0x19, 0x7A, 0x8F, 0x66, 0x29, 0x31, 0x73, 0x4A, 0x3C, 0x48, 0x46, 0xAC, 0xF4, 0x80, 0xFC,
    0xE7, 0x3C, 0x38, 0x94, 0xCE, 0x43, 0xF2, 0x8D, 0x17, 0xD3, 0x44, 0xCE, 0xE7, 0xF2, 0xB5, 0x14,
    0x54, 0x1E, 0xA5, 0x5E, 0x04, 0x84, 0xCF, 0xA2, 0xB9, 0x43, 0x69, 0x33, 0x4F, 0xA7, 0x71, 0xF6,
    0x99, 0xFF, 0x53, 0xE7, 0x8C, 0x3F, 0x11, 0x56, 0x5C, 0xBB, 0x03, 0x21, 0xE7, 0x01, 0x41, 0xEF,
    0x5C, 0x80, 0xDC, 0xEC, 0x54, 0xB6, 0x73, 0x67, 0x3E, 0x0D, 0xB9, 0xFC, 0x87, 0x29, 0xB4, 0xE9,
    0xC1, 0xFD, 0xD6, 0xB3, 0xF2, 0x37, 0x3F, 0x79, 0x43, 0x16, 0xD3, 0xF3, 0x75, 0x57, 0x16, 0xF3,
    0xF6, 0xF1, 0x8D, 0xE7, 0x2F, 0x6E, 0x7C, 0x6C, 0xDD, 0xEC, 0x01, 0x4F, 0x88, 0x67, 0x38, 0x8E,
    0xA3, 0xB2, 0xF7, 0xF3, 0x5C, 0x8F, 0xD1, 0x59, 0xF3, 0xBE, 0x35, 0xF4, 0xE8, 0xED, 0x9F, 0x4D,
    0x23, 0x54, 0x26, 0x66, 0x27, 0xEA, 0xD8, 0x97, 0x53, 0x62, 0xC3, 0x29, 0xBB, 0x7F, 0x2A, 0xEA,
    0x25, 0x15, 0xBA, 0xB4, 0x22, 0xAE, 0xCC, 0x4E, 0x21, 0xD6, 0x3E, 0x76, 0x97, 0xF8, 0xD0, 0x85,
    0xCF, 0x20, 0x06, 0x08, 0x1F, 0xC6, 0xDF, 0x23, 0x66, 0x8F, 0x8F, 0x7F, 0x4E, 0x88, 0x0F, 0xB1,
    0x2C, 0x6E, 0x8E, 0xAF, 0xC2, 0x29, 0x37, 0x7B, 0xEE, 0xD5, 0x32, 0x4C, 0xAB, 0x34, 0x27, 0x75,
    0xEC, 0xC4, 0x64, 0x31, 0x38, 0xE5, 0xA9, 0x9E, 0x42, 0x55, 0x4F, 0x79, 0x5B, 0xA7, 0xD3, 0x68,
    0x28, 0x6C, 0xB2, 0x37, 0x14, 0x57, 0x10, 0x2D, 0x68, 0x1A, 0xD4, 0x27, 0x90, 0xF7, 0x60, 0xFB,
    0xCF, 0xDE, 0x96, 0x53, 0xFD, 0x56, 0xD3, 0x54, 0x9D, 0xF5, 0xE4, 0x51, 0x27, 0xCD, 0x0C, 0xCD,
    0x48, 0x11, 0x19, 0x97, 0xA2, 0x14, 0x8F, 0x80, 0xFE, 0xB9, 0x5E, 0xDC, 0x60, 0xCD, 0x0C, 0xE7,
    0x8C, 0x39, 0x25, 0x4D, 0x21, 0x43, 0x63, 0x10, 0x74, 0x91, 0xDD, 0xA7, 0x09, 0x66, 0x76, 0x9F,
    0xE6, 0x9B, 0xAD, 0x1E, 0x95, 0xE5, 0xD8, 0x50, 0x48, 0xE4, 0x90, 0x20, 0x1E, 0xF9, 0x53, 0x31,
    0x10, 0x0A, 0x19, 0x1D, 0x91, 0x3A, 0x65, 0xB1, 0xB8, 0xD9, 0x8E, 0x97, 0x47, 0x91, 0xDB, 0x34,
    0x4E, 0xDA, 0xA8, 0xD7, 0x32, 0x2A, 0x07, 0xD3, 0xDA, 0x48, 0xCC, 0x2A, 0xAA, 0x9E, 0x13, 0xA8,
    0xA7, 0x08, 0xEA, 0x19, 0x83, 0x7A, 0x02, 0x61, 0x3D, 0x9F, 0x70, 0xD9, 0x0F, 0x7B, 0xBE, 0x0D,
    0x96, 0xBF, 0x16, 0x23, 0xB4, 0x8E, 0x21, 0xF3, 0x2A, 0xC5, 0x51, 0x9C, 0x81, 0xC4, 0x05, 0x9D,
    0x72, 0x5F, 0x52, 0x00, 0x18, 0x99, 0x60, 0x82, 0x0B, 0xFB, 0x0A, 0xB4, 0x5D, 0x00, 0x0A, 0x04,
    0x84, 0x7F, 0x98, 0xB8, 0x6C, 0xDA, 0xC5, 0x99, 0xE9, 0x84, 0xB6, 0xB4, 0x16, 0x06, 0xB9, 0x0D,
    0x2B, 0x52, 0xEB, 0x3C, 0xF5, 0xCB, 0xCF, 0x26, 0xBC, 0xD6, 0x8A, 0xAA, 0x18, 0x72, 0xB8, 0x20,
    0x08, 0xA3, 0x80, 0xCD, 0x94, 0xDE, 0x0D, 0xE9, 0x68, 0x3F, 0x56, 0x56, 0x2B, 0x2C, 0xDD, 0x28,
    0x38, 0xFE, 0x67, 0xD6, 0x01, 0x9C, 0xD7, 0x1A, 0x3F, 0x77, 0xB9, 0xC0, 0xB9, 0x15, 0xCE, 0xDD,
    0xFA, 0xF8, 0x39, 0x5A, 0xFE, 0xA3, 0x12, 0x3A, 0x52, 0x8E, 0xA6, 0x7A, 0x18, 0xEB, 0xD1, 0x36,
    0xFF, 0x14, 0x16, 0xF9, 0x7C, 0xA1, 0x27, 0xC6, 0x38, 0x0F, 0x67, 0xAB, 0x3F, 0x00, 0x78, 0x63,
    0xDC, 0x95, 0x41, 0x18, 0x51, 0x02, 0x40, 0x2F, 0xD8, 0x95, 0xDD, 0x63, 0x57, 0x76, 0x34, 0x4F,
    0xAE, 0xEC, 0xA4, 0x47, 0xAE, 0x6C, 0x95, 0x93, 0x2B, 0xFB, 0xEC, 0x6A, 0x72, 0x65, 0xD7, 0x83,
    0x48, 0x8F, 0xE9, 0x8F, 0xAC, 0x10, 0x56, 0x3F, 0x4A, 0xDB, 0x7F, 0xED, 0x7C, 0x5D, 0x6C, 0x1F,
    0x1A, 0xFD, 0x14, 0x19, 0x87, 0x68, 0x55, 0x0D, 0x49, 0xED, 0xF3, 0x25, 0xB5, 0xCF, 0x89, 0x57,
    0x9F, 0xAB, 0xFE, 0x5A, 0xDA, 0xC7, 0xAA, 0x42, 0x48, 0x0C, 0x25, 0x6E, 0xD5, 0x8A, 0xEE, 0x3E,
    0x19, 0xDA, 0x83, 0x46, 0x96, 0x52, 0x7D, 0x18, 0xFF, 0x53, 0x92, 0x65, 0xA0, 0x49, 0x56, 0x09,
    0xEC, 0xA3, 0xDC, 0xA6, 0x50, 0x3A, 0x1C, 0x3C, 0x04, 0xE7, 0x13, 0x2D, 0x30, 0x70, 0x69, 0x23,
    0xF5, 0xBA, 0x42, 0x16, 0xFC, 0x49, 0x15, 0x1B, 0x50, 0xF7, 0xAA, 0x1B, 0x33, 0x2F, 0xC4, 0xA6,
    0x59, 0x12, 0xBC, 0xBC, 0x10, 0x12, 0xE2, 0x2D, 0x80, 0x41, 0x26, 0x79, 0x80, 0xEB, 0x8C, 0xA5,
    0xBE, 0x8C, 0x80, 0x93, 0xE1, 0x4C, 0x49, 0x28, 0x4B, 0xFA, 0xE8, 0xA6, 0xC7, 0x1E, 0xD8, 0x15,
    0xE5, 0xE3, 0xF0, 0xA4, 0x28, 0x54, 0x69, 0xF4, 0x49, 0x95, 0x8E, 0x03, 0x4D, 0xCE, 0xA1, 0x1D,
    0x8A, 0xBC, 0xF4, 0x39, 0xFC, 0x42, 0x91, 0x34, 0x0F, 0x18, 0x25, 0x1C, 0x4E, 0x38, 0xE6, 0x5E,
    0xCF, 0x8F, 0x92, 0x82, 0x17, 0x00, 0x12, 0x7E, 0x0F, 0x79, 0x2A, 0x31, 0xCB, 0x7A, 0xF9, 0x95,
    0x82, 0xED, 0x46, 0x68, 0x51, 0xB2, 0x89, 0x9C, 0x7F, 0x17, 0xD5, 0x08, 0x5A, 0x46, 0x82, 0x16,
    0x50, 0x53, 0x29, 0x0D, 0x40, 0x80, 0xCC, 0x66, 0x37, 0xA9, 0x65, 0xC5, 0x17, 0x81, 0x98, 0xE1,
    0x6D, 0xF7, 0x11, 0x6E, 0xCC, 0xDB, 0x99, 0xB5, 0xEF, 0x24, 0x9B, 0x39, 0xD9, 0xC6, 0xDD, 0x82,
    0x9C, 0x41, 0x98, 0x16, 0xEB, 0x8E, 0xDE, 0x8C, 0x79, 0xAC, 0x66, 0xBE, 0x28, 0xEC, 0xF3, 0x7D,
    0xFA, 0x61, 0x9E, 0x16, 0xCC, 0xF1, 0xF5, 0x1C, 0x56, 0x7F, 0xA8, 0xF2, 0x77, 0xE6, 0x9A, 0x36,
    0xA4, 0x6C, 0xF3, 0x9A, 0x36, 0x7A, 0xED, 0x01, 0xA2, 0x2A, 0x9D, 0xE7, 0x35, 0x6D, 0xB4, 0x42,
    0xCE, 0x6B, 0xDA, 0x74, 0x44, 0x9A, 0x9B, 0x0D, 0x0C, 0xC7, 0xDB, 0xE3, 0xE9, 0xB2, 0xD1, 0x92,
    0x57, 0x6D, 0x72, 0x19, 0xE3, 0x6A, 0x3C, 0xC9, 0xEB, 0x60, 0xF5, 0x3C, 0x5E, 0xEC, 0xE4, 0x49,
    0x1D, 0x0D, 0x94, 0x11, 0xBC, 0x4D, 0x55, 0x2C, 0xBC, 0xF3, 0x26, 0x17, 0x1A, 0x92, 0x25, 0x05,
    0x3E, 0xBE, 0x22, 0xD0, 0x87, 0x2C, 0x4F, 0xFD, 0x8B, 0xB8, 0xF6, 0x58, 0x1E, 0x21, 0x81, 0x07,
    0x18, 0x2A, 0x0B, 0xBD, 0x17, 0x9D, 0xDF, 0x77, 0x71, 0x67, 0x44, 0xDE, 0x62, 0xDC, 0x61, 0xD9,
    0xA5, 0xC9, 0xBC, 0x8A, 0x14, 0x95, 0x56, 0xA0, 0xF0, 0xAE, 0x58, 0xBA, 0xF3, 0x1A, 0x3B, 0xC3,
    0x7A, 0x96, 0x8F, 0x38, 0xB5, 0xDC, 0x3A, 0x07, 0x6A, 0xF9, 0xF3, 0xA9, 0x70, 0x0E, 0x65, 0xB4,
    0xD2, 0x95, 0xC1, 0x63, 0x42, 0x3A, 0x67, 0x2A, 0xBD, 0x70, 0xD3, 0x3B, 0x10, 0x76, 0x7E, 0x0B,
    0xA6, 0x57, 0x2E, 0x48, 0xAC, 0x61, 0x0F, 0x35, 0x8D, 0x6C, 0xFF, 0x51, 0x0A, 0x1B, 0x21, 0x69,
    0x8D, 0x96, 0xBF, 0x48, 0x3A, 0xE1, 0x75, 0x4E, 0xAF, 0xD4, 0x03, 0x0C, 0xB1, 0xC4, 0x85, 0x7E,
    0x5B, 0xBA, 0xD2, 0xAF, 0x60, 0x14, 0xB4, 0xFA, 0x43, 0x8D, 0xEB, 0x0F, 0x8E, 0x55, 0xEE, 0x40,
    0x6D, 0xBA, 0x36, 0x14, 0xD4, 0x03, 0xE9, 0xCD, 0xF5, 0x02, 0xA4, 0x27, 0xF5, 0x71, 0xFD, 0xFF,
    0xA0, 0x36, 0x10, 0xE8, 0x45, 0x51, 0x29, 0xDD, 0xC3, 0x53, 0x8E, 0x6E, 0xCB, 0xB5, 0x80, 0xEE,
    0xB4, 0x76, 0x6B, 0x39, 0x54, 0xAF, 0x91, 0x63, 0x0D, 0xAF, 0x95, 0x53, 0xCB, 0xA6, 0x5A, 0x2E,
    0xD5, 0x6B, 0xB7, 0xD4, 0xF2, 0xC8, 0x18, 0x2A, 0xAF, 0x5E, 0x5A, 0xF7, 0xFD, 0x32, 0x64, 0xFC,
    0x62, 0xC7, 0xB5, 0x95, 0xB1, 0xEB, 0xCC, 0x3A, 0xBB, 0x29, 0x15, 0x8D, 0x5A, 0x84, 0xE8, 0x5A,
    0xDD, 0x52, 0x83, 0xD9, 0x98, 0xE6, 0xEB, 0xE4, 0xF7, 0x4B, 0xC5, 0x1A, 0x13, 0xE8, 0xEA, 0x21,
    0x29, 0x5C, 0x18, 0x55, 0xBB, 0x0F, 0xA3, 0x93, 0x38, 0x63, 0x7D, 0x68, 0xFD, 0x32, 0xA0, 0xBB,
    0x19, 0xFC, 0x5F, 0x23, 0x63, 0xDC, 0x4D, 0xC4, 0xFB, 0xD8, 0xCF, 0x32, 0xB0, 0xCC, 0x99, 0xDC,
    0x4C, 0xA3, 0x05, 0x39, 0x45, 0xA3, 0x05, 0x28, 0x8F, 0xF4, 0x95, 0x82, 0x46, 0x0B, 0x00, 0xF4,
    0xD5, 0x1A, 0xD8, 0x7B, 0x6D, 0xA3, 0x85, 0xDB, 0xCA, 0x24, 0xB3, 0xDA, 0x79, 0xFB, 0x2D, 0x9E,
    0x90, 0x7A, 0x7B, 0x2E, 0xDE, 0xF4, 0x0E, 0x30, 0xCE, 0x31, 0x3D, 0x6C, 0x9A, 0xD0, 0xE6, 0x3C,
    0x0D, 0x97, 0x72, 0x28, 0xE0, 0xD8, 0xCF, 0x56, 0x86, 0xCF, 0x72, 0x24, 0xB6, 0xEA, 0x17, 0x77,
    0x1B, 0xD1, 0x13, 0x10, 0x5D, 0x8D, 0x0F, 0x7A, 0x25, 0x86, 0x60, 0x62, 0x30, 0xFC, 0xD4, 0x29,
    0x06, 0x63, 0x86, 0xEF, 0xD7, 0x0D, 0x9C, 0xA8, 0xFD, 0xD6, 0x5A, 0xD0, 0xEA, 0x45, 0x1D, 0xF5,
    0xCC, 0xE5, 0xA6, 0x3C, 0x43, 0x3B, 0x12, 0x8D, 0xE5, 0x26, 0x0E, 0xDD, 0xCA, 0xF6, 0x8F, 0xB5,
    0x91, 0x26, 0x4C, 0x12, 0x33, 0xBD, 0xB6, 0xBB, 0x99, 0x18, 0x2E, 0xD7, 0xD5, 0x37, 0x27, 0x9E,
    0x9C, 0xA1, 0x80, 0x13, 0xBE, 0x80, 0x53, 0x9D, 0xC1, 0x19, 0x7F, 0xD6, 0x53, 0x24, 0x31, 0xF6,
    0x93, 0x19, 0xEE, 0x24, 0xF1, 0x8F, 0xE9, 0x21, 0xDF, 0xC3, 0xF5, 0xC7, 0x93, 0xDB, 0xA9, 0x8E,
    0x28, 0x78, 0x95, 0x3B, 0xD7, 0x78, 0x2B, 0x1F, 0x74, 0x37, 0xE9, 0x05, 0xED, 0x44, 0xB0, 0xB4,
    0xFD, 0x77, 0x40, 0xAC, 0x01, 0xEB, 0x86, 0xAC, 0x38, 0xEE, 0xA2, 0xFA, 0x9C, 0x69, 0xF7, 0x82,
    0xA2, 0x93, 0x8D, 0xAA, 0x1D, 0x2C, 0xE9, 0x21, 0x53, 0x7F, 0x78, 0x8E, 0xAF, 0x26, 0xF8, 0x3B,
    0x65, 0x65, 0x1E, 0xBD, 0x6E, 0x4D, 0x3D, 0xFA, 0xE0, 0x44, 0x2F, 0x35, 0xCA, 0x2B, 0x8D, 0xEA,
    0x85, 0x46, 0xCD, 0x3E, 0xA1, 0x07, 0x24, 0x84, 0x03, 0x0B, 0xE3, 0xB7, 0x9F, 0x17, 0x83, 0x67,
    0x0F, 0x71, 0xAC, 0x0D, 0xF3, 0x1E, 0x8F, 0xF2, 0x9F, 0x1E, 0x23, 0x8E, 0x47, 0x8B, 0x7F, 0x5F,
    0xC0, 0x5E, 0xB1, 0x8B, 0x8A, 0x84, 0xC4, 0xF4, 0x9D, 0xE5, 0x87, 0xBC, 0xE1, 0x5C, 0xEC, 0x8B,
    0x34, 0x2B, 0xA6, 0xA2, 0x79, 0xCB, 0x64, 0xFE, 0xA3, 0x7D, 0x8E, 0xFE, 0xEA, 0x28, 0x33, 0xFE,
    0x06, 0x6B, 0x6E, 0xBD, 0x12, 0xD6, 0x79, 0x5A, 0x4A, 0x10, 0x6A, 0x3E, 0x7D, 0x7D, 0x5C, 0x4C,
    0x8B, 0x22, 0x2D, 0xF0, 0x27, 0xD7, 0x77, 0x67, 0x1F, 0xEB, 0xF9, 0xC8, 0x3E, 0xAF, 0x47, 0x37,
    0xC5, 0xC3, 0x4B, 0x6D, 0xD6, 0x1C, 0x88, 0xC8, 0x19, 0x1E, 0x54, 0x5C, 0xDF, 0x22, 0x0F, 0x57,
    0x95, 0xAC, 0x9A, 0x45, 0x1E, 0x3A, 0x9F, 0x53, 0x83, 0x96, 0x13, 0x5B, 0x4B, 0x7B, 0x1D, 0x0B,
    0x23, 0xAC, 0x62, 0x56, 0x8B, 0x6F, 0x2D, 0xFE, 0x93, 0x42, 0xF3, 0x7B, 0x66, 0x08, 0x3A, 0x5C,
    0x09, 0x78, 0x14, 0x09, 0x04, 0xB7, 0x62, 0x81, 0x60, 0x4B, 0x16, 0x08, 0x66, 0x78, 0x5B, 0x09,
    0x84, 0x63, 0xE8, 0xBD, 0x75, 0xBF, 0x37, 0x36, 0x2E, 0x26, 0xFC, 0x70, 0xC2, 0x2D, 0x66, 0x44,
    0x39, 0x65, 0xF4, 0x7C, 0x74, 0x41, 0x84, 0xDA, 0x97, 0x8B, 0x3D, 0x74, 0x6C, 0x6C, 0x52, 0xCC,
    0x04, 0xE1, 0xA2, 0x27, 0x17, 0x8D, 0xE2, 0x94, 0x29, 0x61, 0x5C, 0xE4, 0x90, 0x3B, 0x72, 0xD9,
    0x17, 0xC3, 0x8C, 0x89, 0xF5, 0x33, 0x62, 0x66, 0x46, 0x9B, 0x2F, 0x4F, 0xF3, 0xD4, 0x40, 0xF7,
    0x65, 0xE0, 0xBE, 0x56, 0xF6, 0xC0, 0x01, 0x1B, 0x1D, 0x0C, 0x29, 0xB2, 0xFB, 0xC5, 0x5A, 0xAA,
    0x8C, 0xE0, 0x9A, 0x90, 0xEB, 0x7C, 0xE1, 0x8E, 0x08, 0x77, 0x8D, 0x70, 0x93, 0xD4, 0x05, 0x35,
    0xFF, 0x05, 0xE9, 0xED, 0xC8, 0x01, 0x98, 0x0C, 0x70, 0xF3, 0x28, 0x8E, 0x2D, 0x03, 0xB4, 0xA5,
    0x85, 0xBC, 0x41, 0x1E, 0x8E, 0xA0, 0x75, 0x88, 0xDE, 0x0B, 0x12, 0xE0, 0x2A, 0xD8, 0xFA, 0x54,
    0xA4, 0x70, 0x02, 0x30, 0xF4, 0xAC, 0x13, 0x07, 0xF2, 0x74, 0x21, 0xA7, 0xE5, 0x62, 0x02, 0x8C,
    0x74, 0x8D, 0x30, 0x8F, 0x89, 0xF7, 0xDB, 0x62, 0x9B, 0x11, 0xEF, 0x14, 0x71, 0x2C, 0x66, 0x63,
    0x11, 0xEF, 0x11, 0xE9, 0xC7, 0xCC, 0x70, 0xDD, 0x57, 0x71, 0xE8, 0xC7, 0x67, 0x7F, 0xFF, 0x42,
    0xFC, 0xF9, 0x7E, 0x7C, 0xA4, 0x9A, 0x3D, 0xDC, 0x8F, 0xFF, 0xA2, 0x97, 0x7E, 0xEC, 0xCF, 0xF4,
    0x59, 0x80, 0x7C, 0x98, 0xA4, 0x6F, 0x66, 0x97, 0xB2, 0x28, 0x73, 0x52, 0x15, 0x5E, 0x00, 0x11,
    0xB1, 0x47, 0x3C, 0x1E, 0x8F, 0x17, 0x52, 0x9C, 0x48, 0xC7, 0xF7, 0x2F, 0x8C, 0x9D, 0x48, 0xDD,
    0xA2, 0x90, 0x27, 0x52, 0x47, 0xC9, 0xE9, 0x13, 0xD9, 0xE4, 0xDE, 0x30, 0x7A, 0x33, 0x9B, 0x16,
    0xE1, 0xBF, 0xFC, 0x3C, 0x3B, 0x70, 0xCF, 0x4B, 0x38, 0x34, 0x2F, 0x1F, 0x89, 0x6B, 0x57, 0x0D,
    0xBB, 0xC9, 0x9D, 0xBE, 0x70, 0xFD, 0x83, 0x0F, 0xBA, 0xA7, 0x0E, 0xCE, 0xB8, 0xAA, 0x9C, 0x76,
    0x93, 0xFC, 0x60, 0xC2, 0x9C, 0x01, 0xAF, 0xDA, 0x2C, 0x0E, 0x02, 0x8C, 0x82, 0x38, 0x88, 0x7B,
    0x42, 0x8A, 0xEA, 0x68, 0x24, 0xE1, 0xE8, 0xBF, 0x0B, 0xDC, 0xB6, 0xA0, 0xCB, 0xD5, 0x7C, 0x45,
    0x9C, 0x38, 0x27, 0xA4, 0x12, 0x17, 0xF6, 0x89, 0x88, 0x02, 0x23, 0xAC, 0x18, 0x07, 0x5D, 0xE6,
    0xA7, 0x70, 0x95, 0xB1, 0x05, 0x4F, 0x14, 0x2E, 0x6E, 0xFD, 0x08, 0x71, 0x02, 0xE5, 0xD9, 0x3E,
    0xB1, 0x09, 0xA0, 0x74, 0x16, 0x05, 0xFD, 0xD5, 0x5F, 0x59, 0x7F, 0xB6, 0xDD, 0x85, 0xE8, 0xFA,
    0xD1, 0xBB, 0x46, 0x76, 0x7E, 0x70, 0xCD, 0x23, 0xDF, 0xF8, 0x88, 0xFC, 0xC0, 0xDA, 0xC3, 0xE1,
    0x56, 0xB9, 0x56, 0xD8, 0x5F, 0xD8, 0x2A, 0xA3, 0x1D, 0x4F, 0x3D, 0xBA, 0x55, 0x26, 0xAF, 0xBC,
    0x72, 0xEE, 0x94, 0x3C, 0x81, 0xA8, 0x27, 0xC5, 0x17, 0xBF, 0xF4, 0xF8, 0xB1, 0x3D, 0xF5, 0xBD,
    0x9F, 0x60, 0x0B, 0xCD, 0x3C, 0xBF, 0x7F, 0xE4, 0xFD, 0x72, 0xD2, 0xFA, 0xD9, 0xAC, 0x18, 0xDD,
    0x3C, 0x1F, 0x3C, 0xFC, 0x52, 0x7F, 0xE2, 0xF5, 0x2F, 0xCC, 0xFF, 0xE8, 0xC9, 0x37, 0xFA, 0x93,
    0xAF, 0xFF, 0xC3, 0x7C, 0x32, 0x47, 0x32, 0x6C, 0x61, 0xCA, 0x8F, 0x76, 0x9C, 0x3B, 0x55, 0x2E,
    0x74, 0xE6, 0xA3, 0x0D, 0x8D, 0x8D, 0xB6, 0x91, 0x9B, 0x99, 0xF0, 0xC7, 0x3C, 0x3C, 0x83, 0xB1,
    0x18, 0x1B, 0x63, 0x7B, 0x66, 0x8F, 0xF5, 0xBF, 0x63, 0xC9, 0xAB, 0x3B, 0xBE, 0xB2, 0x60, 0xFD,
    0xE7, 0xD7, 0xCF, 0xBF, 0xF6, 0xB3, 0xAF, 0x9C, 0xFA, 0xF3, 0x4A, 0xFD, 0xDB, 0xA5, 0x73, 0x5F,
    0x8D, 0x58, 0x2B, 0xDE, 0x3A, 0xFA, 0xF4, 0xA7, 0xFF, 0xF8, 0xE9, 0xF5, 0xEB, 0xD7, 0xD7, 0x9A,
    0x38, 0x12, 0xFF, 0x7B, 0x47, 0x76, 0x43, 0xAF, 0x7C, 0x70, 0xED, 0x77, 0xA0, 0xB0, 0xB5, 0x86,
    0x13, 0x8A, 0x85, 0x68, 0xC7, 0xA1, 0xE7, 0xCE, 0x4C, 0x27, 0xAF, 0xBC, 0xF4, 0x9B, 0x73, 0x8B,
    0x27, 0x98, 0x82, 0xBE, 0xF4, 0xF4, 0x86, 0xBF, 0xC4, 0x7E, 0xBB, 0x1B, 0xEF, 0xFA, 0x43, 0x7C,
    0x3E, 0x0E, 0x26, 0xC6, 0x22, 0x54, 0x0D, 0x2E, 0x85, 0xF0, 0xD8, 0x4B, 0x31, 0x3C, 0x33, 0x8A,
    0xE1, 0x81, 0x73, 0xFC, 0x1A, 0x94, 0xD1, 0xE3, 0x9F, 0xEE, 0x8C, 0xD6, 0x3F, 0x4E, 0x1A, 0x14,
    0x21, 0xFB, 0x9E, 0xAD, 0x08, 0x8F, 0xA3, 0xE4, 0xAA, 0xEB, 0xFF, 0x3A, 0x04, 0xA2, 0xF8, 0x27,
    0xB5, 0x3B, 0x4E, 0x0E, 0x95, 0xDE, 0xC1, 0xF4, 0x47, 0x70, 0xE7, 0x54, 0xF6, 0xB8, 0x9A, 0xEB,
    0xF1, 0xE0, 0x8B, 0x47, 0xD0, 0x01, 0x91, 0xE2, 0x16, 0xB2, 0xCE, 0x20, 0x27, 0x9C, 0x00, 0xCE,
    0x34, 0x75, 0x7E, 0x17, 0x4A, 0xDB, 0xD4, 0x78, 0x0C, 0x45, 0x31, 0x4D, 0x62, 0x91, 0xC2, 0x39,
    0x28, 0xF7, 0xCE, 0xF5, 0xD1, 0x49, 0x96, 0xEF, 0x3D, 0xB6, 0xB7, 0xB6, 0xAD, 0xA6, 0xE2, 0x0A,
    0xAF, 0x7C, 0x31, 0x3B, 0xAF, 0x7C, 0x71, 0x2A, 0x60, 0xB4, 0x16, 0xBF, 0x87, 0xA7, 0xFB, 0xCA,
    0x97, 0x74, 0xF0, 0x95, 0x2F, 0xBF, 0xAE, 0x70, 0xE2, 0xD3, 0xF0, 0x2B, 0x5F, 0xCE, 0xA2, 0x07,
    0x1D, 0x78, 0xB2, 0x7B, 0x21, 0x84, 0x7A, 0x9E, 0x2A, 0xC4, 0xC2, 0xB4, 0x58, 0x5C, 0x14, 0x51,
    0x51, 0x8F, 0x45, 0x41, 0xD3, 0x82, 0xEA, 0x58, 0x99, 0x91, 0x00, 0x13, 0x88, 0x41, 0xB4, 0x15,
    0x14, 0x0D, 0xB8, 0xBF, 0x19, 0xA0, 0x02, 0xE7, 0x4B, 0xE4, 0x96, 0xA2, 0x98, 0x80, 0x2D, 0x92,
    0x13, 0x7E, 0x06, 0x4C, 0xDE, 0x3B, 0xDB, 0x51, 0xD4, 0x2E, 0x73, 0xFB, 0xF0, 0x05, 0x7F, 0xAF,
    0xCE, 0xBE, 0x07, 0x9E, 0x2C, 0x37, 0xAA, 0xBF, 0x52, 0xA5, 0x5D, 0xCD, 0x02, 0x30, 0xAD, 0x58,
    0xE8, 0xD9, 0x89, 0x9B, 0x40, 0xAB, 0x90, 0x6E, 0x21, 0xFD, 0x42, 0x4E, 0xCC, 0x2C, 0x4C, 0x4C,
    0xCC, 0x4F, 0x9D, 0x84, 0x86, 0x87, 0xC6, 0x23, 0xF8, 0x6E, 0x83, 0xD1, 0xCD, 0x9B, 0x9D, 0xDD,
    0x9B, 0x9D, 0x47, 0xFB, 0xCE, 0x53, 0x25, 0xF0, 0x7D, 0xAB, 0xBA, 0xE6, 0xF2, 0x37, 0xC0, 0x00,
    0x22, 0x0A, 0x51, 0x3F, 0xDC, 0xB0, 0x4E, 0x04, 0x7E, 0x1C, 0x45, 0xE9, 0xB8, 0x9E, 0x46, 0x2E,
    0xBC, 0x43, 0x00, 0xB5, 0xF8, 0x99, 0x24, 0x3C, 0x15, 0xA5, 0xC1, 0xC5, 0x18, 0x7A, 0x75, 0x84,
    0xAE, 0x0E, 0x20, 0x1D, 0x81, 0x2C, 0xE4, 0x93, 0x10, 0xF6, 0x23, 0x23, 0xCB, 0x5F, 0x4D, 0x9F,
    0x27, 0xB0, 0x23, 0x01, 0x02, 0xEC, 0x0A, 0xF5, 0x91, 0x5C, 0x93, 0x0B, 0xE2, 0x99, 0xAE, 0xD7,
    0xFB, 0x21, 0x7C, 0xD5, 0xCD, 0x73, 0x2A, 0xB6, 0x5E, 0x7C, 0xE9, 0x67, 0xA9, 0xF5, 0x1C, 0xEC,
    0xCC, 0x4B, 0xCF, 0x9D, 0x8B, 0x85, 0x7A, 0x52, 0x89, 0xDF, 0xAB, 0xF6, 0x95, 0x20, 0x43, 0x93,
    0x4C, 0x7C, 0xA0, 0xA1, 0xF1, 0x4E, 0x91, 0xFB, 0x86, 0xCA, 0x1B, 0xE6, 0x7C, 0xC6, 0x2C, 0x4A,
    0x65, 0xFF, 0x74, 0x38, 0x99, 0x84, 0xD1, 0x0F, 0x44, 0x75, 0x00, 0x39, 0x30, 0xB0, 0x62, 0x33,
    0x44, 0xEB, 0x83, 0x9B, 0x93, 0x71, 0x7B, 0x69, 0xA5, 0xBA, 0x47, 0x68, 0xE6, 0x87, 0xD5, 0xA3,
    0xF9, 0x1F, 0x00, 0x98, 0x2D, 0x46, 0xE9, 0x15, 0x51, 0x3C, 0x05, 0x08, 0x0E, 0x12, 0xE9, 0x2B,
    0x18, 0x09, 0x7A, 0x1A, 0xB0, 0xC1, 0xEE, 0x19, 0x3D, 0xAF, 0x50, 0x21, 0x75, 0xF1, 0x55, 0x5C,
    0x73, 0x9F, 0x09, 0x02, 0x07, 0x18, 0x58, 0xF0, 0x22, 0xF0, 0xFF, 0x5E, 0x14, 0xC3, 0x99, 0xD8,
    0x3B, 0xAF, 0x42, 0xF5, 0x48, 0x21, 0xF6, 0xDB, 0xBA, 0x03, 0xB6, 0x98, 0x68, 0x2E, 0x87, 0xAB,
    0x36, 0xF8, 0xAF, 0x83, 0x4C, 0xB1, 0xCB, 0x28, 0x8E, 0x1E, 0x82, 0x0B, 0xC7, 0xBD, 0x0B, 0xE8,
    0x54, 0x3F, 0x02, 0x35, 0x6A, 0xAE, 0x45, 0x4E, 0x1B, 0x84, 0x1B, 0x40, 0x59, 0xC7, 0x97, 0x0B,
    0x94, 0xE3, 0x4E, 0x0F, 0x87, 0x88, 0x0F, 0x36, 0xE3, 0xC9, 0xDE, 0x06, 0xAF, 0x1F, 0x8C, 0x8F,
    0x47, 0x4F, 0x78, 0xE3, 0xDE, 0x69, 0x90, 0x95, 0x66, 0x22, 0x31, 0x76, 0x65, 0x27, 0xE8, 0x38,
    0x41, 0x9E, 0x48, 0x10, 0x3B, 0xC5, 0x68, 0x61, 0xCB, 0x28, 0x8D, 0xB0, 0xA4, 0x4D, 0x80, 0xDE,
    0x85, 0x71, 0xA1, 0xB4, 0xF2, 0x99, 0x4D, 0x29, 0x8C, 0xDD, 0x8B, 0xA0, 0xB3, 0xCE, 0xB3, 0x55,
    0x75, 0x36, 0x35, 0xBC, 0x99, 0x2B, 0x6F, 0x86, 0xDE, 0x42, 0x22, 0x33, 0xA0, 0x65, 0x78, 0x82,
    0x80, 0x47, 0x08, 0x78, 0x06, 0xC8, 0xC5, 0x42, 0x74, 0x9F, 0x22, 0x30, 0xAE, 0x8D, 0x8C, 0xC7,
    0xDA, 0x80, 0x3C, 0xFC, 0x4B, 0x2E, 0xF3, 0x8B, 0xB2, 0xCE, 0x2F, 0xE7, 0x31, 0x57, 0x00, 0xEA,
    0x31, 0xC8, 0x7D, 0x60, 0x02, 0x25, 0xBD, 0x1A, 0xC4, 0x18, 0x88, 0xAB, 0x5E, 0x8D, 0x86, 0xB4,
    0xFA, 0x25, 0x7C, 0xF5, 0x94, 0x21, 0x4F, 0x2E, 0xF5, 0x84, 0x0F, 0xC4, 0xBB, 0x67, 0x43, 0xD7,
    0x75, 0x5F, 0xE6, 0xB7, 0xBD, 0xB9, 0x2C, 0x68, 0x6E, 0xD7, 0xF1, 0x43, 0xF7, 0x36, 0x8B, 0x7E,
    0x06, 0x71, 0x6D, 0x60, 0xC0, 0x91, 0x89, 0xF6, 0x47, 0xA4, 0x3A, 0x87, 0xEF, 0x9A, 0xA2, 0x56,
    0x1A, 0x8A, 0xE2, 0x3A, 0x66, 0x85, 0x81, 0x01, 0x00, 0xDF, 0xD2, 0x2D, 0x3D, 0xA7, 0xFA, 0xBA,
    0xAD, 0x8E, 0xAA, 0xB8, 0xB5, 0x67, 0xD1, 0x71, 0xAD, 0x75, 0x39, 0xA0, 0xE3, 0x2B, 0x4F, 0x25,
    0x68, 0x7C, 0x4E, 0xF1, 0x52, 0x4F, 0x7F, 0x9B, 0xBB, 0xBC, 0xA1, 0xAF, 0x3D, 0xBB, 0xDC, 0xBD,
    0x75, 0xC9, 0xF7, 0xB6, 0xD8, 0x0B, 0x02, 0xC4, 0x58, 0x32, 0x6D, 0xF6, 0xCB, 0xF8, 0xAA, 0x30,
    0x5C, 0x6B, 0x07, 0xF4, 0xE0, 0x6E, 0x60, 0x89, 0x95, 0x51, 0xF0, 0xBF, 0x14, 0x76, 0x5D, 0x24,
    0x64, 0xF8, 0x08, 0x3A, 0x07, 0xD7, 0x0B, 0x0E, 0xE7, 0x88, 0x34, 0x22, 0x6A, 0x64, 0xC5, 0xF1,
    0xE3, 0x3E, 0x18, 0x9F, 0x81, 0x28, 0x2A, 0x69, 0x72, 0xD8, 0x6B, 0xF0, 0x0B, 0x93, 0x81, 0xD9,
    0x0A, 0xE2, 0x80, 0x68, 0x17, 0x72, 0x3B, 0xDD, 0x39, 0x7E, 0xBA, 0x73, 0xFC, 0xC0, 0x9D, 0x6F,
    0xF9, 0xBD, 0x9D, 0x10, 0xD5, 0x90, 0x75, 0xE8, 0x43, 0xFD, 0x4A, 0x8D, 0x6E, 0xCE, 0x28, 0x9A,
    0xEE, 0x6A, 0x03, 0x59, 0xBC, 0x06, 0x3D, 0xFD, 0x6C, 0x29, 0xCA, 0x1A, 0xED, 0xF5, 0x8C, 0x8F,
    0x09, 0xCD, 0xCC, 0x6E, 0xA6, 0x3B, 0xFA, 0x7A, 0xC6, 0xE3, 0x8A, 0x33, 0xFE, 0x9C, 0x38, 0x7A,
    0x34, 0x8B, 0x76, 0x67, 0xB8, 0xCE, 0xE9, 0x51, 0x0C, 0x05, 0xB6, 0x4A, 0xA1, 0x03, 0xF0, 0x47,
    0xC4, 0x40, 0x08, 0x48, 0x1B, 0x6C, 0x88, 0xE1, 0x4C, 0x34, 0x8C, 0x04, 0x08, 0xD0, 0xA4, 0x44,
    0x9A, 0x95, 0x88, 0x61, 0x01, 0x98, 0x0B, 0xBD, 0x25, 0x13, 0x55, 0x9C, 0x6F, 0xE2, 0x70, 0xF7,
    0x45, 0x74, 0x8B, 0xBC, 0x06, 0x65, 0x3B, 0xCF, 0xCA, 0x7A, 0xCC, 0x9F, 0x34, 0xF1, 0x95, 0x07,
    0x6F, 0x03, 0x4F, 0xC5, 0xE2, 0x56, 0x1D, 0x20, 0x1D, 0x0D, 0xA4, 0xF5, 0x71, 0x31, 0xA6, 0x2D,
    0xF1, 0xFA, 0xF5, 0x3D, 0x46, 0x3F, 0x19, 0xBC, 0x8E, 0xE6, 0x10, 0xDC, 0x56, 0x8C, 0xB5, 0x79,
    0xD1, 0x4B, 0xF3, 0xEA, 0x97, 0x4E, 0x6E, 0xC9, 0x6B, 0x60, 0xB0, 0x4A, 0xBD, 0x83, 0x4B, 0xAE,
    0x33, 0xDA, 0x3B, 0xF4, 0x2C, 0x8A, 0xEB, 0xC6, 0x57, 0x0F, 0x46, 0xD9, 0x47, 0x72, 0xD8, 0x3C,
    0x12, 0x52, 0xFE, 0x23, 0x19, 0xFD, 0xCD, 0xD6, 0x82, 0x86, 0x76, 0xE3, 0xF0, 0xD5, 0xFE, 0x89,
    0xD4, 0xA8, 0x4A, 0x3B, 0xFA, 0xCB, 0x88, 0xFC, 0x02, 0xE2, 0xF0, 0x5B, 0x88, 0xC3, 0x78, 0xC2,
    0x08, 0x67, 0xBB, 0x93, 0x6F, 0x56, 0x14, 0xBC, 0xC6, 0x10, 0xB5, 0x2E, 0x11, 0xBC, 0xF9, 0xC0,
    0x24, 0x9E, 0x5B, 0x8E, 0xFF, 0xED, 0x4B, 0x0D, 0xEC, 0x46, 0xE7, 0x69, 0x97, 0x36, 0xE9, 0xAC,
    0x39, 0x13, 0x2E, 0xCD, 0xB5, 0x67, 0xDB, 0x3B, 0xDA, 0x52, 0x56, 0x78, 0x5D, 0xC2, 0xAA, 0xE3,
    0xE3, 0x5B, 0x89, 0x2B, 0x29, 0x0A, 0x4B, 0x18, 0xA1, 0x2D, 0xAA, 0x8F, 0x6C, 0x15, 0xD7, 0xCF,
    0x73, 0xA9, 0x83, 0x49, 0xCD, 0xE2, 0x5D, 0x56, 0x23, 0x85, 0xD1, 0xA0, 0x45, 0x7B, 0x76, 0xB9,
    0xE9, 0x15, 0x37, 0x00, 0xC7, 0xB7, 0x68, 0x12, 0xEC, 0x6B, 0xA6, 0x54, 0x69, 0xE2, 0x2C, 0x0F,
    0x0E, 0x32, 0xB1, 0x69, 0x4D, 0xDC, 0x9A, 0x89, 0x35, 0x29, 0xBE, 0x24, 0xEE, 0x56, 0x22, 0xE7,
    0xBD, 0xCD, 0xB2, 0xAE, 0x51, 0x13, 0x04, 0x9B, 0x04, 0xB5, 0x44, 0x0C, 0xEA, 0x65, 0xEA, 0x6B,
    0xAF, 0x28, 0x76, 0xA6, 0xD7, 0xDC, 0x11, 0xC4, 0x4D, 0x2E, 0x5D, 0x72, 0x76, 0x15, 0x22, 0x22,
    0x70, 0x18, 0xE7, 0xB5, 0xC2, 0xFD, 0x4D, 0xCF, 0x7E, 0x0D, 0xDF, 0xC7, 0x63, 0x3D, 0x9B, 0xBB,
    0x6F, 0x15, 0xB0, 0x59, 0x2F, 0xE4, 0xD7, 0x8F, 0x85, 0x84, 0x01, 0xD4, 0xFD, 0xD4, 0xF7, 0x24,
    0xAD, 0xA8, 0xD7, 0xA7, 0xB7, 0xD6, 0xFD, 0x4C, 0x27, 0xA6, 0xB7, 0xDE, 0x68, 0xDC, 0xAB, 0x5D,
    0xCE, 0xB5, 0x16, 0x34, 0xA1, 0xA3, 0x81, 0xA6, 0xF4, 0x25, 0x41, 0x1D, 0x9F, 0xA2, 0x67, 0x4B,
    0x9F, 0x64, 0xDB, 0x42, 0xBD, 0xE2, 0x98, 0x39, 0x38, 0x5F, 0xF7, 0xD6, 0x33, 0xCA, 0x0D, 0xAD,
    0x22, 0xD5, 0xE6, 0x9A, 0x08, 0x27, 0xAF, 0x89, 0xBD, 0xF6, 0x9A, 0x25, 0xBD, 0xBC, 0x43, 0x75,
    0x6E, 0xAA, 0x0E, 0x94, 0xAB, 0x4D, 0xE8, 0x57, 0xF0, 0x67, 0xAC, 0x4A, 0xFC, 0x5C, 0x07, 0x80,
    0x16, 0x8D, 0x71, 0x3B, 0x73, 0x9F, 0xCD, 0x7D, 0x3B, 0x4B, 0x54, 0x9A, 0x74, 0x65, 0xEA, 0x75,
    0x8C, 0x9D, 0xEE, 0x6F, 0x02, 0x13, 0x08, 0x45, 0xF0, 0x3D, 0xF1, 0x8C, 0x1C, 0x01, 0x0E, 0xC8,
    0x10, 0x2D, 0x08, 0x27, 0x96, 0x45, 0x88, 0x1B, 0x82, 0xAC, 0xFF, 0x07, 0xED, 0x3D, 0x3B, 0x8C,
    0xDD, 0x46, 0x92, 0x4D, 0xBE, 0xD1, 0x10, 0x16, 0xB1, 0x4B, 0x2D, 0x20, 0x1F, 0x2C, 0x09, 0x67,
    0x6E, 0x68, 0x1F, 0x60, 0x31, 0x36, 0xA0, 0x19, 0x72, 0xD7, 0x67, 0x38, 0xD8, 0x40, 0x63, 0xC0,
    0x36, 0x70, 0xE7, 0xC0, 0x0E, 0x2E, 0xD8, 0x1B, 0x07, 0x73, 0xC1, 0x05, 0x5E, 0x40, 0x32, 0xDF,
    0x1A, 0x38, 0x08, 0xB8, 0x0D, 0xF4, 0x02, 0x5F, 0x6C, 0x05, 0x5A, 0xC0, 0x9E, 0x5D, 0x60, 0x1C,
    0x6C, 0xA0, 0x40, 0x36, 0xB9, 0xE7, 0xC0, 0x81, 0x02, 0x11, 0x76, 0xA0, 0x60, 0x83, 0xE5, 0x9D,
    0x65, 0x18, 0xF6, 0x06, 0xE6, 0xAE, 0x69, 0xE0, 0x69, 0x4C, 0xB2, 0xAF, 0x7E, 0xDD, 0x24, 0xE7,
    0x23, 0xFB, 0x64, 0x8D, 0x34, 0x23, 0x0D, 0x67, 0x1E, 0xBB, 0x1F, 0x7F, 0x5D, 0x55, 0x5D, 0x55,
    0x5D, 0x55, 0x5D, 0xCD, 0xA7, 0x14, 0x6E, 0x97, 0x69, 0xAF, 0xDC, 0x46, 0xCA, 0x96, 0x4B, 0x47,
    0xBE, 0x2F, 0x3C, 0xCF, 0x65, 0x7C, 0xB6, 0xA0, 0x32, 0xBD, 0x58, 0x49, 0x59, 0x52, 0xF9, 0xB8,
    0x37, 0x55, 0x3B, 0x6E, 0x2B, 0x5C, 0xF8, 0x3A, 0xE1, 0xFB, 0x35, 0xDF, 0xAF, 0x35, 0xDD, 0xEF,
    0x6A, 0x3D, 0xC7, 0x72, 0xA2, 0x5F, 0xA1, 0x86, 0xBC, 0xC6, 0x6B, 0x9F, 0xC6, 0xCB, 0x9B, 0x49,
    0x17, 0xC3, 0x95, 0x01, 0x94, 0x69, 0x8E, 0xB7, 0x6F, 0xE8, 0x8C, 0x4A, 0xD8, 0x72, 0xBC, 0x9E,
    0x4B, 0xB8, 0xBF, 0xC3, 0x52, 0x45, 0xDF, 0x76, 0xBA, 0xA6, 0x86, 0xDA, 0x4C, 0xCF, 0x00, 0xEE,
    0xAC, 0x89, 0x35, 0x6D, 0xF3, 0x90, 0xCB, 0x6A, 0xC2, 0x65, 0xAE, 0xD6, 0xB0, 0xB8, 0x05, 0xD7,
    0xAE, 0xAE, 0xAF, 0xBF, 0x60, 0xE0, 0x74, 0x2D, 0xFC, 0x41, 0x69, 0x6B, 0xD5, 0xF6, 0x63, 0x3F,
    0xF9, 0x47, 0x65, 0x28, 0x93, 0x4A, 0x6D, 0xD2, 0x64, 0x89, 0xA1, 0x9E, 0xA9, 0xA9, 0x3F, 0x3C,
    0xA5, 0xBE, 0xD7, 0x16, 0x9A, 0x27, 0x3B, 0x5A, 0x48, 0xAE, 0x3C, 0x0D, 0xC4, 0x7A, 0x9A, 0x9A,
    0x45, 0x70, 0x91, 0x0E, 0x2A, 0xEA, 0x74, 0xA9, 0x90, 0x12, 0x2A, 0xAE, 0xE2, 0x4A, 0x65, 0x54,
    0x2B, 0xA2, 0x4A, 0x11, 0xF6, 0x69, 0x11, 0x4A, 0x2D, 0x2E, 0x63, 0x53, 0xAB, 0xB3, 0x52, 0x11,
    0x4D, 0x42, 0x7C, 0x0A, 0x51, 0xE5, 0x15, 0xAD, 0xBF, 0x5C, 0x11, 0xBA, 0x68, 0x5D, 0x87, 0xA6,
    0xD6, 0x4C, 0x4C, 0x6D, 0xCE, 0xD4, 0x99, 0xBD, 0x86, 0xFD, 0xB3, 0xBA, 0xFE, 0x5B, 0x41, 0xE7,
    0x12, 0x62, 0xC9, 0x1F, 0x77, 0xCE, 0xDC, 0x90, 0x06, 0xF0, 0xD0, 0x57, 0x4A, 0xF8, 0x14, 0xEA,
    0x29, 0x7F, 0x3A, 0xEA, 0xF1, 0xA0, 0x83, 0xF3, 0x3A, 0x77, 0x98, 0xEA, 0xB5, 0xD7, 0xAD, 0x35,
    0x3E, 0xFC, 0x05, 0x73, 0xAF, 0x0D, 0xE6, 0x93, 0x36, 0xD0, 0x1B, 0x1D, 0xA0, 0xD6, 0x41, 0x6F,
    0xB6, 0x70, 0xBE, 0x55, 0x6B, 0x5F, 0xC1, 0x83, 0xC3, 0xE6, 0xC5, 0x55, 0x5D, 0x67, 0x70, 0x0F,
    0xF6, 0x12, 0x9C, 0x06, 0x26, 0x99, 0xC9, 0x33, 0x2F, 0xF7, 0xBC, 0xC9, 0x9C, 0xC9, 0x7C, 0xB9,
    0xF0, 0x93, 0x9E, 0x27, 0x99, 0x23, 0x63, 0xE2, 0xC7, 0xDD, 0xB8, 0x71, 0xF1, 0x16, 0xF3, 0x60,
    0x6E, 0x38, 0x10, 0x5A, 0x6F, 0x90, 0xE0, 0x1B, 0x2D, 0x72, 0x8E, 0xDF, 0x31, 0xC7, 0x99, 0xBD,
    0x0F, 0xDC, 0x08, 0x67, 0xBB, 0xB0, 0xA1, 0x2B, 0x01, 0xF1, 0x97, 0xB4, 0xDE, 0xBC, 0x0C, 0xB4,
    0x84, 0x4D, 0x11, 0xBD, 0x12, 0xCD, 0xF5, 0x2F, 0x16, 0x01, 0xDE, 0xC1, 0x76, 0xC4, 0x65, 0xCA,
    0x45, 0x17, 0x73, 0xE6, 0xFB, 0x3F, 0x33, 0xDF, 0x47, 0x67, 0x73, 0xE9, 0x6E, 0xE9, 0x7E, 0xA1,
    0x5C, 0x7C, 0xBD, 0x18, 0x5D, 0x17, 0xFA, 0x07, 0x5C, 0x9E, 0x7E, 0x7A, 0xDC, 0xD4, 0x9A, 0xCC,
    0x70, 0x78, 0xAB, 0xED, 0xB1, 0x37, 0x4C, 0xED, 0x98, 0xC5, 0xEC, 0xCA, 0x92, 0xBD, 0x2E, 0xDB,
    0x56, 0xEB, 0xCF, 0x3E, 0x08, 0xF2, 0xF4, 0xC8, 0x22, 0x3C, 0xEF, 0x15, 0x00, 0x65, 0x03, 0x3E,
    0x20, 0x47, 0x0B, 0xC0, 0x0D, 0x8F, 0xFB, 0x89, 0x8A, 0xD7, 0xF8, 0x18, 0xD6, 0xF7, 0x52, 0x9E,
    0x98, 0x3B, 0x99, 0x37, 0x99, 0xE3, 0x84, 0x4F, 0x89, 0x2B, 0x03, 0xE2, 0x3D, 0xE6, 0x48, 0xDE,
    0xEF, 0xC6, 0x8D, 0xF7, 0x44, 0x9E, 0x16, 0xD7, 0x13, 0x6A, 0xA4, 0x83, 0x22, 0xA2, 0xBB, 0x60,
    0xAF, 0xBF, 0x4C, 0x88, 0xDA, 0xD3, 0x05, 0xF5, 0x32, 0xEC, 0x15, 0xD1, 0x87, 0xF8, 0x19, 0xF6,
    0x19, 0x5E, 0xEB, 0xD1, 0x03, 0x22, 0x3A, 0x87, 0x40, 0x01, 0x6F, 0x17, 0xC4, 0x0C, 0xC9, 0x31,
    0x84, 0x47, 0xC1, 0xA1, 0xA8, 0x76, 0x3A, 0x64, 0x00, 0xD5, 0x62, 0x47, 0xAB, 0xE3, 0xD8, 0xF1,
    0xB4, 0xCF, 0xF1, 0x48, 0x5A, 0xE0, 0xD9, 0xB4, 0xA4, 0xB3, 0x15, 0x32, 0x6A, 0x4C, 0xB2, 0x15,
    0x01, 0x37, 0x2D, 0x4E, 0x03, 0xDD, 0xAD, 0xEB, 0x9C, 0xFA, 0xB9, 0x20, 0xD0, 0x4B, 0x02, 0x6B,
    0x0A, 0x92, 0xA2, 0x2F, 0x8F, 0x20, 0x17, 0xD0, 0x05, 0x76, 0x01, 0x5E, 0x31, 0xF4, 0xCA, 0x82,
    0xCF, 0xF0, 0x0B, 0x02, 0x8C, 0x01, 0x32, 0x6E, 0x43, 0x77, 0xBC, 0xD9, 0x12, 0x12, 0x0E, 0xB4,
    0x8C, 0x58, 0xE8, 0xCD, 0x19, 0xA2, 0x91, 0xE9, 0x06, 0xF1, 0x88, 0x75, 0x8B, 0x88, 0x04, 0xBA,
    0x41, 0x4C, 0x9C, 0x6C, 0xCE, 0xA8, 0x08, 0x2E, 0x82, 0x8C, 0x60, 0x23, 0xE8, 0x08, 0x3E, 0x82,
    0x90, 0x60, 0xA4, 0x18, 0x25, 0x25, 0x38, 0x09, 0x52, 0x82, 0xD5, 0x10, 0x2D, 0xF8, 0xF2, 0x22,
    0x4B, 0xD3, 0x9C, 0x65, 0xAA, 0xA0, 0xFD, 0x9C, 0xD5, 0xC9, 0x67, 0xEA, 0xC8, 0xB3, 0x6B, 0xDC,
    0x79, 0x99, 0x66, 0xC4, 0x58, 0x06, 0xE9, 0x19, 0xA5, 0x5A, 0x45, 0x06, 0xC5, 0x2E, 0x2F, 0xB1,
    0x89, 0x8E, 0x38, 0x07, 0x65, 0x56, 0xDF, 0xDC, 0x4D, 0xA4, 0xCF, 0xB3, 0x86, 0x1B, 0xEC, 0xDF,
    0xD8, 0x76, 0xCD, 0x1B, 0xDB, 0xAE, 0x39, 0x6F, 0xE1, 0x14, 0x40, 0x05, 0x52, 0x01, 0x55, 0x60,
    0xED, 0x81, 0x15, 0x68, 0x19, 0x5C, 0x86, 0x17, 0x01, 0x46, 0xB1, 0x85, 0x2B, 0x3B, 0xE2, 0xD2,
    0xAF, 0x88, 0x4D, 0x3B, 0x8F, 0xF8, 0xB4, 0x74, 0xB0, 0xB8, 0x89, 0xBA, 0x64, 0x37, 0xC8, 0xAF,
    0x88, 0x16, 0x63, 0xE3, 0x40, 0x2E, 0x6B, 0x76, 0xBA, 0xB2, 0x19, 0x5E, 0x22, 0x37, 0xF0, 0xED,
    0x8B, 0xEB, 0x2B, 0xC4, 0x43, 0x9A, 0xD9, 0xBF, 0xE5, 0x1E, 0xD9, 0x9C, 0x12, 0x03, 0x15, 0x0B,
    0xEA, 0x24, 0x63, 0x15, 0xE1, 0x7E, 0x91, 0x48, 0x99, 0xEA, 0x6E, 0x06, 0xBD, 0x88, 0x1C, 0x14,
    0xD2, 0xB9, 0xAC, 0x25, 0xF6, 0x2F, 0x99, 0xFD, 0x91, 0x04, 0xD4, 0x40, 0x48, 0x54, 0x89, 0xAB,
    0x93, 0xCE, 0x0C, 0xD8, 0x3F, 0xBD, 0x50, 0x03, 0x93, 0x64, 0xD7, 0x1B, 0xE0, 0x98, 0xF4, 0xDA,
    0x1C, 0x75, 0xA0, 0x5B, 0x22, 0xBF, 0x30, 0xBB, 0xE0, 0x9E, 0x80, 0x0C, 0x91, 0xC7, 0x0B, 0xE2,
    0x95, 0x92, 0x58, 0xA5, 0x22, 0xF9, 0xAD, 0x89, 0xA3, 0x0B, 0x24, 0xE3, 0x4D, 0xCB, 0xFE, 0x2B,
    0xCA, 0x82, 0x2E, 0xB0, 0x0B, 0xF0, 0xCC, 0xFE, 0x85, 0xB2, 0xE0, 0x33, 0xFC, 0x82, 0x00, 0x60,
    0x80, 0x9A, 0x0A, 0x50, 0xE8, 0xA8, 0xC1, 0x42, 0x33, 0x12, 0xA0, 0xA5, 0x11, 0x8B, 0xB4, 0x7B,
    0x0B, 0xD1, 0x00, 0xB1, 0x42, 0x3C, 0xE0, 0x49, 0x88, 0x08, 0xF4, 0x09, 0x61, 0x92, 0xB5, 0x8C,
    0x8A, 0xE0, 0x22, 0xC8, 0x08, 0x36, 0x82, 0x8E, 0xE0, 0x23, 0x08, 0x09, 0x46, 0xCC, 0xFE, 0xA5,
    0x12, 0x9C, 0x04, 0x29, 0x83, 0xD5, 0x00, 0xAD, 0x7B, 0xCC, 0xFE, 0xC1, 0xAF, 0x71, 0xCC, 0x89,
    0x3F, 0x41, 0x58, 0xE3, 0xCF, 0x89, 0x84, 0x54, 0x3F, 0x9A, 0x5C, 0xBA, 0xEF, 0x0C, 0x1E, 0xB9,
    0x44, 0x4F, 0xA2, 0x30, 0x3C, 0xFF, 0x3A, 0x15, 0xE9, 0x6F, 0xC8, 0x70, 0x40, 0xAE, 0xDA, 0x5B,
    0xEE, 0xF5, 0x2E, 0x4C, 0xA1, 0x27, 0xFD, 0xEB, 0x30, 0x66, 0x96, 0x93, 0x0B, 0x09, 0x2A, 0xBC,
    0x7F, 0x27, 0x7D, 0x77, 0x95, 0x94, 0xDF, 0xEB, 0xEA, 0xA0, 0x70, 0xAF, 0x77, 0xE1, 0x02, 0x72,
    0x2F, 0x60, 0x82, 0xDC, 0x8B, 0xA8, 0x08, 0x2E, 0x82, 0x8C, 0x60, 0x73, 0x10, 0xB9, 0xD7, 0x7F,
    0x13, 0x4F, 0x87, 0x37, 0x6A, 0xBB, 0xE7, 0x23, 0xEA, 0x09, 0x3A, 0xDD, 0x0D, 0x14, 0xF6, 0xFB,
    0x5B, 0x20, 0xBC, 0x6F, 0x5C, 0x1D, 0x7A, 0x64, 0x0B, 0xB1, 0x2B, 0x61, 0x0A, 0x39, 0xA8, 0x5E,
    0x1D, 0xBA, 0xC5, 0xE2, 0x2D, 0x1B, 0x27, 0xF9, 0xD8, 0xDE, 0xE9, 0x6B, 0xEF, 0x19, 0xE0, 0xBA,
    0x79, 0x00, 0xD6, 0x58, 0x5C, 0x05, 0xD7, 0x60, 0x5F, 0x3A, 0x0E, 0x72, 0x3C, 0xED, 0x73, 0x3C,
    0x92, 0x16, 0x78, 0x36, 0x2D, 0xFD, 0xE7, 0xA6, 0xFB, 0x98, 0xE3, 0xBD, 0x67, 0xDE, 0x46, 0x8E,
    0x0F, 0xAE, 0xDF, 0x40, 0x8E, 0x07, 0xB8, 0x91, 0xE3, 0x11, 0x09, 0xC1, 0x45, 0x90, 0x11, 0x6C,
    0x04, 0x9D, 0x03, 0xC5, 0xF1, 0xDE, 0xAF, 0xF1, 0x74, 0xF0, 0x09, 0xF2, 0x7A, 0xF0, 0x29, 0xEE,
    0x3D, 0xE2, 0x78, 0x47, 0x51, 0x4F, 0x7E, 0x58, 0xD1, 0xF1, 0xB9, 0xBD, 0xC6, 0x4D, 0x66, 0xF7,
    0x9D, 0xE3, 0x83, 0x67, 0xB8, 0x4F, 0xAF, 0x55, 0x83, 0x42, 0x0E, 0x1A, 0xA1, 0xB8, 0x40, 0x62,
    0x10, 0x5D, 0x97, 0x4B, 0xE8, 0xDB, 0xA2, 0xD3, 0xFB, 0x29, 0xFF, 0xC6, 0xE1, 0x01, 0x54, 0x6A,
    0x9E, 0x46, 0x66, 0x80, 0x7E, 0x23, 0x63, 0xBC, 0xE4, 0xFE, 0x8B, 0x00, 0xD9, 0x60, 0x8E, 0xA6,
    0xF7, 0x02, 0xB8, 0x26, 0xD1, 0xBA, 0x46, 0x87, 0x72, 0x0E, 0x9C, 0x53, 0x01, 0xBC, 0xB9, 0x4F,
    0x0E, 0x64, 0xBF, 0xB9, 0xE5, 0x92, 0xF2, 0x6B, 0x9D, 0x04, 0x73, 0x9D, 0x40, 0xA9, 0xDC, 0xD9,
    0x93, 0xC3, 0x96, 0xB8, 0x2D, 0x76, 0x8C, 0x90, 0x42, 0xEC, 0xF3, 0x92, 0x1D, 0x4D, 0xF6, 0x33,
    0xB5, 0x6A, 0xF8, 0x26, 0xA2, 0xF1, 0x28, 0x60, 0xD2, 0xC2, 0x6D, 0xD0, 0x3E, 0xDC, 0x06, 0x10,
    0x00, 0x59, 0xC9, 0x79, 0x4B, 0x52, 0x32, 0xC6, 0x89, 0x6E, 0xD3, 0x53, 0xFA, 0x96, 0xA7, 0x77,
    0xA0, 0xD1, 0xA4, 0x38, 0x4F, 0x21, 0x21, 0x3C, 0x17, 0x7C, 0xA3, 0x6D, 0xDD, 0x9D, 0xA1, 0x2A,
    0x5B, 0x9C, 0x5E, 0x56, 0xE1, 0xFF, 0xB6, 0x2A, 0xFA, 0xBA, 0x53, 0xD1, 0xA7, 0xAD, 0xF2, 0xA7,
    0xF3, 0x2D, 0xF7, 0xDF, 0x1D, 0xFA, 0x60, 0x3B, 0x8A, 0x5A, 0x52, 0xD4, 0x96, 0xA2, 0xD6, 0xD4,
    0x0E, 0xED, 0xDD, 0x07, 0x6A, 0x9D, 0xC4, 0x87, 0xC0, 0x63, 0x53, 0x14, 0x59, 0xE0, 0x8C, 0x67,
    0x8F, 0x29, 0xFF, 0x7F, 0x1A, 0x15, 0x7C, 0x0D, 0x9F, 0xBF, 0x35, 0x40, 0xC1, 0x3F, 0xEC, 0x09,
    0x4D, 0xA8, 0x5D, 0x6E, 0x99, 0xDB, 0xE6, 0xD6, 0xA9, 0x7D, 0x45, 0x10, 0x28, 0x82, 0x41, 0x11,
    0x14, 0x6A, 0x07, 0x38, 0xEE, 0x3D, 0xAD, 0xD0, 0x38, 0x42, 0xE3, 0xC9, 0x29, 0x13, 0xE5, 0x80,
    0xDE, 0x72, 0xC0, 0xD3, 0x73, 0xE6, 0x4B, 0x6A, 0x52, 0x5D, 0x25, 0x2D, 0x10, 0xE8, 0x62, 0x67,
    0xF8, 0xEE, 0x02, 0xBD, 0xC8, 0x30, 0x53, 0x6C, 0xBA, 0x61, 0xFB, 0x8A, 0x20, 0x50, 0x04, 0x83,
    0x22, 0x28, 0x14, 0xC1, 0xD1, 0xAB, 0xCC, 0xE2, 0xB6, 0x21, 0x97, 0x7B, 0x29, 0x8F, 0x4F, 0x88,
    0xB9, 0x80, 0x9F, 0x0F, 0x00, 0xD8, 0xE3, 0x09, 0xA9, 0xD4, 0xE8, 0xC6, 0x1C, 0x3E, 0xB5, 0x31,
    0x2E, 0x06, 0x71, 0x38, 0x64, 0x09, 0x84, 0x05, 0x07, 0x54, 0x43, 0x2D, 0x1A, 0x5F, 0xC8, 0xE5,
    0xB7, 0x1F, 0xFC, 0xAE, 0x71, 0xB8, 0xCA, 0x29, 0xB4, 0x16, 0x83, 0xC6, 0x01, 0x6A, 0xC4, 0xA0,
    0x55, 0x31, 0x82, 0x10, 0x02, 0xC1, 0x83, 0x82, 0x9F, 0xA6, 0xD4, 0xBF, 0x18, 0x17, 0x8D, 0x3C,
    0x6A, 0xF2, 0xA7, 0x17, 0x8E, 0xE1, 0x68, 0xFF, 0x1B, 0x7C, 0x18, 0x2A, 0x48, 0xDA, 0x85, 0x93,
    0x1D, 0xC8, 0x46, 0x4F, 0x48, 0x15, 0x43, 0xC4, 0x20, 0x31, 0x85, 0x88, 0xC6, 0x64, 0xE0, 0x11,
    0x91, 0xE2, 0xEE, 0x2D, 0x1C, 0x89, 0x5B, 0xB2, 0x0E, 0x78, 0xE4, 0x71, 0xF4, 0xB5, 0x86, 0xED,
    0x81, 0x88, 0xB0, 0xC1, 0x00, 0x06, 0x6A, 0x7D, 0x0A, 0xBF, 0x20, 0x84, 0x1C, 0xA5, 0x3E, 0x62,
    0xC3, 0xD9, 0x13, 0x0C, 0xEC, 0xFD, 0x31, 0x51, 0x93, 0xAF, 0x2A, 0x68, 0xAE, 0x86, 0x3E, 0xBD,
    0xA2, 0xBC, 0x3F, 0xD6, 0x74, 0x17, 0xC7, 0x45, 0xD4, 0x9E, 0x13, 0x6B, 0x31, 0x21, 0xE5, 0x84,
    0xBB, 0xFF, 0x20, 0xCE, 0x28, 0x70, 0x07, 0x50, 0xFB, 0x25, 0xEC, 0x82, 0x37, 0x2B, 0x09, 0x61,
    0xC6, 0x3A, 0xD9, 0x85, 0xBB, 0xEE, 0x15, 0xC5, 0x58, 0xBD, 0x4A, 0x99, 0x26, 0x12, 0x39, 0x9C,
    0xAA, 0x3E, 0x36, 0x83, 0x63, 0xED, 0x94, 0x6D, 0x9F, 0xB9, 0x04, 0x5D, 0xA7, 0xCC, 0xE8, 0xFC,
    0x55, 0x18, 0x1E, 0x4A, 0xEE, 0x78, 0x17, 0xA5, 0xEA, 0x69, 0xB1, 0xE7, 0x30, 0xEA, 0x18, 0xEA,
    0x84, 0x62, 0x8E, 0x1E, 0xC6, 0x0F, 0x09, 0x05, 0x1B, 0x5B, 0xE4, 0x32, 0x6C, 0xB8, 0x04, 0xA9,
    0x20, 0x89, 0x84, 0x92, 0xE2, 0x8C, 0x69, 0xC3, 0x82, 0x01, 0x18, 0x70, 0x8C, 0xB1, 0x66, 0xB3,
    0x07, 0x1B, 0x5A, 0x93, 0xE0, 0x2B, 0x46, 0x17, 0xC7, 0x44, 0x33, 0x84, 0x53, 0xD6, 0x8E, 0xEC,
    0x51, 0xB1, 0xB8, 0xC0, 0x83, 0xE7, 0x12, 0x2F, 0xB5, 0xE0, 0xCF, 0xD5, 0x08, 0xFB, 0xFE, 0x66,
    0xC6, 0x0C, 0x51, 0x22, 0xF0, 0x10, 0xA7, 0xB8, 0x65, 0x37, 0x05, 0xB4, 0x04, 0x62, 0x4A, 0xB1,
    0xE4, 0xDC, 0xF4, 0x50, 0xA9, 0x2C, 0x7E, 0x5C, 0x89, 0x1A, 0x65, 0x62, 0xA8, 0x4A, 0x50, 0xD3,
    0x5F, 0x28, 0x13, 0x41, 0xCD, 0x4D, 0x00, 0xB5, 0x60, 0xEC, 0x2E, 0x42, 0x73, 0x88, 0x5E, 0x4B,
    0xBD, 0xBE, 0xBA, 0xFE, 0x6E, 0x62, 0x23, 0xA2, 0x1E, 0x74, 0x63, 0x3A, 0x07, 0xC8, 0x1A, 0x78,
    0xC2, 0xDC, 0x05, 0xD8, 0x43, 0x78, 0x2E, 0x72, 0x11, 0xC6, 0xB4, 0xE2, 0x86, 0xBB, 0xDC, 0x27,
    0x2E, 0xAD, 0x88, 0x80, 0xA4, 0x64, 0xBC, 0x01, 0x6B, 0x3B, 0x3A, 0x5F, 0xFD, 0x9D, 0xCE, 0x41,
    0xCB, 0x4C, 0x39, 0xFC, 0xD8, 0x0C, 0x26, 0x1C, 0x28, 0xCE, 0x8E, 0x8D, 0x60, 0x2B, 0xD4, 0x0C,
    0xB6, 0x83, 0x54, 0x47, 0x5B, 0x18, 0x9B, 0xC0, 0xA7, 0x50, 0xFC, 0x8C, 0x76, 0x64, 0x5A, 0xF9,
    0x78, 0x8C, 0xED, 0xF6, 0x0C, 0x91, 0x8C, 0x5A, 0xA3, 0x0C, 0x89, 0x35, 0x1C, 0xA2, 0x1E, 0x80,
    0x09, 0xCD, 0xEA, 0x19, 0xDA, 0xAB, 0x2D, 0x62, 0xD9, 0x81, 0x8A, 0xC6, 0xDA, 0x2C, 0x1C, 0x46,
    0x86, 0x04, 0x10, 0x5F, 0xA6, 0xA0, 0xE8, 0x79, 0x08, 0x08, 0xEB, 0xB7, 0xB4, 0x93, 0xFE, 0x28,
    0x17, 0x45, 0xED, 0x12, 0xC7, 0x7A, 0x15, 0xF7, 0x99, 0x9B, 0x1C, 0x34, 0x8E, 0x75, 0xA6, 0x5B,
    0x67, 0xDA, 0xB2, 0xCA, 0xCC, 0x74, 0x88, 0x1A, 0xCD, 0x5A, 0xC3, 0x8D, 0x05, 0xB3, 0x37, 0x48,
    0x70, 0x2A, 0xF7, 0x08, 0x87, 0x2E, 0x3E, 0x08, 0xEC, 0xED, 0x52, 0x87, 0x4D, 0x25, 0x60, 0x8D,
    0x1A, 0xD5, 0x41, 0x90, 0xC1, 0xEB, 0x39, 0x0E, 0xBC, 0x06, 0xBE, 0x66, 0x34, 0x05, 0x56, 0xFE,
    0x91, 0x83, 0x86, 0x7F, 0x88, 0xAA, 0x0E, 0xDD, 0x14, 0x0F, 0x15, 0x1F, 0x0D, 0xD4, 0x34, 0x04,
    0x13, 0xB4, 0x3E, 0xCF, 0xE8, 0x20, 0x1D, 0xB3, 0x46, 0x80, 0x62, 0xAC, 0x1D, 0x0E, 0x32, 0x5B,
    0xDD, 0x99, 0x56, 0xEA, 0xE4, 0x3A, 0xA9, 0x6F, 0x78, 0x54, 0x4C, 0x93, 0x24, 0xF8, 0xF4, 0x78,
    0xE0, 0xE4, 0xB8, 0xCA, 0x80, 0x25, 0x81, 0xF4, 0x88, 0x1F, 0x34, 0x57, 0x02, 0x1A, 0xC3, 0xC6,
    0xC0, 0x09, 0x74, 0x0C, 0x1E, 0x3B, 0x4C, 0x1C, 0x8E, 0x0F, 0x88, 0x7F, 0xD9, 0x4A, 0x30, 0xB6,
    0xC2, 0xD4, 0x3A, 0xBB, 0x2A, 0xE3, 0x00, 0x7B, 0xDB, 0xCF, 0x70, 0xB9, 0xDC, 0x9F, 0x7C, 0x3A,
    0x25, 0x21, 0xC0, 0x2E, 0x01, 0x68, 0x01, 0xB6, 0x88, 0x8C, 0x05, 0x22, 0xEF, 0x14, 0xBC, 0xCB,
    0x18, 0xEB, 0x37, 0xB7, 0x18, 0xEF, 0x0F, 0x99, 0x1C, 0xED, 0xBC, 0xCD, 0xC7, 0x93, 0xFA, 0x5B,
    0x27, 0xF7, 0xB7, 0x6E, 0x4E, 0xB3, 0xF3, 0xF5, 0xAA, 0xF7, 0x31, 0x0E, 0xE5, 0xB5, 0x1F, 0x8E,
    0x6E, 0xB3, 0x9D, 0x33, 0x15, 0xBD, 0xAD, 0xF2, 0xFE, 0xEE, 0x77, 0xBD, 0xBF, 0xFB, 0x5D, 0xE7,
    0x86, 0xE2, 0xB8, 0xEF, 0x94, 0x44, 0x1F, 0xF6, 0x9B, 0x9A, 0xA9, 0x58, 0xDA, 0x05, 0xF9, 0x38,
    0xDC, 0x90, 0x8F, 0xCE, 0xF2, 0xE4, 0xE2, 0x41, 0x55, 0x30, 0x43, 0x8C, 0x65, 0xF6, 0x99, 0xF7,
    0x5B, 0x90, 0xB6, 0x47, 0x86, 0xD7, 0x6C, 0x9B, 0x57, 0x0D, 0xE5, 0x40, 0x2C, 0x42, 0x24, 0x21,
    0xDF, 0xF7, 0xF9, 0xBB, 0xA3, 0x43, 0x8C, 0x16, 0x01, 0xD0, 0xAC, 0xD0, 0x1C, 0x2D, 0x0A, 0xED,
    0xDC, 0x03, 0xAF, 0xD0, 0x22, 0x23, 0x6C, 0xA9, 0x21, 0x6B, 0x26, 0x95, 0x46, 0x8E, 0x4C, 0xBA,
    0xC8, 0x11, 0x24, 0x44, 0x2B, 0x4D, 0x3A, 0xA3, 0x95, 0xAE, 0x3C, 0x94, 0x5A, 0xC9, 0xA3, 0xB9,
    0x7B, 0xA4, 0x40, 0x08, 0x8F, 0x8B, 0x30, 0x9D, 0x29, 0xFB, 0xA8, 0xF8, 0x29, 0xB4, 0xE2, 0xCE,
    0x01, 0x0A, 0x10, 0x83, 0xD3, 0xAE, 0x68, 0x0D, 0x14, 0x34, 0x27, 0x81, 0x6E, 0x0F, 0xE1, 0x9C,
    0x03, 0x30, 0x15, 0x21, 0xF4, 0xA8, 0x83, 0x92, 0xE5, 0x6B, 0xCA, 0x3E, 0x40, 0x9F, 0xAF, 0x35,
    0x92, 0xD2, 0xEB, 0x8B, 0xC8, 0x2A, 0x11, 0x47, 0x1B, 0x73, 0x59, 0x91, 0x25, 0x8B, 0xB3, 0xFF,
    0xEC, 0xB4, 0x81, 0xC4, 0x38, 0xEB, 0x1B, 0x9A, 0xB2, 0x4B, 0x38, 0x45, 0x60, 0x82, 0x21, 0x5B,
    0x0E, 0x79, 0x0F, 0x43, 0xA7, 0xD4, 0x47, 0x04, 0x30, 0x41, 0xCC, 0x20, 0x33, 0xCC, 0x0C, 0x34,
    0x43, 0x2D, 0x60, 0x13, 0xDC, 0x0C, 0xB8, 0x22, 0xC8, 0x15, 0x83, 0xCE, 0xB0, 0x33, 0xF0, 0x18,
    0x25, 0x26, 0xAF, 0x87, 0xA0, 0xEE, 0x7A, 0x51, 0x1F, 0xE9, 0x83, 0x91, 0xA2, 0x28, 0x7A, 0x3B,
    0x21, 0x1A, 0x04, 0x35, 0xB8, 0x7F, 0xB1, 0x73, 0x11, 0x97, 0x2E, 0x71, 0x89, 0x79, 0xA9, 0x0F,
    0xE6, 0xB0, 0xFF, 0x14, 0xEB, 0x5D, 0x92, 0x56, 0xDB, 0xE2, 0xC1, 0xC4, 0x4A, 0x29, 0x3D, 0x95,
    0xCF, 0xC6, 0xD5, 0x51, 0x74, 0x49, 0xEB, 0x80, 0xA2, 0x35, 0x88, 0x68, 0xD0, 0x44, 0xE8, 0x0D,
    0x37, 0xE8, 0x5C, 0xFB, 0x83, 0x3D, 0x1F, 0x09, 0xE6, 0x1C, 0xDB, 0x41, 0x47, 0x23, 0xAD, 0x22,
    0x9D, 0x80, 0xB0, 0x07, 0xC4, 0x0A, 0x1E, 0x25, 0x4B, 0x38, 0x24, 0x4D, 0xA8, 0xAC, 0xB0, 0x91,
    0xD5, 0xCB, 0xE3, 0xF6, 0x4F, 0xC9, 0x00, 0x2D, 0x31, 0x74, 0x2A, 0xB1, 0x7D, 0x6A, 0x57, 0xE2,
    0x45, 0x54, 0xC7, 0x99, 0x0A, 0x74, 0xCC, 0x91, 0xD7, 0x4A, 0xCE, 0x44, 0x90, 0xB2, 0x18, 0x96,
    0xC1, 0x2D, 0xD0, 0x85, 0x15, 0xCF, 0x1E, 0x93, 0xAF, 0x55, 0x51, 0x02, 0xC1, 0x22, 0x92, 0x3C,
    0x90, 0x34, 0x22, 0x82, 0x2B, 0xA1, 0x2E, 0xE0, 0x2C, 0x9C, 0x88, 0x83, 0xE6, 0xCA, 0x31, 0xD0,
    0x3D, 0x31, 0x18, 0xCD, 0xCE, 0x50, 0xAA, 0xD0, 0x72, 0xC7, 0x82, 0x46, 0xC9, 0x1E, 0x01, 0x76,
    0xC5, 0xD5, 0x30, 0xA1, 0x8C, 0x24, 0xEA, 0x95, 0xDD, 0xC2, 0x9B, 0xF7, 0x89, 0xBE, 0x4F, 0x6C,
    0x19, 0x8F, 0xCF, 0x48, 0xBA, 0xD3, 0xB2, 0x84, 0xD8, 0x4D, 0x3C, 0x83, 0x31, 0x11, 0x5C, 0x0C,
    0x36, 0xB7, 0xC5, 0x67, 0xEB, 0xB6, 0x1F, 0xFB, 0xEF, 0x28, 0x5C, 0x0A, 0xFF, 0x47, 0x54, 0x90,
    0xE5, 0x60, 0x4F, 0x04, 0xFF, 0x5D, 0x46, 0x5E, 0x91, 0x81, 0x2F, 0x3D, 0x9C, 0x60, 0x78, 0x0C,
    0xF5, 0x2F, 0xC8, 0xFF, 0x04, 0x05, 0x3F, 0x71, 0x40, 0xBA, 0xF0, 0x3F, 0xB7, 0xFF, 0xAF, 0x61,
    0x84, 0x0F, 0x65, 0x12, 0x68, 0x21, 0x4A, 0x94, 0xA8, 0x7A, 0xC6, 0xD2, 0x73, 0x59, 0x1B, 0x4A,
    0xC6, 0x38, 0x50, 0x22, 0x0D, 0x89, 0x80, 0xBB, 0x53, 0x6F, 0x81, 0x80, 0xAD, 0xCC, 0x2E, 0x2E,
    0xCD, 0x0E, 0xCD, 0x18, 0x52, 0x50, 0xA0, 0x2A, 0x39, 0xE1, 0x48, 0x71, 0xBA, 0x51, 0x8D, 0xB5,
    0x24, 0x34, 0x80, 0x9F, 0x9C, 0xB2, 0xA2, 0x46, 0x2A, 0xD4, 0x62, 0xF1, 0xA6, 0xEF, 0xB1, 0xA2,
    0x40, 0x12, 0x18, 0x5B, 0xE7, 0x47, 0x12, 0x70, 0x86, 0xE7, 0x92, 0x89, 0x92, 0x51, 0xC8, 0x09,
    0x14, 0xA8, 0xCE, 0xFD, 0x16, 0xD8, 0xA7, 0x8E, 0xAB, 0xA8, 0x0A, 0xEB, 0xB8, 0x04, 0xE6, 0x2A,
    0x90, 0xC1, 0xE0, 0x48, 0x97, 0xD5, 0x40, 0xC7, 0x0A, 0x67, 0x77, 0x28, 0x25, 0x2D, 0x13, 0x2C,
    0x9C, 0x77, 0x38, 0x55, 0xCF, 0xC4, 0x43, 0x61, 0x4F, 0xCC, 0xC2, 0xAC, 0xE3, 0x7D, 0xDB, 0x2B,
    0x27, 0xD6, 0x44, 0x3F, 0xDE, 0x6E, 0x77, 0x1E, 0x7D, 0x67, 0x70, 0x33, 0xED, 0xC5, 0x98, 0x6B,
    0x68, 0xBE, 0xA8, 0x31, 0x99, 0x59, 0x01, 0xED, 0xC3, 0xCE, 0x6F, 0x70, 0xBC, 0xF1, 0x28, 0xEF,
    0x69, 0xB0, 0xBF, 0xE5, 0xB7, 0x34, 0xFF, 0xD7, 0xF1, 0x3C, 0x1A, 0xCF, 0x3D, 0x7D, 0x41, 0x6C,
    0x00, 0x04, 0x39, 0xF2, 0x5F, 0x9C, 0x9C, 0x64, 0x32, 0x95, 0x86, 0x60, 0xDC, 0x4D, 0x7A, 0x18,
    0x3F, 0x62, 0x4A, 0xB0, 0x57, 0x26, 0x57, 0x2C, 0x10, 0x29, 0xC4, 0xDC, 0x32, 0x80, 0x1D, 0x07,
    0xA5, 0x02, 0x87, 0x97, 0x2C, 0x47, 0x1B, 0x0E, 0x3A, 0x4D, 0x6F, 0x26, 0xA0, 0x06, 0xE0, 0x8E,
    0x18, 0xED, 0xD3, 0x2A, 0x2A, 0x01, 0x89, 0xEA, 0x84, 0x55, 0xE9, 0x77, 0xC4, 0x92, 0x4E, 0xA9,
    0x26, 0x30, 0x04, 0xC2, 0xFF, 0x5C, 0x79, 0xC0, 0x10, 0x06, 0xE7, 0xD6, 0x8C, 0x6D, 0x6B, 0x9D,
    0x72, 0x5E, 0x80, 0x3B, 0xD2, 0x56, 0x77, 0x38, 0x24, 0x74, 0x60, 0x87, 0x76, 0x3A, 0xC0, 0x60,
    0x12, 0x4A, 0xA4, 0x7E, 0x1B, 0x07, 0xDD, 0x3F, 0x17, 0x12, 0x74, 0xE4, 0xC8, 0x23, 0x67, 0xAA,
    0xE5, 0x64, 0xA0, 0xC0, 0x56, 0x0E, 0xF2, 0x41, 0xC5, 0x20, 0x0C, 0x65, 0xC2, 0xB3, 0x95, 0xFC,
    0x2C, 0x9E, 0xD4, 0xE0, 0x1C, 0x4F, 0x4E, 0x0A, 0x9B, 0xB0, 0x84, 0x4E, 0x1A, 0x9A, 0x88, 0xF5,
    0x9A, 0x00, 0x2D, 0x06, 0xAF, 0xA1, 0x1E, 0xF7, 0x9A, 0xE8, 0xF3, 0x0E, 0x9F, 0x9E, 0x7E, 0x4C,
    0xD2, 0xA2, 0x73, 0x9D, 0x9C, 0x78, 0x49, 0xEB, 0x9F, 0x8B, 0x2D, 0xAB, 0xC5, 0x98, 0x50, 0x29,
    0x1B, 0x62, 0x6B, 0x1A, 0x3A, 0xA2, 0xA4, 0xF9, 0x6B, 0x4E, 0xC7, 0x4C, 0xC5, 0x8E, 0xE2, 0x79,
    0x40, 0x6A, 0x8F, 0x43, 0xAB, 0x12, 0x5C, 0x05, 0x20, 0x3E, 0xA4, 0x69, 0x47, 0x78, 0x24, 0x5D,
    0x48, 0x89, 0x4B, 0x93, 0x6E, 0x82, 0x97, 0x78, 0x2D, 0xB1, 0xB2, 0xDF, 0x60, 0x9C, 0xFF, 0xF4,
    0x06, 0x90, 0xE4, 0x5D, 0x69, 0x2F, 0xE7, 0xA2, 0x48, 0xB9, 0x88, 0x74, 0x4B, 0xF6, 0x14, 0x18,
    0x0A, 0x29, 0x99, 0x44, 0x64, 0x2B, 0x4D, 0xF4, 0x67, 0x88, 0x91, 0xA3, 0x4D, 0x26, 0x1C, 0x21,
    0x1F, 0xB1, 0xE2, 0x34, 0x92, 0x3F, 0x08, 0xD9, 0xB2, 0xAC, 0x44, 0x6C, 0xBF, 0x37, 0x0C, 0x62,
    0x62, 0x86, 0x7C, 0xCE, 0x87, 0x9D, 0x30, 0x2F, 0x37, 0x48, 0x7D, 0x7F, 0x8E, 0x21, 0x60, 0xDC,
    0xCF, 0xF1, 0xC8, 0x9F, 0x5A, 0x80, 0x37, 0xFB, 0x10, 0x59, 0x42, 0xBF, 0xA9, 0xD5, 0x6B, 0x5A,
    0x03, 0x18, 0x7D, 0x3E, 0x62, 0xA7, 0x38, 0x89, 0x53, 0xCF, 0xD6, 0x98, 0x89, 0x88, 0x3E, 0x6B,
    0x53, 0x63, 0x12, 0x0B, 0x71, 0x22, 0x36, 0x32, 0xBE, 0xA5, 0x99, 0x09, 0xA4, 0xB9, 0x83, 0x0F,
    0x83, 0x4B, 0x5C, 0x9A, 0xA5, 0xC1, 0x6E, 0x9E, 0x10, 0x55, 0xBC, 0x16, 0xD5, 0x2E, 0xB4, 0xA2,
    0xDF, 0x4D, 0xA8, 0x95, 0x82, 0x48, 0x51, 0xCA, 0xBE, 0x55, 0x38, 0xE8, 0x74, 0x48, 0x87, 0x09,
    0xF4, 0x55, 0x09, 0x4F, 0xF8, 0x2C, 0xA3, 0x89, 0x67, 0x6C, 0x3D, 0xD5, 0xCC, 0x3D, 0x83, 0x01,
    0xF1, 0xC8, 0x28, 0xE7, 0x35, 0x93, 0xAC, 0x04, 0x19, 0x64, 0x8C, 0xF5, 0x1A, 0xB4, 0x6C, 0xCE,
    0xC6, 0x75, 0x56, 0xB0, 0xE9, 0x43, 0x63, 0x09, 0x98, 0xA0, 0xA4, 0x24, 0xC1, 0x26, 0x25, 0x8D,
    0x12, 0xCD, 0xB7, 0x0F, 0x34, 0x54, 0x76, 0x2B, 0x80, 0xD0, 0x3F, 0xD7, 0x91, 0x64, 0xB9, 0x06,
    0x92, 0xFF, 0xEB, 0x4A, 0xC9, 0x5E, 0x92, 0xBE, 0xA4, 0xD4, 0xDF, 0xAD, 0x4B, 0x82, 0xEB, 0xA3,
    0xFF, 0x04, 0x77, 0x6C, 0x20, 0xB8, 0x78, 0xAE, 0xA0, 0x2B, 0x8B, 0x40, 0xDC, 0xA8, 0xCD, 0x17,
    0x8C, 0x15, 0xCE, 0x24, 0x15, 0x07, 0xEC, 0x26, 0xCA, 0x00, 0x5C, 0xB1, 0x21, 0x6C, 0xC9, 0x8F,
    0x55, 0x74, 0xAF, 0xC2, 0xB4, 0x03, 0x18, 0x79, 0x4E, 0x8A, 0xF8, 0x89, 0x79, 0xEE, 0xC8, 0xB0,
    0xE1, 0x0A, 0xA4, 0x4E, 0x2D, 0x3C, 0xD1, 0xBD, 0xC7, 0xDF, 0xC5, 0xFA, 0x77, 0x25, 0xAC, 0xEB,
    0xDC, 0xDC, 0x2D, 0x5B, 0x78, 0x9F, 0x50, 0x6E, 0x55, 0x19, 0xB5, 0xA2, 0xBC, 0xAE, 0x37, 0x6E,
    0xD8, 0x2E, 0x9E, 0x6C, 0xE6, 0x94, 0x71, 0x41, 0xCA, 0x97, 0x2C, 0x67, 0xCF, 0x44, 0xAB, 0xF7,
    0x8A, 0xDE, 0xE0, 0x8E, 0xC6, 0x25, 0xFC, 0x15, 0xFE, 0x34, 0x48, 0xE2, 0x02, 0x6B, 0x47, 0x93,
    0xA3, 0xC9, 0xA5, 0xF8, 0xC3, 0x26, 0xFE, 0xBC, 0x8D, 0x3F, 0x69, 0x82, 0x9F, 0xD5, 0xE1, 0xCF,
    0xAB, 0xF8, 0xA3, 0x26, 0xBD, 0xD6, 0xC4, 0x1F, 0xCD, 0x8F, 0x3A, 0x97, 0xD4, 0x25, 0x9C, 0x0A,
    0x84, 0x7F, 0xB0, 0xD6, 0x17, 0x9E, 0xC7, 0x55, 0x02, 0xD9, 0x5A, 0x99, 0x85, 0x05, 0x2F, 0x11,
    0x70, 0xC1, 0xDB, 0x9B, 0xE3, 0x3F, 0x5C, 0xB6, 0x1C, 0x4C, 0xB3, 0x28, 0x87, 0xFF, 0xA5, 0x20,
    0x39, 0xB1, 0x98, 0xA4, 0x67, 0x8B, 0xEC, 0xED, 0x32, 0x0D, 0x8A, 0x05, 0x27, 0x81, 0x7B, 0xF9,
    0x21, 0xD0, 0xA3, 0x70, 0x96, 0x2F, 0x83, 0xEB, 0xD5, 0x4C, 0x4D, 0xF8, 0x09, 0xA4, 0x8A, 0x1F,
    0x59, 0xC4, 0x2C, 0xEA, 0x78, 0x23, 0x8F, 0xC3, 0x7C, 0xC1, 0xC1, 0xAC, 0xE9, 0x78, 0x2D, 0x87,
    0xFF, 0xD3, 0x41, 0xF2, 0xB8, 0x37, 0x8D, 0xCF, 0x16, 0xF1, 0xC5, 0xE2, 0x71, 0x7F, 0x0A, 0xA7,
    0xE2, 0x20, 0x8F, 0x2F, 0x96, 0x70, 0xE4, 0x11, 0x37, 0x79, 0xBD, 0xBA, 0x5A, 0x5F, 0xAD, 0xCF,
    0xD1, 0x1F, 0x60, 0x95, 0xC7, 0x79, 0x34, 0x75, 0x80, 0x16, 0xD1, 0x14, 0xEB, 0x41, 0xB2, 0xA4,
    0x40, 0xF6, 0x25, 0xA1, 0xF4, 0x0D, 0xAA, 0x2F, 0xC1, 0x00, 0x10, 0xCF, 0x97, 0xCE, 0x9D, 0x5B,
    0x5A, 0xBE, 0x1A, 0xD5, 0x8B, 0xB3, 0xB1, 0xF9, 0x53, 0x06, 0x1F, 0x57, 0xE1, 0x73, 0x25, 0x8C,
    0x8A, 0xA9, 0xB1, 0x22, 0x02, 0xFE, 0x7F, 0x03, 0x38, 0x64, 0x1A, 0xDC, 0xC8, 0xC3, 0x5F, 0xE4,
    0xA0, 0x93, 0x52, 0x56, 0xE6, 0x7E, 0x01, 0x3E, 0x92, 0xD3, 0x5E, 0x9D, 0x54, 0x67, 0x4E, 0x15,
    0x57, 0xC1, 0xB1, 0x34, 0x29, 0xFC, 0xEA, 0xEF, 0xE5, 0xEE, 0x38, 0x19, 0x97, 0x27, 0xCC, 0x94,
    0xF1, 0x25, 0xF6, 0x2F, 0xBF, 0xAE, 0x1D, 0x4C, 0xB3, 0xF7, 0xBE, 0x9E, 0xD3, 0xF8, 0xE1, 0x16,
    0xE5, 0x44, 0x1A, 0xB6, 0x25, 0xB1, 0x90, 0x93, 0x73, 0x19, 0x94, 0x5C, 0xC6, 0x15, 0x97, 0x59,
    0xE1, 0x6A, 0x0E, 0x2A, 0x71, 0x99, 0x25, 0x5C, 0xC6, 0x30, 0x90, 0xA2, 0xDF, 0x1A, 0x94, 0x2E,
    0xA9, 0xE2, 0xB0, 0x72, 0x80, 0x37, 0xE0, 0x20, 0x96, 0x19, 0x3C, 0x2C, 0x77, 0xC0, 0x60, 0xCA,
    0x27, 0x38, 0xB1, 0x06, 0xA5, 0x33, 0xE3, 0x92, 0xE4, 0x26, 0x21, 0x6D, 0xE8, 0x69, 0xF6, 0x57,
    0xD7, 0xCC, 0x08, 0xD3, 0x8A, 0x93, 0xDF, 0x88, 0x93, 0x5F, 0xB2, 0x93, 0xDF, 0xB1, 0x93, 0x2F,
    0xAE, 0xAA, 0xC1, 0xDB, 0x22, 0xDC, 0x57, 0x4E, 0xA8, 0x31, 0xEE, 0x16, 0x79, 0x8B, 0xFD, 0x10,
    0x7D, 0xD5, 0x57, 0x58, 0x8E, 0x0D, 0x05, 0x2C, 0x09, 0x2C, 0x0D, 0x2C, 0x11, 0x2C, 0x15, 0x2C,
    0x19, 0x98, 0x0E, 0x96, 0x10, 0x96, 0x12, 0x96, 0x14, 0x96, 0x16, 0xCA, 0x10, 0x43, 0x19, 0x6A,
    0x28, 0x21, 0xC7, 0x54, 0x09, 0x3D, 0x0A, 0x43, 0x90, 0xCD, 0xC4, 0x38, 0xF0, 0x95, 0x71, 0xE0,
    0x65, 0x05, 0xC5, 0x27, 0xA0, 0x08, 0x98, 0x28, 0xA8, 0x64, 0x56, 0xD7, 0xD7, 0x0D, 0xF2, 0x7E,
    0xCE, 0xE1, 0x55, 0xFF, 0xE3, 0x44, 0x39, 0x41, 0xA1, 0xDC, 0xB3, 0x85, 0x0A, 0x6E, 0x4C, 0x57,
    0x82, 0xD2, 0xAB, 0xBC, 0x7C, 0x4F, 0x67, 0xBF, 0xC4, 0xF8, 0x8C, 0x28, 0x92, 0xF3, 0x9F, 0x48,
    0x49, 0xF0, 0xAE, 0xD5, 0x22, 0x7E, 0x0F, 0xAF, 0xA9, 0x15, 0x15, 0xE6, 0x5E, 0x05, 0x23, 0xEF,
    0xBD, 0x9F, 0x1B, 0x73, 0x67, 0x6C, 0xE0, 0x86, 0x1D, 0x87, 0x47, 0xE8, 0x09, 0x2D, 0x5B, 0xCF,
    0x38, 0x5D, 0xE7, 0x0C, 0x02, 0x6A, 0xCE, 0x0A, 0x37, 0x93, 0xE9, 0xA9, 0xCB, 0xE1, 0x92, 0xCA,
    0x07, 0x9B, 0x13, 0x5C, 0x42, 0x70, 0x0A, 0x83, 0x26, 0xAC, 0xFC, 0x26, 0x6C, 0xD7, 0xC0, 0x64,
    0xD2, 0x0D, 0xDA, 0x96, 0x94, 0x6D, 0x9F, 0x69, 0x72, 0x02, 0x91, 0x6E, 0x4E, 0x46, 0x06, 0x4B,
    0x82, 0x86, 0x0F, 0x9A, 0x47, 0xD8, 0xE4, 0xD1, 0x44, 0x60, 0x30, 0x66, 0x36, 0x3B, 0x0E, 0x14,
    0x34, 0x95, 0xB4, 0x07, 0x32, 0x0D, 0xC5, 0x9A, 0xA7, 0x09, 0xC4, 0x11, 0x4C, 0x3D, 0x64, 0x26,
    0xEC, 0x90, 0x31, 0x61, 0x34, 0x99, 0x3E, 0x34, 0x33, 0xDE, 0x65, 0xEC, 0xB8, 0x22, 0x9A, 0x35,
    0x21, 0x5B, 0xA1, 0xBD, 0x1E, 0xB6, 0x2F, 0x77, 0x6F, 0xB1, 0x3C, 0xB1, 0xA3, 0xC6, 0x6E, 0x1A,
    0x99, 0x48, 0xAD, 0x09, 0x5E, 0x52, 0x7F, 0x23, 0xE4, 0x26, 0x8F, 0x2F, 0x96, 0x2C, 0xBE, 0xD2,
    0x02, 0x7B, 0x34, 0xB1, 0xBE, 0xD2, 0xEB, 0xA0, 0xA5, 0xCE, 0x47, 0x70, 0x7A, 0x89, 0xF1, 0xF1,
    0x6B, 0xCC, 0xFC, 0xD8, 0x0E, 0xEB, 0x5E, 0x50, 0x91, 0x7D, 0x35, 0x84, 0x80, 0x61, 0x60, 0x28,
    0x0C, 0x5D, 0x7D, 0x1A, 0xCA, 0x27, 0xD5, 0x2E, 0x13, 0x14, 0xFB, 0x80, 0x7E, 0x38, 0x28, 0x7B,
    0xE5, 0xF6, 0xCF, 0x4E, 0xB0, 0xEE, 0x05, 0xFD, 0xD8, 0x28, 0xE0, 0x16, 0x77, 0xDB, 0xEF, 0xB6,
    0xED, 0x07, 0xFA, 0xB9, 0xA2, 0x6C, 0x02, 0x91, 0x6C, 0xE3, 0x82, 0x87, 0xDA, 0xF8, 0x7F, 0x03,
    0x57, 0x4B, 0x24, 0xCA, 0xF9, 0x2D, 0xCB, 0x14, 0x6A, 0x37, 0x94, 0x2A, 0x1B, 0x4D, 0xD1, 0xA2,
    0xF5, 0x3B, 0xC2, 0x8D, 0x22, 0xF4, 0x40, 0x73, 0x9F, 0xBD, 0xDF, 0x29, 0x96, 0x88, 0x21, 0xF8,
    0xB8, 0x2B, 0x13, 0xD2, 0xBB, 0xBF, 0xA0, 0x3E, 0x50, 0x68, 0x93, 0x41, 0x3F, 0xA0, 0x87, 0x8C,
    0x98, 0x82, 0x05, 0x44, 0xFD, 0x11, 0xA3, 0xC2, 0xA1, 0x3E, 0xB9, 0xA9, 0xA8, 0x5F, 0x6E, 0xB1,
    0xF7, 0x79, 0xB4, 0x5F, 0x93, 0xA3, 0xB8, 0x8F, 0xFA, 0xA0, 0x93, 0xCC, 0xA1, 0x08, 0xEE, 0x36,
    0x8B, 0xD6, 0xB8, 0x4D, 0x42, 0x81, 0x1E, 0x4D, 0x23, 0x85, 0xCA, 0xC1, 0xB5, 0x95, 0xA8, 0x47,
    0xD1, 0x51, 0xA9, 0x79, 0x6D, 0xE5, 0x07, 0xA0, 0x6D, 0x75, 0x0C, 0x1F, 0x50, 0xB8, 0x4B, 0x83,
    0xB5, 0x60, 0x7B, 0xC5, 0x4B, 0x0E, 0x8D, 0xAE, 0x13, 0x42, 0xC8, 0xE3, 0x05, 0x84, 0x75, 0xBF,
    0xEA, 0x17, 0xA1, 0x51, 0x04, 0x8F, 0x22, 0x88, 0xD4, 0x08, 0xA6, 0xFD, 0xC3, 0x51, 0xA7, 0x66,
    0xB4, 0xD2, 0x6B, 0xC2, 0x4F, 0x9B, 0x46, 0xE8, 0x70, 0x56, 0x19, 0xD8, 0xAC, 0x71, 0x95, 0x82,
    0xC1, 0x9E, 0x96, 0xF0, 0x01, 0x78, 0xE0, 0x29, 0x15, 0xC6, 0x1D, 0x7C, 0x84, 0xED, 0xC5, 0xB4,
    0x84, 0xC6, 0x0A, 0x4C, 0x8F, 0x5B, 0xDF, 0x20, 0xFB, 0x39, 0xD9, 0x20, 0xAF, 0xAF, 0xA1, 0x19,
    0xB3, 0x0C, 0xC3, 0x12, 0x97, 0x4C, 0x52, 0x4D, 0x22, 0x83, 0x97, 0x8B, 0x7C, 0xE6, 0x23, 0x30,
    0xB4, 0xA0, 0x30, 0xDA, 0xD4, 0x98, 0x90, 0x9D, 0x96, 0x2A, 0x85, 0xA6, 0x14, 0xB6, 0xA5, 0xD2,
    0x6F, 0xD6, 0x36, 0x57, 0xD0, 0xAE, 0xA6, 0x65, 0x93, 0xD8, 0x23, 0xBA, 0x71, 0x39, 0x43, 0x19,
    0x2F, 0x41, 0x4B, 0x28, 0x45, 0x0A, 0xE1, 0x18, 0x0C, 0x90, 0x03, 0xC5, 0x36, 0x10, 0x71, 0x62,
    0xAE, 0x8C, 0xD3, 0x99, 0x31, 0x9A, 0x32, 0xC8, 0x61, 0x4E, 0x58, 0xA8, 0x31, 0x22, 0x8E, 0x74,
    0x5C, 0x06, 0x65, 0x79, 0x06, 0xD4, 0xE6, 0x95, 0xE0, 0xDE, 0xA8, 0x1B, 0xCE, 0xF4, 0x65, 0xB5,
    0xC2, 0xEB, 0xA2, 0x79, 0x48, 0x5E, 0x26, 0xA5, 0x7D, 0x86, 0x14, 0xF8, 0x56, 0x58, 0xF6, 0xD5,
    0x70, 0x87, 0xAB, 0xAB, 0x38, 0x54, 0xC0, 0x0B, 0x5B, 0xA9, 0x2F, 0x04, 0x06, 0xE8, 0xCC, 0xBF,
    0x14, 0x3C, 0x17, 0x94, 0x0C, 0x16, 0x58, 0x94, 0x74, 0x37, 0x86, 0x96, 0x83, 0x9A, 0x0E, 0x86,
    0x50, 0xC0, 0x43, 0xA0, 0x7F, 0xC9, 0xDE, 0x2A, 0x29, 0xFB, 0x9A, 0x32, 0xE2, 0x38, 0xD6, 0xBA,
    0xC8, 0x21, 0x56, 0x30, 0xE4, 0xE8, 0x11, 0x70, 0x90, 0x56, 0x43, 0x82, 0x75, 0x36, 0x03, 0x20,
    0x19, 0x8D, 0x96, 0x4D, 0xE1, 0x9A, 0x17, 0xD8, 0x4D, 0xC9, 0xA1, 0x27, 0x91, 0x5B, 0x7D, 0x77,
    0x77, 0x85, 0x2D, 0x8B, 0x0F, 0x64, 0x41, 0xBA, 0x14, 0xFE, 0x4E, 0x69, 0x99, 0x72, 0x70, 0x7C,
    0xA5, 0x37, 0x9C, 0x8A, 0x34, 0x04, 0xC1, 0xE0, 0xF1, 0x63, 0x66, 0x6E, 0xA8, 0xE0, 0x88, 0x69,
    0xAC, 0xDF, 0xE5, 0x2C, 0x3F, 0x09, 0x1E, 0xA7, 0x7D, 0xF0, 0x98, 0xBE, 0xE3, 0x3C, 0x21, 0x4F,
    0x06, 0x17, 0x9C, 0x8D, 0x4F, 0x22, 0x33, 0x03, 0x06, 0xCE, 0x19, 0x3B, 0x9D, 0x70, 0x37, 0x75,
    0x1C, 0xC1, 0x31, 0xEB, 0x65, 0x99, 0xF2, 0xAB, 0xEB, 0x2B, 0xB7, 0x0D, 0x75, 0x1B, 0x3F, 0xDE,
    0x9B, 0x8F, 0xCB, 0x49, 0xBD, 0xF3, 0xF5, 0xE6, 0xF8, 0xD6, 0xEB, 0x39, 0xB5, 0x15, 0x73, 0x0F,
    0x39, 0xBC, 0x97, 0xE5, 0x04, 0x6F, 0x89, 0x7D, 0x08, 0xFF, 0x51, 0xC5, 0x95, 0x55, 0x0D, 0xB2,
    0x5F, 0xA0, 0x01, 0xDC, 0xC9, 0x74, 0x90, 0x6C, 0x35, 0x2E, 0xEC, 0x98, 0xB4, 0x7D, 0x7E, 0x84,
    0x43, 0x5F, 0x71, 0xB5, 0x47, 0x7D, 0x17, 0x62, 0xCC, 0xFD, 0xB6, 0xCC, 0x7E, 0x87, 0xD9, 0xA5,
    0xE3, 0xB3, 0xE9, 0xF8, 0xEC, 0xF2, 0x1D, 0x06, 0xD5, 0x8F, 0x93, 0x4B, 0xC3, 0x61, 0xED, 0x4C,
    0x42, 0xDB, 0xE4, 0x19, 0xE0, 0xBC, 0x61, 0x87, 0xB6, 0x76, 0x43, 0xE6, 0xF6, 0xA7, 0xF0, 0x49,
    0x6C, 0x0C, 0x76, 0x55, 0x3D, 0xBA, 0x82, 0x6E, 0x60, 0x89, 0xE1, 0xA8, 0xD2, 0xC3, 0x75, 0x27,
    0xB4, 0x73, 0x37, 0x41, 0xA9, 0x22, 0x9F, 0x57, 0x1E, 0x68, 0x89, 0x6A, 0x32, 0xB3, 0xA4, 0x70,
    0xA6, 0x11, 0x2E, 0xA4, 0xC6, 0x1D, 0x2E, 0xA4, 0x8E, 0x4B, 0xA2, 0x73, 0x84, 0xF4, 0x06, 0x16,
    0x0B, 0x6B, 0xB3, 0x0B, 0x6A, 0x18, 0x71, 0x61, 0xD7, 0xE0, 0x14, 0x8D, 0x5E, 0xA7, 0x00, 0x30,
    0x69, 0x63, 0x9E, 0xD1, 0x04, 0x81, 0xD3, 0xD2, 0xAF, 0x8F, 0xAE, 0x58, 0x39, 0xE4, 0x62, 0xF1,
    0x92, 0x92, 0x0E, 0x24, 0x2D, 0xCA, 0x59, 0xCF, 0xE7, 0xD5, 0xB0, 0x88, 0x7E, 0x4F, 0xC0, 0xAC,
    0xF1, 0x6C, 0x08, 0x2A, 0x09, 0x28, 0x9E, 0x36, 0x9D, 0x35, 0x2C, 0x1C, 0x2E, 0x48, 0xD7, 0xD4,
    0x66, 0x1A, 0xC5, 0x14, 0x35, 0x4D, 0x90, 0x60, 0xB0, 0x0E, 0xE0, 0x8C, 0x29, 0x72, 0xBE, 0xAE,
    0x41, 0x38, 0x98, 0xC9, 0xA7, 0x3E, 0xC7, 0x33, 0x71, 0xB1, 0x35, 0x46, 0xC3, 0x53, 0x5D, 0x8E,
    0xC3, 0xE1, 0x04, 0xE9, 0x30, 0x14, 0x24, 0xF3, 0xF8, 0x76, 0xBE, 0xE8, 0xBC, 0xF1, 0x74, 0x7F,
    0xCF, 0xE5, 0x9A, 0xB0, 0x9A, 0xD1, 0xF8, 0xBF, 0xDA, 0xCA, 0x2A, 0x8F, 0x89, 0x78, 0xCB, 0x75,
    0x18, 0xA8, 0x47, 0x97, 0xCA, 0xEB, 0x78, 0xBC, 0x20, 0x96, 0x20, 0x27, 0x8C, 0xE3, 0xE4, 0xAE,
    0xE6, 0x48, 0x39, 0xF8, 0xA4, 0x14, 0x2B, 0x87, 0x92, 0xA2, 0xE5, 0x50, 0x52, 0xBC, 0x1C, 0x98,
    0x87, 0x22, 0xE6, 0x18, 0xFD, 0x29, 0x98, 0x57, 0x29, 0x6A, 0x0E, 0xB7, 0x52, 0xDC, 0x1C, 0xBA,
    0x80, 0x22, 0xE7, 0xDB, 0xD2, 0x72, 0x57, 0xC7, 0x1E, 0xB6, 0x09, 0x54, 0x0D, 0x95, 0x8C, 0x67,
    0xF4, 0x12, 0x47, 0xAC, 0x6C, 0xD0, 0xCA, 0xC6, 0xAD, 0x86, 0xA1, 0xAB, 0x41, 0xAC, 0xDF, 0x84,
    0xFB, 0x57, 0x4C, 0xC4, 0x3F, 0x9B, 0x4A, 0xD0, 0x1F, 0x4E, 0x73, 0xDC, 0x1F, 0x2A, 0x1C, 0xFA,
    0x47, 0x36, 0x29, 0x58, 0x08, 0x78, 0x02, 0x60, 0x62, 0xE6, 0x00, 0x36, 0xF4, 0xE6, 0x4C, 0x50,
    0xD2, 0x73, 0xC6, 0x09, 0x9E, 0xC1, 0x48, 0xDD, 0xD0, 0xCD, 0x09, 0x1E, 0xBE, 0xB3, 0x2D, 0x2A,
    0xE5, 0x5F, 0x87, 0xF1, 0x03, 0x41, 0xC9, 0xCF, 0x87, 0xE8, 0x08, 0x32, 0x82, 0x8A, 0x20, 0x32,
    0x46, 0xC3, 0x78, 0x7A, 0x20, 0x65, 0x38, 0xE4, 0x81, 0x3B, 0x1F, 0xF1, 0x0A, 0x72, 0x1C, 0xF4,
    0xE2, 0x8A, 0x46, 0x3D, 0x0C, 0x40, 0x60, 0xE4, 0x8F, 0x0D, 0xD0, 0xB0, 0xA6, 0x81, 0x0F, 0xE5,
    0x22, 0xA0, 0x02, 0x87, 0xBE, 0xA8, 0xC6, 0xB1, 0x6F, 0xDD, 0x04, 0x0A, 0x78, 0x2E, 0x52, 0x26,
    0x23, 0x11, 0x5D, 0x51, 0xAB, 0x9C, 0xAC, 0xC2, 0x66, 0xA7, 0x58, 0x9D, 0x62, 0x74, 0xC6, 0x66,
    0xD2, 0xAE, 0x1C, 0x58, 0x9C, 0x47, 0x07, 0x3D, 0xB9, 0x68, 0xC0, 0x8E, 0x8D, 0xDA, 0x33, 0xFC,
    0x49, 0xCB, 0x0D, 0x47, 0x1C, 0x6A, 0x59, 0xD4, 0xF2, 0x68, 0x6F, 0x96, 0xFC, 0xAA, 0x1F, 0xDD,
    0xD5, 0x60, 0x79, 0x11, 0xA2, 0x7B, 0x44, 0xC9, 0x30, 0xEF, 0xCF, 0x65, 0x94, 0x45, 0xD1, 0x22,
    0xA4, 0x03, 0x33, 0xDE, 0xE3, 0xC8, 0x43, 0x88, 0xE3, 0x4C, 0x01, 0xA1, 0x1E, 0xCB, 0xC0, 0x4F,
    0xB2, 0x66, 0xE2, 0x24, 0xD3, 0xC0, 0xA4, 0x3E, 0x10, 0x09, 0x48, 0xE2, 0x90, 0x08, 0xE5, 0x29,
    0x6D, 0xC9, 0x60, 0xED, 0x6F, 0x6B, 0x80, 0x5B, 0x0B, 0xDC, 0x9A, 0xE0, 0xD6, 0x06, 0xB7, 0x46,
    0xF8, 0x88, 0x28, 0xC4, 0x04, 0xE0, 0x95, 0xF0, 0xFB, 0x0A, 0x88, 0x09, 0xE0, 0x3A, 0x9F, 0x42,
    0xEE, 0xC4, 0x04, 0xE0, 0x91, 0x10, 0x13, 0xB4, 0xC4, 0x04, 0xE0, 0x8F, 0x20, 0x13, 0x80, 0x3B,
    0x82, 0x4C, 0x30, 0xF0, 0xF1, 0x0F, 0x02, 0x13, 0x18, 0xE7, 0xCB, 0x7A, 0x5F, 0x74, 0x01, 0xB1,
    0x05, 0xFA, 0x5F, 0xC4, 0x16, 0xE8, 0x80, 0x31, 0x5B, 0xB4, 0xC2, 0x16, 0xE8, 0x82, 0x9D, 0x37,
    0x71, 0x0D, 0x62, 0x0B, 0xC4, 0xF5, 0x61, 0x60, 0x0B, 0xA3, 0x1B, 0x16, 0x88, 0x2D, 0x5E, 0x0F,
    0x88, 0x2D, 0xCE, 0x47, 0xC4, 0x16, 0xD1, 0x12, 0xB1, 0x05, 0xC0, 0x8B, 0x6C, 0xE1, 0xD7, 0xC4,
    0x16, 0x93, 0xEA, 0x40, 0xEA, 0x86, 0x05, 0x29, 0x31, 0x2C, 0x43, 0xDC, 0x80, 0x91, 0x19, 0xE2,
    0x06, 0x0C, 0xCE, 0x10, 0x37, 0x20, 0xC7, 0x5C, 0x35, 0x21, 0x9A, 0xF3, 0x26, 0x4A, 0xF3, 0x50,
    0x29, 0x09, 0xE1, 0x06, 0xE8, 0x7C, 0xE4, 0x06, 0xF0, 0x89, 0x90, 0x1B, 0xA0, 0x90, 0x90, 0x10,
    0x72, 0x03, 0x14, 0xA4, 0x24, 0xCA, 0x03, 0x3C, 0x52, 0xD8, 0x71, 0x1C, 0xBD, 0x3E, 0xE2, 0x06,
    0x4F, 0x16, 0x00, 0x51, 0x25, 0x35, 0x95, 0xAB, 0xE6, 0x9A, 0x87, 0x70, 0xC8, 0xE0, 0x8C, 0x91,
    0x51, 0x3E, 0xA2, 0xB1, 0xBB, 0xFB, 0xE9, 0xC8, 0x3E, 0x6F, 0xFA, 0x83, 0xF7, 0xD4, 0x28, 0x0F,
    0x5D, 0xE2, 0xDE, 0xB8, 0xED, 0x90, 0x45, 0xFB, 0xAA, 0xD1, 0xCD, 0x26, 0x0C, 0x1A, 0xD6, 0x5B,
    0xD5, 0xB6, 0xAD, 0x18, 0xC3, 0x50, 0x79, 0x26, 0x59, 0x7B, 0xD2, 0x0A, 0xA8, 0x93, 0x4E, 0x5C,
    0xBD, 0x49, 0x27, 0xBE, 0x9E, 0xDF, 0xB2, 0xB3, 0xB7, 0x8E, 0xAB, 0xAF, 0x09, 0x6D, 0xDD, 0x88,
    0xBB, 0xA7, 0x6B, 0xF1, 0xF7, 0xC4, 0x95, 0x45, 0x57, 0xCE, 0x78, 0x7C, 0xD6, 0xE5, 0xB3, 0x3E,
    0x9F, 0x75, 0xFA, 0xAC, 0xD7, 0xD7, 0xBB, 0x7D, 0xBD, 0xDF, 0xF7, 0x9D, 0x8E, 0xDF, 0xD0, 0xF9,
    0xB3, 0x5E, 0x5C, 0x5F, 0xD9, 0xCD, 0xFF, 0x1B, 0x9E, 0xDA, 0x7E, 0x97, 0x3B, 0x0A, 0x81, 0x72,
    0x92, 0xCD, 0x98, 0x54, 0x66, 0x11, 0x22, 0xD3, 0x36, 0x19, 0xCF, 0x7D, 0xC8, 0xB5, 0x7F, 0x19,
    0x18, 0xA9, 0xF6, 0x8A, 0xB0, 0xB5, 0x47, 0x7F, 0xFC, 0x9D, 0x49, 0xE0, 0xFD, 0x05, 0xAE, 0xDE,
    0xA9, 0x3A, 0xB1, 0x11, 0x71, 0x36, 0x3D, 0xB8, 0xAF, 0xC8, 0xFC, 0xE0, 0xDE, 0xC2, 0xA4, 0x51,
    0xD3, 0x5F, 0xFA, 0xCB, 0xC4, 0xF4, 0x98, 0xA6, 0x44, 0x17, 0x9E, 0xBC, 0xE5, 0x2A, 0xF6, 0xDA,
    0x59, 0xAE, 0x42, 0xBF, 0xCD, 0x5D, 0x5D, 0xD8, 0x9E, 0x1B, 0xF4, 0xDD, 0xA0, 0xF7, 0x06, 0xFD,
    0x37, 0xE8, 0xC1, 0x61, 0x1F, 0x0E, 0x7B, 0xF1, 0xFB, 0xF5, 0xE3, 0xB6, 0xFE, 0x1C, 0x74, 0xC9,
    0xA8, 0x7A, 0x9B, 0x5E, 0xDD, 0x76, 0xC1, 0xCE, 0x4F, 0x18, 0xF5, 0xF0, 0x6A, 0x4F, 0x56, 0x36,
    0xE3, 0x65, 0xD6, 0x9C, 0xF6, 0xAE, 0xCC, 0x9D, 0x17, 0x7D, 0x22, 0xE7, 0x6C, 0x9B, 0x36, 0x66,
    0x01, 0xE6, 0x99, 0x7E, 0xA0, 0xE1, 0x82, 0xF1, 0x35, 0xF9, 0x3F, 0xA4, 0x80, 0x0F, 0xEF, 0x81,
    0x6D, 0x32, 0xDC, 0xA3, 0xB7, 0x1F, 0xD5, 0xE0, 0xEE, 0xAF, 0xD3, 0x0A, 0x5B, 0x7E, 0xD5, 0x16,
    0x26, 0x75, 0xD4, 0xE4, 0xF7, 0x27, 0xA1, 0xDE, 0x11, 0xC7, 0x65, 0x65, 0x3D, 0x7B, 0xD9, 0xA7,
    0xDB, 0xAE, 0x49, 0xB7, 0x5D, 0xB3, 0x7C, 0xA8, 0x74, 0x7E, 0x80, 0xD2, 0x39, 0x94, 0xFF, 0xBB,
    0x2C, 0xFF, 0x4C, 0x50, 0x7F, 0x97, 0xAC, 0x45, 0xA6, 0x1B, 0x93, 0x2C, 0xDC, 0x9E, 0xB5, 0xB8,
    0xC8, 0xAD, 0x24, 0x7D, 0x12, 0x0F, 0x80, 0x73, 0x9C, 0xD8, 0x39, 0xA6, 0x60, 0x1D, 0xB8, 0xF2,
    0x68, 0x0D, 0xE1, 0xAB, 0x7D, 0xF0, 0x94, 0xD9, 0x63, 0xD0, 0x2A, 0x2D, 0xD7, 0xF0, 0xCD, 0x1F,
    0x05, 0x09, 0x5C, 0x2E, 0x6F, 0x8D, 0xFB, 0x14, 0x03, 0xAB, 0x3A, 0xC9, 0x46, 0x71, 0xBC, 0x83,
    0x14, 0xF0, 0xBD, 0xEF, 0x51, 0xD9, 0x3B, 0x8D, 0x96, 0x9E, 0x9E, 0x14, 0xD9, 0xC5, 0x5A, 0x5F,
    0xAC, 0xB3, 0xB3, 0xD5, 0x93, 0xE0, 0x57, 0xDE, 0xBD, 0xF0, 0x28, 0xBD, 0xD3, 0x82, 0x5E, 0x6F,
    0x11, 0xE3, 0x9B, 0x2E, 0x22, 0x7C, 0xE9, 0xC5, 0x62, 0x72, 0x79, 0x9B, 0x44, 0x5B, 0x79, 0xB6,
    0xD2, 0x6C, 0x65, 0x39, 0x48, 0xB6, 0xCA, 0xF1, 0x29, 0x23, 0xC5, 0x56, 0x86, 0x81, 0x31, 0x17,
    0x4D, 0xCE, 0x85, 0xBC, 0xAA, 0x6F, 0x51, 0x5E, 0xD6, 0xE7, 0x6A, 0x79, 0x5D, 0x9F, 0xAB, 0xE5,
    0x75, 0x83, 0xCA, 0xBE, 0x71, 0xD0, 0xA6, 0xC2, 0xCA, 0x7B, 0x34, 0x89, 0x6A, 0xFC, 0xE2, 0x3E,
    0xA8, 0xF0, 0x34, 0x61, 0x5C, 0xCA, 0xCB, 0xFB, 0x90, 0x7F, 0xE9, 0xF5, 0x7D, 0x98, 0x76, 0x82,
    0x2F, 0xF0, 0xFB, 0x1D, 0x5A, 0xA6, 0x6C, 0xA1, 0xE7, 0x28, 0x3D, 0x28, 0xD0, 0x09, 0xD8, 0xB4,
    0xC7, 0x03, 0x64, 0x98, 0xB8, 0x72, 0x3A, 0xE0, 0x9F, 0x82, 0x38, 0x9E, 0x87, 0x03, 0x93, 0xAE,
    0x92, 0xE6, 0xFC, 0xD6, 0x01, 0xF3, 0x7A, 0xBF, 0x41, 0xE8, 0xC6, 0xC4, 0x1A, 0xCD, 0x6B, 0xFD,
    0xEC, 0x8B, 0xFD, 0x94, 0x79, 0xB5, 0x9F, 0xB2, 0x2F, 0xF7, 0xB3, 0xAF, 0xF7, 0xB3, 0x2F, 0xF8,
    0xDB, 0xF2, 0x8A, 0xBF, 0x1D, 0x34, 0xE7, 0x83, 0x44, 0x67, 0x25, 0x74, 0x26, 0xAC, 0x8B, 0x41,
    0x1C, 0xAC, 0xD8, 0xBA, 0xCC, 0xA8, 0x3F, 0xB2, 0xC7, 0x74, 0xFE, 0x07, 0x33, 0x38, 0x27, 0xA3,
    0x00, 0xEB, 0x44, 0x9A, 0x35, 0xB9, 0x10, 0x4E, 0x67, 0x96, 0x64, 0x95, 0xA3, 0xA5, 0x5A, 0xEE,
    0x6C, 0x6B, 0xBF, 0x4D, 0xFB, 0x18, 0x9F, 0xC7, 0xEF, 0xB0, 0xA4, 0x57, 0x07, 0x41, 0xE9, 0xD1,
    0xB4, 0x65, 0xCD, 0x4B, 0x1A, 0x68, 0xFE, 0x3B, 0x43, 0x67, 0xCB, 0xD5, 0xE0, 0x56, 0x82, 0x32,
    0xF7, 0x80, 0x56, 0x73, 0x28, 0x03, 0x5D, 0x78, 0x0D, 0x94, 0x21, 0xAE, 0x6D, 0xC1, 0xC5, 0x12,
    0xBA, 0x7B, 0x4E, 0x7F, 0x99, 0xCD, 0x25, 0x93, 0xA9, 0x4E, 0x3F, 0x65, 0xB7, 0x33, 0x2D, 0xE8,
    0x8D, 0x43, 0xD3, 0x34, 0x0F, 0xF5, 0x05, 0x7D, 0x0B, 0x79, 0xF4, 0x9D, 0x21, 0x0D, 0x0D, 0x09,
    0x4D, 0x19, 0x97, 0x3B, 0xE7, 0x4B, 0x4A, 0x6C, 0xDE, 0x5A, 0x1C, 0x86, 0xCF, 0x8C, 0xBD, 0x61,
    0x18, 0xD0, 0x9B, 0xED, 0x38, 0xD0, 0x1E, 0x1A, 0x45, 0xFF, 0x5F, 0xA3, 0xE8, 0x90, 0x62, 0x77,
    0xC7, 0x77, 0x3D, 0x67, 0xD6, 0x71, 0x6A, 0x49, 0x28, 0x76, 0xB4, 0xE1, 0x65, 0x73, 0x44, 0xFD,
    0x92, 0x14, 0xC4, 0x01, 0x1E, 0x6A, 0xDC, 0x4A, 0x54, 0x20, 0xE8, 0x04, 0x96, 0x58, 0x8C, 0xBE,
    0xCC, 0xE5, 0x08, 0xAB, 0x40, 0xE7, 0xD2, 0x1D, 0xAA, 0xC0, 0x83, 0x3B, 0x32, 0xEC, 0x29, 0x59,
    0x06, 0xDB, 0xF6, 0x05, 0xB0, 0x16, 0xA2, 0x38, 0xDF, 0xEE, 0xC3, 0xEC, 0xB2, 0x1D, 0xD2, 0xF9,
    0x76, 0x96, 0xCE, 0x3E, 0x1D, 0x31, 0x97, 0x84, 0x3A, 0x5A, 0x10, 0xC7, 0x89, 0x77, 0xFE, 0xCE,
    0x5A, 0xE6, 0xC9, 0x3B, 0x1D, 0x31, 0x0F, 0x90, 0x96, 0x8E, 0x8C, 0x96, 0x4E, 0x73, 0xD1, 0xD2,
    0xC0, 0x8D, 0xAC, 0xA5, 0x91, 0x68, 0xA4, 0xA5, 0x4F, 0x3E, 0xF0, 0x78, 0xFD, 0xD0, 0xD1, 0x47,
    0x86, 0x7D, 0x63, 0x2B, 0xCA, 0xAB, 0x7A, 0xED, 0xAB, 0x7B, 0xA1, 0x72, 0xB1, 0x36, 0x6E, 0x5D,
    0xB9, 0x0F, 0x95, 0xC6, 0x3E, 0x74, 0x8F, 0x0E, 0x2E, 0x31, 0xF7, 0xA1, 0x0F, 0x74, 0x9B, 0x91,
    0x8E, 0xE8, 0x4C, 0x79, 0x4C, 0x48, 0x67, 0x1C, 0xE9, 0x0E, 0xE9, 0x7C, 0xA7, 0x74, 0x76, 0xA7,
    0xBF, 0x64, 0x1D, 0xF8, 0x57, 0x16, 0x96, 0xF0, 0x6F, 0xB2, 0x4C, 0xE6, 0xAF, 0xB2, 0xFE, 0xAD,
    0xB8, 0xBA, 0x4B, 0x26, 0xE7, 0x43, 0xE6, 0x53, 0x3A, 0x97, 0x9E, 0xB4, 0xD3, 0x0E, 0xE6, 0xA7,
    0x7D, 0xFC, 0xC6, 0x38, 0x49, 0xFE, 0xDC, 0x04, 0x39, 0xDC, 0x72, 0xF9, 0xB6, 0x2A, 0xFA, 0x55,
    0xB5, 0x75, 0x40, 0xEA, 0x47, 0xA4, 0x7E, 0x24, 0x1A, 0xD4, 0xFA, 0x18, 0xB5, 0x1D, 0x95, 0x30,
    0x05, 0xB1, 0x8F, 0x13, 0xDB, 0x81, 0x49, 0xD9, 0x91, 0xC9, 0x06, 0x89, 0x5B, 0x65, 0xC7, 0x26,
    0x65, 0x07, 0x27, 0x65, 0x47, 0x27, 0x65, 0x87, 0xA7, 0x7E, 0x7C, 0x1A, 0x84, 0x87, 0xFB, 0xE8,
    0x70, 0x1F, 0x1C, 0xEE, 0x63, 0xC3, 0x83, 0xD0, 0xF0, 0x20, 0x32, 0xBC, 0x25, 0xD6, 0x7E, 0x48,
    0xB5, 0x3B, 0xA0, 0xDA, 0xF7, 0x18, 0xE0, 0xFB, 0xF1, 0xBC, 0x1F, 0xE2, 0xFB, 0x63, 0xE3, 0x41,
    0x1E, 0xBE, 0x9A, 0x8A, 0x89, 0xAC, 0x3A, 0x36, 0xC4, 0x6A, 0xA9, 0x73, 0x4C, 0x40, 0x89, 0x2E,
    0x18, 0xB9, 0xB9, 0x6E, 0x2A, 0xD7, 0xA4, 0x12, 0xB8, 0xC5, 0xA1, 0x25, 0xF0, 0x7D, 0x06, 0xAF,
    0xA3, 0x5B, 0xDC, 0x31, 0x53, 0x46, 0xD2, 0x2B, 0xCF, 0x1E, 0x93, 0x40, 0x1E, 0x73, 0xA9, 0xFF,
    0x8D, 0xA4, 0x19, 0x7E, 0x23, 0xBF, 0x0F, 0x52, 0x5E, 0x39, 0x54, 0xBA, 0xCC, 0x65, 0x96, 0x8D,
    0xFB, 0xDF, 0x5D, 0xB3, 0x4C, 0x4E, 0xEF, 0x96, 0xE5, 0xCD, 0xFE, 0x16, 0x9B, 0x3B, 0xEF, 0x7F,
    0x8B, 0x4D, 0xDB, 0x9A, 0xFD, 0xED, 0xA8, 0xFA, 0xA9, 0x43, 0x35, 0x73, 0x48, 0xDD, 0x03, 0xA6,
    0xC4, 0xAD, 0xAA, 0xED, 0xB5, 0xAD, 0xA8, 0x2A, 0x9A, 0x3D, 0x7C, 0x31, 0x51, 0xE6, 0xB7, 0xA4,
    0x7C, 0x4A, 0x56, 0x62, 0xB5, 0xEB, 0x91, 0xAE, 0x62, 0xCD, 0x3B, 0x31, 0xD3, 0xB9, 0x29, 0xFF,
    0x50, 0xD5, 0x17, 0x8A, 0xF5, 0xAF, 0xFB, 0xFC, 0xCB, 0x84, 0x1A, 0xFF, 0xC8, 0x14, 0xBD, 0x2E,
    0xC3, 0xAC, 0x6A, 0x8B, 0x28, 0xD3, 0x9A, 0x7E, 0x6E, 0x8A, 0x5E, 0xCD, 0xC1, 0xBA, 0x18, 0x5F,
    0x10, 0x22, 0x3F, 0x3C, 0xB5, 0x9E, 0xE1, 0x12, 0x1C, 0xA3, 0x91, 0x75, 0xCD, 0x1D, 0x17, 0x0B,
    0xB1, 0xC4, 0xD8, 0xE5, 0xF7, 0x9E, 0xB1, 0xBD, 0x7B, 0x6B, 0x94, 0x66, 0x3C, 0xB4, 0x71, 0x87,
    0x86, 0xEF, 0xE0, 0xF8, 0xE9, 0x81, 0xA6, 0xA6, 0x17, 0xC9, 0x57, 0x7D, 0x88, 0xDA, 0xE8, 0x6B,
    0x3C, 0x6E, 0x54, 0xF6, 0xC9, 0xA1, 0xD6, 0x1E, 0x29, 0xEE, 0xA1, 0xEE, 0x1E, 0xAA, 0xEF, 0xEF,
    0x70, 0x3F, 0xCC, 0xB2, 0x03, 0xE4, 0x3E, 0xB9, 0x23, 0xA3, 0xA5, 0x59, 0x2D, 0x73, 0x43, 0x2E,
    0xAF, 0xE3, 0x20, 0x9D, 0x0B, 0x54, 0xE8, 0x56, 0x58, 0xED, 0xBE, 0xF8, 0x12, 0xB4, 0xC5, 0x9A,
    0x97, 0xDE, 0x71, 0xCD, 0xCA, 0x17, 0x6F, 0xA9, 0x58, 0xFF, 0x22, 0xA9, 0x2B, 0x56, 0xC1, 0xC0,
    0x65, 0x9D, 0x62, 0x2D, 0xBC, 0x41, 0x6C, 0x29, 0xE9, 0x6A, 0x98, 0x04, 0xC8, 0xBA, 0x98, 0x7E,
    0x18, 0x84, 0xD5, 0x31, 0xBD, 0x5B, 0x84, 0x34, 0x32, 0xF7, 0x57, 0x6E, 0x67, 0xE4, 0x06, 0xF4,
    0x1B, 0x90, 0x55, 0xAA, 0x5E, 0x61, 0x09, 0x1F, 0x54, 0x96, 0x8E, 0x61, 0x6D, 0xAB, 0x78, 0x54,
    0x18, 0x10, 0x5F, 0x17, 0xDE, 0x4B, 0xE5, 0x30, 0x2D, 0xA2, 0x97, 0xCB, 0x61, 0xDE, 0xC4, 0xCE,
    0x8A, 0xFB, 0x80, 0xB2, 0xEC, 0xF1, 0x9E, 0x65, 0xC9, 0x9A, 0x10, 0x96, 0xED, 0x53, 0x34, 0xAC,
    0x4D, 0x31, 0x34, 0x2B, 0x86, 0x96, 0xC5, 0xD0, 0xB8, 0x18, 0xDA, 0x17, 0x43, 0x13, 0x63, 0x68,
    0x65, 0x1C, 0xB2, 0xEC, 0xCE, 0x2C, 0xBB, 0x45, 0x57, 0x0C, 0xE8, 0x38, 0xA8, 0x46, 0x7D, 0xF5,
    0x87, 0xB3, 0xEC, 0x0E, 0x5B, 0x3C, 0xA8, 0x0F, 0xDF, 0x92, 0xAF, 0xF3, 0x9D, 0x8F, 0x9F, 0x3E,
    0x64, 0xFD, 0xFB, 0xC9, 0xFA, 0x0F, 0x6D, 0xDF, 0xFD, 0xE0, 0x91, 0x76, 0x5F, 0xF5, 0xDD, 0x60,
    0x31, 0x6B, 0xB8, 0xB3, 0xAC, 0x0F, 0xF2, 0x49, 0xF3, 0xEF, 0x78, 0xD8, 0xA1, 0x3A, 0xBC, 0x0B,
    0x23, 0xF8, 0x58, 0x18, 0x9C, 0xA9, 0x88, 0x83, 0x80, 0x2D, 0x3F, 0x63, 0xCA, 0xA6, 0x59, 0x21,
    0x3E, 0xBF, 0xB0, 0x54, 0xFF, 0xA3, 0xA6, 0xC6, 0xCC, 0x06, 0x92, 0x9F, 0x9E, 0x29, 0x70, 0xDC,
    0x2B, 0x09, 0x01, 0xA0, 0x9F, 0x9F, 0x20, 0xBC, 0x24, 0x1A, 0x71, 0xE1, 0x68, 0x04, 0x99, 0x85,
    0x83, 0x74, 0x0E, 0x7C, 0x63, 0xF1, 0xC8, 0x70, 0x99, 0x1F, 0x7C, 0x63, 0x01, 0xD1, 0xA5, 0xA7,
    0xC1, 0xD1, 0x35, 0xB1, 0x81, 0xCD, 0x0D, 0x70, 0x63, 0x6B, 0x2B, 0x24, 0x94, 0x09, 0x69, 0xC5,
    0x84, 0x5F, 0x32, 0xC7, 0x4A, 0xEE, 0x96, 0xD6, 0x7F, 0xC2, 0x65, 0xED, 0xAC, 0xE6, 0x66, 0xA9,
    0xFE, 0x19, 0x20, 0x33, 0x54, 0x74, 0x63, 0x55, 0x37, 0x56, 0x76, 0x63, 0x75, 0x37, 0x16, 0x9A,
    0xB1, 0xD8, 0x8C, 0x05, 0x67, 0x2C, 0x3A, 0x63, 0xE1, 0xD9, 0x22, 0x3E, 0x63, 0x01, 0x1A, 0x8B,
    0xD0, 0x6D, 0x85, 0xE8, 0x81, 0xEC, 0x31, 0x35, 0xEC, 0x31, 0x42, 0xDF, 0xF6, 0xD8, 0x10, 0xF7,
    0x74, 0xB4, 0x00, 0x3E, 0xCD, 0x6F, 0x73, 0x6E, 0x1F, 0xF5, 0xD8, 0xFF, 0x01, 0xED, 0x5D, 0xBF,
    0x8F, 0x1C, 0x57, 0x72, 0x7E, 0xD3, 0x4D, 0xED, 0x18, 0x1C, 0xE0, 0x5A, 0x06, 0x74, 0x80, 0x20,
    0x02, 0xD7, 0x0A, 0x0C, 0xD8, 0x82, 0x71, 0xEA, 0xD8, 0x80, 0xA1, 0x6E, 0x1D, 0x60, 0x3B, 0x3C,
    0x1A, 0xB0, 0x94, 0x38, 0x90, 0x01, 0x5F, 0x70, 0x50, 0x42, 0x87, 0x0A, 0x04, 0xCC, 0x40, 0x89,
    0x83, 0x0B, 0xB4, 0x81, 0xFE, 0x00, 0x06, 0x3A, 0xE0, 0xBC, 0x0C, 0x98, 0xE8, 0x00, 0x06, 0x77,
    0xD7, 0x6D, 0x33, 0x50, 0xA0, 0xE0, 0xDA, 0x70, 0xA0, 0xE0, 0x02, 0xB7, 0x7C, 0x84, 0x0D, 0x51,
    0x30, 0xDC, 0x22, 0x07, 0x70, 0x2F, 0xD5, 0xDD, 0xE5, 0xAA, 0xF7, 0xAA, 0xEA, 0xBD, 0x9E, 0x9D,
    0xD9, 0x25, 0x25, 0xD2, 0xDC, 0x25, 0x67, 0x40, 0x62, 0xAA, 0x7B, 0x7A, 0xA6, 0x5F, 0xD7, 0xAF,
    0xAF, 0xAA, 0x5E, 0xBD, 0xB7, 0xC6, 0x4C, 0x5F, 0x59, 0x11, 0x1E, 0x2D, 0xAB, 0xC9, 0x51, 0x1D,
    0x1E, 0xE5, 0x93, 0xCF, 0xD2, 0xC2, 0x7C, 0x8B, 0xD7, 0xC1, 0x51, 0xF8, 0xB5, 0x1C, 0x46, 0x3D,
    0x9C, 0xAD, 0x32, 0x80, 0xCE, 0x8F, 0x03, 0x8F, 0xE0, 0x2E, 0x7F, 0x5A, 0xD6, 0x29, 0x1E, 0xC1,
    0x8A, 0x3F, 0x6B, 0x2E, 0x99, 0xBF, 0xD5, 0xA3, 0xBC, 0xA5, 0x53, 0x50, 0x99, 0xD7, 0x0F, 0x0D,
    0x14, 0x19, 0x1E, 0x2D, 0x00, 0x8F, 0xF2, 0x06, 0x8F, 0xD2, 0x35, 0x7E, 0x97, 0xEE, 0x91, 0xD7,
    0x33, 0x30, 0x49, 0x67, 0xE6, 0x00, 0x3D, 0x3D, 0x56, 0x64, 0x8F, 0x32, 0xF8, 0x60, 0xA0, 0x1F,
    0x8F, 0xED, 0x11, 0xF4, 0x33, 0x28, 0x0C, 0x34, 0x73, 0x30, 0x69, 0x17, 0x41, 0x6D, 0xE0, 0xC1,
    0x0D, 0x78, 0x70, 0x13, 0xEE, 0x96, 0xEB, 0x39, 0x7E, 0x50, 0x02, 0xBF, 0xDA, 0xA4, 0xA7, 0x91,
    0xF3, 0xAB, 0xCE, 0xF0, 0x1E, 0x09, 0xC0, 0x31, 0xC0, 0xEF, 0x00, 0x0A, 0x1A, 0xCD, 0xAC, 0x84,
    0xC3, 0x25, 0xBC, 0x89, 0x0F, 0x83, 0x83, 0xD8, 0xC9, 0xCD, 0xD3, 0x38, 0xBD, 0x9C, 0x7C, 0xCF,
    0x3E, 0xA1, 0x3F, 0xEA, 0x26, 0xD2, 0xC3, 0x91, 0x1D, 0xAC, 0xE4, 0x28, 0x81, 0xF1, 0x08, 0xF4,
    0x77, 0x63, 0x3B, 0x3E, 0xBD, 0x94, 0x8E, 0x9A, 0xE0, 0x8B, 0xCA, 0x41, 0x63, 0x87, 0xFC, 0xF1,
    0x43, 0x48, 0xEF, 0xD5, 0xF0, 0x60, 0x41, 0x03, 0x99, 0x0F, 0xA2, 0x0E, 0x3D, 0xC9, 0x09, 0x64,
    0x20, 0x78, 0x34, 0x07, 0x19, 0xCA, 0x62, 0xB0, 0xF7, 0xAB, 0x4D, 0x7C, 0xC7, 0x64, 0xCD, 0x7C,
    0xA4, 0x0B, 0xCB, 0xD6, 0xCC, 0x7B, 0x7C, 0x34, 0xE4, 0x7D, 0x04, 0xEB, 0xB4, 0x35, 0x0B, 0x3C,
    0x6A, 0xF0, 0x68, 0x0E, 0x15, 0x0A, 0x03, 0xFF, 0xE5, 0x56, 0x4A, 0x50, 0xE3, 0x65, 0x78, 0x64,
    0x65, 0x96, 0xC2, 0x1A, 0xAF, 0xC8, 0x7A, 0x94, 0x12, 0xBE, 0xA3, 0xF6, 0xFC, 0x15, 0xDC, 0x05,
    0xB8, 0x01, 0xE3, 0xCD, 0xD1, 0x4B, 0x04, 0x5F, 0x83, 0x59, 0xFE, 0xDE, 0x1F, 0xD1, 0x97, 0x01,
    0xFE, 0x07, 0x20, 0x27, 0x29, 0x35, 0xC8, 0xF9, 0x14, 0xFE, 0x11, 0xD6, 0x0B, 0x68, 0xAE, 0x21,
    0xF7, 0x96, 0xD5, 0xEC, 0x17, 0x0F, 0x29, 0x95, 0xA9, 0x35, 0x9C, 0x26, 0xA3, 0xC9, 0x51, 0x36,
    0x39, 0x22, 0x9D, 0xF4, 0xAF, 0x64, 0x22, 0x4D, 0x62, 0x5B, 0xC0, 0xE0, 0xC9, 0xD1, 0xFC, 0xF0,
    0xDB, 0x58, 0x95, 0x65, 0xBC, 0xDC, 0x63, 0xF6, 0x37, 0x26, 0xB0, 0xAA, 0x12, 0x56, 0xDE, 0xAA,
    0x50, 0x58, 0xAD, 0xB7, 0xAA, 0xDC, 0x9A, 0x89, 0xB5, 0xAA, 0x3F, 0xB3, 0x8A, 0x33, 0xB0, 0x55,
    0x2D, 0xAB, 0x18, 0x8E, 0xD3, 0x91, 0xAD, 0xAA, 0xAC, 0x12, 0x58, 0xC5, 0x23, 0x5B, 0x15, 0xAC,
    0xF2, 0xC1, 0x90, 0x78, 0xAC, 0x55, 0xC1, 0x0A, 0x5A, 0x83, 0x9F, 0x59, 0xAB, 0x8A, 0xE0, 0x5F,
    0xF0, 0xCB, 0xC9, 0xE0, 0xAC, 0xEA, 0x26, 0x7C, 0x03, 0xC5, 0x01, 0xF4, 0x13, 0xAB, 0x5A, 0x4F,
    0xAC, 0xAA, 0x61, 0xAB, 0xFA, 0xC2, 0x1E, 0x89, 0x55, 0x15, 0x34, 0xFA, 0x3B, 0x9E, 0xF3, 0x6F,
    0x1F, 0x7D, 0xF4, 0x0C, 0x58, 0xD5, 0x5B, 0x26, 0xB0, 0x23, 0xD4, 0xF0, 0xC0, 0x8E, 0x2C, 0xE3,
    0xC5, 0x8E, 0xF0, 0x1D, 0xD8, 0x8E, 0x16, 0x87, 0x7C, 0x27, 0x6B, 0x47, 0xA8, 0x43, 0xE5, 0xF8,
    0x97, 0x50, 0x39, 0x3B, 0x4A, 0xD6, 0x11, 0x72, 0x1E, 0x2A, 0x67, 0x47, 0x69, 0xBB, 0xC0, 0xCB,
    0x96, 0x95, 0xB3, 0xA3, 0xBC, 0xB5, 0xB2, 0xAB, 0x9C, 0x1D, 0x2D, 0xD7, 0xF8, 0xD4, 0x33, 0xA8,
    0xD8, 0x8E, 0x46, 0x68, 0x67, 0x68, 0x10, 0xA1, 0x1D, 0xC1, 0xC4, 0x8E, 0x7A, 0xB6, 0xA3, 0x3E,
    0x77, 0x0F, 0xED, 0xEC, 0xA8, 0x99, 0x3B, 0xFD, 0x10, 0x3B, 0x7A, 0xE1, 0xE8, 0xE7, 0x17, 0xD6,
    0x8E, 0x76, 0xBE, 0x16, 0x93, 0x21, 0xA7, 0xA7, 0x0D, 0x6B, 0x72, 0x34, 0x5F, 0x3D, 0x9B, 0xB6,
    0xF9, 0x52, 0x68, 0x9B, 0xB3, 0x31, 0xB4, 0xCD, 0x08, 0x42, 0xDB, 0x8C, 0x20, 0xB4, 0xCD, 0xD9,
    0x38, 0xD1, 0x82, 0x97, 0xCE, 0x3F, 0xE2, 0xED, 0xB5, 0x60, 0xEF, 0xA1, 0xBF, 0x75, 0x9C, 0x6C,
    0xF5, 0x45, 0xE3, 0xE4, 0xBD, 0xBE, 0x3C, 0x57, 0xFA, 0xA2, 0x5F, 0x99, 0x8C, 0x23, 0x1E, 0x26,
    0x82, 0x1E, 0x77, 0x7F, 0x66, 0xD6, 0x0F, 0x7D, 0x8B, 0x7D, 0x04, 0x71, 0xDE, 0x22, 0x88, 0xB7,
    0x3C, 0x19, 0x22, 0xE0, 0x2E, 0x7A, 0xB6, 0x93, 0x2E, 0x36, 0x68, 0xE7, 0x17, 0x1C, 0xED, 0xBC,
    0x82, 0xA3, 0x9D, 0x4F, 0x40, 0xFA, 0xCA, 0xC8, 0x1E, 0x61, 0x86, 0x19, 0x28, 0x48, 0xDE, 0x0C,
    0x1F, 0xA2, 0x3D, 0xB2, 0x37, 0x70, 0x82, 0x70, 0xBE, 0x00, 0xC9, 0x52, 0x3C, 0x01, 0x0A, 0x64,
    0x2E, 0x7E, 0x00, 0xE5, 0x66, 0x53, 0x31, 0xEB, 0x05, 0xFA, 0xC0, 0x07, 0xB4, 0xA4, 0xB3, 0xEC,
    0x01, 0x2A, 0x73, 0x6D, 0x90, 0x3C, 0xF9, 0xE8, 0xE6, 0xC4, 0xFA, 0xC3, 0x1C, 0xB9, 0x62, 0xCB,
    0xB7, 0x42, 0x66, 0xBB, 0x07, 0x9B, 0x94, 0x37, 0xDB, 0x25, 0x1A, 0x4A, 0x7E, 0x72, 0xBE, 0xD9,
    0x2E, 0xD7, 0xD0, 0xD2, 0x43, 0x3B, 0x0F, 0xAD, 0x7C, 0x62, 0xE3, 0xA1, 0x85, 0x87, 0xF6, 0x7D,
    0xAA, 0x75, 0x7F, 0xBF, 0xD8, 0xAE, 0x71, 0x8F, 0x8D, 0x6E, 0x77, 0xD1, 0x11, 0x1C, 0xB2, 0x7D,
    0xE7, 0x6D, 0x6E, 0x5D, 0x3F, 0x59, 0x77, 0x7E, 0xCF, 0x5A, 0xB3, 0xB5, 0x6D, 0xCB, 0xE9, 0xC2,
    0x59, 0x76, 0x46, 0x06, 0x56, 0x39, 0xBB, 0xCE, 0x90, 0xE3, 0x62, 0xD5, 0x19, 0x7E, 0x56, 0xD6,
    0xCE, 0xA6, 0x89, 0x4B, 0xCB, 0xDA, 0x59, 0x74, 0x46, 0x62, 0x55, 0x7B, 0xA6, 0xF4, 0x9B, 0xAD,
    0x19, 0xA5, 0x1A, 0xDA, 0xF2, 0x18, 0x58, 0xF2, 0x5A, 0x32, 0x6A, 0xCB, 0x3C, 0x67, 0xC5, 0xF8,
    0xFA, 0xD8, 0x4C, 0xB2, 0xE9, 0x9D, 0x72, 0xAC, 0x1F, 0x8D, 0x03, 0xA1, 0xD5, 0x86, 0x36, 0x1B,
    0x5A, 0x6C, 0x68, 0xAF, 0xA1, 0xB5, 0x9E, 0x6E, 0xAB, 0xBB, 0x65, 0xEA, 0xBD, 0x76, 0xDE, 0xC4,
    0xE3, 0x0E, 0x7A, 0x08, 0xBE, 0x7B, 0x6B, 0x2F, 0xD3, 0xA7, 0x2D, 0x53, 0x89, 0x99, 0x5E, 0xB9,
    0x2A, 0x01, 0xD3, 0x1C, 0x7D, 0x17, 0x47, 0x4B, 0x19, 0x74, 0x12, 0x2A, 0x95, 0x48, 0x8A, 0x5F,
    0xC4, 0xC7, 0x76, 0x6E, 0x11, 0x1D, 0xD9, 0x8B, 0xC6, 0x79, 0xC5, 0xD8, 0x79, 0x5D, 0x72, 0x8A,
    0x31, 0x70, 0x60, 0x35, 0x16, 0xCE, 0x5F, 0x5B, 0x97, 0x88, 0xDE, 0x6F, 0x56, 0x88, 0x47, 0xAC,
    0xB3, 0x8A, 0x4B, 0x87, 0x4B, 0x20, 0xB9, 0x90, 0x3F, 0x3C, 0x2A, 0xC9, 0x99, 0xAA, 0x3B, 0x0C,
    0xBC, 0x61, 0xC1, 0xC9, 0x13, 0x49, 0x95, 0x33, 0x27, 0xF8, 0xC8, 0xF8, 0xB4, 0x69, 0x92, 0x33,
    0x05, 0x09, 0x53, 0x90, 0x2D, 0x05, 0x6E, 0x30, 0xE0, 0x68, 0xE0, 0x04, 0x03, 0x1F, 0x18, 0xB8,
    0xC0, 0xD0, 0x03, 0x06, 0x0E, 0x30, 0xF0, 0x7F, 0xA7, 0xB9, 0xBF, 0x17, 0x3E, 0x12, 0x4A, 0x6B,
    0x7C, 0x73, 0x52, 0x55, 0xAB, 0xC2, 0x89, 0xA5, 0xAC, 0x02, 0x7B, 0xF5, 0x3D, 0x36, 0x1C, 0x6A,
    0xD8, 0xF1, 0x5A, 0xD5, 0x25, 0x25, 0x71, 0x8A, 0x4B, 0x94, 0x53, 0x5B, 0x7C, 0x84, 0x57, 0x59,
    0x69, 0xBB, 0xF9, 0xDA, 0xA9, 0x2C, 0xFE, 0x5E, 0xE7, 0x14, 0xF6, 0x26, 0x70, 0xAC, 0x60, 0x41,
    0x4B, 0x95, 0xB5, 0x11, 0x55, 0x3D, 0x16, 0x45, 0xFD, 0x32, 0x54, 0x53, 0xAF, 0xA4, 0x5E, 0x2D,
    0x3D, 0xE5, 0xD5, 0xD3, 0xB3, 0xCF, 0x53, 0x5E, 0x31, 0xBD, 0x5A, 0x7A, 0xA5, 0xF4, 0x2A, 0xE9,
    0x15, 0xF2, 0x21, 0x0B, 0x0A, 0xBF, 0xDE, 0x86, 0xF0, 0x41, 0x10, 0x10, 0xE2, 0xFE, 0xFB, 0x8F,
    0x50, 0x49, 0xDF, 0x6B, 0xFB, 0xE3, 0xD7, 0xF6, 0xC0, 0x37, 0x69, 0xEC, 0x9F, 0xD7, 0x27, 0xE3,
    0x10, 0x7F, 0x2E, 0x79, 0xC8, 0xD9, 0x90, 0xBD, 0x1D, 0x7D, 0x57, 0x3B, 0xF2, 0x40, 0xE0, 0xB1,
    0xD8, 0xC4, 0xB0, 0xED, 0xAC, 0x07, 0xE5, 0x5D, 0xAF, 0x17, 0x3D, 0xA8, 0xF8, 0x2C, 0x2F, 0x43,
    0x6D, 0x61, 0xEB, 0x2A, 0xD1, 0x62, 0x24, 0xCC, 0x56, 0xEB, 0x8A, 0xE1, 0x9D, 0x81, 0xAD, 0x2B,
    0x1E, 0xF1, 0x76, 0xCE, 0xBA, 0xE6, 0x3D, 0x6A, 0xB2, 0xB3, 0xAE, 0xF9, 0xE0, 0x94, 0x7A, 0x49,
    0x39, 0xD4, 0x0D, 0x60, 0xEB, 0x72, 0xD9, 0x97, 0xB5, 0xAE, 0x58, 0x60, 0xBE, 0xB7, 0xDA, 0x69,
    0xD8, 0xBA, 0xB2, 0x6F, 0xC0, 0xB0, 0x75, 0xD1, 0x9C, 0x89, 0xB3, 0xAE, 0x9F, 0xBF, 0x5B, 0xF6,
    0x46, 0xAD, 0x6B, 0x6D, 0xD4, 0xBA, 0x1A, 0xA3, 0xD6, 0x55, 0xA8, 0x75, 0xDD, 0xB9, 0x50, 0xD6,
    0xB5, 0x97, 0xE6, 0x54, 0x9A, 0x46, 0xA5, 0xE9, 0xB2, 0xA4, 0x3B, 0x93, 0x60, 0x2A, 0x88, 0xB1,
    0x82, 0x30, 0x2C, 0x3C, 0x7B, 0xDE, 0xA4, 0x69, 0x6B, 0x66, 0x4E, 0x9A, 0x76, 0xC4, 0xEE, 0xAC,
    0x1B, 0xF1, 0xAD, 0x8D, 0x29, 0xE5, 0x13, 0xF3, 0xC9, 0x7B, 0x69, 0x3E, 0x55, 0x69, 0xFA, 0x7A,
    0xA7, 0x1F, 0x5E, 0x59, 0x9D, 0x3C, 0x97, 0x9E, 0x8E, 0x77, 0xBE, 0xAC, 0xD6, 0xAA, 0x34, 0x45,
    0x4D, 0x52, 0x00, 0x2D, 0x70, 0x4A, 0xA5, 0x63, 0xF9, 0x9F, 0xF4, 0x1C, 0x84, 0x86, 0x65, 0x45,
    0xB7, 0x23, 0x34, 0x84, 0x15, 0xB2, 0xC5, 0xA2, 0x21, 0xAC, 0xF2, 0xDA, 0xA1, 0x21, 0x3C, 0xC0,
    0x27, 0xB3, 0x68, 0x48, 0xCF, 0xE8, 0xD0, 0xD0, 0xC5, 0x21, 0x2E, 0x19, 0x02, 0x4E, 0x85, 0x0E,
    0x46, 0x49, 0x84, 0xB4, 0x50, 0xF5, 0xE5, 0xDB, 0x37, 0x83, 0x24, 0x48, 0x53, 0xA0, 0x5E, 0x13,
    0x20, 0x29, 0x4C, 0x21, 0x2C, 0x9E, 0x77, 0x34, 0x4C, 0xAA, 0x6D, 0x69, 0x57, 0xA0, 0x2F, 0x99,
    0x3F, 0xBB, 0x58, 0x9D, 0x55, 0xAA, 0x0C, 0xF2, 0xB9, 0xCE, 0x87, 0xA8, 0xEA, 0x82, 0x17, 0xBE,
    0x54, 0x92, 0xEA, 0xE4, 0xBE, 0xC9, 0x8E, 0xB5, 0xB0, 0x92, 0x37, 0x3A, 0x88, 0x65, 0xA5, 0xCF,
    0xBC, 0xAC, 0x3D, 0xF9, 0xA0, 0x6C, 0xBD, 0xC8, 0x43, 0xF2, 0x72, 0xC1, 0x8A, 0x8C, 0xF1, 0x23,
    0xB2, 0xE8, 0x65, 0x52, 0xD3, 0xB2, 0x25, 0x6E, 0x65, 0xB5, 0xED, 0x00, 0xA1, 0xDF, 0xC8, 0xE1,
    0xE8, 0xED, 0x1B, 0x28, 0xC5, 0x46, 0x03, 0x4C, 0x22, 0x97, 0x2E, 0x95, 0x25, 0x72, 0xE1, 0xEC,
    0xD0, 0x8E, 0x82, 0x8B, 0x4C, 0xAD, 0x8A, 0x29, 0x27, 0xE6, 0xBA, 0x61, 0x67, 0x98, 0x7E, 0x5F,
    0x71, 0xA4, 0xAB, 0x4C, 0x15, 0x52, 0x1F, 0xE5, 0xA7, 0x9D, 0xB9, 0x1F, 0x92, 0x67, 0xD5, 0xF2,
    0xFB, 0xBB, 0x47, 0x57, 0xF7, 0xB2, 0xB8, 0x00, 0xB2, 0xD8, 0x7C, 0xBD, 0xEF, 0x19, 0x0E, 0x69,
    0xA3, 0x29, 0x97, 0xB7, 0x4B, 0x7F, 0xD6, 0xFC, 0xF4, 0x60, 0x2A, 0x9C, 0x57, 0x22, 0xB5, 0xC5,
    0xE5, 0xCF, 0xD4, 0x7C, 0xCB, 0xDF, 0xAA, 0x58, 0xCA, 0x0F, 0xF5, 0xEC, 0xEB, 0x71, 0xB3, 0x0F,
    0x52, 0xCE, 0x1D, 0xAC, 0x45, 0xAB, 0x9F, 0x8A, 0x8D, 0x7E, 0x2D, 0x16, 0x94, 0xDE, 0xD3, 0x66,
    0xA5, 0xAF, 0x35, 0x15, 0xAB, 0x7F, 0xB5, 0x07, 0xB3, 0xFF, 0x5F, 0x30, 0x9B, 0x5D, 0x7F, 0x4D,
    0xAF, 0xEA, 0xCA, 0x42, 0xBF, 0xAA, 0xB6, 0xB1, 0xE8, 0x74, 0x12, 0x24, 0x6A, 0xDE, 0xD8, 0x7B,
    0xCD, 0xC7, 0xED, 0x35, 0xF7, 0x02, 0x78, 0xD6, 0x60, 0xEB, 0xFB, 0x57, 0xBD, 0x11, 0xFF, 0x81,
    0x7B, 0xFB, 0x8D, 0x7D, 0x88, 0x05, 0xD8, 0xB7, 0x12, 0x1D, 0x4F, 0x4B, 0xCF, 0x49, 0xB3, 0xF0,
    0x4B, 0x7A, 0xD6, 0x36, 0xB2, 0x53, 0x0D, 0xED, 0x9C, 0xC6, 0x9B, 0xB5, 0x0B, 0x7A, 0x96, 0xCC,
    0xCE, 0xFB, 0xE2, 0x5B, 0x4C, 0xBE, 0x16, 0xEF, 0x48, 0x38, 0x84, 0x6F, 0xF9, 0x68, 0xDF, 0x12,
    0xFC, 0x10, 0x59, 0x4B, 0xB3, 0x80, 0xB6, 0xCB, 0xB6, 0xB5, 0x6F, 0xF8, 0x83, 0x29, 0x5D, 0xB6,
    0xB6, 0xFD, 0xA0, 0x59, 0x87, 0x97, 0x1D, 0x1D, 0x41, 0xE7, 0x38, 0xD4, 0x3A, 0xDE, 0x36, 0xCE,
    0x97, 0xAF, 0x2C, 0xD7, 0xBB, 0x93, 0xCF, 0xFC, 0xAA, 0x77, 0xDB, 0x01, 0x28, 0xF4, 0x5B, 0x94,
    0x89, 0xA6, 0x42, 0x84, 0x25, 0xAA, 0x40, 0x0B, 0x3A, 0xE9, 0xB0, 0x34, 0xA5, 0x93, 0x0E, 0x4B,
    0x69, 0x46, 0x84, 0xB1, 0x34, 0x1B, 0x19, 0x37, 0xEE, 0x16, 0xF4, 0x10, 0x8C, 0xA5, 0x31, 0xA9,
    0x92, 0xCC, 0x90, 0xBA, 0xFB, 0xD2, 0x04, 0xA9, 0xBD, 0xD8, 0xCD, 0x8F, 0x2E, 0x40, 0x8A, 0xA3,
    0xF6, 0xA9, 0x19, 0x4B, 0xAD, 0x36, 0x38, 0x2C, 0x35, 0x65, 0xA3, 0x58, 0x8A, 0x24, 0x17, 0x47,
    0x6F, 0xE0, 0x03, 0x2B, 0x96, 0xD6, 0x1E, 0x4B, 0x57, 0x5A, 0xBE, 0x19, 0x8D, 0x96, 0x6F, 0x9A,
    0x0B, 0x51, 0xBE, 0x79, 0x9E, 0x24, 0x64, 0x54, 0x42, 0x2E, 0xDA, 0x69, 0x2E, 0x4C, 0x12, 0x1F,
    0x34, 0x2C, 0xF1, 0xD8, 0x5E, 0xD5, 0xB1, 0x59, 0xB9, 0xB9, 0xE2, 0x8B, 0x95, 0x9B, 0x2D, 0xBE,
    0xEC, 0xE5, 0xF6, 0x34, 0xE5, 0xF6, 0xC2, 0xD5, 0xE9, 0x84, 0x68, 0xE4, 0xC9, 0x6B, 0x85, 0x90,
    0x73, 0x77, 0x1F, 0x22, 0x97, 0xEE, 0x3E, 0xD6, 0x07, 0x3B, 0x12, 0x41, 0x2F, 0xA3, 0x28, 0xCF,
    0x91, 0x72, 0xC7, 0xA4, 0x8B, 0xC4, 0xCB, 0x26, 0x5D, 0x2C, 0x90, 0x4B, 0x64, 0x2D, 0xE4, 0xCC,
    0x5F, 0x60, 0x96, 0xA3, 0x92, 0x09, 0xE3, 0x3E, 0x92, 0x72, 0x31, 0x85, 0x79, 0x8C, 0xB9, 0x96,
    0xDD, 0x9D, 0x21, 0xD0, 0x25, 0x12, 0xFD, 0x3D, 0x81, 0x2E, 0x91, 0xF8, 0x9F, 0x06, 0x98, 0xE0,
    0x2F, 0x25, 0x83, 0x8D, 0x16, 0x13, 0xB8, 0x7B, 0x54, 0x0E, 0x56, 0x00, 0x89, 0x8B, 0x4E, 0x95,
    0x5C, 0x7B, 0xB2, 0x76, 0xE4, 0xB1, 0x0D, 0x55, 0x89, 0xEB, 0x99, 0x43, 0x4F, 0x02, 0xDD, 0x65,
    0xCB, 0x38, 0x5A, 0x44, 0xCC, 0x54, 0xFB, 0x95, 0x80, 0xEB, 0x85, 0x72, 0x7D, 0xF0, 0x01, 0x86,
    0x4A, 0xF1, 0xDD, 0x4D, 0xA6, 0x1F, 0x78, 0x51, 0x9F, 0xCC, 0xC7, 0x96, 0xC2, 0xA6, 0xB9, 0xCA,
    0x2D, 0x13, 0x1E, 0xCD, 0xF4, 0x54, 0x2C, 0xE8, 0x8E, 0xD4, 0x4A, 0xA9, 0x8A, 0x9B, 0xB1, 0x22,
    0xC7, 0x27, 0x0A, 0xF9, 0xCB, 0xDE, 0xF0, 0x6C, 0x4E, 0x06, 0x32, 0x9B, 0x63, 0x25, 0x69, 0x43,
    0xFE, 0x19, 0x34, 0x3C, 0x9B, 0x43, 0x4F, 0xE9, 0x42, 0x7E, 0x07, 0x9D, 0x14, 0xF2, 0x5B, 0x6E,
    0xBA, 0x90, 0x1F, 0x29, 0x37, 0x9B, 0x73, 0x54, 0xF6, 0xDA, 0x58, 0xD7, 0x69, 0xC8, 0xDF, 0x6A,
    0xC8, 0x5F, 0x9D, 0xF7, 0xFA, 0x55, 0xE4, 0x5D, 0x53, 0x56, 0x79, 0xD8, 0xA8, 0xC2, 0x74, 0x58,
    0x4E, 0x2A, 0x99, 0xAA, 0x60, 0x91, 0x6F, 0xB5, 0xBA, 0xA7, 0xC1, 0x7F, 0xBF, 0xF6, 0xA4, 0x37,
    0x5F, 0xF0, 0x45, 0xE9, 0xDC, 0xCF, 0x2B, 0x24, 0x3E, 0xF7, 0x0E, 0x2F, 0x2E, 0xD7, 0x21, 0x9E,
    0x71, 0x40, 0x49, 0x5A, 0xCC, 0x01, 0xA5, 0x59, 0x8C, 0x46, 0x02, 0x4A, 0x24, 0x39, 0xA0, 0x3C,
    0xBA, 0xE9, 0x42, 0xC7, 0x9C, 0x7B, 0x9C, 0x24, 0xA0, 0xEC, 0x7C, 0x40, 0xD9, 0xF8, 0x80, 0xD2,
    0x3C, 0xF9, 0x80, 0x72, 0xCF, 0xDF, 0x8B, 0x58, 0x67, 0x7A, 0x6B, 0xB3, 0x29, 0x40, 0x89, 0x99,
    0x27, 0x8A, 0x53, 0x08, 0x6D, 0x0E, 0xE4, 0x86, 0x00, 0xDB, 0x5E, 0x4B, 0x56, 0x0A, 0x2B, 0x6E,
    0x06, 0xD0, 0x06, 0x61, 0x58, 0x09, 0x22, 0xAF, 0xD8, 0xDF, 0x11, 0xE1, 0xFA, 0x00, 0x57, 0xD2,
    0x04, 0x58, 0x49, 0xBD, 0xA8, 0x92, 0xE9, 0x7F, 0x99, 0xFC, 0xB7, 0x1D, 0x04, 0xB6, 0xF1, 0x6F,
    0x25, 0x08, 0x5C, 0x08, 0xFE, 0x4A, 0x5C, 0xDB, 0x4B, 0x54, 0x7B, 0xE8, 0x63, 0x5A, 0x8D, 0x68,
    0x35, 0x9E, 0xD5, 0x68, 0x56, 0x11, 0x57, 0xBD, 0x8E, 0xA2, 0xAD, 0x62, 0xAD, 0x22, 0xAD, 0xC7,
    0x59, 0x45, 0x59, 0xC5, 0xD8, 0x5D, 0x08, 0xFB, 0x0C, 0xB1, 0xD7, 0x30, 0x7B, 0xDD, 0x5A, 0x43,
    0xEF, 0xBB, 0xD5, 0x9D, 0xAB, 0xAF, 0xF7, 0x67, 0x9E, 0x34, 0x7B, 0x35, 0xE4, 0x7C, 0x8B, 0xEF,
    0x6F, 0xD9, 0xEB, 0x5A, 0x15, 0x38, 0xD8, 0xB4, 0x7C, 0x4E, 0x8B, 0x3D, 0x9F, 0xBF, 0x03, 0x9F,
    0xA5, 0x65, 0x51, 0xC6, 0x72, 0xE6, 0x7B, 0x7B, 0xF6, 0xBB, 0x6B, 0x43, 0x74, 0xB1, 0x4A, 0xD6,
    0x72, 0xA4, 0xD2, 0x72, 0xEB, 0x61, 0xCB, 0x6D, 0x87, 0x2D, 0xB7, 0x1C, 0xB6, 0x5C, 0x94, 0x6C,
    0xB9, 0xDB, 0xA4, 0x75, 0xD1, 0x09, 0xB5, 0x31, 0xDA, 0x16, 0xC3, 0x36, 0x97, 0xDE, 0x12, 0x17,
    0x97, 0x54, 0x1C, 0x95, 0x14, 0x2E, 0x26, 0xE9, 0x34, 0x22, 0x11, 0xDE, 0x09, 0xEB, 0xE4, 0x7D,
    0xD7, 0xC8, 0xC5, 0x87, 0x4A, 0x04, 0x22, 0xF1, 0x87, 0x44, 0x1F, 0x12, 0x7B, 0xEC, 0x88, 0x3C,
    0x34, 0xBE, 0x56, 0x5F, 0xAC, 0x8B, 0x2E, 0x34, 0xA6, 0x79, 0x18, 0x22, 0x59, 0x6F, 0xC6, 0x3F,
    0x8F, 0x46, 0xF4, 0x4A, 0x48, 0xBD, 0xAA, 0x67, 0xF0, 0x4B, 0x7A, 0x86, 0xBE, 0xA4, 0x67, 0xE0,
    0x2B, 0x3B, 0x81, 0xBD, 0xB5, 0x80, 0x5E, 0x2B, 0x90, 0x57, 0x31, 0xE0, 0x0D, 0x1E, 0xEE, 0x72,
    0x9F, 0x35, 0x31, 0xD4, 0x29, 0xD0, 0x29, 0xCC, 0x79, 0x90, 0xF3, 0x10, 0x37, 0x05, 0xB8, 0x3D,
    0xA3, 0x1E, 0x92, 0x51, 0x67, 0x44, 0x00, 0x82, 0xF4, 0x1E, 0xFD, 0x15, 0xFB, 0x19, 0xF9, 0x83,
    0x45, 0x3E, 0xC1, 0x0A, 0x9F, 0x60, 0x79, 0x8F, 0xAC, 0xED, 0xC9, 0x1A, 0x69, 0xE1, 0xA3, 0x78,
    0x8C, 0x5D, 0xDE, 0xDC, 0x45, 0x30, 0xE4, 0xF4, 0x12, 0x9B, 0x09, 0x2D, 0x5C, 0x86, 0x41, 0x7E,
    0xC4, 0x3A, 0xBE, 0x65, 0x6B, 0xF3, 0x09, 0xEB, 0xFA, 0x68, 0x99, 0xBA, 0x75, 0x7E, 0x33, 0xB4,
    0xDE, 0xB5, 0x73, 0x7F, 0x98, 0xAB, 0xA4, 0x6B, 0x59, 0xC0, 0x33, 0x96, 0xED, 0xD6, 0x16, 0xBE,
    0x9A, 0xD1, 0xFC, 0xBF, 0x82, 0xA5, 0x7E, 0xD7, 0xBA, 0x73, 0x5C, 0xA5, 0xBA, 0x28, 0x4C, 0x35,
    0xCA, 0x54, 0xB7, 0x12, 0xEA, 0x5A, 0x77, 0x71, 0x0B, 0x4B, 0x1B, 0x63, 0x3B, 0xAD, 0xAB, 0x67,
    0xE7, 0x6B, 0x2F, 0xB7, 0x27, 0x2C, 0x37, 0xBB, 0x40, 0xEC, 0xE0, 0x98, 0x6B, 0x12, 0xF8, 0x44,
    0x2B, 0x5E, 0x18, 0x46, 0xA5, 0x03, 0x8B, 0xF5, 0x11, 0x31, 0xDB, 0x6D, 0xCD, 0x80, 0x8C, 0xE2,
    0xC5, 0x60, 0x43, 0x32, 0xF0, 0x42, 0xB0, 0x2E, 0x1E, 0x79, 0x11, 0x18, 0x02, 0xBE, 0x43, 0xFD,
    0x72, 0x1D, 0x8F, 0x16, 0xF7, 0xBF, 0x42, 0x8C, 0x1F, 0xB7, 0x74, 0x98, 0x76, 0x0E, 0xFD, 0x87,
    0x12, 0x5A, 0x5E, 0xEC, 0x75, 0x40, 0x91, 0xC0, 0xF9, 0xAB, 0x49, 0x44, 0x41, 0xA3, 0x61, 0x1A,
    0xAC, 0x06, 0x5C, 0x82, 0x4F, 0x59, 0x01, 0x82, 0x1A, 0xB7, 0x2F, 0x96, 0xC6, 0x80, 0x9C, 0x10,
    0x8C, 0x1A, 0x22, 0x0C, 0x21, 0x1D, 0x4C, 0xA5, 0x3D, 0x6F, 0x41, 0x82, 0x48, 0x95, 0x93, 0x8E,
    0x31, 0x58, 0x01, 0x72, 0xCB, 0xE7, 0xB3, 0x00, 0x3E, 0xA1, 0xE5, 0xE4, 0x96, 0x50, 0x6B, 0xE9,
    0xE7, 0xA0, 0xD6, 0x07, 0x28, 0xAA, 0x20, 0xA7, 0x0D, 0x93, 0xDA, 0x30, 0xAB, 0x0D, 0xD3, 0xDA,
    0x30, 0xAF, 0x9D, 0x24, 0xB6, 0x93, 0xCC, 0x76, 0x5B, 0xE9, 0x60, 0xCF, 0x87, 0x47, 0x4B, 0xF3,
    0xC3, 0x8C, 0x3E, 0x4C, 0xF4, 0xC3, 0xF3, 0x27, 0x52, 0x7D, 0xFF, 0x12, 0x4E, 0x6A, 0xA3, 0xAB,
    0x36, 0xBF, 0xFA, 0xD6, 0xD7, 0x5B, 0x5B, 0xBC, 0x24, 0xFB, 0xC8, 0x03, 0xF6, 0x90, 0x11, 0xB0,
    0x7F, 0x44, 0xB6, 0x9F, 0xC8, 0x8D, 0x2A, 0xF6, 0x8C, 0xA5, 0xF8, 0x45, 0xE2, 0x9F, 0xF3, 0x8A,
    0x35, 0xFB, 0x44, 0x64, 0xB1, 0xCB, 0x8D, 0x68, 0xDF, 0x1C, 0x9B, 0x1B, 0x95, 0xB5, 0xE4, 0x46,
    0x95, 0xF8, 0xC2, 0x4A, 0x3C, 0xA1, 0xF4, 0xF5, 0x0F, 0x92, 0xE2, 0xD7, 0xE7, 0x23, 0xC5, 0xBF,
    0xF8, 0x5C, 0x35, 0x49, 0xB0, 0x4A, 0xB2, 0x3E, 0x67, 0x99, 0xFD, 0xC9, 0xFB, 0xF7, 0x8C, 0xF6,
    0x96, 0xAB, 0x84, 0xF5, 0x7B, 0x3E, 0x7F, 0x67, 0xED, 0x15, 0x56, 0xCB, 0x08, 0xA4, 0xE9, 0x56,
    0x8E, 0x77, 0x35, 0xDC, 0xCE, 0x56, 0x1E, 0x35, 0xC3, 0x8C, 0x3E, 0x97, 0x8C, 0x7E, 0xED, 0x50,
    0x3E, 0xED, 0x64, 0xD1, 0x37, 0x23, 0x7C, 0xCF, 0x5B, 0x2E, 0xF5, 0xBC, 0xD9, 0x52, 0xCF, 0xAB,
    0x47, 0x7A, 0x97, 0xD1, 0x63, 0x6E, 0xC5, 0x2B, 0x04, 0x19, 0xD5, 0x65, 0xD5, 0xC8, 0xCA, 0x21,
    0xFA, 0xF1, 0xD3, 0xCA, 0xE8, 0x4F, 0x36, 0x5E, 0xE6, 0x27, 0x44, 0xA4, 0x2D, 0x97, 0xA7, 0x35,
    0x5C, 0xFE, 0xDD, 0xCE, 0x3C, 0x37, 0x48, 0x42, 0x37, 0xA3, 0x09, 0xDD, 0xF9, 0x2A, 0x1E, 0x18,
    0xF3, 0x30, 0x3C, 0x72, 0x80, 0x17, 0x8F, 0x8C, 0x76, 0x8B, 0x41, 0xF2, 0xD3, 0x41, 0x70, 0xAE,
    0x17, 0x90, 0x5B, 0x0B, 0xC2, 0xD5, 0x0C, 0x6F, 0xE3, 0x13, 0xCB, 0x4F, 0xF7, 0xFC, 0x79, 0x32,
    0xF9, 0xFB, 0xC9, 0x9E, 0x27, 0xDA, 0xBA, 0x43, 0xDD, 0x9C, 0x2D, 0x80, 0xB0, 0xA7, 0xCB, 0x47,
    0x9F, 0xCC, 0x64, 0x6E, 0xE4, 0x36, 0x9B, 0xC9, 0x68, 0x96, 0x50, 0x97, 0xE7, 0x0D, 0x46, 0xD7,
    0xE7, 0xB1, 0xAF, 0xA0, 0x05, 0x7A, 0x18, 0x75, 0x37, 0x3C, 0x55, 0x1E, 0xA3, 0x8D, 0x76, 0xD2,
    0xD1, 0x89, 0xF4, 0xC0, 0x93, 0xE5, 0xF1, 0x90, 0xDE, 0x97, 0x9E, 0xCE, 0x18, 0x96, 0x5F, 0x50,
    0x6D, 0x93, 0xFC, 0x20, 0xCD, 0xDE, 0x4B, 0x91, 0x13, 0xE3, 0xAD, 0x7F, 0xF6, 0x75, 0x4E, 0xBA,
    0x41, 0xB0, 0x48, 0xDF, 0xAF, 0x25, 0xF2, 0xA0, 0x7E, 0xE7, 0x8A, 0x9D, 0x56, 0x61, 0x38, 0xBF,
    0x34, 0xDD, 0xCE, 0x27, 0xDC, 0xCC, 0x27, 0xDC, 0xCA, 0xE7, 0xE9, 0x2E, 0xD2, 0x0F, 0x5F, 0xEB,
    0x6D, 0x31, 0xED, 0xDC, 0x4F, 0x82, 0xCD, 0x9D, 0x76, 0xCC, 0x2D, 0x0F, 0x47, 0x99, 0xAB, 0x4D,
    0xED, 0x9D, 0x64, 0x05, 0x76, 0x2B, 0x6B, 0xEF, 0x6E, 0x13, 0xCC, 0x58, 0xB7, 0x59, 0x7E, 0x00,
    0xB2, 0x65, 0x1D, 0x91, 0x2B, 0xE7, 0x3C, 0xCB, 0xDB, 0x43, 0xC9, 0x4D, 0x9A, 0xCB, 0xDF, 0xF5,
    0xB9, 0x14, 0x45, 0xA1, 0xCB, 0xB8, 0x2E, 0x8A, 0x09, 0x50, 0xDE, 0xFA, 0x95, 0xD7, 0xAD, 0x5F,
    0x78, 0xDD, 0xF8, 0x75, 0xD7, 0x15, 0x7B, 0xD4, 0x03, 0xDA, 0xC1, 0x8E, 0x9D, 0xEA, 0x6C, 0x67,
    0x26, 0x19, 0x24, 0xDC, 0xDB, 0x93, 0xCA, 0xA0, 0xF3, 0xBC, 0x35, 0x27, 0x93, 0xA5, 0x70, 0xB1,
    0x75, 0xB0, 0xD6, 0x3A, 0x58, 0x6A, 0x7D, 0xBA, 0xE3, 0x7D, 0x31, 0xB4, 0x9A, 0x80, 0x0E, 0x36,
    0xAD, 0x88, 0x83, 0xB9, 0xBF, 0x28, 0x98, 0x29, 0x8C, 0xC0, 0x5F, 0x94, 0x04, 0x9B, 0xAF, 0xA4,
    0x41, 0x47, 0x58, 0xDE, 0xF8, 0xD4, 0x22, 0xAF, 0xBC, 0x02, 0x10, 0x5D, 0xB3, 0x4B, 0xC9, 0xFF,
    0x15, 0x72, 0x69, 0xF6, 0xCB, 0xFE, 0x17, 0xDD, 0x0A, 0x3B, 0x96, 0x14, 0x86, 0xA4, 0x63, 0xDF,
    0x72, 0x13, 0xFA, 0xB4, 0x0B, 0xD2, 0x8C, 0xCE, 0xA7, 0x19, 0xBE, 0x48, 0x18, 0xFA, 0x99, 0x37,
    0xCB, 0xC0, 0xD5, 0x98, 0xE2, 0x89, 0xA6, 0x19, 0x7B, 0x1E, 0x9E, 0xDF, 0x54, 0x6D, 0x33, 0x5A,
    0xD5, 0x1D, 0x4A, 0x97, 0x35, 0x7B, 0xEF, 0x65, 0xC3, 0xAE, 0x3B, 0x97, 0xAD, 0x96, 0x74, 0x37,
    0x52, 0xDD, 0x88, 0x54, 0xF7, 0x20, 0xD5, 0xED, 0x47, 0x75, 0xE7, 0x51, 0xDD, 0x74, 0x34, 0x5B,
    0x8B, 0x8B, 0xD6, 0xAD, 0x46, 0xB5, 0xEA, 0x24, 0x05, 0x58, 0x2D, 0xBF, 0xDE, 0x39, 0x3B, 0xD7,
    0x4A, 0xDF, 0x6C, 0x9D, 0x1F, 0xCE, 0x3F, 0xED, 0x9D, 0x17, 0xC8, 0x3F, 0xEF, 0x9D, 0x07, 0xCE,
    0x6F, 0xF7, 0xCE, 0xFD, 0x5E, 0x9E, 0x5D, 0xFF, 0x76, 0xD1, 0xEA, 0xF9, 0x61, 0x8B, 0x49, 0x82,
    0xAD, 0xA4, 0xEE, 0x9C, 0x1D, 0xC4, 0x3F, 0x51, 0xB6, 0x9C, 0x9D, 0x2C, 0x4D, 0x4A, 0xA3, 0x67,
    0x17, 0x46, 0xF7, 0x7C, 0x3E, 0x8D, 0xCF, 0x3F, 0x09, 0x31, 0xCC, 0x2E, 0x9E, 0x97, 0x0D, 0x68,
    0x17, 0xB2, 0xF7, 0xEC, 0x5C, 0xB7, 0x9D, 0x95, 0x1D, 0x67, 0x75, 0xB3, 0x59, 0xDD, 0x67, 0x56,
    0xB7, 0x98, 0xD5, 0xDD, 0x65, 0x75, 0x63, 0x59, 0xBF, 0xA7, 0xAC, 0x6E, 0x27, 0xAB, 0x3B, 0xC9,
    0xCA, 0xA2, 0x8A, 0x31, 0x68, 0xB0, 0xDA, 0x92, 0x31, 0x12, 0x41, 0x3D, 0xF3, 0x96, 0x63, 0xD4,
    0x47, 0x6F, 0xB9, 0x91, 0x74, 0xB6, 0x01, 0x1B, 0xCF, 0xAC, 0xC1, 0x21, 0xF3, 0xEC, 0xF0, 0xB5,
    0x20, 0xA6, 0xEE, 0x76, 0xC7, 0xD4, 0x3B, 0xF1, 0xF8, 0x65, 0xB3, 0x19, 0x76, 0x07, 0x9B, 0x8B,
    0xF9, 0xF5, 0xD4, 0x9E, 0x8A, 0x14, 0x3C, 0x82, 0x4D, 0xA6, 0x60, 0x25, 0x2D, 0x39, 0x18, 0x1C,
    0x72, 0x47, 0x0E, 0xAC, 0x18, 0x0F, 0x66, 0xB0, 0x52, 0x34, 0x28, 0x14, 0x0B, 0xB4, 0x68, 0xE7,
    0x4B, 0x76, 0x5A, 0xB0, 0x9B, 0xF4, 0xCE, 0x7B, 0x04, 0xF0, 0xFE, 0xDF, 0x79, 0xFF, 0x37, 0xD7,
    0x29, 0xFB, 0xFE, 0xB8, 0xCF, 0x2B, 0xE7, 0xF9, 0xE3, 0x01, 0xD9, 0x69, 0xFD, 0x3E, 0x9D, 0x63,
    0xAF, 0x7F, 0xFD, 0x95, 0xE7, 0xF6, 0x79, 0xCF, 0x46, 0x37, 0xC5, 0xB0, 0x00, 0xD9, 0x3C, 0xAE,
    0x29, 0xAA, 0xD1, 0x02, 0x27, 0x62, 0xD9, 0xAF, 0x37, 0xFE, 0x6F, 0xBE, 0x72, 0xCB, 0x0A, 0xF7,
    0x04, 0x25, 0xBE, 0xBF, 0xBE, 0x79, 0xC1, 0x3F, 0x20, 0x77, 0x7B, 0xDB, 0xBB, 0x85, 0x0F, 0xC3,
    0x2D, 0x90, 0xF6, 0xE2, 0xC6, 0x37, 0x6F, 0x92, 0x2A, 0x27, 0xFD, 0x25, 0x93, 0xF6, 0xD9, 0x91,
    0xDD, 0x80, 0xA2, 0x43, 0xCE, 0xB5, 0xE8, 0x5F, 0xAA, 0x05, 0x37, 0xAA, 0x1A, 0xD3, 0x71, 0x19,
    0x69, 0xF3, 0xFF, 0xD6, 0x39, 0x7C, 0xD7, 0xAE, 0x49, 0x52, 0x8D, 0xF4, 0x7E, 0x35, 0xE7, 0x84,
    0x8D, 0xFF, 0x4F, 0xC7, 0xF8, 0x59, 0x64, 0x7B, 0x8B, 0x0B, 0xEA, 0x4B, 0xA3, 0xC0, 0x29, 0xB7,
    0xF3, 0x1C, 0x2B, 0x93, 0x92, 0xB7, 0xA8, 0x79, 0x39, 0x17, 0x6F, 0xF0, 0xE1, 0xDF, 0x22, 0xF2,
    0x95, 0x34, 0x75, 0xB4, 0xA6, 0x37, 0xBB, 0xFC, 0xAD, 0x8A, 0xDD, 0x42, 0x93, 0x05, 0x7C, 0x65,
    0x77, 0x74, 0x1C, 0x4C, 0xE1, 0xC3, 0x6B, 0xBA, 0xDF, 0x65, 0x5B, 0x8B, 0xA2, 0x84, 0x8F, 0x4E,
    0xA2, 0xFE, 0xE4, 0x23, 0x2D, 0xA7, 0xB0, 0x7B, 0xF1, 0xE5, 0x8D, 0xDD, 0xE1, 0xC3, 0xA9, 0x8D,
    0x9D, 0x8B, 0x3E, 0xE0, 0x30, 0xA9, 0xAC, 0xED, 0x4F, 0xE0, 0x49, 0xEB, 0xB1, 0x56, 0x29, 0x1C,
    0xA2, 0xB7, 0x73, 0x4A, 0x32, 0x38, 0xA7, 0xB8, 0x76, 0x2E, 0x71, 0xE5, 0xA3, 0xBA, 0x77, 0xFF,
    0xC9, 0xCA, 0xF8, 0xBA, 0xDB, 0x55, 0x3B, 0x29, 0xCD, 0x0F, 0xDE, 0x49, 0xCC, 0xF2, 0xDF, 0x13,
    0xF3, 0xC7, 0xBF, 0x1D, 0x4D, 0xFC, 0x29, 0xAD, 0xDB, 0xA3, 0x5D, 0x1A, 0x0B, 0xCC, 0x1B, 0x30,
    0x63, 0x9B, 0xFD, 0xC0, 0xCC, 0x7E, 0xF6, 0x8E, 0x89, 0x3F, 0xC3, 0xFF, 0xF4, 0x39, 0x72, 0x21,
    0x12, 0xE6, 0xCE, 0x0A, 0xF3, 0xF7, 0xD5, 0x4B, 0xF7, 0xEB, 0x4F, 0xEE, 0xD7, 0xBF, 0x84, 0x8A,
    0x16, 0x85, 0x14, 0xE6, 0xD2, 0xA2, 0x3A, 0x80, 0x2A, 0x1B, 0x8B, 0xD7, 0xF1, 0x09, 0x43, 0xDA,
    0xBD, 0xAE, 0xD0, 0x99, 0x7C, 0x30, 0x6F, 0x14, 0x36, 0xA8, 0xFB, 0xC3, 0xE6, 0xE5, 0x5F, 0xB6,
    0x7F, 0x8E, 0xFF, 0xA0, 0xC9, 0xF1, 0xCA, 0xCA, 0x07, 0xAF, 0x31, 0xA6, 0xAA, 0xFF, 0x56, 0xC7,
    0xB7, 0xEB, 0xE8, 0x1B, 0xEA, 0xC4, 0xF9, 0xD3, 0x81, 0xF2, 0xC2, 0x3F, 0xC2, 0x68, 0xF7, 0xD2,
    0x7B, 0x07, 0x3F, 0x7C, 0x3F, 0xC1, 0x7F, 0x79, 0x97, 0x40, 0xBB, 0x68, 0x83, 0x91, 0xDC, 0xAB,
    0xDF, 0xBB, 0xD7, 0xBC, 0x07, 0xF5, 0x12, 0x47, 0xB2, 0xA2, 0xC1, 0x5B, 0xD7, 0x37, 0x19, 0x43,
    0x84, 0x8F, 0xB6, 0x36, 0x51, 0xF0, 0xEF, 0xB4, 0x61, 0x98, 0xCB, 0xAB, 0x4D, 0x8F, 0xAC, 0xD9,
    0x5F, 0xB7, 0x59, 0x29, 0x36, 0xCB, 0x4F, 0xA4, 0x47, 0x51, 0x3E, 0xD3, 0xB8, 0xFB, 0xE3, 0x93,
    0x5A, 0x28, 0x9D, 0xC3, 0x2F, 0x88, 0x97, 0x49, 0x5A, 0xE3, 0x94, 0xD2, 0x15, 0x49, 0x18, 0x82,
    0x69, 0xB2, 0x91, 0x15, 0x05, 0x19, 0xC0, 0x58, 0xD8, 0x72, 0x1B, 0x64, 0x3E, 0xDE, 0xB0, 0xFB,
    0x6B, 0x31, 0xCC, 0x18, 0x89, 0xA8, 0x0B, 0x2B, 0xF4, 0x8E, 0x88, 0x19, 0x7C, 0x86, 0x08, 0x3C,
    0x1A, 0xDB, 0xE7, 0xCE, 0xC1, 0xF3, 0x46, 0x26, 0x90, 0xC9, 0x1A, 0xA8, 0x5C, 0x1E, 0x2E, 0x15,
    0x97, 0x98, 0x34, 0x9B, 0x23, 0xDE, 0xC2, 0x16, 0xDA, 0xE9, 0xCC, 0xA1, 0xF0, 0xC8, 0x6C, 0x21,
    0xA2, 0x77, 0x95, 0x1B, 0x61, 0xCB, 0xAD, 0xE7, 0x80, 0x2D, 0x26, 0xBA, 0x7E, 0x32, 0x47, 0xF6,
    0x39, 0xF4, 0x1B, 0x13, 0xD7, 0xC8, 0xD7, 0xFD, 0xB7, 0x86, 0x7C, 0xE3, 0xC9, 0x42, 0xC7, 0x6B,
    0x1B, 0x00, 0x15, 0xEE, 0xF8, 0x53, 0x91, 0xD2, 0x4B, 0x78, 0x62, 0x57, 0x38, 0xF0, 0x8E, 0xF8,
    0x7E, 0x37, 0x7C, 0x8E, 0x50, 0x88, 0x92, 0xC2, 0xAC, 0x91, 0x1D, 0xF0, 0x07, 0xA3, 0xBB, 0xDF,
    0x7F, 0xE9, 0xF7, 0x58, 0xAD, 0xB4, 0xA8, 0x50, 0xBB, 0x38, 0x65, 0xCC, 0x91, 0x72, 0xBB, 0xDD,
    0xCF, 0xA9, 0x5C, 0x7B, 0xFE, 0x56, 0x7F, 0xFE, 0x62, 0x5B, 0xD9, 0x21, 0x28, 0x46, 0x04, 0xFB,
    0x2A, 0x25, 0x56, 0x6D, 0xED, 0x9E, 0xBA, 0xF3, 0x6F, 0x74, 0x24, 0x76, 0x91, 0x9A, 0x23, 0x93,
    0x51, 0x8B, 0x94, 0xDF, 0x2B, 0xCE, 0xAA, 0x69, 0xF2, 0xEF, 0x5E, 0x69, 0xB4, 0xFB, 0x13, 0x1F,
    0x31, 0x9A, 0x92, 0x14, 0x1C, 0xE0, 0x43, 0x92, 0x3D, 0x24, 0x6B, 0x5E, 0x07, 0xE1, 0x1E, 0x9B,
    0x3A, 0x96, 0x5D, 0xB3, 0x1C, 0x0E, 0xE0, 0x6E, 0x09, 0x0F, 0x0A, 0x9F, 0x04, 0x07, 0xF9, 0xB0,
    0xD6, 0x30, 0x3F, 0x74, 0x67, 0x93, 0x63, 0x38, 0x8E, 0xD0, 0x4B, 0x11, 0x48, 0x74, 0xAA, 0x2D,
    0xCC, 0xDB, 0x8C, 0xB6, 0xD0, 0x6D, 0x7D, 0x56, 0x5C, 0xF9, 0xA4, 0xB8, 0xD0, 0x9C, 0x78, 0xF0,
    0x15, 0x31, 0xED, 0x2E, 0xDE, 0x5C, 0xDB, 0xB0, 0x83, 0xA9, 0xDD, 0xB6, 0xA6, 0x8C, 0xC4, 0xB3,
    0x68, 0xF1, 0x95, 0x27, 0x7D, 0x88, 0x94, 0xFA, 0x4D, 0x69, 0xBF, 0x77, 0x66, 0xCA, 0x52, 0x04,
    0xC5, 0x89, 0x6D, 0x24, 0x71, 0x52, 0x8B, 0xC1, 0x46, 0x9A, 0xBE, 0x29, 0x70, 0x93, 0x86, 0x2E,
    0x66, 0x2A, 0x95, 0x84, 0x31, 0xC3, 0xF1, 0x15, 0x87, 0xD6, 0x17, 0x1C, 0x94, 0xBF, 0x3F, 0x76,
    0x24, 0x7A, 0x05, 0xFA, 0x73, 0x1D, 0x4F, 0x7A, 0x99, 0xEC, 0x9E, 0xA9, 0xE6, 0x22, 0x74, 0xD2,
    0x9F, 0x43, 0x14, 0x22, 0xCD, 0xB0, 0x28, 0x44, 0x81, 0xBD, 0x15, 0x3D, 0xF9, 0x5F, 0x8B, 0x42,
    0x74, 0xC6, 0x8E, 0x72, 0x1A, 0xE9, 0xEB, 0xEE, 0xA3, 0x7E, 0xFE, 0x5A, 0x89, 0x61, 0xCB, 0xBC,
    0xEA, 0xCE, 0xD7, 0x33, 0xC1, 0x8D, 0x8B, 0x86, 0xA1, 0xF3, 0x5A, 0x30, 0x94, 0x38, 0xED, 0x38,
    0xC9, 0x8B, 0xA3, 0xF9, 0x9C, 0xE3, 0x37, 0x29, 0xED, 0x63, 0xDB, 0x0E, 0x28, 0xF8, 0xDB, 0x04,
    0xD9, 0xF6, 0xBA, 0xBF, 0x27, 0x2F, 0x3A, 0x2E, 0x46, 0xAD, 0xE2, 0x22, 0x49, 0x9B, 0x71, 0xD1,
    0x32, 0xCB, 0xE1, 0x22, 0x9D, 0x65, 0x5C, 0x9C, 0x5D, 0xBF, 0x58, 0x9E, 0x34, 0x6A, 0xD4, 0x93,
    0x2E, 0x3A, 0xF5, 0xA4, 0xF6, 0xD9, 0x9C, 0x27, 0x9D, 0x77, 0xEA, 0x49, 0x9F, 0x97, 0x67, 0x7B,
    0xFC, 0x28, 0x11, 0x1E, 0x6D, 0x9B, 0xE7, 0x6D, 0xE5, 0xD7, 0xAB, 0x5D, 0xDE, 0x74, 0x26, 0xDE,
    0xD4, 0x0E, 0x9F, 0xBC, 0xA9, 0x33, 0x56, 0x6A, 0x40, 0xED, 0xD8, 0x9B, 0x3A, 0x02, 0xBD, 0x69,
    0xD6, 0xB1, 0xF5, 0x2C, 0x7B, 0xF5, 0xA6, 0x5F, 0xAA, 0x37, 0xAD, 0x84, 0xBD, 0xB5, 0x5B, 0xBE,
    0x4A, 0xDE, 0xD1, 0x7A, 0xD3, 0xB9, 0x6D, 0xD1, 0x7C, 0x8C, 0x19, 0xCE, 0x6E, 0x6C, 0xB1, 0xDC,
    0x20, 0x27, 0xEA, 0xB8, 0x71, 0xEB, 0x79, 0xE0, 0xC6, 0x65, 0xD5, 0xB1, 0xFC, 0x53, 0x61, 0xCA,
    0xF2, 0xB3, 0x5E, 0xCF, 0xE9, 0xCE, 0x3E, 0x3F, 0x6A, 0x4F, 0xC1, 0x20, 0xA3, 0x18, 0x14, 0x81,
    0x60, 0x50, 0x04, 0x82, 0x41, 0xF1, 0x28, 0x18, 0x64, 0xAD, 0xCE, 0x62, 0xD0, 0x62, 0x14, 0x0C,
    0x4A, 0xC1, 0x63, 0xD0, 0x03, 0xBF, 0x8B, 0x8F, 0x9F, 0x1C, 0x5E, 0x73, 0xBD, 0xF9, 0xC7, 0xD2,
    0x3E, 0xBB, 0x9E, 0x41, 0x73, 0x0E, 0xF3, 0xB8, 0x83, 0xD5, 0x4F, 0x04, 0x83, 0xD2, 0x2F, 0x06,
    0xF9, 0xF5, 0xEC, 0x3E, 0x08, 0x99, 0xDE, 0x1B, 0x05, 0x83, 0xE6, 0xD5, 0xAD, 0x33, 0x30, 0xE8,
    0xAA, 0x62, 0x90, 0x2D, 0x3D, 0xF2, 0xB0, 0x21, 0x20, 0x0B, 0xC1, 0x20, 0x2A, 0xE6, 0x2A, 0x06,
    0x15, 0x82, 0x41, 0x0B, 0x9D, 0x01, 0x21, 0x0C, 0x3A, 0xF4, 0xC0, 0xD3, 0x6F, 0x21, 0x6F, 0x3B,
    0x92, 0x30, 0x08, 0xA3, 0x9D, 0x27, 0x9C, 0x9B, 0x1D, 0xAC, 0xF4, 0x44, 0xFA, 0x1F, 0xAA, 0x51,
    0xD9, 0x7D, 0xBF, 0xF3, 0xC2, 0xEF, 0x07, 0x0F, 0xD3, 0xDD, 0x19, 0xDE, 0x2F, 0x88, 0xA6, 0x83,
    0x3F, 0x52, 0xE2, 0xF3, 0x8C, 0x19, 0x33, 0x8A, 0xA1, 0x40, 0xDA, 0x6F, 0x98, 0x51, 0xD4, 0x80,
    0x43, 0x9B, 0x25, 0x88, 0xD3, 0x77, 0x8C, 0xCA, 0x37, 0x27, 0x78, 0x95, 0x51, 0x9F, 0x3A, 0xD2,
    0x80, 0x32, 0xEA, 0x09, 0xA6, 0x06, 0x7B, 0x46, 0x3D, 0xDD, 0xD5, 0xC8, 0xE2, 0x1A, 0xE3, 0x7E,
    0x93, 0xD0, 0x3D, 0x5F, 0x2E, 0xFD, 0xB5, 0xB8, 0x1C, 0x69, 0x30, 0x2B, 0xDF, 0x69, 0x84, 0x60,
    0x2F, 0xF4, 0xC3, 0xA9, 0x9D, 0x5F, 0x78, 0xCC, 0x98, 0xB0, 0x85, 0xA0, 0xD4, 0x12, 0xE4, 0xDB,
    0x2D, 0x5B, 0x88, 0xB0, 0x6C, 0xB1, 0xA5, 0x53, 0xCB, 0x96, 0x5B, 0xCF, 0x03, 0x5B, 0xCC, 0x9F,
    0x78, 0xA3, 0xDA, 0x42, 0xFD, 0x46, 0xED, 0xEC, 0x25, 0x51, 0xE3, 0xE4, 0xB6, 0xB6, 0x20, 0x7E,
    0xAE, 0x6D, 0xB4, 0x9F, 0x0B, 0x12, 0x2D, 0x3E, 0x68, 0xF6, 0x90, 0x7B, 0x46, 0xDA, 0x77, 0x39,
    0x98, 0xAC, 0xF3, 0xDA, 0x14, 0xAC, 0xBD, 0x0A, 0xCE, 0xFE, 0xC5, 0x8B, 0x5A, 0x3A, 0xFD, 0xBA,
    0xD7, 0x7A, 0xE9, 0x3D, 0x45, 0xEA, 0x85, 0x25, 0x2D, 0x3C, 0x47, 0xF5, 0x27, 0xCF, 0x2F, 0x3C,
    0x87, 0x95, 0x87, 0x80, 0x7D, 0xCB, 0x80, 0xBF, 0x3E, 0xD1, 0x7A, 0x41, 0x9B, 0xB7, 0x16, 0x5F,
    0xA8, 0xC4, 0x92, 0xFB, 0x9E, 0xBC, 0xA7, 0x64, 0x5C, 0x7D, 0xF2, 0x1C, 0x23, 0xD4, 0x9E, 0xA9,
    0x17, 0x06, 0xF6, 0x77, 0x16, 0x95, 0x26, 0x7F, 0xB1, 0x67, 0xF2, 0xD7, 0x7B, 0x02, 0xFA, 0xCC,
    0x5D, 0x8D, 0x37, 0x5E, 0xE9, 0x1D, 0x9F, 0x96, 0x42, 0xD8, 0xA4, 0xEB, 0xBB, 0x74, 0xC3, 0xCE,
    0xC6, 0x6C, 0x84, 0xC0, 0xAB, 0x06, 0x1E, 0xB6, 0x09, 0x26, 0xEC, 0x6A, 0x1C, 0x90, 0x74, 0x36,
    0x36, 0xB4, 0x51, 0x21, 0x77, 0x36, 0xAE, 0xCB, 0xC6, 0x97, 0x3A, 0xD8, 0x01, 0xA1, 0x58, 0xAF,
    0x01, 0xDC, 0xBD, 0xBA, 0xA3, 0xB3, 0x31, 0x70, 0x47, 0x2A, 0x5A, 0x38, 0xBC, 0x02, 0xED, 0xD3,
    0x58, 0x84, 0xB6, 0x97, 0xC5, 0xF9, 0x91, 0xC5, 0xA9, 0x26, 0xF7, 0x88, 0x5D, 0xA6, 0xFF, 0x07,
    0xED, 0x5D, 0xBD, 0x93, 0xE4, 0xC6, 0x75, 0xEF, 0x99, 0xE1, 0xEE, 0xB8, 0x38, 0x55, 0x06, 0x5D,
    0x45, 0xA9, 0xA4, 0xBB, 0x2A, 0x4E, 0x4A, 0x05, 0x3E, 0xFC, 0x03, 0xB2, 0x00, 0x7D, 0x95, 0x42,
    0x51, 0x55, 0x22, 0x03, 0x39, 0x90, 0xAA, 0xCC, 0x80, 0xA6, 0x83, 0x4D, 0x1C, 0x28, 0x90, 0x0C,
    0x88, 0x0C, 0x1C, 0x28, 0xE0, 0x06, 0xCC, 0x9C, 0x30, 0x38, 0x56, 0x89, 0x7B, 0xC1, 0x39, 0x60,
    0xB0, 0x81, 0x4F, 0x80, 0xCC, 0x80, 0xC1, 0x05, 0x42, 0x59, 0x81, 0x03, 0x06, 0x42, 0x59, 0x47,
    0xB3, 0xEE, 0x18, 0x10, 0xA4, 0x86, 0x36, 0xF6, 0x0E, 0x83, 0xD6, 0xFB, 0xEC, 0x6E, 0xCC, 0xCE,
    0xCC, 0xEE, 0xF1, 0x73, 0x77, 0x6F, 0xE7, 0xEA, 0x16, 0x0F, 0xD8, 0x99, 0x59, 0xF4, 0xFB, 0xF8,
    0xBD, 0xD7, 0xEF, 0xBD, 0x6E, 0x18, 0x43, 0xAF, 0xD1, 0x6B, 0x57, 0x8C, 0xBE, 0x26, 0x5D, 0x96,
    0x2B, 0x3D, 0xED, 0x8A, 0x72, 0xDD, 0xF5, 0x51, 0x73, 0xCD, 0x3C, 0xD4, 0x6B, 0x7E, 0xC7, 0x91,
    0x23, 0xDB, 0x3B, 0x7A, 0x6A, 0xAD, 0xFB, 0xFE, 0xC8, 0xDA, 0x4A, 0xE9, 0xB8, 0xB7, 0x8D, 0xD2,
    0x49, 0x93, 0x78, 0xBA, 0x9E, 0x2F, 0x1C, 0x5D, 0xCD, 0x1B, 0xF3, 0x78, 0x2A, 0xD7, 0xE3, 0xC6,
    0x44, 0xF0, 0xAB, 0xAF, 0xC1, 0x67, 0x17, 0x45, 0x6D, 0xF0, 0x6D, 0x71, 0x85, 0xDF, 0x59, 0x1A,
    0xF8, 0x95, 0x49, 0xEC, 0xC1, 0x9E, 0xB5, 0xF7, 0x9E, 0x49, 0x6A, 0xA4, 0xE9, 0xD5, 0x22, 0x9D,
    0x31, 0xDD, 0x21, 0x3D, 0x0B, 0x68, 0x03, 0xC4, 0xFE, 0x55, 0xCB, 0x7F, 0x3A, 0xE3, 0xFB, 0x4A,
    0x3A, 0xBC, 0xCE, 0xF7, 0x1B, 0xDB, 0x7D, 0x73, 0x55, 0xE8, 0x88, 0x3E, 0x96, 0xEA, 0x80, 0xAC,
    0x8E, 0x6F, 0x84, 0xB4, 0xDE, 0xEE, 0x1C, 0x2E, 0xA7, 0x7A, 0xEB, 0x2F, 0x1E, 0x3C, 0x33, 0x64,
    0xCF, 0x25, 0xFF, 0xBF, 0x5C, 0xFE, 0x9F, 0xF0, 0xFA, 0xC5, 0xCC, 0x71, 0xDE, 0xD8, 0x79, 0xED,
    0x39, 0x19, 0x37, 0xEB, 0xAE, 0x9B, 0x17, 0x76, 0xF5, 0xFD, 0x5F, 0x79, 0x46, 0x19, 0x07, 0x3F,
    0xFE, 0x4A, 0x8E, 0xBF, 0x45, 0xA6, 0xE2, 0x78, 0xF9, 0x58, 0xD8, 0x1C, 0x8F, 0x33, 0x1C, 0x03,
    0x1C, 0x33, 0xBC, 0xE7, 0xA4, 0x19, 0xD3, 0x90, 0xE2, 0x66, 0x4A, 0x43, 0x88, 0x9B, 0x19, 0x8D,
    0xD0, 0x1F, 0x27, 0x24, 0x2D, 0xB8, 0x01, 0xF9, 0xBD, 0x49, 0x96, 0x7C, 0x8C, 0x2C, 0x0E, 0x77,
    0x61, 0x26, 0xC8, 0x1E, 0x94, 0x83, 0xAD, 0xF9, 0x98, 0xC1, 0xDF, 0x9A, 0xB7, 0xF0, 0x1E, 0xE0,
    0xE3, 0xBC, 0x43, 0x1E, 0x22, 0xEF, 0x0E, 0x0E, 0x0A, 0x7B, 0x57, 0x78, 0x68, 0x4B, 0x91, 0x41,
    0x39, 0xC1, 0x9F, 0x3F, 0x85, 0x6F, 0x00, 0x01, 0xB5, 0x63, 0x9B, 0x86, 0xDC, 0xD8, 0x09, 0x98,
    0x47, 0xEA, 0x30, 0x0E, 0xE8, 0x38, 0x75, 0xF4, 0x54, 0xE4, 0x43, 0x7F, 0x5B, 0x74, 0x0B, 0xE8,
    0xB1, 0xEA, 0x19, 0xE8, 0x4B, 0x6C, 0x8F, 0x8C, 0xD2, 0xD6, 0x0A, 0xD3, 0x22, 0xF8, 0x83, 0xAD,
    0x2A, 0x65, 0x3B, 0x71, 0x1A, 0x3A, 0xA4, 0x47, 0x4E, 0x43, 0xA3, 0xD6, 0x64, 0x9D, 0xA7, 0xE7,
    0xD6, 0xD3, 0x7A, 0x0B, 0x48, 0x8F, 0xAC, 0x08, 0x28, 0x82, 0x37, 0x67, 0x70, 0x4F, 0xA8, 0xBB,
    0x48, 0x23, 0x3F, 0x50, 0x77, 0x91, 0x8E, 0x7A, 0xBE, 0x5F, 0x3C, 0x46, 0x70, 0x43, 0x28, 0xE0,
    0xC8, 0xDE, 0x03, 0x1E, 0xDD, 0x4F, 0x51, 0x76, 0xC2, 0xA7, 0x3A, 0xA0, 0x1B, 0x47, 0xBF, 0x2D,
    0xF4, 0x91, 0xB5, 0x4B, 0x53, 0x94, 0x28, 0xDB, 0x58, 0xF4, 0x0F, 0x75, 0x37, 0x6B, 0x54, 0x15,
    0xD3, 0xB1, 0xBB, 0x17, 0xE2, 0xB6, 0x18, 0xB8, 0x57, 0x63, 0xD2, 0xFF, 0xA5, 0xF1, 0xBA, 0xEB,
    0x75, 0xEB, 0xC5, 0xEB, 0xAB, 0xDA, 0xB9, 0xEB, 0xC9, 0x2C, 0xB0, 0x6C, 0xA7, 0xB2, 0x99, 0xE3,
    0xDA, 0xD4, 0xF1, 0x18, 0x8C, 0xB0, 0x75, 0x5A, 0xEC, 0x2E, 0x4E, 0xDC, 0x45, 0x20, 0xF3, 0x55,
    0x72, 0xBA, 0x34, 0x7A, 0xDF, 0x05, 0xF0, 0xB8, 0x68, 0x1D, 0x82, 0xC4, 0x3D, 0xDB, 0x24, 0x08,
    0x76, 0x46, 0x6F, 0x2E, 0x6C, 0xD1, 0xC0, 0x9B, 0x41, 0xCE, 0x63, 0xBB, 0x98, 0xA3, 0x8E, 0x37,
    0xA4, 0x0F, 0x20, 0x06, 0x93, 0xB4, 0x38, 0xEC, 0x6A, 0x8A, 0x5A, 0xB8, 0xC4, 0xC1, 0x2D, 0x26,
    0xA4, 0x88, 0xA0, 0xFC, 0xB6, 0xFF, 0x01, 0xF1, 0xFA, 0x48, 0x31, 0x02, 0x5E, 0x55, 0xF6, 0x27,
    0x25, 0xEB, 0xAC, 0xB2, 0xF6, 0x03, 0x20, 0x7E, 0x0D, 0x57, 0xCB, 0xB9, 0xFD, 0x57, 0x6B, 0x8F,
    0x46, 0xB6, 0xCC, 0xCA, 0xD1, 0x6F, 0x74, 0xA8, 0xA5, 0x67, 0x45, 0xB5, 0x8E, 0x4C, 0x3C, 0x23,
    0x3D, 0xAA, 0x85, 0x64, 0x60, 0xD1, 0x1E, 0xEA, 0x50, 0x7D, 0x1C, 0xD9, 0x39, 0x72, 0xE6, 0xC9,
    0xE9, 0xFE, 0x56, 0x00, 0x19, 0x05, 0x06, 0x14, 0xFB, 0x7B, 0x1C, 0x7B, 0xF4, 0x05, 0xEE, 0xD5,
    0xFE, 0xB2, 0xA7, 0xE7, 0x5E, 0x0D, 0x80, 0xAB, 0x95, 0x87, 0x9E, 0x65, 0xF0, 0x2D, 0xD5, 0x5A,
    0xDA, 0x58, 0x3F, 0x00, 0x46, 0x07, 0x87, 0xF4, 0xFE, 0x76, 0x26, 0xC1, 0x2D, 0x18, 0x0F, 0xFA,
    0x2C, 0x26, 0x41, 0x77, 0x92, 0x93, 0xA0, 0x3B, 0xA1, 0x96, 0xA0, 0x3B, 0xD0, 0x0E, 0xDD, 0x0F,
    0x6E, 0x8A, 0x85, 0x24, 0x81, 0x55, 0x64, 0x01, 0x4D, 0xC8, 0xF2, 0xDF, 0x4C, 0x1B, 0x02, 0xE9,
    0xA2, 0xFA, 0xC2, 0xD0, 0xFD, 0x92, 0xFF, 0x5F, 0x2E, 0xFF, 0x3F, 0x27, 0xEF, 0x3A, 0xF4, 0xB1,
    0xA1, 0x75, 0xAF, 0xA5, 0x9A, 0x4F, 0x4B, 0x01, 0x02, 0x0A, 0x40, 0x20, 0x00, 0x12, 0x35, 0xD5,
    0x08, 0x87, 0xE1, 0x8F, 0x28, 0x42, 0x3F, 0xA4, 0x18, 0xFC, 0x62, 0x87, 0x7D, 0xE8, 0x0D, 0x18,
    0xFA, 0x90, 0x62, 0xE4, 0x43, 0xBE, 0x33, 0xF0, 0x59, 0x7B, 0xDD, 0xE3, 0x9E, 0x71, 0xB0, 0x67,
    0x18, 0xF5, 0xFA, 0x0C, 0x28, 0x02, 0xBD, 0xC5, 0xD5, 0xA5, 0xF1, 0x98, 0xE7, 0x21, 0xCF, 0xC3,
    0x9C, 0xA7, 0xB6, 0x8F, 0xDE, 0x33, 0xD8, 0x63, 0x9D, 0x87, 0x3A, 0x8F, 0x74, 0x1E, 0xE8, 0xB6,
    0xE0, 0x5C, 0x10, 0x16, 0x04, 0xC8, 0xF9, 0x09, 0xC9, 0x10, 0x70, 0x3F, 0x3D, 0xD9, 0x6D, 0x22,
    0xC5, 0xC0, 0xA2, 0xCE, 0xD9, 0x17, 0x92, 0x1A, 0xBC, 0xF6, 0x46, 0xAD, 0xAB, 0xB0, 0xEF, 0x1A,
    0x6F, 0x5C, 0xA9, 0xB7, 0xAD, 0x5C, 0x4D, 0x6B, 0x8F, 0x49, 0xB0, 0xAC, 0x76, 0x6A, 0x4D, 0x60,
    0x58, 0x81, 0x5D, 0x05, 0x66, 0x15, 0x58, 0x55, 0x60, 0x54, 0xA1, 0x4D, 0x85, 0x26, 0xB5, 0x6A,
    0x51, 0x97, 0xAC, 0xFE, 0xC2, 0x58, 0x7D, 0x4A, 0xE0, 0xF2, 0xF8, 0x14, 0xC2, 0x56, 0x80, 0x5A,
    0x0E, 0xB4, 0x1C, 0x5A, 0x39, 0xD3, 0xF4, 0x44, 0xF3, 0x10, 0x44, 0xBC, 0x9D, 0x98, 0xC9, 0xAC,
    0x00, 0x98, 0xC7, 0xC4, 0x98, 0xE2, 0x4C, 0x20, 0xA6, 0x56, 0x26, 0x04, 0xC0, 0x98, 0x86, 0x88,
    0x78, 0x11, 0xB7, 0x44, 0x24, 0x35, 0xC9, 0xA4, 0x05, 0xD7, 0x30, 0xC5, 0x40, 0xB8, 0x1B, 0x21,
    0x44, 0xA5, 0xF0, 0xCE, 0x1B, 0xB6, 0x9F, 0xFA, 0x69, 0x82, 0xCD, 0x41, 0x0E, 0xBD, 0x4E, 0x14,
    0x16, 0x19, 0xC0, 0x13, 0xCE, 0x14, 0xAA, 0xC8, 0xBE, 0x24, 0x9E, 0xE2, 0x85, 0x63, 0xCC, 0x42,
    0xEC, 0x34, 0xBB, 0xAD, 0x0B, 0x1F, 0x41, 0xC0, 0xA9, 0x9B, 0x81, 0xF2, 0x94, 0x80, 0x10, 0x74,
    0x42, 0x77, 0xC5, 0x18, 0x3A, 0xB3, 0x18, 0x64, 0x32, 0x8A, 0x46, 0x1D, 0xCE, 0x59, 0x04, 0x47,
    0x9B, 0x59, 0xAF, 0x48, 0x9A, 0x34, 0x18, 0x3E, 0x32, 0x96, 0xE2, 0x54, 0xA5, 0x64, 0x34, 0x7D,
    0xDF, 0xDA, 0xEF, 0x0E, 0xE2, 0x48, 0x88, 0x13, 0x09, 0x51, 0x7B, 0x0E, 0x2A, 0x09, 0x53, 0xBB,
    0x84, 0x68, 0x42, 0xD5, 0x7A, 0x66, 0x7F, 0x67, 0x73, 0xC5, 0xD5, 0x7F, 0x1C, 0x06, 0x93, 0x61,
    0x08, 0x39, 0xA0, 0x83, 0x78, 0x32, 0x8C, 0x22, 0x07, 0x74, 0xE0, 0xC6, 0x42, 0xBB, 0x0B, 0xCD,
    0x26, 0x34, 0x96, 0x30, 0xAC, 0x3C, 0x29, 0xAE, 0xD4, 0x4F, 0xE8, 0x1D, 0xCD, 0x8F, 0xE9, 0x82,
    0xBB, 0x32, 0x2D, 0x37, 0xC0, 0x76, 0x30, 0x77, 0xD8, 0xE1, 0x88, 0x04, 0x6E, 0xA7, 0xA1, 0x58,
    0x26, 0x97, 0x8F, 0xAB, 0x8B, 0x33, 0x20, 0x1F, 0x1E, 0x59, 0x56, 0x0B, 0x01, 0x3F, 0x0B, 0x1A,
    0x53, 0xD2, 0xDF, 0x40, 0x07, 0xA6, 0x86, 0x6B, 0xD4, 0x6C, 0x53, 0x8A, 0x36, 0x5A, 0x24, 0x46,
    0xF6, 0xB6, 0xAD, 0x70, 0xAE, 0x30, 0xD5, 0x00, 0x28, 0xB6, 0x1A, 0x36, 0x75, 0x7A, 0xA1, 0xD1,
    0xF9, 0x49, 0xE9, 0x63, 0x1F, 0x66, 0x51, 0xBD, 0x7A, 0xC7, 0x41, 0x7C, 0xA7, 0xAC, 0x9C, 0xF4,
    0xC2, 0x0D, 0x24, 0xE8, 0xE6, 0x27, 0xCE, 0x67, 0x1F, 0x3E, 0x2A, 0xDC, 0x90, 0x6F, 0x59, 0xF8,
    0x2C, 0xD2, 0x1A, 0x47, 0xDE, 0xF9, 0x5C, 0xD2, 0x1A, 0x43, 0xF5, 0x66, 0xEA, 0x26, 0x79, 0x14,
    0x43, 0xB3, 0x89, 0x2E, 0xD5, 0x40, 0xF1, 0x5B, 0xD8, 0x3C, 0x67, 0xCE, 0x38, 0x91, 0x62, 0xD3,
    0x24, 0x30, 0x21, 0xC3, 0x8C, 0x97, 0x3E, 0xC8, 0xB9, 0xEB, 0x8D, 0xB2, 0x74, 0x41, 0x8E, 0x18,
    0x64, 0x9F, 0xA8, 0x39, 0x2E, 0xA6, 0xDE, 0x18, 0xCF, 0x50, 0x90, 0x13, 0xBE, 0xBA, 0x20, 0xEA,
    0x77, 0x56, 0x38, 0xB1, 0xEE, 0x6F, 0x8E, 0x3D, 0x89, 0xBA, 0x17, 0x68, 0x1F, 0xBC, 0x37, 0xDF,
    0xFC, 0xBD, 0xA2, 0x0D, 0x57, 0x6B, 0x50, 0x11, 0x37, 0x98, 0xF1, 0x90, 0x44, 0x6F, 0x8A, 0x39,
    0x9E, 0x5E, 0x52, 0x17, 0x2D, 0xFD, 0x61, 0xCA, 0x5C, 0x2C, 0x29, 0x03, 0x44, 0x3E, 0xC0, 0xDE,
    0xD3, 0xBC, 0xC5, 0x6C, 0x65, 0x22, 0x60, 0x17, 0x4A, 0xBE, 0xE2, 0x92, 0x16, 0x47, 0x30, 0xBB,
    0x4F, 0x24, 0x47, 0x24, 0x13, 0x10, 0xE1, 0x62, 0x6C, 0xD3, 0x5D, 0x51, 0xC5, 0x20, 0x61, 0x31,
    0xF5, 0x13, 0x83, 0x51, 0x90, 0xAE, 0x88, 0xFD, 0xEC, 0x69, 0x74, 0x3C, 0x59, 0xB1, 0x8E, 0x7D,
    0x93, 0x3E, 0x98, 0x0E, 0x79, 0xA6, 0xFA, 0xAB, 0xCC, 0xBE, 0x53, 0xBE, 0xD2, 0x15, 0xB1, 0xAC,
    0x92, 0xF8, 0xD7, 0x24, 0x18, 0x51, 0xF6, 0x41, 0x30, 0x32, 0xED, 0x7D, 0x30, 0x62, 0x83, 0x60,
    0xE4, 0x5E, 0x30, 0xA9, 0x0A, 0xE6, 0x54, 0x8E, 0x93, 0x3F, 0x74, 0x33, 0x2A, 0xF0, 0x3D, 0xD5,
    0x17, 0x18, 0x8C, 0x5C, 0xB2, 0xEF, 0xCB, 0x8F, 0xE5, 0xCC, 0x3C, 0x5F, 0x7F, 0x8C, 0xCA, 0xF5,
    0xC7, 0x13, 0x5E, 0x3A, 0xDF, 0xD7, 0xB9, 0xBE, 0xCE, 0xF3, 0x99, 0x9D, 0x6F, 0x68, 0x5C, 0x5C,
    0x0A, 0x23, 0x2B, 0xE1, 0x62, 0x29, 0x2C, 0xCC, 0x95, 0x7F, 0xCA, 0x3C, 0xE5, 0x9C, 0xB2, 0x4D,
    0x79, 0xE6, 0x18, 0xE6, 0xB8, 0xA5, 0xAC, 0x0A, 0xFD, 0xDF, 0x48, 0x35, 0x8A, 0x90, 0x11, 0xFD,
    0x1F, 0x43, 0x24, 0x7E, 0x61, 0x2B, 0xFE, 0x8F, 0x09, 0xF0, 0x7F, 0x71, 0x2B, 0xE8, 0xC4, 0xA9,
    0x58, 0xF2, 0x7F, 0x77, 0x9D, 0xFF, 0x2B, 0x55, 0xF0, 0x15, 0x67, 0x36, 0xD1, 0x9F, 0x91, 0xFF,
    0xC3, 0x34, 0xE5, 0x76, 0xFF, 0x37, 0xAE, 0xBF, 0xC5, 0xFE, 0x6F, 0xD6, 0xC2, 0xFB, 0x28, 0x13,
    0xD2, 0xC1, 0x87, 0xD0, 0xFF, 0xCD, 0xDA, 0x22, 0xA5, 0x3B, 0x1E, 0xED, 0x7F, 0x63, 0x63, 0x34,
    0xB0, 0x42, 0x2C, 0x1F, 0xC6, 0x26, 0x2E, 0x04, 0x37, 0x36, 0x7B, 0x74, 0xE3, 0x3C, 0x3A, 0xD9,
    0xB7, 0x24, 0x6D, 0xD5, 0xA3, 0x4F, 0x7A, 0xF5, 0xE8, 0x13, 0x17, 0x6C, 0x63, 0xD8, 0xCD, 0x1E,
    0x1D, 0xB3, 0xEC, 0xEA, 0xD1, 0xC1, 0xC5, 0xA8, 0x47, 0x6F, 0x9C, 0x47, 0x5F, 0x48, 0xB2, 0x16,
    0x2C, 0x5C, 0x3C, 0xFA, 0xC8, 0xD6, 0xA7, 0xF1, 0xE8, 0x87, 0x51, 0xCE, 0x1E, 0x7D, 0xDC, 0x27,
    0x12, 0x60, 0x4D, 0x6C, 0x22, 0x11, 0xD6, 0xA8, 0x8F, 0x25, 0xC9, 0x62, 0x9E, 0x07, 0x6B, 0xF9,
    0xCC, 0x3C, 0xFA, 0xAC, 0x5A, 0x17, 0xAE, 0x87, 0xC9, 0xE0, 0xD3, 0xF9, 0xEE, 0x67, 0x9C, 0xEF,
    0x36, 0x45, 0xEE, 0x02, 0x11, 0x1B, 0x90, 0xA9, 0xFA, 0xEE, 0x11, 0x4E, 0xAC, 0xD4, 0x77, 0xA7,
    0xEA, 0xBB, 0x35, 0xA5, 0xC7, 0xBE, 0x7B, 0xDF, 0x3B, 0xEC, 0x6E, 0x0D, 0xF9, 0x16, 0x93, 0xE8,
    0xBB, 0x21, 0xEE, 0x3C, 0xAD, 0xEF, 0xBE, 0x36, 0xAD, 0xD4, 0x77, 0xDB, 0x1F, 0x36, 0xEA, 0xBB,
    0xED, 0x2B, 0x0B, 0xF5, 0xDD, 0x05, 0x5C, 0x15, 0xDF, 0xFD, 0x8D, 0x71, 0xBE, 0x3A, 0x36, 0xD2,
    0xF5, 0x20, 0x63, 0x97, 0xFA, 0x84, 0x5D, 0xAA, 0x08, 0x86, 0x5A, 0x24, 0x20, 0xA6, 0x63, 0x8B,
    0xB9, 0x36, 0xE0, 0x3C, 0x03, 0x8F, 0x2D, 0x59, 0x2D, 0x05, 0xBA, 0xB1, 0xBD, 0xED, 0x0A, 0x81,
    0x3A, 0xB6, 0xD3, 0x78, 0x86, 0xBF, 0xD3, 0xB1, 0xF5, 0x6E, 0x6C, 0x00, 0x74, 0xF6, 0xA7, 0x8D,
    0x62, 0x9D, 0xA5, 0x60, 0x9E, 0xE0, 0xEE, 0x51, 0x19, 0xDB, 0x67, 0xEE, 0xF5, 0xD8, 0xB9, 0x0E,
    0x23, 0x03, 0x8D, 0x3C, 0x26, 0x62, 0x48, 0x13, 0xF9, 0xDC, 0xF8, 0x7E, 0x39, 0x48, 0x8C, 0x6B,
    0x5D, 0x6A, 0xB2, 0x6A, 0x91, 0xA3, 0x7C, 0xF4, 0x2C, 0x83, 0x40, 0x44, 0x55, 0xA8, 0xAC, 0xE6,
    0x82, 0x74, 0xD2, 0xC0, 0xB1, 0xE5, 0xCA, 0xA7, 0xB5, 0xEF, 0x02, 0xBF, 0x77, 0xBE, 0xBF, 0x07,
    0x2C, 0x20, 0x4D, 0x07, 0x3C, 0x23, 0xC3, 0xCF, 0xF8, 0x08, 0xDC, 0xA1, 0x4A, 0x5F, 0x01, 0x0A,
    0x3F, 0x6F, 0x5F, 0x44, 0x56, 0x1D, 0x14, 0x8B, 0x82, 0x8B, 0x46, 0x8D, 0xC5, 0x1C, 0x06, 0x7C,
    0x27, 0xE8, 0x38, 0xF2, 0x2E, 0xB5, 0x77, 0x90, 0xCB, 0xED, 0x16, 0xF6, 0x1C, 0x0E, 0x43, 0x29,
    0xF5, 0x22, 0x63, 0xC5, 0xD3, 0xEB, 0x8F, 0x00, 0x3F, 0xD6, 0x8C, 0xEB, 0x16, 0x8F, 0x8B, 0x2E,
    0xC1, 0xB8, 0xE8, 0x08, 0xE3, 0xA2, 0xD9, 0x0A, 0x8E, 0xEB, 0xF0, 0x1C, 0x8C, 0x4B, 0xFD, 0x90,
    0xFA, 0x08, 0xF5, 0x1A, 0x91, 0x86, 0x60, 0xA2, 0xEC, 0xB3, 0xF7, 0xE5, 0x28, 0x58, 0x30, 0x17,
    0x1D, 0xF8, 0xEB, 0x74, 0x7D, 0x15, 0x16, 0x81, 0xC2, 0xEC, 0xE5, 0x70, 0xCC, 0x81, 0x57, 0x0B,
    0x8E, 0x0F, 0x10, 0x5F, 0x0B, 0x4C, 0x4C, 0x59, 0x32, 0xF4, 0xE2, 0x01, 0xFC, 0x12, 0xA2, 0x04,
    0xFB, 0x3B, 0xCC, 0x56, 0xD5, 0xC0, 0xBF, 0x02, 0x1C, 0x5D, 0xCD, 0xC9, 0xCC, 0x04, 0xF8, 0x91,
    0x03, 0x0E, 0x64, 0x75, 0x06, 0x93, 0x34, 0x7B, 0x60, 0xAB, 0x42, 0x26, 0xCB, 0x34, 0x3A, 0x1C,
    0xCF, 0xCB, 0x96, 0x20, 0xBB, 0x37, 0x45, 0x37, 0xA7, 0xB9, 0xD6, 0xAE, 0x67, 0xF2, 0xE3, 0x79,
    0xE8, 0x54, 0x65, 0xA6, 0xD6, 0x0E, 0xA6, 0x0C, 0xD9, 0x9B, 0x1C, 0x0B, 0xF0, 0x55, 0x99, 0xAC,
    0x05, 0xAA, 0x0C, 0x77, 0x6F, 0x7E, 0x86, 0x41, 0x00, 0xF2, 0x38, 0xB2, 0x34, 0x8F, 0x8F, 0x41,
    0x12, 0x70, 0xC8, 0x1E, 0x58, 0x33, 0x5B, 0x1A, 0xFB, 0x5F, 0x16, 0x22, 0xFE, 0x91, 0x7D, 0xC9,
    0x82, 0x4D, 0x8C, 0x2D, 0x0C, 0x60, 0x62, 0xE1, 0x5F, 0x8F, 0x87, 0x25, 0x84, 0x09, 0x13, 0x3B,
    0x5D, 0xCE, 0xD1, 0xAD, 0xFD, 0x13, 0xDC, 0xE8, 0xC1, 0xCD, 0x9E, 0x47, 0xB0, 0x94, 0xBE, 0x0F,
    0x29, 0xE6, 0xC2, 0x08, 0x10, 0xB5, 0x60, 0xE6, 0x00, 0x6E, 0x1E, 0xA1, 0x14, 0x21, 0x71, 0x6C,
    0xDF, 0x2D, 0xA4, 0x40, 0x55, 0x71, 0xD2, 0xA4, 0xE4, 0x30, 0x95, 0x75, 0xB0, 0x5D, 0x4D, 0x79,
    0x9C, 0x55, 0xD4, 0xF8, 0xA5, 0xA0, 0x86, 0x65, 0xD4, 0x40, 0xD3, 0x20, 0xD4, 0xB0, 0xC2, 0xEA,
    0x17, 0xCE, 0xF0, 0xFD, 0x1B, 0xBE, 0x7F, 0xD6, 0x0E, 0xD5, 0xEA, 0xE1, 0x79, 0x98, 0xDF, 0xBD,
    0x35, 0x04, 0x88, 0xF1, 0xEA, 0x47, 0xB6, 0x06, 0xDA, 0xE7, 0x7D, 0xFC, 0x67, 0xC4, 0xEA, 0x8F,
    0xB1, 0x75, 0xA1, 0x3D, 0x63, 0xC3, 0x6C, 0x9F, 0x9E, 0x8F, 0x5E, 0x3B, 0x43, 0x76, 0x0E, 0x90,
    0x8B, 0x76, 0x9E, 0x94, 0x64, 0xE7, 0x49, 0x45, 0x76, 0x0E, 0x67, 0x68, 0xE7, 0x12, 0x73, 0xED,
    0xE6, 0xCF, 0x33, 0xFA, 0xFE, 0x0F, 0xBB, 0xDE, 0xF8, 0xCF, 0x0C, 0xC3, 0xF3, 0x8F, 0x7A, 0x09,
    0xC9, 0x0F, 0xCF, 0x8F, 0x7E, 0x3D, 0x44, 0x54, 0x71, 0x11, 0xC6, 0x7D, 0x8B, 0xC7, 0x41, 0xB8,
    0x00, 0xE3, 0xA0, 0x23, 0x8C, 0x83, 0x4C, 0x0A, 0xC7, 0x71, 0x78, 0x0E, 0xC6, 0x71, 0x65, 0xC4,
    0xB6, 0x96, 0xFD, 0x9A, 0x0D, 0xAB, 0xF8, 0x3D, 0xBF, 0x21, 0xBB, 0xCD, 0xC7, 0x6B, 0xE3, 0x7A,
    0xFD, 0xFD, 0x9F, 0x11, 0x7C, 0x90, 0xF6, 0x52, 0x6D, 0x21, 0xD5, 0xB6, 0x52, 0x38, 0x2F, 0x19,
    0x2E, 0xE2, 0x35, 0xF7, 0xCE, 0xF8, 0xA0, 0x00, 0xA1, 0x08, 0xA1, 0x10, 0xA1, 0x18, 0x21, 0x20,
    0x61, 0x04, 0x25, 0x8C, 0xC0, 0x84, 0x11, 0x9C, 0x30, 0x02, 0x14, 0x46, 0x90, 0xC2, 0x08, 0x54,
    0x18, 0xC1, 0x0A, 0x23, 0x60, 0x21, 0x47, 0x18, 0x3E, 0xC3, 0x85, 0x11, 0xBC, 0x50, 0xC0, 0x70,
    0x88, 0xA1, 0xA1, 0x81, 0xC6, 0x06, 0x1A, 0x1C, 0xB8, 0xE8, 0x60, 0x50, 0x11, 0x79, 0x5A, 0x8E,
    0xFD, 0x0A, 0x7E, 0x6B, 0x13, 0xCB, 0x93, 0x12, 0xD5, 0xBD, 0xCD, 0x33, 0x9E, 0xE4, 0x36, 0xCB,
    0x37, 0xBE, 0xCD, 0xE7, 0xB3, 0xEF, 0x54, 0x67, 0x55, 0xAE, 0x6C, 0x17, 0x54, 0x4D, 0x26, 0xD3,
    0xE0, 0x36, 0xBE, 0x48, 0x92, 0x4A, 0x24, 0x2F, 0xFC, 0x89, 0xC5, 0x5A, 0xC3, 0x36, 0x82, 0x8A,
    0x9F, 0xB2, 0x99, 0xFC, 0xF8, 0x39, 0x4E, 0xD2, 0x53, 0x3E, 0x88, 0xBF, 0x95, 0xEA, 0xC4, 0x53,
    0xDB, 0xB0, 0xBD, 0xE0, 0x79, 0xC3, 0x26, 0x03, 0xB3, 0xD0, 0xA5, 0x61, 0xAB, 0xB9, 0x89, 0xDF,
    0x2E, 0x86, 0x43, 0x39, 0x03, 0xB6, 0x1D, 0xFC, 0xBC, 0x98, 0x0F, 0xC5, 0x38, 0x64, 0x41, 0x7D,
    0xFA, 0x10, 0x49, 0xE7, 0xA0, 0x1C, 0x37, 0x3F, 0x29, 0xFD, 0xE2, 0xA7, 0xA1, 0xCF, 0xA6, 0xAA,
    0xA7, 0x53, 0xCE, 0x04, 0xA3, 0x08, 0x26, 0x3C, 0x32, 0x94, 0xC2, 0x84, 0x13, 0xC4, 0x28, 0x08,
    0xEC, 0xAD, 0x3C, 0x32, 0x24, 0x8B, 0xD1, 0x8F, 0xFE, 0x1E, 0x79, 0x42, 0xE2, 0xC0, 0x61, 0xE6,
    0x2C, 0x11, 0xE4, 0x43, 0x29, 0xFD, 0x04, 0x30, 0x92, 0x92, 0xE5, 0x62, 0xF6, 0xE0, 0x2B, 0x59,
    0x34, 0x05, 0x26, 0x4C, 0x0A, 0xCD, 0x6E, 0xC1, 0x30, 0x3F, 0x90, 0x5A, 0x38, 0x90, 0x2F, 0xEB,
    0x45, 0x11, 0x93, 0x74, 0xB5, 0xEE, 0x9E, 0xAA, 0x90, 0x34, 0x0F, 0x4A, 0xCB, 0x9E, 0x0F, 0x45,
    0xB9, 0xEE, 0xEA, 0x95, 0x0B, 0x24, 0xF9, 0xC3, 0x75, 0xB5, 0x8A, 0xA0, 0x98, 0x31, 0x0E, 0x5A,
    0xE6, 0x56, 0xEA, 0x48, 0xE7, 0x58, 0xF2, 0x41, 0x29, 0x20, 0x5E, 0xDF, 0x81, 0x5A, 0x9F, 0x26,
    0xD3, 0x78, 0xA9, 0x04, 0xE1, 0x2B, 0x31, 0xEB, 0xEC, 0x26, 0x68, 0xAD, 0x2C, 0x3C, 0x27, 0x4F,
    0x5C, 0x39, 0x71, 0x3E, 0x95, 0xEB, 0x67, 0xAC, 0x11, 0x9C, 0x7E, 0x5E, 0x44, 0x3E, 0x82, 0x89,
    0xDB, 0x60, 0x65, 0x47, 0xD4, 0xB1, 0x5E, 0xC8, 0x09, 0x6B, 0xC6, 0xF4, 0x3A, 0xB8, 0xDA, 0xD9,
    0x92, 0x75, 0x63, 0xD6, 0xA1, 0x73, 0xEA, 0x5D, 0x18, 0x95, 0x54, 0x24, 0x0D, 0x8E, 0xA5, 0xB2,
    0x12, 0xF3, 0x3F, 0xA8, 0x21, 0xF3, 0x05, 0x70, 0x1A, 0x4E, 0x48, 0x47, 0x12, 0x70, 0xDF, 0xD5,
    0xB4, 0x67, 0x2D, 0xB1, 0xF6, 0x86, 0xBD, 0x7F, 0x73, 0xA9, 0x7A, 0x42, 0x89, 0x4F, 0xD5, 0x14,
    0x1A, 0x0E, 0xEB, 0x4A, 0x9F, 0xD9, 0x8F, 0x71, 0x76, 0x40, 0xDA, 0x72, 0x67, 0x6E, 0xAB, 0xAC,
    0x3F, 0xBD, 0xBF, 0x08, 0xA3, 0xC5, 0xB0, 0xD0, 0x19, 0x6A, 0xCE, 0x50, 0x77, 0x36, 0x6A, 0xCF,
    0x05, 0xE7, 0xDB, 0xAD, 0x90, 0x1F, 0x76, 0xD3, 0xC9, 0xC8, 0x6E, 0xE2, 0xEE, 0xE9, 0x5E, 0x17,
    0x99, 0x89, 0xA3, 0x10, 0x84, 0xF7, 0x2A, 0x8E, 0x8B, 0x19, 0x54, 0x6A, 0x0E, 0xFA, 0x14, 0xC1,
    0x23, 0xD7, 0x03, 0x81, 0x91, 0x1D, 0xC2, 0xE8, 0x53, 0xFB, 0xC6, 0xA6, 0xF1, 0x82, 0x63, 0x40,
    0x5C, 0xAB, 0x93, 0x43, 0x10, 0x2C, 0x81, 0x20, 0xFC, 0x06, 0x57, 0xBA, 0x70, 0x34, 0x08, 0x02,
    0x88, 0x3A, 0x86, 0x89, 0xAC, 0x1A, 0x5B, 0x62, 0x15, 0x02, 0x85, 0xAD, 0x21, 0xFE, 0x9D, 0xB7,
    0x04, 0x15, 0x37, 0x6C, 0x7F, 0xD3, 0xDE, 0xA3, 0x99, 0x8B, 0x7B, 0x35, 0x7E, 0x9C, 0x38, 0x87,
    0x21, 0xC0, 0x38, 0xC2, 0x3E, 0x6F, 0x9B, 0x33, 0x64, 0xEC, 0x67, 0xF6, 0xDB, 0xC4, 0xF3, 0x00,
    0x34, 0x02, 0x61, 0x3D, 0x2B, 0xEE, 0x43, 0x6A, 0xE7, 0xB5, 0x5F, 0x05, 0x06, 0x5C, 0xEA, 0x8C,
    0x93, 0x17, 0xCA, 0x4A, 0xFC, 0x48, 0xB4, 0x4F, 0x95, 0x0D, 0x71, 0x25, 0xB8, 0x70, 0xA7, 0xFF,
    0x01, 0x61, 0x1E, 0x88, 0x6C, 0xDE, 0x4C, 0x30, 0x84, 0x67, 0x04, 0x84, 0x01, 0x63, 0xA7, 0x3B,
    0x02, 0x32, 0x0A, 0x2D, 0x69, 0xB0, 0x0B, 0x08, 0x4B, 0x9D, 0x28, 0xB5, 0xA2, 0xC9, 0x70, 0x29,
    0x50, 0x2E, 0x62, 0xEB, 0x41, 0x2C, 0x7B, 0xD6, 0x84, 0x72, 0xEB, 0x4D, 0x28, 0xB8, 0x56, 0x5C,
    0x4C, 0x97, 0x71, 0xE1, 0x94, 0x45, 0x57, 0xCD, 0x18, 0x80, 0x5D, 0x2B, 0xF8, 0xC1, 0xEB, 0xDB,
    0x4D, 0x60, 0xA8, 0xF6, 0x2B, 0x67, 0x43, 0x2B, 0xF8, 0x04, 0x66, 0xF0, 0x88, 0x71, 0x77, 0xF4,
    0x63, 0xE3, 0xAD, 0x21, 0xD3, 0x29, 0x10, 0x57, 0x97, 0xBD, 0x35, 0xC4, 0x38, 0x54, 0xB2, 0x86,
    0x6F, 0xA5, 0xBC, 0xAC, 0x89, 0xAC, 0x01, 0x4C, 0xDB, 0x1E, 0xCD, 0x2D, 0x5B, 0x43, 0x86, 0x7E,
    0x71, 0x62, 0xD9, 0x1A, 0x8A, 0x32, 0xC1, 0x95, 0x46, 0x6C, 0x0D, 0xB6, 0x2C, 0xD0, 0xF9, 0x92,
    0x35, 0x8C, 0xE1, 0xBD, 0x95, 0x99, 0xF5, 0x62, 0x0D, 0xF0, 0x2D, 0x3B, 0x45, 0x17, 0x5A, 0x43,
    0x1B, 0x5A, 0x43, 0xCD, 0xD6, 0xF0, 0x21, 0x4F, 0xA3, 0xD8, 0x1A, 0x52, 0xB8, 0x19, 0x1C, 0x9B,
    0x58, 0xC3, 0x73, 0x07, 0xAF, 0x6E, 0x96, 0xE3, 0x78, 0x31, 0x98, 0xA1, 0x74, 0xEB, 0x2B, 0xEA,
    0xC7, 0x7F, 0x37, 0x5A, 0x5C, 0xEA, 0xC7, 0xE9, 0x3C, 0xF7, 0xD0, 0x75, 0x0F, 0x7D, 0xF7, 0x8A,
    0xF3, 0xDE, 0x12, 0xFB, 0x5D, 0x4A, 0xEC, 0x8B, 0xC1, 0x4B, 0xE4, 0xAE, 0x3F, 0x43, 0x0E, 0x7A,
    0xBC, 0x24, 0xEE, 0x1E, 0x5E, 0x72, 0xF7, 0x21, 0xEC, 0x61, 0x16, 0x66, 0x96, 0xE6, 0x61, 0x0F,
    0x6E, 0xD8, 0x23, 0x3E, 0xFC, 0xCD, 0xB4, 0x3A, 0x9D, 0x07, 0xBA, 0x40, 0xB8, 0xFC, 0x95, 0x60,
    0x1E, 0xB9, 0xA9, 0x09, 0xFF, 0x34, 0x74, 0xB2, 0x89, 0xAE, 0x57, 0x69, 0xD6, 0xC7, 0xA4, 0xDE,
    0xC5, 0xBE, 0x2A, 0x52, 0xB8, 0xA4, 0xCE, 0x6C, 0x2B, 0xBA, 0x98, 0xFC, 0x09, 0x75, 0x81, 0x35,
    0x91, 0x1A, 0x3C, 0x44, 0x0F, 0x13, 0xD4, 0x95, 0x9C, 0xB5, 0x30, 0xB1, 0xED, 0x48, 0x75, 0x30,
    0xC1, 0x29, 0xB3, 0x68, 0x60, 0x62, 0x8D, 0xD7, 0xBF, 0x2E, 0xD4, 0x3E, 0x6C, 0x1F, 0x11, 0xDD,
    0xBB, 0x7F, 0xC3, 0x86, 0x9A, 0xB7, 0x0C, 0xF4, 0x6E, 0xA1, 0xD3, 0x6C, 0xEE, 0xDD, 0x21, 0x9D,
    0xC3, 0x75, 0xF2, 0x6B, 0x27, 0xB1, 0x61, 0x58, 0x93, 0x86, 0xF4, 0xD4, 0xF7, 0x79, 0xA4, 0xD1,
    0xC2, 0xD3, 0xF3, 0x80, 0x8E, 0x7C, 0x03, 0x48, 0xEA, 0x95, 0x2E, 0x5C, 0x06, 0x1E, 0x74, 0xC9,
    0xAC, 0xD0, 0x57, 0x7B, 0x4D, 0x1E, 0xDB, 0x5F, 0xD1, 0xA4, 0x99, 0x13, 0xA3, 0xAF, 0x48, 0x56,
    0x82, 0xF2, 0x06, 0xA8, 0x7A, 0xAC, 0x7B, 0x40, 0x16, 0x3D, 0xCF, 0xA0, 0x71, 0x74, 0x53, 0xBC,
    0x84, 0x9A, 0x67, 0x71, 0x91, 0xB4, 0x61, 0xC5, 0x83, 0x37, 0x03, 0x21, 0x7A, 0xD7, 0x60, 0x12,
    0x59, 0xD4, 0x8E, 0x56, 0x1E, 0x8B, 0xD6, 0xDD, 0xBB, 0x09, 0x6F, 0xF3, 0x4A, 0xB7, 0x30, 0x5E,
    0xE7, 0x2A, 0x9D, 0x49, 0x53, 0x82, 0x82, 0x35, 0x4E, 0x1B, 0x1F, 0x8F, 0xCD, 0xA5, 0x77, 0x5E,
    0x75, 0x6C, 0xB0, 0xA2, 0x0B, 0x33, 0x2C, 0x20, 0x90, 0x26, 0xCC, 0x59, 0xF6, 0x15, 0xF5, 0xBE,
    0x89, 0x16, 0x64, 0xED, 0x63, 0xA2, 0x03, 0x38, 0xDD, 0x67, 0x0D, 0x90, 0x24, 0x04, 0xC8, 0x5F,
    0x28, 0x5C, 0xBC, 0x57, 0x63, 0x97, 0x11, 0xC9, 0xBE, 0x9D, 0x4A, 0x72, 0x05, 0xBE, 0x61, 0xE1,
    0x72, 0x2B, 0xAD, 0x93, 0xBA, 0x9F, 0xB2, 0x68, 0x59, 0x02, 0x11, 0x87, 0xE5, 0x7D, 0xF7, 0x21,
    0x66, 0xC7, 0xDE, 0xBF, 0x7A, 0xDF, 0x1A, 0xF8, 0xD5, 0x15, 0x9F, 0xFA, 0xD5, 0x67, 0x5C, 0x73,
    0x60, 0xE7, 0x7A, 0xB9, 0x3B, 0x91, 0x25, 0x5A, 0x80, 0x48, 0x52, 0xE5, 0x38, 0xB2, 0xF5, 0x13,
    0x2C, 0x45, 0xDE, 0x20, 0x00, 0x65, 0xC8, 0x0E, 0x02, 0x25, 0xC8, 0x5D, 0x21, 0x28, 0xBF, 0x91,
    0xCD, 0x47, 0xA9, 0x48, 0xAF, 0x9E, 0x4B, 0x06, 0x24, 0xC1, 0x9E, 0x7F, 0x4D, 0x80, 0xD4, 0xC5,
    0xF1, 0xF9, 0x4C, 0xAA, 0x32, 0xAB, 0x55, 0x62, 0xD7, 0xB7, 0x26, 0xD6, 0xE2, 0xF4, 0x78, 0xBA,
    0x34, 0x68, 0x2D, 0x74, 0xD7, 0xE6, 0xA7, 0x4C, 0x4C, 0x3D, 0xBA, 0x7A, 0xB0, 0x26, 0x12, 0xF0,
    0x9E, 0xDE, 0x83, 0x49, 0x30, 0x5B, 0xFA, 0xE5, 0x29, 0xA7, 0x46, 0xE7, 0x5B, 0xC3, 0x92, 0x35,
    0x39, 0x46, 0x9F, 0x62, 0xF4, 0xD7, 0xAE, 0x9D, 0xAE, 0xA7, 0xD8, 0xED, 0x47, 0x01, 0x5A, 0xD3,
    0xB9, 0x98, 0x47, 0xE5, 0x93, 0x38, 0xAD, 0x2B, 0xFE, 0xD7, 0xE6, 0xAC, 0x75, 0x36, 0xC7, 0xFC,
    0x21, 0x65, 0x78, 0xD3, 0xA2, 0x24, 0xAD, 0x1B, 0xE1, 0x2A, 0x19, 0xC9, 0xEF, 0xDE, 0xB7, 0x15,
    0x6B, 0x9D, 0x54, 0xC8, 0x0A, 0xF2, 0x23, 0x95, 0xFA, 0x1E, 0x2B, 0x9E, 0x67, 0xB7, 0x57, 0xBF,
    0x83, 0x9F, 0x26, 0xAD, 0x7B, 0xE3, 0xB9, 0x9B, 0xDE, 0xE7, 0xF8, 0x48, 0xA7, 0x75, 0xFE, 0x46,
    0x23, 0x9C, 0x30, 0xBA, 0xF9, 0xDC, 0xB4, 0xEE, 0x92, 0xCF, 0x27, 0xF1, 0xF9, 0x64, 0x0E, 0xDD,
    0x52, 0x0E, 0x05, 0xF1, 0xBB, 0x5D, 0xB1, 0xE6, 0x1D, 0x15, 0xD6, 0x05, 0xE4, 0x50, 0x77, 0x7C,
    0xD4, 0x93, 0x35, 0x9C, 0x38, 0x21, 0xC7, 0xF3, 0xA4, 0x0B, 0xBC, 0x5D, 0x88, 0xE3, 0x96, 0xE4,
    0x31, 0x5E, 0x31, 0xEB, 0x95, 0x6B, 0x63, 0xFB, 0x6F, 0x3D, 0xA3, 0xD9, 0xA4, 0xC7, 0x3F, 0x47,
    0x85, 0x03, 0xEA, 0x78, 0x40, 0x34, 0x9B, 0x52, 0xCF, 0x03, 0x97, 0x0D, 0xDE, 0xC7, 0xA9, 0xC8,
    0x03, 0x8C, 0xAD, 0x29, 0x94, 0x23, 0x34, 0xE3, 0x90, 0x07, 0xE3, 0x1D, 0xAB, 0xD1, 0xCE, 0xD5,
    0x07, 0x12, 0xEB, 0xD0, 0x0A, 0x1B, 0x42, 0xB3, 0xD7, 0x7F, 0x52, 0xF8, 0x38, 0xA7, 0x75, 0x51,
    0x4E, 0xED, 0x62, 0x9C, 0x54, 0xD1, 0xEC, 0xCE, 0x71, 0x34, 0xD3, 0x7E, 0x12, 0xDF, 0x51, 0xE2,
    0x7B, 0x4A, 0x7C, 0x57, 0xC9, 0x96, 0x7E, 0x8C, 0x0B, 0x6A, 0x5B, 0xDA, 0xDF, 0xE1, 0x3B, 0x3C,
    0x7C, 0x8F, 0x87, 0xEF, 0xF2, 0xD8, 0xD2, 0xE7, 0x71, 0x41, 0xF5, 0x25, 0x6C, 0xA6, 0x28, 0xDC,
    0xCC, 0xD5, 0x85, 0x00, 0x85, 0x82, 0x8E, 0xDF, 0x58, 0x28, 0xD1, 0x84, 0xF8, 0xC8, 0xED, 0x65,
    0xE4, 0x73, 0xE4, 0xB4, 0xB6, 0x85, 0x34, 0x82, 0x36, 0x66, 0x8A, 0xD8, 0xE3, 0x37, 0xAE, 0x6E,
    0xD9, 0x69, 0xD9, 0x12, 0xD7, 0xBE, 0xB0, 0x46, 0x60, 0x5F, 0x3D, 0x6B, 0x84, 0x74, 0x4C, 0xD3,
    0xD6, 0x43, 0x8D, 0xC4, 0x52, 0x26, 0x59, 0x18, 0xA9, 0x58, 0x62, 0xE7, 0x0F, 0x6B, 0xC4, 0xBC,
    0x93, 0x7A, 0xE5, 0x41, 0xD1, 0x3A, 0x8D, 0x58, 0x38, 0x8D, 0x68, 0x9C, 0x46, 0xE4, 0xAA, 0x11,
    0xED, 0xE7, 0xE7, 0xD5, 0x1E, 0x5D, 0xFE, 0xED, 0xB8, 0xF8, 0xB1, 0x50, 0xC4, 0x9D, 0x91, 0xC6,
    0xCA, 0xC8, 0xD9, 0x0B, 0xD1, 0xC8, 0x0F, 0x2F, 0xC6, 0xC8, 0x29, 0xEF, 0xA2, 0x7A, 0x91, 0xD3,
    0x61, 0x56, 0x53, 0xFB, 0x6F, 0xD1, 0xD0, 0xC2, 0x74, 0xDB, 0xA2, 0x95, 0x17, 0xB4, 0x80, 0x0A,
    0xBE, 0x31, 0xC5, 0x95, 0xD1, 0x16, 0x8B, 0x48, 0x06, 0xE7, 0xC0, 0x78, 0x58, 0xD0, 0x81, 0x47,
    0x67, 0xB0, 0x28, 0x35, 0xC6, 0xA5, 0x56, 0xB9, 0xA1, 0x9E, 0x2A, 0x6E, 0xB5, 0xB7, 0x0B, 0x3A,
    0x24, 0x1D, 0xAF, 0x44, 0xE9, 0x29, 0x36, 0x9E, 0x70, 0x88, 0x3C, 0xC6, 0xEF, 0x2C, 0xB1, 0x67,
    0x6A, 0xCF, 0xDE, 0x87, 0xB9, 0x44, 0xCA, 0x86, 0x6F, 0x34, 0x95, 0xF0, 0x1E, 0x8D, 0xA7, 0xFF,
    0x76, 0xB0, 0xD1, 0xD8, 0x71, 0xF0, 0x1A, 0x3B, 0xE7, 0x19, 0x2F, 0x9D, 0xC7, 0xB4, 0xC7, 0xD0,
    0xDD, 0xD5, 0xF5, 0xA6, 0xAE, 0xEC, 0x15, 0xB9, 0x52, 0xDF, 0x3C, 0xD8, 0xBC, 0x4C, 0xAB, 0xE9,
    0x11, 0x69, 0x3B, 0x17, 0xD3, 0x1B, 0xA9, 0xA5, 0x03, 0xF2, 0x88, 0xA3, 0xE0, 0x4D, 0xC4, 0x28,
    0x0F, 0x40, 0x06, 0x42, 0x59, 0x80, 0x31, 0xFD, 0xA7, 0x09, 0x95, 0xAD, 0x04, 0xE3, 0x70, 0x02,
    0x25, 0x18, 0x97, 0x35, 0x52, 0x44, 0x3F, 0x00, 0xDE, 0x14, 0x7E, 0xB6, 0x2F, 0x18, 0x57, 0x2A,
    0xC6, 0xF5, 0x6E, 0xD6, 0x5F, 0x1F, 0xC7, 0x38, 0xCD, 0x30, 0xE9, 0x64, 0x71, 0xD3, 0x51, 0x33,
    0x45, 0x9B, 0x8F, 0x9A, 0x39, 0x92, 0xAC, 0x51, 0x33, 0x6C, 0x55, 0x4C, 0xA4, 0x55, 0x31, 0x69,
    0x24, 0x4B, 0xD4, 0x48, 0x86, 0xA8, 0x11, 0xEF, 0xD6, 0x68, 0x66, 0x52, 0xEA, 0x9A, 0x8D, 0x64,
    0x84, 0x1A, 0xD1, 0xC4, 0x4A, 0xF4, 0xB0, 0x14, 0x2D, 0x14, 0x1D, 0x5C, 0x7C, 0x36, 0xAD, 0xA6,
    0x17, 0x8E, 0x0F, 0xC1, 0x78, 0x6E, 0xF1, 0x91, 0xB1, 0xC7, 0x1F, 0x19, 0x81, 0xE0, 0xBE, 0x0F,
    0xCF, 0xC3, 0x78, 0x9E, 0x1D, 0x4E, 0xC0, 0x37, 0x1D, 0x5D, 0x36, 0xEE, 0x34, 0x47, 0xCA, 0xD2,
    0x95, 0xC3, 0xD6, 0x45, 0x2B, 0xAD, 0x8B, 0x70, 0xE4, 0xAC, 0x5C, 0x29, 0x19, 0xB9, 0x52, 0xA2,
    0x8D, 0x52, 0x33, 0xC0, 0x52, 0xA2, 0x2E, 0x25, 0x03, 0x57, 0x16, 0x3A, 0xAF, 0xFE, 0x40, 0x50,
    0xE7, 0x65, 0xCE, 0xF4, 0xB1, 0xED, 0x55, 0x43, 0xCB, 0x93, 0x3D, 0x8C, 0x64, 0xDD, 0xE6, 0xD6,
    0x43, 0xB7, 0x7A, 0x40, 0x30, 0xE9, 0xB8, 0x31, 0xB5, 0x0B, 0x3B, 0xD7, 0x67, 0xD2, 0xB9, 0xDE,
    0x51, 0x53, 0xEA, 0xAC, 0xA3, 0x9E, 0xD4, 0x59, 0x47, 0x2D, 0xA9, 0xB3, 0x8E, 0x3A, 0x52, 0xE1,
    0x80, 0x0D, 0xA9, 0xB3, 0x8E, 0xFA, 0x51, 0xA3, 0x8E, 0xDA, 0x51, 0x35, 0x5B, 0xDD, 0x6A, 0x8A,
    0x40, 0x72, 0x2E, 0x94, 0x7C, 0x35, 0x9F, 0x74, 0x85, 0x8A, 0x2F, 0x6C, 0x48, 0x51, 0x63, 0xAA,
    0x49, 0x64, 0x60, 0x70, 0x2E, 0xC5, 0x0C, 0x8B, 0x1B, 0xCF, 0xA0, 0xFA, 0xE0, 0x46, 0x3A, 0xD2,
    0x04, 0xC1, 0xF1, 0x61, 0x41, 0x5D, 0x00, 0x9D, 0x14, 0x2F, 0x5A, 0x2C, 0xB1, 0xB0, 0x1A, 0xC1,
    0x28, 0x48, 0x91, 0xC0, 0x8D, 0x2C, 0x49, 0x95, 0x6E, 0x58, 0x1B, 0xB4, 0x3C, 0xF8, 0xA4, 0x91,
    0x34, 0x3B, 0x2C, 0x5D, 0xA7, 0x43, 0x3D, 0x3B, 0xB9, 0x2D, 0xEB, 0x61, 0x03, 0x9D, 0x73, 0x34,
    0xCA, 0x5B, 0x6B, 0x8A, 0x5A, 0x76, 0x4D, 0xF1, 0xFF, 0x94, 0x85, 0xFF, 0xB3, 0x3F, 0x72, 0xAA,
    0x01, 0xCD, 0x35, 0x05, 0x6F, 0x6C, 0x2F, 0x4E, 0x77, 0x82, 0x11, 0x0C, 0x19, 0x39, 0xDD, 0x2F,
    0x77, 0xA7, 0x50, 0x7C, 0x43, 0xAD, 0x29, 0x0D, 0xEE, 0x3E, 0x4B, 0x15, 0x9F, 0x7A, 0xBE, 0x70,
    0xC6, 0xDE, 0x92, 0xB9, 0x4F, 0x6C, 0x15, 0x2D, 0xC8, 0xE0, 0x6F, 0xDA, 0x3E, 0xE8, 0x45, 0xF1,
    0x69, 0x35, 0xE9, 0x42, 0xF9, 0x7F, 0xD7, 0x82, 0x92, 0xC7, 0x47, 0x1B, 0xD3, 0x6A, 0xC9, 0x4A,
    0x1E, 0x43, 0x03, 0x62, 0x3D, 0xBF, 0x66, 0x2E, 0xE4, 0xBA, 0x8E, 0x8B, 0x34, 0xFE, 0x5B, 0x3C,
    0x0E, 0xB6, 0xA4, 0xA2, 0x94, 0xFC, 0xAC, 0x84, 0xF7, 0x30, 0x8E, 0xC3, 0xF3, 0x24, 0xC7, 0x6E,
    0x08, 0x0B, 0x93, 0x95, 0x45, 0x6D, 0x1B, 0xA1, 0xE1, 0x6C, 0xAD, 0x03, 0x93, 0xDA, 0xB2, 0xD4,
    0x8E, 0xA5, 0xCD, 0x58, 0xCE, 0x8E, 0xEF, 0x7C, 0x75, 0x9E, 0xD6, 0x7B, 0x06, 0xDB, 0xD3, 0x18,
    0x5F, 0x19, 0xF7, 0xBB, 0x7A, 0xF0, 0xFE, 0xC3, 0xAC, 0x53, 0x53, 0x9E, 0x1F, 0xB6, 0x74, 0x75,
    0xA9, 0x53, 0xC5, 0xD8, 0x52, 0x5D, 0x97, 0x2A, 0x36, 0x38, 0x1F, 0x90, 0x92, 0xCD, 0xCB, 0x70,
    0x41, 0x32, 0x4F, 0xDF, 0xE1, 0x29, 0x0E, 0x68, 0x99, 0xFD, 0x2E, 0xCF, 0xCB, 0x33, 0x8C, 0x65,
    0x3A, 0x4D, 0x3E, 0x15, 0x7F, 0xC4, 0xD5, 0xFB, 0x1C, 0xCB, 0x81, 0x90, 0x24, 0x9C, 0x83, 0xD3,
    0xAC, 0xF1, 0x75, 0xDB, 0xDA, 0x97, 0x6D, 0x2B, 0x5F, 0xB5, 0xCD, 0x59, 0xFB, 0x8E, 0x76, 0x83,
    0xED, 0x63, 0x47, 0x9F, 0x4B, 0x73, 0x74, 0xF0, 0xAD, 0x13, 0x2F, 0xF1, 0xC8, 0x07, 0x95, 0xB1,
    0xFF, 0x9A, 0x39, 0xA3, 0x0E, 0xEA, 0x01, 0x87, 0x9D, 0xA4, 0xBA, 0x05, 0xB1, 0x81, 0xCB, 0x30,
    0xC4, 0x06, 0xAA, 0xC3, 0xF4, 0x11, 0xED, 0x10, 0x81, 0xA9, 0xA8, 0xE5, 0x8C, 0x3A, 0xCC, 0x41,
    0x8D, 0x27, 0xCB, 0x88, 0xA6, 0xD9, 0xA0, 0xC9, 0x93, 0x3E, 0xFA, 0xB3, 0x64, 0xA3, 0xC6, 0x36,
    0x6B, 0xD0, 0x0F, 0x52, 0x90, 0x08, 0x5C, 0x28, 0x45, 0xA5, 0xF1, 0x13, 0xBE, 0x50, 0x9B, 0xFB,
    0x3A, 0xAD, 0x2B, 0xC8, 0xC0, 0x97, 0xB1, 0x7A, 0xDF, 0xB9, 0x4A, 0xF7, 0xC3, 0x1A, 0xFE, 0x98,
    0xEB, 0x80, 0xE0, 0x12, 0xF6, 0xA6, 0x9F, 0x1B, 0x3B, 0xEF, 0x53, 0xDF, 0x5E, 0xCF, 0xFB, 0xB2,
    0x64, 0x14, 0x33, 0x67, 0x96, 0x14, 0x91, 0x27, 0xDD, 0x96, 0x76, 0x78, 0xE1, 0x1D, 0x56, 0x30,
    0x77, 0x87, 0x3F, 0x71, 0x4F, 0xB3, 0xE4, 0x9D, 0xA5, 0x99, 0x2E, 0x8B, 0xB7, 0xA8, 0xE7, 0xFB,
    0x25, 0x5A, 0xC6, 0x34, 0xB1, 0x3C, 0xE7, 0x34, 0x9A, 0x71, 0xA4, 0xFC, 0xDA, 0xFE, 0x1E, 0x4F,
    0x82, 0x9F, 0xF0, 0xCD, 0xB1, 0xA2, 0x8F, 0xB4, 0xE5, 0x22, 0x55, 0x0F, 0x35, 0x4E, 0x88, 0xB4,
    0xA7, 0x05, 0x22, 0x56, 0xE9, 0x86, 0x5D, 0x8A, 0x16, 0x4E, 0x54, 0x07, 0x99, 0xC8, 0x2C, 0x63,
    0x11, 0xEA, 0x1F, 0x67, 0x14, 0xE0, 0xDE, 0xC0, 0x94, 0x44, 0xF7, 0x96, 0x9A, 0xAD, 0xE8, 0x34,
    0x59, 0xE1, 0x7A, 0x05, 0x34, 0xED, 0x79, 0x74, 0x72, 0xDC, 0x37, 0xA9, 0x65, 0xD9, 0x72, 0xB4,
    0x90, 0x75, 0xCB, 0xD1, 0x11, 0x26, 0x15, 0xD0, 0x76, 0x1A, 0x59, 0xB9, 0x3C, 0xDE, 0x7F, 0xFA,
    0x7C, 0x8D, 0xCB, 0xC8, 0xB8, 0x58, 0xFD, 0x05, 0xC7, 0x69, 0x5C, 0x44, 0x34, 0x8A, 0xF0, 0x7E,
    0x5C, 0x41, 0xA4, 0xE8, 0x70, 0xDF, 0x11, 0x3E, 0x4C, 0x3C, 0x31, 0x4A, 0xBC, 0xA0, 0xFC, 0xD1,
    0x7E, 0xE8, 0x4C, 0x5A, 0xA1, 0x33, 0xE9, 0x82, 0xD6, 0x06, 0xE8, 0x58, 0x7A, 0x9F, 0xE7, 0xD2,
    0xF6, 0x1C, 0x49, 0xC7, 0xB3, 0x36, 0x3B, 0x6B, 0x9F, 0xB3, 0x04, 0x94, 0x46, 0xBA, 0x9B, 0x0F,
    0xAC, 0x06, 0x93, 0x1A, 0x4A, 0x4A, 0x20, 0xA9, 0x3D, 0x42, 0x77, 0xCC, 0xD6, 0x05, 0x55, 0xD1,
    0xAF, 0x18, 0xDB, 0x92, 0x3F, 0xB0, 0x0F, 0x4F, 0xDE, 0x63, 0x70, 0x4C, 0xDE, 0xE2, 0xF3, 0xC7,
    0xD3, 0xD7, 0xF8, 0x7E, 0xBF, 0xCE, 0x4B, 0x1A, 0x79, 0x53, 0x23, 0x5A, 0x9A, 0x48, 0xDE, 0x0E,
    0x25, 0x8C, 0xEE, 0x0E, 0x5D, 0x38, 0xFA, 0x3B, 0x98, 0x1F, 0x93, 0xC3, 0xA3, 0x79, 0x2F, 0xE5,
    0xDD, 0x4A, 0x72, 0x79, 0xD8, 0x79, 0x8E, 0x3E, 0x0F, 0x8E, 0xE4, 0xF4, 0xE0, 0x3A, 0x79, 0xBD,
    0x1B, 0x36, 0x77, 0xF3, 0x5F, 0xEB, 0x11, 0x81, 0x30, 0x61, 0xC9, 0xEB, 0x70, 0xB6, 0x2E, 0x69,
    0xC4, 0x6D, 0x8F, 0xC0, 0x21, 0xFD, 0x27, 0x6E, 0x7A, 0x04, 0xFE, 0x6F, 0xD2, 0x27, 0x98, 0xEE,
    0x6B, 0xC7, 0x4B, 0x59, 0x09, 0xFD, 0xBC, 0x6E, 0x0E, 0x76, 0x25, 0xDF, 0x56, 0xFC, 0xF3, 0x00,
    0xEF, 0x43, 0x9C, 0xDF, 0xFE, 0xBB, 0xFB, 0xC4, 0xE2, 0x58, 0xE1, 0xC6, 0xDC, 0xF1, 0x53, 0x85,
    0x61, 0xCE, 0x95, 0xA4, 0xF9, 0x98, 0x16, 0x72, 0x38, 0x7E, 0xD0, 0x46, 0x76, 0xC9, 0xCF, 0xF1,
    0x26, 0xD7, 0x1C, 0xC0, 0x18, 0xC9, 0xCF, 0x81, 0x3E, 0x48, 0x7E, 0xCE, 0xD2, 0xF6, 0xB3, 0xDC,
    0xB9, 0x7E, 0xDD, 0xF7, 0xE6, 0xF8, 0xCE, 0x1C, 0xC9, 0x10, 0x40, 0x84, 0x20, 0x78, 0xBF, 0x4F,
    0x19, 0xC7, 0xA1, 0x94, 0x7F, 0xB3, 0xDA, 0xC1, 0xE9, 0x36, 0x78, 0xD2, 0x3D, 0x3A, 0xFC, 0x9A,
    0xAA, 0xE9, 0x83, 0x34, 0x08, 0x03, 0x28, 0x4F, 0xD0, 0x1B, 0x96, 0x37, 0xB1, 0x2F, 0xF2, 0x7B,
    0x69, 0x89, 0xFB, 0x43, 0x91, 0xD3, 0xEE, 0x3F, 0x2C, 0xF3, 0x94, 0xD7, 0xB1, 0xD2, 0x7E, 0x0D,
    0x96, 0x1B, 0x90, 0x78, 0x25, 0x2B, 0x11, 0xB2, 0x94, 0x95, 0xD7, 0xB2, 0x62, 0x96, 0x92, 0xB3,
    0x07, 0xF6, 0x7E, 0x5A, 0xD8, 0x41, 0xEA, 0x80, 0xE6, 0x66, 0x96, 0x76, 0x57, 0x5C, 0x90, 0xF4,
    0x97, 0xC0, 0x70, 0x15, 0xBF, 0x93, 0xBF, 0x57, 0x00, 0xB7, 0xA8, 0xD5, 0xAD, 0x6A, 0x75, 0xCB,
    0x5A, 0xFD, 0xBA, 0x56, 0x1F, 0x07, 0x9D, 0x5D, 0x61, 0xAD, 0xED, 0xCC, 0x31, 0xC7, 0xBB, 0x70,
    0xBC, 0xEA, 0xFA, 0x6B, 0x57, 0x06, 0x63, 0x1B, 0xEB, 0xD0, 0xCE, 0xB4, 0xCC, 0xA8, 0xB9, 0x15,
    0x65, 0x46, 0x3B, 0x2B, 0xA0, 0xCC, 0x48, 0x4D, 0x51, 0x66, 0xBC, 0xD7, 0xC2, 0x8E, 0x6C, 0xB6,
    0x40, 0xAF, 0x17, 0x76, 0x45, 0x3D, 0x69, 0x1B, 0x33, 0x19, 0xA6, 0xE6, 0x19, 0x47, 0xD6, 0xAD,
    0xFC, 0x3B, 0x9C, 0xE5, 0x5B, 0xA4, 0xBC, 0xE3, 0xA4, 0x3C, 0x6B, 0x55, 0xCA, 0x34, 0x1F, 0x62,
    0x98, 0x5D, 0xA8, 0x94, 0xF9, 0x19, 0x2C, 0x34, 0xAB, 0x58, 0xA8, 0x94, 0x31, 0xDD, 0x2E, 0x52,
    0xB6, 0x6F, 0x78, 0x29, 0x97, 0x4E, 0xCA, 0xA5, 0x24, 0xED, 0x20, 0x02, 0x12, 0x29, 0x53, 0x36,
    0x7E, 0x20, 0xE5, 0x71, 0x2E, 0xDB, 0x5F, 0x44, 0x1F, 0xF6, 0x5A, 0x39, 0xB6, 0x62, 0x6E, 0x1F,
    0xF2, 0xFE, 0x71, 0x10, 0xA8, 0xFD, 0xC7, 0x46, 0xD1, 0x3D, 0xA1, 0xA2, 0x2B, 0x4A, 0x16, 0x1D,
    0x12, 0x02, 0xB2, 0x39, 0x8B, 0x8E, 0x08, 0x14, 0x1D, 0x6E, 0xB4, 0x47, 0xA2, 0xC3, 0xBA, 0x8F,
    0x88, 0xAE, 0xDF, 0x2F, 0xFC, 0xDA, 0x1E, 0x1B, 0xCE, 0x35, 0xFE, 0x00, 0x57, 0x48, 0x74, 0x26,
    0x6B, 0x3F, 0x3B, 0x73, 0xA3, 0x97, 0x13, 0xE2, 0xC4, 0x3F, 0x23, 0xA5, 0x3B, 0x7E, 0xED, 0xB1,
    0x1F, 0x39, 0xC5, 0x9E, 0xAB, 0x66, 0x5B, 0x15, 0xB6, 0x29, 0xDC, 0xC3, 0x27, 0xFE, 0x76, 0x96,
    0x9E, 0x65, 0x11, 0x9B, 0xC7, 0x5D, 0x86, 0xA2, 0x5C, 0x25, 0x62, 0xBD, 0xE9, 0xEF, 0x4B, 0x8C,
    0x3B, 0x69, 0x84, 0x11, 0xB3, 0x8F, 0xA5, 0x9C, 0x3D, 0xFB, 0x78, 0xC9, 0x6A, 0x30, 0xAE, 0x0F,
    0x2F, 0x8C, 0x1A, 0x38, 0x61, 0xED, 0xBC, 0x36, 0x94, 0x98, 0x2B, 0x66, 0xF9, 0x53, 0xBF, 0xFA,
    0x8B, 0xA6, 0x5C, 0x7E, 0xFD, 0x17, 0x9D, 0x86, 0x2B, 0xC0, 0x1C, 0x26, 0x57, 0xB4, 0x06, 0xCC,
    0x01, 0x33, 0xAF, 0x02, 0x73, 0xE8, 0x4C, 0xEB, 0xC0, 0xAC, 0x87, 0x68, 0x5C, 0x09, 0x66, 0xEF,
    0x9A, 0xB0, 0xCB, 0x3A, 0x94, 0x31, 0xBC, 0xB2, 0x60, 0x3D, 0xD8, 0x3B, 0xB6, 0x9F, 0xDB, 0x2A,
    0x58, 0x11, 0xB6, 0x40, 0x86, 0xAE, 0x62, 0xF7, 0x5E, 0x3E, 0x68, 0xFC, 0x0F, 0x0B, 0x10, 0x4E,
    0x84, 0xE6, 0x27, 0xA1, 0x1C, 0xA9, 0x25, 0x98, 0x84, 0xE9, 0xCE, 0x48, 0xA2, 0x47, 0xA8, 0xB7,
    0x36, 0x77, 0xC0, 0x0C, 0x03, 0x29, 0x72, 0x87, 0xCE, 0x30, 0xE8, 0xA2, 0x94, 0x0D, 0x22, 0xA8,
    0x67, 0x1F, 0xCF, 0x08, 0xA7, 0x7B, 0x8A, 0x1A, 0x2B, 0x05, 0x6B, 0x5A, 0xDB, 0xD7, 0xA8, 0xBC,
    0xEF, 0xE1, 0xE2, 0xBE, 0xFE, 0xD5, 0xC1, 0x90, 0x97, 0x01, 0xFD, 0x80, 0xF7, 0x76, 0xB7, 0xF6,
    0x8F, 0xB8, 0xBE, 0xAF, 0x81, 0x33, 0xD2, 0x01, 0xDC, 0xCD, 0xD2, 0xE6, 0x71, 0xE7, 0x14, 0xC1,
    0x0C, 0xB4, 0xC1, 0x0C, 0x55, 0x62, 0xA8, 0x17, 0x43, 0xE5, 0x18, 0x6A, 0xC8, 0x8A, 0x9A, 0xAC,
    0x81, 0x0C, 0x79, 0x3D, 0x3D, 0x3C, 0xB5, 0x5B, 0x4F, 0x87, 0xEB, 0x10, 0x75, 0x7F, 0x0A, 0xFD,
    0xDB, 0x6F, 0x0D, 0xF6, 0xEA, 0x4E, 0xDE, 0x19, 0xD4, 0x88, 0xE2, 0xDB, 0x83, 0xD3, 0x8D, 0x7B,
    0x57, 0x98, 0xF5, 0x42, 0xBF, 0xA8, 0x5A, 0xAD, 0x3E, 0x6B, 0xC0, 0x9B, 0x01, 0x1F, 0xA3, 0x66,
    0xF3, 0xEF, 0xFE, 0xE6, 0x7B, 0x83, 0xF4, 0x60, 0x12, 0xC8, 0x63, 0xBC, 0xCC, 0x82, 0x2F, 0x1D,
    0x0D, 0xCE, 0xCC, 0xE1, 0x53, 0x97, 0x36, 0xF5, 0xD9, 0xDB, 0x94, 0x74, 0x58, 0x68, 0x8B, 0x85,
    0x91, 0x1E, 0x0B, 0x3E, 0x16, 0xBC, 0x67, 0x2D, 0x66, 0xA5, 0xA4, 0xCD, 0xC2, 0x48, 0x9F, 0x85,
    0xA1, 0x46, 0x0B, 0xEE, 0xAD, 0x28, 0x90, 0xA1, 0xD2, 0x6A, 0x41, 0xBD, 0x16, 0xBC, 0xC1, 0xAC,
    0xC9, 0x38, 0x6E, 0xE3, 0x7E, 0x05, 0x5A, 0x6E, 0x50, 0xF2, 0xB4, 0xDF, 0x72, 0xD8, 0x4C, 0x7B,
    0xAA, 0xE2, 0x71, 0x4E, 0xAE, 0x0D, 0x37, 0x53, 0x36, 0xD2, 0x7A, 0x51, 0xD2, 0x7F, 0x7C, 0x36,
    0x1A, 0x76, 0x5D, 0xDC, 0xF0, 0x8E, 0xA9, 0x75, 0xFE, 0xE9, 0x3D, 0x5A, 0xF1, 0xD2, 0x51, 0xE7,
    0x45, 0x1E, 0x2F, 0x36, 0xF6, 0x5E, 0x98, 0x91, 0x5F, 0x3B, 0xE5, 0xBA, 0x2F, 0x82, 0xF6, 0x8B,
    0xA0, 0xFF, 0x62, 0xE4, 0x19, 0xEA, 0x3B, 0x30, 0x82, 0x16, 0x8C, 0xA0, 0x07, 0xC3, 0xED, 0x5A,
    0x48, 0x5D, 0x18, 0xB9, 0x71, 0x6D, 0x18, 0xB5, 0x8B, 0x38, 0x58, 0x33, 0xC9, 0xC0, 0xF9, 0x51,
    0x55, 0x1C, 0x73, 0xB8, 0x66, 0x6B, 0x7E, 0x50, 0x95, 0xEF, 0xC5, 0xD0, 0x66, 0x8C, 0xA2, 0x31,
    0xAE, 0x1B, 0x43, 0x03, 0x8F, 0x83, 0x03, 0x6C, 0xA5, 0xF6, 0x3A, 0x65, 0x8E, 0xA7, 0xF8, 0x96,
    0x89, 0x4E, 0xEB, 0x2D, 0xAF, 0xF7, 0x5E, 0x31, 0xDA, 0x67, 0x57, 0xDB, 0xCD, 0x7D, 0xDF, 0xB9,
    0x27, 0xF2, 0x4F, 0x44, 0x94, 0xC6, 0xD5, 0xBD, 0x5D, 0x8E, 0xDE, 0x55, 0xBE, 0x5D, 0xE9, 0xDB,
    0xD5, 0xBE, 0xB5, 0xF8, 0xAD, 0x6B, 0x51, 0x4A, 0x5D, 0x88, 0x52, 0x39, 0x10, 0x73, 0xF0, 0xE5,
    0x02, 0x12, 0xB7, 0xE0, 0xA9, 0xE3, 0xF1, 0xFE, 0x1F, 0x88, 0x9E, 0x6B, 0x61, 0xF8, 0x10, 0xC0,
    0x0D, 0x53, 0x26, 0xBF, 0x33, 0x48, 0xBC, 0xF5, 0x31, 0x06, 0xAB, 0xBB, 0x82, 0x9C, 0x83, 0xD9,
    0xE0, 0xAD, 0xD5, 0xEC, 0xD9, 0x4A, 0x3E, 0x0D, 0x87, 0xF0, 0x8B, 0x73, 0x33, 0xE9, 0xFB, 0xF4,
    0x13, 0xF5, 0x2F, 0x3F, 0xBE, 0xDF, 0x96, 0x06, 0xF4, 0x79, 0x40, 0xB8, 0x29, 0x35, 0xB7, 0x99,
    0xBB, 0x26, 0xA9, 0xC0, 0xD3, 0x4E, 0xD4, 0xCF, 0x46, 0x98, 0x7F, 0x0D, 0x37, 0xE0, 0x45, 0x99,
    0x15, 0xAF, 0x2C, 0x58, 0x66, 0xF6, 0xF7, 0x2D, 0xCB, 0x8C, 0x5B, 0x7E, 0x41, 0x24, 0x5F, 0x1F,
    0x0B, 0x8B, 0xAE, 0xE6, 0x94, 0x40, 0xCA, 0x8E, 0x8C, 0xF9, 0x17, 0x07, 0xCC, 0xC0, 0x87, 0x7F,
    0x28, 0xCD, 0x93, 0x1F, 0x55, 0xE6, 0xE7, 0x1F, 0xD5, 0xE6, 0xE7, 0xA0, 0x06, 0xB8, 0xB4, 0x32,
    0xC9, 0xC5, 0xD0, 0xB6, 0xBC, 0xAE, 0x1C, 0xBC, 0x81, 0x65, 0xA7, 0x12, 0x57, 0xA4, 0x24, 0x7C,
    0xCC, 0xC3, 0xB6, 0x03, 0x7C, 0xC0, 0xE6, 0xF4, 0xED, 0x92, 0xFE, 0x4F, 0x3E, 0xC8, 0xE9, 0xDA,
    0x1E, 0x66, 0x18, 0x61, 0x40, 0xDC, 0xAF, 0x0D, 0x7A, 0xFF, 0xB5, 0xC6, 0xEC, 0x7C, 0xF3, 0x4D,
    0xF3, 0xD4, 0x37, 0x0F, 0xCD, 0x53, 0xA0, 0x0C, 0xB4, 0x3A, 0xB6, 0xDE, 0x5A, 0x3D, 0xE2, 0xC2,
    0xE4, 0xC1, 0x41, 0x3A, 0x03, 0x75, 0xC7, 0x15, 0x46, 0x11, 0x1F, 0xEB, 0xD5, 0xF1, 0xFC, 0x33,
    0xFC, 0x7F, 0x93, 0x9E, 0xE0, 0xB4, 0x66, 0x3C, 0x57, 0x4B, 0xB3, 0x4B, 0x0B, 0xED, 0x52, 0x73,
    0xED, 0x14, 0x4B, 0xA7, 0xB6, 0x8D, 0xD5, 0x0C, 0x9F, 0x1D, 0x3B, 0x78, 0x30, 0xD2, 0xF0, 0x64,
    0xBE, 0xF9, 0x64, 0xF1, 0xA9, 0x4F, 0x46, 0x3E, 0x2C, 0x89, 0xDA, 0xE0, 0xF9, 0x8E, 0x51, 0x1B,
    0xB4, 0x45, 0x86, 0x0F, 0x66, 0xC5, 0x93, 0x07, 0x2E, 0x61, 0x8A, 0xA5, 0xAE, 0xCC, 0x3D, 0x7B,
    0x96, 0x1A, 0xBA, 0xF4, 0xD9, 0x66, 0xD4, 0x3C, 0xA1, 0x4F, 0x37, 0xC3, 0xB0, 0xB6, 0x91, 0xDD,
    0xC1, 0xE3, 0x0E, 0x98, 0x58, 0xE9, 0xFE, 0xE0, 0xF7, 0x0F, 0xE4, 0x99, 0x0D, 0xBA, 0x6D, 0x7E,
    0x1A, 0x3E, 0x0A, 0xD9, 0x04, 0xCF, 0x42, 0x66, 0x70, 0xE6, 0x44, 0xF2, 0x1D, 0x13, 0x3E, 0xEB,
    0x6C, 0xF8, 0xC0, 0xC6, 0xC1, 0x13, 0x1B, 0x07, 0x8F, 0x6C, 0x1C, 0x3C, 0xB3, 0x71, 0xF8, 0xD0,
    0xC6, 0xE1, 0x53, 0x1B, 0xD7, 0x3C, 0x2D, 0xE3, 0x52, 0x58, 0xE7, 0x48, 0x58, 0x27, 0xBF, 0xC2,
    0xE7, 0x6C, 0x0E, 0x1E, 0xA8, 0x39, 0x78, 0xD2, 0xE6, 0xE0, 0x37, 0xC7, 0x9E, 0xB5, 0x89, 0xEF,
    0x7E, 0x3D, 0x88, 0xE2, 0x4B, 0x1F, 0xA1, 0xE6, 0xAE, 0x02, 0xEF, 0xC8, 0xC8, 0x8B, 0x28, 0x5E,
    0x3A, 0xA4, 0x4A, 0xBC, 0x84, 0x57, 0x1E, 0xBC, 0x2B, 0xA2, 0x01, 0x39, 0x3C, 0xA9, 0x82, 0x59,
    0x8E, 0x3B, 0x11, 0x0B, 0xF0, 0xA6, 0x13, 0xA1, 0x80, 0xE7, 0xEB, 0x03, 0x91, 0x78, 0x81, 0xB8,
    0xA7, 0x1A, 0x81, 0xA2, 0xA8, 0x30, 0xEE, 0xA7, 0x9F, 0xDB, 0x33, 0x02, 0xFF, 0x02, 0xED, 0x5D,
    0x4D, 0x8C, 0xDD, 0xD6, 0x75, 0xBE, 0x7C, 0xCF, 0x33, 0x4C, 0xF5, 0xD0, 0xD2, 0x05, 0xA4, 0x20,
    0x95, 0x5A, 0xB1, 0x8B, 0x2E, 0x12, 0x03, 0x11, 0xB7, 0x5E, 0x44, 0x43, 0xC6, 0x6E, 0xD0, 0xAD,
    0x0A, 0x58, 0x5D, 0x34, 0x9B, 0x2E, 0x0D, 0x77, 0x31, 0x2E, 0x50, 0x14, 0x4E, 0x31, 0x93, 0xF7,
    0x6C, 0xA3, 0xF0, 0xA2, 0x8B, 0x4E, 0x81, 0x24, 0x40, 0xD1, 0x02, 0x56, 0x01, 0x05, 0xA8, 0x47,
    0x0B, 0xB5, 0x40, 0x16, 0x0A, 0x30, 0x0A, 0x69, 0x68, 0x91, 0x45, 0x16, 0x79, 0x70, 0x16, 0x5A,
    0x78, 0xE1, 0x57, 0x47, 0xB2, 0x6B, 0xA5, 0x80, 0x58, 0x87, 0x8A, 0x39, 0x23, 0x92, 0xA7, 0xE7,
    0xDC, 0xCB, 0x9F, 0x73, 0xEE, 0xFB, 0xD1, 0xCC, 0xC4, 0x92, 0x12, 0x89, 0x0F, 0x1A, 0xE8, 0x9E,
    0x4B, 0x3E, 0xF2, 0xDE, 0xF3, 0x1D, 0x9E, 0x7B, 0xEE, 0xF9, 0xE1, 0x53, 0xCA, 0x7C, 0x9C, 0xEF,
    0xAB, 0xE6, 0x33, 0x86, 0xA4, 0x6E, 0x0D, 0x00, 0x26, 0x75, 0x73, 0xD4, 0x35, 0x3D, 0x80, 0xA8,
    0x6E, 0x06, 0xA5, 0xD3, 0x7C, 0x2B, 0xCC, 0xDA, 0x0B, 0x84, 0x69, 0xDB, 0x0C, 0xB0, 0x79, 0xC2,
    0x9C, 0xED, 0x67, 0xEA, 0xA4, 0x87, 0x27, 0x7D, 0x09, 0xAF, 0x50, 0x0E, 0x0A, 0x24, 0x55, 0x30,
    0x55, 0x2E, 0x40, 0x41, 0x27, 0x85, 0xB0, 0x7B, 0x05, 0xA0, 0x0A, 0x67, 0xD4, 0xD4, 0x1F, 0x6A,
    0x8E, 0x75, 0x2B, 0xA3, 0xE6, 0x88, 0x5A, 0xA5, 0xA2, 0xA6, 0xC2, 0xD6, 0x41, 0x64, 0x6E, 0x33,
    0x9E, 0xEA, 0x3B, 0x16, 0xD4, 0xAB, 0x87, 0x1D, 0xC0, 0x8E, 0x3A, 0x63, 0x9A, 0x9E, 0xFE, 0xB6,
    0xBE, 0xBB, 0x4B, 0xAD, 0xCA, 0xCC, 0x54, 0x5F, 0xD2, 0x0C, 0xCF, 0xC7, 0xCE, 0x66, 0x2E, 0xAF,
    0xEC, 0x5E, 0x50, 0x87, 0xFD, 0x6C, 0x8D, 0x1A, 0x66, 0x28, 0xF0, 0x67, 0x0D, 0x0B, 0x21, 0x48,
    0xE7, 0x7B, 0xD5, 0xCB, 0xEB, 0x93, 0xA5, 0xD7, 0x19, 0x4D, 0xDB, 0xA6, 0x2F, 0x99, 0x36, 0xDF,
    0xEB, 0x26, 0x87, 0x1E, 0x5E, 0x8F, 0xE6, 0x4A, 0x34, 0x7B, 0xAE, 0x3F, 0x19, 0xCF, 0xD0, 0x97,
    0x04, 0xE5, 0x16, 0x12, 0xE4, 0x4A, 0x1E, 0x05, 0x41, 0x0E, 0x5B, 0x72, 0xF0, 0x89, 0xF2, 0xB2,
    0x41, 0x4B, 0x0E, 0x2B, 0x24, 0x9D, 0x16, 0x1C, 0x24, 0x51, 0x18, 0x60, 0x52, 0xF3, 0xDF, 0x2D,
    0x09, 0x0D, 0x98, 0xD4, 0x18, 0x8C, 0x4A, 0x62, 0x20, 0x4C, 0x6A, 0x1C, 0xBC, 0x4A, 0x8D, 0x53,
    0x07, 0x26, 0x35, 0x16, 0x31, 0xEC, 0x42, 0x75, 0x05, 0x22, 0x86, 0x07, 0x7E, 0x54, 0x87, 0x49,
    0x0B, 0x06, 0xE1, 0xF2, 0x36, 0x94, 0x31, 0xB2, 0xB4, 0xC6, 0x66, 0xDF, 0x85, 0xCC, 0x47, 0x69,
    0x61, 0xF8, 0x58, 0x18, 0x59, 0x38, 0x59, 0x58, 0x59, 0x78, 0xD9, 0x98, 0xD9, 0xB8, 0xAD, 0xC6,
    0xAE, 0xE7, 0xF3, 0xA3, 0xE1, 0xF3, 0x91, 0x9E, 0x19, 0xEB, 0x09, 0xB1, 0x9E, 0x9D, 0xF9, 0xA3,
    0xCB, 0xD6, 0xA1, 0x81, 0xEC, 0xF5, 0xD2, 0x55, 0xE4, 0x48, 0x92, 0xBF, 0xFF, 0xA7, 0x82, 0x2C,
    0x42, 0x71, 0xE1, 0x72, 0xCC, 0x2F, 0xED, 0x94, 0x63, 0xCE, 0x05, 0x75, 0xED, 0x6C, 0x2F, 0x66,
    0x8F, 0x41, 0xCC, 0x7A, 0xB8, 0x7B, 0xAD, 0xF2, 0xB0, 0xB5, 0xCA, 0xDA, 0x4B, 0x5D, 0x3B, 0x86,
    0x29, 0x33, 0x8A, 0xBA, 0xF9, 0x20, 0x4B, 0x67, 0xAC, 0x5D, 0xED, 0xD4, 0xED, 0x53, 0xA7, 0x62,
    0x36, 0x4D, 0xE4, 0xE3, 0x89, 0xA8, 0x35, 0xA4, 0xF2, 0x1A, 0x38, 0x9A, 0x7D, 0x5E, 0xA3, 0xA6,
    0xD6, 0x91, 0x67, 0x9D, 0xF1, 0x63, 0x20, 0x08, 0x6B, 0x56, 0xB6, 0x60, 0xE1, 0xB9, 0xAD, 0xFD,
    0x13, 0xA9, 0xD6, 0x00, 0xDA, 0x69, 0x0C, 0xAD, 0x1A, 0x23, 0x0E, 0x10, 0x47, 0x87, 0x43, 0xC3,
    0x71, 0x11, 0xA0, 0x08, 0x44, 0xE6, 0xE0, 0xE8, 0x79, 0x72, 0x64, 0x11, 0xE5, 0x62, 0xC9, 0xA4,
    0x4E, 0x08, 0x24, 0x97, 0xC6, 0x39, 0x51, 0x7C, 0x62, 0x79, 0x3E, 0x48, 0x3B, 0x9E, 0x93, 0xE2,
    0x6C, 0x78, 0x3E, 0x2A, 0x3A, 0x9E, 0xBB, 0x79, 0xC7, 0x73, 0xE7, 0x52, 0xCF, 0x93, 0x15, 0x3C,
    0x79, 0xD8, 0x72, 0x28, 0x96, 0x2E, 0xA6, 0x4C, 0xBD, 0x9C, 0xB5, 0x8B, 0xC5, 0xFD, 0x83, 0xD9,
    0x83, 0x07, 0xD8, 0xEB, 0x96, 0xD5, 0xBA, 0xA5, 0xE7, 0xF9, 0x93, 0xA1, 0xCF, 0x0D, 0xF3, 0x84,
    0x59, 0x39, 0x82, 0x9C, 0x93, 0xC8, 0x08, 0x61, 0x26, 0x42, 0x6B, 0x5E, 0x0D, 0x77, 0xF4, 0x0C,
    0xA7, 0x9D, 0xB9, 0x19, 0xC2, 0x3F, 0xB7, 0xF0, 0xA0, 0x92, 0xC0, 0x0B, 0x85, 0x69, 0x0D, 0x84,
    0x57, 0x0C, 0xF1, 0xCC, 0x30, 0x6D, 0x5C, 0x2D, 0xF9, 0x08, 0x88, 0xA1, 0x35, 0x1C, 0x41, 0xE1,
    0x97, 0x38, 0xD2, 0x69, 0x8D, 0x08, 0x40, 0x9C, 0xA9, 0x4D, 0x48, 0xA4, 0xA1, 0x18, 0x09, 0x43,
    0xB1, 0x6A, 0xA0, 0xA9, 0x7C, 0xC3, 0xCE, 0x1A, 0x1D, 0x34, 0x5D, 0x35, 0x47, 0x5B, 0x80, 0xD6,
    0x5E, 0x79, 0x27, 0x7A, 0x4C, 0x86, 0x62, 0xCF, 0xD8, 0x27, 0x6A, 0x5F, 0x3F, 0xF7, 0xB9, 0x2E,
    0x7D, 0x95, 0x72, 0x47, 0x35, 0x80, 0x55, 0x47, 0xD5, 0xD6, 0x51, 0x26, 0xD3, 0x0B, 0xD2, 0xA3,
    0x11, 0xA4, 0x1E, 0xD0, 0x5E, 0x33, 0x1C, 0x47, 0x33, 0x7C, 0x59, 0x50, 0xB0, 0x82, 0xFA, 0x91,
    0x10, 0xA1, 0x93, 0x7C, 0x4E, 0xDE, 0x0D, 0x7E, 0xE7, 0xE0, 0x66, 0x2E, 0x28, 0x64, 0xC6, 0xFA,
    0x6E, 0x7D, 0xFA, 0xE8, 0x0D, 0x8D, 0x52, 0xC7, 0x11, 0x67, 0x12, 0x40, 0x27, 0x43, 0xE3, 0x04,
    0x29, 0xB8, 0x53, 0x1F, 0x8D, 0xA7, 0x1A, 0xAD, 0x7A, 0xDC, 0xE3, 0xD9, 0x33, 0xEA, 0x9B, 0x2D,
    0x65, 0x10, 0x43, 0x50, 0xCE, 0xED, 0x28, 0x63, 0x0F, 0x8D, 0x48, 0xD8, 0x10, 0x57, 0x88, 0x48,
    0x4E, 0x62, 0x0D, 0xEB, 0x14, 0x45, 0x1D, 0x8D, 0x39, 0x8A, 0x89, 0x10, 0xBE, 0x03, 0x4D, 0x05,
    0xF0, 0x46, 0x49, 0x17, 0x1F, 0x6A, 0x0A, 0x0A, 0x72, 0x11, 0xC1, 0xCC, 0x05, 0xE5, 0xE7, 0x03,
    0x14, 0x3B, 0x38, 0xB8, 0x02, 0x07, 0x57, 0xE1, 0x4E, 0x9C, 0xB9, 0x78, 0x20, 0x6E, 0x44, 0x28,
    0x25, 0x03, 0xB1, 0x95, 0xAF, 0x69, 0x40, 0xC1, 0x17, 0x80, 0x7D, 0x80, 0xF7, 0x49, 0xD8, 0x52,
    0xA7, 0x72, 0x62, 0xD8, 0x19, 0xC3, 0xD7, 0x49, 0x8E, 0x67, 0xFC, 0x81, 0xD3, 0xB7, 0xED, 0xA8,
    0xC4, 0xA9, 0xF8, 0x31, 0x75, 0x92, 0x51, 0x02, 0xB0, 0x50, 0xA0, 0x19, 0x8A, 0xE7, 0x2C, 0xC0,
    0x91, 0x75, 0x78, 0x7A, 0x50, 0xED, 0x76, 0xE2, 0x39, 0x04, 0xF6, 0x9C, 0x69, 0xAB, 0xAF, 0x33,
    0x3C, 0x55, 0xD0, 0xF1, 0x93, 0x98, 0x1F, 0xC3, 0xE5, 0x07, 0x0A, 0x5D, 0x2F, 0x21, 0xC7, 0x96,
    0x10, 0xC5, 0x25, 0x44, 0xB3, 0xBB, 0x95, 0x10, 0xA1, 0x35, 0xA7, 0x82, 0x4A, 0x56, 0x1C, 0xFB,
    0x8D, 0x94, 0x90, 0xFA, 0x8B, 0x11, 0x97, 0x97, 0x66, 0x16, 0x20, 0x66, 0x61, 0xA8, 0x30, 0xE1,
    0xF2, 0xE2, 0x47, 0xBD, 0xBC, 0x3C, 0x55, 0xF2, 0xB2, 0x2E, 0x2C, 0x08, 0x5F, 0x0C, 0x38, 0x10,
    0x03, 0xF6, 0xC4, 0xD4, 0xBE, 0x2E, 0xB6, 0xF1, 0x19, 0xD7, 0x36, 0xC3, 0x42, 0xD8, 0x1D, 0x39,
    0xA7, 0x9C, 0xD9, 0xD7, 0xAC, 0x01, 0xFC, 0xB1, 0xB0, 0x60, 0x72, 0x13, 0x0C, 0xA8, 0x47, 0x53,
    0xE8, 0x2D, 0x3C, 0xF3, 0x09, 0xB8, 0xAD, 0x0D, 0x33, 0x2A, 0xF5, 0x6C, 0xA7, 0x6A, 0x78, 0x0B,
    0xC7, 0xE9, 0x56, 0x74, 0x62, 0x9C, 0x6A, 0x53, 0x26, 0x45, 0xE4, 0x07, 0x90, 0xF9, 0x29, 0x59,
    0x32, 0xE1, 0x0C, 0x29, 0x17, 0x12, 0x14, 0x05, 0xFC, 0x17, 0x6A, 0x19, 0x81, 0x29, 0x9E, 0x86,
    0x94, 0x96, 0x18, 0x1F, 0x32, 0x3C, 0x23, 0x40, 0x9B, 0x87, 0xCE, 0x44, 0xD9, 0xFD, 0x33, 0xB8,
    0x03, 0x70, 0x05, 0xAA, 0xAB, 0x15, 0xB3, 0x60, 0x28, 0xA2, 0x30, 0xFE, 0x79, 0x47, 0xD1, 0x97,
    0x01, 0xEE, 0x02, 0x84, 0x24, 0x23, 0x33, 0xC4, 0xDD, 0x87, 0xB7, 0x20, 0x1B, 0xC1, 0x6C, 0x13,
    0xB1, 0xC3, 0x75, 0xE5, 0x3F, 0x0E, 0x29, 0x13, 0x82, 0x0A, 0x57, 0x49, 0x88, 0xA0, 0xA4, 0x75,
    0xE1, 0x67, 0x02, 0x28, 0x21, 0x4B, 0x9E, 0x08, 0xDF, 0x8C, 0x04, 0xE5, 0xEE, 0x3C, 0x58, 0x93,
    0xFC, 0x01, 0x1F, 0x2D, 0x13, 0x96, 0x98, 0xB5, 0xC7, 0x0C, 0xE0, 0x67, 0xBA, 0x7E, 0xEF, 0xBD,
    0x6E, 0x24, 0xFE, 0x2F, 0xBB, 0x3B, 0x7B, 0x3F, 0xEF, 0xDA, 0xEE, 0xEB, 0x32, 0x92, 0x35, 0x59,
    0x2C, 0x7E, 0x63, 0x3C, 0x6B, 0x8D, 0x71, 0xA2, 0xB9, 0x23, 0x3E, 0xA7, 0x14, 0x72, 0xF2, 0x77,
    0x54, 0x3C, 0xF1, 0x73, 0x84, 0x7D, 0x62, 0xE2, 0x4A, 0x34, 0x6B, 0x14, 0x95, 0xA0, 0x6D, 0x4F,
    0x8D, 0xEE, 0xA0, 0xF9, 0xE3, 0x73, 0x48, 0x46, 0x81, 0x6E, 0xE3, 0xB5, 0x62, 0x94, 0x17, 0x7D,
    0x4E, 0x58, 0x11, 0xEA, 0xA8, 0x19, 0x72, 0xA6, 0x09, 0x32, 0x66, 0xB8, 0xCE, 0xF4, 0xE3, 0x56,
    0x00, 0x7C, 0x4C, 0x4F, 0x99, 0x03, 0x3F, 0x41, 0x3D, 0x81, 0x1A, 0xA1, 0x24, 0xB9, 0x8C, 0xD8,
    0x33, 0xC8, 0x4C, 0xFD, 0x82, 0x75, 0xA7, 0xCC, 0xFD, 0xD4, 0x89, 0x84, 0x5F, 0x32, 0xAC, 0xD8,
    0x8C, 0xD7, 0x16, 0xC3, 0xD1, 0xF3, 0x67, 0x15, 0x7F, 0x9C, 0x97, 0xC4, 0xFE, 0x67, 0xDA, 0x9E,
    0x37, 0x34, 0xDB, 0x80, 0x71, 0xA3, 0x25, 0x0B, 0x13, 0xAA, 0x3C, 0xA7, 0x57, 0x80, 0x4A, 0x69,
    0xC6, 0xD0, 0xA4, 0xF7, 0xCF, 0x80, 0xD9, 0x6D, 0x84, 0xD3, 0x11, 0x24, 0x3A, 0x9A, 0x89, 0x57,
    0xC1, 0x75, 0xAB, 0x32, 0xFB, 0x36, 0xE4, 0x0D, 0x24, 0xE3, 0xDC, 0x10, 0x68, 0x68, 0xC2, 0x14,
    0x67, 0x3D, 0xD2, 0x04, 0x72, 0xE7, 0x3E, 0x24, 0x6B, 0x71, 0xA9, 0x18, 0x7B, 0x0A, 0xC5, 0xF8,
    0x93, 0x1A, 0x7D, 0x9D, 0x42, 0xBD, 0xEC, 0x11, 0x87, 0x26, 0x7E, 0xBD, 0x43, 0x31, 0x2C, 0xFA,
    0xE2, 0xEE, 0x77, 0x2C, 0x1E, 0x09, 0x26, 0x09, 0x2E, 0x09, 0x36, 0x09, 0x3E, 0x09, 0x46, 0x2D,
    0x93, 0x24, 0xA1, 0x08, 0xF8, 0xF9, 0x1E, 0xD7, 0x26, 0x7E, 0xBE, 0xEC, 0x88, 0x3B, 0x3D, 0x94,
    0x25, 0xD2, 0x43, 0x72, 0x48, 0x48, 0xD6, 0x2E, 0x2C, 0x57, 0xF0, 0x96, 0xBA, 0x5F, 0x45, 0x65,
    0x9F, 0x0F, 0xE5, 0xC4, 0x33, 0xB6, 0xA0, 0xF8, 0x50, 0x32, 0x8A, 0x6F, 0xB8, 0xF5, 0xFE, 0x9B,
    0xEF, 0xC6, 0xEF, 0x77, 0xE6, 0x08, 0x1A, 0x2E, 0x5A, 0x31, 0x35, 0x54, 0x4A, 0xEA, 0xA4, 0xF1,
    0x2A, 0x10, 0xA0, 0xA9, 0x6A, 0x9C, 0x0A, 0xA0, 0x55, 0x58, 0xEB, 0x53, 0x50, 0xEB, 0x08, 0x71,
    0x13, 0xEE, 0x3F, 0xD8, 0x05, 0x38, 0xB8, 0x20, 0x3C, 0x0A, 0x99, 0x70, 0x28, 0xE4, 0xAD, 0x77,
    0xBD, 0xA5, 0xB4, 0x5D, 0x04, 0xB7, 0x06, 0x90, 0xCA, 0x48, 0xBF, 0x74, 0x26, 0x48, 0x5F, 0x82,
    0x74, 0x25, 0x48, 0x4F, 0x82, 0xE5, 0x48, 0xB0, 0xFC, 0x08, 0x0B, 0xDC, 0x08, 0x3D, 0x9A, 0x4F,
    0x12, 0x9A, 0xC7, 0x70, 0x08, 0x09, 0x8F, 0x8F, 0xE5, 0x0E, 0x92, 0xDE, 0xA0, 0x45, 0xCE, 0xA0,
    0xF5, 0x77, 0x16, 0x06, 0xB1, 0x5C, 0x36, 0x6C, 0x1F, 0x3A, 0x2D, 0x14, 0xEE, 0x6F, 0x16, 0x9D,
    0x49, 0xD9, 0x19, 0x79, 0x61, 0xD6, 0x65, 0xEF, 0x84, 0x25, 0x2E, 0xE2, 0x2D, 0x5E, 0x9B, 0x59,
    0x83, 0xD6, 0x90, 0xB4, 0x60, 0x13, 0xCF, 0x02, 0x63, 0x14, 0xD4, 0xF1, 0xAC, 0x83, 0xEF, 0x30,
    0x9C, 0x4A, 0x86, 0x52, 0xD5, 0x60, 0x54, 0x8D, 0x4D, 0x5B, 0x51, 0x10, 0x6D, 0x1D, 0x8A, 0x47,
    0x15, 0xCF, 0xEA, 0xF9, 0xF3, 0xF8, 0xE3, 0x7D, 0x8B, 0x82, 0xB8, 0x7C, 0x7F, 0xC1, 0x77, 0x1E,
    0xBC, 0xFF, 0x30, 0x41, 0xDC, 0x1E, 0xEB, 0xE3, 0x61, 0xDD, 0x63, 0xF1, 0x14, 0x3C, 0x77, 0x7F,
    0xA9, 0x56, 0x46, 0x90, 0x98, 0x23, 0x58, 0x27, 0x61, 0x32, 0x5A, 0x67, 0x61, 0xAA, 0x6E, 0xBD,
    0xAF, 0xD3, 0x30, 0x23, 0x65, 0xE5, 0x61, 0x2A, 0x99, 0x88, 0x99, 0x28, 0x99, 0x89, 0x39, 0x53,
    0x32, 0x15, 0xB3, 0xDA, 0x91, 0xF1, 0x1E, 0xE4, 0x37, 0x5F, 0xD1, 0x3F, 0x33, 0x74, 0x9B, 0x8D,
    0xF9, 0xDF, 0x86, 0x36, 0xE9, 0x98, 0xB3, 0x00, 0xA2, 0x20, 0xB7, 0xF2, 0x31, 0xED, 0xA0, 0x8F,
    0x1D, 0xF5, 0xB1, 0xC3, 0x3E, 0x76, 0xDC, 0x67, 0x2E, 0xF0, 0x33, 0x17, 0xF9, 0x59, 0x85, 0x5D,
    0xCF, 0xDF, 0x87, 0xCB, 0xDF, 0xE3, 0x84, 0xD7, 0xEC, 0x08, 0x9A, 0x1D, 0x60, 0xB3, 0x8F, 0x2F,
    0x5D, 0xB3, 0xEC, 0x6E, 0xCF, 0xD2, 0x80, 0xD2, 0x00, 0xC7, 0xE3, 0xD6, 0x36, 0xD7, 0x4A, 0xB5,
    0x1E, 0xE4, 0x63, 0xA9, 0x80, 0x0B, 0x88, 0x24, 0x1D, 0xCB, 0xEF, 0x67, 0x5F, 0x3D, 0x32, 0x2B,
    0x7A, 0x79, 0x7C, 0x88, 0xF2, 0xD8, 0xCB, 0x43, 0x2F, 0x0F, 0xBF, 0x31, 0xFA, 0x89, 0xE7, 0x2E,
    0x8A, 0xE4, 0x45, 0x91, 0xBD, 0x28, 0xD2, 0x17, 0x45, 0xFE, 0xA2, 0x95, 0xC0, 0x48, 0x19, 0x8C,
    0x8A, 0xA7, 0x30, 0x2A, 0x9E, 0xC3, 0xA8, 0x58, 0x12, 0xE3, 0x84, 0x59, 0x57, 0x70, 0xC0, 0xE0,
    0x8C, 0x19, 0x96, 0x59, 0xD0, 0x01, 0x09, 0xD1, 0xA8, 0x45, 0x11, 0xB1, 0x71, 0xE2, 0x4C, 0x40,
    0x28, 0xF0, 0x13, 0xE0, 0x09, 0xE4, 0x04, 0x6C, 0x12, 0x33, 0x09, 0xD8, 0x3C, 0x5A, 0x3D, 0xAB,
    0x0E, 0xCD, 0xAA, 0x23, 0x0A, 0x33, 0x97, 0x54, 0x29, 0xC6, 0x42, 0x86, 0xE7, 0x05, 0xF8, 0x29,
    0x82, 0x44, 0x3B, 0xBF, 0x1B, 0x48, 0x74, 0x6D, 0x56, 0x03, 0x89, 0xF1, 0x91, 0xD7, 0x90, 0xD4,
    0x55, 0x5B, 0x06, 0x92, 0xC1, 0x4E, 0xCF, 0xAA, 0x63, 0xB0, 0xEA, 0x51, 0x49, 0xEF, 0xD2, 0x7D,
    0xB4, 0x0C, 0xA8, 0x8A, 0x78, 0xAA, 0x38, 0x72, 0xD4, 0xBD, 0x74, 0xAF, 0xC5, 0x8E, 0xAF, 0xC5,
    0x7A, 0x7C, 0x9E, 0xDA, 0x55, 0xC6, 0xB0, 0x55, 0xD8, 0x72, 0x76, 0xE6, 0xAB, 0x95, 0xFA, 0x2A,
    0x72, 0x5F, 0xED, 0xE4, 0x57, 0x3B, 0xFB, 0xB5, 0x4D, 0x7F, 0x55, 0x56, 0xFE, 0xAB, 0xB2, 0x12,
    0x60, 0x95, 0x95, 0x01, 0xAB, 0x64, 0x0A, 0xAC, 0x15, 0xE3, 0xB0, 0xA3, 0x1C, 0x5D, 0x9C, 0xC3,
    0x64, 0xC1, 0x76, 0x91, 0x0E, 0x93, 0x06, 0xFB, 0x02, 0x8B, 0x75, 0x98, 0x3C, 0xD8, 0xC7, 0x6A,
    0x13, 0xF7, 0xFC, 0x7E, 0x9A, 0x7C, 0x24, 0xF3, 0x9F, 0xEB, 0xAB, 0xB7, 0x9C, 0x56, 0x4E, 0xFB,
    0xFC, 0x96, 0x74, 0xEB, 0x88, 0x33, 0xEB, 0xE5, 0xED, 0xF1, 0xCA, 0x5B, 0x8F, 0x77, 0xAF, 0x5F,
    0x1E, 0x9E, 0x7E, 0x79, 0xD9, 0xA2, 0xAB, 0x07, 0x48, 0x53, 0x69, 0x1D, 0x3F, 0x29, 0xA5, 0x25,
    0x78, 0x4B, 0x0E, 0x23, 0xFC, 0x69, 0x26, 0xE9, 0x9F, 0xE8, 0xE3, 0x6D, 0x96, 0xB2, 0xF7, 0x82,
    0x79, 0xAD, 0x92, 0xC5, 0x2D, 0x9E, 0xA9, 0x5C, 0xD3, 0x6D, 0xAE, 0xF2, 0xDA, 0x25, 0xCD, 0xDE,
    0x36, 0xBB, 0x96, 0xBC, 0x82, 0x3C, 0x5F, 0xB9, 0xF6, 0x12, 0xB6, 0x19, 0xCB, 0x66, 0x37, 0xD3,
    0xE5, 0x2C, 0x9B, 0xAD, 0x0E, 0xCB, 0x5A, 0x36, 0xF9, 0x45, 0x3C, 0x6F, 0x59, 0x89, 0xCC, 0x65,
    0x2D, 0x1B, 0x5D, 0xEE, 0x72, 0xA0, 0x13, 0xA2, 0xBA, 0xEC, 0x65, 0x80, 0x4F, 0x94, 0xC8, 0x5F,
    0xC6, 0x3B, 0x89, 0x0C, 0x66, 0x1C, 0x49, 0x5D, 0x15, 0x71, 0x40, 0x39, 0xCC, 0xA5, 0x0F, 0x49,
    0x5B, 0x17, 0x51, 0x0D, 0x48, 0x28, 0x23, 0x59, 0x19, 0x61, 0xD7, 0x46, 0xD8, 0xD5, 0x11, 0x76,
    0x7D, 0x84, 0x9D, 0xCF, 0x6C, 0x67, 0xA8, 0xDA, 0x39, 0xCD, 0x76, 0x56, 0xB3, 0x9D, 0xD7, 0x3C,
    0x97, 0xD9, 0x6C, 0xE7, 0x36, 0xDB, 0xD9, 0xCD, 0x47, 0xC8, 0x87, 0xEF, 0xE5, 0xED, 0x11, 0xC9,
    0x9B, 0x92, 0xF2, 0x56, 0x67, 0xCD, 0xB7, 0xF2, 0x26, 0xD9, 0x3A, 0xB6, 0x3C, 0xE9, 0x32, 0x4F,
    0x7A, 0xC1, 0xF1, 0xDF, 0x1A, 0x79, 0x6B, 0x2F, 0x10, 0x49, 0xF9, 0x6B, 0x66, 0x58, 0xC9, 0x19,
    0xB6, 0xF2, 0xD7, 0xD4, 0x62, 0xB4, 0x09, 0xF0, 0x51, 0x2F, 0x7F, 0xBD, 0xFC, 0x1D, 0x59, 0xFE,
    0x4E, 0x58, 0xE3, 0x90, 0xF3, 0x0A, 0x93, 0x55, 0x47, 0xBF, 0xF1, 0xAC, 0x74, 0xB3, 0x08, 0x55,
    0x38, 0xBA, 0x27, 0x34, 0xA7, 0x2B, 0xC9, 0xC1, 0xEC, 0xB5, 0xC3, 0x8C, 0xAE, 0x2D, 0xEF, 0x70,
    0x5E, 0x36, 0x32, 0xD2, 0xDC, 0xAB, 0x54, 0xBC, 0xC0, 0x43, 0x93, 0x5D, 0x85, 0xC7, 0xB0, 0x52,
    0xBC, 0xC4, 0x63, 0xA0, 0xE5, 0xA3, 0xAD, 0xF1, 0xA0, 0x85, 0x4B, 0x16, 0x79, 0xC8, 0x2A, 0x8F,
    0x48, 0x96, 0x79, 0x24, 0xA2, 0xCE, 0x83, 0x4C, 0x3B, 0xE0, 0x9F, 0x8C, 0x57, 0x7A, 0xDC, 0x85,
    0xBC, 0x2E, 0xF5, 0x18, 0x53, 0xA9, 0xC7, 0x0D, 0x24, 0x9B, 0x5A, 0x8F, 0xE9, 0xB8, 0x52, 0x71,
    0x2A, 0x8B, 0x3D, 0x6C, 0x29, 0xB2, 0x84, 0xC8, 0x22, 0x2D, 0x91, 0xB4, 0x24, 0xCA, 0x22, 0x2D,
    0x63, 0x4B, 0xE6, 0x78, 0x5A, 0x55, 0x1F, 0x56, 0xD9, 0x87, 0x55, 0xF7, 0x71, 0xA8, 0xC2, 0x8F,
    0xA3, 0x14, 0x1B, 0xC6, 0xCB, 0x97, 0xCB, 0x55, 0xC5, 0x63, 0xFE, 0x4D, 0x3E, 0x87, 0xD1, 0xEB,
    0x47, 0x70, 0xD0, 0x91, 0x82, 0xEA, 0xF2, 0xA8, 0x8D, 0xBA, 0x19, 0x73, 0xAA, 0x2D, 0x7B, 0xD0,
    0x8C, 0x69, 0x0B, 0x1F, 0x74, 0x85, 0x51, 0x5B, 0xFA, 0x60, 0xD8, 0xC2, 0x8B, 0x1F, 0x58, 0xF9,
    0x43, 0x59, 0x63, 0x60, 0x0A, 0x20, 0xF4, 0x84, 0xDB, 0x12, 0x08, 0x54, 0x47, 0x62, 0x33, 0x30,
    0x65, 0x5B, 0x81, 0xB8, 0x2E, 0x84, 0x28, 0x75, 0x21, 0x84, 0x87, 0x54, 0x5B, 0x0A, 0x91, 0x0F,
    0xF0, 0xCE, 0xAE, 0x88, 0x08, 0xF3, 0xBC, 0x72, 0x99, 0x58, 0x2E, 0x33, 0xCB, 0x65, 0x6A, 0xB9,
    0xCC, 0x2D, 0xB7, 0x82, 0xD6, 0x6B, 0x3D, 0xCF, 0x3E, 0x2F, 0x9E, 0x89, 0xEA, 0x85, 0xBA, 0x7C,
    0x41, 0xD6, 0x2F, 0x88, 0x02, 0x06, 0x59, 0xC1, 0x60, 0x95, 0x30, 0xC8, 0x1A, 0x06, 0x59, 0xC4,
    0x20, 0xAB, 0x18, 0x64, 0x19, 0x43, 0x57, 0xC7, 0x00, 0xEF, 0x48, 0x0E, 0x26, 0x62, 0x03, 0x9A,
    0xB0, 0x52, 0x06, 0xA2, 0xBA, 0x5A, 0x86, 0x33, 0x14, 0x86, 0xE1, 0xC5, 0x0C, 0x8F, 0x52, 0xEA,
    0xA4, 0xE2, 0x11, 0x5F, 0xF1, 0x64, 0x9A, 0x7A, 0xBE, 0xFC, 0xD8, 0x21, 0x8B, 0x4D, 0x7A, 0xC4,
    0x3E, 0x07, 0xC4, 0x4E, 0x44, 0xCB, 0xCC, 0x83, 0x90, 0xA3, 0xE0, 0x27, 0x4B, 0xCC, 0x06, 0x61,
    0x34, 0xB8, 0xFB, 0x6C, 0xDC, 0x6E, 0x56, 0xAD, 0x30, 0x17, 0xFE, 0xCA, 0xB9, 0xD8, 0xB6, 0xCF,
    0x64, 0x5E, 0x67, 0x9C, 0x06, 0xB9, 0xD7, 0x19, 0x4A, 0x5E, 0xE1, 0x75, 0x76, 0xAB, 0x57, 0x50,
    0xE8, 0xE3, 0xB6, 0x72, 0x2F, 0x13, 0x4E, 0xE5, 0xDA, 0x37, 0x36, 0x11, 0x45, 0x6D, 0x11, 0xB8,
    0xC6, 0x5E, 0x30, 0xF6, 0x80, 0x36, 0x1E, 0xC6, 0x9A, 0x18, 0x6B, 0x2C, 0xD1, 0xCC, 0xA0, 0xF5,
    0x33, 0x26, 0x02, 0xAD, 0xAA, 0x94, 0x6C, 0x37, 0xB4, 0x17, 0xAA, 0x57, 0xC8, 0xC3, 0xB2, 0x4B,
    0x66, 0xC1, 0xC1, 0xD5, 0x32, 0xD6, 0xAB, 0x7E, 0x9D, 0xD0, 0x82, 0xFD, 0x6E, 0x6B, 0x1F, 0xA0,
    0x99, 0xE6, 0xE8, 0x1C, 0xD3, 0x7B, 0xD8, 0x82, 0x5B, 0x84, 0xC0, 0x2D, 0x5F, 0x9B, 0x03, 0x87,
    0xFE, 0x5C, 0xE3, 0x68, 0xF2, 0xEF, 0x0D, 0x39, 0x31, 0x10, 0xE8, 0x5D, 0xEE, 0xC1, 0x7A, 0x04,
    0x60, 0xCD, 0x73, 0xF4, 0x3A, 0xE3, 0x68, 0xEB, 0x22, 0x21, 0x8E, 0xB6, 0x04, 0x71, 0xB4, 0xD9,
    0xC5, 0x19, 0x8E, 0x5E, 0xEB, 0x39, 0xDA, 0x7E, 0xBE, 0xB2, 0xD4, 0x54, 0x14, 0xAB, 0xFA, 0x78,
    0x99, 0x0D, 0xE9, 0xDD, 0xE0, 0xAF, 0x70, 0xF9, 0x98, 0xA9, 0x3E, 0xFF, 0x67, 0xF9, 0x72, 0xFB,
    0xD1, 0xE1, 0x7B, 0xA7, 0x4D, 0x64, 0xE0, 0x66, 0xD3, 0x11, 0xCF, 0x50, 0xED, 0x67, 0x9D, 0x95,
    0xED, 0xB5, 0x05, 0x51, 0x48, 0x84, 0xE4, 0x6B, 0x3E, 0xAB, 0x5F, 0x3B, 0x80, 0x2C, 0xBA, 0x6F,
    0x22, 0xB1, 0x40, 0xD5, 0xB3, 0xF0, 0x6E, 0xBB, 0xBD, 0x45, 0xA3, 0x04, 0x37, 0xAE, 0x48, 0xD0,
    0xDE, 0xB6, 0xC0, 0x0D, 0x2B, 0x7E, 0xD1, 0x6C, 0x6C, 0x11, 0x9F, 0x49, 0x68, 0xB6, 0x19, 0x91,
    0x9F, 0x8F, 0x21, 0x0B, 0xA1, 0xB6, 0x7F, 0x32, 0xB6, 0x79, 0x45, 0xA5, 0x7F, 0x97, 0x59, 0x42,
    0xF0, 0x26, 0xFD, 0x87, 0xDB, 0x8B, 0x9B, 0xB8, 0xE3, 0xC3, 0x4D, 0x45, 0xE1, 0x37, 0x2F, 0x1B,
    0xC0, 0x6D, 0x3C, 0xB7, 0xD5, 0xDB, 0x29, 0x7C, 0x41, 0xEF, 0x7F, 0x3A, 0xFD, 0xE1, 0x35, 0x2B,
    0x02, 0xBD, 0x90, 0x37, 0x68, 0xDC, 0xC4, 0x04, 0xF6, 0xF8, 0x3E, 0x34, 0x8B, 0x06, 0x6E, 0xAE,
    0xDF, 0x43, 0x62, 0x5F, 0x8D, 0x72, 0x07, 0x26, 0x0E, 0xBC, 0x01, 0x4A, 0x8F, 0x1F, 0x17, 0xB2,
    0x01, 0x0C, 0xA8, 0x6A, 0x5E, 0xBF, 0x32, 0x01, 0xC5, 0x02, 0x45, 0xC6, 0xE4, 0x0A, 0xA2, 0x8C,
    0x94, 0xB8, 0x8F, 0xA2, 0x44, 0x41, 0x22, 0xDC, 0x12, 0xF9, 0x80, 0x6B, 0x1C, 0x09, 0x4C, 0xF2,
    0xD7, 0x38, 0xE6, 0xDD, 0xD8, 0x6C, 0xA3, 0x26, 0x7C, 0x72, 0x11, 0x6B, 0x57, 0xA6, 0x78, 0x0B,
    0x7E, 0x4A, 0x02, 0x83, 0xDF, 0x2A, 0x91, 0x2E, 0x07, 0x90, 0x9F, 0x41, 0x91, 0x46, 0x29, 0xED,
    0xB4, 0xD4, 0x90, 0xEF, 0xD0, 0x07, 0x70, 0x9B, 0x95, 0xAC, 0x89, 0x7D, 0xF2, 0x18, 0x78, 0x75,
    0x30, 0x88, 0xB2, 0xCC, 0x7C, 0xF5, 0xEA, 0xE6, 0x70, 0x56, 0xBA, 0x62, 0xEF, 0x91, 0x2F, 0x4B,
    0x2E, 0x78, 0x96, 0x8B, 0x68, 0x19, 0xF0, 0x08, 0x36, 0xDF, 0x49, 0x57, 0x9C, 0x78, 0xCD, 0xEB,
    0xC1, 0xFA, 0x35, 0xC1, 0xBA, 0xC8, 0xDD, 0xB3, 0xD1, 0xB1, 0xDB, 0x6A, 0x69, 0x7B, 0xB2, 0xAC,
    0x7D, 0xA6, 0x6A, 0xB0, 0x83, 0xD7, 0xB5, 0x3F, 0x46, 0xAB, 0x0A, 0xF8, 0x27, 0xAD, 0x76, 0xB5,
    0xA6, 0xA8, 0xAB, 0x88, 0xB5, 0xA2, 0xA0, 0xBD, 0x0B, 0xBD, 0x7C, 0x82, 0xF4, 0x04, 0x68, 0xD7,
    0x95, 0x51, 0x13, 0xC8, 0x57, 0x83, 0x11, 0x6A, 0x09, 0x3C, 0x79, 0x40, 0x2F, 0xA1, 0xD0, 0xB9,
    0xB4, 0x29, 0xE1, 0xAC, 0x75, 0x04, 0xED, 0x6B, 0xD0, 0x9A, 0xAC, 0x55, 0xC4, 0x9D, 0xAB, 0x78,
    0x5A, 0x87, 0x4B, 0xA6, 0x3A, 0x05, 0x81, 0x57, 0x78, 0xB3, 0x7D, 0x0B, 0x85, 0x32, 0xEA, 0xA1,
    0x09, 0xF5, 0x74, 0xDA, 0x81, 0x2D, 0x1F, 0xC6, 0xDB, 0xD4, 0xF2, 0x97, 0x1C, 0x2D, 0x6C, 0x09,
    0x19, 0x16, 0x9A, 0xCC, 0x19, 0xC9, 0x96, 0x11, 0xF2, 0xBB, 0xB0, 0x85, 0x64, 0x58, 0xD6, 0xA9,
    0x2F, 0x6C, 0x29, 0x31, 0x8B, 0x49, 0x56, 0x2F, 0x26, 0x72, 0x39, 0x51, 0x7C, 0x41, 0xC1, 0x09,
    0xF2, 0x25, 0x05, 0x0E, 0x22, 0xBE, 0xA8, 0x68, 0xCB, 0xB7, 0x5B, 0x56, 0x3E, 0x60, 0x0B, 0xCB,
    0xAF, 0x80, 0x3C, 0x2C, 0x6C, 0x69, 0x29, 0x55, 0x7C, 0x04, 0xE7, 0xC0, 0x9C, 0x85, 0x65, 0xD9,
    0x58, 0x96, 0x95, 0x65, 0xDB, 0x59, 0x96, 0xA5, 0xF5, 0xB4, 0x33, 0xF6, 0xFA, 0xAA, 0xD0, 0xEF,
    0x03, 0xDE, 0x66, 0x77, 0xED, 0xF8, 0xC1, 0xC7, 0xA7, 0x96, 0xED, 0x96, 0xFB, 0x36, 0x5C, 0xE9,
    0xBE, 0x0D, 0x27, 0x2B, 0xDC, 0xB7, 0x6E, 0x2A, 0xDC, 0x7E, 0xDE, 0xAF, 0xA4, 0x37, 0xF7, 0x53,
    0x41, 0x0E, 0xA6, 0x3F, 0xE8, 0x51, 0x78, 0x74, 0x5A, 0xA5, 0x87, 0xFB, 0xB7, 0xE0, 0xA1, 0xBB,
    0x2E, 0xC8, 0x56, 0xD7, 0x19, 0x14, 0xC4, 0xEE, 0xAF, 0x53, 0x7D, 0x0D, 0x0A, 0xD7, 0x7A, 0x14,
    0x8E, 0x86, 0xC2, 0x45, 0xB5, 0xD8, 0xE6, 0x3B, 0x16, 0xA1, 0x56, 0x10, 0x93, 0xE5, 0x84, 0x31,
    0xFE, 0xB8, 0xF5, 0x27, 0xCC, 0x3F, 0x61, 0xFF, 0x09, 0x03, 0x50, 0x58, 0x80, 0xDC, 0x04, 0x14,
    0x36, 0xA0, 0x30, 0x02, 0x85, 0x15, 0xC8, 0xCC, 0x40, 0xF8, 0x3E, 0x0F, 0x73, 0xC2, 0x84, 0xB3,
    0x39, 0x69, 0x2D, 0x41, 0x68, 0x77, 0x8A, 0x64, 0x0A, 0x6A, 0xEF, 0xE0, 0xFA, 0xCE, 0x11, 0x38,
    0xDA, 0x79, 0x62, 0x9D, 0x26, 0x5C, 0x5B, 0x13, 0x3E, 0x27, 0xD8, 0xEF, 0xCE, 0xE0, 0x77, 0xA6,
    0x4F, 0x3B, 0x47, 0xD5, 0xE6, 0xA9, 0x0B, 0x67, 0x20, 0x9C, 0x51, 0xF6, 0xD7, 0x3E, 0xDD, 0x78,
    0x33, 0x4C, 0x91, 0x4E, 0x91, 0x4E, 0x35, 0xAD, 0xA3, 0x74, 0xCB, 0xFE, 0x88, 0xB3, 0xED, 0x5F,
    0x6E, 0x5E, 0x70, 0xE7, 0xC1, 0x65, 0x7A, 0x84, 0xE9, 0xB9, 0x25, 0x07, 0x35, 0x0E, 0x5B, 0x28,
    0x88, 0xED, 0x53, 0xD1, 0x66, 0x19, 0x7E, 0x08, 0xB7, 0xC2, 0x0F, 0xF5, 0x8B, 0x72, 0xB7, 0xC3,
    0x19, 0xD2, 0x9F, 0x22, 0xFD, 0x69, 0xA6, 0xEF, 0xD7, 0xFC, 0x05, 0x87, 0xF8, 0xF3, 0xF9, 0x1F,
    0x1B, 0x8B, 0xD1, 0x68, 0xF4, 0x53, 0x0D, 0x55, 0xAD, 0x44, 0x72, 0xE3, 0x80, 0xA7, 0x13, 0xE9,
    0x35, 0x63, 0xB4, 0xF1, 0x23, 0x1D, 0x48, 0xC1, 0xCD, 0x8F, 0x13, 0xE5, 0x24, 0x89, 0x1A, 0xDD,
    0xC9, 0xD5, 0xC6, 0xFD, 0xBB, 0xEA, 0xBF, 0xDE, 0xBD, 0x11, 0xFD, 0x7B, 0x72, 0x23, 0xFA, 0xFB,
    0x8F, 0xDF, 0x57, 0xFE, 0xDD, 0x42, 0x1F, 0x53, 0xEF, 0xE1, 0x5F, 0x5C, 0x9F, 0xAF, 0xBF, 0x3B,
    0x33, 0xD7, 0x22, 0x69, 0xA2, 0x6B, 0xD3, 0x3D, 0xF4, 0xDA, 0xA9, 0x5F, 0xE0, 0x94, 0xD0, 0xEF,
    0x13, 0xD1, 0x69, 0xFC, 0x30, 0xA9, 0x27, 0xAD, 0x52, 0xA1, 0x96, 0xA9, 0x78, 0x62, 0xAE, 0xF7,
    0x2D, 0xBC, 0xD6, 0xA5, 0x57, 0xD5, 0xFA, 0xC1, 0x0F, 0xD5, 0xD9, 0xEA, 0xFE, 0xE4, 0xF9, 0xFF,
    0xFC, 0x9B, 0xE4, 0xF9, 0x4B, 0xAF, 0x26, 0x7F, 0xF4, 0xC3, 0xCF, 0x92, 0x11, 0x6D, 0xA5, 0xF1,
    0x98, 0xFA, 0xDB, 0x99, 0x39, 0x97, 0xC6, 0x00, 0x66, 0x6A, 0x74, 0x2D, 0x31, 0xBD, 0x7A, 0x6A,
    0x76, 0xD4, 0xBF, 0x96, 0xFC, 0xE9, 0xA1, 0x08, 0xF5, 0x0C, 0x27, 0xFE, 0x8D, 0xB5, 0x7F, 0xE7,
    0x7F, 0xB9, 0xD2, 0xFF, 0x1F, 0x7E, 0x01, 0xE5, 0xBD, 0xD8, 0x5E, 0xC3, 0xB9, 0xE4, 0xBD, 0xD9,
    0x10, 0xA7, 0x9C, 0xAC, 0x23, 0x02, 0x22, 0x66, 0xCD, 0x63, 0xC8, 0x08, 0x0F, 0x54, 0x47, 0x84,
    0x77, 0x19, 0xB1, 0xED, 0x23, 0x71, 0xA3, 0x26, 0xF6, 0xFC, 0x28, 0x6F, 0x89, 0xF8, 0x2A, 0x23,
    0x42, 0x78, 0xB7, 0x68, 0x09, 0x5D, 0x39, 0x60, 0x2E, 0xE0, 0xD1, 0xB3, 0xF4, 0x41, 0x65, 0x9C,
    0x1F, 0x94, 0x79, 0x72, 0xD1, 0xB9, 0xE0, 0x5C, 0xA8, 0x5D, 0x11, 0x6C, 0x2D, 0x22, 0xE2, 0xB4,
    0x0A, 0x6E, 0xD1, 0xA5, 0xDE, 0x26, 0x22, 0x4E, 0x02, 0x88, 0x9C, 0x64, 0xDB, 0x9B, 0xD0, 0xB9,
    0xE9, 0xE9, 0xB8, 0x70, 0x67, 0x9A, 0x18, 0xA2, 0xC8, 0x0E, 0xCA, 0x61, 0x1A, 0x12, 0x04, 0xA3,
    0x69, 0xA1, 0xCE, 0x94, 0x83, 0x34, 0x80, 0xDB, 0x17, 0x2F, 0x6E, 0xDE, 0x23, 0x2F, 0x84, 0x93,
    0x39, 0x57, 0xDA, 0x97, 0x72, 0x39, 0xA9, 0x4E, 0x68, 0x2C, 0x82, 0xF7, 0xF1, 0xEC, 0xC6, 0x03,
    0xA3, 0x7F, 0x7F, 0x51, 0x54, 0xDC, 0xC6, 0x93, 0x65, 0xD6, 0xD7, 0xE2, 0x45, 0xE5, 0x77, 0xED,
    0x8E, 0xDF, 0x7B, 0x60, 0xC7, 0xDA, 0x4A, 0xB7, 0x11, 0x7D, 0xFE, 0xEE, 0x92, 0x5A, 0x9D, 0x3A,
    0xA2, 0xFE, 0x44, 0x5D, 0x3B, 0x27, 0x2F, 0x1A, 0xC9, 0x1F, 0xE5, 0x52, 0xDE, 0x44, 0x74, 0x20,
    0xC2, 0x93, 0xBD, 0x50, 0xB8, 0xA7, 0xB0, 0x23, 0xE0, 0xF7, 0xB0, 0x3A, 0x1C, 0xB0, 0x3A, 0x86,
    0x69, 0xEE, 0x25, 0xBC, 0xC3, 0x9D, 0xDA, 0x1D, 0xF7, 0xAC, 0x8E, 0x21, 0x14, 0xB2, 0xC3, 0x68,
    0xE2, 0x80, 0x0B, 0xF6, 0xB8, 0x82, 0x0C, 0x3B, 0x7C, 0x23, 0x23, 0x5F, 0x43, 0xA5, 0x78, 0xF9,
    0xB9, 0xC9, 0x69, 0x2D, 0x2F, 0x24, 0x27, 0xDB, 0xD6, 0x76, 0x30, 0xFA, 0xB2, 0xE0, 0x86, 0xA7,
    0x1F, 0xBD, 0xBA, 0x43, 0xAB, 0x92, 0xB7, 0xA3, 0x67, 0x87, 0xFB, 0x75, 0x62, 0x13, 0xAE, 0x00,
    0x3B, 0x28, 0x2A, 0xE7, 0x87, 0x06, 0xE2, 0xD7, 0x46, 0x07, 0xC5, 0x30, 0xC5, 0x8E, 0x2D, 0xEC,
    0x20, 0xA3, 0x6A, 0x2F, 0x48, 0xB6, 0x07, 0x24, 0x3F, 0x7B, 0x83, 0x7B, 0x3F, 0xD8, 0x42, 0xAE,
    0xE6, 0xDF, 0x56, 0xDB, 0x4E, 0x16, 0xC0, 0x47, 0xF0, 0x3D, 0xC8, 0xF7, 0x54, 0x78, 0xA5, 0x2A,
    0xFF, 0xA2, 0x50, 0xB5, 0x1C, 0x65, 0xB9, 0x09, 0xB5, 0x65, 0x2A, 0xC3, 0x4B, 0xFF, 0x18, 0xF6,
    0x15, 0xB9, 0xBF, 0xDE, 0x42, 0xB5, 0x3E, 0x68, 0x56, 0xB1, 0x42, 0xE1, 0x95, 0xD7, 0x2E, 0xA8,
    0x51, 0x23, 0x2D, 0xF1, 0x77, 0x37, 0xF5, 0xE0, 0xE2, 0xA4, 0x0D, 0x9F, 0x69, 0x09, 0xEF, 0x52,
    0x1F, 0x9B, 0x5C, 0xE4, 0xEC, 0x08, 0xBB, 0x84, 0x5F, 0xDA, 0xF2, 0xF0, 0x99, 0x1D, 0xBF, 0xFC,
    0xF3, 0xE8, 0x41, 0x82, 0xBA, 0x40, 0x32, 0x17, 0x76, 0x3D, 0xB3, 0x20, 0xD0, 0x3F, 0x1F, 0x2D,
    0x7D, 0x65, 0xBE, 0x6B, 0x81, 0xE6, 0x3B, 0xA9, 0xF2, 0x8D, 0x39, 0xC3, 0x78, 0xAE, 0xCB, 0x8B,
    0x0A, 0xD9, 0xE5, 0xA4, 0x28, 0xCD, 0xB2, 0x8B, 0xC4, 0xD7, 0xEA, 0x1A, 0xDB, 0x22, 0x4E, 0x4E,
    0x51, 0xBB, 0x6B, 0x38, 0xB3, 0xE5, 0x5E, 0xB9, 0xC9, 0x7C, 0xD7, 0x6D, 0x2E, 0xC8, 0x27, 0xE7,
    0x45, 0x79, 0x4B, 0x08, 0xB3, 0x22, 0x66, 0x6F, 0x0B, 0x71, 0xD6, 0xC5, 0x60, 0xD4, 0xE5, 0x46,
    0x6A, 0xFD, 0xD2, 0x73, 0xD1, 0xE9, 0xBA, 0xEB, 0x3C, 0x21, 0xDE, 0x31, 0x26, 0xD2, 0x5D, 0x27,
    0x22, 0x37, 0x12, 0x1E, 0xE2, 0xF3, 0xE6, 0x87, 0x5E, 0xEA, 0xAE, 0x75, 0xFA, 0x7F, 0x83, 0x6C,
    0x10, 0x15, 0xBF, 0xD4, 0x48, 0x91, 0xFA, 0x43, 0xB5, 0xE1, 0xDC, 0x4B, 0x47, 0xC9, 0x5E, 0xCD,
    0x33, 0x88, 0x27, 0xD7, 0xD5, 0xC6, 0xF0, 0xFF, 0x52, 0xAF, 0xE9, 0x7A, 0x31, 0xF3, 0x92, 0x0D,
    0xEC, 0xFA, 0xD9, 0x0C, 0xFF, 0xF7, 0xBD, 0xC9, 0x40, 0x05, 0xDE, 0xD4, 0x4B, 0x02, 0x15, 0xFE,
    0x2B, 0x7C, 0x12, 0x7F, 0x34, 0x06, 0x2F, 0x72, 0x0F, 0xE2, 0xBB, 0xFF, 0x10, 0x47, 0x81, 0xCE,
    0x05, 0x23, 0xBB, 0xC4, 0xAF, 0x5F, 0x8D, 0xA6, 0x02, 0x6C, 0x7C, 0x04, 0x79, 0x0C, 0x3B, 0x3E,
    0x0A, 0x7B, 0x4A, 0x55, 0x66, 0x1B, 0xC4, 0x3E, 0x7D, 0x6D, 0x7F, 0xA2, 0xF6, 0x28, 0x12, 0xEE,
    0xE8, 0x75, 0x56, 0xEF, 0x47, 0xBC, 0xFD, 0x6F, 0xE6, 0x6D, 0xDA, 0x90, 0x11, 0x69, 0xD7, 0xBC,
    0xFF, 0xD0, 0xB8, 0x75, 0xEB, 0xB7, 0x89, 0xC6, 0x46, 0xD9, 0x9F, 0x3D, 0xB2, 0xBB, 0xE6, 0xEC,
    0x7C, 0xF2, 0xD7, 0xB9, 0xBD, 0x79, 0x61, 0x7D, 0xF6, 0x50, 0x17, 0x7B, 0xFE, 0xD7, 0xE8, 0x73,
    0x16, 0xF4, 0x9D, 0x9E, 0xCC, 0x9F, 0xF6, 0xC1, 0x7C, 0x9F, 0x3A, 0x58, 0x34, 0x98, 0xA1, 0xDC,
    0x56, 0xEB, 0x88, 0xD6, 0x5C, 0x9F, 0x13, 0x6D, 0x0C, 0x52, 0x6B, 0xBE, 0xC3, 0xE9, 0x7C, 0x5F,
    0x30, 0xDF, 0x37, 0x80, 0xF9, 0xBE, 0xD1, 0xFD, 0x59, 0x68, 0xF7, 0xE1, 0x42, 0x3F, 0xD7, 0xE7,
    0xBF, 0x38, 0x0B, 0x1D, 0xFB, 0xBC, 0x5F, 0x2C, 0xE8, 0x43, 0x03, 0xF5, 0x85, 0xB9, 0xFB, 0xD2,
    0xBE, 0x6D, 0xCB, 0x62, 0x19, 0x7C, 0x06, 0xC9, 0x96, 0x78, 0x08, 0xCE, 0xE2, 0xE2, 0x75, 0x51,
    0x3F, 0x64, 0x5D, 0x5F, 0x30, 0xC7, 0xEE, 0xE7, 0x50, 0x83, 0x89, 0x17, 0x46, 0x9F, 0x98, 0x18,
    0xD3, 0x6B, 0xD6, 0x84, 0x34, 0x75, 0xE0, 0x8D, 0x92, 0xEF, 0x9C, 0xB2, 0x2E, 0x4B, 0x88, 0x4B,
    0xF5, 0xEA, 0x10, 0x52, 0xF7, 0xE6, 0xD4, 0xAF, 0x35, 0xF4, 0xF9, 0x61, 0x15, 0xE3, 0x52, 0x88,
    0x4A, 0xE0, 0xC7, 0x49, 0xD0, 0xF4, 0x79, 0xB3, 0x40, 0x15, 0xFE, 0x6C, 0xCF, 0xFB, 0xC7, 0x24,
    0x54, 0xE5, 0xD6, 0x39, 0xF5, 0x05, 0x34, 0x83, 0xF1, 0x99, 0xD8, 0x0B, 0xF7, 0xE3, 0xAB, 0xF8,
    0x10, 0xFC, 0x0B, 0x94, 0x1B, 0xCA, 0xBF, 0x03, 0x3F, 0xFA, 0x62, 0xA5, 0xF6, 0x36, 0xDA, 0x7A,
    0x8C, 0x6D, 0xF3, 0xD0, 0x14, 0x6A, 0x6F, 0x3B, 0xF8, 0x05, 0xDC, 0x84, 0x0F, 0xD1, 0xAA, 0xDF,
    0x46, 0xA1, 0x7F, 0x8F, 0xF6, 0xCF, 0xF9, 0x16, 0xDA, 0x61, 0xEF, 0xA6, 0x26, 0xEE, 0x88, 0x37,
    0xC2, 0x35, 0xC1, 0xCD, 0xB6, 0x89, 0xF1, 0xE6, 0x91, 0xB8, 0xBD, 0xA9, 0xFF, 0xDF, 0x9C, 0x9D,
    0x27, 0xD5, 0x32, 0xAB, 0xC3, 0x17, 0x66, 0xA9, 0x88, 0x36, 0x5A, 0x43, 0x64, 0x50, 0x47, 0x0E,
    0x5F, 0x53, 0xE1, 0x02, 0xC9, 0x09, 0x16, 0xF4, 0xF9, 0x2C, 0x4C, 0x94, 0x2E, 0x70, 0xB6, 0x2E,
    0xE8, 0x6B, 0x43, 0x50, 0xFF, 0x0F, 0xED, 0x5C, 0x5D, 0x8C, 0x1E, 0x57, 0x79, 0x3E, 0x33, 0xE3,
    0xDD, 0x8F, 0xEC, 0x90, 0x8C, 0x91, 0x6C, 0x0A, 0xB6, 0xCB, 0x70, 0x41, 0xA5, 0xA6, 0x4A, 0x3C,
    0xB9, 0x70, 0x85, 0x69, 0xE3, 0x9D, 0x31, 0x29, 0xE5, 0x22, 0x17, 0x2C, 0xAD, 0x37, 0x94, 0xB8,
    0x6A, 0xA8, 0x04, 0x12, 0xB8, 0xD0, 0x35, 0x34, 0xA8, 0xA2, 0xEC, 0x66, 0xC6, 0xB1, 0xDA, 0x5C,
    0x44, 0x22, 0x8B, 0x14, 0x4A, 0xD5, 0x54, 0xB2, 0x85, 0x42, 0x4B, 0xD6, 0x55, 0x6D, 0x21, 0x2E,
    0x4C, 0x6B, 0x67, 0x26, 0xF1, 0x45, 0x24, 0xB8, 0xC8, 0x38, 0x16, 0xF1, 0x85, 0x29, 0xF9, 0x9C,
    0x38, 0xA4, 0xB1, 0x5B, 0x79, 0x82, 0xC7, 0xC9, 0x78, 0x3D, 0xDF, 0x9C, 0xBE, 0xEF, 0x39, 0xF3,
    0x73, 0xCE, 0x99, 0xB3, 0x7F, 0x4E, 0x88, 0x02, 0xEC, 0x27, 0xD9, 0x3B, 0xF3, 0x7E, 0xF3, 0xFD,
    0xCC, 0x39, 0xEF, 0xCF, 0xF3, 0x3C, 0xEF, 0x39, 0x1F, 0x21, 0xCB, 0x3D, 0xAC, 0x64, 0xB5, 0x46,
    0x53, 0x67, 0x24, 0x1B, 0x74, 0xB6, 0x9F, 0x6A, 0x8C, 0x37, 0xFF, 0xAF, 0xC6, 0xE8, 0x1C, 0xD6,
    0x7E, 0x29, 0xCF, 0xEE, 0x7D, 0x96, 0x39, 0x74, 0x7B, 0xC6, 0xCD, 0x66, 0xE6, 0x0E, 0x54, 0xE3,
    0xA4, 0xC6, 0x68, 0x56, 0x60, 0xFC, 0xB8, 0x62, 0x74, 0x75, 0xC6, 0x30, 0xD6, 0x18, 0x4B, 0xDF,
    0xCC, 0x1C, 0xD5, 0x58, 0x78, 0x68, 0x4C, 0x65, 0x63, 0x15, 0x6B, 0x8C, 0x21, 0x3D, 0x58, 0x78,
    0xAA, 0x71, 0x2B, 0x85, 0x87, 0xD5, 0x18, 0x37, 0xD5, 0x7F, 0x6D, 0x7A, 0x74, 0xD4, 0x1A, 0x67,
    0x9B, 0x6B, 0xF7, 0x18, 0x53, 0x46, 0x00, 0x7F, 0x0D, 0xF8, 0x37, 0xA7, 0x0E, 0x0C, 0xDE, 0x6B,
    0x6D, 0x74, 0x24, 0xE3, 0xAE, 0xFA, 0x36, 0x03, 0xF1, 0x6A, 0x66, 0xDC, 0x42, 0x26, 0x88, 0x9B,
    0x89, 0xC6, 0x89, 0x80, 0xC4, 0xF0, 0x92, 0xB8, 0x36, 0xDA, 0x05, 0x8C, 0x23, 0xF1, 0x87, 0x06,
    0x1D, 0x6E, 0x20, 0xD5, 0x54, 0x7D, 0x1B, 0x15, 0xF9, 0xEC, 0x24, 0xA1, 0xB9, 0xF5, 0xD2, 0xD0,
    0x09, 0x72, 0x66, 0xDA, 0x6E, 0x56, 0x31, 0x29, 0x61, 0xC4, 0xCB, 0xC1, 0xA9, 0xA1, 0x4B, 0xB8,
    0x71, 0xD2, 0xCE, 0xDC, 0xE0, 0xC4, 0xA4, 0x95, 0x9D, 0xB4, 0x9F, 0x49, 0x3C, 0x32, 0xFA, 0x92,
    0x4B, 0x6E, 0x22, 0x93, 0x6E, 0xE4, 0x92, 0x39, 0xFF, 0xD0, 0x28, 0x3E, 0x44, 0x5F, 0x8D, 0x5F,
    0x8E, 0x2B, 0x8F, 0x38, 0x17, 0x69, 0x3C, 0x1D, 0x93, 0x5D, 0x1E, 0x6D, 0x1E, 0xA3, 0x49, 0xE2,
    0xB0, 0xBF, 0x64, 0xCE, 0xAE, 0xDC, 0x37, 0xE8, 0xF3, 0xF4, 0x35, 0x5A, 0x05, 0x93, 0xC4, 0xA4,
    0xE7, 0x29, 0x1D, 0x92, 0x12, 0x46, 0x20, 0xB0, 0x13, 0xF6, 0x29, 0x3E, 0x81, 0x4F, 0x33, 0xF6,
    0x10, 0xB3, 0x60, 0xB7, 0xBB, 0xC8, 0x8C, 0xDE, 0xCB, 0x7B, 0xD9, 0x0D, 0x78, 0xEC, 0x7F, 0x93,
    0xB2, 0x3F, 0xF0, 0x8E, 0x6C, 0x40, 0xC3, 0x88, 0xDF, 0x45, 0xC2, 0x9F, 0xAB, 0xBA, 0xE1, 0xB8,
    0x81, 0xC7, 0x9D, 0x99, 0xCE, 0x98, 0x6B, 0x8C, 0x9B, 0xA6, 0x56, 0xF5, 0x86, 0x3B, 0xDF, 0x9C,
    0xD1, 0xD0, 0x19, 0xB7, 0x04, 0x9A, 0x0B, 0x5F, 0x88, 0x34, 0x57, 0x2E, 0xEA, 0x53, 0x43, 0x56,
    0xF4, 0x6C, 0xB7, 0x5A, 0x59, 0xA9, 0xBE, 0x65, 0x80, 0x0E, 0xA0, 0x7A, 0x65, 0x0A, 0xC6, 0x13,
    0x6A, 0x58, 0x6B, 0x8C, 0x26, 0xD5, 0x18, 0xED, 0xEB, 0x1A, 0xA3, 0x73, 0x70, 0xE8, 0xF7, 0x8C,
    0xEE, 0x5D, 0x3A, 0xE3, 0x25, 0x8D, 0xD1, 0xA1, 0xB9, 0xFF, 0xD1, 0xFE, 0xA7, 0xC3, 0xA3, 0xF7,
    0x3D, 0x09, 0x7D, 0x83, 0x26, 0xB3, 0x6A, 0x76, 0x1B, 0x0B, 0xA6, 0x79, 0x9C, 0xDE, 0xD9, 0xD9,
    0x8E, 0x75, 0x93, 0x8F, 0xFF, 0x7D, 0x80, 0x1D, 0x2A, 0x6E, 0xE0, 0xC1, 0x10, 0x1D, 0x26, 0x87,
    0x0D, 0x2A, 0x1A, 0xDF, 0x05, 0x37, 0x09, 0x63, 0x36, 0x68, 0x8C, 0x71, 0xD4, 0x24, 0x25, 0xF8,
    0xA6, 0x3F, 0xAF, 0xC7, 0x90, 0x0E, 0x4D, 0x98, 0x42, 0x97, 0xF8, 0x93, 0x24, 0x77, 0xD8, 0x05,
    0xC6, 0xD0, 0xBB, 0x94, 0x39, 0x09, 0x46, 0xF5, 0x1C, 0x37, 0xC2, 0x05, 0x66, 0x16, 0x1B, 0xB9,
    0x9D, 0x40, 0xF0, 0x44, 0x27, 0x66, 0xCD, 0xDC, 0x7E, 0xFE, 0x74, 0x46, 0xA6, 0xAC, 0xF3, 0xA5,
    0x91, 0x5B, 0xE9, 0x2E, 0x0C, 0xB3, 0xEA, 0xB1, 0x6A, 0x2F, 0x7D, 0x31, 0x23, 0xD5, 0xA1, 0xEB,
    0x57, 0xF7, 0x66, 0xD6, 0x70, 0x0E, 0xF2, 0x0C, 0x7F, 0x9C, 0x19, 0x12, 0xF6, 0x37, 0xB5, 0xD2,
    0x39, 0x18, 0xA1, 0xD1, 0x0C, 0x75, 0xE9, 0x05, 0x6B, 0x48, 0xBC, 0xCA, 0x85, 0x08, 0xB1, 0x93,
    0x07, 0x88, 0x1B, 0x9D, 0x64, 0x1F, 0x6D, 0x65, 0xF0, 0xF6, 0x64, 0x73, 0x40, 0xBC, 0xC8, 0xFF,
    0x49, 0x4C, 0xFC, 0xA3, 0x01, 0xCB, 0xAB, 0xD3, 0x31, 0xFB, 0x4B, 0x89, 0x0B, 0x51, 0xEB, 0xF1,
    0xBB, 0xA1, 0x3C, 0xB8, 0xAC, 0x02, 0xEC, 0x43, 0x32, 0x18, 0xF1, 0x1B, 0x83, 0x43, 0x34, 0xA6,
    0x37, 0x16, 0x70, 0xD6, 0xB3, 0x3A, 0xE3, 0x0B, 0x3A, 0x0F, 0xDF, 0xDD, 0x1D, 0x6F, 0xAC, 0xFF,
    0x4E, 0x7C, 0xA6, 0x71, 0x82, 0xD3, 0x68, 0xC4, 0x64, 0x6A, 0xDD, 0x4D, 0xEE, 0x20, 0x4F, 0xC2,
    0xE5, 0xA7, 0x1E, 0x26, 0x77, 0x1C, 0x04, 0xC3, 0x53, 0xA7, 0x1E, 0x1E, 0xDF, 0x01, 0x23, 0x3B,
    0x38, 0x7D, 0xEA, 0xE1, 0x39, 0x38, 0xD8, 0x38, 0x09, 0x07, 0x64, 0x47, 0x62, 0x96, 0xFB, 0x4F,
    0x3F, 0xFD, 0x10, 0xD9, 0x71, 0xCA, 0xB9, 0xE5, 0x0F, 0xD8, 0xC1, 0xD9, 0xDB, 0x26, 0xDC, 0xEB,
    0x97, 0x0E, 0x4C, 0x9E, 0xBC, 0xFC, 0xC3, 0x2F, 0x11, 0x3F, 0x0C, 0xDC, 0x73, 0xD7, 0xE8, 0x05,
    0x78, 0xC3, 0xC0, 0x26, 0x70, 0x73, 0x26, 0x0C, 0xE5, 0xED, 0x70, 0x30, 0xE5, 0xA6, 0x90, 0x2B,
    0x49, 0x3A, 0xC8, 0x76, 0xA4, 0xC9, 0x86, 0xF1, 0x3C, 0x75, 0xC8, 0xFD, 0xA7, 0x13, 0x32, 0x46,
    0xD2, 0x5B, 0x88, 0x77, 0x05, 0x2E, 0xFC, 0xAD, 0xDC, 0xFE, 0x77, 0x28, 0x37, 0x30, 0x58, 0x33,
    0x14, 0xE2, 0xCC, 0x98, 0x9E, 0x86, 0x7F, 0x92, 0x5B, 0xBD, 0x6B, 0x9E, 0x7C, 0x3F, 0x99, 0x22,
    0x11, 0xB9, 0x79, 0x48, 0xBE, 0x7F, 0xAA, 0x30, 0xD9, 0xD0, 0x7D, 0xE5, 0x99, 0x6D, 0x5E, 0x7D,
    0xF0, 0xC5, 0x9D, 0x6C, 0x48, 0xBF, 0x7C, 0xAA, 0xFC, 0x08, 0x3F, 0x48, 0x6E, 0xF3, 0x16, 0xA7,
    0xA7, 0xA7, 0xEF, 0x7D, 0xED, 0xA9, 0x9C, 0xB0, 0xAC, 0x7A, 0xE0, 0x19, 0x9C, 0xBA, 0x69, 0x39,
    0x05, 0x19, 0xC7, 0xD4, 0x21, 0x73, 0xE7, 0xA5, 0xD3, 0x31, 0xE6, 0xF7, 0x46, 0x30, 0xD6, 0xC5,
    0x4E, 0x44, 0x8C, 0xFD, 0xC4, 0x1A, 0x3A, 0x91, 0x60, 0xD9, 0xF2, 0x03, 0xD1, 0x12, 0x81, 0x57,
    0x42, 0xDE, 0xED, 0x2C, 0x26, 0xFA, 0xE9, 0x4D, 0xE8, 0x38, 0x8D, 0xC5, 0x28, 0x9D, 0x84, 0xE7,
    0x95, 0xDA, 0x12, 0x93, 0x90, 0xD5, 0xF4, 0x0D, 0x56, 0x56, 0x3F, 0x43, 0x13, 0xF7, 0x59, 0x3C,
    0x9A, 0x35, 0x6B, 0x8B, 0x7D, 0x3D, 0x1B, 0x5C, 0x4E, 0x6E, 0x35, 0x87, 0x60, 0xE1, 0xF5, 0xDF,
    0x7C, 0x30, 0x33, 0x69, 0x32, 0x69, 0x75, 0x16, 0x62, 0xE4, 0x04, 0x2D, 0xE9, 0x03, 0xE6, 0x6B,
    0x77, 0x33, 0x8B, 0x41, 0xAF, 0x1E, 0xA1, 0x2F, 0xC7, 0xF7, 0x5D, 0xA5, 0x9F, 0xBA, 0x72, 0x8E,
    0xBF, 0x0F, 0xFD, 0x05, 0x04, 0x35, 0x7B, 0xBC, 0x74, 0x09, 0x2D, 0x8E, 0xFB, 0x93, 0xEF, 0xD0,
    0x07, 0xE9, 0x2B, 0x55, 0x78, 0x86, 0x1E, 0x64, 0x16, 0x77, 0x06, 0x7D, 0x63, 0x03, 0x3A, 0xCD,
    0x46, 0x6B, 0xC8, 0xBC, 0x3A, 0x14, 0x7C, 0x6D, 0x68, 0x8E, 0x20, 0x42, 0x66, 0x44, 0x8B, 0x33,
    0x22, 0xFE, 0x21, 0xC9, 0xE2, 0xFF, 0x13, 0x99, 0x73, 0x0E, 0xB5, 0x86, 0x59, 0x2B, 0x9B, 0x84,
    0xEA, 0xEC, 0x3C, 0x12, 0xC8, 0x16, 0x9F, 0x3E, 0xD2, 0x8E, 0x64, 0x69, 0x65, 0xEE, 0x63, 0x91,
    0x47, 0x2F, 0xDE, 0x33, 0xFD, 0xAD, 0xCF, 0x7D, 0x1A, 0xA6, 0x6F, 0x2F, 0x7D, 0xEC, 0xDA, 0x0C,
    0x4D, 0x8C, 0x23, 0x54, 0x7E, 0x04, 0x70, 0x5B, 0xED, 0xE3, 0xA1, 0xCA, 0xA3, 0x87, 0xD7, 0x1A,
    0x44, 0x83, 0x5E, 0x10, 0x0D, 0x5E, 0x58, 0x55, 0x25, 0xE9, 0x07, 0xD9, 0xB1, 0xBE, 0x4D, 0xF1,
    0x22, 0x4C, 0x98, 0xEC, 0xD2, 0x29, 0xD1, 0xFD, 0x60, 0x56, 0x8D, 0xFB, 0x95, 0xCA, 0x02, 0x36,
    0xF4, 0x25, 0xD1, 0x16, 0xC1, 0xCC, 0x02, 0x42, 0x11, 0x6D, 0x98, 0xE2, 0xD0, 0x35, 0xA5, 0x5A,
    0x33, 0xAA, 0x7D, 0xA2, 0xB5, 0x19, 0x15, 0xF1, 0x99, 0x6D, 0x53, 0x57, 0x00, 0x6C, 0x1A, 0x39,
    0x3F, 0xAE, 0xBD, 0xAA, 0xB1, 0x39, 0x97, 0xD3, 0x01, 0x4D, 0xB6, 0x9B, 0xC3, 0x3B, 0x3B, 0xDB,
    0xC0, 0x02, 0xC0, 0x93, 0x78, 0xD6, 0x70, 0x97, 0x50, 0x3C, 0x20, 0xEF, 0x31, 0x6F, 0x13, 0xEA,
    0xD1, 0x80, 0x9E, 0x3F, 0x42, 0xAF, 0x52, 0xF0, 0xAE, 0x6F, 0xB7, 0x36, 0x17, 0x20, 0x4A, 0xED,
    0x5F, 0xC3, 0xC6, 0xE6, 0xEF, 0x7E, 0x90, 0x1E, 0xA0, 0x2F, 0x55, 0xE1, 0x73, 0x34, 0x6A, 0x6C,
    0x22, 0x7C, 0xFB, 0xAC, 0x8A, 0xF3, 0xE0, 0xA1, 0xBB, 0xEE, 0x84, 0x88, 0xDD, 0x14, 0xDB, 0xA4,
    0xC6, 0xE6, 0x37, 0xF5, 0x9F, 0xBD, 0x37, 0xE2, 0x3A, 0xE3, 0xB0, 0xD7, 0xD4, 0x99, 0x04, 0x87,
    0x81, 0x46, 0xBC, 0xFC, 0xD4, 0x35, 0x10, 0x9C, 0x7D, 0x76, 0x70, 0x0D, 0x66, 0xCB, 0x6B, 0xCA,
    0x11, 0x62, 0xBC, 0x68, 0x8E, 0xC1, 0xE8, 0x49, 0xAF, 0x76, 0x5E, 0x80, 0x78, 0x8D, 0x6D, 0xE4,
    0xD4, 0x60, 0x18, 0x10, 0x9E, 0x1B, 0xCD, 0x59, 0x57, 0x8F, 0x6D, 0xDE, 0x4B, 0x0F, 0x5D, 0x9B,
    0x9E, 0xFE, 0x1C, 0xF8, 0xEF, 0x7D, 0x00, 0xF0, 0x2E, 0xD2, 0x6F, 0x43, 0xB9, 0xA5, 0x97, 0x15,
    0x17, 0xA6, 0x43, 0x8F, 0x7E, 0x74, 0x14, 0xD7, 0x27, 0x67, 0x69, 0x1E, 0x9F, 0xA5, 0xD7, 0xC4,
    0x44, 0x5D, 0xA3, 0x3B, 0xD9, 0x47, 0x17, 0xFB, 0x36, 0xC0, 0x76, 0xAF, 0xF7, 0x2A, 0x49, 0x98,
    0xBC, 0x31, 0xEC, 0xBB, 0xE5, 0xC6, 0x60, 0x79, 0x57, 0x3E, 0xA9, 0x16, 0x15, 0xF9, 0x7D, 0x0F,
    0xB3, 0x90, 0xF8, 0xDD, 0x89, 0xD6, 0x00, 0xB0, 0xF3, 0xC3, 0x30, 0x3F, 0x1D, 0xAC, 0xCE, 0x89,
    0xF5, 0x75, 0x98, 0x9C, 0xC6, 0xB0, 0x0D, 0x0D, 0xFF, 0x23, 0x18, 0xFC, 0x1A, 0x10, 0xEC, 0x72,
    0x02, 0x9E, 0x5D, 0xDD, 0x84, 0x7B, 0xF5, 0x24, 0x37, 0x84, 0xC3, 0x01, 0x73, 0xF3, 0x89, 0xA0,
    0x36, 0xD0, 0xC2, 0x28, 0x0B, 0x83, 0x6C, 0xB4, 0x23, 0x6E, 0x30, 0xAF, 0x96, 0x24, 0x2C, 0xA0,
    0x96, 0x43, 0x8D, 0xE7, 0x57, 0x04, 0x73, 0xC4, 0x2B, 0x06, 0xC9, 0x2C, 0x1A, 0x58, 0x22, 0x19,
    0x3B, 0x49, 0xDC, 0xD2, 0x4E, 0x4F, 0x38, 0x69, 0x6D, 0xA0, 0x23, 0x9F, 0x52, 0x36, 0xD0, 0x23,
    0x5E, 0xBE, 0x69, 0xE9, 0x8F, 0x42, 0x38, 0xAD, 0x68, 0xC9, 0x0C, 0x76, 0xBA, 0xC1, 0x9B, 0xDF,
    0x5A, 0x78, 0xFF, 0x90, 0x7B, 0x87, 0x01, 0xFD, 0x93, 0x4D, 0x22, 0xBB, 0xDA, 0x83, 0x9E, 0x23,
    0x1A, 0xD0, 0xB5, 0xE6, 0x56, 0x34, 0xEC, 0x1A, 0xA8, 0x86, 0x66, 0x30, 0xB7, 0x30, 0x43, 0x1C,
    0xED, 0x32, 0xFF, 0x91, 0x8F, 0x0A, 0x85, 0x2B, 0x4F, 0x58, 0x34, 0x42, 0x96, 0x51, 0xC3, 0x40,
    0x30, 0x0C, 0xAE, 0x06, 0xC8, 0x30, 0x5A, 0x0F, 0xC4, 0xEF, 0xD0, 0x80, 0xCB, 0xC1, 0xA9, 0xD4,
    0x09, 0x98, 0xC1, 0xCA, 0xE6, 0x44, 0xDF, 0xCB, 0x90, 0x55, 0x7C, 0xAB, 0x76, 0xBC, 0x9F, 0xD3,
    0x7F, 0xA3, 0xB9, 0xA7, 0x7A, 0x1D, 0x63, 0x13, 0xB2, 0xCB, 0x31, 0x42, 0xD5, 0xF7, 0xB7, 0x9E,
    0xB3, 0x81, 0xA7, 0x5D, 0x91, 0x3D, 0x22, 0x8C, 0xDE, 0xE8, 0xB9, 0x5E, 0xCF, 0xC7, 0xC0, 0x5F,
    0x8C, 0xEF, 0xE1, 0x65, 0xC1, 0x38, 0x19, 0x7B, 0x72, 0x8A, 0x01, 0x03, 0x32, 0x5E, 0x05, 0x24,
    0xDD, 0x04, 0x30, 0xD8, 0xC6, 0x6F, 0x90, 0x96, 0x64, 0x67, 0x8A, 0x00, 0x73, 0xFE, 0x7C, 0x4A,
    0xBE, 0xC6, 0xDE, 0x72, 0x78, 0xFE, 0x29, 0xE2, 0x5F, 0x85, 0x5B, 0xF9, 0xD4, 0xE2, 0xEB, 0x10,
    0x8A, 0x6C, 0xFE, 0xE2, 0xF8, 0x9A, 0x9C, 0x9E, 0xCD, 0xFB, 0xD9, 0xD1, 0x1F, 0x06, 0x8E, 0x01,
    0xB0, 0xC6, 0x78, 0x06, 0x3E, 0xDB, 0x66, 0x4F, 0x9D, 0x0D, 0xDE, 0xED, 0xB0, 0x23, 0x72, 0x36,
    0x70, 0xAD, 0x1F, 0xE3, 0xED, 0x45, 0x67, 0x02, 0x3F, 0x81, 0x77, 0xFA, 0xE0, 0x03, 0xD9, 0x99,
    0xE0, 0xCB, 0x09, 0x64, 0x86, 0x1D, 0xC3, 0x63, 0x67, 0x82, 0xAF, 0xFF, 0x88, 0x2E, 0x2C, 0xD0,
    0xE7, 0x17, 0xCF, 0x04, 0xDE, 0x27, 0xCE, 0x50, 0x7A, 0x8E, 0xC6, 0x07, 0x85, 0x3B, 0x70, 0x52,
    0x13, 0x3C, 0xE4, 0xA6, 0x0F, 0x11, 0x72, 0x7B, 0x86, 0x4A, 0xC0, 0x2D, 0x3B, 0xE1, 0x5B, 0x7E,
    0xFF, 0x20, 0x1C, 0x39, 0x3B, 0x43, 0xE2, 0xBD, 0xF6, 0x22, 0x1E, 0xDD, 0xF9, 0x4A, 0xB0, 0x73,
    0xE3, 0xD7, 0x13, 0x63, 0xC2, 0xBE, 0xF3, 0x7A, 0xB0, 0x9F, 0x78, 0x4F, 0x9F, 0xBA, 0xDB, 0xBE,
    0x33, 0x0E, 0xEE, 0x27, 0xF7, 0x9D, 0x79, 0xE6, 0x91, 0x4F, 0xDC, 0xE6, 0x92, 0x1D, 0xD6, 0x08,
    0xBC, 0xAD, 0xBA, 0xAD, 0x24, 0x3B, 0x8C, 0xA9, 0x4D, 0x9B, 0xA6, 0xA6, 0x36, 0x28, 0x4C, 0x48,
    0x28, 0x21, 0x46, 0x9B, 0xD2, 0xBF, 0x48, 0x3A, 0x9C, 0x7C, 0x02, 0xBC, 0xF6, 0xC1, 0x8C, 0xA1,
    0xF0, 0x29, 0x80, 0xAC, 0x3F, 0x7E, 0x1A, 0x8F, 0x5D, 0x13, 0x0A, 0xA8, 0x73, 0xD7, 0x69, 0x8C,
    0x18, 0x8F, 0x1F, 0xA7, 0xF8, 0x6A, 0x1F, 0x0B, 0xAB, 0x43, 0x93, 0x86, 0x4A, 0x62, 0xD6, 0xE7,
    0x87, 0x71, 0x41, 0x8C, 0x1F, 0x5A, 0xAF, 0x2F, 0x2C, 0x2C, 0x7C, 0xF3, 0x89, 0x2D, 0x58, 0xA3,
    0x1C, 0x21, 0x4B, 0x50, 0x5E, 0x87, 0x27, 0x6E, 0xC3, 0xAC, 0x56, 0xDF, 0x3E, 0x7A, 0x57, 0x0D,
    0x18, 0x27, 0xDE, 0xB7, 0x44, 0xFD, 0x13, 0x6A, 0xAF, 0x53, 0x36, 0xB0, 0xC9, 0x05, 0xDC, 0xDC,
    0xA4, 0x65, 0x2F, 0x98, 0xF4, 0x9A, 0xF8, 0x77, 0x92, 0x5D, 0x2E, 0x7E, 0x75, 0x72, 0xDC, 0x03,
    0x62, 0xE4, 0x53, 0x04, 0xF5, 0x41, 0xE1, 0x06, 0x56, 0xE6, 0x53, 0x82, 0xB0, 0x9D, 0x1D, 0x8F,
    0x03, 0x17, 0x26, 0xCE, 0x2B, 0x55, 0x3C, 0x78, 0xAC, 0xBA, 0xE7, 0x49, 0xC2, 0x40, 0x7A, 0x85,
    0x7C, 0xB8, 0x24, 0x88, 0xCD, 0x1F, 0x29, 0x6C, 0x7A, 0x1F, 0x44, 0x09, 0x42, 0xF2, 0xE6, 0xA3,
    0xFD, 0x6F, 0xC5, 0x5D, 0xF9, 0xA5, 0x23, 0xC1, 0x69, 0x87, 0x4B, 0x28, 0x34, 0x46, 0x44, 0x76,
    0xA3, 0x05, 0xDF, 0xE2, 0xAF, 0x03, 0x72, 0x2A, 0xB8, 0x8D, 0xCC, 0xC0, 0xB1, 0x39, 0x4F, 0x86,
    0xA7, 0xA2, 0x6D, 0xEF, 0xC1, 0xE1, 0x99, 0x1F, 0x27, 0x87, 0xCF, 0x1C, 0xF8, 0x97, 0xFD, 0x70,
    0x38, 0x3E, 0x3C, 0x0A, 0xC7, 0xFF, 0xF1, 0xE7, 0xFB, 0x81, 0xF8, 0x7C, 0x60, 0xF8, 0x55, 0x38,
    0x8E, 0xB6, 0xED, 0x27, 0x94, 0xEC, 0x84, 0xB9, 0x3B, 0xF6, 0x5C, 0xB4, 0xED, 0xCB, 0x07, 0x0F,
    0x06, 0x93, 0x19, 0x3F, 0xFE, 0x9B, 0x6F, 0x00, 0x02, 0xAE, 0x9E, 0xB8, 0x67, 0xF1, 0xF4, 0x5F,
    0xCC, 0xFC, 0xD7, 0xFF, 0xDD, 0x07, 0x63, 0x47, 0xE9, 0xA1, 0x64, 0xF0, 0xC6, 0x28, 0xE6, 0xD9,
    0xCE, 0x48, 0xAC, 0x68, 0x3F, 0xA3, 0x30, 0xE8, 0xE8, 0x2E, 0xA0, 0xEF, 0x8D, 0xC4, 0xC1, 0x19,
    0x0D, 0x0B, 0x72, 0x87, 0x59, 0xB2, 0xF7, 0x04, 0xF7, 0xFE, 0xCC, 0x1D, 0x56, 0x04, 0xC7, 0xFC,
    0xCA, 0x3B, 0xAC, 0x00, 0x18, 0xD1, 0x0F, 0x08, 0xD9, 0x3C, 0x93, 0x9F, 0xB4, 0x2E, 0xD6, 0xAA,
    0x49, 0xE1, 0xBF, 0xC0, 0x18, 0x06, 0xC6, 0xC1, 0xA6, 0x03, 0x84, 0x81, 0xE6, 0x1D, 0xF0, 0xEF,
    0x76, 0x8E, 0xFD, 0xE6, 0x77, 0x10, 0xF3, 0xA9, 0x88, 0x6C, 0xDB, 0xFF, 0x21, 0x62, 0x67, 0x3B,
    0x3E, 0xF8, 0x97, 0x67, 0xB3, 0x9B, 0xB6, 0xED, 0x1F, 0x91, 0xED, 0x3B, 0x77, 0xEC, 0x38, 0xF6,
    0xDF, 0x3B, 0xB6, 0x6F, 0xFB, 0xCA, 0x8F, 0x88, 0xFF, 0xE4, 0x93, 0xD5, 0xE2, 0xCF, 0xBE, 0x56,
    0xFD, 0xF6, 0x57, 0xCE, 0x91, 0xAF, 0xD2, 0xCB, 0x97, 0x2F, 0x3F, 0x74, 0xFD, 0x1B, 0x37, 0xDF,
    0x4F, 0x09, 0x7E, 0xAA, 0x49, 0xFE, 0xF6, 0x67, 0x37, 0xDF, 0x7F, 0x0B, 0xBE, 0xE3, 0xBB, 0xFE,
    0xE4, 0x8F, 0xCF, 0xD3, 0x13, 0xBF, 0x7F, 0x82, 0xEC, 0xFC, 0xBD, 0x85, 0xF8, 0xBA, 0x13, 0x58,
    0xC5, 0x87, 0x87, 0x78, 0xFC, 0x9D, 0x4F, 0x2F, 0x57, 0x50, 0x54, 0x45, 0x6C, 0x5C, 0x65, 0xD1,
    0x13, 0x81, 0x5A, 0x6F, 0x80, 0x0D, 0xE6, 0x6D, 0xEE, 0x04, 0xEC, 0x39, 0xF6, 0x53, 0x42, 0x0A,
    0xD1, 0x30, 0x51, 0x0A, 0x86, 0xFB, 0xC1, 0x30, 0x98, 0x17, 0x0C, 0x23, 0x8B, 0x4F, 0x77, 0x6D,
    0x78, 0x3F, 0xF1, 0xEF, 0x6A, 0x0C, 0x29, 0x43, 0xC3, 0x89, 0x73, 0x06, 0x0D, 0xDB, 0x6B, 0x83,
    0x45, 0x33, 0xEB, 0x8D, 0x6C, 0x8C, 0xCC, 0x7B, 0xA4, 0x64, 0x86, 0x01, 0x84, 0x16, 0x05, 0x54,
    0x9E, 0xBB, 0x00, 0x47, 0xD3, 0xBA, 0xAA, 0x85, 0x99, 0xB3, 0xBB, 0x31, 0x6C, 0x22, 0xFB, 0xD0,
    0xE0, 0x3D, 0x98, 0x7B, 0xD1, 0xE8, 0x4F, 0x53, 0xC4, 0x0B, 0x90, 0x49, 0xEB, 0x58, 0x5B, 0xC4,
    0x04, 0x39, 0xE7, 0x5C, 0xCF, 0x68, 0xCE, 0x4E, 0xE9, 0x2F, 0x98, 0x01, 0xEA, 0xDF, 0xBE, 0x60,
    0xCB, 0xFC, 0xBE, 0xF1, 0xF9, 0x7D, 0xBB, 0x7F, 0x01, 0x5F, 0x77, 0x97, 0x27, 0xB8, 0x21, 0x4E,
    0x7C, 0x6B, 0xF8, 0x3C, 0x1A, 0x20, 0xEE, 0x1B, 0x03, 0xD0, 0x49, 0x84, 0x7B, 0x10, 0x1B, 0x6E,
    0x83, 0xB8, 0x80, 0x80, 0xE4, 0xCE, 0xCB, 0x4D, 0xC9, 0x24, 0xCE, 0xB3, 0x91, 0x67, 0xE4, 0xF0,
    0x09, 0x75, 0xB9, 0x23, 0xEE, 0x27, 0xA2, 0x49, 0x6E, 0x18, 0xAF, 0x59, 0xB7, 0x4B, 0x1E, 0x30,
    0x0A, 0xE7, 0xF9, 0xC4, 0x87, 0xD2, 0x80, 0xD5, 0x21, 0xA6, 0xFF, 0x4A, 0x91, 0x07, 0xA7, 0x6A,
    0x75, 0x88, 0x1A, 0x32, 0x4C, 0xF7, 0xD2, 0xE7, 0x20, 0xC4, 0x2E, 0x74, 0xCC, 0xFD, 0x2E, 0x05,
    0x4F, 0x38, 0x97, 0x94, 0xCC, 0x6F, 0xD3, 0x53, 0xE7, 0x24, 0x41, 0xC5, 0xA0, 0x77, 0x9D, 0x53,
    0x15, 0x96, 0x86, 0x90, 0xBE, 0x8F, 0xCC, 0x1E, 0x47, 0x04, 0x0B, 0x07, 0xA8, 0x5B, 0x9D, 0x38,
    0x61, 0x8C, 0xCC, 0x73, 0x1F, 0x07, 0xEF, 0x00, 0x96, 0x0F, 0x27, 0x81, 0x75, 0xEE, 0xEF, 0xEB,
    0xC4, 0x77, 0x42, 0x78, 0xD5, 0xAC, 0xA8, 0x4E, 0xCC, 0xCE, 0x42, 0xF9, 0xB9, 0xBD, 0x3D, 0x81,
    0x89, 0x9C, 0xAC, 0x53, 0xD1, 0xDC, 0xAC, 0xF3, 0x7C, 0xE6, 0xD7, 0xA0, 0x6E, 0x6E, 0xCE, 0x3E,
    0x9D, 0x79, 0x6E, 0xC5, 0xF4, 0x8A, 0xB9, 0x39, 0x98, 0x6C, 0xD7, 0xF7, 0x20, 0xD3, 0xDC, 0x42,
    0xE6, 0x1E, 0x80, 0xD2, 0xEB, 0x01, 0x36, 0xD9, 0x05, 0x09, 0xA3, 0xF4, 0xF1, 0xAE, 0x21, 0x1F,
    0xCD, 0xC2, 0x49, 0x81, 0xE3, 0x32, 0x02, 0x04, 0x38, 0x07, 0xB4, 0x7E, 0x7E, 0x7C, 0x31, 0x98,
    0x99, 0x87, 0x8C, 0xE4, 0x43, 0x62, 0xEA, 0x90, 0xF5, 0x62, 0x5C, 0x0F, 0x48, 0x58, 0xA2, 0xAE,
    0x56, 0xDF, 0x28, 0x54, 0x70, 0x23, 0x6E, 0x46, 0xED, 0x23, 0x7C, 0x3A, 0x50, 0x01, 0x6A, 0x6E,
    0xA2, 0x3E, 0x31, 0xAE, 0x80, 0x77, 0x6E, 0x72, 0xB9, 0xC7, 0xB3, 0x93, 0xD2, 0xED, 0xE0, 0x96,
    0x91, 0xC1, 0xE4, 0xB5, 0xD8, 0x2B, 0x73, 0xEA, 0x13, 0x0F, 0xBC, 0xF9, 0xB8, 0x13, 0x6C, 0x60,
    0x1E, 0xEE, 0x91, 0xED, 0x66, 0xE1, 0x04, 0x27, 0xE0, 0xC4, 0x1C, 0x3A, 0x01, 0xA0, 0x72, 0x27,
    0x98, 0x83, 0x13, 0x24, 0x9D, 0x00, 0x84, 0x99, 0x85, 0x9D, 0xF8, 0x11, 0x7C, 0x71, 0xDF, 0xCA,
    0x89, 0x9D, 0xBB, 0x91, 0x0B, 0xF7, 0x45, 0x7C, 0xA6, 0xF4, 0x50, 0xF0, 0x24, 0x48, 0xA7, 0x93,
    0x28, 0x7A, 0x84, 0x90, 0x2E, 0xF7, 0x2D, 0x04, 0xA4, 0x24, 0x9B, 0xA7, 0xA7, 0xC6, 0xA6, 0x5A,
    0xDD, 0xB3, 0x7D, 0x30, 0x60, 0xD2, 0x28, 0xE1, 0x0C, 0x04, 0x4B, 0xB2, 0xB2, 0xD1, 0x46, 0xB1,
    0x19, 0x2C, 0x27, 0x9E, 0x2B, 0xA7, 0xA6, 0xE2, 0x1D, 0x7F, 0x26, 0x9D, 0xBD, 0x5B, 0x56, 0xCE,
    0x6F, 0x29, 0x14, 0x50, 0xB1, 0x65, 0x3C, 0x5A, 0x52, 0x27, 0xB7, 0x32, 0xF1, 0x74, 0x97, 0x7C,
    0xFA, 0x00, 0xB0, 0xCC, 0xEE, 0xD4, 0x46, 0xE9, 0xBB, 0x3B, 0xF5, 0x2B, 0x49, 0x33, 0xAF, 0x26,
    0x25, 0x0D, 0xBC, 0xF0, 0x97, 0x3B, 0xA5, 0x54, 0x3A, 0xF5, 0xE9, 0x25, 0x28, 0x60, 0xED, 0xE9,
    0xD8, 0x7D, 0x30, 0xD2, 0x83, 0x54, 0x10, 0xE2, 0xDD, 0x42, 0xDB, 0x5C, 0xE0, 0xCF, 0xCE, 0x4B,
    0x15, 0xD6, 0x2D, 0x00, 0x37, 0x7A, 0xDC, 0xB1, 0xC0, 0xB1, 0xFD, 0x12, 0xD8, 0x8B, 0x47, 0x03,
    0x23, 0x61, 0x44, 0xE5, 0x04, 0xD0, 0x98, 0x6C, 0x4B, 0xCC, 0x12, 0x18, 0x70, 0x94, 0x62, 0xD6,
    0x7A, 0x11, 0x08, 0x63, 0x89, 0xEE, 0x0A, 0xF4, 0x24, 0x2F, 0xEC, 0xA4, 0x24, 0x5B, 0x4B, 0x33,
    0x43, 0x66, 0xB2, 0x48, 0x17, 0x67, 0xAE, 0xD2, 0x23, 0x34, 0x32, 0x32, 0x81, 0x94, 0x14, 0xC0,
    0x1B, 0x19, 0x1F, 0xB9, 0x16, 0x97, 0xFE, 0x39, 0xF0, 0x66, 0xE6, 0xEA, 0x1B, 0x49, 0xE1, 0x71,
    0x16, 0xEC, 0xA4, 0xB5, 0xA6, 0xCF, 0xBF, 0x50, 0x2D, 0xD1, 0xF9, 0xBC, 0xC4, 0x9B, 0x23, 0x22,
    0xB9, 0xCC, 0x70, 0x19, 0xB2, 0x7C, 0xF8, 0x56, 0x11, 0x61, 0x16, 0xB1, 0x88, 0xB5, 0x4A, 0x2A,
    0xCC, 0xA8, 0x5D, 0xD0, 0x40, 0x6C, 0x79, 0x4C, 0xAE, 0x9A, 0xDA, 0x37, 0x02, 0xD7, 0x74, 0xD0,
    0xE8, 0xDF, 0x50, 0xD6, 0x07, 0xAC, 0x4C, 0x7A, 0x39, 0x66, 0x7C, 0x20, 0x25, 0xA8, 0xA1, 0x13,
    0xA7, 0x40, 0x29, 0x74, 0x84, 0x67, 0x15, 0xC7, 0x2E, 0x90, 0x04, 0xF0, 0x0C, 0x50, 0x31, 0x66,
    0x8F, 0xF8, 0x3A, 0x8C, 0xD2, 0x27, 0xF7, 0x42, 0x70, 0xA3, 0x70, 0x47, 0x9F, 0x42, 0xA0, 0x4E,
    0x42, 0x76, 0x06, 0x69, 0x39, 0x4E, 0x19, 0xD2, 0x48, 0xAC, 0x11, 0x4A, 0x97, 0x7E, 0x86, 0x09,
    0x8F, 0x9D, 0x39, 0x34, 0x82, 0xF9, 0x21, 0x28, 0x65, 0xD9, 0x23, 0xB8, 0x1E, 0xC8, 0xDF, 0x02,
    0xD6, 0x87, 0x85, 0xB8, 0x24, 0x4D, 0x9D, 0xB8, 0xCE, 0xB0, 0x4C, 0x33, 0xFE, 0x0F, 0xC2, 0xBF,
    0x9C, 0xD0, 0x83, 0xEC, 0x24, 0xC7, 0x8B, 0x52, 0x52, 0x91, 0xB8, 0x74, 0x11, 0x9E, 0xDB, 0x1C,
    0xCC, 0x8C, 0xCF, 0xAF, 0x49, 0xDF, 0x90, 0x87, 0x8B, 0x4A, 0x61, 0x49, 0xA3, 0xA5, 0x9F, 0xBB,
    0xB5, 0xFF, 0x56, 0x13, 0x81, 0xAC, 0xAE, 0x78, 0x67, 0x4A, 0x32, 0xBE, 0xD0, 0xBD, 0xCA, 0x7F,
    0x69, 0x04, 0x03, 0x57, 0xB5, 0x06, 0x1F, 0x9E, 0xF7, 0xD0, 0xA5, 0xEA, 0x29, 0xB0, 0x0F, 0x70,
    0x09, 0xEE, 0x62, 0x60, 0xB7, 0xB8, 0xCC, 0x65, 0xD5, 0x66, 0x40, 0x1B, 0x70, 0xB6, 0x81, 0xE0,
    0x30, 0xF3, 0x89, 0x20, 0x53, 0x75, 0xAB, 0x28, 0xC1, 0xA9, 0x78, 0xB5, 0xFE, 0x86, 0x50, 0x99,
    0x12, 0x13, 0x27, 0x23, 0xE0, 0xA8, 0x38, 0xE6, 0x9F, 0x18, 0xD2, 0x00, 0x4B, 0x24, 0x4F, 0x66,
    0xF8, 0xE5, 0xF0, 0x5D, 0xD8, 0xDF, 0x07, 0x47, 0xAC, 0x06, 0xD5, 0xE7, 0xB4, 0x34, 0xF0, 0x6D,
    0x70, 0x52, 0x60, 0x7E, 0x18, 0xC7, 0xA2, 0x8B, 0xF5, 0xB4, 0xD0, 0xC5, 0xA9, 0x01, 0x3C, 0x19,
    0x37, 0x13, 0x03, 0x73, 0x50, 0x3B, 0x03, 0xA5, 0x77, 0xF1, 0xF0, 0x00, 0xC7, 0xD9, 0xE4, 0x34,
    0x93, 0xF3, 0x30, 0xC0, 0xAE, 0xCC, 0xA8, 0x8C, 0x18, 0xA7, 0x67, 0x2B, 0x50, 0xD4, 0x38, 0xF3,
    0x87, 0xA6, 0xA4, 0x69, 0x87, 0xA9, 0x72, 0x9E, 0x18, 0x95, 0xFC, 0x7C, 0xDB, 0xE7, 0xE2, 0xE7,
    0x4A, 0xCC, 0xF8, 0x4A, 0x53, 0xC5, 0x57, 0x80, 0x13, 0xC4, 0x3E, 0x11, 0xF3, 0x9F, 0x43, 0xAB,
    0x05, 0x2A, 0x26, 0x40, 0xA6, 0x64, 0x8B, 0xB3, 0x4C, 0xA9, 0x08, 0x84, 0xD9, 0x84, 0x88, 0x6E,
    0x00, 0x37, 0xF3, 0xF8, 0xEA, 0x3C, 0xEB, 0xF3, 0x22, 0x66, 0x33, 0x2A, 0x2F, 0x15, 0x3F, 0xD5,
    0x1F, 0x8A, 0x9D, 0x46, 0x5F, 0xFC, 0x06, 0xC7, 0x9D, 0x68, 0xB5, 0xCE, 0xFB, 0xBE, 0x5A, 0xFE,
    0xDD, 0x3C, 0xC5, 0xD3, 0x9D, 0xC3, 0x54, 0x61, 0xF6, 0x85, 0xED, 0x51, 0xDD, 0xC5, 0x62, 0x0E,
    0x66, 0x55, 0x78, 0x56, 0xB0, 0xDB, 0x83, 0x9C, 0x45, 0x99, 0x98, 0xFF, 0x32, 0x9E, 0x55, 0xE8,
    0x16, 0x63, 0x1F, 0x9B, 0x01, 0x87, 0xDA, 0x73, 0x0F, 0xDC, 0x3A, 0x9B, 0x7D, 0x98, 0x3C, 0x2E,
    0xBF, 0xF3, 0xB3, 0x90, 0x3B, 0x4E, 0xC6, 0x1C, 0x0C, 0x1C, 0x88, 0x99, 0xD8, 0x19, 0x8C, 0x46,
    0x86, 0x53, 0x5B, 0x81, 0xA3, 0x04, 0xFB, 0xF0, 0xED, 0x16, 0x8E, 0xA2, 0x07, 0x1F, 0xA5, 0x38,
    0xFF, 0x2C, 0x6A, 0x2B, 0x56, 0x43, 0xE1, 0xEF, 0x80, 0x0D, 0x6D, 0x8C, 0x3C, 0x8B, 0x7D, 0x0E,
    0x65, 0xEA, 0x3F, 0xC6, 0xF3, 0x05, 0x1C, 0x66, 0xF0, 0x52, 0x93, 0xD2, 0x60, 0x4D, 0xC1, 0x7B,
    0x5C, 0x6E, 0xD8, 0x4A, 0x25, 0x54, 0x3A, 0x33, 0x47, 0xD2, 0xEB, 0x1E, 0x5F, 0xCF, 0xB9, 0x6F,
    0x6B, 0xCE, 0xF5, 0xA5, 0xD1, 0x45, 0x3D, 0xB1, 0x1B, 0x5D, 0xFC, 0xE2, 0xDD, 0xE8, 0x62, 0xC1,
    0xEC, 0x46, 0x77, 0xFB, 0xFA, 0xE8, 0x2E, 0x39, 0xBA, 0x6F, 0x8F, 0xB7, 0xB6, 0xED, 0x25, 0x36,
    0x9E, 0x2C, 0xBF, 0xE0, 0x87, 0xB1, 0xF1, 0xAC, 0xBB, 0xE4, 0x50, 0x59, 0x70, 0x3C, 0x79, 0x7E,
    0xC1, 0x81, 0xC0, 0xF1, 0xE4, 0xF9, 0x05, 0x06, 0x34, 0xC3, 0xF1, 0xE4, 0xF9, 0xC5, 0xC1, 0x3B,
    0xE4, 0xAD, 0x3D, 0xC8, 0x2F, 0x6E, 0xE1, 0x95, 0xF5, 0x59, 0x88, 0x83, 0xE8, 0xC0, 0x6C, 0x8C,
    0x78, 0x81, 0x42, 0x79, 0x93, 0xB2, 0x33, 0x96, 0x5F, 0x68, 0x61, 0x01, 0xE1, 0x1A, 0x11, 0x96,
    0x5F, 0x8E, 0xD0, 0xEA, 0xE3, 0x74, 0x91, 0x8F, 0x67, 0x8B, 0xCA, 0xCA, 0x3A, 0xBF, 0x54, 0xF5,
    0x30, 0xF2, 0xFC, 0x52, 0x84, 0x3C, 0xB9, 0xF3, 0xFC, 0x92, 0xDA, 0xF4, 0x69, 0x41, 0xEE, 0x20,
    0x5F, 0xF8, 0x35, 0xCD, 0x2F, 0xBF, 0x61, 0x33, 0x76, 0x52, 0x1C, 0xDD, 0x0E, 0x4B, 0xE0, 0xE8,
    0x76, 0x67, 0x38, 0xBA, 0x9D, 0x46, 0xC8, 0x46, 0xF7, 0xF8, 0xFA, 0xE8, 0xEA, 0x46, 0x57, 0xC4,
    0xAB, 0x0D, 0x3B, 0xAB, 0x02, 0x15, 0x53, 0xD1, 0x16, 0x65, 0x31, 0xE4, 0x51, 0xA3, 0x56, 0x5C,
    0xAC, 0xD1, 0xD4, 0x70, 0x8E, 0x5B, 0xE1, 0xF6, 0x4B, 0xB4, 0xE4, 0x2D, 0x72, 0x65, 0xB7, 0x63,
    0xD0, 0xA6, 0xD0, 0x03, 0x76, 0xC5, 0x4B, 0x23, 0xB4, 0x5C, 0x6B, 0xD0, 0x2B, 0xE6, 0xE2, 0x84,
    0xEC, 0xD9, 0x4B, 0x59, 0xD6, 0x65, 0xF8, 0x35, 0x4E, 0x99, 0x8A, 0xE0, 0xE2, 0x00, 0x73, 0x04,
    0x0B, 0x99, 0x36, 0x63, 0xD7, 0xA7, 0x35, 0x86, 0x05, 0x00, 0xE2, 0x16, 0xEC, 0xFA, 0xB4, 0x46,
    0xB1, 0x16, 0x4D, 0x61, 0x10, 0x21, 0x1B, 0x8F, 0x48, 0x8D, 0x63, 0x8F, 0xD2, 0xC2, 0x45, 0x70,
    0x02, 0x68, 0x39, 0x68, 0x91, 0x6C, 0xAB, 0xF8, 0xD7, 0x65, 0x80, 0x23, 0x5B, 0x9A, 0xC2, 0x5C,
    0x61, 0xD1, 0x80, 0x59, 0x3A, 0xCD, 0x0C, 0xD7, 0xE0, 0xC9, 0x8C, 0x25, 0xFB, 0x98, 0x06, 0x7E,
    0x65, 0xE3, 0xF7, 0x1A, 0xA7, 0x49, 0x83, 0xE4, 0x8C, 0xC7, 0x05, 0xCC, 0xDA, 0xEB, 0x32, 0xF5,
    0x2C, 0xE2, 0x35, 0x6E, 0x0F, 0xD9, 0xB2, 0x17, 0x48, 0xD8, 0x96, 0x5B, 0x24, 0xAD, 0x21, 0x51,
    0xF1, 0xED, 0x16, 0x1D, 0xC2, 0xD5, 0x60, 0xDC, 0x3E, 0xCA, 0xED, 0xE3, 0xDC, 0x55, 0x21, 0x5D,
    0x21, 0x1A, 0xC6, 0xF6, 0xB0, 0xCF, 0x6E, 0xE3, 0x81, 0x4D, 0x83, 0x10, 0x11, 0x21, 0x2B, 0xB4,
    0x5D, 0x4C, 0x84, 0xF8, 0x05, 0x84, 0xA8, 0x80, 0x81, 0xAF, 0xE6, 0x85, 0xB8, 0xF8, 0x9D, 0xF7,
    0xC6, 0xCC, 0x6D, 0x9A, 0xC8, 0xC0, 0x79, 0xCF, 0x85, 0xD8, 0xC0, 0x29, 0x2D, 0x84, 0xE8, 0xC0,
    0x3B, 0x28, 0x84, 0xF8, 0xC0, 0x67, 0x02, 0x21, 0x42, 0x8E, 0xE0, 0x87, 0x88, 0x31, 0x82, 0x2E,
    0x28, 0x46, 0x09, 0xBE, 0xBB, 0x18, 0x27, 0xE8, 0xA1, 0x42, 0xA4, 0x50, 0xB1, 0x08, 0x7F, 0x81,
    0xAC, 0xFD, 0x61, 0x2A, 0xCC, 0xC5, 0x56, 0x98, 0x8A, 0xAD, 0x2C, 0x87, 0x1A, 0x14, 0x4B, 0xB7,
    0x0F, 0x94, 0xB1, 0xAF, 0x8B, 0x93, 0x47, 0xC5, 0x3E, 0x14, 0xE0, 0x13, 0x9C, 0xD4, 0x40, 0x5C,
    0x53, 0x98, 0x61, 0xB0, 0xE5, 0x82, 0xF0, 0x08, 0x43, 0x86, 0x91, 0xFA, 0xA8, 0xE0, 0x2A, 0x98,
    0x9D, 0x62, 0x5A, 0x76, 0xB2, 0x8F, 0x5D, 0xB1, 0x4B, 0x47, 0x8D, 0x06, 0xED, 0x14, 0x16, 0x27,
    0x96, 0x80, 0x77, 0x72, 0x26, 0x4C, 0x7A, 0x85, 0xC1, 0x28, 0x07, 0xCC, 0x9D, 0x9B, 0xB3, 0x2C,
    0xE0, 0x03, 0xC6, 0x67, 0xB9, 0x20, 0x65, 0x30, 0x0C, 0x60, 0x10, 0xA5, 0x07, 0xD0, 0x31, 0x61,
    0xB4, 0x1F, 0xC7, 0x88, 0xF1, 0xBB, 0x69, 0xB8, 0x4C, 0x2B, 0xB4, 0xE0, 0xA0, 0xF3, 0x78, 0x1C,
    0x81, 0x03, 0xA0, 0x05, 0xBC, 0x63, 0xC4, 0xF2, 0x08, 0x9D, 0xB7, 0xB8, 0x05, 0x26, 0x28, 0xB7,
    0x90, 0x43, 0xC0, 0xBC, 0xCC, 0x94, 0x2C, 0x3E, 0x30, 0x90, 0xDA, 0x45, 0x6B, 0x08, 0xBE, 0x88,
    0xE4, 0xFC, 0x1E, 0xCC, 0xDB, 0x56, 0xC9, 0xE2, 0x34, 0x93, 0xDB, 0x8D, 0x34, 0xA3, 0x29, 0xB2,
    0x22, 0x4B, 0x29, 0x95, 0x9B, 0x7A, 0x2E, 0xED, 0xE5, 0xC1, 0x7D, 0x0B, 0x53, 0xE4, 0xAD, 0x78,
    0xCC, 0xDA, 0x2A, 0xE1, 0xA3, 0xAE, 0xE2, 0x2C, 0x06, 0xF5, 0xB2, 0x95, 0xAE, 0x21, 0x9F, 0x1F,
    0x8F, 0x56, 0x13, 0xA9, 0xEB, 0xDE, 0xF2, 0xCE, 0xF4, 0x96, 0x71, 0x91, 0xCC, 0xD7, 0x6F, 0x2C,
    0x32, 0xFA, 0xBA, 0xCD, 0x11, 0x08, 0xB4, 0xBE, 0xBE, 0x2A, 0x12, 0xB8, 0x7D, 0x43, 0xAA, 0x04,
    0x82, 0x4F, 0xFE, 0x33, 0x00, 0xEC, 0x40, 0x13, 0x81, 0xE5, 0x43, 0xF9, 0x04, 0x13, 0x2B, 0x42,
    0x0D, 0xD5, 0x07, 0x3A, 0x3F, 0x28, 0xB9, 0xA9, 0xE1, 0xFB, 0x50, 0x43, 0x51, 0x43, 0x1D, 0x0A,
    0xA4, 0x1F, 0x30, 0x95, 0x53, 0x72, 0xF5, 0xBE, 0x61, 0xFE, 0x90, 0x6C, 0x5D, 0x7C, 0xA1, 0x44,
    0xFF, 0x2F, 0xC6, 0x30, 0x89, 0xA9, 0xA4, 0x01, 0xB0, 0x47, 0x22, 0x0A, 0x01, 0x75, 0x1A, 0x16,
    0xD5, 0x80, 0xB3, 0x94, 0x62, 0xBD, 0x16, 0x24, 0x81, 0x0A, 0x30, 0x84, 0x4D, 0x87, 0x6F, 0x26,
    0xC0, 0x8E, 0xF7, 0x93, 0x71, 0xD5, 0x5F, 0x18, 0xD8, 0x37, 0x29, 0xA8, 0x7E, 0x19, 0x68, 0xBF,
    0x3E, 0x8F, 0x6F, 0xC7, 0x3C, 0x36, 0xAB, 0x08, 0x7B, 0xF2, 0x42, 0x7F, 0x81, 0xA8, 0x3F, 0x5C,
    0xCD, 0x55, 0x13, 0x7D, 0xB9, 0x89, 0xE1, 0x98, 0xDE, 0x23, 0xEE, 0xF0, 0x93, 0xC0, 0xC6, 0xC3,
    0x2E, 0x0F, 0x08, 0xE9, 0xD9, 0xEF, 0xA0, 0x95, 0x2B, 0x59, 0xAB, 0x79, 0x32, 0x19, 0x00, 0xBB,
    0x17, 0xAC, 0x9B, 0x37, 0x23, 0xCA, 0xC1, 0x45, 0xF3, 0xD2, 0xE2, 0x7A, 0x86, 0x75, 0x7C, 0x94,
    0x46, 0x31, 0x67, 0xB6, 0xDF, 0x12, 0x11, 0x4F, 0x98, 0xA0, 0x15, 0xE5, 0x0B, 0x9E, 0x4D, 0x71,
    0xCE, 0x0B, 0x82, 0x12, 0x30, 0x81, 0xD9, 0x6B, 0x32, 0x2A, 0x00, 0x53, 0x04, 0xD5, 0x80, 0x5C,
    0xD8, 0xF2, 0x82, 0x3A, 0xAB, 0xE2, 0xEA, 0x40, 0x00, 0x42, 0x8B, 0x31, 0xBD, 0x88, 0x7A, 0x71,
    0x97, 0x59, 0x05, 0x1C, 0x1C, 0x35, 0xD9, 0x55, 0x58, 0x12, 0x13, 0x72, 0x94, 0xCB, 0x7A, 0x9E,
    0x01, 0xFC, 0xFF, 0x3A, 0xA5, 0xCF, 0x62, 0xDB, 0x2F, 0xA9, 0xB3, 0x2C, 0x64, 0x4D, 0x70, 0xA3,
    0x28, 0xAE, 0x4C, 0x0A, 0x50, 0x2C, 0x68, 0x33, 0xAD, 0x3C, 0xFC, 0xBD, 0x6C, 0xAB, 0xCF, 0xB8,
    0x62, 0xD6, 0x1D, 0x48, 0x6F, 0xD2, 0x64, 0x5E, 0x27, 0xD3, 0x65, 0x5F, 0x47, 0x9B, 0x81, 0x9D,
    0x4C, 0x97, 0x85, 0x4D, 0x49, 0x51, 0xE9, 0x73, 0x1E, 0x2D, 0xED, 0x51, 0x98, 0x8F, 0x84, 0x9C,
    0x6B, 0xF2, 0xD3, 0x31, 0x01, 0x81, 0xFF, 0x74, 0x70, 0x4F, 0xA0, 0x40, 0xF5, 0x1D, 0x95, 0x12,
    0x0B, 0x22, 0xCE, 0x3C, 0xF1, 0x23, 0x6E, 0xEC, 0x88, 0x10, 0xDC, 0x58, 0x98, 0x70, 0x63, 0xC7,
    0x85, 0xC0, 0x18, 0x73, 0xA3, 0x40, 0x87, 0x5C, 0x5C, 0x77, 0xC8, 0x28, 0xA4, 0xC0, 0x88, 0xC0,
    0x8E, 0x0D, 0x04, 0x22, 0x91, 0xA2, 0x30, 0x37, 0x31, 0xB5, 0x44, 0x12, 0x2F, 0xA2, 0xD5, 0x51,
    0xF4, 0x8D, 0xC5, 0x3E, 0x35, 0xEA, 0xB3, 0x23, 0x7C, 0xBC, 0x20, 0x13, 0xA4, 0x51, 0x4C, 0xAF,
    0x50, 0x7A, 0xB7, 0xCC, 0x91, 0x86, 0x1E, 0xF8, 0x05, 0x14, 0xFC, 0xB4, 0x4F, 0x93, 0xB4, 0x4C,
    0x49, 0x4B, 0x96, 0x96, 0xBC, 0x52, 0x97, 0x4D, 0x7C, 0xDD, 0x36, 0x0B, 0xBF, 0xD0, 0x18, 0xD5,
    0xDE, 0x00, 0xD1, 0xD3, 0x27, 0x3D, 0x83, 0xD2, 0x92, 0x28, 0x2D, 0x8F, 0x5A, 0x53, 0xD3, 0x60,
    0x29, 0x85, 0x5F, 0x88, 0x82, 0x52, 0xA4, 0x59, 0xDC, 0xB7, 0x46, 0x22, 0xD3, 0xE2, 0x57, 0x55,
    0x22, 0xD9, 0xAA, 0x6F, 0x42, 0xE4, 0x5B, 0xE6, 0xAB, 0xE0, 0x43, 0x16, 0x15, 0xA5, 0x08, 0x6C,
    0x12, 0xE4, 0xAD, 0xFE, 0xCF, 0x58, 0x17, 0x14, 0x17, 0x37, 0x6B, 0x9B, 0x00, 0x8C, 0x78, 0x81,
    0x7F, 0x79, 0x19, 0x6B, 0x8D, 0xB5, 0xDC, 0x0B, 0x8B, 0x0B, 0x33, 0x75, 0xF4, 0xCB, 0xA9, 0x48,
    0x88, 0x2F, 0x14, 0x35, 0x0A, 0xA8, 0x24, 0x70, 0x18, 0xC8, 0x24, 0x4C, 0xE8, 0x0E, 0x74, 0xD5,
    0xA5, 0x6D, 0x11, 0x70, 0x2A, 0x76, 0x1F, 0xFA, 0x56, 0x2E, 0xB2, 0xB1, 0x02, 0xAA, 0x9A, 0x27,
    0x8C, 0xF3, 0x17, 0xD6, 0x87, 0xF0, 0x97, 0x39, 0x84, 0xEF, 0x08, 0x5C, 0xC5, 0x27, 0x65, 0x24,
    0xAD, 0x8E, 0xBA, 0x97, 0x34, 0xC8, 0xC7, 0x6F, 0x41, 0x7A, 0xDD, 0xE5, 0x4C, 0x30, 0x40, 0x53,
    0xC1, 0xE6, 0xE1, 0x29, 0x9B, 0x38, 0x03, 0x27, 0x8E, 0x35, 0xB3, 0x62, 0x1A, 0x67, 0x30, 0xA5,
    0x31, 0x6E, 0x3B, 0xC1, 0xAA, 0x4A, 0x11, 0xA9, 0xE4, 0x90, 0x47, 0x9D, 0x12, 0xAA, 0x29, 0x9B,
    0x4D, 0xC2, 0x32, 0x76, 0x02, 0x4F, 0x7A, 0x19, 0x90, 0x1B, 0x8B, 0xB1, 0x16, 0x4C, 0xCB, 0x34,
    0x1D, 0xE0, 0xA4, 0x81, 0x03, 0xD4, 0xF3, 0x99, 0x42, 0x12, 0x47, 0x7F, 0xA0, 0x05, 0x24, 0x57,
    0x98, 0x3D, 0x1F, 0x3C, 0x01, 0x85, 0x0D, 0x98, 0xB9, 0x4B, 0xD8, 0x20, 0x65, 0x75, 0x17, 0x67,
    0x72, 0xDE, 0xA7, 0xBD, 0x47, 0x19, 0xBE, 0x24, 0x23, 0x2C, 0xFA, 0x06, 0x1D, 0x85, 0x29, 0x4E,
    0x34, 0x5F, 0x72, 0x73, 0x08, 0x67, 0xF0, 0x3C, 0xD8, 0x12, 0x97, 0x3E, 0x44, 0x87, 0x36, 0x7D,
    0x8A, 0x8E, 0x00, 0x26, 0xB8, 0x34, 0xF0, 0x8A, 0x30, 0x31, 0xBE, 0xA7, 0xCE, 0xA1, 0x2E, 0x8D,
    0xEA, 0xB2, 0xA8, 0xCE, 0xA6, 0x41, 0x4F, 0xDA, 0xBC, 0xAA, 0xB3, 0x79, 0x1A, 0x9B, 0xAB, 0xD9,
    0xE5, 0xE6, 0x68, 0x52, 0xB2, 0x53, 0xF6, 0x6D, 0xB6, 0xC6, 0x36, 0x98, 0xBF, 0xB1, 0x6C, 0xDA,
    0x36, 0x88, 0xBA, 0x6F, 0x96, 0xB1, 0x1E, 0x11, 0x1C, 0x34, 0xB7, 0xEC, 0xE5, 0xAC, 0x4F, 0xC4,
    0x38, 0x6C, 0x7D, 0x4D, 0xC1, 0x7A, 0x45, 0x42, 0xDD, 0x46, 0xE8, 0x8C, 0x27, 0x0E, 0xBA, 0x99,
    0xFD, 0x38, 0x40, 0x35, 0xB0, 0x60, 0xCF, 0x08, 0xCD, 0x29, 0xDE, 0x9A, 0x9F, 0x82, 0x53, 0xB0,
    0xBE, 0x51, 0x38, 0x04, 0x17, 0xE3, 0x35, 0x7C, 0xC4, 0x7B, 0x47, 0x80, 0x9B, 0x72, 0x1C, 0x92,
    0x38, 0xB1, 0x2A, 0xD6, 0x3F, 0x32, 0x18, 0xF2, 0x46, 0x17, 0x02, 0x0B, 0xEB, 0x21, 0x01, 0x6D,
    0x45, 0x07, 0x82, 0xC2, 0x09, 0xAF, 0x62, 0x7D, 0xA4, 0xA3, 0xF4, 0x9A, 0xCB, 0xDD, 0x67, 0xF1,
    0xE8, 0x28, 0xEE, 0x79, 0x0F, 0xCF, 0x07, 0x42, 0x71, 0xCE, 0x79, 0x4F, 0xE9, 0x3C, 0x4B, 0x05,
    0x21, 0x42, 0xB6, 0x94, 0xF7, 0x95, 0x02, 0x8F, 0x42, 0x59, 0x06, 0xBE, 0x1F, 0x57, 0x0D, 0x9A,
    0x15, 0x6A, 0xF2, 0x9A, 0xB1, 0xD0, 0x74, 0xFB, 0x0C, 0x1E, 0xA9, 0xCB, 0x17, 0x6C, 0xBC, 0x46,
    0x5D, 0xC3, 0x10, 0xE3, 0xD0, 0x49, 0x0B, 0x19, 0x78, 0x85, 0x8D, 0xA4, 0xD5, 0x0C, 0x30, 0xC7,
    0xF8, 0xC2, 0x44, 0x5A, 0xD2, 0x00, 0xCE, 0x10, 0xD2, 0xDD, 0x34, 0x95, 0xD6, 0x35, 0x38, 0x80,
    0x6B, 0x72, 0x06, 0x06, 0x84, 0xC5, 0x0D, 0xA8, 0x3B, 0x24, 0xCC, 0x91, 0x85, 0x15, 0x0E, 0x6E,
    0xEE, 0x50, 0xEE, 0xF1, 0xC2, 0x32, 0x07, 0x1F, 0xB3, 0xB4, 0xC1, 0x04, 0x88, 0x6E, 0xAD, 0x03,
    0x60, 0xE2, 0xCC, 0x98, 0x81, 0x7B, 0x51, 0x16, 0x3C, 0xB0, 0x47, 0xA6, 0xAC, 0x7A, 0x68, 0x97,
    0x3E, 0x90, 0x66, 0xE9, 0x43, 0x55, 0x63, 0xE7, 0xBC, 0xC6, 0x42, 0x6C, 0xFD, 0xC3, 0x05, 0x5C,
    0x4F, 0x56, 0x8D, 0xD3, 0xA1, 0x1C, 0x5E, 0x63, 0x0B, 0xDF, 0x0D, 0xD6, 0xB1, 0xD0, 0x52, 0x92,
    0x55, 0xC7, 0xA2, 0xC7, 0xA6, 0x54, 0x16, 0x6D, 0xF2, 0xB2, 0x2B, 0xB2, 0x68, 0x70, 0x99, 0x44,
    0x61, 0xD1, 0x6C, 0x31, 0xBF, 0xC0, 0xA2, 0x2F, 0xB0, 0x5B, 0xC8, 0xA4, 0x35, 0x0F, 0xF0, 0x36,
    0xC3, 0xB0, 0x10, 0x58, 0x34, 0x44, 0xAA, 0x5F, 0xF1, 0x1C, 0xD5, 0xB0, 0x68, 0xC8, 0xFC, 0x30,
    0xB7, 0x4E, 0x21, 0xB0, 0x68, 0xAB, 0x42, 0x27, 0x73, 0x0A, 0x81, 0x45, 0xDB, 0x10, 0x5D, 0x30,
    0xC6, 0xB9, 0xC0, 0xA2, 0x63, 0x7A, 0x79, 0x04, 0xDE, 0x9E, 0xF5, 0x59, 0x74, 0xDA, 0x67, 0xD1,
    0x91, 0xC8, 0xA2, 0x1F, 0xAA, 0x0B, 0x79, 0xC7, 0xA2, 0x47, 0xCC, 0x19, 0x95, 0xF4, 0x67, 0xDC,
    0xAB, 0xD3, 0x96, 0x36, 0x07, 0xBD, 0x82, 0x39, 0xE0, 0xC3, 0x24, 0x15, 0xCC, 0x90, 0xD6, 0xAB,
    0x3A, 0xBA, 0x82, 0x69, 0xF2, 0xB8, 0xEB, 0x0A, 0xA6, 0x75, 0x81, 0x79, 0x76, 0x2A, 0x16, 0x4C,
    0x0B, 0x17, 0x33, 0x7D, 0x13, 0x61, 0x50, 0x57, 0x30, 0xA1, 0x20, 0x52, 0xC6, 0x38, 0x84, 0x82,
    0x69, 0x43, 0x32, 0x4B, 0x79, 0xB3, 0xAC, 0x2D, 0x98, 0x4E, 0x69, 0xC3, 0x87, 0x22, 0x63, 0xE9,
    0x0A, 0xA6, 0x57, 0xBA, 0xF0, 0x55, 0x81, 0xDA, 0x48, 0x05, 0x13, 0x3E, 0x68, 0x2F, 0x5D, 0x9C,
    0xD2, 0x14, 0xCC, 0xA2, 0x57, 0x30, 0xB1, 0x88, 0x0A, 0x05, 0xD3, 0x6D, 0x6C, 0x5D, 0xC1, 0xCC,
    0x59, 0x04, 0xEE, 0x8E, 0x33, 0xA9, 0x60, 0x8E, 0xED, 0x7B, 0x22, 0x58, 0x2F, 0x98, 0xBA, 0xC7,
    0x61, 0x8D, 0xCD, 0x2A, 0x57, 0x6D, 0xD4, 0x25, 0x9A, 0x0D, 0x9F, 0xD4, 0x25, 0x2F, 0x47, 0x33,
    0xF6, 0x74, 0x46, 0x33, 0xD0, 0xB1, 0xAB, 0x31, 0xDE, 0x6E, 0xAF, 0xB4, 0x62, 0x6A, 0xF3, 0x94,
    0x06, 0x47, 0x0A, 0xC9, 0xE9, 0xBD, 0x51, 0x13, 0x17, 0xB4, 0xEB, 0x89, 0xB2, 0x06, 0x1B, 0x0B,
    0x0C, 0x21, 0xE3, 0xD5, 0x5D, 0x37, 0x38, 0xC7, 0x6D, 0xB8, 0x53, 0xE4, 0xEF, 0x50, 0x93, 0xF3,
    0x79, 0x41, 0x82, 0xD0, 0x98, 0x66, 0xAA, 0x1C, 0x56, 0x76, 0x66, 0xE4, 0xB1, 0x81, 0x15, 0x2C,
    0xE3, 0x52, 0x1D, 0x17, 0xE1, 0x12, 0x36, 0x97, 0x6C, 0x45, 0x15, 0x2E, 0x29, 0x41, 0xAF, 0xE0,
    0xD1, 0xC1, 0xB2, 0x4A, 0x2D, 0xD7, 0xE5, 0xA4, 0x0E, 0x0F, 0xDC, 0xC1, 0x80, 0xEA, 0x1C, 0xF2,
    0x76, 0x56, 0x78, 0x20, 0x3E, 0x2E, 0xD6, 0xFA, 0x1C, 0xA3, 0x04, 0x90, 0x50, 0x9B, 0x00, 0x11,
    0xC3, 0x81, 0xF0, 0x08, 0x81, 0x2F, 0x14, 0x36, 0x9C, 0x00, 0x62, 0x9D, 0x87, 0x08, 0x8A, 0xEF,
    0x94, 0xBE, 0x82, 0x2A, 0x1D, 0x10, 0x84, 0x80, 0xC7, 0x08, 0x5F, 0x82, 0xB5, 0x1B, 0x71, 0x65,
    0x0A, 0x91, 0xDB, 0x04, 0xC9, 0x8D, 0x56, 0x24, 0x9D, 0xD1, 0x5F, 0x7D, 0x99, 0xD2, 0x19, 0x75,
    0xB1, 0xA2, 0x0D, 0x16, 0x6D, 0xB4, 0x68, 0xC3, 0x45, 0x1B, 0x2F, 0x37, 0x8C, 0x30, 0xCD, 0xBE,
    0x27, 0x3A, 0xD9, 0x6A, 0x4C, 0x76, 0x7F, 0x60, 0xDE, 0xF3, 0x47, 0xBD, 0x92, 0x58, 0xFA, 0x7D,
    0x2E, 0x15, 0x46, 0x7D, 0x53, 0x0F, 0xAE, 0xFD, 0x60, 0xBB, 0x9E, 0x1A, 0x0B, 0xEB, 0xA5, 0x3A,
    0x45, 0xAA, 0x5D, 0x34, 0xD5, 0x50, 0x63, 0x61, 0xE5, 0x54, 0x43, 0x8D, 0x85, 0xE5, 0x53, 0x0D,
    0x35, 0x16, 0xD6, 0x50, 0x35, 0xD4, 0x58, 0x58, 0x48, 0xD5, 0x52, 0xE3, 0x6E, 0x35, 0x55, 0x43,
    0x8D, 0x85, 0x25, 0x55, 0x0D, 0x35, 0x16, 0xD6, 0x55, 0x35, 0xD4, 0x58, 0x58, 0x5C, 0xD5, 0x50,
    0x63, 0x71, 0x85, 0x55, 0x47, 0x8D, 0xA9, 0x0C, 0xD7, 0xA4, 0xB5, 0x56, 0x0D, 0x35, 0x16, 0x16,
    0x5C, 0xD5, 0xD4, 0x58, 0x58, 0x75, 0xD5, 0x51, 0xE3, 0x15, 0x17, 0x13, 0x7F, 0x56, 0x8B, 0x5C,
    0x46, 0x5A, 0x6B, 0xA5, 0x7D, 0x07, 0xED, 0xB5, 0x1B, 0xB4, 0x3B, 0x50, 0xBD, 0x87, 0xB5, 0xD1,
    0xF3, 0x6C, 0xB6, 0x6A, 0xAB, 0xBB, 0x8A, 0xDF, 0x52, 0x58, 0x57, 0xC0, 0x7F, 0xE3, 0x14, 0xF0,
    0x5F, 0x4E, 0x17, 0x5B, 0xDF, 0xA5, 0xD6, 0x77, 0xB3, 0x97, 0xBC, 0x76, 0xD9, 0xAE, 0xB6, 0x3A,
    0x94, 0x62, 0xD0, 0xBC, 0x5F, 0x57, 0xB0, 0x9A, 0xC4, 0x28, 0xCD, 0x4D, 0xF3, 0x3B, 0x2A, 0xBE,
    0x78, 0x65, 0x93, 0x68, 0xC5, 0x9F, 0x42, 0x32, 0x74, 0x3F, 0x5C, 0x65, 0x3F, 0xA7, 0xC3, 0x65,
    0x57, 0xCA, 0x25, 0x8D, 0x32, 0xC5, 0x1E, 0x44, 0xD9, 0x7A, 0xBB, 0x61, 0xBD, 0xDD, 0xF0, 0x4E,
    0x68, 0x37, 0x2C, 0x89, 0x5D, 0x4E, 0xF6, 0x4C, 0xF2, 0xA6, 0x0D, 0x86, 0x5D, 0x64, 0x13, 0xC3,
    0x2E, 0xD2, 0xCF, 0x17, 0xD5, 0xD8, 0xE5, 0xF8, 0x5B, 0x87, 0x5D, 0xD6, 0x65, 0xFD, 0x37, 0x23,
    0xEB, 0x6B, 0x66, 0x5B, 0x87, 0x4B, 0xF5, 0x36, 0x4D, 0x24, 0xF4, 0xD1, 0xAA, 0x0E, 0xAE, 0xC2,
    0xB8, 0xC5, 0xBD, 0x09, 0x36, 0xCB, 0xFE, 0xA4, 0x2F, 0x31, 0xEB, 0xEB, 0x9D, 0x81, 0xF5, 0xCE,
    0xC0, 0x5B, 0x2F, 0x74, 0x4C, 0xF4, 0xBF, 0x7F, 0xB2, 0xB2, 0xC5, 0xEB, 0x45, 0xD0, 0xC7, 0x36,
    0xAA, 0x5F, 0xA7, 0xF7, 0x23, 0x77, 0xF6, 0xD5, 0xAA, 0x67, 0x51, 0x29, 0x80, 0x99, 0x1E, 0x5F,
    0xEF, 0x5D, 0xAC, 0xBD, 0x77, 0xB1, 0xCA, 0x87, 0x4E, 0x6B, 0x5A, 0x42, 0x59, 0xD0, 0x57, 0xF7,
    0x25, 0xAE, 0x5D, 0x51, 0x84, 0x5A, 0x91, 0x6F, 0x89, 0xCC, 0xAB, 0xE3, 0x5B, 0xB1, 0x90, 0xCD,
    0x5B, 0xBE, 0x65, 0x53, 0xAA, 0xE1, 0x5B, 0xBE, 0x08, 0x18, 0x39, 0xDF, 0xFA, 0x08, 0xA3, 0x07,
    0xA5, 0xC2, 0xB7, 0x60, 0x42, 0x21, 0x41, 0x8C, 0x14, 0xBE, 0x15, 0x43, 0x02, 0x09, 0x90, 0xDB,
    0x4B, 0x7C, 0x8B, 0xD1, 0x6E, 0xEC, 0xE2, 0x8A, 0x7C, 0x0B, 0x0A, 0x18, 0xEA, 0xC2, 0x95, 0xCC,
    0xB7, 0x2C, 0xE0, 0xD8, 0x90, 0xFF, 0x46, 0x32, 0xDF, 0x3A, 0x0A, 0x73, 0x1B, 0xBC, 0x97, 0x56,
    0x8F, 0xEB, 0xF9, 0x16, 0xD1, 0xF0, 0xAD, 0x9A, 0x85, 0xB5, 0x7C, 0xEB, 0xC5, 0x66, 0x8D, 0x99,
    0xC8, 0xB7, 0xAA, 0x00, 0xAF, 0xBF, 0x30, 0x53, 0x11, 0x85, 0x6F, 0xDD, 0xBB, 0xF0, 0xE8, 0x8D,
    0xF2, 0x2D, 0x25, 0x7C, 0x7B, 0x6B, 0x3D, 0x45, 0xBE, 0xA5, 0x86, 0x23, 0xD5, 0x61, 0xF8, 0x35,
    0xAE, 0x12, 0xB6, 0xD3, 0xE5, 0xDC, 0xAD, 0x23, 0x38, 0x9D, 0xAD, 0xCB, 0xE6, 0x1D, 0x7F, 0xEE,
    0x86, 0xA2, 0x73, 0x4A, 0x5F, 0xE3, 0xF6, 0x6E, 0xB0, 0x56, 0x67, 0x95, 0xDA, 0x31, 0xAA, 0x8E,
    0x6A, 0xF0, 0xB1, 0x92, 0x64, 0x54, 0x97, 0xD6, 0x7B, 0x36, 0x04, 0x15, 0x35, 0x66, 0xCE, 0x2B,
    0x88, 0xA8, 0xD7, 0x18, 0xE4, 0xCD, 0x25, 0x0D, 0x15, 0x17, 0x48, 0x5E, 0x08, 0x4B, 0x51, 0x42,
    0x35, 0x78, 0x53, 0xA6, 0x14, 0x15, 0x54, 0x48, 0x4B, 0xF0, 0x42, 0xB6, 0xF7, 0xB5, 0x15, 0x50,
    0x2D, 0x8A, 0x3C, 0x03, 0xAE, 0x13, 0xF4, 0x53, 0x9B, 0x22, 0xCD, 0xF0, 0x0A, 0x59, 0x3E, 0xBD,
    0x5C, 0x11, 0x70, 0xCC, 0x47, 0x35, 0xEA, 0x69, 0xD5, 0x13, 0x4F, 0x51, 0x06, 0x10, 0xB4, 0xD3,
    0x67, 0x1A, 0x5B, 0x27, 0x9D, 0xD6, 0xCD, 0x99, 0x99, 0x52, 0x52, 0x4E, 0xEB, 0xEE, 0xCC, 0x7A,
    0xD5, 0x5D, 0xE6, 0xE1, 0x6B, 0x04, 0xA7, 0x76, 0xBC, 0x5A, 0xFA, 0xD1, 0x46, 0x6D, 0xC7, 0x35,
    0x1A, 0xEE, 0x2E, 0x98, 0xB6, 0x77, 0x71, 0xDA, 0x7F, 0xD7, 0xE3, 0x6B, 0xFB, 0x5E, 0x9D, 0x30,
    0xCA, 0xBA, 0x69, 0x92, 0x30, 0xCA, 0x7A, 0xDB, 0xB2, 0x30, 0x1A, 0xF2, 0xC2, 0x2A, 0x08, 0xA3,
    0xBC, 0xAF, 0xDD, 0x09, 0xA3, 0xD6, 0x3C, 0x4B, 0x35, 0x89, 0xB8, 0xC3, 0x14, 0x0B, 0xF2, 0x01,
    0xF4, 0xF8, 0x56, 0x18, 0xB5, 0x79, 0x1F, 0x6D, 0x28, 0x08, 0xA3, 0xD8, 0xCF, 0x4E, 0xC1, 0x24,
    0x08, 0xA3, 0x4E, 0x81, 0xDD, 0x6C, 0x7F, 0x28, 0x08, 0xA3, 0x5E, 0x89, 0x5B, 0x65, 0x68, 0x2A,
    0x08, 0xA3, 0x90, 0x6B, 0x73, 0x63, 0x06, 0x4A, 0x66, 0x4F, 0x18, 0x0D, 0x7A, 0xC2, 0x68, 0x25,
    0x0A, 0xA3, 0x95, 0xCB, 0x8F, 0x04, 0x61, 0x94, 0xF7, 0xCF, 0x02, 0x59, 0x03, 0xAC, 0xDB, 0x67,
    0xDA, 0x51, 0x23, 0xBD, 0xA9, 0x5B, 0xD6, 0x14, 0xBF, 0xF5, 0x26, 0x51, 0x6D, 0xA9, 0x4D, 0xA2,
    0xD6, 0x52, 0x9B, 0x44, 0xA5, 0x25, 0x4C, 0xC6, 0x69, 0x20, 0xEB, 0x2C, 0x61, 0xCA, 0x36, 0x23,
    0x89, 0x2A, 0x4B, 0x78, 0x96, 0x55, 0x55, 0x51, 0x63, 0x61, 0x89, 0x42, 0x56, 0x58, 0x42, 0xCC,
    0x17, 0x81, 0xA4, 0xAF, 0x84, 0x38, 0x8A, 0x91, 0xA4, 0xAE, 0xC0, 0x8C, 0x37, 0xB4, 0xB1, 0xD1,
    0x56, 0xC2, 0x8A, 0xFF, 0xFC, 0x84, 0xA0, 0xAC, 0x84, 0x48, 0x45, 0x22, 0x49, 0x57, 0x81, 0x34,
    0xBA, 0x95, 0xCA, 0x9B, 0xDB, 0x58, 0x6A, 0x7B, 0x82, 0xF4, 0x35, 0x95, 0xA4, 0xAF, 0xA8, 0xA4,
    0xD2, 0xFE, 0x36, 0x6E, 0x12, 0xD5, 0x14, 0x4C, 0x66, 0x5B, 0x79, 0x25, 0x56, 0xB4, 0x14, 0x4D,
    0x92, 0xD2, 0xE4, 0x37, 0xDD, 0x55, 0xC3, 0xD5, 0x24, 0x2D, 0xBF, 0x58, 0x8D, 0x7A, 0xA2, 0xD1,
    0x4E, 0x74, 0xCA, 0x89, 0x46, 0x37, 0xD1, 0xA8, 0x26, 0x6B, 0xD5, 0x4C, 0xC6, 0xA6, 0x56, 0xCA,
    0xB3, 0x37, 0x60, 0x70, 0xB3, 0x95, 0x12, 0xF5, 0x6A, 0x0D, 0x82, 0x36, 0xE2, 0xE6, 0x06, 0x2A,
    0x78, 0x9D, 0x32, 0xE2, 0xE6, 0xF8, 0xBB, 0x6F, 0xE2, 0x6E, 0x55, 0xFC, 0x0D, 0xAE, 0x40, 0xDC,
    0xB0, 0xCA, 0x1C, 0x46, 0xD0, 0x44, 0x1C, 0xF4, 0x9B, 0x54, 0x50, 0x44, 0x60, 0xEC, 0x09, 0xDB,
    0x92, 0xD9, 0xE8, 0x21, 0x0E, 0x12, 0xDA, 0x4C, 0x50, 0x43, 0x1C, 0x74, 0xF8, 0x4C, 0xD0, 0x42,
    0xD8, 0xD2, 0x9B, 0xA1, 0xA0, 0x84, 0xC0, 0xAB, 0xC6, 0x69, 0x2A, 0xEA, 0x20, 0x8B, 0x90, 0xAD,
    0x12, 0x55, 0x05, 0x51, 0x35, 0x90, 0x52, 0xDE, 0xA6, 0xA7, 0xEC, 0x68, 0x45, 0x44, 0x48, 0x96,
    0x55, 0x3F, 0x36, 0x07, 0x2B, 0x25, 0x8F, 0x1B, 0x30, 0xF4, 0xBC, 0xBF, 0xE7, 0xFB, 0x37, 0x64,
    0x18, 0x67, 0x6E, 0xDA, 0x92, 0xBC, 0x10, 0x13, 0x3B, 0x11, 0x38, 0x9E, 0x7F, 0x86, 0x01, 0xAD,
    0x8E, 0xE2, 0xF9, 0x3C, 0x07, 0x75, 0x0C, 0xCF, 0xE7, 0x19, 0xA8, 0x23, 0x78, 0x3E, 0x8A, 0x10,
    0x91, 0xC0, 0xEF, 0x7C, 0x84, 0x66, 0x89, 0x40, 0xEF, 0x7C, 0xC4, 0x6F, 0x89, 0xC0, 0xEE, 0xFC,
    0x92, 0x6F, 0x4E, 0x69, 0xC9, 0x5D, 0x8C, 0x79, 0x27, 0x10, 0xB9, 0xDD, 0x45, 0x40, 0xFA, 0xAA,
    0x88, 0xDB, 0xFC, 0xCA, 0x41, 0x9B, 0x71, 0x32, 0x22, 0x10, 0x3B, 0x8E, 0xB7, 0x05, 0x5E, 0xD7,
    0xAC, 0x6B, 0x59, 0x86, 0xD6, 0x69, 0x5A, 0x53, 0x1A, 0x88, 0x62, 0xBF, 0x13, 0x4C, 0x83, 0x52,
    0xA7, 0x50, 0xCD, 0x08, 0xD1, 0x8A, 0x6B, 0x65, 0x07, 0x23, 0x5B, 0x64, 0x1D, 0xB8, 0x0B, 0x0F,
    0x39, 0xB3, 0x90, 0xC2, 0x70, 0x1B, 0xDE, 0x80, 0x0F, 0x5E, 0x47, 0x3F, 0x0A, 0xC2, 0x02, 0x22,
    0x17, 0xD2, 0x5E, 0xC9, 0x36, 0xBC, 0x7A, 0x6D, 0xE2, 0x64, 0x3B, 0xF1, 0x06, 0x60, 0x06, 0x5C,
    0x27, 0x6E, 0xC5, 0x83, 0x09, 0x64, 0xBB, 0xD3, 0x85, 0xBD, 0x78, 0xF8, 0x4B, 0x79, 0x50, 0x5F,
    0xC4, 0xCD, 0x78, 0x10, 0xAB, 0x46, 0x9C, 0x4B, 0xBB, 0xF1, 0x8E, 0x56, 0xF8, 0x03, 0x40, 0xF3,
    0xCA, 0x76, 0x3C, 0x9C, 0x66, 0x79, 0x3F, 0x1E, 0x23, 0xED, 0xF2, 0x86, 0xBC, 0xD6, 0xD4, 0xEE,
    0xC8, 0x03, 0x28, 0x64, 0xC4, 0x45, 0x7F, 0x4B, 0x9E, 0x8E, 0xB3, 0x69, 0x08, 0x9B, 0x86, 0xAD,
    0x69, 0xA8, 0x9A, 0x8E, 0xA7, 0xE9, 0x48, 0xDA, 0x5B, 0xB5, 0x8F, 0x73, 0x89, 0x2E, 0x58, 0xBF,
    0xAD, 0xA5, 0xEB, 0x7F, 0x69, 0x9A, 0x5F, 0xCB, 0x76, 0xBE, 0x8C, 0x0E, 0xD7, 0x34, 0x7B, 0xF0,
    0x0B, 0x89, 0x90, 0x19, 0x54, 0x61, 0x63, 0x03, 0x8E, 0x4E, 0x3A, 0x2A, 0xE6, 0x54, 0x7B, 0x6B,
    0xA0, 0x53, 0xF3, 0x30, 0xA7, 0x30, 0x5A, 0xE9, 0x93, 0x91, 0x30, 0xA7, 0x32, 0x5A, 0xDD, 0x93,
    0x31, 0x30, 0x1B, 0xB0, 0xA2, 0xB4, 0x80, 0xC5, 0xA2, 0xAF, 0x54, 0xD2, 0xE2, 0x15, 0xC2, 0x30,
    0x8C, 0x40, 0xBC, 0xC0, 0x5B, 0x72, 0x69, 0xD1, 0x0A, 0xB8, 0x53, 0xF5, 0xDD, 0xDE, 0x82, 0x95,
    0x48, 0xE5, 0x5B, 0x89, 0x48, 0xB6, 0xE8, 0x21, 0x34, 0x08, 0x8B, 0x54, 0x2E, 0xE0, 0x7D, 0xF5,
    0x16, 0xA8, 0xAC, 0x3A, 0x0B, 0x0B, 0xB4, 0x98, 0x0F, 0xBB, 0x37, 0x54, 0xE0, 0x48, 0x87, 0x4A,
    0xEA, 0xA3, 0xEE, 0x8A, 0x7A, 0xF2, 0x26, 0xA2, 0x25, 0x6B, 0x70, 0x8F, 0x4B, 0xF5, 0xB2, 0x54,
    0x2F, 0x63, 0xAC, 0x8D, 0x42, 0x8D, 0x3F, 0xA1, 0x76, 0xE7, 0x87, 0xA2, 0x04, 0x3E, 0xE0, 0x70,
    0xB6, 0x95, 0xBF, 0x5D, 0x36, 0x29, 0x9D, 0xF4, 0xED, 0x5F, 0x9B, 0x19, 0x89, 0xB2, 0x37, 0xD0,
    0x8A, 0x91, 0x28, 0x79, 0xFB, 0x05, 0xFB, 0xA1, 0x9B, 0x56, 0xEE, 0xF6, 0x2A, 0xBB, 0x14, 0xA5,
    0x6E, 0x87, 0x1E, 0x2A, 0x44, 0x99, 0x9B, 0xBD, 0x89, 0x20, 0x71, 0xF3, 0x0F, 0xE9, 0xE4, 0x6D,
    0x28, 0x0E, 0x8B, 0x8F, 0x2A, 0xD2, 0x76, 0xA5, 0xCA, 0xDA, 0xA2, 0xA4, 0x5D, 0x85, 0x0D, 0xB1,
    0x66, 0x72, 0x36, 0x9D, 0x37, 0x69, 0xA9, 0x4A, 0xD9, 0xEA, 0x64, 0xAB, 0x73, 0xAD, 0x9E, 0xAB,
    0x24, 0xBA, 0xF7, 0xD3, 0x61, 0xD9, 0xF2, 0xE8, 0x4C, 0x9D, 0x65, 0x75, 0x92, 0xD5, 0x39, 0xEE,
    0x6D, 0xE8, 0x5F, 0xC3, 0x0C, 0x8F, 0x3F, 0xAA, 0x24, 0x32, 0xE9, 0x8D, 0x59, 0x60, 0xB7, 0xA0,
    0xC0, 0xA3, 0x23, 0x11, 0x12, 0x84, 0x32, 0x20, 0x88, 0xF3, 0x0D, 0x22, 0x1C, 0xE0, 0x3F, 0xA9,
    0xD1, 0x82, 0x01, 0x76, 0xDA, 0x41, 0x01, 0x3C, 0x15, 0x80, 0x00, 0xFC, 0x9D, 0x12, 0x61, 0x40,
    0x6E, 0x67, 0x02, 0x08, 0x00, 0xA7, 0xCA, 0x04, 0x08, 0x00, 0xB1, 0x5D, 0xC8, 0x00, 0xA0, 0x90,
    0xCB, 0xFF, 0xBC, 0x54, 0xFC, 0x73, 0xA9, 0xF4, 0xBF, 0xBC, 0x7C, 0xE1, 0x37, 0x7A, 0xAB, 0xD2,
    0xA5, 0xDD, 0xEB, 0x58, 0x49, 0x4D, 0x51, 0xE4, 0x64, 0x85, 0xD4, 0x96, 0xEA, 0x01, 0xDB, 0xCE,
    0x0E, 0x09, 0x8F, 0x48, 0x65, 0xD4, 0xCB, 0x84, 0xB6, 0x25, 0xAB, 0xA2, 0x6E, 0x29, 0x58, 0x58,
    0x11, 0x75, 0xA8, 0xD5, 0x49, 0xA2, 0xAC, 0x86, 0x0E, 0xE8, 0xB3, 0x25, 0x91, 0xB7, 0xB3, 0xB3,
    0x80, 0x93, 0xB6, 0xB3, 0x87, 0x4C, 0xE3, 0x12, 0x0A, 0xE8, 0x11, 0x2A, 0x4B, 0xA0, 0xAA, 0xFC,
    0xD9, 0x6D, 0xA4, 0x95, 0xAB, 0xE7, 0x4C, 0x27, 0x7B, 0xF2, 0xE2, 0x39, 0x6F, 0xC4, 0x82, 0xE4,
    0xF9, 0x2B, 0xF0, 0xE3, 0x07, 0x66, 0xBE, 0x3C, 0x36, 0xEA, 0x45, 0x8A, 0x72, 0x6E, 0x0C, 0xDF,
    0x5C, 0x51, 0x5E, 0xCF, 0x96, 0xBF, 0xDE, 0xD9, 0x52, 0xF7, 0xE8, 0xC1, 0xEF, 0xFE, 0x3E, 0x34,
    0x8B, 0xAE, 0x7C, 0xCD, 0x5A, 0x05, 0xC3, 0x55, 0xC0, 0xB5, 0xF5, 0x0C, 0xF6, 0xAB, 0x97, 0xC1,
    0xD6, 0x06, 0xF9, 0xDF, 0xFA, 0x9F, 0x6F, 0x59, 0xF7, 0xF0, 0x75, 0x0F, 0xFF, 0x25, 0x7B, 0xB8,
    0x50, 0xA4, 0x79, 0x13, 0x52, 0xA8, 0xC2, 0xDC, 0x7B, 0xED, 0x91, 0x62, 0x10, 0xAE, 0xE0, 0xCA,
    0xA5, 0x91, 0xBF, 0xE9, 0x6E, 0x38, 0x19, 0xBF, 0xA6, 0x34, 0x1B, 0x43, 0x3E, 0x3A, 0x22, 0xB1,
    0xCD, 0x24, 0x62, 0x6B, 0xF1, 0xFA, 0xDD, 0x11, 0x5B, 0xA8, 0xCA, 0x25, 0x91, 0x88, 0x6D, 0xC9,
    0xBE, 0xBB, 0x40, 0x6C, 0x0B, 0x6B, 0x24, 0xED, 0xCE, 0xE0, 0x06, 0x81, 0xD8, 0xC2, 0x4B, 0x4A,
    0x89, 0xD8, 0x0E, 0x2A, 0xB7, 0x54, 0x76, 0x64, 0x28, 0xC4, 0xF6, 0x9F, 0xB1, 0x6E, 0xF7, 0x88,
    0x6D, 0x6F, 0x17, 0x06, 0x91, 0x88, 0x2D, 0x33, 0x88, 0xC4, 0x76, 0x1C, 0x6E, 0xE9, 0xC6, 0x89,
    0xED, 0x32, 0x3D, 0xC3, 0x9E, 0xCE, 0xEE, 0xAF, 0xAC, 0x47, 0xBF, 0xED, 0xC4, 0x76, 0xF9, 0xB5,
    0x1A, 0xCA, 0x3D, 0x29, 0x37, 0xD0, 0x3E, 0xEB, 0xCB, 0x1E, 0xA8, 0x88, 0xB5, 0x4A, 0xCB, 0x80,
    0x77, 0x10, 0x0D, 0xB9, 0x7B, 0x18, 0x17, 0x72, 0x1A, 0xAD, 0x64, 0xFE, 0x25, 0x45, 0xA7, 0xDB,
    0xAE, 0x23, 0x64, 0x7D, 0x2F, 0xFF, 0x2A, 0xAA, 0x77, 0x6D, 0xA7, 0xD0, 0xC7, 0xA5, 0xA8, 0x5D,
    0x97, 0x30, 0x4C, 0xFC, 0x4C, 0xE8, 0x10, 0x86, 0xA9, 0x97, 0x09, 0xDD, 0xC1, 0x70, 0x11, 0x1C,
    0xB4, 0xEB, 0x0C, 0x86, 0x4C, 0x32, 0x6D, 0xBB, 0x82, 0x70, 0x5D, 0x26, 0x74, 0x04, 0x91, 0x7F,
    0x09, 0xDD, 0x40, 0x13, 0x9C, 0x5B, 0xE8, 0x04, 0xC2, 0x3D, 0x88, 0x5D, 0xC0, 0x7B, 0x8E, 0xA8,
    0x1D, 0x40, 0xB9, 0xFB, 0x27, 0x75, 0xFE, 0x94, 0xAE, 0x5F, 0xAF, 0xE3, 0xA7, 0x04, 0x6C, 0xA4,
    0x50, 0x36, 0xF7, 0x45, 0x65, 0x41, 0x93, 0x77, 0xA5, 0x5A, 0xE1, 0x0A, 0x3B, 0x5A, 0x55, 0x15,
    0xEA, 0xED, 0x4E, 0x96, 0x96, 0x4D, 0xC7, 0x91, 0xDC, 0xC8, 0x63, 0x0D, 0x5A, 0xB1, 0x8D, 0xE7,
    0xE1, 0x90, 0x4B, 0x4D, 0xBC, 0x6E, 0x27, 0x32, 0x67, 0xCB, 0xF4, 0x7A, 0xBB, 0x0B, 0x99, 0x37,
    0xF0, 0x68, 0xD2, 0xEE, 0x40, 0x66, 0xED, 0x3B, 0x83, 0x06, 0xCC, 0x9D, 0xDA, 0xE6, 0x9D, 0x41,
    0xF9, 0xEF, 0x19, 0x77, 0xAD, 0x3B, 0x18, 0xD9, 0x44, 0x6A, 0xDC, 0xD1, 0xA7, 0x95, 0xB6, 0x1D,
    0xFB, 0x58, 0xA1, 0x69, 0xF7, 0x2A, 0x0C, 0xF9, 0x13, 0xBD, 0x65, 0xD0, 0xA9, 0xDA, 0xB0, 0x1B,
    0xAA, 0xED, 0xBA, 0xA1, 0xF4, 0x6B, 0x94, 0xBB, 0x8F, 0x6A, 0x7E, 0x8C, 0xB2, 0x9F, 0x27, 0x56,
    0xCE, 0x24, 0x2B, 0x27, 0x8E, 0x62, 0xA5, 0xE6, 0x5C, 0xAF, 0x35, 0xD7, 0x6F, 0xCC, 0xF5, 0xDA,
    0x72, 0xBD, 0xA6, 0xDC, 0x9A, 0x5A, 0x72, 0x87, 0xB7, 0xC8, 0x38, 0xA7, 0x94, 0xD7, 0xBB, 0x58,
    0x23, 0xF9, 0xC6, 0xAD, 0x52, 0x3E, 0x37, 0x72, 0xF7, 0xCD, 0xC1, 0x9F, 0xAD, 0x17, 0x88, 0x46,
    0xB2, 0x11, 0x39, 0x66, 0x22, 0x72, 0x4C, 0x87, 0xDD, 0x7C, 0xC7, 0x31, 0xBD, 0xAA, 0x5D, 0x12,
    0xC3, 0x39, 0x26, 0x5B, 0xEB, 0x2E, 0x70, 0xCC, 0x21, 0x40, 0x19, 0x81, 0x63, 0xB2, 0x73, 0x81,
    0x63, 0xC2, 0xF5, 0xD2, 0x0E, 0x5B, 0xB7, 0x08, 0x25, 0x8E, 0xE9, 0x28, 0x1C, 0xF3, 0xAF, 0x20,
    0x2A, 0xD4, 0x5D, 0xB5, 0xEA, 0x42, 0x53, 0x69, 0x37, 0xAD, 0xB2, 0x93, 0x16, 0x1B, 0xC3, 0xF9,
    0x6F, 0x10, 0xC7, 0x34, 0xF6, 0xA8, 0xAD, 0x9C, 0x65, 0x4E, 0x15, 0x90, 0xFD, 0x56, 0x9E, 0x52,
    0x09, 0x1B, 0x59, 0x54, 0x42, 0x46, 0xF5, 0x2F, 0x2D, 0x76, 0xB8, 0x48, 0x42, 0x45, 0x16, 0x95,
    0x30, 0x11, 0x3B, 0xED, 0x10, 0x91, 0x45, 0x25, 0x3C, 0x64, 0xA9, 0x32, 0x3F, 0x91, 0x17, 0x58,
    0x05, 0xCA, 0xDE, 0x54, 0x65, 0x57, 0x6A, 0x20, 0xA3, 0xA0, 0xA1, 0x8C, 0x81, 0x32, 0x11, 0x01,
    0x9D, 0x83, 0xD3, 0x0E, 0xFF, 0x54, 0x06, 0xEA, 0xFC, 0x12, 0xFA, 0x51, 0xBC, 0x4A, 0x71, 0x22,
    0xE5, 0x74, 0x05, 0x84, 0x90, 0x2D, 0xE7, 0x4F, 0x8A, 0x3B, 0x29, 0xDE, 0xA4, 0x38, 0x93, 0xE2,
    0x4B, 0xCB, 0xBB, 0xD2, 0xFF, 0x03, 0xED, 0x5D, 0x3F, 0xD0, 0xDC, 0xD6, 0x71, 0x7F, 0x77, 0x67,
    0xF2, 0x66, 0x88, 0x02, 0x2E, 0xA4, 0x8C, 0xC7, 0x2A, 0x50, 0x33, 0x05, 0xAF, 0x4E, 0x11, 0x01,
    0x89, 0xC7, 0xE3, 0xC2, 0x85, 0xE9, 0x19, 0xC9, 0x45, 0xDC, 0xB8, 0x48, 0x21, 0xB9, 0x61, 0x9B,
    0xC2, 0xCE, 0x5D, 0x94, 0x22, 0x45, 0x8A, 0xB0, 0x50, 0x97, 0x22, 0x2E, 0x98, 0x99, 0xE4, 0x63,
    0xC1, 0x56, 0x85, 0x33, 0x40, 0x92, 0x42, 0x45, 0x0A, 0xC1, 0x69, 0x53, 0xE4, 0x62, 0x39, 0x45,
    0xE8, 0x42, 0x50, 0x72, 0x4E, 0xC0, 0x8F, 0x00, 0x36, 0xBB, 0xFB, 0x70, 0xC0, 0xEE, 0x02, 0x77,
    0xDF, 0x7D, 0x7F, 0x48, 0x91, 0x34, 0x30, 0xC3, 0xFB, 0xB8, 0x00, 0xEE, 0x00, 0xBC, 0xDD, 0xFD,
    0xED, 0x9F, 0xB7, 0x6F, 0xE1, 0x5C, 0xBF, 0xCD, 0xDE, 0x77, 0x6A, 0x9B, 0xC3, 0xCD, 0xD2, 0x33,
    0x48, 0xAE, 0x4A, 0xDF, 0x7A, 0x4F, 0xD3, 0x29, 0xE4, 0x8A, 0x5E, 0x43, 0xA3, 0xE8, 0x18, 0x60,
    0xEB, 0x1C, 0x6C, 0x04, 0xDD, 0x3C, 0x14, 0xF4, 0xDB, 0x6F, 0xA7, 0xB0, 0x13, 0xB4, 0x73, 0x4B,
    0x4F, 0xDF, 0x49, 0xBA, 0x9B, 0x2F, 0x89, 0x0E, 0x77, 0xCE, 0x7D, 0x83, 0xE8, 0x88, 0xE8, 0xCC,
    0x45, 0x48, 0xAF, 0xF0, 0xDA, 0xB7, 0x01, 0x36, 0x33, 0xBC, 0x89, 0x55, 0x41, 0x3F, 0x7E, 0xF6,
    0x18, 0x00, 0xCE, 0x1F, 0xC3, 0x79, 0x12, 0x6F, 0xF9, 0x62, 0xB8, 0xA5, 0xF4, 0xB1, 0x23, 0x7A,
    0xCD, 0xFF, 0x5B, 0xD1, 0x67, 0x49, 0x74, 0x40, 0xFF, 0x4B, 0xF0, 0xF3, 0x7F, 0xFC, 0x71, 0x87,
    0xE4, 0x43, 0x37, 0x4B, 0x61, 0x93, 0x6E, 0xE3, 0x82, 0x9E, 0x26, 0xEF, 0x6E, 0x2B, 0xAE, 0xE8,
    0x78, 0xD6, 0xD1, 0x2B, 0x3C, 0xF3, 0x1D, 0x41, 0x87, 0x7C, 0xAD, 0x44, 0x3C, 0x06, 0x6E, 0x8D,
    0x1C, 0x43, 0xBA, 0xB6, 0x18, 0xD4, 0x08, 0x0F, 0xAB, 0x61, 0xFE, 0xF1, 0xD9, 0x7D, 0x77, 0x9D,
    0xED, 0x27, 0xC1, 0x46, 0xD1, 0x10, 0x6D, 0x35, 0x13, 0x69, 0x88, 0x0E, 0x1F, 0x77, 0x1F, 0xDC,
    0xDE, 0x1C, 0xF8, 0xE5, 0x49, 0x1E, 0x27, 0x79, 0x94, 0xC3, 0xFF, 0x9E, 0x20, 0x82, 0xEA, 0x24,
    0x62, 0x59, 0x5F, 0x9B, 0xF0, 0x52, 0xF8, 0x36, 0xDD, 0xD4, 0xA2, 0x09, 0x71, 0xD4, 0xE9, 0x19,
    0x36, 0x9E, 0x20, 0xAE, 0x03, 0xED, 0x62, 0xA2, 0xE4, 0x91, 0xDB, 0x20, 0x41, 0x23, 0xFA, 0x9F,
    0x44, 0x34, 0xC9, 0xA2, 0xB9, 0xF5, 0xED, 0x07, 0x38, 0x02, 0xEF, 0xFD, 0x00, 0x45, 0x60, 0xD1,
    0xB0, 0xAC, 0xF0, 0x63, 0x6F, 0x17, 0xC0, 0x82, 0xC2, 0x83, 0x54, 0x10, 0x81, 0x63, 0xC5, 0x7B,
    0x88, 0xC0, 0xD1, 0xC7, 0x91, 0x7F, 0x07, 0xBF, 0xB8, 0x6C, 0x7E, 0x4C, 0x3F, 0x74, 0xF6, 0x04,
    0x3F, 0x9F, 0x3E, 0x69, 0x90, 0x8D, 0x5F, 0xF0, 0x98, 0xE2, 0xBF, 0x1A, 0xFF, 0xF0, 0x00, 0x6F,
    0x71, 0x6F, 0x85, 0x7F, 0x68, 0x74, 0x6B, 0xE4, 0x09, 0x14, 0xF0, 0x2B, 0xE2, 0x0D, 0x8E, 0xEC,
    0xDC, 0x0C, 0xEF, 0xD1, 0xED, 0x13, 0x66, 0xA1, 0x97, 0xC2, 0x39, 0x73, 0x2D, 0xF6, 0xAC, 0x5F,
    0x78, 0xC2, 0x6B, 0xEE, 0xBC, 0x16, 0x47, 0xDC, 0x23, 0xFA, 0xB8, 0x33, 0xB8, 0xC6, 0xDB, 0x86,
    0x8B, 0x06, 0x05, 0x6E, 0x9C, 0x26, 0x45, 0xB8, 0x7D, 0x96, 0x28, 0x3A, 0x16, 0xCF, 0xCE, 0x8A,
    0xC2, 0x3C, 0x72, 0xEF, 0x27, 0x3D, 0x0D, 0x4F, 0x51, 0xF0, 0xEB, 0x96, 0x8E, 0x68, 0x2C, 0x37,
    0x4B, 0xD6, 0x55, 0xA2, 0xBF, 0xE6, 0x7E, 0x88, 0xF4, 0x82, 0x05, 0x38, 0xDA, 0xB5, 0x8A, 0x9D,
    0x21, 0x0D, 0xFF, 0xE5, 0xC2, 0x92, 0x85, 0x0D, 0x20, 0x9B, 0x7F, 0x1F, 0xCF, 0x4A, 0x3C, 0x9D,
    0xFA, 0x2B, 0xAE, 0x5B, 0x1A, 0x7F, 0xAA, 0xF2, 0x5A, 0xB2, 0x61, 0x7A, 0x05, 0x1F, 0xD5, 0x5E,
    0x09, 0x36, 0x21, 0x2B, 0x52, 0xC5, 0x18, 0xF1, 0x00, 0x6F, 0x2B, 0xAA, 0x49, 0xC7, 0x73, 0x07,
    0xE7, 0x67, 0xA4, 0xA9, 0xF8, 0xF1, 0x08, 0xBF, 0x9E, 0x38, 0x56, 0xDB, 0xE7, 0xAC, 0x55, 0x8E,
    0xBE, 0xC3, 0xCA, 0xFC, 0x2D, 0xA6, 0x37, 0xAB, 0x9D, 0x7B, 0x2B, 0x64, 0x7D, 0xC2, 0xB3, 0x62,
    0x48, 0xE2, 0x62, 0xD6, 0xA0, 0xE0, 0x3C, 0x23, 0xC1, 0x29, 0x83, 0x06, 0xF9, 0xA5, 0x21, 0x6F,
    0x9D, 0x1B, 0x3A, 0x9B, 0x35, 0xFA, 0xB8, 0x7B, 0x8B, 0xFE, 0xFE, 0x74, 0x4F, 0xB7, 0x48, 0xBD,
    0xFF, 0x52, 0x5C, 0x68, 0x1C, 0x8C, 0x4B, 0x7D, 0x7C, 0x85, 0x07, 0x08, 0xCD, 0xEF, 0x76, 0x60,
    0xD0, 0x9C, 0x09, 0x6C, 0x70, 0x34, 0x72, 0x90, 0x4B, 0x5B, 0x00, 0x3C, 0xD6, 0x02, 0x4D, 0x40,
    0x62, 0x20, 0x69, 0xC1, 0xA3, 0xD3, 0x24, 0x57, 0x81, 0x83, 0xD4, 0xE1, 0x20, 0x57, 0x24, 0x8B,
    0xCD, 0xA2, 0x39, 0x40, 0x46, 0x9A, 0x64, 0xCB, 0xB6, 0x50, 0x43, 0x74, 0x11, 0x09, 0x4A, 0xFE,
    0x3D, 0x49, 0x57, 0xF7, 0x90, 0x01, 0xAE, 0xD5, 0x7F, 0x52, 0x53, 0x4F, 0xA2, 0x88, 0x64, 0x8E,
    0x87, 0x85, 0xC9, 0x15, 0xFD, 0x0F, 0xB9, 0xD9, 0xDC, 0x67, 0x32, 0x85, 0xB4, 0x70, 0xEF, 0x33,
    0x74, 0x00, 0xC9, 0xC7, 0x8E, 0xEF, 0x30, 0xD8, 0xE3, 0x45, 0xD6, 0x4A, 0x19, 0x93, 0x21, 0xE4,
    0xCB, 0x6A, 0x0F, 0x20, 0x09, 0x0A, 0xF3, 0x8E, 0xF6, 0xBE, 0x83, 0x72, 0xB3, 0xC0, 0x8B, 0xA3,
    0x2E, 0x7C, 0x07, 0xF1, 0x83, 0x41, 0x84, 0xEC, 0x02, 0xF8, 0xAD, 0xE1, 0xCF, 0xED, 0xFA, 0x73,
    0x68, 0xFF, 0x43, 0x9F, 0xC5, 0x3A, 0x67, 0x94, 0x69, 0x48, 0x23, 0xFE, 0x0D, 0xC9, 0x2C, 0x82,
    0xBF, 0x68, 0xC1, 0x64, 0x06, 0x19, 0x8A, 0xCD, 0xDF, 0x29, 0x29, 0x72, 0x46, 0x88, 0x8E, 0x90,
    0xB1, 0x36, 0xFE, 0x71, 0x71, 0x8C, 0x34, 0x3A, 0x1E, 0xED, 0x14, 0x19, 0x96, 0x9A, 0xAC, 0x14,
    0x19, 0x68, 0x72, 0xF9, 0xF0, 0x44, 0x08, 0xBC, 0x75, 0x7F, 0xE4, 0x06, 0x62, 0x49, 0xA4, 0x99,
    0x20, 0x58, 0xBC, 0xF7, 0x37, 0x96, 0x6E, 0x04, 0x71, 0x6F, 0x70, 0xCB, 0x17, 0x13, 0x8C, 0x4C,
    0xF4, 0x5C, 0x0F, 0x36, 0xC8, 0xD5, 0xC6, 0x13, 0x0B, 0xD4, 0xEF, 0x05, 0xEB, 0x09, 0x12, 0x21,
    0x0A, 0x8E, 0x07, 0x24, 0x24, 0x62, 0xE6, 0x2D, 0xA0, 0xC2, 0x23, 0x91, 0x3E, 0x47, 0x0F, 0x80,
    0xA0, 0x88, 0xA0, 0x06, 0xFE, 0x91, 0x6F, 0x6C, 0x4D, 0x38, 0x83, 0x3A, 0x9F, 0xE6, 0x6C, 0x72,
    0xB2, 0xB0, 0x5A, 0x02, 0x0F, 0x32, 0x22, 0x10, 0x12, 0x21, 0x6C, 0xC8, 0x9E, 0x33, 0xFC, 0x94,
    0x6B, 0x34, 0xFE, 0xD0, 0x62, 0x4F, 0x99, 0xB6, 0xE2, 0x41, 0xC0, 0xB3, 0xF3, 0x06, 0x07, 0xE0,
    0x23, 0x12, 0x0D, 0xF8, 0x73, 0x80, 0x3D, 0xE4, 0x64, 0x8D, 0x4B, 0xAB, 0x88, 0xF0, 0x26, 0xA0,
    0x0F, 0x77, 0x7B, 0x7C, 0x90, 0xDF, 0xD7, 0xC6, 0x21, 0xCD, 0x5E, 0x14, 0x89, 0xB2, 0x26, 0x4D,
    0x00, 0x92, 0xD2, 0x02, 0x20, 0xD9, 0x1A, 0x00, 0x41, 0x22, 0xFE, 0x7B, 0x07, 0x0A, 0x49, 0x0F,
    0xFF, 0x38, 0x36, 0x15, 0x93, 0x1E, 0xFD, 0xBD, 0x55, 0xF6, 0x52, 0xBC, 0x26, 0x87, 0x8B, 0xF6,
    0xB1, 0x14, 0x13, 0xF6, 0x13, 0x0B, 0x32, 0x4F, 0x32, 0xF4, 0xA7, 0x79, 0xBA, 0x65, 0xD2, 0x23,
    0x3F, 0x8E, 0x6F, 0xC1, 0x24, 0x03, 0xFF, 0x1C, 0x92, 0xA8, 0xE4, 0xE1, 0x67, 0xDC, 0x5F, 0x40,
    0x1E, 0xD6, 0x6E, 0xBD, 0x6B, 0x61, 0xFF, 0x09, 0x94, 0x11, 0x3C, 0x45, 0xB7, 0xB0, 0x43, 0x7D,
    0xDE, 0xAA, 0x16, 0xF4, 0x9F, 0xB7, 0xFA, 0x8A, 0x98, 0x4F, 0x4E, 0xD6, 0x2F, 0xF8, 0x18, 0xD4,
    0xCC, 0xCC, 0x14, 0xA1, 0x1F, 0x7D, 0x8E, 0xED, 0xAA, 0xDC, 0xAB, 0xD7, 0xEC, 0xD1, 0xA8, 0x2E,
    0x1E, 0xD7, 0xD4, 0xE3, 0xAA, 0xA9, 0xB5, 0x6D, 0x0F, 0xF5, 0xE3, 0x48, 0x6F, 0x81, 0xDE, 0xE0,
    0xBC, 0x81, 0xF9, 0x53, 0x51, 0x7E, 0x54, 0x35, 0x2F, 0x20, 0x2E, 0xA9, 0x80, 0x63, 0x84, 0x08,
    0x43, 0xC2, 0x32, 0xF4, 0x02, 0xB4, 0x2C, 0x3D, 0xC1, 0x0F, 0x89, 0xD6, 0xDE, 0x13, 0xDE, 0x37,
    0xCC, 0x90, 0xF0, 0x0E, 0x20, 0x0E, 0x43, 0x81, 0x84, 0x77, 0x00, 0x43, 0x52, 0x1A, 0xC6, 0x2C,
    0x34, 0x00, 0x51, 0xB9, 0xAA, 0x3C, 0x62, 0xAD, 0x49, 0x21, 0x51, 0x0E, 0x88, 0x20, 0x51, 0x5B,
    0x6F, 0x97, 0x6C, 0xE8, 0xD9, 0x01, 0x84, 0x12, 0xA1, 0x3B, 0x2A, 0xD9, 0x01, 0x7C, 0x4C, 0x00,
    0x7E, 0xCE, 0xAA, 0xF9, 0xC5, 0x5E, 0x38, 0x76, 0xDE, 0x01, 0xF4, 0x20, 0x5E, 0x78, 0x07, 0xB0,
    0x64, 0x08, 0xCF, 0xBC, 0x03, 0x98, 0x07, 0xF0, 0x4F, 0xAC, 0x9A, 0x7E, 0xFB, 0xB0, 0x0F, 0xAB,
    0x7A, 0xFF, 0x4C, 0xF8, 0xB4, 0x0C, 0x61, 0xC2, 0xAD, 0xE5, 0x28, 0x44, 0x78, 0xB6, 0x28, 0xFD,
    0xB5, 0x13, 0xCE, 0x2D, 0x23, 0x90, 0xF0, 0x6F, 0xDB, 0xB3, 0x3A, 0x17, 0x77, 0xD6, 0xE1, 0xD0,
    0xDE, 0x4C, 0x25, 0xA4, 0xB2, 0x9D, 0xA3, 0x8B, 0x8F, 0x8A, 0x42, 0xD8, 0xFB, 0xBA, 0x21, 0xD1,
    0xC2, 0xDD, 0x4D, 0xE1, 0x1C, 0x32, 0xE9, 0xF1, 0xF2, 0x93, 0x09, 0xA7, 0x97, 0xBC, 0x22, 0xE9,
    0xF7, 0xFE, 0x0D, 0xFE, 0x11, 0xAE, 0x6F, 0x3D, 0x4B, 0xB7, 0x57, 0x08, 0x69, 0x3F, 0x31, 0x71,
    0xA3, 0xB6, 0xF1, 0xD6, 0xE6, 0xB7, 0xFE, 0xB0, 0xD8, 0x1E, 0x5D, 0x00, 0x82, 0x1D, 0xBA, 0xFB,
    0x9F, 0xEE, 0x01, 0x1E, 0xC7, 0x2C, 0x77, 0x02, 0xE3, 0x71, 0x8C, 0xD8, 0x8D, 0xDD, 0xC3, 0xBC,
    0x63, 0x54, 0xE9, 0x91, 0xDE, 0x9F, 0xD5, 0x83, 0xFD, 0x12, 0x70, 0x44, 0x25, 0xDE, 0xD7, 0x48,
    0x08, 0xC8, 0x8F, 0x08, 0x77, 0x04, 0xEA, 0xC7, 0x44, 0x0B, 0xE0, 0x07, 0xF8, 0x35, 0x38, 0x89,
    0xFD, 0x3C, 0xBE, 0x02, 0xFE, 0xE9, 0xFA, 0xC2, 0x02, 0x34, 0x74, 0x7F, 0xC2, 0x08, 0xEC, 0x6E,
    0x33, 0xFB, 0x47, 0xED, 0xC0, 0xAD, 0xF7, 0xEC, 0x9E, 0xD4, 0x43, 0xC4, 0xAA, 0x07, 0x0A, 0x0E,
    0x9B, 0xF1, 0x01, 0x7A, 0xDB, 0xED, 0x03, 0xE7, 0x00, 0xC0, 0xE9, 0xD0, 0x39, 0x12, 0x41, 0xA6,
    0x0F, 0x9E, 0x19, 0x89, 0x55, 0xF8, 0x9C, 0xE6, 0x78, 0x01, 0x19, 0x40, 0xCF, 0x18, 0x8F, 0x65,
    0x08, 0x8D, 0x02, 0x89, 0x80, 0x2A, 0x83, 0x68, 0x74, 0xAA, 0xD0, 0x15, 0x97, 0x61, 0x34, 0x02,
    0xF3, 0x0A, 0x1E, 0x99, 0x40, 0x1A, 0x6F, 0x42, 0x85, 0xD2, 0x3C, 0x58, 0x2A, 0x98, 0xFE, 0x57,
    0x3A, 0x53, 0x86, 0xD3, 0x8D, 0x5B, 0x37, 0x41, 0xA5, 0x03, 0xEA, 0xD9, 0xCF, 0x86, 0x21, 0xF5,
    0x30, 0xA8, 0x1E, 0x86, 0xD5, 0xC3, 0xC0, 0x7A, 0x24, 0xB4, 0x1E, 0x09, 0xAE, 0xAF, 0x9F, 0xEE,
    0x39, 0x94, 0xF6, 0x19, 0x26, 0x76, 0x86, 0xA9, 0x9F, 0x91, 0x73, 0x06, 0xE9, 0x9F, 0x09, 0x9D,
    0x4E, 0xDA, 0x42, 0x33, 0xFA, 0x71, 0xEE, 0x8E, 0xF9, 0xD9, 0x83, 0xE3, 0x26, 0x60, 0xFF, 0xAD,
    0x47, 0xA7, 0x8B, 0xB6, 0x77, 0xAD, 0x20, 0x1B, 0xB5, 0x82, 0xCD, 0xF1, 0xE3, 0x77, 0x2F, 0x60,
    0x67, 0x76, 0x3C, 0xBB, 0x11, 0xDB, 0xEC, 0x87, 0x61, 0x6F, 0xB0, 0xB9, 0xAA, 0x20, 0x4D, 0xFA,
    0xF6, 0x55, 0x78, 0x03, 0x76, 0x8B, 0xAD, 0x69, 0x34, 0xF2, 0x00, 0x86, 0x4E, 0x0D, 0xBF, 0xEF,
    0x5D, 0x13, 0xCD, 0x27, 0xFD, 0xEF, 0xB6, 0x7F, 0xB8, 0xEC, 0x24, 0xC2, 0x71, 0x71, 0x99, 0xF4,
    0xF1, 0x75, 0xB0, 0x7F, 0x7E, 0xFB, 0xBA, 0xA1, 0xFF, 0xE4, 0x38, 0xE8, 0x2F, 0x48, 0x29, 0x44,
    0x74, 0xC8, 0x7E, 0xAB, 0x08, 0x10, 0xE7, 0xC0, 0x59, 0xB9, 0x3E, 0x46, 0xA4, 0xFF, 0x8A, 0x30,
    0x71, 0x45, 0x62, 0x2A, 0x22, 0xC5, 0xF8, 0x17, 0x38, 0xC8, 0x22, 0x58, 0x8C, 0x33, 0xEF, 0xF2,
    0xED, 0xE3, 0x45, 0xA2, 0x73, 0x11, 0x32, 0xE2, 0xF9, 0xA4, 0x3A, 0x5D, 0xD4, 0x18, 0xFF, 0x5F,
    0x83, 0x9E, 0xAC, 0x08, 0x1C, 0xA1, 0x0A, 0x65, 0xEC, 0x48, 0x19, 0x06, 0x15, 0x3E, 0xDA, 0x08,
    0xD2, 0x06, 0x91, 0x14, 0xC4, 0x8B, 0x38, 0xB2, 0xF9, 0x83, 0xB4, 0xD1, 0xA1, 0xA4, 0x4B, 0xBE,
    0x52, 0xFC, 0x34, 0x57, 0x9F, 0x19, 0x9E, 0x2F, 0xCC, 0x2F, 0x85, 0xC6, 0x48, 0x07, 0x50, 0xB4,
    0x78, 0x87, 0xEA, 0xC0, 0xAE, 0x7B, 0xD5, 0xE2, 0x1D, 0xF2, 0xA7, 0x66, 0x64, 0x4B, 0x3C, 0xDE,
    0x79, 0x9D, 0x48, 0x79, 0xF8, 0xE3, 0x96, 0xAB, 0x99, 0x83, 0xEF, 0x10, 0x2B, 0x09, 0xEF, 0x68,
    0x67, 0xEE, 0x60, 0x41, 0xA7, 0xB2, 0x52, 0xAD, 0xB7, 0x69, 0x41, 0x34, 0x24, 0x1E, 0xEF, 0x20,
    0x8B, 0x77, 0x78, 0x7E, 0x05, 0x19, 0xE3, 0x1D, 0x06, 0x22, 0x11, 0x42, 0xD5, 0xBF, 0x97, 0xEB,
    0x9C, 0xF1, 0x0E, 0x25, 0x29, 0x6C, 0x48, 0xE5, 0xE2, 0x2D, 0xE3, 0xDD, 0x13, 0x78, 0x16, 0x91,
    0x7E, 0x6D, 0xD7, 0xDB, 0x14, 0xD4, 0x96, 0x7B, 0xEE, 0x3D, 0xDF, 0xD3, 0x99, 0xC7, 0xBB, 0xFF,
    0xD8, 0xD3, 0x89, 0xC7, 0xBB, 0x64, 0x05, 0x01, 0x3C, 0xBB, 0xCD, 0xB2, 0xC8, 0x78, 0xE7, 0x13,
    0x42, 0xB3, 0x13, 0x3D, 0x10, 0xA5, 0x3D, 0xCA, 0xF7, 0x50, 0x47, 0x4E, 0xF5, 0x3A, 0x7E, 0x24,
    0x8C, 0x0C, 0x79, 0x36, 0x9D, 0x85, 0x59, 0xED, 0x0E, 0x66, 0x37, 0x2B, 0x61, 0x58, 0x82, 0x4A,
    0x58, 0x95, 0x65, 0x2D, 0x4D, 0x4A, 0x2D, 0xEC, 0xC9, 0xA2, 0x16, 0xC6, 0x64, 0x51, 0x0B, 0x4B,
    0x12, 0xD4, 0x32, 0xBB, 0x59, 0x49, 0x1B, 0x52, 0x49, 0x03, 0xB2, 0x93, 0xD9, 0xCD, 0x5C, 0x98,
    0x8E, 0xFA, 0x12, 0x7E, 0x63, 0x74, 0x4D, 0x68, 0xEA, 0x47, 0xD5, 0x86, 0xCC, 0x29, 0x98, 0x8C,
    0x9D, 0x0E, 0x00, 0xDB, 0x60, 0xF9, 0x2D, 0x13, 0x2A, 0xF7, 0xBE, 0x62, 0x1B, 0x28, 0x6F, 0x75,
    0x98, 0x1C, 0xEB, 0x20, 0x99, 0x30, 0x5F, 0xCD, 0x32, 0xE3, 0xF0, 0xCA, 0x00, 0xD9, 0xA1, 0xD6,
    0xE8, 0x59, 0xE6, 0xC6, 0x06, 0xC7, 0x8D, 0x99, 0x65, 0xD6, 0x81, 0xF1, 0x97, 0x00, 0x7A, 0x96,
    0xF9, 0x41, 0xF5, 0x0A, 0x57, 0x3D, 0xC4, 0x47, 0x1D, 0x33, 0x38, 0x9A, 0x8F, 0xBE, 0x37, 0x32,
    0x19, 0xDA, 0x4D, 0x06, 0xED, 0x59, 0xDA, 0x4E, 0x06, 0xED, 0x9F, 0xA3, 0x9D, 0x0C, 0x62, 0x5B,
    0xD4, 0x4F, 0x06, 0x71, 0xEA, 0xB6, 0x9F, 0x0C, 0xA2, 0x0B, 0x89, 0xC9, 0x20, 0x22, 0xC5, 0x64,
    0x10, 0xD7, 0x09, 0xF4, 0x93, 0x41, 0x5C, 0x26, 0x20, 0x27, 0x83, 0x32, 0x3D, 0x19, 0xD4, 0x3C,
    0xD4, 0x93, 0x41, 0x95, 0x9E, 0x0C, 0xAA, 0xE5, 0x64, 0xD0, 0xE7, 0x78, 0x54, 0x4C, 0x06, 0x25,
    0x69, 0x79, 0x95, 0xC9, 0xA0, 0xBD, 0x84, 0xB7, 0x92, 0xB8, 0x17, 0xD0, 0x16, 0x68, 0xF6, 0x78,
    0xD3, 0xFE, 0xDD, 0x1F, 0x6D, 0x43, 0xA2, 0x3B, 0x9B, 0x97, 0x38, 0x19, 0x34, 0x21, 0xE4, 0x0B,
    0x41, 0xC8, 0x41, 0x40, 0xAD, 0x1C, 0x2B, 0x65, 0xA5, 0xD5, 0x91, 0xBB, 0x13, 0xF8, 0xBE, 0x42,
    0xE0, 0xBB, 0xCC, 0x35, 0xF8, 0x86, 0x85, 0x06, 0xDF, 0x70, 0xA7, 0xC1, 0x37, 0x2C, 0x34, 0xF8,
    0xCE, 0x4F, 0x91, 0x96, 0x3F, 0xBD, 0x66, 0xDE, 0xE5, 0x48, 0x60, 0x6C, 0x1D, 0xD1, 0xC8, 0x80,
    0x39, 0x41, 0xA7, 0xBB, 0x2F, 0x6D, 0x4A, 0x29, 0x03, 0xEF, 0x45, 0x3B, 0xC3, 0xD7, 0x49, 0x4E,
    0x13, 0x34, 0x7C, 0xFD, 0x96, 0x9F, 0x61, 0x49, 0x65, 0x3C, 0xE4, 0xF6, 0x7B, 0x7E, 0xAE, 0x28,
    0xFD, 0x3C, 0xA7, 0x89, 0x79, 0xCF, 0xCF, 0x18, 0xB5, 0x34, 0x27, 0x30, 0x6E, 0xF9, 0x09, 0xF0,
    0x67, 0xD0, 0x3C, 0x81, 0xF3, 0x87, 0x3D, 0x3F, 0xA1, 0x2B, 0xD1, 0x5A, 0xF7, 0x79, 0xE7, 0xAA,
    0xE5, 0x67, 0xCD, 0xD3, 0x95, 0x9F, 0x7A, 0x1A, 0xF9, 0x89, 0x00, 0xBF, 0x4D, 0x9B, 0x59, 0x5A,
    0x74, 0xFC, 0xFC, 0x66, 0xF2, 0xAA, 0x19, 0xD3, 0x13, 0x73, 0xC9, 0x37, 0x57, 0x42, 0x38, 0xC9,
    0xD3, 0x1B, 0x28, 0x4F, 0x5C, 0xCD, 0x73, 0xBB, 0x94, 0x2E, 0x14, 0x3E, 0x60, 0x22, 0x5C, 0x28,
    0xC7, 0x2E, 0xD4, 0xFD, 0xBD, 0x0B, 0xC5, 0xD1, 0x35, 0x0F, 0x35, 0xBB, 0x50, 0x01, 0xA4, 0x25,
    0x8F, 0xB4, 0x77, 0xA1, 0xC2, 0x2A, 0xAA, 0x78, 0xA0, 0xBD, 0x0B, 0xB5, 0x2A, 0x70, 0xDC, 0x79,
    0x9C, 0xD9, 0x85, 0x8A, 0xA9, 0xB6, 0xA6, 0xAF, 0xA7, 0x81, 0x72, 0x0E, 0x59, 0xB0, 0x77, 0xA1,
    0x7E, 0x4D, 0xA5, 0x58, 0xE7, 0x29, 0x0D, 0xB2, 0x8A, 0xD2, 0x5A, 0x17, 0xAA, 0xE9, 0x48, 0x76,
    0xA1, 0x2A, 0x3E, 0xE9, 0x9F, 0xF7, 0x2E, 0xD4, 0x36, 0x40, 0x2B, 0xFD, 0xCC, 0xA5, 0xBB, 0xBD,
    0x0B, 0xF5, 0xE1, 0x25, 0xEB, 0x69, 0xEE, 0x21, 0x02, 0x0B, 0x7B, 0x02, 0xDF, 0x2B, 0xA4, 0x27,
    0x02, 0x7F, 0xB5, 0x93, 0x64, 0xFA, 0xBD, 0x42, 0x66, 0x95, 0xEF, 0xCE, 0x37, 0x2F, 0xC9, 0x85,
    0xFA, 0x91, 0xD2, 0x89, 0x42, 0x06, 0xDC, 0x51, 0x29, 0xC3, 0xED, 0xB0, 0x92, 0xC1, 0x76, 0x5B,
    0xF6, 0xD0, 0x86, 0xDA, 0x41, 0x25, 0x03, 0xED, 0xA5, 0x0A, 0xB3, 0x17, 0xB5, 0x13, 0x41, 0xF6,
    0xA2, 0x71, 0x22, 0xC4, 0x5E, 0x50, 0x2A, 0xA5, 0x0B, 0xB0, 0x83, 0xDA, 0xC9, 0xF0, 0xBA, 0x76,
    0x32, 0xB8, 0xAE, 0x9C, 0x0C, 0xAD, 0x77, 0x4E, 0x06, 0xD6, 0xB9, 0x93, 0x61, 0xB5, 0xD3, 0x41,
    0xF5, 0x89, 0xDB, 0x32, 0xFF, 0x89, 0x1C, 0xDD, 0x2F, 0x65, 0xDE, 0x30, 0xFA, 0x8D, 0xA4, 0xC2,
    0x42, 0x52, 0xF3, 0xCD, 0x07, 0x87, 0x7E, 0x72, 0x61, 0x66, 0x05, 0x0C, 0x07, 0x2D, 0x0B, 0x07,
    0xC7, 0xE7, 0xDB, 0x6B, 0xC1, 0xF6, 0xE4, 0x22, 0x9D, 0x04, 0x81, 0xF7, 0x0C, 0x04, 0xA6, 0x89,
    0x86, 0x40, 0x9F, 0xB9, 0xED, 0x21, 0x30, 0x4D, 0x34, 0x04, 0xDE, 0x7D, 0xC5, 0x4C, 0xEA, 0x23,
    0x93, 0x3B, 0x9D, 0xD7, 0x71, 0x66, 0x32, 0x7A, 0xC6, 0xAB, 0x96, 0x67, 0x78, 0x99, 0xF9, 0x24,
    0x4C, 0x0E, 0x09, 0xCD, 0x40, 0x6A, 0x5A, 0xB1, 0xB9, 0xE5, 0x8C, 0xDC, 0x84, 0x3D, 0x7C, 0x79,
    0xC1, 0x51, 0x78, 0x46, 0x92, 0x43, 0x68, 0xA3, 0x44, 0x87, 0xF8, 0xA8, 0x64, 0x87, 0x76, 0x68,
    0xE1, 0x29, 0x9D, 0x91, 0x1E, 0xF8, 0x5B, 0x67, 0xE7, 0xFE, 0x13, 0x2B, 0x3F, 0x1B, 0x25, 0x40,
    0x65, 0xEA, 0x77, 0xF4, 0x12, 0xF4, 0x8E, 0x8F, 0xBA, 0x14, 0x96, 0x0F, 0xA6, 0xFD, 0x07, 0xB3,
    0xFE, 0xD6, 0xD1, 0x1E, 0x78, 0xDA, 0x43, 0x57, 0x7B, 0xE8, 0x6B, 0x5F, 0xC6, 0xD9, 0x3E, 0x7D,
    0xB2, 0xDF, 0x8A, 0xCB, 0x70, 0xAA, 0x7F, 0x30, 0xD3, 0x7F, 0xCC, 0x49, 0x9B, 0x44, 0xEA, 0x4D,
    0x14, 0x29, 0x6B, 0x9E, 0x06, 0xF6, 0x67, 0x60, 0xA0, 0x86, 0x67, 0x78, 0x13, 0x35, 0xC9, 0xC7,
    0x4B, 0x96, 0x8F, 0x83, 0xCE, 0xFB, 0x48, 0x95, 0xD1, 0xB0, 0xC8, 0xE8, 0x26, 0x6A, 0x8C, 0x5E,
    0x34, 0xE4, 0x4C, 0x72, 0x3A, 0xC9, 0xE9, 0x11, 0x39, 0x9D, 0x3F, 0xD4, 0x6E, 0x57, 0xB0, 0x03,
    0x23, 0x00, 0x3A, 0x33, 0x60, 0x8F, 0xCF, 0xB7, 0xBF, 0x7F, 0xB9, 0xC4, 0xC0, 0x5B, 0x26, 0x31,
    0xD0, 0xCB, 0x89, 0x4F, 0x0C, 0xF4, 0xE3, 0xE3, 0x13, 0x03, 0x18, 0x25, 0xCA, 0xC4, 0x00, 0x0D,
    0x97, 0x4C, 0x0C, 0x88, 0xB5, 0x81, 0x6D, 0x62, 0x60, 0x6B, 0x12, 0x03, 0xCD, 0xC7, 0x26, 0x31,
    0x50, 0x9B, 0xC4, 0x40, 0xA3, 0x12, 0x03, 0xBF, 0xF4, 0x74, 0x97, 0x18, 0x70, 0xC2, 0x2B, 0x9E,
    0x12, 0x4D, 0x93, 0xBC, 0xBC, 0x66, 0xF2, 0xA2, 0xD7, 0x16, 0xD3, 0x88, 0xAF, 0xCC, 0x4F, 0x71,
    0x7D, 0x46, 0xA2, 0x47, 0x3D, 0x92, 0xD7, 0xE3, 0x71, 0xA7, 0x67, 0xFD, 0x58, 0x8D, 0xFC, 0xAD,
    0x6F, 0xA7, 0x7D, 0xFD, 0xB2, 0x1F, 0x7B, 0xCE, 0x6F, 0xA8, 0xD1, 0x47, 0x6C, 0xAF, 0xF5, 0xF8,
    0xE3, 0xC8, 0x35, 0x8A, 0x03, 0x54, 0x3E, 0x92, 0x2B, 0x1E, 0x9C, 0xD1, 0xE3, 0x3F, 0x32, 0x5C,
    0xF8, 0xA2, 0x8F, 0x66, 0x3D, 0x1F, 0xEA, 0xB0, 0x8B, 0x67, 0x3D, 0x27, 0xE0, 0xE1, 0xA2, 0x8B,
    0x68, 0x99, 0x17, 0x54, 0xD2, 0x31, 0xE4, 0xC6, 0x15, 0x0A, 0x91, 0x67, 0x3B, 0xCB, 0x95, 0x45,
    0x65, 0xF9, 0xC2, 0xB3, 0x90, 0x8A, 0x33, 0x8B, 0xCA, 0xF2, 0x86, 0xAA, 0xA0, 0x6F, 0xCE, 0x51,
    0xB8, 0xA1, 0x42, 0x64, 0x65, 0x94, 0x65, 0x7D, 0x1C, 0x5B, 0xE5, 0x00, 0x6A, 0x63, 0x96, 0x03,
    0xB9, 0xE2, 0x85, 0xED, 0xF2, 0x12, 0xC4, 0x49, 0x6C, 0x98, 0x97, 0x5C, 0xEC, 0x23, 0x2D, 0xF3,
    0xEC, 0xFB, 0x0F, 0x44, 0x6D, 0x3B, 0x9B, 0x66, 0x2E, 0x16, 0x52, 0xB6, 0x99, 0x97, 0xDB, 0x28,
    0xE3, 0x4C, 0xC2, 0xB1, 0x51, 0xD6, 0xD9, 0x11, 0x5B, 0xA5, 0x79, 0x3E, 0x4B, 0xE9, 0xAE, 0xEC,
    0xFA, 0x6F, 0xBF, 0x47, 0x18, 0xE8, 0xC4, 0xEF, 0xE9, 0x2C, 0x34, 0x09, 0x87, 0x53, 0x26, 0xFA,
    0x59, 0x37, 0xC5, 0xA9, 0x52, 0x91, 0x97, 0x2F, 0x5B, 0xBF, 0x37, 0xD0, 0x61, 0x4A, 0xC9, 0x6A,
    0x2D, 0xF6, 0xEB, 0xE9, 0xA4, 0x1E, 0xFB, 0x0C, 0xB9, 0xD4, 0xE4, 0xDF, 0x9D, 0x74, 0xF9, 0x75,
    0xD6, 0xE5, 0x81, 0xBB, 0x3D, 0xEE, 0x51, 0x8F, 0x3B, 0xDE, 0x47, 0xCE, 0xBD, 0x6E, 0x36, 0xF3,
    0xD4, 0x2C, 0xE7, 0xC0, 0x37, 0x17, 0xD3, 0xDE, 0xC2, 0x41, 0x17, 0x90, 0x13, 0xF7, 0xAB, 0xDF,
    0xA2, 0xC2, 0xB8, 0xEA, 0xEF, 0x26, 0xAE, 0x91, 0x7B, 0xF7, 0x39, 0xD0, 0x19, 0xC8, 0xBD, 0xFB,
    0x4C, 0xE8, 0x1C, 0x58, 0xD2, 0x74, 0x3E, 0x34, 0xA3, 0xBD, 0xA5, 0xB3, 0xBD, 0x21, 0x50, 0x36,
    0x69, 0x62, 0xC3, 0x74, 0x88, 0x08, 0xC0, 0xAD, 0x1A, 0xEB, 0xC8, 0x9F, 0xA7, 0xF0, 0x94, 0x16,
    0xB5, 0x0F, 0x16, 0xB9, 0x74, 0x1E, 0xBC, 0x74, 0xE9, 0x71, 0x5B, 0x43, 0xA6, 0x50, 0xE3, 0x7F,
    0x01, 0x3E, 0x83, 0x7A, 0xE5, 0xF7, 0x8A, 0xFE, 0x11, 0xCD, 0x1C, 0xB6, 0x4B, 0x5A, 0x98, 0x3E,
    0x9C, 0xC8, 0x18, 0x93, 0xD1, 0x71, 0x39, 0x1D, 0x75, 0xF8, 0xC7, 0xBD, 0xFE, 0x03, 0xAE, 0xFF,
    0x01, 0xFF, 0xFF, 0x22, 0x9F, 0xB2, 0xE7, 0xBC, 0x94, 0x81, 0x9E, 0xF3, 0xA9, 0x98, 0x2D, 0xEC,
    0x38, 0x1F, 0x00, 0x8C, 0x70, 0x3E, 0x16, 0x2B, 0x4F, 0x5B, 0xCE, 0xFF, 0x1E, 0xDF, 0x68, 0x65,
    0x38, 0xBF, 0xCE, 0x90, 0xD3, 0x51, 0x6D, 0x38, 0x9F, 0x66, 0x11, 0x24, 0xCB, 0xC6, 0xD9, 0x7E,
    0x20, 0x31, 0x4F, 0x71, 0x28, 0xCE, 0xCF, 0x20, 0xC1, 0x1B, 0x58, 0x34, 0x9A, 0xF3, 0x0B, 0xF8,
    0x88, 0x3C, 0xBE, 0xDA, 0x99, 0xA5, 0x4D, 0xCF, 0x21, 0xF9, 0x1D, 0x04, 0xA2, 0x71, 0xCE, 0xBB,
    0x11, 0xCE, 0xDB, 0x88, 0xEE, 0x97, 0xFB, 0xC2, 0x43, 0xB5, 0xD4, 0x29, 0xA1, 0xF3, 0x7F, 0xF5,
    0xA0, 0xB1, 0x76, 0xE3, 0x8F, 0xCE, 0x3E, 0x7E, 0x2D, 0x38, 0x7F, 0xB3, 0xA9, 0x8B, 0x03, 0x1E,
    0xC7, 0xB8, 0x67, 0x72, 0xF0, 0xDC, 0x93, 0xD2, 0x19, 0x7F, 0x3C, 0xEA, 0xEC, 0xD6, 0xA3, 0x7B,
    0x9B, 0xD1, 0x5F, 0x18, 0x3D, 0xF7, 0x6B, 0x5F, 0x1F, 0x19, 0x3F, 0xB7, 0xFA, 0xCB, 0xB1, 0xDB,
    0x8C, 0x3F, 0x2B, 0x4E, 0xDE, 0x1B, 0x2D, 0xF2, 0x09, 0x7F, 0x27, 0xFC, 0x7D, 0xD3, 0xB4, 0xF0,
    0xC0, 0x66, 0x57, 0x79, 0x0D, 0x04, 0x55, 0x32, 0xA7, 0x38, 0xFD, 0xDC, 0xAB, 0xAE, 0xFE, 0x9A,
    0xEC, 0xDB, 0x64, 0xDF, 0x5E, 0x23, 0xCD, 0x9A, 0xFA, 0xC1, 0xBD, 0xBE, 0xFD, 0xE0, 0x5E, 0x4A,
    0xB1, 0xE8, 0x4B, 0xCE, 0xF9, 0x5A, 0xC7, 0xC4, 0x94, 0x48, 0x5D, 0x9B, 0x5E, 0xD6, 0x37, 0x47,
    0x53, 0x56, 0x44, 0xD2, 0x94, 0x13, 0x59, 0xD6, 0x3A, 0x23, 0x22, 0x56, 0x62, 0x71, 0x3E, 0x44,
    0xD0, 0x9C, 0x0D, 0x11, 0x34, 0xE7, 0x42, 0x16, 0x3D, 0x5E, 0x73, 0x26, 0x44, 0x20, 0x35, 0xE7,
    0x41, 0x28, 0x39, 0x22, 0xB3, 0x20, 0xD4, 0xD8, 0x46, 0xE7, 0x94, 0xA5, 0xC7, 0xE3, 0x0B, 0xAD,
    0x4C, 0x4E, 0x79, 0xAB, 0xB2, 0x1F, 0x9F, 0xF9, 0xE3, 0x5D, 0x4E, 0x79, 0xCE, 0xFD, 0x1C, 0xA6,
    0x39, 0x88, 0x11, 0x1F, 0x79, 0x9A, 0x3A, 0x3C, 0x65, 0xEA, 0x70, 0x99, 0xFF, 0x5C, 0x8B, 0x00,
    0x97, 0xE5, 0x49, 0x19, 0x88, 0xFE, 0x1B, 0xB4, 0x10, 0x84, 0x5F, 0x36, 0x5A, 0x0A, 0x8E, 0xD4,
    0xE7, 0x7D, 0x65, 0x53, 0xDC, 0x93, 0x38, 0x5C, 0x5A, 0x1C, 0xC8, 0x40, 0x29, 0x71, 0x20, 0x0B,
    0xA4, 0xC4, 0x81, 0x9E, 0x49, 0x89, 0x83, 0x3F, 0xA3, 0xD1, 0x46, 0xEA, 0x55, 0x14, 0x87, 0x69,
    0x46, 0x71, 0x44, 0xF7, 0xA3, 0x3F, 0x2C, 0x94, 0xEA, 0xC7, 0x9F, 0x56, 0x4A, 0xF3, 0xD7, 0xFF,
    0x52, 0x29, 0xC5, 0x8F, 0x3F, 0x2D, 0x95, 0xDE, 0xDF, 0xB9, 0xD2, 0xAC, 0xD5, 0x8B, 0xF1, 0x46,
    0x3C, 0x7F, 0xD3, 0xC4, 0x70, 0x38, 0x10, 0x91, 0x9A, 0xE7, 0xF1, 0x4A, 0xC4, 0x63, 0x9E, 0xCB,
    0x6B, 0x31, 0x47, 0xD5, 0x2E, 0x41, 0x10, 0x13, 0x52, 0xCC, 0xE9, 0x39, 0x7C, 0xCB, 0x2C, 0x43,
    0xC0, 0x48, 0xCD, 0x70, 0x1B, 0x23, 0xAF, 0xBE, 0x0E, 0x97, 0xF9, 0x1D, 0x01, 0xF5, 0xB6, 0x93,
    0x1C, 0x4F, 0x89, 0x6B, 0x76, 0x39, 0x82, 0x5D, 0x90, 0xF0, 0xC5, 0x60, 0x49, 0xC2, 0x77, 0xA1,
    0xD1, 0x8B, 0x12, 0xF0, 0x7A, 0xE5, 0xCA, 0x2C, 0x4B, 0xA0, 0x61, 0x99, 0x1A, 0x29, 0x1D, 0xDC,
    0x3E, 0x30, 0x85, 0x49, 0xB3, 0x66, 0x65, 0xEA, 0x90, 0xC0, 0xAC, 0x8C, 0xC3, 0x33, 0xCC, 0x15,
    0x3E, 0xB9, 0x7A, 0x93, 0x99, 0x5E, 0x9E, 0xCA, 0x81, 0x61, 0xDA, 0x28, 0x29, 0x9E, 0xCB, 0x46,
    0x81, 0xEC, 0xA4, 0x4A, 0x56, 0x90, 0x0C, 0x87, 0xBC, 0x7A, 0x43, 0x88, 0x70, 0x58, 0xF5, 0xB3,
    0x44, 0x2C, 0xC1, 0xD1, 0x2E, 0xD0, 0x93, 0x76, 0x51, 0x81, 0x3B, 0xA4, 0xFC, 0x86, 0x25, 0x7E,
    0x45, 0x89, 0x6F, 0xB5, 0x2A, 0x8D, 0xAF, 0xDA, 0x97, 0x91, 0xB3, 0xF0, 0xFE, 0x35, 0xDA, 0x29,
    0x8B, 0x57, 0x03, 0xC0, 0x32, 0x88, 0xB5, 0xDF, 0xD1, 0x4F, 0xD6, 0x7D, 0x13, 0x86, 0x73, 0x75,
    0x53, 0x55, 0xDE, 0xE1, 0x6D, 0x5A, 0xCE, 0xF9, 0x26, 0xAD, 0xA5, 0x7F, 0xD9, 0x11, 0xFA, 0xEC,
    0x67, 0xAA, 0x28, 0x6B, 0x59, 0x4A, 0x0B, 0x89, 0xB8, 0xA1, 0x16, 0xFB, 0x05, 0xBA, 0x42, 0x6B,
    0xBE, 0x7D, 0xF7, 0x12, 0x8F, 0x60, 0x1A, 0x6B, 0xA4, 0x0A, 0xE6, 0x16, 0x5A, 0xB4, 0x02, 0x6D,
    0x7F, 0x70, 0x38, 0x33, 0x91, 0xD9, 0x8A, 0x7F, 0x03, 0xB9, 0xE8, 0x21, 0x13, 0x63, 0xC4, 0x2B,
    0x5A, 0xC8, 0xAC, 0xB3, 0xB8, 0x10, 0x1D, 0x64, 0xD6, 0xF9, 0xAA, 0x10, 0x0D, 0x64, 0xD6, 0xE7,
    0x69, 0x21, 0xFA, 0xC7, 0xAC, 0x7D, 0xA6, 0xB6, 0x6B, 0x1F, 0xE3, 0xC9, 0x7D, 0xF7, 0x98, 0x88,
    0xC9, 0xAE, 0x79, 0xCC, 0x9C, 0x56, 0xC6, 0xF5, 0xBD, 0x63, 0xF0, 0x6B, 0xB9, 0x68, 0x1D, 0xF3,
    0x83, 0xC7, 0x7D, 0xA7, 0x9F, 0x36, 0x1F, 0xAA, 0x1A, 0xC7, 0x34, 0x4E, 0xF5, 0x8D, 0xD9, 0x39,
    0xD1, 0x36, 0x46, 0x4A, 0xCB, 0x87, 0xC3, 0x50, 0xE5, 0xAB, 0x69, 0xEA, 0xEA, 0xFF, 0xBE, 0x99,
    0xFD, 0x96, 0xDD, 0xEC, 0x2C, 0x19, 0xA4, 0x9E, 0x77, 0xCE, 0xDA, 0xD9, 0x4A, 0x7B, 0x8B, 0x81,
    0xD2, 0x7A, 0xAE, 0x90, 0x69, 0x7E, 0x08, 0xDA, 0x5B, 0x5C, 0x15, 0x22, 0x67, 0xEA, 0x6D, 0x6D,
    0x35, 0x37, 0xDE, 0x62, 0x08, 0x36, 0x2F, 0xB4, 0x84, 0xCF, 0x2A, 0x67, 0x62, 0x03, 0x12, 0x61,
    0x55, 0x21, 0xE3, 0xDD, 0x53, 0x61, 0x70, 0x1F, 0x83, 0xCE, 0xDB, 0xDB, 0x9C, 0x7D, 0x97, 0xC7,
    0x4F, 0xB4, 0xCD, 0x7D, 0xD0, 0xE7, 0xEA, 0xBD, 0xD1, 0x7D, 0x48, 0xAD, 0x37, 0x6F, 0xA0, 0x42,
    0xE6, 0xB7, 0xC7, 0x5B, 0x74, 0xCE, 0x1E, 0x0C, 0xEC, 0xF7, 0x53, 0x73, 0x89, 0xC0, 0x4E, 0x4B,
    0xA4, 0x66, 0xC7, 0xD2, 0xCE, 0x71, 0xC4, 0x83, 0x6F, 0xD8, 0xE9, 0x8E, 0xC1, 0x4C, 0x87, 0x0C,
    0x67, 0x58, 0x8A, 0xD7, 0xB5, 0x09, 0x6A, 0x23, 0x30, 0x51, 0xED, 0x52, 0xF0, 0xD3, 0x07, 0x3C,
    0xE2, 0x47, 0x7C, 0xBC, 0x23, 0x3A, 0x5B, 0xFB, 0xC0, 0x96, 0x66, 0xA7, 0x54, 0x64, 0xBB, 0x04,
    0x23, 0xBE, 0x04, 0x90, 0x4A, 0x7A, 0x6D, 0x70, 0x8B, 0xE6, 0x7C, 0x18, 0xE9, 0xD8, 0x95, 0xD7,
    0x26, 0xCE, 0x41, 0x63, 0xAE, 0xC2, 0x1C, 0x7E, 0xC1, 0xC3, 0xE4, 0x2D, 0x9E, 0xE8, 0x2D, 0xEA,
    0xAA, 0x32, 0x5D, 0x21, 0xA6, 0xAB, 0xC8, 0xF4, 0xB1, 0x4B, 0x54, 0x8D, 0x7D, 0x43, 0x36, 0xE7,
    0xC3, 0x88, 0x42, 0xB4, 0xE6, 0x0B, 0x6A, 0xA7, 0xDE, 0x06, 0x23, 0xDB, 0xF2, 0xA1, 0x04, 0x89,
    0xA6, 0x7C, 0x73, 0xD5, 0x92, 0x6F, 0xB6, 0x6F, 0xF0, 0xD6, 0x36, 0xE4, 0x4B, 0x5C, 0xDF, 0x8E,
    0x8F, 0x7B, 0x0F, 0x74, 0xCD, 0xF8, 0x88, 0xEA, 0x5B, 0xF1, 0xCD, 0x21, 0x91, 0x6F, 0x85, 0xE1,
    0xB6, 0x88, 0x7D, 0x1B, 0x3E, 0x27, 0x9B, 0xF0, 0xD5, 0xAA, 0x05, 0xDF, 0x4E, 0x36, 0xE0, 0x83,
    0xE4, 0x0A, 0x73, 0xD8, 0x9B, 0xC3, 0xFE, 0xB6, 0xF6, 0xC6, 0xF5, 0xB1, 0x3B, 0xC9, 0x65, 0xF8,
    0x37, 0xE4, 0xD3, 0x90, 0x8F, 0xE3, 0xE7, 0xDC, 0x54, 0x15, 0xE0, 0xD4, 0xAE, 0x7A, 0x6A, 0x57,
    0x7D, 0x39, 0xBB, 0x39, 0x79, 0xB2, 0x37, 0xEF, 0xC9, 0x8E, 0x6D, 0x37, 0xD4, 0x39, 0x6A, 0x66,
    0x24, 0x2D, 0xCA, 0x4C, 0x42, 0x2C, 0x37, 0x1E, 0x74, 0x61, 0xA4, 0x57, 0x89, 0x46, 0x68, 0xD2,
    0x07, 0x6B, 0xF3, 0x75, 0xA8, 0x8D, 0xAC, 0xE5, 0x86, 0xDE, 0xF6, 0x53, 0xB6, 0xD4, 0xDA, 0xA4,
    0xAD, 0xA6, 0xE9, 0x7A, 0x9B, 0xC4, 0x4D, 0xAB, 0x45, 0x99, 0x6F, 0x6E, 0x12, 0xF2, 0xE3, 0xF5,
    0xDD, 0x4D, 0x16, 0xFC, 0x83, 0xB2, 0xBD, 0x49, 0xE1, 0x54, 0x7F, 0x93, 0xB8, 0x72, 0xB2, 0xC1,
    0x09, 0x97, 0xCA, 0x88, 0x0E, 0x27, 0xF8, 0x2D, 0x27, 0x5B, 0x9C, 0xB0, 0xE3, 0x24, 0x7A, 0x9C,
    0xA0, 0xA1, 0x69, 0x12, 0xDD, 0xE4, 0x04, 0x0A, 0xDD, 0xE5, 0x04, 0x76, 0xB2, 0xCD, 0x09, 0x7C,
    0x8E, 0x74, 0xDF, 0xE7, 0x04, 0x87, 0x67, 0xBD, 0x35, 0x8D, 0x4E, 0x6C, 0xA7, 0x93, 0x41, 0x85,
    0xDA, 0xFA, 0xA2, 0x6C, 0xCF, 0x45, 0x5D, 0xB2, 0x47, 0xDE, 0x11, 0x76, 0xCC, 0x7A, 0x84, 0x17,
    0x4D, 0xC8, 0x9F, 0x2E, 0xA5, 0x07, 0xDF, 0x47, 0x35, 0x46, 0x5E, 0xEE, 0x15, 0x53, 0xD3, 0xFB,
    0xA8, 0x6E, 0xE0, 0x7D, 0x54, 0xAF, 0x67, 0x0B, 0x42, 0x96, 0x2C, 0x23, 0xB4, 0xB6, 0xCB, 0x2D,
    0x49, 0x80, 0x7C, 0x0B, 0xD2, 0xA2, 0xD6, 0x2F, 0xC2, 0x73, 0xE6, 0x45, 0x78, 0x1E, 0xDC, 0xFA,
    0x17, 0xE1, 0xB5, 0x86, 0xB8, 0x7B, 0x11, 0x1E, 0x6D, 0xF2, 0x45, 0x78, 0x2D, 0x6E, 0x76, 0x2F,
    0xC2, 0xF3, 0x12, 0xD7, 0xBF, 0x08, 0xCF, 0xD3, 0xFD, 0x8B, 0xF0, 0xF8, 0xFE, 0xC4, 0x8B, 0xF0,
    0x58, 0xF6, 0xC5, 0x8B, 0xF0, 0x02, 0xFA, 0x8F, 0x78, 0x11, 0x5E, 0x08, 0xF6, 0x45, 0x78, 0x4F,
    0x13, 0xF3, 0x22, 0xBC, 0xAD, 0x79, 0x11, 0x5E, 0xD1, 0xBE, 0x14, 0xC9, 0xDB, 0x96, 0x08, 0x8A,
    0xF6, 0xAD, 0x48, 0xFE, 0x45, 0x78, 0xB7, 0xDB, 0xAA, 0xD8, 0x63, 0x40, 0x73, 0x00, 0x88, 0x5E,
    0xB3, 0x17, 0xE1, 0x0D, 0xD7, 0xAA, 0x8D, 0x2C, 0x56, 0x1B, 0x59, 0xAD, 0x36, 0xB2, 0x5C, 0x6D,
    0x64, 0xBD, 0xDA, 0xE8, 0x82, 0xB5, 0x7E, 0xC5, 0x9A, 0x1B, 0x2E, 0x59, 0x73, 0xC3, 0x35, 0x6B,
    0xCE, 0x2E, 0x5A, 0xDB, 0x39, 0xBB, 0x6A, 0x0D, 0xE0, 0xEF, 0x6D, 0x31, 0xC0, 0xF3, 0x61, 0x15,
    0x34, 0x72, 0x3E, 0xB3, 0x0B, 0xD7, 0xC0, 0xD4, 0x3F, 0x33, 0xFF, 0x47, 0x96, 0xAE, 0x8D, 0xD5,
    0x67, 0x8E, 0x14, 0x67, 0x6A, 0x2F, 0xF6, 0xA7, 0x43, 0x37, 0x16, 0x06, 0x7E, 0x6C, 0xDB, 0x0D,
    0x5E, 0x39, 0xB2, 0x30, 0xF4, 0x64, 0xAF, 0x5A, 0x22, 0x70, 0xD8, 0x9B, 0x1D, 0x71, 0x55, 0xC7,
    0x6A, 0x2F, 0x47, 0x0A, 0x2F, 0x0F, 0x79, 0xB4, 0x93, 0x30, 0xBD, 0x10, 0x61, 0x5A, 0xE6, 0x83,
    0x98, 0x48, 0x74, 0x56, 0x19, 0x76, 0x5F, 0x19, 0xEB, 0xBF, 0x72, 0x33, 0x4D, 0x7D, 0x5E, 0xBE,
    0x30, 0x4D, 0xD1, 0xF4, 0xB5, 0xA2, 0xE9, 0x5E, 0x74, 0x86, 0x92, 0x33, 0x22, 0x38, 0x23, 0x72,
    0x73, 0x53, 0x62, 0xF3, 0xA2, 0xA2, 0xE9, 0xFF, 0x07, 0xED, 0x7D, 0x4F, 0xAC, 0xDC, 0xC6, 0x79,
    0xF8, 0x70, 0xA9, 0xB7, 0x5B, 0x88, 0xA8, 0xA9, 0x00, 0x56, 0xEA, 0x48, 0x41, 0x59, 0x14, 0x0D,
    0xD0, 0xB4, 0x8A, 0xE9, 0x83, 0x80, 0xCA, 0x85, 0xF4, 0xC8, 0x24, 0x2D, 0x72, 0xC8, 0x21, 0x0A,
    0x6A, 0xB9, 0xF8, 0x25, 0x07, 0x05, 0x68, 0x0E, 0x8E, 0xD2, 0x76, 0x55, 0xD4, 0x2D, 0x12, 0x40,
    0x32, 0x99, 0x18, 0x85, 0x0F, 0x3E, 0xF8, 0x15, 0xB0, 0xDB, 0x43, 0x0F, 0xF5, 0x41, 0x01, 0xA2,
    0xE7, 0x00, 0xD2, 0xA1, 0x05, 0x9C, 0x42, 0x36, 0x99, 0x9F, 0x0E, 0x39, 0xF8, 0x10, 0xBA, 0x3E,
    0x04, 0x68, 0x0E, 0x65, 0x63, 0x19, 0x81, 0x25, 0xB4, 0x62, 0x1A, 0xC6, 0xDD, 0xF7, 0x44, 0x72,
    0xFA, 0xFD, 0x99, 0x19, 0x0E, 0xB9, 0xFB, 0x9E, 0x9F, 0x65, 0xD9, 0x92, 0x0B, 0xEF, 0x7B, 0x4B,
    0xCE, 0xCC, 0xEE, 0x92, 0x33, 0xDF, 0x7C, 0xF3, 0xCD, 0xF7, 0x9F, 0x42, 0xEC, 0xF6, 0x72, 0xAB,
    0x51, 0x83, 0xD7, 0x8C, 0x1A, 0xFC, 0x71, 0x83, 0xB7, 0x18, 0x35, 0x4C, 0x4A, 0xF1, 0xAE, 0x5F,
    0x4B, 0x17, 0xCD, 0x64, 0xDA, 0xDF, 0xA0, 0x83, 0xB7, 0x94, 0xFD, 0x6D, 0x02, 0x99, 0x8B, 0x99,
    0x94, 0xB5, 0x69, 0x48, 0x64, 0x25, 0x7C, 0x99, 0x99, 0x8B, 0x38, 0x52, 0x2E, 0xA0, 0xE7, 0x7D,
    0xDF, 0x5D, 0x29, 0x1B, 0x11, 0xD4, 0xFD, 0xE8, 0xBC, 0xCE, 0xEB, 0x44, 0x50, 0x41, 0xC3, 0xFE,
    0x98, 0xC7, 0xB9, 0x70, 0x25, 0x1C, 0xE0, 0x27, 0x3E, 0x5C, 0xF7, 0x01, 0x21, 0xC2, 0x85, 0x23,
    0x53, 0xBF, 0x09, 0x17, 0xF0, 0x3B, 0xA8, 0x15, 0x22, 0x6A, 0x85, 0x2C, 0xE0, 0xB6, 0x95, 0x08,
    0x01, 0x6A, 0x91, 0xDC, 0x94, 0xF2, 0x5B, 0xB2, 0xFB, 0x07, 0x29, 0xB7, 0x9F, 0x8D, 0x4A, 0x6C,
    0xE8, 0x5F, 0x2D, 0x36, 0x24, 0x50, 0xC8, 0x54, 0x43, 0x87, 0x0D, 0x1E, 0x7C, 0x10, 0xD8, 0x0D,
    0x02, 0xC6, 0xE0, 0xCA, 0x32, 0x93, 0xD7, 0x0E, 0xC9, 0x26, 0xC2, 0xA9, 0x48, 0x0A, 0x21, 0x0E,
    0x71, 0x87, 0x44, 0x84, 0x9D, 0x85, 0x91, 0x9A, 0x57, 0x28, 0x37, 0xC4, 0x61, 0xBB, 0xC1, 0xA7,
    0x4B, 0xC5, 0x7D, 0xC3, 0x8C, 0x2E, 0x6D, 0x81, 0xD1, 0xC1, 0x86, 0xDA, 0x06, 0x2C, 0x74, 0xA0,
    0x8B, 0x07, 0xA0, 0x3E, 0xB3, 0x79, 0xF2, 0x5D, 0xCF, 0xDF, 0x39, 0x2F, 0x1D, 0x36, 0xC8, 0x60,
    0x88, 0x15, 0x8E, 0x0C, 0xAB, 0xDD, 0xBF, 0x21, 0x1E, 0x9B, 0xA6, 0x2B, 0xAE, 0xBC, 0xF6, 0xC8,
    0x18, 0x31, 0x8A, 0x41, 0x3D, 0x19, 0x8C, 0x97, 0xA6, 0x01, 0xAE, 0x7B, 0xBF, 0x5D, 0xEF, 0x36,
    0x44, 0x68, 0xEE, 0x75, 0xF0, 0x60, 0x06, 0x00, 0x89, 0x4A, 0x1B, 0x68, 0x50, 0x2F, 0x34, 0x1E,
    0x20, 0xAA, 0x2D, 0x70, 0x1E, 0x14, 0x1A, 0x20, 0xC4, 0x16, 0x22, 0x2B, 0x34, 0x16, 0x88, 0xA9,
    0x04, 0xD4, 0xEC, 0x91, 0xE0, 0x05, 0x00, 0xF0, 0xF6, 0x0B, 0xB2, 0xBB, 0xD0, 0xE3, 0x40, 0x66,
    0x26, 0x38, 0x21, 0xF0, 0x87, 0xD4, 0xAA, 0x30, 0x00, 0xE6, 0x0B, 0x8E, 0x3F, 0xE7, 0x3A, 0x20,
    0x00, 0xCC, 0xA9, 0x03, 0xC8, 0x3E, 0xEF, 0xE7, 0x5F, 0xAC, 0x9E, 0xFE, 0xF1, 0xEC, 0x0F, 0x26,
    0xFF, 0xC1, 0xD1, 0xDC, 0x67, 0xF1, 0x70, 0xEA, 0x71, 0x35, 0xD9, 0x33, 0x9F, 0xC5, 0xC3, 0x89,
    0xFF, 0xE4, 0x9D, 0x98, 0xF4, 0xD1, 0x8C, 0x2E, 0x4D, 0xF9, 0x78, 0xC6, 0x57, 0x4F, 0x38, 0xBD,
    0x7E, 0x65, 0x58, 0x7D, 0x79, 0x48, 0x2C, 0xE4, 0x8E, 0xA4, 0x82, 0x40, 0x1C, 0x0F, 0xD0, 0xC3,
    0xC6, 0xFE, 0xC9, 0xF0, 0xC3, 0xD9, 0x70, 0x69, 0x78, 0x83, 0x0F, 0xA1, 0x4A, 0xD7, 0x9D, 0xE3,
    0x11, 0x7A, 0xEE, 0x12, 0x01, 0x72, 0xF1, 0x27, 0x8E, 0x6C, 0x61, 0x34, 0x0B, 0x9A, 0x84, 0x96,
    0x20, 0x0F, 0xD3, 0xD5, 0x31, 0xB2, 0xD1, 0xC4, 0xE4, 0x70, 0x80, 0x9F, 0x65, 0xB7, 0xE0, 0x08,
    0x6D, 0x05, 0xDC, 0x18, 0x26, 0x4E, 0xFE, 0x00, 0x8E, 0x49, 0x99, 0x01, 0x54, 0xE0, 0x3D, 0x91,
    0x88, 0x55, 0x32, 0x8F, 0xE0, 0x82, 0x30, 0xF7, 0x33, 0x09, 0x47, 0xA0, 0x38, 0x01, 0x4C, 0x7B,
    0x58, 0xE3, 0xEF, 0xA3, 0x06, 0x6E, 0xE9, 0x77, 0x48, 0x89, 0x70, 0x18, 0x91, 0xBC, 0x24, 0xB7,
    0x02, 0x79, 0x7D, 0x13, 0xD1, 0xD1, 0xA2, 0x35, 0x80, 0x8A, 0xF2, 0x26, 0x9E, 0x6F, 0x71, 0xB5,
    0x14, 0xF2, 0x49, 0x3C, 0xFF, 0x07, 0x57, 0x53, 0xD1, 0x89, 0xAC, 0x09, 0x64, 0x1C, 0x4A, 0x4F,
    0x52, 0x9F, 0xC5, 0x74, 0x03, 0x67, 0xE7, 0xC2, 0x32, 0xD4, 0x9D, 0xEF, 0x8C, 0x96, 0x96, 0xC2,
    0xB6, 0x53, 0x31, 0xC3, 0x2E, 0x25, 0x68, 0xCC, 0x08, 0xCB, 0x08, 0xCE, 0x08, 0x0D, 0x97, 0x16,
    0x5C, 0x80, 0x55, 0x84, 0x86, 0x4B, 0x48, 0x18, 0xB6, 0x0E, 0x43, 0x03, 0xAA, 0x72, 0x4B, 0x10,
    0x6E, 0x23, 0x34, 0x9C, 0x2F, 0x7E, 0x19, 0x2E, 0x43, 0x55, 0x82, 0x06, 0xDE, 0x84, 0xAA, 0x0C,
    0x0D, 0x22, 0xED, 0x30, 0xFA, 0xFB, 0x09, 0x1A, 0x44, 0xBE, 0x72, 0xBF, 0x9D, 0x34, 0x04, 0x0D,
    0xB8, 0x39, 0xF4, 0x1F, 0x80, 0xDD, 0x10, 0x34, 0x36, 0x11, 0x08, 0xB8, 0xFC, 0x3A, 0x0D, 0x0D,
    0x06, 0x40, 0xC7, 0xD0, 0x90, 0xF2, 0xDB, 0x74, 0xBC, 0xC6, 0xD0, 0x80, 0x8E, 0xE2, 0xD7, 0x5A,
    0x05, 0x8D, 0x2D, 0x1A, 0xC0, 0x56, 0xAC, 0xA1, 0xF1, 0x8E, 0x5E, 0xEB, 0x23, 0x42, 0x36, 0x24,
    0xA7, 0x32, 0xDD, 0xED, 0xD3, 0x9D, 0x16, 0xDA, 0x29, 0x1B, 0xD5, 0xD4, 0x7A, 0x2F, 0x6D, 0x74,
    0x63, 0x62, 0xDE, 0xD8, 0x28, 0xC7, 0x44, 0xA0, 0xB3, 0xD1, 0xEE, 0xBE, 0x98, 0x68, 0x90, 0x8D,
    0x7A, 0x01, 0xE0, 0x47, 0x37, 0x43, 0x9A, 0x65, 0xD0, 0x2F, 0xAC, 0x10, 0x99, 0x65, 0x6A, 0xA1,
    0x60, 0x54, 0xFA, 0xD0, 0x53, 0x99, 0x5A, 0x68, 0x18, 0x95, 0x08, 0x73, 0xD8, 0x03, 0x7B, 0x54,
    0xCC, 0x2A, 0xF8, 0xB5, 0x2B, 0xE3, 0x1E, 0x1D, 0x6F, 0x00, 0xBC, 0x8B, 0xB5, 0x4C, 0x0E, 0x51,
    0x92, 0xF6, 0xC0, 0x21, 0x5A, 0xE2, 0x6B, 0x61, 0xA3, 0xE6, 0x82, 0x88, 0x63, 0x61, 0xA3, 0x67,
    0xE1, 0x11, 0xB6, 0x0C, 0x51, 0xF4, 0xE0, 0xE6, 0x77, 0xDE, 0x6E, 0x42, 0x96, 0xB8, 0x18, 0xB5,
    0xA3, 0xAF, 0x6C, 0x6D, 0xF6, 0xFE, 0xDD, 0x3B, 0xC1, 0xD9, 0x88, 0x3D, 0xEC, 0x69, 0x4B, 0x3B,
    0x9B, 0x85, 0x93, 0xD6, 0xFE, 0x66, 0x91, 0xD3, 0xA8, 0x67, 0x87, 0x82, 0x6A, 0xB4, 0xD7, 0xAD,
    0xC7, 0xA2, 0xB3, 0x5B, 0xF5, 0x8E, 0xE7, 0x48, 0xBB, 0x55, 0xEF, 0x7B, 0x80, 0x03, 0xB8, 0xD3,
    0x0D, 0x77, 0xBF, 0x1C, 0x5B, 0x01, 0x24, 0x83, 0x3D, 0x50, 0xE6, 0xC0, 0x21, 0x21, 0x79, 0xB2,
    0x77, 0x42, 0x07, 0x27, 0x4D, 0x84, 0x9D, 0x18, 0xED, 0x87, 0xDB, 0x99, 0xBC, 0x2E, 0xE5, 0x9B,
    0x62, 0xB4, 0x2B, 0x2A, 0x9A, 0x34, 0xDE, 0x1B, 0xE1, 0x05, 0xC4, 0x66, 0xB0, 0x43, 0xBE, 0x25,
    0xE5, 0x8F, 0x64, 0x1B, 0x72, 0x6B, 0xBF, 0x4F, 0x66, 0xDD, 0x44, 0x96, 0x33, 0x19, 0x8F, 0x77,
    0xCB, 0x1D, 0x58, 0xA6, 0xD5, 0x7C, 0xD3, 0x6A, 0xE6, 0x69, 0x35, 0x07, 0xB5, 0x03, 0x1B, 0xB5,
    0x03, 0x2F, 0x75, 0xC7, 0x18, 0xAA, 0x3D, 0x31, 0x59, 0xAB, 0xF9, 0xA8, 0xD5, 0xEC, 0xD6, 0xCE,
    0xDF, 0xDD, 0x6D, 0x1F, 0x5E, 0xFD, 0x0A, 0x46, 0xDF, 0x8F, 0x46, 0xF3, 0x10, 0x95, 0xBB, 0x7F,
    0xDE, 0x8F, 0xE3, 0x43, 0xEE, 0xEE, 0x6D, 0xB8, 0xBB, 0x59, 0x31, 0xC4, 0x4B, 0xBF, 0x1A, 0x62,
    0xA4, 0x5F, 0x0F, 0x71, 0xD1, 0xAF, 0x86, 0x58, 0x38, 0xD9, 0xB8, 0x53, 0xD8, 0xF6, 0xEE, 0xB9,
    0xBB, 0x7D, 0x3D, 0x02, 0x94, 0x22, 0xE2, 0xAB, 0x5C, 0x11, 0xE2, 0xBE, 0xB3, 0xE2, 0x2F, 0xB9,
    0x15, 0xFA, 0x3A, 0xA3, 0x4F, 0x66, 0x0C, 0x88, 0x30, 0x75, 0x1A, 0x53, 0xB9, 0xFF, 0x63, 0x22,
    0x16, 0x07, 0x54, 0x85, 0x7E, 0x5E, 0x2B, 0xE0, 0x4C, 0x70, 0x2F, 0x6C, 0x55, 0x25, 0x90, 0xC2,
    0x89, 0xA3, 0xCF, 0x61, 0xE5, 0x8A, 0x48, 0x32, 0x20, 0x79, 0xFE, 0x8F, 0xB1, 0x72, 0x5E, 0x5C,
    0x09, 0x45, 0xD2, 0xB8, 0xB7, 0x8A, 0xFD, 0xA2, 0x5C, 0x17, 0x4D, 0x28, 0xDA, 0x97, 0x80, 0x78,
    0x05, 0x4E, 0xB5, 0x7E, 0xBF, 0xCC, 0x9C, 0x7A, 0x5D, 0x64, 0x65, 0x38, 0xA9, 0xA2, 0x73, 0x89,
    0x7C, 0x6A, 0xEB, 0xFC, 0xA3, 0xB2, 0x4E, 0x9E, 0xAA, 0x9F, 0x38, 0x8F, 0x53, 0xDA, 0xF2, 0x16,
    0xD6, 0x9E, 0x87, 0x49, 0xB8, 0x54, 0xCB, 0x57, 0x91, 0x58, 0xD5, 0x27, 0x84, 0x78, 0x04, 0xFF,
    0xD7, 0xE6, 0x8F, 0xAC, 0xC5, 0x27, 0xCC, 0xC2, 0x80, 0xDB, 0x59, 0x95, 0xAC, 0x5A, 0x17, 0x13,
    0x80, 0x12, 0xCC, 0x4B, 0xF0, 0xE9, 0xEE, 0x24, 0x57, 0xEA, 0x49, 0x19, 0x7C, 0xBA, 0x42, 0x26,
    0x02, 0x78, 0xF4, 0xCA, 0xD5, 0x15, 0x18, 0x46, 0x35, 0x2B, 0x83, 0xB4, 0xFD, 0xD3, 0xE8, 0xB9,
    0x53, 0xA7, 0x9E, 0xFB, 0x72, 0x37, 0xDF, 0xCA, 0xDE, 0xC8, 0xDA, 0xD0, 0xDA, 0x51, 0x17, 0x84,
    0x60, 0x32, 0x68, 0xC3, 0x5F, 0xAE, 0xA4, 0x3B, 0xA3, 0xD7, 0x89, 0x17, 0x77, 0xAA, 0xEC, 0x3B,
    0xD0, 0x6F, 0x45, 0x23, 0x52, 0x15, 0xD4, 0x77, 0xB6, 0x3E, 0xDE, 0x58, 0x6F, 0xB7, 0x7E, 0x6A,
    0x58, 0x3F, 0xAC, 0xA9, 0xB1, 0xAA, 0x67, 0x9A, 0x4E, 0xF0, 0xF6, 0x3E, 0x33, 0x94, 0x1D, 0xEA,
    0x80, 0x56, 0x08, 0xC5, 0x5C, 0xD7, 0xE1, 0x27, 0x59, 0xF7, 0x19, 0xAB, 0x5E, 0x4F, 0x90, 0x3B,
    0x2C, 0x74, 0x3D, 0xA8, 0x91, 0x5B, 0x4A, 0x4C, 0x3D, 0xAC, 0x90, 0x09, 0xCF, 0xD4, 0xF7, 0x3B,
    0x11, 0xD5, 0xD1, 0x02, 0xD0, 0x1F, 0xEB, 0x07, 0xBF, 0x84, 0xDB, 0x5C, 0x97, 0x55, 0xCE, 0x1C,
    0x7E, 0xE2, 0x5C, 0xB2, 0xF9, 0x1F, 0x21, 0xEC, 0xB9, 0x03, 0xCE, 0x6D, 0x42, 0xE7, 0xB9, 0x6C,
    0x23, 0x66, 0xD3, 0x69, 0x89, 0x2F, 0x66, 0xB2, 0x9C, 0x4A, 0xC5, 0xC5, 0x6D, 0x2B, 0x6A, 0xB8,
    0x46, 0x2C, 0x4F, 0xD6, 0x8E, 0x88, 0xF7, 0x88, 0x8A, 0x8E, 0x77, 0x34, 0x79, 0x0D, 0xD6, 0x93,
    0x5D, 0x97, 0xC0, 0xA2, 0x0D, 0x68, 0xA9, 0x94, 0x72, 0xB0, 0x2D, 0x0E, 0xEB, 0x93, 0x51, 0x5D,
    0x1C, 0x92, 0xF2, 0xC2, 0x2A, 0xAE, 0x28, 0x7D, 0xAC, 0x9F, 0x9E, 0x4A, 0x1A, 0x3C, 0xF2, 0x7F,
    0x29, 0x0D, 0x0E, 0xF8, 0x3F, 0xEF, 0xCB, 0xB3, 0xE2, 0xDC, 0x32, 0x6E, 0x8C, 0xCB, 0x6B, 0xD6,
    0xFC, 0x66, 0x95, 0x29, 0xCF, 0x14, 0xEB, 0x8B, 0x65, 0x5F, 0xF7, 0x0E, 0xCA, 0x91, 0x54, 0x6C,
    0x36, 0x96, 0x7F, 0xA9, 0xE7, 0x12, 0x26, 0x36, 0xCF, 0x4C, 0x19, 0xD8, 0x0C, 0x33, 0x87, 0x8A,
    0x8D, 0xE0, 0xF2, 0xB6, 0x34, 0xE5, 0x4C, 0xF6, 0xE5, 0xC4, 0x2A, 0x87, 0x56, 0x79, 0xDA, 0x29,
    0xC8, 0x23, 0x1A, 0x08, 0x33, 0xEF, 0x6F, 0x3E, 0x7A, 0x69, 0x30, 0xE7, 0xD6, 0x7C, 0xF7, 0x73,
    0x6D, 0xCF, 0x33, 0x72, 0xB6, 0xFD, 0x1C, 0x0F, 0xE7, 0xD7, 0x9E, 0x5B, 0x7B, 0x5E, 0xED, 0x39,
    0xB5, 0xE7, 0xD3, 0x9E, 0x4B, 0x7B, 0x1E, 0x07, 0x73, 0x38, 0x9E, 0xBF, 0x30, 0xDE, 0x43, 0x39,
    0x5D, 0xBD, 0xCD, 0x0F, 0xB6, 0xFC, 0x35, 0x6B, 0x1B, 0x38, 0xDD, 0x97, 0x3F, 0xF7, 0x4C, 0xCF,
    0x91, 0xFF, 0xD0, 0x2A, 0xBF, 0xD2, 0x63, 0x95, 0x2B, 0xFB, 0x41, 0x3B, 0x50, 0x3C, 0x18, 0x2B,
    0x02, 0x74, 0x00, 0xB9, 0x86, 0x7E, 0xF1, 0x9B, 0x32, 0x6C, 0x32, 0xA6, 0x1C, 0xD4, 0xAA, 0xBC,
    0xFF, 0xBB, 0x7D, 0x99, 0x16, 0xEC, 0xB0, 0x5C, 0x11, 0x12, 0xF5, 0xE5, 0x40, 0xEA, 0x32, 0x4E,
    0xB8, 0x29, 0x93, 0x4E, 0x10, 0xF1, 0x07, 0xCA, 0xBE, 0x55, 0x0E, 0xBA, 0x19, 0x95, 0x61, 0xDD,
    0x37, 0x51, 0x3D, 0x6B, 0xB9, 0xEC, 0x35, 0x51, 0xB9, 0x43, 0x79, 0xCB, 0x6B, 0x99, 0x4E, 0x40,
    0x19, 0x57, 0xB2, 0x2A, 0xA3, 0xAA, 0x4F, 0x04, 0x2D, 0x5C, 0xD3, 0x6B, 0x90, 0x72, 0x5F, 0xCF,
    0xE4, 0x73, 0x19, 0x94, 0x1D, 0x8D, 0x26, 0xA5, 0xD7, 0x88, 0xB5, 0xE7, 0xB8, 0x9C, 0x93, 0x6A,
    0x12, 0xA6, 0x15, 0xAE, 0x10, 0xCF, 0x1A, 0x12, 0xB0, 0x81, 0x0E, 0xC1, 0x0A, 0x68, 0x76, 0x20,
    0xEF, 0x43, 0x01, 0x7E, 0x48, 0x37, 0x87, 0x54, 0x38, 0x1C, 0x52, 0xE8, 0xC1, 0xCE, 0xE1, 0xDF,
    0xB0, 0x6B, 0x87, 0x07, 0xEB, 0x3F, 0xDC, 0xB2, 0x6B, 0xBF, 0x1E, 0xAF, 0xC6, 0x00, 0xC4, 0xE4,
    0xA1, 0xDA, 0xE4, 0xB3, 0x9D, 0xCD, 0xD0, 0x5D, 0xED, 0x6C, 0xE6, 0xFA, 0xC9, 0xCE, 0xE2, 0xDD,
    0x6A, 0xB7, 0xB3, 0x38, 0xEC, 0xB8, 0xAF, 0x91, 0x5E, 0xA1, 0xEB, 0x7F, 0x16, 0x0F, 0x6A, 0x39,
    0x7C, 0xDE, 0x7F, 0xB3, 0xE2, 0x1A, 0xF7, 0x08, 0x66, 0x91, 0x6A, 0x09, 0x35, 0x84, 0x92, 0x6A,
    0xF8, 0x06, 0xBE, 0xC8, 0x93, 0x29, 0x96, 0x26, 0xB0, 0x6A, 0x03, 0x54, 0xBF, 0x14, 0xF4, 0x4D,
    0xB8, 0x5A, 0x48, 0x0A, 0x19, 0xE2, 0x22, 0x60, 0x1D, 0x22, 0xA7, 0x16, 0xD5, 0x54, 0x4B, 0x4A,
    0xAA, 0x05, 0x0B, 0xAA, 0x41, 0x31, 0x03, 0xB8, 0x06, 0x0D, 0xD7, 0x3A, 0xE0, 0x0D, 0x37, 0x37,
    0x33, 0xF5, 0x99, 0x9A, 0x52, 0xF5, 0x3B, 0xAD, 0x99, 0xE1, 0x6B, 0xC2, 0xEA, 0x27, 0xA9, 0x07,
    0x6B, 0x8E, 0x7C, 0x45, 0x16, 0x21, 0x8A, 0xC2, 0x58, 0x9B, 0x0D, 0xE4, 0x8F, 0x70, 0x48, 0x8D,
    0x9B, 0xC1, 0x47, 0x95, 0x35, 0x73, 0x11, 0x92, 0x88, 0x48, 0x93, 0x89, 0x00, 0x97, 0x54, 0xA2,
    0x6B, 0x3E, 0xD2, 0x2D, 0xF3, 0x19, 0x41, 0xE5, 0xD0, 0x1E, 0xB8, 0xBD, 0x3F, 0x5F, 0x6E, 0x9A,
    0x77, 0x2B, 0xC4, 0x8A, 0x6B, 0xCB, 0x6D, 0x16, 0xE6, 0x19, 0x6E, 0xD4, 0x42, 0x90, 0x48, 0x8F,
    0xC3, 0xE9, 0x49, 0xC2, 0x71, 0xCD, 0x24, 0xFD, 0xD1, 0x2B, 0xB1, 0x1E, 0x97, 0x6E, 0x73, 0x5E,
    0x87, 0xB6, 0xC3, 0x0C, 0x98, 0xE8, 0x8A, 0x02, 0xC6, 0xEB, 0x50, 0xCF, 0xB6, 0x06, 0xF7, 0x70,
    0x70, 0xCF, 0x7C, 0x89, 0xC5, 0xE5, 0x4C, 0x93, 0x4F, 0x0B, 0xD7, 0x4C, 0xB1, 0x67, 0x76, 0x26,
    0x3B, 0x32, 0x4D, 0x67, 0x57, 0x28, 0x15, 0x56, 0x2C, 0x3C, 0xBF, 0x5B, 0x96, 0x5B, 0x48, 0x1B,
    0x39, 0x5D, 0xE0, 0xAC, 0xD3, 0x96, 0x11, 0x92, 0xDA, 0x26, 0xC5, 0x59, 0x42, 0x65, 0x4C, 0x27,
    0xB4, 0x02, 0x87, 0x54, 0x80, 0x88, 0x60, 0xB4, 0xB7, 0xCC, 0x88, 0x43, 0xC9, 0x50, 0xAF, 0x08,
    0x73, 0x1B, 0x91, 0xA8, 0x40, 0x2A, 0x1C, 0xC4, 0x33, 0x0F, 0x6D, 0x19, 0x28, 0xCB, 0x2C, 0xD4,
    0x4E, 0x84, 0x1A, 0xC1, 0x06, 0x65, 0x6F, 0x81, 0x34, 0x21, 0xA9, 0x92, 0x4A, 0x28, 0xF2, 0xC3,
    0xD7, 0x87, 0x5D, 0xAD, 0x08, 0x6B, 0xA2, 0x80, 0x51, 0x45, 0x78, 0x0D, 0x44, 0x0F, 0x78, 0x14,
    0xBF, 0xDE, 0x27, 0x82, 0x4E, 0xC8, 0x05, 0x2A, 0x20, 0x51, 0xB6, 0x71, 0x65, 0x1E, 0xD4, 0xE1,
    0xA6, 0x94, 0x37, 0xA4, 0xFC, 0x2C, 0x8A, 0x36, 0x20, 0xDF, 0x5C, 0x42, 0x0E, 0xC6, 0x36, 0x5F,
    0x28, 0x59, 0xBD, 0x4A, 0x58, 0x9F, 0xC6, 0xCC, 0x27, 0xEF, 0x6E, 0x05, 0x7C, 0x74, 0x53, 0x36,
    0xFC, 0x6D, 0x94, 0x75, 0x7E, 0x06, 0xA7, 0xC3, 0x72, 0x0B, 0xD8, 0x18, 0x4F, 0xFE, 0x00, 0x07,
    0x01, 0x4B, 0x3E, 0x9E, 0x1B, 0x9C, 0xF8, 0xDA, 0x0E, 0xC4, 0xEB, 0xD4, 0x2A, 0xC6, 0x42, 0xDE,
    0xCD, 0x46, 0x47, 0xC6, 0x7B, 0x69, 0x9C, 0x5E, 0x58, 0x6E, 0x74, 0x48, 0x11, 0x12, 0xF7, 0x0C,
    0x35, 0x6C, 0x0E, 0x38, 0x99, 0x95, 0x6A, 0x74, 0x68, 0x4F, 0xCE, 0x24, 0xD1, 0x89, 0x5A, 0x35,
    0x06, 0x88, 0x0B, 0x33, 0x9C, 0x71, 0xB9, 0x95, 0x2C, 0x54, 0x63, 0x46, 0xE6, 0x25, 0xFC, 0x44,
    0xA6, 0xC4, 0xC2, 0x88, 0x2D, 0x52, 0xA1, 0xA2, 0xCA, 0x17, 0xD8, 0x22, 0x59, 0x02, 0xF6, 0xA3,
    0x80, 0x1A, 0xFB, 0xF2, 0x5A, 0x02, 0x84, 0xA8, 0x06, 0x4A, 0x96, 0x2C, 0x50, 0xC5, 0x07, 0x1D,
    0x40, 0x1D, 0xB4, 0xDF, 0x00, 0x7D, 0x44, 0xCC, 0xE8, 0x92, 0x4A, 0x69, 0xF8, 0x16, 0xC2, 0x83,
    0xFD, 0xAD, 0x80, 0x8D, 0xC4, 0xA3, 0x0B, 0xE7, 0xAE, 0x04, 0xE2, 0x87, 0xF8, 0x84, 0xD6, 0x27,
    0xD2, 0xEB, 0x3A, 0x68, 0xD8, 0x42, 0x62, 0x14, 0x2E, 0x00, 0x63, 0x3F, 0x27, 0xAF, 0x03, 0x57,
    0x73, 0xFD, 0x05, 0xC4, 0x8C, 0x9B, 0x9D, 0xF8, 0x28, 0x2A, 0xFB, 0x96, 0x5F, 0x65, 0xF2, 0xFA,
    0x72, 0x63, 0x9E, 0x14, 0x88, 0x1F, 0x72, 0x0B, 0xCA, 0xBF, 0x90, 0xF2, 0x2A, 0x2B, 0x02, 0x93,
    0x3C, 0x90, 0x4F, 0x81, 0xC8, 0x82, 0x08, 0x98, 0x75, 0x44, 0x1E, 0x0B, 0x68, 0x74, 0xBE, 0x6B,
    0xC3, 0xF0, 0x4B, 0x28, 0xAF, 0x26, 0xF9, 0x8A, 0x99, 0x59, 0x52, 0xF3, 0xEC, 0xD8, 0x18, 0xAD,
    0x52, 0x6F, 0x44, 0xD5, 0x5E, 0x1B, 0x57, 0xEA, 0x4C, 0x82, 0x7A, 0xAF, 0xFA, 0xC2, 0x95, 0xAA,
    0x45, 0x6F, 0x55, 0xE3, 0xEC, 0x1D, 0x49, 0xE5, 0x6B, 0x2B, 0xD5, 0x49, 0x2B, 0xFB, 0xF5, 0x8E,
    0x5A, 0xFD, 0x77, 0xD2, 0xBA, 0xB8, 0xA3, 0xAD, 0xBF, 0xB5, 0xAA, 0xB5, 0x37, 0x02, 0x63, 0xEB,
    0x23, 0x4B, 0x50, 0x85, 0x56, 0x63, 0xA2, 0xF1, 0x5B, 0x6D, 0x24, 0x42, 0x92, 0xA7, 0xD9, 0x67,
    0x24, 0xFA, 0x2F, 0x1B, 0x3E, 0x1F, 0x59, 0x83, 0x6B, 0x22, 0x28, 0x81, 0x77, 0x50, 0x0C, 0x83,
    0x0F, 0x4B, 0x86, 0x79, 0x2A, 0x54, 0x81, 0xA3, 0x26, 0x9B, 0x5B, 0x5D, 0x79, 0xA9, 0xC1, 0x99,
    0x8A, 0x4A, 0x58, 0x30, 0x40, 0x36, 0x51, 0x5B, 0x04, 0x2B, 0xA9, 0x65, 0xC6, 0x8E, 0x5A, 0x05,
    0x12, 0x53, 0x9C, 0x4E, 0xAF, 0x71, 0x89, 0xC5, 0x4B, 0x50, 0x75, 0x0A, 0x62, 0x63, 0xA0, 0x5B,
    0xA5, 0x08, 0xE1, 0xA6, 0x25, 0xDE, 0x2A, 0x29, 0x10, 0x95, 0xFC, 0xC6, 0xEB, 0xFE, 0x18, 0xCD,
    0xC4, 0x2F, 0xC8, 0x0E, 0x39, 0xF7, 0xA8, 0x40, 0xFC, 0xF4, 0x1B, 0xCF, 0x56, 0x92, 0xC3, 0x77,
    0xA9, 0x75, 0xE1, 0xDA, 0xB2, 0x22, 0x08, 0x32, 0xDC, 0xCA, 0x82, 0x44, 0x24, 0x1B, 0x1C, 0x8D,
    0x12, 0x63, 0xE0, 0x8E, 0x73, 0x56, 0x07, 0x94, 0x21, 0x8C, 0x60, 0xC2, 0x16, 0x14, 0x7C, 0x87,
    0x8D, 0xBD, 0x2D, 0x45, 0x0B, 0x62, 0x61, 0x9C, 0xCC, 0x32, 0x94, 0x77, 0x40, 0x5D, 0x62, 0xD8,
    0x0C, 0x40, 0x60, 0xAD, 0x7A, 0x8E, 0xAA, 0x61, 0x21, 0x25, 0x0D, 0x64, 0x2F, 0x7C, 0x44, 0xB2,
    0x62, 0xAD, 0x53, 0x2F, 0x78, 0x51, 0x6B, 0x4A, 0xBA, 0x27, 0x14, 0xC7, 0xFA, 0xA9, 0x0B, 0x5B,
    0x96, 0x43, 0x8A, 0x81, 0x0D, 0xCD, 0xA7, 0x59, 0x39, 0x03, 0x7C, 0xEA, 0xF4, 0xE4, 0x2A, 0x2D,
    0xD0, 0xF2, 0x36, 0xE0, 0xCA, 0xDB, 0xAD, 0xEF, 0xFF, 0xEE, 0xB0, 0xCE, 0x58, 0x33, 0xAE, 0xF7,
    0x84, 0x3F, 0xEB, 0xEB, 0x5F, 0x8B, 0x69, 0xB7, 0xD4, 0xF5, 0x00, 0x01, 0x93, 0xF5, 0xF5, 0x4C,
    0x96, 0xEC, 0x3E, 0xC0, 0xF5, 0x89, 0x12, 0xE9, 0x74, 0xDD, 0x25, 0x1B, 0x4B, 0x87, 0xCB, 0xFC,
    0x24, 0xD6, 0x01, 0x00, 0xB0, 0xED, 0xA3, 0xD8, 0x20, 0x10, 0xD0, 0x31, 0x22, 0xAA, 0x20, 0x71,
    0x01, 0xEA, 0x40, 0xE5, 0xA9, 0x23, 0x54, 0x77, 0x10, 0xD5, 0x62, 0xA2, 0x0F, 0x24, 0x42, 0x10,
    0xEA, 0xC5, 0xF0, 0xC1, 0x1A, 0xA9, 0x35, 0xB1, 0xF3, 0x0E, 0x6E, 0xD8, 0x71, 0x26, 0x02, 0x9E,
    0x86, 0x14, 0x27, 0x0E, 0x8B, 0x4A, 0x9C, 0x00, 0xFA, 0xBC, 0xBD, 0x29, 0x89, 0x7E, 0x0F, 0xA9,
    0xB0, 0x11, 0x2B, 0x34, 0x92, 0x11, 0x4F, 0xFA, 0x14, 0xED, 0xD6, 0x4A, 0x33, 0xE2, 0x81, 0x38,
    0x0A, 0x3B, 0x75, 0x26, 0xBB, 0xDB, 0x55, 0x56, 0x9F, 0x9F, 0xE5, 0x23, 0x05, 0x60, 0x35, 0xDC,
    0x14, 0x4F, 0x8F, 0x14, 0x84, 0xFE, 0xB0, 0xFE, 0xDB, 0x63, 0x05, 0xE1, 0xC1, 0x93, 0x7B, 0x26,
    0xE9, 0xE5, 0x9D, 0x27, 0xFE, 0x77, 0xAA, 0xF1, 0xE4, 0x8A, 0x46, 0xB3, 0xB1, 0x20, 0x1A, 0xE8,
    0x0A, 0x1A, 0x7E, 0x1F, 0x11, 0x8A, 0x31, 0xD0, 0x8D, 0x01, 0xEA, 0x3C, 0x52, 0xC1, 0x8C, 0x81,
    0x6E, 0x24, 0x85, 0x44, 0xA9, 0x56, 0x18, 0x34, 0x7A, 0x1B, 0x22, 0x4A, 0x49, 0x63, 0x81, 0x82,
    0xAE, 0x24, 0x8B, 0x1E, 0x52, 0xC7, 0x24, 0x07, 0x34, 0x62, 0xF5, 0x03, 0x32, 0x06, 0xD8, 0x58,
    0x43, 0xE3, 0xAC, 0x9D, 0xE0, 0x3E, 0xAE, 0x18, 0x83, 0x1A, 0xA5, 0x9F, 0x2C, 0x77, 0x5B, 0x57,
    0xA2, 0xC7, 0x0B, 0x31, 0x06, 0xD0, 0x08, 0x5F, 0x96, 0xD8, 0xD8, 0xA2, 0x91, 0x87, 0x18, 0x03,
    0x60, 0xDC, 0x13, 0x90, 0x67, 0xE0, 0x9A, 0x78, 0x01, 0xC1, 0x8C, 0x01, 0xC8, 0x3C, 0xB2, 0x43,
    0xF3, 0x0E, 0xF0, 0x19, 0x7F, 0x2F, 0xE3, 0x11, 0x63, 0x80, 0x32, 0xB5, 0x14, 0x23, 0xC6, 0xA0,
    0xE2, 0x46, 0x62, 0x0C, 0xBA, 0x44, 0xB6, 0x19, 0x72, 0x06, 0x85, 0xA0, 0x46, 0x62, 0x0C, 0xEA,
    0xC3, 0xB2, 0x0C, 0x88, 0x33, 0x80, 0x11, 0x76, 0x63, 0xC6, 0x80, 0x89, 0xFD, 0x32, 0x63, 0x90,
    0x35, 0xCB, 0x3C, 0xC0, 0x1C, 0xE4, 0xC6, 0x71, 0xA3, 0x4F, 0x3C, 0xF7, 0x08, 0x37, 0xC8, 0x7A,
    0x3D, 0x9E, 0x47, 0xA4, 0x83, 0x4B, 0x8D, 0x2E, 0xB2, 0xB4, 0x63, 0xC6, 0x80, 0xB4, 0xEA, 0x77,
    0x9F, 0x31, 0x58, 0xC9, 0x1B, 0x2C, 0x77, 0xEB, 0xBD, 0x6B, 0x59, 0x1E, 0xED, 0x3B, 0x69, 0x39,
    0x35, 0x6E, 0x09, 0x7A, 0x1B, 0x9B, 0x6A, 0xB1, 0x6C, 0x71, 0xDC, 0x32, 0xB3, 0x6C, 0x76, 0x63,
    0xDD, 0xEE, 0xB2, 0x76, 0xD7, 0xE8, 0x77, 0x11, 0xE3, 0xF7, 0x1B, 0x8D, 0x70, 0x50, 0xB1, 0x86,
    0x57, 0x19, 0x81, 0x48, 0x5F, 0x13, 0x90, 0x8E, 0x57, 0x99, 0x81, 0x2C, 0x2D, 0xAF, 0x32, 0x04,
    0x91, 0x9E, 0x57, 0x92, 0x9E, 0x77, 0xEC, 0xEC, 0x25, 0x85, 0x31, 0x06, 0x99, 0xFD, 0x5B, 0x9B,
    0x83, 0x7A, 0x6D, 0xAF, 0x32, 0x08, 0xA1, 0xBE, 0x77, 0xA6, 0xF4, 0xBD, 0x96, 0x49, 0x88, 0x35,
    0xBE, 0xCB, 0xE6, 0xCB, 0x65, 0xD3, 0xE5, 0xB2, 0xD9, 0x72, 0xD9, 0x64, 0xB9, 0xC2, 0x5C, 0xB9,
    0xC2, 0x54, 0xB9, 0x6C, 0xA6, 0xD4, 0x92, 0xF2, 0xFE, 0xAF, 0xE8, 0x9B, 0xBD, 0x8A, 0x8D, 0x0E,
    0xFC, 0xD0, 0xFD, 0xBC, 0x78, 0x08, 0x59, 0x2B, 0xE7, 0xEA, 0xD3, 0xE2, 0xA1, 0x27, 0xA1, 0xE1,
    0x07, 0x57, 0x9F, 0x9E, 0x1E, 0x85, 0x8E, 0xCD, 0x5E, 0xBD, 0xFA, 0xF4, 0x79, 0x28, 0x1C, 0x58,
    0x87, 0x82, 0x38, 0x9A, 0x4F, 0x9A, 0xB3, 0xAF, 0xFE, 0xFF, 0xA7, 0xC4, 0xD1, 0xAB, 0xFE, 0x7D,
    0xBF, 0x4F, 0x85, 0x1F, 0x1F, 0xD9, 0x1F, 0xDC, 0xBA, 0xF1, 0xAD, 0xF5, 0x97, 0x6E, 0x7E, 0xFF,
    0xCF, 0x44, 0x94, 0xC4, 0xC1, 0x4F, 0xB6, 0x50, 0x8B, 0xE0, 0xC6, 0x9E, 0x80, 0xB1, 0x4F, 0x0A,
    0xB7, 0xF8, 0x14, 0x14, 0x4E, 0x06, 0x40, 0x11, 0x6A, 0x51, 0xCC, 0xAA, 0xA3, 0x45, 0xBE, 0x6F,
    0x5A, 0x17, 0xBE, 0x78, 0xFC, 0xD5, 0x7C, 0xB2, 0x26, 0x8A, 0xFB, 0x44, 0xF8, 0x8B, 0xC2, 0x8D,
    0x7F, 0xAD, 0xF6, 0xBE, 0x27, 0x12, 0x90, 0x8F, 0x3A, 0xF4, 0x02, 0x11, 0xCE, 0x1F, 0x3F, 0x47,
    0xDC, 0xC3, 0x01, 0xB8, 0xD0, 0x15, 0x11, 0x0B, 0xB7, 0xFA, 0xCD, 0xCF, 0x7E, 0x21, 0x75, 0xF2,
    0x93, 0xF7, 0xFD, 0xF6, 0xEF, 0x3D, 0x99, 0x3E, 0xF0, 0xD0, 0x6B, 0x8B, 0xF5, 0x8F, 0x0B, 0x37,
    0x3D, 0xF6, 0xD0, 0x8F, 0x3F, 0xFE, 0x7B, 0x97, 0x9E, 0x9B, 0xBF, 0xF1, 0xD2, 0xBF, 0xFC, 0xF8,
    0x4F, 0xFF, 0xE2, 0x2D, 0xB9, 0x48, 0xFE, 0xFD, 0xE6, 0x93, 0x0D, 0x4B, 0xFB, 0xBF, 0x21, 0x8E,
    0x3C, 0x84, 0xE7, 0xBF, 0x39, 0xEA, 0xD4, 0x47, 0xC5, 0x74, 0xF3, 0x05, 0x79, 0x79, 0x96, 0x1E,
    0x83, 0xC2, 0xE6, 0x27, 0x52, 0xDB, 0xC6, 0x28, 0xC4, 0x57, 0x34, 0x3C, 0x1E, 0xBF, 0xAC, 0x00,
    0xF5, 0xF8, 0x65, 0x86, 0xDD, 0xD1, 0xC7, 0x2F, 0x33, 0x69, 0x38, 0xF6, 0xF8, 0x59, 0xFE, 0xEC,
    0xD8, 0xD1, 0xB3, 0x97, 0x5F, 0x8E, 0x55, 0xE1, 0x46, 0x4D, 0x05, 0xF8, 0x19, 0xEA, 0x58, 0x8F,
    0x1D, 0x83, 0xC2, 0xAC, 0x52, 0x85, 0x00, 0x96, 0xFA, 0xF1, 0x63, 0x8F, 0xBF, 0x48, 0xFA, 0x13,
    0x28, 0x24, 0x12, 0xC1, 0x7A, 0xFC, 0xD8, 0xD1, 0xBF, 0xBE, 0x30, 0x4B, 0xA9, 0x70, 0xF6, 0x00,
    0xAA, 0x7E, 0x8F, 0x1C, 0x3B, 0xF6, 0x17, 0x48, 0x83, 0xB0, 0x70, 0xF6, 0x51, 0xF8, 0xF2, 0x57,
    0x8E, 0x1C, 0x3F, 0x76, 0x16, 0x7E, 0xEE, 0x5C, 0x86, 0xC2, 0xE3, 0xC2, 0xAB, 0xFC, 0xEA, 0xC8,
    0xF1, 0xE3, 0x47, 0x61, 0x76, 0x4E, 0x9C, 0x3D, 0x72, 0x7C, 0xFD, 0xAF, 0xE6, 0x85, 0x38, 0xFB,
    0xF8, 0xC7, 0x8F, 0x44, 0x72, 0xCB, 0x17, 0xDF, 0x84, 0xC2, 0xF1, 0x6F, 0x0A, 0x1F, 0x78, 0xC1,
    0x23, 0x47, 0xE0, 0x3B, 0x80, 0x69, 0x49, 0xC3, 0x05, 0x31, 0xDD, 0x78, 0xE0, 0xD8, 0x51, 0x9E,
    0x6F, 0x18, 0x07, 0xD1, 0xBA, 0xA7, 0xC5, 0x65, 0x1A, 0x85, 0x7B, 0xF5, 0x46, 0x49, 0x14, 0xD3,
    0xC9, 0xE5, 0x67, 0x18, 0x43, 0x81, 0x19, 0xE4, 0xED, 0xFA, 0xBC, 0xD6, 0x15, 0x99, 0xD5, 0xEA,
    0x6C, 0xC6, 0x3D, 0x51, 0x33, 0xB6, 0x58, 0xBF, 0x31, 0xA4, 0xD4, 0x1B, 0x14, 0x7F, 0xAE, 0xB0,
    0x17, 0xBE, 0x2B, 0x15, 0x13, 0x4A, 0xC5, 0x45, 0x5F, 0xC4, 0x75, 0x30, 0xA1, 0xE2, 0xE7, 0x3A,
    0x62, 0x24, 0xBD, 0x36, 0x5B, 0x4C, 0x50, 0xFF, 0x13, 0xD6, 0xE4, 0x81, 0x19, 0xD3, 0xE6, 0x6A,
    0x7C, 0x40, 0x61, 0x8F, 0xC3, 0xE2, 0x34, 0xC7, 0x35, 0x4C, 0x45, 0xDC, 0x2F, 0x90, 0x9F, 0x3D,
    0xCD, 0xD6, 0x60, 0x99, 0x67, 0x2D, 0xAB, 0x7D, 0x63, 0x64, 0x88, 0x02, 0xDC, 0xEF, 0xFC, 0x3A,
    0xC3, 0xE2, 0x02, 0xC8, 0x41, 0x88, 0xEA, 0x8F, 0x16, 0x55, 0xC5, 0x55, 0x54, 0x05, 0xF2, 0xB5,
    0x96, 0x88, 0x44, 0x54, 0x38, 0x17, 0xDD, 0xD6, 0xEF, 0x4E, 0x65, 0x15, 0x2E, 0xD3, 0x19, 0x6A,
    0x89, 0x41, 0xEC, 0x2D, 0xB0, 0x93, 0x33, 0x16, 0x76, 0x95, 0x48, 0x21, 0xE3, 0x84, 0xF4, 0x84,
    0xB4, 0x01, 0xE1, 0x2A, 0x4E, 0x2A, 0xB5, 0x7C, 0x9F, 0x3D, 0xAC, 0x0D, 0x09, 0xCC, 0x98, 0x89,
    0x0B, 0x9F, 0x54, 0x5C, 0xB5, 0x70, 0x9B, 0x8C, 0x04, 0x7E, 0x18, 0xB7, 0xDB, 0x02, 0x4C, 0x3C,
    0xB2, 0x69, 0x4C, 0xB0, 0x55, 0xE9, 0xFC, 0xBF, 0xF2, 0x00, 0x33, 0x4A, 0x78, 0x88, 0x35, 0x4A,
    0x56, 0xE7, 0xA6, 0xB5, 0x70, 0xE1, 0x47, 0xC4, 0xD6, 0x39, 0xF5, 0xB9, 0xFB, 0xE0, 0xA3, 0x6F,
    0x08, 0xF1, 0x6F, 0x78, 0x93, 0xF8, 0x79, 0xB4, 0xB5, 0xB8, 0x25, 0x1A, 0x3F, 0x49, 0xB1, 0x7F,
    0xBE, 0xF7, 0x90, 0x01, 0x66, 0xF4, 0xAB, 0xAA, 0xEA, 0x88, 0x29, 0x74, 0x28, 0x5E, 0x9C, 0xF0,
    0xB6, 0xB4, 0x8A, 0x38, 0xFA, 0xC7, 0xB8, 0x39, 0xE1, 0xC1, 0x56, 0x19, 0x93, 0x8E, 0xF8, 0xBC,
    0x9F, 0x5E, 0x39, 0x31, 0x05, 0xA9, 0xA5, 0x76, 0xF3, 0x73, 0x7E, 0xFA, 0x84, 0x9F, 0x9E, 0x5B,
    0x07, 0x30, 0x3A, 0xD5, 0x0C, 0xAA, 0x79, 0x24, 0x73, 0xA8, 0x4E, 0xE5, 0xA4, 0xF6, 0xF2, 0xC6,
    0x87, 0x4D, 0xFC, 0x7A, 0x13, 0xA1, 0x9C, 0xD3, 0x5D, 0xDA, 0xEE, 0x2E, 0xA5, 0xCE, 0x0B, 0xA8,
    0x2D, 0xEA, 0x42, 0x6D, 0x17, 0x21, 0x1F, 0x91, 0x8D, 0x59, 0x17, 0x2C, 0x92, 0x1F, 0x2E, 0xF6,
    0xB8, 0xAF, 0x55, 0x3B, 0x56, 0xD7, 0x7D, 0xC4, 0x43, 0x67, 0xDF, 0xA0, 0xEA, 0x3F, 0x01, 0xCB,
    0xD9, 0xAA, 0x7E, 0xCA, 0xAB, 0xAC, 0xAA, 0x10, 0x1F, 0x53, 0x2C, 0x17, 0x56, 0x7B, 0x7D, 0x60,
    0xE4, 0xA3, 0x1F, 0xF1, 0xA7, 0x6B, 0xAB, 0x1A, 0xC8, 0x7C, 0xE1, 0xF1, 0x8C, 0x85, 0x5E, 0x2E,
    0x22, 0x18, 0x5F, 0xB4, 0x30, 0xD5, 0xF0, 0xE9, 0xFC, 0x4A, 0xD2, 0x88, 0xFB, 0x54, 0x15, 0x38,
    0xF2, 0x2B, 0x57, 0xCE, 0x8B, 0x00, 0xB6, 0xA1, 0xC4, 0x43, 0x65, 0x4E, 0xDC, 0x34, 0xEB, 0x00,
    0x4B, 0x1F, 0x1D, 0xAE, 0x48, 0x69, 0x06, 0x3C, 0x4D, 0x88, 0x7C, 0x85, 0x4B, 0xC6, 0x9B, 0x32,
    0x6A, 0x51, 0x19, 0xDF, 0xC6, 0xE2, 0xE0, 0xA9, 0x93, 0xB0, 0xFD, 0xAD, 0x01, 0x96, 0x15, 0x53,
    0x03, 0x92, 0xC3, 0x64, 0xE3, 0x32, 0x43, 0x95, 0x95, 0xF2, 0xB9, 0xEB, 0x1D, 0xC9, 0x0E, 0x3D,
    0x6B, 0xFA, 0x6E, 0x68, 0x77, 0x3C, 0xB6, 0xDC, 0x7C, 0x95, 0x4F, 0xC6, 0xE0, 0x6B, 0xF8, 0x8C,
    0xDF, 0x10, 0x53, 0xFD, 0x65, 0xA5, 0x30, 0xDD, 0xE7, 0x28, 0xC9, 0xF9, 0x9C, 0xAB, 0x80, 0xF0,
    0x92, 0xAB, 0xD6, 0xEF, 0xFA, 0xA4, 0x22, 0x7C, 0x5B, 0x8B, 0x44, 0x47, 0x57, 0xF0, 0xE7, 0x4A,
    0xE8, 0xF1, 0x01, 0x67, 0x0B, 0x5C, 0x6A, 0x7E, 0x7B, 0xE6, 0x59, 0xF1, 0x44, 0xAC, 0xB6, 0xE6,
    0x03, 0x36, 0x13, 0x1C, 0xA5, 0xD0, 0xDD, 0x35, 0xB2, 0x1B, 0x91, 0x3F, 0x11, 0x7C, 0x27, 0xBD,
    0x21, 0x0B, 0x5C, 0x0B, 0x30, 0x05, 0xC1, 0x4F, 0xFF, 0xA7, 0x5A, 0x17, 0x00, 0xED, 0xEC, 0xF5,
    0xB2, 0x3E, 0x21, 0xFC, 0xB7, 0x2E, 0xB5, 0xEE, 0x5B, 0x8B, 0xF3, 0xC4, 0xAA, 0x01, 0xEB, 0x8A,
    0x05, 0xC0, 0xCB, 0xAC, 0x7E, 0x82, 0x55, 0xC3, 0xB3, 0x2A, 0xFA, 0x5B, 0x5A, 0x14, 0x20, 0x6C,
    0xA3, 0x87, 0x61, 0xE1, 0xA2, 0x64, 0x55, 0x62, 0x61, 0x84, 0x4E, 0x21, 0x5A, 0x30, 0xB2, 0x2D,
    0xF1, 0xFD, 0x51, 0x59, 0xB3, 0x87, 0x6C, 0xE1, 0x40, 0x45, 0xF2, 0xF7, 0x57, 0xD5, 0xDF, 0xE6,
    0x75, 0x66, 0xF3, 0x02, 0xAE, 0x57, 0xE4, 0x5C, 0x91, 0x8A, 0x58, 0xCC, 0xC9, 0x57, 0x59, 0xD4,
    0xF4, 0x6E, 0xC6, 0xDE, 0x33, 0x9F, 0x4F, 0xA3, 0x7F, 0x7F, 0x3A, 0x3D, 0xF4, 0x33, 0x90, 0xDE,
    0x7E, 0x8A, 0x42, 0x1C, 0x6A, 0xFA, 0x0D, 0x7D, 0x04, 0x1E, 0x04, 0x98, 0x0E, 0x22, 0x3F, 0x48,
    0x97, 0xFA, 0xFF, 0x0A, 0xA5, 0xF5, 0x10, 0xF5, 0x7A, 0x80, 0x3A, 0x1D, 0x2A, 0x8C, 0x41, 0xA6,
    0x76, 0xBE, 0x36, 0x18, 0xD4, 0x7C, 0x69, 0x44, 0x7B, 0x18, 0xE3, 0x6D, 0x8F, 0x09, 0x9D, 0x84,
    0x81, 0xFB, 0x77, 0x5F, 0x2B, 0xDC, 0xAB, 0xC5, 0xE4, 0x56, 0x0E, 0xE4, 0xF4, 0x77, 0x3B, 0xD4,
    0x27, 0x7C, 0xC2, 0x7C, 0x4C, 0x6E, 0xAD, 0xEE, 0x6B, 0x30, 0x13, 0xFF, 0x5A, 0x8A, 0xC9, 0x2D,
    0x40, 0xA5, 0x2C, 0x15, 0xBF, 0x8B, 0xAC, 0x0D, 0x6C, 0xF0, 0x9F, 0x78, 0x9B, 0x3B, 0xC3, 0x3E,
    0x8B, 0xFA, 0xE3, 0x0A, 0x26, 0xBD, 0xF6, 0xF9, 0x5C, 0xAE, 0x1E, 0xD7, 0x6E, 0x7D, 0x14, 0x53,
    0xB8, 0x33, 0x4A, 0xE4, 0xC0, 0xDD, 0xF8, 0x1B, 0xFD, 0x9A, 0xF8, 0x48, 0xF9, 0xC0, 0x3F, 0x57,
    0xC7, 0xE1, 0x1F, 0x16, 0x1D, 0x30, 0x71, 0xCC, 0x41, 0x21, 0x23, 0xF3, 0x27, 0xB9, 0xB8, 0xFF,
    0xBF, 0x0B, 0xF1, 0x8D, 0xFF, 0x2E, 0xC5, 0x37, 0x50, 0x0B, 0x89, 0x6E, 0x92, 0xE9, 0x50, 0x2B,
    0xB1, 0xEA, 0x75, 0x68, 0xF3, 0x22, 0x72, 0x9A, 0x39, 0xBA, 0x54, 0x46, 0x7C, 0x4E, 0xD9, 0x95,
    0x29, 0xAA, 0x5E, 0xAE, 0xAB, 0x6F, 0x54, 0x2F, 0x66, 0x75, 0x54, 0xAE, 0x89, 0x69, 0x41, 0xFB,
    0x80, 0x58, 0x07, 0xFA, 0x7B, 0xFC, 0x53, 0x6C, 0xD5, 0x88, 0x94, 0xCF, 0x9C, 0x13, 0xBF, 0x8B,
    0xF9, 0x58, 0x7B, 0x96, 0xB4, 0x37, 0x88, 0x19, 0x68, 0x14, 0xF7, 0x51, 0x67, 0xD3, 0xF2, 0xD2,
    0x53, 0xA6, 0xCF, 0x14, 0x28, 0x2C, 0x2C, 0x1F, 0xD4, 0x3A, 0x93, 0xEA, 0xBE, 0x86, 0x37, 0x08,
    0x68, 0x25, 0xFA, 0x0F, 0x6B, 0x02, 0xE8, 0xD7, 0xFB, 0x22, 0xD9, 0x3C, 0x91, 0xB5, 0x07, 0x66,
    0x96, 0x44, 0x84, 0x1A, 0x65, 0xF3, 0x9F, 0x8F, 0xFF, 0xB3, 0x9D, 0xFF, 0x13, 0xFE, 0x27, 0x1A,
    0xE2, 0xD5, 0xFB, 0x80, 0x2D, 0x6E, 0xC5, 0x3A, 0xCA, 0x71, 0x53, 0xCB, 0x4E, 0x84, 0xDE, 0xC3,
    0x08, 0x2C, 0x7A, 0xE7, 0xCB, 0xEF, 0x6C, 0x97, 0x37, 0x5E, 0xDA, 0xBC, 0x4B, 0xDE, 0x57, 0xA3,
    0x0E, 0xC4, 0x5F, 0x89, 0x22, 0x71, 0x43, 0x60, 0x70, 0x98, 0x09, 0x98, 0x6E, 0x44, 0x65, 0x52,
    0x5E, 0x81, 0x1D, 0x2F, 0xFA, 0xDE, 0xBC, 0xC9, 0xAE, 0x7D, 0x53, 0x49, 0x0D, 0xEA, 0xAF, 0xE9,
    0xFF, 0xBC, 0xA5, 0xBF, 0x19, 0xFE, 0xB5, 0xD3, 0xE7, 0x95, 0x17, 0x63, 0x29, 0x68, 0xDF, 0x44,
    0xAF, 0x9C, 0xF0, 0x7B, 0xAC, 0xDD, 0x4A, 0xE0, 0x1E, 0x0F, 0x5B, 0xC6, 0x1F, 0x0B, 0xEE, 0x4B,
    0x6F, 0x6F, 0x97, 0x37, 0x2A, 0x00, 0xCC, 0xBB, 0x43, 0xE6, 0x1D, 0x49, 0xC7, 0x9B, 0xA8, 0x46,
    0xCA, 0x27, 0x64, 0x0C, 0x90, 0xB8, 0x09, 0x31, 0xA6, 0xEC, 0xB5, 0x43, 0xCE, 0x49, 0x6E, 0xCB,
    0x50, 0x43, 0x84, 0x76, 0x4D, 0x59, 0x79, 0x5D, 0x56, 0xFB, 0x8B, 0x60, 0x11, 0xD4, 0x7E, 0x83,
    0x61, 0x2E, 0x41, 0x3B, 0x47, 0x83, 0x34, 0x19, 0xBA, 0xD1, 0x85, 0x5A, 0xA0, 0x6D, 0x09, 0xC1,
    0x09, 0xB2, 0x91, 0x93, 0x11, 0x3E, 0xC7, 0x38, 0x7B, 0xA8, 0x67, 0x40, 0x51, 0x88, 0x84, 0x25,
    0xBC, 0xBF, 0x16, 0x7E, 0x59, 0x82, 0x66, 0xFE, 0x81, 0x1D, 0xA0, 0xB1, 0x27, 0x4A, 0xF5, 0x47,
    0xBD, 0xE9, 0xFB, 0xA3, 0xFB, 0x24, 0xC8, 0x31, 0x54, 0x79, 0xE8, 0x63, 0xCF, 0x04, 0x5B, 0xBB,
    0x04, 0xF6, 0x0E, 0xE1, 0xC7, 0xDE, 0xA4, 0x08, 0x33, 0x0A, 0xC5, 0x11, 0x41, 0xFB, 0xE5, 0xEE,
    0x59, 0xD2, 0x76, 0x49, 0x66, 0x98, 0x34, 0xAF, 0x94, 0xB1, 0x16, 0x8B, 0x6E, 0x83, 0xD2, 0x1C,
    0x7A, 0xD5, 0xE5, 0x24, 0x86, 0xC5, 0x82, 0xB0, 0x4E, 0xF9, 0x4B, 0x53, 0xDF, 0xB5, 0x37, 0xEB,
    0xC1, 0x78, 0x89, 0xC6, 0x5A, 0xFF, 0xE1, 0xCE, 0xFF, 0x81, 0xF9, 0xAF, 0xD5, 0x3F, 0xDE, 0xF6,
    0x02, 0x92, 0xEE, 0xB0, 0x46, 0xD7, 0x33, 0xD8, 0xC4, 0xFD, 0xFF, 0x42, 0x57, 0xB3, 0x68, 0x0B,
    0x3D, 0xBA, 0x51, 0x71, 0x45, 0x52, 0x61, 0xC9, 0x5B, 0xE0, 0xF8, 0x1D, 0xEE, 0xF2, 0xC6, 0x8B,
    0x9B, 0xF7, 0x42, 0x90, 0x83, 0xAD, 0x2F, 0x2F, 0x90, 0xD2, 0xD5, 0x63, 0x07, 0x7A, 0x18, 0xB7,
    0xE5, 0x35, 0xF1, 0x5D, 0x46, 0x24, 0x44, 0x3E, 0xDC, 0x1D, 0x91, 0xA3, 0xF1, 0x6E, 0x70, 0xF0,
    0x02, 0x5A, 0x82, 0x91, 0x1B, 0x14, 0x87, 0x52, 0xC5, 0x16, 0x6B, 0x87, 0x92, 0x09, 0x90, 0x47,
    0x14, 0x6D, 0x61, 0xA9, 0x2C, 0x28, 0xEC, 0x48, 0x24, 0x97, 0x69, 0x2A, 0xB2, 0x85, 0x27, 0x6F,
    0x80, 0xE8, 0x55, 0xC2, 0x6F, 0x63, 0x71, 0x4D, 0xEF, 0xE0, 0x38, 0x12, 0x00, 0x22, 0x31, 0xB8,
    0x35, 0x1B, 0xC1, 0xE1, 0x04, 0x17, 0x41, 0xE8, 0xB0, 0x87, 0xE5, 0xCC, 0x08, 0xBE, 0xA4, 0x94,
    0x9E, 0x4A, 0xD2, 0x63, 0x03, 0x67, 0xC1, 0xDE, 0xFD, 0x39, 0x52, 0xBD, 0x19, 0xB2, 0xE0, 0x1B,
    0x30, 0x57, 0x3C, 0x9B, 0x14, 0x1D, 0x40, 0x3C, 0x3B, 0x47, 0x26, 0xE0, 0x4C, 0xD3, 0x0E, 0x7E,
    0xE6, 0xA2, 0xE8, 0x7B, 0x6D, 0x74, 0x3D, 0x5A, 0xEE, 0xD5, 0xFC, 0x99, 0xDE, 0xEC, 0x13, 0x25,
    0x85, 0xE9, 0x78, 0x2F, 0xBD, 0x6F, 0x8C, 0x6C, 0xD3, 0xDA, 0xE5, 0x53, 0xBB, 0x7A, 0x6A, 0x17,
    0x4F, 0x96, 0xE8, 0x2F, 0x6A, 0xD7, 0xE4, 0x5C, 0x49, 0xEF, 0x85, 0x92, 0xD9, 0xB5, 0xC3, 0x71,
    0xAA, 0xE5, 0x73, 0x2D, 0x95, 0x6B, 0x59, 0xDC, 0xB8, 0x66, 0x2A, 0xB9, 0xDB, 0x48, 0xDB, 0x46,
    0xC6, 0x56, 0xAE, 0x97, 0xCF, 0xB3, 0xA7, 0x09, 0x2E, 0x17, 0xC0, 0x99, 0xE0, 0x3F, 0x71, 0x35,
    0xC0, 0x2E, 0xAF, 0x42, 0x00, 0x1E, 0x10, 0x6C, 0x97, 0x20, 0x13, 0x5C, 0xEC, 0x2C, 0x51, 0xDF,
    0xAF, 0xCB, 0x14, 0xE0, 0x26, 0xD1, 0x78, 0xAB, 0x63, 0x0A, 0x7E, 0x87, 0x0D, 0x92, 0xE4, 0xD3,
    0x50, 0x32, 0x53, 0xEF, 0x74, 0x05, 0xED, 0x7F, 0x68, 0x71, 0x1E, 0xF8, 0x7A, 0xDE, 0xAF, 0xDC,
    0x00, 0x12, 0x45, 0x49, 0x15, 0xB5, 0x45, 0xCB, 0xDF, 0x5C, 0x76, 0x1B, 0xB0, 0xA0, 0x1A, 0xF2,
    0x6D, 0x7C, 0x1D, 0xDE, 0x31, 0x43, 0xF2, 0x60, 0x1C, 0x95, 0xEA, 0xAF, 0xD2, 0x7F, 0xE1, 0xD2,
    0x5F, 0xC0, 0x7F, 0x35, 0xFE, 0xBD, 0x9F, 0x88, 0x8F, 0xF2, 0x90, 0x12, 0x3C, 0xAB, 0x87, 0x95,
    0xAE, 0x94, 0x1D, 0xBC, 0xFC, 0x86, 0x31, 0xC6, 0x6B, 0xD8, 0xF9, 0x6B, 0xD6, 0x30, 0xE6, 0xCC,
    0x5A, 0x3E, 0xBB, 0xAD, 0xA9, 0xD7, 0xEC, 0x30, 0x91, 0xA1, 0x40, 0xFD, 0x51, 0x6D, 0xC6, 0x96,
    0xB5, 0x8A, 0xCA, 0x2B, 0x95, 0x0D, 0x26, 0x26, 0xFB, 0x0A, 0xF9, 0x3A, 0x9C, 0xD9, 0xBC, 0xB8,
    0xBB, 0x7E, 0xDC, 0xCB, 0x75, 0xA7, 0x86, 0xAA, 0x5E, 0x5D, 0x27, 0x25, 0xF7, 0xC3, 0x2B, 0x5C,
    0xA1, 0x15, 0x96, 0x3F, 0x60, 0x5C, 0x0B, 0xA3, 0x54, 0x63, 0x3C, 0x59, 0x69, 0x59, 0xF9, 0x98,
    0xAB, 0x12, 0x86, 0x3C, 0x52, 0xEF, 0x1D, 0x64, 0x93, 0xB0, 0xFF, 0x0E, 0xF4, 0xB1, 0x7B, 0x56,
    0x8D, 0xE0, 0xA6, 0x89, 0x2C, 0xF4, 0x64, 0xC7, 0xA3, 0xB8, 0x36, 0x01, 0xDC, 0x99, 0x73, 0x40,
    0xC5, 0xBC, 0xC1, 0x91, 0x7C, 0x67, 0x6F, 0xA2, 0x57, 0xEF, 0xF7, 0xDB, 0xFB, 0x55, 0xF7, 0x5A,
    0xD1, 0xBE, 0x6D, 0x7F, 0x7A, 0xDB, 0x88, 0xCC, 0x7A, 0xAB, 0x02, 0xBD, 0x72, 0x60, 0x75, 0xC2,
    0x11, 0x51, 0xF7, 0x36, 0x30, 0xB6, 0xB7, 0x45, 0x20, 0xD4, 0x10, 0x38, 0x7C, 0x16, 0x8F, 0x41,
    0xF9, 0xF9, 0x8F, 0x89, 0xD9, 0x22, 0x89, 0x3D, 0xC0, 0x86, 0x59, 0x93, 0xA5, 0x4E, 0xF5, 0xE0,
    0x70, 0x9C, 0xBF, 0xCA, 0x30, 0x47, 0x1F, 0x0C, 0x87, 0x14, 0xE9, 0x1D, 0x2E, 0xFB, 0x18, 0x77,
    0x62, 0xAF, 0x45, 0x4B, 0x3B, 0x62, 0x7F, 0x50, 0xA3, 0x6B, 0x59, 0x54, 0xC0, 0xBB, 0x82, 0x16,
    0xD8, 0xB7, 0x42, 0xE6, 0x55, 0x0B, 0x72, 0xE0, 0xD0, 0xDD, 0x38, 0xE4, 0xE0, 0xDA, 0x4B, 0x9E,
    0xC2, 0x19, 0xCA, 0x7E, 0x44, 0xAE, 0x5C, 0xAF, 0xE0, 0x47, 0xC1, 0x4E, 0x21, 0x24, 0x6C, 0xAF,
    0x62, 0xC5, 0x30, 0x1F, 0xC9, 0x22, 0xC5, 0x76, 0x28, 0xB2, 0x3E, 0xB9, 0x2A, 0xDA, 0x07, 0x8F,
    0x6C, 0x5F, 0x62, 0xAB, 0x12, 0xDB, 0x92, 0xD4, 0x11, 0xED, 0x46, 0x6C, 0x2D, 0x62, 0x1B, 0x11,
    0x29, 0x1D, 0xDF, 0x64, 0x92, 0xC4, 0x56, 0xA0, 0x5C, 0xE8, 0x40, 0x2E, 0xCB, 0x34, 0xE7, 0x3C,
    0x7F, 0x48, 0xF9, 0xB8, 0x24, 0x29, 0xAF, 0x18, 0xBD, 0x72, 0x32, 0xAA, 0x13, 0xAC, 0xEE, 0xE6,
    0x6A, 0x7B, 0x4C, 0x13, 0x6F, 0xA7, 0x0B, 0x0B, 0xED, 0xB4, 0xA1, 0x95, 0xF8, 0x93, 0xCE, 0xAC,
    0xA2, 0x17, 0xFD, 0x91, 0x0D, 0xE9, 0x5E, 0x5A, 0x69, 0xFB, 0x9D, 0xE7, 0xA3, 0x1F, 0x2E, 0x92,
    0x57, 0x9A, 0xE8, 0x87, 0x4D, 0xF0, 0x19, 0xBD, 0x82, 0xA6, 0xA2, 0x5F, 0x1F, 0x20, 0x86, 0x27,
    0x63, 0xDE, 0xE4, 0x10, 0x5A, 0x75, 0x81, 0x1F, 0x4B, 0xA3, 0x4E, 0x9B, 0x2D, 0x70, 0xB6, 0x68,
    0xAA, 0x68, 0x9E, 0x5C, 0x9C, 0x00, 0xA7, 0x1E, 0x7A, 0xF5, 0xED, 0x33, 0xB4, 0x87, 0x0E, 0xF4,
    0x43, 0xDE, 0x8F, 0x4B, 0x1C, 0x49, 0x85, 0xB6, 0x11, 0x49, 0xA2, 0x05, 0xC9, 0x16, 0x20, 0x5C,
    0xD4, 0x58, 0x8A, 0x83, 0xCE, 0xF2, 0xEB, 0xD5, 0x3E, 0xBD, 0xC3, 0xB3, 0x52, 0x87, 0x88, 0x8F,
    0xFC, 0x01, 0xCF, 0x48, 0xC3, 0xAE, 0xFB, 0x93, 0x96, 0x82, 0x48, 0xC5, 0xA4, 0x49, 0x78, 0xAE,
    0xFE, 0xE9, 0x2E, 0xE3, 0x8C, 0xF3, 0xBC, 0xB1, 0xD9, 0x18, 0xE2, 0x30, 0x33, 0x25, 0xB7, 0xD7,
    0x87, 0x7F, 0x51, 0x17, 0x5E, 0x0E, 0xB4, 0x66, 0x5D, 0x1A, 0x8F, 0x39, 0x19, 0xEA, 0xD2, 0x71,
    0x2F, 0xBE, 0x77, 0x71, 0x4B, 0x3C, 0x8F, 0x0E, 0x6A, 0xF0, 0x3F, 0x59, 0x88, 0x7D, 0x5F, 0x14,
    0x89, 0x9F, 0x67, 0xA7, 0xCB, 0xEC, 0x74, 0xF1, 0x29, 0x43, 0xBD, 0x6F, 0x83, 0x2C, 0x13, 0x06,
    0xD0, 0xB4, 0xD3, 0x81, 0x26, 0x1E, 0x67, 0x9D, 0xA6, 0x7C, 0xD2, 0x02, 0x02, 0xC2, 0x21, 0xE6,
    0x99, 0xBE, 0x83, 0xB8, 0x37, 0x25, 0xFD, 0x71, 0x44, 0xCC, 0x13, 0xEB, 0x81, 0x51, 0x75, 0x78,
    0x3D, 0x26, 0x58, 0xA4, 0xFB, 0xC4, 0x97, 0x59, 0xD6, 0x26, 0x2A, 0xE6, 0x11, 0x45, 0xCB, 0xF0,
    0xBB, 0x1C, 0x87, 0x1A, 0xD2, 0x67, 0xAC, 0x31, 0x26, 0x65, 0x16, 0xFB, 0x54, 0x32, 0x4D, 0xC5,
    0x50, 0x52, 0xDC, 0xBC, 0x1C, 0xD4, 0x49, 0x90, 0x17, 0x07, 0x7B, 0x6D, 0x24, 0x39, 0xB6, 0x00,
    0x6F, 0x77, 0x3F, 0x8B, 0x95, 0x7A, 0x83, 0x63, 0x55, 0x1F, 0x3A, 0x55, 0x4C, 0x53, 0x5F, 0x76,
    0x9B, 0xE8, 0x2B, 0x25, 0x95, 0xB1, 0x12, 0x05, 0x69, 0xE2, 0x5A, 0x81, 0x9D, 0xBD, 0x20, 0xEC,
    0x9E, 0xAB, 0xAE, 0xAB, 0xBE, 0xAB, 0xCE, 0xB3, 0x14, 0x93, 0x0A, 0xD3, 0x7D, 0x43, 0x85, 0xE9,
    0x44, 0x23, 0xA0, 0x60, 0x56, 0xFA, 0xC5, 0xB7, 0xC9, 0x41, 0xB0, 0x71, 0xC8, 0x9D, 0x03, 0x6E,
    0xB7, 0xBD, 0x81, 0xC3, 0x80, 0x7D, 0x00, 0xC7, 0x01, 0xF2, 0x0D, 0x0E, 0xC4, 0xC7, 0x1C, 0x01,
    0x4E, 0xE7, 0x64, 0x0B, 0x1E, 0x8A, 0x1A, 0x8B, 0x1A, 0x8C, 0x1A, 0x8D, 0x1A, 0x8E, 0xE1, 0xE3,
    0x95, 0xEE, 0x92, 0x46, 0x24, 0x78, 0x48, 0x42, 0x8D, 0x49, 0x0D, 0x4A, 0x8D, 0xCA, 0x1E, 0x96,
    0x76, 0xCC, 0xF0, 0x55, 0x8C, 0x33, 0x7E, 0xD9, 0xA7, 0xC1, 0xE1, 0xF6, 0xF2, 0x86, 0x58, 0xFB,
    0xC3, 0xB9, 0xEC, 0xB4, 0xE5, 0x1A, 0x07, 0x26, 0x54, 0x44, 0xAA, 0x83, 0xCE, 0x12, 0x67, 0x48,
    0x56, 0x63, 0xCF, 0x7A, 0x56, 0x5F, 0xB0, 0x66, 0x67, 0x85, 0xEF, 0xA8, 0xB5, 0x7B, 0xF3, 0xBE,
    0xAD, 0x7D, 0xEB, 0xA4, 0x51, 0x7C, 0x2B, 0x17, 0x11, 0xE5, 0x6D, 0xC2, 0x7D, 0x51, 0x9D, 0x51,
    0xBD, 0xE9, 0xBB, 0xA3, 0xFA, 0xC3, 0x1D, 0x52, 0x31, 0xB2, 0xD0, 0x25, 0x00, 0xC5, 0x19, 0x64,
    0xD5, 0x09, 0x05, 0x6F, 0xB2, 0x52, 0x65, 0x46, 0xFA, 0x95, 0x12, 0xDD, 0x8E, 0xB1, 0x5F, 0x61,
    0xB7, 0x53, 0xDF, 0x5E, 0x54, 0x5B, 0x0E, 0x13, 0x91, 0x4E, 0x91, 0x3E, 0xFE, 0xEC, 0xC2, 0x7B,
    0x8E, 0xBD, 0x3D, 0x66, 0x96, 0xBD, 0xD3, 0x1B, 0xD3, 0x1C, 0x55, 0xFE, 0x80, 0x60, 0xAF, 0xF0,
    0x39, 0xC3, 0x05, 0x61, 0xAF, 0xED, 0xC0, 0xA7, 0x08, 0xA8, 0xAE, 0x7D, 0x20, 0xB0, 0xF7, 0x6E,
    0xE1, 0x24, 0x07, 0x6A, 0xD8, 0xD3, 0xCF, 0xDB, 0x56, 0x10, 0xAF, 0x56, 0xB0, 0x7E, 0x50, 0x11,
    0x73, 0x34, 0xE0, 0x11, 0x8E, 0xA8, 0xAD, 0x3A, 0x88, 0x77, 0xD6, 0x2C, 0xFF, 0x1F, 0xC5, 0x6B,
    0xF5, 0x7A, 0xA9, 0x77, 0x65, 0x9B, 0x28, 0xA2, 0x39, 0xB4, 0xF8, 0xBC, 0xDF, 0x54, 0xFC, 0x25,
    0xDB, 0xAB, 0x5A, 0x9D, 0x54, 0x9F, 0x96, 0x3B, 0x75, 0xB7, 0x97, 0xD1, 0x59, 0x76, 0xED, 0xF7,
    0x5B, 0xAD, 0x7C, 0x55, 0x6A, 0xE9, 0x4C, 0xE9, 0x30, 0x68, 0x52, 0x49, 0xB3, 0xBB, 0x4F, 0x04,
    0x4D, 0xB8, 0x49, 0x3C, 0x28, 0x26, 0x2B, 0xA8, 0x32, 0x94, 0x0C, 0xE5, 0xD6, 0x72, 0xE0, 0x00,
    0x87, 0x0A, 0x70, 0x70, 0x00, 0x27, 0x27, 0x71, 0x19, 0xB9, 0x98, 0xEB, 0xCB, 0xAC, 0xA5, 0xC0,
    0x4B, 0x87, 0x7D, 0x59, 0x10, 0x8B, 0xC8, 0x3D, 0x5F, 0xA0, 0x43, 0xFE, 0x1B, 0xEC, 0x54, 0x12,
    0x93, 0x23, 0x49, 0x4A, 0xC3, 0x49, 0xC9, 0xB1, 0x7E, 0xE0, 0x65, 0x26, 0x7A, 0x3D, 0x3A, 0x8A,
    0x6A, 0x0F, 0xAE, 0x08, 0x64, 0xB8, 0x73, 0xA3, 0x8B, 0xB4, 0x75, 0xA0, 0x1F, 0x0A, 0x95, 0x1F,
    0xDC, 0x35, 0x8C, 0xE2, 0x7D, 0x82, 0x06, 0x5A, 0x17, 0x13, 0xB6, 0xBB, 0x4D, 0xCC, 0x28, 0x95,
    0xA9, 0xC0, 0xE8, 0xA4, 0x4A, 0xAE, 0x93, 0x1A, 0x21, 0x27, 0x09, 0x38, 0x92, 0x14, 0x5A, 0x13,
    0x91, 0x9F, 0x7D, 0x4A, 0x2A, 0x53, 0xF4, 0x53, 0x5D, 0xEB, 0xA3, 0x56, 0x12, 0xED, 0x38, 0x3A,
    0x61, 0x1A, 0x98, 0x0B, 0x15, 0x9F, 0x47, 0x8B, 0x98, 0x3A, 0x1E, 0x75, 0xCF, 0x2A, 0xB5, 0x33,
    0x05, 0xA8, 0xE3, 0xFA, 0x70, 0xE4, 0x2B, 0x0D, 0x13, 0xC9, 0x50, 0xAA, 0xE8, 0x1D, 0x0A, 0xDA,
    0xA1, 0x58, 0x1D, 0x0A, 0xD1, 0xA1, 0xC8, 0x9C, 0xB5, 0xC1, 0xAA, 0x71, 0x24, 0xAF, 0x17, 0x5A,
    0x2C, 0xE7, 0xC6, 0xAE, 0x5D, 0xEF, 0xC1, 0x00, 0x69, 0xD9, 0x2D, 0x34, 0x27, 0xC3, 0x87, 0x76,
    0xA7, 0x65, 0xFA, 0xBE, 0x42, 0x83, 0x0D, 0xD4, 0xCB, 0xAE, 0xE0, 0xA4, 0x17, 0x5C, 0xF6, 0xA3,
    0xF3, 0xA8, 0xD7, 0x87, 0x61, 0xF3, 0x28, 0x39, 0xD2, 0x07, 0x65, 0xE7, 0x92, 0xFD, 0x7D, 0x55,
    0x11, 0x55, 0x08, 0x01, 0xA7, 0xB8, 0xF0, 0x19, 0xEB, 0x33, 0x28, 0xA2, 0xBA, 0x11, 0x56, 0x07,
    0x4A, 0x92, 0x28, 0xAD, 0x78, 0xF2, 0x1F, 0xE4, 0xF6, 0xA5, 0xCE, 0x84, 0xEF, 0x73, 0xEA, 0x2E,
    0x2E, 0x36, 0xAA, 0xB8, 0x05, 0xAB, 0x83, 0xBC, 0xB1, 0x5B, 0x72, 0xB8, 0xE6, 0x90, 0x30, 0x43,
    0xC8, 0x23, 0xED, 0xEA, 0x11, 0x4F, 0x95, 0xED, 0x5E, 0xBB, 0x7A, 0x68, 0xDF, 0xAC, 0xD8, 0x38,
    0x65, 0xB5, 0xC6, 0xAD, 0xCB, 0xD8, 0x3A, 0x9D, 0x33, 0x4B, 0xF4, 0xDD, 0x79, 0xCC, 0xF6, 0x3F,
    0x6C, 0x57, 0x54, 0x68, 0xDC, 0x3A, 0x24, 0x8E, 0x86, 0x3B, 0x19, 0x54, 0x24, 0x6B, 0xBF, 0xD5,
    0xE8, 0x59, 0x05, 0xAE, 0xC6, 0x1F, 0x0B, 0x0B, 0x02, 0xEC, 0x62, 0xCA, 0x30, 0x90, 0xDB, 0x71,
    0x3F, 0x74, 0x90, 0xB8, 0xED, 0xCA, 0xA2, 0x87, 0xC4, 0x6B, 0xFC, 0x09, 0xC1, 0xA2, 0x8B, 0xB3,
    0xCA, 0x82, 0xC6, 0x00, 0x1E, 0x03, 0x88, 0x0C, 0x60, 0x32, 0x80, 0xCA, 0x10, 0x2E, 0x03, 0xC8,
    0xAC, 0x82, 0xCD, 0x44, 0xDB, 0x9E, 0x53, 0xF5, 0xDB, 0x91, 0xA9, 0x00, 0xD6, 0xC7, 0x13, 0xF1,
    0x84, 0xCC, 0xD4, 0x49, 0x0E, 0x00, 0x8A, 0xC8, 0xD5, 0x95, 0xCE, 0x32, 0x05, 0xE8, 0xA1, 0x97,
    0x6B, 0xEA, 0xE1, 0x19, 0x96, 0x0B, 0x7A, 0xF9, 0x55, 0x73, 0x4C, 0x55, 0xB2, 0x89, 0x49, 0xD8,
    0x38, 0xBE, 0x49, 0xA7, 0x28, 0x41, 0x27, 0xD5, 0x7F, 0x44, 0xE9, 0x38, 0xCE, 0xDA, 0xD9, 0x52,
    0xEE, 0x8F, 0x8F, 0xA6, 0xCB, 0xAA, 0x00, 0x2A, 0xD1, 0xDD, 0x89, 0x13, 0xA0, 0xFB, 0x93, 0xB6,
    0x94, 0x7A, 0x40, 0xA2, 0xB1, 0xEE, 0x83, 0x50, 0xBD, 0xA8, 0x71, 0x6D, 0x50, 0x3F, 0x28, 0xBB,
    0x11, 0xF5, 0x44, 0x49, 0xCA, 0xAC, 0xE6, 0x50, 0xC9, 0xE2, 0xB0, 0x3F, 0xFF, 0x83, 0xFD, 0x01,
    0x6A, 0x9D, 0x72, 0x8F, 0x4A, 0x6F, 0x45, 0x10, 0x93, 0x85, 0x38, 0x96, 0xC5, 0xA8, 0x5B, 0xD5,
    0x2A, 0x0E, 0x18, 0xFE, 0x29, 0x7C, 0xAA, 0xD7, 0xF3, 0xFE, 0xA8, 0x5A, 0x51, 0xF4, 0x27, 0xC5,
    0x87, 0xCB, 0xF4, 0xC2, 0x8E, 0xA0, 0x1E, 0x80, 0x75, 0x00, 0xEE, 0xE1, 0x27, 0x16, 0xC8, 0x07,
    0x40, 0x1F, 0xC0, 0x7A, 0x54, 0x19, 0x81, 0x7E, 0x97, 0xD7, 0x87, 0x54, 0x63, 0x87, 0xA9, 0x52,
    0xFE, 0x50, 0x8E, 0xFA, 0xBA, 0x16, 0xDE, 0x1D, 0x85, 0xA5, 0xFB, 0x3E, 0xA2, 0x7A, 0xF1, 0x79,
    0xC5, 0xBF, 0x2B, 0xF0, 0x47, 0xCF, 0xF0, 0xF9, 0xD7, 0xFB, 0x30, 0x87, 0x7B, 0x83, 0xFA, 0xF4,
    0x6A, 0xCE, 0x66, 0xB9, 0x34, 0x31, 0xA5, 0x7D, 0x5F, 0xB4, 0xDD, 0xDC, 0x54, 0x07, 0x4F, 0x6B,
    0x30, 0x25, 0xA7, 0x35, 0x5E, 0x3D, 0x38, 0x4B, 0x77, 0x47, 0xAC, 0x7B, 0x94, 0xD6, 0x01, 0xE7,
    0xBF, 0x61, 0xF9, 0xF3, 0xF7, 0xC8, 0x90, 0xF4, 0x58, 0x32, 0xD1, 0xE8, 0x73, 0x98, 0xD3, 0x30,
    0x68, 0xD6, 0x33, 0x82, 0xEB, 0x56, 0xAA, 0x2C, 0x31, 0xEA, 0x1F, 0xF1, 0x3E, 0xAC, 0x5D, 0x0A,
    0xAF, 0xF0, 0xC9, 0x20, 0x89, 0xB7, 0x8C, 0x2A, 0xC2, 0xFA, 0x0E, 0x69, 0x1B, 0x20, 0x6E, 0xC5,
    0xD2, 0xC9, 0xC1, 0xB9, 0xB1, 0x15, 0x9B, 0x64, 0x56, 0x5C, 0xEE, 0x44, 0x5F, 0x66, 0xBF, 0x53,
    0xBF, 0x99, 0x93, 0x51, 0x58, 0xE1, 0xFB, 0xC1, 0x53, 0xCA, 0xCB, 0x3B, 0xAA, 0xB5, 0x0F, 0x6D,
    0x6A, 0xB0, 0xDD, 0x46, 0x76, 0xD7, 0xC6, 0x75, 0x1B, 0xD5, 0x03, 0x69, 0xA5, 0x8A, 0x58, 0x66,
    0x1D, 0x6C, 0x98, 0x0C, 0x80, 0x62, 0x43, 0xA5, 0x07, 0xCB, 0x00, 0x2E, 0x03, 0xC0, 0x18, 0xC8,
    0x08, 0x1B, 0x34, 0xC2, 0x86, 0x8D, 0xB0, 0x81, 0x23, 0x2C, 0xE8, 0x6C, 0x9F, 0x7C, 0x5B, 0x92,
    0xD0, 0x57, 0x18, 0x42, 0x9F, 0x91, 0x95, 0x0D, 0xA2, 0x01, 0x8C, 0x06, 0x40, 0x1A, 0x92, 0x84,
    0x01, 0x98, 0x06, 0x70, 0x1A, 0x02, 0x6A, 0x09, 0x52, 0x2A, 0x6C, 0xC2, 0x51, 0xBF, 0x56, 0xB2,
    0x27, 0x87, 0xDF, 0x7E, 0x9F, 0xE0, 0x83, 0x4A, 0x71, 0x4F, 0x5E, 0x9B, 0x37, 0x02, 0x73, 0xD3,
    0x41, 0x37, 0x1D, 0x15, 0x4A, 0xEB, 0x4A, 0x07, 0x86, 0x8B, 0x1E, 0xC0, 0x9F, 0x05, 0x8E, 0x38,
    0x84, 0xEE, 0xDF, 0x94, 0x18, 0x23, 0xAB, 0x10, 0xB9, 0xD2, 0x31, 0x58, 0x1C, 0xFC, 0xDA, 0x09,
    0x1D, 0xEF, 0x0A, 0xAF, 0x2F, 0x19, 0x8F, 0x7B, 0x13, 0xB6, 0xE1, 0x98, 0xFE, 0xFB, 0xA6, 0xC3,
    0x19, 0x3B, 0x81, 0xEA, 0x7E, 0x08, 0xD3, 0x13, 0xA1, 0xFB, 0x42, 0x12, 0x03, 0xF5, 0x06, 0x61,
    0xC0, 0xFD, 0x41, 0x02, 0xC9, 0x3D, 0xC2, 0xE5, 0x45, 0x7D, 0xEA, 0xAC, 0xE5, 0x25, 0xFA, 0x70,
    0x05, 0xEE, 0x19, 0x96, 0x54, 0xDF, 0xE6, 0xED, 0xB0, 0x77, 0x3B, 0x49, 0xF8, 0x03, 0xC1, 0xDE,
    0x92, 0xF5, 0x97, 0xDA, 0x97, 0x64, 0x99, 0xB7, 0x75, 0x7B, 0xFB, 0x70, 0x29, 0xEF, 0x0E, 0xA0,
    0x97, 0xC4, 0x0E, 0x90, 0x1E, 0xC4, 0xB2, 0x0F, 0x3E, 0x79, 0xC7, 0x93, 0xF0, 0x21, 0xFD, 0xD8,
    0x33, 0xFD, 0x30, 0xDF, 0x4A, 0x87, 0x3B, 0xA3, 0xD2, 0xF3, 0x99, 0xFA, 0x4E, 0x4A, 0xCA, 0xBB,
    0x4D, 0x7F, 0x96, 0x47, 0x30, 0x30, 0x6A, 0x96, 0xCB, 0x6D, 0xC1, 0xAE, 0xCE, 0xAB, 0xF7, 0x32,
    0x3D, 0x73, 0x1E, 0x51, 0x81, 0x25, 0x2B, 0x4E, 0x2A, 0xBB, 0xCE, 0xAC, 0xDD, 0xCB, 0xE9, 0xD0,
    0x06, 0xF2, 0xD2, 0x68, 0x90, 0x15, 0x2E, 0x46, 0x37, 0xE4, 0x70, 0xA2, 0xFC, 0xBB, 0xCA, 0xAB,
    0x0D, 0x43, 0x81, 0x81, 0x97, 0xC5, 0x1C, 0x47, 0x7E, 0x43, 0x99, 0x69, 0xE8, 0x94, 0x73, 0xE0,
    0x3A, 0x7A, 0x2F, 0xFE, 0xCE, 0xA5, 0x6E, 0xED, 0xEB, 0x52, 0xE5, 0xDA, 0x28, 0x54, 0x12, 0x8D,
    0x48, 0x85, 0x8C, 0x29, 0x9F, 0xB8, 0xB5, 0x53, 0x94, 0x6E, 0x57, 0xF5, 0xDA, 0x84, 0x09, 0x8E,
    0xCF, 0x3A, 0x2F, 0x90, 0xEA, 0xDE, 0x5E, 0xCE, 0xD8, 0x7F, 0x3D, 0x00, 0x3D, 0x02, 0x3D, 0x04,
    0xE3, 0x99, 0xA7, 0x06, 0xA1, 0x47, 0xA1, 0x87, 0xA1, 0xC7, 0xA1, 0x06, 0x22, 0x78, 0x24, 0xDB,
    0x1B, 0xCA, 0x72, 0xAD, 0xED, 0xF4, 0xED, 0xA0, 0xFE, 0x2D, 0x98, 0xD2, 0xC1, 0x70, 0x58, 0x12,
    0x61, 0x11, 0x64, 0x4F, 0x47, 0xA5, 0x3E, 0xC4, 0x54, 0x44, 0xAE, 0x9C, 0x51, 0xFE, 0x92, 0x50,
    0x45, 0x94, 0x62, 0x8C, 0x2A, 0x70, 0x8B, 0x18, 0x7E, 0x93, 0x63, 0x10, 0x4E, 0x0B, 0xA0, 0xC1,
    0x44, 0x6E, 0xB3, 0x86, 0xB3, 0x5B, 0xA0, 0xF6, 0x29, 0x81, 0xD5, 0xB1, 0x99, 0xA9, 0xB5, 0x51,
    0xF6, 0x6C, 0xE6, 0x02, 0xB1, 0x67, 0xDB, 0xC8, 0x12, 0x8F, 0x0C, 0xE5, 0x24, 0x2D, 0x22, 0xBD,
    0xE3, 0xB3, 0x34, 0x67, 0x4A, 0x9D, 0xC4, 0x3D, 0xC6, 0x73, 0x38, 0x06, 0x71, 0x87, 0x1A, 0x31,
    0xEE, 0x39, 0x9E, 0x5B, 0x9A, 0x56, 0xEE, 0x3D, 0x1B, 0x5C, 0xFC, 0x86, 0x4D, 0x2E, 0x09, 0x61,
    0x3F, 0x8C, 0xC1, 0xE0, 0x7E, 0x27, 0xEC, 0x15, 0x70, 0x8B, 0xCF, 0xDB, 0xF1, 0xDC, 0xA2, 0xD5,
    0x4B, 0x18, 0xEF, 0x51, 0xCC, 0x12, 0xF9, 0xA4, 0x51, 0xEE, 0x03, 0x42, 0x87, 0x80, 0x4F, 0x28,
    0xDE, 0xDC, 0xAB, 0x18, 0x4F, 0xC4, 0x09, 0xF3, 0x32, 0x14, 0x8C, 0xF1, 0x44, 0x98, 0xA0, 0x5F,
    0x5C, 0x6F, 0x55, 0x78, 0xC8, 0x07, 0x02, 0xE3, 0x61, 0x28, 0x2E, 0x31, 0x15, 0xFD, 0xB1, 0xC0,
    0xA3, 0x97, 0xDE, 0x1B, 0x18, 0x4F, 0xA0, 0x76, 0x95, 0x3C, 0x67, 0x9F, 0x0B, 0x3E, 0x7B, 0xE9,
    0x3D, 0x8D, 0xF1, 0x17, 0xD9, 0xD4, 0x57, 0x70, 0xCE, 0x70, 0x15, 0x3F, 0xAF, 0x12, 0x2A, 0xB1,
    0x9F, 0x09, 0x7B, 0x71, 0xB3, 0x7B, 0x26, 0x97, 0xE1, 0x8E, 0x7F, 0x8E, 0xDF, 0x39, 0x2D, 0xB9,
    0xA7, 0xCC, 0x02, 0xC4, 0x3A, 0xEB, 0x2C, 0x15, 0x39, 0xEB, 0x3B, 0xBB, 0xCE, 0x05, 0x4B, 0xC6,
    0x4F, 0x65, 0xEA, 0x5C, 0x36, 0x7E, 0x8E, 0xCC, 0x9E, 0xB3, 0xD8, 0xC7, 0x5C, 0x4B, 0x29, 0xA9,
    0x30, 0x28, 0x85, 0x03, 0xB2, 0x43, 0xCB, 0x66, 0x4F, 0xE2, 0xBE, 0x98, 0xED, 0x22, 0x7E, 0xCB,
    0x21, 0x5E, 0xC5, 0x95, 0x7F, 0x87, 0x0F, 0xBC, 0x68, 0xD1, 0xC5, 0x08, 0x93, 0x6F, 0xE3, 0xB1,
    0x20, 0xEF, 0xC8, 0xB7, 0x38, 0xCF, 0x94, 0xA4, 0xED, 0xB6, 0x61, 0x86, 0xE6, 0x62, 0x4C, 0x3C,
    0x4E, 0x41, 0x5B, 0x61, 0x39, 0x41, 0x78, 0x81, 0xFC, 0x5C, 0xCC, 0x65, 0x1E, 0xC8, 0xBE, 0x57,
    0xDC, 0x43, 0x0E, 0x03, 0x63, 0xCF, 0xA5, 0xCC, 0xB2, 0xCE, 0x24, 0xF0, 0x9D, 0xCB, 0x70, 0xE1,
    0xEB, 0x59, 0x4D, 0x16, 0x53, 0x4A, 0x1D, 0x44, 0xA1, 0x16, 0xE4, 0x73, 0x75, 0xD8, 0x36, 0x13,
    0xFD, 0xBF, 0x18, 0xBB, 0x5C, 0xF1, 0x43, 0x38, 0x1C, 0x45, 0x1C, 0xD8, 0x21, 0x99, 0x93, 0x70,
    0xD1, 0x7A, 0xA4, 0x03, 0xBA, 0x22, 0xA1, 0x1D, 0x21, 0x89, 0x11, 0xD0, 0x29, 0x5A, 0xEE, 0xF2,
    0x8C, 0x78, 0x15, 0x4A, 0x17, 0x8E, 0xD9, 0xA3, 0x30, 0x9D, 0xAF, 0x89, 0xB9, 0xD9, 0x20, 0xAD,
    0x8F, 0x4A, 0xAC, 0x9F, 0xD2, 0xEC, 0xC0, 0x9A, 0x91, 0xCF, 0x49, 0xB3, 0x8A, 0x28, 0xC7, 0x23,
    0xF0, 0x0B, 0xE4, 0x33, 0xBA, 0x85, 0x30, 0x09, 0x69, 0xDA, 0x3C, 0xFC, 0xD5, 0x21, 0xB8, 0xF6,
    0x26, 0x13, 0x9B, 0x92, 0x8E, 0x40, 0x86, 0x7E, 0x86, 0xC7, 0x2D, 0x18, 0xC1, 0x48, 0xAD, 0x66,
    0xA5, 0x07, 0x61, 0xA4, 0x56, 0xAA, 0xB1, 0x1D, 0xCC, 0x97, 0xFF, 0x47, 0xF0, 0xCD, 0xB6, 0xB2,
    0xDB, 0x58, 0xC0, 0xD7, 0x7E, 0x70, 0x37, 0x19, 0xE1, 0x03, 0x86, 0xA5, 0xBD, 0xE1, 0x8B, 0xB0,
    0xD1, 0x18, 0xBE, 0x9C, 0x55, 0x49, 0x1C, 0xDE, 0x3B, 0x94, 0xDE, 0xC9, 0x8F, 0x23, 0xC9, 0x77,
    0xE3, 0xB1, 0xDF, 0xCF, 0x85, 0xD0, 0x43, 0xCA, 0xDA, 0x1F, 0xF4, 0x96, 0xAA, 0xF5, 0x8C, 0x2B,
    0xA1, 0x86, 0xAF, 0x93, 0x5A, 0x72, 0xE4, 0x91, 0xE8, 0xC4, 0x4C, 0x2A, 0xAA, 0x75, 0xA2, 0xC2,
    0x3D, 0x5C, 0x79, 0x9A, 0xD3, 0xF4, 0x36, 0xB3, 0xF6, 0x61, 0xDA, 0xE1, 0x5D, 0x72, 0xE9, 0xF5,
    0xE1, 0x9C, 0x90, 0x37, 0xCA, 0x25, 0x99, 0xE5, 0x4A, 0xD0, 0xCB, 0xD5, 0x36, 0x92, 0xD3, 0xEF,
    0x3B, 0x92, 0xDD, 0xC2, 0x5B, 0x1D, 0x2B, 0x45, 0x3D, 0x76, 0x14, 0x75, 0x32, 0xBD, 0x1D, 0x2F,
    0x02, 0x2B, 0xE9, 0x08, 0xFD, 0x8A, 0x1C, 0x45, 0xB7, 0xC8, 0x51, 0x74, 0x73, 0x45, 0xDE, 0x7D,
    0xA3, 0x1B, 0xB5, 0x92, 0x7C, 0x58, 0xDE, 0xEE, 0xD5, 0xB2, 0x57, 0xFC, 0xEE, 0x2F, 0x93, 0x05,
    0xDB, 0x31, 0xC2, 0x24, 0x79, 0x8A, 0x3F, 0xAC, 0x64, 0xA2, 0x9C, 0x77, 0xD4, 0xB0, 0x93, 0x25,
    0xCF, 0x3A, 0x46, 0x59, 0x30, 0x5A, 0x47, 0x05, 0x25, 0x61, 0x21, 0xA4, 0x08, 0x54, 0x09, 0x63,
    0x31, 0x54, 0xA9, 0x06, 0xAC, 0xD7, 0x71, 0x26, 0x39, 0x39, 0x8F, 0x8A, 0xD3, 0x52, 0x5E, 0x3F,
    0x69, 0x72, 0x51, 0x68, 0x27, 0x59, 0x95, 0x87, 0x45, 0x3D, 0x72, 0x81, 0xC6, 0xBF, 0xF1, 0x75,
    0x72, 0x95, 0xD8, 0xFC, 0x4E, 0x8F, 0x61, 0x93, 0x9A, 0x85, 0x08, 0x92, 0xB4, 0x50, 0x02, 0xAB,
    0x86, 0xF3, 0x88, 0x06, 0xFC, 0x84, 0x88, 0x07, 0xC2, 0xB2, 0x9E, 0x75, 0x73, 0x0A, 0x95, 0xF3,
    0x17, 0xB3, 0xD6, 0x5F, 0xB8, 0xAD, 0x2F, 0x2F, 0x75, 0xF8, 0xF4, 0x09, 0x7C, 0xA8, 0x91, 0x8B,
    0xB8, 0x3E, 0xBF, 0x89, 0x8E, 0xEA, 0xCD, 0xA9, 0x33, 0xC4, 0x7C, 0x54, 0xBC, 0x06, 0x70, 0xEB,
    0xDE, 0x58, 0xC6, 0x2C, 0xC6, 0x2B, 0xB6, 0x08, 0xB9, 0xED, 0x6E, 0x18, 0x35, 0xDD, 0x62, 0x3C,
    0xCA, 0x35, 0x16, 0xB1, 0x5B, 0xFC, 0x4C, 0x5E, 0x6A, 0x71, 0xF6, 0x31, 0xFD, 0x21, 0x62, 0x8D,
    0x3E, 0x82, 0x58, 0x4C, 0x81, 0x75, 0x01, 0x3B, 0xD0, 0xC3, 0xCD, 0x1E, 0x05, 0x56, 0x41, 0x31,
    0x12, 0xC2, 0xD2, 0x33, 0x0B, 0xF9, 0xE6, 0x74, 0x90, 0x34, 0x83, 0x3D, 0xE2, 0x95, 0x43, 0xBC,
    0xF2, 0x87, 0x77, 0xD9, 0x6D, 0x79, 0xEC, 0x6B, 0x3D, 0x5C, 0xCB, 0x35, 0x4F, 0xB6, 0xE2, 0xDE,
    0xC8, 0x48, 0xCE, 0xDB, 0x00, 0xEC, 0x03, 0x44, 0xCC, 0x43, 0x98, 0x60, 0x0F, 0x53, 0xD0, 0x84,
    0x98, 0x8C, 0x36, 0x2A, 0x31, 0x70, 0x46, 0x44, 0x5B, 0xF3, 0x3A, 0xA4, 0xBC, 0x8F, 0xA8, 0xDF,
    0x08, 0xF9, 0xE4, 0xB3, 0x05, 0x0B, 0x63, 0x38, 0xD9, 0xB0, 0x5E, 0x91, 0x0E, 0x23, 0x2B, 0x22,
    0x8A, 0x14, 0x04, 0xD2, 0xF8, 0xE6, 0xA3, 0x19, 0xC6, 0x08, 0x4B, 0xCE, 0x0F, 0xC5, 0xE2, 0x74,
    0xC6, 0x5C, 0xF4, 0x8C, 0xDD, 0xA1, 0x4D, 0x94, 0x29, 0xC6, 0x3F, 0xB0, 0x0B, 0x34, 0xFB, 0x67,
    0x7B, 0xDA, 0xE7, 0xDA, 0xF6, 0xF1, 0xDF, 0xED, 0x15, 0x2A, 0x4F, 0x1F, 0x05, 0x26, 0x35, 0x36,
    0x3D, 0x38, 0x3D, 0x3A, 0xC6, 0x5F, 0x7C, 0xDA, 0x0B, 0x6A, 0xD5, 0xFC, 0x92, 0x06, 0x48, 0xA9,
    0x74, 0xB7, 0xE6, 0xDB, 0x1B, 0x01, 0xA7, 0xB6, 0x44, 0x17, 0xA9, 0x40, 0x99, 0xEA, 0x3C, 0x75,
    0x86, 0x8D, 0x88, 0x75, 0x3B, 0xCA, 0xF3, 0x9D, 0xE8, 0x3C, 0x92, 0x7D, 0x74, 0x64, 0x08, 0x29,
    0xA0, 0x01, 0xDD, 0xB5, 0x30, 0xFB, 0xBE, 0xA2, 0x04, 0x0B, 0x95, 0xDF, 0xB8, 0xE4, 0x8D, 0x87,
    0xBA, 0x35, 0x1D, 0xE1, 0x17, 0x26, 0x95, 0x92, 0x41, 0x49, 0xD9, 0xE9, 0x31, 0x21, 0xD5, 0x79,
    0x2F, 0x7F, 0x4F, 0xB1, 0xFA, 0x93, 0xE4, 0x33, 0xCD, 0xA9, 0xAD, 0x38, 0xE1, 0x95, 0xFC, 0x02,
    0x1E, 0x4F, 0xCC, 0x8A, 0xBB, 0x8B, 0xCF, 0x3D, 0x8F, 0xBF, 0xAB, 0xB4, 0xEA, 0xE4, 0x7C, 0xF6,
    0x8D, 0x51, 0x96, 0xCF, 0x19, 0xFB, 0x16, 0x0B, 0xA9, 0x98, 0x22, 0x8C, 0x05, 0x67, 0xE7, 0x3B,
    0x38, 0x3F, 0x8C, 0xDF, 0xC7, 0x94, 0x50, 0xF8, 0x74, 0x19, 0x47, 0xD2, 0xF3, 0x42, 0xF0, 0x9C,
    0xC1, 0xC5, 0x00, 0xB4, 0xB1, 0x44, 0x23, 0x10, 0x9D, 0x9D, 0x0D, 0x3E, 0x13, 0xF1, 0x8F, 0x89,
    0x7A, 0xCD, 0x24, 0xD3, 0xAE, 0xB9, 0x54, 0x59, 0x74, 0x5A, 0x76, 0xCA, 0xA3, 0xD4, 0xBD, 0x6A,
    0x7A, 0xE7, 0x3A, 0xA3, 0xCD, 0x99, 0xCD, 0x8B, 0x63, 0x99, 0xA5, 0x4F, 0x05, 0xBC, 0xA2, 0xA0,
    0x7C, 0xCF, 0x72, 0x9D, 0xEF, 0x4F, 0x8D, 0xCA, 0x0C, 0xCB, 0x8C, 0xCB, 0x0C, 0xCC, 0x8C, 0x8C,
    0x87, 0x66, 0xC6, 0x66, 0x06, 0x67, 0x46, 0x67, 0x86, 0x27, 0xF4, 0xF8, 0x84, 0x1E, 0xA0, 0x50,
    0x23, 0x4C, 0x85, 0x1A, 0x62, 0xA1, 0xC7, 0xB8, 0x6D, 0x52, 0x64, 0x55, 0x81, 0x1C, 0x6C, 0x4D,
    0xAF, 0xC1, 0xEC, 0xF3, 0x38, 0x91, 0xBF, 0x81, 0xCD, 0x29, 0x36, 0x48, 0x8A, 0x39, 0x62, 0x92,
    0x05, 0xE5, 0xA3, 0x4A, 0x30, 0x75, 0x2B, 0x46, 0x51, 0xD6, 0x9C, 0x4F, 0x76, 0xC1, 0xBA, 0xCD,
    0x90, 0x42, 0x7D, 0x72, 0x8E, 0x85, 0x4D, 0x1A, 0xE6, 0x39, 0x67, 0x96, 0xA7, 0x90, 0x23, 0xF3,
    0x33, 0x2F, 0x10, 0x2B, 0x92, 0x32, 0xA6, 0x34, 0x36, 0x25, 0xA6, 0x1C, 0xA5, 0x95, 0x62, 0xA1,
    0x28, 0xED, 0x15, 0xA6, 0x12, 0xA3, 0x15, 0x8E, 0xCF, 0xC3, 0xA0, 0x2C, 0x7F, 0xCC, 0x82, 0xD1,
    0x21, 0xE4, 0x07, 0x3E, 0xA5, 0x82, 0x42, 0x0D, 0x05, 0xA5, 0x41, 0xE6, 0xC0, 0x5F, 0x32, 0xCC,
    0x11, 0x5F, 0xC4, 0x99, 0x24, 0xA0, 0x9B, 0x70, 0x5B, 0xB9, 0x41, 0xCF, 0x5A, 0x52, 0xE6, 0xBC,
    0x05, 0x96, 0x36, 0x2C, 0xFF, 0x00, 0x56, 0x16, 0x32, 0x4F, 0x6C, 0x1F, 0x7D, 0xFB, 0xB8, 0xD8,
    0xF3, 0xB1, 0x59, 0x3E, 0x72, 0xFE, 0x46, 0xCE, 0xD7, 0xC8, 0xF9, 0x19, 0x39, 0x1F, 0x23, 0x2B,
    0x8C, 0x39, 0xB3, 0x62, 0x7F, 0x0C, 0x6A, 0x8E, 0x57, 0xE4, 0x7C, 0x89, 0x9C, 0x1F, 0x91, 0xF3,
    0x21, 0x72, 0xF4, 0x31, 0xE7, 0x3B, 0xE4, 0xEC, 0x6B, 0xBD, 0x2A, 0x58, 0xAB, 0x3C, 0x75, 0x56,
    0xAC, 0xB7, 0x3B, 0xFB, 0xE3, 0xF3, 0xE2, 0x5D, 0x9E, 0x1B, 0x36, 0xD7, 0x53, 0xD4, 0x39, 0xA7,
    0xFE, 0x55, 0x1A, 0x75, 0xA1, 0x94, 0xE9, 0xFC, 0xF4, 0x1D, 0x5F, 0xD9, 0x35, 0x7C, 0x15, 0xDA,
    0x6A, 0xCE, 0x5B, 0xEC, 0x23, 0x81, 0x1B, 0x98, 0x4E, 0x59, 0x13, 0x70, 0x62, 0x0D, 0xA3, 0x24,
    0x37, 0xFA, 0x71, 0xAD, 0x1A, 0x0F, 0xB4, 0xAE, 0x9F, 0xA1, 0x00, 0x6B, 0x12, 0x83, 0x4C, 0x46,
    0xFF, 0x72, 0xF0, 0x3F, 0x59, 0xF5, 0x0F, 0xED, 0xB0, 0xFE, 0xB3, 0x0E, 0x3D, 0x8C, 0x65, 0xAD,
    0x5C, 0x0C, 0x71, 0x85, 0xBB, 0xDD, 0xE8, 0x2D, 0x77, 0x7E, 0x4F, 0x56, 0xBE, 0x63, 0x7A, 0xBB,
    0xC4, 0xF9, 0x6D, 0xC7, 0x8A, 0x68, 0x57, 0xC0, 0xEF, 0x56, 0xDD, 0xA7, 0x15, 0x3B, 0xEA, 0xFC,
    0x8B, 0x50, 0xF1, 0xE2, 0x19, 0xA5, 0xE7, 0xA0, 0x9C, 0x0A, 0x18, 0x76, 0xDA, 0x81, 0xE0, 0xE2,
    0x2C, 0xD0, 0xAE, 0x7F, 0x80, 0x97, 0x34, 0xB0, 0x01, 0xD3, 0x8E, 0xB8, 0x2D, 0x99, 0x53, 0xCA,
    0x1F, 0x84, 0x4C, 0x1A, 0xCA, 0xBF, 0xCB, 0xD8, 0xBC, 0x40, 0x0A, 0x29, 0x62, 0xE1, 0x89, 0x53,
    0xE0, 0x43, 0xA1, 0x15, 0xE7, 0x7D, 0x24, 0x4C, 0x1F, 0x1D, 0x43, 0xE8, 0x40, 0x73, 0xE8, 0x2F,
    0xE7, 0x7A, 0x53, 0x7C, 0x76, 0xA6, 0x9D, 0x5C, 0x73, 0x61, 0xD0, 0x8E, 0xD2, 0xFC, 0xA9, 0xC4,
    0x7E, 0x2A, 0x95, 0x9F, 0x4A, 0xDE, 0xA7, 0xD2, 0xF5, 0x71, 0x82, 0x3E, 0xE5, 0x37, 0x09, 0xF2,
    0x17, 0x25, 0xE1, 0x4B, 0x39, 0xED, 0x5E, 0xCA, 0x89, 0xF6, 0x74, 0x6A, 0xBD, 0x91, 0x6F, 0xB2,
    0x72, 0xAB, 0x1E, 0xBA, 0x28, 0x57, 0x36, 0xFF, 0xAB, 0x70, 0x58, 0xA1, 0x9E, 0x3F, 0x54, 0xA1,
    0x8F, 0x86, 0x31, 0x47, 0x9D, 0xA1, 0xA4, 0xDE, 0xF1, 0x33, 0x11, 0x52, 0xDC, 0xAC, 0x73, 0x01,
    0xC2, 0x60, 0xE1, 0x20, 0x2A, 0x62, 0x6A, 0x41, 0x90, 0xF5, 0xE2, 0xA8, 0x04, 0xB9, 0x97, 0x5D,
    0x1F, 0x72, 0x76, 0x7A, 0xF8, 0x09, 0x99, 0x2B, 0xE6, 0x86, 0x15, 0xA4, 0xE7, 0xA1, 0xD1, 0x23,
    0xD0, 0xF8, 0xA9, 0x67, 0x4A, 0x88, 0xA4, 0x67, 0x9B, 0xF1, 0xE3, 0xCC, 0xF8, 0x09, 0x66, 0xFC,
    0xB4, 0x38, 0x7E, 0x48, 0x1C, 0x3D, 0x9A, 0x8C, 0xE8, 0x8F, 0x6C, 0xE8, 0x01, 0x64, 0x2D, 0x3D,
    0x73, 0xAC, 0xA5, 0xC7, 0x8C, 0x2D, 0x86, 0x8F, 0x7B, 0xF3, 0x8A, 0x7E, 0x8C, 0x4A, 0x50, 0xAF,
    0x96, 0x79, 0xFD, 0xD9, 0xB2, 0xA0, 0xAD, 0x8C, 0x8C, 0xEC, 0x20, 0x43, 0x8B, 0xCE, 0x22, 0x30,
    0x9E, 0x75, 0x34, 0xC4, 0x86, 0x16, 0x1A, 0x11, 0x98, 0x0A, 0x08, 0xCC, 0x4C, 0x96, 0xBC, 0xC4,
    0x7A, 0x02, 0xD3, 0x2C, 0x11, 0x18, 0xBB, 0x8F, 0xBD, 0x24, 0x32, 0x8E, 0x2F, 0xDE, 0x59, 0x2E,
    0x39, 0x5C, 0x0E, 0xA5, 0x19, 0x3C, 0x2B, 0xFF, 0x1E, 0xED, 0xDA, 0xA3, 0xBD, 0x7A, 0x94, 0x43,
    0xCF, 0x9B, 0xC2, 0x8E, 0x81, 0xF7, 0xFA, 0x98, 0xF8, 0x42, 0x11, 0x8C, 0x54, 0xFB, 0xED, 0x68,
    0x97, 0x1D, 0xED, 0xAD, 0xA3, 0x09, 0x86, 0xF6, 0xD1, 0x31, 0xEE, 0x39, 0xDA, 0x33, 0xA7, 0x77,
    0xCA, 0x99, 0x90, 0xCA, 0x0F, 0x90, 0x07, 0x8E, 0xBD, 0xCC, 0x71, 0x9B, 0x41, 0xC4, 0x28, 0x49,
    0xEB, 0x78, 0x61, 0x3C, 0x07, 0x23, 0x18, 0xDC, 0x6E, 0x4C, 0xF1, 0x9D, 0x8C, 0x0D, 0xBE, 0xCB,
    0xB1, 0xBE, 0xBC, 0x64, 0xA9, 0xCA, 0xB1, 0xDB, 0x49, 0xC3, 0xF6, 0xDC, 0x58, 0xA8, 0x9C, 0xF5,
    0x2C, 0x96, 0xB3, 0x46, 0x0A, 0x1F, 0x61, 0x91, 0x0B, 0x6F, 0x81, 0xDE, 0xBA, 0x78, 0x44, 0x9B,
    0x5C, 0xF4, 0x13, 0xA0, 0x8F, 0x6D, 0x76, 0x95, 0x62, 0xF2, 0xBF, 0x2D, 0xC5, 0xD7, 0x25, 0x66,
    0x0E, 0xED, 0x59, 0x50, 0xD6, 0xCF, 0xC2, 0xBC, 0x6C, 0xCC, 0x99, 0xC0, 0x1E, 0x30, 0x8B, 0x77,
    0xA2, 0x16, 0x2F, 0xC7, 0x53, 0x50, 0x98, 0xDA, 0x2D, 0xD2, 0x7B, 0xFD, 0x2B, 0x79, 0x3D, 0x7F,
    0x9B, 0x28, 0xF6, 0x84, 0xE8, 0x39, 0x51, 0xFB, 0x76, 0x46, 0x39, 0x52, 0x10, 0xC5, 0xE0, 0x2E,
    0xF2, 0x62, 0x9C, 0xF5, 0x6E, 0x51, 0xA5, 0x3A, 0xA2, 0x5A, 0x25, 0x9F, 0xB1, 0xFE, 0x1C, 0xA9,
    0x08, 0x5C, 0xE1, 0x8D, 0xAC, 0x54, 0x4A, 0x11, 0xA6, 0x35, 0x08, 0x20, 0xC1, 0xCF, 0xFA, 0xD2,
    0x5E, 0xC6, 0xEF, 0x55, 0x8E, 0x94, 0x7B, 0x20, 0xCF, 0x09, 0xAB, 0x2B, 0x79, 0x86, 0x59, 0x2D,
    0xC2, 0xF9, 0x28, 0xB8, 0x0F, 0x82, 0x12, 0x7C, 0x90, 0xD7, 0x75, 0x6C, 0xD1, 0xF7, 0xF2, 0x2E,
    0x24, 0xF8, 0xD0, 0xEB, 0x21, 0xEE, 0x39, 0xA1, 0xBB, 0x91, 0x98, 0xE3, 0x83, 0x06, 0xAF, 0x91,
    0x6E, 0xAE, 0x0E, 0x58, 0x53, 0x41, 0x71, 0x50, 0x6E, 0x9B, 0xE4, 0x7D, 0x4D, 0x69, 0x31, 0xEE,
    0x21, 0x38, 0xAF, 0x7E, 0xE9, 0x67, 0xCB, 0xA9, 0x67, 0xC6, 0x99, 0x67, 0xC9, 0xE9, 0x67, 0xC8,
    0xA9, 0x67, 0xC7, 0x4D, 0x63, 0xB5, 0x0B, 0x64, 0x94, 0x64, 0xCA, 0xC4, 0xC9, 0x87, 0x2A, 0x54,
    0xFE, 0x0C, 0x72, 0x0F, 0x05, 0x72, 0x0E, 0x9D, 0xB0, 0x1C, 0x40, 0xC5, 0x83, 0x6E, 0x91, 0x3D,
    0x53, 0xCB, 0x67, 0xEA, 0xEC, 0x0B, 0xD5, 0x27, 0x27, 0x1B, 0x77, 0x22, 0x38, 0xDE, 0x68, 0x01,
    0x51, 0x10, 0x78, 0x1D, 0x09, 0xF1, 0x2F, 0x90, 0xCF, 0xFE, 0x69, 0x8B, 0xBD, 0x34, 0x1B, 0xB6,
    0x7F, 0x6D, 0x1F, 0x11, 0xD5, 0x06, 0x36, 0x9E, 0x27, 0xB2, 0x16, 0xC8, 0xF6, 0x81, 0x59, 0x39,
    0x1B, 0x19, 0xBD, 0x4F, 0xD0, 0x31, 0x63, 0x19, 0x92, 0x1E, 0x81, 0x23, 0x3B, 0x97, 0x88, 0xFA,
    0x55, 0x62, 0x78, 0x6F, 0xB5, 0x7A, 0x5B, 0x50, 0xA1, 0x51, 0x13, 0x85, 0xA4, 0x0B, 0xA3, 0x55,
    0xE4, 0xF8, 0xA7, 0xA0, 0xA3, 0x87, 0x0C, 0xD7, 0x19, 0x6D, 0x68, 0x09, 0x4E, 0xCC, 0x26, 0x1A,
    0xD2, 0xA4, 0x54, 0x93, 0x94, 0xD2, 0xD1, 0xC4, 0x54, 0x29, 0xFD, 0xE4, 0x3E, 0xA1, 0xFA, 0x08,
    0xAF, 0x97, 0xB3, 0x06, 0x73, 0xB8, 0x1C, 0xF0, 0xCA, 0x21, 0xDF, 0x67, 0x9D, 0x26, 0x7C, 0xF2,
    0x53, 0xC6, 0x1B, 0x7E, 0x34, 0x62, 0xC2, 0x56, 0xE4, 0x40, 0xB2, 0x31, 0x19, 0x58, 0x62, 0x7A,
    0x5A, 0x2F, 0x39, 0x56, 0x81, 0x50, 0xC9, 0x9C, 0x2E, 0xC5, 0xC7, 0x01, 0x46, 0x29, 0x6A, 0x66,
    0x2F, 0x35, 0x7C, 0xF8, 0x0F, 0xCB, 0x13, 0x0B, 0xD3, 0x1B, 0x62, 0x5C, 0x2F, 0xE0, 0x09, 0x03,
    0xB9, 0xE0, 0xF4, 0x34, 0xD3, 0xDB, 0x09, 0x26, 0x8A, 0x06, 0xD4, 0xEB, 0x9F, 0x47, 0x43, 0x3C,
    0x5C, 0x64, 0x58, 0xEF, 0x2B, 0xC6, 0xD9, 0x29, 0x7A, 0x51, 0x38, 0xF1, 0x1C, 0x13, 0x43, 0x67,
    0xD7, 0xE0, 0xF0, 0x35, 0x33, 0xD7, 0x2E, 0x62, 0x0F, 0x25, 0xF8, 0x0F, 0x70, 0xCB, 0xF0, 0x65,
    0x89, 0xCF, 0x43, 0x45, 0xE6, 0x2C, 0x92, 0x59, 0xA1, 0xC2, 0xFF, 0x68, 0x05, 0xA2, 0xF9, 0x84,
    0x9F, 0xDE, 0x1C, 0xF0, 0x76, 0x82, 0x16, 0x80, 0x9B, 0x68, 0xCE, 0xFE, 0x3C, 0x8C, 0x19, 0xF7,
    0x27, 0xB9, 0x7D, 0x89, 0x34, 0xFB, 0x8D, 0xD0, 0x76, 0xD5, 0x8A, 0x74, 0xFF, 0xFF, 0x0B, 0xD5,
    0x91, 0x31, 0x52, 0xC4, 0x30, 0x0C, 0x45, 0x45, 0x3C, 0x90, 0x82, 0x22, 0x15, 0x75, 0x7A, 0x9A,
    0x1C, 0xC1, 0x3E, 0x02, 0x37, 0xE1, 0x08, 0x76, 0x4F, 0x93, 0x43, 0xD0, 0x70, 0x8A, 0xE4, 0x28,
    0xA9, 0x69, 0x70, 0x91, 0x62, 0x67, 0x58, 0xFB, 0xA3, 0x2F, 0x67, 0x87, 0xE5, 0x04, 0x80, 0x8A,
    0xFF, 0x1C, 0x5B, 0xB6, 0xF4, 0x15, 0x79, 0x13, 0x86, 0xAB, 0x86, 0xFB, 0xD2, 0xB0, 0x5E, 0xC3,
    0x7D, 0x26, 0xA2, 0xC7, 0xFA, 0xF0, 0x24, 0x32, 0xD4, 0xE0, 0xB3, 0xC8, 0x5D, 0x10, 0x42, 0xE3,
    0x0A, 0x5D, 0xC3, 0x90, 0x64, 0xCA, 0xB6, 0x24, 0xE2, 0xD9, 0x30, 0xC2, 0xD0, 0x23, 0x11, 0x37,
    0xD8, 0x08, 0x89, 0x27, 0xC3, 0x58, 0xA6, 0x9D, 0x05, 0x11, 0x89, 0x0E, 0x20, 0xE4, 0x80, 0x6F,
    0x18, 0x71, 0x22, 0x22, 0xCE, 0xDC, 0xD2, 0x78, 0x25, 0x3E, 0x00, 0xE2, 0x05, 0x08, 0x1E, 0x45,
    0x6F, 0x6A, 0xC2, 0x2C, 0xCF, 0xCD, 0x4E, 0x8B, 0x5B, 0x61, 0xBD, 0x70, 0x88, 0x20, 0x99, 0x0C,
    0x41, 0xAC, 0x15, 0xA4, 0x58, 0x54, 0x3C, 0x12, 0x52, 0x8F, 0xAC, 0xA7, 0xA8, 0x9A, 0x37, 0xE9,
    0x4B, 0xE2, 0xC0, 0x77, 0x16, 0x0E, 0xC5, 0x57, 0xAB, 0x1D, 0xF4, 0x11, 0xAC, 0xEA, 0x62, 0xD9,
    0x64, 0x2A, 0x7A, 0x7D, 0xD9, 0xC7, 0xEC, 0xF0, 0xBE, 0xEC, 0x4E, 0x3B, 0xCA, 0x94, 0x8D, 0xB2,
    0xAA, 0x5C, 0x7A, 0x78, 0xB4, 0xAA, 0x81, 0xBE, 0x54, 0x1C, 0xFD, 0x76, 0x36, 0xB3, 0xBA, 0xB1,
    0xA7, 0xCC, 0x3A, 0xB3, 0xEE, 0xCD, 0x2D, 0x9D, 0x43, 0xFE, 0x39, 0xD6, 0xBF, 0x3F, 0x64, 0xB3,
    0xD8, 0x4C, 0x1E, 0x36, 0x0F, 0xA3, 0x17, 0xAB, 0xCD, 0x2C, 0xCF, 0xEC, 0xD3, 0x0C, 0x7F, 0x5B,
    0xFE, 0xE5, 0x7F, 0xF4, 0x0F, 0x27, 0xFE, 0x05, 0x4D, 0x8F, 0xB1, 0x0D, 0xC3, 0x30, 0x0C, 0x04,
    0x19, 0xA8, 0x48, 0xC9, 0x3E, 0x19, 0x42, 0x23, 0x50, 0x9B, 0x39, 0x23, 0x64, 0x23, 0x6B, 0x04,
    0x8D, 0x90, 0x11, 0x52, 0xD8, 0x40, 0x0A, 0x3B, 0x9F, 0xD7, 0x0B, 0x36, 0xC2, 0xE6, 0x41, 0xF0,
    0xC8, 0x7F, 0x9A, 0x9D, 0x95, 0xCA, 0x50, 0x6F, 0x43, 0x63, 0x19, 0x8A, 0x7D, 0x8C, 0x01, 0x01,
    0x0E, 0x08, 0x88, 0xE7, 0x5D, 0xC0, 0xC7, 0xAC, 0x03, 0x89, 0x1A, 0x04, 0x7C, 0xBB, 0x3D, 0x82,
    0x40, 0x7C, 0xD1, 0x32, 0x01, 0x00, 0xAF, 0xBC, 0xF7, 0x6D, 0xD4, 0x40, 0xE1, 0x36, 0x6C, 0x42,
    0x0B, 0x60, 0xBB, 0x00, 0x0B, 0xF5, 0x7D, 0xA5, 0x7A, 0xC7, 0x78, 0x99, 0x5C, 0x9F, 0x15, 0xEE,
    0xB5, 0xA9, 0x3B, 0xB3, 0xE1, 0x58, 0xB6, 0x32, 0x4E, 0x58, 0x67, 0x05, 0xE1, 0x39, 0x05, 0x8B,
    0x9A, 0x95, 0xC3, 0x6B, 0x28, 0x57, 0x5A, 0xE7, 0xF2, 0x9F, 0xFB, 0xFC, 0xE3, 0xF8, 0xEB, 0xF8,
    0x53, 0xF5, 0x03, 0x63, 0x60, 0x60, 0x48, 0x60, 0x00, 0x02, 0xF6, 0x2F, 0x0C, 0x0C, 0x62, 0x2C,
    0xF1, 0x0D, 0x0C, 0x0C, 0x6A, 0x9C, 0xF3, 0x19, 0x18, 0x04, 0x38, 0x19, 0xB9, 0x1D, 0x18, 0xB6,
    0xD4, 0xBB, 0x37, 0x1F, 0x3E, 0x5F, 0xB1, 0xFF, 0xFE, 0xF5, 0xEF, 0xEF, 0x77, 0x6C, 0xFB, 0x0F,
    0x04, 0x5F, 0x18, 0x32, 0x56, 0x4A, 0xA6, 0x4E, 0x00, 0xE9, 0x60, 0x50, 0x74, 0x00, 0x53, 0xE6,
    0x0D, 0x0C, 0x48, 0x80, 0x0B, 0x42, 0xD9, 0x83, 0x04, 0xB9, 0x27, 0x6C, 0x3A, 0xC0, 0x74, 0xC0,
    0xA1, 0xFE, 0xC3, 0xB7, 0x0B, 0xCC, 0x07, 0x3E, 0x7E, 0xA9, 0xD8, 0x7F, 0x81, 0xF1, 0xE1, 0xE7,
    0x03, 0x5B, 0xC4, 0x0F, 0x30, 0x82, 0x8C, 0xFA, 0xDF, 0xC0, 0xFC, 0x8A, 0xFB, 0x5F, 0xF4, 0x4B,
    0x06, 0x79, 0x88, 0x01, 0xB5, 0x10, 0x9D, 0x02, 0x08, 0xB3, 0x98, 0x0F, 0x30, 0x32, 0x30, 0x5D,
    0x90, 0x3F, 0xC0, 0xF0, 0xC1, 0xEE, 0x01, 0xC3, 0x87, 0x2D, 0x1F, 0xEC, 0xFF, 0xFF, 0xFF, 0x50,
    0x7F, 0xFF, 0xF6, 0x01, 0x00,
};

static const EpdGlyph arabic_16_boldGlyphs[] = {
    { 38, 13, 609, 0, 7, 124, 0 }, // U+0600
    { 50, 10, 791, 0, -1, 125, 124 }, // U+0601
    { 38, 12, 604, 0, 6, 114, 249 }, // U+0602
    { 45, 12, 727, 0, 6, 135, 363 }, // U+0603
    { 73, 22, 1161, 0, 14, 402, 498 }, // U+0604
    { 41, 9, 662, 0, 27, 93, 900 }, // U+0605
    { 21, 27, 338, 0, 27, 142, 993 }, // U+0606
    { 21, 28, 338, 0, 28, 147, 1135 }, // U+0607
    { 41, 26, 656, 0, 16, 267, 1282 }, // U+0608
    { 24, 26, 403, 1, 24, 156, 1549 }, // U+0609
    { 31, 26, 518, 1, 24, 202, 1705 }, // U+060A
    { 16, 37, 269, 0, 28, 148, 1907 }, // U+060B
    { 6, 10, 172, 2, 9, 15, 2055 }, // U+060C
    { 12, 14, 195, 0, 7, 42, 2070 }, // U+060D
    { 33, 15, 521, 0, 14, 124, 2112 }, // U+060E
    { 23, 34, 331, 0, 19, 196, 2236 }, // U+060F
    { 12, 9, 0, 0, 28, 27, 2432 }, // U+0610
    { 11, 9, 0, 0, 28, 25, 2459 }, // U+0611
    { 11, 8, 0, 0, 28, 22, 2484 }, // U+0612
    { 14, 11, 0, 1, 30, 39, 2506 }, // U+0613
    { 15, 5, 0, 0, 25, 19, 2545 }, // U+0614
    { 10, 10, 0, 0, 47, 25, 2564 }, // U+0615
    { 13, 13, 0, 0, 50, 43, 2589 }, // U+0616
    { 6, 11, 0, 0, 48, 17, 2632 }, // U+0617
    { 6, 5, 0, 1, 24, 8, 2649 }, // U+0618
    { 8, 9, 0, 0, 28, 18, 2657 }, // U+0619
    { 6, 5, 0, 1, -2, 8, 2675 }, // U+061A
    { 9, 24, 181, 0, 23, 54, 2683 }, // U+061B
    { 0, 0, 320, 0, 0, 0, 2737 }, // U+061C
    { 15, 27, 309, 2, 25, 102, 2737 }, // U+061D
    { 10, 9, 154, 0, 8, 23, 2839 }, // U+061E
    { 17, 26, 273, 0, 25, 111, 2862 }, // U+061F
    { 27, 32, 438, 0, 16, 216, 2973 }, // U+0620
    { 15, 17, 251, 0, 15, 64, 3189 }, // U+0621
    { 12, 30, 145, -2, 30, 90, 3253 }, // U+0622
    { 8, 33, 145, 0, 33, 66, 3343 }, // U+0623
    { 16, 32, 266, 0, 24, 128, 3409 }, // U+0624
    { 9, 35, 146, 1, 25, 79, 3537 }, // U+0625
    { 27, 26, 438, 0, 18, 176, 3616 }, // U+0626
    { 7, 25, 146, 1, 25, 44, 3792 }, // U+0627
    { 32, 24, 546, 1, 15, 192, 3836 }, // U+0628
    { 15, 27, 251, 0, 26, 102, 4028 }, // U+0629
    { 32, 20, 546, 1, 19, 160, 4130 }, // U+062A
    { 32, 24, 546, 1, 23, 192, 4290 }, // U+062B
    { 22, 31, 366, 0, 17, 171, 4482 }, // U+062C
    { 22, 31, 366, 0, 17, 171, 4653 }, // U+062D
    { 22, 40, 366, 0, 26, 220, 4824 }, // U+062E
    { 15, 19, 276, 1, 18, 72, 5044 }, // U+062F
    { 15, 27, 276, 1, 26, 102, 5116 }, // U+0630
    { 14, 21, 218, -2, 13, 74, 5218 }, // U+0631
    { 14, 30, 218, -2, 22, 105, 5292 }, // U+0632
    { 44, 24, 731, 0, 16, 264, 5397 }, // U+0633
    { 44, 33, 731, 0, 25, 363, 5661 }, // U+0634
    { 47, 23, 758, 0, 15, 271, 6024 }, // U+0635
    { 47, 32, 758, 0, 24, 376, 6295 }, // U+0636
    { 27, 26, 450, 0, 25, 176, 6671 }, // U+0637
    { 27, 26, 450, 0, 25, 176, 6847 }, // U+0638
    { 22, 33, 304, 0, 19, 182, 7023 }, // U+0639
    { 22, 42, 304, 0, 28, 231, 7205 }, // U+063A
    { 30, 30, 485, 1, 29, 225, 7436 }, // U+063B
    { 30, 36, 485, 1, 24, 270, 7661 }, // U+063C
    { 27, 26, 438, 0, 18, 176, 7931 }, // U+063D
    { 27, 24, 438, 0, 16, 162, 8107 }, // U+063E
    { 27, 27, 438, 0, 19, 183, 8269 }, // U+063F
    { 13, 6, 154, 0, 5, 20, 8452 }, // U+0640
    { 32, 29, 546, 1, 28, 232, 8472 }, // U+0641
    { 27, 30, 444, 0, 23, 203, 8704 }, // U+0642
    { 29, 26, 496, 1, 25, 189, 8907 }, // U+0643
    { 23, 33, 395, 0, 25, 190, 9096 }, // U+0644
    { 18, 29, 292, 0, 15, 131, 9286 }, // U+0645
    { 24, 27, 395, 0, 19, 162, 9417 }, // U+0646
    { 25, 20, 411, 0, 19, 125, 9579 }, // U+0647
    { 16, 22, 266, 0, 14, 88, 9704 }, // U+0648
    { 27, 24, 438, 0, 16, 162, 9792 }, // U+0649
    { 27, 32, 438, 0, 16, 216, 9954 }, // U+064A
    { 9, 10, 0, 1, 29, 23, 10170 }, // U+064B
    { 12, 10, 0, 0, 29, 30, 10193 }, // U+064C
    { 9, 9, 0, 1, -1, 21, 10223 }, // U+064D
    { 9, 6, 0, 1, 25, 14, 10244 }, // U+064E
    { 10, 10, 0, 0, 29, 25, 10258 }, // U+064F
    { 9, 6, 0, 1, -1, 14, 10283 }, // U+0650
    { 10, 8, 0, 0, 27, 20, 10297 }, // U+0651
    { 7, 8, 0, 1, 28, 14, 10317 }, // U+0652
    { 12, 5, 0, 0, 25, 15, 10331 }, // U+0653
    { 9, 9, 0, 0, 28, 21, 10346 }, // U+0654
    { 9, 9, 0, 0, -1, 21, 10367 }, // U+0655
    { 4, 7, 0, 1, -1, 7, 10388 }, // U+0656
    { 10, 10, 0, 1, 29, 25, 10395 }, // U+0657
    { 8, 6, 0, 0, 25, 12, 10420 }, // U+0658
    { 9, 3, 0, 1, 24, 7, 10432 }, // U+0659
    { 9, 8, 0, 0, 26, 18, 10439 }, // U+065A
    { 9, 8, 0, 0, 26, 18, 10457 }, // U+065B
    { 7, 7, 0, 0, -1, 13, 10475 }, // U+065C
    { 9, 10, 0, 2, 28, 23, 10488 }, // U+065D
    { 9, 11, 0, 1, 30, 25, 10511 }, // U+065E
    { 11, 9, 0, 0, -2, 25, 10536 }, // U+065F
    { 8, 8, 184, 2, 14, 16, 10561 }, // U+0660
    { 9, 24, 178, 1, 23, 54, 10577 }, // U+0661
    { 17, 24, 290, 1, 23, 102, 10631 }, // U+0662
    { 19, 24, 328, 1, 23, 114, 10733 }, // U+0663
    { 16, 24, 262, 1, 23, 96, 10847 }, // U+0664
    { 15, 18, 303, 2, 18, 68, 10943 }, // U+0665
    { 17, 24, 299, 0, 23, 102, 11011 }, // U+0666
    { 21, 25, 341, 0, 24, 132, 11113 }, // U+0667
    { 21, 24, 341, 0, 23, 126, 11245 }, // U+0668
    { 17, 23, 290, 0, 23, 98, 11371 }, // U+0669
    { 16, 26, 288, 1, 24, 104, 11469 }, // U+066A
    { 9, 13, 145, 0, 7, 30, 11573 }, // U+066B
    { 10, 13, 145, 0, 23, 33, 11603 }, // U+066C
    { 17, 17, 266, 0, 16, 73, 11636 }, // U+066D
    { 32, 16, 546, 1, 15, 128, 11709 }, // U+066E
    { 27, 23, 444, 0, 16, 156, 11837 }, // U+066F
    { 4, 7, 0, 1, 26, 7, 11993 }, // U+0670
    { 11, 32, 145, -1, 32, 88, 12000 }, // U+0671
    { 11, 33, 145, -1, 33, 91, 12088 }, // U+0672
    { 11, 36, 146, -2, 25, 99, 12179 }, // U+0673
    { 15, 17, 251, 0, 19, 64, 12278 }, // U+0674
    { 23, 25, 396, 1, 25, 144, 12342 }, // U+0675
    { 32, 27, 516, 0, 19, 216, 12486 }, // U+0676
    { 32, 33, 516, 0, 25, 264, 12702 }, // U+0677
    { 43, 27, 688, 0, 19, 291, 12966 }, // U+0678
    { 32, 26, 546, 1, 25, 208, 13257 }, // U+0679
    { 32, 26, 546, 1, 25, 208, 13465 }, // U+067A
    { 32, 29, 546, 1, 15, 232, 13673 }, // U+067B
    { 32, 24, 546, 1, 19, 192, 13905 }, // U+067C
    { 32, 24, 546, 1, 23, 192, 14097 }, // U+067D
    { 32, 28, 546, 1, 15, 224, 14289 }, // U+067E
    { 32, 24, 546, 1, 23, 192, 14513 }, // U+067F
    { 32, 28, 546, 1, 15, 224, 14705 }, // U+0680
    { 22, 41, 366, 0, 27, 226, 14929 }, // U+0681
    { 22, 44, 366, 0, 30, 242, 15155 }, // U+0682
    { 23, 31, 366, 0, 17, 179, 15397 }, // U+0683
    { 22, 31, 366, 0, 17, 171, 15576 }, // U+0684
    { 22, 43, 366, 0, 29, 237, 15747 }, // U+0685
    { 23, 31, 366, 0, 17, 179, 15984 }, // U+0686
    { 23, 31, 366, 0, 17, 179, 16163 }, // U+0687
    { 15, 31, 276, 1, 30, 117, 16342 }, // U+0688
    { 15, 23, 276, 1, 18, 87, 16459 }, // U+0689
    { 15, 26, 276, 1, 18, 98, 16546 }, // U+068A
    { 15, 38, 276, 1, 30, 143, 16644 }, // U+068B
    { 15, 26, 276, 1, 25, 98, 16787 }, // U+068C
    { 15, 26, 276, 1, 18, 98, 16885 }, // U+068D
    { 15, 30, 276, 1, 29, 113, 16983 }, // U+068E
    { 15, 30, 276, 1, 29, 113, 17096 }, // U+068F
    { 15, 30, 276, 1, 29, 113, 17209 }, // U+0690
    { 15, 34, 218, -2, 26, 128, 17322 }, // U+0691
    { 14, 32, 218, -2, 24, 112, 17450 }, // U+0692
    { 15, 21, 218, -2, 13, 79, 17562 }, // U+0693
    { 14, 28, 218, -2, 13, 98, 17641 }, // U+0694
    { 14, 28, 218, -2, 13, 98, 17739 }, // U+0695
    { 15, 28, 218, -3, 13, 105, 17837 }, // U+0696
    { 15, 29, 218, -2, 21, 109, 17942 }, // U+0697
    { 15, 33, 218, -2, 25, 124, 18051 }, // U+0698
    { 15, 33, 218, -2, 25, 124, 18175 }, // U+0699
    { 44, 30, 731, 0, 22, 330, 18299 }, // U+069A
    { 44, 28, 731, 0, 16, 308, 18629 }, // U+069B
    { 44, 37, 731, 0, 25, 407, 18937 }, // U+069C
    { 47, 23, 758, 0, 15, 271, 19344 }, // U+069D
    { 47, 35, 758, 0, 27, 412, 19615 }, // U+069E
    { 27, 28, 450, 0, 27, 189, 20027 }, // U+069F
    { 22, 45, 304, 0, 31, 248, 20216 }, // U+06A0
    { 32, 21, 546, 1, 20, 168, 20464 }, // U+06A1
    { 32, 28, 546, 1, 20, 224, 20632 }, // U+06A2
    { 32, 36, 546, 1, 28, 288, 20856 }, // U+06A3
    { 32, 32, 546, 1, 31, 256, 21144 }, // U+06A4
    { 32, 32, 546, 1, 20, 256, 21400 }, // U+06A5
    { 32, 32, 546, 1, 31, 256, 21656 }, // U+06A6
    { 27, 31, 444, 0, 24, 210, 21912 }, // U+06A7
    { 27, 34, 444, 0, 27, 230, 22122 }, // U+06A8
    { 30, 25, 485, 1, 24, 188, 22352 }, // U+06A9
    { 32, 22, 551, 1, 21, 176, 22540 }, // U+06AA
    { 30, 25, 485, 1, 24, 188, 22716 }, // U+06AB
    { 29, 29, 496, 1, 28, 211, 22904 }, // U+06AC
    { 29, 31, 496, 1, 30, 225, 23115 }, // U+06AD
    { 29, 37, 496, 1, 25, 269, 23340 }, // U+06AE
    { 30, 30, 485, 1, 29, 225, 23609 }, // U+06AF
    { 30, 30, 485, 1, 29, 225, 23834 }, // U+06B0
    { 30, 35, 485, 1, 34, 263, 24059 }, // U+06B1
    { 30, 38, 485, 1, 29, 285, 24322 }, // U+06B2
    { 30, 43, 485, 1, 29, 323, 24607 }, // U+06B3
    { 30, 36, 485, 1, 35, 270, 24930 }, // U+06B4
    { 25, 43, 395, 0, 35, 269, 25200 }, // U+06B5
    { 23, 41, 395, 0, 33, 236, 25469 }, // U+06B6
    { 25, 44, 395, 0, 36, 275, 25705 }, // U+06B7
    { 23, 44, 395, 0, 25, 253, 25980 }, // U+06B8
    { 24, 35, 395, 0, 19, 210, 26233 }, // U+06B9
    { 24, 21, 395, 0, 13, 126, 26443 }, // U+06BA
    { 24, 32, 395, 0, 24, 192, 26569 }, // U+06BB
    { 24, 32, 395, 0, 19, 192, 26761 }, // U+06BC
    { 24, 30, 395, 0, 22, 180, 26953 }, // U+06BD
    { 25, 20, 411, 0, 19, 125, 27133 }, // U+06BE
    { 23, 40, 366, 0, 26, 230, 27258 }, // U+06BF
    { 15, 29, 251, 0, 28, 109, 27488 }, // U+06C0
    { 15, 20, 251, 0, 19, 75, 27597 }, // U+06C1
    { 15, 29, 251, 0, 28, 109, 27672 }, // U+06C2
    { 15, 27, 251, 0, 26, 102, 27781 }, // U+06C3
    { 15, 24, 266, 1, 13, 90, 27883 }, // U+06C4
    { 15, 24, 266, 1, 13, 90, 27973 }, // U+06C5
    { 16, 32, 266, 0, 24, 128, 28063 }, // U+06C6
    { 16, 33, 266, 0, 25, 132, 28191 }, // U+06C7
    { 16, 32, 266, 0, 24, 128, 28323 }, // U+06C8
    { 16, 32, 266, 0, 24, 128, 28451 }, // U+06C9
    { 16, 29, 266, 0, 21, 116, 28579 }, // U+06CA
    { 16, 33, 266, 0, 25, 132, 28695 }, // U+06CB
    { 27, 24, 438, 0, 16, 162, 28827 }, // U+06CC
    { 32, 24, 438, -5, 16, 192, 28989 }, // U+06CD
    { 27, 26, 438, 0, 18, 176, 29181 }, // U+06CE
    { 16, 30, 266, 0, 22, 120, 29357 }, // U+06CF
    { 27, 37, 438, 0, 16, 250, 29477 }, // U+06D0
    { 27, 35, 438, 0, 16, 237, 29727 }, // U+06D1
    { 31, 18, 502, 0, 17, 140, 29964 }, // U+06D2
    { 31, 28, 502, 0, 27, 217, 30104 }, // U+06D3
    { 10, 3, 173, 1, 3, 8, 30321 }, // U+06D4
    { 15, 20, 251, 0, 19, 75, 30329 }, // U+06D5
    { 15, 10, 0, 0, 47, 38, 30404 }, // U+06D6
    { 11, 12, 0, 0, 49, 33, 30442 }, // U+06D7
    { 9, 7, 0, 2, 44, 16, 30475 }, // U+06D8
    { 8, 9, 0, 0, 46, 18, 30491 }, // U+06D9
    { 8, 11, 0, 1, 48, 22, 30509 }, // U+06DA
    { 9, 8, 0, 0, 45, 18, 30531 }, // U+06DB
    { 15, 9, 0, 0, 46, 34, 30549 }, // U+06DC
    { 40, 40, 731, 3, 29, 400, 30583 }, // U+06DD
    { 32, 32, 533, 1, 25, 256, 0 }, // U+06DE
    { 7, 8, 0, 1, 28, 14, 256 }, // U+06DF
    { 8, 10, 0, 0, 29, 20, 270 }, // U+06E0
    { 9, 7, 0, 1, 28, 16, 290 }, // U+06E1
    { 7, 10, 0, 1, 25, 18, 306 }, // U+06E2
    { 15, 9, 0, 0, -1, 34, 324 }, // U+06E3
    { 12, 5, 0, 0, 25, 15, 358 }, // U+06E4
    { 6, 9, 113, 1, 8, 14, 373 }, // U+06E5
    { 12, 8, 187, 0, 7, 24, 387 }, // U+06E6
    { 12, 8, 0, 0, 27, 24, 411 }, // U+06E7
    { 9, 11, 0, 0, 48, 25, 435 }, // U+06E8
    { 18, 24, 324, 1, 24, 108, 460 }, // U+06E9
    { 10, 10, 0, 0, -2, 25, 568 }, // U+06EA
    { 10, 10, 0, 0, 29, 25, 593 }, // U+06EB
    { 7, 7, 0, 0, 27, 13, 618 }, // U+06EC
    { 7, 10, 0, 1, -3, 18, 631 }, // U+06ED
    { 15, 29, 276, 1, 28, 109, 649 }, // U+06EE
    { 14, 32, 218, -2, 24, 112, 758 }, // U+06EF
    { 8, 8, 184, 2, 14, 16, 870 }, // U+06F0
    { 9, 24, 178, 1, 23, 54, 886 }, // U+06F1
    { 17, 24, 290, 1, 23, 102, 940 }, // U+06F2
    { 19, 24, 328, 1, 23, 114, 1042 }, // U+06F3
    { 17, 24, 299, 1, 23, 102, 1156 }, // U+06F4
    { 17, 23, 336, 2, 23, 98, 1258 }, // U+06F5
    { 15, 24, 250, 0, 23, 90, 1356 }, // U+06F6
    { 19, 25, 305, 0, 24, 119, 1446 }, // U+06F7
    { 21, 24, 341, 0, 23, 126, 1565 }, // U+06F8
    { 17, 23, 290, 0, 23, 98, 1691 }, // U+06F9
    { 44, 33, 731, 0, 25, 363, 1789 }, // U+06FA
    { 47, 32, 758, 0, 24, 376, 2152 }, // U+06FB
    { 22, 42, 304, 0, 28, 231, 2528 }, // U+06FC
    { 15, 23, 251, 0, 15, 87, 2759 }, // U+06FD
    { 18, 29, 292, 0, 15, 131, 2846 }, // U+06FE
    { 25, 29, 411, 0, 28, 182, 2977 }, // U+06FF
    { 32, 23, 546, 1, 15, 184, 3159 }, // U+0750
    { 32, 32, 546, 1, 23, 256, 3343 }, // U+0751
    { 32, 27, 546, 1, 15, 216, 3599 }, // U+0752
    { 32, 31, 546, 1, 19, 248, 3815 }, // U+0753
    { 32, 29, 546, 1, 20, 232, 4063 }, // U+0754
    { 32, 25, 546, 1, 15, 200, 4295 }, // U+0755
    { 32, 24, 546, 1, 23, 192, 4495 }, // U+0756
    { 22, 39, 366, 0, 25, 215, 4687 }, // U+0757
    { 23, 31, 366, 0, 17, 179, 4902 }, // U+0758
    { 15, 43, 276, 1, 30, 162, 5081 }, // U+0759
    { 15, 27, 276, 1, 18, 102, 5243 }, // U+075A
    { 16, 21, 218, -2, 13, 84, 5345 }, // U+075B
    { 44, 33, 731, 0, 25, 363, 5429 }, // U+075C
    { 22, 41, 304, 0, 27, 226, 5792 }, // U+075D
    { 22, 45, 304, 0, 31, 248, 6018 }, // U+075E
    { 22, 46, 304, 0, 32, 253, 6266 }, // U+075F
    { 32, 29, 546, 1, 20, 232, 6519 }, // U+0760
    { 32, 31, 546, 1, 20, 248, 6751 }, // U+0761
    { 30, 31, 485, 1, 30, 233, 6999 }, // U+0762
    { 30, 31, 485, 1, 30, 233, 7232 }, // U+0763
    { 30, 35, 485, 1, 24, 263, 7465 }, // U+0764
    { 18, 38, 292, 0, 24, 171, 7728 }, // U+0765
    { 18, 29, 292, 0, 15, 131, 7899 }, // U+0766
    { 24, 35, 395, 0, 19, 210, 8030 }, // U+0767
    { 24, 36, 395, 0, 28, 216, 8240 }, // U+0768
    { 24, 35, 395, 0, 27, 210, 8456 }, // U+0769
    { 25, 33, 395, 0, 25, 207, 8666 }, // U+076A
    { 14, 34, 218, -2, 26, 119, 8873 }, // U+076B
    { 14, 32, 218, -2, 24, 112, 8992 }, // U+076C
    { 44, 34, 731, 0, 26, 374, 9104 }, // U+076D
    { 23, 31, 366, 0, 17, 179, 9478 }, // U+076E
    { 23, 31, 366, 0, 17, 179, 9657 }, // U+076F
    { 44, 34, 731, 0, 26, 374, 9836 }, // U+0770
    { 14, 34, 218, -2, 26, 119, 10210 }, // U+0771
    { 22, 44, 366, 0, 30, 242, 10329 }, // U+0772
    { 11, 33, 187, -1, 33, 91, 10571 }, // U+0773
    { 11, 34, 187, -1, 34, 94, 10662 }, // U+0774
    { 27, 28, 438, 0, 20, 189, 10756 }, // U+0775
    { 27, 29, 438, 0, 21, 196, 10945 }, // U+0776
    { 27, 34, 438, 0, 16, 230, 11141 }, // U+0777
    { 16, 30, 266, 0, 22, 120, 11371 }, // U+0778
    { 16, 31, 266, 0, 23, 124, 11491 }, // U+0779
    { 31, 26, 502, 0, 25, 202, 11615 }, // U+077A
    { 31, 27, 502, 0, 26, 210, 11817 }, // U+077B
    { 23, 31, 366, 0, 17, 179, 12027 }, // U+077C
    { 44, 34, 731, 0, 26, 374, 12206 }, // U+077D
    { 44, 32, 731, 0, 24, 352, 12580 }, // U+077E
    { 29, 28, 496, 1, 27, 203, 12932 }, // U+077F
    { 8, 28, 146, 0, 28, 56, 13135 }, // U+0870
    { 9, 27, 146, 1, 27, 61, 13191 }, // U+0871
    { 10, 25, 146, 1, 25, 63, 13252 }, // U+0872
    { 10, 25, 146, -2, 25, 63, 13315 }, // U+0873
    { 8, 28, 146, 1, 25, 56, 13378 }, // U+0874
    { 10, 28, 146, 1, 25, 70, 13434 }, // U+0875
    { 7, 30, 146, 1, 30, 53, 13504 }, // U+0876
    { 11, 25, 146, 1, 25, 69, 13557 }, // U+0877
    { 11, 25, 146, -3, 25, 69, 13626 }, // U+0878
    { 7, 30, 146, 1, 25, 53, 13695 }, // U+0879
    { 7, 33, 146, 1, 33, 58, 13748 }, // U+087A
    { 9, 33, 146, 1, 33, 75, 13806 }, // U+087B
    { 10, 33, 146, 1, 33, 83, 13881 }, // U+087C
    { 10, 36, 146, 1, 33, 90, 13964 }, // U+087D
    { 13, 27, 146, -3, 27, 88, 14054 }, // U+087E
    { 14, 25, 146, -3, 25, 88, 14142 }, // U+087F
    { 14, 28, 146, -3, 25, 98, 14230 }, // U+0880
    { 11, 25, 146, 1, 25, 69, 14328 }, // U+0881
    { 11, 25, 146, -3, 25, 69, 14397 }, // U+0882
    { 16, 15, 207, 0, 12, 60, 14466 }, // U+0883
    { 16, 18, 207, 0, 11, 72, 14526 }, // U+0884
    { 13, 13, 154, 0, 5, 43, 14598 }, // U+0885
    { 11, 21, 191, 0, 13, 58, 14641 }, // U+0886
    { 6, 7, 108, 0, 6, 11, 14699 }, // U+0887
    { 6, 7, 108, 0, 10, 11, 14710 }, // U+0888
    { 24, 30, 395, 0, 22, 180, 14721 }, // U+0889
    { 22, 31, 366, 0, 17, 171, 14901 }, // U+088A
    { 27, 33, 450, 0, 25, 223, 15072 }, // U+088B
    { 27, 37, 450, 0, 25, 250, 15295 }, // U+088C
    { 30, 38, 485, 1, 24, 285, 15545 }, // U+088D
    { 12, 14, 165, 1, 9, 42, 15830 }, // U+088E
    { 57, 14, 880, -1, 39, 200, 15872 }, // U+0890
    { 57, 14, 880, -1, 39, 200, 16072 }, // U+0891
    { 27, 13, 0, 0, 50, 88, 16272 }, // U+0898
    { 34, 15, 0, 0, -1, 128, 16360 }, // U+0899
    { 25, 11, 0, 0, -1, 69, 16488 }, // U+089A
    { 40, 13, 0, 0, -1, 130, 16557 }, // U+089B
    { 10, 6, 0, 0, 24, 15, 16687 }, // U+089C
    { 12, 7, 0, 0, 26, 21, 16702 }, // U+089D
    { 13, 6, 0, -1, 26, 20, 16723 }, // U+089E
    { 13, 6, 0, -1, 26, 20, 16743 }, // U+089F
    { 32, 25, 546, 1, 15, 200, 16763 }, // U+08A0
    { 32, 31, 546, 1, 22, 248, 16963 }, // U+08A1
    { 22, 39, 366, 0, 25, 215, 17211 }, // U+08A2
    { 27, 26, 450, 0, 25, 176, 17426 }, // U+08A3
    { 32, 39, 546, 1, 31, 312, 17602 }, // U+08A4
    { 27, 37, 444, 0, 23, 250, 17914 }, // U+08A5
    { 25, 33, 395, 0, 25, 207, 18164 }, // U+08A6
    { 18, 41, 292, 0, 27, 185, 18371 }, // U+08A7
    { 27, 34, 438, 0, 18, 230, 18556 }, // U+08A8
    { 27, 32, 438, 0, 16, 216, 18786 }, // U+08A9
    { 21, 23, 331, 0, 14, 121, 19002 }, // U+08AA
    { 15, 24, 266, 1, 13, 90, 19123 }, // U+08AB
    { 21, 24, 344, 0, 16, 126, 19213 }, // U+08AC
    { 7, 13, 148, 1, 5, 23, 19339 }, // U+08AD
    { 15, 30, 276, 1, 18, 113, 19362 }, // U+08AE
    { 47, 27, 758, 0, 15, 318, 19475 }, // U+08AF
    { 32, 25, 485, 1, 24, 200, 19793 }, // U+08B0
    { 20, 24, 279, 1, 14, 120, 19993 }, // U+08B1
    { 14, 37, 218, -2, 29, 130, 20113 }, // U+08B2
    { 22, 33, 304, 0, 19, 182, 20243 }, // U+08B3
    { 29, 34, 496, 1, 25, 247, 20425 }, // U+08B4
    { 27, 30, 444, 0, 16, 203, 20672 }, // U+08B5
    { 32, 31, 546, 1, 22, 248, 20875 }, // U+08B6
    { 32, 35, 546, 1, 22, 280, 21123 }, // U+08B7
    { 32, 23, 546, 1, 22, 184, 21403 }, // U+08B8
    { 14, 36, 218, -2, 28, 126, 21587 }, // U+08B9
    { 27, 38, 438, 0, 22, 257, 21713 }, // U+08BA
    { 32, 21, 546, 1, 20, 168, 21970 }, // U+08BB
    { 27, 23, 444, 0, 16, 156, 22138 }, // U+08BC
    { 24, 21, 395, 0, 13, 126, 22294 }, // U+08BD
    { 32, 36, 546, 1, 23, 288, 22420 }, // U+08BE
    { 32, 31, 546, 1, 30, 248, 22708 }, // U+08BF
    { 32, 32, 546, 1, 31, 256, 22956 }, // U+08C0
    { 23, 42, 366, 0, 28, 242, 23212 }, // U+08C1
    { 30, 33, 485, 1, 32, 248, 23454 }, // U+08C2
    { 22, 46, 304, 0, 32, 253, 23702 }, // U+08C3
    { 27, 34, 444, 0, 27, 230, 23955 }, // U+08C4
    { 22, 43, 366, 0, 29, 237, 24185 }, // U+08C5
    { 23, 31, 366, 0, 17, 179, 24422 }, // U+08C6
    { 25, 45, 395, 0, 37, 282, 24601 }, // U+08C7
    { 30, 35, 485, 1, 34, 263, 24883 }, // U+08C8
    { 12, 11, 193, 0, 10, 33, 25146 }, // U+08C9
    { 12, 11, 0, 0, 30, 33, 25179 }, // U+08CA
    { 12, 11, 0, 0, 27, 33, 25212 }, // U+08CB
    { 14, 9, 0, 0, 47, 32, 25245 }, // U+08CC
    { 10, 12, 0, 0, 30, 30, 25277 }, // U+08CD
    { 9, 9, 0, 0, 28, 21, 25307 }, // U+08CE
    { 9, 9, 0, 0, -1, 21, 25328 }, // U+08CF
    { 7, 8, 0, 1, -2, 14, 25349 }, // U+08D0
    { 10, 10, 0, 0, -1, 25, 25363 }, // U+08D1
    { 10, 10, 0, 0, -1, 25, 25388 }, // U+08D2
    { 6, 9, 0, 1, -3, 14, 25413 }, // U+08D3
    { 22, 10, 0, 0, 47, 55, 25427 }, // U+08D4
    { 16, 9, 0, 0, 46, 36, 25482 }, // U+08D5
    { 7, 10, 0, 1, 47, 18, 25518 }, // U+08D6
    { 9, 10, 0, 1, 47, 23, 25536 }, // U+08D7
    { 9, 14, 0, 1, 33, 32, 25559 }, // U+08D8
    { 9, 14, 0, 1, -2, 32, 25591 }, // U+08D9
    { 23, 10, 0, 0, 47, 58, 25623 }, // U+08DA
    { 31, 10, 0, 0, 47, 78, 25681 }, // U+08DB
    { 32, 9, 0, 0, 46, 72, 25759 }, // U+08DC
    { 23, 9, 0, 0, 46, 52, 25831 }, // U+08DD
    { 17, 10, 0, 0, 47, 43, 25883 }, // U+08DE
    { 22, 13, 0, 0, 50, 72, 25926 }, // U+08DF
    { 13, 6, 0, 0, 27, 20, 25998 }, // U+08E0
    { 15, 6, 0, 0, 27, 23, 26018 }, // U+08E1
    { 18, 23, 305, 1, 37, 104, 26041 }, // U+08E2
    { 10, 9, 0, 1, -1, 23, 26145 }, // U+08E3
    { 10, 11, 0, 1, 27, 28, 26168 }, // U+08E4
    { 11, 10, 0, 1, 28, 28, 26196 }, // U+08E5
    { 10, 11, 0, 1, 1, 28, 26224 }, // U+08E6
    { 12, 15, 0, 1, 31, 45, 26252 }, // U+08E7
    { 12, 17, 0, 0, 35, 51, 26297 }, // U+08E8
    { 12, 15, 0, 1, 0, 45, 26348 }, // U+08E9
    { 5, 5, 0, 0, 27, 7, 26393 }, // U+08EA
    { 9, 5, 0, 0, 27, 12, 26400 }, // U+08EB
    { 10, 7, 0, 0, 29, 18, 26412 }, // U+08EC
    { 5, 5, 0, 0, -2, 7, 26430 }, // U+08ED
    { 9, 5, 0, 0, -2, 12, 26437 }, // U+08EE
    { 10, 7, 0, 0, -1, 18, 26449 }, // U+08EF
    { 12, 11, 0, 1, 30, 33, 26467 }, // U+08F0
    { 17, 10, 0, 0, 29, 43, 26500 }, // U+08F1
    { 12, 10, 0, 1, 0, 30, 26543 }, // U+08F2
    { 6, 9, 0, 1, 29, 14, 26573 }, // U+08F3
    { 9, 8, 0, 0, 28, 18, 26587 }, // U+08F4
    { 9, 9, 0, 1, 28, 21, 26605 }, // U+08F5
    { 9, 10, 0, 1, -1, 23, 26626 }, // U+08F6
    { 8, 9, 0, 0, 27, 18, 26649 }, // U+08F7
    { 7, 9, 0, 1, 27, 16, 26667 }, // U+08F8
    { 8, 9, 0, 0, 0, 18, 26683 }, // U+08F9
    { 7, 9, 0, 1, 0, 16, 26701 }, // U+08FA
    { 13, 9, 0, 1, 27, 30, 26717 }, // U+08FB
    { 17, 9, 0, 0, 27, 39, 26747 }, // U+08FC
    { 12, 9, 0, 0, 27, 27, 26786 }, // U+08FD
    { 12, 10, 0, 0, 29, 30, 26813 }, // U+08FE
    { 7, 10, 0, 1, 29, 18, 26843 }, // U+08FF
    { 11, 32, 145, -1, 32, 88, 26861 }, // U+FB50
    { 16, 35, 170, -2, 34, 140, 26949 }, // U+FB51
    { 32, 29, 546, 1, 15, 232, 27089 }, // U+FB52
    { 40, 27, 609, 1, 13, 270, 27321 }, // U+FB53
    { 9, 29, 169, 0, 16, 66, 27591 }, // U+FB54
    { 16, 25, 205, 0, 12, 100, 27657 }, // U+FB55
    { 32, 28, 546, 1, 15, 224, 27757 }, // U+FB56
    { 40, 26, 609, 1, 13, 260, 27981 }, // U+FB57
    { 10, 28, 191, 0, 16, 70, 28241 }, // U+FB58
    { 17, 24, 218, 0, 12, 102, 28311 }, // U+FB59
    { 32, 28, 546, 1, 15, 224, 28413 }, // U+FB5A
    { 40, 26, 609, 1, 13, 260, 28637 }, // U+FB5B
    { 10, 28, 191, 0, 16, 70, 28897 }, // U+FB5C
    { 17, 24, 218, 0, 12, 102, 28967 }, // U+FB5D
    { 32, 26, 546, 1, 25, 208, 29069 }, // U+FB5E
    { 40, 26, 609, 1, 25, 260, 29277 }, // U+FB5F
    { 10, 29, 191, 0, 28, 73, 29537 }, // U+FB60
    { 17, 26, 218, 0, 25, 111, 29610 }, // U+FB61
    { 32, 24, 546, 1, 23, 192, 29721 }, // U+FB62
    { 40, 24, 609, 1, 23, 240, 29913 }, // U+FB63
    { 11, 28, 191, 0, 27, 77, 30153 }, // U+FB64
    { 17, 24, 218, 0, 23, 102, 30230 }, // U+FB65
    { 32, 26, 546, 1, 25, 208, 30332 }, // U+FB66
    { 40, 26, 609, 1, 25, 260, 30540 }, // U+FB67
    { 10, 29, 169, 0, 28, 73, 30800 }, // U+FB68
    { 17, 26, 218, 0, 25, 111, 30873 }, // U+FB69
    { 32, 32, 546, 1, 31, 256, 0 }, // U+FB6A
    { 39, 29, 595, 1, 28, 283, 256 }, // U+FB6B
    { 16, 32, 269, 0, 31, 128, 539 }, // U+FB6C
    { 21, 29, 282, 0, 28, 153, 667 }, // U+FB6D
    { 32, 32, 546, 1, 31, 256, 820 }, // U+FB6E
    { 39, 29, 595, 1, 28, 283, 1076 }, // U+FB6F
    { 16, 32, 269, 0, 31, 128, 1359 }, // U+FB70
    { 21, 29, 282, 0, 28, 153, 1487 }, // U+FB71
    { 22, 31, 366, 0, 17, 171, 1640 }, // U+FB72
    { 28, 31, 394, 0, 17, 217, 1811 }, // U+FB73
    { 21, 28, 335, 0, 15, 147, 2028 }, // U+FB74
    { 25, 28, 349, 0, 15, 175, 2175 }, // U+FB75
    { 23, 31, 366, 0, 17, 179, 2350 }, // U+FB76
    { 28, 31, 405, 0, 17, 217, 2529 }, // U+FB77
    { 21, 23, 335, 0, 15, 121, 2746 }, // U+FB78
    { 25, 23, 349, 0, 15, 144, 2867 }, // U+FB79
    { 23, 31, 366, 0, 17, 179, 3011 }, // U+FB7A
    { 28, 31, 405, 0, 17, 217, 3190 }, // U+FB7B
    { 21, 27, 335, 0, 15, 142, 3407 }, // U+FB7C
    { 25, 27, 349, 0, 15, 169, 3549 }, // U+FB7D
    { 23, 31, 366, 0, 17, 179, 3718 }, // U+FB7E
    { 28, 31, 405, 0, 17, 217, 3897 }, // U+FB7F
    { 21, 27, 335, 0, 15, 142, 4114 }, // U+FB80
    { 25, 27, 349, 0, 15, 169, 4256 }, // U+FB81
    { 15, 26, 276, 1, 18, 98, 4425 }, // U+FB82
    { 21, 26, 304, 1, 18, 137, 4523 }, // U+FB83
    { 15, 26, 276, 1, 25, 98, 4660 }, // U+FB84
    { 21, 26, 304, 1, 25, 137, 4758 }, // U+FB85
    { 15, 30, 276, 1, 29, 113, 4895 }, // U+FB86
    { 21, 30, 304, 1, 29, 158, 5008 }, // U+FB87
    { 15, 31, 276, 1, 30, 117, 5166 }, // U+FB88
    { 21, 31, 304, 1, 30, 163, 5283 }, // U+FB89
    { 15, 33, 218, -2, 25, 124, 5446 }, // U+FB8A
    { 20, 33, 240, -2, 25, 165, 5570 }, // U+FB8B
    { 15, 34, 218, -2, 26, 128, 5735 }, // U+FB8C
    { 20, 34, 240, -2, 26, 170, 5863 }, // U+FB8D
    { 30, 25, 485, 1, 24, 188, 6033 }, // U+FB8E
    { 34, 25, 508, 1, 24, 213, 6221 }, // U+FB8F
    { 16, 25, 242, 0, 24, 100, 6434 }, // U+FB90
    { 20, 25, 271, 0, 24, 125, 6534 }, // U+FB91
    { 30, 30, 485, 1, 29, 225, 6659 }, // U+FB92
    { 34, 30, 508, 1, 29, 255, 6884 }, // U+FB93
    { 17, 30, 242, -1, 29, 128, 7139 }, // U+FB94
    { 21, 30, 271, -1, 29, 158, 7267 }, // U+FB95
    { 30, 43, 485, 1, 29, 323, 7425 }, // U+FB96
    { 34, 43, 508, 1, 29, 366, 7748 }, // U+FB97
    { 17, 42, 242, -1, 29, 179, 8114 }, // U+FB98
    { 21, 42, 271, -1, 29, 221, 8293 }, // U+FB99
    { 30, 35, 485, 1, 34, 263, 8514 }, // U+FB9A
    { 34, 35, 508, 1, 34, 298, 8777 }, // U+FB9B
    { 19, 35, 242, -3, 34, 167, 9075 }, // U+FB9C
    { 23, 35, 271, -3, 34, 202, 9242 }, // U+FB9D
    { 24, 21, 395, 0, 13, 126, 9444 }, // U+FB9E
    { 30, 20, 429, 0, 12, 150, 9570 }, // U+FB9F
    { 24, 32, 395, 0, 24, 192, 9720 }, // U+FBA0
    { 30, 32, 429, 0, 24, 240, 9912 }, // U+FBA1
    { 10, 29, 169, 0, 28, 73, 10152 }, // U+FBA2
    { 17, 26, 218, 0, 25, 111, 10225 }, // U+FBA3
    { 15, 29, 251, 0, 28, 109, 10336 }, // U+FBA4
    { 22, 32, 296, 0, 31, 176, 10445 }, // U+FBA5
    { 15, 20, 251, 0, 19, 75, 10621 }, // U+FBA6
    { 23, 15, 312, 0, 14, 87, 10696 }, // U+FBA7
    { 9, 23, 169, 0, 16, 52, 10783 }, // U+FBA8
    { 20, 17, 275, 0, 8, 85, 10835 }, // U+FBA9
    { 25, 20, 411, 0, 19, 125, 10920 }, // U+FBAA
    { 26, 24, 365, 0, 16, 156, 11045 }, // U+FBAB
    { 21, 20, 342, 0, 19, 105, 11201 }, // U+FBAC
    { 22, 24, 304, 0, 16, 132, 11306 }, // U+FBAD
    { 31, 18, 502, 0, 17, 140, 11438 }, // U+FBAE
    { 22, 15, 299, 0, 5, 83, 11578 }, // U+FBAF
    { 31, 28, 502, 0, 27, 217, 11661 }, // U+FBB0
    { 22, 24, 299, 0, 14, 132, 11878 }, // U+FBB1
    { 6, 6, 106, 0, 24, 9, 12010 }, // U+FBB2
    { 6, 5, 102, 0, -3, 8, 12019 }, // U+FBB3
    { 12, 5, 196, 0, 23, 15, 12027 }, // U+FBB4
    { 11, 5, 154, -1, -3, 14, 12042 }, // U+FBB5
    { 10, 9, 154, 0, 27, 23, 12056 }, // U+FBB6
    { 10, 9, 154, 0, -2, 23, 12079 }, // U+FBB7
    { 10, 9, 154, 0, 27, 23, 12102 }, // U+FBB8
    { 10, 9, 154, 0, -3, 23, 12125 }, // U+FBB9
    { 10, 9, 154, 0, 27, 23, 12148 }, // U+FBBA
    { 10, 9, 154, 0, -3, 23, 12171 }, // U+FBBB
    { 7, 6, 145, 1, -1, 11, 12194 }, // U+FBBC
    { 6, 10, 98, 0, 28, 15, 12205 }, // U+FBBD
    { 5, 10, 98, 1, -3, 13, 12220 }, // U+FBBE
    { 8, 7, 128, 0, 6, 14, 12233 }, // U+FBBF
    { 10, 10, 167, 0, 28, 25, 12247 }, // U+FBC0
    { 9, 10, 157, 0, 0, 23, 12272 }, // U+FBC1
    { 12, 8, 194, 0, 27, 24, 12295 }, // U+FBC2
    { 29, 31, 496, 1, 30, 225, 12319 }, // U+FBD3
    { 35, 31, 519, 1, 30, 272, 12544 }, // U+FBD4
    { 16, 31, 242, 0, 30, 124, 12816 }, // U+FBD5
    { 20, 31, 271, 0, 30, 155, 12940 }, // U+FBD6
    { 16, 33, 266, 0, 25, 132, 13095 }, // U+FBD7
    { 21, 33, 279, 0, 25, 174, 13227 }, // U+FBD8
    { 16, 32, 266, 0, 24, 128, 13401 }, // U+FBD9
    { 21, 32, 279, 0, 24, 168, 13529 }, // U+FBDA
    { 16, 32, 266, 0, 24, 128, 13697 }, // U+FBDB
    { 21, 32, 279, 0, 24, 168, 13825 }, // U+FBDC
    { 32, 33, 516, 0, 25, 264, 13993 }, // U+FBDD
    { 16, 33, 266, 0, 25, 132, 14257 }, // U+FBDE
    { 21, 33, 279, 0, 25, 174, 14389 }, // U+FBDF
    { 15, 24, 266, 1, 13, 90, 14563 }, // U+FBE0
    { 20, 25, 279, 1, 14, 125, 14653 }, // U+FBE1
    { 16, 32, 266, 0, 24, 128, 14778 }, // U+FBE2
    { 21, 32, 279, 0, 24, 168, 14906 }, // U+FBE3
    { 27, 37, 438, 0, 16, 250, 15074 }, // U+FBE4
    { 30, 30, 427, 0, 9, 225, 15324 }, // U+FBE5
    { 10, 29, 191, 0, 16, 73, 15549 }, // U+FBE6
    { 17, 25, 218, 0, 12, 107, 15622 }, // U+FBE7
    { 9, 17, 169, 0, 16, 39, 15729 }, // U+FBE8
    { 16, 13, 205, 0, 12, 52, 15768 }, // U+FBE9
    { 19, 27, 339, 1, 26, 129, 15820 }, // U+FBEA
    { 26, 26, 374, 1, 25, 169, 15949 }, // U+FBEB
    { 29, 27, 482, 0, 26, 196, 16118 }, // U+FBEC
    { 35, 24, 517, 0, 23, 210, 16314 }, // U+FBED
    { 27, 34, 448, 0, 26, 230, 16524 }, // U+FBEE
    { 33, 31, 484, 0, 23, 256, 16754 }, // U+FBEF
    { 27, 34, 448, 0, 26, 230, 17010 }, // U+FBF0
    { 33, 33, 484, 0, 25, 273, 17240 }, // U+FBF1
    { 27, 34, 448, 0, 26, 230, 17513 }, // U+FBF2
    { 33, 32, 484, 0, 24, 264, 17743 }, // U+FBF3
    { 27, 34, 448, 0, 26, 230, 18007 }, // U+FBF4
    { 33, 32, 484, 0, 24, 264, 18237 }, // U+FBF5
    { 36, 47, 596, 0, 26, 423, 18501 }, // U+FBF6
    { 43, 44, 631, 0, 23, 473, 18924 }, // U+FBF7
    { 23, 39, 387, 0, 26, 225, 19397 }, // U+FBF8
    { 36, 34, 596, 0, 26, 306, 19622 }, // U+FBF9
    { 43, 31, 631, 0, 23, 334, 19928 }, // U+FBFA
    { 22, 27, 374, 0, 26, 149, 20262 }, // U+FBFB
    { 27, 24, 438, 0, 16, 162, 20411 }, // U+FBFC
    { 30, 17, 427, 0, 9, 128, 20573 }, // U+FBFD
    { 11, 24, 191, 0, 16, 66, 20701 }, // U+FBFE
    { 17, 20, 218, 0, 12, 85, 20767 }, // U+FBFF
    { 34, 40, 563, 0, 26, 340, 20852 }, // U+FC00
    { 34, 40, 563, 0, 26, 340, 21192 }, // U+FC01
    { 31, 40, 522, 0, 26, 310, 21532 }, // U+FC02
    { 36, 34, 596, 0, 26, 306, 21842 }, // U+FC03
    { 36, 42, 596, 0, 26, 378, 22148 }, // U+FC04
    { 34, 31, 563, 0, 17, 264, 22526 }, // U+FC05
    { 34, 31, 563, 0, 17, 264, 22790 }, // U+FC06
    { 34, 40, 563, 0, 26, 340, 23054 }, // U+FC07
    { 31, 30, 522, 0, 16, 233, 23394 }, // U+FC08
    { 36, 24, 596, 0, 16, 216, 23627 }, // U+FC09
    { 36, 32, 596, 0, 16, 288, 23843 }, // U+FC0A
    { 35, 37, 563, 0, 23, 324, 24131 }, // U+FC0B
    { 35, 37, 563, 0, 23, 324, 24455 }, // U+FC0C
    { 35, 40, 563, 0, 26, 350, 24779 }, // U+FC0D
    { 32, 37, 522, 0, 23, 296, 25129 }, // U+FC0E
    { 37, 31, 596, 0, 23, 287, 25425 }, // U+FC0F
    { 37, 39, 596, 0, 23, 361, 25712 }, // U+FC10
    { 35, 41, 563, 0, 27, 359, 26073 }, // U+FC11
    { 32, 41, 522, 0, 27, 328, 26432 }, // U+FC12
    { 37, 35, 596, 0, 27, 324, 26760 }, // U+FC13
    { 37, 43, 596, 0, 27, 398, 27084 }, // U+FC14
    { 45, 31, 729, 0, 17, 349, 27482 }, // U+FC15
    { 43, 29, 688, 0, 15, 312, 27831 }, // U+FC16
    { 45, 31, 729, 0, 17, 349, 28143 }, // U+FC17
    { 43, 29, 688, 0, 15, 312, 28492 }, // U+FC18
    { 45, 37, 729, 0, 23, 417, 28804 }, // U+FC19
    { 45, 37, 729, 0, 23, 417, 29221 }, // U+FC1A
    { 43, 37, 688, 0, 23, 398, 29638 }, // U+FC1B
    { 55, 31, 901, 0, 17, 427, 30036 }, // U+FC1C
    { 55, 31, 901, 0, 17, 427, 30463 }, // U+FC1D
    { 55, 40, 901, 0, 26, 550, 0 }, // U+FC1E
    { 53, 30, 859, 0, 16, 398, 550 }, // U+FC1F
    { 56, 31, 913, 0, 17, 434, 948 }, // U+FC20
    { 54, 29, 872, 0, 15, 392, 1382 }, // U+FC21
    { 56, 37, 913, 0, 23, 518, 1774 }, // U+FC22
    { 56, 37, 913, 0, 23, 518, 2292 }, // U+FC23
    { 56, 40, 913, 0, 26, 560, 2810 }, // U+FC24
    { 54, 37, 872, 0, 23, 500, 3370 }, // U+FC25
    { 48, 39, 787, 0, 25, 468, 3870 }, // U+FC26
    { 46, 39, 745, 0, 25, 449, 4338 }, // U+FC27
    { 46, 39, 745, 0, 25, 449, 4787 }, // U+FC28
    { 42, 31, 691, 0, 17, 326, 5236 }, // U+FC29
    { 40, 31, 649, 0, 17, 310, 5562 }, // U+FC2A
    { 42, 40, 691, 0, 26, 420, 5872 }, // U+FC2B
    { 40, 40, 649, 0, 26, 400, 6292 }, // U+FC2C
    { 41, 42, 663, 0, 28, 431, 6692 }, // U+FC2D
    { 41, 42, 663, 0, 28, 431, 7123 }, // U+FC2E
    { 41, 42, 663, 0, 28, 431, 7554 }, // U+FC2F
    { 38, 42, 622, 0, 28, 399, 7985 }, // U+FC30
    { 43, 36, 696, 0, 28, 387, 8384 }, // U+FC31
    { 43, 44, 696, 0, 28, 473, 8771 }, // U+FC32
    { 41, 41, 663, 0, 27, 421, 9244 }, // U+FC33
    { 38, 41, 622, 0, 27, 390, 9665 }, // U+FC34
    { 43, 35, 696, 0, 27, 377, 10055 }, // U+FC35
    { 43, 43, 696, 0, 27, 463, 10432 }, // U+FC36
    { 25, 26, 412, 1, 25, 163, 10895 }, // U+FC37
    { 41, 38, 636, 0, 24, 390, 11058 }, // U+FC38
    { 41, 38, 636, 0, 24, 390, 11448 }, // U+FC39
    { 41, 40, 636, 0, 26, 410, 11838 }, // U+FC3A
    { 42, 33, 664, 0, 25, 347, 12248 }, // U+FC3B
    { 38, 38, 595, 0, 24, 361, 12595 }, // U+FC3C
    { 43, 32, 669, 0, 24, 344, 12956 }, // U+FC3D
    { 43, 40, 669, 0, 24, 430, 13300 }, // U+FC3E
    { 33, 39, 552, 0, 25, 322, 13730 }, // U+FC3F
    { 33, 39, 552, 0, 25, 322, 14052 }, // U+FC40
    { 33, 40, 552, 0, 26, 330, 14374 }, // U+FC41
    { 31, 39, 511, 0, 25, 303, 14704 }, // U+FC42
    { 35, 33, 585, 0, 25, 289, 15007 }, // U+FC43
    { 35, 41, 585, 0, 25, 359, 15296 }, // U+FC44
    { 43, 31, 704, 0, 17, 334, 15655 }, // U+FC45
    { 43, 31, 704, 0, 17, 334, 15989 }, // U+FC46
    { 43, 40, 704, 0, 26, 430, 16323 }, // U+FC47
    { 40, 29, 663, 0, 15, 290, 16753 }, // U+FC48
    { 45, 22, 737, 0, 14, 248, 17043 }, // U+FC49
    { 45, 30, 737, 0, 14, 338, 17291 }, // U+FC4A
    { 34, 38, 563, 0, 24, 323, 17629 }, // U+FC4B
    { 34, 38, 563, 0, 24, 323, 17952 }, // U+FC4C
    { 34, 40, 563, 0, 26, 340, 18275 }, // U+FC4D
    { 31, 38, 522, 0, 24, 295, 18615 }, // U+FC4E
    { 36, 32, 596, 0, 24, 288, 18910 }, // U+FC4F
    { 36, 40, 596, 0, 24, 360, 19198 }, // U+FC50
    { 45, 33, 736, 0, 19, 372, 19558 }, // U+FC51
    { 43, 33, 694, 0, 19, 355, 19930 }, // U+FC52
    { 47, 27, 768, 0, 19, 318, 20285 }, // U+FC53
    { 47, 35, 768, 0, 19, 412, 20603 }, // U+FC54
    { 36, 31, 586, 0, 17, 279, 21015 }, // U+FC55
    { 36, 31, 586, 0, 17, 279, 21294 }, // U+FC56
    { 36, 40, 586, 0, 26, 360, 21573 }, // U+FC57
    { 33, 30, 544, 0, 16, 248, 21933 }, // U+FC58
    { 38, 24, 618, 0, 16, 228, 22181 }, // U+FC59
    { 38, 32, 618, 0, 16, 304, 22409 }, // U+FC5A
    { 15, 36, 276, 1, 35, 135, 22713 }, // U+FC5B
    { 14, 32, 218, -2, 24, 112, 22848 }, // U+FC5C
    { 27, 26, 438, 0, 18, 176, 22960 }, // U+FC5D
    { 13, 17, 172, -2, 36, 56, 23136 }, // U+FC5E
    { 10, 16, 169, 0, 35, 40, 23192 }, // U+FC5F
    { 10, 13, 172, 0, 32, 33, 23232 }, // U+FC60
    { 11, 17, 172, -1, 36, 47, 23265 }, // U+FC61
    { 10, 14, 169, 0, 33, 35, 23312 }, // U+FC62
    { 10, 14, 172, 0, 33, 35, 23347 }, // U+FC63
    { 33, 31, 445, -2, 23, 256, 23382 }, // U+FC64
    { 33, 31, 445, -2, 23, 256, 23638 }, // U+FC65
    { 38, 37, 557, 0, 23, 352, 23894 }, // U+FC66
    { 43, 31, 634, 0, 23, 334, 24246 }, // U+FC67
    { 43, 31, 631, 0, 23, 334, 24580 }, // U+FC68
    { 43, 39, 631, 0, 23, 420, 24914 }, // U+FC69
    { 33, 21, 445, -2, 13, 174, 25334 }, // U+FC6A
    { 33, 30, 445, -2, 22, 248, 25508 }, // U+FC6B
    { 38, 29, 557, 0, 15, 276, 25756 }, // U+FC6C
    { 43, 27, 634, 0, 19, 291, 26032 }, // U+FC6D
    { 43, 20, 631, 0, 12, 215, 26323 }, // U+FC6E
    { 43, 28, 631, 0, 12, 301, 26538 }, // U+FC6F
    { 34, 27, 458, -2, 19, 230, 26839 }, // U+FC70
    { 34, 30, 458, -2, 22, 255, 27069 }, // U+FC71
    { 39, 33, 571, 0, 19, 322, 27324 }, // U+FC72
    { 44, 27, 647, 0, 19, 297, 27646 }, // U+FC73
    { 43, 27, 645, 0, 19, 291, 27943 }, // U+FC74
    { 43, 35, 645, 0, 19, 377, 28234 }, // U+FC75
    { 34, 31, 458, -2, 23, 264, 28611 }, // U+FC76
    { 34, 31, 458, -2, 23, 264, 28875 }, // U+FC77
    { 39, 37, 571, 0, 23, 361, 29139 }, // U+FC78
    { 44, 31, 647, 0, 23, 341, 29500 }, // U+FC79
    { 43, 31, 645, 0, 23, 334, 29841 }, // U+FC7A
    { 43, 39, 645, 0, 23, 420, 30175 }, // U+FC7B
    { 47, 33, 709, 0, 25, 388, 30595 }, // U+FC7C
    { 47, 41, 709, 0, 25, 482, 30983 }, // U+FC7D
    { 47, 32, 709, 0, 24, 376, 0 }, // U+FC7E
    { 47, 40, 709, 0, 24, 470, 376 }, // U+FC7F
    { 30, 26, 440, 1, 25, 195, 846 }, // U+FC80
    { 46, 33, 693, 0, 25, 380, 1041 }, // U+FC81
    { 42, 38, 623, 0, 24, 399, 1421 }, // U+FC82
    { 47, 32, 697, 0, 24, 376, 1820 }, // U+FC83
    { 47, 40, 697, 0, 24, 470, 2196 }, // U+FC84
    { 37, 39, 536, 0, 25, 361, 2666 }, // U+FC85
    { 41, 33, 610, 0, 25, 339, 3027 }, // U+FC86
    { 41, 41, 610, 0, 25, 421, 3366 }, // U+FC87
    { 34, 26, 502, 1, 25, 221, 3787 }, // U+FC88
    { 46, 29, 685, 0, 15, 334, 4008 }, // U+FC89
    { 33, 29, 445, -2, 21, 240, 4342 }, // U+FC8A
    { 33, 30, 445, -2, 22, 248, 4582 }, // U+FC8B
    { 38, 35, 557, 0, 21, 333, 4830 }, // U+FC8C
    { 43, 29, 634, 0, 21, 312, 5163 }, // U+FC8D
    { 43, 29, 631, 0, 21, 312, 5475 }, // U+FC8E
    { 43, 37, 631, 0, 21, 398, 5787 }, // U+FC8F
    { 30, 26, 427, 0, 18, 195, 6185 }, // U+FC90
    { 34, 21, 458, -2, 13, 179, 6380 }, // U+FC91
    { 34, 30, 458, -2, 22, 255, 6559 }, // U+FC92
    { 39, 29, 571, 0, 15, 283, 6814 }, // U+FC93
    { 44, 27, 647, 0, 19, 297, 7097 }, // U+FC94
    { 43, 20, 645, 0, 12, 215, 7394 }, // U+FC95
    { 43, 28, 645, 0, 12, 301, 7609 }, // U+FC96
    { 31, 34, 518, 0, 26, 264, 7910 }, // U+FC97
    { 31, 27, 518, 0, 26, 210, 8174 }, // U+FC98
    { 31, 27, 518, 0, 26, 210, 8384 }, // U+FC99
    { 30, 27, 502, 0, 26, 203, 8594 }, // U+FC9A
    { 28, 34, 474, 0, 26, 238, 8797 }, // U+FC9B
    { 31, 24, 518, 0, 16, 186, 9035 }, // U+FC9C
    { 31, 24, 518, 0, 16, 186, 9221 }, // U+FC9D
    { 31, 32, 518, 0, 24, 248, 9407 }, // U+FC9E
    { 30, 24, 502, 0, 16, 180, 9655 }, // U+FC9F
    { 28, 24, 474, 0, 16, 168, 9835 }, // U+FCA0
    { 32, 31, 518, 0, 23, 248, 10003 }, // U+FCA1
    { 32, 24, 518, 0, 23, 192, 10251 }, // U+FCA2
    { 32, 25, 518, 0, 24, 200, 10443 }, // U+FCA3
    { 31, 24, 502, 0, 23, 186, 10643 }, // U+FCA4
    { 29, 31, 474, 0, 23, 225, 10829 }, // U+FCA5
    { 31, 28, 502, 0, 27, 217, 11054 }, // U+FCA6
    { 42, 23, 684, 0, 15, 242, 11271 }, // U+FCA7
    { 41, 23, 668, 0, 15, 236, 11513 }, // U+FCA8
    { 42, 23, 684, 0, 15, 242, 11749 }, // U+FCA9
    { 41, 16, 668, 0, 15, 164, 11991 }, // U+FCAA
    { 42, 31, 684, 0, 23, 326, 12155 }, // U+FCAB
    { 41, 24, 668, 0, 23, 246, 12481 }, // U+FCAC
    { 52, 24, 855, 0, 16, 312, 12727 }, // U+FCAD
    { 52, 17, 855, 0, 16, 221, 13039 }, // U+FCAE
    { 52, 25, 855, 0, 24, 325, 13260 }, // U+FCAF
    { 51, 17, 839, 0, 16, 217, 13585 }, // U+FCB0
    { 53, 16, 868, 0, 15, 212, 13802 }, // U+FCB1
    { 53, 25, 868, 0, 24, 332, 14014 }, // U+FCB2
    { 52, 16, 852, 0, 15, 208, 14346 }, // U+FCB3
    { 53, 31, 868, 0, 23, 411, 14554 }, // U+FCB4
    { 53, 24, 868, 0, 23, 318, 14965 }, // U+FCB5
    { 53, 25, 868, 0, 24, 332, 15283 }, // U+FCB6
    { 52, 24, 852, 0, 23, 312, 15615 }, // U+FCB7
    { 46, 26, 742, 0, 25, 299, 15927 }, // U+FCB8
    { 45, 26, 726, 0, 25, 293, 16226 }, // U+FCB9
    { 40, 25, 646, 0, 17, 250, 16519 }, // U+FCBA
    { 39, 18, 630, 0, 17, 176, 16769 }, // U+FCBB
    { 40, 34, 646, 0, 26, 340, 16945 }, // U+FCBC
    { 39, 27, 630, 0, 26, 264, 17285 }, // U+FCBD
    { 38, 36, 618, 0, 28, 342, 17549 }, // U+FCBE
    { 38, 29, 618, 0, 28, 276, 17891 }, // U+FCBF
    { 38, 29, 618, 0, 28, 276, 18167 }, // U+FCC0
    { 37, 29, 602, 0, 28, 269, 18443 }, // U+FCC1
    { 38, 28, 618, 0, 27, 266, 18712 }, // U+FCC2
    { 37, 28, 602, 0, 27, 259, 18978 }, // U+FCC3
    { 38, 32, 591, 0, 24, 304, 19237 }, // U+FCC4
    { 38, 25, 591, 0, 24, 238, 19541 }, // U+FCC5
    { 38, 25, 591, 0, 24, 238, 19779 }, // U+FCC6
    { 27, 26, 426, 0, 25, 176, 20017 }, // U+FCC7
    { 37, 25, 575, 0, 24, 232, 20193 }, // U+FCC8
    { 31, 33, 507, 0, 25, 256, 20425 }, // U+FCC9
    { 31, 26, 507, 0, 25, 202, 20681 }, // U+FCCA
    { 31, 26, 507, 0, 25, 202, 20883 }, // U+FCCB
    { 30, 26, 491, 0, 25, 195, 21085 }, // U+FCCC
    { 28, 33, 463, 0, 25, 231, 21280 }, // U+FCCD
    { 40, 23, 659, 0, 15, 230, 21511 }, // U+FCCE
    { 40, 16, 659, 0, 15, 160, 21741 }, // U+FCCF
    { 40, 25, 659, 0, 24, 250, 21901 }, // U+FCD0
    { 39, 15, 643, 0, 14, 147, 22151 }, // U+FCD1
    { 31, 32, 518, 0, 24, 248, 22298 }, // U+FCD2
    { 31, 25, 518, 0, 24, 194, 22546 }, // U+FCD3
    { 31, 25, 518, 0, 24, 194, 22740 }, // U+FCD4
    { 30, 25, 502, 0, 24, 188, 22934 }, // U+FCD5
    { 28, 32, 474, 0, 24, 224, 23122 }, // U+FCD6
    { 42, 27, 691, 0, 19, 284, 23346 }, // U+FCD7
    { 41, 20, 675, 0, 19, 205, 23630 }, // U+FCD8
    { 21, 29, 342, 0, 28, 153, 23835 }, // U+FCD9
    { 33, 24, 540, 0, 16, 198, 23988 }, // U+FCDA
    { 33, 24, 540, 0, 16, 198, 24186 }, // U+FCDB
    { 33, 32, 540, 0, 24, 264, 24384 }, // U+FCDC
    { 32, 24, 524, 0, 16, 192, 24648 }, // U+FCDD
    { 30, 24, 496, 0, 16, 180, 24840 }, // U+FCDE
    { 37, 24, 538, 0, 23, 222, 25020 }, // U+FCDF
    { 35, 31, 509, 0, 23, 272, 25242 }, // U+FCE0
    { 37, 22, 538, 0, 14, 204, 25514 }, // U+FCE1
    { 35, 24, 509, 0, 16, 210, 25718 }, // U+FCE2
    { 38, 20, 551, 0, 19, 190, 25928 }, // U+FCE3
    { 36, 27, 523, 0, 19, 243, 26118 }, // U+FCE4
    { 38, 24, 551, 0, 23, 228, 26361 }, // U+FCE5
    { 36, 31, 523, 0, 23, 279, 26589 }, // U+FCE6
    { 58, 15, 876, 0, 14, 218, 26868 }, // U+FCE7
    { 56, 24, 848, 0, 16, 336, 27086 }, // U+FCE8
    { 58, 26, 876, 0, 25, 377, 27422 }, // U+FCE9
    { 56, 33, 848, 0, 25, 462, 27799 }, // U+FCEA
    { 32, 26, 454, 0, 25, 208, 28261 }, // U+FCEB
    { 41, 25, 604, 0, 24, 257, 28469 }, // U+FCEC
    { 35, 26, 516, 0, 25, 228, 28726 }, // U+FCED
    { 37, 22, 538, 0, 21, 204, 28954 }, // U+FCEE
    { 35, 29, 509, 0, 21, 254, 29158 }, // U+FCEF
    { 38, 22, 551, 0, 14, 209, 29412 }, // U+FCF0
    { 36, 24, 523, 0, 16, 216, 29621 }, // U+FCF1
    { 14, 27, 154, -1, 26, 95, 29837 }, // U+FCF2
    { 15, 31, 154, -2, 30, 117, 29932 }, // U+FCF3
    { 14, 28, 154, -1, 27, 98, 30049 }, // U+FCF4
    { 50, 33, 820, 0, 25, 413, 30147 }, // U+FCF5
    { 50, 41, 820, 0, 25, 513, 30560 }, // U+FCF6
    { 44, 25, 724, 0, 17, 275, 31073 }, // U+FCF7
    { 44, 33, 724, 0, 17, 363, 0 }, // U+FCF8
    { 44, 34, 724, 0, 26, 374, 363 }, // U+FCF9
    { 44, 42, 724, 0, 26, 462, 737 }, // U+FCFA
    { 57, 24, 933, 0, 16, 342, 1199 }, // U+FCFB
    { 57, 32, 933, 0, 16, 456, 1541 }, // U+FCFC
    { 57, 33, 933, 0, 25, 471, 1997 }, // U+FCFD
    { 57, 41, 933, 0, 25, 585, 2468 }, // U+FCFE
    { 47, 23, 762, 0, 15, 271, 3053 }, // U+FCFF
    { 47, 31, 762, 0, 15, 365, 3324 }, // U+FD00
    { 47, 23, 762, 0, 15, 271, 3689 }, // U+FD01
    { 47, 31, 762, 0, 15, 365, 3960 }, // U+FD02
    { 47, 31, 762, 0, 23, 365, 4325 }, // U+FD03
    { 47, 39, 762, 0, 23, 459, 4690 }, // U+FD04
    { 58, 23, 946, 0, 15, 334, 5149 }, // U+FD05
    { 58, 31, 946, 0, 15, 450, 5483 }, // U+FD06
    { 58, 31, 946, 0, 23, 450, 5933 }, // U+FD07
    { 58, 39, 946, 0, 23, 566, 6383 }, // U+FD08
    { 55, 39, 901, 0, 25, 537, 6949 }, // U+FD09
    { 55, 39, 901, 0, 25, 537, 7486 }, // U+FD0A
    { 55, 40, 901, 0, 26, 550, 8023 }, // U+FD0B
    { 53, 39, 859, 0, 25, 517, 8573 }, // U+FD0C
    { 47, 33, 747, -2, 25, 388, 9090 }, // U+FD0D
    { 47, 24, 747, -2, 16, 282, 9478 }, // U+FD0E
    { 49, 23, 759, -2, 15, 282, 9760 }, // U+FD0F
    { 49, 31, 759, -2, 23, 380, 10042 }, // U+FD10
    { 55, 33, 833, 0, 25, 454, 10422 }, // U+FD11
    { 55, 41, 833, 0, 25, 564, 10876 }, // U+FD12
    { 48, 24, 721, 0, 16, 288, 11440 }, // U+FD13
    { 48, 32, 721, 0, 16, 384, 11728 }, // U+FD14
    { 48, 33, 721, 0, 25, 396, 12112 }, // U+FD15
    { 48, 41, 721, 0, 25, 492, 12508 }, // U+FD16
    { 64, 22, 970, 0, 14, 352, 13000 }, // U+FD17
    { 64, 30, 970, 0, 14, 480, 13352 }, // U+FD18
    { 64, 33, 970, 0, 25, 528, 13832 }, // U+FD19
    { 64, 41, 970, 0, 25, 656, 14360 }, // U+FD1A
    { 52, 23, 775, 0, 15, 299, 15016 }, // U+FD1B
    { 52, 31, 775, 0, 15, 403, 15315 }, // U+FD1C
    { 52, 23, 775, 0, 15, 299, 15718 }, // U+FD1D
    { 52, 31, 775, 0, 15, 403, 16017 }, // U+FD1E
    { 52, 32, 775, 0, 24, 416, 16420 }, // U+FD1F
    { 52, 40, 775, 0, 24, 520, 16836 }, // U+FD20
    { 63, 23, 962, 0, 15, 363, 17356 }, // U+FD21
    { 63, 31, 962, 0, 15, 489, 17719 }, // U+FD22
    { 63, 31, 962, 0, 23, 489, 18208 }, // U+FD23
    { 63, 39, 962, 0, 23, 615, 18697 }, // U+FD24
    { 62, 39, 937, 0, 25, 605, 19312 }, // U+FD25
    { 62, 39, 937, 0, 25, 605, 19917 }, // U+FD26
    { 62, 40, 937, 0, 26, 620, 20522 }, // U+FD27
    { 59, 39, 896, 0, 25, 576, 21142 }, // U+FD28
    { 54, 33, 783, -2, 25, 446, 21718 }, // U+FD29
    { 54, 22, 783, -2, 14, 297, 22164 }, // U+FD2A
    { 54, 23, 775, -2, 15, 311, 22461 }, // U+FD2B
    { 54, 31, 775, -2, 23, 419, 22772 }, // U+FD2C
    { 52, 33, 855, 0, 25, 429, 23191 }, // U+FD2D
    { 52, 26, 855, 0, 25, 338, 23620 }, // U+FD2E
    { 52, 26, 855, 0, 25, 338, 23958 }, // U+FD2F
    { 51, 26, 839, 0, 25, 332, 24296 }, // U+FD30
    { 50, 24, 811, 0, 16, 300, 24628 }, // U+FD31
    { 50, 33, 811, 0, 25, 413, 24928 }, // U+FD32
    { 45, 26, 726, 0, 25, 293, 25341 }, // U+FD33
    { 59, 23, 892, 0, 15, 340, 25634 }, // U+FD34
    { 59, 16, 892, 0, 15, 236, 25974 }, // U+FD35
    { 59, 25, 892, 0, 24, 369, 26210 }, // U+FD36
    { 59, 33, 892, 0, 25, 487, 26579 }, // U+FD37
    { 59, 26, 892, 0, 25, 384, 27066 }, // U+FD38
    { 59, 26, 892, 0, 25, 384, 27450 }, // U+FD39
    { 49, 26, 739, 0, 25, 319, 27834 }, // U+FD3A
    { 49, 26, 739, 0, 25, 319, 28153 }, // U+FD3B
    { 16, 28, 170, 1, 27, 112, 28472 }, // U+FD3C
    { 16, 27, 146, 1, 27, 108, 28584 }, // U+FD3D
    { 14, 32, 232, 0, 24, 112, 28692 }, // U+FD3E
    { 14, 32, 232, 1, 24, 112, 28804 }, // U+FD3F
    { 51, 36, 846, 1, 31, 459, 28916 }, // U+FD40
    { 67, 40, 1106, 1, 31, 670, 29375 }, // U+FD41
    { 73, 40, 1194, 1, 31, 730, 30045 }, // U+FD42
    { 80, 41, 1308, 1, 32, 820, 30775 }, // U+FD43
    { 84, 43, 1377, 1, 34, 903, 0 }, // U+FD44
    { 82, 42, 1347, 1, 33, 861, 903 }, // U+FD45
    { 36, 30, 614, 1, 26, 270, 1764 }, // U+FD46
    { 70, 31, 1149, 1, 26, 543, 2034 }, // U+FD47
    { 79, 36, 1300, 1, 31, 711, 2577 }, // U+FD48
    { 67, 36, 1106, 1, 31, 603, 3288 }, // U+FD49
    { 37, 29, 626, 1, 24, 269, 3891 }, // U+FD4A
    { 45, 32, 751, 1, 27, 360, 4160 }, // U+FD4B
    { 45, 29, 754, 1, 24, 327, 4520 }, // U+FD4C
    { 66, 32, 1093, 1, 27, 528, 4847 }, // U+FD4D
    { 50, 36, 830, 1, 28, 450, 5375 }, // U+FD4E
    { 59, 36, 973, 1, 31, 531, 5825 }, // U+FD4F
    { 53, 31, 851, 0, 23, 411, 6356 }, // U+FD50
    { 63, 33, 961, 0, 19, 520, 6767 }, // U+FD51
    { 54, 31, 867, 0, 23, 419, 7287 }, // U+FD52
    { 53, 24, 851, 0, 23, 318, 7706 }, // U+FD53
    { 53, 25, 851, 0, 24, 332, 8024 }, // U+FD54
    { 53, 31, 851, 0, 23, 411, 8356 }, // U+FD55
    { 53, 24, 851, 0, 23, 318, 8767 }, // U+FD56
    { 53, 25, 851, 0, 24, 332, 9085 }, // U+FD57
    { 70, 31, 1076, 0, 17, 543, 9417 }, // U+FD58
    { 63, 23, 1017, 0, 15, 363, 9960 }, // U+FD59
    { 72, 31, 1108, 0, 15, 558, 10323 }, // U+FD5A
    { 72, 23, 1108, 0, 15, 414, 10881 }, // U+FD5B
    { 74, 24, 1204, 0, 16, 444, 11295 }, // U+FD5C
    { 74, 24, 1204, 0, 16, 444, 11739 }, // U+FD5D
    { 86, 23, 1319, 0, 15, 495, 12183 }, // U+FD5E
    { 83, 31, 1270, 0, 17, 644, 12678 }, // U+FD5F
    { 73, 17, 1188, 0, 16, 311, 13322 }, // U+FD60
    { 73, 24, 1188, 0, 16, 438, 13633 }, // U+FD61
    { 80, 29, 1229, 0, 15, 580, 14071 }, // U+FD62
    { 72, 17, 1172, 0, 16, 306, 14651 }, // U+FD63
    { 83, 31, 1278, 0, 17, 644, 14957 }, // U+FD64
    { 75, 16, 1217, 0, 15, 300, 15601 }, // U+FD65
    { 79, 29, 1221, 0, 15, 573, 15901 }, // U+FD66
    { 81, 39, 1245, 0, 25, 790, 16474 }, // U+FD67
    { 73, 26, 1188, 0, 25, 475, 17264 }, // U+FD68
    { 86, 41, 1319, 0, 25, 882, 17739 }, // U+FD69
    { 83, 40, 1270, 0, 26, 830, 18621 }, // U+FD6A
    { 73, 26, 1188, 0, 25, 475, 19451 }, // U+FD6B
    { 80, 39, 1229, 0, 25, 780, 19926 }, // U+FD6C
    { 72, 26, 1172, 0, 25, 468, 20706 }, // U+FD6D
    { 85, 31, 1311, 0, 23, 659, 21174 }, // U+FD6E
    { 80, 38, 1237, 0, 24, 760, 21833 }, // U+FD6F
    { 74, 25, 1201, 0, 24, 463, 22593 }, // U+FD70
    { 74, 39, 1133, 0, 25, 722, 23056 }, // U+FD71
    { 66, 26, 1074, 0, 25, 429, 23778 }, // U+FD72
    { 65, 26, 1058, 0, 25, 423, 24207 }, // U+FD73
    { 76, 41, 1166, 0, 25, 779, 24630 }, // U+FD74
    { 65, 30, 996, 0, 16, 488, 25409 }, // U+FD75
    { 64, 30, 980, 0, 16, 480, 25897 }, // U+FD76
    { 59, 18, 963, 0, 17, 266, 26377 }, // U+FD77
    { 69, 24, 1054, 0, 16, 414, 26643 }, // U+FD78
    { 64, 39, 980, 0, 25, 624, 27057 }, // U+FD79
    { 69, 41, 1054, 0, 25, 708, 27681 }, // U+FD7A
    { 69, 33, 1054, 0, 25, 570, 28389 }, // U+FD7B
    { 65, 39, 983, 0, 25, 634, 28959 }, // U+FD7C
    { 59, 29, 951, 0, 28, 428, 29593 }, // U+FD7D
    { 66, 38, 1009, 0, 24, 627, 30021 }, // U+FD7E
    { 64, 38, 967, 0, 24, 608, 30648 }, // U+FD7F
    { 58, 39, 885, 0, 25, 566, 31256 }, // U+FD80
    { 63, 41, 959, 0, 25, 646, 0 }, // U+FD81
    { 63, 33, 959, 0, 25, 520, 646 }, // U+FD82
    { 52, 33, 856, 0, 25, 429, 1166 }, // U+FD83
    { 61, 39, 926, 0, 25, 595, 1595 }, // U+FD84
    { 58, 39, 885, 0, 25, 566, 2190 }, // U+FD85
    { 51, 26, 840, 0, 25, 332, 2756 }, // U+FD86
    { 60, 39, 910, 0, 25, 585, 3088 }, // U+FD87
    { 51, 26, 840, 0, 25, 332, 3673 }, // U+FD88
    { 62, 23, 1008, 0, 15, 357, 4005 }, // U+FD89
    { 61, 16, 992, 0, 15, 244, 4362 }, // U+FD8A
    { 72, 31, 1108, 0, 15, 558, 4606 }, // U+FD8B
    { 62, 23, 1008, 0, 15, 357, 5164 }, // U+FD8C
    { 61, 23, 992, 0, 15, 351, 5521 }, // U+FD8D
    { 62, 32, 1008, 0, 24, 496, 5872 }, // U+FD8E
    { 61, 25, 992, 0, 24, 382, 6368 }, // U+FD8F
    { 62, 32, 1008, 0, 24, 496, 6750 }, // U+FD92
    { 63, 27, 1023, 0, 19, 426, 7246 }, // U+FD93
    { 62, 20, 1007, 0, 19, 310, 7672 }, // U+FD94
    { 52, 25, 851, 0, 24, 325, 7982 }, // U+FD95
    { 64, 29, 980, 0, 21, 464, 8307 }, // U+FD96
    { 60, 35, 906, 0, 21, 525, 8771 }, // U+FD97
    { 52, 32, 851, 0, 24, 416, 9296 }, // U+FD98
    { 64, 29, 980, 0, 21, 464, 9712 }, // U+FD99
    { 63, 37, 964, 0, 21, 583, 10176 }, // U+FD9A
    { 63, 29, 964, 0, 21, 457, 10759 }, // U+FD9B
    { 60, 29, 903, 0, 15, 435, 11216 }, // U+FD9C
    { 53, 24, 857, 0, 16, 318, 11651 }, // U+FD9D
    { 64, 40, 980, 0, 24, 640, 11969 }, // U+FD9E
    { 65, 35, 993, 0, 19, 569, 12609 }, // U+FD9F
    { 65, 27, 993, 0, 19, 439, 13178 }, // U+FDA0
    { 65, 40, 993, 0, 24, 650, 13617 }, // U+FDA1
    { 65, 32, 993, 0, 24, 520, 14267 }, // U+FDA2
    { 64, 35, 977, 0, 19, 560, 14787 }, // U+FDA3
    { 64, 27, 977, 0, 19, 432, 15347 }, // U+FDA4
    { 72, 31, 1108, 0, 15, 558, 15779 }, // U+FDA5
    { 69, 23, 1111, 0, 15, 397, 16337 }, // U+FDA6
    { 72, 23, 1108, 0, 15, 414, 16734 }, // U+FDA7
    { 86, 32, 1319, 0, 24, 688, 17148 }, // U+FDA8
    { 85, 31, 1311, 0, 15, 659, 17836 }, // U+FDA9
    { 86, 41, 1319, 0, 25, 882, 18495 }, // U+FDAA
    { 85, 39, 1311, 0, 23, 829, 19377 }, // U+FDAB
    { 63, 41, 959, 0, 25, 646, 20206 }, // U+FDAC
    { 62, 41, 943, 0, 25, 636, 20852 }, // U+FDAD
    { 65, 31, 993, 0, 15, 504, 21488 }, // U+FDAE
    { 65, 31, 993, 0, 15, 504, 21992 }, // U+FDAF
    { 64, 30, 977, 0, 14, 480, 22496 }, // U+FDB0
    { 71, 30, 1092, 0, 14, 533, 22976 }, // U+FDB1
    { 68, 40, 1041, 0, 24, 680, 23509 }, // U+FDB2
    { 64, 37, 980, 0, 21, 592, 24189 }, // U+FDB3
    { 59, 28, 951, 0, 27, 413, 24781 }, // U+FDB4
    { 51, 26, 840, 0, 25, 332, 25194 }, // U+FDB5
    { 69, 32, 1054, 0, 16, 552, 25526 }, // U+FDB6
    { 68, 40, 1030, 0, 24, 680, 26078 }, // U+FDB7
    { 53, 32, 867, 0, 24, 424, 26758 }, // U+FDB8
    { 72, 40, 1108, 0, 24, 720, 27182 }, // U+FDB9
    { 51, 33, 840, 0, 25, 421, 27902 }, // U+FDBA
    { 63, 38, 956, 0, 24, 599, 28323 }, // U+FDBB
    { 58, 39, 885, 0, 25, 566, 28922 }, // U+FDBC
    { 62, 35, 948, 0, 21, 543, 29488 }, // U+FDBD
    { 73, 31, 1124, 0, 15, 566, 30031 }, // U+FDBE
    { 73, 31, 1124, 0, 15, 566, 30597 }, // U+FDBF
    { 72, 31, 1108, 0, 15, 558, 31163 }, // U+FDC0
    { 68, 41, 1041, 0, 25, 697, 0 }, // U+FDC1
    { 64, 31, 980, 0, 15, 496, 697 }, // U+FDC2
    { 57, 25, 908, 0, 24, 357, 1193 }, // U+FDC3
    { 60, 25, 979, 0, 17, 375, 1550 }, // U+FDC4
    { 73, 16, 1185, 0, 15, 292, 1925 }, // U+FDC5
    { 86, 40, 1319, 0, 24, 860, 2217 }, // U+FDC6
    { 64, 37, 980, 0, 21, 592, 3077 }, // U+FDC7
    { 52, 31, 871, 1, 26, 403, 3669 }, // U+FDCF
    { 62, 35, 1002, 0, 25, 543, 4072 }, // U+FDF0
    { 46, 37, 752, 0, 27, 426, 4615 }, // U+FDF1
    { 48, 38, 784, 0, 37, 456, 5041 }, // U+FDF2
    { 53, 41, 831, -2, 33, 544, 5497 }, // U+FDF3
    { 79, 32, 1296, 1, 31, 632, 6041 }, // U+FDF4
    { 84, 39, 1350, 0, 25, 819, 6673 }, // U+FDF5
    { 86, 33, 1399, 0, 25, 710, 7492 }, // U+FDF6
    { 61, 33, 995, 0, 25, 504, 8202 }, // U+FDF7
    { 81, 39, 1308, 0, 25, 790, 8706 }, // U+FDF8
    { 70, 33, 1129, 0, 25, 578, 9496 }, // U+FDF9
    { 36, 31, 614, 1, 26, 279, 10074 }, // U+FDFA
    { 35, 33, 555, 0, 25, 289, 10353 }, // U+FDFB
    { 43, 31, 695, 0, 24, 334, 10642 }, // U+FDFC
    { 57, 36, 951, 1, 28, 513, 10976 }, // U+FDFE
    { 35, 30, 595, 1, 25, 263, 11489 }, // U+FDFF
    { 9, 10, 169, 1, 29, 23, 11752 }, // U+FE70
    { 13, 23, 154, 0, 22, 75, 11775 }, // U+FE71
    { 13, 10, 219, 0, 29, 33, 11850 }, // U+FE72
    { 12, 17, 142, 0, 9, 51, 11883 }, // U+FE73
    { 9, 9, 169, 1, -1, 21, 11934 }, // U+FE74
    { 9, 6, 169, 1, 25, 14, 11955 }, // U+FE76
    { 13, 19, 154, 0, 18, 62, 11969 }, // U+FE77
    { 10, 10, 183, 0, 29, 25, 12031 }, // U+FE78
    { 15, 23, 154, -2, 22, 87, 12056 }, // U+FE79
    { 9, 6, 169, 1, -1, 14, 12143 }, // U+FE7A
    { 13, 12, 154, 0, 5, 39, 12157 }, // U+FE7B
    { 10, 8, 172, 0, 27, 20, 12196 }, // U+FE7C
    { 14, 21, 154, -1, 20, 74, 12216 }, // U+FE7D
    { 7, 8, 138, 1, 28, 14, 12290 }, // U+FE7E
    { 13, 22, 154, 0, 21, 72, 12304 }, // U+FE7F
    { 15, 17, 251, 0, 15, 64, 12376 }, // U+FE80
    { 12, 30, 145, -2, 30, 90, 12440 }, // U+FE81
    { 16, 33, 170, -2, 32, 132, 12530 }, // U+FE82
    { 8, 33, 145, 0, 33, 66, 12662 }, // U+FE83
    { 14, 36, 170, 0, 35, 126, 12728 }, // U+FE84
    { 16, 32, 266, 0, 24, 128, 12854 }, // U+FE85
    { 21, 32, 279, 0, 24, 168, 12982 }, // U+FE86
    { 9, 35, 146, 1, 25, 79, 13150 }, // U+FE87
    { 13, 36, 170, 1, 25, 117, 13229 }, // U+FE88
    { 27, 26, 438, 0, 18, 176, 13346 }, // U+FE89
    { 30, 26, 427, 0, 18, 195, 13522 }, // U+FE8A
    { 9, 27, 169, 0, 26, 61, 13717 }, // U+FE8B
    { 16, 24, 205, 0, 23, 96, 13778 }, // U+FE8C
    { 7, 25, 146, 1, 25, 44, 13874 }, // U+FE8D
    { 13, 26, 170, 1, 25, 85, 13918 }, // U+FE8E
    { 32, 24, 546, 1, 15, 192, 14003 }, // U+FE8F
    { 40, 22, 609, 1, 13, 220, 14195 }, // U+FE90
    { 9, 24, 169, 0, 16, 54, 14415 }, // U+FE91
    { 16, 20, 205, 0, 12, 80, 14469 }, // U+FE92
    { 15, 27, 251, 0, 26, 102, 14549 }, // U+FE93
    { 22, 29, 296, 0, 28, 160, 14651 }, // U+FE94
    { 32, 20, 546, 1, 19, 160, 14811 }, // U+FE95
    { 40, 20, 609, 1, 19, 200, 14971 }, // U+FE96
    { 11, 24, 169, -1, 23, 66, 15171 }, // U+FE97
    { 17, 20, 218, 0, 19, 85, 15237 }, // U+FE98
    { 32, 24, 546, 1, 23, 192, 15322 }, // U+FE99
    { 40, 24, 609, 1, 23, 240, 15514 }, // U+FE9A
    { 10, 28, 169, 0, 27, 70, 15754 }, // U+FE9B
    { 17, 24, 218, 0, 23, 102, 15824 }, // U+FE9C
    { 22, 31, 366, 0, 17, 171, 15926 }, // U+FE9D
    { 28, 31, 394, 0, 17, 217, 16097 }, // U+FE9E
    { 21, 23, 335, 0, 15, 121, 16314 }, // U+FE9F
    { 25, 23, 349, 0, 15, 144, 16435 }, // U+FEA0
    { 22, 31, 366, 0, 17, 171, 16579 }, // U+FEA1
    { 28, 31, 394, 0, 17, 217, 16750 }, // U+FEA2
    { 21, 16, 335, 0, 15, 84, 16967 }, // U+FEA3
    { 25, 16, 349, 0, 15, 100, 17051 }, // U+FEA4
    { 22, 40, 366, 0, 26, 220, 17151 }, // U+FEA5
    { 28, 40, 394, 0, 26, 280, 17371 }, // U+FEA6
    { 21, 24, 335, 0, 23, 126, 17651 }, // U+FEA7
    { 25, 25, 349, 0, 24, 157, 17777 }, // U+FEA8
    { 15, 19, 276, 1, 18, 72, 17934 }, // U+FEA9
    { 21, 19, 304, 1, 18, 100, 18006 }, // U+FEAA
    { 15, 27, 276, 1, 26, 102, 18106 }, // U+FEAB
    { 21, 27, 304, 1, 26, 142, 18208 }, // U+FEAC
    { 14, 21, 218, -2, 13, 74, 18350 }, // U+FEAD
    { 20, 21, 240, -2, 13, 105, 18424 }, // U+FEAE
    { 14, 30, 218, -2, 22, 105, 18529 }, // U+FEAF
    { 20, 30, 240, -2, 22, 150, 18634 }, // U+FEB0
    { 44, 24, 731, 0, 16, 264, 18784 }, // U+FEB1
    { 51, 22, 767, 0, 14, 281, 19048 }, // U+FEB2
    { 30, 17, 507, 0, 16, 128, 19329 }, // U+FEB3
    { 37, 15, 543, 0, 14, 139, 19457 }, // U+FEB4
    { 44, 33, 731, 0, 25, 363, 19596 }, // U+FEB5
    { 51, 33, 767, 0, 25, 421, 19959 }, // U+FEB6
    { 30, 26, 507, 0, 25, 195, 20380 }, // U+FEB7
    { 37, 26, 543, 0, 25, 241, 20575 }, // U+FEB8
    { 47, 23, 758, 0, 15, 271, 20816 }, // U+FEB9
    { 51, 23, 769, 0, 15, 294, 21087 }, // U+FEBA
    { 32, 16, 519, 0, 15, 128, 21381 }, // U+FEBB
    { 37, 16, 535, 0, 15, 148, 21509 }, // U+FEBC
    { 47, 32, 758, 0, 24, 376, 21657 }, // U+FEBD
    { 51, 32, 769, 0, 24, 408, 22033 }, // U+FEBE
    { 32, 24, 519, 0, 23, 192, 22441 }, // U+FEBF
    { 37, 24, 535, 0, 23, 222, 22633 }, // U+FEC0
    { 27, 26, 450, 0, 25, 176, 22855 }, // U+FEC1
    { 32, 26, 459, 0, 25, 208, 23031 }, // U+FEC2
    { 24, 26, 393, 0, 25, 156, 23239 }, // U+FEC3
    { 29, 26, 406, 0, 25, 189, 23395 }, // U+FEC4
    { 27, 26, 450, 0, 25, 176, 23584 }, // U+FEC5
    { 32, 26, 459, 0, 25, 208, 23760 }, // U+FEC6
    { 24, 26, 393, 0, 25, 156, 23968 }, // U+FEC7
    { 29, 26, 406, 0, 25, 189, 24124 }, // U+FEC8
    { 22, 33, 304, 0, 19, 182, 24313 }, // U+FEC9
    { 22, 30, 304, 0, 16, 165, 24495 }, // U+FECA
    { 18, 18, 297, 0, 17, 81, 24660 }, // U+FECB
    { 23, 17, 294, -1, 16, 98, 24741 }, // U+FECC
    { 22, 42, 304, 0, 28, 231, 24839 }, // U+FECD
    { 22, 39, 304, 0, 25, 215, 25070 }, // U+FECE
    { 18, 27, 297, 0, 26, 122, 25285 }, // U+FECF
    { 23, 26, 294, -1, 25, 150, 25407 }, // U+FED0
    { 32, 29, 546, 1, 28, 232, 25557 }, // U+FED1
    { 39, 26, 595, 1, 25, 254, 25789 }, // U+FED2
    { 16, 29, 269, 0, 28, 116, 26043 }, // U+FED3
    { 21, 26, 282, 0, 25, 137, 26159 }, // U+FED4
    { 27, 30, 444, 0, 23, 203, 26296 }, // U+FED5
    { 32, 31, 456, 0, 21, 248, 26499 }, // U+FED6
    { 16, 28, 269, 0, 27, 112, 26747 }, // U+FED7
    { 21, 25, 282, 0, 24, 132, 26859 }, // U+FED8
    { 29, 26, 496, 1, 25, 189, 26991 }, // U+FED9
    { 35, 26, 519, 1, 25, 228, 27180 }, // U+FEDA
    { 16, 25, 242, 0, 24, 100, 27408 }, // U+FEDB
    { 20, 25, 271, 0, 24, 125, 27508 }, // U+FEDC
    { 23, 33, 395, 0, 25, 190, 27633 }, // U+FEDD
    { 30, 33, 422, 0, 25, 248, 27823 }, // U+FEDE
    { 9, 26, 158, 0, 25, 59, 28071 }, // U+FEDF
    { 15, 26, 183, 0, 25, 98, 28130 }, // U+FEE0
    { 18, 29, 292, 0, 15, 131, 28228 }, // U+FEE1
    { 25, 29, 352, 0, 15, 182, 28359 }, // U+FEE2
    { 18, 15, 310, 0, 14, 68, 28541 }, // U+FEE3
    { 24, 15, 333, 0, 14, 90, 28609 }, // U+FEE4
    { 24, 27, 395, 0, 19, 162, 28699 }, // U+FEE5
    { 30, 27, 429, 0, 19, 203, 28861 }, // U+FEE6
    { 9, 25, 169, 0, 24, 57, 29064 }, // U+FEE7
    { 16, 22, 205, 0, 21, 88, 29121 }, // U+FEE8
    { 15, 20, 251, 0, 19, 75, 29209 }, // U+FEE9
    { 22, 21, 296, 0, 20, 116, 29284 }, // U+FEEA
    { 21, 20, 342, 0, 19, 105, 29400 }, // U+FEEB
    { 22, 24, 304, 0, 16, 132, 29505 }, // U+FEEC
    { 16, 22, 266, 0, 14, 88, 29637 }, // U+FEED
    { 21, 22, 279, 0, 14, 116, 29725 }, // U+FEEE
    { 27, 24, 438, 0, 16, 162, 29841 }, // U+FEEF
    { 30, 17, 427, 0, 9, 128, 30003 }, // U+FEF0
    { 27, 32, 438, 0, 16, 216, 30131 }, // U+FEF1
    { 30, 25, 427, 0, 9, 188, 30347 }, // U+FEF2
    { 11, 24, 191, 0, 16, 66, 30535 }, // U+FEF3
    { 17, 20, 218, 0, 12, 85, 30601 }, // U+FEF4
    { 22, 27, 337, -2, 27, 149, 30686 }, // U+FEF5
    { 25, 29, 363, 1, 28, 182, 30835 }, // U+FEF6
    { 20, 30, 337, 0, 30, 150, 31017 }, // U+FEF7
    { 25, 32, 363, 1, 31, 200, 0 }, // U+FEF8
    { 19, 35, 337, 1, 25, 167, 200 }, // U+FEF9
    { 25, 35, 363, 1, 25, 219, 367 }, // U+FEFA
    { 19, 25, 337, 1, 25, 119, 586 }, // U+FEFB
    { 25, 26, 363, 1, 25, 163, 705 }, // U+FEFC
    { 0, 0, 0, 0, 0, 0, 868 }, // U+FEFF
    { 31, 32, 533, 1, 26, 248, 0 }, // U+FFFD
    { 23, 9, 0, 0, -1, 52, 0 }, // U+10EFD
    { 26, 14, 0, -1, -1, 91, 52 }, // U+10EFE
    { 14, 7, 0, 0, -1, 25, 143 }, // U+10EFF
};

static const EpdUnicodeInterval arabic_16_boldIntervals[] = {
    { 0x600, 0x6FF, 0x0 },
    { 0x750, 0x77F, 0x100 },
    { 0x870, 0x88E, 0x130 },
    { 0x890, 0x891, 0x14F },
    { 0x898, 0x8FF, 0x151 },
    { 0xFB50, 0xFBC2, 0x1B9 },
    { 0xFBD3, 0xFD8F, 0x22C },
    { 0xFD92, 0xFDC7, 0x3E9 },
    { 0xFDCF, 0xFDCF, 0x41F },
    { 0xFDF0, 0xFDFC, 0x420 },
    { 0xFDFE, 0xFDFF, 0x42D },
    { 0xFE70, 0xFE74, 0x42F },
    { 0xFE76, 0xFEFC, 0x434 },
    { 0xFEFF, 0xFEFF, 0x4BB },
    { 0xFFFD, 0xFFFD, 0x4BC },
    { 0x10EFD, 0x10EFF, 0x4BD },
};

static const EpdFontGroup arabic_16_boldGroups[] = {
    { 0, 7100, 32522, 222, 0 },
    { 7100, 7936, 32708, 245, 222 },
    { 15036, 6913, 32624, 164, 467 },
    { 21949, 4883, 32656, 96, 631 },
    { 26832, 6158, 32574, 122, 727 },
    { 32990, 4408, 32275, 76, 849 },
    { 37398, 7632, 32591, 61, 925 },
    { 45030, 4387, 32398, 62, 986 },
    { 49417, 9206, 32618, 158, 1048 },
    { 58623, 249, 951, 6, 1206 },
    { 58872, 139, 256, 1, 1212 },
    { 59011, 146, 180, 3, 1213 },
};

static const EpdKernClassEntry arabic_16_boldKernLeftClasses[] = {
    { 0x0660, 1 }, // U+0660
    { 0x0662, 2 }, // U+0662
    { 0x0664, 3 }, // U+0664
    { 0x0665, 4 }, // U+0665
    { 0x0667, 5 }, // U+0667
    { 0x0692, 6 }, // U+0692
    { 0x0693, 6 }, // U+0693
    { 0x0695, 6 }, // U+0695
    { 0x06EF, 6 }, // U+06EF
    { 0x06F0, 7 }, // U+06F0
    { 0x06F1, 8 }, // U+06F1
    { 0x06F2, 2 }, // U+06F2
    { 0x06F3, 2 }, // U+06F3
    { 0x06F4, 2 }, // U+06F4
    { 0x06F5, 9 }, // U+06F5
    { 0x06F7, 10 }, // U+06F7
    { 0x06F8, 11 }, // U+06F8
    { 0x075B, 6 }, // U+075B
    { 0xFB8C, 6 }, // U+FB8C
    { 0xFEAD, 6 }, // U+FEAD
    { 0xFEAE, 6 }, // U+FEAE
    { 0xFEAF, 6 }, // U+FEAF
};

static const EpdKernClassEntry arabic_16_boldKernRightClasses[] = {
    { 0x0647, 1 }, // U+0647
    { 0x0660, 2 }, // U+0660
    { 0x0665, 3 }, // U+0665
    { 0x0666, 4 }, // U+0666
    { 0x0667, 5 }, // U+0667
    { 0x066F, 6 }, // U+066F
    { 0x06A1, 6 }, // U+06A1
    { 0x06AA, 1 }, // U+06AA
    { 0x06F0, 7 }, // U+06F0
    { 0x06F5, 8 }, // U+06F5
    { 0x06F7, 9 }, // U+06F7
    { 0x06F8, 10 }, // U+06F8
    { 0x06F9, 11 }, // U+06F9
    { 0x075D, 12 }, // U+075D
    { 0x075E, 12 }, // U+075E
    { 0x075F, 12 }, // U+075F
    { 0xFB8E, 1 }, // U+FB8E
    { 0xFBA6, 1 }, // U+FBA6
    { 0xFBAA, 1 }, // U+FBAA
    { 0xFE8D, 13 }, // U+FE8D
    { 0xFEA3, 1 }, // U+FEA3
    { 0xFEA9, 6 }, // U+FEA9
    { 0xFEB1, 6 }, // U+FEB1
    { 0xFEB3, 6 }, // U+FEB3
    { 0xFEB9, 6 }, // U+FEB9
    { 0xFEBB, 6 }, // U+FEBB
    { 0xFEC1, 6 }, // U+FEC1
    { 0xFEC3, 6 }, // U+FEC3
    { 0xFEC9, 12 }, // U+FEC9
    { 0xFECB, 13 }, // U+FECB
    { 0xFECD, 12 }, // U+FECD
    { 0xFEDB, 1 }, // U+FEDB
    { 0xFEDF, 13 }, // U+FEDF
    { 0xFEE1, 1 }, // U+FEE1
    { 0xFEE3, 1 }, // U+FEE3
    { 0xFEE9, 1 }, // U+FEE9
    { 0xFEEB, 1 }, // U+FEEB
};

static const int8_t arabic_16_boldKernMatrix[] = {
       0,    0,    0,  -40,  -27,    0,    0,    0,  -13,    0,    0,    0,    0,
       0,  -59,  -69,    0,    0,    0,  -29,  -35,    0,  -59,   16,    0,    0,
       0,    0,    0,  -27,  -21,    0,    0,    0,  -21,    0,    0,    0,    0,
       0,    0,    0,  -35,  -37,    0,    0,    0,  -19,    0,    0,    0,    0,
       0,  -27,  -69,   16,    0,    0,  -13,  -35,    0,  -24,   16,    0,    0,
     -21,    0,    0,    0,    0,  -16,    0,    0,    0,    0,    0,   27,  -13,
       0,    0,    0,  -40,  -13,    0,    0,    0,  -13,    0,    0,    0,    0,
       0,    0,    0,  -13,    0,    0,    0,    0,    0,    0,    0,    0,    0,
       0,    0,    0,  -35,  -19,    0,    0,    0,  -19,    0,    0,    0,    0,
       0,  -13,  -35,   16,    0,    0,  -13,  -35,    0,  -24,    8,    0,    0,
       0,  -27,    0,  -37,  -48,    0,  -13,    0,  -24,    0,  -13,    0,    0,
};

static const EpdFontData arabic_16_bold = {
    arabic_16_boldBitmaps,
    arabic_16_boldGlyphs,
    arabic_16_boldIntervals,
    16,
    45,
    36,
    -10,
    true,
    arabic_16_boldGroups,
    12,
    nullptr,
    arabic_16_boldKernLeftClasses,
    arabic_16_boldKernRightClasses,
    arabic_16_boldKernMatrix,
    22,
    37,
    11,
    13,
    nullptr,
    0,
};
