/**
 * generated by fontconvert.py
 * name: arabic_14_bold
 * size: 14
 * mode: 2-bit  compressed: true
 * Command used: C:\Users\fatiha\Documents\side\lib\EpdFont\scripts\fontconvert.py arabic_14_bold 14 C:\Users\fatiha\Documents\side\lib\EpdFont\builtinFonts\source\NotoSansArabic\NotoSansArabic-Bold.ttf C:\Users\fatiha\Documents\side\lib\EpdFont\builtinFonts\source\NotoSans\NotoSans-Bold.ttf --only-additional-intervals --2bit --compress --pnum --group-max-uncompressed-bytes 32768 --additional-intervals 0x0600,0x06FF --additional-intervals 0x0750,0x077F --additional-intervals 0x0870,0x08FF --additional-intervals 0x10EC0,0x10EFF --additional-intervals 0x1EE00,0x1EEFF --additional-intervals 0xFB50,0xFDFF --additional-intervals 0xFE70,0xFEFF --additional-intervals 0xFFFD,0xFFFD
 */
#pragma once
#include "EpdFontData.h"

static const uint8_t arabic_14_boldBitmaps[47241] = {
    0xED, 0x3D, 0x4D, 0x8C, 0xDD, 0xC6, 0x79, 0x43, 0x52, 0xBB, 0xB4, 0x97, 0x86, 0xB8, 0x0D, 0x56,
    0x86, 0x65, 0xD9, 0xA2, 0x0F, 0x42, 0xA1, 0x04, 0x92, 0xD8, 0x43, 0x0F, 0x8B, 0x74, 0xB5, 0x1C,
    0x27, 0x29, 0x82, 0x20, 0x07, 0xEF, 0x21, 0x9B, 0x02, 0xF1, 0xC1, 0x2E, 0xE0, 0x83, 0x63, 0x24,
    0xDD, 0x1C, 0x84, 0x40, 0x01, 0x24, 0x91, 0x89, 0x81, 0xEA, 0xE0, 0x83, 0xB7, 0x40, 0x8D, 0x02,
    0x0D, 0xD0, 0xF8, 0x20, 0x1F, 0xB2, 0x29, 0x20, 0x01, 0x11, 0x0A, 0xA7, 0x95, 0x96, 0x54, 0x74,
    0xD0, 0xC1, 0x07, 0xD1, 0x16, 0x0A, 0x1F, 0x5C, 0xC4, 0x94, 0x65, 0xD5, 0xAD, 0x03, 0xC4, 0x94,
    0x45, 0xDB, 0x5C, 0x89, 0x8F, 0xD3, 0xEF, 0x67, 0xC8, 0xC7, 0xF7, 0xB4, 0x6B, 0x4B, 0xD6, 0x6A,
    0xF7, 0x49, 0xEA, 0xDB, 0xE5, 0xCC, 0xF0, 0xF1, 0x67, 0xBE, 0xF9, 0xE6, 0x9B, 0xEF, 0x6F, 0xBE,
    0x99, 0x27, 0xC4, 0xC0, 0xC7, 0x28, 0x75, 0xC1, 0x6D, 0x0A, 0x41, 0x53, 0x88, 0xDF, 0xD7, 0x05,
    0xD5, 0xDC, 0xAC, 0xA4, 0x08, 0x15, 0x7F, 0xA2, 0xB6, 0x10, 0xE8, 0x82, 0xD4, 0x85, 0x6B, 0x03,
    0xEF, 0xB7, 0x53, 0x5D, 0x8F, 0x3C, 0xEC, 0xE6, 0xFA, 0xCE, 0xE2, 0x74, 0xF3, 0x8C, 0xAA, 0x4E,
    0x87, 0x6D, 0x31, 0xEE, 0xE9, 0xF2, 0x52, 0x15, 0x56, 0x7E, 0xC4, 0xCF, 0x95, 0x41, 0xDE, 0x40,
    0x5A, 0x4C, 0xE8, 0xEF, 0x84, 0x99, 0x89, 0x55, 0x3E, 0x26, 0x80, 0x47, 0x1F, 0x4F, 0xE9, 0xEB,
    0x81, 0xD2, 0x0F, 0x87, 0xBF, 0xD4, 0x85, 0xD8, 0x6A, 0x0A, 0x47, 0x9B, 0x4B, 0xBA, 0xFA, 0xC4,
    0x6F, 0x0A, 0x4E, 0x53, 0x10, 0x0B, 0xBA, 0x89, 0x4D, 0x0D, 0x5E, 0x5B, 0x6A, 0x5F, 0x6C, 0xA9,
    0x4A, 0xBF, 0xD0, 0x6D, 0x4A, 0xCA, 0x7B, 0xAF, 0xD2, 0x00, 0xC5, 0x2F, 0x56, 0x6D, 0xFB, 0xCA,
    0xB6, 0x94, 0xB7, 0xCD, 0x4F, 0xA9, 0x74, 0xED, 0xC9, 0x78, 0x65, 0xA8, 0x2D, 0xC6, 0xAB, 0x83,
    0xE7, 0x5E, 0x3E, 0x78, 0xEE, 0x16, 0x83, 0xE7, 0x4E, 0x39, 0x70, 0xF6, 0xBE, 0x5D, 0xB5, 0x27,
    0xBF, 0x83, 0xF3, 0xC2, 0x6A, 0xCF, 0x6D, 0x95, 0x0A, 0x37, 0xEF, 0x9F, 0x7B, 0xAA, 0x1C, 0x38,
    0x07, 0x88, 0xA4, 0xDF, 0x39, 0x8F, 0xDF, 0x56, 0x59, 0x5C, 0x3A, 0x55, 0x9F, 0x06, 0x62, 0x6A,
    0x4D, 0x7B, 0x2E, 0x08, 0x71, 0x79, 0xFF, 0x1C, 0x50, 0x12, 0x43, 0x25, 0xE2, 0x07, 0x78, 0xE3,
    0x87, 0xD0, 0x29, 0x0B, 0xD9, 0x8E, 0x5A, 0x8C, 0xC7, 0x2D, 0x5A, 0x07, 0xF0, 0xDE, 0xBC, 0xA9,
    0x4F, 0x07, 0x0D, 0x1C, 0xAF, 0xCD, 0x41, 0xB6, 0xED, 0x69, 0xDD, 0xD2, 0xAF, 0xEA, 0xCE, 0x15,
    0xCF, 0x36, 0x80, 0x2D, 0x52, 0xB6, 0xC5, 0x52, 0xEA, 0x18, 0xE4, 0x0F, 0x57, 0x4D, 0xBF, 0x55,
    0x9E, 0x2E, 0xF4, 0x82, 0xCB, 0x5C, 0x69, 0x19, 0x44, 0xC6, 0x71, 0xC8, 0x2F, 0x0B, 0x67, 0x35,
    0xC2, 0xD9, 0x22, 0x84, 0xF5, 0xC6, 0x21, 0x48, 0xDE, 0x99, 0x11, 0xE1, 0x37, 0x01, 0x80, 0xE0,
    0xF7, 0xAA, 0x10, 0xFE, 0xEF, 0xA1, 0x4D, 0xDE, 0x7B, 0x90, 0xB8, 0x57, 0xA0, 0x37, 0xEC, 0x42,
    0xCC, 0xCF, 0x59, 0xA5, 0xA1, 0x72, 0xB3, 0xB2, 0x54, 0x6E, 0xF4, 0x6C, 0x68, 0xB3, 0x72, 0x81,
    0xD2, 0x62, 0x0F, 0x9A, 0x14, 0xC4, 0x40, 0x1B, 0x3E, 0x8E, 0x14, 0xAF, 0xC6, 0xFE, 0xA9, 0x9A,
    0x4E, 0x21, 0x82, 0xB3, 0x90, 0x20, 0x0D, 0x6A, 0x39, 0x35, 0xE3, 0x00, 0x52, 0x07, 0x5D, 0x4D,
    0xF4, 0x2D, 0xE1, 0x37, 0x20, 0x09, 0xCE, 0xC2, 0xA9, 0x7F, 0x16, 0x9E, 0xF5, 0x2E, 0xC2, 0x55,
    0x17, 0x1F, 0x5D, 0xD7, 0x7A, 0x07, 0x31, 0xA8, 0x89, 0x68, 0x4E, 0x53, 0x8F, 0xAD, 0x04, 0x93,
    0x8D, 0xAF, 0x52, 0xEE, 0xFF, 0x50, 0xE5, 0x56, 0x8F, 0x3A, 0x55, 0x15, 0x26, 0x16, 0x8C, 0xDA,
    0x29, 0xA1, 0xB0, 0x57, 0x98, 0x3D, 0xAB, 0x32, 0x01, 0x94, 0xCC, 0xAC, 0xAD, 0xCA, 0x86, 0x81,
    0x9B, 0x99, 0x84, 0xFA, 0x50, 0x25, 0x06, 0x17, 0xE2, 0x44, 0x20, 0xF2, 0xF3, 0x63, 0x41, 0x22,
    0x76, 0x28, 0x55, 0x4B, 0x01, 0x05, 0xAE, 0x29, 0x48, 0x35, 0x41, 0xE3, 0xD8, 0x8E, 0x11, 0x44,
    0xBF, 0x96, 0x4F, 0x13, 0x61, 0xB8, 0xC4, 0x49, 0x08, 0x98, 0x86, 0x12, 0x70, 0x98, 0x50, 0x61,
    0x42, 0xFD, 0x6F, 0x87, 0xC4, 0xC5, 0x4E, 0x7C, 0x2E, 0xC1, 0x97, 0x86, 0x59, 0x08, 0x8F, 0x78,
    0x29, 0x62, 0xC1, 0x7E, 0xB2, 0xA6, 0xA1, 0x47, 0xCF, 0x5A, 0xD4, 0x2E, 0x87, 0x68, 0xD3, 0x25,
    0x9E, 0xE0, 0x13, 0x2E, 0x02, 0x1A, 0xC7, 0xA1, 0x6C, 0x99, 0x9B, 0x41, 0xAD, 0xE4, 0x46, 0xDB,
    0xC5, 0x04, 0x60, 0xC8, 0xCD, 0xFD, 0x9F, 0x57, 0xF0, 0xCE, 0xF0, 0x42, 0x0D, 0x0F, 0xF9, 0x6F,
    0xD5, 0xF0, 0x90, 0x23, 0x0F, 0x0A, 0x5B, 0x18, 0x62, 0x72, 0x10, 0x08, 0x0D, 0x85, 0x06, 0x43,
    0xC3, 0xD1, 0x00, 0xA2, 0x21, 0xD1, 0xA0, 0x68, 0x58, 0x34, 0x30, 0x1A, 0x1A, 0x0D, 0x8E, 0x86,
    0x47, 0x73, 0x5B, 0x86, 0x48, 0x83, 0xC4, 0x30, 0x59, 0x0C, 0x94, 0x9B, 0x10, 0x54, 0x41, 0x4E,
    0x60, 0x79, 0x39, 0xC1, 0x65, 0x27, 0x5D, 0xC0, 0xDC, 0x84, 0x11, 0xEC, 0x41, 0x35, 0x4E, 0x32,
    0xC4, 0x49, 0x90, 0x72, 0x7A, 0xC0, 0x9B, 0x14, 0xE2, 0x38, 0x72, 0xCB, 0x38, 0x71, 0xF3, 0x20,
    0xF5, 0x72, 0x3F, 0xF5, 0x56, 0xC2, 0x0C, 0x3A, 0x80, 0x0E, 0x0B, 0xB1, 0xFE, 0x42, 0x98, 0x08,
    0x43, 0x25, 0xD0, 0x8F, 0x12, 0x7A, 0x10, 0xA9, 0x40, 0x60, 0x47, 0xD2, 0x67, 0x3B, 0x02, 0xAE,
    0x0F, 0x5F, 0x1F, 0x8F, 0x52, 0xE5, 0x91, 0x97, 0x04, 0x51, 0x20, 0x83, 0x2C, 0xC8, 0xBD, 0x94,
    0x87, 0x97, 0x27, 0xB1, 0xD3, 0x91, 0x36, 0xA4, 0x55, 0x0B, 0x60, 0x26, 0x40, 0xDA, 0x7E, 0x86,
    0x14, 0x01, 0x57, 0x8C, 0x0E, 0x74, 0x0B, 0x2C, 0x73, 0x2C, 0xC5, 0xC8, 0x73, 0x99, 0x18, 0x90,
    0x29, 0x71, 0x97, 0xA5, 0x31, 0x35, 0x27, 0x8E, 0x02, 0xCE, 0x25, 0xE7, 0x61, 0x8A, 0xF9, 0x8F,
    0x45, 0x50, 0xAB, 0x57, 0xBE, 0x7F, 0xBC, 0x16, 0x9A, 0x97, 0x13, 0x15, 0x21, 0xE4, 0xCC, 0x5D,
    0x90, 0x61, 0xFC, 0x60, 0xE9, 0x35, 0xD9, 0x0C, 0x87, 0xB0, 0x46, 0x1E, 0x0D, 0x88, 0x76, 0x30,
    0xF1, 0xEA, 0x7F, 0x85, 0x56, 0x60, 0xFF, 0xF8, 0x69, 0x93, 0x78, 0x39, 0x30, 0x62, 0xB7, 0x17,
    0xE6, 0xF8, 0xA6, 0x1C, 0x70, 0x01, 0x18, 0x20, 0x14, 0x58, 0x48, 0x93, 0x2E, 0x02, 0xE9, 0xE1,
    0x20, 0x0A, 0x32, 0x0F, 0xE4, 0xDF, 0x19, 0xB8, 0x27, 0x7C, 0x09, 0x25, 0x19, 0x30, 0x9B, 0x5E,
    0xAC, 0x0A, 0xAB, 0xC6, 0xF1, 0x50, 0x07, 0x0A, 0x06, 0x4E, 0x50, 0x09, 0xAB, 0xF6, 0xD4, 0xE5,
    0xE3, 0x95, 0x4F, 0x1C, 0x09, 0x92, 0x2C, 0xFC, 0x15, 0xC0, 0xE6, 0xC1, 0xF8, 0xEE, 0xE3, 0xC0,
    0x4F, 0xA6, 0xE3, 0x6C, 0xF6, 0x22, 0x88, 0x88, 0x74, 0x5F, 0x2D, 0x67, 0x84, 0x98, 0xE1, 0xEF,
    0xC7, 0x10, 0xD3, 0xD3, 0x3F, 0x13, 0x33, 0x07, 0x41, 0xCE, 0x26, 0xB3, 0xDD, 0x4B, 0x70, 0xE5,
    0x68, 0x14, 0x5C, 0x4D, 0xDC, 0x0B, 0xC9, 0xAC, 0x95, 0x1C, 0x5C, 0x88, 0x4E, 0xD6, 0x62, 0x6E,
    0x4E, 0x98, 0x48, 0x6E, 0xD0, 0x4C, 0xC3, 0x7F, 0x5B, 0xEE, 0x5E, 0xFE, 0x2C, 0xDA, 0x9B, 0x5F,
    0x05, 0x19, 0x77, 0x09, 0x8E, 0xA7, 0xA2, 0x3D, 0x40, 0x65, 0x7B, 0x44, 0xC3, 0xC3, 0xF1, 0xA6,
    0x4B, 0x09, 0x32, 0xFE, 0x50, 0x2D, 0x37, 0xEF, 0x04, 0xCA, 0xDE, 0x8A, 0x1D, 0x00, 0xFF, 0xD2,
    0xFD, 0x76, 0x14, 0x2E, 0xC8, 0xB8, 0x16, 0xDB, 0x80, 0x25, 0x5F, 0x8D, 0xE8, 0x3F, 0xE1, 0xFF,
    0x1D, 0x57, 0x93, 0xF8, 0x42, 0x02, 0x38, 0xA8, 0x97, 0x4E, 0xF9, 0x30, 0x62, 0xA7, 0x60, 0x50,
    0x38, 0x20, 0xED, 0xAD, 0x84, 0xFF, 0x16, 0x12, 0x7E, 0xA3, 0x93, 0xA8, 0x88, 0xFB, 0x16, 0x88,
    0xB8, 0x98, 0x39, 0xB8, 0xEF, 0x20, 0xE4, 0xE9, 0xEC, 0xC0, 0x35, 0xAB, 0xB2, 0x2A, 0xA7, 0x72,
    0x4B, 0xB7, 0xF0, 0x8A, 0x20, 0x0F, 0x72, 0xAC, 0xAD, 0x33, 0xE2, 0xB3, 0xA0, 0x0C, 0xAA, 0xA0,
    0xF4, 0x8B, 0x31, 0xEA, 0x41, 0x03, 0x38, 0x07, 0x76, 0x1C, 0x70, 0x7B, 0x11, 0x5C, 0x07, 0x3D,
    0x04, 0x68, 0x22, 0x90, 0x3B, 0x65, 0x00, 0x57, 0x91, 0x1A, 0x82, 0x8C, 0x39, 0x1C, 0xF2, 0x34,
    0x1A, 0x84, 0xD8, 0x5B, 0x71, 0x87, 0x6A, 0x83, 0x6F, 0xC1, 0x51, 0x23, 0x71, 0x31, 0x07, 0x85,
    0xB6, 0x12, 0x53, 0x96, 0xC8, 0x3B, 0xED, 0x1C, 0xD3, 0xA9, 0xEF, 0x88, 0xE5, 0x40, 0xC4, 0x81,
    0x3C, 0xEC, 0xB7, 0x92, 0x19, 0xAA, 0xC4, 0x01, 0x02, 0xE8, 0x2A, 0x42, 0xEC, 0xF0, 0x95, 0x85,
    0x34, 0xCE, 0x45, 0x14, 0x22, 0xFF, 0x46, 0xCE, 0x0D, 0x14, 0x8B, 0x32, 0x96, 0x54, 0x04, 0xBF,
    0x60, 0x18, 0x26, 0x8E, 0x75, 0x44, 0x37, 0x7E, 0x5F, 0xF1, 0xCD, 0x98, 0xE3, 0x75, 0x83, 0x07,
    0xD5, 0x42, 0x46, 0xB4, 0x5F, 0x91, 0x58, 0xAE, 0x88, 0xEE, 0x91, 0xBA, 0x54, 0xFA, 0x04, 0xD6,
    0x4B, 0xDC, 0x04, 0x08, 0x75, 0xAB, 0x44, 0xAE, 0xE0, 0xC1, 0x10, 0x45, 0x2A, 0x35, 0xE0, 0x96,
    0x00, 0x79, 0x2D, 0x0E, 0x05, 0xD0, 0x7C, 0xB0, 0xE9, 0x71, 0x8E, 0x29, 0x0E, 0x6B, 0xA4, 0xE8,
    0xA0, 0x40, 0x2E, 0xEB, 0xA9, 0x57, 0x16, 0x54, 0x42, 0xFC, 0x15, 0xAA, 0x20, 0xB1, 0x1B, 0xD2,
    0xA8, 0x32, 0x96, 0xFE, 0xB1, 0x0F, 0x5C, 0x8C, 0x80, 0x18, 0xD7, 0x71, 0x50, 0x99, 0x6F, 0xE1,
    0x08, 0x30, 0x3E, 0xA3, 0x01, 0xC6, 0xC3, 0x0F, 0xC7, 0xBC, 0x78, 0x74, 0x11, 0x60, 0xC1, 0x01,
    0x91, 0x03, 0x1E, 0xE0, 0x28, 0xE7, 0x5A, 0x5E, 0xE3, 0xE6, 0x0F, 0x0A, 0xA7, 0x56, 0xC8, 0x5C,
    0x24, 0x50, 0x79, 0x14, 0x03, 0xAE, 0x02, 0x78, 0x14, 0xBB, 0x62, 0x4A, 0xB7, 0x3E, 0x9B, 0x04,
    0xAD, 0x6C, 0x3A, 0xCC, 0x34, 0xC9, 0xCF, 0x53, 0xC3, 0x6E, 0xE1, 0x5F, 0xEA, 0xFF, 0x58, 0x1A,
    0x30, 0x58, 0xC2, 0xE4, 0x94, 0x38, 0x04, 0x72, 0x24, 0x2E, 0x96, 0x01, 0xF2, 0xB1, 0x39, 0x2F,
    0x77, 0x3F, 0xEF, 0xAF, 0xC0, 0x3F, 0xA7, 0x68, 0xB9, 0x2E, 0x36, 0x0B, 0xCF, 0x48, 0x2A, 0x65,
    0xDC, 0x67, 0xB5, 0x46, 0x05, 0xB4, 0x53, 0xC4, 0x25, 0xE0, 0xAA, 0x87, 0x83, 0x1F, 0x06, 0xBB,
    0x8A, 0xBC, 0x3C, 0x4E, 0x7C, 0x60, 0x35, 0x3E, 0x60, 0x19, 0xDA, 0x97, 0x00, 0xE9, 0x21, 0x46,
    0x13, 0x13, 0xB5, 0x1A, 0xE0, 0x6D, 0x20, 0xE8, 0xE0, 0xBF, 0x47, 0xDD, 0x06, 0xA3, 0x54, 0xF8,
    0xD0, 0x5B, 0x8F, 0x02, 0x5C, 0xDB, 0x64, 0x08, 0x22, 0xE2, 0x73, 0xFE, 0x52, 0xFC, 0xF3, 0xE9,
    0x8F, 0x79, 0x74, 0x90, 0xEE, 0x17, 0xFB, 0x85, 0x57, 0x02, 0xC9, 0x4B, 0x66, 0xA1, 0x9A, 0x78,
    0x09, 0x5D, 0x0B, 0x19, 0x68, 0xC0, 0x40, 0x27, 0x66, 0x4E, 0x74, 0xA2, 0x60, 0xEC, 0x16, 0xA6,
    0x4A, 0x80, 0x4E, 0xCC, 0x95, 0x3B, 0x4B, 0x27, 0xB7, 0xDA, 0x12, 0x21, 0x7E, 0xC4, 0x19, 0xE8,
    0x11, 0xDE, 0x22, 0x69, 0x10, 0xCC, 0x59, 0xA1, 0x2F, 0x99, 0x75, 0xB7, 0xB9, 0x6C, 0x59, 0x7A,
    0xA6, 0xCF, 0x4B, 0x56, 0x4A, 0x7C, 0xF5, 0xE1, 0xF7, 0x7F, 0x83, 0x3D, 0xA0, 0xD5, 0x43, 0xD2,
    0x34, 0x50, 0xC5, 0x5F, 0x60, 0xDE, 0x8E, 0x4C, 0xFD, 0x15, 0x21, 0xD6, 0xD0, 0xEC, 0xB8, 0xAF,
    0x75, 0x1E, 0x6A, 0x05, 0x5E, 0x8B, 0x5A, 0x16, 0xDF, 0x56, 0x7A, 0x52, 0x38, 0x1F, 0x83, 0x4C,
    0xBA, 0x5A, 0x09, 0xFB, 0x62, 0x47, 0x91, 0xDE, 0x05, 0xC7, 0x61, 0xC4, 0x78, 0x04, 0x98, 0x40,
    0xEA, 0x28, 0x68, 0x70, 0x82, 0x9E, 0x29, 0xBC, 0x2B, 0x40, 0xE1, 0x09, 0x8A, 0x21, 0x62, 0x3B,
    0xD0, 0xEE, 0x38, 0x0A, 0x98, 0xEA, 0x05, 0x1A, 0x02, 0x46, 0x63, 0x82, 0xD0, 0xDB, 0x89, 0xF0,
    0x3F, 0x66, 0x51, 0x8E, 0xB5, 0x90, 0x48, 0xEF, 0xD4, 0xB4, 0xA1, 0x38, 0x6A, 0x70, 0xE2, 0x6B,
    0x1C, 0x68, 0xED, 0xA3, 0x3D, 0x8F, 0x98, 0xEB, 0x5A, 0x1F, 0x33, 0x7C, 0xF6, 0xA7, 0xDA, 0x98,
    0xB9, 0x52, 0x6C, 0x02, 0xBC, 0xE3, 0xAF, 0x11, 0x17, 0x2C, 0x49, 0x05, 0x48, 0x49, 0xAE, 0xE7,
    0xFB, 0x96, 0xC8, 0xDC, 0x40, 0x06, 0x04, 0x84, 0x5C, 0xE0, 0xB3, 0xAF, 0x42, 0x21, 0xA5, 0xE1,
    0x0A, 0x67, 0xA8, 0x66, 0xD6, 0x8D, 0x45, 0x4B, 0x02, 0x3D, 0x48, 0x9C, 0x54, 0x84, 0xA0, 0xE7,
    0x00, 0x01, 0x40, 0x12, 0x47, 0x78, 0x8A, 0xCD, 0x0E, 0x13, 0x3D, 0xF0, 0x69, 0xA8, 0xFE, 0xC4,
    0x55, 0x1F, 0xC6, 0x05, 0x69, 0x9E, 0x06, 0x41, 0xE5, 0x91, 0xCE, 0x00, 0xE2, 0x79, 0xBD, 0xC0,
    0x68, 0xAA, 0xA4, 0xCA, 0xE3, 0xA8, 0x29, 0xDD, 0x2C, 0x18, 0xFA, 0x53, 0x31, 0xCE, 0x75, 0x22,
    0xAA, 0x2E, 0xC5, 0x8F, 0x12, 0xA4, 0x26, 0x3C, 0xE1, 0xA6, 0xAC, 0xE6, 0xE3, 0xBB, 0xD1, 0x88,
    0x04, 0xF5, 0x8F, 0x45, 0x19, 0x2A, 0x76, 0xF8, 0xDE, 0x30, 0xD9, 0x45, 0x0C, 0x8C, 0x3C, 0x0A,
    0xA0, 0x66, 0xF6, 0x80, 0x83, 0x76, 0xCC, 0x7B, 0x14, 0xDE, 0x35, 0x1F, 0x03, 0x0D, 0x5D, 0x8F,
    0x77, 0xA3, 0x19, 0x86, 0xDA, 0x81, 0xAD, 0x9F, 0x35, 0x95, 0x56, 0xBF, 0x3B, 0x07, 0xBE, 0x0F,
    0xAF, 0x79, 0x70, 0x4F, 0x5C, 0xC0, 0xD8, 0xCF, 0x48, 0xA2, 0x79, 0x3D, 0xAE, 0x7E, 0xAC, 0x85,
    0xA7, 0x60, 0x65, 0x1D, 0x0F, 0x73, 0xC8, 0x38, 0x5F, 0xCF, 0x7A, 0xB0, 0xD7, 0x5B, 0x2F, 0x44,
    0x90, 0xB6, 0xA5, 0xB6, 0x59, 0xD4, 0x7F, 0x30, 0x42, 0xB7, 0x4A, 0x32, 0xB1, 0x00, 0x1E, 0x2F,
    0x23, 0x43, 0x0F, 0x46, 0xAB, 0x9F, 0xBA, 0xC5, 0x56, 0x89, 0xC8, 0x84, 0x11, 0x51, 0x80, 0xC4,
    0x36, 0x14, 0x95, 0x70, 0xF4, 0x82, 0xB4, 0xCE, 0x40, 0xED, 0x4A, 0xC8, 0xE0, 0x42, 0x1F, 0x45,
    0x53, 0xCA, 0xB8, 0xD4, 0x03, 0x19, 0x47, 0xA5, 0x38, 0x0B, 0x7B, 0x58, 0xB3, 0xC9, 0x82, 0x12,
    0x3A, 0xC0, 0x66, 0x5B, 0xC5, 0xAF, 0xE7, 0xE3, 0xAA, 0x51, 0xDB, 0xB5, 0x43, 0xC0, 0x6A, 0xAD,
    0x37, 0x90, 0x3C, 0x8D, 0x64, 0x1D, 0x5F, 0x5E, 0xEC, 0x62, 0x67, 0xAA, 0x2D, 0x9D, 0x6E, 0x4B,
    0x75, 0x5B, 0x3A, 0xDC, 0x62, 0xF8, 0xC9, 0xC6, 0x84, 0x75, 0xCF, 0x35, 0xAD, 0x75, 0xDF, 0x69,
    0xFC, 0x0E, 0xCE, 0xD9, 0xF4, 0xDE, 0xC5, 0x90, 0x30, 0x96, 0x5B, 0xF3, 0xDD, 0x57, 0x2D, 0x75,
    0x35, 0x16, 0xF2, 0x8F, 0xC8, 0xCE, 0x21, 0x66, 0x8D, 0x43, 0xF0, 0x6F, 0x94, 0x66, 0xCE, 0x21,
    0x98, 0x6B, 0x92, 0x5A, 0x03, 0x46, 0x1C, 0x14, 0xA9, 0x39, 0x16, 0xE9, 0x51, 0xD4, 0x9E, 0x77,
    0x50, 0x96, 0x09, 0x06, 0xBE, 0x3E, 0x8E, 0x7A, 0x4B, 0xD3, 0xA2, 0xB2, 0x5F, 0x4C, 0xB9, 0x08,
    0x23, 0x7B, 0x85, 0xD0, 0x09, 0xC4, 0x3B, 0xF6, 0x3D, 0x6C, 0x55, 0xD1, 0xB4, 0x0A, 0x40, 0x7A,
    0x45, 0x37, 0x8B, 0xDA, 0xA5, 0xE1, 0xEB, 0x34, 0xAC, 0xD3, 0x32, 0x31, 0xBE, 0xB4, 0x28, 0xD6,
    0xFA, 0x18, 0x7D, 0x91, 0xD8, 0x77, 0x40, 0x75, 0x8B, 0x46, 0x29, 0x6E, 0xFA, 0x73, 0x6F, 0xE2,
    0x6C, 0x6C, 0xAE, 0x31, 0xE2, 0x1B, 0xA7, 0x60, 0x37, 0x75, 0xD7, 0x4C, 0xC7, 0x57, 0x30, 0x0D,
    0xD1, 0xF9, 0x77, 0x15, 0xAB, 0x73, 0x89, 0x5F, 0xBB, 0xAA, 0x7E, 0x1A, 0xCD, 0x99, 0xCC, 0xC2,
    0x54, 0x82, 0xD6, 0xE8, 0xF6, 0x68, 0x18, 0x14, 0xC0, 0x88, 0x02, 0x75, 0x2D, 0x66, 0x43, 0x15,
    0x2C, 0x55, 0xF2, 0xCB, 0x60, 0x0A, 0x86, 0xDA, 0x18, 0x31, 0xF8, 0x21, 0x48, 0x50, 0xD5, 0xCC,
    0x51, 0xED, 0xE4, 0xD4, 0xA5, 0x6F, 0x36, 0x06, 0x92, 0xD5, 0x8C, 0x79, 0xEC, 0x66, 0xB4, 0xBE,
    0xBE, 0xD0, 0x98, 0x57, 0x73, 0xAC, 0xDC, 0x75, 0x8D, 0xF9, 0x56, 0x02, 0x46, 0x83, 0x12, 0xB0,
    0x15, 0x7E, 0x68, 0xBB, 0x3D, 0xEB, 0x81, 0xF0, 0xCB, 0xD1, 0xE9, 0x58, 0x18, 0xD4, 0xFD, 0xFE,
    0xA0, 0x98, 0x26, 0x07, 0x1C, 0xD9, 0x1A, 0x94, 0x58, 0x43, 0x3E, 0xEB, 0x51, 0x84, 0x79, 0xAA,
    0xCB, 0x72, 0x27, 0x38, 0xF3, 0xBF, 0xC7, 0x6E, 0x23, 0x11, 0x69, 0x2B, 0x9C, 0x89, 0x93, 0x3A,
    0xD3, 0x61, 0xE7, 0x6D, 0x4C, 0x9E, 0x15, 0x8B, 0x4F, 0x5C, 0x36, 0x15, 0x5D, 0xCD, 0xE7, 0x6A,
    0xED, 0x74, 0x8E, 0x50, 0x55, 0x44, 0xAD, 0x18, 0x9B, 0x15, 0xF0, 0x58, 0x71, 0x79, 0xF4, 0x58,
    0x5A, 0x5D, 0x54, 0xAC, 0x25, 0x82, 0x25, 0x5F, 0x52, 0x86, 0x3A, 0xE2, 0x71, 0x15, 0xB1, 0x8A,
    0xC8, 0x1A, 0x62, 0xC5, 0x0A, 0x62, 0x4A, 0xFA, 0x61, 0xAB, 0x0F, 0x8D, 0x2E, 0x64, 0xA8, 0x6E,
    0xB3, 0xBE, 0x3D, 0xCB, 0x26, 0x48, 0x48, 0xE6, 0x9C, 0xD8, 0xEF, 0x77, 0xE5, 0x94, 0x9E, 0x93,
    0xB0, 0x39, 0x33, 0x3B, 0x82, 0x2C, 0x68, 0xAC, 0x95, 0x85, 0x4C, 0x5C, 0x4F, 0xC0, 0xF8, 0x30,
    0x2E, 0xA5, 0x40, 0x26, 0xD6, 0x9B, 0x39, 0x58, 0x7C, 0x46, 0x24, 0x37, 0xC8, 0x33, 0xB0, 0x90,
    0x81, 0x15, 0x03, 0xB5, 0x83, 0x95, 0x04, 0xB5, 0x83, 0x05, 0x03, 0xB5, 0x83, 0xFD, 0xB2, 0x11,
    0xB5, 0x8F, 0x75, 0x6C, 0x13, 0xB6, 0x54, 0x7C, 0xC2, 0xC6, 0xE2, 0x1C, 0xC0, 0x03, 0x36, 0x0A,
    0x62, 0xE3, 0x53, 0x84, 0x07, 0xEC, 0x93, 0x0D, 0x80, 0x27, 0x56, 0x39, 0x7C, 0x45, 0xFF, 0xF9,
    0xB0, 0xC0, 0x69, 0x0C, 0xA8, 0x30, 0x19, 0xCC, 0x7D, 0xF9, 0xF9, 0x82, 0x6A, 0x61, 0x51, 0xCF,
    0x16, 0xB1, 0x10, 0x70, 0x54, 0xAB, 0x22, 0xF0, 0xE3, 0x17, 0x39, 0x0F, 0x12, 0x90, 0x46, 0x8B,
    0x98, 0x87, 0x11, 0x91, 0xEA, 0x65, 0xF6, 0x82, 0xA2, 0x7A, 0x8B, 0xB9, 0xAF, 0x73, 0x17, 0x73,
    0x20, 0x57, 0xE3, 0xD7, 0xDA, 0xDC, 0x32, 0xC8, 0xDC, 0x9A, 0x5F, 0x8A, 0x1B, 0x73, 0xAB, 0xA7,
    0xCD, 0xAD, 0x92, 0x69, 0x96, 0x86, 0x05, 0x98, 0x5B, 0x0C, 0xA6, 0x67, 0xE3, 0x69, 0xF0, 0x32,
    0xB1, 0x8C, 0x97, 0xC9, 0x1D, 0xFA, 0xDD, 0x74, 0x55, 0xB8, 0xED, 0x9A, 0x05, 0x59, 0xC2, 0x33,
    0x05, 0x3C, 0x4D, 0x80, 0xD5, 0x39, 0xA5, 0x2B, 0x71, 0x82, 0x00, 0x25, 0x81, 0x55, 0xF9, 0xA9,
    0xA9, 0x7E, 0x53, 0x05, 0xE8, 0x24, 0x81, 0x54, 0x70, 0x1A, 0x52, 0x6A, 0x3C, 0x5D, 0xB2, 0x97,
    0x0E, 0xE1, 0x8C, 0x73, 0x60, 0x4E, 0xC7, 0x35, 0xEA, 0xA5, 0xD9, 0x8E, 0x29, 0x68, 0xB2, 0xD1,
    0x32, 0xD5, 0x6D, 0x52, 0xE3, 0xE2, 0x86, 0xCC, 0xE0, 0xCC, 0xE3, 0x0C, 0x50, 0x93, 0x72, 0xCB,
    0x31, 0xAB, 0x98, 0x99, 0xF6, 0x38, 0x0B, 0x21, 0x03, 0x44, 0x06, 0xD2, 0xCF, 0x10, 0x36, 0x10,
    0xF1, 0xA0, 0xE1, 0x29, 0x74, 0xBA, 0x24, 0x76, 0x49, 0x99, 0x29, 0x85, 0x9F, 0x31, 0xD3, 0xCC,
    0x08, 0x85, 0x71, 0x8A, 0x18, 0x6C, 0x80, 0x53, 0x91, 0xA9, 0xDD, 0xCA, 0x0B, 0x2C, 0x86, 0x00,
    0x7B, 0xCC, 0x25, 0x05, 0x65, 0xAC, 0xF7, 0x19, 0x9F, 0x9F, 0xAA, 0x7E, 0x2A, 0xBE, 0x28, 0x05,
    0x7D, 0x44, 0x28, 0x12, 0xB5, 0x5A, 0x0B, 0x61, 0xFD, 0xA2, 0x9F, 0x1A, 0xA8, 0xAF, 0x92, 0xD6,
    0x9A, 0xA2, 0xD0, 0x04, 0x8D, 0x13, 0xEC, 0x21, 0xBF, 0x7E, 0x32, 0x64, 0xF1, 0x9A, 0x11, 0x25,
    0x47, 0x48, 0xBE, 0xBD, 0x56, 0x9D, 0xD8, 0x81, 0x38, 0x27, 0x44, 0xA7, 0x28, 0x5B, 0xDC, 0xCA,
    0x2F, 0xCC, 0x1C, 0x4D, 0x29, 0x9B, 0xCD, 0x98, 0x05, 0x18, 0x59, 0xD0, 0x07, 0x2E, 0x39, 0xAB,
    0x8F, 0x17, 0x80, 0x8E, 0x49, 0xA4, 0x68, 0x94, 0x2A, 0x64, 0x5B, 0xE9, 0x83, 0x48, 0x50, 0x1F,
    0x08, 0x1B, 0xF9, 0x01, 0xB3, 0xBE, 0x9B, 0x01, 0x3F, 0x47, 0x9A, 0xD9, 0xE3, 0x36, 0x3D, 0x32,
    0x40, 0x49, 0x4F, 0x88, 0x66, 0x3E, 0x4C, 0xCF, 0x40, 0x41, 0x1B, 0x58, 0x0B, 0x67, 0x0D, 0x7C,
    0xD5, 0x36, 0xEB, 0x96, 0x2B, 0x6A, 0x73, 0x8D, 0xBA, 0x95, 0x03, 0x1D, 0xAC, 0xE6, 0xC1, 0xA6,
    0x65, 0xED, 0xDA, 0xE2, 0xC9, 0x46, 0xD6, 0xA3, 0x06, 0xD4, 0xCE, 0xE9, 0xAE, 0x3B, 0x8D, 0x3D,
    0x17, 0x25, 0x8D, 0x40, 0xC5, 0x33, 0x4F, 0xE8, 0xDB, 0xFF, 0x04, 0x69, 0xD9, 0xCD, 0x14, 0x19,
    0x60, 0x78, 0xC1, 0xBD, 0xD2, 0x8B, 0x13, 0xE1, 0x5E, 0x47, 0xC2, 0xB5, 0x55, 0xE9, 0xA7, 0xC1,
    0x47, 0xA0, 0x96, 0xF0, 0x0C, 0x6E, 0xD2, 0x68, 0x25, 0xFF, 0xA0, 0x7A, 0x62, 0xFD, 0xFD, 0x87,
    0x9B, 0xEF, 0x1B, 0xDE, 0x7C, 0xCF, 0x74, 0x77, 0x26, 0xE0, 0xBD, 0xB2, 0x75, 0xA4, 0x71, 0x6A,
    0x46, 0x3C, 0x5F, 0x7E, 0x6A, 0xA1, 0x52, 0x8B, 0x8B, 0x9C, 0x92, 0xE1, 0x1C, 0xE4, 0x8F, 0x1C,
    0x3C, 0x19, 0x1F, 0x3A, 0xE9, 0x2D, 0xE4, 0xCE, 0x42, 0x0A, 0x8A, 0xE5, 0xC4, 0xE2, 0x8D, 0xF7,
    0x35, 0xE7, 0x42, 0x1C, 0x43, 0x4A, 0xB2, 0xCF, 0x0B, 0xFB, 0x25, 0x61, 0x7D, 0x84, 0x4D, 0x82,
    0x01, 0x74, 0xA4, 0x61, 0xDF, 0xFD, 0xDB, 0x85, 0x2D, 0xA7, 0x2E, 0x45, 0xD3, 0x1F, 0x44, 0x5F,
    0x87, 0xB6, 0xFD, 0x09, 0xA7, 0xBD, 0x0C, 0x20, 0x95, 0x7D, 0xC5, 0xF4, 0xF4, 0xCC, 0xB4, 0x5F,
    0x38, 0xAC, 0xBD, 0xC9, 0x58, 0x65, 0x07, 0xE2, 0x94, 0x24, 0x98, 0x0B, 0xDC, 0x64, 0xBF, 0x98,
    0x45, 0x87, 0x6E, 0xC5, 0x52, 0x6C, 0xF8, 0x9B, 0xE7, 0x4F, 0xC1, 0xE7, 0x79, 0xF1, 0x77, 0x4E,
    0x1D, 0x24, 0x71, 0x9A, 0x67, 0x9F, 0x64, 0x61, 0xFA, 0xA8, 0x9C, 0x7B, 0xEE, 0xC4, 0x81, 0xDF,
    0xE5, 0x41, 0x36, 0x21, 0xB7, 0xCD, 0xE3, 0x3C, 0xC5, 0xD7, 0x96, 0xE0, 0xD1, 0x13, 0x33, 0x87,
    0x0E, 0xEE, 0xCF, 0xC1, 0x66, 0x4D, 0xC6, 0x25, 0xCE, 0xF5, 0x79, 0xE9, 0x6C, 0x7E, 0xA8, 0x38,
    0x79, 0xE8, 0xD9, 0xC9, 0x31, 0x14, 0x0E, 0x29, 0x4E, 0x86, 0x8D, 0x69, 0xDD, 0x7C, 0x36, 0x17,
    0xD3, 0x27, 0xC5, 0x0C, 0xCD, 0xB6, 0x39, 0x2B, 0xC2, 0x88, 0x71, 0xBA, 0x6D, 0xB7, 0x38, 0xFC,
    0xC0, 0xE1, 0x99, 0x6D, 0xA5, 0x93, 0x06, 0xA2, 0xCC, 0xDF, 0x2C, 0x85, 0xB6, 0x3E, 0x62, 0x61,
    0x5E, 0x13, 0x56, 0x8A, 0x1A, 0xC8, 0xF6, 0x6B, 0x49, 0xAC, 0x92, 0x9F, 0x62, 0x58, 0x82, 0x15,
    0x39, 0x99, 0x5F, 0xFA, 0x95, 0x93, 0x9B, 0xD0, 0x75, 0xE3, 0x51, 0x9C, 0x84, 0xE4, 0xE6, 0x05,
    0xEE, 0x99, 0x7B, 0xAD, 0x5B, 0xDD, 0x29, 0x9D, 0xD2, 0x2E, 0xED, 0xCA, 0xAE, 0x2C, 0xFA, 0x83,
    0x3B, 0xA5, 0x29, 0xE3, 0xC8, 0xC9, 0xD1, 0xEF, 0x16, 0x5C, 0x0E, 0x71, 0xC2, 0x24, 0xF5, 0x39,
    0xCE, 0x42, 0x78, 0xD7, 0x8E, 0x91, 0x3D, 0xD0, 0x1E, 0x05, 0x6B, 0xC9, 0x38, 0x3D, 0x6C, 0x77,
    0x8E, 0xC6, 0xA3, 0xD2, 0x98, 0x80, 0xE3, 0x91, 0xD8, 0x2E, 0xE2, 0xE4, 0x58, 0x2C, 0xC2, 0x33,
    0x55, 0x2C, 0x82, 0xB7, 0xCA, 0x50, 0x04, 0xD7, 0x6B, 0x8E, 0x41, 0xC0, 0x04, 0x38, 0x86, 0xFA,
    0x55, 0xC9, 0x33, 0xDB, 0x64, 0x70, 0x70, 0xA9, 0x68, 0x66, 0xC5, 0x29, 0xB1, 0xCB, 0x86, 0xD1,
    0x58, 0xAB, 0x24, 0xDD, 0x39, 0x66, 0x9A, 0x10, 0xB1, 0x80, 0x16, 0x51, 0x77, 0xF4, 0x4B, 0xF6,
    0x27, 0x10, 0xE7, 0x4B, 0x78, 0xDE, 0x08, 0x67, 0x7B, 0xF0, 0xBA, 0xA3, 0x58, 0x75, 0x6F, 0xAE,
    0xC7, 0x89, 0x01, 0xDA, 0x3D, 0xC5, 0xC4, 0x44, 0x1E, 0x8D, 0x70, 0x6D, 0xCC, 0x8D, 0x37, 0x5C,
    0x41, 0xA1, 0x1F, 0x39, 0x72, 0x57, 0x14, 0x72, 0x03, 0xCD, 0x13, 0xBC, 0x9C, 0x8E, 0x88, 0x72,
    0x20, 0x90, 0x30, 0xF3, 0x99, 0x43, 0x44, 0x36, 0x3E, 0xAF, 0x03, 0x72, 0xBE, 0x3E, 0xFF, 0x7D,
    0xA9, 0x7D, 0x5A, 0x74, 0x8C, 0xC7, 0x6A, 0x88, 0x0F, 0x77, 0xF9, 0x31, 0x1D, 0x59, 0x33, 0x3F,
    0x73, 0x23, 0xCA, 0xED, 0xBE, 0x49, 0xED, 0x00, 0x7B, 0x93, 0x61, 0x8A, 0x03, 0x33, 0x03, 0xC9,
    0xE7, 0xE7, 0xE8, 0x33, 0x05, 0x7B, 0x38, 0x02, 0x61, 0xA2, 0xA4, 0x5D, 0x81, 0x19, 0x6B, 0xD5,
    0x16, 0x6A, 0x0F, 0x88, 0x28, 0x85, 0xB8, 0x54, 0x4F, 0xE1, 0x14, 0xFE, 0x79, 0x9C, 0xFB, 0xFA,
    0x28, 0x13, 0xC4, 0xB4, 0x58, 0x23, 0x70, 0x91, 0xCF, 0xE3, 0x8C, 0x1A, 0xA1, 0x86, 0x75, 0x85,
    0x0E, 0x7A, 0x7F, 0x28, 0xB4, 0x1B, 0xCC, 0x62, 0x96, 0x2B, 0xF1, 0x3E, 0x74, 0xE9, 0xE1, 0xB3,
    0xE4, 0x9A, 0xE4, 0xF7, 0xE1, 0x9B, 0xE3, 0x97, 0xD1, 0xE6, 0xB1, 0xD1, 0xA9, 0x0E, 0x6F, 0x30,
    0x6B, 0x18, 0xA2, 0x56, 0x05, 0x4C, 0x87, 0xA0, 0x22, 0xF8, 0x3C, 0x84, 0x94, 0x60, 0x26, 0xE8,
    0x77, 0x24, 0x1C, 0xA9, 0xB3, 0x85, 0x74, 0x2B, 0x8B, 0xAD, 0x4B, 0x9E, 0x27, 0xBC, 0x88, 0xCC,
    0x28, 0x8E, 0x42, 0xA6, 0x61, 0x74, 0x0D, 0x26, 0x7E, 0x9F, 0x09, 0xA7, 0x7D, 0x94, 0x79, 0xAB,
    0xA0, 0xCC, 0x79, 0xB5, 0x99, 0xF4, 0xC7, 0x19, 0x7F, 0x9C, 0xEE, 0xC7, 0xB9, 0x7E, 0x9A, 0xE8,
    0xC7, 0x09, 0x46, 0x9C, 0xE2, 0xC7, 0xF9, 0x7D, 0x94, 0x7E, 0x38, 0xB3, 0x8F, 0xC3, 0x3A, 0x94,
    0xEC, 0xDD, 0xEB, 0x71, 0xEB, 0x71, 0x1E, 0xDF, 0xCD, 0xFD, 0xC8, 0x83, 0x41, 0xEA, 0xA3, 0x28,
    0x88, 0x1C, 0x89, 0x13, 0xF7, 0x22, 0x32, 0x30, 0xE4, 0x06, 0xE7, 0xB2, 0x40, 0x08, 0x3B, 0xA9,
    0x2F, 0x7B, 0x28, 0x14, 0xB7, 0x88, 0x59, 0xA3, 0xB2, 0x33, 0x37, 0xF2, 0x04, 0x4E, 0x07, 0x01,
    0x61, 0x48, 0x53, 0x3B, 0xC3, 0x10, 0x6B, 0x48, 0xD9, 0x88, 0xE5, 0x48, 0xCC, 0xC7, 0x97, 0xE7,
    0x7C, 0x12, 0xE4, 0x35, 0x4D, 0x53, 0xE0, 0x61, 0xA0, 0x5B, 0xBD, 0x38, 0x05, 0xE3, 0xF7, 0x71,
    0xA8, 0xC1, 0xEC, 0xD0, 0xF5, 0x26, 0x4C, 0xC9, 0x6C, 0xB0, 0xAE, 0xA8, 0xB9, 0xE9, 0x76, 0x1C,
    0x88, 0xE6, 0xA7, 0x99, 0x7D, 0x26, 0xF3, 0xFF, 0x09, 0x18, 0x50, 0xF2, 0xF0, 0xAF, 0x1B, 0xE7,
    0xD0, 0xF7, 0x90, 0x01, 0x58, 0x37, 0xFF, 0xDF, 0xD3, 0xFF, 0x66, 0xAF, 0x31, 0xC9, 0x94, 0x30,
    0x40, 0x39, 0xC9, 0xC5, 0xF6, 0xE5, 0x34, 0x54, 0xE9, 0xD7, 0x56, 0x6E, 0xFB, 0xB5, 0xB7, 0x31,
    0x15, 0xAA, 0xFF, 0xC5, 0x00, 0x6C, 0xA2, 0x81, 0xED, 0xAB, 0x2B, 0xB7, 0x35, 0x6B, 0x4B, 0x3A,
    0x37, 0xFB, 0x11, 0x6E, 0x48, 0x5E, 0x00, 0x12, 0xB1, 0xD1, 0xED, 0xE9, 0x61, 0x12, 0xA0, 0x05,
    0x12, 0x5E, 0x84, 0xEF, 0xE0, 0x76, 0xB4, 0x53, 0x04, 0xCE, 0x8D, 0xED, 0x02, 0xE6, 0x86, 0x5A,
    0x93, 0x83, 0xFD, 0x08, 0xDA, 0x58, 0xF0, 0x16, 0xF4, 0x7D, 0x90, 0x2A, 0xD4, 0x56, 0x91, 0xAD,
    0xA6, 0x73, 0x5D, 0x8F, 0x07, 0xA1, 0x71, 0x49, 0xB2, 0x25, 0x14, 0x71, 0xF0, 0x87, 0xE4, 0x60,
    0x24, 0xCA, 0xE2, 0x37, 0xA9, 0x31, 0xE4, 0xE2, 0x2F, 0x05, 0xB1, 0xDF, 0x1E, 0x28, 0xA4, 0xCF,
    0xA2, 0x8E, 0x15, 0xFC, 0xB1, 0x40, 0x35, 0xCB, 0x55, 0x40, 0x4E, 0xF1, 0x99, 0x58, 0x01, 0x3D,
    0x05, 0x67, 0x81, 0x2E, 0x81, 0xB7, 0xFE, 0x5E, 0xAD, 0xA0, 0x7C, 0x38, 0x53, 0x4B, 0x64, 0x04,
    0xC9, 0x22, 0xD9, 0x49, 0x09, 0x2B, 0x7D, 0x09, 0x2B, 0x82, 0xF4, 0xFA, 0x1D, 0x8A, 0xD3, 0x9E,
    0x68, 0x95, 0x1C, 0xE6, 0x6A, 0x3C, 0xE3, 0x21, 0xFA, 0x0A, 0x99, 0x0E, 0xD9, 0xF0, 0xB3, 0xC6,
    0xC9, 0x2B, 0xD8, 0xC3, 0xD7, 0x09, 0xF3, 0x01, 0x8B, 0x1E, 0x9B, 0xE2, 0xA5, 0xD4, 0x14, 0x47,
    0x8E, 0x6A, 0x53, 0xFA, 0x0A, 0xAB, 0x0E, 0x71, 0xC8, 0xDB, 0x60, 0xC1, 0x5C, 0xAB, 0x7F, 0x2E,
    0x4F, 0x9C, 0x00, 0x33, 0xF5, 0x4A, 0xC9, 0x71, 0x83, 0x95, 0x0E, 0x4A, 0x84, 0x57, 0xB3, 0x17,
    0x10, 0xD5, 0x41, 0x24, 0x26, 0x56, 0x09, 0x91, 0xA4, 0x58, 0x2D, 0x44, 0x61, 0xC7, 0xAA, 0x21,
    0x92, 0x17, 0xAB, 0x87, 0x48, 0x64, 0x5A, 0x45, 0x44, 0x52, 0x63, 0x35, 0x31, 0x23, 0x9A, 0x02,
    0x55, 0x71, 0x4A, 0x93, 0x18, 0x3B, 0x73, 0x58, 0x65, 0x6C, 0xDC, 0xF9, 0xEC, 0xBE, 0x67, 0xD5,
    0x91, 0x01, 0x41, 0xF5, 0xB1, 0x71, 0xA4, 0xAA, 0xD6, 0x8F, 0xDA, 0x8F, 0x2B, 0x8C, 0x1A, 0xAA,
    0xBA, 0x51, 0x9D, 0xCC, 0x87, 0xF2, 0xEB, 0xBA, 0xD0, 0x3C, 0x5D, 0x72, 0x8C, 0x8D, 0xF9, 0xA9,
    0x9E, 0x0C, 0xD5, 0xD3, 0x47, 0xC6, 0xFC, 0x26, 0x71, 0xD3, 0xE1, 0x09, 0xED, 0x40, 0x0E, 0x9E,
    0x37, 0xD7, 0x1F, 0x1C, 0xBE, 0xAE, 0x73, 0x7F, 0xF3, 0xA4, 0xC0, 0x48, 0x05, 0x02, 0xAC, 0x85,
    0xB7, 0x9B, 0xBC, 0x6F, 0x54, 0x26, 0xF5, 0x9F, 0x56, 0xFF, 0xC9, 0x95, 0x9C, 0x65, 0x4F, 0x88,
    0xF9, 0xC7, 0x44, 0x74, 0x6C, 0x6D, 0x01, 0xAA, 0xBE, 0xF6, 0x36, 0x4B, 0x3D, 0xA9, 0xCF, 0xFC,
    0xC9, 0xBE, 0x5A, 0x0E, 0x9C, 0x8B, 0xBF, 0x5E, 0xA3, 0xDD, 0xF7, 0x2B, 0xBD, 0xB4, 0xF8, 0xD2,
    0x8C, 0xFC, 0x2A, 0xE3, 0xC9, 0x7A, 0x4F, 0xF3, 0x87, 0x07, 0x86, 0xF1, 0xA5, 0xF3, 0x7D, 0x43,
    0x21, 0xE9, 0x57, 0xF4, 0x24, 0xDF, 0x67, 0xFC, 0xBC, 0x71, 0x65, 0xD0, 0x6B, 0x68, 0x7C, 0xCE,
    0xF5, 0xFB, 0x0B, 0xDF, 0xBA, 0x72, 0x1D, 0x64, 0xD2, 0x04, 0x9F, 0x98, 0x17, 0xF3, 0x81, 0xEB,
    0xE6, 0xF0, 0xF5, 0x21, 0x7C, 0x4E, 0x36, 0x01, 0xB7, 0x14, 0xAF, 0xEE, 0x44, 0x42, 0xC7, 0xBF,
    0x5A, 0xAD, 0x21, 0xE2, 0xBC, 0x3F, 0x6A, 0x81, 0x12, 0x93, 0x6D, 0x0C, 0x47, 0xAF, 0x2D, 0x4D,
    0x36, 0xE1, 0x47, 0xFC, 0x1D, 0x25, 0xA7, 0x46, 0x30, 0xCC, 0x63, 0xFC, 0xD7, 0x04, 0xC6, 0x0A,
    0x81, 0xF1, 0x3E, 0x81, 0x51, 0x20, 0x18, 0x54, 0x5F, 0x85, 0xCA, 0x07, 0x5A, 0x6D, 0xEA, 0x7F,
    0x80, 0x24, 0x00, 0xEF, 0x61, 0x4F, 0xFB, 0xDB, 0x6C, 0x35, 0x04, 0xC6, 0xEB, 0xFB, 0xC0, 0xA0,
    0xEF, 0x85, 0x32, 0xFC, 0x45, 0x2F, 0x96, 0x71, 0x54, 0x05, 0x5D, 0x30, 0x72, 0x0D, 0xC6, 0xF3,
    0xAE, 0xBA, 0x76, 0x1C, 0x7D, 0x92, 0xA8, 0x25, 0x21, 0x41, 0xED, 0x20, 0xE2, 0xDA, 0x76, 0xBB,
    0xE1, 0x39, 0x16, 0xE8, 0xA0, 0xB9, 0x93, 0x35, 0x51, 0x42, 0x86, 0x84, 0xCA, 0x21, 0xD1, 0x51,
    0x42, 0x70, 0x21, 0x4C, 0xAC, 0xE8, 0x16, 0xFA, 0xF2, 0x74, 0x1B, 0xC0, 0x80, 0x25, 0x13, 0x63,
    0x3B, 0xDD, 0x37, 0xD0, 0x9C, 0x7C, 0x17, 0x8D, 0xC3, 0x73, 0xE9, 0x3D, 0xD9, 0x8D, 0x8F, 0x3C,
    0x01, 0x60, 0xEC, 0x3F, 0x05, 0x55, 0xEE, 0x39, 0x00, 0x95, 0x9B, 0x11, 0x80, 0x61, 0x27, 0x8C,
    0xC9, 0x9B, 0xEE, 0xC6, 0xDB, 0x02, 0x63, 0xCB, 0x24, 0x80, 0x71, 0xF8, 0x10, 0x80, 0x71, 0x18,
    0xC1, 0x98, 0x9A, 0x82, 0xCA, 0x21, 0x89, 0x23, 0xF8, 0x2E, 0xA4, 0x24, 0x99, 0x9A, 0xBC, 0x19,
    0x30, 0x84, 0x5E, 0x97, 0x41, 0xC7, 0x47, 0x09, 0x4D, 0xB5, 0x5A, 0x17, 0x33, 0xE1, 0xBC, 0x93,
    0x02, 0xCA, 0x22, 0x9E, 0xCA, 0x5F, 0xCF, 0x38, 0xA4, 0xDB, 0x78, 0x87, 0xF5, 0x11, 0x58, 0x0D,
    0x47, 0x23, 0x61, 0xBD, 0x23, 0xD9, 0x9F, 0xF2, 0xDC, 0x7A, 0xC6, 0x47, 0x69, 0x47, 0x7D, 0x13,
    0xA6, 0xF4, 0x55, 0xB1, 0xF1, 0xB8, 0x59, 0x05, 0x06, 0xF7, 0x9B, 0x29, 0x39, 0x86, 0xF0, 0xF0,
    0xBE, 0x9D, 0x8D, 0x4C, 0x5F, 0xB4, 0x42, 0x1D, 0xA4, 0x95, 0x7B, 0xA1, 0x10, 0xEE, 0xA5, 0x92,
    0x8E, 0xF1, 0x9F, 0xBF, 0xCA, 0x9C, 0xA1, 0xA7, 0xF9, 0x02, 0x70, 0xF2, 0x71, 0x18, 0x16, 0xC8,
    0x14, 0xBC, 0xF3, 0x99, 0x70, 0x8F, 0xA6, 0xEB, 0x56, 0xBF, 0x61, 0x20, 0xB3, 0x01, 0x4E, 0x82,
    0xEF, 0x85, 0xDC, 0xF8, 0x33, 0x16, 0x29, 0xB4, 0x9C, 0x64, 0x9D, 0xE3, 0xE7, 0x9C, 0x37, 0x12,
    0xE1, 0xBE, 0x9B, 0x52, 0x6E, 0x0C, 0x9D, 0xAF, 0x6B, 0x9F, 0xB8, 0xDA, 0x17, 0xEB, 0xC4, 0x12,
    0x84, 0x78, 0x22, 0x1C, 0xD0, 0x76, 0xFD, 0x67, 0x12, 0x72, 0xC0, 0x0E, 0xAE, 0x11, 0x58, 0xDF,
    0x58, 0xBB, 0xBD, 0x50, 0xB1, 0xB7, 0x13, 0xBE, 0xFC, 0xB1, 0x5E, 0x45, 0x80, 0xCA, 0xC7, 0xAB,
    0x77, 0x30, 0xB6, 0xEF, 0x56, 0xDF, 0x85, 0x3E, 0xE4, 0xEB, 0x80, 0xB7, 0xB3, 0x89, 0x57, 0x7F,
    0x90, 0xB8, 0xA9, 0x92, 0x63, 0x1C, 0xA3, 0xBF, 0xBE, 0x70, 0x19, 0x7A, 0x49, 0x11, 0xF9, 0x46,
    0x13, 0x5E, 0x55, 0xB2, 0xDE, 0x75, 0x1C, 0x38, 0x21, 0xC4, 0x0C, 0x0A, 0xC9, 0x84, 0x1C, 0x9A,
    0xFD, 0x05, 0x31, 0x6B, 0xD7, 0x71, 0x04, 0x0E, 0xA0, 0x16, 0xA1, 0x9E, 0x84, 0xF2, 0x97, 0x6D,
    0xC7, 0x5E, 0x48, 0x62, 0x38, 0x89, 0x17, 0x52, 0x31, 0xEB, 0x26, 0x77, 0xA6, 0x6F, 0xE7, 0x38,
    0x72, 0x0D, 0x35, 0x53, 0x03, 0x68, 0xE8, 0xC1, 0x71, 0x18, 0x0F, 0x48, 0xBF, 0x0B, 0x40, 0xC7,
    0x6E, 0x74, 0xC7, 0xE8, 0xC9, 0x7B, 0x46, 0x0A, 0xFF, 0x38, 0x5C, 0x78, 0x4A, 0x0E, 0x9E, 0x3F,
    0x23, 0xEF, 0x64, 0x7C, 0x6A, 0xF3, 0xE9, 0xF5, 0x97, 0xCC, 0xDC, 0x58, 0xEA, 0xC4, 0x7A, 0x8E,
    0x7A, 0xBC, 0xA6, 0xD1, 0xC6, 0x6B, 0xE2, 0xAC, 0x82, 0xD5, 0xC6, 0xF7, 0xF1, 0xCC, 0x32, 0xAD,
    0xE1, 0xA3, 0x78, 0xCD, 0x09, 0x79, 0xB7, 0xB4, 0x48, 0x4E, 0xEA, 0x16, 0x99, 0x45, 0xA9, 0x5B,
    0x64, 0xAD, 0x54, 0xBA, 0x45, 0x46, 0x5E, 0x36, 0x2D, 0xEA, 0xF7, 0x6A, 0x7F, 0xE5, 0xB3, 0x1F,
    0x75, 0xD9, 0xF2, 0xFD, 0x19, 0xC1, 0xBB, 0xDE, 0xF8, 0xBB, 0x2B, 0x62, 0x55, 0x27, 0xB7, 0xB4,
    0xB1, 0xAA, 0x55, 0xD0, 0xC4, 0xAA, 0x9A, 0x3D, 0x9A, 0x76, 0xA0, 0x76, 0x57, 0xB4, 0xAA, 0x86,
    0x02, 0x2D, 0x8E, 0x6D, 0x1F, 0x32, 0xCA, 0x3B, 0x2B, 0x17, 0x74, 0x8B, 0x3B, 0xCA, 0x48, 0xDF,
    0x67, 0x36, 0xD6, 0x9F, 0xA6, 0xF2, 0x5F, 0x6E, 0x99, 0x71, 0xF0, 0xAB, 0x96, 0x06, 0xBC, 0xA7,
    0x92, 0xFB, 0x3C, 0x00, 0xB8, 0x45, 0x68, 0x45, 0x21, 0xB8, 0x3D, 0x9A, 0xC3, 0xA1, 0xE0, 0xDB,
    0xF1, 0xAF, 0x48, 0x48, 0xBD, 0xF3, 0xA0, 0x89, 0xE7, 0xA4, 0xFF, 0xE5, 0xEE, 0x4B, 0xC9, 0x46,
    0x86, 0xE0, 0xF2, 0x92, 0xF3, 0xA2, 0x29, 0x4D, 0x7D, 0xA7, 0x09, 0x78, 0x8C, 0x71, 0x2A, 0x74,
    0xBF, 0x3F, 0xFA, 0x01, 0xB0, 0xA3, 0x15, 0x8A, 0x37, 0x7A, 0xF0, 0x7C, 0xD1, 0xBA, 0xBA, 0x66,
    0x2D, 0xD9, 0xCE, 0x7B, 0x32, 0x34, 0xF2, 0xD6, 0xDB, 0x3F, 0x36, 0xC4, 0xF4, 0x75, 0xC0, 0x22,
    0xAE, 0x7A, 0xA7, 0xCF, 0xA2, 0xF6, 0x36, 0x7C, 0xA2, 0x37, 0x09, 0x68, 0xD6, 0xDA, 0xE5, 0xC5,
    0xDD, 0x85, 0x97, 0x51, 0xED, 0xA7, 0xB5, 0xDC, 0xF8, 0x17, 0x6F, 0xCD, 0x8D, 0x6F, 0x7C, 0xC2,
    0xCF, 0x99, 0xD7, 0xCA, 0x81, 0xF3, 0x9B, 0xBD, 0x7E, 0x77, 0xD0, 0x75, 0x13, 0x79, 0xA9, 0x67,
    0x6D, 0x07, 0x04, 0xF3, 0x66, 0x07, 0xFE, 0x4E, 0xF6, 0x21, 0xD4, 0x3B, 0x63, 0x50, 0x79, 0xEC,
    0x2B, 0xB4, 0xE3, 0xC6, 0x79, 0x12, 0x17, 0x94, 0xBA, 0xDF, 0x4D, 0x46, 0x26, 0x58, 0x79, 0xB4,
    0x17, 0x26, 0xC0, 0xF7, 0x51, 0x1F, 0x27, 0x86, 0x6A, 0xF6, 0x5F, 0x49, 0xE8, 0xBB, 0xC5, 0x8E,
    0xC6, 0xAD, 0xB9, 0x75, 0x58, 0xBF, 0xA2, 0xF7, 0xE2, 0xC0, 0x3D, 0x40, 0x3C, 0x5E, 0xC1, 0x66,
    0xC4, 0x5A, 0xA1, 0x7A, 0x38, 0xD6, 0xFB, 0x9D, 0xE8, 0xFD, 0x4B, 0x54, 0xA8, 0x3E, 0x5C, 0x5A,
    0x8A, 0x6B, 0xDE, 0xD7, 0xA7, 0xC7, 0x1B, 0xF1, 0x14, 0x94, 0xC1, 0xE3, 0x63, 0xF3, 0xF3, 0xF3,
    0x37, 0x83, 0x25, 0x0E, 0x3B, 0xAD, 0x29, 0x92, 0x4F, 0x15, 0x27, 0x08, 0x4B, 0x3F, 0xA3, 0xB3,
    0x9A, 0x80, 0xB3, 0xD5, 0xDF, 0xCB, 0x3B, 0x8B, 0x25, 0xEE, 0x14, 0x0E, 0xDA, 0xC6, 0x8C, 0xA2,
    0x61, 0xAA, 0x91, 0x8D, 0x40, 0xDF, 0x35, 0xA0, 0x68, 0x57, 0xDD, 0xD1, 0x63, 0x9F, 0x63, 0x32,
    0x7B, 0x37, 0xC1, 0x36, 0xD8, 0x6F, 0x24, 0x23, 0x1B, 0x45, 0x3F, 0xF2, 0x61, 0xFE, 0xB7, 0xBF,
    0xB2, 0x87, 0x1D, 0x8C, 0xDD, 0x11, 0xE3, 0xE9, 0x75, 0x01, 0x99, 0x66, 0x02, 0xB4, 0x0C, 0x23,
    0xA3, 0x61, 0xE1, 0xCA, 0xD1, 0x63, 0x1E, 0x5F, 0x1E, 0xF8, 0xCD, 0x1C, 0xD3, 0x07, 0x07, 0x46,
    0x33, 0x07, 0xAE, 0x17, 0x7A, 0xF3, 0xA7, 0x5D, 0x7B, 0x29, 0xA3, 0x16, 0x99, 0xC5, 0x7D, 0xD3,
    0x1D, 0xA3, 0x00, 0x7C, 0x27, 0xA0, 0xEE, 0x08, 0xBB, 0x4A, 0x94, 0x0E, 0x36, 0xE0, 0x2D, 0xB2,
    0x76, 0x4F, 0x88, 0x7B, 0xAD, 0xB5, 0x72, 0x80, 0x41, 0x14, 0xDD, 0xB3, 0x26, 0xDA, 0xE1, 0x26,
    0x6E, 0xD9, 0x39, 0xA0, 0xB7, 0xFA, 0x53, 0xDD, 0xF5, 0x36, 0x0F, 0x72, 0x16, 0x4C, 0x11, 0xB2,
    0x7C, 0x46, 0xD6, 0x96, 0xBB, 0x0A, 0x59, 0x0E, 0xED, 0x8F, 0xE7, 0x1C, 0xC5, 0xBA, 0xAD, 0x77,
    0x3B, 0x43, 0x97, 0xC1, 0x78, 0xEE, 0x06, 0xAC, 0xDE, 0x45, 0xEB, 0xAF, 0x06, 0x35, 0x8C, 0x2E,
    0x6C, 0x83, 0xA1, 0x1E, 0x77, 0x61, 0xBB, 0xA6, 0x3A, 0xBE, 0xE0, 0xBA, 0x5F, 0x66, 0xFF, 0x2F,
    0xC5, 0x42, 0x68, 0xBF, 0xAF, 0x73, 0x2E, 0xBD, 0xBB, 0x5B, 0x7A, 0x37, 0xD2, 0x9B, 0x9E, 0xA2,
    0x46, 0xEC, 0x77, 0x7A, 0x82, 0xBD, 0xEF, 0xBB, 0x3A, 0x3D, 0xB7, 0xDC, 0x59, 0x2B, 0x37, 0x9A,
    0xEB, 0xF8, 0xBA, 0x9F, 0xE5, 0x1B, 0xF0, 0xB8, 0x7B, 0x73, 0xA0, 0x32, 0xB2, 0x4E, 0x4A, 0x6C,
    0xD6, 0x20, 0x33, 0xDF, 0x28, 0x30, 0x66, 0xD4, 0xFE, 0x6F, 0xC2, 0x36, 0xF1, 0xBA, 0x6E, 0x14,
    0xF1, 0x26, 0x60, 0x6F, 0x14, 0x7A, 0x93, 0xF1, 0xA0, 0xF7, 0x9B, 0x23, 0xFD, 0xFE, 0x03, 0x96,
    0xFB, 0x24, 0x6D, 0xB6, 0x77, 0x9C, 0x6D, 0xED, 0x52, 0xF8, 0xA6, 0x6C, 0x7C, 0x0B, 0xDB, 0x62,
    0x5F, 0xA2, 0xB5, 0x5D, 0xE4, 0xD8, 0xB1, 0xDE, 0xCA, 0xEF, 0xF9, 0x55, 0xA5, 0x9D, 0xAE, 0xA3,
    0x3E, 0xA3, 0x64, 0xA0, 0xDF, 0x46, 0x24, 0x98, 0x8B, 0xBA, 0x2D, 0x66, 0x96, 0x87, 0xFB, 0x35,
    0x9B, 0xE4, 0x73, 0x49, 0x28, 0x80, 0xCD, 0x6C, 0xB6, 0x3B, 0x5E, 0x8F, 0x1D, 0xD6, 0xD6, 0xE3,
    0x1D, 0x1B, 0x04, 0xEB, 0x9D, 0xDD, 0x69, 0x8E, 0x1D, 0x36, 0xB8, 0xEC, 0xCB, 0xE2, 0x20, 0x5C,
    0xE9, 0xE6, 0x31, 0xAE, 0x23, 0xE4, 0x35, 0xC7, 0xD7, 0xE2, 0x76, 0xBD, 0xB1, 0x85, 0x24, 0x3C,
    0x1F, 0x26, 0x76, 0x01, 0x7A, 0xD8, 0xB2, 0x92, 0x8F, 0xFB, 0x30, 0x1A, 0xE2, 0x1E, 0x45, 0x22,
    0x06, 0x38, 0xB3, 0x0F, 0xB4, 0xBD, 0x6F, 0xF1, 0x4B, 0xBC, 0x73, 0x5B, 0x48, 0x51, 0x3C, 0x08,
    0xDF, 0xB6, 0x67, 0x94, 0x78, 0x78, 0xAD, 0x77, 0xE6, 0x60, 0x87, 0x15, 0x30, 0x12, 0x0E, 0xE7,
    0x3C, 0xCD, 0x83, 0x81, 0x17, 0xE3, 0x72, 0x70, 0x29, 0xCA, 0x7A, 0xAD, 0x9D, 0x36, 0xF4, 0x22,
    0x1D, 0xA4, 0x59, 0x5C, 0x35, 0x82, 0x6B, 0x73, 0xD0, 0x20, 0xC7, 0xBD, 0x69, 0x9D, 0x3B, 0x54,
    0xE7, 0x84, 0xF6, 0xF1, 0xE3, 0xE1, 0xEA, 0x63, 0x62, 0xC8, 0x39, 0xBD, 0xCE, 0xEB, 0xC3, 0xA9,
    0x0E, 0xB4, 0x96, 0x66, 0xA1, 0xAD, 0x27, 0xA1, 0x7D, 0xF9, 0xEB, 0x42, 0xCC, 0x4D, 0xDE, 0x91,
    0xFA, 0x8C, 0xFC, 0x10, 0x18, 0xCA, 0x8A, 0x0E, 0xB3, 0x38, 0x7D, 0xE7, 0xFA, 0x0D, 0xE9, 0xC2,
    0xD5, 0xF4, 0xF1, 0xB7, 0x53, 0xC2, 0xA8, 0x7A, 0x70, 0x00, 0x21, 0x95, 0x87, 0xEE, 0x18, 0x1E,
    0x37, 0x79, 0xA5, 0xFB, 0x42, 0xB3, 0xCC, 0x4A, 0xB4, 0x00, 0x34, 0x6B, 0xB7, 0x08, 0x84, 0x46,
    0x85, 0x24, 0x0F, 0xFD, 0x32, 0x43, 0xA1, 0x08, 0x8C, 0x50, 0x11, 0x1C, 0xB1, 0x22, 0x40, 0x96,
    0x43, 0x82, 0x64, 0x4E, 0xAF, 0xA2, 0xD2, 0x4B, 0xA8, 0xF4, 0xFA, 0x29, 0xBD, 0x78, 0x4A, 0xAF,
    0x9C, 0xD2, 0xCB, 0xA6, 0x9A, 0x35, 0x53, 0x7A, 0xC1, 0x54, 0x67, 0xB5, 0x94, 0x99, 0xE4, 0x14,
    0x8B, 0x9F, 0x21, 0x74, 0x9F, 0xE1, 0x36, 0x34, 0x20, 0x0A, 0x10, 0xB6, 0x80, 0x40, 0xDB, 0xBE,
    0x61, 0xC8, 0x71, 0x3B, 0x6B, 0x9A, 0xBB, 0xB1, 0x5A, 0xF7, 0x16, 0x09, 0x0C, 0xCD, 0x32, 0x6A,
    0xC5, 0xA7, 0x53, 0xDE, 0x72, 0x13, 0x57, 0x47, 0xA7, 0x15, 0x34, 0x07, 0x67, 0x5F, 0x20, 0xB5,
    0xF7, 0x2A, 0x45, 0x08, 0x5C, 0x20, 0x1A, 0x7F, 0xA4, 0x03, 0x79, 0xD8, 0x71, 0xEA, 0x1C, 0xD1,
    0xAE, 0x9D, 0x84, 0x5D, 0x11, 0xBC, 0xBB, 0x19, 0x3B, 0x21, 0xC2, 0xB7, 0x69, 0xEB, 0x4B, 0xF5,
    0x62, 0x8F, 0x34, 0x2A, 0x43, 0xEF, 0x78, 0x5F, 0xF4, 0xA7, 0x2A, 0x1A, 0x57, 0x31, 0x9D, 0x4D,
    0x05, 0x6A, 0x69, 0x7E, 0x29, 0x2E, 0x79, 0x37, 0xF0, 0x82, 0x7F, 0x1F, 0xA0, 0xA0, 0x6D, 0xE9,
    0x51, 0x68, 0x36, 0x5B, 0x81, 0x77, 0xCC, 0x54, 0x4B, 0x67, 0x6C, 0x95, 0x36, 0x5B, 0x76, 0xB1,
    0x32, 0x6A, 0x31, 0x44, 0x56, 0xB9, 0x8A, 0x2A, 0xB6, 0x61, 0xE0, 0xBE, 0xB0, 0x44, 0x5A, 0xD6,
    0x7A, 0xE9, 0x0B, 0x69, 0x73, 0x80, 0xA0, 0xFA, 0xE0, 0xAF, 0x92, 0x71, 0x75, 0x3D, 0x0A, 0x96,
    0x6B, 0xF1, 0xB3, 0x39, 0x16, 0x97, 0x4D, 0x10, 0xE6, 0x44, 0x2A, 0xDE, 0x94, 0xE2, 0xED, 0x54,
    0xFC, 0x21, 0x13, 0x1F, 0x64, 0xE3, 0xD7, 0xD2, 0x20, 0x8E, 0xE0, 0x1E, 0xB8, 0xC5, 0x68, 0xFD,
    0x4F, 0x4A, 0x5A, 0x1F, 0x44, 0xBE, 0x92, 0xFB, 0x79, 0xEE, 0xF4, 0xC4, 0x4C, 0x3E, 0x73, 0xE2,
    0xF1, 0x13, 0x0F, 0x9C, 0x78, 0x21, 0x0F, 0xA1, 0x86, 0x9D, 0x91, 0xDF, 0x33, 0x6B, 0x37, 0xDD,
    0x37, 0x09, 0xDF, 0x4F, 0xFA, 0x4B, 0xB8, 0x82, 0xC1, 0x4A, 0x9C, 0xD4, 0x4E, 0x76, 0x4F, 0x1F,
    0x39, 0xBD, 0xBF, 0x65, 0xE7, 0x96, 0x14, 0x8F, 0xFD, 0x36, 0xD9, 0xF5, 0xF8, 0x6F, 0x93, 0x03,
    0x9E, 0x8A, 0x0E, 0x78, 0xFF, 0x2C, 0x8E, 0x9C, 0xE2, 0x98, 0x10, 0x5D, 0x93, 0xF1, 0x43, 0xEE,
    0x33, 0x23, 0xD6, 0x3B, 0xD1, 0x7B, 0xEF, 0x8B, 0x1D, 0x88, 0xD1, 0x47, 0x51, 0x0C, 0x1D, 0x79,
    0x4E, 0x88, 0x9F, 0x62, 0xFB, 0x9C, 0x7F, 0x11, 0x22, 0xF9, 0xF7, 0xA5, 0xA5, 0xA5, 0xDF, 0x58,
    0x50, 0x20, 0x14, 0x42, 0xE1, 0x22, 0xAD, 0x05, 0xFA, 0xAE, 0x30, 0x3F, 0xA2, 0x47, 0xFF, 0x43,
    0x5A, 0x7A, 0xD9, 0x5C, 0xD2, 0xFC, 0x2E, 0x44, 0xD6, 0x04, 0x65, 0x9D, 0x78, 0xBC, 0x89, 0x8D,
    0xDC, 0xD3, 0xA8, 0xF7, 0xCD, 0x76, 0xEB, 0x7B, 0xA6, 0x87, 0x0B, 0x8F, 0xAD, 0x5D, 0xD8, 0xD3,
    0x3E, 0xD5, 0xBE, 0xA7, 0x79, 0xF3, 0x5F, 0x6E, 0x6D, 0xEA, 0x6A, 0x6B, 0xB7, 0x22, 0x0D, 0x8F,
    0xF1, 0x27, 0x2A, 0xFC, 0x47, 0x24, 0x2E, 0x93, 0x6D, 0xF4, 0x52, 0xDB, 0x0A, 0x29, 0x12, 0xA5,
    0x0B, 0xFF, 0x46, 0xDE, 0xF2, 0x5F, 0x42, 0xDB, 0xD1, 0xF8, 0x0D, 0x9F, 0xEF, 0x60, 0xA3, 0x8F,
    0x1F, 0x18, 0x92, 0x83, 0xEE, 0xC7, 0xBF, 0xE8, 0x4E, 0x0D, 0x59, 0x2F, 0x31, 0x63, 0xA5, 0xA9,
    0x09, 0xED, 0x8A, 0x4B, 0x33, 0xB1, 0xF7, 0x31, 0x21, 0x2E, 0x44, 0xC2, 0x79, 0x48, 0x88, 0x3F,
    0x40, 0xED, 0xFF, 0xC5, 0x53, 0xC1, 0xA7, 0x78, 0x9D, 0xEC, 0x5E, 0x1C, 0x1F, 0x53, 0xC2, 0x15,
    0x5B, 0x53, 0x00, 0x73, 0x6B, 0x32, 0x9D, 0x5A, 0x96, 0x78, 0xE8, 0xC4, 0x89, 0xD4, 0x32, 0xE5,
    0x43, 0x33, 0x7B, 0x52, 0xEB, 0xDB, 0xE2, 0xA1, 0xDC, 0x49, 0x45, 0x0F, 0x78, 0x34, 0xBD, 0xD7,
    0xE5, 0xE7, 0x66, 0xB8, 0x52, 0x38, 0xDE, 0x81, 0x8A, 0xE1, 0x9D, 0x60, 0xF0, 0xB9, 0x50, 0xC3,
    0xE5, 0x4F, 0xE6, 0x8F, 0xFC, 0xA8, 0xAD, 0x5D, 0xFB, 0xFC, 0x84, 0xF9, 0xAE, 0xE8, 0xFA, 0xC2,
    0x9E, 0xD0, 0x93, 0x84, 0x7E, 0x31, 0x73, 0x68, 0x66, 0x26, 0x28, 0xBD, 0xDC, 0x90, 0x6E, 0x1A,
    0xE4, 0x07, 0x0F, 0x9E, 0x9C, 0x3E, 0x39, 0x7D, 0xF0, 0x40, 0x90, 0xA3, 0x9E, 0xE0, 0x47, 0x61,
    0x39, 0xF9, 0xFA, 0x8E, 0x3C, 0x8C, 0x26, 0x41, 0x07, 0x0B, 0x92, 0x3F, 0x4F, 0x1F, 0x4D, 0xE3,
    0x34, 0x87, 0xEA, 0x4F, 0x88, 0x9B, 0x26, 0xB1, 0xEE, 0xD6, 0x2D, 0x13, 0x91, 0x9F, 0xCD, 0xE4,
    0xB8, 0x3C, 0xC8, 0x4F, 0x67, 0x01, 0x9F, 0xA6, 0xC4, 0x89, 0x4A, 0x2F, 0x17, 0x33, 0x73, 0xE2,
    0xF0, 0xFC, 0x22, 0x28, 0xB6, 0x63, 0xAF, 0xC9, 0x55, 0xBF, 0x44, 0xFA, 0x86, 0x96, 0x3C, 0xB6,
    0x7B, 0xE7, 0xCC, 0xD6, 0x99, 0x9D, 0xB3, 0xA7, 0x3D, 0x8A, 0x0A, 0x44, 0x67, 0x69, 0x2D, 0x9C,
    0x95, 0x85, 0x2C, 0x90, 0x66, 0x09, 0xF5, 0x1E, 0x86, 0xAF, 0x67, 0xE1, 0xD8, 0x07, 0xE5, 0xFD,
    0x81, 0x34, 0x2A, 0x37, 0xB2, 0x32, 0x3B, 0xB2, 0x92, 0xD5, 0x0E, 0x47, 0x9A, 0xA9, 0x0B, 0x16,
    0x8A, 0x8F, 0xBF, 0x8B, 0x83, 0x73, 0xD3, 0x7A, 0xEE, 0x35, 0x43, 0xAE, 0xE4, 0x82, 0xB5, 0xEA,
    0x49, 0x6F, 0x01, 0x8D, 0x5D, 0x23, 0xD7, 0x1E, 0x62, 0x23, 0x45, 0xC7, 0xB1, 0x77, 0x5A, 0xCC,
    0xFA, 0xC2, 0x3F, 0x8C, 0x1B, 0x7E, 0x60, 0x8F, 0x48, 0x50, 0x4C, 0x71, 0xA7, 0x98, 0x20, 0xF1,
    0xE4, 0x1A, 0x68, 0xD2, 0xE1, 0xCA, 0x16, 0xD0, 0xA1, 0xFD, 0x32, 0x74, 0xA1, 0x1D, 0x89, 0x31,
    0x63, 0x9D, 0xD7, 0x76, 0xA0, 0x2F, 0x1B, 0xC3, 0xC5, 0x1C, 0x68, 0xBB, 0xBB, 0x8F, 0xE3, 0xED,
    0x1F, 0xD8, 0x72, 0x87, 0xE2, 0xEB, 0xEF, 0xCB, 0x6D, 0x6C, 0xC6, 0x65, 0x98, 0xC4, 0xBF, 0x50,
    0x49, 0x78, 0x16, 0xBA, 0xE1, 0x5C, 0x2F, 0x0A, 0xDE, 0x2E, 0x84, 0x7F, 0xA9, 0xFA, 0x09, 0x54,
    0x91, 0x83, 0x46, 0x54, 0xB8, 0x74, 0x5C, 0x93, 0xB7, 0x02, 0x3C, 0xAF, 0xF5, 0x48, 0x38, 0x0A,
    0x17, 0xF7, 0xC4, 0x41, 0x3C, 0xE3, 0x52, 0x0C, 0xD2, 0xAE, 0xC2, 0xCC, 0xEA, 0xF9, 0xB9, 0x5B,
    0xC2, 0x5F, 0xEE, 0x54, 0x7E, 0x6A, 0x55, 0x41, 0x62, 0xF5, 0x82, 0xC4, 0xAC, 0x83, 0xB3, 0x6F,
    0xD6, 0xC1, 0xB9, 0xF7, 0xEA, 0x00, 0x7F, 0x98, 0x87, 0x7F, 0xA5, 0xA7, 0xB0, 0x4B, 0x50, 0xE5,
    0x40, 0x51, 0x31, 0x29, 0x08, 0x11, 0x77, 0xB3, 0xCF, 0xE9, 0xB5, 0xA8, 0x6B, 0xB0, 0xBE, 0xB1,
    0x05, 0x5E, 0xEF, 0xA3, 0x60, 0x93, 0xA4, 0xB9, 0xA1, 0x15, 0x09, 0x9A, 0x1E, 0x7A, 0x2C, 0x2C,
    0xA0, 0x32, 0x57, 0xF7, 0x7A, 0xF3, 0x43, 0x32, 0xB8, 0x7A, 0xC0, 0x68, 0x84, 0xFA, 0x8E, 0x48,
    0xBC, 0x0E, 0x58, 0x06, 0x6A, 0x0C, 0x53, 0x74, 0xE8, 0x64, 0x40, 0x23, 0xF4, 0xCB, 0x46, 0x08,
    0x99, 0xC0, 0x9F, 0x99, 0x00, 0xEC, 0x41, 0xCB, 0xAD, 0xCA, 0x83, 0x01, 0xD4, 0xF3, 0x31, 0xDC,
    0x97, 0x3C, 0x40, 0x18, 0xCD, 0xA5, 0x30, 0xAE, 0x35, 0x56, 0x3A, 0x46, 0x51, 0x04, 0x3D, 0x1D,
    0x40, 0x48, 0x3F, 0xD9, 0xC0, 0x7E, 0x12, 0xB7, 0xEF, 0x6D, 0xBA, 0x8B, 0xB7, 0xB3, 0xB9, 0xFF,
    0xA2, 0xB7, 0xBF, 0x4C, 0x3C, 0x7F, 0xA7, 0x6D, 0xF7, 0xDB, 0x1E, 0xC5, 0x46, 0x3F, 0x44, 0x19,
    0xB9, 0xA9, 0x46, 0x18, 0x13, 0x3F, 0x61, 0x8C, 0x7F, 0xCC, 0x88, 0x5C, 0xA1, 0x76, 0x34, 0xC0,
    0xDC, 0x37, 0x7A, 0xFB, 0xDB, 0xD3, 0x18, 0x89, 0xA9, 0x74, 0x12, 0x47, 0xA7, 0x6F, 0x21, 0xFA,
    0xF7, 0x76, 0x7E, 0xD5, 0x64, 0x26, 0xBF, 0xF1, 0x20, 0x06, 0xF4, 0x25, 0x77, 0x58, 0x3C, 0xFA,
    0x2E, 0x1D, 0xE1, 0xD1, 0xF3, 0x22, 0x7C, 0xF1, 0xBC, 0x08, 0xCE, 0x9E, 0xFF, 0xC2, 0x1D, 0x16,
    0x67, 0xFB, 0xBE, 0x67, 0x71, 0x9D, 0xCC, 0xF7, 0x4B, 0xA4, 0xEB, 0x9E, 0xA1, 0xF9, 0x87, 0xE8,
    0x06, 0x4A, 0xDE, 0x38, 0x5F, 0xF5, 0xE6, 0x6E, 0xFB, 0xC1, 0x38, 0xF2, 0x7C, 0xC6, 0x8F, 0x1F,
    0xB2, 0xA1, 0xE9, 0xED, 0xDC, 0x3B, 0x18, 0xC7, 0x7B, 0x57, 0xFC, 0x16, 0xC6, 0x6A, 0xED, 0x5B,
    0x23, 0x0E, 0x39, 0x94, 0x37, 0xC4, 0x61, 0x6F, 0x2A, 0x9C, 0x0F, 0xAE, 0x11, 0x67, 0xAB, 0xE1,
    0x33, 0xDF, 0xCC, 0x06, 0xE3, 0x73, 0x75, 0x6E, 0x44, 0x8B, 0xAD, 0xDF, 0x9C, 0xB8, 0xD0, 0xA8,
    0xFC, 0x86, 0xCA, 0x3A, 0xB7, 0xAF, 0xEF, 0xBF, 0x1F, 0xEE, 0xC7, 0x68, 0xF0, 0xFB, 0xCD, 0x6E,
    0xA7, 0xD4, 0x91, 0x84, 0x57, 0x18, 0xFF, 0xCE, 0xC7, 0x83, 0xB9, 0xB9, 0x78, 0x6C, 0x34, 0xE0,
    0x9C, 0x6D, 0xF0, 0xA8, 0xF3, 0xEB, 0x6C, 0xE7, 0x1B, 0x97, 0xB4, 0x63, 0xE7, 0x4C, 0x3E, 0x10,
    0x1F, 0x3E, 0xE8, 0xE8, 0x84, 0xFC, 0x3D, 0x2D, 0xAD, 0x3E, 0x4B, 0x56, 0xEF, 0x87, 0xED, 0x9B,
    0xD2, 0x1F, 0xEE, 0x37, 0x50, 0x91, 0x7C, 0x23, 0xD7, 0x8A, 0xA4, 0x77, 0xB4, 0x2B, 0x53, 0xEF,
    0x89, 0xAD, 0x24, 0xCC, 0xFE, 0x56, 0x1C, 0xB4, 0xED, 0x06, 0xCE, 0x39, 0x1E, 0xDC, 0x0B, 0x60,
    0xF4, 0xC0, 0x54, 0x8A, 0x7A, 0x21, 0x7C, 0xF7, 0xFC, 0xEE, 0x91, 0xDC, 0xC3, 0x61, 0x8B, 0x76,
    0x05, 0xC6, 0x3A, 0xDF, 0xB2, 0xC6, 0x77, 0xEB, 0x55, 0xDF, 0x21, 0x56, 0xD2, 0x0D, 0xDC, 0xFF,
    0xE1, 0x1C, 0x88, 0xE3, 0x17, 0xD3, 0xCE, 0xEF, 0x28, 0x7E, 0xB1, 0xCD, 0x0C, 0x3A, 0x10, 0xEA,
    0x41, 0xB9, 0xB1, 0xD0, 0x9B, 0xBB, 0xC9, 0xF5, 0xBC, 0x76, 0x1B, 0xAB, 0xE3, 0xFC, 0x31, 0x6B,
    0xBF, 0x4B, 0x56, 0xB9, 0x2F, 0xF9, 0xFC, 0xFB, 0xEE, 0xA1, 0x5F, 0x67, 0x39, 0xE4, 0x61, 0x37,
    0xD0, 0x2F, 0xC9, 0xE1, 0xBB, 0x4F, 0x0F, 0xAD, 0x67, 0x1A, 0xB5, 0x25, 0x6E, 0xA4, 0x0E, 0x1D,
    0x41, 0x26, 0x16, 0x63, 0xB4, 0x32, 0x95, 0x8C, 0x6F, 0x35, 0x01, 0xCA, 0x4E, 0x2E, 0xEE, 0x82,
    0x9F, 0xA9, 0x68, 0x17, 0x1A, 0x12, 0xCC, 0x1C, 0x0E, 0x29, 0x1B, 0xAA, 0xEA, 0x5C, 0x18, 0xF5,
    0x76, 0x8C, 0xF0, 0xAA, 0xA9, 0x35, 0xA5, 0x7D, 0x6F, 0x75, 0x69, 0x3F, 0xAA, 0xED, 0x58, 0x17,
    0xAD, 0x4C, 0x9B, 0xF3, 0x56, 0xAF, 0x9B, 0xF5, 0x6D, 0xFC, 0x11, 0x5D, 0xE2, 0x63, 0x32, 0x5C,
    0xB6, 0x8E, 0x3B, 0x79, 0xAB, 0x3F, 0x7F, 0x0A, 0xD7, 0x78, 0x65, 0xB5, 0x7D, 0x91, 0x80, 0xB7,
    0xD2, 0xFF, 0xFF, 0x49, 0x97, 0x5B, 0x8C, 0x4A, 0x36, 0x16, 0xBB, 0xA1, 0xD8, 0x3A, 0x33, 0x58,
    0x4C, 0xEC, 0xDD, 0xA9, 0x57, 0x83, 0xF0, 0xE4, 0x20, 0x67, 0x8F, 0x3C, 0xD8, 0xF5, 0x8A, 0x38,
    0xDA, 0xD1, 0x6A, 0x0D, 0xFD, 0x82, 0xC8, 0x06, 0xFC, 0x20, 0xC3, 0xFF, 0x01, 0xE5, 0x3D, 0x5D,
    0x6C, 0xDD, 0xD6, 0x79, 0x87, 0xA4, 0x24, 0x26, 0x26, 0x62, 0x0A, 0xAB, 0x1C, 0x38, 0x76, 0x62,
    0x1A, 0x83, 0x8A, 0x25, 0x8D, 0x25, 0x6E, 0x40, 0x50, 0x28, 0x98, 0x74, 0x49, 0xB7, 0xDD, 0x82,
    0x20, 0x0F, 0x51, 0xD1, 0xB8, 0xC3, 0x12, 0x60, 0x71, 0xB1, 0x0E, 0xEB, 0xD2, 0x36, 0xCA, 0x83,
    0x57, 0xB8, 0x85, 0x64, 0x32, 0xEE, 0x83, 0x51, 0x04, 0x58, 0xD4, 0x6D, 0xC1, 0x1E, 0xB6, 0xA2,
    0xDE, 0x90, 0x00, 0xAB, 0xBB, 0xCD, 0xDA, 0xEA, 0x0D, 0x6E, 0xE3, 0x9A, 0x4C, 0x8C, 0x2D, 0x0F,
    0x7E, 0x30, 0x9B, 0x0C, 0xC8, 0x43, 0x92, 0x86, 0x8E, 0xDD, 0x76, 0x48, 0xB0, 0x9A, 0x71, 0xE8,
    0xF8, 0xDA, 0xBE, 0xBC, 0x67, 0xDF, 0xCF, 0x39, 0xBC, 0x57, 0x57, 0xB2, 0x2D, 0xC7, 0x92, 0x2C,
    0x67, 0xBC, 0xE4, 0xE1, 0xB9, 0x24, 0x2F, 0xCF, 0x77, 0xCE, 0xF9, 0xCE, 0xF7, 0x7F, 0xCE, 0x15,
    0x9B, 0x9B, 0x42, 0x24, 0x32, 0x34, 0xA5, 0xCC, 0x6C, 0x29, 0x0B, 0xB7, 0xE5, 0x97, 0x66, 0xE1,
    0xC2, 0x45, 0xBB, 0x25, 0x84, 0xD5, 0x12, 0x53, 0xB2, 0x65, 0x49, 0xD9, 0x72, 0xA5, 0x6C, 0x06,
    0xF2, 0x60, 0x19, 0xE4, 0x62, 0x30, 0x4A, 0xE1, 0x27, 0x31, 0x1F, 0xD1, 0xDE, 0xA6, 0x88, 0xBE,
    0xDD, 0x12, 0xC1, 0x31, 0x38, 0xD2, 0xFD, 0x70, 0x08, 0xE1, 0x67, 0x42, 0x78, 0xB9, 0x10, 0x2E,
    0x1C, 0x7D, 0xA2, 0xB3, 0xED, 0xA1, 0x54, 0x86, 0x9D, 0x74, 0x8F, 0xE8, 0xDE, 0xB6, 0x62, 0x62,
    0x36, 0x31, 0xC5, 0xC2, 0xA1, 0xF8, 0x4A, 0xAC, 0x0F, 0x85, 0xD9, 0xC6, 0xB7, 0x19, 0x92, 0xDE,
    0x2B, 0xA9, 0x84, 0x05, 0x29, 0xDC, 0x0D, 0x32, 0x61, 0xB5, 0x45, 0x50, 0x0A, 0xA7, 0x12, 0xBE,
    0xDC, 0x91, 0x34, 0x05, 0xC0, 0x2C, 0x0B, 0x01, 0xD0, 0x4B, 0x04, 0x58, 0xB6, 0xE1, 0x8D, 0x03,
    0x07, 0x66, 0xC5, 0xFC, 0xCD, 0x10, 0x08, 0x89, 0x7B, 0xAC, 0x80, 0xD4, 0xFB, 0x15, 0x16, 0xEE,
    0xBE, 0x86, 0xE9, 0xC0, 0xD3, 0xFB, 0xF1, 0x36, 0x81, 0x69, 0x64, 0xF4, 0xE8, 0x2F, 0x19, 0x72,
    0xFA, 0x52, 0xE6, 0x08, 0xDF, 0x25, 0xCC, 0xDB, 0x32, 0xC6, 0x2B, 0x8F, 0xAC, 0xC5, 0x3A, 0xDA,
    0x7B, 0x11, 0x42, 0xEB, 0x58, 0x8A, 0xA5, 0xBE, 0xC7, 0x50, 0xD1, 0x8D, 0xA3, 0x94, 0xDE, 0xBD,
    0x46, 0x7B, 0x87, 0xDA, 0xD2, 0x6C, 0x53, 0xDB, 0x5F, 0x31, 0x7D, 0x42, 0xE2, 0x2F, 0x12, 0x59,
    0x50, 0x9A, 0x77, 0xEA, 0xB7, 0x58, 0x0A, 0xD0, 0x42, 0x8A, 0x98, 0x79, 0x19, 0x68, 0xE1, 0x9D,
    0x90, 0x42, 0xB9, 0x08, 0x6D, 0x25, 0x82, 0x42, 0x38, 0x2D, 0xE1, 0xB7, 0xB7, 0x47, 0x25, 0x41,
    0x9B, 0x13, 0xB4, 0x88, 0xF8, 0xB2, 0xEA, 0x40, 0x0B, 0x2F, 0x35, 0x4B, 0x68, 0x8D, 0x26, 0x9F,
    0x69, 0x9B, 0xEC, 0x5C, 0x33, 0xCA, 0x1E, 0x84, 0xDB, 0xC5, 0xED, 0x47, 0xC3, 0x0B, 0xEA, 0x60,
    0x4A, 0x05, 0x61, 0xD7, 0x01, 0xED, 0x45, 0xF7, 0x3C, 0x78, 0x26, 0x81, 0x26, 0x83, 0x92, 0x03,
    0x28, 0xD7, 0x83, 0x52, 0x5D, 0x80, 0xBB, 0x5F, 0xBF, 0xCA, 0x81, 0x6A, 0x7B, 0x78, 0x08, 0x3E,
    0x00, 0x5A, 0x7A, 0xC8, 0x9B, 0x5D, 0x99, 0xF2, 0xC4, 0x60, 0x9D, 0xAB, 0xEA, 0x5C, 0xBB, 0xCE,
    0x1D, 0x11, 0x0B, 0xB7, 0xA1, 0x25, 0xFF, 0xC2, 0x88, 0x75, 0x2E, 0xC8, 0xEA, 0x5C, 0xAE, 0x73,
    0x3E, 0xF6, 0xB0, 0xF8, 0x1A, 0xF4, 0x21, 0x56, 0x18, 0x09, 0x93, 0x97, 0xBB, 0x25, 0x63, 0xA1,
    0x9F, 0xB9, 0x25, 0x63, 0x62, 0x90, 0x3A, 0x25, 0x63, 0x23, 0xE6, 0xA8, 0x8F, 0xE3, 0x24, 0xF7,
    0x4A, 0xEA, 0x61, 0xDC, 0x8A, 0x3A, 0x97, 0x73, 0xAE, 0x02, 0xF4, 0xA3, 0x5C, 0x92, 0x47, 0x15,
    0x96, 0xCC, 0x58, 0x87, 0x7D, 0x6F, 0x33, 0xC4, 0x7E, 0x7B, 0x47, 0x42, 0xF8, 0xAE, 0x30, 0x96,
    0x50, 0x1F, 0x72, 0x0A, 0x48, 0xC6, 0x5C, 0xDC, 0x06, 0x8E, 0xAA, 0x66, 0x1F, 0xF8, 0x01, 0xBE,
    0x40, 0x5E, 0xC0, 0x44, 0x9E, 0x06, 0x74, 0x97, 0xB2, 0x1C, 0x3D, 0x00, 0x04, 0x14, 0x5B, 0x1F,
    0x5E, 0xB5, 0x19, 0x12, 0x43, 0xCA, 0xFF, 0x81, 0x17, 0x9E, 0x06, 0x0A, 0x5A, 0x61, 0x07, 0x64,
    0x48, 0x47, 0xB0, 0x8C, 0xE6, 0x46, 0xAC, 0xEC, 0x36, 0xF8, 0x6D, 0x3A, 0xF2, 0xBC, 0x88, 0x52,
    0xBF, 0x12, 0x51, 0xEC, 0xFD, 0x11, 0x10, 0xDB, 0x3D, 0x5F, 0x87, 0x1C, 0x80, 0x12, 0xA5, 0x5F,
    0x9C, 0x44, 0xF8, 0xE0, 0x39, 0xF8, 0xE9, 0x57, 0x5C, 0x79, 0xF1, 0x20, 0x92, 0x68, 0xC0, 0xC9,
    0x44, 0x02, 0x30, 0x9B, 0x11, 0x51, 0xC5, 0x86, 0xC9, 0xEB, 0x04, 0xE3, 0x36, 0x04, 0x63, 0x3D,
    0x12, 0x74, 0x60, 0x06, 0x51, 0xBA, 0x7E, 0x0C, 0x0A, 0x87, 0xE1, 0x9B, 0xC4, 0xFD, 0x21, 0xE4,
    0x46, 0x0A, 0xB8, 0x76, 0xE7, 0xDC, 0x52, 0xC0, 0xA0, 0xCD, 0x4C, 0x75, 0x47, 0x76, 0xE5, 0xCE,
    0xE8, 0x1E, 0x37, 0x2F, 0xE9, 0x8B, 0xE6, 0xAB, 0x3A, 0xE7, 0x4A, 0x9D, 0x73, 0x6A, 0x7C, 0x31,
    0x7F, 0xBF, 0xA6, 0x6B, 0x27, 0x62, 0x85, 0x2F, 0xF6, 0x89, 0xF0, 0x66, 0xC7, 0x17, 0x61, 0x63,
    0x2D, 0xF1, 0x00, 0xAA, 0x6C, 0x9F, 0x09, 0x85, 0xF3, 0x4C, 0x08, 0xDD, 0x05, 0xE3, 0x11, 0xBA,
    0xEA, 0xD6, 0x5B, 0xE0, 0xDC, 0x80, 0x97, 0x8D, 0xAC, 0xC0, 0x78, 0xB6, 0xD2, 0x3A, 0x39, 0x93,
    0x22, 0x98, 0xD0, 0x7E, 0x56, 0x0E, 0x30, 0x3B, 0x6F, 0x40, 0xCE, 0x43, 0x5A, 0xD7, 0xFF, 0x48,
    0xF7, 0x70, 0x1E, 0x78, 0x81, 0x70, 0xAA, 0x49, 0x38, 0x95, 0x11, 0x4E, 0x15, 0x88, 0x53, 0x05,
    0xE2, 0x0D, 0x52, 0x22, 0x59, 0x02, 0x44, 0x72, 0x3F, 0x64, 0xA0, 0xA0, 0x84, 0x50, 0x2D, 0x55,
    0x5D, 0x88, 0x42, 0x05, 0xF7, 0x0B, 0x36, 0xA0, 0x88, 0x28, 0xC1, 0x4E, 0x44, 0x39, 0x82, 0x73,
    0x74, 0x8D, 0x3A, 0x11, 0x71, 0xEA, 0x29, 0x57, 0xBE, 0x9B, 0x94, 0x20, 0x95, 0xC8, 0x96, 0x81,
    0x09, 0xBC, 0x14, 0xC9, 0xFD, 0x0E, 0xC2, 0xA9, 0xE9, 0x31, 0x31, 0x31, 0x2D, 0x82, 0x26, 0xB6,
    0x3C, 0x34, 0x0F, 0xEC, 0x77, 0x6C, 0x08, 0xF1, 0xCD, 0xF3, 0xF6, 0xAC, 0xB3, 0xFB, 0x3D, 0x7B,
    0xAE, 0x76, 0xAF, 0x6B, 0x87, 0xD7, 0x9E, 0x8F, 0xA7, 0xCF, 0xA7, 0xD0, 0x5A, 0x81, 0x54, 0xAF,
    0xBD, 0x67, 0x39, 0x5E, 0xAB, 0x20, 0x86, 0x6D, 0xE6, 0x30, 0xA6, 0x51, 0xA9, 0xD0, 0x75, 0x2A,
    0x17, 0x13, 0xD0, 0xEE, 0x2D, 0x48, 0x3D, 0x48, 0xEF, 0x81, 0x76, 0x2D, 0x49, 0xC8, 0xD8, 0xCA,
    0xDD, 0x08, 0x0D, 0x08, 0x2D, 0xB1, 0x3E, 0xB4, 0x90, 0xB4, 0xE7, 0x96, 0x44, 0xE9, 0xCA, 0x80,
    0x47, 0x00, 0x0A, 0x90, 0xDA, 0x20, 0xF5, 0x18, 0x33, 0x13, 0xC2, 0x54, 0xB7, 0xC0, 0xB1, 0xE0,
    0x17, 0x30, 0x50, 0x05, 0xE0, 0xB1, 0x7C, 0x6E, 0x4A, 0xA6, 0x88, 0x85, 0x92, 0x30, 0x10, 0xDA,
    0x3F, 0x22, 0xFE, 0x65, 0x1C, 0xF8, 0x6B, 0x16, 0x7D, 0xA8, 0xC2, 0x21, 0x57, 0x1B, 0xA1, 0x22,
    0xBE, 0x0F, 0x35, 0xBF, 0x91, 0x50, 0x09, 0x2C, 0x5D, 0x50, 0xE9, 0x82, 0x4A, 0x17, 0xAB, 0x5B,
    0x3A, 0x71, 0xAD, 0x9D, 0x9D, 0x4E, 0xE2, 0x21, 0x7C, 0x21, 0xEF, 0xF0, 0xAB, 0x69, 0x4A, 0xC7,
    0xE7, 0xF1, 0xB7, 0xD1, 0xBB, 0x00, 0xCC, 0x09, 0x28, 0x07, 0x61, 0x2A, 0x3B, 0x2C, 0x79, 0x1D,
    0xDE, 0xDC, 0x34, 0x4B, 0x63, 0xC1, 0x02, 0xDA, 0x08, 0xD8, 0x2C, 0xDC, 0xB6, 0x8C, 0xBD, 0x22,
    0x49, 0xFD, 0x2C, 0x48, 0x7D, 0x80, 0x14, 0x46, 0x51, 0x0A, 0xA8, 0x8D, 0x50, 0xA5, 0x26, 0x8A,
    0x43, 0x06, 0xF4, 0xC3, 0x66, 0x09, 0x7B, 0x45, 0x55, 0x0F, 0xE0, 0x12, 0x8E, 0x87, 0x4D, 0x21,
    0xCB, 0x1B, 0xA3, 0x9F, 0x86, 0xEF, 0xDF, 0xC0, 0xD1, 0x97, 0xD2, 0x18, 0x5D, 0xB9, 0xB2, 0x98,
    0xFE, 0xEE, 0xA3, 0xBC, 0xFB, 0x36, 0x9D, 0x1C, 0x96, 0xA6, 0x1C, 0x26, 0x76, 0x76, 0xDA, 0x7D,
    0x32, 0x63, 0x16, 0x19, 0x4D, 0xA6, 0xDD, 0x0E, 0x37, 0x9D, 0x27, 0x49, 0x68, 0x8C, 0x5E, 0xC7,
    0xAE, 0x34, 0xE4, 0xB7, 0x2B, 0x92, 0x99, 0x49, 0x7E, 0x73, 0x5B, 0xA2, 0xEC, 0x90, 0xED, 0x20,
    0xED, 0x22, 0xE2, 0x43, 0x81, 0x3C, 0xB0, 0xE3, 0x40, 0xD2, 0xF4, 0x89, 0xFA, 0x96, 0x0E, 0x9F,
    0x90, 0xB7, 0x10, 0x63, 0x79, 0xF4, 0xC0, 0x0B, 0xA1, 0x16, 0x48, 0x9C, 0xEF, 0x51, 0x39, 0xCE,
    0x5B, 0x87, 0xBA, 0x4A, 0xB5, 0x59, 0x1A, 0xBC, 0xB1, 0x00, 0x5E, 0x1F, 0x0B, 0x86, 0xDA, 0xF9,
    0x85, 0x8F, 0x7A, 0x55, 0x80, 0x2C, 0x78, 0x1A, 0x78, 0x6E, 0x3C, 0x31, 0x09, 0xE4, 0xB2, 0x81,
    0xE4, 0x72, 0x14, 0xC9, 0xE5, 0x1D, 0x62, 0xC9, 0x2C, 0x58, 0xE9, 0x32, 0x24, 0x80, 0x69, 0x86,
    0x69, 0xD6, 0x4C, 0xD6, 0x7A, 0xAF, 0x66, 0xC1, 0x67, 0xF5, 0x73, 0x46, 0x51, 0xE3, 0xC0, 0x62,
    0x39, 0xF1, 0xB1, 0x14, 0xDE, 0x7A, 0xB7, 0x56, 0x5D, 0xC5, 0x5A, 0x80, 0xB5, 0xCE, 0x74, 0xC4,
    0x10, 0xDD, 0x56, 0xCE, 0x03, 0xBA, 0xFD, 0x06, 0x8C, 0x8F, 0x69, 0xBB, 0xB8, 0x9F, 0xA1, 0xBB,
    0xC1, 0x71, 0x7A, 0x3C, 0x38, 0x51, 0x00, 0x63, 0x14, 0xDE, 0xBE, 0x5C, 0x8F, 0x8A, 0xAE, 0x93,
    0xC1, 0x27, 0x8F, 0x4F, 0x49, 0x8C, 0x95, 0x57, 0x2A, 0xA2, 0xD1, 0xA2, 0x93, 0xA8, 0xF8, 0x14,
    0xC1, 0x09, 0xD4, 0x95, 0x20, 0xF4, 0x73, 0x3F, 0x33, 0x65, 0xE8, 0xC1, 0xEB, 0x1C, 0x54, 0xD2,
    0x82, 0xD4, 0x6E, 0xD2, 0xC9, 0x04, 0x59, 0x28, 0xA7, 0x36, 0x0B, 0xF2, 0x00, 0x07, 0x6A, 0x92,
    0xF9, 0xF2, 0xDD, 0x1D, 0x07, 0x15, 0x15, 0x97, 0xB1, 0x89, 0x29, 0xC0, 0x3B, 0x25, 0x71, 0x8C,
    0xE1, 0xC8, 0x23, 0x91, 0xC5, 0x38, 0x32, 0xD5, 0x92, 0xF9, 0xC1, 0xC2, 0xBD, 0xD2, 0xA7, 0xC4,
    0x8F, 0x43, 0x1F, 0xF8, 0xC9, 0x93, 0x7E, 0x3B, 0x02, 0x3A, 0x79, 0x85, 0x4F, 0x86, 0x1F, 0x9F,
    0x3E, 0x50, 0xFB, 0x28, 0x5D, 0x20, 0x19, 0xF0, 0xFE, 0x06, 0x88, 0x0F, 0x61, 0x70, 0x7A, 0x71,
    0xA1, 0xA1, 0x96, 0x15, 0xC4, 0x0E, 0x62, 0x67, 0x97, 0xD9, 0x41, 0x00, 0x8C, 0xA4, 0xD8, 0x39,
    0xEF, 0x62, 0xA8, 0xF6, 0x44, 0xED, 0xFD, 0x93, 0xDE, 0x52, 0xEB, 0x27, 0x37, 0xCB, 0x20, 0x1B,
    0x16, 0x57, 0x82, 0x7A, 0xD1, 0xBD, 0x1B, 0xEA, 0x33, 0x08, 0x94, 0x7F, 0x1A, 0x99, 0x9E, 0x0F,
    0xAF, 0x49, 0xD2, 0x08, 0x3E, 0xCB, 0xD1, 0x5E, 0x6D, 0x41, 0x12, 0x17, 0xC9, 0x5D, 0xED, 0x8F,
    0xD2, 0x5E, 0x0D, 0x09, 0x68, 0x8F, 0x7B, 0x22, 0xC5, 0xE8, 0xE5, 0xDB, 0x6B, 0x43, 0xB8, 0x74,
    0x78, 0xBD, 0x14, 0xF0, 0x2D, 0xF7, 0x52, 0x94, 0x96, 0xBD, 0x18, 0xEF, 0x7A, 0x34, 0xD8, 0xAF,
    0xE5, 0x1D, 0xF3, 0x7E, 0x79, 0x4D, 0xD8, 0x45, 0x85, 0xAA, 0x96, 0xF0, 0x34, 0x91, 0x59, 0x06,
    0x94, 0xBB, 0xD6, 0xD7, 0x5E, 0x0B, 0x4E, 0xD0, 0xA8, 0x3B, 0x0C, 0xD2, 0x07, 0xCA, 0x14, 0x8B,
    0xF5, 0x52, 0x40, 0xFD, 0x53, 0x48, 0xF1, 0x21, 0xE1, 0xF6, 0xBA, 0xCB, 0xF4, 0xD2, 0x15, 0xFA,
    0x39, 0x90, 0x4F, 0x26, 0xB2, 0x2A, 0xE4, 0xEC, 0x75, 0xBC, 0xE1, 0xAA, 0x30, 0x1C, 0x11, 0x40,
    0x1B, 0x93, 0x59, 0x31, 0x79, 0xF9, 0x96, 0x01, 0x24, 0xAD, 0x74, 0x3B, 0x20, 0xE6, 0xA2, 0x6A,
    0xBC, 0x78, 0x83, 0x2F, 0xFA, 0x8A, 0x08, 0x64, 0x30, 0x40, 0xF6, 0x74, 0x3A, 0x48, 0x27, 0x02,
    0xCC, 0x47, 0x32, 0x6D, 0x44, 0x97, 0xEF, 0x33, 0x20, 0x93, 0xA4, 0xE8, 0xA1, 0x60, 0xE0, 0x16,
    0xAC, 0xC5, 0xB9, 0xF9, 0x7D, 0xC8, 0xE6, 0x53, 0x24, 0xFB, 0xEA, 0x48, 0x51, 0x2A, 0xB3, 0xB2,
    0x8E, 0xE9, 0xC5, 0x00, 0xE9, 0x10, 0x95, 0x3A, 0x17, 0x48, 0x3C, 0x9A, 0x35, 0xBD, 0xBD, 0xAD,
    0x05, 0xBF, 0x41, 0x71, 0xD5, 0x48, 0x72, 0x96, 0xFC, 0x80, 0x8C, 0xFA, 0xCA, 0x6A, 0x9B, 0xC8,
    0x02, 0x04, 0x15, 0xDA, 0x8B, 0xDA, 0x56, 0xBA, 0xC7, 0x8B, 0x65, 0x90, 0x26, 0x7E, 0x7A, 0x37,
    0x08, 0x9B, 0x03, 0x00, 0x04, 0x28, 0xAB, 0xB1, 0xB0, 0x69, 0x87, 0xCC, 0x54, 0x0C, 0x02, 0x38,
    0x0E, 0xC4, 0x96, 0x90, 0x9A, 0x6F, 0xF4, 0xCD, 0xFB, 0x55, 0xE8, 0x8B, 0x04, 0x09, 0x07, 0x88,
    0x2F, 0x9D, 0x9C, 0xDE, 0x66, 0x3A, 0xE6, 0x3A, 0xE3, 0x0C, 0x62, 0xA7, 0xF9, 0x3A, 0xE9, 0xA6,
    0x2F, 0x63, 0x95, 0x8C, 0x30, 0xBC, 0x11, 0xE6, 0xC8, 0x65, 0xD0, 0x78, 0x6D, 0xEC, 0x58, 0x37,
    0xC7, 0x5E, 0x47, 0x11, 0x6E, 0x1C, 0x86, 0x48, 0xBC, 0x7B, 0x1C, 0x72, 0xC3, 0x43, 0x4B, 0xD7,
    0x78, 0xFB, 0x49, 0x8C, 0x63, 0x65, 0xD2, 0x2B, 0x7A, 0x53, 0xF7, 0xB2, 0xE9, 0xC0, 0x05, 0x4C,
    0x23, 0x00, 0xCE, 0xFD, 0x00, 0xE5, 0x53, 0x97, 0xDE, 0xEB, 0xCA, 0xF6, 0x63, 0x15, 0xA4, 0xB9,
    0x85, 0x69, 0x08, 0xFA, 0x94, 0x5B, 0x91, 0xD4, 0x51, 0x0A, 0xAF, 0x15, 0xC8, 0x8B, 0x09, 0x5A,
    0xFB, 0x11, 0x43, 0x22, 0x4C, 0xC3, 0x88, 0x59, 0x6B, 0xFF, 0x8E, 0xC9, 0x6E, 0xC3, 0x39, 0x15,
    0x4F, 0x5C, 0x9F, 0xB1, 0xD4, 0x67, 0xA1, 0x1A, 0xBB, 0x69, 0xCD, 0x41, 0x4B, 0x9A, 0x82, 0x51,
    0x22, 0xA6, 0x98, 0x17, 0x48, 0xCE, 0x2F, 0x09, 0x77, 0x06, 0x84, 0xA2, 0x89, 0x75, 0x5D, 0x9C,
    0xFA, 0x27, 0x2C, 0xBB, 0x39, 0x2C, 0xAE, 0x25, 0xAC, 0x63, 0xB0, 0xAA, 0x90, 0x10, 0x76, 0x5B,
    0xFC, 0xC5, 0x65, 0xFB, 0xBF, 0xAB, 0xE4, 0x29, 0x96, 0x9C, 0xD0, 0x29, 0x00, 0x72, 0x8D, 0x01,
    0x83, 0x0F, 0x1B, 0x07, 0xED, 0x14, 0xA8, 0x8B, 0x56, 0x74, 0xB2, 0x18, 0x19, 0x81, 0xDE, 0x50,
    0xCF, 0x03, 0xF5, 0x68, 0xD2, 0x09, 0xE4, 0x9A, 0x2F, 0x1E, 0x94, 0x31, 0xCB, 0x35, 0x82, 0xE4,
    0x9A, 0x16, 0xCB, 0x35, 0x19, 0xC9, 0x35, 0x93, 0x8B, 0xC8, 0xA7, 0x3C, 0x28, 0x2C, 0x1E, 0xA2,
    0x76, 0xD9, 0xFD, 0x4D, 0x0B, 0xFC, 0x57, 0x7B, 0x04, 0x7A, 0x32, 0x08, 0x69, 0x47, 0x6A, 0x96,
    0xFB, 0xB2, 0xA4, 0x3D, 0xF7, 0x81, 0x53, 0xC4, 0x78, 0xFD, 0x7E, 0x7E, 0x76, 0x73, 0xDE, 0x55,
    0x6E, 0xD2, 0xEE, 0x42, 0x05, 0x29, 0x3B, 0xB7, 0xCC, 0xB6, 0x6C, 0x75, 0x0C, 0x4C, 0x4D, 0x47,
    0xD6, 0xC3, 0xD6, 0x6C, 0x1A, 0x9D, 0xE7, 0x50, 0x0E, 0x6C, 0x77, 0x99, 0x84, 0x1D, 0x92, 0xDD,
    0x04, 0x6B, 0x53, 0x92, 0x45, 0x3A, 0xB7, 0xF3, 0x45, 0x0A, 0xA7, 0xEB, 0x4B, 0x6C, 0xEC, 0xE8,
    0x6C, 0xFA, 0xFD, 0xFF, 0xD2, 0x45, 0x1F, 0x1C, 0xD9, 0xA5, 0xA7, 0x44, 0xDC, 0x4F, 0x4A, 0xE3,
    0xB9, 0xD4, 0x81, 0xCE, 0x93, 0x46, 0xE7, 0x4B, 0x52, 0x9A, 0xF5, 0x17, 0x5B, 0xA6, 0x96, 0xB6,
    0xDB, 0x1B, 0x50, 0x53, 0x47, 0xA9, 0x94, 0x9D, 0x2D, 0xED, 0x86, 0x2D, 0x9C, 0x07, 0xF5, 0x86,
    0x0E, 0x68, 0x6C, 0x3B, 0xEB, 0x27, 0x27, 0x98, 0xB3, 0x4D, 0x58, 0x21, 0xA6, 0x06, 0xE6, 0x7D,
    0x61, 0x95, 0xF6, 0xB6, 0x6F, 0x5A, 0x7B, 0xA7, 0xF6, 0xDD, 0xB9, 0xCB, 0x4C, 0xBD, 0x7D, 0x77,
    0x06, 0x7B, 0xE5, 0x25, 0x79, 0xE7, 0x4F, 0xAD, 0x5F, 0x87, 0x87, 0x37, 0x2A, 0xDE, 0x3C, 0x2E,
    0x9E, 0xEA, 0x00, 0x0E, 0xC7, 0x2D, 0x80, 0x92, 0x36, 0xDC, 0xD9, 0x68, 0x64, 0xF8, 0x2E, 0xF1,
    0x69, 0x23, 0xEB, 0xC7, 0xB3, 0xD8, 0x99, 0x05, 0xC7, 0xB6, 0x43, 0x25, 0x9F, 0xCA, 0x86, 0x4F,
    0x7D, 0xFB, 0x9F, 0x6E, 0xBB, 0xF3, 0xBE, 0xAC, 0xFF, 0xD4, 0x33, 0x0F, 0x6F, 0x19, 0xDF, 0x95,
    0x45, 0xA7, 0x48, 0x43, 0xC8, 0xE6, 0xC4, 0x23, 0x7F, 0xF2, 0xF9, 0xCF, 0x87, 0xA1, 0x6E, 0xFF,
    0xB9, 0x9E, 0xF3, 0x56, 0x75, 0xBE, 0x83, 0x70, 0xF9, 0x8E, 0xBD, 0x0F, 0x0A, 0x31, 0x2B, 0xAC,
    0xBF, 0x10, 0x22, 0x37, 0x8F, 0x9D, 0x80, 0xD4, 0xA3, 0xF4, 0x5B, 0x2F, 0x9F, 0xB0, 0x8A, 0xE2,
    0x5F, 0x5F, 0x3E, 0xEE, 0xEC, 0x2E, 0xA2, 0xD7, 0x8E, 0x7B, 0xDB, 0x8A, 0x4D, 0x72, 0x9F, 0x6C,
    0xCE, 0x89, 0x0D, 0xC6, 0xE4, 0xE4, 0xA4, 0xB8, 0x8D, 0x1B, 0x6C, 0x50, 0x65, 0xAC, 0xA7, 0x54,
    0x06, 0xB6, 0xF5, 0xAC, 0x4D, 0xCE, 0x8A, 0xF5, 0x86, 0x05, 0x8A, 0x6D, 0x96, 0x8B, 0xF5, 0x8E,
    0x33, 0x36, 0xF6, 0x54, 0x3E, 0xF7, 0x94, 0xEB, 0x3D, 0x7C, 0x68, 0xF7, 0xBF, 0x17, 0xC5, 0x9C,
    0x6A, 0xD2, 0x6C, 0xEE, 0xAE, 0xC9, 0xC7, 0x47, 0xB6, 0xF7, 0xF7, 0x8B, 0x3D, 0x47, 0x36, 0x30,
    0x6D, 0xDF, 0x9C, 0x7F, 0x6A, 0xFB, 0xF3, 0x98, 0xB9, 0xFF, 0xAB, 0x68, 0xE2, 0xF9, 0xD6, 0xF3,
    0x62, 0x8C, 0x46, 0xF4, 0x57, 0xC4, 0xCE, 0x23, 0x9B, 0x8B, 0x23, 0x72, 0x36, 0x29, 0x91, 0x73,
    0xFF, 0x19, 0x21, 0xF4, 0xAD, 0x5F, 0x19, 0xBC, 0xF7, 0xDC, 0xA4, 0x2F, 0x9B, 0x77, 0x01, 0x7D,
    0x30, 0x42, 0xBC, 0xB2, 0x53, 0xDC, 0x5B, 0x0E, 0x76, 0xAE, 0x08, 0x56, 0xBB, 0x84, 0x62, 0x1B,
    0xE4, 0x2E, 0x01, 0x75, 0x9F, 0xA9, 0x98, 0x1A, 0x9B, 0x9D, 0x73, 0xC8, 0xE7, 0x84, 0x07, 0x2B,
    0x7E, 0x6F, 0x12, 0x32, 0x08, 0x1C, 0xAE, 0x3F, 0x44, 0x1B, 0x8B, 0xE4, 0x91, 0x6A, 0x4A, 0xA5,
    0xFB, 0x4F, 0xB1, 0x42, 0x82, 0x43, 0xF6, 0xB9, 0x45, 0x95, 0x4A, 0x33, 0xE5, 0x7E, 0x30, 0x4F,
    0xAA, 0xFE, 0xF8, 0x40, 0x69, 0x8F, 0x89, 0xD2, 0x17, 0x03, 0xDD, 0x1D, 0x9A, 0x89, 0x6A, 0x24,
    0xD5, 0x58, 0xAC, 0xCE, 0xEA, 0xE7, 0xA6, 0xC6, 0x76, 0xA5, 0xCF, 0x6B, 0xBD, 0xDE, 0xBC, 0x70,
    0x63, 0xEB, 0x59, 0xC3, 0xAD, 0xEB, 0x13, 0xA9, 0xFA, 0x45, 0xAA, 0x13, 0xB6, 0x74, 0x34, 0x4B,
    0xD2, 0x2B, 0x41, 0xAB, 0x24, 0x9D, 0x72, 0x05, 0x4C, 0xCE, 0x4E, 0x06, 0xCC, 0xD6, 0x45, 0x06,
    0x0C, 0x49, 0x12, 0xE3, 0xD7, 0x6B, 0x32, 0x39, 0xCF, 0x67, 0x69, 0x1E, 0x30, 0x75, 0xAF, 0x08,
    0x9E, 0xCD, 0x31, 0x05, 0xA0, 0xDD, 0xC2, 0x7F, 0x28, 0x5B, 0x45, 0x96, 0xA6, 0x6D, 0xF8, 0xBE,
    0x46, 0x18, 0x85, 0x40, 0x5A, 0xA8, 0x9F, 0xE5, 0x07, 0xAD, 0x73, 0x4C, 0xD3, 0xAC, 0x0F, 0x5B,
    0x0A, 0x51, 0x4A, 0x71, 0xC5, 0x6D, 0x6A, 0x56, 0x21, 0x50, 0xA9, 0xE8, 0x68, 0x6D, 0x25, 0xE0,
    0xE2, 0x4E, 0x4A, 0x55, 0x1C, 0xA8, 0xEA, 0xB3, 0x78, 0x8E, 0x62, 0xE2, 0x6F, 0xBF, 0x00, 0x25,
    0x3F, 0xA5, 0x2E, 0xA2, 0xB3, 0xAF, 0xCE, 0x2E, 0x9E, 0xA1, 0xC9, 0x8C, 0x1F, 0x28, 0x74, 0x32,
    0x08, 0x9D, 0x76, 0x1C, 0x48, 0x34, 0x3A, 0x55, 0x0A, 0x9D, 0x9A, 0x8C, 0x4E, 0xC4, 0x4B, 0x01,
    0x9D, 0xC2, 0x25, 0x22, 0x52, 0x10, 0x77, 0x23, 0x92, 0x67, 0xE3, 0x57, 0xEC, 0x15, 0x4C, 0xC9,
    0x30, 0xF6, 0x50, 0xB6, 0x68, 0x3D, 0xED, 0x36, 0x73, 0x1B, 0x72, 0x42, 0x10, 0xB3, 0xC0, 0xBE,
    0x01, 0xF0, 0x9C, 0xA6, 0x0B, 0xBD, 0x61, 0xB5, 0xBC, 0x02, 0x53, 0xB4, 0x49, 0xFC, 0xB0, 0x15,
    0xA0, 0xA9, 0x14, 0x52, 0xC1, 0x69, 0x44, 0xA9, 0xF1, 0x58, 0x13, 0x6B, 0xE6, 0x96, 0x58, 0xAF,
    0xA4, 0xF0, 0xE4, 0xBB, 0xDA, 0x24, 0x81, 0xC1, 0x14, 0x8A, 0x71, 0x43, 0x13, 0x19, 0xDD, 0x62,
    0x48, 0x5F, 0x57, 0x25, 0xB8, 0x0A, 0x3C, 0x12, 0xB6, 0x88, 0x25, 0x3B, 0xBE, 0x17, 0xBA, 0xBC,
    0xAF, 0xEA, 0x04, 0x5F, 0x31, 0xC7, 0x37, 0x4A, 0x11, 0xC8, 0x28, 0xF1, 0xBC, 0xF1, 0xF7, 0xA0,
    0x32, 0x20, 0x2C, 0x24, 0xD0, 0x25, 0x0D, 0x7F, 0x7E, 0x6B, 0x5F, 0x6F, 0x90, 0x89, 0x3A, 0x08,
    0xC3, 0xD4, 0xB1, 0x20, 0xC8, 0xA4, 0xAF, 0x43, 0x20, 0x51, 0xF7, 0x9B, 0xCA, 0x4D, 0x04, 0xBB,
    0x05, 0xA4, 0x11, 0x9D, 0x08, 0xA8, 0x6E, 0x95, 0x40, 0x18, 0x64, 0xB6, 0xD5, 0xBC, 0xB0, 0x3A,
    0x4E, 0x84, 0xAE, 0xCD, 0x79, 0x87, 0x02, 0x4B, 0x3E, 0x68, 0xD5, 0xA9, 0x19, 0xEF, 0xAF, 0x9D,
    0x1D, 0x01, 0x39, 0x3B, 0xA2, 0xD8, 0xA3, 0x14, 0xAD, 0xF0, 0xFE, 0x6A, 0x3A, 0x3B, 0x96, 0x04,
    0x27, 0xE2, 0x30, 0x99, 0x26, 0x9D, 0xA6, 0xD6, 0xB8, 0x28, 0xB1, 0x74, 0xB2, 0xC1, 0x6A, 0xB1,
    0x70, 0xE5, 0x22, 0xEE, 0x07, 0x94, 0x5C, 0x92, 0x4D, 0xE5, 0xC1, 0x86, 0xD6, 0x17, 0xD1, 0x25,
    0x34, 0x4B, 0x22, 0x83, 0x77, 0x65, 0x15, 0x14, 0xA0, 0x97, 0x7A, 0x19, 0x28, 0xA9, 0xEB, 0xBA,
    0xCA, 0x0F, 0x50, 0x75, 0x6B, 0x21, 0xAC, 0xF8, 0x9A, 0xD0, 0x2D, 0x92, 0x14, 0x4D, 0x80, 0xE4,
    0xBC, 0xB8, 0x98, 0xD4, 0x8E, 0x0B, 0xB8, 0x9F, 0xAE, 0xDB, 0x01, 0x6F, 0x8E, 0x41, 0x66, 0x7E,
    0x5A, 0x86, 0xEB, 0x80, 0x49, 0xDD, 0x9E, 0x54, 0xC4, 0x25, 0x02, 0x74, 0x76, 0xC2, 0x40, 0x19,
    0x25, 0x1C, 0x7D, 0x02, 0x91, 0x14, 0x07, 0xB6, 0x8B, 0x03, 0x32, 0x40, 0x2A, 0x16, 0x80, 0xE2,
    0x0F, 0x00, 0x49, 0x22, 0x62, 0x2A, 0xF1, 0xCF, 0xB7, 0xF9, 0x91, 0x4F, 0xA1, 0x85, 0x3E, 0xD0,
    0x49, 0xE1, 0xB5, 0xB7, 0x27, 0x0B, 0x0C, 0xDE, 0xCE, 0xCF, 0x4A, 0xD5, 0x3A, 0x94, 0xD8, 0x2F,
    0x15, 0xE2, 0x5E, 0x65, 0xBD, 0xF1, 0x73, 0xFC, 0x78, 0xF8, 0xC9, 0x36, 0x29, 0x4A, 0x1A, 0xB3,
    0xBA, 0x8E, 0x66, 0x7A, 0xC4, 0x78, 0x47, 0xF9, 0x6D, 0xA9, 0x6F, 0x51, 0x36, 0x26, 0x04, 0x4F,
    0x87, 0x09, 0x43, 0x65, 0x0C, 0xFD, 0x13, 0x22, 0x51, 0xDC, 0xDC, 0x25, 0x51, 0x63, 0x88, 0x92,
    0xF3, 0x1A, 0x68, 0xF1, 0xBF, 0x2A, 0x84, 0x7D, 0x2C, 0x67, 0xA7, 0xD3, 0x51, 0x75, 0x8C, 0x77,
    0x1E, 0x3B, 0x5A, 0x13, 0x4D, 0x5F, 0xD6, 0x64, 0x5E, 0x2A, 0x0A, 0xFE, 0x35, 0x12, 0x5F, 0x95,
    0xBA, 0xEC, 0xC9, 0x3F, 0x90, 0x4A, 0x28, 0x80, 0x21, 0x2E, 0x43, 0x52, 0x9C, 0x0D, 0x20, 0x86,
    0x68, 0x80, 0x05, 0xD0, 0x2C, 0x59, 0x93, 0x8A, 0x37, 0x5A, 0xE8, 0xF2, 0x61, 0xBB, 0x72, 0xFB,
    0xA0, 0xAC, 0x44, 0x6D, 0x6C, 0x6E, 0x76, 0xB2, 0x19, 0x67, 0xA1, 0x7F, 0x2E, 0x90, 0xA5, 0x1B,
    0xE4, 0x13, 0xF2, 0x1B, 0x03, 0x1A, 0x2A, 0x83, 0x33, 0x80, 0xF4, 0x5C, 0xD2, 0x12, 0x83, 0x83,
    0xCA, 0xE4, 0x5C, 0x8A, 0xD6, 0x4C, 0x6D, 0x73, 0x6E, 0xB5, 0x6B, 0xA3, 0xF3, 0x11, 0x72, 0xAE,
    0x11, 0x85, 0x31, 0x3B, 0x3C, 0xC0, 0x4D, 0x3B, 0xD9, 0x0E, 0x3D, 0xB7, 0xE3, 0x1E, 0x55, 0x4D,
    0xEB, 0x6A, 0x4A, 0x59, 0xD3, 0xDA, 0x9A, 0x52, 0xD7, 0x50, 0x5F, 0xBB, 0x8B, 0x99, 0xD9, 0xD3,
    0x92, 0x35, 0x36, 0xAF, 0x62, 0x95, 0xCD, 0xCB, 0x58, 0xBE, 0xFF, 0x8E, 0xD0, 0x4A, 0x9B, 0xD6,
    0xDA, 0xB4, 0xDA, 0xA6, 0xF5, 0x36, 0xAD, 0xB8, 0x09, 0xA5, 0xB9, 0x09, 0xA5, 0xBA, 0x09, 0xA5,
    0xBB, 0x29, 0xAE, 0x26, 0x6A, 0xED, 0xAD, 0x56, 0xDF, 0xB4, 0xFE, 0xF6, 0x04, 0xB1, 0xD7, 0x1C,
    0xA1, 0x2B, 0x95, 0x83, 0x33, 0xB8, 0x04, 0x35, 0x8F, 0x5E, 0x92, 0x28, 0x7C, 0x61, 0x12, 0x63,
    0x02, 0xA3, 0x05, 0x47, 0x2B, 0x6A, 0x85, 0x90, 0xA8, 0xCE, 0x23, 0x65, 0xEA, 0xCA, 0x49, 0x12,
    0x76, 0x64, 0x42, 0x0C, 0x40, 0x72, 0x8E, 0x40, 0x05, 0x46, 0x81, 0xC5, 0xB8, 0xA0, 0x40, 0xF4,
    0xAB, 0xC0, 0x24, 0x26, 0xBB, 0x9D, 0x80, 0xA5, 0xE5, 0x0E, 0x16, 0x42, 0x18, 0x22, 0x7A, 0x41,
    0x85, 0x15, 0xAD, 0x54, 0x45, 0xFD, 0x52, 0x1B, 0x0B, 0xD8, 0xC2, 0x59, 0x18, 0xFB, 0xA1, 0x71,
    0xA3, 0x02, 0x71, 0xB3, 0x40, 0x35, 0xB2, 0x44, 0x84, 0x9A, 0xE4, 0x40, 0x04, 0xD2, 0xA4, 0x3D,
    0x72, 0xBF, 0x9D, 0xDC, 0x0B, 0xC9, 0xB1, 0x37, 0x62, 0x11, 0xED, 0x7D, 0x05, 0xC3, 0x4F, 0xC6,
    0xB0, 0x91, 0xA6, 0x79, 0xDC, 0x70, 0x4F, 0x04, 0xF0, 0xF6, 0x9D, 0xC0, 0x83, 0x93, 0x02, 0xF5,
    0xC4, 0xD2, 0x20, 0xFC, 0xF4, 0xBB, 0xE2, 0x05, 0xC8, 0x12, 0xD7, 0xEB, 0xA7, 0x58, 0x43, 0xEE,
    0x8A, 0x2B, 0xA9, 0xF5, 0x4E, 0xD9, 0xAD, 0xBA, 0x9B, 0xD9, 0xDA, 0x17, 0x64, 0xB4, 0xDE, 0x12,
    0xA9, 0x81, 0xFB, 0x5B, 0xEA, 0xBC, 0x39, 0x9B, 0xA7, 0xA7, 0x88, 0x42, 0x21, 0x6B, 0xDE, 0xF1,
    0x2E, 0xDE, 0x04, 0xFA, 0xCA, 0xCD, 0x5B, 0x3F, 0x65, 0x43, 0xB5, 0xCE, 0x2A, 0x63, 0xD0, 0x07,
    0xCA, 0x1A, 0xF4, 0x8E, 0xE2, 0x72, 0xB7, 0xF4, 0xD4, 0x5F, 0x9F, 0xB5, 0x8D, 0xF6, 0xD3, 0xAA,
    0x3E, 0xBF, 0x1B, 0x2B, 0xCE, 0x34, 0xAE, 0x28, 0xB1, 0x3A, 0xFF, 0xE2, 0x88, 0x72, 0x25, 0x2A,
    0x53, 0xCA, 0x13, 0x93, 0xAB, 0x5A, 0xDF, 0x59, 0xE5, 0xB4, 0xFE, 0x2E, 0xF4, 0x24, 0x90, 0xBB,
    0x2D, 0x4E, 0x28, 0x46, 0xEC, 0x10, 0x48, 0x5F, 0x08, 0x3F, 0x86, 0x91, 0x73, 0x7A, 0x91, 0x26,
    0x59, 0x26, 0x92, 0x77, 0x6B, 0x57, 0x3B, 0xDD, 0x32, 0x58, 0xBB, 0xCA, 0x8D, 0x6C, 0x8E, 0xF4,
    0xFD, 0x39, 0x14, 0x48, 0x4F, 0x82, 0xD0, 0x03, 0x7A, 0x65, 0x8E, 0xB4, 0x70, 0x34, 0x5C, 0xF5,
    0xA8, 0x96, 0xA5, 0x09, 0xA4, 0x6B, 0x52, 0x05, 0xBC, 0x01, 0x54, 0x6E, 0xF5, 0xA3, 0xD1, 0xCD,
    0x94, 0x47, 0xA1, 0xF9, 0x8E, 0x22, 0x17, 0xE7, 0xD3, 0x1E, 0x65, 0xB7, 0x87, 0xFA, 0x88, 0x9B,
    0x9C, 0x9A, 0x68, 0x23, 0xF1, 0x4B, 0x5C, 0x5F, 0xEB, 0x35, 0xAE, 0xAF, 0xA1, 0xEB, 0xAD, 0x4D,
    0xC7, 0xFA, 0x77, 0xF7, 0x5C, 0xD9, 0x76, 0x61, 0x65, 0x87, 0x18, 0x53, 0xCF, 0x2A, 0x8C, 0xFD,
    0x80, 0xCF, 0xF6, 0xC9, 0xE6, 0x8D, 0x6D, 0xAF, 0x7C, 0x17, 0x9F, 0x4B, 0xD5, 0x2E, 0x33, 0x79,
    0x8F, 0xD1, 0x46, 0xF5, 0xEF, 0xA3, 0x3D, 0x31, 0x36, 0x1F, 0xAA, 0xEB, 0xDA, 0x98, 0xDD, 0x54,
    0xF8, 0x71, 0x51, 0x07, 0x6C, 0xA4, 0xBD, 0x41, 0xD6, 0xAB, 0x5E, 0x3F, 0x0B, 0x27, 0x18, 0xD0,
    0xFC, 0x02, 0x83, 0x42, 0x08, 0x65, 0x3D, 0x71, 0xE0, 0xEE, 0x79, 0x71, 0xA3, 0xD7, 0x17, 0x08,
    0x85, 0x94, 0x6E, 0xE3, 0x56, 0x00, 0x7D, 0xE2, 0x08, 0xB0, 0xDC, 0x6D, 0xBB, 0x60, 0x44, 0x80,
    0x5E, 0x95, 0xC4, 0x36, 0x8C, 0xEE, 0xD8, 0x08, 0x95, 0x11, 0x6F, 0xC9, 0x81, 0x50, 0x68, 0x8F,
    0xB6, 0x39, 0xA8, 0xED, 0x61, 0xC6, 0x90, 0x9F, 0x73, 0x65, 0x18, 0x5F, 0x0C, 0x85, 0x2E, 0xFB,
    0xD7, 0xB4, 0x23, 0x88, 0x26, 0xA5, 0x90, 0x2C, 0xB8, 0x6E, 0x18, 0x8B, 0x9B, 0xD6, 0x6E, 0x37,
    0xBB, 0xA8, 0x75, 0x75, 0x8A, 0x25, 0xCA, 0x17, 0x4A, 0x96, 0xCB, 0x28, 0x9A, 0xE7, 0x75, 0x3C,
    0x6F, 0x3C, 0x3F, 0x9E, 0xB7, 0xB6, 0xAB, 0x5E, 0x5D, 0x34, 0x1F, 0xEC, 0x44, 0x5A, 0xA9, 0x28,
    0x2B, 0xCA, 0xF7, 0xFF, 0x06, 0xC2, 0xEA, 0x9D, 0x20, 0xA0, 0x28, 0x75, 0x1F, 0x4A, 0xD7, 0x86,
    0x35, 0x8F, 0x20, 0xFE, 0x69, 0x3D, 0x99, 0x01, 0x73, 0x26, 0x3A, 0x16, 0xDC, 0xE3, 0x18, 0x37,
    0xFD, 0x36, 0xEA, 0xFA, 0xAF, 0x64, 0x6B, 0xCF, 0x88, 0x7D, 0x7D, 0xC3, 0xD0, 0x06, 0xC0, 0x0B,
    0x28, 0x37, 0x20, 0x08, 0x52, 0x1B, 0x0B, 0xBF, 0x6D, 0x27, 0x80, 0xB1, 0x65, 0x4E, 0x0F, 0x43,
    0x2B, 0x85, 0x61, 0x08, 0xB9, 0x25, 0x0E, 0x43, 0x0A, 0x3D, 0xD7, 0xE9, 0x19, 0xF2, 0xF5, 0x93,
    0xDD, 0x83, 0x62, 0xD0, 0x39, 0x08, 0x5D, 0x4D, 0x04, 0xE8, 0x5F, 0xA8, 0x24, 0x2D, 0x79, 0x92,
    0x10, 0x4B, 0x57, 0xC6, 0xE5, 0x27, 0x06, 0xAD, 0xBC, 0xAD, 0xB4, 0x83, 0xA9, 0x8C, 0x15, 0x6C,
    0x70, 0xD0, 0x8C, 0xAD, 0xA1, 0xD8, 0xC0, 0xFF, 0x2A, 0x8A, 0xC1, 0xDF, 0x14, 0xEC, 0xB9, 0x22,
    0x26, 0x64, 0xD9, 0xCE, 0x89, 0x08, 0xB9, 0xE1, 0x9A, 0x21, 0x42, 0x21, 0xFA, 0x39, 0x1A, 0xB3,
    0xC3, 0xE3, 0x62, 0x3C, 0x08, 0x77, 0x3B, 0xD9, 0xB4, 0x95, 0x81, 0x68, 0xAC, 0xA2, 0x83, 0xE1,
    0x2E, 0x34, 0x64, 0x23, 0xDE, 0x7A, 0x48, 0xEC, 0xDA, 0x23, 0xE6, 0xBC, 0xF4, 0xB0, 0x9D, 0x46,
    0x20, 0x35, 0xD2, 0x5D, 0x50, 0x94, 0x1D, 0xF4, 0x9E, 0x88, 0xF1, 0x49, 0x31, 0xB3, 0x63, 0x36,
    0x90, 0x79, 0xFF, 0x0B, 0xE1, 0x2E, 0x91, 0x1F, 0x36, 0x8A, 0x41, 0x56, 0x7F, 0x51, 0xA3, 0xAE,
    0x44, 0x63, 0xCB, 0xE0, 0xE1, 0xD1, 0x40, 0x56, 0x91, 0x2C, 0x0F, 0xF1, 0xC0, 0x1B, 0xC6, 0x10,
    0xEC, 0x2D, 0xC3, 0x62, 0x3D, 0xD6, 0x16, 0xBD, 0x27, 0xEE, 0x03, 0x71, 0x34, 0x15, 0x26, 0x6D,
    0xC6, 0x2D, 0xAF, 0x08, 0x5A, 0x49, 0x85, 0x9F, 0xA0, 0x85, 0xD6, 0xE1, 0x81, 0xD0, 0x2F, 0x23,
    0xBA, 0x12, 0xB5, 0x82, 0xE6, 0xC0, 0xAC, 0x21, 0xDC, 0x7C, 0xB4, 0x1C, 0x1B, 0x1B, 0x1F, 0xF3,
    0x4B, 0x27, 0x5B, 0xB7, 0x5F, 0x0C, 0xDF, 0x2A, 0x26, 0x4D, 0x11, 0xD3, 0x3E, 0x69, 0x89, 0xDF,
    0xBE, 0x55, 0xAC, 0x23, 0x67, 0x23, 0xDC, 0xFA, 0xE4, 0x83, 0xE2, 0xB1, 0xB3, 0xE2, 0xD9, 0x8B,
    0xB8, 0x3F, 0xF6, 0x81, 0xF8, 0x9D, 0x07, 0xD5, 0xAD, 0x01, 0xE1, 0xA7, 0xF7, 0xE7, 0x8D, 0xDC,
    0xCF, 0xED, 0x34, 0x08, 0x15, 0xFF, 0xF5, 0x5E, 0x8D, 0x9D, 0xFB, 0x26, 0xDE, 0x49, 0x9D, 0xB1,
    0x2D, 0xAF, 0xBE, 0xE2, 0x8C, 0xB9, 0xF2, 0xD8, 0x33, 0x63, 0x13, 0x47, 0x2D, 0x39, 0xB6, 0xCB,
    0xB0, 0xAB, 0xB1, 0x6F, 0xFE, 0xA9, 0x8F, 0xC3, 0x78, 0x6C, 0x1E, 0x3A, 0x00, 0xE7, 0xBF, 0x3B,
    0xCA, 0xB7, 0x4E, 0xBC, 0x9F, 0xEF, 0xF2, 0x65, 0xB6, 0xAB, 0xD1, 0x16, 0x7B, 0x5A, 0x3C, 0xD8,
    0x31, 0xBC, 0xC2, 0x05, 0x49, 0x69, 0x34, 0xF6, 0xD2, 0x09, 0x50, 0xB3, 0x1A, 0x73, 0x9E, 0x92,
    0x02, 0x0E, 0x60, 0x20, 0x1C, 0xC6, 0xCA, 0x9C, 0x11, 0x63, 0x67, 0xC4, 0x78, 0x22, 0x1A, 0x07,
    0x49, 0x33, 0x09, 0x31, 0xDA, 0x14, 0xA3, 0x7F, 0x3E, 0x27, 0x06, 0xB7, 0x88, 0x71, 0x17, 0xF7,
    0x89, 0x51, 0x8C, 0x48, 0x1F, 0xF8, 0x7B, 0xE8, 0x37, 0x44, 0x28, 0x3F, 0x54, 0x41, 0xA9, 0x4B,
    0x79, 0x4C, 0x39, 0x9A, 0x52, 0x40, 0xAE, 0x5B, 0xEE, 0xF9, 0x87, 0xBF, 0xBB, 0xFF, 0x53, 0xE3,
    0x5F, 0x78, 0xB3, 0x4F, 0x8C, 0x9F, 0x7A, 0x33, 0x5A, 0x3F, 0xFE, 0xC1, 0x9B, 0x2F, 0x26, 0x47,
    0x2F, 0xBD, 0xF5, 0x23, 0x40, 0x86, 0xEF, 0x89, 0x70, 0x7B, 0x9F, 0x16, 0x41, 0x3E, 0x89, 0x60,
    0x3B, 0xBB, 0x86, 0x5D, 0xF8, 0xFE, 0xD0, 0xAE, 0x86, 0x13, 0xEC, 0xFD, 0xC3, 0xE3, 0xBB, 0x5E,
    0xB4, 0x1F, 0x3B, 0xF5, 0xCF, 0x6F, 0xEC, 0x4A, 0xC8, 0x95, 0xB5, 0x6B, 0xE4, 0x9B, 0xCD, 0x3D,
    0xEF, 0x7D, 0xFD, 0x3E, 0xF6, 0x68, 0xF7, 0x1A, 0x3C, 0x10, 0xCB, 0xBF, 0xF0, 0xA6, 0x30, 0x67,
    0xC5, 0xE4, 0x27, 0xDE, 0x9A, 0x74, 0x0A, 0xBB, 0x69, 0xBD, 0x35, 0xE7, 0xFE, 0xE8, 0xE7, 0xD3,
    0x67, 0xDF, 0xFA, 0xF1, 0xE3, 0x97, 0x2A, 0x28, 0x92, 0x5E, 0x82, 0x85, 0x76, 0x4F, 0x2D, 0x25,
    0x66, 0x0E, 0x3A, 0xFA, 0xFD, 0xF7, 0x1E, 0x42, 0x1D, 0x7E, 0x5C, 0xAC, 0x8F, 0xD6, 0xDF, 0x35,
    0xF1, 0xF6, 0x8B, 0xC9, 0xD4, 0xD1, 0x33, 0x3F, 0x22, 0xB1, 0x85, 0x45, 0x55, 0x63, 0x27, 0x14,
    0x04, 0x28, 0xF4, 0x74, 0x2E, 0xCC, 0xBF, 0x2A, 0x27, 0x9D, 0xF3, 0x87, 0xE7, 0xDC, 0x7F, 0x6B,
    0xFE, 0xF8, 0xF1, 0x8B, 0x65, 0x84, 0x23, 0x97, 0x28, 0x93, 0xB9, 0x93, 0xA1, 0x19, 0x32, 0x3E,
    0x9B, 0x8B, 0xBB, 0xED, 0xD7, 0xE7, 0xC4, 0x46, 0xF7, 0xD2, 0xA1, 0xFD, 0xD1, 0xFA, 0xB3, 0xE7,
    0xCB, 0x17, 0xCF, 0x5C, 0x3A, 0xBF, 0xFB, 0x8F, 0xDB, 0x09, 0xCD, 0x10, 0x35, 0x50, 0xDA, 0xB4,
    0x73, 0xED, 0x8E, 0x83, 0x31, 0xF4, 0x0D, 0xA0, 0x7E, 0xEF, 0xFE, 0xA3, 0xD7, 0x15, 0xFF, 0x00,
    0x03, 0xFC, 0xAE, 0x4B, 0xE1, 0x13, 0xC9, 0x7B, 0x21, 0x4B, 0xFC, 0x21, 0x77, 0x2C, 0x86, 0xA3,
    0x63, 0x27, 0x63, 0xB7, 0xE1, 0x10, 0x0D, 0x30, 0xF2, 0x4C, 0xA6, 0x86, 0x8C, 0x72, 0xAB, 0xF2,
    0x0A, 0xE0, 0x5A, 0x4D, 0xB7, 0xB0, 0x5B, 0xA0, 0x06, 0x56, 0xC0, 0xAD, 0xDA, 0x41, 0x6A, 0xB4,
    0x83, 0x63, 0x27, 0x65, 0xF0, 0xDA, 0xD9, 0x36, 0x10, 0xEE, 0xCA, 0x67, 0x5F, 0x49, 0x69, 0x56,
    0x30, 0x9A, 0x9F, 0x74, 0xE0, 0x7E, 0x92, 0x15, 0xF9, 0xB9, 0x3C, 0xCA, 0x36, 0x85, 0x38, 0xAE,
    0x80, 0xA0, 0x5A, 0xE9, 0x40, 0x92, 0xFA, 0x6D, 0xD1, 0x08, 0xD1, 0x55, 0xBE, 0xAD, 0x9E, 0xE2,
    0x29, 0xE3, 0xDF, 0x7C, 0x2D, 0xFD, 0xF3, 0x53, 0xE9, 0x6E, 0x19, 0x4F, 0x24, 0xA8, 0x9F, 0xF4,
    0xF3, 0x50, 0xBC, 0xDC, 0x4F, 0xE6, 0xDD, 0x1A, 0x6A, 0x84, 0xDB, 0xC6, 0xC4, 0xC8, 0xB6, 0x7B,
    0x81, 0xAF, 0x94, 0xD6, 0x69, 0xBC, 0x63, 0x30, 0x43, 0xDE, 0x00, 0xF4, 0x21, 0xF6, 0x5E, 0x4F,
    0x83, 0x53, 0xE9, 0xD8, 0xD9, 0x74, 0xFC, 0xFD, 0x10, 0xC9, 0xE2, 0xDF, 0x22, 0x33, 0xE8, 0x1F,
    0x3F, 0xE4, 0x8E, 0xCF, 0xB9, 0x5E, 0xE1, 0x4E, 0x65, 0xC0, 0xCE, 0x90, 0x49, 0x76, 0xDE, 0xF9,
    0xDF, 0x7E, 0x7B, 0x5B, 0x23, 0x1C, 0x19, 0xBB, 0xB7, 0x35, 0x32, 0xFF, 0x85, 0x7D, 0x8D, 0x68,
    0xA4, 0x4F, 0x34, 0x66, 0xA2, 0x3D, 0x23, 0xE3, 0xFD, 0x7D, 0x22, 0xFA, 0xB5, 0xF8, 0x49, 0x25,
    0x0E, 0x03, 0xA1, 0x7A, 0x17, 0x86, 0xB3, 0xD8, 0xB8, 0x67, 0xCF, 0xD0, 0xC6, 0xE1, 0x3D, 0xAD,
    0x3D, 0xAD, 0xA1, 0xE1, 0x85, 0x77, 0xD9, 0xF8, 0x69, 0x24, 0x85, 0xD9, 0x0E, 0xB1, 0xB8, 0x23,
    0x62, 0x8A, 0xC2, 0xD1, 0x90, 0x48, 0x3E, 0x6F, 0xCE, 0x5A, 0x6D, 0xAF, 0xB4, 0x4F, 0x4C, 0x4C,
    0xDB, 0xCF, 0x8C, 0x8F, 0x5B, 0x67, 0xBC, 0xA6, 0x59, 0xB9, 0x45, 0xF4, 0xA1, 0x8C, 0xF7, 0x7C,
    0xA6, 0x2B, 0x4A, 0x64, 0xF1, 0x9F, 0x03, 0x25, 0xE9, 0x19, 0xF5, 0x4E, 0xEE, 0x5F, 0x98, 0xA8,
    0x8E, 0x1E, 0x3E, 0x5A, 0xBA, 0x4C, 0xA7, 0x43, 0x2F, 0x76, 0x43, 0x81, 0xA1, 0xC7, 0xB3, 0x44,
    0xF8, 0x29, 0xF7, 0x97, 0xB1, 0x9D, 0xDB, 0x39, 0xBC, 0x6C, 0xD0, 0x28, 0xBC, 0x3C, 0x82, 0x7E,
    0xF0, 0x73, 0xB3, 0x40, 0x5A, 0x36, 0x0A, 0x04, 0xD2, 0x6C, 0x1A, 0x4D, 0x2F, 0x6F, 0xE0, 0xD7,
    0xAB, 0xDD, 0x07, 0xDC, 0x19, 0x05, 0x0E, 0x82, 0xF3, 0x94, 0xCD, 0x66, 0x04, 0x82, 0x6A, 0x04,
    0x79, 0x20, 0x91, 0x20, 0x07, 0x0C, 0x1A, 0x6A, 0x10, 0x35, 0x1B, 0xA2, 0x2F, 0x99, 0xCA, 0x1A,
    0xEE, 0xAB, 0xCD, 0xC8, 0xF9, 0x59, 0x73, 0x24, 0x39, 0x98, 0xE3, 0x35, 0xC2, 0x7B, 0xD8, 0x0F,
    0x8B, 0xBE, 0x28, 0x6E, 0x38, 0x45, 0x64, 0xE7, 0x23, 0x20, 0x3B, 0x1C, 0x66, 0xF1, 0x24, 0xEE,
    0x0B, 0x8A, 0xC6, 0x74, 0x11, 0xED, 0x3E, 0x34, 0xD2, 0x28, 0x80, 0x3B, 0xD9, 0x32, 0xB4, 0x94,
    0xB1, 0x24, 0x08, 0x93, 0x54, 0x66, 0x51, 0x6E, 0x67, 0x5E, 0x9A, 0x88, 0xDD, 0x4A, 0xFF, 0x4C,
    0x52, 0xF3, 0xC3, 0xDC, 0x7E, 0x29, 0xF7, 0xFF, 0x26, 0x0F, 0x64, 0x7A, 0xFB, 0x0F, 0xB4, 0x0F,
    0xE2, 0x11, 0x54, 0x96, 0xAD, 0xA5, 0xEF, 0x95, 0xDA, 0xD1, 0xF6, 0xB1, 0x89, 0xAC, 0xA5, 0x02,
    0x5E, 0x0C, 0x88, 0x50, 0x08, 0xFF, 0x75, 0x0E, 0x4A, 0xAC, 0x5F, 0xBE, 0x43, 0x7B, 0x4D, 0x96,
    0x72, 0x84, 0xF3, 0x8F, 0x44, 0x79, 0x5A, 0xE0, 0xFD, 0x20, 0xF1, 0xA5, 0xE4, 0x26, 0xF2, 0xE1,
    0x18, 0x90, 0xE9, 0x1A, 0x51, 0xA6, 0x7B, 0x4D, 0x8F, 0x41, 0x8F, 0xF2, 0xDB, 0x77, 0x8D, 0xCF,
    0x29, 0x06, 0xA3, 0xC5, 0x0F, 0xAE, 0x89, 0xA1, 0x95, 0x4E, 0x27, 0x53, 0x19, 0xBF, 0x50, 0x19,
    0x10, 0x29, 0x02, 0x9E, 0x78, 0x55, 0xB0, 0x53, 0x63, 0x8A, 0xC4, 0xF4, 0x77, 0x1F, 0x3D, 0x28,
    0x99, 0xDC, 0xC0, 0x76, 0x4A, 0xB6, 0xB9, 0x46, 0x21, 0x54, 0x86, 0x25, 0x01, 0x24, 0x61, 0x8B,
    0x47, 0xA6, 0xF5, 0x80, 0x13, 0xD4, 0xE1, 0x58, 0x61, 0xEF, 0x95, 0xBE, 0x8F, 0xF0, 0xF0, 0x97,
    0x9D, 0xA6, 0xDD, 0xB2, 0x5A, 0x56, 0x65, 0xB6, 0x8D, 0xB6, 0x21, 0x0D, 0x69, 0xB5, 0x93, 0x4A,
    0xB6, 0x64, 0xC1, 0x46, 0x03, 0x60, 0xF2, 0xA9, 0x9B, 0xB9, 0xA9, 0xD1, 0x95, 0xA3, 0xED, 0x27,
    0xF3, 0xCD, 0x7A, 0x1C, 0x55, 0x1B, 0xA3, 0x80, 0x1A, 0x63, 0x7D, 0xE4, 0xDB, 0x32, 0x6B, 0x9B,
    0x5D, 0x48, 0x31, 0xC8, 0xFA, 0x20, 0xC6, 0x86, 0x91, 0x5E, 0x38, 0x78, 0x99, 0x6B, 0x1F, 0x17,
    0x6B, 0xCC, 0x0D, 0x47, 0x18, 0x1D, 0xE6, 0x6B, 0x9D, 0x52, 0x70, 0xEB, 0x8A, 0x08, 0xEB, 0x55,
    0x6D, 0x18, 0xD9, 0xB8, 0x10, 0x4F, 0x74, 0x66, 0x44, 0x9B, 0xC8, 0x40, 0x42, 0x37, 0xEA, 0xE0,
    0x6E, 0x18, 0xFA, 0x91, 0xDA, 0x0D, 0xB9, 0x58, 0x90, 0x72, 0x1F, 0xC6, 0x2C, 0x44, 0x41, 0x08,
    0x29, 0x8A, 0x47, 0x05, 0xEE, 0xDA, 0xD1, 0x02, 0x0C, 0x91, 0xD4, 0xAC, 0x84, 0x69, 0x09, 0x46,
    0xB7, 0xDB, 0x50, 0x91, 0x84, 0x03, 0xA8, 0x0B, 0xA8, 0x64, 0xD1, 0x0E, 0x93, 0x4E, 0x64, 0x23,
    0xB4, 0x99, 0xFB, 0x6C, 0x4A, 0x8A, 0x2B, 0x29, 0xAC, 0x3B, 0x59, 0xA1, 0xA5, 0x58, 0xC3, 0x43,
    0x6B, 0x03, 0x55, 0x54, 0xE1, 0xEF, 0x2B, 0x14, 0x39, 0xDB, 0x54, 0xE1, 0x68, 0xF3, 0x03, 0x47,
    0xCD, 0xDE, 0xFB, 0xEF, 0x2F, 0x3A, 0xFB, 0x6B, 0xED, 0xA0, 0x8C, 0x42, 0x7D, 0x61, 0x69, 0x94,
    0xA9, 0x6B, 0x54, 0x4F, 0x7E, 0x5B, 0xF8, 0x8C, 0x75, 0xB2, 0xA7, 0x56, 0xD7, 0x8E, 0x3B, 0x81,
    0x2F, 0x82, 0x20, 0x1C, 0xF5, 0x90, 0x38, 0xD5, 0x79, 0xBD, 0x7D, 0x14, 0xF4, 0x39, 0x9E, 0x0A,
    0x17, 0xD0, 0xC7, 0xD9, 0x97, 0xB2, 0x22, 0xA0, 0xBE, 0xBB, 0xFB, 0xD2, 0x6B, 0x65, 0x17, 0xB7,
    0xF6, 0xDE, 0x57, 0x67, 0xFF, 0x06, 0xB1, 0x3D, 0x63, 0x81, 0x4F, 0xDF, 0xAF, 0xA7, 0xFC, 0xC7,
    0xBD, 0x1D, 0x3B, 0x50, 0xA3, 0xD8, 0x12, 0x1E, 0xBE, 0x01, 0xC8, 0x38, 0x88, 0x03, 0x1B, 0xC7,
    0x75, 0x8B, 0xF2, 0x3B, 0xF5, 0xD7, 0xE6, 0x47, 0x42, 0x25, 0xEC, 0x32, 0x54, 0xBD, 0x30, 0xA6,
    0x4D, 0xAB, 0x60, 0xFD, 0xAA, 0xCB, 0xF0, 0x9A, 0xD7, 0x53, 0xD5, 0x6B, 0x44, 0x2C, 0x31, 0x6F,
    0x0C, 0x5B, 0xE7, 0x19, 0xFD, 0x8D, 0x9E, 0x31, 0x6D, 0x5C, 0xE1, 0xFE, 0x8D, 0xA1, 0x59, 0x4D,
    0xAD, 0x4E, 0xB5, 0x74, 0xA6, 0xA9, 0xDB, 0x77, 0x70, 0xB0, 0xF7, 0xCA, 0xC2, 0x67, 0x6E, 0x2C,
    0xB1, 0x72, 0x4F, 0xA4, 0xB0, 0x3B, 0xC7, 0x53, 0x18, 0xD6, 0x90, 0xE2, 0xD7, 0xE3, 0xE9, 0x47,
    0xA3, 0x33, 0xC2, 0x38, 0x57, 0x0A, 0xF3, 0x62, 0x93, 0xCE, 0x8B, 0x7D, 0xBF, 0x3E, 0xC4, 0xA8,
    0xBD, 0x0E, 0xFA, 0x7C, 0x49, 0x65, 0x74, 0xF4, 0x7C, 0x93, 0x7D, 0xBC, 0xE6, 0x87, 0x4D, 0xD1,
    0x35, 0xC1, 0x5A, 0x18, 0x3B, 0x6E, 0xB4, 0x00, 0xBD, 0x7B, 0x41, 0x26, 0xD2, 0x9D, 0x1F, 0xE9,
    0x49, 0xBB, 0x33, 0x4A, 0x2E, 0x30, 0x2E, 0x1C, 0x11, 0xF3, 0xDC, 0x9B, 0xA0, 0x56, 0x84, 0x6B,
    0x02, 0x53, 0xEE, 0xA2, 0xE8, 0x02, 0xAF, 0x2D, 0x3C, 0x19, 0x7A, 0x4E, 0xB8, 0x67, 0x4A, 0x24,
    0x55, 0x97, 0xB1, 0xF4, 0xCB, 0x18, 0x79, 0x67, 0x6B, 0xA5, 0x09, 0x11, 0x87, 0x70, 0x07, 0x76,
    0xAB, 0x8D, 0x4F, 0x22, 0xA6, 0x14, 0xA2, 0x33, 0xD9, 0x82, 0xBA, 0x11, 0x8F, 0x17, 0xD1, 0x43,
    0x0C, 0x25, 0x1D, 0x19, 0x17, 0xE6, 0xB9, 0x16, 0xC1, 0xD8, 0xDD, 0x65, 0x1F, 0x09, 0x61, 0xFE,
    0xDF, 0x44, 0x1F, 0x0F, 0x76, 0x66, 0xAB, 0x28, 0xB4, 0xA9, 0x6D, 0x3B, 0x1A, 0xC5, 0xFA, 0x35,
    0x93, 0xF2, 0x9F, 0x55, 0xAD, 0x10, 0x7C, 0x5F, 0x37, 0xC7, 0xC3, 0xB1, 0xB8, 0xDA, 0x86, 0x21,
    0xFA, 0x2A, 0x40, 0x2E, 0xD6, 0x93, 0xAF, 0x73, 0xC6, 0x3D, 0x74, 0x0F, 0x60, 0xF5, 0x4C, 0xE9,
    0xB2, 0xC1, 0xD6, 0x6A, 0xD9, 0x75, 0xA6, 0xC5, 0x99, 0x0A, 0xB0, 0x02, 0xAB, 0x68, 0x4A, 0xBF,
    0x54, 0xB1, 0x68, 0xF8, 0x2B, 0x32, 0xDD, 0x62, 0xA4, 0xAD, 0x9A, 0x95, 0xD2, 0x32, 0x75, 0x86,
    0xEA, 0x79, 0x61, 0x13, 0xB6, 0xB0, 0x8E, 0x3C, 0x42, 0x2B, 0x87, 0x93, 0x71, 0x28, 0x2D, 0x9E,
    0x87, 0x87, 0x80, 0x8E, 0x1E, 0x15, 0xA2, 0x4A, 0x00, 0x6B, 0x26, 0x7A, 0x06, 0x05, 0x3C, 0x93,
    0x50, 0xAB, 0xA1, 0x63, 0x28, 0x76, 0x9B, 0x49, 0x8A, 0xA1, 0x08, 0x5E, 0xE1, 0x67, 0xDE, 0x85,
    0x28, 0x87, 0xF2, 0xE8, 0xB0, 0x10, 0xBF, 0x9F, 0x88, 0xD0, 0x15, 0x9E, 0x26, 0x14, 0xD2, 0xD8,
    0x26, 0x97, 0x8C, 0x6C, 0x87, 0x5D, 0xF2, 0x18, 0x19, 0xCF, 0x68, 0x6E, 0x0D, 0xE5, 0x86, 0x50,
    0xAC, 0xAF, 0x50, 0x92, 0x6F, 0x63, 0x32, 0xDD, 0x58, 0xD8, 0x5A, 0x9B, 0xD1, 0x28, 0x81, 0x74,
    0xC0, 0xC2, 0xBE, 0xB2, 0xD1, 0x97, 0xEE, 0xA2, 0xE3, 0xC6, 0x2D, 0xBC, 0x3A, 0x81, 0x26, 0x73,
    0x5A, 0x49, 0xCA, 0x8F, 0xE0, 0x72, 0x0C, 0xA9, 0x54, 0x73, 0x1D, 0x21, 0x39, 0xFD, 0x55, 0xB9,
    0xD0, 0x85, 0xA4, 0x09, 0x28, 0x12, 0xD3, 0xEE, 0xEF, 0x4B, 0xBD, 0x7F, 0xD3, 0x44, 0xD1, 0x83,
    0x5E, 0xA2, 0x90, 0xCC, 0x7B, 0x5B, 0x35, 0x83, 0xFB, 0x70, 0xEF, 0x43, 0xEE, 0xC3, 0x0B, 0x9E,
    0x79, 0xF6, 0xA6, 0xC0, 0x63, 0xDC, 0xA6, 0xA7, 0x01, 0x7B, 0x8E, 0xF2, 0x79, 0xB1, 0xEF, 0xCB,
    0x8E, 0xC7, 0xB8, 0x4D, 0xE0, 0x20, 0x49, 0x22, 0x9D, 0xBB, 0xEC, 0xB5, 0x95, 0xC0, 0xE3, 0xEB,
    0xF3, 0x2C, 0x5A, 0x31, 0x70, 0x31, 0x27, 0xD7, 0x9E, 0x45, 0xF4, 0xE1, 0xA1, 0x23, 0x4F, 0x79,
    0x16, 0x1D, 0x9C, 0xB3, 0x0A, 0x8F, 0x2C, 0xC5, 0xB3, 0xF8, 0x82, 0xD0, 0x70, 0x30, 0x20, 0x0C,
    0x89, 0x50, 0xA0, 0x30, 0x2C, 0x04, 0x0C, 0x42, 0x83, 0x4E, 0x52, 0x76, 0x92, 0x35, 0x41, 0xA0,
    0x07, 0x80, 0xBC, 0x12, 0x21, 0x72, 0x65, 0x05, 0x20, 0xED, 0x93, 0x12, 0x60, 0x7A, 0x47, 0x4A,
    0x04, 0x6A, 0xAA, 0x22, 0xA8, 0x18, 0x2C, 0x86, 0x8B, 0x01, 0x63, 0xC8, 0xD4, 0x62, 0x1A, 0x04,
    0x9B, 0x20, 0xE0, 0x28, 0xCC, 0x99, 0xBC, 0x98, 0x38, 0xE8, 0x18, 0x3E, 0xF2, 0x33, 0x93, 0xEF,
    0xD3, 0xE3, 0x58, 0x70, 0x89, 0xF1, 0x60, 0x90, 0x5D, 0xF7, 0x28, 0x45, 0xE3, 0x38, 0x08, 0xAF,
    0x85, 0xC9, 0x14, 0x24, 0x8F, 0x41, 0x25, 0xD0, 0x1C, 0x24, 0x68, 0x38, 0x11, 0x98, 0xF2, 0xF4,
    0x22, 0x0A, 0x34, 0x05, 0xCF, 0x62, 0x84, 0xAD, 0x0A, 0xA3, 0x0D, 0xAF, 0x70, 0x83, 0x0A, 0xE7,
    0xD2, 0xB9, 0x78, 0x2E, 0x5F, 0x03, 0xC0, 0x10, 0x30, 0x08, 0x04, 0x03, 0x00, 0xD1, 0x0E, 0x79,
    0x2D, 0x99, 0x18, 0xC0, 0x88, 0x64, 0x46, 0x81, 0xC0, 0x19, 0x00, 0x62, 0xCA, 0x78, 0x11, 0x65,
    0x9E, 0x23, 0x45, 0x79, 0x9E, 0xA2, 0x8A, 0x1A, 0x0D, 0xAF, 0x7A, 0x77, 0x19, 0xA2, 0x32, 0x88,
    0x8A, 0x1D, 0x1E, 0x15, 0xD1, 0x4B, 0x55, 0x14, 0x46, 0x7B, 0xAB, 0x24, 0x4C, 0xE2, 0x56, 0xD0,
    0xED, 0x95, 0x5E, 0xE2, 0x42, 0x75, 0x0A, 0x10, 0x05, 0x0A, 0xA3, 0x0F, 0x34, 0x90, 0x02, 0x47,
    0x01, 0xC4, 0x20, 0x09, 0x06, 0x0A, 0xDB, 0x90, 0x7C, 0xC6, 0x51, 0x85, 0x9C, 0x0B, 0x40, 0xC3,
    0xB9, 0x09, 0x36, 0x0E, 0xE8, 0x36, 0x82, 0x67, 0xE1, 0xC4, 0xCC, 0x02, 0x7B, 0x30, 0x44, 0x10,
    0x3D, 0xC9, 0x40, 0xE2, 0x9A, 0xA5, 0x15, 0x9B, 0x83, 0x5B, 0x41, 0x27, 0xB8, 0x4A, 0x45, 0x72,
    0x06, 0xDC, 0x3A, 0x04, 0x30, 0x16, 0x00, 0x20, 0x73, 0x94, 0x7A, 0x45, 0x14, 0x8D, 0x44, 0xD0,
    0xCD, 0x6A, 0xBA, 0x2B, 0x09, 0x67, 0xCB, 0x89, 0x56, 0x7D, 0xA8, 0x1C, 0x07, 0xA8, 0x18, 0x27,
    0x53, 0x88, 0xE7, 0xE8, 0x25, 0xBE, 0x67, 0x5D, 0xB8, 0xA2, 0xD8, 0x43, 0xDB, 0x4F, 0x49, 0xDD,
    0x94, 0x24, 0xC6, 0xB5, 0x29, 0xC5, 0xF9, 0xFD, 0x6B, 0x25, 0x6A, 0x67, 0x45, 0xF1, 0x63, 0xE3,
    0x56, 0xC2, 0x8F, 0x89, 0x23, 0x88, 0x1F, 0x08, 0xA4, 0x60, 0x30, 0x05, 0x03, 0xAA, 0x29, 0xCF,
    0xDA, 0xC0, 0x0F, 0xB4, 0x10, 0x04, 0x64, 0x22, 0x40, 0x7B, 0x40, 0xC3, 0x53, 0x31, 0xAF, 0x3C,
    0xA6, 0x69, 0xC6, 0xB2, 0x91, 0xAF, 0x2C, 0xB1, 0x21, 0xB3, 0xD2, 0x0C, 0x19, 0x99, 0x8E, 0x92,
    0xCD, 0x75, 0xA6, 0xA1, 0x5C, 0xCA, 0xB5, 0x33, 0x94, 0xE2, 0x8F, 0x78, 0x9D, 0xC7, 0xEB, 0x43,
    0xA0, 0x3E, 0x5C, 0xFF, 0x6A, 0x66, 0x1A, 0x10, 0x68, 0x06, 0x11, 0x68, 0x68, 0x08, 0xFA, 0x02,
    0x92, 0x24, 0x86, 0x6B, 0x11, 0x25, 0xE9, 0xD0, 0xE0, 0x8D, 0x43, 0xA0, 0xBE, 0x4F, 0x10, 0x02,
    0xCD, 0xCC, 0x10, 0x02, 0xCD, 0x30, 0x02, 0x0D, 0x0D, 0x11, 0xCA, 0xD0, 0x89, 0x00, 0x15, 0x0C,
    0xAA, 0x60, 0x60, 0x6F, 0x34, 0x02, 0x51, 0xD1, 0xA8, 0xA5, 0x05, 0x53, 0x68, 0x50, 0x72, 0xB5,
    0x14, 0xD3, 0xB9, 0xE6, 0xEB, 0x6B, 0x2B, 0x88, 0x45, 0x84, 0xC7, 0xA2, 0x41, 0x58, 0x14, 0x51,
    0x3A, 0x31, 0xDA, 0x81, 0x6F, 0xDE, 0xF5, 0x9E, 0x89, 0x84, 0xCB, 0x34, 0x9B, 0xCA, 0x7D, 0xAD,
    0x14, 0xEE, 0xA9, 0x26, 0x1D, 0x6A, 0xA1, 0x67, 0x8D, 0xB2, 0x34, 0xBF, 0x88, 0x3A, 0x89, 0x28,
    0x98, 0x43, 0xF3, 0xDB, 0xDA, 0x75, 0xFC, 0x10, 0x4F, 0xB1, 0x51, 0xDC, 0x6D, 0x18, 0x55, 0x6E,
    0x9A, 0xD1, 0x16, 0x91, 0x9A, 0x2C, 0xDB, 0xB2, 0x80, 0xA2, 0xA2, 0xAE, 0xC8, 0x2F, 0x5A, 0x5E,
    0x9A, 0x56, 0x97, 0xF6, 0x5E, 0x6F, 0x62, 0x02, 0x2D, 0x38, 0xB0, 0x1D, 0xC6, 0xAC, 0xFB, 0xD9,
    0x8C, 0x66, 0x3B, 0xE3, 0xE1, 0x3D, 0x90, 0x2F, 0x5B, 0x15, 0xF1, 0xBD, 0x3C, 0x8D, 0x9A, 0xE7,
    0x52, 0x3F, 0x30, 0xDF, 0xCC, 0xB3, 0xDC, 0x75, 0x1C, 0x14, 0xBC, 0xB2, 0x2F, 0xFE, 0xFA, 0x08,
    0x2E, 0x7E, 0x16, 0x52, 0x0C, 0x9C, 0x77, 0x02, 0x24, 0xD8, 0x7D, 0xD9, 0xF2, 0x75, 0x1C, 0x29,
    0xE2, 0x55, 0x1D, 0x70, 0x87, 0x46, 0x9C, 0x81, 0x4E, 0xC0, 0xDD, 0x09, 0x0C, 0xDD, 0xDB, 0x97,
    0xAD, 0x68, 0x4D, 0x55, 0xA0, 0x1A, 0x1D, 0x67, 0x52, 0x0A, 0x54, 0xB3, 0x4E, 0xE6, 0xC2, 0x79,
    0x23, 0xA3, 0x45, 0x18, 0xE7, 0x05, 0xA8, 0x2D, 0x03, 0x9A, 0x2E, 0xBE, 0x36, 0x2B, 0xAE, 0x17,
    0x80, 0x25, 0x2E, 0xB6, 0x36, 0xEB, 0x0A, 0x54, 0x79, 0xB2, 0xCB, 0xD1, 0x09, 0x88, 0x7B, 0xEB,
    0x00, 0xBC, 0xF9, 0xF1, 0x14, 0x08, 0x45, 0x0A, 0x74, 0x22, 0x5E, 0xB9, 0xA9, 0x63, 0x1D, 0x7E,
    0x46, 0x39, 0x9C, 0x5A, 0x4C, 0x73, 0x8B, 0x21, 0xA9, 0xF9, 0xDE, 0xC2, 0x69, 0x1C, 0xDD, 0xD3,
    0x52, 0xDB, 0x42, 0xAF, 0x92, 0xC0, 0x33, 0xE3, 0x28, 0xC0, 0x8D, 0x48, 0x22, 0x90, 0x2A, 0x03,
    0x13, 0xAB, 0x0D, 0xBA, 0x15, 0x85, 0xC9, 0xE1, 0x3A, 0x9F, 0x64, 0xCD, 0x44, 0x60, 0x08, 0x1A,
    0x32, 0x85, 0x74, 0xAD, 0x93, 0xEB, 0x0A, 0xB5, 0x40, 0x2F, 0xC8, 0x8D, 0x0E, 0xBC, 0xCB, 0x39,
    0x06, 0x0D, 0x80, 0x0D, 0x21, 0x7B, 0xC2, 0x8A, 0x97, 0xB3, 0x21, 0x28, 0x4C, 0xB9, 0x4E, 0x5C,
    0xE2, 0x89, 0x44, 0x86, 0x1F, 0x00, 0x28, 0xA7, 0xA6, 0x42, 0x0E, 0xE3, 0x5D, 0x58, 0xFE, 0x8A,
    0xB7, 0xC6, 0x1A, 0x5E, 0x18, 0x47, 0xCF, 0x03, 0xCD, 0x7A, 0xE6, 0x81, 0x16, 0xCA, 0x22, 0xC1,
    0x62, 0x8A, 0xB2, 0x68, 0x2B, 0xF8, 0x68, 0x99, 0x65, 0x3A, 0x2B, 0xDB, 0x1E, 0x2D, 0x71, 0x0A,
    0x30, 0x92, 0xA2, 0x8C, 0x40, 0xE2, 0x6B, 0xC8, 0x1E, 0xA3, 0xE6, 0x83, 0x3A, 0xDD, 0xF3, 0x41,
    0x73, 0x5E, 0x66, 0x0B, 0x21, 0xA5, 0x4A, 0xD1, 0x64, 0x3F, 0x9C, 0xE3, 0xCC, 0x6B, 0x33, 0x12,
    0xB0, 0x17, 0x01, 0x00, 0x82, 0x36, 0xCA, 0x11, 0x5C, 0x9E, 0x93, 0x63, 0x72, 0x78, 0x83, 0x2D,
    0x31, 0x06, 0x39, 0x33, 0x25, 0x5A, 0x7E, 0x79, 0xEE, 0x72, 0x54, 0x70, 0x37, 0xA0, 0x90, 0x60,
    0x93, 0x3D, 0x36, 0xE3, 0x8B, 0x9E, 0xA6, 0x25, 0x78, 0x03, 0xA5, 0x9C, 0x16, 0x31, 0x7B, 0x14,
    0x17, 0x3A, 0x16, 0x09, 0x53, 0xC7, 0x4D, 0xE0, 0x9B, 0xF1, 0xD5, 0x02, 0xDF, 0x4D, 0x2F, 0xA7,
    0xB7, 0x0B, 0x04, 0x82, 0x5E, 0x47, 0xAB, 0xD5, 0x72, 0x75, 0x39, 0xE4, 0x81, 0x4C, 0xBC, 0x14,
    0x09, 0xCE, 0x64, 0x43, 0x52, 0x6B, 0x91, 0x21, 0x18, 0x29, 0x14, 0x99, 0x20, 0xDE, 0x83, 0xA4,
    0xBD, 0x3D, 0x59, 0xA8, 0x46, 0x8C, 0x28, 0x9B, 0xD7, 0xCD, 0x13, 0xBD, 0xDA, 0xBD, 0x29, 0xFB,
    0x90, 0xA9, 0xA7, 0x2B, 0x57, 0xAA, 0x36, 0x2A, 0x5E, 0xB7, 0x62, 0xD4, 0x82, 0x2A, 0x64, 0x1C,
    0x33, 0xB1, 0xA6, 0x51, 0x0B, 0xB7, 0x6D, 0x1C, 0x1C, 0xED, 0x57, 0x54, 0x09, 0xAC, 0x40, 0x90,
    0x7B, 0xD9, 0x16, 0x43, 0x16, 0x24, 0xD4, 0x25, 0x38, 0xA7, 0xB8, 0x49, 0x80, 0x7A, 0xEA, 0x6F,
    0x03, 0x9C, 0x1A, 0xD5, 0x4A, 0x86, 0xD8, 0xAE, 0xC9, 0x17, 0xF9, 0x04, 0x40, 0x62, 0x06, 0xA2,
    0xD0, 0x56, 0xD3, 0xEC, 0xE7, 0xC5, 0x35, 0x6F, 0xD3, 0xA1, 0xD8, 0xD8, 0x6E, 0xD4, 0x68, 0xD4,
    0x62, 0x58, 0xA2, 0xA0, 0x22, 0x59, 0x90, 0x4C, 0xC8, 0xD8, 0xD5, 0x54, 0xED, 0x43, 0x8D, 0xE3,
    0xF5, 0xA2, 0x20, 0xE1, 0x25, 0x71, 0xAE, 0xAA, 0x43, 0xB5, 0x70, 0x7E, 0x09, 0xAE, 0x8B, 0x80,
    0x15, 0xA5, 0x99, 0xF9, 0x01, 0x56, 0x1C, 0x80, 0x98, 0xCA, 0x3F, 0x66, 0x78, 0xD8, 0xB1, 0xDC,
    0x5C, 0xD7, 0x9A, 0x5E, 0x1F, 0x6F, 0xDC, 0x5E, 0xD4, 0x00, 0xAD, 0xC3, 0x39, 0x5A, 0xF3, 0xBF,
    0xD7, 0xDB, 0xE4, 0x12, 0x9F, 0x5B, 0xDD, 0xB1, 0xD3, 0xEB, 0xF4, 0xEF, 0xBB, 0xCC, 0xB5, 0xB5,
    0x34, 0xCE, 0x58, 0x8D, 0x44, 0x34, 0xA3, 0xE5, 0x77, 0x28, 0xD7, 0x77, 0xC5, 0x1B, 0xB5, 0x73,
    0x96, 0x67, 0x64, 0xE8, 0x09, 0xAF, 0x65, 0xC5, 0x3D, 0x31, 0x3C, 0x42, 0x27, 0x02, 0xC2, 0x2C,
    0x6F, 0x96, 0x31, 0xFB, 0xFC, 0x7C, 0x97, 0xA0, 0x55, 0xA9, 0x00, 0x23, 0x35, 0xEB, 0xB0, 0xB9,
    0x73, 0x9A, 0xCF, 0x3C, 0xEE, 0xAC, 0xE2, 0xA6, 0x1E, 0x77, 0xB4, 0xAC, 0x23, 0x79, 0xC2, 0x71,
    0xE2, 0x31, 0x6A, 0x01, 0x22, 0xFA, 0x2F, 0x13, 0x97, 0x32, 0xC5, 0xFF, 0x3B, 0xA0, 0x3A, 0xF9,
    0x6C, 0xBF, 0xB9, 0x05, 0x84, 0x49, 0xA3, 0x12, 0x46, 0xEE, 0x91, 0xA4, 0x2B, 0x43, 0xEE, 0xAD,
    0x88, 0xE4, 0x4D, 0x2A, 0x36, 0x55, 0x76, 0x1E, 0x94, 0x7D, 0x95, 0x88, 0x89, 0x62, 0x0E, 0xDF,
    0x61, 0xF1, 0xC4, 0xAF, 0x27, 0xB1, 0x79, 0xE4, 0xBF, 0xA0, 0x99, 0xB3, 0x39, 0xFB, 0x42, 0x2C,
    0xA9, 0x7D, 0x4D, 0x0C, 0x95, 0x72, 0xD0, 0xD3, 0x0A, 0xDB, 0x04, 0x18, 0x43, 0xC6, 0xA0, 0x29,
    0xD8, 0x98, 0xE8, 0x11, 0x74, 0x0C, 0x9E, 0x82, 0x8F, 0x01, 0x54, 0xF8, 0x44, 0x20, 0x72, 0xBC,
    0x83, 0x41, 0x59, 0x06, 0x48, 0xF5, 0x0B, 0x09, 0x4B, 0x6A, 0xFD, 0x7B, 0x65, 0xD1, 0x48, 0x32,
    0xA1, 0x61, 0x55, 0x78, 0xE7, 0xC1, 0xDB, 0x4C, 0xB2, 0xE6, 0x58, 0x7A, 0x36, 0xF6, 0x41, 0x4C,
    0x2F, 0x0C, 0x74, 0xAD, 0x97, 0xB8, 0xAA, 0x73, 0x8B, 0xBF, 0xD6, 0x4D, 0xED, 0x2C, 0x9A, 0x62,
    0x4E, 0x24, 0x84, 0x4B, 0xE2, 0xA2, 0x62, 0xB5, 0x94, 0x0B, 0xAF, 0x1A, 0xAE, 0x97, 0x11, 0xE7,
    0x53, 0x94, 0xAA, 0x05, 0xC4, 0xD5, 0xEA, 0xE1, 0x58, 0x62, 0xAB, 0x5E, 0x37, 0x5C, 0x2F, 0x1A,
    0xAE, 0x56, 0x0C, 0x9F, 0x37, 0xDD, 0xC9, 0xC8, 0xBB, 0x52, 0x1A, 0xCD, 0x06, 0x59, 0x93, 0x8C,
    0x92, 0x66, 0x4E, 0xFC, 0xB2, 0xA8, 0xAD, 0x48, 0x3D, 0x01, 0x09, 0xAB, 0xD9, 0x3C, 0x1D, 0x10,
    0xEB, 0x93, 0x54, 0x10, 0x13, 0x63, 0x60, 0x60, 0x15, 0xB4, 0x0A, 0xDC, 0x85, 0x01, 0x14, 0xE2,
    0x46, 0xB6, 0xF5, 0xCD, 0x12, 0x39, 0x42, 0xAB, 0x0A, 0xAB, 0xB0, 0xEB, 0x5C, 0x2D, 0x5A, 0x28,
    0xC9, 0xFD, 0xD7, 0xF1, 0x1E, 0xE3, 0x54, 0xD6, 0x99, 0xCE, 0xC2, 0xC5, 0x02, 0x3A, 0x01, 0x17,
    0x93, 0x70, 0x60, 0x28, 0x79, 0xEF, 0x03, 0x1B, 0x4D, 0xD1, 0x43, 0x1E, 0xC4, 0xBC, 0x5C, 0x36,
    0xE4, 0x79, 0xF1, 0x4D, 0x5A, 0xBB, 0xC9, 0xE8, 0xB6, 0x9E, 0xB0, 0xCE, 0x8A, 0xE3, 0x5F, 0x4C,
    0xD4, 0x53, 0xEC, 0x68, 0x88, 0x06, 0x2D, 0xD1, 0x59, 0x36, 0xAE, 0x8E, 0x23, 0x4E, 0x55, 0x42,
    0x44, 0x34, 0x20, 0xA8, 0x50, 0xCF, 0xA7, 0x30, 0x9D, 0x36, 0xAE, 0x8B, 0x9A, 0x63, 0x92, 0xFA,
    0x3A, 0x39, 0x17, 0xA1, 0xCA, 0x8E, 0x1E, 0x6E, 0x34, 0x8A, 0xDA, 0x14, 0xA3, 0x34, 0x75, 0x06,
    0x51, 0x86, 0x96, 0x9B, 0xD2, 0xA4, 0x7C, 0x59, 0xEA, 0x63, 0x60, 0x57, 0x26, 0xDA, 0x59, 0x8C,
    0x0B, 0x60, 0x81, 0x1E, 0x07, 0x80, 0x45, 0x39, 0xD4, 0x2F, 0xE1, 0x99, 0xA0, 0x2E, 0xFE, 0x4D,
    0x14, 0x70, 0x8A, 0x20, 0xB5, 0x64, 0x85, 0x73, 0x5B, 0xAB, 0x3B, 0x14, 0x7B, 0xBF, 0x5A, 0xAC,
    0xBC, 0x95, 0x3A, 0xB1, 0x9B, 0xBB, 0xB9, 0xFA, 0xAB, 0x02, 0xB3, 0x36, 0x1A, 0x25, 0x4D, 0x23,
    0x89, 0x65, 0x13, 0x50, 0x5E, 0x36, 0x7D, 0x99, 0x5D, 0x6A, 0x05, 0x32, 0x36, 0x5B, 0x51, 0x06,
    0xF8, 0x83, 0x96, 0x7F, 0x89, 0xAB, 0x4F, 0x25, 0x48, 0x55, 0x83, 0x4A, 0xD3, 0x57, 0x22, 0xD8,
    0x66, 0x97, 0xFC, 0xC9, 0xB3, 0xDD, 0xD4, 0xA2, 0x6C, 0x59, 0x1D, 0x4D, 0x66, 0x4A, 0xD6, 0x2C,
    0xF1, 0x92, 0x7B, 0x8E, 0x6C, 0xDB, 0xB9, 0x24, 0xE3, 0x07, 0xDE, 0x70, 0xDF, 0xAF, 0xD0, 0x18,
    0x71, 0x09, 0xE7, 0xE5, 0x42, 0x95, 0xFC, 0x2C, 0x38, 0x23, 0x2F, 0x26, 0x24, 0x8F, 0xE0, 0x4A,
    0xD9, 0xBC, 0x1E, 0xE2, 0x77, 0x65, 0xE7, 0x0F, 0xC5, 0x98, 0x54, 0xF8, 0xB2, 0x66, 0x9A, 0x06,
    0x8D, 0x74, 0x0B, 0x3B, 0x0E, 0x30, 0x1F, 0x87, 0x1D, 0xFF, 0x71, 0x82, 0xAB, 0xD6, 0xCE, 0x00,
    0x8C, 0x1D, 0xF4, 0x3E, 0xC4, 0x55, 0x9C, 0xF8, 0x5F, 0x13, 0x88, 0xF5, 0xD1, 0x9B, 0x8B, 0x29,
    0x59, 0xA0, 0xA6, 0xEC, 0x15, 0x36, 0x8A, 0x4F, 0x18, 0xA8, 0x00, 0x9D, 0x75, 0xB0, 0x49, 0x8D,
    0x5F, 0xAA, 0xB0, 0x04, 0x1D, 0xE4, 0x60, 0x3C, 0xD2, 0x2D, 0x97, 0xF1, 0x5C, 0x05, 0xEA, 0x34,
    0x1C, 0x35, 0xC4, 0x58, 0xA8, 0x8A, 0xCE, 0x39, 0x14, 0x16, 0xB1, 0x82, 0x90, 0xE0, 0xAA, 0x66,
    0xED, 0x28, 0x75, 0x2E, 0x55, 0x7E, 0x06, 0x98, 0xE0, 0xE7, 0x30, 0x9A, 0x93, 0x5C, 0x6A, 0xF7,
    0x7E, 0x2C, 0xBF, 0x9B, 0xE8, 0x8A, 0xD1, 0x5C, 0x68, 0xE2, 0xFA, 0x01, 0xF9, 0xEE, 0xB1, 0x64,
    0xF9, 0x78, 0x01, 0x43, 0x18, 0xBA, 0xDC, 0x6A, 0x41, 0x62, 0xE3, 0x04, 0x47, 0x07, 0x3A, 0x1D,
    0xCB, 0x48, 0x49, 0x4D, 0x2F, 0x49, 0x5A, 0xE1, 0x04, 0xFA, 0xAE, 0x74, 0x5A, 0x20, 0x7E, 0xD8,
    0x95, 0x89, 0x0C, 0xE9, 0x4C, 0x85, 0x50, 0xB5, 0x90, 0xD1, 0x91, 0x3B, 0x21, 0xD3, 0xB3, 0x68,
    0x57, 0xFB, 0x6F, 0x5B, 0x1E, 0xA5, 0xD8, 0x0E, 0xD9, 0x44, 0x4E, 0xD9, 0xF4, 0x58, 0xCE, 0xFC,
    0x45, 0xC8, 0xE6, 0x87, 0xAE, 0xE5, 0xAC, 0x2E, 0xEE, 0x78, 0x74, 0x3F, 0xFE, 0x32, 0x27, 0x79,
    0xD4, 0x26, 0xF2, 0x77, 0xFB, 0x81, 0x17, 0xEA, 0x7E, 0x67, 0x96, 0x6A, 0xA9, 0x13, 0x4B, 0x55,
    0x7A, 0xBA, 0x3B, 0x33, 0x68, 0xB5, 0x44, 0x82, 0xD5, 0x13, 0x0C, 0xBA, 0xCA, 0xF5, 0x1D, 0xD4,
    0x4C, 0x81, 0x16, 0xCF, 0x23, 0xC3, 0xA9, 0x93, 0x6A, 0xFB, 0x0A, 0x19, 0xF6, 0x9C, 0x2E, 0x47,
    0xCD, 0x75, 0x37, 0x8E, 0x1F, 0x22, 0x39, 0x61, 0xC5, 0x21, 0xC0, 0x7C, 0xBC, 0x45, 0x78, 0x76,
    0x1A, 0x3C, 0x8B, 0x2B, 0x95, 0xF2, 0x82, 0x98, 0x7D, 0x86, 0x08, 0xDC, 0x2C, 0xFA, 0x7E, 0x1E,
    0x3C, 0x9B, 0x6F, 0x1A, 0x88, 0x41, 0x65, 0x04, 0xE5, 0xD1, 0xA6, 0x59, 0x0F, 0x43, 0x0F, 0x8A,
    0xA3, 0x81, 0x48, 0x82, 0x70, 0xC6, 0x57, 0x9E, 0x3D, 0x9B, 0x6E, 0x99, 0x99, 0x18, 0x1F, 0x41,
    0xA7, 0x1F, 0xDC, 0x1D, 0xDA, 0x88, 0x3E, 0x9C, 0x3D, 0xF4, 0x18, 0xA4, 0xFD, 0x9F, 0xD3, 0x3F,
    0xD7, 0x84, 0x7E, 0x26, 0xC0, 0x27, 0x67, 0x1A, 0xF4, 0xF3, 0x9C, 0x7E, 0x4E, 0xAD, 0xD6, 0x68,
    0x88, 0x28, 0xC2, 0x14, 0x27, 0x5C, 0xE8, 0x7C, 0xCF, 0xFC, 0x8B, 0xEE, 0x3C, 0x6C, 0xFF, 0x91,
    0xF1, 0xE7, 0x27, 0x39, 0xD5, 0x07, 0x6B, 0x44, 0x61, 0xED, 0x70, 0x0E, 0x7D, 0xA1, 0xAE, 0xC5,
    0x01, 0x9C, 0x3B, 0x39, 0x9C, 0x60, 0xDD, 0x28, 0x76, 0x1D, 0x9A, 0x29, 0xFD, 0x9C, 0x66, 0x04,
    0x6E, 0x11, 0x8B, 0xCF, 0x16, 0xBE, 0x05, 0x98, 0xE7, 0x96, 0x2F, 0x7B, 0x6D, 0xEF, 0xE1, 0x27,
    0x9F, 0x4C, 0x5A, 0xB7, 0x4F, 0xAA, 0xA9, 0x6D, 0xE7, 0x7B, 0xA7, 0xB6, 0x0D, 0x8B, 0xCE, 0xB2,
    0x04, 0xF5, 0x89, 0x83, 0x03, 0xED, 0x57, 0x58, 0xED, 0x78, 0x3B, 0xC5, 0x05, 0xC6, 0xEC, 0xE3,
    0xE9, 0x5A, 0x5D, 0x60, 0x6C, 0x58, 0xCC, 0x83, 0xBE, 0x3E, 0xAB, 0x18, 0x47, 0x55, 0x0F, 0x5D,
    0x91, 0xAE, 0x9A, 0x88, 0xF9, 0x67, 0x55, 0x19, 0x5D, 0x1B, 0x55, 0x1D, 0x5D, 0x9F, 0xBA, 0x42,
    0xBA, 0x46, 0x54, 0x25, 0xA1, 0xEA, 0x24, 0x54, 0xA5, 0x84, 0xAA, 0x95, 0x50, 0xD5, 0x12, 0x5C,
    0x2F, 0x15, 0x47, 0x1B, 0xA8, 0x30, 0xDA, 0xA4, 0xA9, 0xF5, 0x13, 0x1D, 0x00, 0x46, 0x83, 0x42,
    0x56, 0x70, 0x63, 0x8A, 0x50, 0xBF, 0xD0, 0xFA, 0x09, 0x2A, 0x02, 0x18, 0x38, 0xE1, 0x7E, 0x87,
    0xE7, 0x36, 0x0C, 0xC0, 0xE1, 0xFE, 0xA7, 0x09, 0x83, 0x2D, 0x0A, 0x8D, 0x65, 0x36, 0xB1, 0xAE,
    0xAF, 0xB5, 0x5C, 0x7F, 0xA3, 0x96, 0x2D, 0xD6, 0x61, 0xE2, 0x3F, 0x62, 0xD2, 0x3F, 0xA3, 0x84,
    0xA2, 0x6F, 0x35, 0x6C, 0xAF, 0x86, 0x92, 0x70, 0xD0, 0xD9, 0x83, 0xEB, 0x40, 0x61, 0x7C, 0x0F,
    0x3A, 0xDF, 0x31, 0x6C, 0xC4, 0xE9, 0x62, 0xC2, 0xCB, 0xF9, 0x97, 0x60, 0x34, 0x7D, 0xC3, 0xCF,
    0xB5, 0x8B, 0x29, 0x28, 0xEB, 0x08, 0xCE, 0x42, 0x2F, 0x6B, 0xE0, 0xCC, 0xB7, 0x3F, 0xD1, 0x3A,
    0x98, 0x09, 0x31, 0xD0, 0x36, 0xF1, 0x7C, 0x41, 0x10, 0x00, 0x87, 0x8D, 0xE0, 0xBD, 0x00, 0x03,
    0xA2, 0x33, 0x24, 0x32, 0x21, 0x30, 0x64, 0x8E, 0x34, 0x34, 0x37, 0x48, 0x58, 0x37, 0x91, 0xD4,
    0x01, 0x28, 0x04, 0x0B, 0xFF, 0x0D, 0x5C, 0x40, 0x5A, 0x2E, 0x12, 0xE7, 0xCE, 0x5F, 0x94, 0x15,
    0xBB, 0x85, 0x28, 0xE1, 0xDE, 0x4C, 0xC1, 0x32, 0x36, 0x22, 0xC2, 0xC0, 0x0A, 0x35, 0x40, 0x5D,
    0x20, 0x95, 0x48, 0x45, 0x32, 0x9E, 0xD3, 0x7C, 0x96, 0x81, 0x45, 0x62, 0xC9, 0x57, 0xB8, 0x01,
    0xD6, 0xA9, 0xB8, 0x6B, 0x3C, 0x5C, 0x75, 0xAC, 0x0B, 0x17, 0x82, 0xB0, 0x5C, 0x0D, 0xB0, 0xAE,
    0x0E, 0xF4, 0xA6, 0xC4, 0xAD, 0x93, 0x75, 0xAB, 0x5F, 0x77, 0x35, 0x99, 0xC8, 0xCF, 0xBB, 0x63,
    0x73, 0x02, 0x15, 0x74, 0xAB, 0x6C, 0xA3, 0xA0, 0xB4, 0x1C, 0x08, 0x11, 0x33, 0x1D, 0x28, 0xD7,
    0x09, 0x69, 0xAE, 0xBD, 0xD0, 0xFF, 0x75, 0x28, 0x92, 0x9F, 0x11, 0x90, 0xE4, 0x93, 0x6D, 0xE2,
    0x09, 0xDB, 0x28, 0x89, 0x77, 0x22, 0xA8, 0xC1, 0x7B, 0x25, 0x02, 0x0B, 0xB2, 0x38, 0x34, 0xD6,
    0x4B, 0x40, 0x09, 0x00, 0xE0, 0x63, 0x48, 0x75, 0xF2, 0xE0, 0x65, 0x79, 0x01, 0x79, 0xF4, 0x4B,
    0x40, 0x11, 0xB0, 0xE1, 0x66, 0x05, 0x8B, 0xE5, 0x82, 0xD5, 0x06, 0xA2, 0x86, 0x21, 0x47, 0x93,
    0x70, 0x5A, 0x71, 0xE0, 0x09, 0xFF, 0xEB, 0x23, 0x3F, 0xA1, 0xAC, 0x41, 0x1A, 0xA9, 0x0C, 0x85,
    0x42, 0xAE, 0xC2, 0xDF, 0x2F, 0x0D, 0x01, 0x25, 0x05, 0x79, 0x0D, 0xD7, 0x46, 0x6D, 0x4E, 0xAF,
    0xE0, 0x60, 0x76, 0x6B, 0xA7, 0x31, 0xE5, 0xBE, 0x84, 0x7F, 0x1B, 0xD3, 0x42, 0xFB, 0x08, 0xAD,
    0xCA, 0xDA, 0x9C, 0x5E, 0xF5, 0x4E, 0x55, 0xC2, 0xD5, 0x52, 0x17, 0x02, 0x16, 0x1B, 0x22, 0x72,
    0xA2, 0xA3, 0xEA, 0xB4, 0xE1, 0xF1, 0xCB, 0x2C, 0x04, 0xBC, 0x29, 0x16, 0x3A, 0xF8, 0xB5, 0xBA,
    0x56, 0x90, 0xD1, 0x51, 0x8E, 0x91, 0xD8, 0x98, 0x84, 0xA2, 0xFF, 0x31, 0xF4, 0xF9, 0x26, 0xB4,
    0x68, 0x03, 0x2D, 0x29, 0x5C, 0xF0, 0xF2, 0x0D, 0x6A, 0xC1, 0x61, 0xA1, 0x46, 0x03, 0xCE, 0x53,
    0x6B, 0x00, 0x5A, 0x1E, 0x82, 0xDB, 0xC5, 0x61, 0x21, 0x26, 0x07, 0x57, 0x90, 0x1C, 0xD1, 0xF0,
    0xA3, 0x99, 0x71, 0x58, 0x24, 0x95, 0x49, 0x85, 0xCE, 0x2B, 0x75, 0xF5, 0x7A, 0xEF, 0xC6, 0xFF,
    0x7F, 0x67, 0xF7, 0x14, 0xC8, 0xA0, 0x6B, 0x7E, 0x70, 0xD0, 0x75, 0xFD, 0xCA, 0x77, 0x99, 0xD1,
    0x87, 0x3A, 0x56, 0x1C, 0x03, 0x3A, 0x7C, 0xB4, 0x2B, 0xD1, 0x7F, 0xC1, 0x5A, 0x6C, 0xBD, 0xB1,
    0xD9, 0x6C, 0x63, 0x28, 0xEB, 0x0D, 0xFE, 0xA5, 0x13, 0xE9, 0x98, 0x44, 0x81, 0x7C, 0x14, 0xE2,
    0x9F, 0x7B, 0x94, 0xFE, 0x7C, 0x89, 0xDA, 0x8E, 0xED, 0x81, 0x14, 0xE3, 0x85, 0x52, 0x99, 0xD1,
    0xA5, 0xC7, 0x74, 0x87, 0x0B, 0x71, 0x89, 0x71, 0xF7, 0x64, 0x47, 0xF5, 0xCD, 0xB8, 0xFA, 0x23,
    0xB4, 0xFD, 0x1F, 0xED, 0x5D, 0x3D, 0xAC, 0xE5, 0xC6, 0x75, 0x1E, 0x92, 0xBB, 0xEF, 0x5A, 0x4B,
    0x60, 0x29, 0x07, 0x52, 0xB1, 0x2B, 0x20, 0x37, 0x85, 0x81, 0xC4, 0x45, 0xCC, 0x56, 0x36, 0xD6,
    0x22, 0x95, 0x00, 0x4E, 0x17, 0xAB, 0xD0, 0x26, 0x40, 0xD2, 0xA8, 0x50, 0x61, 0x08, 0x01, 0x5E,
    0x10, 0xB8, 0x70, 0x11, 0xE9, 0x52, 0x70, 0x91, 0x22, 0x40, 0xF2, 0x8A, 0xB8, 0xB6, 0x8A, 0x15,
    0x60, 0x2B, 0x08, 0x16, 0x70, 0x13, 0xC3, 0xC0, 0x9A, 0x34, 0x54, 0xA4, 0xD8, 0x42, 0x0C, 0x0C,
    0xA4, 0x51, 0x21, 0x02, 0xAB, 0x20, 0x80, 0x8B, 0x84, 0x06, 0x98, 0x88, 0xBB, 0xE2, 0xE5, 0xC9,
    0xF9, 0x9B, 0xE1, 0xF0, 0xBE, 0xFB, 0xDE, 0xFE, 0x68, 0xB5, 0xEF, 0xEF, 0x12, 0xEF, 0x72, 0xE6,
    0xFE, 0x3C, 0x72, 0xCE, 0x37, 0xE7, 0x9C, 0x39, 0xE7, 0xCC, 0x99, 0xA1, 0xB9, 0x66, 0xC2, 0xD1,
    0x04, 0x60, 0x0C, 0xFD, 0xE5, 0xA6, 0x2C, 0xCC, 0x4A, 0xFF, 0x02, 0x28, 0x4A, 0xC8, 0x01, 0x0C,
    0x0C, 0x06, 0x0E, 0x8C, 0x1E, 0xB9, 0x89, 0x5A, 0x13, 0x75, 0x74, 0xC6, 0xFA, 0xE6, 0x5B, 0x3A,
    0x5E, 0xC1, 0x12, 0x2F, 0x60, 0xCA, 0x9C, 0xAF, 0x18, 0xE0, 0x6B, 0x01, 0xB5, 0x29, 0x01, 0x1A,
    0x00, 0x68, 0xE1, 0x1E, 0xB4, 0x63, 0x5E, 0x36, 0xF6, 0x82, 0xE6, 0x79, 0x7C, 0x0D, 0xC6, 0x04,
    0x6B, 0x29, 0xF9, 0xFD, 0xB6, 0xCF, 0xDE, 0x8C, 0xFB, 0xC5, 0x10, 0x0D, 0xD1, 0x3A, 0x1C, 0x83,
    0x31, 0x80, 0x00, 0xA2, 0xB1, 0x5C, 0xC3, 0x80, 0x57, 0xD4, 0x1B, 0x9B, 0x5F, 0x18, 0x26, 0x83,
    0x5E, 0x44, 0x51, 0x88, 0xAF, 0x05, 0x14, 0x74, 0xE7, 0x02, 0xEF, 0x5C, 0xC3, 0x27, 0x50, 0x8F,
    0x21, 0x54, 0x8E, 0x92, 0x17, 0xF3, 0xA4, 0x35, 0xAB, 0x2A, 0x6D, 0x4C, 0x56, 0xBD, 0x62, 0xF0,
    0xF4, 0x0D, 0x3A, 0x25, 0x03, 0x9E, 0x32, 0x3E, 0x1D, 0xE0, 0xC9, 0xD0, 0x67, 0xE6, 0x7B, 0x78,
    0x5A, 0xD0, 0x67, 0x11, 0x9E, 0xEA, 0x68, 0x8D, 0x27, 0xC4, 0x2D, 0xAB, 0xF1, 0x3E, 0x59, 0x8D,
    0x37, 0x4C, 0xF9, 0xD4, 0xD0, 0xA9, 0xC3, 0xFB, 0x2E, 0x01, 0x46, 0x93, 0x00, 0x22, 0x17, 0x03,
    0x74, 0x26, 0x28, 0xB1, 0x19, 0x7C, 0xBC, 0xC8, 0x6D, 0x5D, 0x71, 0x1B, 0x32, 0x3D, 0x07, 0x23,
    0x9D, 0xF1, 0x9A, 0x74, 0xAE, 0xA7, 0x33, 0x76, 0x00, 0xD5, 0xE5, 0xDC, 0xB9, 0xDF, 0xD7, 0x7A,
    0x7E, 0x87, 0xCF, 0x88, 0x32, 0x37, 0x40, 0x5A, 0x80, 0x4D, 0x20, 0xCA, 0xD3, 0x2E, 0x42, 0x32,
    0xB1, 0x11, 0x00, 0x55, 0x42, 0xE7, 0x06, 0x9B, 0xF1, 0x31, 0x34, 0x41, 0x39, 0xBE, 0x0A, 0xB5,
    0xD9, 0x3C, 0xA2, 0x9E, 0x8B, 0x44, 0x0B, 0x81, 0x33, 0x91, 0x16, 0x2F, 0x46, 0x79, 0x07, 0x52,
    0xCC, 0xFF, 0xF9, 0x1A, 0x9F, 0xE9, 0x8E, 0xC1, 0x6B, 0x5C, 0x94, 0x23, 0xF5, 0x79, 0x04, 0x84,
    0x7A, 0x8E, 0x77, 0xAE, 0x90, 0xA1, 0xB2, 0x11, 0x6F, 0xB9, 0xAA, 0x56, 0x0D, 0xE3, 0x5C, 0x16,
    0x8C, 0x39, 0x16, 0x6B, 0x03, 0xC5, 0xAA, 0x58, 0x60, 0xEB, 0x72, 0xA2, 0x12, 0x19, 0x0D, 0x09,
    0x24, 0xC8, 0xF0, 0xAA, 0x29, 0x34, 0x66, 0xDB, 0xB1, 0xD2, 0xAE, 0xD6, 0x2E, 0x0F, 0x5A, 0xFD,
    0xBC, 0xD3, 0xB2, 0xAC, 0xB5, 0x45, 0xFA, 0xEF, 0xF7, 0x0D, 0x37, 0x4D, 0xBE, 0x13, 0x4A, 0xB8,
    0x71, 0x69, 0x61, 0xB8, 0x75, 0x78, 0x47, 0x6E, 0x1E, 0x96, 0xDA, 0x3E, 0xC3, 0x0D, 0x2C, 0xB9,
    0x5C, 0xD3, 0x75, 0xA4, 0x89, 0xD0, 0x4A, 0x1B, 0xA1, 0xE7, 0x46, 0x7E, 0x06, 0x3D, 0xB7, 0xB2,
    0x28, 0x5B, 0xBF, 0x79, 0x81, 0x99, 0xFA, 0xB5, 0x64, 0xFC, 0x04, 0xD2, 0x9F, 0xCB, 0xE7, 0xFC,
    0x5B, 0xE0, 0xF3, 0x98, 0x7B, 0xFF, 0xF5, 0x1E, 0x9D, 0x97, 0xAD, 0xB9, 0x7E, 0x60, 0xE8, 0xDE,
    0xBD, 0x49, 0xB0, 0xFF, 0x46, 0x83, 0xFC, 0x8E, 0xA0, 0x2C, 0x86, 0x64, 0x84, 0x22, 0x1A, 0x96,
    0xED, 0x0A, 0x99, 0x2F, 0xAD, 0x89, 0x05, 0xD3, 0x26, 0xAB, 0xE2, 0x21, 0x05, 0xE4, 0xEC, 0x9E,
    0x7B, 0xB9, 0x8D, 0xE9, 0x8C, 0xDC, 0x48, 0x7C, 0x87, 0x8C, 0x4F, 0x57, 0x7F, 0x09, 0xF8, 0x44,
    0x22, 0x94, 0x41, 0xC7, 0x67, 0x6A, 0x58, 0x4A, 0x1F, 0x98, 0xEB, 0xF9, 0x26, 0xB4, 0x0B, 0x69,
    0x2A, 0xDE, 0xDB, 0xF8, 0x6C, 0xE0, 0x4A, 0x65, 0x04, 0x93, 0xD8, 0x92, 0xA0, 0xBE, 0xAE, 0x7A,
    0xA1, 0xEC, 0x15, 0x5B, 0xD4, 0x25, 0x3D, 0x49, 0x1D, 0x98, 0x70, 0x4D, 0xBF, 0xA5, 0x96, 0x13,
    0x6D, 0xD4, 0x76, 0xE2, 0x51, 0x96, 0x22, 0x43, 0xED, 0x27, 0x8E, 0x62, 0x0A, 0x00, 0x84, 0x53,
    0xB1, 0x5F, 0x98, 0x8A, 0x7D, 0x28, 0x88, 0x8E, 0xFB, 0x0B, 0xA4, 0x22, 0xD4, 0x8E, 0x7E, 0x09,
    0xB4, 0x58, 0x0B, 0x92, 0xD0, 0x69, 0x29, 0xC2, 0x2C, 0x34, 0xCD, 0xA9, 0x0A, 0xF8, 0x0F, 0xFB,
    0x02, 0xBB, 0x15, 0xFB, 0x02, 0xC1, 0xC7, 0x86, 0x65, 0x1D, 0xF5, 0x45, 0xDC, 0xD2, 0xDB, 0x45,
    0x4B, 0x7D, 0xB1, 0xAC, 0xA9, 0x2F, 0xE2, 0xFC, 0xE4, 0xFB, 0x22, 0xD0, 0x26, 0xA4, 0xCA, 0xBB,
    0x99, 0xB2, 0x16, 0xB6, 0x99, 0xFB, 0x06, 0x5B, 0xCD, 0x7D, 0x83, 0xED, 0xE6, 0x3E, 0xC1, 0x96,
    0x73, 0x89, 0x6D, 0x3F, 0x83, 0x7D, 0x23, 0x72, 0xD2, 0xFE, 0x80, 0xFA, 0xA6, 0xEB, 0xA8, 0x6F,
    0xDE, 0x6E, 0xA9, 0x6F, 0x50, 0x8D, 0x21, 0xE1, 0x49, 0x45, 0x7D, 0xB3, 0x97, 0x9F, 0x36, 0x39,
    0xC1, 0xF6, 0x8A, 0xBE, 0x51, 0x21, 0xC1, 0x36, 0x73, 0xDF, 0x60, 0xAB, 0xB9, 0x6F, 0xB0, 0xDD,
    0xDC, 0x27, 0xD8, 0xF2, 0x33, 0x2C, 0x37, 0xD2, 0x37, 0x57, 0x58, 0x87, 0x2D, 0x73, 0xEA, 0x1B,
    0x3C, 0xFF, 0x9C, 0x55, 0x41, 0xC6, 0xCC, 0x87, 0x7D, 0x73, 0xE5, 0xD4, 0xF4, 0xCD, 0x15, 0x6D,
    0xC2, 0x32, 0x77, 0x25, 0xF7, 0x09, 0xB6, 0x53, 0xFA, 0x44, 0xFB, 0xE2, 0xCA, 0xD9, 0xED, 0x93,
    0x49, 0x39, 0x64, 0x6A, 0xBD, 0x94, 0x6A, 0x4F, 0xA8, 0xD2, 0xD6, 0x11, 0x66, 0x52, 0x1A, 0xA0,
    0xE5, 0x2F, 0x37, 0xF4, 0xBC, 0xF4, 0x13, 0xF7, 0xD4, 0x5C, 0xDB, 0xF7, 0xF3, 0x51, 0x80, 0x28,
    0x63, 0x14, 0x86, 0xAB, 0xB9, 0x94, 0xCB, 0xC6, 0x84, 0x85, 0xA1, 0xDE, 0x33, 0xD1, 0x98, 0xC7,
    0x03, 0xB6, 0x24, 0xD2, 0xF1, 0x90, 0x06, 0xC8, 0x0E, 0x4B, 0x22, 0xB5, 0xA6, 0x16, 0x2E, 0x61,
    0x64, 0x3B, 0x05, 0x39, 0x81, 0xD4, 0x97, 0x49, 0x5B, 0xC2, 0xE7, 0x47, 0x7F, 0x41, 0xC3, 0x32,
    0xDB, 0x23, 0x15, 0x8F, 0xC3, 0xC0, 0x48, 0x20, 0x6C, 0x9F, 0x72, 0xD3, 0x3E, 0x78, 0x7F, 0xEB,
    0x98, 0xEF, 0x68, 0x5F, 0x2A, 0xCD, 0x69, 0x35, 0x7F, 0x1F, 0x3C, 0xE2, 0xEF, 0xB6, 0x1F, 0x91,
    0x85, 0xD0, 0x61, 0x31, 0x8D, 0x79, 0xCE, 0x0A, 0xF2, 0x78, 0xC6, 0xD9, 0x42, 0x87, 0xCD, 0xA1,
    0xCD, 0x76, 0xBB, 0x2B, 0x87, 0x6B, 0x57, 0x43, 0x5C, 0x2D, 0xA2, 0xD8, 0x32, 0xC6, 0x94, 0xB9,
    0x88, 0x51, 0xA5, 0x2B, 0x2B, 0xAE, 0x6C, 0x15, 0x31, 0xB2, 0x88, 0x96, 0x62, 0x7B, 0x9B, 0x6B,
    0x88, 0xEE, 0x1A, 0xF9, 0xC9, 0xE2, 0x3B, 0x21, 0x3C, 0x61, 0x3C, 0xA1, 0xEC, 0xE1, 0x3C, 0x21,
    0x7D, 0x0C, 0xD6, 0x73, 0x24, 0x7D, 0xEC, 0x2C, 0x9A, 0xFE, 0x67, 0xC1, 0x63, 0xFF, 0xC7, 0xE6,
    0xB1, 0xAC, 0xAD, 0x49, 0x7B, 0x83, 0xDE, 0x7E, 0x9B, 0x3F, 0xA3, 0x7E, 0x58, 0xF5, 0xEA, 0x4A,
    0xE8, 0xF1, 0x26, 0x8D, 0x74, 0xBD, 0xE5, 0x4C, 0x04, 0xEF, 0x95, 0x1C, 0x2D, 0xE6, 0x55, 0x81,
    0x56, 0x78, 0x99, 0xA3, 0x05, 0x0D, 0x39, 0x39, 0x05, 0x78, 0x42, 0x5F, 0x03, 0x1D, 0x03, 0xA4,
    0x79, 0x4D, 0x84, 0x0F, 0xE8, 0x6E, 0xB0, 0xBF, 0x01, 0xBE, 0x20, 0x90, 0x3B, 0xC1, 0x7E, 0x05,
    0x3B, 0x18, 0x5C, 0x93, 0xCF, 0x8E, 0xFC, 0xE2, 0x82, 0x0B, 0xE1, 0x4E, 0x48, 0xF8, 0x1A, 0x44,
    0x27, 0x7B, 0x72, 0x9D, 0xEB, 0xF6, 0xAC, 0xB1, 0x1D, 0x3D, 0x4E, 0x34, 0x1D, 0xD8, 0xCE, 0xE5,
    0x7B, 0x23, 0x64, 0xBF, 0x20, 0xDE, 0xA5, 0x71, 0x10, 0x4F, 0xD1, 0x10, 0xD0, 0x29, 0xA4, 0x13,
    0xBA, 0xA7, 0xF1, 0x40, 0xCC, 0xDA, 0xF3, 0x08, 0x88, 0x1E, 0x2A, 0xBB, 0xA8, 0xD3, 0xA5, 0xCC,
    0x7E, 0xC3, 0xCD, 0x23, 0x4E, 0x58, 0xF2, 0x59, 0xC6, 0x0B, 0xA8, 0x7F, 0x4F, 0x1C, 0x2F, 0xC1,
    0xED, 0x6A, 0x2E, 0x48, 0x45, 0xEC, 0x08, 0x06, 0xF8, 0x13, 0xF2, 0x64, 0x18, 0x9D, 0x25, 0x34,
    0x84, 0x47, 0xD9, 0xD2, 0x39, 0x69, 0x09, 0x91, 0xB4, 0x25, 0x34, 0xCA, 0x66, 0x09, 0x3F, 0xDA,
    0x57, 0x07, 0x51, 0xD8, 0x08, 0xC5, 0x8E, 0xBC, 0x23, 0xA4, 0xFC, 0x9F, 0x5C, 0x03, 0xA4, 0x23,
    0xB4, 0x17, 0xB4, 0x0B, 0x14, 0xFF, 0x4A, 0xC0, 0x6F, 0x04, 0xF9, 0x46, 0x60, 0xAF, 0x14, 0x73,
    0x05, 0x5C, 0xD1, 0x56, 0xA8, 0x2D, 0xCE, 0x0A, 0xB2, 0x22, 0xFC, 0x98, 0x31, 0x88, 0x4B, 0x81,
    0x79, 0x67, 0x59, 0x00, 0xFA, 0x92, 0x69, 0xF5, 0x07, 0x57, 0xF2, 0x27, 0x0A, 0x3A, 0xA0, 0xF7,
    0xBF, 0xFC, 0x3B, 0xF4, 0xF7, 0x3E, 0xC2, 0x86, 0xDE, 0x45, 0x6B, 0x26, 0x2C, 0x7C, 0xD5, 0x20,
    0x2C, 0xE8, 0x8B, 0x60, 0xAC, 0x22, 0xBF, 0xD0, 0x32, 0x52, 0x6E, 0x89, 0x55, 0xAF, 0xC4, 0x9F,
    0x9A, 0x3D, 0xE5, 0x96, 0x8C, 0x70, 0x34, 0x7B, 0x58, 0x92, 0xAB, 0x0D, 0x88, 0x00, 0x36, 0x00,
    0xD9, 0xE6, 0x1B, 0x1F, 0x50, 0x89, 0x9E, 0x25, 0xB6, 0xAC, 0xE5, 0x10, 0xC0, 0x52, 0xFA, 0x29,
    0xC4, 0x46, 0x92, 0xA4, 0x2E, 0x09, 0x7B, 0x72, 0xE9, 0x7B, 0xD4, 0x9C, 0x59, 0x1D, 0x42, 0x85,
    0x9A, 0x70, 0x55, 0xC5, 0x1C, 0x49, 0xC0, 0x7E, 0xEA, 0x99, 0xD3, 0x73, 0x04, 0x35, 0x24, 0x13,
    0x09, 0xCD, 0xA7, 0x7A, 0x1F, 0x61, 0x5C, 0x55, 0xC2, 0xE1, 0xAB, 0x42, 0xCA, 0xB2, 0x88, 0x6B,
    0x79, 0xAF, 0x3E, 0xB3, 0x36, 0x39, 0x53, 0xEA, 0xC9, 0xC0, 0xF8, 0x6B, 0xE6, 0xFE, 0xDF, 0x94,
    0xEC, 0x4F, 0x90, 0x9A, 0x64, 0xA7, 0x59, 0x4A, 0x6A, 0x87, 0x40, 0x7D, 0xF3, 0xB5, 0x0D, 0x95,
    0x79, 0x46, 0x70, 0x41, 0xA9, 0x61, 0x5C, 0x94, 0xFE, 0x62, 0xAE, 0xAD, 0x9F, 0x2A, 0x2E, 0xC1,
    0x6C, 0x44, 0xD0, 0x5B, 0xF4, 0xB3, 0xE1, 0x40, 0x47, 0x03, 0x1D, 0x0C, 0xC6, 0x7C, 0x73, 0x24,
    0x08, 0x44, 0x57, 0x20, 0x73, 0x62, 0xFF, 0xC5, 0x48, 0x3A, 0xEA, 0x8B, 0x8C, 0x22, 0x47, 0xA8,
    0x31, 0xD0, 0x46, 0x5C, 0x0C, 0x11, 0xD4, 0xA4, 0x2B, 0x62, 0x40, 0xEE, 0xC6, 0x21, 0x80, 0xC3,
    0x25, 0x68, 0x38, 0xD7, 0x59, 0x83, 0x03, 0x00, 0xD0, 0x58, 0xD7, 0xAF, 0x3E, 0x62, 0xFD, 0xB1,
    0xFA, 0x21, 0x9B, 0xD0, 0x65, 0x51, 0xF6, 0x25, 0x8E, 0x8B, 0xC5, 0x5E, 0x3E, 0x35, 0x4A, 0xC9,
    0x56, 0xAA, 0xB3, 0x79, 0x51, 0xFB, 0x9E, 0xA7, 0x0E, 0x4B, 0x89, 0x16, 0xF2, 0xE1, 0xA5, 0x8B,
    0x6C, 0x8D, 0x5E, 0x64, 0xEB, 0x3B, 0x17, 0xC9, 0x8F, 0x5A, 0x19, 0x9E, 0x17, 0xF7, 0x35, 0x8C,
    0xD6, 0x8D, 0x4A, 0xD2, 0xF7, 0xA8, 0x38, 0x5D, 0xCA, 0xEF, 0x79, 0xE1, 0x76, 0xB4, 0x2D, 0x98,
    0xDD, 0x29, 0x66, 0xDB, 0x88, 0xF2, 0x12, 0x21, 0xBF, 0xF5, 0xC8, 0x42, 0x7E, 0xBA, 0x94, 0xD7,
    0xD3, 0xA3, 0x6B, 0x3A, 0x94, 0xD5, 0x82, 0x71, 0x5E, 0xDA, 0xCF, 0x37, 0x8E, 0x73, 0x8D, 0xC7,
    0xB3, 0xD6, 0xC6, 0x97, 0xA4, 0xD9, 0x69, 0xAE, 0xB3, 0x0C, 0x52, 0x14, 0xAC, 0x8D, 0xAF, 0x3F,
    0x86, 0x36, 0x3E, 0x25, 0x5A, 0x25, 0xCD, 0x45, 0xAB, 0xB0, 0xE9, 0x89, 0x7D, 0x46, 0xFF, 0x4D,
    0x5A, 0xE5, 0xCA, 0x19, 0x6B, 0xE7, 0xE3, 0x6B, 0x3F, 0x21, 0xE3, 0x8F, 0x74, 0x14, 0xBD, 0xDB,
    0xCE, 0xCA, 0xE5, 0x0F, 0x9B, 0x93, 0x93, 0x9E, 0x67, 0x68, 0x22, 0x9E, 0x4A, 0xFA, 0x9F, 0xA1,
    0x29, 0xB8, 0xA9, 0x4D, 0x09, 0x0F, 0x2A, 0x19, 0x87, 0xE1, 0xC2, 0xE1, 0x11, 0xB4, 0x37, 0x44,
    0x78, 0xC1, 0x2B, 0x82, 0xEE, 0xED, 0x6D, 0x31, 0x80, 0xB3, 0x69, 0x05, 0x77, 0xDF, 0xB6, 0x7A,
    0x0A, 0x36, 0x2A, 0x41, 0xF7, 0xCE, 0xD1, 0x01, 0x8F, 0xF7, 0xCC, 0x5C, 0x0D, 0x4E, 0x21, 0x15,
    0xAB, 0x08, 0x9D, 0x26, 0x74, 0xAA, 0x90, 0x86, 0x36, 0x17, 0x11, 0xB1, 0xDA, 0xD0, 0x58, 0x75,
    0x68, 0xC3, 0x21, 0xBD, 0xB1, 0x0A, 0xD1, 0x58, 0x8D, 0x68, 0xAC, 0x4A, 0x74, 0x3A, 0x71, 0x8A,
    0x84, 0xB8, 0x40, 0x88, 0x8B, 0x83, 0x4C, 0x61, 0x10, 0x17, 0x05, 0x99, 0xDB, 0x85, 0x17, 0x90,
    0xE4, 0xAD, 0xE3, 0x81, 0x1B, 0x10, 0xDC, 0x88, 0xE0, 0x86, 0x84, 0xD9, 0x98, 0x60, 0xCC, 0x0B,
    0x5A, 0xFE, 0x52, 0x4B, 0x1B, 0x16, 0x53, 0x39, 0x08, 0x5F, 0xD5, 0xD9, 0xF6, 0x7F, 0x53, 0x3E,
    0xFB, 0x58, 0xCA, 0xF8, 0xC3, 0xFA, 0x42, 0x0C, 0x1A, 0xEA, 0x59, 0x25, 0x95, 0x1F, 0x2A, 0xD4,
    0xA0, 0xC2, 0x1B, 0x8C, 0x5D, 0x30, 0xDC, 0x91, 0x42, 0xE0, 0xED, 0xFF, 0xF6, 0xFC, 0x28, 0x90,
    0x60, 0x23, 0x42, 0xAA, 0xBF, 0x71, 0x41, 0x95, 0x37, 0x94, 0x79, 0x06, 0x61, 0x1E, 0x0B, 0x81,
    0xE9, 0xDF, 0x3E, 0x5E, 0xCE, 0xCE, 0x8A, 0x3B, 0x7D, 0xD1, 0xE8, 0x7E, 0x72, 0xB7, 0xDA, 0x4A,
    0xBF, 0xD4, 0x50, 0xFE, 0x83, 0xB7, 0x0E, 0x8C, 0x68, 0x00, 0x9A, 0xA7, 0x34, 0xAC, 0x03, 0x58,
    0xDE, 0x59, 0x0B, 0x60, 0x9B, 0x29, 0xCE, 0x84, 0x7A, 0x20, 0x78, 0xFF, 0x36, 0xCA, 0x80, 0x7C,
    0x13, 0x94, 0x83, 0xE8, 0x02, 0x64, 0xDF, 0x41, 0xB4, 0x01, 0xFE, 0x78, 0x10, 0x7D, 0xB0, 0x87,
    0x1A, 0x40, 0x35, 0x02, 0xC9, 0x8E, 0xE8, 0x04, 0xC8, 0x8D, 0x68, 0x05, 0xD0, 0xF4, 0xA3, 0x7D,
    0xB8, 0xEF, 0x49, 0xFE, 0xA4, 0x0B, 0x9C, 0x78, 0x5C, 0x9A, 0x24, 0xC4, 0xFD, 0x8E, 0x52, 0x94,
    0xA4, 0x87, 0x4B, 0xA7, 0x25, 0xFE, 0x70, 0xD2, 0x13, 0x93, 0xA6, 0xF0, 0x74, 0x85, 0xA7, 0x2D,
    0x66, 0x46, 0x05, 0x3A, 0x46, 0xB7, 0xE4, 0x52, 0xA8, 0xDA, 0x38, 0x95, 0x89, 0x44, 0x3D, 0xE3,
    0x88, 0x39, 0x49, 0x7B, 0xC6, 0xB8, 0x93, 0xC0, 0x5F, 0xFB, 0x4B, 0x24, 0x95, 0x65, 0x9E, 0xAE,
    0x55, 0xB0, 0xD8, 0xD3, 0xAF, 0x2B, 0x96, 0x7C, 0xEA, 0xA1, 0x82, 0x85, 0x1F, 0x69, 0xA2, 0x4B,
    0x8D, 0x32, 0x7B, 0x6B, 0x44, 0x05, 0x10, 0xBD, 0xA2, 0x05, 0x28, 0x8E, 0xC9, 0x8A, 0x80, 0x5B,
    0xA3, 0xBA, 0xC0, 0x33, 0x99, 0x7C, 0x0C, 0x84, 0xDE, 0xB8, 0xB1, 0x0A, 0x81, 0x39, 0x65, 0xAA,
    0x31, 0xB7, 0x73, 0x10, 0xDD, 0x19, 0x80, 0x6E, 0x40, 0xB4, 0x6A, 0xC2, 0x93, 0x06, 0x5F, 0x59,
    0x9C, 0x2E, 0x3E, 0xA0, 0xF1, 0x41, 0xF8, 0xC0, 0xB6, 0xDA, 0x8E, 0x11, 0xD3, 0x28, 0x71, 0x18,
    0x17, 0x7F, 0xAC, 0x98, 0x46, 0x8B, 0xF3, 0xCB, 0x07, 0x7E, 0xC0, 0x70, 0x56, 0x73, 0x23, 0xFB,
    0xE3, 0xF3, 0xC1, 0xE6, 0x91, 0x99, 0x2D, 0x77, 0x2F, 0x0E, 0x7F, 0xBB, 0xE3, 0xA1, 0xC3, 0x3C,
    0x74, 0x5E, 0x90, 0x7C, 0x04, 0xAD, 0xFC, 0x2C, 0x91, 0x8C, 0xDA, 0xC3, 0x53, 0xC5, 0xB1, 0xAB,
    0x45, 0x8D, 0x79, 0xF8, 0x71, 0x51, 0xA5, 0x7B, 0xCF, 0xB3, 0x15, 0x26, 0xCE, 0x32, 0x6F, 0x88,
    0xC5, 0xCF, 0x40, 0xF6, 0x62, 0xF5, 0x73, 0x7D, 0x10, 0xCB, 0xDF, 0x5A, 0x36, 0x64, 0xFD, 0x3F,
    0x67, 0xA2, 0x5B, 0x94, 0x48, 0x4C, 0x1E, 0xC0, 0xB2, 0x89, 0x86, 0x70, 0x14, 0x2E, 0x4B, 0xEB,
    0x45, 0x1F, 0x8C, 0xEA, 0x09, 0x54, 0x71, 0x1F, 0x80, 0x7A, 0x03, 0x55, 0xD2, 0x05, 0x20, 0xBC,
    0x06, 0x4D, 0x3A, 0x44, 0xA3, 0xE5, 0x36, 0x4A, 0xA0, 0xB0, 0xFC, 0x46, 0xDD, 0xAF, 0xDE, 0x01,
    0xC0, 0x8A, 0x52, 0x61, 0x49, 0x7A, 0x9B, 0xD5, 0x3A, 0x86, 0x62, 0x92, 0x5F, 0x5F, 0x82, 0x7D,
    0x19, 0xF6, 0xB1, 0xF3, 0xD1, 0xF3, 0xF9, 0xCF, 0xE7, 0x40, 0x9F, 0x07, 0x7D, 0x2E, 0x9C, 0xF1,
    0xE1, 0x8C, 0x13, 0x7D, 0x5E, 0x3C, 0x3B, 0x18, 0x92, 0xDC, 0x5A, 0x0C, 0x8D, 0xD9, 0x86, 0x55,
    0x59, 0x6C, 0xFF, 0xFC, 0xCB, 0xC6, 0x70, 0x6B, 0x48, 0x6B, 0x36, 0x39, 0xB0, 0x51, 0x3F, 0x62,
    0xB2, 0x60, 0xBB, 0xCE, 0xDC, 0xF5, 0xCB, 0x17, 0xEF, 0x97, 0x3D, 0xCF, 0x8B, 0x62, 0xDD, 0xA5,
    0x77, 0x43, 0x08, 0x62, 0xCD, 0x27, 0xA4, 0x88, 0x00, 0xE9, 0xCA, 0xE0, 0xC0, 0x7C, 0x53, 0x32,
    0xEB, 0xD7, 0x34, 0x31, 0xB2, 0x2A, 0xB2, 0x5A, 0x3D, 0x61, 0x54, 0x95, 0x69, 0xAD, 0xEE, 0x30,
    0x5E, 0x25, 0x6D, 0x58, 0x67, 0xC6, 0x03, 0xAF, 0x64, 0x60, 0xAD, 0xB9, 0x5C, 0x87, 0x88, 0x42,
    0x6D, 0xF5, 0x26, 0xF9, 0x38, 0xAA, 0x39, 0x39, 0xC5, 0x51, 0x74, 0x67, 0x09, 0x9F, 0xC1, 0x28,
    0xDA, 0x13, 0x41, 0x7B, 0x17, 0x6F, 0x3F, 0xE9, 0xCF, 0x47, 0xC4, 0xEA, 0xA8, 0xBA, 0x97, 0x39,
    0x94, 0x7A, 0x78, 0x2E, 0xBD, 0xA4, 0xFB, 0xC4, 0xAF, 0x7B, 0xBF, 0xB9, 0x74, 0x04, 0xEF, 0xF9,
    0xCC, 0xA7, 0xA3, 0x36, 0x1F, 0x6F, 0xE5, 0xC6, 0xB1, 0x5F, 0x8C, 0x3F, 0x71, 0xFC, 0xB7, 0xE2,
    0x51, 0x87, 0x18, 0xF0, 0x05, 0x1E, 0x73, 0x73, 0x1B, 0x5F, 0x49, 0xE0, 0x3F, 0x10, 0x6E, 0x09,
    0xB2, 0x54, 0xD8, 0xC5, 0x65, 0x25, 0x3C, 0xB8, 0x2A, 0xB0, 0x37, 0x90, 0x3C, 0x66, 0xC2, 0xF2,
    0x5D, 0x5A, 0x0A, 0x51, 0x30, 0x17, 0x06, 0xF0, 0x21, 0x50, 0x16, 0xA8, 0x65, 0xC3, 0x11, 0x6F,
    0x61, 0x3C, 0x3E, 0x5C, 0xEB, 0xB0, 0xFE, 0x7F, 0x1C, 0x84, 0xD0, 0x91, 0xBD, 0xD8, 0x67, 0xAB,
    0xC1, 0xC2, 0xF5, 0x67, 0xEF, 0xE7, 0x73, 0x1C, 0x67, 0x00, 0xCF, 0xBF, 0xF1, 0x21, 0x9E, 0xF1,
    0xE3, 0x8C, 0x21, 0x67, 0x1C, 0x39, 0x63, 0xC9, 0x39, 0x4F, 0xCE, 0x99, 0x72, 0xCE, 0x95, 0xCA,
    0x8A, 0x7B, 0xB7, 0x8C, 0x63, 0x45, 0x02, 0x4A, 0x59, 0x31, 0xE6, 0xA0, 0x1C, 0x19, 0x3C, 0x39,
    0x01, 0xDE, 0x32, 0x2B, 0x46, 0xBD, 0x81, 0xFB, 0xAB, 0x8E, 0x59, 0x71, 0xD1, 0x47, 0x50, 0x24,
    0x3D, 0xB3, 0x62, 0xDC, 0x25, 0x94, 0x35, 0xCC, 0xAC, 0x98, 0x74, 0x29, 0x85, 0x71, 0x98, 0x15,
    0xD3, 0x61, 0x85, 0xA8, 0xB6, 0x96, 0x15, 0x7F, 0x73, 0x1B, 0x65, 0x74, 0x62, 0xC5, 0x4A, 0x58,
    0x31, 0xE3, 0xDC, 0x61, 0x66, 0x45, 0xCA, 0x3B, 0x86, 0xC6, 0xB2, 0xE2, 0xE5, 0xB7, 0x5E, 0x3F,
    0x1D, 0xAC, 0x78, 0xC4, 0x71, 0xC7, 0x7F, 0x03, 0x47, 0xBE, 0xB9, 0x73, 0x8C, 0x52, 0x3D, 0x4B,
    0x8C, 0x4D, 0xE6, 0x83, 0x63, 0x6C, 0x81, 0x4D, 0x19, 0xDB, 0xC3, 0xD0, 0xB7, 0x20, 0x4E, 0x8A,
    0xB1, 0x77, 0x9D, 0x75, 0x86, 0xB4, 0xD0, 0x51, 0x56, 0xCB, 0x64, 0xAA, 0xDC, 0xF1, 0xDF, 0x80,
    0xFF, 0xB3, 0x5D, 0xCF, 0x9D, 0x32, 0x31, 0x4B, 0xAA, 0xED, 0x0A, 0xD7, 0xAF, 0xFB, 0xBF, 0x79,
    0x98, 0x43, 0xB9, 0x1B, 0x9F, 0x1E, 0x63, 0x7C, 0xBA, 0xB9, 0x55, 0xA5, 0x3D, 0x56, 0x35, 0x77,
    0x72, 0xC3, 0x55, 0x91, 0x1A, 0xAD, 0x92, 0xCC, 0x94, 0xF9, 0xAA, 0x57, 0x89, 0x29, 0xFF, 0x04,
    0xF9, 0x58, 0x67, 0xB1, 0x4A, 0x0E, 0xA3, 0x93, 0xB4, 0x94, 0x3C, 0x97, 0xC7, 0xB2, 0x52, 0x22,
    0xC0, 0xAD, 0x48, 0x4A, 0x39, 0x12, 0x49, 0x2C, 0x27, 0xC8, 0x74, 0xBC, 0xD2, 0x88, 0xA4, 0x04,
    0xFB, 0xAF, 0x51, 0x19, 0x29, 0xF6, 0xA0, 0x9E, 0x0C, 0xFD, 0x6A, 0x92, 0x0F, 0x1B, 0x34, 0xD1,
    0xB9, 0x42, 0x94, 0x0D, 0xA0, 0xB8, 0x89, 0x87, 0xAE, 0x07, 0xBA, 0xD7, 0x17, 0xDE, 0xA7, 0xDE,
    0x6F, 0x3D, 0x79, 0xF0, 0xA4, 0xC1, 0x93, 0x05, 0x4F, 0x12, 0x7C, 0x39, 0xF0, 0xA5, 0x60, 0x2E,
    0x03, 0x97, 0x5F, 0x3B, 0x36, 0x5E, 0xF0, 0xA4, 0xB5, 0x80, 0x6A, 0xB1, 0x3A, 0x09, 0x49, 0x5B,
    0x82, 0xCE, 0x8E, 0x7D, 0xC6, 0x93, 0xA7, 0xD8, 0xAE, 0x84, 0x5B, 0x47, 0x3C, 0x9F, 0xC0, 0xFD,
    0xC5, 0x9A, 0x39, 0x3E, 0x81, 0x3A, 0x1C, 0x99, 0xDF, 0x13, 0x5A, 0x53, 0x21, 0xDC, 0x3E, 0x98,
    0x68, 0x2D, 0xBC, 0xDE, 0x05, 0xFB, 0x83, 0x73, 0x0A, 0x7A, 0xC7, 0xE7, 0x8D, 0x06, 0x53, 0x2C,
    0x8F, 0x03, 0xD1, 0x7A, 0xA2, 0xA1, 0xD2, 0xED, 0x98, 0xDA, 0x10, 0x55, 0xD2, 0xBA, 0x45, 0xAF,
    0x5E, 0x6D, 0xFA, 0x76, 0x87, 0xE9, 0xF6, 0x00, 0xD5, 0x8B, 0xB9, 0xCA, 0x33, 0xC9, 0xA9, 0x88,
    0x73, 0x0A, 0xAD, 0x4A, 0xF3, 0x0A, 0xA5, 0x54, 0x84, 0x19, 0x1E, 0x1C, 0xE8, 0x6F, 0x64, 0xF5,
    0x3B, 0x89, 0xB2, 0xAC, 0x58, 0x20, 0x49, 0x06, 0x95, 0x86, 0x02, 0xB5, 0xC2, 0x65, 0x23, 0x72,
    0xBC, 0xFA, 0xF7, 0xD2, 0x88, 0xC3, 0x8E, 0xD7, 0x32, 0x4E, 0x8A, 0x0B, 0x2B, 0xC4, 0xA3, 0x93,
    0xE1, 0x5A, 0xAD, 0x48, 0xB8, 0x75, 0xD2, 0x21, 0xE4, 0xE0, 0x75, 0x7B, 0xF9, 0x51, 0x38, 0x83,
    0x43, 0xBF, 0xC4, 0x18, 0x31, 0xAD, 0xF0, 0x63, 0xBE, 0x80, 0x9F, 0x48, 0xDC, 0x92, 0x57, 0x36,
    0x11, 0x57, 0x2C, 0x1B, 0xFA, 0x1D, 0x32, 0x05, 0x55, 0x84, 0x27, 0x5A, 0x53, 0x88, 0xFF, 0xBD,
    0x7E, 0x49, 0x9C, 0xEF, 0x88, 0x16, 0x9D, 0x2B, 0x43, 0x74, 0x96, 0x1F, 0x2C, 0x3B, 0xDC, 0x57,
    0x6E, 0xB8, 0x9F, 0x4F, 0xCC, 0xE0, 0x78, 0xC1, 0x91, 0xEC, 0x28, 0xCE, 0x0E, 0x57, 0xEA, 0x4D,
    0x2E, 0x98, 0x92, 0x33, 0xDA, 0x4D, 0x16, 0x38, 0xDA, 0x83, 0x71, 0xC3, 0x7B, 0x38, 0x6E, 0x09,
    0x0C, 0x0D, 0xC7, 0xC6, 0x82, 0x76, 0x6C, 0xB4, 0xED, 0x58, 0x1E, 0xEA, 0x21, 0x57, 0x49, 0x8A,
    0xA3, 0x2D, 0x9C, 0x0B, 0xCC, 0x85, 0x6E, 0x09, 0x59, 0xB4, 0xDE, 0xAC, 0x04, 0xFD, 0xC3, 0x8D,
    0x43, 0xB7, 0xEE, 0x6C, 0x09, 0x95, 0x70, 0x66, 0x06, 0x8D, 0xDA, 0x2B, 0x44, 0x3B, 0x67, 0xDB,
    0x7C, 0x57, 0x82, 0x93, 0xE1, 0x7A, 0x21, 0x91, 0xC9, 0x70, 0x1D, 0x49, 0x58, 0x32, 0x84, 0x3F,
    0x1F, 0x98, 0x27, 0x43, 0xD0, 0x29, 0x9D, 0x80, 0x2A, 0x62, 0xA1, 0x80, 0x4E, 0xE8, 0xEC, 0xFD,
    0xB3, 0xCE, 0xE7, 0x20, 0xF6, 0x96, 0x1D, 0x5B, 0xCB, 0x8D, 0x95, 0x65, 0x46, 0xCB, 0x8B, 0x53,
    0xEA, 0xCD, 0xC4, 0x89, 0x8E, 0x11, 0xB7, 0xA0, 0xDA, 0x6C, 0x32, 0xA1, 0xE3, 0x41, 0xC7, 0x82,
    0x13, 0x07, 0x4E, 0x0C, 0xB8, 0x9D, 0xFF, 0xCE, 0x11, 0x98, 0x6C, 0xE2, 0x4D, 0xC9, 0x8E, 0x13,
    0x74, 0xC7, 0xB1, 0xE8, 0xB3, 0x00, 0x73, 0xD0, 0xAF, 0x9C, 0xA6, 0x9C, 0x54, 0xE6, 0xB0, 0x03,
    0xF3, 0x28, 0x30, 0xD3, 0xFC, 0x48, 0x35, 0xE2, 0xBE, 0x3A, 0xE6, 0x48, 0x0F, 0xAC, 0x31, 0x6E,
    0xB3, 0x81, 0x74, 0x01, 0x3E, 0x11, 0x2D, 0x3A, 0x33, 0xFD, 0xAD, 0x9A, 0x74, 0xB4, 0x4D, 0x8D,
    0x4C, 0x39, 0x56, 0x48, 0x15, 0xCF, 0x38, 0xFE, 0x67, 0x29, 0x21, 0x74, 0x44, 0xBD, 0x62, 0x9D,
    0x89, 0xA8, 0x57, 0x6A, 0xCD, 0x81, 0xE8, 0xCC, 0xE0, 0xA7, 0x76, 0xB2, 0x31, 0x04, 0x3B, 0xD7,
    0x38, 0xDA, 0xA9, 0xC6, 0xC1, 0xCE, 0x34, 0x36, 0xAA, 0x33, 0x1F, 0x98, 0x93, 0x1D, 0xB9, 0xA7,
    0x35, 0xD9, 0xDB, 0xAC, 0xC4, 0xE3, 0xD7, 0xCC, 0x1F, 0x46, 0x75, 0x82, 0x75, 0xC2, 0x55, 0x81,
    0xE5, 0xCB, 0xFD, 0xD6, 0xAE, 0xBF, 0xCE, 0x6A, 0x4B, 0x2C, 0x62, 0x6B, 0x33, 0x08, 0x09, 0x5C,
    0x1B, 0x4F, 0xD1, 0x1A, 0xC1, 0x2B, 0x59, 0x5A, 0xE8, 0x9E, 0x57, 0x92, 0xA7, 0x15, 0x7C, 0x80,
    0x00, 0xCB, 0x02, 0xD4, 0x10, 0xDC, 0x1A, 0xE0, 0xD1, 0xA6, 0x80, 0xC2, 0x60, 0x73, 0x40, 0x39,
    0xA4, 0xC2, 0x1C, 0xF5, 0xC0, 0xCB, 0x02, 0x7D, 0xBA, 0x0B, 0xE5, 0x77, 0xF8, 0x7D, 0x31, 0xFC,
    0xFC, 0x2C, 0x38, 0x2F, 0x9F, 0x76, 0x4A, 0xA8, 0x9D, 0x32, 0x6A, 0x37, 0x52, 0x6A, 0xCD, 0xEF,
    0x2E, 0x2C, 0x04, 0xFF, 0xD8, 0x6C, 0x54, 0xD2, 0xB8, 0xDE, 0x8D, 0x51, 0x8F, 0xA0, 0x56, 0xC3,
    0x46, 0xD7, 0x2C, 0x2E, 0xFE, 0x57, 0xD1, 0x88, 0x6D, 0x25, 0x6A, 0x87, 0x9D, 0x36, 0x7D, 0x24,
    0x6D, 0xEA, 0x40, 0x9C, 0x50, 0xC4, 0x9A, 0x63, 0xDF, 0x47, 0xC1, 0xF1, 0x02, 0xEA, 0x80, 0x1D,
    0x6A, 0x27, 0xA1, 0x39, 0xA7, 0x8D, 0x07, 0x43, 0x6E, 0x61, 0x5A, 0xF0, 0x0A, 0x01, 0x5A, 0x73,
    0x98, 0xD2, 0xD6, 0x0D, 0x21, 0x8C, 0x14, 0x8F, 0xE2, 0xF6, 0x67, 0xBC, 0x21, 0x61, 0xC6, 0xD9,
    0xAB, 0x19, 0xED, 0x9A, 0x56, 0x2D, 0x79, 0x35, 0xC5, 0x42, 0xD6, 0x11, 0xC8, 0xAA, 0x02, 0x24,
    0x09, 0xCF, 0x89, 0x2C, 0xC9, 0x58, 0x93, 0xF8, 0x44, 0xE8, 0x57, 0x77, 0xB4, 0x05, 0xC8, 0x12,
    0x74, 0xFB, 0x43, 0xD9, 0xFF, 0x10, 0x3D, 0xF7, 0xA0, 0x84, 0x71, 0xD3, 0x46, 0xB3, 0xDA, 0x28,
    0xB6, 0x62, 0x36, 0x45, 0x4E, 0x95, 0x05, 0x56, 0x3A, 0xB9, 0x12, 0x62, 0xBF, 0xB2, 0xA2, 0x8E,
    0x39, 0x50, 0x8F, 0x2D, 0x8A, 0xD7, 0x1A, 0x47, 0x8E, 0xC1, 0x25, 0xDC, 0x55, 0x36, 0x5E, 0xD0,
    0x6A, 0xB8, 0x20, 0x1D, 0x34, 0x5A, 0x10, 0x8F, 0x1A, 0x2C, 0xA0, 0x1D, 0x21, 0x25, 0xD7, 0x8E,
    0x94, 0x35, 0xA7, 0xDA, 0x95, 0x95, 0x2A, 0x6A, 0xB0, 0x0B, 0x22, 0xA6, 0x98, 0xB1, 0x2E, 0x89,
    0x20, 0x3D, 0x25, 0x9E, 0x59, 0x73, 0x22, 0x9E, 0xD9, 0xD9, 0x02, 0x8A, 0x47, 0xB4, 0xE6, 0xA4,
    0x1C, 0x85, 0x41, 0x11, 0x13, 0x8F, 0x0A, 0x11, 0x93, 0x0A, 0x5D, 0x6B, 0xD8, 0x21, 0x36, 0x43,
    0xEC, 0xF5, 0x59, 0xE8, 0xEE, 0x2B, 0xB6, 0x26, 0x80, 0x51, 0x6D, 0x09, 0xD6, 0x37, 0xE5, 0x59,
    0x4B, 0xAA, 0xC5, 0xA2, 0x6B, 0xB1, 0xB6, 0x92, 0x60, 0x1C, 0xED, 0xBC, 0xD4, 0x5B, 0x1F, 0x56,
    0x35, 0x68, 0x00, 0x06, 0xEC, 0x3E, 0x9C, 0xB2, 0x8F, 0x13, 0xCF, 0x0D, 0x2D, 0x47, 0x5B, 0x5B,
    0xA8, 0x4A, 0xA6, 0xED, 0x5E, 0x2A, 0x5B, 0x43, 0x8A, 0x48, 0xEB, 0x02, 0x0F, 0xC0, 0x14, 0x90,
    0x02, 0xDE, 0xBF, 0x2D, 0xAD, 0xF9, 0x47, 0x4B, 0x99, 0xB3, 0x99, 0x66, 0x6F, 0xA6, 0x39, 0x4E,
    0x51, 0xA3, 0xAC, 0x7F, 0x4B, 0x9A, 0xD0, 0xC9, 0x48, 0x4F, 0x0B, 0x48, 0xAD, 0x89, 0x05, 0x80,
    0x74, 0x7C, 0x55, 0x1B, 0x92, 0xB8, 0x1C, 0xB3, 0x08, 0x9C, 0xCA, 0x2F, 0xDD, 0x8E, 0x3B, 0x7B,
    0x1F, 0x1C, 0xCC, 0xF8, 0xE9, 0x2B, 0xB6, 0x62, 0xD7, 0x6F, 0xC5, 0x76, 0x60, 0xB1, 0x5B, 0xBA,
    0xC6, 0x9C, 0x7C, 0xCB, 0x23, 0x88, 0xF6, 0x92, 0x1B, 0x8F, 0xE4, 0xF2, 0x68, 0x0A, 0x89, 0xC2,
    0xA7, 0x69, 0x5D, 0xDE, 0xC8, 0x91, 0x12, 0xD8, 0x6C, 0x2A, 0x6B, 0xC4, 0x2C, 0x43, 0x03, 0x17,
    0x62, 0x26, 0x89, 0xAC, 0xD4, 0x6C, 0xCE, 0x63, 0x45, 0xF2, 0x25, 0x8D, 0x35, 0xA1, 0xA9, 0x32,
    0x32, 0x85, 0x96, 0xBD, 0x35, 0x85, 0x7A, 0x6B, 0x0A, 0xB5, 0xD6, 0x14, 0xAA, 0x6C, 0x30, 0xEE,
    0x64, 0x1C, 0xCB, 0xE7, 0xA6, 0xB9, 0x33, 0xE3, 0xB0, 0xCA, 0x37, 0xC0, 0xF2, 0x86, 0x68, 0x07,
    0x97, 0xDD, 0x70, 0xCF, 0x01, 0xC6, 0x35, 0x17, 0x5A, 0x5D, 0x0D, 0xD3, 0x44, 0xB3, 0xAD, 0x45,
    0xEE, 0x7F, 0xCD, 0xB4, 0x9D, 0x2D, 0xC2, 0xA6, 0x7B, 0x15, 0x11, 0x6E, 0xB2, 0x5D, 0x11, 0x01,
    0x27, 0xC3, 0x76, 0xD2, 0xBB, 0x61, 0xDB, 0xAD, 0x19, 0x14, 0x06, 0x0A, 0xC0, 0x5B, 0x35, 0x48,
    0xCD, 0x7B, 0xBA, 0xC3, 0xF6, 0x0E, 0x97, 0x2F, 0xCF, 0x11, 0xBC, 0xB9, 0x31, 0xF1, 0x7C, 0xA8,
    0xCC, 0x37, 0x4B, 0xF1, 0xF7, 0xCA, 0x5C, 0xDC, 0x3D, 0x2A, 0x65, 0x32, 0x5A, 0x67, 0xA2, 0xED,
    0x62, 0xCA, 0x42, 0xE7, 0xA0, 0x0B, 0x9D, 0x80, 0xD6, 0x3C, 0x0D, 0x94, 0x22, 0x4D, 0xD1, 0xD0,
    0x79, 0xE7, 0x42, 0xD3, 0x4B, 0x0B, 0x55, 0xF0, 0xB9, 0xEA, 0x77, 0x9D, 0x60, 0xB0, 0x86, 0x43,
    0xF3, 0x8C, 0x36, 0x69, 0x3A, 0x0B, 0x78, 0x70, 0x7A, 0xED, 0x33, 0x5A, 0x91, 0x7F, 0x53, 0x2D,
    0x02, 0xD0, 0x61, 0xCD, 0x2B, 0xE5, 0xF3, 0x8B, 0x85, 0x87, 0xCE, 0x86, 0x27, 0xED, 0x13, 0x14,
    0x81, 0x14, 0x87, 0x96, 0xD7, 0x62, 0xC1, 0xD3, 0xDC, 0x92, 0x29, 0x93, 0x74, 0x9A, 0x24, 0x63,
    0xF3, 0x63, 0x38, 0x8B, 0xB8, 0x93, 0x31, 0xAB, 0x9D, 0x2D, 0xAF, 0xAD, 0x24, 0x63, 0xF8, 0x4B,
    0x5C, 0x5E, 0x6B, 0x27, 0xFF, 0x93, 0xF6, 0x0B, 0x96, 0xDD, 0xF1, 0x65, 0xEC, 0x4A, 0x75, 0x1B,
    0x3B, 0xD1, 0xB2, 0x71, 0xA7, 0x1B, 0x16, 0x76, 0xAA, 0x61, 0x5B, 0xD5, 0xAF, 0xAD, 0x6A, 0xD7,
    0xEA, 0xE9, 0x2C, 0x2B, 0xBD, 0x28, 0x74, 0x6E, 0x19, 0x2F, 0x9E, 0x74, 0xF9, 0xAC, 0x75, 0xF4,
    0xC9, 0x14, 0x5C, 0xD9, 0x89, 0xE6, 0x10, 0x06, 0x35, 0xEF, 0x63, 0x00, 0xB5, 0xEF, 0x97, 0xC0,
    0x3B, 0xF7, 0x92, 0xCB, 0xDB, 0x82, 0x4D, 0xD0, 0x23, 0x7A, 0x58, 0xBE, 0xA1, 0xC8, 0xC4, 0xC6,
    0x0F, 0xA1, 0x71, 0x0B, 0xEA, 0xFD, 0xA4, 0x23, 0x35, 0xF3, 0x3F, 0x77, 0xCB, 0xEA, 0x8B, 0xFD,
    0xEE, 0xC4, 0x26, 0x9A, 0x4F, 0x17, 0x1A, 0x92, 0x9C, 0xD8, 0x9D, 0x8A, 0x65, 0x6B, 0xC3, 0xE1,
    0xDC, 0x85, 0x87, 0x67, 0x31, 0xEC, 0x30, 0xDD, 0xBE, 0x30, 0x57, 0x6F, 0xD7, 0x88, 0x2B, 0xCD,
    0x39, 0x96, 0x64, 0xD3, 0xD2, 0x60, 0x61, 0x38, 0x63, 0x83, 0x16, 0xA2, 0xB0, 0x5B, 0x4D, 0xAB,
    0x50, 0x46, 0x3B, 0x64, 0x0C, 0x0B, 0x9B, 0x54, 0xA9, 0xBB, 0x32, 0x64, 0xEB, 0xB8, 0x3F, 0x94,
    0x79, 0xD0, 0xDA, 0x35, 0x27, 0xB2, 0x3B, 0x43, 0xBF, 0x37, 0x9E, 0xEC, 0x2C, 0x5A, 0xBC, 0x36,
    0x87, 0xEC, 0x76, 0xB0, 0x46, 0x7A, 0x60, 0x5D, 0x4D, 0x22, 0xB3, 0x57, 0xA5, 0x39, 0x2C, 0x74,
    0xD7, 0x01, 0x26, 0x94, 0x15, 0x67, 0xB6, 0x5E, 0x0C, 0x6E, 0x47, 0xDB, 0xDE, 0xED, 0x68, 0x6B,
    0xD5, 0x67, 0x69, 0xF7, 0x1F, 0x20, 0x6A, 0xBF, 0x24, 0x23, 0xFC, 0xBC, 0xD0, 0xF1, 0x05, 0x9C,
    0x09, 0x7B, 0xDC, 0xB1, 0x44, 0xCF, 0x4B, 0x2F, 0x2B, 0xFC, 0x7C, 0xEF, 0xF4, 0x7A, 0x9A, 0x71,
    0x38, 0xC1, 0xED, 0xBC, 0x88, 0x6E, 0x2A, 0x03, 0x75, 0x1E, 0x2E, 0x24, 0x1E, 0x2E, 0xE7, 0x5E,
    0xB5, 0xA6, 0x16, 0x5B, 0x13, 0xF1, 0xCF, 0xE8, 0xA6, 0x3C, 0x1B, 0x84, 0xBA, 0xF1, 0xC1, 0x96,
    0x47, 0x2D, 0x3A, 0x38, 0x6B, 0x9B, 0xD0, 0x9C, 0x77, 0xFA, 0x1E, 0xDD, 0x4B, 0xD8, 0x3C, 0xA2,
    0xC2, 0x8A, 0x32, 0xB7, 0x82, 0x85, 0x79, 0x69, 0x67, 0x05, 0xB0, 0x15, 0x85, 0x0A, 0x74, 0xE6,
    0x52, 0x54, 0x4B, 0x67, 0xD7, 0x41, 0xAA, 0x76, 0x5D, 0xB0, 0x4E, 0x40, 0x04, 0x9B, 0x6A, 0xB2,
    0x64, 0x21, 0x18, 0xD3, 0x4F, 0x7A, 0xB5, 0xEB, 0xCA, 0x0F, 0x35, 0x43, 0xA0, 0x84, 0x3F, 0x1E,
    0xAC, 0x5D, 0x77, 0x7B, 0x70, 0x76, 0xDD, 0xE0, 0x56, 0x2B, 0xE8, 0x72, 0xFB, 0x4F, 0x53, 0x7F,
    0xB1, 0xFD, 0xC9, 0x6E, 0x96, 0xF1, 0x7D, 0x57, 0x1B, 0xA7, 0xD0, 0xA3, 0x0D, 0x76, 0x07, 0xB2,
    0xAA, 0x06, 0x65, 0x5E, 0x72, 0x50, 0x25, 0xF7, 0x94, 0xAC, 0x0A, 0x4E, 0x3E, 0xBD, 0x47, 0x5D,
    0xC9, 0x8B, 0x95, 0x7E, 0x85, 0xC8, 0xCA, 0xE4, 0xFF, 0xAF, 0xE8, 0x49, 0x31, 0xA4, 0x02, 0xD2,
    0x5F, 0x0F, 0x90, 0xB3, 0x16, 0x58, 0x7E, 0xDE, 0xAF, 0x64, 0xFE, 0x3F, 0x21, 0x04, 0xD4, 0x10,
    0x7C, 0xE0, 0x2D, 0x40, 0x2E, 0x6C, 0x66, 0x3C, 0x48, 0xE0, 0x7B, 0xFC, 0x0E, 0x5E, 0xEF, 0xB4,
    0x6C, 0xCC, 0xE2, 0x63, 0xE4, 0x3D, 0x19, 0x60, 0x7A, 0xFA, 0x9C, 0x85, 0x49, 0xB0, 0xF3, 0x1E,
    0x9B, 0xE0, 0xCC, 0x2F, 0x44, 0xCA, 0xDE, 0x12, 0x01, 0x1A, 0xA6, 0xEA, 0xA8, 0xF1, 0x5C, 0x01,
    0x8B, 0x85, 0x4B, 0xD0, 0xD2, 0xC7, 0x23, 0xB4, 0xBC, 0x93, 0x2C, 0x4B, 0xC9, 0x03, 0xBB, 0x47,
    0x3F, 0x03, 0x66, 0x83, 0xBA, 0x9A, 0x79, 0x82, 0xB2, 0x46, 0x90, 0x4D, 0x96, 0x98, 0x67, 0x8A,
    0x79, 0xB6, 0x98, 0x67, 0x8C, 0xF9, 0xD6, 0x98, 0x67, 0x8E, 0x1D, 0x6B, 0x8F, 0xED, 0x70, 0xD8,
    0x6A, 0x9A, 0x7A, 0xB6, 0xA9, 0x67, 0x9C, 0x7A, 0xD6, 0xA9, 0xA7, 0x9D, 0xE6, 0x76, 0x45, 0x50,
    0x88, 0x22, 0xCA, 0x2A, 0x55, 0x43, 0xB5, 0x28, 0x21, 0x62, 0x5A, 0x52, 0x41, 0xC4, 0xB2, 0x64,
    0x57, 0x24, 0xBA, 0x64, 0x2A, 0xD1, 0xF5, 0x52, 0xA8, 0xB0, 0x59, 0xF5, 0x24, 0x9D, 0xE6, 0xC6,
    0xB7, 0xAA, 0x76, 0x6C, 0x62, 0x52, 0xAD, 0x2A, 0x27, 0x17, 0x85, 0xD3, 0x6F, 0xB7, 0x37, 0x03,
    0x93, 0xB3, 0x40, 0x25, 0xBF, 0xEE, 0x58, 0x9C, 0x96, 0xF7, 0x7A, 0x56, 0x32, 0xC9, 0xBD, 0x9E,
    0x55, 0xCC, 0xDE, 0xBB, 0xEF, 0x3D, 0xD9, 0xE6, 0xDA, 0xCF, 0x82, 0x2E, 0xB2, 0x97, 0xFA, 0xED,
    0xF6, 0xD2, 0x53, 0xA4, 0x6B, 0xBB, 0xFD, 0x68, 0x1E, 0x73, 0x73, 0xED, 0xF3, 0x86, 0xC7, 0x9B,
    0x32, 0x3C, 0xB0, 0x7D, 0x40, 0x83, 0xC3, 0x20, 0x43, 0x03, 0x3F, 0xF7, 0x92, 0x32, 0xE9, 0x46,
    0x19, 0x16, 0xE8, 0xE1, 0x28, 0x3C, 0x0D, 0x0A, 0x3A, 0x0B, 0x0A, 0x3A, 0x09, 0x0A, 0x32, 0x07,
    0xEA, 0xB2, 0xC1, 0x6C, 0x32, 0x98, 0xCD, 0x05, 0xEB, 0x74, 0xFE, 0x73, 0x5A, 0x8B, 0x30, 0xB3,
    0x83, 0x9F, 0xD7, 0xDD, 0xB6, 0x87, 0x8C, 0x85, 0x3E, 0x5C, 0x97, 0x4C, 0x7F, 0xB0, 0x5E, 0xF1,
    0x53, 0x62, 0xCC, 0xAD, 0x6B, 0x4E, 0xED, 0x2F, 0x37, 0x03, 0xA3, 0xCD, 0x56, 0x75, 0x6F, 0xC5,
    0x73, 0xDA, 0xB1, 0xF4, 0x50, 0xCA, 0xBC, 0x5B, 0x15, 0xE3, 0xBC, 0x05, 0x24, 0xE3, 0xAA, 0x9D,
    0xFD, 0xD6, 0xC9, 0x38, 0xD0, 0xB9, 0xB8, 0x29, 0xB3, 0xC8, 0x25, 0x16, 0xB9, 0xBC, 0xA2, 0xCE,
    0xCE, 0xC3, 0xE5, 0x47, 0xEE, 0x6A, 0x8A, 0x04, 0x8A, 0x86, 0x42, 0x0A, 0x59, 0x3F, 0x85, 0x48,
    0x1A, 0x6B, 0x27, 0xA2, 0x51, 0x74, 0xD3, 0x9B, 0xD7, 0xCE, 0x45, 0xE3, 0xB7, 0xAA, 0xD4, 0x47,
    0xD8, 0x92, 0x95, 0x5D, 0x12, 0x9A, 0xCC, 0xE8, 0xA6, 0x97, 0x79, 0xCF, 0x6C, 0x0D, 0x08, 0x12,
    0xF5, 0x8C, 0x80, 0x2F, 0xAB, 0x3C, 0x77, 0x5A, 0xCB, 0x83, 0x1E, 0xC8, 0xF0, 0xA5, 0xF4, 0x82,
    0xC8, 0x3A, 0x85, 0xB2, 0x89, 0x14, 0x59, 0x19, 0x5F, 0x33, 0x38, 0xDE, 0x90, 0x85, 0x02, 0xF4,
    0xF0, 0x9A, 0xB5, 0x79, 0xC9, 0x46, 0x52, 0xC2, 0x03, 0xD9, 0x20, 0xCB, 0xBE, 0xC2, 0xD6, 0xDB,
    0x1D, 0x77, 0x63, 0xD4, 0xE4, 0x7D, 0x6F, 0xF4, 0xFA, 0xA1, 0x3E, 0xD6, 0xD6, 0x7F, 0xD1, 0x3D,
    0xE9, 0xBB, 0xE5, 0xC0, 0xF9, 0x2D, 0x31, 0x6F, 0x70, 0x55, 0xB0, 0xA5, 0x4A, 0x4D, 0xBC, 0x4C,
    0x97, 0xF9, 0x3A, 0x5F, 0xEC, 0x15, 0x7B, 0xDE, 0x6F, 0xF0, 0x4C, 0x0F, 0x13, 0xCA, 0xF8, 0x61,
    0x42, 0x5F, 0x7F, 0x86, 0x0F, 0x13, 0x8A, 0x1B, 0x93, 0x76, 0xCF, 0xDD, 0xB8, 0x91, 0xFD, 0xCB,
    0x8D, 0xDF, 0xFF, 0xA4, 0x8B, 0x7E, 0xDC, 0x2E, 0xA0, 0x08, 0xE9, 0x8B, 0xEF, 0x07, 0x7F, 0xFA,
    0x72, 0xF4, 0x0F, 0x3F, 0x88, 0x6E, 0x77, 0xD1, 0xD8, 0x28, 0x16, 0xDF, 0x35, 0xBF, 0x73, 0xD7,
    0xFC, 0xEC, 0xAE, 0xF9, 0x57, 0x30, 0xAB, 0x9F, 0x30, 0x11, 0x29, 0x3D, 0x36, 0x2F, 0xFB, 0xD4,
    0x7C, 0xCD, 0x55, 0x04, 0xA7, 0x7D, 0x7E, 0x5B, 0xF3, 0xDB, 0x45, 0xFE, 0xC2, 0xBD, 0xE2, 0xE5,
    0xFF, 0x2A, 0xBE, 0x85, 0x4D, 0xFD, 0x6F, 0x73, 0x9D, 0x99, 0x1C, 0x69, 0x58, 0x7C, 0x64, 0x16,
    0x7F, 0x9F, 0x47, 0xFF, 0x43, 0xCF, 0xF4, 0x5A, 0x75, 0xFC, 0xA4, 0xA0, 0xA0, 0xBE, 0xFC, 0x72,
    0x73, 0xF5, 0x9B, 0xCD, 0xD5, 0xB2, 0x4E, 0x3E, 0x2F, 0xF6, 0x0A, 0xBD, 0xE9, 0x57, 0xEF, 0xE6,
    0x7F, 0xF3, 0x71, 0x4E, 0x37, 0xFD, 0xA9, 0x22, 0x67, 0xFC, 0x5B, 0x73, 0xF7, 0x45, 0x35, 0xED,
    0x61, 0x26, 0x7F, 0xD4, 0x9B, 0x87, 0x6F, 0xEA, 0x1D, 0x8B, 0x8D, 0x19, 0x94, 0xA5, 0xB5, 0x6E,
    0xD4, 0x46, 0x5D, 0x28, 0xC7, 0xDA, 0xD4, 0x98, 0xE4, 0x60, 0x8B, 0xE5, 0x84, 0x3C, 0x10, 0xEA,
    0x83, 0xCF, 0x22, 0x7E, 0xF6, 0xD9, 0x28, 0x25, 0x3F, 0x40, 0x4A, 0x66, 0x2D, 0x25, 0xCB, 0x05,
    0x2A, 0xB9, 0x0E, 0xA8, 0x71, 0x22, 0xC6, 0x0E, 0x4B, 0x20, 0x65, 0xEB, 0x44, 0x63, 0x49, 0x4B,
    0xD8, 0x29, 0x65, 0x4F, 0xB4, 0xA2, 0xF5, 0x01, 0x9A, 0x59, 0xDC, 0x6F, 0xB9, 0x9E, 0x2B, 0xBD,
    0xCB, 0x5B, 0xB8, 0x93, 0xE9, 0x8A, 0xF4, 0x79, 0xA4, 0x71, 0x27, 0x74, 0x61, 0xC9, 0x74, 0xE1,
    0xE7, 0x67, 0x95, 0x2E, 0x6F, 0x1B, 0xEA, 0x69, 0x87, 0xEA, 0x7C, 0xB3, 0xE2, 0x1E, 0x72, 0x26,
    0x8F, 0x8F, 0x0C, 0xEC, 0x46, 0xB6, 0x76, 0x13, 0x26, 0xB7, 0x03, 0x13, 0x6F, 0xBF, 0x24, 0x69,
    0xE5, 0x6B, 0x96, 0x2C, 0xBB, 0xF1, 0x92, 0xB1, 0xBB, 0x2E, 0xC9, 0xD0, 0xC6, 0xCF, 0x36, 0x13,
    0x57, 0xC7, 0x4C, 0x9B, 0xD4, 0x59, 0x47, 0x47, 0xFD, 0x9C, 0x7D, 0x28, 0x78, 0x7C, 0xA3, 0x67,
    0x49, 0x9E, 0x64, 0xC8, 0x3B, 0x72, 0xFA, 0x30, 0x9E, 0x1E, 0x0A, 0xC7, 0xAD, 0xA1, 0x0D, 0xC0,
    0x65, 0x89, 0x22, 0x69, 0x42, 0x79, 0x12, 0x14, 0xD5, 0x24, 0x3F, 0xE5, 0x1D, 0x33, 0xDF, 0x75,
    0x60, 0xF3, 0xF8, 0x2B, 0x13, 0xDC, 0xB7, 0x37, 0x50, 0x3B, 0x29, 0x5A, 0xAB, 0x3E, 0x22, 0x45,
    0xCC, 0x5B, 0x7F, 0x35, 0x6C, 0x1E, 0xAC, 0x8D, 0xA4, 0x85, 0x15, 0x09, 0xE4, 0x2E, 0x05, 0x4C,
    0xCC, 0x19, 0xF7, 0x28, 0x38, 0xAA, 0xFD, 0x58, 0x6B, 0x2B, 0x7D, 0x14, 0x5C, 0xE8, 0xD2, 0xC2,
    0x94, 0x41, 0x53, 0xB8, 0x59, 0x0E, 0x5B, 0xD2, 0xC2, 0xEA, 0x87, 0xA5, 0x85, 0x4D, 0x68, 0xEC,
    0x1E, 0x8C, 0xB7, 0x43, 0xE3, 0xA9, 0x4E, 0x46, 0xFC, 0x3F, 0xED, 0x5D, 0x3D, 0x8C, 0x1D, 0xC7,
    0x7D, 0x9F, 0x7D, 0x8F, 0xBC, 0xB5, 0xB9, 0x80, 0x57, 0x09, 0xAC, 0xC0, 0x94, 0x10, 0xAF, 0x8B,
    0x34, 0x0C, 0x9C, 0x6C, 0x1D, 0xC0, 0xD1, 0xAE, 0x81, 0x20, 0x8D, 0x0B, 0xB1, 0x60, 0x1A, 0xA7,
    0x50, 0x02, 0xB8, 0x08, 0x92, 0x20, 0x6C, 0x62, 0x43, 0x01, 0x12, 0xEE, 0x2A, 0x09, 0xE0, 0x92,
    0x97, 0x22, 0x69, 0xE5, 0x82, 0x42, 0x40, 0x21, 0x81, 0x5C, 0xA4, 0x0A, 0x20, 0xED, 0x8A, 0x2A,
    0x52, 0xA4, 0xD0, 0x42, 0x2E, 0x54, 0xB8, 0xD0, 0xCA, 0xA4, 0x21, 0x20, 0x2C, 0xB8, 0xB1, 0x96,
    0xE1, 0x9E, 0xB4, 0xBB, 0x93, 0xFF, 0xD7, 0xCC, 0xCE, 0xBE, 0x8F, 0xE3, 0x37, 0xEF, 0xDD, 0xF1,
    0x1E, 0xC0, 0x37, 0xF3, 0xDE, 0xBB, 0xBB, 0x37, 0xFF, 0xAF, 0xDF, 0xFC, 0xBF, 0x66, 0xA8, 0x94,
    0x79, 0xFC, 0x35, 0x0F, 0x7E, 0xAF, 0x16, 0x1D, 0x8F, 0xCB, 0x1E, 0xC6, 0xE5, 0xC8, 0xE3, 0x42,
    0xF3, 0xA8, 0x74, 0x1A, 0xF0, 0x58, 0x46, 0x23, 0x8D, 0xF8, 0x30, 0x63, 0xAE, 0x3C, 0x78, 0xCE,
    0x60, 0x5C, 0x8E, 0x45, 0x17, 0xC0, 0xFB, 0x61, 0xCF, 0x7F, 0x37, 0x6B, 0xF9, 0xCF, 0xEB, 0x5A,
    0xA9, 0x54, 0xA9, 0x04, 0x7E, 0xC4, 0x6F, 0x94, 0x8A, 0x06, 0xA5, 0x02, 0xF8, 0x28, 0x84, 0xB7,
    0x03, 0x78, 0x7D, 0x16, 0xBF, 0xAA, 0x52, 0xD3, 0x63, 0xD9, 0xF0, 0x18, 0xB4, 0xF3, 0xD1, 0xBC,
    0xBF, 0xF5, 0xB1, 0x6B, 0xF4, 0x78, 0x66, 0x61, 0x45, 0x2D, 0x94, 0x68, 0x21, 0x25, 0xD1, 0xBD,
    0xF2, 0x3A, 0xFA, 0xCA, 0x41, 0x2D, 0xE0, 0x0F, 0x2C, 0x75, 0xC5, 0xAB, 0x83, 0x2F, 0x2C, 0x52,
    0x9C, 0x44, 0x3A, 0x4D, 0x4A, 0x20, 0x41, 0xC5, 0xBA, 0x4A, 0xEA, 0x50, 0xE3, 0x2F, 0x8D, 0x05,
    0xAD, 0x34, 0xFB, 0x50, 0xF3, 0x52, 0xB3, 0x7F, 0xC0, 0xE1, 0xB2, 0xCE, 0x8B, 0xBC, 0xE8, 0x8A,
    0x03, 0x5F, 0xA7, 0x45, 0xBE, 0x97, 0xF2, 0x57, 0xE6, 0xF2, 0xDD, 0x19, 0x4D, 0xE0, 0xCD, 0xAC,
    0x14, 0x1E, 0x26, 0xA5, 0x30, 0x95, 0x26, 0x3E, 0x4E, 0x2A, 0x59, 0x73, 0x2C, 0x0B, 0x55, 0x91,
    0xE1, 0x75, 0x68, 0x27, 0xE6, 0xA3, 0x33, 0x9B, 0x58, 0x7F, 0xC5, 0xCE, 0x74, 0xBA, 0x3E, 0xBB,
    0x72, 0x1F, 0xC1, 0xFD, 0xA5, 0xF2, 0x0E, 0x58, 0xC4, 0xC0, 0x96, 0x91, 0x67, 0xCC, 0x97, 0xAF,
    0xA5, 0x6A, 0x31, 0xE2, 0x0B, 0x15, 0xD5, 0x20, 0x18, 0x9A, 0xC5, 0xB0, 0x50, 0x9D, 0x87, 0xF0,
    0xE7, 0x91, 0x00, 0xE2, 0x44, 0x6A, 0x67, 0xA5, 0xCC, 0xDE, 0x94, 0x59, 0x36, 0x00, 0x57, 0x80,
    0xBE, 0x05, 0xFF, 0xD9, 0xA4, 0x51, 0xFE, 0x40, 0xB3, 0x58, 0xFF, 0x51, 0xD1, 0x13, 0x63, 0x42,
    0xF8, 0xF1, 0x46, 0x2D, 0x5B, 0x94, 0x82, 0xD6, 0x95, 0xF2, 0x51, 0x30, 0x85, 0x86, 0x5F, 0x58,
    0xE2, 0x6C, 0xEF, 0xED, 0x7D, 0x10, 0x65, 0xBD, 0xBE, 0x6A, 0x12, 0x20, 0x3D, 0x16, 0x83, 0x9D,
    0xF5, 0xB4, 0x66, 0x26, 0x05, 0xD7, 0xBC, 0xC8, 0x15, 0x09, 0xB1, 0x02, 0x75, 0x4A, 0x49, 0x8A,
    0x25, 0x7D, 0x0D, 0xAF, 0xD9, 0xB7, 0x6B, 0x46, 0xA5, 0x7B, 0x87, 0xD7, 0x1C, 0x69, 0x59, 0xB3,
    0x30, 0x3F, 0x81, 0x95, 0xC5, 0x0D, 0xAF, 0xF9, 0x9F, 0xBF, 0x0F, 0xDA, 0x27, 0x6B, 0xD6, 0x25,
    0x4A, 0x93, 0xFE, 0x98, 0x59, 0xB3, 0xBE, 0x45, 0xF2, 0x54, 0xDE, 0xDB, 0x6F, 0x9D, 0x9C, 0x35,
    0xF3, 0x23, 0x7D, 0xC1, 0xC2, 0x83, 0x59, 0xB9, 0x7F, 0x30, 0x9A, 0xF7, 0x5A, 0x33, 0xF3, 0x7E,
    0xF2, 0x67, 0xD3, 0xEF, 0x04, 0x7F, 0xCF, 0x7F, 0x2E, 0xFA, 0x98, 0xED, 0x2E, 0x96, 0x31, 0xFC,
    0xA0, 0x39, 0x14, 0x3E, 0xD4, 0x81, 0x8C, 0x23, 0xC3, 0x07, 0xE9, 0x24, 0xC0, 0x07, 0xF3, 0x4C,
    0xA7, 0xCB, 0x51, 0xE0, 0x83, 0x54, 0x5C, 0x60, 0x83, 0xC7, 0x8A, 0xB8, 0x72, 0x55, 0x23, 0xEF,
    0x8A, 0x83, 0x05, 0xBC, 0xBF, 0x09, 0x3E, 0x14, 0xC3, 0x07, 0xAD, 0x6D, 0x98, 0xDB, 0xD7, 0xD9,
    0xD5, 0x65, 0x39, 0x70, 0x48, 0xF4, 0xC0, 0x48, 0xF4, 0xC0, 0xFB, 0xC7, 0x8E, 0x9E, 0xE0, 0x0D,
    0x79, 0xD7, 0x48, 0x44, 0x45, 0x9F, 0x89, 0x46, 0x32, 0x0D, 0x87, 0x43, 0xA6, 0xFA, 0x42, 0x20,
    0x53, 0x69, 0x81, 0x4C, 0xA4, 0x84, 0x20, 0x13, 0xED, 0x9B, 0x20, 0x13, 0x69, 0x11, 0xC8, 0xCC,
    0x2D, 0x64, 0xE6, 0x06, 0x32, 0x2B, 0x86, 0xCC, 0x0F, 0x75, 0x45, 0x90, 0x39, 0x2C, 0x74, 0xB9,
    0x0D, 0x32, 0x95, 0x40, 0x26, 0x7D, 0xF9, 0xFA, 0xC4, 0xEC, 0x58, 0x8F, 0x00, 0x99, 0xFE, 0xFB,
    0xB5, 0x80, 0x62, 0x78, 0xB3, 0x13, 0xA0, 0x0C, 0x6F, 0xF6, 0x32, 0x0B, 0x6E, 0xB4, 0x0F, 0x04,
    0x99, 0xEA, 0x3F, 0x0D, 0x64, 0x22, 0x37, 0x18, 0x32, 0x71, 0xC6, 0x90, 0x09, 0x58, 0x69, 0x20,
    0x53, 0x1B, 0xC8, 0x0C, 0x90, 0x23, 0xAB, 0x40, 0xA9, 0x75, 0x2D, 0xB3, 0xFF, 0x96, 0x59, 0x36,
    0x7A, 0xF0, 0xE9, 0x76, 0xC8, 0x54, 0x06, 0x32, 0xE9, 0x4B, 0x49, 0x47, 0x98, 0x7F, 0xDA, 0x18,
    0x21, 0x41, 0xE6, 0x06, 0xA9, 0xAB, 0xE8, 0xA6, 0xC1, 0x1F, 0x2B, 0x77, 0x15, 0xDE, 0xB8, 0xDF,
    0xBE, 0x2E, 0x8F, 0x2F, 0xA6, 0x3D, 0xC6, 0x9D, 0x31, 0x74, 0xA1, 0x22, 0x30, 0x74, 0x09, 0xBD,
    0x00, 0x5D, 0x42, 0xEF, 0xD2, 0xD2, 0xEB, 0x5B, 0x7A, 0x3D, 0x52, 0x82, 0x5A, 0xA0, 0x8B, 0xE9,
    0xDD, 0x06, 0x5D, 0xCA, 0x40, 0x97, 0xA1, 0x57, 0x1B, 0x7A, 0x01, 0xBA, 0x18, 0x74, 0x10, 0xBA,
    0x9E, 0x5F, 0x7A, 0x9F, 0x04, 0x54, 0x5B, 0x1B, 0x31, 0x8A, 0x5F, 0xCC, 0x5F, 0x7B, 0xDF, 0x65,
    0xA3, 0x0C, 0x3F, 0x66, 0xEE, 0x85, 0x9F, 0xF1, 0xE8, 0x7F, 0x50, 0x1F, 0x0F, 0xE8, 0xDB, 0x44,
    0x1F, 0x42, 0xFB, 0x15, 0x86, 0x76, 0xA2, 0x0F, 0x46, 0xA2, 0x0F, 0xDE, 0x3F, 0x76, 0xF4, 0x4D,
    0x20, 0x97, 0x98, 0x49, 0x66, 0x26, 0xAF, 0x18, 0x89, 0xA7, 0x82, 0xAC, 0xC1, 0x4D, 0xB1, 0x81,
    0xF0, 0x33, 0x81, 0x77, 0xFF, 0x67, 0xCF, 0x0D, 0xFC, 0x3B, 0xAF, 0x2D, 0xAB, 0x54, 0x96, 0xAE,
    0xBD, 0xE7, 0xFD, 0xC1, 0xBE, 0xE8, 0x8B, 0xFF, 0x79, 0x6B, 0x36, 0x07, 0x3B, 0x5B, 0x7E, 0xD4,
    0x9C, 0xB0, 0x6D, 0x62, 0x33, 0x5F, 0xD4, 0x16, 0xBE, 0xCC, 0xD4, 0x48, 0xF8, 0x42, 0x8A, 0xF4,
    0xD1, 0x89, 0x83, 0xD7, 0x53, 0xBE, 0x3C, 0xBD, 0x6D, 0x67, 0xF6, 0x88, 0xCA, 0x89, 0xAB, 0xD5,
    0xA6, 0x69, 0x98, 0xAB, 0x07, 0x7E, 0xC4, 0xF6, 0xD7, 0x16, 0xBA, 0xB7, 0xAE, 0x9F, 0xB6, 0x4C,
    0x0D, 0xB5, 0x36, 0x7F, 0x2D, 0x6E, 0x8A, 0xD2, 0xFE, 0x56, 0x32, 0x9B, 0x32, 0xDB, 0xE3, 0x1A,
    0xB0, 0x88, 0xF9, 0x1E, 0xDE, 0x05, 0xEB, 0x37, 0x8C, 0x77, 0x63, 0x33, 0x27, 0x38, 0xB3, 0xD1,
    0x99, 0x31, 0xE0, 0x48, 0xEB, 0xFD, 0xCB, 0x6E, 0x7C, 0xE6, 0xB0, 0xDF, 0xE1, 0xBF, 0x23, 0x00,
    0x57, 0x02, 0x8E, 0x08, 0x0E, 0x95, 0xC1, 0x29, 0xFB, 0x1E, 0x8B, 0x7D, 0x2B, 0x5A, 0xEC, 0xA8,
    0xB1, 0xA3, 0xC7, 0x8E, 0x22, 0xAF, 0x69, 0xB2, 0xD7, 0xBC, 0x6E, 0x7F, 0xAA, 0x9B, 0x7E, 0xA1,
    0xB3, 0x3C, 0x5B, 0x34, 0xEF, 0x9E, 0x0A, 0xE0, 0xAD, 0x53, 0x9E, 0xED, 0x86, 0xD2, 0xBE, 0x98,
    0x5A, 0x2F, 0x6B, 0xC1, 0xAE, 0x55, 0x4C, 0x1B, 0x09, 0x38, 0x65, 0x38, 0xC4, 0xB0, 0xBE, 0xA4,
    0x5C, 0xE8, 0x11, 0xF3, 0x7C, 0x21, 0x2E, 0x36, 0x29, 0x93, 0x91, 0x9C, 0xB0, 0xA4, 0xE1, 0xA1,
    0xA5, 0x81, 0xDC, 0xD2, 0xA4, 0xF2, 0xD1, 0x2B, 0x4A, 0x2A, 0x0F, 0x69, 0x01, 0xA2, 0xB3, 0x86,
    0x86, 0xA8, 0x23, 0xA9, 0xA0, 0x6B, 0x02, 0xAE, 0x1A, 0x6D, 0x5A, 0x2D, 0xFA, 0x8E, 0xC8, 0x1E,
    0xF4, 0x0C, 0x43, 0xF6, 0x0B, 0x81, 0xAD, 0xFA, 0x9E, 0xAE, 0x3C, 0xA0, 0x3A, 0x2D, 0x4A, 0x87,
    0xB2, 0x4B, 0x76, 0x46, 0x7E, 0xCE, 0x57, 0xA6, 0xE9, 0x7B, 0x76, 0x1A, 0x31, 0xCF, 0x70, 0x6F,
    0xD4, 0xDA, 0x6C, 0x93, 0x81, 0xEE, 0xCC, 0xBB, 0x99, 0x08, 0x1D, 0xA6, 0xF2, 0x26, 0x4D, 0x45,
    0x13, 0xC0, 0xF7, 0x12, 0xF6, 0xE3, 0x34, 0x6B, 0xEC, 0x96, 0x1B, 0xF5, 0x76, 0xEA, 0x6B, 0x3B,
    0xF5, 0xCC, 0x0F, 0xC3, 0x5B, 0x59, 0xCD, 0xFB, 0xB2, 0x66, 0xB9, 0x82, 0xB2, 0xA0, 0x6B, 0x18,
    0xF6, 0xE2, 0xC9, 0x95, 0xE8, 0x12, 0x4F, 0xAE, 0xDC, 0x38, 0x4D, 0xB5, 0x9D, 0xBE, 0x49, 0x53,
    0x4F, 0x17, 0xFA, 0x00, 0x48, 0x49, 0x50, 0xC7, 0x94, 0xF1, 0xE7, 0x02, 0x59, 0x40, 0x3C, 0x7E,
    0x37, 0xEB, 0xD4, 0x8A, 0x47, 0x47, 0xCA, 0x52, 0xAA, 0x55, 0x9F, 0x6E, 0xCD, 0xA9, 0x13, 0x96,
    0x29, 0xCB, 0x31, 0xF2, 0xEA, 0xAD, 0x9F, 0x6F, 0xB8, 0x10, 0xE8, 0x03, 0xB3, 0x5F, 0x58, 0x13,
    0xD1, 0x36, 0x59, 0x29, 0x5F, 0x04, 0xE1, 0x81, 0x78, 0x91, 0x10, 0x1F, 0x70, 0x90, 0x82, 0x01,
    0x02, 0xC7, 0x25, 0x18, 0x21, 0x30, 0x9F, 0x30, 0x44, 0x20, 0x36, 0x51, 0x8C, 0x40, 0x5C, 0xA2,
    0x20, 0x41, 0x45, 0xAD, 0x44, 0x09, 0xCC, 0x23, 0x0C, 0x13, 0x14, 0xE5, 0x91, 0x25, 0x4E, 0x18,
    0x6D, 0x6A, 0x5D, 0xA7, 0x1C, 0x29, 0xE8, 0x4F, 0x30, 0xA7, 0x0E, 0xA1, 0x82, 0x86, 0x58, 0x41,
    0xD9, 0x58, 0x61, 0x0A, 0x16, 0xA6, 0x68, 0x61, 0x0A, 0x17, 0xA6, 0x30, 0xC1, 0x9D, 0x59, 0x68,
    0xB0, 0x21, 0xC3, 0x14, 0x33, 0x4C, 0x41, 0xC3, 0x14, 0x35, 0x6C, 0x48, 0xB4, 0x7F, 0x75, 0x9A,
    0x16, 0x53, 0xB6, 0x61, 0xCA, 0xB3, 0x5B, 0x6E, 0x02, 0x23, 0xAC, 0x19, 0x4E, 0xFC, 0x54, 0x45,
    0xA7, 0x56, 0x38, 0x4A, 0xD3, 0x69, 0x83, 0xCE, 0xDA, 0x69, 0x33, 0x1F, 0xA6, 0x0C, 0xE4, 0xF4,
    0x0D, 0xEE, 0xEF, 0xA1, 0xAA, 0x32, 0x54, 0x31, 0x63, 0x09, 0xAA, 0x8C, 0xF6, 0x01, 0x54, 0x29,
    0x49, 0xD1, 0x2F, 0x27, 0xED, 0xF3, 0x27, 0xD4, 0xF2, 0x84, 0xBB, 0x02, 0x55, 0xC8, 0xDE, 0xA7,
    0x02, 0x55, 0xA7, 0x3C, 0x3B, 0x4A, 0x9F, 0xE4, 0xEC, 0xC5, 0xB9, 0x7E, 0x3F, 0xD2, 0x08, 0x66,
    0x1F, 0xB6, 0x6C, 0xF4, 0x38, 0xA2, 0xC9, 0xE3, 0x88, 0x06, 0x8F, 0x23, 0x9A, 0x7B, 0xD8, 0xB2,
    0xB1, 0xC3, 0x48, 0xA6, 0x1E, 0x74, 0x6C, 0xE8, 0x61, 0xC7, 0x66, 0x0E, 0x92, 0x11, 0x23, 0xEF,
    0xC5, 0xC4, 0x47, 0x36, 0xF0, 0x6C, 0x24, 0xF3, 0xEE, 0x82, 0xDE, 0x18, 0xB7, 0x31, 0x6D, 0x63,
    0xD8, 0xC6, 0xAC, 0x93, 0xD5, 0xB1, 0x9A, 0x9B, 0x73, 0xB4, 0xBA, 0xF4, 0x7A, 0x93, 0x19, 0x1B,
    0x86, 0x38, 0x69, 0x82, 0x47, 0x9B, 0xB4, 0x0F, 0x31, 0x09, 0x9C, 0x09, 0x6B, 0x1F, 0xF2, 0x87,
    0x74, 0x0F, 0x30, 0x5E, 0xEA, 0x3C, 0x83, 0xD5, 0xBB, 0xDE, 0x68, 0xDD, 0x28, 0x3A, 0x97, 0x8D,
    0xAC, 0x71, 0x07, 0x41, 0x6F, 0xF5, 0xCD, 0x6A, 0x9B, 0xD5, 0x35, 0xAB, 0x69, 0x93, 0x9E, 0x59,
    0x2D, 0x9B, 0xEB, 0xD8, 0x29, 0x13, 0xB6, 0x9A, 0x98, 0x35, 0x30, 0x6B, 0x5E, 0xD6, 0xB8, 0x8C,
    0x69, 0x89, 0xDF, 0xB4, 0x5D, 0x31, 0x1F, 0x7E, 0x5C, 0xB0, 0xEF, 0x04, 0xAB, 0xAF, 0x68, 0x4C,
    0x34, 0x7B, 0x4F, 0x1A, 0xB7, 0x60, 0xF4, 0xA9, 0x02, 0x42, 0xA8, 0xE5, 0x40, 0xE9, 0xB5, 0xDA,
    0x1F, 0x3C, 0x72, 0xA4, 0x00, 0xAC, 0xC4, 0x93, 0xFA, 0x12, 0x68, 0x0D, 0xA5, 0x2A, 0x1D, 0x60,
    0x52, 0x11, 0x46, 0xAF, 0x80, 0x1F, 0xFB, 0x94, 0x79, 0x70, 0x5E, 0xCD, 0x0A, 0xE2, 0x94, 0xDF,
    0x0B, 0x06, 0x93, 0xE0, 0x4B, 0xE8, 0xEB, 0xD1, 0x63, 0x26, 0xDE, 0xA1, 0x41, 0x03, 0xFB, 0x6A,
    0x36, 0x69, 0xBF, 0x07, 0x0E, 0x93, 0x51, 0x87, 0x6D, 0x28, 0x66, 0x1D, 0xB5, 0x7E, 0xCF, 0x86,
    0x9D, 0x0C, 0x80, 0xB4, 0x62, 0xDA, 0x77, 0xAC, 0x71, 0x1B, 0xF3, 0x1E, 0x13, 0xF8, 0x47, 0x06,
    0xDE, 0xFA, 0xFA, 0xC7, 0xC6, 0xC4, 0x7F, 0x70, 0x54, 0xFB, 0xB7, 0x5B, 0x81, 0x5D, 0xF6, 0xF3,
    0x71, 0xAA, 0xCC, 0x1E, 0x51, 0x4B, 0xC3, 0x23, 0xD6, 0x24, 0x69, 0xDD, 0x30, 0xF2, 0xBA, 0x9A,
    0xE3, 0x49, 0xCF, 0x7C, 0xC5, 0xCB, 0x61, 0x75, 0xC2, 0x1F, 0xED, 0x50, 0x3F, 0xC7, 0x53, 0xCC,
    0x4E, 0x4F, 0x8F, 0xDE, 0xD4, 0x2B, 0x4C, 0x31, 0xC1, 0x9D, 0x4D, 0x9F, 0xEE, 0x68, 0x67, 0xC7,
    0xC3, 0xE7, 0x9F, 0x27, 0x4D, 0xB0, 0xB1, 0xBB, 0xD5, 0x00, 0x67, 0xB6, 0x59, 0xB3, 0x77, 0xA8,
    0xD7, 0xE2, 0x31, 0x32, 0xA9, 0xCF, 0x2F, 0xE5, 0x8F, 0x98, 0x43, 0xBE, 0x30, 0xAB, 0x70, 0xCD,
    0x87, 0x64, 0xF6, 0x23, 0x9B, 0x1E, 0x26, 0x14, 0xE0, 0x30, 0x40, 0x42, 0x00, 0xE6, 0x83, 0x24,
    0xD2, 0x25, 0x8B, 0x2E, 0x29, 0x74, 0x93, 0x3F, 0x17, 0xC2, 0x85, 0x6A, 0x21, 0xD9, 0xD0, 0x2B,
    0xC4, 0xAE, 0x52, 0xFA, 0xEC, 0x6A, 0x86, 0x67, 0x3C, 0x86, 0xDE, 0x2B, 0x51, 0x49, 0xD0, 0xAB,
    0xE3, 0x92, 0xE0, 0xA6, 0x80, 0x11, 0xA1, 0xF7, 0xC2, 0xB9, 0xF4, 0x89, 0x76, 0xFB, 0xED, 0x06,
    0x3D, 0xBB, 0x53, 0xBB, 0xC4, 0xF5, 0xD2, 0xEE, 0x90, 0x84, 0x25, 0x6F, 0x0A, 0xC5, 0xE5, 0x8A,
    0x27, 0x19, 0x90, 0x40, 0xBB, 0x03, 0xAE, 0xF9, 0xC8, 0xBA, 0xFD, 0x8E, 0xAA, 0x26, 0x89, 0x8C,
    0xE1, 0x3D, 0x01, 0x39, 0xC3, 0x7B, 0x42, 0xF6, 0x66, 0x2D, 0x7B, 0x42, 0xF6, 0x6A, 0x25, 0x7B,
    0xC2, 0x4B, 0x7B, 0xF9, 0xCE, 0xD4, 0xC5, 0xCC, 0x9A, 0xE1, 0x67, 0x42, 0x63, 0xE3, 0x28, 0x4E,
    0x36, 0xF3, 0x2C, 0xAA, 0xC4, 0xD2, 0x2F, 0xEC, 0xA5, 0x27, 0x63, 0xCD, 0x8F, 0x5D, 0xCB, 0x4B,
    0x72, 0x57, 0x21, 0xC5, 0x06, 0x65, 0x47, 0xCA, 0x58, 0xAF, 0xC5, 0x2B, 0x18, 0xE6, 0xBB, 0xD6,
    0xFE, 0xDE, 0x75, 0x02, 0xE3, 0x08, 0x0D, 0x37, 0x6A, 0x42, 0x4C, 0xE6, 0x42, 0xCC, 0xA1, 0x29,
    0xDF, 0x70, 0xEE, 0xFB, 0x40, 0x0E, 0x44, 0x8C, 0x60, 0xB3, 0x15, 0x62, 0x0D, 0xD8, 0x30, 0xEA,
    0xEF, 0x65, 0x7A, 0xF5, 0xC7, 0x1A, 0xB6, 0xB0, 0x8E, 0xEC, 0x55, 0xB7, 0x10, 0x34, 0x65, 0xA0,
    0x63, 0x60, 0xBA, 0x31, 0xFC, 0x0A, 0x10, 0xBC, 0x98, 0xB2, 0xA3, 0x13, 0x81, 0x4C, 0x53, 0xE3,
    0x62, 0x5E, 0xC0, 0xAF, 0x66, 0xCD, 0xD0, 0xC7, 0x87, 0x22, 0x77, 0x9D, 0xE4, 0xDC, 0x4B, 0x4C,
    0xD0, 0xF1, 0x90, 0xD5, 0x5E, 0xBB, 0x2B, 0xEB, 0x14, 0x47, 0x54, 0x06, 0x66, 0xF7, 0x52, 0x10,
    0x8F, 0x43, 0x86, 0xA5, 0xB8, 0x10, 0x73, 0x87, 0x67, 0xCF, 0x56, 0x2C, 0xF0, 0x77, 0x13, 0xCC,
    0xAF, 0x13, 0x9C, 0x66, 0x40, 0x15, 0x80, 0x29, 0x2E, 0x37, 0x6A, 0x16, 0x1A, 0xB6, 0x90, 0xB0,
    0x59, 0xF6, 0x00, 0x6A, 0x61, 0x13, 0xF4, 0xB0, 0x11, 0x85, 0x4D, 0xA4, 0x3D, 0x58, 0x54, 0x53,
    0xE8, 0xDB, 0x68, 0x4D, 0x52, 0xA5, 0xD1, 0xAF, 0x92, 0xB7, 0x03, 0x48, 0xFE, 0x11, 0xA5, 0xBA,
    0xCF, 0xAF, 0x2C, 0x53, 0xF4, 0x41, 0xD0, 0x39, 0x52, 0xEE, 0x20, 0xB9, 0x79, 0x89, 0x6C, 0xA2,
    0xC9, 0x91, 0xF5, 0xE0, 0x9D, 0x6F, 0xA0, 0xF9, 0xE5, 0x08, 0xAA, 0x89, 0xAE, 0x10, 0x0B, 0x0B,
    0xDD, 0x20, 0xAA, 0xEA, 0xD7, 0x1A, 0x30, 0xFF, 0xC5, 0x18, 0xE2, 0xB0, 0xEC, 0x71, 0x48, 0xFD,
    0x1E, 0xB0, 0x1E, 0x13, 0x66, 0x40, 0x0E, 0x0C, 0x77, 0x75, 0xE9, 0x41, 0xD8, 0xC1, 0xF1, 0x96,
    0x24, 0x21, 0x69, 0xE8, 0x94, 0x86, 0x50, 0x4B, 0xEF, 0xC3, 0x37, 0xD3, 0xBE, 0xEA, 0x0F, 0x34,
    0x2C, 0xF5, 0x9D, 0x81, 0x2A, 0x17, 0x5C, 0xEF, 0xCA, 0x78, 0xCF, 0x0B, 0xC5, 0xD9, 0xBE, 0x74,
    0x64, 0xC6, 0x75, 0x86, 0x8D, 0x2B, 0x49, 0xC9, 0xB8, 0x60, 0x5B, 0x44, 0x66, 0x82, 0x7E, 0xA2,
    0x71, 0x7D, 0xF3, 0x68, 0xB4, 0x4E, 0xB6, 0xD2, 0x24, 0x75, 0xE3, 0x38, 0x31, 0x99, 0x6F, 0x5A,
    0x37, 0xB9, 0x73, 0xB3, 0x02, 0x32, 0x78, 0xED, 0x56, 0x4F, 0x7B, 0xF7, 0x68, 0x78, 0xC6, 0x46,
    0xA2, 0x64, 0xA7, 0x18, 0x66, 0xFB, 0x9C, 0x2C, 0xFE, 0xF5, 0xA3, 0xB1, 0x87, 0x94, 0xEC, 0x01,
    0xF5, 0x0F, 0xEC, 0x01, 0xB7, 0x48, 0xB0, 0x07, 0x32, 0xE6, 0x4B, 0x06, 0xDC, 0xBD, 0xFA, 0x75,
    0xA7, 0xE4, 0x2C, 0xC3, 0xE6, 0x52, 0xF3, 0xEE, 0x6D, 0x4B, 0xBB, 0xB9, 0x78, 0xB4, 0x1C, 0x58,
    0x19, 0xFE, 0x01, 0x58, 0x92, 0x0C, 0x68, 0x39, 0x47, 0xBB, 0x32, 0xFF, 0x7D, 0x62, 0x1F, 0xF7,
    0x77, 0xAB, 0xF0, 0x73, 0x1A, 0x82, 0x8F, 0x36, 0x59, 0xF4, 0xB3, 0xB2, 0x9C, 0xDF, 0x09, 0xB8,
    0xD0, 0x11, 0xD3, 0x1E, 0x47, 0x8E, 0x19, 0xC4, 0xAC, 0x61, 0xB9, 0xCA, 0xA1, 0xDD, 0xDC, 0x49,
    0xCE, 0xCC, 0x82, 0x6B, 0x41, 0x22, 0x7E, 0xE5, 0xFD, 0x23, 0x15, 0x16, 0xB8, 0x5D, 0x12, 0x06,
    0xC2, 0xD2, 0xE5, 0xA7, 0xCD, 0x11, 0xF1, 0x9A, 0x14, 0xEC, 0xA5, 0x6B, 0xA8, 0x65, 0x48, 0x4C,
    0x86, 0xA4, 0x90, 0x9A, 0x25, 0x18, 0x07, 0x92, 0xA6, 0x25, 0x18, 0x82, 0x90, 0xB2, 0x5D, 0xF8,
    0x0B, 0xEA, 0x1D, 0x08, 0xF0, 0x87, 0x28, 0x50, 0xC5, 0x26, 0x05, 0x85, 0xFE, 0x38, 0x6A, 0x9D,
    0xF2, 0x0A, 0x78, 0x0F, 0x15, 0xCF, 0xBB, 0x0C, 0x11, 0x69, 0x21, 0x49, 0x6E, 0x0C, 0x7E, 0x50,
    0xFD, 0xD0, 0xAB, 0x62, 0x0D, 0x1C, 0xB1, 0x1D, 0x00, 0x95, 0x50, 0xEF, 0x1F, 0x9E, 0xA2, 0x99,
    0xBC, 0x8C, 0xEA, 0xB0, 0x24, 0xB6, 0x8D, 0x84, 0xFE, 0x7C, 0x5F, 0x5C, 0x26, 0x5A, 0x26, 0x72,
    0x4B, 0x33, 0x51, 0x8D, 0xA2, 0x78, 0x1A, 0x5F, 0xBD, 0xF5, 0x0E, 0xD6, 0x24, 0x29, 0x82, 0xCE,
    0x46, 0xE2, 0x1A, 0x36, 0x0F, 0x10, 0xDF, 0xD0, 0x2C, 0x88, 0x73, 0x40, 0x48, 0xCE, 0xBC, 0x43,
    0x45, 0x90, 0xD0, 0x56, 0x31, 0xFF, 0x20, 0x8E, 0x27, 0x0E, 0x8E, 0xA9, 0xDA, 0x84, 0xF4, 0x2B,
    0xBD, 0x36, 0xF9, 0xD6, 0xFC, 0xE7, 0xB9, 0xDD, 0xE5, 0xBD, 0x0D, 0x78, 0x7C, 0xCB, 0x6C, 0x5B,
    0x98, 0x32, 0x48, 0xBB, 0x16, 0x03, 0xEC, 0x0A, 0xEF, 0xFD, 0x7A, 0x83, 0xAA, 0x34, 0xEB, 0x9F,
    0x6E, 0x7D, 0x9C, 0x28, 0xA9, 0x4C, 0x65, 0xFF, 0x7C, 0x35, 0xEF, 0x6E, 0x27, 0xD1, 0x03, 0x74,
    0x3C, 0xEE, 0x80, 0x74, 0xF7, 0x58, 0x32, 0xA6, 0xF1, 0xC8, 0x24, 0xAE, 0x00, 0xD4, 0x43, 0xAD,
    0x6D, 0xCB, 0x0B, 0xC9, 0xC7, 0xBB, 0xA8, 0xFE, 0x06, 0x60, 0x93, 0x24, 0x04, 0x5B, 0x62, 0x41,
    0x09, 0xFA, 0x80, 0xB6, 0x47, 0xEE, 0x2A, 0x02, 0x29, 0xF9, 0x9D, 0xE2, 0xCE, 0x04, 0x90, 0x53,
    0xD0, 0x79, 0x34, 0x47, 0x49, 0x45, 0x58, 0xAC, 0xCB, 0x4A, 0x91, 0x15, 0x03, 0x27, 0x4B, 0x8B,
    0xD0, 0x93, 0xE5, 0x55, 0xE8, 0x2F, 0x71, 0xA7, 0x40, 0x89, 0x1D, 0x04, 0xFA, 0x0D, 0xDB, 0xA6,
    0x70, 0xA8, 0xDC, 0x5C, 0xC9, 0xB9, 0xB2, 0x73, 0xA5, 0xB7, 0x45, 0x7E, 0xC7, 0x93, 0xF6, 0x85,
    0x13, 0x99, 0x2E, 0xFB, 0xCD, 0xF3, 0xED, 0x61, 0x83, 0x3A, 0x21, 0x7C, 0xF8, 0x86, 0x43, 0xF8,
    0x60, 0x23, 0x7A, 0x1A, 0x23, 0x69, 0x7A, 0x41, 0x0B, 0x41, 0x53, 0x3A, 0x9B, 0x7A, 0xB7, 0xC8,
    0x73, 0x41, 0xFF, 0xAE, 0x01, 0xDF, 0x06, 0xDC, 0x17, 0xDE, 0xDE, 0xC1, 0xFB, 0xD0, 0xA9, 0xEC,
    0xF1, 0x44, 0x0D, 0x99, 0x55, 0xCC, 0x73, 0xB2, 0xAC, 0xAC, 0x0D, 0x47, 0xF2, 0x65, 0x6E, 0x9B,
    0x35, 0xAB, 0x69, 0xF9, 0x23, 0x9B, 0xD8, 0x88, 0x9D, 0x39, 0x1D, 0x5B, 0x59, 0x1B, 0x8F, 0x3E,
    0xF9, 0x2D, 0xE7, 0xE7, 0xC8, 0x47, 0x7B, 0xD3, 0x35, 0xCB, 0x5B, 0x8F, 0x8B, 0xE6, 0xA9, 0x94,
    0x2D, 0x4A, 0xE2, 0xED, 0x22, 0x55, 0xE8, 0x4F, 0x12, 0x6F, 0x7D, 0xE0, 0xDB, 0x01, 0xB6, 0x0C,
    0x01, 0x6F, 0x83, 0xD6, 0xD7, 0x79, 0x48, 0x87, 0x94, 0xAB, 0xB0, 0x09, 0xA9, 0xE5, 0x05, 0x79,
    0x1B, 0x36, 0x09, 0x12, 0x44, 0xBC, 0x4D, 0xBA, 0x02, 0x1B, 0x1F, 0x0D, 0x6F, 0xFF, 0xE7, 0x1D,
    0x5D, 0x39, 0xBC, 0xCD, 0x89, 0xB7, 0x58, 0x12, 0x37, 0xBC, 0x6D, 0xB1, 0xED, 0xD1, 0xA2, 0xF6,
    0x8B, 0x6F, 0x5F, 0x7C, 0xDA, 0x3A, 0x76, 0x0C, 0xF9, 0xF0, 0xD2, 0xBE, 0xD5, 0x2B, 0x6A, 0x10,
    0x13, 0xBD, 0x8A, 0x71, 0xBD, 0xA8, 0x57, 0x5F, 0xA5, 0x04, 0x34, 0x63, 0x76, 0x58, 0x2F, 0xF5,
    0x2F, 0xC1, 0x4F, 0x46, 0xBD, 0x8A, 0xAA, 0x10, 0xFB, 0x29, 0x49, 0xAF, 0xE2, 0x0A, 0xD6, 0x16,
    0x57, 0xA4, 0x57, 0x49, 0x09, 0x9A, 0x91, 0x54, 0xA4, 0x57, 0xC5, 0xA7, 0x3A, 0xF5, 0x74, 0x69,
    0xF4, 0xEA, 0xED, 0x02, 0xD7, 0xA6, 0x27, 0x1D, 0x43, 0xBD, 0xEA, 0x19, 0xCF, 0x49, 0xAF, 0xEA,
    0x88, 0x4B, 0x17, 0xAC, 0x57, 0xBF, 0x71, 0xFD, 0xE2, 0x16, 0x26, 0xBB, 0xAE, 0x7C, 0x5C, 0x6D,
    0x9E, 0xAF, 0xB9, 0xFB, 0x27, 0x44, 0x5E, 0x4F, 0x6C, 0x5F, 0x38, 0xE5, 0xE7, 0x1A, 0x0E, 0x60,
    0x32, 0xBF, 0x9F, 0x68, 0x77, 0xE7, 0x16, 0x07, 0x4E, 0xB4, 0x5E, 0xA9, 0x59, 0xEC, 0xB9, 0xD2,
    0x09, 0x3C, 0x9F, 0x27, 0x0F, 0x87, 0x8B, 0xC7, 0x02, 0x67, 0xCE, 0x5A, 0xBB, 0x8A, 0xEA, 0x07,
    0x9C, 0x35, 0x87, 0xCD, 0x28, 0x76, 0x20, 0x4D, 0x80, 0xE8, 0x5A, 0xA7, 0xA4, 0x07, 0x21, 0x88,
    0xAB, 0xE6, 0x64, 0xCC, 0x3D, 0xA0, 0x95, 0xF3, 0x31, 0xB8, 0x3E, 0xD2, 0x80, 0x50, 0x77, 0x58,
    0xD1, 0x03, 0xF9, 0x87, 0xE0, 0x6E, 0x70, 0xA3, 0x4D, 0xC8, 0x95, 0x5E, 0x94, 0x7D, 0x8F, 0xF5,
    0x3E, 0x92, 0x7C, 0xE3, 0x65, 0xBD, 0xF5, 0x31, 0x5A, 0x2B, 0xF5, 0x8A, 0xFD, 0x0B, 0x2B, 0x71,
    0xBD, 0x21, 0x2A, 0x78, 0x31, 0xDD, 0xD4, 0x1B, 0x66, 0xF4, 0x3A, 0x2B, 0x4D, 0xD9, 0x74, 0x9A,
    0x25, 0xF6, 0xD3, 0xE4, 0xF0, 0x1E, 0xB2, 0x32, 0x16, 0x2F, 0x25, 0xB9, 0x81, 0x0C, 0xA6, 0x9C,
    0xC3, 0x27, 0xA8, 0x72, 0x28, 0xE1, 0x84, 0xA2, 0x16, 0x8E, 0x81, 0x6E, 0x45, 0x2D, 0x49, 0x37,
    0xD1, 0x69, 0xD0, 0x91, 0x6C, 0x93, 0x5E, 0x05, 0x1D, 0x4B, 0xB6, 0x51, 0x51, 0xCB, 0x72, 0xAD,
    0xCE, 0xEA, 0xC6, 0x7A, 0x25, 0x95, 0x95, 0x68, 0xCA, 0x4E, 0xBF, 0x95, 0x27, 0x07, 0x41, 0x2B,
    0x6E, 0xFF, 0x59, 0x93, 0x52, 0x29, 0x46, 0x96, 0xC1, 0x12, 0xD4, 0x8E, 0x45, 0x80, 0x8D, 0xB5,
    0x28, 0x81, 0x68, 0xFC, 0x37, 0x0E, 0xCA, 0xB0, 0xB8, 0x47, 0xFC, 0x67, 0xC4, 0x03, 0xF6, 0xF3,
    0x04, 0xB8, 0x0F, 0xD2, 0xCC, 0x85, 0xF9, 0x11, 0x7B, 0x78, 0xD8, 0xBA, 0x67, 0x58, 0xDF, 0x18,
    0xCE, 0x1B, 0xC6, 0x1F, 0x08, 0xDF, 0x0F, 0x0E, 0x77, 0xE8, 0x2D, 0x6A, 0x4F, 0x5D, 0x9B, 0xCD,
    0x46, 0xB0, 0x7E, 0x51, 0x74, 0x73, 0xA1, 0xED, 0x09, 0x85, 0x96, 0x59, 0x1C, 0x53, 0x5E, 0x0F,
    0x39, 0xFC, 0xC5, 0x4F, 0xD9, 0x05, 0xA4, 0x9A, 0x38, 0x92, 0x83, 0x76, 0x4A, 0xEC, 0x45, 0x01,
    0x33, 0x77, 0xCB, 0x85, 0x62, 0xE6, 0xB6, 0x97, 0xD9, 0xE7, 0x43, 0x00, 0x32, 0xAC, 0x2D, 0x57,
    0x19, 0x7B, 0x4B, 0xF8, 0x7A, 0x6B, 0x7B, 0xAC, 0x1C, 0x6D, 0x4F, 0x4F, 0x1C, 0x12, 0x14, 0x9E,
    0x0C, 0xA1, 0xAC, 0x37, 0x0A, 0xD8, 0xEE, 0x00, 0x3B, 0x39, 0xA4, 0x4B, 0x60, 0x67, 0x65, 0x1A,
    0xA7, 0xAB, 0xBD, 0x77, 0x76, 0x12, 0xA7, 0xF7, 0x87, 0xF8, 0xCB, 0xB9, 0xA1, 0xCB, 0xF4, 0xBA,
    0x98, 0x43, 0x62, 0x91, 0x16, 0x71, 0xC7, 0x9F, 0x4A, 0xE8, 0x05, 0xF0, 0xCD, 0x71, 0x57, 0x52,
    0x4A, 0xD0, 0x95, 0xFC, 0xB2, 0xC8, 0x49, 0xDC, 0x09, 0x61, 0x33, 0x88, 0x9B, 0x27, 0x84, 0x80,
    0x92, 0x14, 0xF1, 0xAE, 0x4B, 0x4E, 0x44, 0xED, 0x69, 0x93, 0x12, 0x19, 0x4C, 0x46, 0xA4, 0x93,
    0x84, 0x08, 0xC0, 0xCD, 0x53, 0x12, 0xF7, 0xF3, 0xC1, 0x9F, 0xFB, 0x53, 0x6A, 0x1D, 0x26, 0xEB,
    0x21, 0xD9, 0x09, 0xFB, 0x49, 0xC7, 0x87, 0xD2, 0x77, 0x57, 0xFA, 0x47, 0xF4, 0xCA, 0xFB, 0xDB,
    0xD2, 0xCB, 0xEF, 0xA5, 0x42, 0x57, 0x25, 0x64, 0xB5, 0x53, 0x2B, 0x14, 0xC2, 0xDB, 0x8F, 0x7B,
    0x4E, 0x79, 0x2D, 0x06, 0xCE, 0x78, 0xD1, 0x31, 0x39, 0xD8, 0xFD, 0xFE, 0x45, 0x93, 0x35, 0xC3,
    0xDA, 0xC8, 0x98, 0x61, 0xE5, 0x6C, 0xCB, 0x9A, 0x93, 0x5D, 0x7B, 0xFF, 0x3A, 0x90, 0x25, 0x83,
    0x61, 0x9B, 0x54, 0x97, 0x05, 0x35, 0x36, 0xE3, 0x7C, 0xB2, 0xE2, 0xF3, 0xAE, 0x87, 0xFF, 0x1F,
    0xC2, 0xE8, 0x5F, 0xF5, 0x2B, 0x93, 0x65, 0xDD, 0x9D, 0x00, 0xD5, 0x34, 0x57, 0x5D, 0xC5, 0xFF,
    0x25, 0x57, 0x5D, 0xFD, 0xFC, 0xB0, 0xAB, 0xA1, 0x76, 0x57, 0x50, 0xD3, 0x79, 0x41, 0xCF, 0x94,
    0xD1, 0x22, 0xAB, 0x7B, 0xDA, 0xAC, 0xD5, 0xF4, 0xBE, 0x98, 0x63, 0x5A, 0xF6, 0xA4, 0x20, 0x3A,
    0xCD, 0x24, 0x0D, 0x4E, 0x1A, 0x63, 0x1A, 0xB5, 0x53, 0x66, 0xDF, 0x94, 0x0C, 0x33, 0x1E, 0x14,
    0x25, 0x69, 0xF0, 0xC1, 0x2C, 0xA4, 0x3C, 0xA9, 0x79, 0xDF, 0x64, 0xDF, 0x14, 0xB3, 0xCB, 0x18,
    0x4D, 0x90, 0x34, 0xA2, 0xD6, 0x48, 0xA3, 0x9D, 0x52, 0xCB, 0x22, 0x8D, 0xF2, 0x49, 0x03, 0xE9,
    0xC9, 0xA0, 0xFD, 0x2B, 0x02, 0x80, 0x9E, 0x74, 0xF5, 0x23, 0x15, 0xD2, 0xD6, 0x0F, 0x71, 0x48,
    0xBB, 0xEB, 0x54, 0x78, 0x5C, 0x44, 0xC4, 0x05, 0x7D, 0x0B, 0x9F, 0x7D, 0x3C, 0x6C, 0xA2, 0xB2,
    0x1E, 0x0F, 0x2B, 0xE8, 0x81, 0x0E, 0x9E, 0xD4, 0x7E, 0xEF, 0x81, 0xDD, 0xFB, 0xFD, 0x12, 0x4F,
    0xA9, 0xF4, 0x78, 0xEC, 0x14, 0x9F, 0x53, 0x78, 0x5E, 0x68, 0x0A, 0x8C, 0x33, 0xEA, 0x7E, 0x8A,
    0x06, 0x7C, 0xF6, 0x99, 0x7C, 0x9D, 0xE3, 0x73, 0x56, 0x52, 0x35, 0xB5, 0xC2, 0x63, 0x0B, 0x59,
    0x55, 0x4C, 0x8E, 0x7B, 0xA9, 0x3F, 0xC1, 0x60, 0x6C, 0xF4, 0xF5, 0x6A, 0xBA, 0xF3, 0x5B, 0xF3,
    0x30, 0x3C, 0xEE, 0x05, 0x8A, 0x4C, 0x6B, 0x23, 0xFF, 0xB8, 0x94, 0x9D, 0x97, 0x12, 0xC0, 0x2E,
    0x45, 0x73, 0x96, 0x04, 0x34, 0xD8, 0x55, 0x59, 0xB3, 0xEB, 0x84, 0xEC, 0x44, 0x0B, 0x0E, 0x47,
    0x76, 0x9C, 0x96, 0x3A, 0xE5, 0xCA, 0x02, 0xE6, 0x72, 0x71, 0x6D, 0x19, 0x07, 0x90, 0xC0, 0x52,
    0xB6, 0xE0, 0xAC, 0x16, 0x0B, 0xAE, 0xF4, 0xAC, 0xDA, 0xA9, 0xD5, 0x46, 0x0B, 0x3E, 0x9B, 0xBA,
    0x31, 0xA0, 0x19, 0x9A, 0xED, 0x43, 0x68, 0x06, 0x89, 0x04, 0x25, 0x0C, 0xE4, 0x18, 0xB0, 0xE1,
    0x00, 0x90, 0xE3, 0xFF, 0x90, 0x43, 0xFF, 0xB0, 0x91, 0xA8, 0x5F, 0x02, 0x7E, 0xCE, 0x2B, 0x4B,
    0x98, 0x2F, 0xCE, 0x6D, 0xED, 0x16, 0xE4, 0x87, 0x47, 0x6C, 0xBF, 0xDB, 0x79, 0x52, 0xEC, 0x02,
    0x49, 0x37, 0xA2, 0x9A, 0xAC, 0x2C, 0x6A, 0x64, 0x20, 0x53, 0x3B, 0xDA, 0x05, 0x3A, 0x67, 0xFC,
    0xA7, 0x21, 0x79, 0x98, 0xC1, 0x2D, 0xCF, 0x97, 0x1C, 0x27, 0x57, 0x1C, 0x24, 0x73, 0xFE, 0x43,
    0x52, 0x1F, 0x89, 0x64, 0x3D, 0x38, 0xE1, 0x81, 0x86, 0x75, 0x7B, 0x72, 0xF2, 0x73, 0x56, 0x58,
    0x49, 0xCE, 0xBB, 0xEA, 0xEA, 0x5D, 0x9A, 0x4E, 0x38, 0xAC, 0x3F, 0x2F, 0xDC, 0xE7, 0x11, 0x1B,
    0x22, 0xE0, 0x39, 0xD4, 0x39, 0x9E, 0x94, 0xA7, 0x76, 0x08, 0xEC, 0x86, 0x18, 0xB1, 0x19, 0xC2,
    0x1B, 0xB1, 0x17, 0xC2, 0x1B, 0xB1, 0x15, 0xC2, 0xD3, 0xD8, 0x09, 0xE1, 0x69, 0x6C, 0x84, 0x80,
    0xE7, 0xBB, 0x60, 0x57, 0x72, 0xBC, 0x9C, 0x16, 0xD3, 0x4B, 0x4A, 0x02, 0x7B, 0x20, 0x72, 0x6E,
    0x81, 0xE0, 0x0E, 0x08, 0x6E, 0x80, 0x90, 0xFE, 0x07, 0x6E, 0x7F, 0x90, 0xEE, 0x87, 0x4B, 0x6E,
    0xC2, 0x8C, 0x77, 0xE8, 0x60, 0x90, 0x54, 0x59, 0x46, 0xCE, 0x06, 0x1D, 0x83, 0xAD, 0x48, 0x70,
    0x0B, 0xAA, 0x7D, 0x62, 0xDF, 0xCA, 0x10, 0x49, 0x7A, 0xAC, 0xC3, 0x4E, 0x96, 0xCB, 0x18, 0x16,
    0x02, 0x9E, 0xA1, 0x00, 0xB3, 0x83, 0xA0, 0x2B, 0x56, 0x93, 0x23, 0x8D, 0xA9, 0xBD, 0xB0, 0x20,
    0xBB, 0x60, 0x7C, 0xDC, 0x5D, 0x6D, 0x47, 0xD6, 0x7C, 0x5F, 0x77, 0xFC, 0x01, 0x53, 0x95, 0x47,
    0xCC, 0x79, 0xCA, 0x0E, 0xC6, 0x12, 0x00, 0x13, 0xDC, 0xA3, 0x35, 0x2C, 0x71, 0x2D, 0xB8, 0x8C,
    0x80, 0x56, 0x80, 0x15, 0xAD, 0x36, 0x93, 0x74, 0x60, 0x13, 0xD7, 0x64, 0x15, 0x59, 0x15, 0x31,
    0x96, 0xEB, 0x36, 0x36, 0x60, 0x3E, 0xA5, 0x8B, 0x4A, 0x53, 0xBF, 0x32, 0xC9, 0xBF, 0x6E, 0x73,
    0x00, 0x2C, 0x69, 0x0B, 0xA9, 0x6D, 0xCB, 0xB0, 0x31, 0x97, 0xB1, 0xBB, 0x9D, 0xD4, 0x3B, 0x49,
    0x03, 0x83, 0x37, 0x79, 0x07, 0x04, 0x67, 0x34, 0x30, 0x78, 0x1F, 0x39, 0x77, 0xA7, 0x4C, 0x76,
    0x91, 0xBA, 0xC3, 0xC6, 0xF4, 0xF6, 0x33, 0x6E, 0xFD, 0x5C, 0xB4, 0x1B, 0x7A, 0x65, 0x17, 0x6B,
    0x16, 0xBD, 0xA3, 0x7D, 0x6C, 0xCE, 0xE3, 0xA7, 0xEE, 0x52, 0x1D, 0xB7, 0x8D, 0xE4, 0xBC, 0x40,
    0x50, 0x21, 0x51, 0xFB, 0xD2, 0x24, 0x93, 0xDA, 0xA7, 0x56, 0xC5, 0x1F, 0x83, 0x5F, 0xC7, 0xB1,
    0xE5, 0x0D, 0x62, 0x12, 0x06, 0x97, 0x37, 0x34, 0x2F, 0xA4, 0x4A, 0x3E, 0x38, 0xD0, 0xEC, 0x0E,
    0xC7, 0x77, 0xDA, 0x82, 0xE3, 0xCB, 0x50, 0x37, 0x59, 0x2E, 0x10, 0xF4, 0x05, 0x16, 0x02, 0x24,
    0x35, 0x9E, 0xAE, 0xA4, 0xC6, 0xC7, 0x3F, 0xD4, 0xED, 0x53, 0x69, 0x97, 0xF1, 0xCC, 0xDB, 0xB6,
    0xBB, 0x3E, 0x34, 0x51, 0x0E, 0x55, 0xCD, 0xB9, 0x7A, 0x6F, 0x12, 0x7D, 0x06, 0xE7, 0x8A, 0xAB,
    0xD2, 0x0A, 0xA3, 0x03, 0x5D, 0x93, 0x0E, 0xC1, 0x84, 0x53, 0xE3, 0x45, 0x78, 0xAF, 0x67, 0x9C,
    0xBB, 0xF3, 0x0B, 0x6E, 0x85, 0x49, 0xF4, 0xFB, 0xA3, 0xE0, 0xDC, 0xED, 0xD1, 0xE0, 0xDC, 0x60,
    0xB2, 0xE2, 0x3D, 0x69, 0xD4, 0xC1, 0xCB, 0xE8, 0x11, 0x9F, 0x9F, 0x5A, 0xC6, 0xE0, 0x0B, 0x53,
    0xF3, 0x14, 0xDA, 0xA7, 0x73, 0x1B, 0x12, 0x57, 0xDF, 0x26, 0xC1, 0xE2, 0x07, 0xE4, 0x6C, 0xE3,
    0x69, 0x53, 0x0F, 0x25, 0xE2, 0x63, 0xC3, 0x0D, 0x28, 0x4C, 0xA7, 0xC2, 0x1A, 0x2F, 0xA5, 0x00,
    0x45, 0x4E, 0xC3, 0x66, 0xCC, 0xCA, 0xE0, 0xCB, 0x21, 0xAE, 0x96, 0xBA, 0x47, 0xF4, 0x1D, 0x8B,
    0xDA, 0xE6, 0x1F, 0x73, 0xFD, 0x4F, 0xC5, 0xCC, 0x61, 0xFA, 0x01, 0xCB, 0x9C, 0xAE, 0xAF, 0x68,
    0xE9, 0x50, 0x1B, 0x89, 0x7A, 0xD9, 0xB3, 0xB4, 0x81, 0x58, 0xDE, 0x69, 0x46, 0x96, 0x34, 0xC5,
    0x89, 0x20, 0x67, 0x4F, 0xA4, 0x8C, 0x23, 0x65, 0x7B, 0x47, 0x09, 0x79, 0x4C, 0x06, 0xA1, 0x97,
    0x80, 0xA7, 0x11, 0xD9, 0xA6, 0x9B, 0xA5, 0xFA, 0x02, 0xB7, 0xCD, 0x7B, 0x7D, 0x26, 0x67, 0xBA,
    0x0B, 0x92, 0xE7, 0x02, 0x47, 0x94, 0xE6, 0xB5, 0x0B, 0x3B, 0xB0, 0x4E, 0xC5, 0xEB, 0x44, 0x4D,
    0xEA, 0x33, 0x31, 0x7D, 0xBE, 0xDA, 0x65, 0x21, 0xE3, 0xB4, 0xCE, 0x69, 0xF3, 0x5F, 0x3B, 0x6F,
    0x7F, 0xE8, 0xCE, 0x7F, 0x4C, 0xE8, 0xF3, 0xF6, 0x8D, 0x73, 0x8F, 0x46, 0x03, 0xE8, 0x85, 0x26,
    0x03, 0x81, 0x2F, 0x1A, 0x4C, 0xD0, 0x91, 0xB9, 0xF8, 0x1D, 0x19, 0x0B, 0x84, 0xAA, 0x68, 0x2A,
    0x4B, 0x36, 0x94, 0x65, 0xCF, 0xF9, 0x70, 0xC9, 0xCD, 0x74, 0xB3, 0xCC, 0x4C, 0xC9, 0xE6, 0xB1,
    0xC9, 0x09, 0xE0, 0x63, 0x59, 0xCB, 0x86, 0x9B, 0x98, 0xFF, 0x8F, 0x54, 0x37, 0xF8, 0x5F, 0x7A,
    0xB5, 0xD8, 0xBF, 0x46, 0xF0, 0xB5, 0x47, 0x48, 0xAB, 0xA8, 0xA7, 0xAF, 0xC2, 0xD3, 0x34, 0x05,
    0x67, 0xE9, 0x11, 0x69, 0x93, 0x92, 0x90, 0x36, 0x29, 0x09, 0x69, 0x93, 0x8A, 0x90, 0x36, 0xAE,
    0x08, 0x69, 0xC1, 0x81, 0xBF, 0x8B, 0xD1, 0xA9, 0x74, 0x06, 0x95, 0xB6, 0x1F, 0x88, 0x11, 0x09,
    0x91, 0xB6, 0xDE, 0x80, 0xB4, 0x67, 0x3C, 0x42, 0xDA, 0xF8, 0x7B, 0xB8, 0xCB, 0xB4, 0xC9, 0x87,
    0x0D, 0x22, 0x6D, 0x72, 0xB5, 0x46, 0xA4, 0x7D, 0x69, 0x31, 0xDF, 0x3E, 0xA3, 0x6A, 0xDE, 0x9D,
    0xF7, 0x1D, 0x79, 0xFF, 0xF7, 0xCD, 0xE7, 0xE6, 0xBC, 0xA6, 0xA8, 0xCC, 0x2B, 0xE9, 0xD4, 0x52,
    0x64, 0xDA, 0x89, 0x88, 0xB3, 0x35, 0x47, 0xCE, 0x68, 0x19, 0xBC, 0x99, 0x29, 0xD9, 0xCD, 0xB8,
    0xDE, 0x10, 0xA1, 0x1C, 0x30, 0x0A, 0xE9, 0x94, 0x80, 0x50, 0x6F, 0x7A, 0x85, 0x88, 0xC3, 0x43,
    0x31, 0x8A, 0xA7, 0xD5, 0xCF, 0x78, 0x6C, 0xCE, 0x5A, 0x16, 0xCA, 0x76, 0x2E, 0xD1, 0x28, 0x55,
    0xC6, 0x45, 0xE3, 0xA4, 0x48, 0x30, 0x16, 0xC1, 0x11, 0xA3, 0x91, 0x03, 0xCA, 0xD7, 0xC9, 0xC5,
    0x58, 0x72, 0xC0, 0x0A, 0xD9, 0xFD, 0x4A, 0xCA, 0x3B, 0x5B, 0x92, 0xF3, 0xD6, 0x96, 0xE1, 0x89,
    0x6B, 0xDA, 0xDB, 0x14, 0xB1, 0x1C, 0xB3, 0x73, 0x77, 0xD1, 0x69, 0xAC, 0x4C, 0x82, 0xA4, 0x9E,
    0x2A, 0x44, 0x74, 0x21, 0x5A, 0x43, 0x7C, 0x4F, 0x8B, 0x5A, 0x18, 0x6F, 0x38, 0x6F, 0x36, 0x39,
    0xBB, 0xCB, 0x99, 0x6D, 0xCE, 0xEE, 0x73, 0xAB, 0x1B, 0xDD, 0xB3, 0xE4, 0xE3, 0x6A, 0x8F, 0xB3,
    0x29, 0xCE, 0x9A, 0x76, 0x0D, 0xA3, 0x07, 0xD8, 0x06, 0x6F, 0x76, 0xDC, 0x50, 0x12, 0x51, 0x47,
    0xC1, 0xC7, 0x17, 0x84, 0x8F, 0xEF, 0x0A, 0x1F, 0xB5, 0xF0, 0x71, 0x14, 0x3E, 0x9A, 0x33, 0x8E,
    0xBF, 0x1B, 0x88, 0x3E, 0x67, 0xAF, 0x55, 0x2B, 0x93, 0x64, 0xD6, 0x76, 0xB1, 0x9C, 0xD2, 0x87,
    0xA6, 0x6A, 0x8D, 0x91, 0xC2, 0x2D, 0x29, 0x95, 0x21, 0x04, 0x32, 0x28, 0x74, 0x52, 0x2A, 0x23,
    0x7F, 0x91, 0x3C, 0xB1, 0x4E, 0x31, 0xCF, 0x93, 0x41, 0x19, 0xA6, 0x8F, 0x6A, 0xA5, 0x54, 0x96,
    0x88, 0x4F, 0xD6, 0xD2, 0x3D, 0x6E, 0x0E, 0xE3, 0xBD, 0xE6, 0x3B, 0x82, 0x57, 0x7A, 0x1A, 0x81,
    0xC3, 0x5E, 0xFB, 0x77, 0x87, 0x73, 0x38, 0xCE, 0x99, 0xC3, 0xD4, 0x54, 0x42, 0x08, 0xC1, 0x1C,
    0x86, 0x91, 0xDD, 0xB0, 0x52, 0x38, 0xDC, 0xD8, 0x54, 0x9E, 0x2C, 0x89, 0x35, 0xE2, 0x2E, 0x8C,
    0x14, 0x4F, 0x67, 0xED, 0xE3, 0x69, 0xAA, 0x39, 0x76, 0x6A, 0xEF, 0x41, 0x58, 0xD8, 0x5E, 0x37,
    0xE3, 0xAC, 0x9C, 0xDD, 0x33, 0x85, 0x9E, 0xAB, 0xA6, 0xE8, 0xFF, 0xA6, 0x4C, 0xA2, 0xD9, 0x05,
    0xA7, 0x47, 0x25, 0x85, 0x35, 0xBD, 0x0F, 0x8D, 0xBE, 0xCB, 0xEB, 0x3F, 0xF9, 0xBA, 0xD0, 0xF8,
    0xAE, 0x8C, 0x23, 0xDB, 0x41, 0xF7, 0xB7, 0xC7, 0x44, 0x4A, 0x6B, 0x1C, 0x7E, 0xCF, 0xE5, 0xB2,
    0x56, 0x53, 0xC7, 0xA7, 0xD2, 0xCA, 0x69, 0xF9, 0x2C, 0x94, 0xD3, 0xF3, 0x59, 0xA4, 0xCA, 0x69,
    0xFA, 0xCC, 0x95, 0xD3, 0xF5, 0x59, 0x2A, 0xA7, 0xED, 0xB3, 0x56, 0x4E, 0xDF, 0xA7, 0xB5, 0x6C,
    0xBA, 0xF3, 0xA8, 0x31, 0x91, 0xF3, 0x1D, 0xFD, 0x2B, 0xDD, 0x4C, 0xAD, 0x9F, 0x79, 0x56, 0xAF,
    0x48, 0xC4, 0x75, 0xF2, 0x42, 0xED, 0xB6, 0x09, 0x09, 0x7D, 0xE4, 0x49, 0x1B, 0x66, 0xD3, 0xFF,
    0x87, 0x82, 0x1C, 0xFF, 0x2D, 0x75, 0x6E, 0x1F, 0x5F, 0x10, 0xDB, 0xB3, 0x1C, 0x96, 0x4A, 0xBA,
    0x02, 0x2F, 0x8A, 0x94, 0xD6, 0xCD, 0x02, 0xD0, 0x29, 0xA7, 0xFE, 0x18, 0x8D, 0x52, 0xBC, 0xA0,
    0x49, 0x89, 0x28, 0xF2, 0xAC, 0xC1, 0xFB, 0x54, 0x8A, 0x59, 0xBF, 0x8F, 0xF3, 0xC8, 0x85, 0x94,
    0x41, 0x03, 0x2D, 0x39, 0x89, 0xE7, 0x0D, 0x20, 0x02, 0xAF, 0x96, 0x33, 0x32, 0x52, 0xAE, 0xA0,
    0x94, 0x2B, 0x2D, 0x35, 0x13, 0xD9, 0x4C, 0x6E, 0x73, 0xE1, 0x6D, 0x93, 0xE0, 0x0B, 0x2E, 0x8F,
    0xDC, 0x32, 0xDC, 0xA2, 0xDF, 0xF6, 0x89, 0x35, 0x3F, 0xE2, 0xDE, 0x6B, 0x0E, 0xEC, 0x59, 0x33,
    0x5C, 0x37, 0xC5, 0xE3, 0xAC, 0x3B, 0xAB, 0xE7, 0x75, 0x56, 0x7B, 0xEC, 0xC2, 0x6A, 0xDB, 0x27,
    0x7F, 0xFA, 0x75, 0xE7, 0xF7, 0xFB, 0xC1, 0x7D, 0xE1, 0x06, 0xFA, 0x68, 0xF6, 0xA7, 0x3A, 0xBA,
    0xA6, 0xA3, 0x5C, 0x06, 0x92, 0x3A, 0x10, 0x0D, 0x7B, 0xAD, 0xE2, 0x4A, 0x10, 0x0E, 0x18, 0x8C,
    0x73, 0x2D, 0x48, 0x71, 0x31, 0x48, 0xAA, 0x41, 0x58, 0x08, 0xA2, 0x68, 0x80, 0xAA, 0x42, 0x54,
    0x10, 0x2A, 0x29, 0xEA, 0x28, 0x1A, 0x1A, 0xD0, 0x57, 0xC1, 0x9A, 0xD0, 0x48, 0xC3, 0x82, 0x83,
    0x0A, 0x54, 0x1B, 0x4A, 0x4E, 0xD0, 0x4D, 0x67, 0x2A, 0x1B, 0x54, 0xE1, 0xE2, 0x67, 0x8F, 0xA5,
    0xA1, 0xB1, 0xE8, 0xA9, 0x36, 0xF4, 0x72, 0xB7, 0xB1, 0x3A, 0x34, 0x65, 0x39, 0xA5, 0x3E, 0x34,
    0xE5, 0xE2, 0x4D, 0x85, 0xC8, 0x94, 0x88, 0x6C, 0x8D, 0xC8, 0x16, 0x89, 0xE4, 0xBA, 0x4A, 0x2A,
    0x13, 0x55, 0x62, 0x0F, 0x74, 0x01, 0x0A, 0xDA, 0x02, 0xDD, 0x43, 0xCB, 0x65, 0x37, 0xB1, 0x01,
    0xAC, 0x0A, 0x71, 0xAD, 0xA8, 0xA8, 0x94, 0x14, 0x8B, 0xC4, 0x57, 0x53, 0xC9, 0x60, 0x75, 0xBE,
    0x5B, 0x89, 0xBC, 0xC7, 0x6C, 0xE0, 0x8A, 0x51, 0x8B, 0x3B, 0xDD, 0xF9, 0x0D, 0x2D, 0x77, 0x4F,
    0xE2, 0x4A, 0x3B, 0x49, 0x3D, 0x99, 0x8A, 0x81, 0x29, 0x19, 0x48, 0xCD, 0x40, 0x49, 0xD1, 0x40,
    0x5A, 0x84, 0x64, 0xF9, 0x49, 0x6D, 0xAC, 0xD6, 0x2C, 0xBE, 0xB6, 0x39, 0x5A, 0xF2, 0x34, 0x75,
    0xC7, 0x9E, 0x26, 0xF6, 0x5C, 0x9D, 0xDF, 0x7E, 0x30, 0x6A, 0xF5, 0xFA, 0x4A, 0xF7, 0x48, 0xD4,
    0x51, 0x78, 0xC0, 0xC9, 0x4A, 0x23, 0x23, 0x8E, 0x68, 0xE7, 0xC9, 0x11, 0x7B, 0xBC, 0x0F, 0xB5,
    0xD3, 0x1F, 0x99, 0x1F, 0xB5, 0x1A, 0x8E, 0xDB, 0x78, 0x1C, 0x03, 0xF1, 0x74, 0x1E, 0x91, 0x73,
    0x48, 0xFE, 0x20, 0xD1, 0xC4, 0x53, 0xF6, 0xA2, 0x3C, 0x39, 0x7D, 0x1E, 0xFE, 0xAC, 0xE5, 0xE3,
    0xE7, 0x37, 0xA9, 0x7C, 0x5E, 0xF1, 0x7F, 0x35, 0x75, 0x49, 0xED, 0xBD, 0xF1, 0x13, 0x5A, 0xCA,
    0x5F, 0x61, 0x39, 0x3D, 0xDB, 0x07, 0xF8, 0xA6, 0xC7, 0xF7, 0xD4, 0xAF, 0x7D, 0x9C, 0xFE, 0xF0,
    0xE7, 0xE9, 0x8F, 0xB4, 0xCA, 0xFE, 0x5D, 0xFD, 0xF6, 0xB6, 0xB6, 0x27, 0xDD, 0x27, 0xD8, 0x31,
    0x3D, 0x4A, 0x7B, 0xC8, 0x35, 0x96, 0x8E, 0x7F, 0x15, 0x18, 0xFE, 0x2A, 0xCC, 0xEF, 0xF0, 0xCE,
    0x8D, 0x2D, 0xDA, 0x57, 0x4C, 0x6A, 0xE3, 0xD7, 0x4B, 0x75, 0xE6, 0x87, 0x95, 0xFA, 0xCD, 0x1F,
    0xC1, 0x3F, 0xDC, 0x1D, 0x6F, 0xA7, 0xEA, 0xDC, 0x7D, 0xF6, 0xE6, 0x80, 0x1B, 0xC1, 0x73, 0xF9,
    0x67, 0xDF, 0x77, 0x17, 0x79, 0xDD, 0x59, 0x64, 0xAC, 0x5E, 0x06, 0x1B, 0xBE, 0x65, 0x68, 0xB9,
    0xEF, 0xB2, 0xD9, 0x91, 0x98, 0xBA, 0xBB, 0xA7, 0x33, 0x8C, 0x4F, 0x7A, 0x6A, 0x2F, 0x1A, 0xC6,
    0xB6, 0x66, 0x03, 0x0E, 0xF7, 0xB4, 0x76, 0xAE, 0xD3, 0xEE, 0xCD, 0x74, 0xF0, 0x47, 0xBB, 0x25,
    0x2D, 0xC6, 0xAF, 0x49, 0x1B, 0x7C, 0xEA, 0x8D, 0x72, 0x09, 0xFC, 0x00, 0xBC, 0xE6, 0x5B, 0x7A,
    0xE2, 0x56, 0x5D, 0xEE, 0xA7, 0x4B, 0xE0, 0xBB, 0xE9, 0x96, 0xE0, 0x7A, 0xBA, 0x04, 0xDE, 0xDC,
    0x12, 0x8C, 0x19, 0xEA, 0xA7, 0x70, 0x4B, 0xF0, 0x29, 0xFB, 0x76, 0xE7, 0x3F, 0x7E, 0x90, 0x32,
    0x36, 0x43, 0xA3, 0x71, 0x07, 0x6C, 0x31, 0x27, 0xB0, 0x35, 0xF9, 0x50, 0x5F, 0x5F, 0x49, 0x75,
    0xAD, 0xF6, 0xE5, 0x0B, 0xDB, 0x1A, 0x75, 0x51, 0x6E, 0xC6, 0x1D, 0x5E, 0xAE, 0x99, 0x69, 0x40,
    0x57, 0x63, 0x79, 0xD6, 0xAE, 0xDD, 0x0C, 0xA5, 0x0F, 0x64, 0xD3, 0xD5, 0x07, 0xA9, 0x7A, 0xA2,
    0x37, 0xF4, 0x9D, 0x64, 0xDA, 0xB6, 0xA9, 0xC0, 0xA3, 0xFE, 0x0F, 0x36, 0x93, 0xFB, 0x3F, 0x1D,
    0x4D, 0x9A, 0x66, 0x87, 0x1F, 0xCD, 0x79, 0x3E, 0xF8, 0x7C, 0xCA, 0xA1, 0xA7, 0xAD, 0x89, 0x6E,
    0x7C, 0x6E, 0xAA, 0xC5, 0x12, 0x7E, 0xB8, 0xDB, 0xBE, 0x71, 0xF5, 0xBD, 0x7D, 0xF5, 0x7B, 0xA9,
    0xF1, 0xDF, 0xC1, 0x8D, 0xC9, 0x72, 0x93, 0x9E, 0xC7, 0x2E, 0xBA, 0x34, 0xAE, 0xEC, 0xA5, 0xA1,
    0x05, 0x04, 0x8D, 0xF6, 0xDE, 0x50, 0x8C, 0x20, 0xCD, 0x9D, 0xDD, 0x10, 0x41, 0x26, 0xD5, 0x84,
    0xE7, 0xEE, 0xC5, 0x75, 0x18, 0x3D, 0xDA, 0x3B, 0x44, 0xEF, 0xC9, 0xFF, 0x7B, 0x11, 0xE9, 0x01,
    0x0F, 0x15, 0xB7, 0x2E, 0xAE, 0xCF, 0x90, 0x7D, 0x86, 0xED, 0x33, 0x74, 0x9F, 0xE3, 0xFB, 0x0C,
    0xE1, 0xB7, 0xF2, 0xF4, 0x94, 0x21, 0xEA, 0x81, 0xB7, 0xBE, 0xD9, 0xE6, 0x37, 0xDB, 0xFE, 0x66,
    0x1B, 0xE0, 0x16, 0x0C, 0x3C, 0xB3, 0x29, 0xF6, 0xE1, 0x17, 0xE9, 0x96, 0x4F, 0xE4, 0xCA, 0x18,
    0xF9, 0xBA, 0xCF, 0xDD, 0x03, 0xA2, 0x9F, 0xBB, 0xC7, 0x9F, 0x7F, 0xD1, 0x9C, 0xCA, 0x74, 0x4D,
    0xA6, 0xFF, 0x0F, 0xED, 0x5D, 0x7D, 0x8C, 0x15, 0xD7, 0x75, 0xBF, 0x33, 0xB3, 0xBB, 0x13, 0x76,
    0x0C, 0x83, 0x52, 0x68, 0xFD, 0x41, 0x19, 0x57, 0xA2, 0xD1, 0xA6, 0xC1, 0x0C, 0x56, 0x5D, 0xC9,
    0x49, 0x76, 0x77, 0x06, 0x93, 0x96, 0xB6, 0x6E, 0xC5, 0xFE, 0x61, 0xA7, 0x92, 0xED, 0x0A, 0x2B,
    0x72, 0x24, 0x4A, 0xA3, 0x2C, 0xAA, 0x50, 0xE4, 0xC4, 0x8F, 0x7D, 0x43, 0xDC, 0x06, 0xA9, 0x55,
    0xE4, 0x8D, 0xDA, 0xF4, 0x9F, 0x54, 0x82, 0x38, 0x44, 0x89, 0x21, 0xC9, 0x5A, 0x0D, 0xAD, 0x36,
    0xED, 0xC2, 0x0C, 0xA0, 0x2A, 0x8A, 0x23, 0xC5, 0x03, 0x4E, 0x83, 0xD4, 0x24, 0xF5, 0xD8, 0x21,
    0x4D, 0x64, 0xA2, 0x30, 0xC4, 0x43, 0x98, 0x65, 0xE7, 0xBD, 0xDB, 0x73, 0xEE, 0x9D, 0xB9, 0x73,
    0xEF, 0xBC, 0xB7, 0xB0, 0x58, 0x26, 0xB1, 0x61, 0x9F, 0x64, 0xEF, 0x3D, 0xF7, 0xBD, 0x37, 0x6F,
    0xEE, 0x39, 0xE7, 0x9E, 0xCF, 0xDF, 0x1D, 0x08, 0x29, 0x5F, 0x03, 0x44, 0x7A, 0x79, 0x0A, 0xE1,
    0x2F, 0xF2, 0x8E, 0xF6, 0xB7, 0x13, 0x35, 0x61, 0xBE, 0x9E, 0xD5, 0x84, 0xF5, 0x7A, 0x5E, 0x13,
    0xC6, 0xAB, 0xA9, 0x7C, 0x39, 0x32, 0x24, 0x13, 0xA1, 0x7C, 0x71, 0x1A, 0x48, 0x44, 0x3B, 0x2A,
    0x7F, 0x65, 0x9A, 0xBC, 0xD7, 0xF7, 0x4A, 0x42, 0xEF, 0x90, 0x76, 0xE0, 0xC5, 0xE5, 0x85, 0x0B,
    0xD2, 0xF6, 0xDD, 0x78, 0x95, 0x5F, 0x12, 0xA1, 0xEF, 0x26, 0x4E, 0x42, 0xF4, 0x80, 0x98, 0x05,
    0xA1, 0x40, 0xB8, 0x31, 0x31, 0xBA, 0xBE, 0xDD, 0xD1, 0x29, 0x7C, 0x07, 0x2E, 0x61, 0xD0, 0xF2,
    0x15, 0x01, 0x61, 0x56, 0x44, 0x00, 0x84, 0x06, 0x7F, 0x67, 0xE8, 0x65, 0x4A, 0x09, 0xFE, 0x92,
    0x43, 0x3B, 0x16, 0xDD, 0x47, 0x33, 0x82, 0xBF, 0x64, 0x57, 0x77, 0xEF, 0xC1, 0x02, 0xDD, 0x8A,
    0x70, 0xE9, 0x67, 0x1F, 0xA1, 0x49, 0x49, 0xD8, 0xEC, 0x9A, 0xD5, 0x72, 0x91, 0xA8, 0xD7, 0x47,
    0xE9, 0xB9, 0x9A, 0x61, 0x87, 0xBF, 0x48, 0x96, 0xF2, 0xF2, 0x57, 0x4B, 0xDC, 0x4B, 0x3B, 0x12,
    0x93, 0xE7, 0xBB, 0xD2, 0x3B, 0x99, 0x44, 0x68, 0x07, 0x77, 0x36, 0x2E, 0x72, 0xE7, 0xA1, 0x5A,
    0x68, 0xE2, 0x4E, 0x61, 0x28, 0xBE, 0xE4, 0xD6, 0xB7, 0x76, 0xC7, 0xA3, 0xB4, 0xE6, 0xBD, 0x43,
    0x83, 0x55, 0xA5, 0x54, 0x2C, 0x1A, 0x71, 0x86, 0xE2, 0x42, 0x02, 0xCE, 0x4E, 0x32, 0x09, 0x5F,
    0x13, 0xCC, 0x24, 0xA4, 0x62, 0x65, 0xC6, 0x86, 0xC8, 0x48, 0xEA, 0x93, 0x92, 0x8D, 0x74, 0x1A,
    0x7F, 0xB2, 0x66, 0xA2, 0xC4, 0x42, 0x89, 0x81, 0x12, 0xFB, 0x64, 0xE6, 0x49, 0xAC, 0x6B, 0x32,
    0xEE, 0x66, 0x5E, 0xDB, 0xD5, 0xD4, 0x41, 0x52, 0x06, 0x49, 0x15, 0x24, 0x45, 0x68, 0xAA, 0xC1,
    0xDB, 0x8E, 0x51, 0x66, 0x22, 0x18, 0xC5, 0x3E, 0xCE, 0x19, 0xC5, 0x86, 0x9C, 0x51, 0x7A, 0x70,
    0x2B, 0xAC, 0xED, 0x4D, 0x55, 0x02, 0x22, 0x5B, 0x93, 0xDA, 0x46, 0x67, 0xFD, 0x86, 0x46, 0x4A,
    0x96, 0xFC, 0xBA, 0x45, 0x76, 0xE1, 0x32, 0xCF, 0x7E, 0x1D, 0x96, 0x8B, 0x45, 0x0A, 0x87, 0xE4,
    0x48, 0x81, 0xD6, 0xA1, 0x82, 0x45, 0x69, 0x19, 0x03, 0xE8, 0x3E, 0x30, 0x8F, 0xA6, 0x22, 0x20,
    0xA0, 0xF3, 0x93, 0xA5, 0x60, 0xCC, 0xDC, 0xA0, 0x91, 0x9D, 0x73, 0xA6, 0x59, 0x99, 0xDD, 0x85,
    0x19, 0xCE, 0x36, 0x3B, 0x73, 0x33, 0x62, 0xE5, 0x9C, 0x71, 0x6E, 0xD1, 0x4E, 0xC8, 0x64, 0x2A,
    0x58, 0xF7, 0xDA, 0x0C, 0x4D, 0xE5, 0xE8, 0x20, 0x2A, 0xD9, 0x07, 0x72, 0x01, 0x21, 0x71, 0x06,
    0xE6, 0xF8, 0x6E, 0x22, 0x58, 0x38, 0xB8, 0xEB, 0xA1, 0x1B, 0x17, 0x1D, 0x2C, 0xF3, 0xE0, 0x86,
    0x45, 0x48, 0x3D, 0x2F, 0x3B, 0x92, 0x08, 0x27, 0x59, 0x8C, 0x50, 0x3E, 0xB6, 0xC4, 0xD7, 0xB2,
    0x18, 0x97, 0x79, 0x7D, 0x73, 0x6C, 0x19, 0x29, 0x61, 0xD3, 0xA5, 0x94, 0xCF, 0xC8, 0xFB, 0xCF,
    0xBF, 0x63, 0x50, 0x4A, 0x1E, 0xDD, 0x3A, 0xC0, 0x69, 0x03, 0x4F, 0x86, 0xCA, 0x3B, 0x1F, 0x77,
    0x50, 0x1C, 0xE2, 0x02, 0x8F, 0x7B, 0x42, 0x4E, 0xC0, 0x6E, 0x5A, 0xC9, 0xC9, 0x2A, 0x36, 0x1D,
    0xAE, 0xC6, 0x90, 0xE0, 0x01, 0xAF, 0x53, 0xB2, 0x82, 0x18, 0x87, 0x8C, 0x0E, 0x32, 0x37, 0x03,
    0xBD, 0x31, 0x0A, 0xBD, 0x4B, 0x74, 0xE4, 0xB1, 0x1B, 0x9B, 0xB9, 0xD6, 0x45, 0x5F, 0x17, 0x00,
    0xF3, 0xAD, 0x5C, 0xA3, 0x24, 0xCC, 0xDD, 0x08, 0xC6, 0x76, 0xA6, 0x51, 0x1D, 0x1C, 0x68, 0x46,
    0x68, 0xE2, 0x16, 0x46, 0xD7, 0xEA, 0x72, 0x4E, 0xC3, 0xAB, 0x63, 0xE7, 0x42, 0x80, 0x05, 0x08,
    0x05, 0xAE, 0xD4, 0xA5, 0xB4, 0x8D, 0x82, 0xB5, 0xE2, 0x49, 0x9A, 0xB4, 0x21, 0x2B, 0x0C, 0xDA,
    0x91, 0x48, 0x08, 0x21, 0x15, 0xAD, 0xC7, 0x61, 0x60, 0xC5, 0xF5, 0x7C, 0x6F, 0x1A, 0xCB, 0xD6,
    0x2F, 0x69, 0xB6, 0x0B, 0x77, 0xBD, 0x5B, 0x88, 0xFA, 0xB5, 0xB0, 0x62, 0x19, 0xDE, 0x40, 0x51,
    0xF1, 0x5F, 0x1A, 0x57, 0x7E, 0x9B, 0xBF, 0x1E, 0x9E, 0x58, 0x96, 0x0B, 0xDB, 0x70, 0xA4, 0x96,
    0x8B, 0xC4, 0x73, 0x89, 0xFF, 0x61, 0xD0, 0x7F, 0xFE, 0x57, 0x2B, 0x97, 0xA2, 0xE6, 0xBF, 0xD6,
    0xAD, 0xE5, 0x52, 0x8E, 0xB9, 0x5C, 0x8A, 0x65, 0xB9, 0xFC, 0x0A, 0xE5, 0x32, 0xB0, 0x48, 0x51,
    0xAB, 0xED, 0xF7, 0x9D, 0xD7, 0x3E, 0x30, 0xDD, 0xB7, 0xD4, 0x65, 0x49, 0x63, 0xE3, 0x4C, 0xDA,
    0xAC, 0x73, 0x69, 0x55, 0x65, 0x0B, 0xAE, 0x1A, 0x26, 0xA2, 0xCA, 0x65, 0xD1, 0xF2, 0x5B, 0x21,
    0xB0, 0x18, 0x6E, 0x19, 0x6B, 0x5C, 0xE8, 0x24, 0x80, 0xA7, 0x44, 0x2F, 0x58, 0x89, 0xCB, 0xA0,
    0x31, 0x2D, 0x8B, 0x5A, 0xB1, 0x05, 0xD2, 0xF0, 0x0D, 0x5E, 0xD3, 0x72, 0xA8, 0x0F, 0x02, 0x82,
    0x31, 0x71, 0x13, 0x97, 0xC6, 0x5E, 0xE2, 0x60, 0x79, 0xAB, 0x1D, 0x43, 0x0A, 0x11, 0x56, 0xBE,
    0xA7, 0xFD, 0x22, 0x15, 0xC5, 0xAD, 0xF6, 0xD3, 0xF8, 0x27, 0xA4, 0x97, 0xC1, 0x0D, 0x85, 0x41,
    0x98, 0x87, 0x65, 0x69, 0x2B, 0x0C, 0x86, 0xFC, 0xEB, 0x92, 0xC5, 0x62, 0xE3, 0x58, 0x92, 0x91,
    0x24, 0x2F, 0x47, 0xE2, 0x85, 0x2D, 0x8F, 0x93, 0xFE, 0x32, 0xE8, 0x9D, 0x92, 0xB8, 0xDF, 0xEE,
    0x37, 0x2B, 0x89, 0xC4, 0xFA, 0x51, 0xDA, 0x47, 0x20, 0xA6, 0x22, 0x0F, 0xA9, 0xEC, 0x48, 0xA5,
    0x21, 0x30, 0x61, 0x8F, 0xE0, 0x02, 0x6C, 0x13, 0x6D, 0x82, 0x7C, 0x1C, 0x17, 0x0E, 0x43, 0xC6,
    0x7D, 0xF4, 0xF0, 0xDD, 0x72, 0x18, 0x83, 0x8A, 0x43, 0x38, 0x80, 0xBC, 0x8F, 0xF1, 0xAB, 0x6C,
    0x9F, 0x20, 0x03, 0x60, 0x7F, 0x74, 0x0C, 0xEA, 0x23, 0xBF, 0x44, 0x00, 0x50, 0x0F, 0x7D, 0xA6,
    0x98, 0x21, 0x5D, 0xC0, 0x2C, 0xCF, 0xE8, 0x86, 0xF3, 0x5C, 0x02, 0xC4, 0x2E, 0xEA, 0x05, 0xD6,
    0x37, 0x2D, 0x67, 0x85, 0x75, 0xF6, 0xD7, 0xE9, 0xC7, 0xC0, 0xC1, 0x7E, 0xC1, 0xCF, 0x2D, 0xB1,
    0xCC, 0x3A, 0xC4, 0xD3, 0xA8, 0x58, 0x9B, 0xC5, 0x8A, 0x2C, 0x85, 0x08, 0xEE, 0x60, 0x08, 0x56,
    0x8D, 0xCE, 0xB7, 0x53, 0x5C, 0x9B, 0x95, 0x19, 0x34, 0xB0, 0x33, 0x5C, 0x9B, 0x9D, 0xDA, 0x1D,
    0x96, 0xC0, 0x53, 0xDF, 0x4E, 0x21, 0x02, 0xB3, 0x71, 0x18, 0x79, 0x79, 0x18, 0x13, 0xF8, 0x2C,
    0xA9, 0x02, 0xBA, 0xA4, 0x5E, 0x5B, 0x80, 0xBF, 0xD3, 0xF5, 0x58, 0x30, 0x87, 0x6B, 0xCB, 0x78,
    0x28, 0xC7, 0xD7, 0xB6, 0xF6, 0xF0, 0x43, 0x6F, 0xAA, 0x08, 0xFB, 0x46, 0xBF, 0x6E, 0xDC, 0x6F,
    0x78, 0x3D, 0xE1, 0xF1, 0xCD, 0xCB, 0xB3, 0xC1, 0x89, 0x45, 0x6C, 0xCD, 0x0D, 0x19, 0x5B, 0x22,
    0xA3, 0xB0, 0xD3, 0xB0, 0xCA, 0x21, 0x88, 0x7D, 0x99, 0x0A, 0x8F, 0x6C, 0x4B, 0x7E, 0xC8, 0xA6,
    0x1D, 0xB3, 0x2B, 0xC6, 0x31, 0x38, 0x5C, 0x9E, 0x5A, 0xD8, 0xD4, 0x47, 0x87, 0xCB, 0x33, 0x8B,
    0x0E, 0x32, 0xBB, 0x4C, 0x2C, 0x32, 0x32, 0xD9, 0x21, 0x52, 0xB3, 0xA2, 0x23, 0xA7, 0x15, 0x55,
    0x2D, 0xA7, 0x1C, 0xA3, 0x93, 0x03, 0x37, 0xE7, 0x76, 0xE4, 0x46, 0x85, 0x9C, 0x52, 0xC8, 0x19,
    0x85, 0x9C, 0x50, 0x28, 0xF9, 0x84, 0x9C, 0x4E, 0xF4, 0x64, 0x13, 0xCB, 0xBC, 0xBD, 0x71, 0xBC,
    0xBD, 0x46, 0x9A, 0x26, 0x67, 0x69, 0x72, 0x92, 0x26, 0xE7, 0x68, 0xBD, 0x29, 0x5A, 0x73, 0x9B,
    0x37, 0x32, 0x5F, 0x2C, 0x30, 0x26, 0xC2, 0x77, 0x8B, 0xD4, 0xD3, 0x4B, 0x85, 0x20, 0x9C, 0x02,
    0xFC, 0x78, 0x99, 0xFF, 0x52, 0xB0, 0xF5, 0x9C, 0x8F, 0x3A, 0x6E, 0x68, 0xCE, 0x46, 0xAD, 0x2C,
    0x30, 0x1A, 0x3D, 0xCD, 0xB4, 0xA4, 0xE4, 0x61, 0x97, 0x0F, 0x59, 0x0C, 0x76, 0x17, 0x7C, 0xE0,
    0x06, 0xD4, 0x1A, 0x6F, 0x91, 0x65, 0xDE, 0xA0, 0x3E, 0x00, 0xEB, 0x45, 0xF4, 0xEE, 0x40, 0x69,
    0x68, 0x26, 0x6F, 0xDC, 0xB3, 0xDC, 0xFC, 0xB2, 0x58, 0x66, 0xDF, 0x5B, 0x40, 0x95, 0xDD, 0xA8,
    0x2F, 0xC5, 0x00, 0x03, 0x82, 0x62, 0x88, 0x01, 0x11, 0x31, 0x95, 0x90, 0x01, 0x22, 0x61, 0x06,
    0x80, 0x59, 0x32, 0x68, 0x20, 0x25, 0x12, 0x6A, 0xA0, 0x5D, 0xC8, 0xDE, 0x02, 0x9C, 0x90, 0xE4,
    0x2F, 0xBA, 0xCC, 0x7B, 0x68, 0x65, 0x72, 0x55, 0xB4, 0x3B, 0x12, 0x72, 0x20, 0x71, 0x72, 0x05,
    0x3A, 0xA0, 0x96, 0xF9, 0xD4, 0x3A, 0x9F, 0x5A, 0xE8, 0x6B, 0x54, 0xFA, 0xD4, 0x52, 0xDF, 0xA2,
    0x3C, 0x5D, 0xE6, 0xC4, 0x12, 0x0B, 0x9F, 0x6A, 0xE5, 0x53, 0x2D, 0x7D, 0xAA, 0xB5, 0xCF, 0x45,
    0xAC, 0xA7, 0x9A, 0xB2, 0x2A, 0x38, 0x19, 0x39, 0x4B, 0xC5, 0x22, 0x8D, 0x4C, 0x68, 0x5B, 0xE4,
    0xD6, 0xAE, 0x94, 0xAE, 0xE2, 0xAA, 0x7F, 0x92, 0xC9, 0xB7, 0xF4, 0xD2, 0x75, 0x74, 0x13, 0x97,
    0xE5, 0xBE, 0x2C, 0x95, 0x5B, 0x76, 0x37, 0x4A, 0xAD, 0x74, 0xB9, 0x97, 0x2E, 0x37, 0xD3, 0xE5,
    0x6E, 0xBA, 0xDA, 0x4E, 0xC7, 0x7E, 0x3A, 0x91, 0x1A, 0xEA, 0x44, 0xEA, 0xA8, 0x13, 0xD1, 0x52,
    0xEF, 0xC8, 0x5E, 0x93, 0xD6, 0x4D, 0xF5, 0x1A, 0x34, 0x46, 0xFD, 0x36, 0x1B, 0xF3, 0x72, 0xA3,
    0x45, 0xC9, 0x8D, 0xCB, 0x16, 0x6E, 0xB5, 0xF5, 0xDE, 0x88, 0xEC, 0xE8, 0x6D, 0xC9, 0x43, 0x4D,
    0xE2, 0x21, 0x2B, 0xF8, 0x94, 0x3C, 0xE4, 0x8D, 0x52, 0xCE, 0x43, 0x27, 0xAE, 0x79, 0x68, 0x06,
    0xB7, 0xEC, 0x7A, 0x6F, 0x48, 0x46, 0xDD, 0x1F, 0x0B, 0x24, 0x23, 0x80, 0x94, 0xF1, 0xF5, 0xC0,
    0x81, 0x6E, 0xF5, 0x7D, 0xBD, 0xCC, 0xCF, 0xB7, 0x68, 0x15, 0xA9, 0x09, 0xA3, 0x50, 0x70, 0x14,
    0x72, 0x72, 0xAA, 0x20, 0x29, 0x54, 0x28, 0x45, 0x85, 0xA5, 0x20, 0x0A, 0x98, 0x82, 0x28, 0x68,
    0x0A, 0x22, 0xC3, 0x29, 0x32, 0x22, 0xE3, 0x29, 0x68, 0x26, 0x57, 0xE7, 0x68, 0x21, 0x21, 0x2A,
    0x38, 0x25, 0x20, 0x15, 0x61, 0xA6, 0x60, 0x2A, 0x6E, 0x70, 0x54, 0xB3, 0xCC, 0x97, 0x5F, 0x53,
    0xEE, 0x75, 0x35, 0x04, 0x91, 0x8A, 0x1A, 0x6A, 0x50, 0x6F, 0x04, 0x44, 0xB4, 0x2C, 0xE9, 0xA5,
    0x4A, 0x7A, 0x59, 0x0E, 0x37, 0xED, 0x8E, 0xF3, 0x17, 0xF3, 0xD5, 0x70, 0xB1, 0x6C, 0xF1, 0xF7,
    0xD6, 0xFC, 0x89, 0x92, 0x80, 0x2B, 0x07, 0x88, 0x42, 0x46, 0x55, 0x48, 0x96, 0x31, 0x97, 0x7B,
    0xE6, 0x5C, 0x4E, 0xDF, 0x6B, 0x91, 0x72, 0x4F, 0x5D, 0xCA, 0x54, 0x2B, 0x08, 0xA9, 0x11, 0x2D,
    0x7A, 0x87, 0xB7, 0x0D, 0x39, 0xA6, 0x45, 0xEB, 0x70, 0xDF, 0xCD, 0x51, 0x2D, 0x8C, 0x92, 0x71,
    0x2D, 0x44, 0x41, 0xB6, 0x10, 0x19, 0xDB, 0xE2, 0x13, 0x09, 0xDD, 0x02, 0x3F, 0x2C, 0xE1, 0x5B,
    0x28, 0x53, 0x99, 0x5A, 0xEE, 0x89, 0x84, 0x71, 0xF9, 0x26, 0x96, 0x4B, 0x19, 0x2A, 0x2C, 0xEC,
    0xD8, 0x94, 0x84, 0x91, 0x8C, 0x0B, 0x53, 0x91, 0x61, 0x2A, 0x36, 0x4C, 0x45, 0x58, 0xA8, 0x18,
    0x0B, 0x15, 0xF1, 0xA2, 0x62, 0x5E, 0x54, 0xD4, 0x8B, 0x8A, 0x7B, 0x69, 0x20, 0x5F, 0x1A, 0xD8,
    0x97, 0xBE, 0xA8, 0xA4, 0x65, 0xD9, 0x5E, 0x43, 0xB6, 0x0C, 0xC1, 0x24, 0x64, 0xAB, 0xAC, 0x59,
    0x91, 0x5F, 0x18, 0x2C, 0xFE, 0xDE, 0xAF, 0x5B, 0xB6, 0x85, 0x2C, 0xBF, 0x12, 0x6B, 0x56, 0xCA,
    0xB6, 0x42, 0xA1, 0xA5, 0xF2, 0x27, 0x97, 0x65, 0xFB, 0xD6, 0x97, 0xED, 0xC0, 0xA2, 0xB5, 0xCD,
    0x70, 0xB1, 0x3A, 0xA7, 0x52, 0xE6, 0x54, 0xAA, 0x9C, 0xF6, 0x4F, 0x24, 0xC2, 0x3C, 0xD5, 0xA7,
    0x67, 0xA5, 0x29, 0xBF, 0x90, 0xD4, 0x25, 0x4D, 0x01, 0x61, 0x43, 0x76, 0x0A, 0x0C, 0x1B, 0xBE,
    0x23, 0x40, 0x6C, 0x2E, 0xBA, 0xD0, 0x1A, 0xC5, 0x46, 0x64, 0x18, 0x1B, 0x91, 0x70, 0x6C, 0x29,
    0x91, 0x80, 0x6C, 0x05, 0x91, 0x90, 0x6C, 0x34, 0xAF, 0xA1, 0x6C, 0x5D, 0xDA, 0xA9, 0xB0, 0x6C,
    0x0B, 0xB4, 0x08, 0x3B, 0x35, 0x98, 0x2D, 0x71, 0x72, 0x19, 0xCD, 0xA6, 0x8A, 0x4D, 0x91, 0x9A,
    0x22, 0x34, 0x6F, 0x71, 0x22, 0x96, 0x85, 0x29, 0x73, 0xC5, 0x51, 0x4A, 0xC4, 0x0A, 0x91, 0x2C,
    0x5A, 0x8F, 0x2E, 0x0D, 0xA7, 0x34, 0x9E, 0x5A, 0x44, 0x6C, 0x53, 0xFD, 0x85, 0x66, 0x9F, 0x4D,
    0xFB, 0x8A, 0xCC, 0x3A, 0xB5, 0xA4, 0x2E, 0x23, 0x43, 0x91, 0xEE, 0xA9, 0xD7, 0x59, 0xC1, 0xBF,
    0xCA, 0x71, 0x85, 0xFF, 0x12, 0x00, 0x30, 0x14, 0xA2, 0x8C, 0x00, 0x13, 0x10, 0x30, 0xFC, 0xE5,
    0x0A, 0x03, 0x86, 0x3B, 0x5F, 0xEC, 0xB0, 0x4C, 0x8C, 0xBB, 0xA8, 0x09, 0x42, 0x48, 0x45, 0x89,
    0x03, 0xFB, 0x24, 0xCA, 0x48, 0x06, 0x82, 0x49, 0xC8, 0x1F, 0x19, 0xFA, 0x23, 0x63, 0x7F, 0x64,
    0xF0, 0x8F, 0xC2, 0xDD, 0xC1, 0x5B, 0x74, 0x8D, 0x52, 0x14, 0x5C, 0xF6, 0x89, 0x6B, 0x04, 0x97,
    0x0C, 0xE1, 0x92, 0x31, 0x5C, 0x32, 0x88, 0x4B, 0x41, 0x71, 0xC9, 0x30, 0x2E, 0x19, 0xC7, 0x25,
    0x80, 0x5C, 0x34, 0x95, 0xD6, 0x9E, 0x0B, 0x28, 0x17, 0x8E, 0x2B, 0x2C, 0xD7, 0x2B, 0x61, 0x2A,
    0x83, 0xB9, 0xDE, 0x74, 0x99, 0x2E, 0x92, 0x39, 0xB8, 0x71, 0xFF, 0xF1, 0xF5, 0x66, 0x17, 0xB7,
    0x1A, 0x3F, 0x17, 0x45, 0x3C, 0xF7, 0x9F, 0xD7, 0xFC, 0xA0, 0xAF, 0xD3, 0xB0, 0x2F, 0x4B, 0xB7,
    0xD5, 0x44, 0x3C, 0x0F, 0x3D, 0x57, 0x8D, 0x29, 0xF3, 0xEA, 0xE5, 0xD8, 0xB7, 0x05, 0xB0, 0x21,
    0x0C, 0x6C, 0xDC, 0x4B, 0x25, 0xFE, 0x74, 0xF8, 0x11, 0xE0, 0xB6, 0xD8, 0x9C, 0x16, 0x8D, 0xD1,
    0x3D, 0xB0, 0x4D, 0x0B, 0x9E, 0x83, 0x6D, 0x4E, 0xB4, 0xC5, 0x93, 0x34, 0xAE, 0x30, 0xA8, 0x8F,
    0xD2, 0xAE, 0x5F, 0x82, 0x50, 0x85, 0x93, 0x80, 0x4B, 0xA0, 0xA7, 0xA8, 0x60, 0xA8, 0x10, 0x31,
    0xB8, 0x15, 0x0E, 0x15, 0x92, 0x28, 0x9D, 0x32, 0x20, 0xEA, 0xB9, 0xAB, 0xE5, 0x4C, 0x92, 0x13,
    0x5C, 0xAC, 0x20, 0x29, 0xCD, 0xEB, 0xF1, 0x32, 0x6F, 0x97, 0xC0, 0xDB, 0x26, 0x4F, 0xF4, 0xBC,
    0xE6, 0x89, 0x51, 0xD4, 0xF3, 0xE5, 0x98, 0xF1, 0x44, 0xCB, 0x6E, 0x6E, 0x9E, 0xC8, 0xC9, 0xB9,
    0xE4, 0x29, 0xB4, 0xA2, 0xFF, 0xFC, 0xE0, 0x3B, 0x6B, 0xD5, 0x74, 0x9E, 0x91, 0x10, 0xC0, 0x2F,
    0x4A, 0x10, 0xE0, 0x07, 0x15, 0xBB, 0x77, 0xBB, 0x94, 0xB8, 0x75, 0x98, 0xBD, 0xE2, 0xE3, 0x2E,
    0x46, 0x97, 0xFC, 0x93, 0x60, 0xB7, 0x48, 0x1B, 0xEC, 0xD1, 0xA0, 0xAF, 0x9D, 0xC3, 0xB0, 0x1A,
    0xF9, 0x63, 0xA7, 0x10, 0x7C, 0x53, 0x78, 0x0B, 0x0C, 0x90, 0x9D, 0x42, 0x90, 0x4E, 0x21, 0x52,
    0x83, 0x0B, 0xD8, 0x29, 0xE3, 0x96, 0x55, 0xE8, 0x18, 0xA8, 0xF1, 0xC6, 0x34, 0xD5, 0x20, 0x4E,
    0xCB, 0xEC, 0x2E, 0x04, 0xE1, 0x21, 0x3D, 0x5F, 0xF1, 0xA4, 0xB6, 0x6E, 0xC8, 0x87, 0xED, 0x1C,
    0x53, 0xF4, 0x32, 0x98, 0x37, 0x08, 0xEB, 0xCE, 0xD0, 0xCC, 0xED, 0x9A, 0x2C, 0x3D, 0xB8, 0x43,
    0x5A, 0x75, 0x65, 0xBC, 0xA6, 0x21, 0x46, 0x0E, 0xAA, 0x60, 0xCB, 0x2B, 0xB3, 0x08, 0x08, 0xB5,
    0x2A, 0x04, 0x28, 0x18, 0x55, 0xBA, 0x23, 0x25, 0x1B, 0xC8, 0xF0, 0xB4, 0x9D, 0xE9, 0x5D, 0x88,
    0xBB, 0x30, 0xBF, 0xB6, 0x72, 0xA3, 0x80, 0x61, 0x08, 0x86, 0xD7, 0x2C, 0xCC, 0x02, 0xCC, 0x1F,
    0xF5, 0x31, 0x8B, 0xB0, 0xB0, 0x1B, 0x8E, 0x31, 0x26, 0x0C, 0x2F, 0xD1, 0x08, 0x83, 0xCA, 0xD4,
    0x2A, 0x6A, 0xE9, 0x65, 0xF5, 0x8D, 0xA6, 0xEC, 0xFF, 0x0B, 0xB4, 0x83, 0x22, 0xCD, 0xC1, 0xF2,
    0xEF, 0xC3, 0x1B, 0x25, 0xB0, 0xDA, 0xEA, 0xD6, 0xCC, 0x8E, 0x18, 0x1A, 0xF4, 0x42, 0xA7, 0xF6,
    0x17, 0x42, 0x4A, 0x6D, 0xA1, 0x76, 0x88, 0x41, 0x15, 0x8B, 0x7B, 0xA8, 0x19, 0x48, 0xD7, 0x92,
    0x94, 0x8A, 0x01, 0x92, 0xCD, 0x96, 0x66, 0x37, 0xD4, 0xB1, 0x62, 0x71, 0x5C, 0x0C, 0x3B, 0x75,
    0xA4, 0x38, 0x37, 0x76, 0x6B, 0xB1, 0x6F, 0xAD, 0xDF, 0x1B, 0xCE, 0xD7, 0xB1, 0x7C, 0xBF, 0x91,
    0xB7, 0xE4, 0x91, 0x5B, 0xEE, 0x12, 0xEF, 0x24, 0xA6, 0x9A, 0xB8, 0x47, 0xBC, 0x97, 0x31, 0x05,
    0xC5, 0x1D, 0xE2, 0xB1, 0x24, 0x16, 0xF7, 0x87, 0x47, 0xCF, 0x39, 0x19, 0xDB, 0x1D, 0x1E, 0x46,
    0x8A, 0x6C, 0x6F, 0x78, 0x05, 0xB1, 0x72, 0xB6, 0x33, 0x20, 0x6A, 0x74, 0x32, 0xB6, 0x2F, 0xC2,
    0x78, 0x90, 0xA6, 0x62, 0x57, 0xC4, 0x82, 0x55, 0x3E, 0xDB, 0x11, 0xCC, 0xDD, 0xB3, 0xFD, 0x00,
    0xBB, 0xC3, 0x97, 0x76, 0x43, 0x6D, 0xC7, 0xCA, 0x74, 0x58, 0x44, 0xB5, 0xB5, 0x25, 0x83, 0x9B,
    0xAE, 0x4D, 0x19, 0x10, 0xAA, 0x2D, 0x53, 0x8C, 0x99, 0x62, 0xCD, 0x6A, 0x73, 0x06, 0xEA, 0xC0,
    0xEC, 0x59, 0xC1, 0x83, 0x5B, 0xC9, 0xA0, 0xA1, 0x54, 0x2B, 0x8B, 0x06, 0xE1, 0x6D, 0x6D, 0xD2,
    0xF2, 0xB0, 0xE0, 0x36, 0xCD, 0x2E, 0x03, 0xDC, 0xA5, 0xB9, 0x51, 0xC5, 0x8F, 0x2A, 0x8E, 0x54,
    0xF1, 0xA4, 0x8A, 0x2B, 0xBD, 0x09, 0x78, 0xA0, 0xCB, 0xEF, 0x19, 0xC5, 0x62, 0x84, 0x96, 0xBD,
    0x81, 0x1A, 0xF8, 0xDB, 0x9A, 0x3B, 0x72, 0xF2, 0xAB, 0x64, 0xBF, 0x6A, 0xD5, 0x62, 0xAF, 0xCC,
    0x4B, 0xB9, 0x6A, 0x21, 0x67, 0xC0, 0xC4, 0xFE, 0xBE, 0x1C, 0xA4, 0xF5, 0xE6, 0xC0, 0xCB, 0x9B,
    0x69, 0x99, 0xF1, 0x6F, 0x8A, 0x8E, 0x56, 0xDB, 0x39, 0x94, 0x77, 0xF0, 0x5E, 0x89, 0xE0, 0xAC,
    0x2A, 0xB7, 0xF3, 0xAD, 0xC2, 0xAA, 0xDA, 0x19, 0xCB, 0xC5, 0x35, 0xA9, 0xB4, 0xD6, 0x7F, 0xE8,
    0x5D, 0xD7, 0x10, 0xBD, 0xB2, 0xE4, 0x96, 0x25, 0xBF, 0x2C, 0x39, 0xE6, 0xDA, 0x33, 0x93, 0xDA,
    0x35, 0x93, 0xDA, 0x37, 0x93, 0xDA, 0x39, 0x93, 0xDA, 0x3B, 0x93, 0x3A, 0x68, 0x4D, 0x6B, 0x7E,
    0xE4, 0x95, 0x83, 0x86, 0x61, 0xE5, 0xA1, 0xB7, 0x40, 0x42, 0x2E, 0x07, 0xAC, 0x57, 0x59, 0xBC,
    0x28, 0x3E, 0xB4, 0x23, 0x51, 0x30, 0x94, 0x86, 0x5E, 0xFD, 0x81, 0xB7, 0xF1, 0xE2, 0xC9, 0x50,
    0xBA, 0x76, 0x4B, 0x98, 0xB4, 0x4F, 0xC1, 0x4F, 0x9C, 0xFC, 0xA3, 0xD4, 0x3B, 0x11, 0x26, 0x1E,
    0x1B, 0xFB, 0xBC, 0x0A, 0xDC, 0xFC, 0x2F, 0x56, 0xFF, 0xC3, 0x62, 0x0D, 0x72, 0xC4, 0xCD, 0x70,
    0x49, 0x29, 0x28, 0x37, 0xDC, 0x24, 0xD6, 0x42, 0x42, 0xD9, 0x8A, 0x99, 0xF1, 0xDA, 0x07, 0x68,
    0xDC, 0xFE, 0xF6, 0x3C, 0xF1, 0xFE, 0xCB, 0x8C, 0x81, 0x03, 0xB1, 0xC7, 0xC6, 0xA4, 0xFF, 0x6F,
    0x5C, 0xE3, 0x77, 0x5D, 0xE9, 0x3F, 0x4C, 0xB3, 0x8C, 0x1C, 0x6D, 0x26, 0x04, 0xBB, 0xD8, 0x48,
    0x08, 0xF0, 0xB4, 0x77, 0xC8, 0x0E, 0xCA, 0x42, 0xEA, 0xB3, 0x9F, 0x98, 0x7F, 0xE1, 0x7B, 0x34,
    0xFD, 0xC2, 0xB6, 0x75, 0x5F, 0xD8, 0xBA, 0xEE, 0xA9, 0x0B, 0x47, 0xAD, 0x2F, 0x4D, 0x1B, 0xDB,
    0x08, 0xCB, 0x90, 0x98, 0x0D, 0x80, 0x0F, 0xC3, 0x57, 0xE0, 0x8B, 0x4E, 0x8C, 0x17, 0x81, 0x4B,
    0x69, 0x05, 0x24, 0xB3, 0x30, 0x07, 0x13, 0x10, 0x4A, 0x9B, 0x19, 0xCE, 0xE9, 0x05, 0x8B, 0xCC,
    0xBB, 0xEC, 0x5B, 0xA7, 0x7C, 0xFD, 0x7B, 0xB1, 0x43, 0xF3, 0xCD, 0x27, 0x3F, 0x7D, 0xEF, 0xC9,
    0x4F, 0x6F, 0x5A, 0xF8, 0xD9, 0xD0, 0xF7, 0x12, 0x72, 0x32, 0xC0, 0xB7, 0xBA, 0xF8, 0x31, 0x9D,
    0x95, 0x26, 0x4D, 0xCC, 0xBF, 0xF0, 0x22, 0x70, 0xF7, 0xED, 0xDE, 0x4C, 0x71, 0x77, 0xDF, 0xE1,
    0xDD, 0xF5, 0xF0, 0x5D, 0xB5, 0xED, 0xFE, 0x44, 0x1D, 0x64, 0xFC, 0x54, 0xAE, 0x9F, 0x3D, 0x58,
    0x29, 0x6B, 0xAB, 0x1A, 0x1A, 0xB1, 0x18, 0x9A, 0xF5, 0x30, 0x84, 0xE1, 0xB6, 0x88, 0x67, 0x89,
    0x49, 0xCB, 0xDE, 0xCF, 0x86, 0xC6, 0x99, 0x64, 0xD4, 0xE2, 0x43, 0xF3, 0xA4, 0x18, 0x1A, 0x34,
    0x1D, 0x2B, 0x87, 0x1A, 0xD8, 0x90, 0x19, 0xF6, 0xB5, 0x35, 0x64, 0x2D, 0x28, 0x8F, 0x89, 0xC3,
    0x51, 0x42, 0xEE, 0xDC, 0x72, 0x08, 0xC1, 0x53, 0x66, 0xA1, 0xB4, 0x46, 0xC8, 0x30, 0x9E, 0x31,
    0x26, 0x53, 0x63, 0xAC, 0x71, 0xE2, 0x75, 0xC8, 0xC6, 0x59, 0x1C, 0x76, 0xD3, 0xB5, 0x93, 0xC9,
    0xD8, 0x71, 0xB0, 0xAF, 0x5A, 0x9A, 0x03, 0x43, 0x36, 0x79, 0x14, 0x1F, 0x93, 0x70, 0x6C, 0x08,
    0xF2, 0x12, 0x4B, 0x14, 0x61, 0x1D, 0x2C, 0xD0, 0xD1, 0x1D, 0xE7, 0x21, 0x7C, 0x1E, 0xEF, 0x97,
    0x33, 0x4B, 0xEE, 0x51, 0x2A, 0x08, 0x56, 0xF5, 0xB0, 0x95, 0xAA, 0x3E, 0xAF, 0xBA, 0x2A, 0x49,
    0x94, 0x86, 0x0F, 0x79, 0x97, 0xEA, 0x5E, 0x3D, 0xB5, 0xDC, 0xB8, 0x46, 0x4B, 0x64, 0x2D, 0x1E,
    0xD6, 0x52, 0x89, 0xDC, 0x60, 0x6F, 0x91, 0xC9, 0x96, 0x42, 0x5A, 0x05, 0x90, 0xF5, 0x5D, 0x7B,
    0x85, 0xBD, 0x4F, 0x22, 0x8F, 0x8D, 0x5A, 0x81, 0x44, 0x66, 0x2A, 0x79, 0x7C, 0x4E, 0x21, 0xDB,
    0xDD, 0x1D, 0x67, 0x24, 0x72, 0x18, 0x0C, 0x3E, 0x90, 0x0C, 0xBF, 0xB6, 0x06, 0x12, 0x50, 0x2B,
    0x0F, 0x83, 0xA3, 0xC4, 0x60, 0xC2, 0x31, 0x62, 0x29, 0x31, 0x35, 0x0B, 0x3D, 0xB0, 0x12, 0x45,
    0x48, 0x5E, 0x2A, 0xD8, 0x39, 0x35, 0xA6, 0xF9, 0xC7, 0xB8, 0xDD, 0x6B, 0x77, 0xB4, 0x68, 0x76,
    0xCC, 0x88, 0x67, 0x99, 0x02, 0x9C, 0xE8, 0x4C, 0x19, 0xC9, 0xF1, 0xBD, 0x46, 0xD4, 0x1A, 0xD8,
    0x00, 0x1F, 0xDD, 0x9F, 0x38, 0x5A, 0xEA, 0x51, 0x2B, 0xF1, 0x8A, 0x16, 0xF9, 0x86, 0xF3, 0x72,
    0x30, 0x45, 0x52, 0x26, 0xB8, 0xE2, 0x49, 0x56, 0x1C, 0x28, 0xB4, 0x94, 0x58, 0x9D, 0x76, 0x37,
    0x98, 0x25, 0x6E, 0xD1, 0xA6, 0x89, 0x9E, 0x56, 0x1E, 0xD5, 0x26, 0x64, 0x42, 0x24, 0xC0, 0xDE,
    0x6B, 0x0C, 0x07, 0x51, 0x3D, 0x19, 0xD4, 0xE1, 0xB9, 0xE2, 0x31, 0x01, 0x85, 0x60, 0xF3, 0x13,
    0x8B, 0x84, 0x4D, 0xFF, 0xA8, 0xB4, 0xB5, 0xB5, 0x05, 0x55, 0x84, 0x5B, 0xD4, 0x0F, 0x6F, 0x24,
    0x57, 0xA7, 0xD7, 0x35, 0xE8, 0x41, 0x5F, 0xA5, 0xFF, 0x52, 0xBD, 0xBA, 0xFA, 0x30, 0x53, 0xDC,
    0xC3, 0xC6, 0x49, 0xC5, 0xF1, 0xDF, 0x09, 0x1B, 0x49, 0x22, 0x0F, 0x3A, 0x2A, 0x9D, 0xA9, 0xB4,
    0xD3, 0xA0, 0xDB, 0x0D, 0x3A, 0x57, 0x69, 0x2D, 0x9D, 0x75, 0x8C, 0x57, 0x6A, 0xB5, 0xD2, 0xBA,
    0xB9, 0xA0, 0x9F, 0x64, 0x55, 0xB1, 0xCE, 0xE4, 0xFE, 0xD3, 0x9C, 0x66, 0xE2, 0xBB, 0x13, 0xB4,
    0xE3, 0x04, 0xD0, 0x70, 0x89, 0x16, 0xE3, 0xA8, 0x73, 0xA9, 0xBB, 0x25, 0x85, 0xEB, 0x70, 0x5A,
    0x5C, 0x69, 0x02, 0xE9, 0x9D, 0xE4, 0xA0, 0x94, 0xDC, 0xB4, 0xD0, 0x28, 0x96, 0xB1, 0x01, 0x26,
    0xF8, 0x2D, 0xE3, 0x02, 0x99, 0x70, 0x27, 0x4A, 0x79, 0x91, 0xE7, 0x5B, 0xD6, 0x33, 0x7E, 0x3A,
    0xC6, 0xEE, 0x22, 0x09, 0x77, 0x04, 0xD9, 0xA8, 0xBD, 0x5D, 0x4B, 0xDD, 0xC1, 0x15, 0xF0, 0xE9,
    0x57, 0x72, 0x2B, 0x98, 0x1B, 0x73, 0xDA, 0x26, 0xE4, 0xCB, 0x0E, 0x19, 0xDF, 0x76, 0x39, 0x71,
    0xFC, 0x16, 0xAF, 0x84, 0x77, 0x37, 0x31, 0xD7, 0x46, 0x49, 0xCB, 0xA1, 0x07, 0xE8, 0x24, 0x9D,
    0xDE, 0x44, 0xAC, 0xAE, 0x0B, 0x0E, 0x02, 0xAC, 0xC1, 0x56, 0x54, 0x5A, 0x97, 0x80, 0x61, 0x79,
    0x08, 0x9B, 0xD6, 0x16, 0x2B, 0x65, 0x39, 0xAF, 0xB1, 0x56, 0x1F, 0x02, 0x77, 0x58, 0xCC, 0x64,
    0x72, 0x84, 0x27, 0x16, 0x15, 0x9F, 0x60, 0xF7, 0xB2, 0x6B, 0xBA, 0x27, 0xB0, 0x53, 0x5E, 0x7F,
    0xD0, 0x68, 0x19, 0x7C, 0xA2, 0x11, 0x41, 0xAF, 0xF6, 0xAF, 0x95, 0x96, 0x25, 0x4B, 0x98, 0xE9,
    0xD5, 0xD5, 0x3B, 0x9A, 0x13, 0xC6, 0xC7, 0x7B, 0x66, 0x7E, 0xDA, 0xFB, 0x63, 0x8E, 0xDD, 0xB8,
    0x9F, 0xA3, 0x8D, 0x19, 0x23, 0x9A, 0xB5, 0xD5, 0x19, 0xAB, 0x67, 0x26, 0x6C, 0xCE, 0x18, 0xB4,
    0x39, 0x63, 0x9E, 0x6A, 0xCE, 0x58, 0x4F, 0xC7, 0x73, 0xB5, 0x0F, 0xE1, 0x6D, 0x92, 0xE6, 0x8C,
    0x41, 0xAF, 0x74, 0x27, 0x2D, 0x65, 0x4B, 0x7C, 0x10, 0xA4, 0x89, 0x33, 0xC3, 0xB5, 0x1D, 0xDE,
    0xF5, 0xA9, 0x43, 0xD8, 0xAA, 0xB5, 0x85, 0x91, 0xF6, 0x55, 0x13, 0xAD, 0x07, 0xC3, 0xCA, 0x01,
    0x9A, 0x77, 0xB3, 0x9E, 0x6B, 0x59, 0xB9, 0x44, 0x2F, 0xAE, 0x53, 0xDF, 0xCB, 0x06, 0xF5, 0x4B,
    0x65, 0x25, 0x29, 0x33, 0x89, 0xBD, 0x10, 0xB5, 0x8E, 0xDA, 0x0F, 0x30, 0xC6, 0xDB, 0xE6, 0xA5,
    0xC2, 0x0E, 0xDC, 0xA7, 0xE3, 0x2C, 0xB3, 0xB5, 0xF4, 0xEE, 0x69, 0x64, 0x5A, 0xD0, 0x32, 0x23,
    0xEF, 0x4C, 0x7A, 0x25, 0x73, 0x03, 0x9A, 0xA6, 0xFA, 0xB9, 0xF6, 0x94, 0x96, 0x1B, 0xD1, 0x54,
    0xE9, 0x52, 0x2E, 0xA6, 0x0C, 0x7A, 0x95, 0x02, 0xEF, 0xC2, 0x70, 0x3E, 0xBC, 0x44, 0xAF, 0x80,
    0x5D, 0x0A, 0x2F, 0x42, 0xE0, 0x05, 0xBC, 0x1B, 0x20, 0xF9, 0x28, 0x8F, 0xF0, 0xC7, 0xD0, 0x50,
    0xBA, 0x3E, 0xEC, 0x8C, 0x36, 0xB3, 0x47, 0xF4, 0x08, 0xFE, 0xD1, 0xBB, 0xB8, 0x57, 0xDC, 0x9C,
    0x57, 0xB2, 0x70, 0xCB, 0xE8, 0x19, 0x3A, 0x3E, 0x6D, 0xBA, 0x0E, 0xF2, 0xE1, 0x7B, 0x63, 0x3D,
    0xA2, 0xDC, 0x24, 0x3C, 0xF6, 0x9F, 0xF7, 0x48, 0xFE, 0x7F, 0x7B, 0x9A, 0xF0, 0xCD, 0x7E, 0xF2,
    0xAA, 0x5E, 0xDD, 0xE8, 0x33, 0x35, 0xDC, 0x47, 0x5F, 0x83, 0x9E, 0x99, 0x77, 0x4D, 0xF7, 0x4C,
    0x79, 0xBD, 0x9D, 0xB4, 0x35, 0x5A, 0xDA, 0x2C, 0x5A, 0x0C, 0x6F, 0x69, 0x4E, 0x8D, 0xD8, 0x41,
    0x73, 0xAA, 0x65, 0x35, 0xA7, 0xCC, 0xA2, 0x67, 0xCA, 0xED, 0x9D, 0xDA, 0x3B, 0xDA, 0x33, 0x35,
    0x3B, 0x66, 0x05, 0x99, 0x3A, 0x75, 0xFC, 0x98, 0x15, 0x65, 0xB3, 0xEA, 0xBD, 0xD3, 0x1D, 0xA7,
    0x53, 0x75, 0x6A, 0x08, 0xBB, 0x6F, 0xD5, 0xD4, 0x93, 0xA5, 0xFA, 0x82, 0x2B, 0xAC, 0xA6, 0x66,
    0x7B, 0x39, 0xD9, 0x52, 0xBB, 0x68, 0x8E, 0x98, 0xB2, 0xE5, 0x88, 0x02, 0xA7, 0x86, 0x50, 0x5F,
    0x6B, 0xAE, 0xA2, 0xA5, 0x04, 0x85, 0xD5, 0xAA, 0x82, 0x2C, 0x28, 0x6C, 0x0B, 0xC2, 0xF0, 0x71,
    0x49, 0x63, 0x53, 0x8B, 0xB4, 0xCC, 0x0B, 0xC1, 0x6C, 0x66, 0x73, 0x1F, 0xBC, 0xDE, 0xBA, 0x94,
    0xDB, 0xFE, 0x28, 0x84, 0x5D, 0x59, 0x6A, 0xEB, 0xE9, 0x04, 0xC8, 0x63, 0x93, 0x13, 0xCC, 0x5A,
    0xD1, 0x98, 0x7B, 0xEA, 0xE2, 0xE5, 0xB4, 0xBD, 0x0F, 0x55, 0x14, 0x95, 0x36, 0x03, 0x35, 0xAE,
    0xC2, 0xF4, 0x57, 0x13, 0xAE, 0xB5, 0x66, 0xE4, 0xE4, 0xA0, 0xB6, 0xF4, 0x97, 0x74, 0x5E, 0x4F,
    0x48, 0xF8, 0x2A, 0xA8, 0xAD, 0x1D, 0x60, 0xEF, 0x85, 0xE9, 0x2D, 0x68, 0x72, 0x0B, 0xBD, 0x16,
    0x6F, 0x3D, 0x85, 0x05, 0x73, 0x0B, 0x47, 0x72, 0x01, 0xC3, 0x61, 0xF8, 0x44, 0xD4, 0xDC, 0xA4,
    0xC6, 0x02, 0x71, 0x27, 0x27, 0x54, 0xF7, 0xAA, 0x2F, 0xE3, 0xB1, 0x9E, 0x29, 0xF3, 0xAB, 0xE4,
    0x9A, 0xEA, 0xFB, 0xC6, 0xCC, 0xE8, 0xC1, 0x9E, 0x99, 0xDB, 0x97, 0x60, 0x46, 0x8B, 0xDE, 0xCA,
    0xCA, 0x35, 0xCD, 0xA8, 0x1E, 0xE4, 0x8D, 0x19, 0xF3, 0x0D, 0x99, 0xD1, 0x97, 0xFA, 0x98, 0xD1,
    0xE6, 0xCC, 0x79, 0x30, 0xA3, 0x96, 0x6A, 0x46, 0x2F, 0x75, 0x1A, 0x66, 0x74, 0x57, 0x69, 0x46,
    0xA5, 0xD7, 0xE4, 0xFE, 0xDC, 0xC2, 0xEB, 0x3C, 0xDF, 0x93, 0x0E, 0xA0, 0x44, 0xEF, 0xAB, 0x06,
    0xC2, 0xFF, 0x80, 0xAA, 0x8E, 0x90, 0xDD, 0x7A, 0xA1, 0xB4, 0xA2, 0xA8, 0x78, 0x38, 0x0F, 0x87,
    0x83, 0xAD, 0x36, 0x68, 0x30, 0xE1, 0xFC, 0x53, 0x59, 0x8C, 0x0F, 0xF6, 0x40, 0x8C, 0x61, 0x7E,
    0x3B, 0x38, 0xEA, 0xB0, 0x89, 0xD4, 0x7B, 0x34, 0x9A, 0xDB, 0x40, 0xE6, 0xAC, 0x7F, 0xF0, 0x33,
    0x47, 0x1F, 0xC6, 0x80, 0xA3, 0x30, 0xA3, 0xD6, 0x28, 0x99, 0xB2, 0x67, 0x1E, 0xC8, 0x6D, 0xBA,
    0x9D, 0xAC, 0xDF, 0x7A, 0x39, 0x75, 0xA2, 0xD1, 0x16, 0x29, 0xB5, 0x74, 0x07, 0x03, 0x81, 0x51,
    0x32, 0x3A, 0x0B, 0x33, 0xDF, 0xA7, 0x3B, 0x20, 0x57, 0x05, 0xB7, 0xB1, 0x03, 0x1C, 0xFA, 0x5C,
    0x0B, 0xAE, 0x73, 0x0A, 0xB5, 0xDF, 0xF1, 0x61, 0x13, 0xAC, 0x05, 0xAB, 0xE9, 0x1D, 0xC9, 0x78,
    0x83, 0xC8, 0xBE, 0x32, 0xC3, 0x7C, 0x7B, 0xE2, 0xD0, 0x58, 0xA7, 0xBC, 0xB6, 0xC1, 0x02, 0x42,
    0xD7, 0xD7, 0x9E, 0xAB, 0x5C, 0xE7, 0xAE, 0x43, 0x8B, 0xC1, 0x6C, 0x24, 0x6B, 0xD4, 0x63, 0xD8,
    0xC6, 0x7A, 0x4E, 0x92, 0xF4, 0x38, 0xF8, 0x3B, 0xCB, 0x89, 0xF1, 0x81, 0xD5, 0x03, 0x88, 0x00,
    0x20, 0xEB, 0x0E, 0xAE, 0xD4, 0xBE, 0x01, 0xC6, 0x6E, 0xDD, 0xE3, 0x2B, 0xEF, 0xF5, 0x89, 0xF1,
    0xA7, 0xEB, 0x3E, 0xF4, 0xC3, 0xCD, 0x70, 0x2F, 0x9F, 0x5A, 0xF7, 0xE1, 0x95, 0x9B, 0xB5, 0xEC,
    0x6F, 0xF6, 0xAF, 0xDB, 0xBD, 0xF2, 0xDE, 0x07, 0x1F, 0x7B, 0x6A, 0xFF, 0x6D, 0xBB, 0x57, 0xFD,
    0xFE, 0x63, 0xB7, 0xBD, 0xE7, 0xC2, 0x57, 0x7E, 0x6B, 0xE6, 0x3F, 0xE7, 0x67, 0xC9, 0xCE, 0x59,
    0xED, 0xC7, 0x79, 0x38, 0xAD, 0x41, 0x4C, 0x19, 0xC1, 0xE7, 0x9D, 0xC0, 0x3E, 0xE2, 0x6F, 0xD6,
    0x93, 0x8F, 0xED, 0xD3, 0x0E, 0xFD, 0xF6, 0x66, 0x6B, 0xE2, 0xD9, 0xFD, 0x84, 0x4C, 0x6F, 0x5E,
    0x45, 0xBC, 0x17, 0x7D, 0x32, 0x38, 0x6B, 0x3D, 0x41, 0xBA, 0xC0, 0xA8, 0x03, 0xAC, 0x69, 0xB8,
    0x5A, 0xA4, 0x7E, 0xF7, 0xB3, 0x7B, 0xF9, 0x21, 0x19, 0x39, 0x9D, 0x18, 0x01, 0xF9, 0x00, 0x19,
    0x79, 0x69, 0x0F, 0xB3, 0x34, 0x23, 0x67, 0x47, 0x3E, 0x86, 0x7F, 0x37, 0xBE, 0x94, 0x3F, 0x85,
    0xFC, 0x19, 0x89, 0xEF, 0x73, 0xBB, 0xCF, 0x7D, 0xF0, 0x70, 0x06, 0xB9, 0x25, 0xA8, 0xCA, 0x95,
    0xE9, 0x7F, 0xF6, 0xFB, 0x74, 0x9D, 0xF8, 0xB2, 0x7C, 0xB5, 0x25, 0xB5, 0x9A, 0x27, 0x06, 0x95,
    0x92, 0x93, 0xC1, 0x08, 0x6C, 0x53, 0x24, 0xA2, 0x09, 0xB2, 0x4B, 0xA2, 0x47, 0x80, 0x7E, 0x2F,
    0xA9, 0xE9, 0x71, 0x96, 0x48, 0x40, 0xEC, 0xC7, 0xD3, 0xC5, 0x83, 0xCE, 0xD3, 0x32, 0xED, 0x14,
    0xE6, 0x8F, 0xB0, 0xAD, 0x1A, 0x8D, 0x72, 0x7A, 0xFC, 0xB8, 0xB6, 0x10, 0xDD, 0x6F, 0x6D, 0xAD,
    0xE8, 0xDB, 0x5D, 0xC8, 0x35, 0x47, 0xED, 0xAD, 0x71, 0x49, 0x6B, 0x93, 0xA4, 0x1D, 0xB7, 0x1C,
    0x23, 0x19, 0x7D, 0x9D, 0xD1, 0x2E, 0x2D, 0xB5, 0xA8, 0xB8, 0xCC, 0xF2, 0xCA, 0xF0, 0x6B, 0xDE,
    0x45, 0x24, 0xDB, 0x19, 0xA3, 0x47, 0x73, 0xD0, 0x9A, 0xB5, 0x5B, 0x26, 0x1E, 0x1A, 0xF2, 0x2F,
    0x61, 0x02, 0xD3, 0xA9, 0x45, 0x9B, 0x41, 0xA0, 0xEA, 0x76, 0xA4, 0x94, 0x09, 0x74, 0x7C, 0x6A,
    0x2C, 0x13, 0x80, 0xB6, 0x0C, 0x02, 0xD5, 0xD9, 0xB1, 0xCA, 0xE8, 0x83, 0x4F, 0x01, 0x5F, 0x7C,
    0x7C, 0x6F, 0xAB, 0x8A, 0x47, 0x60, 0xEF, 0x6B, 0xA0, 0xAF, 0x7B, 0x2A, 0xDF, 0x74, 0xBA, 0xB0,
    0x29, 0xB1, 0xA8, 0xF2, 0x22, 0xF5, 0x44, 0x1E, 0x1E, 0xA0, 0x07, 0xAF, 0xA2, 0x85, 0x4D, 0x0D,
    0x6B, 0x86, 0x98, 0xBF, 0x7B, 0x4D, 0xD4, 0xCA, 0x47, 0x7B, 0x66, 0x1A, 0x8A, 0x0D, 0x3E, 0x49,
    0x27, 0x4A, 0xBE, 0x09, 0x33, 0x5F, 0x22, 0xB2, 0xC7, 0x9E, 0xB0, 0x59, 0xC1, 0x41, 0x4E, 0x24,
    0x6D, 0x56, 0x63, 0x16, 0x33, 0x03, 0xE4, 0x18, 0xF7, 0x6D, 0x62, 0xA6, 0x1D, 0xB9, 0xDB, 0x7D,
    0x8C, 0x22, 0xAA, 0x19, 0x74, 0x5D, 0x2F, 0xFB, 0x13, 0x6B, 0xEC, 0x7A, 0xE6, 0x95, 0x14, 0xC2,
    0xB1, 0x74, 0xCC, 0xF6, 0xEB, 0x2B, 0x67, 0x84, 0xCD, 0xD4, 0xDE, 0x3B, 0xCC, 0x8E, 0xD0, 0xB3,
    0xF3, 0xC7, 0x27, 0xFF, 0x2F, 0x3D, 0x5A, 0x59, 0xB8, 0x94, 0x15, 0xA1, 0xBA, 0xC2, 0x2B, 0x9B,
    0xF1, 0xEA, 0xEE, 0x03, 0x90, 0xBB, 0x66, 0x98, 0x9F, 0x96, 0x71, 0x6B, 0x6D, 0x9D, 0x2B, 0x41,
    0xD5, 0x99, 0x8F, 0xD0, 0x57, 0xA2, 0xBA, 0x70, 0x63, 0xB1, 0x19, 0x8C, 0xC7, 0x66, 0x99, 0xF5,
    0x1B, 0xDE, 0x1A, 0x57, 0x4D, 0x51, 0x32, 0xCB, 0xAC, 0x5F, 0x3B, 0xAE, 0xA2, 0x10, 0xCD, 0x9F,
    0x65, 0xD6, 0x6F, 0xA1, 0x64, 0xE5, 0x28, 0xE8, 0xF2, 0x9C, 0xC3, 0xFC, 0x68, 0xB9, 0x98, 0xD6,
    0xAC, 0x19, 0xCD, 0xD9, 0x3A, 0xE6, 0xC5, 0x65, 0x33, 0xF3, 0x3F, 0x32, 0xE7, 0x74, 0xC7, 0xC2,
    0xE3, 0x5E, 0x8D, 0x97, 0xDF, 0xEE, 0x38, 0x17, 0xCA, 0xC7, 0x0C, 0x85, 0x79, 0xF8, 0x7D, 0xB6,
    0xB9, 0x2B, 0x38, 0xE5, 0xDC, 0xA6, 0x9E, 0x98, 0xEB, 0xD8, 0x9A, 0x86, 0xA6, 0x38, 0x45, 0xD3,
    0x5E, 0x69, 0xD3, 0xAA, 0x4D, 0x53, 0x13, 0x1B, 0x5D, 0x8D, 0x8D, 0x14, 0xE4, 0x26, 0x68, 0xF7,
    0x63, 0x18, 0xD6, 0x0B, 0x72, 0xE8, 0x67, 0x82, 0xD4, 0x83, 0x16, 0x31, 0xCF, 0x09, 0x12, 0x76,
    0x60, 0x99, 0x03, 0xE0, 0x9F, 0x9D, 0x5A, 0x2E, 0x91, 0x06, 0x85, 0xC0, 0x0C, 0x19, 0x63, 0x32,
    0xE3, 0x6D, 0x5D, 0x88, 0xDC, 0x39, 0x3D, 0x38, 0x58, 0x92, 0xBA, 0x11, 0x59, 0x85, 0x11, 0xA5,
    0xA3, 0x06, 0x23, 0xC9, 0x6F, 0xC4, 0x46, 0xC7, 0x3C, 0x91, 0x8E, 0xF3, 0x77, 0x0D, 0x7A, 0x8A,
    0xD2, 0x70, 0xA1, 0x4B, 0x67, 0x18, 0x69, 0x03, 0x39, 0xC9, 0xBA, 0xC7, 0x4C, 0x20, 0x2E, 0xD1,
    0x0F, 0x0D, 0x1D, 0xFA, 0xBD, 0xE1, 0x2D, 0x5F, 0xD6, 0x40, 0xCE, 0x4F, 0xD6, 0xEC, 0x59, 0x8F,
    0xB2, 0xAC, 0x49, 0x16, 0x89, 0xAD, 0x57, 0x49, 0x47, 0x25, 0xCB, 0x10, 0x6D, 0x27, 0x6E, 0x83,
    0xB6, 0xDF, 0x1A, 0x66, 0x07, 0x1B, 0x20, 0x50, 0x27, 0xB6, 0x46, 0x7D, 0x0C, 0xC6, 0xF0, 0x66,
    0x20, 0x5F, 0xB5, 0x8D, 0x4B, 0x2C, 0x10, 0xC3, 0x85, 0x3C, 0x43, 0x58, 0x34, 0x36, 0xCA, 0x6B,
    0x5F, 0xB6, 0x0D, 0xE4, 0xD6, 0x64, 0x02, 0x02, 0x30, 0x94, 0x80, 0x33, 0x35, 0x94, 0x3B, 0xFB,
    0x68, 0xEA, 0x29, 0xF2, 0x45, 0xD4, 0x29, 0x2B, 0xA8, 0x1F, 0xA0, 0x3B, 0xE6, 0xE9, 0x7C, 0xE5,
    0x8E, 0xCA, 0xEA, 0x59, 0x9D, 0x26, 0x9D, 0x18, 0x50, 0x9C, 0xFB, 0x83, 0x2D, 0xF9, 0xED, 0x27,
    0xCC, 0x11, 0x55, 0xC4, 0x1B, 0x88, 0x36, 0x97, 0x80, 0xE3, 0xB9, 0x7B, 0xF0, 0xB8, 0x9F, 0x80,
    0xDB, 0x18, 0x82, 0x0B, 0x1F, 0x9C, 0x7D, 0x2A, 0xF8, 0x30, 0x58, 0x92, 0xCF, 0x9F, 0xFB, 0x3A,
    0xDE, 0xEC, 0xE6, 0x67, 0x23, 0xEF, 0xBF, 0x1F, 0x7E, 0xF8, 0xE1, 0x6F, 0xFC, 0xB2, 0xCB, 0x4E,
    0x1A, 0xBE, 0x3C, 0x73, 0xAE, 0x2E, 0x04, 0xDE, 0xFD, 0x7E, 0xF8, 0xF3, 0x87, 0xBF, 0x43, 0x36,
    0xA3, 0x06, 0x7C, 0x67, 0x60, 0x84, 0xFD, 0x7D, 0xE1, 0x9E, 0x55, 0x10, 0x11, 0xE8, 0xFB, 0x5E,
    0x78, 0xBF, 0x71, 0x94, 0x0C, 0x38, 0x17, 0x5F, 0xF8, 0xFA, 0x96, 0x8C, 0xAC, 0xDC, 0xB3, 0xFB,
    0x85, 0x36, 0x3A, 0xE8, 0x2B, 0xF4, 0xDB, 0x77, 0xDC, 0x31, 0x7C, 0xF8, 0xF3, 0x87, 0x1F, 0x19,
    0x1C, 0xC6, 0x35, 0x68, 0x98, 0x00, 0xAC, 0x83, 0x7B, 0x1D, 0x21, 0xDA, 0xB7, 0xF0, 0xEF, 0xC6,
    0x96, 0xFB, 0xCD, 0x3F, 0xC3, 0xBF, 0x3F, 0xDF, 0xF3, 0xC0, 0xCF, 0xC8, 0x3B, 0x9F, 0xFE, 0xC8,
    0x85, 0xE7, 0xC9, 0xDC, 0xC8, 0xBF, 0x9E, 0xFA, 0xC8, 0xD4, 0xEE, 0xE1, 0xEE, 0xF1, 0x85, 0xF3,
    0xEB, 0xE6, 0x76, 0x5B, 0xFB, 0xCF, 0x7F, 0x6D, 0xEA, 0xF6, 0xA4, 0x37, 0xCD, 0xA8, 0x00, 0xE6,
    0xDA, 0xB4, 0x51, 0x68, 0xA5, 0x7E, 0x59, 0x5D, 0x94, 0xD3, 0x0A, 0xFD, 0x93, 0xA9, 0xCD, 0xC2,
    0x2C, 0xC7, 0x38, 0x91, 0xAE, 0x67, 0x41, 0x90, 0x6B, 0x46, 0xA9, 0x33, 0x69, 0xBD, 0x76, 0xF8,
    0x70, 0x38, 0x73, 0x3E, 0xB5, 0x3B, 0xA5, 0x95, 0x8D, 0xF5, 0x73, 0xCE, 0xAE, 0x23, 0x87, 0x3F,
    0xF3, 0xE5, 0x5D, 0xF0, 0x69, 0x01, 0x88, 0x28, 0x9F, 0x6C, 0x3B, 0x9A, 0x90, 0xB2, 0x96, 0x35,
    0xDA, 0xE7, 0xA0, 0xA8, 0xD6, 0x80, 0x0A, 0x6A, 0x10, 0xDE, 0x33, 0x5C, 0x1E, 0x18, 0x7A, 0xC7,
    0x9F, 0x85, 0x2D, 0xB3, 0x7A, 0xC0, 0x8A, 0xEC, 0x28, 0x07, 0x7B, 0x91, 0xDB, 0x46, 0x64, 0x44,
    0x34, 0x87, 0x20, 0x07, 0x47, 0x89, 0x07, 0xAA, 0xBF, 0xD7, 0xDD, 0x76, 0x62, 0x5B, 0x36, 0x98,
    0xB2, 0xA0, 0xE6, 0x14, 0x8A, 0x1D, 0x82, 0x99, 0xF9, 0xAE, 0x01, 0xBA, 0x0B, 0xB9, 0xE0, 0x5C,
    0xB5, 0x79, 0x8F, 0x64, 0xA2, 0x95, 0x23, 0xEA, 0x6A, 0xCF, 0xC9, 0x81, 0xEA, 0x6A, 0x7F, 0x00,
    0x1F, 0xCD, 0x38, 0x74, 0x8E, 0xDC, 0x17, 0xAF, 0xC3, 0x80, 0x62, 0x80, 0xAC, 0xDC, 0x10, 0xAF,
    0xFB, 0x0C, 0x88, 0xE5, 0xC4, 0xCE, 0x95, 0x23, 0xDF, 0xFB, 0x01, 0xF8, 0x10, 0xE7, 0x64, 0xB2,
    0x72, 0xE4, 0xBB, 0xB7, 0x1D, 0xD4, 0xD3, 0x7B, 0x23, 0xB2, 0x72, 0x24, 0xBE, 0xED, 0xD9, 0x55,
    0x3B, 0xDF, 0x87, 0xA3, 0xE9, 0xDB, 0xBE, 0x34, 0xB2, 0xEE, 0xCE, 0x2B, 0x87, 0x67, 0x66, 0x1F,
    0x9C, 0x09, 0xFF, 0xED, 0x28, 0xF9, 0xCD, 0xC3, 0x5F, 0x3C, 0xAA, 0xBF, 0x0A, 0x19, 0x0C, 0x5A,
    0xF0, 0xFB, 0xF4, 0xE8, 0x71, 0x6E, 0x2F, 0xD7, 0xCF, 0x90, 0xC7, 0xF5, 0xE8, 0xBD, 0x30, 0xD2,
    0x0F, 0xAD, 0xDE, 0xBD, 0xCA, 0xBF, 0xF7, 0x24, 0x8A, 0xE1, 0xF9, 0xDD, 0xB7, 0x11, 0xF7, 0x97,
    0x11, 0xD1, 0x1E, 0x85, 0x94, 0xF8, 0x71, 0xF2, 0x1E, 0x58, 0xC3, 0xBC, 0xFB, 0x32, 0x1E, 0xB3,
    0x86, 0x0F, 0xAE, 0x60, 0xF6, 0x04, 0x46, 0xAB, 0xDF, 0x11, 0x80, 0xFD, 0x31, 0x4F, 0x44, 0xE4,
    0xBE, 0x8C, 0x8C, 0x9C, 0x89, 0xEF, 0x79, 0xE5, 0xD4, 0xDF, 0xBF, 0xEF, 0x2B, 0x2B, 0x47, 0xCE,
    0xEE, 0x9E, 0xFA, 0xF7, 0xB3, 0x07, 0x9E, 0xFA, 0x97, 0x63, 0x1B, 0xFF, 0x67, 0xF3, 0xD7, 0xE9,
    0x71, 0x7A, 0xB1, 0xFB, 0x9D, 0x8D, 0x67, 0x53, 0x8C, 0x3A, 0x27, 0x36, 0xFD, 0x7C, 0x63, 0xBC,
    0x7B, 0x37, 0x21, 0xDF, 0xFA, 0x50, 0x1A, 0xE6, 0x67, 0xE3, 0xCD, 0x70, 0xE1, 0x33, 0xBE, 0x36,
    0xFD, 0x59, 0xB9, 0x32, 0xDD, 0xBF, 0x95, 0x9D, 0x2C, 0x9E, 0xB9, 0xA6, 0x18, 0xC9, 0xDA, 0x5A,
    0x2A, 0xC8, 0x15, 0xCF, 0x0B, 0x12, 0x5C, 0x37, 0xD6, 0xC9, 0x2B, 0xD2, 0xF6, 0x33, 0xCC, 0xC2,
    0x2A, 0xD2, 0x8C, 0x99, 0x0C, 0x38, 0x69, 0x16, 0x1A, 0x4B, 0x15, 0x0F, 0x82, 0x67, 0x62, 0xC6,
    0x86, 0x1C, 0xCB, 0x06, 0x35, 0x3F, 0xE5, 0xE4, 0x7A, 0xC7, 0x77, 0x33, 0xFB, 0x81, 0x24, 0xE3,
    0x24, 0xA8, 0x82, 0x0D, 0xB2, 0x8F, 0x73, 0x46, 0x3E, 0x39, 0x44, 0xFF, 0x6E, 0xA6, 0x33, 0xF9,
    0xB9, 0x1F, 0x77, 0x76, 0xB4, 0x80, 0x9C, 0x75, 0xE9, 0x76, 0xCA, 0x1B, 0x67, 0x68, 0x8E, 0x5B,
    0xE3, 0x9A, 0x9D, 0xB9, 0x97, 0xBA, 0xDE, 0xFE, 0x9C, 0x91, 0xF5, 0x6E, 0xC6, 0x1C, 0xBF, 0x22,
    0x0F, 0x22, 0x79, 0xBC, 0x22, 0xB1, 0xFC, 0x3D, 0x66, 0x74, 0x49, 0x6B, 0x94, 0xDF, 0x77, 0x87,
    0xF8, 0x63, 0xD6, 0x77, 0x49, 0x8B, 0x57, 0x05, 0x9C, 0x7B, 0xF4, 0x04, 0x32, 0x5B, 0x32, 0x7A,
    0x0F, 0xBF, 0xCC, 0x98, 0x91, 0x8C, 0x5B, 0x27, 0xFC, 0x31, 0x1E, 0x05, 0x8E, 0x1F, 0xB3, 0xB2,
    0x36, 0xA4, 0x16, 0xAA, 0xED, 0x89, 0x9C, 0xB2, 0x73, 0x37, 0xD9, 0x75, 0x7F, 0x52, 0x43, 0xCD,
    0xC6, 0x6D, 0xD5, 0x81, 0xD0, 0x01, 0x19, 0x6F, 0x66, 0x75, 0xD7, 0x1F, 0x55, 0x6C, 0xCF, 0xCA,
    0xAA, 0x9B, 0xA0, 0x55, 0x89, 0xEE, 0x50, 0x6C, 0x1F, 0x20, 0x1F, 0xD5, 0xFF, 0xF8, 0xAE, 0x88,
    0xAC, 0x20, 0xD6, 0x01, 0x12, 0x9B, 0x5F, 0xBD, 0x9F, 0x70, 0xFB, 0x48, 0xB4, 0x77, 0x90, 0x6A,
    0x58, 0x5D, 0xF0, 0x19, 0x88, 0x11, 0x8E, 0x96, 0x43, 0x83, 0x26, 0xB9, 0x8B, 0x1E, 0xCC, 0x7A,
    0xD1, 0x38, 0x9D, 0xCE, 0x85, 0xF1, 0x6A, 0x1C, 0x6E, 0xFD, 0x45, 0xD2, 0xBA, 0x92, 0x8E, 0x92,
    0x09, 0xEB, 0x45, 0x9F, 0x46, 0x7B, 0x53, 0xD8, 0x47, 0x34, 0x7C, 0xE6, 0x3C, 0x5D, 0xE8, 0x2C,
    0x80, 0xEF, 0x0F, 0xA9, 0xC9, 0xFA, 0x50, 0xE9, 0x1C, 0xB1, 0x0F, 0x91, 0xBF, 0xF2, 0x1F, 0xF1,
    0xEF, 0x4A, 0xDB, 0xFE, 0x24, 0xBF, 0xFA, 0x8E, 0xD8, 0xA3, 0x9D, 0x12, 0xAF, 0xE6, 0x57, 0xF8,
    0x57, 0x2D, 0xE7, 0x5A, 0x21, 0x5A, 0xDD, 0x30, 0x84, 0x77, 0x6C, 0xE0, 0x6C, 0xC0, 0x87, 0xD6,
    0xFD, 0x60, 0x0E, 0xF8, 0x10, 0x59, 0xEF, 0x97, 0xC3, 0x09, 0x88, 0x04, 0xF8, 0x50, 0x4B, 0x47,
    0xCD, 0x38, 0xB5, 0x60, 0x38, 0x48, 0xD2, 0x51, 0x3B, 0x00, 0x45, 0x48, 0x51, 0x97, 0x5A, 0x03,
    0x60, 0xF4, 0xF7, 0xB1, 0xA1, 0xE7, 0xEB, 0xA9, 0xB5, 0x2F, 0x23, 0x93, 0xA7, 0x33, 0x7C, 0xF6,
    0x96, 0x15, 0xF0, 0x54, 0x1B, 0x73, 0x6B, 0xF0, 0xF3, 0x19, 0xE4, 0xF6, 0x83, 0x32, 0xB4, 0x93,
    0xE5, 0x98, 0x83, 0xA5, 0x71, 0x13, 0x35, 0x02, 0x66, 0x79, 0x56, 0x54, 0x1C, 0x96, 0x9D, 0xC2,
    0xE2, 0x84, 0x92, 0xD1, 0x68, 0x3F, 0x90, 0xF7, 0x8C, 0xDC, 0x88, 0xD5, 0xFD, 0x11, 0xA9, 0x82,
    0x38, 0x31, 0x26, 0xDC, 0xE3, 0xA0, 0x96, 0x8E, 0x09, 0x6F, 0x68, 0x6F, 0x91, 0x88, 0x70, 0x5F,
    0x3A, 0xEE, 0x08, 0x27, 0x14, 0xA4, 0x9B, 0x1C, 0xD1, 0xA8, 0x96, 0x09, 0x4B, 0x26, 0x3E, 0x27,
    0x13, 0xF4, 0x44, 0x2E, 0x2E, 0xA0, 0x63, 0x4C, 0x23, 0x2E, 0xAD, 0xD1, 0x03, 0xB9, 0xD3, 0x7F,
    0xA7, 0xD7, 0x81, 0xF1, 0x30, 0x1E, 0xFC, 0x78, 0x37, 0x61, 0xA0, 0x27, 0x88, 0xB8, 0xEC, 0x2E,
    0x44, 0x89, 0x34, 0xC3, 0xF4, 0x75, 0x21, 0x75, 0x36, 0x19, 0x0B, 0xD1, 0xC3, 0x61, 0x90, 0x61,
    0x9C, 0xB5, 0xE9, 0x1E, 0x3C, 0x87, 0xE2, 0x05, 0x39, 0x86, 0x58, 0xE3, 0xC7, 0x9C, 0x33, 0xD9,
    0x5D, 0x1D, 0x32, 0x57, 0x47, 0x57, 0x31, 0x99, 0x65, 0x81, 0xD5, 0x64, 0xD1, 0x9E, 0x99, 0x67,
    0x49, 0xAE, 0x46, 0x5C, 0x9E, 0x52, 0x73, 0x5F, 0xE3, 0xF0, 0xF6, 0x39, 0xAF, 0x21, 0x5A, 0x54,
    0xC0, 0x4C, 0x45, 0x51, 0x58, 0x8A, 0x9A, 0x1C, 0x29, 0x60, 0xF4, 0x5E, 0x4C, 0xFB, 0x8E, 0x9D,
    0x6D, 0xF1, 0xB5, 0xD1, 0x39, 0x77, 0x12, 0x51, 0x6F, 0xC6, 0xD2, 0x38, 0xF6, 0x6E, 0x59, 0x1B,
    0x9F, 0xF2, 0xE6, 0x2D, 0x3F, 0x3D, 0xE0, 0xB3, 0x12, 0x21, 0x7B, 0x32, 0x2A, 0x98, 0x6E, 0x9C,
    0xFB, 0xE2, 0x0C, 0xA8, 0x78, 0x3B, 0x62, 0xFD, 0x5B, 0xEC, 0xDE, 0x80, 0xE3, 0x65, 0x0D, 0x5C,
    0xB8, 0x7D, 0x1C, 0xB3, 0x0E, 0x2E, 0x70, 0x1B, 0xC7, 0xAC, 0x85, 0xAB, 0x85, 0xF8, 0xE4, 0xE6,
    0x48, 0x42, 0x5D, 0x06, 0xE5, 0xDF, 0xB3, 0x0C, 0x81, 0xC9, 0xBA, 0xB8, 0xF3, 0x1A, 0x9E, 0xC0,
    0x61, 0x6D, 0x5C, 0x60, 0xB7, 0xCB, 0x76, 0xCE, 0x1D, 0x57, 0xB9, 0xF7, 0xC5, 0xB0, 0xCB, 0x72,
    0x37, 0x43, 0x7E, 0x2A, 0xF6, 0x3D, 0x4D, 0x17, 0x9B, 0x8E, 0x2A, 0x05, 0x17, 0x2A, 0x4E, 0x89,
    0x71, 0xAA, 0x3E, 0x25, 0xA6, 0x65, 0x7B, 0xF9, 0x29, 0x31, 0x6D, 0x57, 0x19, 0xC7, 0xB2, 0x53,
    0x62, 0x46, 0xF5, 0x60, 0x06, 0x76, 0x4A, 0x4C, 0xAF, 0x9F, 0x76, 0x67, 0xD2, 0x54, 0x63, 0x40,
    0x39, 0x96, 0xF6, 0x3A, 0x34, 0xD3, 0x80, 0x61, 0x05, 0xE1, 0x67, 0x37, 0xF0, 0x53, 0x5A, 0x58,
    0x54, 0xFF, 0xA6, 0x0D, 0x7E, 0x82, 0x3F, 0x16, 0x89, 0x9F, 0x12, 0x83, 0x2F, 0x17, 0xF8, 0x78,
    0x6D, 0x7E, 0x4A, 0x6C, 0x08, 0x83, 0x08, 0x60, 0xBE, 0x72, 0x4A, 0x2C, 0xAB, 0x4E, 0x89, 0x6D,
    0x97, 0x9E, 0x60, 0x4E, 0x33, 0x83, 0xD2, 0x4B, 0x78, 0xAA, 0x17, 0x4F, 0x77, 0xCE, 0x63, 0x71,
    0x2C, 0x68, 0x67, 0x6F, 0xBB, 0xD3, 0x9D, 0xE6, 0x09, 0x09, 0x41, 0xFD, 0xA3, 0xDA, 0x78, 0xD8,
    0xAF, 0x4B, 0xAD, 0xD2, 0x33, 0x4B, 0xC0, 0xA1, 0x0D, 0xF9, 0xAC, 0x14, 0xC8, 0x1E, 0xAA, 0xD1,
    0x8E, 0x18, 0x52, 0xA5, 0x8D, 0x31, 0x8E, 0x17, 0x31, 0xA0, 0x0A, 0xB3, 0xD1, 0x5E, 0x6C, 0x73,
    0x30, 0x02, 0xBC, 0xE1, 0x26, 0x0C, 0xA6, 0xF2, 0xEE, 0xBF, 0xA6, 0x08, 0x27, 0x65, 0x7D, 0x02,
    0xB6, 0x27, 0xB1, 0x8A, 0x8F, 0xE7, 0xF4, 0x60, 0x82, 0x71, 0x6F, 0x12, 0xD5, 0x20, 0xC4, 0x53,
    0x13, 0x0C, 0xA2, 0xA2, 0xE1, 0x43, 0x35, 0xDC, 0x54, 0x42, 0xA8, 0x24, 0x25, 0x40, 0xE5, 0x22,
    0xC7, 0x5B, 0x23, 0x3E, 0xA5, 0x8B, 0x59, 0x96, 0xCF, 0xE0, 0x29, 0xEC, 0xA1, 0x1A, 0xF9, 0xD2,
    0xF0, 0x53, 0x6F, 0x10, 0xD3, 0xBF, 0x6C, 0x1D, 0x70, 0x7D, 0x41, 0xCD, 0x07, 0x86, 0xA9, 0x28,
    0xD7, 0x2E, 0x8F, 0xD9, 0x67, 0x6E, 0x52, 0x3E, 0xBC, 0x89, 0x3A, 0x20, 0x20, 0x5F, 0x5A, 0x75,
    0x56, 0xC1, 0x2A, 0x70, 0xED, 0x1C, 0xF0, 0xD5, 0xA6, 0xE5, 0xB9, 0x85, 0x0C, 0xB7, 0x7B, 0x04,
    0x6B, 0xE7, 0x70, 0x2F, 0xDC, 0x53, 0x68, 0x45, 0x60, 0x1F, 0x59, 0x68, 0xA2, 0xCA, 0xB3, 0x0A,
    0x76, 0x6A, 0xB3, 0x67, 0x14, 0xE0, 0x3E, 0x72, 0x53, 0x8B, 0x19, 0x3E, 0xDC, 0x47, 0xED, 0xC2,
    0xA4, 0x6C, 0xED, 0xEC, 0x35, 0xC3, 0xD7, 0x2E, 0xCE, 0x2A, 0x10, 0xB6, 0x8F, 0x3A, 0x18, 0x4C,
    0x76, 0xF8, 0x59, 0x85, 0xCC, 0xA2, 0x0F, 0xD6, 0x67, 0x8B, 0x9E, 0x78, 0xAB, 0xEF, 0xA3, 0xB7,
    0x23, 0x0F, 0x45, 0xDF, 0x1C, 0xF8, 0x20, 0xDA, 0x11, 0xB0, 0x76, 0x79, 0x2C, 0x10, 0xC1, 0x37,
    0x19, 0x1F, 0x86, 0x1A, 0xCF, 0xAD, 0xF0, 0x1A, 0x36, 0xBB, 0x3E, 0x33, 0xCE, 0x57, 0x54, 0x9E,
    0x1A, 0x6F, 0x83, 0x1F, 0x61, 0x69, 0x0D, 0x3F, 0x37, 0x6E, 0xC0, 0xB7, 0x9C, 0x12, 0x16, 0x69,
    0x32, 0xE0, 0x58, 0x07, 0xE9, 0xAC, 0xC2, 0x4E, 0xC2, 0x98, 0x83, 0x23, 0xCB, 0xB8, 0xC0, 0x3B,
    0x8D, 0x9F, 0x65, 0x18, 0x01, 0x87, 0xDB, 0x91, 0x90, 0x05, 0x04, 0x55, 0x6C, 0x40, 0xD9, 0x3F,
    0x21, 0x8B, 0x6E, 0x8C, 0x45, 0x07, 0x90, 0xBA, 0x78, 0x19, 0xAE, 0x98, 0x54, 0xF1, 0x41, 0x75,
    0x00, 0x39, 0x90, 0xCF, 0x91, 0xE7, 0x21, 0x8D, 0x78, 0x8C, 0xF0, 0x0B, 0xFE, 0xA6, 0xCB, 0x1E,
    0xA4, 0x0B, 0x5C, 0x0B, 0xDA, 0x45, 0x9B, 0x1E, 0x82, 0x20, 0xA3, 0xFA, 0xD7, 0x4E, 0x06, 0xA7,
    0xFB, 0x46, 0x03, 0xCD, 0x13, 0xE5, 0xCA, 0xFB, 0x0C, 0x7F, 0x23, 0xC5, 0x0B, 0x2C, 0xC4, 0x90,
    0x22, 0x06, 0x46, 0x4B, 0x31, 0x03, 0x43, 0xF5, 0xA8, 0x51, 0x43, 0x33, 0x6E, 0xE8, 0x89, 0x1C,
    0x7A, 0x62, 0x87, 0x66, 0xF4, 0x50, 0xEB, 0x15, 0xC2, 0x6C, 0x84, 0x66, 0x19, 0xE8, 0xE5, 0x85,
    0x6E, 0x19, 0xC8, 0x63, 0xA1, 0x5D, 0x06, 0xFA, 0x65, 0xA1, 0x5F, 0xDA, 0x67, 0x43, 0x14, 0x71,
    0xA5, 0x61, 0xF0, 0x89, 0xBC, 0xD6, 0x31, 0xDE, 0x82, 0xAC, 0xB4, 0x8C, 0x39, 0x70, 0xA1, 0x67,
    0x43, 0xF8, 0xEF, 0x93, 0xD4, 0x9A, 0xC6, 0x5C, 0x80, 0xD0, 0x35, 0xF8, 0xE1, 0x5A, 0xDB, 0x98,
    0x97, 0x10, 0xFA, 0x36, 0x2F, 0x25, 0xB4, 0xE4, 0x7A, 0x5E, 0xC7, 0x15, 0x8A, 0x5E, 0x85, 0x52,
    0x4A, 0x74, 0x22, 0x74, 0x65, 0x32, 0xEB, 0x10, 0x43, 0x7A, 0xAA, 0x18, 0x62, 0x30, 0xA5, 0xF0,
    0x15, 0xBD, 0x5B, 0xA4, 0x97, 0x27, 0x3D, 0xCA, 0xBC, 0x29, 0xE5, 0x21, 0x6C, 0xD5, 0x0A, 0xC7,
    0xA8, 0x08, 0x83, 0xD8, 0xF2, 0xB9, 0xF5, 0x18, 0x91, 0xB2, 0x30, 0x96, 0x3F, 0x99, 0xC6, 0xC9,
    0xCC, 0x0E, 0x0F, 0x64, 0xF9, 0xB3, 0x69, 0x3C, 0x3C, 0x88, 0x86, 0xA1, 0xAC, 0x78, 0x3A, 0x4D,
    0x59, 0x60, 0x56, 0x9F, 0x4F, 0xB3, 0xBD, 0x7A, 0x42, 0x4D, 0x97, 0xF5, 0xDF, 0x40, 0xBF, 0xEB,
    0x67, 0xD4, 0xEC, 0x67, 0x21, 0xAD, 0x78, 0x4A, 0x4D, 0x75, 0xCC, 0x46, 0x7D, 0x4E, 0x4D, 0xF3,
    0x49, 0x35, 0xCD, 0x67, 0xD5, 0xF4, 0x3C, 0xAD, 0xA6, 0xF9, 0xBC, 0x9A, 0xEB, 0x7A, 0x62, 0x4D,
    0xE9, 0x67, 0x56, 0xAB, 0x7D, 0x5B, 0xE5, 0xC9, 0x35, 0xCD, 0x67, 0xD7, 0x34, 0x9F, 0x5E, 0x73,
    0x95, 0x27, 0x46, 0x2D, 0xCB, 0xEB, 0x4D, 0x90, 0xD7, 0xED, 0xA4, 0x4E, 0x02, 0xCA, 0x8A, 0x47,
    0x9D, 0x09, 0xB0, 0x89, 0x2E, 0xA9, 0xD3, 0x01, 0xCE, 0x3A, 0x52, 0xE7, 0x04, 0xE5, 0x41, 0xC3,
    0x3A, 0x31, 0xE0, 0x27, 0x0C, 0x49, 0x9D, 0x1D, 0x94, 0x47, 0x0E, 0xEB, 0x14, 0xC1, 0xE1, 0x67,
    0x0D, 0xEB, 0x3C, 0xA1, 0x3C, 0x7C, 0x58, 0x27, 0x0B, 0xE2, 0x04, 0x62, 0xA3, 0x35, 0x27, 0xA5,
    0x0D, 0x94, 0xFB, 0x26, 0x91, 0x3B, 0x94, 0x07, 0x12, 0xEB, 0x04, 0x42, 0x9C, 0x4A, 0x5C, 0x82,
    0x7E, 0x36, 0x13, 0xAC, 0x66, 0xB1, 0xD9, 0x6A, 0x26, 0x53, 0x56, 0xF3, 0x13, 0xFA, 0xD5, 0x7F,
    0x69, 0x99, 0xC9, 0xBD, 0x7D, 0x2B, 0xE6, 0xB2, 0x9A, 0x1D, 0x52, 0xB7, 0x79, 0x31, 0xB7, 0xF9,
    0x09, 0xAB, 0x96, 0xD6, 0xFF, 0x03, 0xED, 0x5D, 0xBF, 0xAF, 0xE4, 0xC6, 0x91, 0x6E, 0x0E, 0xA5,
    0x47, 0xD8, 0x83, 0x33, 0x05, 0x43, 0x36, 0xB0, 0x2B, 0xE0, 0x98, 0x5C, 0x72, 0x07, 0xE8, 0xF8,
    0x17, 0xD8, 0xA4, 0x1C, 0xD8, 0x38, 0x28, 0x90, 0x02, 0xAF, 0x03, 0x29, 0xB0, 0x03, 0x05, 0xBE,
    0x75, 0xB0, 0x0E, 0x1D, 0x18, 0x22, 0x6D, 0x07, 0x0A, 0xFD, 0x02, 0xFB, 0x2E, 0xB4, 0x02, 0x6D,
    0xE0, 0xBD, 0x40, 0x7F, 0x81, 0xD1, 0xB4, 0x1D, 0x38, 0x14, 0xEF, 0x12, 0x85, 0xA6, 0x8D, 0x15,
    0x70, 0xB0, 0x02, 0x53, 0x32, 0x81, 0xE3, 0xCA, 0x24, 0xFB, 0xAA, 0xBA, 0xC9, 0xEE, 0xAA, 0xE6,
    0xCC, 0xBC, 0x79, 0x4F, 0x6F, 0xB5, 0xD2, 0xD3, 0x30, 0xD8, 0x9D, 0xEE, 0xE1, 0xF0, 0x47, 0x57,
    0x75, 0xD5, 0x57, 0x5F, 0x57, 0xF5, 0x13, 0x02, 0x8F, 0xDB, 0x6F, 0x09, 0xFF, 0xC8, 0x54, 0x33,
    0x7F, 0x92, 0xAE, 0x6B, 0xF2, 0xBB, 0x52, 0xA5, 0x1E, 0x8A, 0xB3, 0x5C, 0xBC, 0xE7, 0xBA, 0x6E,
    0xBD, 0xAA, 0x54, 0xB9, 0xED, 0xC4, 0x24, 0x8A, 0xDC, 0x5E, 0x2D, 0x51, 0x65, 0xDC, 0x06, 0xD0,
    0x55, 0x8A, 0x2F, 0xCD, 0xBD, 0x5B, 0x55, 0xC5, 0xED, 0x66, 0x14, 0x45, 0x25, 0x92, 0x46, 0x6C,
    0x4A, 0xBC, 0xAC, 0x2A, 0x93, 0x36, 0x1C, 0x85, 0xAC, 0x44, 0x5A, 0x8B, 0x70, 0xCA, 0xC5, 0x3D,
    0x35, 0x8A, 0xAC, 0xDB, 0x4E, 0x42, 0xB5, 0x22, 0xAB, 0x44, 0xA8, 0xD8, 0xD1, 0x40, 0x57, 0x84,
    0x1F, 0xBA, 0xB9, 0xE3, 0xEF, 0xAA, 0x83, 0xAE, 0x00, 0x3F, 0xE6, 0x85, 0x9A, 0xA4, 0xFA, 0xA3,
    0xFA, 0x40, 0x77, 0xC1, 0x03, 0xA8, 0x73, 0xB8, 0x65, 0x97, 0x4E, 0x91, 0x2A, 0x8B, 0x36, 0xAB,
    0x85, 0x88, 0x5B, 0xFE, 0xC2, 0x1D, 0xBC, 0x0E, 0xEF, 0x4A, 0xD5, 0x2F, 0x5F, 0x81, 0x61, 0x08,
    0x48, 0x57, 0x8C, 0xD7, 0xAE, 0x44, 0x5C, 0xB9, 0x2E, 0xFD, 0x50, 0x02, 0x5F, 0xC2, 0x1D, 0x12,
    0xC7, 0x45, 0x24, 0x35, 0xE9, 0x0A, 0x1E, 0xDC, 0x87, 0x7F, 0xA3, 0xD2, 0xF5, 0x9C, 0xDD, 0x5F,
    0x0F, 0x7A, 0xBF, 0xEA, 0x51, 0xB5, 0xF0, 0x1E, 0x4A, 0xC1, 0x60, 0x88, 0x62, 0xEE, 0x7E, 0xAE,
    0x16, 0xFF, 0xFA, 0x00, 0x7B, 0xC2, 0xE5, 0xB7, 0xFA, 0xAE, 0x11, 0xF4, 0xC4, 0x30, 0x78, 0xE2,
    0x5C, 0xFC, 0x4B, 0x1E, 0x37, 0x5A, 0x04, 0x1D, 0x8E, 0x82, 0x00, 0xC1, 0x64, 0x15, 0xF6, 0x6C,
    0x60, 0x00, 0x45, 0xF6, 0xDF, 0x2A, 0x0F, 0x74, 0x4F, 0xAB, 0x07, 0xA9, 0x14, 0xB2, 0x94, 0x95,
    0x16, 0x0B, 0xF6, 0xC8, 0x3E, 0xAD, 0x84, 0x2A, 0xB3, 0x1A, 0xA5, 0x52, 0xC6, 0x1D, 0xFC, 0xA8,
    0x4A, 0xBA, 0x10, 0x46, 0xBE, 0xDB, 0xAA, 0x40, 0x55, 0xE9, 0x28, 0x40, 0x38, 0x38, 0x28, 0x30,
    0xD8, 0xF3, 0x31, 0xC4, 0xBD, 0x91, 0x8A, 0x3D, 0x26, 0x18, 0x57, 0xB8, 0xDB, 0x87, 0xF8, 0xF9,
    0xAF, 0x20, 0xA4, 0x31, 0x53, 0x28, 0x93, 0x7B, 0x20, 0x89, 0xA1, 0x00, 0x81, 0xD4, 0xB2, 0xDB,
    0x8E, 0x85, 0x19, 0xD2, 0xA7, 0xCF, 0xED, 0x9B, 0x16, 0xA5, 0x3F, 0x3E, 0x72, 0xD5, 0xB3, 0x3E,
    0xA7, 0xA8, 0x56, 0xA3, 0xDA, 0xF8, 0x3D, 0xF0, 0xD8, 0xE2, 0x87, 0xAC, 0x27, 0x56, 0x7F, 0x91,
    0x1D, 0xEB, 0xC1, 0x57, 0x18, 0x58, 0x4F, 0xB0, 0xEA, 0x31, 0x6A, 0xC5, 0x8F, 0x3B, 0x2F, 0x8B,
    0x43, 0xC7, 0xF7, 0xCE, 0x7E, 0xCD, 0xEE, 0xDB, 0xA1, 0x5C, 0x60, 0x36, 0xCC, 0x17, 0x8E, 0x7B,
    0x18, 0x4C, 0x98, 0x21, 0x85, 0x9A, 0x67, 0xC9, 0x00, 0xED, 0x0E, 0x6F, 0x5D, 0x89, 0x5B, 0x22,
    0x3C, 0x0F, 0x87, 0x2F, 0xBE, 0x02, 0x9F, 0x43, 0x54, 0x8B, 0xB4, 0x8A, 0x7A, 0x90, 0x0B, 0xA8,
    0x75, 0xBD, 0x1D, 0x52, 0x9C, 0x20, 0xDB, 0x0E, 0x24, 0x07, 0x9A, 0x50, 0xC7, 0x2D, 0xC8, 0x0A,
    0x84, 0xDA, 0x6D, 0x26, 0x1C, 0xE7, 0x3A, 0x6D, 0xE1, 0x06, 0x12, 0x27, 0xDC, 0x24, 0x5E, 0x55,
    0x53, 0x5E, 0x0C, 0x11, 0x88, 0xAF, 0x4E, 0xFB, 0x68, 0x9C, 0xE5, 0xF6, 0xF6, 0x22, 0x3D, 0xA5,
    0xFA, 0x82, 0xC8, 0xAE, 0x07, 0x9D, 0x48, 0x51, 0x62, 0x38, 0xBB, 0x54, 0xA1, 0x1A, 0x50, 0xEC,
    0x8D, 0x02, 0xE9, 0xBF, 0x08, 0x62, 0xEB, 0x13, 0xB5, 0xCC, 0xF1, 0xD7, 0x4E, 0xEF, 0xBB, 0x1C,
    0x39, 0x6F, 0x46, 0xDC, 0xA8, 0x88, 0x6D, 0xE7, 0xB5, 0xBD, 0xEF, 0x37, 0xDE, 0x84, 0x67, 0xF6,
    0x67, 0x9E, 0x07, 0xA0, 0xD1, 0xDB, 0x71, 0xFE, 0x76, 0xD0, 0xC6, 0xB4, 0x43, 0x5B, 0x61, 0xEE,
    0xBC, 0x19, 0xB4, 0xE1, 0x80, 0x7F, 0x71, 0x14, 0xBF, 0x20, 0xC2, 0xB7, 0x02, 0x3C, 0x57, 0x81,
    0x39, 0x08, 0x71, 0xCE, 0x27, 0x75, 0x38, 0x04, 0x66, 0xDC, 0x94, 0x88, 0x70, 0x24, 0xD3, 0x3A,
    0xEA, 0xC1, 0x0A, 0xC0, 0x65, 0x84, 0xCC, 0xE3, 0x0E, 0x26, 0x30, 0x8E, 0x6D, 0x80, 0x56, 0x4D,
    0xE5, 0x19, 0xCC, 0xF8, 0x68, 0x40, 0x83, 0xA0, 0x7B, 0x52, 0x55, 0x67, 0x4D, 0x36, 0x86, 0x2A,
    0x57, 0x4D, 0x3A, 0xC0, 0x35, 0xD0, 0x2F, 0x48, 0x3D, 0xB3, 0x97, 0xA3, 0x2C, 0xDE, 0xE1, 0x86,
    0x5A, 0xD5, 0xC5, 0xCF, 0xD0, 0x0E, 0xE0, 0xA8, 0x4E, 0x38, 0xAA, 0x7F, 0x80, 0xC1, 0x2C, 0x65,
    0x2F, 0xBB, 0x48, 0xBD, 0x01, 0x1F, 0x87, 0x64, 0x02, 0x69, 0xC9, 0xF2, 0x2C, 0xE7, 0x23, 0x7B,
    0xC5, 0xF9, 0x7E, 0x4C, 0x4F, 0xBD, 0xB2, 0x09, 0x2B, 0x2B, 0x91, 0xB4, 0x7E, 0x4F, 0xBC, 0xEE,
    0x59, 0xFD, 0xEA, 0x29, 0x71, 0xF8, 0x08, 0xBC, 0x37, 0xD0, 0x9E, 0x4E, 0x38, 0xDF, 0x03, 0xFF,
    0x27, 0x0A, 0x9D, 0xD8, 0x68, 0x9F, 0xA2, 0xD0, 0xE6, 0x5D, 0xE1, 0xD0, 0x7C, 0xE9, 0x65, 0x78,
    0x06, 0x9C, 0x21, 0xB1, 0xB6, 0xD5, 0x79, 0xD2, 0x80, 0xCE, 0xAB, 0x78, 0x80, 0xD3, 0xC0, 0x6B,
    0x2A, 0xF0, 0x42, 0xDB, 0x3E, 0x1C, 0x60, 0x96, 0x64, 0x15, 0x98, 0x3D, 0xA5, 0x25, 0xBB, 0x1D,
    0x36, 0x20, 0xD7, 0x2A, 0x69, 0x41, 0x7C, 0x19, 0xB4, 0x13, 0x98, 0x0A, 0xA5, 0xEA, 0x62, 0x10,
    0x5E, 0x2E, 0x9B, 0xB8, 0x97, 0xEA, 0x7D, 0x94, 0xD1, 0x62, 0xC0, 0x5B, 0x4F, 0x76, 0x8D, 0x7A,
    0xC9, 0xCC, 0x0B, 0x05, 0xE7, 0x8D, 0xA0, 0x52, 0xE3, 0x46, 0xFD, 0x0F, 0xCC, 0xA5, 0x31, 0x55,
    0xDF, 0x50, 0x6D, 0x81, 0x8F, 0x79, 0x0B, 0xDF, 0xEB, 0x7C, 0xBF, 0x5F, 0xDB, 0xE1, 0xD8, 0x8C,
    0x67, 0x0B, 0xEE, 0x9E, 0x2F, 0xDE, 0x71, 0x71, 0x6D, 0xE1, 0x82, 0x32, 0x52, 0x44, 0x20, 0xDA,
    0xB7, 0x69, 0x4F, 0x65, 0x0C, 0x70, 0x6F, 0x4C, 0x33, 0xBC, 0x0A, 0xCC, 0x6A, 0xF1, 0x32, 0x68,
    0xAC, 0x19, 0x27, 0xB0, 0x2A, 0xC1, 0xFD, 0xB7, 0x41, 0xE7, 0xE1, 0x95, 0xD5, 0xAB, 0x78, 0x05,
    0xF3, 0xA3, 0x40, 0x62, 0x97, 0xD4, 0x9A, 0x6B, 0xFC, 0x1B, 0x68, 0xCC, 0x10, 0x4C, 0xE0, 0xC7,
    0x04, 0x76, 0x69, 0x07, 0x07, 0x17, 0x1C, 0x36, 0xE0, 0x87, 0x04, 0x9E, 0xA5, 0x3D, 0x9C, 0x38,
    0x83, 0xA7, 0x8B, 0xD4, 0x4B, 0x03, 0xBA, 0xB7, 0xC5, 0xC5, 0x99, 0xE3, 0xA3, 0xFF, 0x82, 0x5B,
    0x8B, 0xC5, 0xC7, 0xBD, 0x64, 0xFB, 0x85, 0x71, 0x72, 0x0A, 0xBC, 0xA3, 0x7A, 0x77, 0xEE, 0x32,
    0x5E, 0xEE, 0x11, 0xDC, 0x72, 0x42, 0x48, 0xF0, 0xE8, 0xB9, 0x89, 0xA9, 0x6B, 0xF0, 0xCA, 0x2F,
    0x77, 0xEB, 0xF4, 0x0E, 0xC5, 0xDF, 0x75, 0xD6, 0x5A, 0xF5, 0x77, 0xF8, 0xBA, 0x1D, 0xCE, 0x6E,
    0x87, 0xB7, 0xDB, 0xE1, 0xEE, 0x76, 0xF9, 0xBB, 0x5D, 0x0E, 0x6F, 0xED, 0xF1, 0xB4, 0xC9, 0xB7,
    0x98, 0xF2, 0xF6, 0xB9, 0xC6, 0x1E, 0xA0, 0xC5, 0xF5, 0x7C, 0xA7, 0x51, 0x68, 0xA3, 0x9F, 0xCD,
    0x2A, 0x0E, 0x62, 0xCF, 0xB5, 0xD5, 0xD7, 0x2A, 0xF1, 0x05, 0xB4, 0x54, 0xAA, 0xD2, 0x66, 0xFF,
    0x9F, 0x7F, 0x80, 0x5F, 0x35, 0x91, 0x7A, 0x0F, 0xC4, 0x85, 0x76, 0x5F, 0x1B, 0xA4, 0xB4, 0x8E,
    0x27, 0x3D, 0x81, 0xD1, 0xF8, 0x40, 0x6F, 0x09, 0xBA, 0xDE, 0xE1, 0x3C, 0x42, 0xCB, 0x0F, 0x12,
    0x47, 0x93, 0x85, 0x66, 0xA9, 0xD6, 0xA6, 0x3F, 0x40, 0x0C, 0x29, 0xFF, 0x0C, 0x30, 0x47, 0x55,
    0x92, 0xEA, 0xF5, 0x03, 0x80, 0x9B, 0xB3, 0xF1, 0xFF, 0xC0, 0x0A, 0x51, 0x5B, 0x7F, 0x74, 0x18,
    0xE8, 0x18, 0x50, 0xDD, 0xB4, 0xF9, 0xD7, 0xD8, 0xB1, 0x4E, 0x94, 0xD1, 0x1F, 0x77, 0x7C, 0xE7,
    0xD7, 0x2F, 0xFB, 0x06, 0xFA, 0x6E, 0xEE, 0x19, 0xE8, 0xAD, 0xD6, 0x59, 0x6A, 0xA0, 0x0B, 0xAD,
    0xE1, 0xD6, 0x40, 0x3F, 0xAB, 0xD5, 0x86, 0x1A, 0x68, 0x70, 0x64, 0xEA, 0x3F, 0xE0, 0x56, 0xCE,
    0x40, 0xC3, 0x1B, 0x0E, 0xA8, 0x14, 0xCE, 0x40, 0x17, 0x25, 0xDC, 0x03, 0xB1, 0xB3, 0x35, 0xD0,
    0xEA, 0x27, 0x1A, 0xBD, 0x39, 0x03, 0xFD, 0x82, 0xFA, 0xFD, 0x04, 0xD7, 0xCE, 0x99, 0x81, 0x9E,
    0x1E, 0x68, 0x70, 0xEC, 0x1B, 0xE8, 0xCA, 0x19, 0xE8, 0x0F, 0xE7, 0x1E, 0x67, 0xA0, 0xCB, 0x7B,
    0xF0, 0xD5, 0x8B, 0x60, 0x2C, 0x88, 0x81, 0xFE, 0xCE, 0xFD, 0xFC, 0x66, 0x1A, 0xE8, 0x67, 0x56,
    0x3D, 0xC3, 0xCA, 0x84, 0x0F, 0x17, 0x9F, 0xF3, 0xF4, 0x66, 0xF5, 0xFC, 0x3F, 0xF7, 0x5F, 0x32,
    0xFB, 0xA3, 0xFF, 0x92, 0xC9, 0x8B, 0xD5, 0x3E, 0xB7, 0xB1, 0x8A, 0xD2, 0x40, 0xFE, 0x99, 0x0D,
    0x0E, 0xE4, 0xAC, 0x63, 0x3C, 0x46, 0x43, 0x1D, 0xCB, 0x58, 0x88, 0x86, 0x3A, 0x36, 0x47, 0x68,
    0xE0, 0xF0, 0x65, 0x6E, 0x74, 0x6C, 0x09, 0xD0, 0x46, 0x8C, 0xD9, 0xB4, 0x8E, 0x91, 0xF8, 0xAC,
    0x34, 0x3A, 0xC6, 0xC3, 0x33, 0xD4, 0x31, 0x1B, 0x9D, 0x05, 0x18, 0x9D, 0x91, 0x08, 0xC0, 0xB8,
    0x8D, 0x59, 0xC7, 0x48, 0x6C, 0xA6, 0x75, 0xCC, 0x84, 0x66, 0xCA, 0x84, 0x66, 0x5A, 0xC7, 0x58,
    0x64, 0x36, 0xEB, 0x98, 0xB8, 0xD1, 0x20, 0xC0, 0x7B, 0xC3, 0xD0, 0xBB, 0x62, 0xD4, 0x1D, 0xFE,
    0xFE, 0xD9, 0x7F, 0xF3, 0xDE, 0x3E, 0xE3, 0x17, 0x94, 0x5E, 0xFB, 0x6B, 0xE9, 0x1A, 0x96, 0x1B,
    0x63, 0x75, 0x6E, 0x61, 0xB9, 0x06, 0x21, 0x6A, 0x81, 0xB7, 0x60, 0x60, 0x10, 0x84, 0x28, 0xD5,
    0x2D, 0xB0, 0x5C, 0x83, 0x10, 0x6D, 0x00, 0x0D, 0x2C, 0xD7, 0xDF, 0x81, 0xC7, 0x1D, 0x67, 0x58,
    0xAE, 0x41, 0x88, 0x76, 0x74, 0x06, 0x96, 0x6B, 0x10, 0x02, 0x03, 0x3A, 0xCD, 0xB0, 0x5C, 0x83,
    0x10, 0xB0, 0x46, 0xD3, 0x0C, 0xCB, 0x35, 0x08, 0x01, 0x5B, 0xDD, 0x59, 0x58, 0xFE, 0x3E, 0xD5,
    0x9E, 0x61, 0xFE, 0xFF, 0x5D, 0x0B, 0xCB, 0xB5, 0xA7, 0x7D, 0x14, 0x2C, 0xB0, 0x5C, 0x83, 0x10,
    0x80, 0x00, 0xA9, 0x85, 0xE5, 0xB7, 0x2E, 0x35, 0xA9, 0xD7, 0x33, 0x76, 0xD7, 0xB4, 0xDE, 0x71,
    0xD6, 0xD3, 0x5F, 0xCE, 0x2F, 0x9E, 0xD9, 0x22, 0x7D, 0x67, 0xA5, 0x5B, 0xFB, 0xE7, 0xF6, 0x89,
    0x83, 0x79, 0x62, 0x1C, 0xCC, 0xB1, 0x47, 0xBE, 0xD2, 0xA0, 0xB0, 0x1D, 0xFD, 0xAE, 0xE8, 0xD1,
    0xB4, 0x3A, 0xAB, 0x5B, 0x75, 0x05, 0x6F, 0x7E, 0xFF, 0xD0, 0x9D, 0x9E, 0x5A, 0x29, 0x9E, 0x99,
    0xCD, 0x01, 0xB9, 0x50, 0x56, 0xFA, 0x3D, 0xA9, 0xFF, 0xAB, 0xA0, 0xF4, 0x51, 0x59, 0xF8, 0xA1,
    0x8F, 0xC1, 0xA3, 0xBF, 0xF5, 0x1E, 0x5C, 0x0F, 0xFF, 0xD4, 0x9E, 0x68, 0xA8, 0x9B, 0x4F, 0x43,
    0xED, 0xF0, 0x3F, 0x9B, 0x9E, 0xFB, 0x9F, 0x70, 0xE0, 0xDF, 0xD3, 0x36, 0xFA, 0x9F, 0xA0, 0xFB,
    0x78, 0xFE, 0xE7, 0x73, 0x45, 0x0B, 0xE5, 0x6B, 0xE3, 0xB1, 0xB2, 0x1D, 0xED, 0xC5, 0xE7, 0xF8,
    0x7E, 0x5F, 0x88, 0xD7, 0x33, 0xFF, 0xD2, 0x72, 0xD5, 0xB3, 0x63, 0xF4, 0x4F, 0xC4, 0xD2, 0x8D,
    0xC3, 0x94, 0xBE, 0x2C, 0x63, 0xEF, 0xC9, 0xE2, 0xFA, 0xF0, 0xF7, 0xDF, 0x7B, 0xD6, 0xC3, 0x42,
    0xA3, 0xD7, 0xF6, 0xFC, 0x58, 0xFF, 0xE3, 0xCF, 0x1F, 0xB1, 0x75, 0xF1, 0x91, 0x89, 0xA3, 0x78,
    0x9B, 0x75, 0x57, 0x2A, 0x3E, 0xF6, 0x41, 0x09, 0x17, 0x0F, 0x40, 0x6E, 0xD4, 0xE8, 0x03, 0xC8,
    0xD4, 0x71, 0x19, 0x1A, 0x40, 0x3E, 0x6D, 0x68, 0x17, 0x0A, 0x20, 0xE3, 0x36, 0x54, 0xEF, 0xC9,
    0x9A, 0x01, 0xC8, 0x26, 0x56, 0xA8, 0xD0, 0x04, 0x40, 0xA6, 0x4D, 0xD6, 0x23, 0xF0, 0x22, 0x00,
    0x32, 0xAB, 0xC1, 0x8E, 0xC0, 0x59, 0x04, 0x40, 0xCA, 0x0F, 0x50, 0xAA, 0xB5, 0x07, 0x20, 0x1F,
    0x80, 0x68, 0x6A, 0x1F, 0x40, 0x82, 0xA0, 0x08, 0x80, 0x1C, 0xA4, 0xED, 0x5A, 0x00, 0x64, 0x83,
    0x44, 0xCC, 0x4F, 0xE1, 0x87, 0x14, 0x40, 0x7E, 0x45, 0x53, 0x31, 0xFB, 0x01, 0xA4, 0x58, 0x03,
    0x48, 0x66, 0x6C, 0x0D, 0x80, 0xE4, 0xC6, 0x50, 0x03, 0x48, 0xAE, 0xE3, 0x0F, 0xEE, 0x1F, 0x27,
    0x0C, 0x6B, 0xCE, 0x33, 0xE7, 0xE2, 0x7C, 0xE9, 0xAF, 0x7B, 0xC2, 0x66, 0xBF, 0x1E, 0x1D, 0x7D,
    0x04, 0x2B, 0x55, 0x20, 0x4C, 0x81, 0xD1, 0x04, 0xCA, 0x14, 0xA4, 0xDA, 0xD1, 0x5A, 0xA6, 0xC0,
    0xEA, 0x81, 0x65, 0x0A, 0x16, 0x35, 0x70, 0x4C, 0x41, 0x32, 0x6B, 0x81, 0x63, 0x0A, 0xD2, 0x7A,
    0x56, 0x02, 0xCB, 0x14, 0x58, 0x1D, 0xB0, 0x4C, 0x01, 0xAA, 0x40, 0x20, 0x6B, 0xCE, 0x14, 0x68,
    0x0D, 0xF0, 0x98, 0x02, 0x90, 0xB6, 0x63, 0x0A, 0x16, 0xF9, 0x3B, 0xA6, 0x60, 0x11, 0x3F, 0x65,
    0x0A, 0x8C, 0xF4, 0x6F, 0xE2, 0x72, 0x81, 0xBD, 0x7A, 0xE9, 0x45, 0xA4, 0xCB, 0x23, 0x6D, 0xA6,
    0x7D, 0x1D, 0xAB, 0x9F, 0x5C, 0xE1, 0xB0, 0x0C, 0x01, 0xF2, 0x9A, 0x94, 0x22, 0x88, 0x11, 0x18,
    0x50, 0x8E, 0x40, 0xA2, 0x66, 0x59, 0x92, 0xE0, 0x9F, 0xF4, 0x8C, 0x12, 0x8E, 0x25, 0xC8, 0xCA,
    0x58, 0xFD, 0xA7, 0xCA, 0x1D, 0x4D, 0x50, 0x94, 0xA0, 0x32, 0xAA, 0x74, 0x3C, 0x81, 0x04, 0xBF,
    0x0F, 0x22, 0x74, 0x44, 0x01, 0x58, 0xE1, 0x5C, 0xA8, 0xDC, 0x32, 0x05, 0x1B, 0xF5, 0x87, 0x09,
    0x4C, 0x85, 0xA0, 0x54, 0xC1, 0xF4, 0x00, 0x4F, 0xE4, 0x5C, 0xC1, 0x20, 0x1C, 0x59, 0xF0, 0x37,
    0x6D, 0xE8, 0x85, 0x63, 0x0B, 0xCA, 0x42, 0x19, 0xC5, 0x77, 0x74, 0x81, 0xA1, 0x32, 0x5D, 0x80,
    0xEF, 0x23, 0xE7, 0xB8, 0xBB, 0xA8, 0x63, 0x7B, 0xE5, 0x0E, 0x17, 0x7C, 0x6D, 0x7B, 0x6F, 0xA5,
    0xC4, 0x76, 0x2C, 0xA1, 0xD7, 0xB6, 0x3F, 0x43, 0x9B, 0xED, 0x22, 0xAF, 0x08, 0x20, 0x6A, 0x27,
    0x48, 0xE0, 0x15, 0x7D, 0x34, 0x87, 0x06, 0x4B, 0xDC, 0x85, 0x86, 0x75, 0x12, 0x24, 0xEC, 0x8A,
    0xD4, 0x88, 0xC3, 0xEB, 0xA2, 0xAE, 0x48, 0x35, 0xC2, 0xAE, 0x8D, 0x60, 0xD0, 0x05, 0xB1, 0xB9,
    0x5B, 0x19, 0xC1, 0x79, 0x1C, 0x21, 0x89, 0x2C, 0x48, 0xC8, 0x05, 0x12, 0xBC, 0xE7, 0x56, 0x45,
    0x96, 0xC9, 0xEC, 0xD6, 0x44, 0xBC, 0x15, 0x91, 0x0F, 0x6D, 0x47, 0xEE, 0xC2, 0x2D, 0x68, 0xBD,
    0xE5, 0x56, 0x43, 0x5C, 0xB4, 0xB5, 0x9A, 0xB0, 0xAB, 0x39, 0xBD, 0x3A, 0x63, 0x35, 0xA3, 0x57,
    0x81, 0xD6, 0x2A, 0xCE, 0x5A, 0x85, 0x59, 0xAB, 0x28, 0x6B, 0x1D, 0x64, 0xAD, 0x63, 0xAC, 0xBD,
    0x21, 0xD6, 0x1D, 0x2F, 0x5E, 0xE3, 0xDF, 0x3E, 0xE6, 0xA6, 0x0B, 0xAC, 0x70, 0xDD, 0x4B, 0xB8,
    0xB8, 0x4A, 0x6D, 0x41, 0x24, 0x2E, 0xAC, 0x02, 0xB0, 0x0C, 0xB6, 0xDD, 0x46, 0x55, 0xCA, 0x2E,
    0xBA, 0xE8, 0xA0, 0x0A, 0x5E, 0xB6, 0xA8, 0x5D, 0x4C, 0x85, 0x34, 0x5F, 0xE3, 0x42, 0x2A, 0x54,
    0xA6, 0xC6, 0x45, 0x54, 0xF0, 0xF3, 0x79, 0xB1, 0x05, 0x03, 0xAA, 0x8D, 0xCA, 0xBF, 0x6A, 0x97,
    0x5A, 0xE6, 0x78, 0xAA, 0x64, 0xE1, 0xD4, 0x24, 0x5C, 0x34, 0xA5, 0xA7, 0xA7, 0x0B, 0xA6, 0x14,
    0xAE, 0x96, 0xED, 0x8B, 0xA5, 0x82, 0x6F, 0x73, 0x9F, 0x3D, 0x3C, 0xA9, 0xE6, 0x06, 0xA7, 0xE4,
    0x02, 0x6E, 0x43, 0xC0, 0x8B, 0x83, 0xB0, 0xD8, 0x36, 0x1C, 0xB5, 0xE1, 0x5B, 0xA0, 0xAD, 0x06,
    0x16, 0xB9, 0x45, 0xB6, 0xD0, 0x7C, 0x41, 0x95, 0x16, 0xD8, 0xC2, 0x5B, 0x83, 0x42, 0x5B, 0x5C,
    0x8B, 0xD7, 0x2D, 0x4A, 0x0B, 0x6B, 0x43, 0xFC, 0x61, 0x69, 0x51, 0x6D, 0x34, 0x8A, 0xE7, 0xAC,
    0xF5, 0x93, 0x76, 0x24, 0x69, 0x94, 0x2A, 0x1C, 0xA4, 0xC5, 0xE0, 0x48, 0x38, 0x44, 0x3B, 0x63,
    0x99, 0x7D, 0x80, 0xF6, 0x8E, 0xDF, 0xA1, 0x1E, 0x4B, 0x47, 0x7E, 0xE9, 0x0E, 0x99, 0x17, 0x8E,
    0x99, 0xC0, 0xD0, 0x54, 0x7E, 0x8B, 0x00, 0x35, 0x8C, 0x4C, 0xA5, 0x24, 0x60, 0x0E, 0x3F, 0x4A,
    0xE5, 0xD8, 0xAA, 0x0D, 0x9A, 0x46, 0xA9, 0x31, 0xC8, 0x3C, 0xD3, 0x07, 0xF0, 0xD3, 0x72, 0x42,
    0x6F, 0x6D, 0x40, 0xAC, 0x8E, 0x4A, 0x61, 0xA2, 0x80, 0xB3, 0x36, 0x10, 0x16, 0x82, 0xD2, 0x51,
    0x43, 0xD5, 0x05, 0xC0, 0x9A, 0xB5, 0xB4, 0xF2, 0x4C, 0x39, 0xF8, 0xBA, 0x84, 0xA4, 0x16, 0xBC,
    0x7A, 0xD0, 0x75, 0x4A, 0x69, 0x07, 0xE8, 0x46, 0x8F, 0xF1, 0x28, 0x28, 0xF7, 0xC6, 0xC1, 0xD6,
    0x6F, 0xEF, 0x65, 0x3D, 0x57, 0x90, 0x75, 0x05, 0x58, 0xD7, 0x70, 0x75, 0x05, 0x56, 0x8F, 0x86,
    0xAA, 0x07, 0x58, 0xCE, 0x15, 0xC7, 0xB9, 0x62, 0x38, 0x57, 0xFC, 0xE6, 0x01, 0x76, 0xD3, 0x80,
    0xD1, 0x05, 0x9E, 0x46, 0x26, 0x26, 0x59, 0xB0, 0xA9, 0x81, 0xA1, 0x16, 0x98, 0x16, 0x3A, 0x3C,
    0xB1, 0xA8, 0x14, 0x90, 0x20, 0x85, 0xA4, 0xAA, 0xD2, 0x82, 0x58, 0xF0, 0x28, 0xAE, 0x1A, 0x51,
    0x30, 0x3A, 0x2E, 0xFC, 0x82, 0x46, 0xA2, 0x5B, 0xBC, 0x9E, 0x83, 0xA1, 0x11, 0x4E, 0x56, 0xBE,
    0x5A, 0x25, 0x38, 0x00, 0x2D, 0x1D, 0xFA, 0x44, 0xB2, 0xA7, 0x74, 0xD0, 0x73, 0xCA, 0xEF, 0xC1,
    0x5D, 0xF8, 0x0A, 0x95, 0xE7, 0xA0, 0x8C, 0x7B, 0x0A, 0xB8, 0x73, 0xB2, 0xC1, 0xB6, 0x41, 0x96,
    0x96, 0xA6, 0x9E, 0x9B, 0x35, 0x43, 0x70, 0x96, 0x9E, 0xF6, 0x20, 0xA6, 0x87, 0x2F, 0x3D, 0x70,
    0xE9, 0x21, 0xCB, 0xFD, 0xB0, 0x52, 0x2F, 0x50, 0x2F, 0xCF, 0x67, 0x16, 0xA7, 0x17, 0xD6, 0xA7,
    0x50, 0xA3, 0x63, 0x7C, 0x02, 0xAD, 0x61, 0x0B, 0xDB, 0x13, 0x8E, 0x81, 0x72, 0x4C, 0x0F, 0xD8,
    0x27, 0xE5, 0x58, 0x9E, 0x40, 0xFD, 0x76, 0x22, 0x0C, 0x8F, 0xFC, 0xBF, 0x91, 0xB0, 0x3B, 0x29,
    0xDC, 0xC1, 0x31, 0x3B, 0x89, 0x91, 0xAF, 0x63, 0x75, 0x46, 0xCE, 0xE8, 0x38, 0x36, 0x07, 0xBF,
    0x77, 0x4C, 0xCE, 0xA3, 0x40, 0x8E, 0x9C, 0xC5, 0xE1, 0xC3, 0xCE, 0x41, 0x01, 0x47, 0x04, 0xD9,
    0xA1, 0x56, 0xBD, 0x1F, 0xD3, 0xF3, 0xF1, 0xE6, 0xC3, 0xCD, 0x47, 0x7B, 0xEF, 0x60, 0xDF, 0x61,
    0xF8, 0xA1, 0xA2, 0xB3, 0xB5, 0xB4, 0xFE, 0x63, 0x83, 0xAA, 0x6E, 0xBD, 0x87, 0xFA, 0x4B, 0x6E,
    0x7D, 0x47, 0x64, 0xD8, 0x35, 0xE3, 0x39, 0x60, 0x2C, 0x85, 0xF5, 0x1B, 0xD8, 0xB0, 0x5E, 0x03,
    0xFE, 0x7B, 0xD6, 0xFA, 0x8C, 0x8D, 0xFA, 0xA6, 0xE3, 0x41, 0xE0, 0xC7, 0x03, 0xF5, 0x17, 0x23,
    0x73, 0x16, 0xC4, 0x57, 0x4C, 0xB9, 0xF3, 0x14, 0xD3, 0xF9, 0x7E, 0x3F, 0x71, 0x97, 0x8D, 0xF3,
    0xD6, 0xAD, 0x13, 0x18, 0xF5, 0x99, 0x88, 0x5D, 0x0E, 0x88, 0x85, 0x02, 0x05, 0xDA, 0x4C, 0x16,
    0x07, 0x6D, 0x74, 0x4A, 0x8F, 0xF5, 0x0E, 0xDA, 0x22, 0xA3, 0x0A, 0x11, 0x7B, 0x5C, 0xA0, 0x0E,
    0x39, 0x6B, 0x9C, 0x80, 0x16, 0x3A, 0x5B, 0x9C, 0x63, 0xEC, 0xC1, 0x2D, 0xF1, 0xE8, 0xD9, 0x61,
    0x6A, 0x85, 0xFF, 0xAA, 0x9B, 0x8B, 0x0D, 0x7E, 0x24, 0xE4, 0xE8, 0x59, 0x60, 0xCF, 0xFE, 0x7A,
    0xD6, 0xD7, 0xB3, 0xBD, 0xBE, 0xE5, 0xF5, 0xEC, 0xEE, 0x91, 0x56, 0xF7, 0xF5, 0x03, 0x4E, 0x8F,
    0xB7, 0x5E, 0xBF, 0x6A, 0xE0, 0x76, 0x9A, 0xE6, 0x9F, 0xD8, 0x34, 0x3F, 0x2C, 0x5D, 0x1F, 0xD3,
    0x78, 0xCD, 0xAB, 0x0A, 0xF8, 0x34, 0x1D, 0xAF, 0x6F, 0x3A, 0xEE, 0x84, 0x3F, 0x1E, 0xF8, 0xF1,
    0xA0, 0x8F, 0x07, 0x7C, 0x2E, 0x58, 0xD4, 0x3D, 0xE9, 0xC6, 0x67, 0x57, 0x37, 0x32, 0xCE, 0xE9,
    0x5A, 0x11, 0x19, 0x16, 0x48, 0xF2, 0xE6, 0xD7, 0x85, 0x4F, 0xE5, 0x1E, 0x7F, 0xC8, 0x92, 0xE3,
    0xE3, 0x96, 0xE2, 0xE3, 0x44, 0x0D, 0x94, 0xB8, 0xCD, 0x6C, 0x0E, 0xA1, 0xC6, 0xC7, 0xF2, 0x77,
    0x4B, 0x02, 0xA1, 0xC6, 0xC7, 0x32, 0x57, 0x82, 0xE0, 0x63, 0xDD, 0x74, 0xF8, 0x58, 0xFE, 0x84,
    0xE1, 0xE3, 0xEC, 0xDD, 0x91, 0xE2, 0xE3, 0x74, 0x85, 0x8F, 0x47, 0x0F, 0x1F, 0x0B, 0x82, 0x8F,
    0xB1, 0x49, 0xF0, 0xF1, 0x0B, 0x72, 0x3C, 0x0A, 0x1F, 0xEF, 0x23, 0x6F, 0xB2, 0xC3, 0xCD, 0xFA,
    0x10, 0x05, 0x7B, 0x4D, 0xF8, 0x98, 0x1E, 0x9B, 0x6E, 0x1F, 0x0B, 0xC0, 0x1A, 0xCB, 0x69, 0x49,
    0xB9, 0xEF, 0x61, 0x59, 0x43, 0x9F, 0xB6, 0x79, 0xC4, 0xB0, 0x21, 0xF9, 0x65, 0x41, 0x53, 0x2D,
    0x94, 0xD1, 0x02, 0xCD, 0xC3, 0x6E, 0x54, 0xE2, 0xD2, 0xB4, 0xC2, 0x61, 0xEB, 0x72, 0xB4, 0xC2,
    0x21, 0xEA, 0x2D, 0xF7, 0x1A, 0x4E, 0xAF, 0xBA, 0xEC, 0x2C, 0x98, 0x03, 0x83, 0xE5, 0x5C, 0x61,
    0x36, 0x0F, 0x8E, 0x6F, 0x05, 0xEC, 0xE7, 0xB8, 0xD6, 0xDB, 0xBF, 0xEA, 0x2D, 0xCF, 0x8A, 0x53,
    0x8C, 0x72, 0xAC, 0x0D, 0xE5, 0x57, 0x2B, 0xC7, 0xAD, 0xC2, 0xCF, 0x1C, 0xAF, 0xAA, 0xDE, 0x14,
    0xFB, 0x52, 0xB0, 0xBA, 0xE7, 0xD9, 0x98, 0x0E, 0x92, 0x93, 0x29, 0xAC, 0x19, 0xF4, 0x17, 0xDA,
    0x3C, 0x2F, 0xBD, 0x9C, 0x24, 0xAB, 0x60, 0x5C, 0x45, 0x32, 0x55, 0xD4, 0x48, 0xC9, 0xD2, 0x10,
    0x47, 0xCD, 0x51, 0xA5, 0x5B, 0x63, 0x29, 0x16, 0xA2, 0x34, 0xEE, 0x75, 0x26, 0xCB, 0x42, 0x93,
    0x26, 0x2D, 0xA6, 0x13, 0x5B, 0x92, 0x34, 0x69, 0xD2, 0x9A, 0x50, 0xA4, 0xB1, 0x0E, 0xEA, 0x2D,
    0x41, 0x1A, 0xF7, 0x70, 0x29, 0x47, 0x8F, 0xEA, 0x1B, 0x71, 0x72, 0xB4, 0xE4, 0xD4, 0x68, 0xCD,
    0x89, 0xD1, 0x9A, 0xD0, 0xA2, 0x0F, 0xEF, 0xA9, 0xCA, 0x23, 0x45, 0xBD, 0x19, 0x73, 0xB9, 0xF9,
    0xD4, 0x1C, 0x22, 0x42, 0x3D, 0x1A, 0xD4, 0x23, 0x41, 0x7D, 0x0A, 0xD4, 0x27, 0x40, 0xF7, 0xD0,
    0x9F, 0x49, 0x44, 0x1F, 0x21, 0x7B, 0xA7, 0xDD, 0xDB, 0x4A, 0xBF, 0x55, 0x5F, 0xC9, 0xB3, 0x99,
    0x05, 0x8E, 0xC0, 0x3E, 0x56, 0xCD, 0xB0, 0x6D, 0x4B, 0x92, 0x16, 0x74, 0xBD, 0xC0, 0x82, 0x6D,
    0x03, 0xF5, 0xE2, 0x40, 0xB0, 0xED, 0x04, 0x53, 0xD8, 0x62, 0x5B, 0xCC, 0x57, 0x74, 0xD8, 0x36,
    0xC0, 0xEF, 0x48, 0x62, 0xF5, 0x77, 0x29, 0xB6, 0x2D, 0x5C, 0xB2, 0xAB, 0x71, 0x68, 0x3D, 0xC3,
    0xB6, 0x03, 0xC1, 0xB6, 0x18, 0x7D, 0x59, 0x6C, 0xFB, 0xD1, 0x99, 0xEA, 0x3F, 0x7B, 0xD8, 0xF6,
    0x2B, 0xF9, 0xBE, 0x1B, 0x7F, 0xFC, 0xC6, 0xCA, 0x40, 0x2E, 0xAE, 0x2F, 0xAB, 0x89, 0xE3, 0xCB,
    0x6A, 0xEA, 0xF6, 0x6A, 0xE2, 0xF4, 0x70, 0x4E, 0x5A, 0x97, 0x97, 0xD2, 0x05, 0x4A, 0xBE, 0x36,
    0x49, 0x97, 0x25, 0x31, 0x27, 0x85, 0xE4, 0x2E, 0x33, 0x47, 0xD7, 0x52, 0x37, 0xD7, 0x3B, 0x27,
    0x37, 0xA2, 0xE0, 0x16, 0x17, 0xF7, 0x30, 0xE5, 0x29, 0xCA, 0x4C, 0x88, 0x4C, 0x86, 0xC5, 0x15,
    0x86, 0x81, 0x89, 0x8F, 0x49, 0x8F, 0x09, 0x8F, 0xC9, 0xEE, 0x28, 0xD1, 0x1D, 0x56, 0xA1, 0xA3,
    0xD5, 0xEB, 0xA8, 0x96, 0x93, 0xA1, 0xCD, 0x41, 0x48, 0x6B, 0x9A, 0x7E, 0x60, 0x5B, 0xE9, 0x22,
    0x46, 0x97, 0x74, 0x40, 0x46, 0xC0, 0x08, 0x92, 0xA5, 0x1A, 0xD0, 0x2C, 0x03, 0x9D, 0x5E, 0xE4,
    0x32, 0x54, 0x7B, 0x9E, 0x5B, 0xD0, 0xB2, 0xB4, 0x82, 0x9E, 0x64, 0x14, 0x8C, 0xBA, 0xE5, 0xB2,
    0x51, 0xBD, 0x44, 0x54, 0x0E, 0x31, 0x39, 0xC2, 0xE4, 0x00, 0xD3, 0xC3, 0x97, 0x1C, 0x5E, 0x5E,
    0x22, 0xF2, 0x60, 0x61, 0x07, 0x8F, 0x3A, 0x78, 0xD0, 0xC1, 0x63, 0x8E, 0x7D, 0x21, 0xC7, 0x49,
    0xEE, 0x9F, 0x42, 0xB9, 0x53, 0xA1, 0x50, 0xC3, 0x70, 0xCC, 0xE7, 0xEC, 0xA8, 0xCF, 0xAE, 0xE8,
    0x0A, 0xDC, 0x96, 0xAD, 0xB7, 0xC2, 0x52, 0xA2, 0xA5, 0xD4, 0x4A, 0x7F, 0x9E, 0xAB, 0xAC, 0x32,
    0x52, 0x60, 0x85, 0xD7, 0x59, 0x6A, 0xAB, 0x58, 0x59, 0x15, 0xAD, 0xA8, 0x22, 0xC5, 0x54, 0x05,
    0xAD, 0xA3, 0xAA, 0x48, 0x09, 0x55, 0xE9, 0xAA, 0xA7, 0x14, 0x29, 0x9C, 0xEA, 0x0E, 0xE9, 0xBE,
    0xF3, 0xE4, 0x3A, 0xBC, 0x4A, 0x2A, 0xB7, 0x3A, 0x3E, 0x2B, 0x88, 0xAE, 0x8F, 0x4D, 0x4D, 0xBF,
    0xAE, 0x8D, 0xDD, 0xE6, 0x87, 0x96, 0x05, 0xC3, 0xF1, 0xD8, 0xD6, 0xE6, 0x50, 0x6B, 0xA2, 0x40,
    0x73, 0x33, 0x51, 0x9C, 0x69, 0x5A, 0x4B, 0xF5, 0xE2, 0x66, 0xA2, 0x85, 0x8B, 0xD8, 0x72, 0x35,
    0x8B, 0x26, 0x43, 0x7B, 0x29, 0x57, 0x0C, 0x96, 0x95, 0x78, 0x5D, 0xA9, 0x18, 0xD8, 0x65, 0x78,
    0x2C, 0x52, 0xF4, 0xEA, 0x13, 0x59, 0x69, 0x22, 0xAF, 0x4A, 0x0C, 0xE1, 0x1C, 0x56, 0x90, 0x98,
    0xB3, 0x5A, 0xC4, 0x8A, 0x94, 0x21, 0xBE, 0x8F, 0xEB, 0x24, 0xDB, 0xDA, 0x54, 0x20, 0x62, 0x36,
    0x85, 0xC9, 0xA6, 0x76, 0xDE, 0x8A, 0xB6, 0x64, 0xB9, 0xC5, 0xC1, 0x7D, 0x86, 0x79, 0xB2, 0xDF,
    0x30, 0x6D, 0x54, 0x0C, 0x54, 0x4E, 0x0C, 0x53, 0x7E, 0x7F, 0x17, 0xA4, 0xE4, 0x88, 0xD2, 0x03,
    0x94, 0x1E, 0x9E, 0xDC, 0x0D, 0x27, 0x77, 0xE2, 0x0F, 0xAD, 0x29, 0x4B, 0x43, 0xC7, 0xDD, 0x3B,
    0x1B, 0x3A, 0x04, 0x3F, 0xE1, 0x8F, 0x27, 0x84, 0x3F, 0xEE, 0xAC, 0x17, 0x82, 0x75, 0xE0, 0xAB,
    0xC8, 0x6D, 0x77, 0x7C, 0xA6, 0xE7, 0xAC, 0x16, 0x91, 0x77, 0x7C, 0xD6, 0x09, 0x4A, 0x8A, 0xE4,
    0x26, 0x29, 0x92, 0x96, 0xA4, 0x72, 0x97, 0x91, 0x34, 0x2F, 0xC2, 0xEB, 0x64, 0x24, 0x9A, 0x87,
    0xA4, 0x72, 0x9A, 0x82, 0x44, 0xB2, 0x8F, 0x72, 0x52, 0xA2, 0x94, 0x93, 0x78, 0x98, 0xA6, 0x1B,
    0x91, 0x4C, 0xA3, 0x81, 0x04, 0xC3, 0xF5, 0x9E, 0x58, 0x98, 0xA7, 0x16, 0xF1, 0x9C, 0x20, 0xAF,
    0xD5, 0x5F, 0xA6, 0xE5, 0x2C, 0x55, 0xD4, 0x53, 0x4B, 0x65, 0x5A, 0x4B, 0x40, 0x8C, 0x2D, 0x92,
    0x3C, 0x34, 0xB0, 0xCC, 0x21, 0x9E, 0x36, 0x34, 0xB0, 0x9C, 0xA1, 0x81, 0x25, 0x0C, 0x0D, 0x2C,
    0x5B, 0x68, 0x60, 0xA9, 0x42, 0x83, 0x60, 0xA5, 0x19, 0x3C, 0x49, 0x68, 0xE4, 0x19, 0x42, 0x82,
    0x95, 0x63, 0x08, 0x5A, 0x8A, 0xE1, 0x27, 0x06, 0xF1, 0xD8, 0xE8, 0x12, 0x71, 0x53, 0xB3, 0x3F,
    0xFA, 0xBD, 0x6E, 0x4B, 0x75, 0xE7, 0x78, 0x9D, 0xBD, 0xE2, 0x67, 0x9A, 0xD9, 0x43, 0xD2, 0x7A,
    0x68, 0x4E, 0x4F, 0x4E, 0x12, 0x7A, 0x72, 0x92, 0xCD, 0x93, 0x93, 0x54, 0x9E, 0xDC, 0xE5, 0xF1,
    0xA0, 0x85, 0xB2, 0x49, 0x3C, 0x39, 0x29, 0x89, 0xC8, 0x49, 0xFA, 0x8E, 0x20, 0xB9, 0x3B, 0x24,
    0x71, 0x67, 0x20, 0x59, 0x3B, 0x35, 0x4B, 0xD9, 0xE1, 0xE5, 0xDF, 0xA4, 0xF6, 0x3B, 0xED, 0x68,
    0xE1, 0xB7, 0xD2, 0xAA, 0x31, 0xE3, 0x11, 0x24, 0x4D, 0x1C, 0x22, 0x31, 0xE4, 0xCC, 0x82, 0x49,
    0xE2, 0xAE, 0xA0, 0xA8, 0xA4, 0x4D, 0x1B, 0x87, 0x4B, 0x8A, 0x1A, 0x90, 0xA1, 0x45, 0x26, 0x80,
    0xEA, 0x1A, 0x56, 0x85, 0x5A, 0xB3, 0x02, 0xEF, 0xCA, 0xE1, 0x93, 0x89, 0x21, 0x94, 0x26, 0xED,
    0x2F, 0xC2, 0xE8, 0x6C, 0x29, 0xA0, 0x3D, 0x30, 0x71, 0xD9, 0x77, 0xAB, 0xBD, 0x3C, 0x5C, 0x42,
    0x25, 0xC9, 0xA6, 0x94, 0x35, 0xB1, 0x59, 0xBA, 0x80, 0xCA, 0x5A, 0xAD, 0x58, 0x4D, 0x24, 0x89,
    0x12, 0x1E, 0x5E, 0x90, 0x42, 0xCB, 0x86, 0xD9, 0xAE, 0xAA, 0xA0, 0xB9, 0x93, 0x48, 0x5E, 0x2C,
    0xF6, 0x2B, 0xD4, 0x45, 0x11, 0xB4, 0xC0, 0x32, 0x67, 0x29, 0x93, 0x82, 0x16, 0x57, 0x8E, 0x34,
    0x59, 0xF2, 0x5E, 0xB3, 0xD3, 0x92, 0xF9, 0xB5, 0x8A, 0x26, 0xCF, 0x3C, 0xED, 0x04, 0x45, 0xFB,
    0xC2, 0x25, 0x9D, 0x6B, 0xBC, 0x1F, 0xDA, 0xEA, 0xD2, 0xB9, 0x3E, 0x91, 0x72, 0xF5, 0x98, 0x5B,
    0x8E, 0x62, 0x26, 0xA8, 0x3F, 0x43, 0x9A, 0x8C, 0xE0, 0xFE, 0xA2, 0x8E, 0x3B, 0x8A, 0xFC, 0x55,
    0x17, 0x8F, 0x1C, 0xFB, 0xBF, 0xAD, 0xEB, 0x0C, 0x69, 0x32, 0xF9, 0x40, 0xF0, 0x3F, 0x38, 0x50,
    0xDD, 0x76, 0x69, 0xE4, 0x53, 0xD2, 0xD1, 0x18, 0x00, 0x71, 0xA4, 0x9F, 0x8B, 0xE3, 0xA7, 0xE2,
    0xF8, 0x99, 0x38, 0xAB, 0x44, 0x1C, 0x3F, 0x0F, 0xE7, 0xD2, 0x69, 0x38, 0x5E, 0x0E, 0x8E, 0x9F,
    0x82, 0xE3, 0x67, 0xE0, 0xF8, 0x09, 0x38, 0x5E, 0x54, 0x78, 0x13, 0xE7, 0x22, 0x4B, 0xB0, 0x31,
    0xEF, 0xC5, 0xAC, 0x7E, 0xCA, 0x19, 0x31, 0xF6, 0x1D, 0x8B, 0x1D, 0x6E, 0xC4, 0x5C, 0x14, 0x07,
    0xD6, 0x35, 0x78, 0x19, 0x81, 0x64, 0x46, 0xAC, 0x60, 0xAD, 0xE7, 0xF7, 0x5F, 0x32, 0x6A, 0x0E,
    0x90, 0x88, 0xED, 0xFE, 0x33, 0x8F, 0x3A, 0x4E, 0xBE, 0xE2, 0x80, 0xAF, 0xF0, 0x88, 0xF5, 0xF2,
    0x58, 0x46, 0x86, 0x9F, 0x79, 0x89, 0x25, 0xE3, 0x9B, 0x34, 0x1F, 0x36, 0xBD, 0xD8, 0xB7, 0x5E,
    0xE7, 0xB5, 0x82, 0xEE, 0x6A, 0xC3, 0x75, 0xB2, 0xAD, 0x07, 0x6C, 0xEB, 0x2E, 0x43, 0x92, 0xEF,
    0x5F, 0x7F, 0xC8, 0x06, 0x9A, 0xB9, 0x8E, 0xF5, 0xB4, 0x0E, 0xE1, 0x22, 0xBA, 0x20, 0x18, 0x17,
    0x74, 0xD0, 0xA2, 0xDC, 0x60, 0xCA, 0x26, 0x61, 0x71, 0xEE, 0x66, 0xD0, 0x0B, 0xA9, 0x33, 0xD2,
    0xC5, 0x56, 0x63, 0xB1, 0xEE, 0x66, 0xCC, 0xDE, 0xE9, 0x2C, 0xDA, 0x0D, 0x94, 0x7C, 0xA3, 0xB7,
    0x78, 0x17, 0xAE, 0x19, 0x0E, 0x34, 0x61, 0xFD, 0x6D, 0x5E, 0xFE, 0xDB, 0xB3, 0x74, 0xF5, 0xD6,
    0xE1, 0xDE, 0x87, 0xF7, 0xEC, 0xC2, 0xED, 0x6B, 0x9F, 0xA8, 0x2D, 0xD0, 0xC7, 0x3F, 0x70, 0x5B,
    0xCF, 0x63, 0x24, 0x76, 0x39, 0x5D, 0xCB, 0x68, 0x8B, 0x31, 0x35, 0xCB, 0xE4, 0x12, 0x0E, 0x75,
    0x3C, 0xB8, 0x64, 0x1C, 0xF6, 0x66, 0xB1, 0xCC, 0xA4, 0x1C, 0x6E, 0xDB, 0x42, 0xB9, 0x9C, 0x43,
    0x6C, 0xB9, 0x54, 0xF5, 0xA8, 0x93, 0x59, 0xED, 0x32, 0xD5, 0x27, 0x95, 0xB4, 0xA4, 0xFC, 0x72,
    0x8C, 0x5B, 0x92, 0x77, 0x38, 0xC9, 0x76, 0x5F, 0xE1, 0xA5, 0x62, 0x65, 0x97, 0xE7, 0x72, 0x12,
    0xC7, 0x14, 0x5D, 0x0E, 0xFE, 0x62, 0xE0, 0xFA, 0xF3, 0x51, 0x45, 0x4F, 0xB7, 0x9D, 0xDD, 0x0B,
    0x8E, 0xE1, 0x10, 0x20, 0xF2, 0xB4, 0xF6, 0xAE, 0xA8, 0xE8, 0x96, 0x27, 0x74, 0xBB, 0x13, 0x67,
    0xE9, 0x88, 0x9D, 0xC3, 0x32, 0x64, 0x67, 0xE5, 0xCA, 0xDD, 0x1C, 0x02, 0xB5, 0x6F, 0xC7, 0x78,
    0x7B, 0xE1, 0x57, 0x89, 0x1F, 0xA2, 0x14, 0xEC, 0x99, 0x1C, 0xBD, 0x67, 0x2C, 0xD3, 0xDC, 0xED,
    0x2F, 0x62, 0x71, 0x7B, 0xF4, 0x90, 0xA2, 0x76, 0xB2, 0x37, 0x4D, 0xA2, 0xF7, 0x18, 0x61, 0x7B,
    0x89, 0x50, 0xBC, 0xCE, 0xD1, 0x7A, 0xE6, 0x61, 0xF5, 0x91, 0x23, 0x75, 0xBA, 0x65, 0x48, 0xA1,
    0x28, 0x4F, 0x9F, 0x8C, 0x4F, 0x6C, 0x7D, 0x86, 0xCD, 0x57, 0x56, 0xF4, 0xC5, 0x1A, 0x9A, 0x67,
    0x64, 0xFB, 0x33, 0xD1, 0xAD, 0x99, 0xD8, 0xAE, 0x4C, 0x96, 0x3B, 0xC4, 0x41, 0x25, 0x7B, 0x31,
    0x11, 0xEE, 0x10, 0x0C, 0x01, 0xDD, 0x81, 0x89, 0x6D, 0xBE, 0x44, 0xB9, 0xC3, 0x81, 0x71, 0x87,
    0x23, 0x4B, 0xD1, 0x21, 0x1B, 0x2D, 0x49, 0x45, 0xF6, 0x58, 0x4A, 0xC6, 0x8B, 0xB8, 0xC3, 0x80,
    0xD2, 0x28, 0x73, 0xDA, 0x3A, 0x4B, 0x5A, 0x67, 0x29, 0xEB, 0x2C, 0x61, 0xFD, 0x3A, 0xD7, 0x2E,
    0x4F, 0x73, 0x7D, 0x2F, 0xAA, 0xCF, 0xF6, 0x20, 0x7A, 0x8A, 0xE7, 0x9F, 0x3F, 0xD9, 0x8C, 0x8B,
    0x6D, 0x46, 0xC0, 0x6C, 0xC6, 0xAC, 0xEB, 0xDE, 0x46, 0x42, 0x7C, 0x0F, 0xA1, 0xE3, 0xB6, 0x0F,
    0xE2, 0x3B, 0x2B, 0xF0, 0x84, 0x0C, 0xDE, 0xF2, 0xF7, 0x60, 0xB0, 0x32, 0x18, 0xF9, 0x60, 0x53,
    0x10, 0xA1, 0x9F, 0x75, 0x71, 0x8E, 0xBA, 0xBA, 0xC9, 0x56, 0x93, 0xE8, 0xEC, 0xCC, 0xB4, 0xA6,
    0xC9, 0x99, 0x30, 0x0C, 0x24, 0x37, 0x13, 0x5A, 0x24, 0x35, 0x53, 0x7A, 0x99, 0x99, 0x1D, 0x4B,
    0xCC, 0x1C, 0x48, 0x5E, 0xE6, 0xA3, 0x85, 0x37, 0xD1, 0x69, 0x99, 0x75, 0xD1, 0xF1, 0xAC, 0xCC,
    0xCF, 0xFC, 0x8A, 0xF9, 0x49, 0x7E, 0x8F, 0x41, 0x7E, 0x2C, 0x8A, 0xA0, 0xFB, 0xCA, 0xB0, 0x2D,
    0x65, 0xEC, 0x6E, 0x32, 0xDB, 0x37, 0xC9, 0x46, 0x32, 0x71, 0x4B, 0xF6, 0x90, 0x89, 0x5B, 0x52,
    0x75, 0x90, 0xB4, 0x24, 0x31, 0x2B, 0x6B, 0x49, 0x5E, 0x96, 0xEC, 0x59, 0x5A, 0xD6, 0x40, 0xB3,
    0xB2, 0x26, 0x97, 0x94, 0x35, 0xC8, 0xC9, 0xE5, 0x64, 0x35, 0xC9, 0xC0, 0x52, 0xB2, 0xF6, 0x2C,
    0xA6, 0x81, 0xBA, 0xD9, 0x75, 0x85, 0xB0, 0x1D, 0xDC, 0xFA, 0x19, 0x2A, 0x9B, 0x6B, 0x74, 0xA3,
    0x8B, 0xC3, 0x51, 0xD5, 0xAE, 0xD1, 0x21, 0xDE, 0x26, 0xE3, 0xAA, 0x28, 0x94, 0xCF, 0xDD, 0x9E,
    0x2A, 0xF0, 0xF0, 0x76, 0x3F, 0x95, 0xA2, 0x72, 0x7B, 0xA9, 0xCC, 0xCE, 0x4B, 0xEF, 0xA3, 0x32,
    0x3B, 0x2F, 0xBD, 0x87, 0xCA, 0xEC, 0xBC, 0x10, 0xBE, 0x2F, 0xCE, 0x4B, 0xD7, 0x0C, 0x59, 0xE7,
    0x25, 0x89, 0xF3, 0x72, 0xA1, 0x78, 0x6F, 0x52, 0x82, 0x1D, 0x68, 0x6F, 0x2E, 0x86, 0xEC, 0x4F,
    0x11, 0x65, 0xC8, 0xC8, 0xAC, 0x29, 0x7E, 0xE5, 0xDE, 0xBD, 0xF8, 0xAE, 0x8B, 0x79, 0x6E, 0x9D,
    0x95, 0xD7, 0xE4, 0xB7, 0x2E, 0x79, 0xDC, 0x50, 0x68, 0x1C, 0xB0, 0x89, 0x1C, 0x57, 0x74, 0x22,
    0xA3, 0xF9, 0x71, 0x13, 0x19, 0x5D, 0x9D, 0x9B, 0xC8, 0x17, 0xEE, 0x94, 0x77, 0xCD, 0x86, 0xF8,
    0x1F, 0xF9, 0x0D, 0xB3, 0x9F, 0x33, 0x73, 0x5B, 0xF0, 0x66, 0xBA, 0xAD, 0x77, 0x2F, 0x47, 0x70,
    0xB1, 0x79, 0x72, 0x33, 0x82, 0xDB, 0xFC, 0xAF, 0xA0, 0x92, 0x0B, 0xD9, 0x62, 0x9F, 0x6E, 0x12,
    0xD9, 0xE1, 0xAA, 0x26, 0x15, 0xDE, 0x20, 0xA8, 0xF4, 0xD2, 0x49, 0x78, 0xBB, 0xDA, 0x08, 0x2E,
    0xBF, 0x92, 0x08, 0x50, 0xA5, 0xBA, 0x69, 0x25, 0x18, 0x29, 0xE1, 0x6D, 0x83, 0xB8, 0xBB, 0xC2,
    0x21, 0x10, 0xBB, 0xC0, 0xCA, 0x6A, 0xDB, 0x43, 0x6F, 0xCB, 0xC3, 0xCB, 0x6D, 0x77, 0xF8, 0x38,
    0xAA, 0x5F, 0x4E, 0x02, 0xFD, 0xA4, 0x05, 0xEA, 0x59, 0x3E, 0x6F, 0xDF, 0x11, 0xAF, 0xA9, 0x4F,
    0x3E, 0xC9, 0xE8, 0xC6, 0x96, 0x9C, 0x9D, 0x94, 0xE1, 0xD3, 0xAA, 0x0C, 0x3F, 0x4E, 0x68, 0x6B,
    0x62, 0x19, 0x59, 0x8A, 0xB5, 0x7E, 0x93, 0xE6, 0x57, 0x0A, 0x32, 0xB6, 0x0D, 0x0D, 0x32, 0xEC,
    0xFB, 0xE9, 0x20, 0x23, 0x66, 0x9B, 0x5F, 0x24, 0x6C, 0xE7, 0x0B, 0x9B, 0x5E, 0x6B, 0x51, 0x35,
    0x0D, 0x32, 0x06, 0x16, 0x64, 0x4C, 0x24, 0xC8, 0x18, 0xE5, 0x44, 0x82, 0x8C, 0x26, 0x19, 0x6F,
    0x58, 0x90, 0x78, 0x92, 0xD8, 0xB5, 0x4A, 0x2C, 0xB8, 0x7B, 0xCE, 0x46, 0x26, 0xA4, 0x36, 0x22,
    0xC3, 0x04, 0x3D, 0x32, 0xE9, 0xB0, 0x28, 0x55, 0xFF, 0xC1, 0x0F, 0x37, 0x3E, 0xE6, 0xAF, 0x7D,
    0x90, 0x11, 0xD2, 0x7F, 0xEA, 0x83, 0x8C, 0x11, 0xE6, 0xD1, 0xD2, 0x51, 0xD2, 0x1B, 0x7F, 0x90,
    0x71, 0x3A, 0x53, 0xEB, 0xFD, 0x5C, 0x78, 0x08, 0xFD, 0x12, 0x0B, 0xA2, 0x71, 0xA9, 0x72, 0x60,
    0xD5, 0xA9, 0xC2, 0x0F, 0xA4, 0x0F, 0xA7, 0x8F, 0x3C, 0xE3, 0x8D, 0xDB, 0xE8, 0x8D, 0x9C, 0xF2,
    0xC6, 0x6E, 0xF2, 0x46, 0xEF, 0x47, 0x4F, 0x20, 0x7D, 0x84, 0x58, 0xF7, 0xBB, 0xBF, 0xE0, 0xE6,
    0x9D, 0xFC, 0x2D, 0x8C, 0xCC, 0x2C, 0x04, 0xF7, 0xCC, 0xC0, 0x4B, 0x97, 0x34, 0xA7, 0x2D, 0xFC,
    0xBF, 0xFF, 0x80, 0x48, 0x58, 0xAF, 0xD3, 0x15, 0x8A, 0xDA, 0x78, 0xFC, 0x19, 0x35, 0xF2, 0x28,
    0x65, 0x6A, 0xE5, 0x03, 0xE4, 0xB0, 0x79, 0x9C, 0x24, 0xB8, 0x9D, 0xD7, 0xE9, 0xEE, 0xCE, 0xD0,
    0x8F, 0x33, 0x5B, 0x3D, 0x5B, 0x7A, 0xAD, 0x3D, 0xFE, 0x9E, 0xE3, 0x87, 0xE4, 0x15, 0x78, 0xF2,
    0xC2, 0x55, 0x75, 0x2A, 0x2F, 0x3D, 0xE7, 0x89, 0xBC, 0xF4, 0x62, 0x28, 0x91, 0xD7, 0x17, 0xF3,
    0x93, 0xBE, 0x3F, 0x36, 0x7D, 0xDF, 0x11, 0xE0, 0x6F, 0xBB, 0x63, 0xBA, 0xAE, 0xCA, 0x0C, 0x5C,
    0xCC, 0x16, 0x78, 0xC8, 0xE7, 0x73, 0xBF, 0x65, 0x3F, 0x63, 0x4A, 0xAF, 0x7D, 0xC7, 0xD5, 0xD3,
    0x6E, 0xB7, 0x9F, 0xA2, 0xDD, 0x6E, 0x2F, 0xF2, 0x42, 0xE2, 0xF1, 0xFD, 0xB9, 0x84, 0xD3, 0x9F,
    0xF6, 0x38, 0xD9, 0x89, 0xCF, 0x8C, 0xAE, 0xEE, 0x3A, 0x4E, 0x5B, 0x86, 0x9F, 0x8C, 0xE8, 0x93,
    0x55, 0xCC, 0x53, 0xC1, 0xF0, 0xF5, 0x15, 0x0C, 0x3F, 0xAE, 0xA4, 0x82, 0xC7, 0xC1, 0x68, 0xF0,
    0x3D, 0x5F, 0xB9, 0x2A, 0x1F, 0xDA, 0x92, 0xEE, 0xF8, 0x96, 0x3C, 0xD4, 0x2A, 0x29, 0x2F, 0x22,
    0x4B, 0xCA, 0x8B, 0xB8, 0x96, 0xDE, 0xCF, 0xB5, 0xA4, 0xBC, 0x88, 0x6D, 0xE9, 0x28, 0xC8, 0x7A,
    0x3C, 0xB3, 0x17, 0x55, 0xC5, 0xF6, 0x70, 0xAD, 0x68, 0xFC, 0xA3, 0xFF, 0xAE, 0x22, 0x89, 0x7E,
    0xF8, 0xD6, 0xAD, 0x74, 0xDF, 0xD6, 0xBF, 0xB3, 0x4D, 0x5B, 0x6B, 0x59, 0xDF, 0x1C, 0x26, 0xEB,
    0xF3, 0xC1, 0xD3, 0x3E, 0xF3, 0x14, 0x93, 0xC4, 0x90, 0x51, 0x51, 0x04, 0x23, 0x02, 0x27, 0x2B,
    0x0B, 0xD3, 0x74, 0xC2, 0x78, 0xED, 0xD6, 0x65, 0x0D, 0xF3, 0xC7, 0x20, 0xED, 0xFF, 0x1F, 0xED,
    0x3D, 0x6D, 0xAC, 0xDE, 0xD4, 0x79, 0xC7, 0x76, 0xEE, 0x75, 0x1B, 0x03, 0xCE, 0xA6, 0xB0, 0xB6,
    0x49, 0x56, 0xF3, 0x83, 0x55, 0xB4, 0x2B, 0x38, 0xD5, 0xA8, 0x94, 0x4E, 0x21, 0x76, 0xE8, 0x36,
    0xB4, 0xB2, 0x8D, 0x4C, 0x22, 0xAD, 0x94, 0x54, 0x02, 0x4D, 0x4C, 0x62, 0x94, 0xE9, 0xA2, 0x89,
    0x55, 0x5D, 0x17, 0xE2, 0xB7, 0x43, 0x5A, 0x7E, 0x20, 0x8D, 0xB7, 0x53, 0xE9, 0x9F, 0xFD, 0x20,
    0xDB, 0x40, 0x1B, 0xC9, 0xA6, 0xD0, 0xA9, 0xD2, 0xB2, 0x0D, 0x62, 0x97, 0xFC, 0xC8, 0x0F, 0x7E,
    0xC4, 0xD0, 0x4D, 0xFC, 0x60, 0x13, 0x86, 0x86, 0xD1, 0x81, 0xD6, 0x18, 0x6A, 0x5A, 0x5F, 0xB0,
    0x7D, 0xF6, 0x7C, 0x9C, 0x63, 0x1F, 0xBF, 0xF7, 0xBD, 0xF7, 0x26, 0x34, 0x21, 0x8C, 0xF6, 0xBD,
    0xF7, 0xB5, 0xCF, 0xF1, 0x7D, 0xAF, 0x7D, 0xCE, 0xF3, 0x3C, 0xE7, 0xF9, 0x7E, 0xCE, 0x2B, 0x04,
    0xBE, 0xB6, 0x3C, 0x22, 0xCC, 0x57, 0x24, 0x8B, 0x71, 0xB7, 0x33, 0xBB, 0xA1, 0x94, 0x67, 0x84,
    0xFD, 0x7D, 0xDD, 0xFD, 0xC8, 0x7E, 0x29, 0x27, 0x4E, 0x33, 0xFC, 0x3D, 0xE0, 0xEE, 0x15, 0x31,
    0x77, 0x3D, 0x99, 0xB9, 0xD0, 0x0D, 0x0A, 0x61, 0x4F, 0xA0, 0x9B, 0xCA, 0x89, 0x0F, 0xDD, 0x30,
    0x17, 0x4E, 0x17, 0x8B, 0x25, 0xD9, 0x8A, 0x10, 0xEE, 0x1E, 0x65, 0xC2, 0x91, 0xFD, 0x0B, 0xBB,
    0x2E, 0x36, 0x2A, 0xEA, 0x4E, 0xA0, 0x6B, 0x61, 0x23, 0x4E, 0xA4, 0x0C, 0xA9, 0x0B, 0x0F, 0x91,
    0x53, 0xB8, 0x75, 0xE5, 0xC2, 0x87, 0x73, 0x21, 0xFC, 0x72, 0x18, 0x6D, 0x05, 0x77, 0x2F, 0x8D,
    0xD1, 0x3E, 0xB4, 0x0F, 0xA6, 0x63, 0x41, 0x73, 0xD3, 0x06, 0xF8, 0x20, 0xDE, 0x27, 0x13, 0x3E,
    0xDC, 0xA2, 0x89, 0x04, 0x3F, 0x94, 0x06, 0x67, 0xB5, 0x49, 0x8C, 0xA3, 0x83, 0xB9, 0x89, 0x20,
    0x57, 0x5D, 0xEB, 0xC8, 0xA3, 0xF0, 0x7F, 0x2E, 0x8C, 0xFB, 0x8E, 0x8F, 0x88, 0x75, 0x5F, 0xF1,
    0x26, 0xB3, 0xE7, 0x94, 0xAD, 0xD9, 0x75, 0x97, 0x47, 0x40, 0x74, 0xAA, 0x51, 0xD7, 0x3A, 0x7C,
    0xE7, 0x7A, 0x77, 0xF7, 0xDA, 0x31, 0x4E, 0x62, 0xA3, 0x87, 0x53, 0xF2, 0x34, 0xCE, 0x6C, 0x29,
    0xCB, 0x01, 0x20, 0x6E, 0x13, 0x50, 0x8F, 0xD1, 0xE1, 0x57, 0x7E, 0x2D, 0xE0, 0x02, 0x63, 0x23,
    0xA8, 0xDC, 0x16, 0x61, 0xC5, 0xC8, 0x88, 0x5A, 0x47, 0xC6, 0x69, 0xDD, 0xE3, 0xE2, 0x2C, 0x1E,
    0x1A, 0x8D, 0x0A, 0x7A, 0x75, 0x8C, 0x89, 0x0E, 0x48, 0x40, 0xB6, 0x69, 0xC7, 0x88, 0xA8, 0x5D,
    0x79, 0x48, 0x16, 0x41, 0xAB, 0xF1, 0x70, 0xEB, 0x1C, 0x34, 0x28, 0x2C, 0x28, 0x28, 0x29, 0x24,
    0x10, 0x90, 0x1A, 0x8D, 0x03, 0x0D, 0x23, 0x46, 0x01, 0x81, 0xA8, 0xD5, 0x18, 0x38, 0x27, 0x08,
    0x8D, 0xC0, 0x3F, 0x86, 0xFE, 0x18, 0xF8, 0x63, 0xD8, 0x9F, 0x03, 0xE8, 0x19, 0xF6, 0x49, 0x3E,
    0x82, 0xBE, 0x23, 0xEB, 0x11, 0xFC, 0x7D, 0xD9, 0x3F, 0x91, 0x30, 0x10, 0xAA, 0x49, 0x69, 0x1C,
    0x44, 0xCF, 0xC0, 0x3F, 0x19, 0x58, 0x48, 0x27, 0x69, 0x66, 0xE2, 0x01, 0xE8, 0x3A, 0x37, 0x30,
    0xF1, 0x59, 0x59, 0x00, 0x08, 0x4D, 0x5C, 0x74, 0xA9, 0xCC, 0x47, 0xD8, 0x80, 0xA7, 0x18, 0xF8,
    0x78, 0x43, 0xF5, 0x35, 0x46, 0x26, 0x49, 0x93, 0xE4, 0x26, 0x4E, 0x16, 0xA6, 0x2B, 0x16, 0x87,
    0x89, 0x17, 0x7A, 0x0D, 0x98, 0x51, 0xA0, 0xEA, 0x71, 0xA3, 0x5E, 0x3D, 0x76, 0x34, 0xF4, 0x34,
    0x7E, 0xCE, 0xF5, 0x35, 0x5E, 0x24, 0xB3, 0xAB, 0x64, 0x76, 0x99, 0xCC, 0xAE, 0x93, 0x35, 0xB0,
    0x15, 0x38, 0xD9, 0x68, 0x81, 0x9C, 0x2E, 0xD7, 0xE8, 0x06, 0x37, 0xE5, 0xE2, 0x9D, 0xBE, 0xEC,
    0xF1, 0x88, 0x02, 0x99, 0x9B, 0x64, 0x92, 0xC8, 0xD2, 0xA4, 0x12, 0x39, 0x50, 0x09, 0x00, 0xD6,
    0x92, 0x37, 0x37, 0x06, 0x8D, 0xD8, 0x5D, 0xCF, 0x37, 0x91, 0x44, 0xEC, 0x16, 0xBA, 0x03, 0x85,
    0x58, 0x12, 0xBA, 0x26, 0x81, 0x3C, 0x5C, 0x9B, 0x2B, 0x15, 0x1F, 0x34, 0x5A, 0xAA, 0xB2, 0x1E,
    0x53, 0x47, 0x63, 0x10, 0x87, 0xEA, 0x6A, 0xDA, 0x78, 0xEB, 0x37, 0xE0, 0xC3, 0xA3, 0xE5, 0xBA,
    0x0A, 0xDB, 0x5C, 0x85, 0x2E, 0x66, 0xC9, 0x62, 0x86, 0x2A, 0xCE, 0x8F, 0x28, 0x2E, 0x2E, 0xDB,
    0xE4, 0x7B, 0x8E, 0x16, 0x73, 0xB5, 0x7A, 0xAF, 0xFF, 0xE4, 0x58, 0x22, 0x8E, 0x05, 0xE2, 0x58,
    0x1E, 0x92, 0x38, 0x74, 0xCF, 0x98, 0xD2, 0xD0, 0xAD, 0x4C, 0x61, 0x08, 0x4F, 0x30, 0x64, 0xA1,
    0x5F, 0x8E, 0x44, 0x61, 0x65, 0x4A, 0xC2, 0xA8, 0x1D, 0x0B, 0xC2, 0x76, 0x2C, 0x07, 0x0D, 0x31,
    0xD8, 0x25, 0xD2, 0x94, 0x82, 0x03, 0xF3, 0x15, 0x6B, 0x33, 0xDF, 0x15, 0xA8, 0x9C, 0xC1, 0xE4,
    0x18, 0x91, 0xE7, 0x81, 0xC7, 0x0B, 0xCB, 0x7C, 0xAF, 0xF3, 0x26, 0x43, 0x27, 0xB9, 0xCD, 0x58,
    0xAB, 0xA9, 0xD9, 0x89, 0xFC, 0xEC, 0xFC, 0x57, 0xEF, 0xF2, 0x68, 0xED, 0x9A, 0xCF, 0x91, 0xB9,
    0x29, 0x51, 0xCB, 0xC5, 0xC7, 0xFA, 0xA5, 0x1A, 0x54, 0x81, 0x44, 0x9C, 0x7A, 0x20, 0xAD, 0x1A,
    0xAF, 0x06, 0x10, 0xC6, 0xF8, 0x79, 0xE8, 0xB8, 0xD8, 0xA9, 0x10, 0x2F, 0x99, 0xD3, 0xED, 0x6F,
    0x36, 0xEE, 0xC3, 0x86, 0x94, 0x39, 0xBC, 0x1B, 0xC4, 0x77, 0xEE, 0x35, 0x61, 0x69, 0x53, 0xC7,
    0x91, 0xB9, 0x5F, 0x02, 0xC2, 0x89, 0x25, 0x2C, 0xC9, 0x3C, 0x2C, 0xE1, 0x76, 0x5B, 0x60, 0x51,
    0xEF, 0x97, 0x5D, 0x9C, 0x34, 0xA0, 0xC9, 0x00, 0xCE, 0x52, 0xC6, 0xFC, 0x31, 0x3C, 0x14, 0xF0,
    0xC9, 0x44, 0xD3, 0x42, 0x06, 0x74, 0x15, 0x02, 0x45, 0x90, 0x18, 0x16, 0xA8, 0x81, 0xC9, 0xCA,
    0x93, 0x37, 0x4B, 0x79, 0x58, 0x0F, 0xF9, 0x8E, 0x99, 0x99, 0xEE, 0x35, 0x15, 0x84, 0x8B, 0xD7,
    0xBE, 0x6B, 0xCA, 0x6D, 0xA7, 0x43, 0xA8, 0xC5, 0xD4, 0x0E, 0x80, 0xC0, 0x10, 0x2C, 0x02, 0xFA,
    0xC8, 0xA7, 0x50, 0x89, 0x13, 0xC4, 0x0D, 0x2B, 0xF1, 0xE8, 0x31, 0xA0, 0x74, 0x19, 0xDB, 0x12,
    0xD5, 0x40, 0x91, 0xC0, 0x5C, 0x62, 0xA7, 0x71, 0x90, 0x60, 0x40, 0x11, 0x4C, 0x63, 0xAF, 0xB1,
    0x25, 0x82, 0x1C, 0xAF, 0x07, 0xD2, 0x92, 0x13, 0x2B, 0x95, 0x95, 0x05, 0x8A, 0x89, 0x7C, 0xAD,
    0x57, 0x0F, 0xD5, 0xF9, 0x39, 0x6A, 0xDF, 0x82, 0xCD, 0x65, 0x0B, 0x41, 0xDC, 0xDA, 0xF2, 0x59,
    0x80, 0x25, 0x10, 0x3C, 0x62, 0x72, 0xBE, 0xC6, 0x76, 0xD7, 0x64, 0xB4, 0xFA, 0x07, 0xF6, 0xCC,
    0xCC, 0xBB, 0x33, 0x98, 0xB7, 0x65, 0x2C, 0x0D, 0x40, 0x80, 0xDD, 0x59, 0xD2, 0x64, 0xDE, 0xB2,
    0x87, 0x06, 0xC9, 0x77, 0xF9, 0x9D, 0xCE, 0x14, 0xEF, 0xC9, 0x8F, 0x5B, 0x93, 0x79, 0x07, 0x30,
    0x3C, 0x83, 0x79, 0xFB, 0xB2, 0x9A, 0x61, 0xDE, 0xED, 0x8C, 0x68, 0x37, 0x99, 0xF7, 0x59, 0x29,
    0x0D, 0xE6, 0xBD, 0x2C, 0xD2, 0xF6, 0x7D, 0xCE, 0xBC, 0xF7, 0x8C, 0x75, 0x82, 0x11, 0xFB, 0x16,
    0xE9, 0x98, 0x7F, 0xCB, 0xC6, 0xEC, 0x8E, 0x16, 0x31, 0xE0, 0xA9, 0x1D, 0x7F, 0x76, 0x24, 0xF5,
    0xFD, 0xB1, 0xEA, 0xE1, 0x75, 0x23, 0x85, 0xCF, 0x31, 0x78, 0x03, 0x49, 0xF2, 0x62, 0xA4, 0xEE,
    0x45, 0xD5, 0x48, 0xDB, 0x1B, 0xEE, 0x45, 0xC4, 0xE0, 0x48, 0x61, 0x12, 0x03, 0x28, 0x77, 0x26,
    0x31, 0x88, 0xD4, 0xD4, 0xF4, 0xE0, 0xD6, 0x33, 0x4A, 0x37, 0xE9, 0x71, 0x06, 0x31, 0xD4, 0x26,
    0x31, 0xB4, 0xD4, 0xD5, 0xC4, 0x20, 0x8B, 0xB0, 0xFC, 0x69, 0x91, 0xE4, 0x91, 0x39, 0xCE, 0x78,
    0x7E, 0x3B, 0x3A, 0x87, 0x61, 0x2E, 0xC6, 0xC4, 0xDA, 0x49, 0xC4, 0x27, 0x19, 0x71, 0x76, 0x22,
    0x9B, 0x28, 0x23, 0xC6, 0x1E, 0x21, 0xD1, 0x44, 0x39, 0xF1, 0x75, 0x60, 0xB7, 0x80, 0xAA, 0x82,
    0xD8, 0xFA, 0xC7, 0xBF, 0x04, 0x7F, 0x05, 0x2C, 0x32, 0x19, 0x05, 0xD0, 0x2E, 0x89, 0xA9, 0xE3,
    0x85, 0x09, 0xC2, 0x1F, 0x78, 0xBA, 0x00, 0x6E, 0x15, 0x43, 0x1B, 0x59, 0xBA, 0x45, 0xC6, 0xAD,
    0xE6, 0xE8, 0x26, 0x43, 0x7F, 0xBD, 0xE7, 0xE7, 0xC8, 0xF9, 0xE1, 0xAE, 0xC4, 0xCE, 0x49, 0x94,
    0xD7, 0xEB, 0x8C, 0xDD, 0x32, 0xA5, 0x97, 0x21, 0xFD, 0x42, 0x83, 0xB2, 0x43, 0xE3, 0xBA, 0x17,
    0x9F, 0xAB, 0x5A, 0x34, 0xAB, 0x0A, 0xAD, 0xEC, 0xCF, 0x7E, 0xFE, 0x7C, 0x5F, 0x33, 0x5E, 0x06,
    0xA5, 0x55, 0x85, 0xD5, 0x58, 0xAF, 0x1A, 0x96, 0x2C, 0x69, 0x56, 0x8E, 0xEC, 0x2D, 0x5D, 0xD2,
    0xAD, 0x3C, 0x93, 0x7A, 0x03, 0xD4, 0xA0, 0xC0, 0x2E, 0x33, 0xF4, 0xAB, 0x08, 0xE4, 0xAA, 0xA9,
    0x61, 0x25, 0xF9, 0x58, 0xC7, 0x92, 0x95, 0x3F, 0xA3, 0x65, 0x1D, 0x93, 0xD5, 0x58, 0xCF, 0xD2,
    0x9A, 0x33, 0x69, 0x5A, 0x75, 0xDA, 0xAB, 0xCE, 0x84, 0xA0, 0x22, 0xE8, 0x82, 0xCA, 0xD4, 0xB6,
    0xAC, 0x5B, 0xDF, 0xCF, 0x66, 0xD5, 0xCF, 0x94, 0x88, 0xD5, 0x5F, 0x1B, 0xCE, 0x81, 0x37, 0x25,
    0x46, 0xFB, 0xDA, 0xB5, 0xE5, 0x9C, 0x57, 0xAE, 0x2A, 0xE5, 0xC6, 0x42, 0x6E, 0x24, 0xE3, 0xC6,
    0x22, 0x6E, 0x2C, 0xE1, 0x94, 0x50, 0x52, 0x3C, 0xC3, 0x67, 0x94, 0xA7, 0x85, 0x21, 0xDE, 0x3C,
    0x84, 0x6F, 0x2F, 0xDD, 0x22, 0x7C, 0x4C, 0x2F, 0xDC, 0x40, 0xD4, 0x20, 0xA1, 0x16, 0xC2, 0x67,
    0xE5, 0x55, 0x82, 0x68, 0x0B, 0x59, 0xB4, 0x79, 0x12, 0x26, 0x49, 0x92, 0xCD, 0x42, 0xC9, 0x26,
    0xE3, 0x28, 0x03, 0xC1, 0xD6, 0xB0, 0x60, 0x93, 0x79, 0x54, 0x28, 0xB9, 0x86, 0x0C, 0xB4, 0x4B,
    0x07, 0xB1, 0x96, 0x9C, 0x36, 0x34, 0x9C, 0x3A, 0xB9, 0x9F, 0x5C, 0x4A, 0x4A, 0xA8, 0xA5, 0x93,
    0xB4, 0x4E, 0x2B, 0x2D, 0xD3, 0xD2, 0xC9, 0x62, 0x3C, 0xE8, 0xB4, 0xE9, 0x48, 0x69, 0x4B, 0xC6,
    0xBD, 0xB1, 0xD9, 0xBF, 0x56, 0x6F, 0x24, 0xFD, 0xC3, 0x91, 0x8F, 0x33, 0x18, 0x01, 0xDF, 0x1F,
    0xF7, 0x8A, 0xD5, 0xB0, 0x6E, 0xBE, 0xAE, 0x8C, 0x57, 0x7B, 0xF0, 0x4F, 0xDE, 0xC9, 0x67, 0x3B,
    0x96, 0xE2, 0xA6, 0xD4, 0x01, 0x8C, 0x46, 0x24, 0xBF, 0x72, 0x46, 0x28, 0xF1, 0x51, 0xEC, 0x20,
    0x3E, 0x23, 0xE4, 0x2C, 0x28, 0x1D, 0x10, 0x9D, 0xC4, 0x41, 0x91, 0x19, 0x22, 0x36, 0x89, 0x7D,
    0x02, 0x14, 0x08, 0x99, 0xC4, 0x3B, 0xA1, 0x43, 0xB8, 0x24, 0xC6, 0x89, 0x7E, 0x41, 0x44, 0x25,
    0x5B, 0xA6, 0x3D, 0x26, 0x47, 0x88, 0xAC, 0x06, 0x3C, 0x12, 0xB3, 0xD4, 0x68, 0x24, 0x4E, 0x79,
    0xA6, 0xC7, 0xE2, 0x1C, 0x24, 0x32, 0x0E, 0x2D, 0x13, 0x85, 0xCA, 0x98, 0xE3, 0x99, 0x07, 0x85,
    0xD9, 0xC9, 0x0D, 0x30, 0xB8, 0x93, 0x95, 0xE8, 0x1B, 0x61, 0x6F, 0x84, 0xBC, 0x11, 0xEE, 0x36,
    0x9C, 0x13, 0x2B, 0x1D, 0xAB, 0x10, 0x30, 0xD0, 0xC5, 0x47, 0xCD, 0x5E, 0x34, 0xC8, 0xE8, 0x48,
    0xB0, 0x82, 0x60, 0x11, 0xFB, 0x62, 0x89, 0x25, 0x4B, 0x47, 0x1B, 0x11, 0xD7, 0x1D, 0x21, 0x33,
    0xA1, 0x17, 0x04, 0xAE, 0x2C, 0x51, 0x8B, 0x8B, 0xC5, 0xAE, 0x98, 0x80, 0x5F, 0x59, 0xC0, 0xC6,
    0x1A, 0x02, 0x05, 0x7F, 0xCA, 0x4A, 0xB9, 0x17, 0x48, 0x5A, 0x9C, 0x49, 0x43, 0x88, 0x49, 0x6B,
    0x14, 0xE8, 0x2E, 0x7C, 0x12, 0xAE, 0xDA, 0x12, 0x56, 0x9A, 0x58, 0x84, 0xA7, 0xDA, 0xF0, 0x60,
    0x50, 0x59, 0xFD, 0x41, 0xBB, 0x80, 0xE5, 0x48, 0x52, 0x8C, 0x98, 0x59, 0x09, 0xF8, 0xB3, 0x11,
    0x45, 0xB0, 0x84, 0x7F, 0xCC, 0x8E, 0xC1, 0x25, 0x30, 0x1D, 0x80, 0x79, 0xEC, 0x4E, 0x8B, 0xF1,
    0x9A, 0x19, 0xAF, 0x27, 0x85, 0xA6, 0x4D, 0xA3, 0xBF, 0x3D, 0x39, 0x5A, 0x6B, 0x8A, 0x69, 0x47,
    0x3C, 0x31, 0x35, 0xDB, 0x10, 0x98, 0xCD, 0x3D, 0x42, 0xDC, 0xA9, 0x25, 0xDE, 0xAB, 0x06, 0x07,
    0xC3, 0x61, 0x0D, 0x1C, 0xCC, 0x1A, 0xF5, 0x58, 0xB0, 0x1A, 0x12, 0x67, 0xCF, 0x5C, 0xBD, 0xE1,
    0xAE, 0x6F, 0x8C, 0xF5, 0x06, 0x39, 0xA8, 0xE7, 0x44, 0xEF, 0x86, 0xA3, 0x8D, 0xF4, 0x86, 0x74,
    0xB8, 0x2B, 0x51, 0xFD, 0x1F, 0x7C, 0xC9, 0xF0, 0xDA, 0x90, 0xDD, 0x0F, 0xF6, 0xBB, 0xA1, 0x37,
    0xE0, 0xBF, 0x99, 0x7A, 0x03, 0x02, 0xCF, 0xD4, 0x1B, 0x50, 0x82, 0xCC, 0x84, 0x29, 0x06, 0xE7,
    0x38, 0xAD, 0x83, 0xEF, 0x8E, 0x3C, 0x34, 0x28, 0x9F, 0x4C, 0x1F, 0x0D, 0xDC, 0x66, 0xD6, 0x4B,
    0xB3, 0xB6, 0xDE, 0xB0, 0x61, 0x46, 0x6F, 0x88, 0xE2, 0xB1, 0xDE, 0x90, 0x4C, 0xC6, 0x7A, 0x43,
    0x34, 0x19, 0xEB, 0x0D, 0x1F, 0xBD, 0x64, 0x7A, 0xC3, 0x4F, 0x1D, 0xBE, 0xAC, 0x19, 0x3D, 0xAF,
    0x77, 0x4B, 0x0D, 0xE1, 0xA5, 0x91, 0x9E, 0x17, 0xE4, 0x63, 0x3D, 0xCF, 0x9D, 0x5C, 0x52, 0x3D,
    0xEF, 0xA7, 0x4E, 0x2F, 0xFF, 0x7F, 0x8E, 0xAF, 0xB9, 0xAF, 0x66, 0xAD, 0x18, 0xC5, 0x4C, 0x77,
    0xE6, 0xC3, 0x3F, 0x8B, 0x7E, 0xBC, 0x7F, 0x7C, 0x26, 0xEF, 0xD3, 0xB8, 0x85, 0x35, 0x42, 0x82,
    0x9F, 0x99, 0x38, 0xC0, 0xD5, 0x3A, 0xA0, 0x00, 0xD7, 0xEA, 0x80, 0x81, 0x75, 0x57, 0xEA, 0x05,
    0x0E, 0x1A, 0xDB, 0xA6, 0x11, 0x60, 0xFA, 0x61, 0x6C, 0xD3, 0x30, 0x0B, 0x0D, 0xB4, 0x58, 0xD2,
    0x88, 0xE4, 0xFB, 0x26, 0x21, 0x85, 0xE6, 0x03, 0x23, 0xD3, 0x1C, 0x8C, 0x70, 0x55, 0xA1, 0xA9,
    0x8C, 0xC0, 0xF2, 0x59, 0x93, 0x47, 0x18, 0xA3, 0xBD, 0x96, 0xF1, 0x22, 0x74, 0x10, 0x3A, 0x2C,
    0x77, 0x2B, 0x04, 0xDD, 0x04, 0xEF, 0x40, 0xE6, 0x72, 0x50, 0xA6, 0x19, 0x9A, 0x74, 0x64, 0x2F,
    0x47, 0x19, 0x28, 0x71, 0x70, 0x26, 0x83, 0x39, 0xCD, 0x40, 0x8F, 0x86, 0xF5, 0x4D, 0x16, 0x33,
    0xF0, 0x63, 0x0C, 0xCD, 0x0B, 0x65, 0x32, 0xA7, 0x1C, 0x76, 0x30, 0xD6, 0x17, 0x1B, 0xCD, 0x35,
    0xDB, 0x01, 0x6C, 0x35, 0xE7, 0x61, 0x1B, 0xF2, 0x74, 0xD0, 0x6C, 0xB6, 0xA6, 0x6B, 0x9A, 0x48,
    0xAE, 0x06, 0x02, 0x29, 0xCF, 0x44, 0xA9, 0xBD, 0xF5, 0x9F, 0xB2, 0x87, 0x4D, 0xDB, 0xFF, 0x6F,
    0x4D, 0x44, 0xEF, 0x01, 0xB0, 0xE8, 0xFE, 0xDA, 0x07, 0x60, 0x75, 0x04, 0x5B, 0xE5, 0x05, 0xA0,
    0xDE, 0xE0, 0x07, 0x90, 0xE2, 0x03, 0x62, 0xF0, 0x04, 0xA4, 0xCF, 0x9C, 0x10, 0xBD, 0x2F, 0x00,
    0xF5, 0x76, 0x61, 0x78, 0x03, 0xD0, 0x07, 0x37, 0xF8, 0x03, 0x70, 0xA6, 0xBD, 0x47, 0x00, 0x49,
    0x75, 0xF0, 0x09, 0x48, 0x52, 0x6B, 0xD6, 0x4B, 0x06, 0xD9, 0xB0, 0x86, 0x41, 0x91, 0x8E, 0x3C,
    0x72, 0xC9, 0xA8, 0x77, 0xED, 0x5C, 0x97, 0xDF, 0x63, 0x03, 0xB2, 0x99, 0x7A, 0xF2, 0x1E, 0xDF,
    0xCC, 0x4A, 0xAB, 0x01, 0xE5, 0x7B, 0x10, 0xD9, 0xCD, 0x80, 0x75, 0x29, 0xA2, 0x6E, 0x7F, 0xDB,
    0x23, 0x1E, 0x20, 0xC4, 0x8C, 0x57, 0xE1, 0x1E, 0x98, 0x2E, 0x00, 0xA4, 0xEB, 0xD1, 0xEF, 0xB4,
    0x60, 0x52, 0xD8, 0x5D, 0x4F, 0x01, 0x9E, 0x0C, 0x6A, 0x60, 0xEC, 0x06, 0x11, 0xC8, 0xB7, 0x8E,
    0xCA, 0x46, 0x8E, 0x5F, 0xE5, 0x40, 0x0A, 0x4F, 0x53, 0xC2, 0x4E, 0x4F, 0x0D, 0x1D, 0x02, 0xB0,
    0x36, 0x09, 0xC2, 0xDA, 0xF7, 0xD0, 0x39, 0x47, 0x6A, 0xE7, 0x7A, 0x21, 0xE7, 0x5F, 0xFA, 0x49,
    0x7D, 0x93, 0x6B, 0xE9, 0x43, 0x23, 0x46, 0x9A, 0xAE, 0xE4, 0xA6, 0xE9, 0x88, 0xA5, 0x82, 0xC5,
    0xFB, 0xF2, 0x70, 0x89, 0x75, 0xA3, 0x0A, 0x8C, 0x24, 0x03, 0xD3, 0xA8, 0x1E, 0x95, 0x80, 0x0A,
    0x50, 0xE1, 0x47, 0x1C, 0xD6, 0x6E, 0xD1, 0xC2, 0x32, 0xD8, 0x2C, 0x22, 0x04, 0xF0, 0x32, 0xE2,
    0xB5, 0x95, 0x87, 0x38, 0x9C, 0x55, 0x6D, 0xD1, 0xFE, 0x9B, 0xD1, 0x96, 0xE4, 0xDB, 0xA4, 0x40,
    0xF5, 0xAC, 0x37, 0x95, 0x2F, 0xC8, 0xD7, 0xE9, 0x52, 0xCF, 0x7F, 0xC3, 0xCE, 0x05, 0x4D, 0xAC,
    0x9C, 0x55, 0x73, 0xE7, 0x68, 0xBA, 0x73, 0x9C, 0x9A, 0x73, 0xFC, 0x9A, 0xF3, 0x5C, 0x9B, 0x73,
    0xBC, 0x9B, 0xEF, 0xC4, 0xC1, 0xB9, 0x9A, 0x46, 0x35, 0x47, 0xA9, 0x9A, 0xA3, 0x57, 0xCD, 0x51,
    0xAD, 0xCE, 0x4B, 0xBB, 0xFA, 0x59, 0x0A, 0x81, 0xA9, 0x38, 0x8F, 0xD5, 0xE6, 0x19, 0xA5, 0x79,
    0xAC, 0x32, 0x9F, 0x87, 0xC2, 0x7C, 0xC1, 0xF3, 0xB7, 0x02, 0xE1, 0xB2, 0xC7, 0x08, 0xC6, 0xF9,
    0xB1, 0x78, 0xE3, 0x61, 0x1C, 0xFE, 0x67, 0xE8, 0xBA, 0x93, 0xD1, 0x45, 0x78, 0xD5, 0xE2, 0x3A,
    0xA1, 0xDB, 0x02, 0xA6, 0x7B, 0x8D, 0x6A, 0x2F, 0x42, 0xFB, 0xA0, 0x6A, 0x23, 0x28, 0x82, 0xFB,
    0xA1, 0xED, 0x4D, 0x44, 0x57, 0xD9, 0x8D, 0xFB, 0x5D, 0x6C, 0x67, 0x56, 0x59, 0x79, 0xD2, 0x7E,
    0x3B, 0xDB, 0xE1, 0xB9, 0x99, 0x5D, 0x56, 0xFE, 0x2D, 0x71, 0x9A, 0xED, 0xF4, 0x9D, 0xEC, 0x4F,
    0x64, 0x1D, 0x7A, 0x71, 0x92, 0x3F, 0x11, 0x38, 0xD9, 0x71, 0x64, 0x99, 0x09, 0xAC, 0xC4, 0xF4,
    0x6C, 0x76, 0xC0, 0x42, 0xA0, 0xBF, 0x41, 0xE0, 0x3F, 0x20, 0x16, 0xA7, 0xB7, 0x7E, 0x3C, 0xDE,
    0xF7, 0xE4, 0xF4, 0x0E, 0x71, 0x40, 0x0D, 0x77, 0xA7, 0xD5, 0x0E, 0x6D, 0x17, 0xDB, 0xBE, 0x10,
    0x9B, 0xAD, 0x78, 0xA7, 0xFF, 0xEF, 0xDC, 0x3E, 0xE0, 0xE4, 0x3B, 0xFD, 0x58, 0xEC, 0xC4, 0x0F,
    0x50, 0xFB, 0x6B, 0xF1, 0x0D, 0x08, 0x80, 0x76, 0x6B, 0x71, 0xD0, 0x05, 0x0B, 0x6B, 0x60, 0x05,
    0x93, 0x00, 0x8F, 0x0F, 0xB4, 0xC9, 0x2B, 0x2B, 0x16, 0x1E, 0x89, 0x27, 0x03, 0xD2, 0xD7, 0x1A,
    0x84, 0xBD, 0xAD, 0xCF, 0x25, 0xB0, 0x6E, 0x1D, 0x91, 0x74, 0x73, 0x11, 0x7A, 0xED, 0xBA, 0xBD,
    0x2D, 0x53, 0xA3, 0xA7, 0xFD, 0xDC, 0xDC, 0x53, 0x6A, 0x86, 0x00, 0x8E, 0xB9, 0x80, 0xDA, 0x00,
    0x33, 0x21, 0xE8, 0xF9, 0xA5, 0x23, 0x5F, 0x4E, 0x73, 0x65, 0xA9, 0x04, 0x05, 0x68, 0x47, 0xEC,
    0x29, 0x84, 0x5E, 0x98, 0x83, 0xE2, 0xC4, 0x64, 0x6A, 0x63, 0xDA, 0x68, 0x5A, 0xA8, 0xBF, 0x61,
    0xDE, 0xE3, 0xEB, 0x20, 0x2C, 0xF1, 0xFF, 0xF6, 0x29, 0x10, 0x1E, 0x49, 0xE1, 0x9E, 0xA1, 0xC1,
    0x5E, 0xC9, 0x9B, 0x06, 0x2C, 0xB4, 0x49, 0x49, 0xA4, 0x21, 0x84, 0xBB, 0x1B, 0xC1, 0xEC, 0xA4,
    0xB0, 0x44, 0x24, 0x5F, 0xE6, 0xF5, 0x79, 0xE5, 0x63, 0x7B, 0xD8, 0xC5, 0x6E, 0x84, 0x38, 0xE2,
    0x35, 0x7A, 0x6F, 0xED, 0xDD, 0x77, 0xD8, 0xE4, 0x93, 0x06, 0x97, 0xC0, 0x87, 0xE7, 0x23, 0x17,
    0x9A, 0xA1, 0x42, 0xFE, 0xC2, 0x1C, 0xFE, 0xE9, 0x7D, 0x4D, 0xFF, 0x73, 0xF0, 0x5C, 0xA5, 0xB0,
    0x18, 0xBC, 0x52, 0x2B, 0xD8, 0xFB, 0x27, 0xCB, 0x31, 0x16, 0x56, 0x6B, 0xB1, 0x82, 0x02, 0x2D,
    0xA5, 0xA1, 0x39, 0x98, 0xBD, 0x50, 0xAB, 0x56, 0xC4, 0x9E, 0x3B, 0x68, 0x25, 0xA7, 0x5A, 0xD5,
    0x4A, 0x77, 0x77, 0xAA, 0xA5, 0x52, 0x22, 0x00, 0x0F, 0xF2, 0x9B, 0x7D, 0x8B, 0xC5, 0x01, 0xC0,
    0x3F, 0xE9, 0x5B, 0x2A, 0x37, 0x12, 0xB0, 0x60, 0x1F, 0xE9, 0x14, 0x06, 0xC8, 0x7E, 0xDC, 0xA7,
    0x95, 0x4B, 0x0D, 0xF9, 0x52, 0x41, 0x5D, 0xD1, 0x34, 0x40, 0x5C, 0x7E, 0x7F, 0x80, 0xB6, 0x01,
    0xE9, 0x01, 0xAE, 0x46, 0xAB, 0x87, 0xEE, 0x00, 0xD9, 0x01, 0xAA, 0x06, 0x44, 0x47, 0xD0, 0xB4,
    0x07, 0x66, 0xE5, 0x0E, 0x10, 0x77, 0xE6, 0x37, 0x07, 0x74, 0xD9, 0xD3, 0xB9, 0x4C, 0xC8, 0xEB,
    0x5B, 0x9B, 0x9F, 0xEB, 0x6F, 0xFC, 0xE9, 0x57, 0xFA, 0xE6, 0x57, 0x87, 0xE1, 0x46, 0xFF, 0x0B,
    0x1A, 0x32, 0xEB, 0xC8, 0x5B, 0xD0, 0xD7, 0xDA, 0x7B, 0x69, 0x23, 0xD5, 0x04, 0x9C, 0xAC, 0x68,
    0x46, 0x19, 0x35, 0xA3, 0x51, 0xD3, 0x96, 0x7D, 0x33, 0xEC, 0x9B, 0xB6, 0xEC, 0x9B, 0x1E, 0x66,
    0x28, 0x71, 0x33, 0xE8, 0x92, 0x1C, 0xF1, 0x9A, 0xA3, 0x3A, 0x18, 0xF5, 0xCD, 0xCC, 0x68, 0x86,
    0x7D, 0xF3, 0xCD, 0xA4, 0xD0, 0x4D, 0x80, 0x27, 0x28, 0xA5, 0xD8, 0x0C, 0xC8, 0xC9, 0x4C, 0x4D,
    0x6D, 0x7F, 0xE3, 0x83, 0x97, 0xCE, 0xAA, 0xE4, 0xED, 0x9C, 0x44, 0xC4, 0x0B, 0x52, 0xAA, 0x68,
    0x45, 0x67, 0xA3, 0xFE, 0xBD, 0x7E, 0xFE, 0x65, 0x64, 0x08, 0x0D, 0x33, 0x4F, 0xCB, 0x94, 0xB6,
    0x66, 0xB8, 0x3C, 0x31, 0x56, 0x9D, 0x34, 0xB8, 0x9A, 0xC1, 0x5A, 0xAE, 0x36, 0xB0, 0xDC, 0x2C,
    0xF4, 0x80, 0x0F, 0x9B, 0x3E, 0x7C, 0x0E, 0x96, 0x42, 0xDF, 0x0E, 0x40, 0x41, 0xD2, 0x6D, 0x90,
    0xD7, 0x3A, 0xE2, 0x60, 0xCB, 0xA2, 0x6F, 0x63, 0x30, 0x6C, 0x68, 0x4F, 0xFA, 0xB6, 0x05, 0x9F,
    0x41, 0x4E, 0x73, 0xAF, 0x32, 0xD7, 0xA0, 0xED, 0x36, 0xC2, 0xAE, 0x31, 0x08, 0xC7, 0x6D, 0x07,
    0xAD, 0x2B, 0x4C, 0x27, 0x00, 0x28, 0xE2, 0xAA, 0x93, 0x19, 0xCA, 0x74, 0x49, 0xED, 0x28, 0xC7,
    0x80, 0x86, 0x8C, 0x3D, 0x6C, 0x17, 0xD4, 0x06, 0x3C, 0xF5, 0x6D, 0xED, 0xEE, 0x1F, 0xDA, 0xA8,
    0x12, 0x58, 0x24, 0x69, 0x00, 0xCA, 0xD0, 0x76, 0xBA, 0xB4, 0xF6, 0xC8, 0x06, 0x28, 0x29, 0x7A,
    0xD7, 0x83, 0xA8, 0x1A, 0x9B, 0x5F, 0xB1, 0xD6, 0x46, 0x26, 0x7D, 0x92, 0x4D, 0xD0, 0x0E, 0x0A,
    0x0D, 0x06, 0x4F, 0x74, 0x54, 0x72, 0x01, 0x67, 0xBE, 0x0E, 0xD2, 0xFE, 0x70, 0xF6, 0x42, 0xB8,
    0x42, 0x31, 0x4B, 0xFA, 0x55, 0xB2, 0x45, 0x3D, 0xFC, 0xF6, 0xE1, 0x6F, 0xFA, 0xF6, 0xB7, 0xE8,
    0x2B, 0x6F, 0x2A, 0x70, 0xFE, 0xFC, 0xD3, 0xF0, 0x70, 0x1A, 0x48, 0xA9, 0x86, 0xF3, 0x4F, 0xCF,
    0xC7, 0x56, 0x5A, 0x9A, 0x68, 0xFF, 0x67, 0x60, 0x26, 0x5D, 0x6C, 0xC6, 0xCE, 0x92, 0xC7, 0x84,
    0x15, 0x8F, 0x32, 0x7B, 0x3E, 0xDE, 0xAF, 0xCA, 0xF9, 0x8B, 0xD5, 0xCE, 0x66, 0xAF, 0xF8, 0x2B,
    0xA6, 0x1C, 0x95, 0x86, 0xD9, 0xCA, 0x9F, 0x01, 0x2A, 0x74, 0x3B, 0x40, 0x00, 0x3D, 0x1E, 0x49,
    0x15, 0x11, 0x17, 0xA2, 0xAD, 0x8A, 0xE6, 0xAB, 0x8B, 0x07, 0xA7, 0x63, 0xAB, 0x16, 0x85, 0x3F,
    0xE8, 0x4F, 0x0D, 0x92, 0x08, 0xA2, 0xAC, 0x14, 0x14, 0x03, 0x8A, 0x88, 0x21, 0xCA, 0xD8, 0x69,
    0xF1, 0x66, 0x02, 0xE3, 0x40, 0x4F, 0x49, 0x0A, 0xC6, 0x78, 0xB5, 0x4B, 0xC6, 0x2D, 0x26, 0x88,
    0x53, 0xD6, 0x61, 0xE6, 0xD7, 0x78, 0xB3, 0x45, 0xD9, 0xA2, 0xCD, 0x16, 0x5F, 0x0D, 0xB4, 0x1E,
    0x76, 0x40, 0x4A, 0x0B, 0xA9, 0x2C, 0x5C, 0x39, 0x95, 0x31, 0xEB, 0x01, 0x86, 0x69, 0x2B, 0x92,
    0xA1, 0xFD, 0x80, 0x32, 0x6F, 0x65, 0x27, 0x25, 0x29, 0x09, 0xB5, 0x8D, 0x9F, 0x6D, 0xC4, 0x56,
    0x59, 0x24, 0xB5, 0x2B, 0x4F, 0x49, 0x52, 0x24, 0xE3, 0x9E, 0xB1, 0xCE, 0x35, 0x75, 0x17, 0x56,
    0xC4, 0x68, 0x66, 0xED, 0x87, 0x0B, 0x7E, 0xA9, 0x5A, 0xF7, 0xD2, 0xE2, 0x23, 0xA3, 0x4B, 0x16,
    0xFB, 0x56, 0xD4, 0xA5, 0xBB, 0x62, 0x96, 0x16, 0xC8, 0xF9, 0xF8, 0x12, 0x85, 0xBE, 0xF1, 0x00,
    0x12, 0xA1, 0x60, 0x8A, 0x4F, 0x29, 0x70, 0x8A, 0xE8, 0xC0, 0xE4, 0xCC, 0x4A, 0x6C, 0x26, 0xDD,
    0x96, 0x43, 0xA7, 0x51, 0x19, 0x14, 0x5E, 0x4D, 0x39, 0x42, 0xDF, 0x04, 0x3C, 0x61, 0x00, 0x15,
    0xD9, 0x06, 0x5E, 0x9A, 0x44, 0x0D, 0x22, 0x0A, 0xB1, 0xE1, 0xC9, 0x24, 0xF3, 0x30, 0xB7, 0x1F,
    0x56, 0x57, 0x32, 0xA1, 0x60, 0x2A, 0xC0, 0x17, 0x17, 0xB2, 0xBC, 0x11, 0x15, 0x8C, 0x09, 0x85,
    0x54, 0x2D, 0x5C, 0xA5, 0x80, 0xBE, 0x53, 0x60, 0x6B, 0x23, 0xBE, 0x3A, 0x23, 0x47, 0xA8, 0x3B,
    0x82, 0x08, 0x3B, 0x3D, 0x63, 0x61, 0x03, 0x3D, 0x50, 0x90, 0xB5, 0xA3, 0x45, 0x4E, 0x3A, 0x64,
    0x21, 0x54, 0xA8, 0x75, 0xAB, 0x6C, 0x3D, 0xB0, 0xE2, 0x10, 0xAD, 0x62, 0x14, 0x70, 0x15, 0x9F,
    0x7F, 0x34, 0x9E, 0x8D, 0x9D, 0xCF, 0x09, 0xF8, 0xCD, 0x89, 0xA2, 0xCF, 0x09, 0x9E, 0xAF, 0x7A,
    0x69, 0x25, 0x4F, 0x18, 0x47, 0xD6, 0xE7, 0x84, 0xD7, 0x57, 0x45, 0x72, 0xB1, 0x8E, 0x27, 0xA5,
    0x7F, 0xDD, 0xBA, 0x9E, 0x5F, 0x9A, 0x28, 0xE0, 0x22, 0x5F, 0x92, 0x6B, 0x5E, 0xDA, 0xB3, 0x22,
    0xDB, 0xA5, 0x07, 0x02, 0xAC, 0xFC, 0xBF, 0x9F, 0xA1, 0x61, 0x89, 0x91, 0x77, 0xCD, 0x4D, 0x98,
    0x0D, 0x81, 0xBC, 0x04, 0x15, 0xF4, 0x97, 0xC4, 0xC6, 0xA9, 0x57, 0xAB, 0xFC, 0x2E, 0xCC, 0x5A,
    0x41, 0xD3, 0xDF, 0x2F, 0x81, 0x29, 0x30, 0x23, 0x92, 0x96, 0x04, 0x3E, 0x98, 0x4C, 0x40, 0xF1,
    0x45, 0x17, 0x0F, 0x9A, 0x89, 0xD2, 0x6E, 0xA9, 0xBE, 0x84, 0x2E, 0xF9, 0x15, 0xCA, 0x21, 0x89,
    0x99, 0xCA, 0x82, 0x1C, 0x0A, 0x8D, 0xF0, 0x6A, 0xCA, 0x07, 0x80, 0x4B, 0x0D, 0x28, 0x0A, 0x49,
    0x05, 0xD4, 0xE9, 0x92, 0x7F, 0x5C, 0x3A, 0xCA, 0x97, 0x8E, 0x0A, 0xAE, 0xBA, 0x64, 0x0F, 0x5E,
    0x1E, 0xE1, 0x52, 0x22, 0x22, 0xBB, 0x01, 0x7F, 0x4C, 0xF5, 0x28, 0x70, 0x7B, 0x54, 0x37, 0x48,
    0xA3, 0x03, 0xFE, 0x54, 0xA3, 0xCF, 0x92, 0x12, 0x12, 0x51, 0x4D, 0x8F, 0x7A, 0x0C, 0xA7, 0x05,
    0xB4, 0xE1, 0x31, 0x96, 0x11, 0x0B, 0xCF, 0xC2, 0x6E, 0x77, 0x52, 0xD9, 0x69, 0xEF, 0x3F, 0x48,
    0x24, 0x19, 0x96, 0xC0, 0xC4, 0x86, 0xAC, 0x5B, 0xAE, 0x0E, 0x9A, 0x18, 0xB5, 0x36, 0x92, 0xBC,
    0xBD, 0xA3, 0xF4, 0xCC, 0x83, 0xB8, 0xF8, 0x8F, 0x4C, 0x85, 0x3D, 0x84, 0x1C, 0xAF, 0x12, 0xF3,
    0x2D, 0x19, 0xB7, 0x59, 0xBD, 0xB7, 0x8A, 0xB5, 0x42, 0x34, 0x3F, 0xBF, 0x67, 0x4B, 0xDD, 0xBB,
    0x72, 0x8F, 0x20, 0x6C, 0x51, 0xCF, 0x86, 0xD1, 0xDA, 0x52, 0xF7, 0x30, 0xD5, 0xD7, 0x63, 0x4D,
    0xD3, 0x41, 0xBD, 0xB6, 0x12, 0x41, 0x17, 0xA9, 0x5E, 0xF4, 0xD6, 0xE3, 0x02, 0xB5, 0x2E, 0xB1,
    0x0B, 0x4B, 0xE6, 0x58, 0x9D, 0x03, 0xDC, 0x80, 0x22, 0xD7, 0xD2, 0xBA, 0xA5, 0x5E, 0x32, 0xD1,
    0x3D, 0x50, 0xBF, 0xA0, 0x81, 0xBA, 0x77, 0x66, 0xA3, 0xC8, 0x28, 0x00, 0xA3, 0xA8, 0x84, 0x55,
    0x4B, 0x31, 0x2B, 0x61, 0xB9, 0x8B, 0xA9, 0xC5, 0x32, 0x33, 0x13, 0x89, 0x65, 0xAF, 0x8A, 0xB1,
    0x9F, 0x93, 0xB4, 0xB1, 0x1F, 0xB2, 0x4E, 0x7D, 0x86, 0xB9, 0x5E, 0x8C, 0x3A, 0xD9, 0x5C, 0x4B,
    0x71, 0x96, 0xBE, 0x85, 0x69, 0xBD, 0x04, 0x27, 0xCD, 0x25, 0x1C, 0x3E, 0x6F, 0xF2, 0xE3, 0xF0,
    0x69, 0xF3, 0x6F, 0x1B, 0x6F, 0x9C, 0xAE, 0x2D, 0x3E, 0x56, 0x32, 0x83, 0x4B, 0x71, 0xE5, 0xF6,
    0x5E, 0x72, 0xA8, 0x75, 0xA9, 0x15, 0x21, 0x10, 0x1C, 0xEA, 0x0A, 0x2C, 0x2C, 0x90, 0x33, 0x24,
    0x37, 0xF4, 0x67, 0x1A, 0xAE, 0x60, 0x94, 0xB8, 0xD6, 0x40, 0x5C, 0x3A, 0x53, 0xA7, 0xA1, 0x68,
    0x37, 0x4A, 0x0D, 0x72, 0xCE, 0xB8, 0xB5, 0xD3, 0x52, 0x81, 0x00, 0x0A, 0x0D, 0x1F, 0xA3, 0xD2,
    0x5E, 0x85, 0x8E, 0xD7, 0xB4, 0x60, 0x99, 0x41, 0x52, 0xA5, 0xB2, 0x3B, 0x8C, 0x82, 0x91, 0xC8,
    0xC0, 0xF4, 0x71, 0x74, 0x07, 0x76, 0x6E, 0xE5, 0x97, 0x24, 0x31, 0x02, 0xB8, 0x41, 0x1E, 0xD6,
    0x6E, 0xEB, 0xD5, 0xB0, 0xE2, 0x4C, 0x81, 0xD1, 0xA0, 0x9E, 0x37, 0xCE, 0xAB, 0x72, 0x31, 0x41,
    0x87, 0xC4, 0x05, 0x7A, 0x1E, 0xE0, 0x80, 0x46, 0x54, 0x49, 0xD2, 0x02, 0xB4, 0xC2, 0x3C, 0xAD,
    0x03, 0xCE, 0xA8, 0x1B, 0x0B, 0x0B, 0xD4, 0xBF, 0x66, 0x64, 0xC5, 0x22, 0x70, 0x87, 0xC9, 0xF8,
    0x82, 0x8C, 0xC7, 0x92, 0x02, 0xAB, 0xDE, 0xA2, 0x99, 0x2B, 0xD5, 0xCC, 0x15, 0x0F, 0x93, 0x6A,
    0x47, 0x62, 0x62, 0x71, 0x3A, 0x4F, 0x4A, 0x04, 0xE7, 0x82, 0xAA, 0xE2, 0x1C, 0x25, 0xC4, 0x0A,
    0x22, 0x9B, 0xBD, 0xD7, 0x45, 0xEF, 0x57, 0x73, 0xFB, 0x77, 0xC5, 0xA3, 0x3E, 0x69, 0x21, 0x46,
    0x3F, 0xED, 0xC3, 0xEC, 0xFE, 0xA0, 0x7F, 0x68, 0x5A, 0x54, 0xCA, 0x47, 0xDF, 0x4F, 0x58, 0xF3,
    0x60, 0xD7, 0x20, 0xAA, 0x1D, 0x31, 0xAB, 0x1D, 0xE4, 0x1C, 0x34, 0x74, 0x0E, 0x72, 0x0F, 0x2A,
    0x85, 0x63, 0x91, 0x12, 0xBC, 0x1C, 0x53, 0xDB, 0x98, 0x09, 0x9C, 0x0A, 0xE5, 0x24, 0xEC, 0xF5,
    0x0C, 0x76, 0x13, 0x2E, 0xF7, 0x4A, 0x86, 0xE1, 0x28, 0x24, 0x0D, 0xE3, 0x5D, 0xCB, 0x7E, 0xD5,
    0x26, 0xC3, 0xAE, 0x0D, 0x9B, 0x36, 0x50, 0xA8, 0x6D, 0xDB, 0xE1, 0xCB, 0xAD, 0x7F, 0x01, 0xF6,
    0xB2, 0xED, 0xF6, 0xCB, 0x3F, 0x15, 0x0B, 0xE7, 0x73, 0xDB, 0x7E, 0xEF, 0xBF, 0xB6, 0xC3, 0xF3,
    0xFF, 0x7C, 0xDB, 0xEF, 0x5F, 0xBE, 0xDD, 0xAA, 0xFE, 0xE8, 0xD0, 0xB6, 0x7B, 0x2E, 0xFF, 0xD4,
    0xCD, 0x5F, 0xFC, 0xD3, 0x43, 0x97, 0xDD, 0x73, 0xC5, 0xAF, 0x7C, 0xF1, 0xB2, 0x5F, 0x3E, 0xFB,
    0x0F, 0x1F, 0x3A, 0xF6, 0x6F, 0xCB, 0xC7, 0xC5, 0x9D, 0xC7, 0xAD, 0x97, 0xEB, 0x74, 0x6A, 0x89,
    0x4F, 0x8A, 0x0C, 0x3E, 0x1F, 0x4C, 0xFC, 0xA3, 0xF1, 0x76, 0xBB, 0xF8, 0xF2, 0xD7, 0xAC, 0x47,
    0x7E, 0x71, 0xBB, 0xB7, 0xE7, 0x6F, 0x0E, 0x89, 0x4D, 0xD3, 0xED, 0x57, 0x88, 0xE8, 0x74, 0xBC,
    0x7D, 0xE1, 0xB8, 0x77, 0x87, 0x40, 0xAD, 0xEB, 0x61, 0x1A, 0xE2, 0xF5, 0xE8, 0x01, 0xB5, 0x26,
    0xE2, 0xFA, 0x83, 0x62, 0x22, 0xFC, 0x67, 0xFE, 0xF3, 0xD3, 0xBB, 0x37, 0x3C, 0x53, 0xEC, 0xBC,
    0xE7, 0xD7, 0xAE, 0x77, 0xB7, 0xFD, 0xED, 0xBD, 0x07, 0xEF, 0x5B, 0x78, 0x32, 0xB8, 0xF6, 0xEF,
    0xAE, 0xF9, 0x9B, 0xD7, 0xE4, 0x03, 0x3F, 0x7A, 0xFB, 0x64, 0x4D, 0xAE, 0x87, 0x0F, 0x88, 0xEB,
    0xEF, 0x81, 0xD3, 0xC7, 0x7E, 0x6B, 0xB1, 0xD8, 0x8E, 0x3C, 0xBB, 0x5E, 0x8C, 0xB7, 0xAF, 0x54,
    0x5E, 0x7E, 0x5D, 0x41, 0xE6, 0x66, 0x3E, 0xDF, 0xFF, 0xC0, 0x07, 0x08, 0x0E, 0x27, 0x1F, 0xD8,
    0x46, 0x7D, 0x38, 0xA3, 0xFD, 0x25, 0xBE, 0x7B, 0xE8, 0x32, 0x0A, 0x04, 0xC2, 0x19, 0xFD, 0x96,
    0xE2, 0x59, 0x38, 0xA3, 0xBF, 0xF9, 0xD9, 0x43, 0x97, 0x8B, 0x00, 0xD6, 0xD4, 0xB3, 0xA7, 0x7C,
    0x0B, 0x25, 0x25, 0x9C, 0xE5, 0xFD, 0xB0, 0x72, 0x5F, 0x3A, 0x75, 0xF9, 0x26, 0x84, 0xD3, 0x4B,
    0x27, 0x2F, 0x0F, 0x71, 0x21, 0xC3, 0xF9, 0x13, 0xF0, 0xF7, 0xC9, 0x4B, 0x27, 0x7F, 0x5B, 0xF8,
    0x53, 0x3B, 0x7F, 0x11, 0xCE, 0x5E, 0x11, 0xE4, 0x7F, 0x7D, 0xF2, 0x2F, 0xC4, 0x93, 0xE2, 0xDE,
    0xFC, 0x5B, 0x27, 0xE5, 0xB1, 0xFF, 0x10, 0x8F, 0x17, 0xDF, 0x3A, 0x79, 0xEC, 0x8C, 0x0F, 0x96,
    0xD5, 0xB7, 0x4E, 0x7E, 0x0E, 0xB8, 0xE1, 0xC6, 0x13, 0x2F, 0xC2, 0x99, 0xE0, 0x7F, 0xFF, 0xEF,
    0xD0, 0x78, 0xAE, 0x77, 0x2F, 0xC7, 0xD3, 0x15, 0x3B, 0x7C, 0x3A, 0x7B, 0x41, 0xF3, 0x49, 0x1A,
    0xFE, 0xEE, 0x29, 0x19, 0xBC, 0x76, 0x6E, 0x33, 0xFA, 0x4F, 0x1C, 0x63, 0x8C, 0x6D, 0xEC, 0x5D,
    0xE1, 0xB2, 0x5F, 0x26, 0xA3, 0xD6, 0x66, 0xDD, 0x7A, 0x5B, 0x89, 0x75, 0xE9, 0x6B, 0x87, 0x0D,
    0xB6, 0xF0, 0x93, 0x9B, 0x31, 0x26, 0xB7, 0x1F, 0x67, 0xB7, 0x4B, 0xC8, 0xA4, 0x71, 0xCE, 0x90,
    0xAD, 0x25, 0x79, 0xFD, 0x58, 0x18, 0xCD, 0xAB, 0x90, 0x73, 0xDB, 0x20, 0x2B, 0x41, 0xFE, 0xA6,
    0x24, 0x5F, 0xE5, 0x6B, 0x35, 0xBA, 0x83, 0x40, 0xD3, 0x91, 0x0F, 0xA0, 0x46, 0x74, 0x05, 0x30,
    0x5D, 0x6C, 0xC1, 0x1A, 0x79, 0x16, 0x70, 0x7A, 0x08, 0x39, 0x6F, 0x94, 0x63, 0x8B, 0x9D, 0x21,
    0x51, 0x9D, 0xDE, 0x84, 0xD2, 0x15, 0xB9, 0x5E, 0xFA, 0x59, 0xD4, 0x3C, 0xB0, 0x25, 0x1D, 0xF2,
    0x98, 0x4F, 0x48, 0xD9, 0x92, 0x14, 0xA3, 0x21, 0x8D, 0xA7, 0x40, 0xCA, 0x57, 0x65, 0xD9, 0x40,
    0xF3, 0x69, 0xDD, 0x53, 0x3B, 0x58, 0xE3, 0xD5, 0x71, 0xA2, 0x73, 0x58, 0x6A, 0x2D, 0xE5, 0x45,
    0xB4, 0xE8, 0x72, 0xC0, 0x82, 0xE6, 0xBD, 0x08, 0x92, 0xC3, 0xB3, 0xC5, 0x5A, 0x62, 0xD1, 0x9B,
    0xDC, 0x8D, 0x9E, 0x25, 0xAA, 0x7C, 0xF3, 0x6F, 0xFE, 0x33, 0x98, 0xDE, 0xE3, 0xE2, 0x32, 0x58,
    0x35, 0xD7, 0x2C, 0xE2, 0x25, 0x17, 0xC8, 0x0D, 0x4E, 0x07, 0x84, 0xC7, 0x0B, 0x69, 0x17, 0x0A,
    0x9E, 0xC5, 0x9B, 0xB2, 0x4D, 0xCA, 0x65, 0x15, 0xB5, 0xDE, 0xA9, 0xA7, 0x98, 0x35, 0xB8, 0xD9,
    0x81, 0x1B, 0xDC, 0x53, 0xDF, 0x91, 0xCB, 0xF6, 0x74, 0xF3, 0xE2, 0x67, 0xF3, 0x27, 0x6E, 0x70,
    0x4E, 0x65, 0x56, 0xEA, 0xE4, 0xD7, 0x7A, 0xF7, 0x17, 0x49, 0x87, 0x1D, 0xE9, 0xE4, 0x37, 0xF8,
    0x37, 0x16, 0x91, 0x3C, 0x7A, 0xF2, 0xBF, 0xD3, 0xEE, 0xD8, 0xB2, 0x5C, 0x7A, 0x2D, 0x5F, 0x58,
    0x92, 0x20, 0x32, 0x6E, 0x53, 0x1A, 0xC3, 0xE2, 0xB2, 0x38, 0x36, 0x5D, 0xAC, 0xC3, 0xBF, 0x3C,
    0x73, 0x62, 0xEE, 0x4A, 0x34, 0xC5, 0xB9, 0xD5, 0x2F, 0x7D, 0xE7, 0x64, 0x3E, 0x28, 0x08, 0xD8,
    0x11, 0xE2, 0xAB, 0xF9, 0x86, 0xA1, 0xF3, 0x99, 0x67, 0xEA, 0xA1, 0xA3, 0x6C, 0x73, 0xE7, 0xA9,
    0x42, 0x58, 0x8F, 0xD8, 0xEA, 0x7F, 0xA0, 0x13, 0xB4, 0xFE, 0x84, 0xA0, 0xE3, 0x3C, 0x5B, 0x88,
    0x5D, 0x4B, 0xDE, 0x53, 0x6D, 0xDF, 0x09, 0xDC, 0x53, 0x12, 0x0D, 0x52, 0xEC, 0x04, 0xAD, 0x73,
    0xFA, 0x96, 0xF8, 0x3A, 0xB1, 0xEB, 0x0B, 0xCF, 0x56, 0xE2, 0xB6, 0x76, 0xFF, 0xE9, 0x07, 0x27,
    0x37, 0x00, 0x98, 0xBF, 0x43, 0x13, 0x78, 0x50, 0x42, 0x27, 0x40, 0x8F, 0xE3, 0x72, 0x88, 0xD9,
    0x22, 0x91, 0xE8, 0x0B, 0x0A, 0x23, 0x11, 0xBE, 0xAA, 0x43, 0xB0, 0x7E, 0x0B, 0xFC, 0xB7, 0x35,
    0xF8, 0xF7, 0x5D, 0x5A, 0x66, 0x7C, 0x50, 0x9D, 0x95, 0xA3, 0xDC, 0xE3, 0x01, 0xAB, 0xCB, 0x3A,
    0x5C, 0x30, 0x44, 0x35, 0xB4, 0x93, 0x84, 0x35, 0x5E, 0x27, 0xBB, 0x4F, 0xF9, 0x09, 0xD9, 0x9D,
    0x6F, 0x17, 0x37, 0x7C, 0x98, 0x5C, 0x7D, 0x6F, 0x2E, 0xD1, 0xC3, 0x0E, 0x22, 0x11, 0xA1, 0x29,
    0x7F, 0xB6, 0x8B, 0x71, 0x59, 0xA2, 0x44, 0xBD, 0xDA, 0xB0, 0x14, 0x1A, 0x60, 0xE0, 0xB8, 0xDC,
    0x9F, 0x50, 0xC9, 0xB8, 0x07, 0x16, 0x96, 0x4A, 0x59, 0x5C, 0x2D, 0x76, 0x0A, 0xF7, 0xCD, 0x37,
    0xCA, 0x9D, 0x62, 0xD7, 0x42, 0xFA, 0xF5, 0xD7, 0xCB, 0x03, 0x98, 0x89, 0x6A, 0xC9, 0xF2, 0x38,
    0xCC, 0x12, 0xB8, 0x3C, 0xF4, 0x11, 0xB8, 0x6E, 0x11, 0xFD, 0x55, 0x25, 0x36, 0x59, 0x69, 0x86,
    0x99, 0x39, 0xC7, 0x81, 0x4E, 0x31, 0x7C, 0x7C, 0x35, 0xC7, 0xE2, 0x9F, 0x58, 0x6A, 0xE4, 0x74,
    0xCA, 0x47, 0x7A, 0xD2, 0x13, 0x62, 0x09, 0x16, 0xC9, 0x54, 0x4C, 0xFB, 0xC6, 0x2A, 0xC2, 0x34,
    0x95, 0x25, 0x05, 0x78, 0x6B, 0x5E, 0x8B, 0xF0, 0x18, 0x11, 0xD4, 0x1B, 0xAF, 0xDD, 0x19, 0xFD,
    0x60, 0xE7, 0x87, 0x4E, 0xD7, 0xCE, 0xF3, 0x25, 0xA8, 0xE3, 0x36, 0x2D, 0x72, 0x10, 0x46, 0x30,
    0x7C, 0x52, 0x62, 0x8D, 0xDF, 0x1C, 0x41, 0x13, 0x76, 0x7B, 0x7C, 0x4C, 0x8F, 0x2D, 0x61, 0xB4,
    0x62, 0xF1, 0xF1, 0x39, 0x03, 0x9A, 0x37, 0xB4, 0x73, 0x1C, 0xD1, 0x23, 0xE8, 0x62, 0x71, 0x4F,
    0x0B, 0xF7, 0x01, 0xE1, 0x9C, 0x45, 0x2E, 0x90, 0x54, 0xE2, 0x20, 0xE3, 0xF9, 0x4E, 0xF2, 0x34,
    0x0B, 0xE7, 0xF9, 0x89, 0x70, 0x4E, 0x4D, 0x84, 0x7D, 0x36, 0xA6, 0xA4, 0x55, 0xCC, 0xA2, 0xD8,
    0x15, 0xAF, 0xAD, 0xF0, 0x7A, 0x92, 0x8C, 0x92, 0x89, 0x7A, 0xEB, 0xCB, 0x6A, 0x9C, 0xB3, 0x63,
    0x80, 0xD7, 0xD6, 0x18, 0xB4, 0x9D, 0xE0, 0x8C, 0xF8, 0xB0, 0x22, 0x91, 0x78, 0xF3, 0xF7, 0x26,
    0x3B, 0x5E, 0x99, 0xFC, 0x2A, 0x60, 0xF2, 0x07, 0xE8, 0xD5, 0xC5, 0xD7, 0xCD, 0xE2, 0xE7, 0x9E,
    0x8B, 0xFF, 0xF8, 0xF9, 0xF8, 0xCB, 0x60, 0xE8, 0xFF, 0xA3, 0xF8, 0xC4, 0x2A, 0x8F, 0x0E, 0x65,
    0x13, 0x61, 0x76, 0x7C, 0xC7, 0x2E, 0x77, 0x0B, 0x54, 0x9F, 0xEB, 0xAA, 0x1D, 0x3B, 0x76, 0xEE,
    0x08, 0x2B, 0x2F, 0xB7, 0x28, 0xC2, 0xB6, 0xAB, 0x14, 0xF7, 0xDE, 0x2B, 0xBE, 0xF2, 0x6D, 0x04,
    0x6E, 0x90, 0xAD, 0x3A, 0x89, 0xD9, 0x61, 0x6E, 0x99, 0x02, 0xBF, 0x2C, 0x31, 0x1D, 0x19, 0xE6,
    0x06, 0xEF, 0x7A, 0x0F, 0xA9, 0x5E, 0x68, 0x27, 0xFA, 0xE5, 0x07, 0x85, 0xD7, 0x51, 0xAC, 0x23,
    0x06, 0x93, 0x6E, 0x82, 0xEA, 0x08, 0x7A, 0x07, 0x31, 0xD5, 0x77, 0xB3, 0xD6, 0xC0, 0x36, 0x45,
    0xB2, 0xDC, 0x91, 0xE8, 0x68, 0xE0, 0x5E, 0xB2, 0x7A, 0xCF, 0xE3, 0x37, 0x56, 0xBF, 0xBC, 0x0A,
    0xE1, 0x76, 0xF0, 0x84, 0x4A, 0x5C, 0xB3, 0x54, 0x0E, 0xD5, 0x4D, 0x7B, 0x95, 0x29, 0x7D, 0x4E,
    0xEF, 0x78, 0xFC, 0x4E, 0x95, 0xCF, 0x03, 0x83, 0x39, 0x09, 0xD6, 0x32, 0xA0, 0xBB, 0x16, 0xDE,
    0x8B, 0xAC, 0x82, 0x58, 0x22, 0xCC, 0x92, 0xEC, 0x09, 0xE0, 0xA4, 0x51, 0x99, 0x56, 0x27, 0x62,
    0x54, 0x14, 0x83, 0xD2, 0x5F, 0xEB, 0xA7, 0xC2, 0x1F, 0xAF, 0x62, 0x98, 0x03, 0x35, 0x1F, 0x40,
    0x3E, 0x8C, 0xF9, 0x91, 0x3D, 0x89, 0x2D, 0x10, 0x04, 0xFD, 0x35, 0x7E, 0xAB, 0xE1, 0x17, 0x14,
    0x37, 0x0F, 0x93, 0x2A, 0x30, 0xA5, 0xDB, 0x91, 0x1D, 0xE6, 0xA6, 0x2C, 0x35, 0xA6, 0xD3, 0x1B,
    0x45, 0x60, 0xA5, 0x9C, 0xDB, 0x08, 0x78, 0xC4, 0x9A, 0x76, 0x3F, 0x60, 0x4C, 0x0C, 0x04, 0x8D,
    0x23, 0xF1, 0xDF, 0x81, 0x36, 0x3B, 0xB4, 0xE9, 0x53, 0x30, 0x13, 0xC1, 0x54, 0x2C, 0xE0, 0x0D,
    0xCC, 0x3B, 0x40, 0x7F, 0x30, 0xD6, 0xAB, 0x4A, 0x4A, 0x12, 0x89, 0xC5, 0x56, 0x09, 0xBF, 0x2D,
    0x41, 0x19, 0x6D, 0x54, 0x74, 0xCA, 0x6E, 0x89, 0x47, 0x5E, 0x76, 0x12, 0xBA, 0x55, 0xEF, 0x50,
    0xA7, 0xC4, 0x6E, 0xA2, 0x95, 0x19, 0xAF, 0x07, 0x45, 0xE4, 0x50, 0xCE, 0x51, 0x8E, 0x3B, 0x19,
    0xEA, 0x38, 0x02, 0x98, 0x7C, 0x82, 0x49, 0x0A, 0x18, 0x6E, 0x28, 0x28, 0xE6, 0x90, 0xD2, 0x30,
    0x24, 0x18, 0x38, 0x70, 0xB0, 0x48, 0xA4, 0xD8, 0x88, 0x1C, 0x18, 0x0A, 0x8D, 0x85, 0x06, 0xC3,
    0x16, 0x33, 0xF9, 0x88, 0x69, 0x3C, 0x57, 0x82, 0x6D, 0x11, 0xAD, 0xF5, 0x93, 0xE3, 0x4F, 0x48,
    0x3F, 0x9C, 0xF8, 0x15, 0xE5, 0x37, 0x08, 0x60, 0xF4, 0x75, 0x54, 0x63, 0x76, 0xF4, 0x95, 0x31,
    0xB2, 0xD2, 0x68, 0x8D, 0xDF, 0x7C, 0xF8, 0x0D, 0xB1, 0xAE, 0x0F, 0x91, 0x18, 0xC8, 0xD2, 0x97,
    0x60, 0x17, 0xD5, 0xCA, 0x9F, 0x1C, 0x23, 0x37, 0x07, 0x75, 0x16, 0xF4, 0xAB, 0x50, 0xA0, 0xF7,
    0x3C, 0x84, 0xDF, 0xA9, 0x61, 0x6A, 0xA4, 0xDA, 0xD3, 0xB3, 0x54, 0x80, 0x9A, 0xE3, 0xC8, 0xC6,
    0x2E, 0xA9, 0xBC, 0x17, 0x23, 0xB0, 0x95, 0x2D, 0x33, 0x99, 0x5F, 0x65, 0x2F, 0x5B, 0x3A, 0xFC,
    0x05, 0x0C, 0xD1, 0xA1, 0xED, 0x6F, 0x28, 0x54, 0x90, 0x5B, 0x6C, 0x1D, 0xA5, 0xC4, 0xD9, 0x03,
    0xCA, 0xD9, 0x00, 0x6E, 0x88, 0x47, 0x9F, 0xD2, 0x30, 0xC2, 0x12, 0x15, 0xBC, 0xB4, 0x08, 0xE4,
    0x43, 0x4B, 0x84, 0x46, 0x80, 0xB1, 0xC3, 0x39, 0x34, 0x09, 0xA5, 0x50, 0x5B, 0x47, 0xBE, 0x31,
    0x18, 0x3D, 0xA9, 0xE9, 0x75, 0x52, 0x3A, 0x97, 0xAD, 0x58, 0x91, 0x0A, 0x89, 0xAA, 0x93, 0x59,
    0xF5, 0xAE, 0x73, 0x09, 0x54, 0x12, 0x81, 0xCA, 0x1E, 0x60, 0xAB, 0x20, 0x63, 0x63, 0xA0, 0x60,
    0x1B, 0xA0, 0x60, 0xD5, 0x3F, 0x53, 0x1A, 0xBF, 0x52, 0xF4, 0x95, 0x7E, 0xAF, 0xD4, 0x7A, 0xAD,
    0xCD, 0x2B, 0x25, 0x5E, 0xEB, 0xEE, 0x88, 0x9C, 0x9D, 0x06, 0x72, 0xC4, 0x1D, 0xE8, 0xC9, 0xC6,
    0xC4, 0x23, 0xBB, 0xB3, 0x3A, 0x0B, 0x34, 0x29, 0xA7, 0x4B, 0x5B, 0xD9, 0x00, 0x6F, 0x52, 0xB4,
    0x68, 0xB5, 0xEC, 0x4B, 0x41, 0xF1, 0x8A, 0x7B, 0x79, 0x20, 0xC1, 0xB8, 0xF8, 0x36, 0x6D, 0x83,
    0x7F, 0x1D, 0x56, 0xBE, 0x25, 0x99, 0xAF, 0xBB, 0x28, 0xFE, 0xD0, 0xFB, 0x24, 0xC1, 0xBE, 0x7E,
    0x41, 0xE6, 0x9D, 0x9A, 0xF3, 0xF9, 0x90, 0xD3, 0x85, 0x21, 0x1D, 0x7A, 0xDD, 0xDD, 0xC7, 0xB0,
    0x83, 0x29, 0x3B, 0x0E, 0xB5, 0xEF, 0x2E, 0xCA, 0x46, 0xE7, 0x98, 0xCF, 0x69, 0xCC, 0x75, 0x14,
    0xD0, 0x27, 0x01, 0x2E, 0x01, 0xBE, 0xAF, 0x7E, 0xFE, 0x28, 0x0B, 0x1E, 0xB2, 0xC7, 0xD8, 0x05,
    0x57, 0x60, 0x01, 0x87, 0xE4, 0xBC, 0x91, 0x7D, 0x47, 0x1E, 0x5A, 0x3B, 0xF1, 0x2C, 0x9A, 0xF1,
    0xF4, 0xEA, 0xE4, 0xA3, 0x71, 0x51, 0x40, 0xA0, 0x85, 0x6B, 0xA8, 0xF4, 0x1B, 0x35, 0x34, 0x2F,
    0x57, 0x8D, 0xB0, 0x54, 0x0D, 0x98, 0x1F, 0x8D, 0x12, 0x85, 0x37, 0x0D, 0x73, 0x09, 0x28, 0x12,
    0xC6, 0xB9, 0x0F, 0x37, 0x2A, 0x68, 0x78, 0xA0, 0xDF, 0x43, 0x5E, 0xC6, 0xA9, 0x74, 0x1D, 0x0D,
    0x35, 0x17, 0x41, 0x83, 0x63, 0xDD, 0xB3, 0x7E, 0x9E, 0x5C, 0xB4, 0x22, 0x3B, 0xAE, 0x4F, 0x97,
    0x52, 0x39, 0x71, 0xEB, 0x90, 0x0F, 0x88, 0xC7, 0x2C, 0x00, 0x4B, 0x46, 0xE9, 0x64, 0xE7, 0x41,
    0x26, 0x5A, 0xCF, 0x43, 0xC3, 0x09, 0xC9, 0xCF, 0x6E, 0x48, 0x9B, 0x00, 0xED, 0xED, 0xDB, 0xC2,
    0x7B, 0xA3, 0x11, 0xFE, 0x0F, 0x1B, 0xE1, 0xBE, 0x58, 0x8F, 0x83, 0x88, 0xF7, 0x09, 0xAA, 0x7C,
    0x73, 0x28, 0xC3, 0xB2, 0x42, 0x26, 0x40, 0xAA, 0x42, 0xF0, 0x3A, 0x88, 0xCD, 0x2C, 0x9D, 0x00,
    0x71, 0x4D, 0x98, 0xC4, 0xA0, 0xCD, 0xA2, 0x94, 0x82, 0x3E, 0xBD, 0xFF, 0xF3, 0x40, 0x80, 0x83,
    0x23, 0x07, 0x2B, 0x1E, 0x9E, 0x0C, 0xE7, 0xE8, 0x21, 0x04, 0xF9, 0x28, 0x53, 0x6B, 0x38, 0x22,
    0x16, 0x8A, 0xFB, 0x3C, 0x11, 0x60, 0xD1, 0x85, 0x48, 0x9E, 0x43, 0xE5, 0x30, 0xC4, 0x03, 0xBA,
    0x07, 0xC9, 0x2B, 0x88, 0xCE, 0x40, 0x32, 0xE9, 0x0B, 0x74, 0xFD, 0x61, 0xF4, 0x89, 0xAC, 0xA4,
    0x9E, 0x48, 0x71, 0x6A, 0x24, 0x7B, 0xDF, 0x60, 0xB9, 0x83, 0x53, 0x24, 0x6D, 0xC5, 0x98, 0xE6,
    0xBB, 0x49, 0xC6, 0x56, 0xF1, 0x15, 0xF5, 0xB4, 0xBA, 0x9B, 0x69, 0xD8, 0xE5, 0x93, 0xAB, 0x24,
    0xF7, 0xBC, 0x8B, 0xB4, 0xFB, 0x51, 0x77, 0x12, 0x3D, 0x58, 0x24, 0x0F, 0x17, 0xA1, 0x97, 0xF5,
    0x61, 0x31, 0x54, 0xAD, 0x7B, 0x8D, 0x06, 0x14, 0x0E, 0x58, 0x6A, 0xC0, 0x42, 0xE0, 0x17, 0xEB,
    0xBA, 0xE3, 0x08, 0xE0, 0xD3, 0x28, 0xAF, 0x97, 0xAD, 0x28, 0xC9, 0x7B, 0xA3, 0x15, 0x4E, 0x31,
    0x93, 0x7B, 0x8F, 0x1A, 0x28, 0x99, 0x9B, 0xAC, 0xBE, 0x58, 0xC4, 0xF4, 0x72, 0xA4, 0xD4, 0x82,
    0x32, 0x2B, 0xBF, 0x27, 0xCB, 0x6E, 0x88, 0xC6, 0xE9, 0x05, 0xA3, 0xE9, 0x45, 0xC7, 0xC8, 0x75,
    0x7F, 0xC2, 0x6B, 0xCD, 0x79, 0x83, 0x11, 0xE9, 0xFE, 0x88, 0x9F, 0x66, 0xBF, 0x5E, 0x5D, 0x1A,
    0xFE, 0x34, 0x54, 0x5A, 0x68, 0xC0, 0xF5, 0x7A, 0x6A, 0x7F, 0xE5, 0x77, 0x55, 0x54, 0xDE, 0xAA,
    0x5B, 0x1D, 0x9A, 0xD7, 0x36, 0x59, 0xF5, 0xC4, 0xA5, 0x47, 0x3E, 0x28, 0x04, 0x4E, 0x89, 0xE1,
    0x71, 0x38, 0x6E, 0xFE, 0x4D, 0x71, 0x22, 0x12, 0x69, 0x14, 0xDF, 0x17, 0xEA, 0xA1, 0xDC, 0x81,
    0xCA, 0x9C, 0x8A, 0xE7, 0xB7, 0x44, 0x14, 0x1D, 0x87, 0x76, 0xD1, 0x1E, 0x49, 0x5B, 0x0C, 0x61,
    0x60, 0xE6, 0x72, 0xDC, 0x07, 0xD1, 0x83, 0x09, 0x8F, 0x36, 0x80, 0x4B, 0xD3, 0x3D, 0xC2, 0x79,
    0x13, 0xFE, 0x11, 0xD0, 0x64, 0x97, 0xF5, 0x3B, 0x26, 0x0C, 0x2A, 0x50, 0xA4, 0xBA, 0x44, 0xDE,
    0xAF, 0x00, 0xFF, 0x4E, 0xC5, 0x87, 0x54, 0x73, 0x48, 0x89, 0x0C, 0x88, 0xA4, 0xC3, 0x5C, 0xAD,
    0x81, 0xFA, 0x1B, 0xB1, 0x14, 0x0A, 0x8B, 0x53, 0xBC, 0x99, 0xBC, 0x77, 0x51, 0x06, 0xE0, 0x43,
    0xBF, 0x33, 0x45, 0x93, 0x30, 0xA2, 0x99, 0xB3, 0xFC, 0x20, 0x8F, 0x2F, 0x41, 0x91, 0x6A, 0xFC,
    0xA8, 0xB4, 0x8F, 0x2A, 0xFA, 0xB8, 0x90, 0x8F, 0xEB, 0xF7, 0xF6, 0xEE, 0x51, 0x75, 0x92, 0x5C,
    0x1F, 0x49, 0x03, 0xE1, 0x91, 0x08, 0x35, 0x14, 0x1E, 0x0B, 0x0D, 0x46, 0xD5, 0x3B, 0x72, 0x9D,
    0x23, 0xD5, 0x37, 0x72, 0x5D, 0x23, 0xD5, 0x33, 0xB6, 0x5C, 0xC7, 0xC8, 0xF5, 0x8B, 0x38, 0xA8,
    0xA5, 0x96, 0x46, 0xC5, 0xC3, 0xE2, 0x71, 0x29, 0xC1, 0xC6, 0xBE, 0x68, 0xA6, 0x4F, 0xAE, 0x3F,
    0xE4, 0xBA, 0x43, 0xAE, 0x37, 0x54, 0x75, 0x86, 0xAA, 0xBE, 0x10, 0xEB, 0x0A, 0x69, 0xDF, 0x07,
    0x1A, 0x80, 0xCF, 0x71, 0x78, 0x68, 0xD2, 0xDE, 0x0E, 0xAA, 0x72, 0x9A, 0x76, 0x73, 0xC0, 0x6D,
    0x1C, 0xF6, 0xA3, 0x0B, 0x89, 0x9D, 0xF8, 0xB5, 0xAA, 0x5D, 0x5B, 0x11, 0x1F, 0x89, 0x29, 0x15,
    0x51, 0x87, 0x83, 0x9C, 0x9A, 0x18, 0x99, 0x7A, 0x06, 0x3F, 0x84, 0x9F, 0xC2, 0x8F, 0xD1, 0xCF,
    0x51, 0x25, 0xDA, 0xF4, 0x24, 0x7A, 0x14, 0xED, 0x15, 0x41, 0x09, 0x4A, 0x28, 0x9B, 0xEA, 0x04,
    0xA4, 0x13, 0x72, 0x90, 0x9C, 0xF6, 0x84, 0x98, 0xAC, 0x7C, 0xA4, 0xCA, 0xD4, 0xE0, 0xD0, 0x04,
    0x3B, 0x1E, 0x28, 0x2F, 0xE3, 0x42, 0x11, 0x81, 0x06, 0x2B, 0xD7, 0x17, 0x4E, 0x74, 0xEB, 0xD2,
    0x12, 0x01, 0x80, 0xAA, 0x65, 0x64, 0x33, 0xE2, 0x39, 0x50, 0x71, 0x29, 0x89, 0xE0, 0x22, 0xA2,
    0xB9, 0xD1, 0xF1, 0x66, 0x0E, 0x3A, 0x8F, 0x04, 0xC6, 0x7B, 0x04, 0xCB, 0xE6, 0x50, 0xD5, 0x30,
    0x55, 0x84, 0x7C, 0xB6, 0xB4, 0xEC, 0xBD, 0x4F, 0x0F, 0x4A, 0xF8, 0xF4, 0x0B, 0xB9, 0xD1, 0xDD,
    0xD9, 0x99, 0x5C, 0x40, 0xE6, 0x61, 0xD7, 0x43, 0x8C, 0x99, 0x8F, 0x56, 0x35, 0x5F, 0xD4, 0x5D,
    0x34, 0x3A, 0x43, 0xD3, 0x0F, 0xB3, 0x9B, 0xD0, 0x67, 0x89, 0x94, 0x81, 0x39, 0x4B, 0x98, 0x58,
    0x64, 0x69, 0xA7, 0x4A, 0x4A, 0xAE, 0xC9, 0xAB, 0xC9, 0xAE, 0xA5, 0xD0, 0x4F, 0x8C, 0x7E, 0xCB,
    0xAD, 0xA3, 0x3C, 0x76, 0xCA, 0x54, 0xA0, 0x1C, 0x29, 0x72, 0x7D, 0x12, 0x85, 0x79, 0x04, 0xC5,
    0xAE, 0x37, 0x4C, 0x49, 0xF6, 0xA5, 0x8A, 0xBA, 0xAE, 0xA6, 0xDA, 0x05, 0x94, 0xB1, 0x09, 0x49,
    0x31, 0xD9, 0xC9, 0x12, 0x53, 0x8F, 0xF2, 0x11, 0xF9, 0x63, 0x32, 0x07, 0x25, 0x74, 0x34, 0x17,
    0x7A, 0xC0, 0x8D, 0x4E, 0x15, 0xB1, 0xBB, 0x39, 0xD4, 0x7A, 0x31, 0xA6, 0x83, 0x39, 0x80, 0x98,
    0x68, 0xE0, 0xAA, 0xE1, 0xDA, 0x73, 0x9C, 0x58, 0x96, 0xDA, 0xFA, 0x04, 0xD5, 0x8E, 0x14, 0xD3,
    0x05, 0x0A, 0xF2, 0xBA, 0x61, 0x2E, 0x1E, 0x8E, 0x66, 0x61, 0x74, 0x33, 0x4E, 0x5B, 0x70, 0xFB,
    0x61, 0xD9, 0xC3, 0xB0, 0x88, 0x22, 0x98, 0xE0, 0x70, 0x5B, 0x02, 0x3C, 0x80, 0x99, 0x94, 0x71,
    0x0E, 0x60, 0x52, 0xA9, 0xAC, 0x3F, 0xBC, 0x35, 0xDD, 0x9B, 0xA3, 0xA9, 0xC3, 0xDD, 0xED, 0x8A,
    0xA9, 0x91, 0xCC, 0xA0, 0x59, 0x7A, 0xBC, 0x90, 0xD3, 0xA0, 0x1A, 0x09, 0x92, 0x60, 0x74, 0x98,
    0x5B, 0xBC, 0x73, 0x51, 0x67, 0xCA, 0x51, 0xBC, 0x15, 0x29, 0x4C, 0x51, 0x4F, 0x2A, 0x1C, 0xCF,
    0xBC, 0x5B, 0x5C, 0x41, 0xBB, 0x3C, 0x09, 0xAA, 0x45, 0xA5, 0x08, 0x2D, 0x28, 0x79, 0x61, 0xEE,
    0x57, 0x57, 0xC4, 0x48, 0x41, 0x18, 0xC9, 0xC7, 0xBD, 0x83, 0x25, 0xB5, 0x28, 0xAB, 0x66, 0x92,
    0x16, 0x01, 0xD5, 0xD8, 0xF4, 0x1B, 0x79, 0x89, 0xBE, 0x3A, 0x07, 0x53, 0x02, 0xD8, 0xC5, 0x22,
    0x64, 0x5A, 0x24, 0x98, 0x49, 0xAB, 0xF3, 0x96, 0x80, 0xDE, 0x5C, 0x15, 0x49, 0xEA, 0xF6, 0xA6,
    0x8D, 0x11, 0x49, 0xD2, 0x11, 0xD3, 0x5C, 0x3B, 0x73, 0xB5, 0x4F, 0x6E, 0xF1, 0xC4, 0x8C, 0x6F,
    0xDC, 0xDC, 0x40, 0x46, 0x07, 0xD7, 0x70, 0x06, 0xEA, 0x3A, 0xCD, 0x41, 0xB7, 0x71, 0x16, 0x08,
    0xFB, 0x7E, 0x1E, 0x35, 0xEF, 0x82, 0x4C, 0x33, 0xE1, 0xFD, 0x99, 0x79, 0x2E, 0xBC, 0x39, 0xB3,
    0x4A, 0x34, 0xED, 0x8C, 0xB6, 0x14, 0xFD, 0x8C, 0x96, 0x54, 0x1B, 0xE7, 0xE4, 0x76, 0xC6, 0xAC,
    0xCC, 0x79, 0x99, 0x33, 0x33, 0xE7, 0x36, 0x9A, 0x9D, 0x39, 0xBF, 0x95, 0x33, 0x54, 0x28, 0x53,
    0x19, 0x08, 0x0A, 0x6D, 0x80, 0xB3, 0x6F, 0x88, 0x2D, 0x31, 0x20, 0x0C, 0xEB, 0xFF, 0xFD, 0x92,
    0x0C, 0x18, 0x2A, 0xAF, 0xC2, 0x13, 0xD0, 0x0D, 0x2A, 0x8F, 0x60, 0xB5, 0xC8, 0x3C, 0x50, 0x7B,
    0x71, 0x95, 0x3C, 0x7E, 0xF4, 0x02, 0xBC, 0x05, 0x4C, 0xA2, 0x03, 0x2B, 0x3E, 0x5D, 0x1E, 0x43,
    0xB2, 0x30, 0xD3, 0x0D, 0xF0, 0xF6, 0x04, 0x4F, 0xF5, 0x00, 0xA1, 0x1E, 0x41, 0x32, 0x0F, 0x53,
    0x37, 0x88, 0x3C, 0x31, 0x31, 0x93, 0xCC, 0x23, 0x99, 0x87, 0xBC, 0x8D, 0x31, 0xD5, 0xDF, 0x28,
    0x68, 0xA5, 0x70, 0xFD, 0x2C, 0x3C, 0xAE, 0x03, 0xC3, 0x90, 0x1E, 0x58, 0x7B, 0x2B, 0x72, 0x63,
    0x37, 0xF7, 0xAD, 0xC1, 0xE6, 0x1D, 0x80, 0x71, 0x5F, 0xBF, 0x4A, 0x77, 0xF7, 0x29, 0x04, 0xA7,
    0xFA, 0x71, 0x3E, 0xAF, 0x81, 0xE9, 0x9D, 0xCC, 0xDF, 0xBF, 0x34, 0xBE, 0xD9, 0x68, 0x9B, 0x7E,
    0x01, 0xD3, 0x4D, 0x7D, 0x9F, 0xC1, 0xCE, 0x77, 0x0F, 0x6E, 0x95, 0x01, 0x56, 0x26, 0xB4, 0x66,
    0xE0, 0xB5, 0x46, 0x20, 0xE8, 0xFD, 0xBD, 0xB6, 0xAC, 0x91, 0x71, 0xAE, 0x0A, 0x97, 0x7D, 0xA6,
    0x9E, 0x3D, 0xB7, 0xB3, 0xC6, 0xC2, 0xCA, 0xCA, 0x32, 0x6B, 0x2B, 0xBD, 0xB5, 0xFA, 0x2E, 0xAD,
    0xC9, 0x9E, 0x75, 0x87, 0x93, 0xD9, 0x5C, 0xD4, 0x40, 0x23, 0x79, 0xAA, 0x94, 0x39, 0xE7, 0x75,
    0x05, 0x09, 0xE7, 0x47, 0x3A, 0x51, 0xAF, 0xAC, 0xD6, 0xC2, 0xED, 0x25, 0x59, 0xED, 0xC2, 0x3A,
    0x31, 0x14, 0x20, 0xF4, 0x59, 0x40, 0x42, 0x6F, 0x8D, 0x73, 0x37, 0xE9, 0xAB, 0x2A, 0x4B, 0x31,
    0x90, 0x5F, 0x90, 0xBA, 0xEC, 0xA6, 0x02, 0x01, 0x48, 0x94, 0x65, 0x61, 0x7D, 0x74, 0x4C, 0x84,
    0xE5, 0x48, 0x1E, 0x2E, 0x1C, 0x9F, 0x47, 0x4F, 0xA4, 0x22, 0x9F, 0xEE, 0x98, 0xCA, 0xCE, 0x52,
    0x29, 0x9D, 0x7D, 0x93, 0xDD, 0x24, 0x98, 0x00, 0xBE, 0x4C, 0x38, 0x03, 0xC1, 0xBA, 0x80, 0x79,
    0x92, 0x51, 0xD5, 0x53, 0x14, 0x26, 0x34, 0x34, 0x03, 0x3D, 0x55, 0x2B, 0xC9, 0xC9, 0xA0, 0x26,
    0xCC, 0xBE, 0x5C, 0x6D, 0x6E, 0xE6, 0xE4, 0xFA, 0xD9, 0x19, 0xD3, 0x33, 0xE7, 0xD7, 0x4F, 0x50,
    0x18, 0x33, 0x14, 0xC6, 0x14, 0xCD, 0x39, 0x0E, 0x93, 0x1C, 0xAF, 0x9D, 0x78, 0x45, 0x1B, 0xE7,
    0xB9, 0xB5, 0x33, 0x27, 0x6A, 0xCE, 0xD4, 0x9C, 0xAA, 0x39, 0xD7, 0x35, 0xD6, 0xCE, 0x78, 0xBA,
    0x6A, 0xA3, 0xE0, 0x84, 0x33, 0x3E, 0x71, 0xED, 0x4D, 0xD1, 0xBE, 0xA8, 0x2D, 0x98, 0x4C, 0x77,
    0x5B, 0x63, 0xB7, 0x96, 0x2C, 0x1C, 0xF4, 0x5D, 0x63, 0x7E, 0xBF, 0xDB, 0x50, 0xED, 0xBD, 0xDF,
    0x61, 0xFC, 0x00, 0x6B, 0xC9, 0xDE, 0x3A, 0xAA, 0x0B, 0x76, 0x0B, 0xF9, 0x20, 0x8D, 0xB9, 0xB5,
    0xD5, 0x20, 0x16, 0xF4, 0x26, 0x3A, 0x7A, 0x2B, 0xE2, 0x44, 0xED, 0x9A, 0x4F, 0xEB, 0x9B, 0x1F,
    0x22, 0xD4, 0x53, 0x84, 0x7A, 0x8C, 0x50, 0xCF, 0x11, 0xEA, 0x41, 0x42, 0x3D, 0x49, 0xF0, 0xA3,
    0xFA, 0xDA, 0xED, 0x8E, 0x1F, 0x26, 0x3B, 0x7E, 0x1A, 0x46, 0x20, 0x17, 0x8C, 0x3D, 0x7B, 0x46,
    0xC8, 0xAC, 0xE7, 0xE5, 0xC8, 0x1A, 0x4D, 0xAB, 0x16, 0xE7, 0xFC, 0x7A, 0x3F, 0x53, 0xFD, 0x2A,
    0x40, 0x1B, 0x65, 0x16, 0x9B, 0xED, 0xF3, 0x81, 0xDB, 0x4F, 0xDD, 0xAA, 0xD2, 0x39, 0xDA, 0x85,
    0x99, 0x3D, 0xA9, 0x4E, 0x6E, 0xB1, 0x3A, 0x90, 0x2E, 0xFE, 0x6A, 0x9C, 0x19, 0x5A, 0x9F, 0xE9,
    0xA9, 0xCF, 0x6B, 0x8D, 0xEE, 0x5D, 0x5F, 0xCD, 0x9C, 0x06, 0xCB, 0x55, 0xAF, 0x9C, 0x60, 0x6B,
    0x1E, 0xFD, 0x55, 0x8F, 0x8B, 0xCB, 0x78, 0xC4, 0xAD, 0x26, 0xFD, 0x1F, 0xAA, 0xDD, 0x24, 0x30,
    0xC3, 0x59, 0x76, 0xFB, 0x5B, 0x38, 0x62, 0x19, 0xA0, 0x2F, 0x63, 0x2C, 0xB8, 0x6D, 0x49, 0xE1,
    0xC1, 0x41, 0x45, 0xF2, 0xAD, 0x54, 0xD6, 0x54, 0x7E, 0x54, 0x24, 0x7A, 0x5B, 0x2D, 0xF4, 0x7C,
    0x2C, 0x90, 0x9B, 0x45, 0x25, 0xE4, 0xAA, 0x3A, 0x71, 0x95, 0xEC, 0x3B, 0x3E, 0xF9, 0x6B, 0x9E,
    0x70, 0x48, 0x6A, 0x4C, 0x6A, 0x50, 0x6A, 0x54, 0x6A, 0x58, 0x6A, 0x5C, 0x6A, 0x60, 0x6A, 0x64,
    0x3C, 0x34, 0x41, 0x63, 0x53, 0x83, 0x93, 0x6D, 0x32, 0x9C, 0xCE, 0x00, 0xAC, 0x78, 0x7C, 0xD6,
    0x1E, 0x95, 0x46, 0xDB, 0x1F, 0xDD, 0xD5, 0x8E, 0x8D, 0x79, 0x5C, 0x94, 0x53, 0x2C, 0x96, 0x00,
    0xE4, 0x39, 0xAD, 0xDA, 0x33, 0x93, 0x82, 0xF6, 0x1D, 0x56, 0xF3, 0x91, 0xEF, 0xDF, 0xA1, 0x15,
    0xE7, 0x50, 0x54, 0x00, 0xD0, 0xB8, 0x24, 0x49, 0x5F, 0x60, 0x65, 0xA1, 0xA2, 0x23, 0xFA, 0x8A,
    0x06, 0x1F, 0x11, 0x8F, 0x44, 0x0D, 0x42, 0x9F, 0xDC, 0xB5, 0x4E, 0xCD, 0xF8, 0x84, 0x43, 0x52,
    0x63, 0x52, 0x83, 0xD2, 0x61, 0x7A, 0x1E, 0x96, 0x1A, 0x97, 0xE0, 0x81, 0x09, 0x1E, 0x99, 0x1A,
    0x1A, 0xEB, 0x32, 0x7A, 0xAF, 0x97, 0x78, 0x38, 0x9D, 0xD9, 0x2A, 0x67, 0x92, 0xAB, 0x7B, 0xAA,
    0x42, 0x87, 0x1A, 0xEE, 0x5E, 0xA1, 0x8E, 0x3E, 0x5D, 0xB9, 0x34, 0x54, 0x45, 0x7E, 0x8B, 0xA0,
    0x24, 0x50, 0xA8, 0x93, 0xCF, 0x17, 0xDF, 0x13, 0x54, 0x85, 0x1E, 0x94, 0x1A, 0xEF, 0xA3, 0x8F,
    0x7C, 0xE5, 0x92, 0x50, 0x15, 0x39, 0x57, 0x68, 0x18, 0xC3, 0x49, 0x5D, 0xBC, 0x34, 0x54, 0x45,
    0xF1, 0x8D, 0xA4, 0x53, 0xC5, 0xFE, 0x94, 0x9A, 0x89, 0x89, 0x35, 0xBC, 0x15, 0x1D, 0x85, 0xFA,
    0xE8, 0x10, 0x94, 0xD6, 0x61, 0xC0, 0x43, 0x82, 0x29, 0x6C, 0x92, 0x0A, 0x5F, 0x71, 0x93, 0x20,
    0xB9, 0x87, 0xC3, 0xF1, 0xB4, 0xCD, 0x6D, 0x50, 0x69, 0x4B, 0x37, 0xEA, 0xBD, 0xDC, 0x86, 0xAB,
    0xBB, 0xF7, 0x72, 0x47, 0x70, 0xF7, 0xDB, 0x03, 0xF9, 0x6A, 0x5A, 0x62, 0xA6, 0x52, 0xC5, 0xBB,
    0xD5, 0x84, 0xBD, 0x97, 0xDB, 0x3A, 0x12, 0xF3, 0x6E, 0x4D, 0x16, 0x55, 0x44, 0x21, 0x55, 0x50,
    0x3D, 0xA6, 0xD7, 0x50, 0xF9, 0xAE, 0x8B, 0xEE, 0xE4, 0x17, 0x2A, 0xB5, 0xED, 0x59, 0xC0, 0x9B,
    0x16, 0xC1, 0x60, 0x70, 0x6B, 0x3A, 0x87, 0xE3, 0x8B, 0xB6, 0xAC, 0x42, 0x9D, 0xC7, 0x85, 0x3B,
    0xB9, 0xA8, 0x0C, 0x07, 0x76, 0x22, 0xD2, 0xD0, 0x0A, 0xB1, 0x11, 0xE8, 0xE8, 0xA8, 0xA4, 0x1D,
    0x05, 0x26, 0x2E, 0xA1, 0x0D, 0x33, 0x98, 0x85, 0xB5, 0x57, 0x95, 0x2F, 0x85, 0xB4, 0x93, 0x5A,
    0x8C, 0xFB, 0xFB, 0xB8, 0xF2, 0x28, 0x39, 0x24, 0x51, 0xD4, 0xA0, 0x89, 0x09, 0x23, 0xB8, 0x0A,
    0xC6, 0x81, 0x03, 0xA7, 0x0D, 0xF1, 0x78, 0xA3, 0x0F, 0x00, 0x73, 0xA7, 0x93, 0x6A, 0x70, 0x06,
    0x81, 0x2C, 0x59, 0x49, 0x70, 0x88, 0x92, 0x70, 0xF3, 0x1F, 0xA7, 0xB3, 0x91, 0xA6, 0xEE, 0xC7,
    0xCA, 0xE3, 0xD7, 0xB0, 0xCC, 0x98, 0x67, 0x40, 0x09, 0x04, 0x4C, 0xD0, 0x6D, 0x04, 0x26, 0x4C,
    0x1B, 0x9D, 0xB1, 0x52, 0xD3, 0x49, 0x3A, 0xEB, 0xB9, 0x2B, 0x56, 0x06, 0xA8, 0xDE, 0x4B, 0x08,
    0x34, 0x9C, 0xBE, 0xAD, 0x3E, 0xCC, 0xDB, 0xFD, 0xEE, 0xD2, 0x23, 0x5A, 0x2B, 0x0E, 0xC8, 0x97,
    0xF0, 0xED, 0x9A, 0x6E, 0x9C, 0x9F, 0x90, 0x08, 0xF8, 0xD5, 0x6A, 0x17, 0x36, 0xFB, 0xB1, 0x9F,
    0x5C, 0x05, 0x0A, 0x17, 0x90, 0x58, 0x66, 0x92, 0x15, 0x74, 0xE5, 0x90, 0x3E, 0x87, 0xEB, 0x24,
    0xDF, 0x2E, 0x4D, 0x55, 0x95, 0x9D, 0x2A, 0xB4, 0x92, 0xBD, 0xCB, 0x88, 0xFF, 0xFD, 0x45, 0xA9,
    0x1C, 0x01, 0x60, 0x0F, 0x4C, 0x69, 0x97, 0x04, 0x2C, 0x75, 0x11, 0xD1, 0xCB, 0x29, 0x7D, 0x45,
    0x5C, 0xC4, 0xDF, 0x1C, 0x87, 0xD4, 0x40, 0x67, 0xCC, 0xE1, 0x45, 0xEC, 0x58, 0x8F, 0xA9, 0x54,
    0x06, 0x8B, 0x52, 0x19, 0xF6, 0x1E, 0x49, 0x75, 0x2A, 0x43, 0xAB, 0x52, 0x19, 0x6A, 0x4E, 0x65,
    0xA0, 0x70, 0xC9, 0xBE, 0x23, 0x0F, 0xC5, 0xAB, 0xEA, 0xF6, 0xBD, 0x32, 0xDF, 0x37, 0xCE, 0x45,
    0xA5, 0xEF, 0x93, 0xF1, 0x42, 0x1D, 0x90, 0x49, 0x31, 0x69, 0x87, 0xB6, 0x40, 0x97, 0xF4, 0x6D,
    0x6C, 0xB8, 0xA5, 0x19, 0x1B, 0x2E, 0x54, 0xB7, 0xA9, 0x1A, 0x0D, 0x37, 0x5A, 0x2C, 0x18, 0x2B,
    0xF0, 0x33, 0xB0, 0xAC, 0x68, 0x22, 0xFC, 0x75, 0x63, 0xAF, 0x7E, 0x1E, 0x73, 0x1A, 0x4A, 0xBD,
    0x21, 0x70, 0x63, 0xF7, 0x05, 0x3D, 0x38, 0x99, 0xE5, 0x2D, 0x08, 0xC6, 0x7D, 0x47, 0x86, 0x72,
    0x48, 0x4C, 0xC0, 0xD0, 0x79, 0xBF, 0xDE, 0x4C, 0xF6, 0x30, 0xED, 0xA9, 0x47, 0xE0, 0xC0, 0xC5,
    0x30, 0xF1, 0xEB, 0x34, 0xC3, 0xFC, 0xC4, 0xA0, 0x0C, 0xF3, 0x60, 0x39, 0x29, 0xB0, 0x38, 0x03,
    0xDF, 0xF8, 0x4D, 0x37, 0xE2, 0xAE, 0x04, 0x73, 0x05, 0xB3, 0x94, 0xF8, 0x79, 0x47, 0x5B, 0x8F,
    0x8D, 0x29, 0x8F, 0xB2, 0xE7, 0x49, 0xDE, 0xD2, 0xC1, 0x9B, 0xE3, 0x70, 0xDB, 0x4A, 0xD5, 0x1C,
    0x1D, 0x09, 0x94, 0x09, 0x3E, 0x32, 0x13, 0x7E, 0x0D, 0x93, 0xF4, 0xCB, 0xA0, 0x3F, 0x00, 0x5C,
    0xBC, 0x26, 0xCD, 0xF8, 0x23, 0x29, 0x7F, 0x85, 0x02, 0x27, 0x43, 0xC0, 0xE1, 0xCC, 0x97, 0x86,
    0x6C, 0xAE, 0x80, 0x92, 0xC0, 0xA2, 0x07, 0x89, 0x3F, 0x3C, 0x88, 0x8F, 0x0C, 0x6F, 0x9E, 0xEF,
    0xE4, 0x73, 0x3B, 0x46, 0x03, 0xAD, 0x4F, 0xF2, 0x99, 0x11, 0x2B, 0xB2, 0xA4, 0x57, 0xFB, 0x31,
    0x6E, 0x48, 0xC9, 0xDB, 0x52, 0x86, 0xB9, 0x2D, 0x8F, 0x36, 0x54, 0xCA, 0x8D, 0x45, 0xB1, 0x7C,
    0x4C, 0x78, 0x8B, 0xC9, 0xFD, 0x38, 0x4C, 0x2C, 0x83, 0xAD, 0x31, 0xD9, 0x04, 0x38, 0xD1, 0x31,
    0x95, 0xB6, 0x19, 0xDB, 0xAC, 0x45, 0x2C, 0x11, 0x33, 0xB2, 0x14, 0x37, 0xBA, 0x8E, 0x13, 0xD4,
    0x78, 0x70, 0x22, 0x79, 0x98, 0xA3, 0x94, 0xDE, 0xBC, 0xE4, 0x6D, 0xFE, 0x07, 0x57, 0x11, 0x3B,
    0xDB, 0x4C, 0x6A, 0x7F, 0x4D, 0x36, 0x48, 0xAC, 0x0E, 0x28, 0xE1, 0x83, 0x82, 0x36, 0xCE, 0xF4,
    0x0B, 0xDA, 0x4E, 0x33, 0x2C, 0x6C, 0xDE, 0x0A, 0xD3, 0x52, 0x7B, 0x5E, 0xAA, 0x5D, 0x52, 0xB7,
    0xF2, 0xFE, 0x98, 0x28, 0xF5, 0xD1, 0x45, 0x87, 0x5F, 0x47, 0x57, 0x52, 0x59, 0x63, 0xD8, 0xC5,
    0xFB, 0xE9, 0xCB, 0xEB, 0xA8, 0x34, 0x54, 0xEF, 0xD3, 0xAC, 0x4C, 0xB4, 0x8D, 0xF2, 0x7F, 0x28,
    0x0B, 0xE7, 0x5A, 0x61, 0x37, 0x29, 0x50, 0x20, 0x08, 0xF4, 0xFA, 0xE0, 0xC5, 0x21, 0x94, 0xE3,
    0xD7, 0x09, 0xFE, 0xCE, 0x45, 0x9B, 0xBE, 0x78, 0xB1, 0x89, 0x2E, 0x32, 0x8D, 0xF4, 0x9B, 0x11,
    0x2A, 0x37, 0xA2, 0x79, 0xB2, 0xF8, 0x14, 0xF0, 0x29, 0xA5, 0x1D, 0x4C, 0x2C, 0x76, 0x34, 0x58,
    0x0D, 0x4B, 0xB0, 0x96, 0x4F, 0x09, 0x9C, 0x60, 0xDD, 0x46, 0x71, 0x58, 0x20, 0x8D, 0xC4, 0x41,
    0x81, 0x7B, 0xAB, 0x60, 0xEE, 0x6B, 0xE6, 0xD6, 0x74, 0xB2, 0x63, 0x4C, 0x89, 0x26, 0x4A, 0x2C,
    0x68, 0xAD, 0xA6, 0x39, 0xF2, 0x1C, 0x4D, 0x24, 0x72, 0x62, 0xB3, 0x5E, 0x44, 0x6B, 0xF4, 0x8C,
    0x30, 0x57, 0xA8, 0xDE, 0x2D, 0x51, 0x3B, 0x3A, 0xC7, 0x67, 0x4B, 0xEF, 0x8D, 0xAE, 0x13, 0x9D,
    0x26, 0xBC, 0x31, 0x3C, 0x8F, 0xB3, 0x1F, 0xA8, 0x1E, 0x29, 0x0D, 0x55, 0xA8, 0xB1, 0x0A, 0x35,
    0x58, 0xA1, 0x46, 0x2B, 0xD4, 0x70, 0x05, 0x8F, 0x57, 0xA5, 0x4C, 0x45, 0x2A, 0x63, 0x2A, 0xA5,
    0x84, 0x29, 0x18, 0x72, 0xCF, 0x5B, 0x6A, 0x1A, 0x74, 0x0B, 0x7F, 0xC0, 0x51, 0x17, 0x18, 0x47,
    0xD8, 0x77, 0x84, 0x8D, 0x63, 0x9B, 0x53, 0x37, 0x5D, 0x89, 0x0B, 0x24, 0xC7, 0xDC, 0x76, 0x92,
    0x13, 0x30, 0xC1, 0xA4, 0xE4, 0xC0, 0x1C, 0x86, 0xE4, 0x5D, 0x4A, 0x68, 0xCA, 0xF9, 0x62, 0xA0,
    0x63, 0xB9, 0xF8, 0x07, 0xAC, 0xDE, 0x6A, 0x28, 0x70, 0x4E, 0xE5, 0xCD, 0x3D, 0x1F, 0xB1, 0x75,
    0x4E, 0xA8, 0xCB, 0x3B, 0x5C, 0xE6, 0xB4, 0xA7, 0x23, 0xDD, 0x9C, 0xEE, 0xCE, 0xDB, 0x80, 0x24,
    0xB4, 0xD8, 0x1B, 0x12, 0x16, 0x7D, 0xF2, 0x33, 0xE5, 0x48, 0x85, 0x55, 0x1F, 0xCA, 0x95, 0xB4,
    0xAA, 0x28, 0x93, 0x8A, 0x15, 0xD1, 0x0C, 0x77, 0xC0, 0xC8, 0x64, 0xB7, 0xDB, 0x28, 0x7F, 0x25,
    0x24, 0xD8, 0xDD, 0x6C, 0x7A, 0xC3, 0x9C, 0xA3, 0x34, 0x52, 0xB0, 0xD7, 0x3B, 0x52, 0x75, 0x3E,
    0xAD, 0x19, 0xE5, 0xB7, 0x62, 0x0F, 0xCB, 0x70, 0x24, 0x17, 0x33, 0x45, 0x0D, 0xA8, 0x84, 0x9E,
    0xAB, 0xE6, 0xA9, 0x50, 0x9E, 0x6B, 0xE3, 0xB9, 0x1C, 0x5E, 0x97, 0x89, 0xF6, 0x1E, 0x13, 0x26,
    0x19, 0x15, 0x18, 0x18, 0x9F, 0xAC, 0x73, 0x38, 0x49, 0xF3, 0x24, 0x56, 0x3B, 0xF1, 0xE0, 0x79,
    0xF4, 0x31, 0x0F, 0x3F, 0x53, 0x1E, 0xA2, 0x09, 0x9F, 0xF2, 0xE1, 0x64, 0x49, 0x22, 0x48, 0x0C,
    0xDB, 0xF2, 0x24, 0x68, 0x16, 0x75, 0x1F, 0x9C, 0x70, 0x54, 0x49, 0xA8, 0x72, 0x00, 0xF1, 0x4C,
    0xAC, 0x3D, 0xA0, 0x74, 0xF1, 0x4F, 0xC3, 0x3F, 0xCE, 0xCC, 0x0F, 0x2C, 0xEE, 0x06, 0x94, 0x9B,
    0x02, 0xE9, 0x02, 0xED, 0x19, 0xB4, 0x54, 0xE8, 0xDD, 0xAC, 0x7C, 0x3B, 0xEB, 0xBD, 0x5B, 0x26,
    0x93, 0x94, 0xCD, 0x92, 0x58, 0xBE, 0x20, 0xE3, 0xCE, 0x55, 0xFE, 0xA8, 0xAD, 0x35, 0x15, 0xC6,
    0x03, 0xA1, 0xE7, 0xA8, 0xA3, 0xFA, 0x4D, 0x58, 0xD9, 0xA5, 0x5F, 0xF7, 0x77, 0x5E, 0x22, 0xC5,
    0x0F, 0x13, 0x08, 0x41, 0xFF, 0x39, 0x56, 0xC1, 0x82, 0xD9, 0x84, 0x6A, 0x0D, 0x15, 0x9E, 0x4C,
    0x58, 0x55, 0x4D, 0x54, 0xA2, 0x9F, 0x7E, 0x23, 0xC4, 0xA8, 0xC6, 0xA6, 0xD0, 0x79, 0x9C, 0x96,
    0x2E, 0x2E, 0xD7, 0x75, 0xC0, 0x91, 0xE2, 0xBE, 0xAD, 0xFA, 0xC2, 0x0D, 0xF5, 0xDD, 0x0C, 0x5C,
    0x07, 0xC6, 0xDF, 0xC6, 0x40, 0xC5, 0xDF, 0x13, 0x2A, 0xF8, 0x2E, 0xA8, 0xC8, 0xBB, 0xA0, 0xC2,
    0xEE, 0x8C, 0x8B, 0xB9, 0xE7, 0xE4, 0xC1, 0x98, 0x47, 0xE2, 0x04, 0x61, 0xB1, 0xC2, 0xFF, 0x53,
    0xCC, 0x14, 0x52, 0x3B, 0x92, 0xB5, 0xDC, 0x88, 0x0C, 0xC9, 0xC6, 0x92, 0x37, 0x35, 0x4E, 0x07,
    0x8A, 0x47, 0x63, 0x75, 0x41, 0x77, 0x63, 0xAB, 0x94, 0xCC, 0x5A, 0x1E, 0x93, 0x65, 0x3B, 0xCE,
    0x2A, 0xA1, 0x38, 0x3D, 0x6D, 0x4F, 0x3A, 0x92, 0xA8, 0xBC, 0x45, 0x2B, 0x6F, 0xCD, 0xCA, 0x5B,
    0xB2, 0xD2, 0x16, 0xA3, 0xB4, 0x05, 0xAB, 0x32, 0x0A, 0x63, 0xDA, 0x44, 0x34, 0xA6, 0xAD, 0x43,
    0xC5, 0x78, 0xDF, 0x19, 0x96, 0x39, 0x9C, 0x43, 0xC9, 0xC7, 0xB1, 0x14, 0xBA, 0x6A, 0x48, 0xA9,
    0x71, 0xF5, 0xF6, 0x64, 0x1C, 0x7C, 0xE3, 0xB0, 0xDB, 0xDC, 0xA5, 0xA6, 0x16, 0x1C, 0xED, 0x4A,
    0x45, 0x9B, 0x28, 0x60, 0x49, 0x4E, 0x28, 0xF7, 0x02, 0x57, 0x63, 0x1A, 0x55, 0x24, 0xCA, 0x14,
    0x3A, 0x76, 0x4E, 0xAA, 0xC7, 0xAB, 0xAC, 0x4E, 0x75, 0x3A, 0x38, 0x5F, 0xDB, 0xBB, 0xDB, 0x54,
    0x10, 0x9D, 0x56, 0x87, 0x05, 0xD5, 0xD0, 0x54, 0x30, 0x50, 0xAD, 0x23, 0x0E, 0x9B, 0xEA, 0x38,
    0x2A, 0x9F, 0x92, 0x4C, 0xC5, 0xFC, 0x54, 0xB8, 0x0F, 0x87, 0xD8, 0x8C, 0xD6, 0x51, 0x3E, 0xBB,
    0x8E, 0xD0, 0x92, 0xF0, 0x2B, 0xBF, 0x54, 0x8E, 0xC8, 0x75, 0x2B, 0x2F, 0xC8, 0x16, 0xD0, 0x79,
    0x1C, 0xB3, 0x76, 0xC1, 0xF9, 0xA4, 0xD2, 0x5F, 0x88, 0xD4, 0xF8, 0x8B, 0x9D, 0xFC, 0x8E, 0xAF,
    0x4F, 0xF6, 0x15, 0x06, 0xF4, 0xD4, 0xB4, 0x51, 0xFB, 0x30, 0xBB, 0x78, 0x7B, 0xEF, 0x4D, 0x90,
    0x3E, 0x7E, 0x81, 0xBB, 0x37, 0x14, 0xB8, 0x81, 0x50, 0xD9, 0x25, 0x99, 0xF7, 0x76, 0x1B, 0xE6,
    0x30, 0x95, 0xB0, 0x00, 0x40, 0xA7, 0x85, 0xD4, 0x9A, 0xC5, 0x44, 0x7E, 0x3D, 0xD5, 0x0E, 0x6F,
    0x8B, 0xF2, 0x4C, 0x70, 0x35, 0xD0, 0xB7, 0xB1, 0xA4, 0x64, 0x47, 0xDD, 0x86, 0x3B, 0x2A, 0xE3,
    0x8E, 0x5C, 0x0D, 0x1C, 0xDC, 0x06, 0x56, 0x9A, 0x87, 0x8A, 0x18, 0x3C, 0x83, 0x74, 0x33, 0x76,
    0x36, 0x37, 0x7C, 0xA8, 0x81, 0x09, 0xC0, 0xE2, 0x68, 0x01, 0xCD, 0x64, 0x6F, 0x9D, 0x6D, 0x05,
    0x7D, 0x23, 0x11, 0x2C, 0x24, 0x72, 0x4A, 0xE5, 0x8A, 0xD3, 0x5F, 0xC8, 0x1A, 0xB0, 0x8B, 0x5B,
    0xD1, 0x45, 0x56, 0x1C, 0xA7, 0x5F, 0x93, 0x3F, 0x8E, 0x8E, 0xF4, 0x41, 0x21, 0xF3, 0xAB, 0xB4,
    0xC8, 0xB9, 0x68, 0x55, 0x52, 0xEF, 0x5E, 0xB5, 0xD3, 0x7B, 0x60, 0x9A, 0xA3, 0x88, 0xF6, 0x4B,
    0x75, 0x5F, 0xD6, 0xC1, 0x47, 0x7B, 0x72, 0xF8, 0x5D, 0x06, 0xC8, 0xC8, 0x2D, 0xB4, 0x89, 0x7D,
    0x47, 0xB4, 0x54, 0xD4, 0x66, 0xAE, 0x6A, 0x17, 0x57, 0xB5, 0x7D, 0xEB, 0xFC, 0x7A, 0x0A, 0xFC,
    0xB5, 0xB0, 0x0A, 0x35, 0xC6, 0x2F, 0xE9, 0xA2, 0x7A, 0x60, 0x55, 0x07, 0x61, 0x89, 0x83, 0xC1,
    0x44, 0x46, 0x59, 0x1A, 0x66, 0xD7, 0x6C, 0x8C, 0xDF, 0x41, 0x25, 0x05, 0x39, 0xAB, 0x82, 0x43,
    0x05, 0x7D, 0x33, 0x74, 0xF4, 0x74, 0x29, 0x36, 0xEA, 0x7D, 0x1F, 0x83, 0x62, 0x13, 0xC9, 0x2E,
    0x2B, 0xDE, 0x91, 0x10, 0x20, 0x98, 0x19, 0x01, 0x9C, 0xAE, 0xC2, 0xC3, 0x09, 0x42, 0x5C, 0x46,
    0xD8, 0xC3, 0x4A, 0x30, 0x64, 0x46, 0xAE, 0x92, 0x14, 0x19, 0xFB, 0x69, 0x48, 0xBF, 0x65, 0x4D,
    0x95, 0xBC, 0x29, 0xC9, 0x59, 0x4C, 0xCA, 0x3D, 0x84, 0x45, 0x9F, 0x2E, 0x6D, 0x6D, 0x49, 0x07,
    0xF2, 0x53, 0xD1, 0xF7, 0x84, 0x4F, 0xFE, 0x0F, 0xCD, 0x91, 0xCB, 0x4D, 0xC4, 0x30, 0x14, 0x45,
    0x5F, 0x32, 0x42, 0x41, 0xB2, 0x44, 0x66, 0xC1, 0x2C, 0xD1, 0x94, 0xE0, 0x12, 0x12, 0xA8, 0x80,
    0xC5, 0x88, 0x0D, 0x45, 0x50, 0x42, 0x4C, 0x05, 0x4C, 0x39, 0x2C, 0x10, 0x49, 0x09, 0x53, 0x42,
    0x10, 0x14, 0xE0, 0x85, 0x91, 0x22, 0x91, 0xF8, 0x71, 0xAF, 0x33, 0x41, 0xD3, 0x00, 0x02, 0x4B,
    0xEF, 0xE4, 0xE3, 0xDF, 0xF1, 0xB5, 0x08, 0x9B, 0x09, 0x6B, 0xD0, 0xEA, 0x00, 0x5E, 0xD9, 0xB0,
    0xC1, 0x23, 0xAB, 0xDB, 0x9A, 0x5D, 0x47, 0xBA, 0x23, 0x57, 0x8E, 0x2C, 0x7B, 0x69, 0x9C, 0xD8,
    0x81, 0x34, 0x91, 0xCC, 0xD5, 0x35, 0x1D, 0x46, 0xF4, 0xA4, 0x1D, 0x48, 0x33, 0x91, 0x2B, 0x55,
    0x50, 0x66, 0x36, 0x89, 0x16, 0x3C, 0xBB, 0x53, 0xED, 0xA5, 0x54, 0xB4, 0x7E, 0xAB, 0xFA, 0xA0,
    0x7E, 0xAB, 0x63, 0x49, 0xEE, 0x73, 0x74, 0xA4, 0x96, 0x11, 0x96, 0x33, 0x5A, 0xE2, 0x99, 0x9F,
    0x2F, 0x44, 0xE5, 0xE5, 0x52, 0x5A, 0xBF, 0x1A, 0xE5, 0xB5, 0x06, 0x44, 0xF2, 0x49, 0x72, 0xC2,
    0xF4, 0xC0, 0x76, 0x24, 0xF4, 0x06, 0xFF, 0xF4, 0x7D, 0xE2, 0xA6, 0x18, 0x62, 0x88, 0x5C, 0x03,
    0x25, 0x12, 0xF0, 0x99, 0xA9, 0x8A, 0x14, 0x51, 0x6B, 0x0A, 0xE3, 0x5C, 0x87, 0xA6, 0xCB, 0xE1,
    0x93, 0xE0, 0x08, 0x4C, 0x48, 0x91, 0xB0, 0x15, 0xE9, 0xA5, 0x0C, 0x89, 0xE9, 0x4F, 0x99, 0x92,
    0x29, 0x62, 0x7A, 0x8F, 0xB2, 0x03, 0xF7, 0xD8, 0x79, 0xD6, 0x21, 0xE3, 0xC2, 0x8B, 0xC4, 0xCA,
    0x65, 0x91, 0x09, 0x91, 0x76, 0x20, 0x4D, 0xCC, 0x94, 0x56, 0x8F, 0xCA, 0x33, 0xBE, 0x91, 0xF6,
    0x93, 0x2C, 0x69, 0xC6, 0xE8, 0xE4, 0x68, 0x89, 0x6E, 0x70, 0x73, 0x0F, 0x31, 0xA9, 0x18, 0x9A,
    0x6B, 0x74, 0x6A, 0xB5, 0x6B, 0xD4, 0x57, 0x60, 0xAC, 0x8D, 0x3A, 0x59, 0xDA, 0x2D, 0x16, 0xF0,
    0x73, 0x99, 0x70, 0x8E, 0xB2, 0xCE, 0x84, 0xC6, 0xA3, 0x26, 0x13, 0x8C, 0x3E, 0x05, 0x2C, 0xE9,
    0x71, 0x0B, 0x1E, 0xA9, 0x1C, 0xB0, 0x3E, 0xCB, 0x4B, 0x81, 0x84, 0xB6, 0x5F, 0x13, 0x3C, 0x62,
    0xAE, 0xD7, 0x6A, 0xB0, 0x09, 0x2A, 0xA2, 0x46, 0xA3, 0xCB, 0x95, 0x40, 0x07, 0x67, 0x63, 0xE6,
    0x05, 0xEF, 0xB6, 0xA3, 0x7D, 0x8D, 0xA9, 0xA8, 0x8F, 0x9F, 0xFD, 0x77, 0x27, 0x19, 0xFC, 0x65,
    0x12, 0xEB, 0xC5, 0x77, 0x36, 0x9E, 0x9D, 0x17, 0xD2, 0x5B, 0x92, 0xB9, 0x9C, 0xBA, 0xFF, 0x66,
    0x7E, 0xFF, 0x24, 0x97, 0x6F, 0x35, 0xCE, 0xB1, 0x11, 0x02, 0x21, 0x10, 0x85, 0xE1, 0x77, 0x43,
    0x40, 0x70, 0x01, 0x76, 0x70, 0x25, 0x98, 0x98, 0x43, 0x27, 0xB6, 0x61, 0xE2, 0x78, 0x55, 0x58,
    0x8B, 0x99, 0x96, 0x40, 0x09, 0xD8, 0x03, 0x01, 0x01, 0xEC, 0x73, 0xF7, 0x18, 0x99, 0x81, 0x3F,
    0xF8, 0x66, 0x87, 0x05, 0xFE, 0xE7, 0x32, 0x33, 0x8E, 0xD7, 0x31, 0x59, 0x02, 0xB3, 0x25, 0xB2,
    0x5A, 0xE4, 0x69, 0xE8, 0x32, 0xA2, 0x62, 0xF8, 0x20, 0x28, 0xC6, 0xEF, 0x6B, 0x55, 0x24, 0xBB,
    0x1F, 0x3A, 0xC5, 0xBE, 0x32, 0x05, 0xB2, 0xEA, 0x64, 0x24, 0xF3, 0x99, 0xF5, 0x41, 0xA6, 0x37,
    0xDB, 0x46, 0x51, 0x2E, 0x9E, 0xE2, 0xC9, 0x7D, 0xA1, 0xAC, 0x14, 0x40, 0x91, 0x0D, 0xD8, 0x34,
    0x05, 0xF0, 0xC3, 0x73, 0x07, 0x96, 0xEE, 0xC4, 0xFE, 0xBB, 0xBB, 0x66, 0xD9, 0xAE, 0xC5, 0x72,
    0x90, 0xA2, 0xCC, 0x3D, 0x6F, 0x33, 0x27, 0xBD, 0x3F, 0x63, 0x60, 0x00, 0x03, 0x76, 0x07, 0x20,
    0x51, 0xEF, 0xC0, 0x60, 0xA9, 0xBD, 0x85, 0x81, 0x81, 0x85, 0xC1, 0x86, 0x81, 0xAF, 0x9E, 0x4F,
    0xD6, 0xF6, 0xFE, 0xEE, 0xFD, 0xF9, 0xFB, 0xDE, 0x6F, 0xFE, 0xFF, 0xFF, 0xFF, 0x3F, 0x06, 0x07,
    0x07, 0x88, 0x4A, 0xB6, 0x00, 0x04, 0x09, 0xD5, 0xFB, 0x00, 0x48, 0x68, 0xF0, 0x6D, 0x60, 0x72,
    0x60, 0xFA, 0xCF, 0xB7, 0x85, 0xB9, 0xB9, 0xBB, 0xDD, 0xFF, 0x0B, 0xF3, 0xF5, 0x77, 0xD2, 0xA1,
    0x1F, 0x98, 0x81, 0x3A, 0xFF, 0x5F, 0xE0, 0x76, 0x11, 0x0D, 0x08, 0x61, 0xB0, 0x03, 0xAB, 0x55,
    0x00, 0x93, 0x4C, 0x60, 0x1B, 0x35, 0x18, 0x98, 0x0F, 0xFC, 0x67, 0x60, 0x3C, 0x74, 0x9C, 0x41,
    0xFB, 0xF7, 0x7B, 0x86, 0xFA, 0xFD, 0x7B, 0x19, 0x00,
};

static const EpdGlyph arabic_14_boldGlyphs[] = {
    { 33, 11, 533, 0, 6, 91, 0 }, // U+0600
    { 43, 10, 693, 0, 0, 108, 91 }, // U+0601
    { 34, 11, 528, 0, 6, 94, 199 }, // U+0602
    { 40, 10, 636, 0, 5, 100, 293 }, // U+0603
    { 64, 19, 1017, 0, 12, 304, 393 }, // U+0604
    { 36, 8, 579, 0, 23, 72, 697 }, // U+0605
    { 18, 23, 296, 0, 23, 104, 769 }, // U+0606
    { 18, 24, 296, 0, 24, 108, 873 }, // U+0607
    { 36, 22, 575, 0, 14, 198, 981 }, // U+0608
    { 21, 22, 353, 1, 21, 116, 1179 }, // U+0609
    { 27, 22, 453, 1, 21, 149, 1295 }, // U+060A
    { 14, 32, 236, 0, 25, 112, 1444 }, // U+060B
    { 6, 9, 151, 1, 8, 14, 1556 }, // U+060C
    { 10, 12, 170, 0, 6, 30, 1570 }, // U+060D
    { 29, 14, 456, 0, 13, 102, 1600 }, // U+060E
    { 20, 30, 289, 0, 17, 150, 1702 }, // U+060F
    { 10, 9, 0, 0, 25, 23, 1852 }, // U+0610
    { 10, 9, 0, 0, 25, 23, 1875 }, // U+0611
    { 9, 8, 0, 0, 25, 18, 1898 }, // U+0612
    { 13, 10, 0, 0, 26, 33, 1916 }, // U+0613
    { 13, 5, 0, 0, 22, 17, 1949 }, // U+0614
    { 9, 9, 0, 0, 41, 21, 1966 }, // U+0615
    { 12, 11, 0, 0, 43, 33, 1987 }, // U+0616
    { 6, 10, 0, 0, 42, 15, 2020 }, // U+0617
    { 5, 5, 0, 1, 21, 7, 2035 }, // U+0618
    { 7, 9, 0, 0, 25, 16, 2042 }, // U+0619
    { 5, 5, 0, 1, -2, 7, 2058 }, // U+061A
    { 8, 21, 159, 0, 20, 42, 2065 }, // U+061B
    { 0, 0, 280, 0, 0, 0, 2107 }, // U+061C
    { 14, 23, 270, 1, 22, 81, 2107 }, // U+061D
    { 9, 9, 135, 0, 7, 21, 2188 }, // U+061E
    { 15, 23, 239, 0, 22, 87, 2209 }, // U+061F
    { 24, 28, 383, 0, 14, 168, 2296 }, // U+0620
    { 13, 15, 219, 0, 13, 49, 2464 }, // U+0621
    { 11, 26, 126, -2, 26, 72, 2513 }, // U+0622
    { 7, 29, 126, 0, 29, 51, 2585 }, // U+0623
    { 14, 28, 232, 0, 21, 98, 2636 }, // U+0624
    { 7, 32, 127, 1, 22, 56, 2734 }, // U+0625
    { 24, 23, 383, 0, 16, 138, 2790 }, // U+0626
    { 6, 22, 127, 1, 22, 33, 2928 }, // U+0627
    { 29, 21, 478, 0, 13, 153, 2961 }, // U+0628
    { 13, 23, 220, 0, 22, 75, 3114 }, // U+0629
    { 29, 18, 478, 0, 17, 131, 3189 }, // U+062A
    { 29, 22, 478, 0, 21, 160, 3320 }, // U+062B
    { 20, 27, 321, 0, 15, 135, 3480 }, // U+062C
    { 20, 27, 321, 0, 15, 135, 3615 }, // U+062D
    { 20, 34, 321, 0, 22, 170, 3750 }, // U+062E
    { 13, 17, 241, 1, 16, 56, 3920 }, // U+062F
    { 13, 23, 241, 1, 22, 75, 3976 }, // U+0630
    { 13, 19, 191, -2, 12, 62, 4051 }, // U+0631
    { 13, 26, 191, -2, 19, 85, 4113 }, // U+0632
    { 39, 21, 639, 0, 14, 205, 4198 }, // U+0633
    { 39, 29, 639, 0, 22, 283, 4403 }, // U+0634
    { 41, 20, 664, 0, 13, 205, 4686 }, // U+0635
    { 41, 28, 664, 0, 21, 287, 4891 }, // U+0636
    { 24, 23, 394, 0, 22, 138, 5178 }, // U+0637
    { 24, 23, 394, 0, 22, 138, 5316 }, // U+0638
    { 19, 29, 266, 0, 17, 138, 5454 }, // U+0639
    { 19, 36, 266, 0, 24, 171, 5592 }, // U+063A
    { 27, 26, 424, 0, 25, 176, 5763 }, // U+063B
    { 27, 31, 424, 0, 21, 210, 5939 }, // U+063C
    { 24, 23, 383, 0, 16, 138, 6149 }, // U+063D
    { 24, 21, 383, 0, 14, 126, 6287 }, // U+063E
    { 24, 24, 383, 0, 17, 144, 6413 }, // U+063F
    { 11, 5, 135, 0, 4, 14, 6557 }, // U+0640
    { 29, 26, 478, 0, 25, 189, 6571 }, // U+0641
    { 24, 26, 388, 0, 20, 156, 6760 }, // U+0642
    { 26, 23, 435, 0, 22, 150, 6916 }, // U+0643
    { 21, 29, 346, 0, 22, 153, 7066 }, // U+0644
    { 15, 25, 256, 0, 13, 94, 7219 }, // U+0645
    { 21, 24, 346, 0, 17, 126, 7313 }, // U+0646
    { 22, 18, 360, 0, 17, 99, 7439 }, // U+0647
    { 14, 19, 232, 0, 12, 67, 7538 }, // U+0648
    { 24, 21, 383, 0, 14, 126, 7605 }, // U+0649
    { 24, 28, 383, 0, 14, 168, 7731 }, // U+064A
    { 8, 8, 0, 1, 25, 16, 7899 }, // U+064B
    { 11, 8, 0, 0, 25, 22, 7915 }, // U+064C
    { 8, 8, 0, 1, -1, 16, 7937 }, // U+064D
    { 8, 5, 0, 1, 22, 10, 7953 }, // U+064E
    { 9, 9, 0, 0, 25, 21, 7963 }, // U+064F
    { 8, 5, 0, 1, -1, 10, 7984 }, // U+0650
    { 9, 7, 0, 0, 24, 16, 7994 }, // U+0651
    { 7, 7, 0, 0, 25, 13, 8010 }, // U+0652
    { 11, 5, 0, 0, 22, 14, 8023 }, // U+0653
    { 8, 9, 0, 0, 25, 18, 8037 }, // U+0654
    { 8, 9, 0, 0, -1, 18, 8055 }, // U+0655
    { 4, 6, 0, 1, -1, 6, 8073 }, // U+0656
    { 8, 8, 0, 1, 25, 16, 8079 }, // U+0657
    { 7, 5, 0, 0, 22, 9, 8095 }, // U+0658
    { 9, 3, 0, 0, 21, 7, 8104 }, // U+0659
    { 8, 7, 0, 0, 23, 14, 8111 }, // U+065A
    { 8, 7, 0, 0, 23, 14, 8125 }, // U+065B
    { 6, 6, 0, 0, -1, 9, 8139 }, // U+065C
    { 9, 9, 0, 1, 25, 21, 8148 }, // U+065D
    { 8, 10, 0, 1, 26, 20, 8169 }, // U+065E
    { 10, 8, 0, 0, -1, 20, 8189 }, // U+065F
    { 8, 8, 161, 1, 13, 16, 8209 }, // U+0660
    { 7, 21, 155, 1, 20, 37, 8225 }, // U+0661
    { 15, 21, 254, 1, 20, 79, 8262 }, // U+0662
    { 17, 21, 288, 1, 20, 90, 8341 }, // U+0663
    { 14, 22, 230, 1, 21, 77, 8431 }, // U+0664
    { 14, 16, 266, 1, 16, 56, 8508 }, // U+0665
    { 15, 22, 261, 0, 21, 83, 8564 }, // U+0666
    { 19, 22, 298, 0, 21, 105, 8647 }, // U+0667
    { 19, 21, 298, 0, 20, 100, 8752 }, // U+0668
    { 15, 20, 254, 0, 20, 75, 8852 }, // U+0669
    { 14, 22, 253, 1, 21, 77, 8927 }, // U+066A
    { 8, 11, 126, 0, 6, 22, 9004 }, // U+066B
    { 8, 11, 126, 0, 20, 22, 9026 }, // U+066C
    { 15, 15, 232, 0, 14, 57, 9048 }, // U+066D
    { 29, 14, 478, 0, 13, 102, 9105 }, // U+066E
    { 24, 20, 388, 0, 14, 120, 9207 }, // U+066F
    { 4, 6, 0, 1, 23, 6, 9327 }, // U+0670
    { 10, 29, 126, -1, 29, 73, 9333 }, // U+0671
    { 10, 29, 126, -1, 29, 73, 9406 }, // U+0672
    { 10, 31, 127, -2, 22, 78, 9479 }, // U+0673
    { 13, 15, 219, 0, 17, 49, 9557 }, // U+0674
    { 20, 22, 347, 1, 22, 110, 9606 }, // U+0675
    { 28, 24, 452, 0, 17, 168, 9716 }, // U+0676
    { 28, 29, 452, 0, 22, 203, 9884 }, // U+0677
    { 37, 24, 603, 0, 17, 222, 10087 }, // U+0678
    { 29, 23, 478, 0, 22, 167, 10309 }, // U+0679
    { 29, 23, 478, 0, 22, 167, 10476 }, // U+067A
    { 29, 26, 478, 0, 13, 189, 10643 }, // U+067B
    { 29, 22, 478, 0, 17, 160, 10832 }, // U+067C
    { 29, 22, 478, 0, 21, 160, 10992 }, // U+067D
    { 29, 24, 478, 0, 13, 174, 11152 }, // U+067E
    { 29, 22, 478, 0, 21, 160, 11326 }, // U+067F
    { 29, 25, 478, 0, 13, 182, 11486 }, // U+0680
    { 20, 36, 321, 0, 24, 180, 11668 }, // U+0681
    { 20, 38, 321, 0, 26, 190, 11848 }, // U+0682
    { 20, 27, 321, 0, 15, 135, 12038 }, // U+0683
    { 20, 27, 321, 0, 15, 135, 12173 }, // U+0684
    { 20, 37, 321, 0, 25, 185, 12308 }, // U+0685
    { 20, 27, 321, 0, 15, 135, 12493 }, // U+0686
    { 20, 27, 321, 0, 15, 135, 12628 }, // U+0687
    { 13, 27, 241, 1, 26, 88, 12763 }, // U+0688
    { 13, 21, 241, 1, 16, 69, 12851 }, // U+0689
    { 13, 23, 241, 1, 16, 75, 12920 }, // U+068A
    { 13, 33, 241, 1, 26, 108, 12995 }, // U+068B
    { 13, 22, 241, 1, 21, 72, 13103 }, // U+068C
    { 13, 23, 241, 1, 16, 75, 13175 }, // U+068D
    { 13, 26, 241, 1, 25, 85, 13250 }, // U+068E
    { 13, 26, 241, 1, 25, 85, 13335 }, // U+068F
    { 13, 26, 241, 1, 25, 85, 13420 }, // U+0690
    { 14, 30, 191, -2, 23, 105, 13505 }, // U+0691
    { 13, 28, 191, -2, 21, 91, 13610 }, // U+0692
    { 14, 19, 191, -2, 12, 67, 13701 }, // U+0693
    { 13, 25, 191, -2, 12, 82, 13768 }, // U+0694
    { 13, 25, 191, -2, 12, 82, 13850 }, // U+0695
    { 13, 25, 191, -2, 12, 82, 13932 }, // U+0696
    { 14, 25, 191, -2, 18, 88, 14014 }, // U+0697
    { 14, 29, 191, -2, 22, 102, 14102 }, // U+0698
    { 13, 29, 191, -2, 22, 95, 14204 }, // U+0699
    { 39, 26, 639, 0, 19, 254, 14299 }, // U+069A
    { 39, 24, 639, 0, 14, 234, 14553 }, // U+069B
    { 39, 32, 639, 0, 22, 312, 14787 }, // U+069C
    { 41, 20, 664, 0, 13, 205, 15099 }, // U+069D
    { 41, 31, 664, 0, 24, 318, 15304 }, // U+069E
    { 24, 25, 394, 0, 24, 150, 15622 }, // U+069F
    { 19, 39, 266, 0, 27, 186, 15772 }, // U+06A0
    { 29, 18, 478, 0, 17, 131, 15958 }, // U+06A1
    { 29, 24, 478, 0, 17, 174, 16089 }, // U+06A2
    { 29, 32, 478, 0, 25, 232, 16263 }, // U+06A3
    { 29, 29, 478, 0, 28, 211, 16495 }, // U+06A4
    { 29, 27, 478, 0, 17, 196, 16706 }, // U+06A5
    { 29, 29, 478, 0, 28, 211, 16902 }, // U+06A6
    { 24, 27, 388, 0, 21, 162, 17113 }, // U+06A7
    { 24, 30, 388, 0, 24, 180, 17275 }, // U+06A8
    { 27, 22, 424, 0, 21, 149, 17455 }, // U+06A9
    { 28, 20, 483, 1, 19, 140, 17604 }, // U+06AA
    { 27, 22, 424, 0, 21, 149, 17744 }, // U+06AB
    { 26, 26, 435, 0, 25, 169, 17893 }, // U+06AC
    { 26, 28, 435, 0, 27, 182, 18062 }, // U+06AD
    { 26, 32, 435, 0, 22, 208, 18244 }, // U+06AE
    { 27, 27, 424, 0, 26, 183, 18452 }, // U+06AF
    { 27, 27, 424, 0, 26, 183, 18635 }, // U+06B0
    { 27, 30, 424, 0, 29, 203, 18818 }, // U+06B1
    { 27, 34, 424, 0, 26, 230, 19021 }, // U+06B2
    { 27, 39, 424, 0, 26, 264, 19251 }, // U+06B3
    { 27, 31, 424, 0, 30, 210, 19515 }, // U+06B4
    { 22, 38, 346, 0, 31, 209, 19725 }, // U+06B5
    { 21, 36, 346, 0, 29, 189, 19934 }, // U+06B6
    { 22, 39, 346, 0, 32, 215, 20123 }, // U+06B7
    { 21, 39, 346, 0, 22, 205, 20338 }, // U+06B8
    { 21, 31, 346, 0, 17, 163, 20543 }, // U+06B9
    { 21, 18, 346, 0, 11, 95, 20706 }, // U+06BA
    { 21, 28, 346, 0, 21, 147, 20801 }, // U+06BB
    { 21, 29, 346, 0, 17, 153, 20948 }, // U+06BC
    { 21, 27, 346, 0, 20, 142, 21101 }, // U+06BD
    { 22, 18, 360, 0, 17, 99, 21243 }, // U+06BE
    { 20, 34, 321, 0, 22, 170, 21342 }, // U+06BF
    { 13, 26, 220, 0, 25, 85, 21512 }, // U+06C0
    { 13, 17, 220, 0, 16, 56, 21597 }, // U+06C1
    { 13, 26, 220, 0, 25, 85, 21653 }, // U+06C2
    { 13, 23, 220, 0, 22, 75, 21738 }, // U+06C3
    { 14, 21, 232, 0, 12, 74, 21813 }, // U+06C4
    { 14, 21, 232, 0, 12, 74, 21887 }, // U+06C5
    { 14, 28, 232, 0, 21, 98, 21961 }, // U+06C6
    { 14, 29, 232, 0, 22, 102, 22059 }, // U+06C7
    { 14, 28, 232, 0, 21, 98, 22161 }, // U+06C8
    { 14, 28, 232, 0, 21, 98, 22259 }, // U+06C9
    { 14, 25, 232, 0, 18, 88, 22357 }, // U+06CA
    { 14, 29, 232, 0, 22, 102, 22445 }, // U+06CB
    { 24, 21, 383, 0, 14, 126, 22547 }, // U+06CC
    { 28, 21, 383, -4, 14, 147, 22673 }, // U+06CD
    { 24, 23, 383, 0, 16, 138, 22820 }, // U+06CE
    { 14, 26, 232, 0, 19, 91, 22958 }, // U+06CF
    { 24, 33, 383, 0, 14, 198, 23049 }, // U+06D0
    { 24, 31, 383, 0, 14, 186, 23247 }, // U+06D1
    { 27, 16, 440, 0, 15, 108, 23433 }, // U+06D2
    { 27, 25, 440, 0, 24, 169, 23541 }, // U+06D3
    { 8, 3, 152, 1, 3, 6, 23710 }, // U+06D4
    { 13, 17, 220, 0, 16, 56, 23716 }, // U+06D5
    { 13, 10, 0, 0, 42, 33, 23772 }, // U+06D6
    { 10, 11, 0, 0, 43, 28, 23805 }, // U+06D7
    { 9, 7, 0, 1, 39, 16, 23833 }, // U+06D8
    { 7, 8, 0, 0, 40, 14, 23849 }, // U+06D9
    { 8, 10, 0, 0, 42, 20, 23863 }, // U+06DA
    { 8, 7, 0, 0, 39, 14, 23883 }, // U+06DB
    { 13, 9, 0, 0, 41, 30, 23897 }, // U+06DC
    { 36, 35, 639, 2, 25, 315, 23927 }, // U+06DD
    { 28, 28, 466, 1, 22, 196, 24242 }, // U+06DE
    { 7, 8, 0, 0, 25, 14, 24438 }, // U+06DF
    { 7, 8, 0, 0, 25, 14, 24452 }, // U+06E0
    { 7, 7, 0, 1, 25, 13, 24466 }, // U+06E1
    { 6, 9, 0, 1, 22, 14, 24479 }, // U+06E2
    { 13, 9, 0, 0, 0, 30, 24493 }, // U+06E3
    { 11, 5, 0, 0, 22, 14, 24523 }, // U+06E4
    { 6, 8, 98, 0, 7, 12, 24537 }, // U+06E5
    { 10, 7, 164, 0, 6, 18, 24549 }, // U+06E6
    { 10, 7, 0, 0, 24, 18, 24567 }, // U+06E7
    { 8, 10, 0, 0, 42, 20, 24585 }, // U+06E8
    { 16, 21, 284, 1, 21, 84, 24605 }, // U+06E9
    { 9, 9, 0, 0, -1, 21, 24689 }, // U+06EA
    { 9, 9, 0, 0, 26, 21, 24710 }, // U+06EB
    { 6, 5, 0, 0, 23, 8, 24731 }, // U+06EC
    { 6, 9, 0, 1, -2, 14, 24739 }, // U+06ED
    { 13, 25, 241, 1, 24, 82, 24753 }, // U+06EE
    { 13, 28, 191, -2, 21, 91, 24835 }, // U+06EF
    { 8, 8, 161, 1, 13, 16, 24926 }, // U+06F0
    { 7, 21, 155, 1, 20, 37, 24942 }, // U+06F1
    { 15, 21, 254, 1, 20, 79, 24979 }, // U+06F2
    { 17, 21, 288, 1, 20, 90, 25058 }, // U+06F3
    { 15, 21, 261, 1, 20, 79, 25148 }, // U+06F4
    { 16, 20, 294, 1, 20, 80, 25227 }, // U+06F5
    { 14, 21, 218, 0, 20, 74, 25307 }, // U+06F6
    { 17, 22, 267, 0, 21, 94, 25381 }, // U+06F7
    { 19, 21, 298, 0, 20, 100, 25475 }, // U+06F8
    { 15, 20, 254, 0, 20, 75, 25575 }, // U+06F9
    { 39, 29, 639, 0, 22, 283, 25650 }, // U+06FA
    { 41, 28, 664, 0, 21, 287, 25933 }, // U+06FB
    { 19, 36, 266, 0, 24, 171, 26220 }, // U+06FC
    { 13, 21, 219, 0, 13, 69, 26391 }, // U+06FD
    { 15, 25, 256, 0, 13, 94, 26460 }, // U+06FE
    { 22, 26, 360, 0, 25, 143, 26554 }, // U+06FF
    { 29, 20, 478, 0, 13, 145, 26697 }, // U+0750
    { 29, 29, 478, 0, 21, 211, 26842 }, // U+0751
    { 29, 24, 478, 0, 13, 174, 27053 }, // U+0752
    { 29, 28, 478, 0, 17, 203, 27227 }, // U+0753
    { 29, 26, 478, 0, 18, 189, 27430 }, // U+0754
    { 29, 22, 478, 0, 13, 160, 27619 }, // U+0755
    { 29, 21, 478, 0, 20, 153, 27779 }, // U+0756
    { 20, 33, 321, 0, 21, 165, 27932 }, // U+0757
    { 20, 27, 321, 0, 15, 135, 28097 }, // U+0758
    { 13, 38, 241, 1, 26, 124, 28232 }, // U+0759
    { 13, 24, 241, 1, 16, 78, 28356 }, // U+075A
    { 14, 19, 191, -2, 12, 67, 28434 }, // U+075B
    { 39, 29, 639, 0, 22, 283, 28501 }, // U+075C
    { 19, 35, 266, 0, 23, 167, 28784 }, // U+075D
    { 19, 39, 266, 0, 27, 186, 28951 }, // U+075E
    { 19, 40, 266, 0, 28, 190, 29137 }, // U+075F
    { 29, 25, 478, 0, 17, 182, 29327 }, // U+0760
    { 29, 27, 478, 0, 17, 196, 29509 }, // U+0761
    { 27, 27, 424, 0, 26, 183, 29705 }, // U+0762
    { 27, 27, 424, 0, 26, 183, 29888 }, // U+0763
    { 27, 31, 424, 0, 21, 210, 30071 }, // U+0764
    { 15, 33, 256, 0, 21, 124, 30281 }, // U+0765
    { 15, 25, 256, 0, 13, 94, 0 }, // U+0766
    { 21, 31, 346, 0, 17, 163, 94 }, // U+0767
    { 21, 31, 346, 0, 24, 163, 257 }, // U+0768
    { 21, 31, 346, 0, 24, 163, 420 }, // U+0769
    { 22, 29, 346, 0, 22, 160, 583 }, // U+076A
    { 13, 30, 191, -2, 23, 98, 743 }, // U+076B
    { 13, 28, 191, -2, 21, 91, 841 }, // U+076C
    { 39, 30, 639, 0, 23, 293, 932 }, // U+076D
    { 20, 27, 321, 0, 15, 135, 1225 }, // U+076E
    { 20, 27, 321, 0, 15, 135, 1360 }, // U+076F
    { 39, 29, 639, 0, 22, 283, 1495 }, // U+0770
    { 13, 29, 191, -2, 22, 95, 1778 }, // U+0771
    { 20, 38, 321, 0, 26, 190, 1873 }, // U+0772
    { 10, 29, 164, -1, 29, 73, 2063 }, // U+0773
    { 10, 29, 164, -1, 29, 73, 2136 }, // U+0774
    { 24, 25, 383, 0, 18, 150, 2209 }, // U+0775
    { 24, 25, 383, 0, 18, 150, 2359 }, // U+0776
    { 24, 30, 383, 0, 14, 180, 2509 }, // U+0777
    { 14, 27, 232, 0, 20, 95, 2689 }, // U+0778
    { 14, 27, 232, 0, 20, 95, 2784 }, // U+0779
    { 27, 23, 440, 0, 22, 156, 2879 }, // U+077A
    { 27, 23, 440, 0, 22, 156, 3035 }, // U+077B
    { 20, 27, 321, 0, 15, 135, 3191 }, // U+077C
    { 39, 30, 639, 0, 23, 293, 3326 }, // U+077D
    { 39, 28, 639, 0, 21, 273, 3619 }, // U+077E
    { 26, 25, 435, 0, 24, 163, 3892 }, // U+077F
    { 7, 25, 127, 0, 25, 44, 4055 }, // U+0870
    { 8, 24, 127, 1, 24, 48, 4099 }, // U+0871
    { 9, 22, 127, 1, 22, 50, 4147 }, // U+0872
    { 9, 22, 127, -2, 22, 50, 4197 }, // U+0873
    { 8, 25, 127, 0, 22, 50, 4247 }, // U+0874
    { 9, 24, 127, 1, 22, 54, 4297 }, // U+0875
    { 6, 25, 127, 1, 25, 38, 4351 }, // U+0876
    { 9, 22, 127, 1, 22, 50, 4389 }, // U+0877
    { 9, 22, 127, -2, 22, 50, 4439 }, // U+0878
    { 6, 27, 127, 1, 22, 41, 4489 }, // U+0879
    { 6, 29, 127, 1, 29, 44, 4530 }, // U+087A
    { 8, 29, 127, 1, 29, 58, 4574 }, // U+087B
    { 9, 29, 127, 1, 29, 66, 4632 }, // U+087C
    { 9, 31, 127, 1, 29, 70, 4698 }, // U+087D
    { 11, 24, 127, -2, 24, 66, 4768 }, // U+087E
    { 12, 22, 127, -2, 22, 66, 4834 }, // U+087F
    { 12, 24, 127, -2, 22, 72, 4900 }, // U+0880
    { 9, 22, 127, 1, 22, 50, 4972 }, // U+0881
    { 10, 22, 127, -3, 22, 55, 5022 }, // U+0882
    { 14, 14, 182, 0, 11, 49, 5077 }, // U+0883
    { 14, 16, 182, 0, 10, 56, 5126 }, // U+0884
    { 11, 11, 135, 0, 4, 31, 5182 }, // U+0885
    { 10, 18, 168, 0, 11, 45, 5213 }, // U+0886
    { 6, 5, 94, 0, 5, 8, 5258 }, // U+0887
    { 6, 5, 94, 0, 8, 8, 5266 }, // U+0888
    { 21, 26, 346, 0, 19, 137, 5274 }, // U+0889
    { 20, 27, 321, 0, 15, 135, 5411 }, // U+088A
    { 24, 29, 394, 0, 22, 174, 5546 }, // U+088B
    { 24, 32, 394, 0, 22, 192, 5720 }, // U+088C
    { 27, 34, 424, 0, 21, 230, 5912 }, // U+088D
    { 11, 12, 145, 1, 8, 33, 6142 }, // U+088E
    { 50, 12, 770, -1, 34, 150, 6175 }, // U+0890
    { 50, 12, 770, -1, 34, 150, 6325 }, // U+0891
    { 24, 12, 0, 0, 44, 72, 6475 }, // U+0898
    { 30, 13, 0, 0, -1, 98, 6547 }, // U+0899
    { 22, 10, 0, 0, -1, 55, 6645 }, // U+089A
    { 35, 11, 0, 0, -1, 97, 6700 }, // U+089B
    { 9, 5, 0, 0, 21, 12, 6797 }, // U+089C
    { 10, 6, 0, 0, 23, 15, 6809 }, // U+089D
    { 12, 6, 0, -1, 23, 18, 6824 }, // U+089E
    { 12, 6, 0, -1, 23, 18, 6842 }, // U+089F
    { 29, 22, 478, 0, 13, 160, 6860 }, // U+08A0
    { 29, 28, 478, 0, 20, 203, 7020 }, // U+08A1
    { 20, 33, 321, 0, 21, 165, 7223 }, // U+08A2
    { 24, 23, 394, 0, 22, 138, 7388 }, // U+08A3
    { 29, 35, 478, 0, 28, 254, 7526 }, // U+08A4
    { 24, 32, 388, 0, 20, 192, 7780 }, // U+08A5
    { 22, 29, 346, 0, 22, 160, 7972 }, // U+08A6
    { 15, 36, 256, 0, 24, 135, 8132 }, // U+08A7
    { 24, 30, 383, 0, 16, 180, 8267 }, // U+08A8
    { 24, 28, 383, 0, 14, 168, 8447 }, // U+08A9
    { 19, 20, 290, 0, 12, 95, 8615 }, // U+08AA
    { 14, 21, 232, 0, 12, 74, 8710 }, // U+08AB
    { 19, 21, 301, 0, 14, 100, 8784 }, // U+08AC
    { 6, 11, 130, 1, 4, 17, 8884 }, // U+08AD
    { 13, 26, 241, 1, 16, 85, 8901 }, // U+08AE
    { 41, 23, 664, 0, 13, 236, 8986 }, // U+08AF
    { 29, 22, 424, 0, 21, 160, 9222 }, // U+08B0
    { 17, 20, 245, 1, 12, 85, 9382 }, // U+08B1
    { 13, 32, 191, -2, 25, 104, 9467 }, // U+08B2
    { 19, 29, 266, 0, 17, 138, 9571 }, // U+08B3
    { 26, 30, 435, 0, 22, 195, 9709 }, // U+08B4
    { 24, 26, 388, 0, 14, 156, 9904 }, // U+08B5
    { 29, 28, 478, 0, 20, 203, 10060 }, // U+08B6
    { 29, 31, 478, 0, 20, 225, 10263 }, // U+08B7
    { 29, 20, 478, 0, 19, 145, 10488 }, // U+08B8
    { 13, 31, 191, -2, 24, 101, 10633 }, // U+08B9
    { 24, 33, 383, 0, 19, 198, 10734 }, // U+08BA
    { 29, 18, 478, 0, 17, 131, 10932 }, // U+08BB
    { 24, 20, 388, 0, 14, 120, 11063 }, // U+08BC
    { 21, 18, 346, 0, 11, 95, 11183 }, // U+08BD
    { 29, 31, 478, 0, 20, 225, 11278 }, // U+08BE
    { 29, 28, 478, 0, 27, 203, 11503 }, // U+08BF
    { 29, 28, 478, 0, 27, 203, 11706 }, // U+08C0
    { 20, 36, 321, 0, 24, 180, 11909 }, // U+08C1
    { 27, 29, 424, 0, 28, 196, 12089 }, // U+08C2
    { 19, 40, 266, 0, 28, 190, 12285 }, // U+08C3
    { 24, 30, 388, 0, 24, 180, 12475 }, // U+08C4
    { 20, 37, 321, 0, 25, 185, 12655 }, // U+08C5
    { 20, 27, 321, 0, 15, 135, 12840 }, // U+08C6
    { 22, 40, 346, 0, 33, 220, 12975 }, // U+08C7
    { 27, 31, 424, 0, 30, 210, 13195 }, // U+08C8
    { 10, 10, 169, 0, 9, 25, 13405 }, // U+08C9
    { 10, 10, 0, 0, 27, 25, 13430 }, // U+08CA
    { 10, 10, 0, 0, 24, 25, 13455 }, // U+08CB
    { 12, 9, 0, 0, 42, 27, 13480 }, // U+08CC
    { 9, 10, 0, 0, 26, 23, 13507 }, // U+08CD
    { 8, 9, 0, 0, 25, 18, 13530 }, // U+08CE
    { 8, 8, 0, 0, -1, 16, 13548 }, // U+08CF
    { 7, 7, 0, 0, -1, 13, 13564 }, // U+08D0
    { 9, 9, 0, 0, -1, 21, 13577 }, // U+08D1
    { 9, 9, 0, 0, -1, 21, 13598 }, // U+08D2
    { 6, 8, 0, 0, -3, 12, 13619 }, // U+08D3
    { 19, 10, 0, 0, 42, 48, 13631 }, // U+08D4
    { 14, 9, 0, 0, 41, 32, 13679 }, // U+08D5
    { 7, 9, 0, 0, 41, 16, 13711 }, // U+08D6
    { 9, 10, 0, 0, 42, 23, 13727 }, // U+08D7
    { 9, 13, 0, 0, 29, 30, 13750 }, // U+08D8
    { 9, 13, 0, 0, -2, 30, 13780 }, // U+08D9
    { 20, 9, 0, 0, 41, 45, 13810 }, // U+08DA
    { 27, 9, 0, 0, 41, 61, 13855 }, // U+08DB
    { 28, 8, 0, 0, 40, 56, 13916 }, // U+08DC
    { 20, 9, 0, 0, 41, 45, 13972 }, // U+08DD
    { 15, 9, 0, 0, 41, 34, 14017 }, // U+08DE
    { 19, 11, 0, 0, 43, 53, 14051 }, // U+08DF
    { 12, 6, 0, 0, 24, 18, 14104 }, // U+08E0
    { 13, 6, 0, 0, 24, 20, 14122 }, // U+08E1
    { 16, 20, 267, 0, 32, 80, 14142 }, // U+08E2
    { 8, 8, 0, 1, -1, 16, 14222 }, // U+08E3
    { 10, 9, 0, 0, 23, 23, 14238 }, // U+08E4
    { 9, 8, 0, 1, 24, 18, 14261 }, // U+08E5
    { 10, 9, 0, 0, 0, 23, 14279 }, // U+08E6
    { 12, 13, 0, 0, 27, 39, 14302 }, // U+08E7
    { 11, 15, 0, 0, 31, 42, 14341 }, // U+08E8
    { 12, 12, 0, 0, -1, 36, 14383 }, // U+08E9
    { 4, 4, 0, 0, 24, 4, 14419 }, // U+08EA
    { 8, 4, 0, 0, 24, 8, 14423 }, // U+08EB
    { 9, 6, 0, 0, 25, 14, 14431 }, // U+08EC
    { 4, 4, 0, 0, -2, 4, 14445 }, // U+08ED
    { 8, 4, 0, 0, -2, 8, 14449 }, // U+08EE
    { 9, 6, 0, 0, -2, 14, 14457 }, // U+08EF
    { 11, 9, 0, 1, 26, 25, 14471 }, // U+08F0
    { 15, 9, 0, 0, 25, 34, 14496 }, // U+08F1
    { 11, 9, 0, 1, 0, 25, 14530 }, // U+08F2
    { 6, 8, 0, 0, 25, 12, 14555 }, // U+08F3
    { 8, 8, 0, 0, 25, 16, 14567 }, // U+08F4
    { 8, 8, 0, 1, 25, 16, 14583 }, // U+08F5
    { 8, 8, 0, 1, -1, 16, 14599 }, // U+08F6
    { 7, 8, 0, 0, 24, 14, 14615 }, // U+08F7
    { 7, 8, 0, 0, 24, 14, 14629 }, // U+08F8
    { 7, 8, 0, 0, 0, 14, 14643 }, // U+08F9
    { 7, 8, 0, 0, 0, 14, 14657 }, // U+08FA
    { 13, 8, 0, 0, 24, 26, 14671 }, // U+08FB
    { 15, 8, 0, 0, 24, 30, 14697 }, // U+08FC
    { 10, 8, 0, 0, 24, 20, 14727 }, // U+08FD
    { 11, 9, 0, 0, 25, 25, 14747 }, // U+08FE
    { 6, 10, 0, 1, 26, 15, 14772 }, // U+08FF
    { 10, 29, 126, -1, 29, 73, 14787 }, // U+FB50
    { 14, 31, 148, -2, 30, 109, 14860 }, // U+FB51
    { 29, 26, 478, 0, 13, 189, 14969 }, // U+FB52
    { 36, 25, 533, 0, 12, 225, 15158 }, // U+FB53
    { 8, 26, 148, 0, 14, 52, 15383 }, // U+FB54
    { 14, 23, 179, 0, 11, 81, 15435 }, // U+FB55
    { 29, 24, 478, 0, 13, 174, 15516 }, // U+FB56
    { 36, 23, 533, 0, 12, 207, 15690 }, // U+FB57
    { 9, 24, 168, 0, 14, 54, 15897 }, // U+FB58
    { 15, 21, 191, 0, 11, 79, 15951 }, // U+FB59
    { 29, 25, 478, 0, 13, 182, 16030 }, // U+FB5A
    { 36, 24, 533, 0, 12, 216, 16212 }, // U+FB5B
    { 9, 25, 168, 0, 14, 57, 16428 }, // U+FB5C
    { 15, 22, 191, 0, 11, 83, 16485 }, // U+FB5D
    { 29, 23, 478, 0, 22, 167, 16568 }, // U+FB5E
    { 36, 23, 533, 0, 22, 207, 16735 }, // U+FB5F
    { 9, 26, 168, 0, 25, 59, 16942 }, // U+FB60
    { 15, 23, 191, 0, 22, 87, 17001 }, // U+FB61
    { 29, 22, 478, 0, 21, 160, 17088 }, // U+FB62
    { 36, 22, 533, 0, 21, 198, 17248 }, // U+FB63
    { 10, 25, 168, 0, 24, 63, 17446 }, // U+FB64
    { 15, 22, 191, 0, 21, 83, 17509 }, // U+FB65
    { 29, 23, 478, 0, 22, 167, 17592 }, // U+FB66
    { 36, 23, 533, 0, 22, 207, 17759 }, // U+FB67
    { 9, 26, 148, 0, 25, 59, 17966 }, // U+FB68
    { 15, 23, 191, 0, 22, 87, 18025 }, // U+FB69
    { 29, 29, 478, 0, 28, 211, 18112 }, // U+FB6A
    { 35, 26, 520, 0, 25, 228, 18323 }, // U+FB6B
    { 14, 29, 236, 0, 28, 102, 18551 }, // U+FB6C
    { 18, 26, 247, 0, 25, 117, 18653 }, // U+FB6D
    { 29, 29, 478, 0, 28, 211, 18770 }, // U+FB6E
    { 35, 26, 520, 0, 25, 228, 18981 }, // U+FB6F
    { 14, 29, 236, 0, 28, 102, 19209 }, // U+FB70
    { 18, 26, 247, 0, 25, 117, 19311 }, // U+FB71
    { 20, 27, 321, 0, 15, 135, 19428 }, // U+FB72
    { 24, 27, 345, 0, 15, 162, 19563 }, // U+FB73
    { 18, 25, 294, 0, 13, 113, 19725 }, // U+FB74
    { 22, 25, 305, 0, 13, 138, 19838 }, // U+FB75
    { 20, 27, 321, 0, 15, 135, 19976 }, // U+FB76
    { 25, 27, 354, 0, 15, 169, 20111 }, // U+FB77
    { 18, 20, 294, 0, 13, 90, 20280 }, // U+FB78
    { 22, 20, 305, 0, 13, 110, 20370 }, // U+FB79
    { 20, 27, 321, 0, 15, 135, 20480 }, // U+FB7A
    { 25, 27, 354, 0, 15, 169, 20615 }, // U+FB7B
    { 18, 23, 294, 0, 13, 104, 20784 }, // U+FB7C
    { 22, 23, 305, 0, 13, 127, 20888 }, // U+FB7D
    { 20, 27, 321, 0, 15, 135, 21015 }, // U+FB7E
    { 25, 27, 354, 0, 15, 169, 21150 }, // U+FB7F
    { 18, 24, 294, 0, 13, 108, 21319 }, // U+FB80
    { 22, 24, 305, 0, 13, 132, 21427 }, // U+FB81
    { 13, 23, 241, 1, 16, 75, 21559 }, // U+FB82
    { 18, 23, 267, 1, 16, 104, 21634 }, // U+FB83
    { 13, 22, 241, 1, 21, 72, 21738 }, // U+FB84
    { 18, 22, 267, 1, 21, 99, 21810 }, // U+FB85
    { 13, 26, 241, 1, 25, 85, 21909 }, // U+FB86
    { 18, 26, 267, 1, 25, 117, 21994 }, // U+FB87
    { 13, 27, 241, 1, 26, 88, 22111 }, // U+FB88
    { 18, 27, 267, 1, 26, 122, 22199 }, // U+FB89
    { 14, 29, 191, -2, 22, 102, 22321 }, // U+FB8A
    { 18, 29, 210, -2, 22, 131, 22423 }, // U+FB8B
    { 14, 30, 191, -2, 23, 105, 22554 }, // U+FB8C
    { 18, 30, 210, -2, 23, 135, 22659 }, // U+FB8D
    { 27, 22, 424, 0, 21, 149, 22794 }, // U+FB8E
    { 31, 22, 444, 0, 21, 171, 22943 }, // U+FB8F
    { 14, 22, 212, 0, 21, 77, 23114 }, // U+FB90
    { 18, 22, 237, 0, 21, 99, 23191 }, // U+FB91
    { 27, 27, 424, 0, 26, 183, 23290 }, // U+FB92
    { 31, 27, 444, 0, 26, 210, 23473 }, // U+FB93
    { 15, 27, 212, -1, 26, 102, 23683 }, // U+FB94
    { 19, 27, 237, -1, 26, 129, 23785 }, // U+FB95
    { 27, 39, 424, 0, 26, 264, 23914 }, // U+FB96
    { 31, 39, 444, 0, 26, 303, 24178 }, // U+FB97
    { 15, 38, 212, -1, 26, 143, 24481 }, // U+FB98
    { 19, 38, 237, -1, 26, 181, 24624 }, // U+FB99
    { 27, 30, 424, 0, 29, 203, 24805 }, // U+FB9A
    { 31, 30, 444, 0, 29, 233, 25008 }, // U+FB9B
    { 17, 30, 212, -3, 29, 128, 25241 }, // U+FB9C
    { 21, 30, 237, -3, 29, 158, 25369 }, // U+FB9D
    { 21, 18, 346, 0, 11, 95, 25527 }, // U+FB9E
    { 26, 17, 376, 0, 10, 111, 25622 }, // U+FB9F
    { 21, 28, 346, 0, 21, 147, 25733 }, // U+FBA0
    { 26, 28, 376, 0, 21, 182, 25880 }, // U+FBA1
    { 9, 26, 148, 0, 25, 59, 26062 }, // U+FBA2
    { 15, 23, 191, 0, 22, 87, 26121 }, // U+FBA3
    { 13, 26, 220, 0, 25, 85, 26208 }, // U+FBA4
    { 19, 28, 260, 0, 27, 133, 26293 }, // U+FBA5
    { 13, 17, 220, 0, 16, 56, 26426 }, // U+FBA6
    { 20, 13, 274, 0, 12, 65, 26482 }, // U+FBA7
    { 8, 20, 148, 0, 14, 40, 26547 }, // U+FBA8
    { 18, 15, 240, 0, 7, 68, 26587 }, // U+FBA9
    { 22, 18, 360, 0, 17, 99, 26655 }, // U+FBAA
    { 23, 21, 320, 0, 14, 121, 26754 }, // U+FBAB
    { 18, 18, 299, 0, 17, 81, 26875 }, // U+FBAC
    { 19, 21, 267, 0, 14, 100, 26956 }, // U+FBAD
    { 27, 16, 440, 0, 15, 108, 27056 }, // U+FBAE
    { 19, 13, 262, 0, 4, 62, 27164 }, // U+FBAF
    { 27, 25, 440, 0, 24, 169, 27226 }, // U+FBB0
    { 19, 22, 262, 0, 13, 105, 27395 }, // U+FBB1
    { 6, 6, 93, 0, 21, 9, 27500 }, // U+FBB2
    { 5, 5, 90, 0, -2, 7, 27509 }, // U+FBB3
    { 10, 5, 172, 0, 20, 13, 27516 }, // U+FBB4
    { 10, 5, 134, -1, -2, 13, 27529 }, // U+FBB5
    { 9, 9, 135, 0, 24, 21, 27542 }, // U+FBB6
    { 9, 8, 135, 0, -2, 18, 27563 }, // U+FBB7
    { 9, 9, 135, 0, 24, 21, 27581 }, // U+FBB8
    { 9, 8, 135, 0, -2, 18, 27602 }, // U+FBB9
    { 9, 9, 135, 0, 24, 21, 27620 }, // U+FBBA
    { 9, 9, 135, 0, -2, 21, 27641 }, // U+FBBB
    { 6, 6, 126, 1, -1, 9, 27662 }, // U+FBBC
    { 5, 10, 85, 0, 25, 13, 27671 }, // U+FBBD
    { 5, 10, 85, 0, -2, 13, 27684 }, // U+FBBE
    { 7, 7, 112, 0, 6, 13, 27697 }, // U+FBBF
    { 9, 9, 147, 0, 25, 21, 27710 }, // U+FBC0
    { 8, 8, 138, 0, -1, 16, 27731 }, // U+FBC1
    { 10, 7, 170, 0, 24, 18, 27747 }, // U+FBC2
    { 26, 28, 435, 0, 27, 182, 27765 }, // U+FBD3
    { 31, 28, 455, 0, 27, 217, 27947 }, // U+FBD4
    { 14, 27, 212, 0, 26, 95, 28164 }, // U+FBD5
    { 18, 27, 237, 0, 26, 122, 28259 }, // U+FBD6
    { 14, 29, 232, 0, 22, 102, 28381 }, // U+FBD7
    { 18, 29, 245, 0, 22, 131, 28483 }, // U+FBD8
    { 14, 28, 232, 0, 21, 98, 28614 }, // U+FBD9
    { 18, 29, 245, 0, 22, 131, 28712 }, // U+FBDA
    { 14, 28, 232, 0, 21, 98, 28843 }, // U+FBDB
    { 18, 28, 245, 0, 21, 126, 28941 }, // U+FBDC
    { 28, 29, 452, 0, 22, 203, 29067 }, // U+FBDD
    { 14, 29, 232, 0, 22, 102, 29270 }, // U+FBDE
    { 18, 30, 245, 0, 23, 135, 29372 }, // U+FBDF
    { 14, 21, 232, 0, 12, 74, 29507 }, // U+FBE0
    { 18, 21, 245, 0, 12, 95, 29581 }, // U+FBE1
    { 14, 28, 232, 0, 21, 98, 29676 }, // U+FBE2
    { 18, 29, 245, 0, 22, 131, 29774 }, // U+FBE3
    { 24, 33, 383, 0, 14, 198, 29905 }, // U+FBE4
    { 26, 27, 373, 0, 8, 176, 30103 }, // U+FBE5
    { 9, 26, 168, 0, 14, 59, 0 }, // U+FBE6
    { 15, 23, 191, 0, 11, 87, 59 }, // U+FBE7
    { 8, 15, 148, 0, 14, 30, 146 }, // U+FBE8
    { 14, 12, 179, 0, 11, 42, 176 }, // U+FBE9
    { 17, 24, 296, 1, 23, 102, 218 }, // U+FBEA
    { 22, 23, 328, 1, 22, 127, 320 }, // U+FBEB
    { 25, 24, 421, 0, 23, 150, 447 }, // U+FBEC
    { 31, 21, 453, 0, 20, 163, 597 }, // U+FBED
    { 24, 30, 393, 0, 23, 180, 760 }, // U+FBEE
    { 29, 27, 424, 0, 20, 196, 940 }, // U+FBEF
    { 24, 30, 393, 0, 23, 180, 1136 }, // U+FBF0
    { 29, 29, 424, 0, 22, 211, 1316 }, // U+FBF1
    { 24, 30, 393, 0, 23, 180, 1527 }, // U+FBF2
    { 29, 29, 424, 0, 22, 211, 1707 }, // U+FBF3
    { 24, 30, 393, 0, 23, 180, 1918 }, // U+FBF4
    { 29, 28, 424, 0, 21, 203, 2098 }, // U+FBF5
    { 32, 42, 521, 0, 23, 336, 2301 }, // U+FBF6
    { 37, 39, 553, 0, 20, 361, 2637 }, // U+FBF7
    { 20, 35, 339, 0, 23, 175, 2998 }, // U+FBF8
    { 32, 30, 521, 0, 23, 240, 3173 }, // U+FBF9
    { 37, 27, 553, 0, 20, 250, 3413 }, // U+FBFA
    { 19, 24, 327, 0, 23, 114, 3663 }, // U+FBFB
    { 24, 21, 383, 0, 14, 126, 3777 }, // U+FBFC
    { 26, 15, 373, 0, 8, 98, 3903 }, // U+FBFD
    { 10, 21, 168, 0, 14, 53, 4001 }, // U+FBFE
    { 15, 18, 191, 0, 11, 68, 4054 }, // U+FBFF
    { 30, 35, 493, 0, 23, 263, 4122 }, // U+FC00
    { 30, 35, 493, 0, 23, 263, 4385 }, // U+FC01
    { 28, 35, 456, 0, 23, 245, 4648 }, // U+FC02
    { 32, 30, 521, 0, 23, 240, 4893 }, // U+FC03
    { 32, 37, 521, 0, 23, 296, 5133 }, // U+FC04
    { 30, 27, 493, 0, 15, 203, 5429 }, // U+FC05
    { 30, 27, 493, 0, 15, 203, 5632 }, // U+FC06
    { 30, 34, 493, 0, 22, 255, 5835 }, // U+FC07
    { 28, 26, 456, 0, 14, 182, 6090 }, // U+FC08
    { 32, 21, 521, 0, 14, 168, 6272 }, // U+FC09
    { 32, 28, 521, 0, 14, 224, 6440 }, // U+FC0A
    { 31, 32, 493, 0, 20, 248, 6664 }, // U+FC0B
    { 31, 32, 493, 0, 20, 248, 6912 }, // U+FC0C
    { 31, 34, 493, 0, 22, 264, 7160 }, // U+FC0D
    { 28, 32, 456, 0, 20, 224, 7424 }, // U+FC0E
    { 33, 27, 521, 0, 20, 223, 7648 }, // U+FC0F
    { 33, 34, 521, 0, 20, 281, 7871 }, // U+FC10
    { 30, 36, 493, 0, 24, 270, 8152 }, // U+FC11
    { 28, 36, 456, 0, 24, 252, 8422 }, // U+FC12
    { 32, 31, 521, 0, 24, 248, 8674 }, // U+FC13
    { 32, 38, 521, 0, 24, 304, 8922 }, // U+FC14
    { 40, 27, 639, 0, 15, 270, 9226 }, // U+FC15
    { 37, 25, 602, 0, 13, 232, 9496 }, // U+FC16
    { 40, 27, 639, 0, 15, 270, 9728 }, // U+FC17
    { 37, 25, 602, 0, 13, 232, 9998 }, // U+FC18
    { 40, 33, 639, 0, 21, 330, 10230 }, // U+FC19
    { 40, 33, 639, 0, 21, 330, 10560 }, // U+FC1A
    { 37, 33, 602, 0, 21, 306, 10890 }, // U+FC1B
    { 48, 27, 788, 0, 15, 324, 11196 }, // U+FC1C
    { 48, 27, 788, 0, 15, 324, 11520 }, // U+FC1D
    { 48, 34, 788, 0, 22, 408, 11844 }, // U+FC1E
    { 46, 26, 752, 0, 14, 299, 12252 }, // U+FC1F
    { 49, 27, 800, 0, 15, 331, 12551 }, // U+FC20
    { 47, 25, 763, 0, 13, 294, 12882 }, // U+FC21
    { 49, 33, 800, 0, 21, 405, 13176 }, // U+FC22
    { 49, 33, 800, 0, 21, 405, 13581 }, // U+FC23
    { 49, 34, 800, 0, 22, 417, 13986 }, // U+FC24
    { 47, 33, 763, 0, 21, 388, 14403 }, // U+FC25
    { 42, 34, 689, 0, 22, 357, 14791 }, // U+FC26
    { 40, 34, 653, 0, 22, 340, 15148 }, // U+FC27
    { 40, 34, 653, 0, 22, 340, 15488 }, // U+FC28
    { 37, 27, 605, 0, 15, 250, 15828 }, // U+FC29
    { 35, 27, 569, 0, 15, 237, 16078 }, // U+FC2A
    { 37, 34, 605, 0, 22, 315, 16315 }, // U+FC2B
    { 35, 34, 569, 0, 22, 298, 16630 }, // U+FC2C
    { 36, 37, 581, 0, 25, 333, 16928 }, // U+FC2D
    { 36, 37, 581, 0, 25, 333, 17261 }, // U+FC2E
    { 36, 37, 581, 0, 25, 333, 17594 }, // U+FC2F
    { 33, 37, 544, 0, 25, 306, 17927 }, // U+FC30
    { 37, 32, 609, 0, 25, 296, 18233 }, // U+FC31
    { 37, 39, 609, 0, 25, 361, 18529 }, // U+FC32
    { 36, 36, 581, 0, 24, 324, 18890 }, // U+FC33
    { 33, 36, 544, 0, 24, 297, 19214 }, // U+FC34
    { 37, 31, 609, 0, 24, 287, 19511 }, // U+FC35
    { 37, 38, 609, 0, 24, 352, 19798 }, // U+FC36
    { 22, 23, 360, 1, 22, 127, 20150 }, // U+FC37
    { 36, 33, 557, 0, 21, 297, 20277 }, // U+FC38
    { 36, 33, 557, 0, 21, 297, 20574 }, // U+FC39
    { 36, 34, 557, 0, 22, 306, 20871 }, // U+FC3A
    { 37, 29, 581, 0, 22, 269, 21177 }, // U+FC3B
    { 33, 33, 520, 0, 21, 273, 21446 }, // U+FC3C
    { 37, 28, 585, 0, 21, 259, 21719 }, // U+FC3D
    { 37, 35, 585, 0, 21, 324, 21978 }, // U+FC3E
    { 29, 34, 484, 0, 22, 247, 22302 }, // U+FC3F
    { 29, 34, 484, 0, 22, 247, 22549 }, // U+FC40
    { 29, 34, 484, 0, 22, 247, 22796 }, // U+FC41
    { 27, 34, 447, 0, 22, 230, 23043 }, // U+FC42
    { 31, 29, 512, 0, 22, 225, 23273 }, // U+FC43
    { 31, 36, 512, 0, 22, 279, 23498 }, // U+FC44
    { 38, 27, 617, 0, 15, 257, 23777 }, // U+FC45
    { 38, 27, 617, 0, 15, 257, 24034 }, // U+FC46
    { 38, 34, 617, 0, 22, 323, 24291 }, // U+FC47
    { 35, 25, 580, 0, 13, 219, 24614 }, // U+FC48
    { 39, 20, 645, 0, 13, 195, 24833 }, // U+FC49
    { 39, 27, 645, 0, 13, 264, 25028 }, // U+FC4A
    { 30, 33, 493, 0, 21, 248, 25292 }, // U+FC4B
    { 30, 33, 493, 0, 21, 248, 25540 }, // U+FC4C
    { 30, 34, 493, 0, 22, 255, 25788 }, // U+FC4D
    { 28, 33, 456, 0, 21, 231, 26043 }, // U+FC4E
    { 32, 28, 521, 0, 21, 224, 26274 }, // U+FC4F
    { 32, 35, 521, 0, 21, 280, 26498 }, // U+FC50
    { 40, 29, 644, 0, 17, 290, 26778 }, // U+FC51
    { 37, 29, 608, 0, 17, 269, 27068 }, // U+FC52
    { 41, 24, 673, 0, 17, 246, 27337 }, // U+FC53
    { 41, 31, 673, 0, 17, 318, 27583 }, // U+FC54
    { 31, 27, 512, 0, 15, 210, 27901 }, // U+FC55
    { 31, 27, 512, 0, 15, 210, 28111 }, // U+FC56
    { 31, 34, 512, 0, 22, 264, 28321 }, // U+FC57
    { 29, 26, 476, 0, 14, 189, 28585 }, // U+FC58
    { 33, 21, 541, 0, 14, 174, 28774 }, // U+FC59
    { 33, 28, 541, 0, 14, 231, 28948 }, // U+FC5A
    { 13, 32, 241, 1, 31, 104, 29179 }, // U+FC5B
    { 13, 28, 191, -2, 21, 91, 29283 }, // U+FC5C
    { 24, 23, 383, 0, 16, 138, 29374 }, // U+FC5D
    { 11, 14, 151, -2, 31, 39, 29512 }, // U+FC5E
    { 9, 14, 147, 0, 31, 32, 29551 }, // U+FC5F
    { 9, 11, 151, 0, 28, 25, 29583 }, // U+FC60
    { 10, 14, 151, -1, 31, 35, 29608 }, // U+FC61
    { 9, 13, 147, 0, 30, 30, 29643 }, // U+FC62
    { 9, 12, 151, 0, 29, 27, 29673 }, // U+FC63
    { 29, 27, 389, -2, 20, 196, 29700 }, // U+FC64
    { 29, 27, 389, -2, 20, 196, 29896 }, // U+FC65
    { 33, 32, 488, 0, 20, 264, 30092 }, // U+FC66
    { 38, 27, 555, 0, 20, 257, 30356 }, // U+FC67
    { 37, 27, 553, 0, 20, 250, 30613 }, // U+FC68
    { 37, 34, 553, 0, 20, 315, 30863 }, // U+FC69
    { 29, 19, 389, -2, 12, 138, 0 }, // U+FC6A
    { 29, 26, 389, -2, 19, 189, 138 }, // U+FC6B
    { 33, 25, 488, 0, 13, 207, 327 }, // U+FC6C
    { 38, 24, 555, 0, 17, 228, 534 }, // U+FC6D
    { 37, 18, 553, 0, 11, 167, 762 }, // U+FC6E
    { 37, 25, 553, 0, 11, 232, 929 }, // U+FC6F
    { 30, 24, 401, -2, 17, 180, 1161 }, // U+FC70
    { 30, 26, 401, -2, 19, 195, 1341 }, // U+FC71
    { 34, 29, 499, 0, 17, 247, 1536 }, // U+FC72
    { 38, 24, 567, 0, 17, 228, 1783 }, // U+FC73
    { 38, 24, 564, 0, 17, 228, 2011 }, // U+FC74
    { 38, 31, 564, 0, 17, 295, 2239 }, // U+FC75
    { 30, 28, 401, -2, 21, 210, 2534 }, // U+FC76
    { 30, 28, 401, -2, 21, 210, 2744 }, // U+FC77
    { 34, 33, 499, 0, 21, 281, 2954 }, // U+FC78
    { 38, 28, 567, 0, 21, 266, 3235 }, // U+FC79
    { 38, 28, 564, 0, 21, 266, 3501 }, // U+FC7A
    { 38, 35, 564, 0, 21, 333, 3767 }, // U+FC7B
    { 42, 29, 620, 0, 22, 305, 4100 }, // U+FC7C
    { 42, 36, 620, 0, 22, 378, 4405 }, // U+FC7D
    { 42, 28, 620, 0, 21, 294, 4783 }, // U+FC7E
    { 42, 35, 620, 0, 21, 368, 5077 }, // U+FC7F
    { 26, 23, 386, 1, 22, 150, 5445 }, // U+FC80
    { 41, 29, 606, 0, 22, 298, 5595 }, // U+FC81
    { 37, 33, 546, 0, 21, 306, 5893 }, // U+FC82
    { 41, 28, 611, 0, 21, 287, 6199 }, // U+FC83
    { 41, 35, 611, 0, 21, 359, 6486 }, // U+FC84
    { 32, 34, 469, 0, 22, 272, 6845 }, // U+FC85
    { 36, 29, 534, 0, 22, 261, 7117 }, // U+FC86
    { 36, 36, 534, 0, 22, 324, 7378 }, // U+FC87
    { 29, 23, 440, 1, 22, 167, 7702 }, // U+FC88
    { 40, 25, 600, 0, 13, 250, 7869 }, // U+FC89
    { 29, 25, 389, -2, 18, 182, 8119 }, // U+FC8A
    { 29, 26, 389, -2, 19, 189, 8301 }, // U+FC8B
    { 33, 30, 488, 0, 18, 248, 8490 }, // U+FC8C
    { 38, 25, 555, 0, 18, 238, 8738 }, // U+FC8D
    { 37, 25, 553, 0, 18, 232, 8976 }, // U+FC8E
    { 37, 32, 553, 0, 18, 296, 9208 }, // U+FC8F
    { 26, 23, 373, 0, 16, 150, 9504 }, // U+FC90
    { 30, 19, 401, -2, 12, 143, 9654 }, // U+FC91
    { 30, 26, 401, -2, 19, 195, 9797 }, // U+FC92
    { 34, 25, 499, 0, 13, 213, 9992 }, // U+FC93
    { 38, 24, 567, 0, 17, 228, 10205 }, // U+FC94
    { 38, 18, 564, 0, 11, 171, 10433 }, // U+FC95
    { 38, 25, 564, 0, 11, 238, 10604 }, // U+FC96
    { 27, 30, 453, 0, 23, 203, 10842 }, // U+FC97
    { 27, 24, 453, 0, 23, 162, 11045 }, // U+FC98
    { 27, 24, 453, 0, 23, 162, 11207 }, // U+FC99
    { 26, 24, 439, 0, 23, 156, 11369 }, // U+FC9A
    { 25, 30, 414, 0, 23, 188, 11525 }, // U+FC9B
    { 27, 21, 453, 0, 14, 142, 11713 }, // U+FC9C
    { 27, 21, 453, 0, 14, 142, 11855 }, // U+FC9D
    { 27, 28, 453, 0, 21, 189, 11997 }, // U+FC9E
    { 26, 21, 439, 0, 14, 137, 12186 }, // U+FC9F
    { 25, 21, 414, 0, 14, 132, 12323 }, // U+FCA0
    { 28, 27, 453, 0, 20, 189, 12455 }, // U+FCA1
    { 28, 21, 453, 0, 20, 147, 12644 }, // U+FCA2
    { 28, 22, 453, 0, 21, 154, 12791 }, // U+FCA3
    { 27, 21, 439, 0, 20, 142, 12945 }, // U+FCA4
    { 26, 27, 414, 0, 20, 176, 13087 }, // U+FCA5
    { 27, 25, 439, 0, 24, 169, 13263 }, // U+FCA6
    { 37, 20, 599, 0, 13, 185, 13432 }, // U+FCA7
    { 36, 20, 585, 0, 13, 180, 13617 }, // U+FCA8
    { 37, 20, 599, 0, 13, 185, 13797 }, // U+FCA9
    { 36, 14, 585, 0, 13, 126, 13982 }, // U+FCAA
    { 37, 28, 599, 0, 21, 259, 14108 }, // U+FCAB
    { 36, 22, 585, 0, 21, 198, 14367 }, // U+FCAC
    { 46, 21, 749, 0, 14, 242, 14565 }, // U+FCAD
    { 46, 15, 749, 0, 14, 173, 14807 }, // U+FCAE
    { 46, 22, 749, 0, 21, 253, 14980 }, // U+FCAF
    { 45, 15, 735, 0, 14, 169, 15233 }, // U+FCB0
    { 47, 14, 760, 0, 13, 165, 15402 }, // U+FCB1
    { 47, 22, 760, 0, 21, 259, 15567 }, // U+FCB2
    { 46, 14, 746, 0, 13, 161, 15826 }, // U+FCB3
    { 47, 28, 760, 0, 21, 329, 15987 }, // U+FCB4
    { 47, 22, 760, 0, 21, 259, 16316 }, // U+FCB5
    { 47, 22, 760, 0, 21, 259, 16575 }, // U+FCB6
    { 46, 22, 746, 0, 21, 253, 16834 }, // U+FCB7
    { 40, 23, 649, 0, 22, 230, 17087 }, // U+FCB8
    { 39, 23, 635, 0, 22, 225, 17317 }, // U+FCB9
    { 35, 22, 565, 0, 15, 193, 17542 }, // U+FCBA
    { 34, 16, 551, 0, 15, 136, 17735 }, // U+FCBB
    { 35, 29, 565, 0, 22, 254, 17871 }, // U+FCBC
    { 34, 23, 551, 0, 22, 196, 18125 }, // U+FCBD
    { 33, 32, 541, 0, 25, 264, 18321 }, // U+FCBE
    { 33, 26, 541, 0, 25, 215, 18585 }, // U+FCBF
    { 33, 26, 541, 0, 25, 215, 18800 }, // U+FCC0
    { 32, 26, 527, 0, 25, 208, 19015 }, // U+FCC1
    { 33, 25, 541, 0, 24, 207, 19223 }, // U+FCC2
    { 32, 25, 527, 0, 24, 200, 19430 }, // U+FCC3
    { 33, 28, 517, 0, 21, 231, 19630 }, // U+FCC4
    { 33, 22, 517, 0, 21, 182, 19861 }, // U+FCC5
    { 33, 22, 517, 0, 21, 182, 20043 }, // U+FCC6
    { 24, 23, 372, 0, 22, 138, 20225 }, // U+FCC7
    { 32, 22, 503, 0, 21, 176, 20363 }, // U+FCC8
    { 27, 29, 444, 0, 22, 196, 20539 }, // U+FCC9
    { 27, 23, 444, 0, 22, 156, 20735 }, // U+FCCA
    { 27, 23, 444, 0, 22, 156, 20891 }, // U+FCCB
    { 26, 23, 430, 0, 22, 150, 21047 }, // U+FCCC
    { 24, 29, 405, 0, 22, 174, 21197 }, // U+FCCD
    { 35, 20, 577, 0, 13, 175, 21371 }, // U+FCCE
    { 35, 14, 577, 0, 13, 123, 21546 }, // U+FCCF
    { 35, 22, 577, 0, 21, 193, 21669 }, // U+FCD0
    { 34, 14, 563, 0, 13, 119, 21862 }, // U+FCD1
    { 27, 28, 453, 0, 21, 189, 21981 }, // U+FCD2
    { 27, 22, 453, 0, 21, 149, 22170 }, // U+FCD3
    { 27, 22, 453, 0, 21, 149, 22319 }, // U+FCD4
    { 26, 22, 439, 0, 21, 143, 22468 }, // U+FCD5
    { 25, 28, 414, 0, 21, 175, 22611 }, // U+FCD6
    { 37, 24, 604, 0, 17, 222, 22786 }, // U+FCD7
    { 36, 18, 590, 0, 17, 162, 23008 }, // U+FCD8
    { 18, 26, 299, 0, 25, 117, 23170 }, // U+FCD9
    { 29, 21, 473, 0, 14, 153, 23287 }, // U+FCDA
    { 29, 21, 473, 0, 14, 153, 23440 }, // U+FCDB
    { 29, 28, 473, 0, 21, 203, 23593 }, // U+FCDC
    { 28, 21, 459, 0, 14, 147, 23796 }, // U+FCDD
    { 26, 21, 434, 0, 14, 137, 23943 }, // U+FCDE
    { 32, 21, 470, 0, 20, 168, 24080 }, // U+FCDF
    { 31, 27, 446, 0, 20, 210, 24248 }, // U+FCE0
    { 32, 20, 470, 0, 13, 160, 24458 }, // U+FCE1
    { 31, 21, 446, 0, 14, 163, 24618 }, // U+FCE2
    { 33, 18, 482, 0, 17, 149, 24781 }, // U+FCE3
    { 31, 24, 457, 0, 17, 186, 24930 }, // U+FCE4
    { 33, 22, 482, 0, 21, 182, 25116 }, // U+FCE5
    { 31, 28, 457, 0, 21, 217, 25298 }, // U+FCE6
    { 51, 14, 767, 0, 13, 179, 25515 }, // U+FCE7
    { 49, 21, 742, 0, 14, 258, 25694 }, // U+FCE8
    { 51, 23, 767, 0, 22, 294, 25952 }, // U+FCE9
    { 49, 29, 742, 0, 22, 356, 26246 }, // U+FCEA
    { 28, 23, 398, 0, 22, 161, 26602 }, // U+FCEB
    { 36, 22, 528, 0, 21, 198, 26763 }, // U+FCEC
    { 31, 23, 452, 0, 22, 179, 26961 }, // U+FCED
    { 32, 19, 470, 0, 18, 152, 27140 }, // U+FCEE
    { 31, 25, 446, 0, 18, 194, 27292 }, // U+FCEF
    { 33, 20, 482, 0, 13, 165, 27486 }, // U+FCF0
    { 31, 21, 457, 0, 14, 163, 27651 }, // U+FCF1
    { 12, 24, 135, -1, 23, 72, 27814 }, // U+FCF2
    { 13, 27, 135, -2, 26, 88, 27886 }, // U+FCF3
    { 12, 25, 135, -1, 24, 75, 27974 }, // U+FCF4
    { 44, 29, 717, 0, 22, 319, 28049 }, // U+FCF5
    { 44, 36, 717, 0, 22, 396, 28368 }, // U+FCF6
    { 39, 22, 633, 0, 15, 215, 28764 }, // U+FCF7
    { 39, 29, 633, 0, 15, 283, 28979 }, // U+FCF8
    { 39, 29, 633, 0, 22, 283, 29262 }, // U+FCF9
    { 39, 36, 633, 0, 22, 351, 29545 }, // U+FCFA
    { 50, 21, 817, 0, 14, 263, 29896 }, // U+FCFB
    { 50, 28, 817, 0, 14, 350, 30159 }, // U+FCFC
    { 50, 29, 817, 0, 22, 363, 30509 }, // U+FCFD
    { 50, 36, 817, 0, 22, 450, 0 }, // U+FCFE
    { 41, 20, 667, 0, 13, 205, 450 }, // U+FCFF
    { 41, 27, 667, 0, 13, 277, 655 }, // U+FD00
    { 41, 20, 667, 0, 13, 205, 932 }, // U+FD01
    { 41, 27, 667, 0, 13, 277, 1137 }, // U+FD02
    { 41, 28, 667, 0, 21, 287, 1414 }, // U+FD03
    { 41, 35, 667, 0, 21, 359, 1701 }, // U+FD04
    { 51, 20, 828, 0, 13, 255, 2060 }, // U+FD05
    { 51, 27, 828, 0, 13, 345, 2315 }, // U+FD06
    { 51, 28, 828, 0, 21, 357, 2660 }, // U+FD07
    { 51, 35, 828, 0, 21, 447, 3017 }, // U+FD08
    { 48, 34, 788, 0, 22, 408, 3464 }, // U+FD09
    { 48, 34, 788, 0, 22, 408, 3872 }, // U+FD0A
    { 48, 34, 788, 0, 22, 408, 4280 }, // U+FD0B
    { 46, 34, 752, 0, 22, 391, 4688 }, // U+FD0C
    { 42, 29, 653, -2, 22, 305, 5079 }, // U+FD0D
    { 42, 21, 653, -2, 14, 221, 5384 }, // U+FD0E
    { 43, 20, 665, -2, 13, 215, 5605 }, // U+FD0F
    { 43, 28, 665, -2, 21, 301, 5820 }, // U+FD10
    { 48, 29, 729, 0, 22, 348, 6121 }, // U+FD11
    { 48, 36, 729, 0, 22, 432, 6469 }, // U+FD12
    { 42, 21, 631, 0, 14, 221, 6901 }, // U+FD13
    { 42, 28, 631, 0, 14, 294, 7122 }, // U+FD14
    { 42, 29, 631, 0, 22, 305, 7416 }, // U+FD15
    { 42, 36, 631, 0, 22, 378, 7721 }, // U+FD16
    { 56, 19, 849, 0, 12, 266, 8099 }, // U+FD17
    { 56, 26, 849, 0, 12, 364, 8365 }, // U+FD18
    { 56, 29, 849, 0, 22, 406, 8729 }, // U+FD19
    { 56, 36, 849, 0, 22, 504, 9135 }, // U+FD1A
    { 45, 20, 679, 0, 13, 225, 9639 }, // U+FD1B
    { 45, 27, 679, 0, 13, 304, 9864 }, // U+FD1C
    { 45, 20, 679, 0, 13, 225, 10168 }, // U+FD1D
    { 45, 27, 679, 0, 13, 304, 10393 }, // U+FD1E
    { 45, 28, 679, 0, 21, 315, 10697 }, // U+FD1F
    { 45, 35, 679, 0, 21, 394, 11012 }, // U+FD20
    { 55, 20, 842, 0, 13, 275, 11406 }, // U+FD21
    { 55, 27, 842, 0, 13, 372, 11681 }, // U+FD22
    { 55, 28, 842, 0, 21, 385, 12053 }, // U+FD23
    { 55, 35, 842, 0, 21, 482, 12438 }, // U+FD24
    { 54, 34, 821, 0, 22, 459, 12920 }, // U+FD25
    { 54, 34, 821, 0, 22, 459, 13379 }, // U+FD26
    { 54, 34, 821, 0, 22, 459, 13838 }, // U+FD27
    { 52, 34, 784, 0, 22, 442, 14297 }, // U+FD28
    { 48, 29, 686, -2, 22, 348, 14739 }, // U+FD29
    { 48, 19, 686, -2, 12, 228, 15087 }, // U+FD2A
    { 47, 20, 679, -2, 13, 235, 15315 }, // U+FD2B
    { 47, 28, 679, -2, 21, 329, 15550 }, // U+FD2C
    { 46, 29, 749, 0, 22, 334, 15879 }, // U+FD2D
    { 46, 23, 749, 0, 22, 265, 16213 }, // U+FD2E
    { 46, 23, 749, 0, 22, 265, 16478 }, // U+FD2F
    { 45, 23, 735, 0, 22, 259, 16743 }, // U+FD30
    { 43, 21, 710, 0, 14, 226, 17002 }, // U+FD31
    { 43, 29, 710, 0, 22, 312, 17228 }, // U+FD32
    { 39, 23, 635, 0, 22, 225, 17540 }, // U+FD33
    { 52, 20, 781, 0, 13, 260, 17765 }, // U+FD34
    { 52, 14, 781, 0, 13, 182, 18025 }, // U+FD35
    { 52, 22, 781, 0, 21, 286, 18207 }, // U+FD36
    { 52, 29, 781, 0, 22, 377, 18493 }, // U+FD37
    { 52, 23, 781, 0, 22, 299, 18870 }, // U+FD38
    { 52, 23, 781, 0, 22, 299, 19169 }, // U+FD39
    { 43, 23, 647, 0, 22, 248, 19468 }, // U+FD3A
    { 43, 23, 647, 0, 22, 248, 19716 }, // U+FD3B
    { 14, 25, 148, 1, 24, 88, 19964 }, // U+FD3C
    { 14, 24, 127, 1, 24, 84, 20052 }, // U+FD3D
    { 12, 28, 204, 0, 21, 84, 20136 }, // U+FD3E
    { 12, 28, 204, 1, 21, 84, 20220 }, // U+FD3F
    { 44, 31, 741, 1, 27, 341, 20304 }, // U+FD40
    { 59, 35, 968, 1, 27, 517, 20645 }, // U+FD41
    { 63, 35, 1046, 1, 27, 552, 21162 }, // U+FD42
    { 70, 36, 1144, 1, 28, 630, 21714 }, // U+FD43
    { 73, 37, 1206, 1, 29, 676, 22344 }, // U+FD44
    { 72, 37, 1179, 1, 29, 666, 23020 }, // U+FD45
    { 32, 26, 538, 1, 23, 208, 23686 }, // U+FD46
    { 61, 27, 1005, 1, 23, 412, 23894 }, // U+FD47
    { 69, 31, 1138, 1, 27, 535, 24306 }, // U+FD48
    { 59, 31, 969, 1, 27, 458, 24841 }, // U+FD49
    { 32, 26, 547, 1, 21, 208, 25299 }, // U+FD4A
    { 39, 27, 657, 1, 23, 264, 25507 }, // U+FD4B
    { 39, 25, 660, 1, 21, 244, 25771 }, // U+FD4C
    { 58, 28, 957, 1, 24, 406, 26015 }, // U+FD4D
    { 43, 32, 726, 1, 25, 344, 26421 }, // U+FD4E
    { 51, 31, 851, 1, 27, 396, 26765 }, // U+FD4F
    { 46, 27, 744, 0, 20, 311, 27161 }, // U+FD50
    { 55, 29, 841, 0, 17, 399, 27472 }, // U+FD51
    { 47, 27, 758, 0, 20, 318, 27871 }, // U+FD52
    { 46, 21, 744, 0, 20, 242, 28189 }, // U+FD53
    { 46, 22, 744, 0, 21, 253, 28431 }, // U+FD54
    { 46, 27, 744, 0, 20, 311, 28684 }, // U+FD55
    { 46, 21, 744, 0, 20, 242, 28995 }, // U+FD56
    { 46, 22, 744, 0, 21, 253, 29237 }, // U+FD57
    { 62, 27, 941, 0, 15, 419, 29490 }, // U+FD58
    { 55, 20, 890, 0, 13, 275, 29909 }, // U+FD59
    { 63, 27, 970, 0, 13, 426, 30184 }, // U+FD5A
    { 63, 20, 970, 0, 13, 315, 30610 }, // U+FD5B
    { 65, 21, 1054, 0, 14, 342, 30925 }, // U+FD5C
    { 65, 21, 1054, 0, 14, 342, 31267 }, // U+FD5D
    { 75, 20, 1154, 0, 13, 375, 0 }, // U+FD5E
    { 72, 27, 1112, 0, 15, 486, 375 }, // U+FD5F
    { 64, 15, 1040, 0, 14, 240, 861 }, // U+FD60
    { 64, 21, 1040, 0, 14, 336, 1101 }, // U+FD61
    { 70, 25, 1075, 0, 13, 438, 1437 }, // U+FD62
    { 63, 15, 1026, 0, 14, 237, 1875 }, // U+FD63
    { 73, 27, 1119, 0, 15, 493, 2112 }, // U+FD64
    { 66, 14, 1065, 0, 13, 231, 2605 }, // U+FD65
    { 70, 25, 1068, 0, 13, 438, 2836 }, // U+FD66
    { 71, 34, 1089, 0, 22, 604, 3274 }, // U+FD67
    { 64, 23, 1040, 0, 22, 368, 3878 }, // U+FD68
    { 75, 36, 1154, 0, 22, 675, 4246 }, // U+FD69
    { 72, 34, 1112, 0, 22, 612, 4921 }, // U+FD6A
    { 64, 23, 1040, 0, 22, 368, 5533 }, // U+FD6B
    { 70, 34, 1075, 0, 22, 595, 5901 }, // U+FD6C
    { 63, 23, 1026, 0, 22, 363, 6496 }, // U+FD6D
    { 75, 28, 1147, 0, 21, 525, 6859 }, // U+FD6E
    { 70, 33, 1082, 0, 21, 578, 7384 }, // U+FD6F
    { 65, 22, 1051, 0, 21, 358, 7962 }, // U+FD70
    { 65, 34, 992, 0, 22, 553, 8320 }, // U+FD71
    { 58, 23, 941, 0, 22, 334, 8873 }, // U+FD72
    { 57, 23, 927, 0, 22, 328, 9207 }, // U+FD73
    { 67, 36, 1020, 0, 22, 603, 9535 }, // U+FD74
    { 57, 26, 871, 0, 14, 371, 10138 }, // U+FD75
    { 56, 26, 857, 0, 14, 364, 10509 }, // U+FD76
    { 52, 16, 842, 0, 15, 208, 10873 }, // U+FD77
    { 60, 21, 922, 0, 14, 315, 11081 }, // U+FD78
    { 56, 34, 857, 0, 22, 476, 11396 }, // U+FD79
    { 60, 36, 922, 0, 22, 540, 11872 }, // U+FD7A
    { 60, 29, 922, 0, 22, 435, 12412 }, // U+FD7B
    { 57, 34, 861, 0, 22, 485, 12847 }, // U+FD7C
    { 51, 26, 832, 0, 25, 332, 13332 }, // U+FD7D
    { 58, 33, 883, 0, 21, 479, 13664 }, // U+FD7E
    { 56, 33, 847, 0, 21, 462, 14143 }, // U+FD7F
    { 51, 34, 774, 0, 22, 434, 14605 }, // U+FD80
    { 55, 36, 839, 0, 22, 495, 15039 }, // U+FD81
    { 55, 29, 839, 0, 22, 399, 15534 }, // U+FD82
    { 46, 29, 749, 0, 22, 334, 15933 }, // U+FD83
    { 54, 34, 811, 0, 22, 459, 16267 }, // U+FD84
    { 51, 34, 774, 0, 22, 434, 16726 }, // U+FD85
    { 45, 23, 735, 0, 22, 259, 17160 }, // U+FD86
    { 53, 34, 797, 0, 22, 451, 17419 }, // U+FD87
    { 45, 23, 735, 0, 22, 259, 17870 }, // U+FD88
    { 54, 20, 882, 0, 13, 270, 18129 }, // U+FD89
    { 53, 14, 868, 0, 13, 186, 18399 }, // U+FD8A
    { 63, 27, 970, 0, 13, 426, 18585 }, // U+FD8B
    { 54, 20, 882, 0, 13, 270, 19011 }, // U+FD8C
    { 53, 20, 868, 0, 13, 265, 19281 }, // U+FD8D
    { 54, 28, 882, 0, 21, 378, 19546 }, // U+FD8E
    { 53, 22, 868, 0, 21, 292, 19924 }, // U+FD8F
    { 54, 28, 882, 0, 21, 378, 20216 }, // U+FD92
    { 55, 24, 896, 0, 17, 330, 20594 }, // U+FD93
    { 54, 18, 882, 0, 17, 243, 20924 }, // U+FD94
    { 46, 22, 744, 0, 21, 253, 21167 }, // U+FD95
    { 56, 25, 858, 0, 18, 350, 21420 }, // U+FD96
    { 52, 30, 793, 0, 18, 390, 21770 }, // U+FD97
    { 46, 28, 744, 0, 21, 322, 22160 }, // U+FD98
    { 56, 25, 858, 0, 18, 350, 22482 }, // U+FD99
    { 56, 32, 844, 0, 18, 448, 22832 }, // U+FD9A
    { 56, 25, 844, 0, 18, 350, 23280 }, // U+FD9B
    { 52, 25, 791, 0, 13, 325, 23630 }, // U+FD9C
    { 46, 21, 750, 0, 14, 242, 23955 }, // U+FD9D
    { 56, 35, 858, 0, 21, 490, 24197 }, // U+FD9E
    { 57, 31, 870, 0, 17, 442, 24687 }, // U+FD9F
    { 57, 24, 870, 0, 17, 342, 25129 }, // U+FDA0
    { 57, 35, 870, 0, 21, 499, 25471 }, // U+FDA1
    { 57, 28, 870, 0, 21, 399, 25970 }, // U+FDA2
    { 56, 31, 856, 0, 17, 434, 26369 }, // U+FDA3
    { 56, 24, 856, 0, 17, 336, 26803 }, // U+FDA4
    { 63, 27, 970, 0, 13, 426, 27139 }, // U+FDA5
    { 61, 20, 972, 0, 13, 305, 27565 }, // U+FDA6
    { 63, 20, 970, 0, 13, 315, 27870 }, // U+FDA7
    { 75, 28, 1154, 0, 21, 525, 28185 }, // U+FDA8
    { 75, 27, 1147, 0, 13, 507, 28710 }, // U+FDA9
    { 75, 36, 1154, 0, 22, 675, 29217 }, // U+FDAA
    { 75, 35, 1147, 0, 21, 657, 29892 }, // U+FDAB
    { 55, 36, 839, 0, 22, 495, 30549 }, // U+FDAC
    { 54, 36, 825, 0, 22, 486, 31044 }, // U+FDAD
    { 57, 27, 870, 0, 13, 385, 31530 }, // U+FDAE
    { 57, 27, 870, 0, 13, 385, 0 }, // U+FDAF
    { 56, 27, 856, 0, 13, 378, 385 }, // U+FDB0
    { 63, 27, 956, 0, 13, 426, 763 }, // U+FDB1
    { 60, 35, 912, 0, 21, 525, 1189 }, // U+FDB2
    { 56, 32, 858, 0, 18, 448, 1714 }, // U+FDB3
    { 51, 25, 832, 0, 24, 319, 2162 }, // U+FDB4
    { 45, 23, 735, 0, 22, 259, 2481 }, // U+FDB5
    { 60, 28, 922, 0, 14, 420, 2740 }, // U+FDB6
    { 59, 35, 902, 0, 21, 517, 3160 }, // U+FDB7
    { 46, 28, 758, 0, 21, 322, 3677 }, // U+FDB8
    { 63, 35, 970, 0, 21, 552, 3999 }, // U+FDB9
    { 45, 29, 735, 0, 22, 327, 4551 }, // U+FDBA
    { 55, 33, 837, 0, 21, 454, 4878 }, // U+FDBB
    { 51, 34, 774, 0, 22, 434, 5332 }, // U+FDBC
    { 55, 30, 829, 0, 18, 413, 5766 }, // U+FDBD
    { 64, 27, 984, 0, 13, 432, 6179 }, // U+FDBE
    { 64, 27, 984, 0, 13, 432, 6611 }, // U+FDBF
    { 63, 27, 970, 0, 13, 426, 7043 }, // U+FDC0
    { 60, 36, 912, 0, 22, 540, 7469 }, // U+FDC1
    { 56, 27, 858, 0, 13, 378, 8009 }, // U+FDC2
    { 50, 22, 794, 0, 21, 275, 8387 }, // U+FDC3
    { 53, 22, 856, 0, 15, 292, 8662 }, // U+FDC4
    { 64, 14, 1037, 0, 13, 224, 8954 }, // U+FDC5
    { 75, 35, 1154, 0, 21, 657, 9178 }, // U+FDC6
    { 56, 32, 858, 0, 18, 448, 9835 }, // U+FDC7
    { 46, 27, 762, 1, 23, 311, 10283 }, // U+FDCF
    { 54, 31, 877, 0, 22, 419, 10594 }, // U+FDF0
    { 40, 33, 658, 0, 24, 330, 11013 }, // U+FDF1
    { 42, 34, 686, 0, 33, 357, 11343 }, // U+FDF2
    { 46, 36, 728, -2, 29, 414, 11700 }, // U+FDF3
    { 69, 28, 1135, 1, 27, 483, 12114 }, // U+FDF4
    { 73, 34, 1181, 0, 22, 621, 12597 }, // U+FDF5
    { 75, 29, 1225, 0, 22, 544, 13218 }, // U+FDF6
    { 54, 29, 871, 0, 22, 392, 13762 }, // U+FDF7
    { 71, 34, 1145, 0, 22, 604, 14154 }, // U+FDF8
    { 61, 29, 989, 0, 22, 443, 14758 }, // U+FDF9
    { 32, 28, 538, 1, 23, 224, 15201 }, // U+FDFA
    { 30, 29, 486, 0, 22, 218, 15425 }, // U+FDFB
    { 37, 27, 609, 0, 21, 250, 15643 }, // U+FDFC
    { 50, 32, 833, 1, 25, 400, 15893 }, // U+FDFE
    { 31, 26, 520, 1, 22, 202, 16293 }, // U+FDFF
    { 8, 8, 147, 1, 25, 16, 16495 }, // U+FE70
    { 11, 20, 135, 0, 19, 55, 16511 }, // U+FE71
    { 11, 8, 191, 0, 25, 22, 16566 }, // U+FE72
    { 11, 15, 125, 0, 8, 42, 16588 }, // U+FE73
    { 8, 8, 147, 1, -1, 16, 16630 }, // U+FE74
    { 8, 5, 147, 1, 22, 10, 16646 }, // U+FE76
    { 11, 17, 135, 0, 16, 47, 16656 }, // U+FE77
    { 9, 9, 160, 0, 25, 21, 16703 }, // U+FE78
    { 13, 20, 135, -2, 19, 65, 16724 }, // U+FE79
    { 8, 5, 147, 1, -1, 10, 16789 }, // U+FE7A
    { 11, 10, 135, 0, 4, 28, 16799 }, // U+FE7B
    { 9, 7, 151, 0, 24, 16, 16827 }, // U+FE7C
    { 12, 19, 135, -1, 18, 57, 16843 }, // U+FE7D
    { 7, 7, 121, 0, 25, 13, 16900 }, // U+FE7E
    { 11, 20, 135, 0, 19, 55, 16913 }, // U+FE7F
    { 13, 15, 219, 0, 13, 49, 16968 }, // U+FE80
    { 11, 26, 126, -2, 26, 72, 17017 }, // U+FE81
    { 14, 29, 148, -2, 28, 102, 17089 }, // U+FE82
    { 7, 29, 126, 0, 29, 51, 17191 }, // U+FE83
    { 12, 32, 148, 0, 31, 96, 17242 }, // U+FE84
    { 14, 28, 232, 0, 21, 98, 17338 }, // U+FE85
    { 18, 29, 245, 0, 22, 131, 17436 }, // U+FE86
    { 7, 32, 127, 1, 22, 56, 17567 }, // U+FE87
    { 11, 32, 148, 1, 22, 88, 17623 }, // U+FE88
    { 24, 23, 383, 0, 16, 138, 17711 }, // U+FE89
    { 26, 23, 373, 0, 16, 150, 17849 }, // U+FE8A
    { 8, 24, 148, 0, 23, 48, 17999 }, // U+FE8B
    { 14, 21, 179, 0, 20, 74, 18047 }, // U+FE8C
    { 6, 22, 127, 1, 22, 33, 18121 }, // U+FE8D
    { 11, 23, 148, 1, 22, 64, 18154 }, // U+FE8E
    { 29, 21, 478, 0, 13, 153, 18218 }, // U+FE8F
    { 36, 20, 533, 0, 12, 180, 18371 }, // U+FE90
    { 8, 21, 148, 0, 14, 42, 18551 }, // U+FE91
    { 14, 18, 179, 0, 11, 63, 18593 }, // U+FE92
    { 13, 23, 220, 0, 22, 75, 18656 }, // U+FE93
    { 19, 25, 260, 0, 24, 119, 18731 }, // U+FE94
    { 29, 18, 478, 0, 17, 131, 18850 }, // U+FE95
    { 36, 18, 533, 0, 17, 162, 18981 }, // U+FE96
    { 10, 21, 148, -1, 20, 53, 19143 }, // U+FE97
    { 15, 18, 191, 0, 17, 68, 19196 }, // U+FE98
    { 29, 22, 478, 0, 21, 160, 19264 }, // U+FE99
    { 36, 22, 533, 0, 21, 198, 19424 }, // U+FE9A
    { 9, 25, 148, 0, 24, 57, 19622 }, // U+FE9B
    { 15, 22, 191, 0, 21, 83, 19679 }, // U+FE9C
    { 20, 27, 321, 0, 15, 135, 19762 }, // U+FE9D
    { 24, 27, 345, 0, 15, 162, 19897 }, // U+FE9E
    { 18, 20, 294, 0, 13, 90, 20059 }, // U+FE9F
    { 22, 20, 305, 0, 13, 110, 20149 }, // U+FEA0
    { 20, 27, 321, 0, 15, 135, 20259 }, // U+FEA1
    { 24, 27, 345, 0, 15, 162, 20394 }, // U+FEA2
    { 18, 14, 294, 0, 13, 63, 20556 }, // U+FEA3
    { 22, 14, 305, 0, 13, 77, 20619 }, // U+FEA4
    { 20, 34, 321, 0, 22, 170, 20696 }, // U+FEA5
    { 24, 34, 345, 0, 22, 204, 20866 }, // U+FEA6
    { 18, 22, 294, 0, 21, 99, 21070 }, // U+FEA7
    { 22, 22, 305, 0, 21, 121, 21169 }, // U+FEA8
    { 13, 17, 241, 1, 16, 56, 21290 }, // U+FEA9
    { 18, 17, 267, 1, 16, 77, 21346 }, // U+FEAA
    { 13, 23, 241, 1, 22, 75, 21423 }, // U+FEAB
    { 18, 23, 267, 1, 22, 104, 21498 }, // U+FEAC
    { 13, 19, 191, -2, 12, 62, 21602 }, // U+FEAD
    { 18, 19, 210, -2, 12, 86, 21664 }, // U+FEAE
    { 13, 26, 191, -2, 19, 85, 21750 }, // U+FEAF
    { 18, 26, 210, -2, 19, 117, 21835 }, // U+FEB0
    { 39, 21, 639, 0, 14, 205, 21952 }, // U+FEB1
    { 45, 19, 672, 0, 12, 214, 22157 }, // U+FEB2
    { 27, 15, 443, 0, 14, 102, 22371 }, // U+FEB3
    { 33, 13, 476, 0, 12, 108, 22473 }, // U+FEB4
    { 39, 29, 639, 0, 22, 283, 22581 }, // U+FEB5
    { 45, 29, 672, 0, 22, 327, 22864 }, // U+FEB6
    { 27, 23, 443, 0, 22, 156, 23191 }, // U+FEB7
    { 33, 23, 476, 0, 22, 190, 23347 }, // U+FEB8
    { 41, 20, 664, 0, 13, 205, 23537 }, // U+FEB9
    { 45, 20, 673, 0, 13, 225, 23742 }, // U+FEBA
    { 28, 14, 455, 0, 13, 98, 23967 }, // U+FEBB
    { 32, 14, 469, 0, 13, 112, 24065 }, // U+FEBC
    { 41, 28, 664, 0, 21, 287, 24177 }, // U+FEBD
    { 45, 28, 673, 0, 21, 315, 24464 }, // U+FEBE
    { 28, 22, 455, 0, 21, 154, 24779 }, // U+FEBF
    { 32, 22, 469, 0, 21, 176, 24933 }, // U+FEC0
    { 24, 23, 394, 0, 22, 138, 25109 }, // U+FEC1
    { 28, 23, 402, 0, 22, 161, 25247 }, // U+FEC2
    { 21, 23, 344, 0, 22, 121, 25408 }, // U+FEC3
    { 25, 23, 356, 0, 22, 144, 25529 }, // U+FEC4
    { 24, 23, 394, 0, 22, 138, 25673 }, // U+FEC5
    { 28, 23, 402, 0, 22, 161, 25811 }, // U+FEC6
    { 21, 23, 344, 0, 22, 121, 25972 }, // U+FEC7
    { 25, 23, 356, 0, 22, 144, 26093 }, // U+FEC8
    { 19, 29, 266, 0, 17, 138, 26237 }, // U+FEC9
    { 19, 26, 266, 0, 14, 124, 26375 }, // U+FECA
    { 16, 16, 260, 0, 15, 64, 26499 }, // U+FECB
    { 20, 15, 258, -1, 14, 75, 26563 }, // U+FECC
    { 19, 36, 266, 0, 24, 171, 26638 }, // U+FECD
    { 19, 34, 266, 0, 22, 162, 26809 }, // U+FECE
    { 16, 23, 260, 0, 22, 92, 26971 }, // U+FECF
    { 20, 23, 258, -1, 22, 115, 27063 }, // U+FED0
    { 29, 26, 478, 0, 25, 189, 27178 }, // U+FED1
    { 35, 23, 520, 0, 22, 202, 27367 }, // U+FED2
    { 14, 26, 236, 0, 25, 91, 27569 }, // U+FED3
    { 18, 23, 247, 0, 22, 104, 27660 }, // U+FED4
    { 24, 26, 388, 0, 20, 156, 27764 }, // U+FED5
    { 28, 26, 399, 0, 18, 182, 27920 }, // U+FED6
    { 14, 25, 236, 0, 24, 88, 28102 }, // U+FED7
    { 18, 22, 247, 0, 21, 99, 28190 }, // U+FED8
    { 26, 23, 435, 0, 22, 150, 28289 }, // U+FED9
    { 31, 23, 455, 0, 22, 179, 28439 }, // U+FEDA
    { 14, 22, 212, 0, 21, 77, 28618 }, // U+FEDB
    { 18, 22, 237, 0, 21, 99, 28695 }, // U+FEDC
    { 21, 29, 346, 0, 22, 153, 28794 }, // U+FEDD
    { 26, 29, 369, 0, 22, 189, 28947 }, // U+FEDE
    { 8, 23, 139, 0, 22, 46, 29136 }, // U+FEDF
    { 13, 23, 161, 0, 22, 75, 29182 }, // U+FEE0
    { 15, 25, 256, 0, 13, 94, 29257 }, // U+FEE1
    { 22, 25, 309, 0, 13, 138, 29351 }, // U+FEE2
    { 16, 14, 272, 0, 13, 56, 29489 }, // U+FEE3
    { 21, 14, 291, 0, 13, 74, 29545 }, // U+FEE4
    { 21, 24, 346, 0, 17, 126, 29619 }, // U+FEE5
    { 26, 24, 376, 0, 17, 156, 29745 }, // U+FEE6
    { 8, 22, 148, 0, 21, 44, 29901 }, // U+FEE7
    { 14, 19, 179, 0, 18, 67, 29945 }, // U+FEE8
    { 13, 17, 220, 0, 16, 56, 30012 }, // U+FEE9
    { 19, 19, 260, 0, 18, 91, 30068 }, // U+FEEA
    { 18, 18, 299, 0, 17, 81, 30159 }, // U+FEEB
    { 19, 21, 267, 0, 14, 100, 30240 }, // U+FEEC
    { 14, 19, 232, 0, 12, 67, 30340 }, // U+FEED
    { 18, 19, 245, 0, 12, 86, 30407 }, // U+FEEE
    { 24, 21, 383, 0, 14, 126, 30493 }, // U+FEEF
    { 26, 15, 373, 0, 8, 98, 30619 }, // U+FEF0
    { 24, 28, 383, 0, 14, 168, 30717 }, // U+FEF1
    { 26, 22, 373, 0, 8, 143, 30885 }, // U+FEF2
    { 10, 21, 168, 0, 14, 53, 31028 }, // U+FEF3
    { 15, 18, 191, 0, 11, 68, 31081 }, // U+FEF4
    { 19, 24, 295, -2, 24, 114, 31149 }, // U+FEF5
    { 23, 26, 318, 0, 25, 150, 0 }, // U+FEF6
    { 17, 27, 295, 0, 27, 115, 150 }, // U+FEF7
    { 22, 29, 318, 1, 28, 160, 265 }, // U+FEF8
    { 16, 32, 295, 1, 22, 128, 425 }, // U+FEF9
    { 22, 32, 318, 1, 22, 176, 553 }, // U+FEFA
    { 16, 22, 295, 1, 22, 88, 729 }, // U+FEFB
    { 22, 23, 318, 1, 22, 127, 817 }, // U+FEFC
    { 0, 0, 0, 0, 0, 0, 944 }, // U+FEFF
    { 27, 28, 467, 1, 23, 189, 0 }, // U+FFFD
    { 20, 9, 0, 0, 0, 45, 0 }, // U+10EFD
    { 23, 12, 0, -1, -1, 69, 45 }, // U+10EFE
    { 13, 6, 0, 0, -1, 20, 114 }, // U+10EFF
};

static const EpdUnicodeInterval arabic_14_boldIntervals[] = {
    { 0x600, 0x6FF, 0x0 },
    { 0x750, 0x77F, 0x100 },
    { 0x870, 0x88E, 0x130 },
    { 0x890, 0x891, 0x14F },
    { 0x898, 0x8FF, 0x151 },
    { 0xFB50, 0xFBC2, 0x1B9 },
    { 0xFBD3, 0xFD8F, 0x22C },
    { 0xFD92, 0xFDC7, 0x3E9 },
    { 0xFDCF, 0xFDCF, 0x41F },
    { 0xFDF0, 0xFDFC, 0x420 },
    { 0xFDFE, 0xFDFF, 0x42D },
    { 0xFE70, 0xFE74, 0x42F },
    { 0xFE76, 0xFEFC, 0x434 },
    { 0xFEFF, 0xFEFF, 0x4BB },
    { 0xFFFD, 0xFFFD, 0x4BC },
    { 0x10EFD, 0x10EFF, 0x4BD },
};

static const EpdFontGroup arabic_14_boldGroups[] = {
    { 0, 6845, 32765, 278, 0 },
    { 6845, 8342, 32723, 297, 278 },
    { 15187, 5159, 32658, 132, 575 },
    { 20346, 5529, 32331, 148, 707 },
    { 25875, 6771, 32481, 96, 855 },
    { 32646, 5097, 32638, 79, 951 },
    { 37743, 8905, 32646, 174, 1030 },
    { 46648, 349, 1011, 8, 1204 },
    { 46997, 132, 196, 1, 1212 },
    { 47129, 112, 141, 3, 1213 },
};

static const EpdKernClassEntry arabic_14_boldKernLeftClasses[] = {
    { 0x0660, 1 }, // U+0660
    { 0x0662, 2 }, // U+0662
    { 0x0664, 3 }, // U+0664
    { 0x0665, 4 }, // U+0665
    { 0x0667, 5 }, // U+0667
    { 0x0692, 6 }, // U+0692
    { 0x0693, 6 }, // U+0693
    { 0x0695, 6 }, // U+0695
    { 0x06EF, 6 }, // U+06EF
    { 0x06F0, 7 }, // U+06F0
    { 0x06F1, 8 }, // U+06F1
    { 0x06F2, 2 }, // U+06F2
    { 0x06F3, 2 }, // U+06F3
    { 0x06F4, 2 }, // U+06F4
    { 0x06F5, 9 }, // U+06F5
    { 0x06F7, 10 }, // U+06F7
    { 0x06F8, 11 }, // U+06F8
    { 0x075B, 6 }, // U+075B
    { 0xFB8C, 6 }, // U+FB8C
    { 0xFEAD, 6 }, // U+FEAD
    { 0xFEAE, 6 }, // U+FEAE
    { 0xFEAF, 6 }, // U+FEAF
};

static const EpdKernClassEntry arabic_14_boldKernRightClasses[] = {
    { 0x0647, 1 }, // U+0647
    { 0x0660, 2 }, // U+0660
    { 0x0665, 3 }, // U+0665
    { 0x0666, 4 }, // U+0666
    { 0x0667, 5 }, // U+0667
    { 0x066F, 6 }, // U+066F
    { 0x06A1, 6 }, // U+06A1
    { 0x06AA, 1 }, // U+06AA
    { 0x06F0, 7 }, // U+06F0
    { 0x06F5, 8 }, // U+06F5
    { 0x06F7, 9 }, // U+06F7
    { 0x06F8, 10 }, // U+06F8
    { 0x06F9, 11 }, // U+06F9
    { 0x075D, 12 }, // U+075D
    { 0x075E, 12 }, // U+075E
    { 0x075F, 12 }, // U+075F
    { 0xFB8E, 1 }, // U+FB8E
    { 0xFBA6, 1 }, // U+FBA6
    { 0xFBAA, 1 }, // U+FBAA
    { 0xFE8D, 13 }, // U+FE8D
    { 0xFEA3, 1 }, // U+FEA3
    { 0xFEA9, 6 }, // U+FEA9
    { 0xFEB1, 6 }, // U+FEB1
    { 0xFEB3, 6 }, // U+FEB3
    { 0xFEB9, 6 }, // U+FEB9
    { 0xFEBB, 6 }, // U+FEBB
    { 0xFEC1, 6 }, // U+FEC1
    { 0xFEC3, 6 }, // U+FEC3
    { 0xFEC9, 12 }, // U+FEC9
    { 0xFECB, 13 }, // U+FECB
    { 0xFECD, 12 }, // U+FECD
    { 0xFEDB, 1 }, // U+FEDB
    { 0xFEDF, 13 }, // U+FEDF
    { 0xFEE1, 1 }, // U+FEE1
    { 0xFEE3, 1 }, // U+FEE3
    { 0xFEE9, 1 }, // U+FEE9
    { 0xFEEB, 1 }, // U+FEEB
};

static const int8_t arabic_14_boldKernMatrix[] = {
       0,    0,    0,  -35,  -23,    0,    0,    0,  -12,    0,    0,    0,    0,
       0,  -51,  -61,    0,    0,    0,  -26,  -30,    0,  -51,   14,    0,    0,
       0,    0,    0,  -23,  -19,    0,    0,    0,  -19,    0,    0,    0,    0,
       0,    0,    0,  -30,  -33,    0,    0,    0,  -16,    0,    0,    0,    0,
       0,  -23,  -61,   14,    0,    0,  -12,  -30,    0,  -21,   14,    0,    0,
     -19,    0,    0,    0,    0,  -14,    0,    0,    0,    0,    0,   23,  -12,
       0,    0,    0,  -35,  -12,    0,    0,    0,  -12,    0,    0,    0,    0,
       0,    0,    0,  -12,    0,    0,    0,    0,    0,    0,    0,    0,    0,
       0,    0,    0,  -30,  -16,    0,    0,    0,  -16,    0,    0,    0,    0,
       0,  -12,  -30,   14,    0,    0,  -12,  -30,    0,  -21,    7,    0,    0,
       0,  -23,    0,  -33,  -42,    0,  -12,    0,  -21,    0,  -12,    0,    0,
};

static const EpdFontData arabic_14_bold = {
    arabic_14_boldBitmaps,
    arabic_14_boldGlyphs,
    arabic_14_boldIntervals,
    16,
    40,
    32,
    -9,
    true,
    arabic_14_boldGroups,
    10,
    nullptr,
    arabic_14_boldKernLeftClasses,
    arabic_14_boldKernRightClasses,
    arabic_14_boldKernMatrix,
    22,
    37,
    11,
    13,
    nullptr,
    0,
};
