/**
 * generated by fontconvert.py
 * name: arabic_18_regular
 * size: 18
 * mode: 2-bit  compressed: true
 * Command used: C:\Users\fatiha\Documents\side\lib\EpdFont\scripts\fontconvert.py arabic_18_regular 18 C:\Users\fatiha\Documents\side\lib\EpdFont\builtinFonts\source\NotoSansArabic\NotoSansArabic-Regular.ttf C:\Users\fatiha\Documents\side\lib\EpdFont\builtinFonts\source\NotoSans\NotoSans-Regular.ttf --only-additional-intervals --2bit --compress --pnum --group-max-uncompressed-bytes 32768 --additional-intervals 0x0600,0x06FF --additional-intervals 0x0750,0x077F --additional-intervals 0x0870,0x08FF --additional-intervals 0x10EC0,0x10EFF --additional-intervals 0x1EE00,0x1EEFF --additional-intervals 0xFB50,0xFDFF --additional-intervals 0xFE70,0xFEFF --additional-intervals 0xFFFD,0xFFFD
 */
#pragma once
#include "EpdFontData.h"

static const uint8_t arabic_18_regularBitmaps[58015] = {
    0xED, 0x3D, 0x4D, 0x6C, 0xDD, 0x46, 0x7A, 0x43, 0x52, 0x12, 0x13, 0x13, 0x6B, 0xEA, 0xE0, 0x04,
    0x76, 0xDC, 0x98, 0x3D, 0xE4, 0xE0, 0x2C, 0x56, 0xE6, 0xD5, 0x0B, 0x3C, 0x8B, 0xDC, 0x2D, 0xDA,
    0x4B, 0x0F, 0xD1, 0x61, 0x95, 0x83, 0x73, 0xD8, 0x1C, 0x52, 0x20, 0x75, 0x16, 0xD5, 0x02, 0x75,
    0x01, 0x05, 0x6B, 0x8B, 0x3C, 0xB7, 0x87, 0xE8, 0x90, 0xF4, 0xD0, 0x02, 0x85, 0x0F, 0x0E, 0x9A,
    0x28, 0x05, 0x6C, 0x14, 0x0F, 0x85, 0x82, 0x4A, 0x22, 0xD3, 0x1E, 0x7A, 0x2C, 0xDB, 0x22, 0xED,
    0xA1, 0x17, 0x6E, 0xE2, 0x3D, 0x24, 0x39, 0x84, 0x69, 0xD9, 0x0D, 0x25, 0xF3, 0xA7, 0xDF, 0xCF,
    0x0C, 0xC9, 0xF7, 0x23, 0xDB, 0x71, 0x64, 0x47, 0x52, 0xFC, 0xF4, 0x38, 0x1C, 0xF1, 0xF1, 0x0D,
    0xBF, 0xF9, 0xE6, 0x9B, 0xEF, 0x7F, 0xE6, 0x09, 0x21, 0x5F, 0x33, 0xA2, 0x7D, 0x6D, 0xB7, 0x35,
    0xA3, 0x6A, 0xAB, 0x76, 0xD1, 0x56, 0xDD, 0xB0, 0xAD, 0x7A, 0xA2, 0x5F, 0xFD, 0xE1, 0x06, 0xBF,
    0xA2, 0xBB, 0x99, 0xD7, 0xA8, 0x57, 0xAF, 0x9A, 0x88, 0x7D, 0x5F, 0x7A, 0xD6, 0xFB, 0x67, 0x60,
    0x96, 0xCE, 0xC6, 0xFB, 0xCB, 0xCB, 0xCB, 0x2F, 0x6F, 0x7C, 0xD0, 0x94, 0x03, 0xBB, 0xEE, 0x9A,
    0xA8, 0x06, 0x6E, 0xD0, 0xFE, 0xD3, 0xD4, 0x83, 0x45, 0xBB, 0x78, 0x66, 0xF9, 0xF2, 0xC6, 0xC6,
    0x3B, 0xCB, 0xBE, 0xB8, 0xE0, 0x95, 0x66, 0xDA, 0x36, 0xB2, 0xE0, 0xE6, 0xFD, 0x26, 0xAD, 0xFE,
    0xC3, 0xF3, 0x91, 0x67, 0xDF, 0x10, 0xEF, 0xB7, 0x75, 0xAB, 0x69, 0x3B, 0xE7, 0x76, 0xF0, 0x7A,
    0x5D, 0xBB, 0x97, 0x8C, 0xB6, 0xBA, 0x68, 0x74, 0x37, 0x7C, 0xF9, 0xB9, 0xEC, 0xBB, 0x6F, 0xB7,
    0xD0, 0xF9, 0x7A, 0x5B, 0x15, 0x62, 0x76, 0x59, 0xBE, 0xF6, 0xC3, 0x80, 0x55, 0xF6, 0xFE, 0xF1,
    0x9A, 0x6E, 0x0C, 0xD6, 0x9B, 0xA8, 0xFD, 0xC7, 0xFC, 0xF7, 0xC2, 0xF5, 0xDB, 0x21, 0xF9, 0xAF,
    0xD4, 0x13, 0x1D, 0x6A, 0x3E, 0x6F, 0x7A, 0xFF, 0x34, 0x65, 0xFB, 0x4F, 0x11, 0xDD, 0x0B, 0xF1,
    0xFB, 0xBE, 0xB4, 0x7C, 0xCA, 0x28, 0x15, 0x53, 0xEE, 0x2B, 0xA7, 0x7C, 0xB9, 0x9A, 0xB8, 0x72,
    0x53, 0xEC, 0x4C, 0x5C, 0x2B, 0xC4, 0xDA, 0x48, 0xEB, 0x37, 0xA0, 0xB5, 0xA2, 0x4F, 0x53, 0x30,
    0x08, 0x35, 0x5C, 0xCF, 0x47, 0xAF, 0x61, 0x7F, 0x8C, 0xD1, 0x6B, 0x5A, 0xB5, 0x52, 0x08, 0x33,
    0x1B, 0xB9, 0x66, 0x64, 0x66, 0x23, 0xEC, 0x5C, 0x2C, 0xF6, 0xAF, 0xA5, 0x22, 0xBA, 0x13, 0x54,
    0x5A, 0x1F, 0x3E, 0x18, 0x45, 0x87, 0x31, 0x36, 0x72, 0x9F, 0xDE, 0x54, 0x5E, 0x93, 0x8D, 0x5E,
    0x13, 0x6E, 0x3A, 0x57, 0x13, 0xFE, 0xB5, 0x65, 0x18, 0xEB, 0x77, 0x7E, 0xD6, 0x23, 0x5B, 0xED,
    0x96, 0x42, 0x7D, 0x8B, 0xA4, 0xB9, 0x1E, 0xA5, 0xAA, 0x6B, 0x40, 0xBD, 0x7B, 0xEF, 0x20, 0x1D,
    0x6C, 0x44, 0x4D, 0xAC, 0x46, 0xFB, 0xB3, 0x76, 0x4C, 0x1D, 0x55, 0x3B, 0xD5, 0xEB, 0xDC, 0xB4,
    0xF9, 0xD2, 0xAC, 0xAB, 0x89, 0x6B, 0x35, 0xCD, 0x1D, 0xAA, 0x3D, 0x5B, 0x61, 0x3F, 0xEA, 0x8D,
    0xBF, 0x84, 0xA6, 0x2B, 0xCF, 0x5F, 0x91, 0x8F, 0x4E, 0xAF, 0x0B, 0xF1, 0x06, 0xD5, 0xDE, 0x16,
    0x5B, 0x04, 0xFA, 0xF2, 0xCF, 0x26, 0x47, 0xD1, 0x17, 0xD7, 0xC5, 0xC5, 0x3F, 0x8D, 0x01, 0x83,
    0x83, 0xBF, 0x8F, 0x85, 0x2B, 0x16, 0xBE, 0x8E, 0x85, 0x13, 0xBA, 0x30, 0x1D, 0xEC, 0xF8, 0x02,
    0x00, 0x65, 0x25, 0xCF, 0x13, 0x4E, 0x9F, 0xA7, 0xC9, 0x8A, 0xA5, 0x56, 0x10, 0xCF, 0x28, 0x85,
    0x06, 0x3D, 0xDE, 0x16, 0x46, 0x83, 0x43, 0x67, 0xEE, 0xDD, 0x84, 0xD2, 0x86, 0x9E, 0x39, 0xA1,
    0x03, 0x53, 0xC9, 0x8E, 0x71, 0x48, 0xAC, 0x64, 0x8D, 0x10, 0x88, 0x28, 0x36, 0xBE, 0x42, 0xFC,
    0x68, 0x77, 0x09, 0x73, 0x0D, 0x4D, 0xA6, 0x88, 0x10, 0xE1, 0x71, 0x49, 0x08, 0x70, 0x08, 0xA8,
    0x1F, 0x8C, 0x71, 0xA6, 0xEB, 0xC2, 0x26, 0x46, 0x83, 0x23, 0xEA, 0x8A, 0xDB, 0x78, 0x5F, 0xF8,
    0x21, 0x4E, 0x84, 0x78, 0x91, 0x1E, 0xB2, 0x49, 0x10, 0x66, 0x04, 0x61, 0x94, 0x20, 0x84, 0xC4,
    0xAA, 0x1E, 0x23, 0x84, 0xA3, 0xAF, 0x1F, 0x4D, 0x4E, 0x08, 0x18, 0x56, 0x39, 0x9B, 0x0D, 0x40,
    0xAD, 0x24, 0x57, 0x07, 0x1E, 0xC2, 0xAD, 0x02, 0x23, 0xC9, 0x15, 0x7F, 0xDD, 0xD1, 0x4B, 0xE1,
    0x70, 0xB5, 0x84, 0xEF, 0xDB, 0xF4, 0x70, 0x98, 0x1F, 0x3B, 0x58, 0xB5, 0x42, 0xAC, 0xAE, 0x41,
    0x55, 0x6B, 0x72, 0x9C, 0x97, 0xD0, 0x25, 0x18, 0xAD, 0x0C, 0x66, 0x02, 0x54, 0x03, 0xDF, 0x43,
    0xB8, 0x99, 0xF5, 0x2C, 0xE2, 0x37, 0x03, 0x22, 0xF0, 0x79, 0xAC, 0x02, 0xBD, 0x20, 0xF1, 0x38,
    0xD4, 0x1E, 0x4D, 0x4A, 0xAE, 0x96, 0x63, 0x55, 0x1B, 0xB9, 0x86, 0x41, 0x5C, 0xC0, 0xCE, 0x54,
    0x21, 0x4C, 0xEC, 0x49, 0x90, 0x70, 0x0F, 0x12, 0x71, 0xB6, 0x61, 0xB8, 0x89, 0x37, 0xAB, 0xDE,
    0xB4, 0x9C, 0x5E, 0x8B, 0x9A, 0xDD, 0x09, 0xAC, 0xF8, 0x62, 0x09, 0x06, 0x28, 0xC5, 0x87, 0x58,
    0x05, 0x74, 0x42, 0xD8, 0x15, 0x4E, 0x23, 0xBD, 0x30, 0xF0, 0x01, 0x37, 0x98, 0x51, 0x73, 0x6F,
    0x99, 0xD7, 0x79, 0x3D, 0xA9, 0x54, 0x76, 0xAC, 0xC9, 0x60, 0x78, 0xD2, 0xEE, 0x76, 0xC6, 0x96,
    0xCB, 0xCC, 0x99, 0xCA, 0xAD, 0xEE, 0x4B, 0xBA, 0xFC, 0x92, 0x11, 0x9F, 0x84, 0xD1, 0xB6, 0x33,
    0x2F, 0xB4, 0x63, 0xB7, 0x88, 0x52, 0xC7, 0xB7, 0x32, 0x17, 0x68, 0x40, 0x8F, 0x2D, 0x71, 0xA6,
    0x07, 0xA1, 0x82, 0x51, 0x41, 0xA9, 0xE0, 0x6C, 0x21, 0x6D, 0x61, 0x55, 0x8F, 0x57, 0xF0, 0x76,
    0x62, 0x51, 0x49, 0xD2, 0x72, 0x94, 0xA5, 0xCA, 0xAF, 0x0B, 0x25, 0x55, 0xD4, 0xD7, 0xE5, 0x68,
    0xCB, 0x1E, 0x88, 0x96, 0x73, 0x6D, 0x8D, 0x36, 0xA3, 0xB7, 0xCD, 0x60, 0x5F, 0x56, 0x65, 0x6F,
    0x6A, 0x41, 0xFD, 0xF9, 0xB4, 0xF1, 0xB9, 0x47, 0x20, 0x0D, 0xA8, 0x4F, 0x03, 0xD5, 0x2B, 0xF8,
    0x22, 0x80, 0x0B, 0x4C, 0x92, 0x0E, 0x7D, 0x4C, 0x26, 0xE8, 0x9B, 0x38, 0x72, 0x3E, 0x48, 0x8D,
    0x58, 0xD4, 0x3F, 0xCF, 0xB4, 0xC2, 0xC8, 0x8D, 0x8C, 0x7A, 0x5A, 0xB6, 0x47, 0x21, 0x4A, 0x1D,
    0xC9, 0x08, 0x0F, 0x17, 0xD9, 0x1C, 0x42, 0x82, 0x8D, 0x05, 0x49, 0x04, 0xE2, 0x8E, 0x3E, 0xAA,
    0xFD, 0xAE, 0x4D, 0x33, 0xE6, 0xC3, 0x18, 0x3B, 0x34, 0xBC, 0xC7, 0xF2, 0x81, 0x60, 0x91, 0x56,
    0x61, 0x72, 0x05, 0x31, 0xD1, 0xBC, 0xEE, 0x43, 0x5F, 0x90, 0x04, 0x61, 0x32, 0xEC, 0xA0, 0x60,
    0x81, 0xA7, 0x02, 0x8E, 0x00, 0x3D, 0x80, 0xD8, 0x45, 0xC2, 0xC3, 0x2A, 0xB7, 0x3C, 0xAB, 0x9E,
    0x12, 0x55, 0x6A, 0x36, 0x49, 0x42, 0xB4, 0x6B, 0xC9, 0x56, 0xDD, 0xD8, 0x4E, 0xE5, 0x60, 0x98,
    0x99, 0x44, 0xA7, 0x31, 0x56, 0xF1, 0x7C, 0xAA, 0xE8, 0xA1, 0x97, 0xD2, 0x58, 0x04, 0xB1, 0xDD,
    0x7C, 0xF9, 0x9B, 0xE5, 0xCB, 0x20, 0x61, 0x0C, 0x25, 0xC4, 0xC5, 0x4A, 0xAB, 0xBB, 0x5C, 0xFE,
    0xA0, 0xD9, 0x20, 0xCA, 0xB8, 0x42, 0xCC, 0xD7, 0x64, 0x4E, 0xEF, 0x36, 0x34, 0x1E, 0xD1, 0x6F,
    0x5E, 0xC5, 0x53, 0xDD, 0x17, 0x8A, 0x72, 0xA4, 0xE4, 0x49, 0x2B, 0x14, 0x2F, 0xD0, 0xF0, 0xFB,
    0x4D, 0xB8, 0x82, 0xCF, 0xF4, 0xEE, 0x92, 0x94, 0xB1, 0x69, 0x52, 0x42, 0x3F, 0x08, 0x68, 0x93,
    0x9B, 0x71, 0x18, 0xCC, 0x80, 0xE9, 0x62, 0xA4, 0x69, 0x98, 0x98, 0x73, 0xEF, 0x23, 0x0D, 0xC0,
    0x88, 0x20, 0x96, 0x1C, 0xC4, 0xBE, 0x95, 0x46, 0xBB, 0x2F, 0x37, 0xC2, 0xFA, 0x0F, 0xB8, 0x35,
    0xF0, 0x2D, 0xE0, 0x25, 0xC0, 0x4C, 0xAC, 0x86, 0x78, 0x9D, 0xD9, 0x10, 0x85, 0x19, 0x25, 0x69,
    0x70, 0xA4, 0xD9, 0x05, 0xA4, 0xEE, 0x68, 0x40, 0x39, 0x4D, 0xBD, 0xBC, 0x02, 0x1A, 0xC3, 0x1F,
    0xA2, 0xB8, 0x10, 0x9E, 0x86, 0xA3, 0x29, 0x9E, 0x16, 0x73, 0x3B, 0x08, 0x92, 0xB5, 0x2E, 0xBC,
    0xFC, 0xF6, 0xEE, 0xD6, 0x3F, 0xA4, 0x83, 0xE0, 0x3F, 0x8B, 0xA0, 0x49, 0xDF, 0x7C, 0x5F, 0x5C,
    0x15, 0xC8, 0x7E, 0x11, 0xE3, 0x27, 0x80, 0x8B, 0xC5, 0xB7, 0x57, 0xC5, 0x70, 0x55, 0xAC, 0x45,
    0x19, 0x7E, 0xFA, 0x47, 0x62, 0x28, 0xF0, 0xCD, 0xE3, 0xF1, 0x9C, 0x7F, 0xD5, 0x2B, 0x56, 0x9F,
    0x29, 0x07, 0xE6, 0x9D, 0x81, 0xE3, 0x0F, 0x06, 0x62, 0x75, 0xF5, 0x6C, 0x36, 0x74, 0xE3, 0xF9,
    0x19, 0x31, 0x8B, 0xDD, 0xC6, 0x63, 0x6E, 0xFD, 0xB6, 0x70, 0x8B, 0xEC, 0xF6, 0xF6, 0xB5, 0xFC,
    0xCD, 0x6C, 0x30, 0xF4, 0x3E, 0x2E, 0x87, 0x20, 0x7A, 0xB3, 0x1F, 0x6F, 0xBC, 0x92, 0xAE, 0x42,
    0xE7, 0xAF, 0x8A, 0x17, 0x46, 0x14, 0x25, 0x13, 0x5A, 0x76, 0x5E, 0x42, 0xFD, 0xA6, 0x86, 0xE2,
    0xB7, 0x12, 0xAB, 0x73, 0x40, 0x3C, 0xFC, 0xFE, 0x2B, 0xE8, 0x72, 0x66, 0xED, 0xE5, 0x56, 0x3C,
    0x74, 0xFE, 0x20, 0x07, 0x90, 0x02, 0xA6, 0x8D, 0x53, 0xF3, 0xA0, 0x07, 0x02, 0xE4, 0x3F, 0xC2,
    0x63, 0x95, 0x8F, 0x05, 0x3C, 0x2E, 0x82, 0x68, 0xB9, 0x08, 0x10, 0x5C, 0x14, 0x95, 0x7F, 0x5E,
    0x20, 0xCE, 0x2B, 0x7F, 0xF6, 0xA6, 0xDB, 0x34, 0xB9, 0x76, 0xEB, 0x33, 0x5F, 0x0F, 0x8D, 0x58,
    0x0F, 0x41, 0x4B, 0xCC, 0xE0, 0x2F, 0x87, 0xBF, 0xCC, 0x4C, 0x83, 0xF8, 0x4D, 0x21, 0xE6, 0xE7,
    0xF2, 0x20, 0xFD, 0x90, 0x07, 0x2A, 0xF1, 0xB2, 0x61, 0x3E, 0x1C, 0x2E, 0x66, 0x4E, 0x12, 0x81,
    0xAE, 0xD3, 0xFB, 0x6C, 0x53, 0xE4, 0x3A, 0x4C, 0x25, 0x33, 0xB3, 0x53, 0x3B, 0x71, 0x62, 0x37,
    0x7E, 0xA6, 0x9D, 0x21, 0xB3, 0x80, 0xBA, 0x20, 0xF1, 0x12, 0x2F, 0x06, 0x54, 0x3C, 0x77, 0x13,
    0xC4, 0x54, 0xE3, 0x03, 0x77, 0x4E, 0xDC, 0xBD, 0x28, 0xF7, 0x60, 0xA4, 0x40, 0x24, 0x95, 0xC0,
    0x42, 0xAE, 0x6F, 0x49, 0x56, 0xB2, 0x26, 0x59, 0x0B, 0xCA, 0x21, 0x24, 0x6E, 0x33, 0x97, 0xE4,
    0x50, 0xAB, 0x0F, 0x24, 0x0F, 0x42, 0x2D, 0x82, 0x64, 0x5B, 0xE4, 0xC3, 0xD8, 0xC6, 0x70, 0x24,
    0x74, 0x98, 0x50, 0xD7, 0x91, 0x0E, 0xE6, 0xA5, 0x42, 0x03, 0x33, 0x03, 0xDE, 0x40, 0x8E, 0xD7,
    0x6C, 0x51, 0x03, 0x0F, 0xF1, 0xC2, 0xF3, 0x27, 0xE4, 0xC4, 0xAA, 0x7D, 0x13, 0x54, 0x19, 0x24,
    0x2B, 0x2F, 0x11, 0xC3, 0x40, 0x3E, 0x7E, 0x47, 0x9E, 0xF1, 0x7F, 0x0F, 0x9E, 0xE0, 0x20, 0x18,
    0x30, 0x02, 0x5A, 0x43, 0xD3, 0x87, 0xE1, 0xC2, 0x49, 0x45, 0x34, 0xAF, 0x8E, 0xA5, 0xDE, 0xF0,
    0x41, 0x1D, 0x69, 0x10, 0x09, 0x90, 0x8E, 0xB2, 0xFB, 0xFC, 0x4A, 0xC8, 0x2A, 0x78, 0xC1, 0x2A,
    0x30, 0xCD, 0x9A, 0xE6, 0xE3, 0xDB, 0x9D, 0x21, 0x62, 0x65, 0x7D, 0x7E, 0x29, 0xD9, 0x25, 0x76,
    0x78, 0x06, 0xE7, 0x3B, 0x31, 0x4E, 0x27, 0x27, 0x34, 0x20, 0x61, 0xAF, 0x21, 0x58, 0x15, 0x61,
    0xEE, 0x6C, 0x13, 0x52, 0x0B, 0x41, 0x22, 0x45, 0x5B, 0xD5, 0x3B, 0x39, 0x31, 0x89, 0x64, 0x2F,
    0xC4, 0x0E, 0x41, 0x47, 0xD0, 0x70, 0x70, 0x4A, 0x40, 0xD8, 0xBB, 0xAF, 0x34, 0xA8, 0x07, 0x12,
    0x17, 0x40, 0x36, 0x80, 0x6A, 0x96, 0xB6, 0xF1, 0xAE, 0x12, 0x12, 0x04, 0x11, 0x4F, 0x6D, 0x97,
    0x39, 0xFD, 0xE0, 0x64, 0xFF, 0x24, 0x2F, 0x2A, 0xCB, 0xC9, 0x57, 0xA5, 0x0B, 0x30, 0xC0, 0x64,
    0x35, 0xEA, 0xBF, 0x23, 0xCE, 0x84, 0x42, 0x04, 0x7B, 0x44, 0xB2, 0x39, 0xA5, 0x99, 0xED, 0x6B,
    0xF5, 0xD9, 0x04, 0x64, 0x76, 0x06, 0x33, 0x31, 0x41, 0x44, 0x78, 0x00, 0xE8, 0x05, 0x49, 0x37,
    0x1A, 0x60, 0xCB, 0xAA, 0x75, 0x10, 0xF1, 0x4D, 0xFC, 0x3B, 0x26, 0x82, 0x36, 0x3F, 0xCA, 0xCA,
    0x51, 0x86, 0x3B, 0x71, 0xD7, 0xE8, 0xB7, 0x3A, 0x12, 0x3E, 0xAC, 0xEE, 0xD0, 0xD6, 0xDD, 0x6C,
    0x6D, 0x69, 0x13, 0x58, 0xF1, 0xA5, 0x19, 0xA7, 0x0A, 0x76, 0xD7, 0x24, 0x5C, 0x26, 0xD0, 0xB8,
    0x71, 0xFF, 0xBF, 0xDC, 0x80, 0xF9, 0x80, 0x7F, 0x38, 0x63, 0x05, 0xD0, 0x96, 0xD8, 0x05, 0xB4,
    0xE3, 0xC0, 0xE2, 0xB1, 0x05, 0x23, 0xE9, 0x21, 0x7E, 0x8A, 0x51, 0x23, 0x62, 0x0E, 0x38, 0x51,
    0x50, 0xC0, 0xE8, 0xD4, 0xC2, 0xD8, 0x85, 0x59, 0x92, 0x02, 0x7B, 0x87, 0x3F, 0x27, 0xB4, 0x12,
    0xD7, 0x37, 0x53, 0x3A, 0x62, 0x33, 0xB5, 0xEB, 0x28, 0x85, 0x19, 0x94, 0x6A, 0xC8, 0xB0, 0x67,
    0xB1, 0x03, 0x48, 0x16, 0x81, 0x2F, 0x74, 0x98, 0x22, 0x2B, 0x28, 0xB5, 0x52, 0x81, 0xDC, 0xC0,
    0x83, 0xA1, 0x44, 0xA6, 0x62, 0x87, 0x88, 0x29, 0xFB, 0x21, 0xDE, 0x09, 0xA2, 0x62, 0xF2, 0x2D,
    0x87, 0x68, 0x1D, 0x0D, 0x0F, 0x77, 0x09, 0x84, 0x2F, 0xBE, 0x5D, 0x0D, 0xE8, 0x51, 0x78, 0x35,
    0xCD, 0x18, 0x66, 0x55, 0x4A, 0xA9, 0xBC, 0x12, 0x6A, 0xBB, 0x3E, 0x92, 0x3C, 0xCA, 0x63, 0x18,
    0x69, 0x3C, 0x01, 0xC9, 0x6B, 0xF9, 0x3C, 0x73, 0xE8, 0x1C, 0x49, 0x5E, 0x6F, 0x52, 0xEC, 0x8A,
    0xB6, 0xFB, 0x5D, 0x92, 0xFC, 0x22, 0xCC, 0x79, 0xEF, 0xFE, 0x7F, 0xBE, 0x3B, 0xF2, 0x37, 0xAE,
    0xFC, 0x99, 0x61, 0x4B, 0xA4, 0x92, 0xA9, 0xDB, 0x89, 0xD4, 0x96, 0xAC, 0x74, 0x4D, 0xE9, 0x35,
    0xDB, 0xAA, 0xA2, 0xA4, 0x7B, 0xDE, 0xAA, 0x3E, 0x95, 0xAA, 0xD4, 0xEA, 0x9E, 0x48, 0xCE, 0xC4,
    0xCC, 0x4B, 0x59, 0xE7, 0x4C, 0x9C, 0xE6, 0xDD, 0x65, 0x14, 0xE2, 0xC8, 0xC1, 0xA4, 0x41, 0x46,
    0x4E, 0x03, 0xD4, 0x4D, 0xB4, 0x2B, 0xCD, 0xE7, 0xEF, 0xDE, 0xDF, 0xFA, 0x7D, 0x75, 0xDC, 0xBA,
    0xD5, 0xCB, 0xE9, 0xCE, 0x03, 0x1D, 0xAC, 0x0E, 0xEB, 0xAB, 0x52, 0x98, 0x70, 0xE8, 0xEB, 0xC3,
    0xD1, 0x56, 0x70, 0x62, 0x0E, 0x90, 0x89, 0xF9, 0xAC, 0x33, 0x83, 0xA4, 0x36, 0xBE, 0x06, 0x31,
    0x9D, 0xD4, 0x30, 0x92, 0x88, 0x2E, 0x27, 0x44, 0x15, 0x7E, 0x5B, 0x58, 0x71, 0x29, 0x0F, 0xD4,
    0xEE, 0x83, 0x10, 0x15, 0x78, 0x30, 0x5E, 0x1B, 0x34, 0x5D, 0x88, 0xA8, 0xCE, 0x99, 0x52, 0x47,
    0xF4, 0xDE, 0x92, 0x4A, 0xA3, 0xF7, 0x92, 0xAC, 0x3C, 0xA7, 0x87, 0x87, 0x1D, 0xBF, 0xC5, 0x38,
    0x36, 0x3B, 0xA7, 0x81, 0x42, 0xB4, 0x33, 0xD9, 0xC1, 0xB7, 0x0E, 0x75, 0x07, 0xB5, 0x0D, 0x9F,
    0x94, 0xBF, 0x8A, 0x4A, 0x14, 0x56, 0xE7, 0x36, 0x9A, 0x06, 0x2D, 0xF9, 0x39, 0xD6, 0x16, 0x3D,
    0x2C, 0x4D, 0x52, 0xEB, 0x02, 0xFC, 0x22, 0x9B, 0xEC, 0x2C, 0x0D, 0x3C, 0x1A, 0x54, 0x72, 0xF2,
    0x18, 0x65, 0x27, 0xD9, 0xA4, 0xD5, 0x13, 0x4A, 0x1B, 0x62, 0x88, 0x72, 0x16, 0x09, 0x6F, 0x8D,
    0xCA, 0x6D, 0xBA, 0xC2, 0x5D, 0x63, 0x67, 0x4A, 0xD0, 0xB3, 0x36, 0xD8, 0x38, 0x65, 0x8D, 0xD1,
    0xC2, 0xBE, 0xAD, 0xEB, 0xCD, 0xEE, 0xF2, 0xAD, 0x8C, 0x20, 0xCF, 0xC9, 0xEA, 0x83, 0x76, 0x9F,
    0xAB, 0xD7, 0x1F, 0x07, 0xE4, 0x2D, 0x6C, 0x6B, 0x3D, 0x3B, 0xE8, 0xDB, 0x43, 0xAE, 0x86, 0xDF,
    0x4E, 0xBA, 0x72, 0x2E, 0x9C, 0xEA, 0xBD, 0x3A, 0xC2, 0x7D, 0x9C, 0x27, 0xAD, 0x51, 0x90, 0x93,
    0xAA, 0x51, 0x7A, 0x96, 0x52, 0xF9, 0x32, 0xB6, 0xC9, 0x69, 0x02, 0xF5, 0x0E, 0xAD, 0x5C, 0x00,
    0x3D, 0x0C, 0x98, 0x06, 0xA8, 0xE0, 0x4D, 0x62, 0x2A, 0x7F, 0x93, 0xED, 0x4B, 0x29, 0x01, 0xC7,
    0x89, 0x71, 0x1C, 0x1D, 0xE0, 0x73, 0xB0, 0x2D, 0xD4, 0xF8, 0x74, 0x75, 0xEB, 0x4E, 0x5F, 0x23,
    0x95, 0x12, 0x8B, 0x0E, 0x79, 0x6D, 0x8D, 0x7D, 0x22, 0x78, 0x3F, 0x22, 0x17, 0x30, 0xAE, 0xA3,
    0xA9, 0x05, 0x97, 0xA2, 0x94, 0x04, 0x36, 0x2B, 0x35, 0x56, 0xD8, 0xA9, 0x20, 0xE6, 0xB4, 0x81,
    0x7E, 0x44, 0xCF, 0x9D, 0xF2, 0xEA, 0xD1, 0x99, 0x13, 0x77, 0x6E, 0xF1, 0xCE, 0x8C, 0xB6, 0x98,
    0x5D, 0x85, 0xA0, 0xD6, 0xB3, 0xC1, 0x09, 0x9F, 0xD9, 0x31, 0x5B, 0x9A, 0x16, 0x5A, 0xB1, 0x6C,
    0x06, 0xC2, 0x67, 0x76, 0xA8, 0xE7, 0x33, 0xEC, 0x07, 0x70, 0x42, 0x2D, 0x77, 0xD9, 0x9C, 0x73,
    0x7D, 0x2D, 0xF7, 0x58, 0xD2, 0x78, 0xBE, 0x9E, 0x23, 0xA4, 0x60, 0x9A, 0x35, 0xB1, 0x49, 0xDC,
    0x4C, 0x63, 0x2B, 0xB4, 0xE2, 0xEA, 0xD7, 0x40, 0x2E, 0x25, 0xDD, 0xD0, 0x24, 0x60, 0x02, 0x57,
    0x9D, 0x75, 0xB9, 0xDD, 0x3A, 0x6D, 0xC8, 0xD1, 0x24, 0x4D, 0x5F, 0x2F, 0x6C, 0x41, 0x45, 0x51,
    0xCF, 0xEE, 0x2C, 0xA0, 0xBA, 0x77, 0x56, 0x1A, 0xE5, 0x4F, 0xEC, 0x1C, 0xA0, 0x6E, 0xE7, 0xA9,
    0xD7, 0x36, 0x6E, 0xEE, 0x2B, 0x22, 0xAF, 0x75, 0xD5, 0x7A, 0x6A, 0xF5, 0x7C, 0x87, 0x9A, 0x9F,
    0xB6, 0x4E, 0x73, 0xE7, 0x5F, 0xB2, 0x29, 0x55, 0xEB, 0x27, 0xC9, 0x13, 0xAC, 0x3F, 0x10, 0xD6,
    0x05, 0xE9, 0xC1, 0x5D, 0xB8, 0xA2, 0x0B, 0x14, 0xC0, 0x84, 0x8C, 0x25, 0x2E, 0x80, 0x99, 0xB9,
    0xA9, 0x44, 0x86, 0x55, 0x4A, 0x70, 0x00, 0x1B, 0x40, 0xEE, 0xD2, 0x6B, 0x96, 0x09, 0x90, 0x7A,
    0x0A, 0x1F, 0x3A, 0xCE, 0x88, 0x8C, 0x10, 0x52, 0xA0, 0x4D, 0x69, 0x64, 0x84, 0x91, 0x0A, 0x61,
    0x77, 0x48, 0xA8, 0x6A, 0x4D, 0x14, 0x42, 0x11, 0x4B, 0x9C, 0x7C, 0x0E, 0xBC, 0x54, 0x54, 0x2D,
    0x7E, 0x0A, 0x9A, 0x7A, 0x5A, 0xB1, 0x42, 0x12, 0xB2, 0xE2, 0x40, 0xC1, 0xF2, 0xB2, 0x3F, 0x82,
    0x17, 0x42, 0x8C, 0x34, 0xE0, 0x98, 0xD5, 0xC8, 0xEE, 0xF6, 0x50, 0xD3, 0xC7, 0xCD, 0x08, 0x72,
    0xFA, 0xD8, 0x99, 0x8A, 0x9E, 0x0B, 0xFD, 0xE0, 0x89, 0x3F, 0xBD, 0xFE, 0xBC, 0x78, 0xF8, 0xD7,
    0x13, 0x9C, 0xDF, 0x1C, 0x8F, 0xD5, 0x8D, 0x3A, 0xB7, 0xA6, 0x9F, 0x8A, 0x29, 0x27, 0xED, 0x5E,
    0xA7, 0x52, 0x9C, 0x85, 0xEE, 0x68, 0xA5, 0x86, 0x8E, 0x28, 0xAD, 0xB4, 0x48, 0xF7, 0x2A, 0xBD,
    0xC2, 0x04, 0xA8, 0x2A, 0x10, 0x91, 0x35, 0x99, 0xCE, 0xC8, 0xCA, 0xD1, 0x6B, 0x86, 0xA7, 0x98,
    0x4F, 0xC4, 0xFB, 0x91, 0xAD, 0xEB, 0x8C, 0x7B, 0x37, 0xF7, 0x9A, 0xBD, 0x8D, 0x5B, 0x4D, 0xCA,
    0x61, 0x30, 0x9F, 0x4E, 0x29, 0xC5, 0xE1, 0x96, 0x1E, 0xBC, 0x0F, 0x43, 0x82, 0x9A, 0x9A, 0x6D,
    0x4F, 0xE8, 0xDE, 0x39, 0x14, 0x7D, 0x98, 0x7B, 0x9F, 0x49, 0x30, 0xA4, 0x71, 0xC3, 0x18, 0x4D,
    0xFD, 0xB2, 0x60, 0xF1, 0xAD, 0xB8, 0x25, 0x1B, 0x60, 0x5C, 0x3A, 0x4A, 0x75, 0x3A, 0x83, 0x7A,
    0xCE, 0x5C, 0x8D, 0xCE, 0xC6, 0xA8, 0x21, 0xDF, 0x3D, 0x3A, 0xE9, 0xBD, 0x5A, 0x28, 0xCF, 0xBE,
    0x46, 0x55, 0x93, 0x9D, 0xDE, 0xBD, 0xD6, 0xBC, 0x9E, 0x3B, 0x7E, 0xAD, 0xA7, 0xE8, 0xF4, 0x95,
    0x9E, 0xA8, 0xAF, 0xFA, 0xB0, 0x3F, 0x9E, 0x67, 0x45, 0x85, 0x7E, 0x5F, 0xA3, 0xF9, 0x6C, 0x19,
    0xE8, 0x2E, 0x22, 0x87, 0xAA, 0xC5, 0x0A, 0xF5, 0xE5, 0x3D, 0x5F, 0x1A, 0xFF, 0xD2, 0xC8, 0x92,
    0xA6, 0xD6, 0x8D, 0x7D, 0x24, 0xC2, 0x71, 0xEA, 0xF5, 0xC8, 0xAB, 0x0D, 0x54, 0xAA, 0x78, 0xEF,
    0xF5, 0x40, 0x56, 0x9A, 0xD3, 0xB2, 0xB2, 0xA3, 0x62, 0x4D, 0xA7, 0xC4, 0x75, 0x65, 0x10, 0xA9,
    0xB9, 0x1B, 0xD4, 0x6A, 0x0E, 0xA7, 0x5D, 0xEC, 0x94, 0x08, 0x52, 0x5D, 0x30, 0x95, 0x70, 0xB6,
    0xB3, 0x71, 0x99, 0xEA, 0xA4, 0xE3, 0x61, 0x68, 0xBD, 0xE5, 0x72, 0xE8, 0xD6, 0x7B, 0x41, 0x7D,
    0xCD, 0x53, 0x5A, 0xF1, 0x9A, 0x12, 0xF7, 0xDB, 0x8A, 0xD1, 0x56, 0xAA, 0xC9, 0x52, 0x09, 0x69,
    0xBE, 0x62, 0x26, 0x52, 0x2B, 0xC0, 0xE8, 0xAB, 0xAF, 0xD8, 0x22, 0x3D, 0xD0, 0xC5, 0xD8, 0x2B,
    0xD8, 0x5A, 0x6F, 0xC0, 0x70, 0x9A, 0x6D, 0xA0, 0x34, 0x50, 0x0E, 0x77, 0xB0, 0xB5, 0x36, 0x7A,
    0xBE, 0xC3, 0x99, 0x2E, 0x10, 0xF8, 0xBD, 0xEB, 0xFB, 0x3E, 0x69, 0x13, 0xA1, 0x9C, 0x25, 0xF6,
    0xA7, 0xC5, 0x58, 0xC5, 0xFC, 0x48, 0x75, 0xF4, 0x74, 0xDB, 0x99, 0x89, 0xCA, 0xE2, 0x58, 0x7B,
    0xB3, 0x23, 0x51, 0x68, 0x36, 0x5A, 0xC4, 0xAF, 0x12, 0x72, 0xCD, 0x7E, 0x95, 0xA1, 0x9F, 0x4A,
    0x4B, 0x73, 0xF4, 0x53, 0x19, 0xC9, 0x35, 0xF4, 0x53, 0xE9, 0xF1, 0xF9, 0x43, 0xE8, 0x9A, 0x9D,
    0xF4, 0x24, 0xEB, 0xE9, 0x2A, 0x82, 0x6B, 0xE4, 0x35, 0xF9, 0x9C, 0xF3, 0x0A, 0xC1, 0xD5, 0xD2,
    0xD7, 0x0F, 0x09, 0xB8, 0xD2, 0x52, 0x13, 0xFC, 0xEC, 0x2B, 0xE4, 0x94, 0x44, 0xE0, 0xE7, 0x08,
    0x78, 0xED, 0xD0, 0x02, 0x1F, 0x35, 0xF5, 0x68, 0x76, 0x03, 0x19, 0x6C, 0x63, 0xB3, 0x4B, 0x55,
    0x4C, 0xFF, 0xFE, 0x6A, 0xD6, 0x9C, 0x9A, 0x8A, 0x9E, 0x72, 0xFE, 0xAA, 0xB8, 0x9E, 0x51, 0x05,
    0xB1, 0x74, 0x33, 0x4B, 0x95, 0xDA, 0x4A, 0xCC, 0x94, 0xA7, 0x66, 0xCC, 0xCA, 0x13, 0x55, 0xD6,
    0x54, 0x65, 0x9B, 0xF9, 0xB8, 0x74, 0x01, 0x01, 0xD7, 0xCD, 0x4A, 0x19, 0x28, 0x94, 0x4E, 0xA1,
    0xA8, 0xC9, 0xC6, 0x5D, 0x40, 0x66, 0xCA, 0x53, 0x13, 0x50, 0x42, 0x53, 0x73, 0xF9, 0x32, 0x18,
    0x02, 0x6D, 0x0A, 0x4F, 0xA0, 0x7C, 0x41, 0x30, 0x35, 0x1B, 0x35, 0x78, 0xF9, 0x02, 0x8B, 0xAC,
    0xA8, 0x77, 0x12, 0x37, 0x5E, 0xBC, 0xC7, 0x94, 0xE5, 0xC4, 0x0D, 0xB7, 0xEA, 0x75, 0x4F, 0xAF,
    0x49, 0x19, 0x33, 0xB8, 0x6B, 0x66, 0x4A, 0xCA, 0xA3, 0x05, 0x9D, 0x38, 0xC9, 0x7D, 0x71, 0x63,
    0x32, 0x64, 0x80, 0xCF, 0xD8, 0xA9, 0x9E, 0x07, 0x28, 0xF3, 0x6E, 0xE5, 0x3B, 0xD4, 0x99, 0x7C,
    0x9B, 0xBB, 0x42, 0x9A, 0xE1, 0xEF, 0x71, 0xD7, 0xCC, 0xB4, 0xE6, 0x4E, 0x44, 0x4C, 0x52, 0x14,
    0x3F, 0x8C, 0x7C, 0x2F, 0x23, 0x36, 0x68, 0x37, 0x4B, 0xB3, 0x51, 0x21, 0x0C, 0xC9, 0x68, 0x22,
    0x1E, 0xBE, 0xB9, 0xA6, 0x5E, 0x1F, 0x83, 0x54, 0x85, 0xA5, 0x1F, 0xF8, 0x4C, 0xE3, 0xB2, 0xCA,
    0x6E, 0x70, 0xBD, 0xE4, 0xB3, 0x95, 0xF3, 0x19, 0xA8, 0x94, 0xCF, 0x1C, 0x47, 0xA0, 0x1C, 0x86,
    0x94, 0xB5, 0x62, 0x8B, 0x86, 0xB1, 0x40, 0xEC, 0x93, 0x15, 0x6F, 0xA2, 0xFA, 0x7B, 0x36, 0x87,
    0x33, 0xF4, 0x0D, 0xA3, 0x56, 0x69, 0x45, 0x9C, 0xD6, 0xE4, 0x11, 0x84, 0xB3, 0xE4, 0xAD, 0x72,
    0xFC, 0xAC, 0x94, 0x87, 0xCF, 0x4E, 0x3C, 0x99, 0xAC, 0x41, 0x83, 0x77, 0xAB, 0x91, 0x6C, 0xB5,
    0x94, 0x43, 0xB7, 0x3E, 0xC2, 0x54, 0x59, 0x29, 0xFF, 0x06, 0x65, 0xDE, 0x95, 0xFA, 0x83, 0x94,
    0x45, 0xA7, 0x13, 0xAA, 0x72, 0x86, 0x4A, 0x97, 0x4A, 0x8F, 0x4A, 0x52, 0xF4, 0x8B, 0xED, 0xD6,
    0x33, 0xA9, 0x93, 0xA3, 0x92, 0x89, 0x96, 0x4B, 0x33, 0x8D, 0xB8, 0x6F, 0x21, 0x32, 0x64, 0x37,
    0xC3, 0xA9, 0x69, 0x83, 0xCA, 0x5E, 0xD1, 0x94, 0xCC, 0x69, 0x46, 0xE2, 0x84, 0xDD, 0x78, 0x5B,
    0xA5, 0x0D, 0x61, 0x94, 0x8F, 0xA3, 0xD2, 0xD1, 0x97, 0x25, 0xBA, 0x77, 0x6A, 0x4E, 0x97, 0xD2,
    0x53, 0xD6, 0x89, 0x88, 0x61, 0xD8, 0x50, 0xCC, 0x43, 0x01, 0x4A, 0x7E, 0x88, 0x0D, 0x61, 0xE0,
    0xB1, 0x11, 0xCE, 0x1D, 0xD0, 0x93, 0x48, 0x81, 0xF1, 0xC4, 0xFD, 0x0B, 0x5F, 0x69, 0x59, 0xDC,
    0x62, 0xDC, 0x16, 0x89, 0x32, 0xCC, 0x75, 0xBF, 0xC7, 0x15, 0x98, 0x13, 0x70, 0xB9, 0x3F, 0x33,
    0xD0, 0x7B, 0x4C, 0x8D, 0xEF, 0x65, 0x65, 0xCC, 0xCC, 0xD8, 0x70, 0x62, 0xBB, 0x9D, 0x8C, 0x25,
    0xC6, 0x5E, 0x49, 0x33, 0xBD, 0x24, 0x9A, 0x28, 0xD9, 0x28, 0xAA, 0x5A, 0x7C, 0xC2, 0xD4, 0x66,
    0xD7, 0x6E, 0x88, 0x02, 0x17, 0x58, 0x9A, 0xD6, 0x84, 0xC0, 0xD1, 0x6E, 0xD5, 0x84, 0xBD, 0xA2,
    0xC5, 0xDE, 0x95, 0xB7, 0x3B, 0x05, 0x83, 0x59, 0x31, 0x2B, 0x70, 0xAC, 0x12, 0x38, 0x34, 0x4B,
    0x29, 0x8F, 0x4E, 0xAB, 0xD1, 0x14, 0x34, 0x72, 0x74, 0xE2, 0x19, 0x29, 0x26, 0xF1, 0x98, 0x89,
    0x41, 0x44, 0x6A, 0x7C, 0x91, 0xC1, 0xE3, 0xAC, 0x4F, 0x4B, 0xF8, 0xD4, 0x06, 0x06, 0xAB, 0x97,
    0x5E, 0x5C, 0xE1, 0x0C, 0x47, 0x1D, 0x11, 0xF8, 0x59, 0xE5, 0x7D, 0xD0, 0x34, 0x5F, 0x94, 0xA4,
    0xC4, 0x17, 0x6E, 0x73, 0xC7, 0x81, 0x6F, 0x2D, 0xD1, 0x88, 0x3D, 0xA2, 0xE0, 0xD6, 0xD1, 0x8B,
    0xA9, 0x1E, 0x39, 0x70, 0x27, 0x5F, 0x2F, 0xB0, 0x9B, 0xB5, 0x66, 0x37, 0x71, 0xCD, 0x2A, 0xD4,
    0x35, 0x67, 0x94, 0xDC, 0xE7, 0xE2, 0xB9, 0x26, 0x0E, 0x76, 0xC5, 0x8E, 0x3F, 0x5A, 0xE7, 0xF8,
    0x38, 0xD8, 0x89, 0xF6, 0xCE, 0xCC, 0x39, 0x3B, 0xF8, 0x1B, 0xFB, 0x57, 0xFF, 0xFA, 0x27, 0xC6,
    0x3F, 0x97, 0xC6, 0x7F, 0x67, 0x26, 0xCC, 0xD2, 0xB7, 0xEF, 0xFB, 0xDD, 0x69, 0x57, 0x80, 0x3E,
    0x9A, 0x44, 0xFF, 0x75, 0xAA, 0x27, 0xA9, 0xF6, 0x55, 0x8A, 0x56, 0x7F, 0xE0, 0x83, 0xF0, 0xF1,
    0xD6, 0xF7, 0xFB, 0xCA, 0x0B, 0xE2, 0xF4, 0xE0, 0xF4, 0x80, 0x5E, 0x8B, 0xD7, 0x2E, 0x45, 0xB9,
    0xFB, 0xD5, 0x3A, 0x66, 0x9B, 0xC1, 0x84, 0x08, 0xF2, 0xDB, 0xAB, 0xD9, 0xC5, 0xE1, 0x66, 0x90,
    0x9D, 0x0D, 0x31, 0x87, 0xC7, 0x2D, 0x66, 0x51, 0x7C, 0x88, 0x5F, 0x3A, 0x15, 0x45, 0xB6, 0xE7,
    0x7C, 0x2F, 0xDD, 0xF6, 0x31, 0x4D, 0x62, 0x6B, 0xC6, 0x2D, 0x9B, 0x62, 0x87, 0x62, 0x9D, 0x93,
    0xD7, 0xC4, 0xB5, 0x6B, 0xD8, 0xFA, 0x29, 0xFC, 0x4E, 0x90, 0x98, 0x75, 0x08, 0xF3, 0x7C, 0x31,
    0x13, 0xAB, 0x9B, 0x62, 0x38, 0xC0, 0x12, 0x04, 0x15, 0x3C, 0x71, 0xFE, 0xC4, 0xD0, 0x1E, 0x9E,
    0xBB, 0x7E, 0xDD, 0x2B, 0xAC, 0xF5, 0x2B, 0x1B, 0x3E, 0xCC, 0xD3, 0x67, 0x96, 0xC5, 0xBC, 0x26,
    0x72, 0xDB, 0xBF, 0x66, 0x8B, 0x4B, 0x0B, 0xC2, 0x19, 0x60, 0x94, 0x15, 0x04, 0x08, 0x88, 0x54,
    0x00, 0x07, 0x34, 0x6C, 0x20, 0x0E, 0x7B, 0x53, 0x2C, 0x0C, 0xC4, 0xE0, 0x82, 0x18, 0xDA, 0xE2,
    0x36, 0x8D, 0xC5, 0x1C, 0xB0, 0x4D, 0x0F, 0x04, 0x3B, 0x52, 0x87, 0x46, 0x6A, 0xF7, 0x5A, 0x8E,
    0xE9, 0x2A, 0xB7, 0x57, 0xC5, 0x87, 0x19, 0xBA, 0x67, 0xEC, 0x3B, 0x30, 0xC2, 0xB1, 0x38, 0x1B,
    0x9F, 0x10, 0xBE, 0xFB, 0xD3, 0xD8, 0x01, 0x68, 0x76, 0x90, 0x63, 0xC2, 0x79, 0xED, 0xA4, 0x18,
    0xBA, 0xC2, 0x3F, 0x49, 0x39, 0x4B, 0xC0, 0x11, 0x76, 0xD6, 0xD1, 0x50, 0x05, 0xE2, 0xB8, 0x36,
    0xF3, 0xDC, 0x4A, 0x19, 0x35, 0xE5, 0x9F, 0x11, 0x67, 0x98, 0x83, 0x7B, 0xBD, 0xCC, 0xCB, 0xAD,
    0xD4, 0x40, 0xFA, 0x01, 0xEA, 0x73, 0x7D, 0x27, 0xC4, 0x39, 0x6C, 0x27, 0x56, 0x6A, 0xA5, 0x6D,
    0x60, 0x1C, 0x03, 0xDF, 0x85, 0x5E, 0x68, 0xA5, 0x56, 0x8A, 0xD1, 0x3F, 0xCE, 0xF2, 0xF4, 0x90,
    0x80, 0x81, 0x9A, 0x31, 0x32, 0xC8, 0x59, 0x8A, 0x15, 0x10, 0xE1, 0x2D, 0xA4, 0xC4, 0x06, 0xD5,
    0x6F, 0x20, 0x69, 0xEB, 0xD7, 0x4B, 0xD2, 0xC1, 0x68, 0x8C, 0x15, 0xB9, 0x92, 0x3D, 0x24, 0x7A,
    0xA8, 0x20, 0xF7, 0x3D, 0x07, 0xDB, 0x1E, 0xA0, 0x50, 0xC9, 0xA6, 0xA7, 0x3C, 0x31, 0xEB, 0x97,
    0x6E, 0x68, 0xC5, 0xDB, 0x0E, 0xF4, 0x61, 0x0D, 0xBA, 0x11, 0x2E, 0xDA, 0xC0, 0x8B, 0x16, 0xED,
    0xCC, 0x4B, 0x6A, 0x94, 0x14, 0xA5, 0x05, 0xAA, 0x5F, 0x6E, 0xDE, 0x4D, 0x57, 0xC2, 0x47, 0x02,
    0x06, 0x25, 0x4A, 0x60, 0x4E, 0x56, 0x90, 0x91, 0x51, 0x67, 0x55, 0x6C, 0xA7, 0xE1, 0xFC, 0xDC,
    0x91, 0xF9, 0x94, 0xA5, 0x8C, 0x5B, 0x04, 0xF0, 0xB9, 0x43, 0xD3, 0x34, 0x25, 0x6F, 0xBE, 0x55,
    0xD0, 0x28, 0x93, 0x7C, 0xEA, 0xDF, 0x8B, 0xE7, 0x28, 0x14, 0xBF, 0xF0, 0x9A, 0xA8, 0x04, 0x7C,
    0x56, 0x5A, 0x24, 0x93, 0x68, 0x91, 0x96, 0xBD, 0x82, 0xD2, 0x6F, 0x40, 0x2B, 0x8A, 0xED, 0xCC,
    0xCE, 0x9C, 0x18, 0x64, 0x8C, 0xAF, 0xA3, 0x94, 0x2E, 0x41, 0xDF, 0xAA, 0x80, 0x91, 0x6C, 0x6F,
    0xF3, 0xB1, 0x86, 0x67, 0xFC, 0x1F, 0x3F, 0xF3, 0x7C, 0xAD, 0x74, 0x13, 0xB3, 0xC0, 0xF1, 0xC1,
    0xEF, 0x8A, 0xA8, 0x6E, 0x63, 0x2B, 0xC2, 0xFB, 0xFC, 0xCA, 0x6D, 0x4C, 0x53, 0xCA, 0x50, 0xCA,
    0x02, 0x6E, 0x2E, 0xFF, 0x6D, 0xA6, 0x5C, 0x4F, 0x7A, 0x3E, 0x52, 0x90, 0x82, 0xD0, 0x2B, 0xA6,
    0xA1, 0xA5, 0x6A, 0x9D, 0x0E, 0x3B, 0xAD, 0x2B, 0x62, 0x4C, 0x22, 0xBB, 0xAD, 0xDF, 0x43, 0x32,
    0x1C, 0x30, 0x20, 0xC4, 0x53, 0x84, 0x08, 0x37, 0x44, 0x8E, 0xE4, 0xF9, 0x28, 0x52, 0x03, 0x12,
    0xA9, 0x35, 0xF1, 0x52, 0x94, 0x56, 0xA8, 0xAC, 0x19, 0x05, 0x56, 0x34, 0x76, 0x3C, 0x55, 0x24,
    0xBD, 0x23, 0xE2, 0xB2, 0x01, 0x31, 0x59, 0xE0, 0x8C, 0x14, 0x4A, 0xF2, 0x88, 0x59, 0xAE, 0xB5,
    0x9C, 0xD3, 0x22, 0x9D, 0xCC, 0xA4, 0x8C, 0x59, 0xE3, 0x6B, 0xEA, 0x19, 0xE5, 0xCD, 0x4A, 0xBB,
    0x9B, 0x1D, 0x88, 0xEC, 0x23, 0x8D, 0x42, 0xC9, 0x8E, 0x46, 0xD7, 0x0D, 0x88, 0x7E, 0xEE, 0xA3,
    0xD7, 0xCB, 0xB3, 0xE5, 0x24, 0xD3, 0x88, 0xDB, 0xA1, 0x36, 0xF7, 0x08, 0x5F, 0xFF, 0x47, 0xCF,
    0xE2, 0xE7, 0x52, 0xBE, 0x2E, 0xE7, 0xEE, 0x72, 0x1E, 0x2F, 0x86, 0xD5, 0xA9, 0x9B, 0x08, 0x33,
    0xC1, 0xBF, 0x43, 0xEA, 0x48, 0x85, 0xC4, 0xC4, 0x19, 0x85, 0xD0, 0x53, 0xC0, 0x39, 0x54, 0xB4,
    0x92, 0xBA, 0x59, 0xD2, 0x0D, 0x3B, 0x24, 0x3D, 0x3C, 0xC2, 0x95, 0x17, 0x3A, 0xFD, 0x54, 0xEC,
    0x67, 0xB0, 0x3B, 0x38, 0xFB, 0x4A, 0xE1, 0x7C, 0x51, 0xC3, 0x1D, 0x11, 0x20, 0xDF, 0x13, 0x5B,
    0x80, 0x69, 0xCC, 0xD0, 0x85, 0xEF, 0xCB, 0xA8, 0x3D, 0x80, 0x80, 0xE4, 0x03, 0xE2, 0x59, 0x8B,
    0xBE, 0x94, 0x09, 0x33, 0x48, 0xC3, 0x78, 0x18, 0x32, 0x2F, 0x4A, 0x1D, 0xBA, 0xCC, 0x91, 0xA2,
    0xF1, 0x2E, 0x5A, 0xD2, 0xF7, 0xC5, 0x12, 0xA6, 0x9D, 0x62, 0xCA, 0x29, 0xA6, 0x9B, 0x52, 0x02,
    0xE6, 0x0D, 0x95, 0x21, 0x84, 0x23, 0xEB, 0x49, 0x22, 0x28, 0x39, 0x9D, 0x14, 0x9B, 0xC2, 0xE6,
    0x39, 0x9F, 0x99, 0x29, 0x60, 0x51, 0xA6, 0x8C, 0x96, 0xFC, 0x04, 0x4C, 0x13, 0xC5, 0x14, 0x51,
    0x4C, 0x0F, 0xC5, 0xD4, 0x50, 0x4C, 0x0B, 0x3D, 0xC3, 0x34, 0xBA, 0x05, 0x44, 0xE0, 0x8A, 0x93,
    0xE2, 0x9C, 0xB8, 0x24, 0xB6, 0xF4, 0xDC, 0x4A, 0x3C, 0xBF, 0x92, 0x01, 0xB0, 0x93, 0x38, 0xFE,
    0x30, 0x79, 0x31, 0x21, 0xD3, 0x87, 0x8F, 0x31, 0x8F, 0xE1, 0x2A, 0x39, 0x44, 0x77, 0x08, 0x88,
    0x93, 0xFD, 0xC1, 0xFB, 0x5D, 0x2C, 0x7E, 0x89, 0xC5, 0xB0, 0x0D, 0xF7, 0xAB, 0x29, 0x7F, 0xE5,
    0x83, 0x7A, 0xE3, 0x06, 0x2E, 0x8A, 0x08, 0x35, 0x52, 0xC5, 0x69, 0x59, 0x85, 0xCD, 0x2A, 0x2A,
    0x62, 0x1C, 0x09, 0x25, 0x40, 0x4A, 0xDC, 0xC4, 0xFE, 0x24, 0xE2, 0x22, 0x4E, 0xC7, 0xA7, 0xA6,
    0x0B, 0xD7, 0x43, 0x95, 0xDD, 0x70, 0x24, 0x0C, 0x39, 0x25, 0x69, 0x51, 0x7C, 0xE5, 0x62, 0xA7,
    0xD4, 0xB2, 0x4B, 0x46, 0x7C, 0xE9, 0x8D, 0x8F, 0xB7, 0xE0, 0x49, 0xCF, 0x6E, 0xF8, 0xFD, 0x55,
    0x1C, 0x38, 0x58, 0x0F, 0xF1, 0xAE, 0xE8, 0xBD, 0xAD, 0xDE, 0xDA, 0x12, 0x46, 0xB9, 0x17, 0x5F,
    0xC5, 0x4C, 0x5D, 0x78, 0x5F, 0x12, 0xD6, 0xCF, 0x6B, 0xAF, 0xA9, 0x7E, 0x1C, 0xAD, 0x1F, 0xFC,
    0xB3, 0xEC, 0xF0, 0x60, 0x13, 0xDD, 0xAC, 0x7B, 0x1C, 0x2D, 0xF0, 0x20, 0x7D, 0x41, 0xEB, 0xC0,
    0x1E, 0x52, 0x6A, 0xCF, 0x80, 0x27, 0x9C, 0xF5, 0x16, 0xAE, 0xBE, 0xA9, 0xC5, 0x8B, 0x6D, 0x3F,
    0xBF, 0x7D, 0xA2, 0xDF, 0xE2, 0x64, 0x16, 0xC1, 0xFE, 0xA5, 0x46, 0x65, 0x84, 0x4B, 0x60, 0xCC,
    0x06, 0x4B, 0x7B, 0xEF, 0x06, 0xEA, 0x21, 0x1D, 0x53, 0x93, 0x71, 0x71, 0x2E, 0x99, 0x95, 0xD8,
    0x09, 0xEA, 0x2A, 0x56, 0xB1, 0xE2, 0x7B, 0x28, 0xFD, 0x62, 0xCF, 0x07, 0xEA, 0xF1, 0x5D, 0x1F,
    0xE9, 0x09, 0xCA, 0x3B, 0xC8, 0x72, 0x76, 0xC7, 0x1C, 0xEA, 0xFD, 0xB2, 0x95, 0x9E, 0x04, 0x44,
    0x29, 0x3D, 0xAE, 0x32, 0x41, 0xB9, 0x7E, 0xAF, 0x1F, 0xA0, 0x1D, 0xF5, 0x16, 0x80, 0xC5, 0x43,
    0x67, 0xB0, 0x7A, 0x10, 0xF1, 0x68, 0xF9, 0x00, 0x86, 0x7C, 0xB4, 0x7E, 0xF4, 0xEA, 0x6C, 0x8C,
    0x16, 0x10, 0xD0, 0x73, 0x8A, 0x1A, 0x14, 0xC0, 0xB5, 0x8E, 0x96, 0x50, 0x00, 0xE0, 0xA0, 0x25,
    0xE4, 0xED, 0x0A, 0x3A, 0x2F, 0x92, 0x3C, 0x92, 0xE9, 0xFF, 0x35, 0x8B, 0x09, 0xAB, 0x61, 0xB1,
    0xA3, 0xA9, 0xC8, 0xD5, 0x6C, 0x9B, 0x99, 0x1F, 0xB7, 0xDA, 0x30, 0xCD, 0x5D, 0x39, 0xFF, 0x57,
    0x4A, 0x19, 0xE9, 0x4A, 0x65, 0x38, 0x4F, 0x3A, 0x3E, 0xEF, 0x28, 0x55, 0x78, 0x1F, 0x97, 0x88,
    0xAB, 0x62, 0x6A, 0xF2, 0x2C, 0x13, 0xB5, 0x85, 0x96, 0x31, 0x3E, 0xF4, 0x94, 0xF1, 0x61, 0x26,
    0x8C, 0x0F, 0x60, 0xCD, 0x84, 0x8F, 0x93, 0xC7, 0x0B, 0x1F, 0x9A, 0x3F, 0x25, 0x40, 0xAA, 0x77,
    0x0B, 0xA0, 0xCC, 0x7A, 0xA8, 0xCC, 0x3A, 0x99, 0x8C, 0x8F, 0xA6, 0x9D, 0x82, 0x01, 0xE8, 0x5D,
    0xAD, 0x78, 0x00, 0x13, 0x4F, 0x56, 0xD1, 0xCC, 0x93, 0x37, 0xA0, 0x50, 0x80, 0xC3, 0x97, 0x48,
    0x32, 0x2A, 0x72, 0x07, 0xD0, 0x7D, 0xBC, 0xA4, 0xCD, 0xE5, 0x74, 0x9E, 0x50, 0x9A, 0x7E, 0x11,
    0x62, 0x84, 0xCD, 0xBF, 0x68, 0xB7, 0x35, 0x01, 0x17, 0x59, 0x57, 0xD2, 0xE4, 0xF2, 0x14, 0x69,
    0x0A, 0xB6, 0x0A, 0x15, 0x6B, 0x19, 0xDD, 0x82, 0x17, 0x51, 0x8D, 0x55, 0xD9, 0x07, 0x11, 0x75,
    0x91, 0x1D, 0x69, 0x22, 0xAA, 0x30, 0xAA, 0x23, 0x3D, 0xFE, 0x6C, 0x2A, 0xAA, 0x20, 0xAA, 0x44,
    0x9C, 0x32, 0x19, 0xC5, 0xB8, 0xD9, 0x38, 0xE7, 0x8F, 0x8B, 0xB4, 0xAE, 0xF2, 0xE7, 0xA1, 0x8A,
    0x6E, 0xA8, 0x75, 0x22, 0x7B, 0xCA, 0xA7, 0x4F, 0x4B, 0x9C, 0x10, 0xA8, 0x9F, 0xE4, 0x0A, 0x87,
    0x8A, 0x12, 0x1B, 0xFF, 0xB0, 0x0B, 0xCC, 0x1B, 0xE3, 0xA9, 0x94, 0xFB, 0xE5, 0x54, 0xB6, 0x8A,
    0xC4, 0xF4, 0x9B, 0x6F, 0x1E, 0x85, 0x7C, 0xD2, 0xA3, 0x92, 0xE8, 0x7A, 0x50, 0x83, 0xA2, 0x3E,
    0x3A, 0x4A, 0x89, 0xAA, 0x8D, 0xC4, 0xCF, 0x49, 0xCB, 0x1F, 0xAB, 0xD8, 0xB7, 0x24, 0x74, 0xDD,
    0x0A, 0xE8, 0x89, 0x58, 0x9C, 0xB3, 0x7F, 0x4F, 0x9F, 0x6E, 0x7B, 0x3A, 0xDC, 0x3F, 0xF3, 0x75,
    0xF8, 0x84, 0x8C, 0x0F, 0x8C, 0x8C, 0xCF, 0x28, 0x84, 0x7B, 0x2F, 0x25, 0x63, 0x63, 0xE1, 0xAA,
    0x61, 0xBA, 0x57, 0x4E, 0xF7, 0xC4, 0xBA, 0xE6, 0xA7, 0x75, 0x7F, 0xAC, 0x9D, 0x76, 0x94, 0xBB,
    0x06, 0xC5, 0x51, 0xCD, 0x5D, 0x3E, 0xA2, 0xA3, 0x7C, 0xA2, 0x1B, 0xE5, 0x71, 0x3C, 0x3B, 0xDF,
    0x64, 0x50, 0x54, 0x3B, 0x2C, 0x84, 0x39, 0xDB, 0x77, 0x97, 0x2E, 0xB1, 0x30, 0xE5, 0x72, 0x73,
    0xA6, 0xD3, 0x6A, 0x59, 0xA5, 0xD9, 0x3D, 0x46, 0x49, 0xC6, 0x93, 0x89, 0xD4, 0xE6, 0x04, 0xA5,
    0x1E, 0xE7, 0x34, 0x6B, 0x05, 0x39, 0x02, 0xE5, 0x52, 0x2E, 0xD0, 0xB9, 0x8D, 0xA8, 0xD9, 0x5B,
    0xA7, 0x45, 0xCB, 0x19, 0xC5, 0x7C, 0x32, 0x52, 0x9C, 0x6F, 0xC8, 0xF0, 0x0F, 0x7B, 0xB4, 0xAC,
    0xAA, 0x8B, 0x0D, 0x11, 0x89, 0x33, 0x0F, 0x69, 0x53, 0x4F, 0x3B, 0x4F, 0x96, 0x84, 0xEA, 0x82,
    0x89, 0x51, 0x08, 0x64, 0x4B, 0xDB, 0xB2, 0x7C, 0x1E, 0x50, 0x39, 0x02, 0xB9, 0xDF, 0x41, 0x6E,
    0x73, 0xB2, 0x2A, 0x3E, 0xEF, 0x35, 0x0D, 0x17, 0x65, 0x16, 0xB4, 0x8D, 0x43, 0x49, 0x5B, 0x09,
    0x40, 0xEB, 0xCF, 0xEE, 0xDC, 0x7C, 0x44, 0x38, 0x47, 0x3F, 0x94, 0x1B, 0xEA, 0x94, 0x97, 0x86,
    0xF5, 0x80, 0x24, 0xDE, 0x1A, 0x95, 0xDB, 0x74, 0x65, 0x9B, 0xFA, 0xBA, 0xA3, 0x3E, 0x7D, 0x28,
    0xAA, 0x93, 0xD4, 0xD5, 0x0B, 0xEB, 0x31, 0xCE, 0x98, 0xDB, 0x52, 0x2C, 0x5D, 0x47, 0x7F, 0xAB,
    0x2C, 0xC5, 0xCD, 0x17, 0x9F, 0x50, 0xDD, 0xFD, 0xA9, 0x0E, 0x69, 0xCC, 0x09, 0x91, 0xBA, 0x3C,
    0xC1, 0xE5, 0xB9, 0x39, 0x8A, 0x7D, 0xDD, 0x56, 0xA3, 0xA6, 0xC6, 0x0E, 0x75, 0xBA, 0x6F, 0x47,
    0x75, 0x07, 0x0B, 0xB9, 0x67, 0xE1, 0x2E, 0x13, 0x01, 0x43, 0x6E, 0x63, 0x39, 0x03, 0x36, 0xE5,
    0x1A, 0x95, 0xDB, 0x74, 0x65, 0x5B, 0xE0, 0xA7, 0x3B, 0x02, 0xEF, 0x7C, 0x38, 0xC8, 0xC5, 0x6B,
    0x52, 0xD9, 0xC2, 0xE3, 0xC3, 0xF7, 0xD0, 0x4E, 0x84, 0xE3, 0x96, 0x2F, 0xB6, 0x2C, 0x5F, 0xCB,
    0x57, 0x7C, 0x5C, 0xC4, 0x60, 0x36, 0xF9, 0xF4, 0xC5, 0x05, 0x07, 0xB9, 0x40, 0xE2, 0x20, 0xDA,
    0x5A, 0x83, 0xDB, 0xB2, 0x01, 0x1F, 0x58, 0x47, 0xCC, 0x6A, 0x07, 0x0D, 0x6B, 0xCF, 0x46, 0x25,
    0xBF, 0x72, 0xD2, 0xE5, 0xF5, 0x1C, 0x0A, 0x5C, 0xEE, 0x0F, 0x1F, 0xE6, 0x79, 0x19, 0xA0, 0x8D,
    0xE0, 0xA1, 0x25, 0xAF, 0x1F, 0xFE, 0xF1, 0x1C, 0x31, 0xC5, 0x4E, 0x0B, 0xBD, 0x88, 0x80, 0x2B,
    0x45, 0x42, 0xCB, 0x2F, 0x8D, 0xA6, 0x86, 0xF5, 0x16, 0xF1, 0x8C, 0xF4, 0x31, 0x7D, 0xFD, 0x91,
    0xE2, 0x59, 0xCF, 0xB6, 0xE0, 0x1B, 0x35, 0x3F, 0x6B, 0xFD, 0x85, 0xC7, 0xB7, 0xA0, 0x08, 0x9E,
    0xC5, 0x7D, 0xAC, 0x09, 0x86, 0x89, 0xB1, 0x7D, 0x94, 0xFD, 0x3E, 0x2F, 0x3A, 0xD7, 0xEE, 0xE0,
    0x8F, 0x51, 0x9A, 0x84, 0xC2, 0xFB, 0x22, 0x16, 0x8B, 0x46, 0xAC, 0x6D, 0x39, 0xB1, 0xD1, 0x34,
    0x7D, 0x1F, 0xD7, 0x24, 0x1C, 0x8F, 0x62, 0x41, 0x92, 0xFF, 0x14, 0xF4, 0xFF, 0x1C, 0xCF, 0xFB,
    0xCD, 0x55, 0x80, 0x2B, 0xE3, 0xB9, 0x4F, 0xBE, 0xE4, 0xF0, 0xF1, 0xC2, 0xF2, 0xAD, 0xDA, 0xC5,
    0xFC, 0x94, 0xBB, 0x89, 0xDE, 0x7C, 0x94, 0xAE, 0x34, 0x71, 0x1A, 0x7D, 0x72, 0x37, 0x09, 0xFC,
    0x26, 0x9C, 0xA7, 0xC4, 0xA5, 0x47, 0xBC, 0x98, 0xEB, 0xBC, 0xF4, 0xE3, 0xE1, 0x71, 0xE9, 0x51,
    0xE3, 0x08, 0x73, 0x73, 0xE1, 0xB3, 0x7F, 0x82, 0xF1, 0xF9, 0x5F, 0x18, 0x9F, 0x7F, 0x94, 0xFE,
    0xFC, 0xD3, 0x0F, 0xFE, 0xCC, 0x0B, 0x50, 0x0F, 0x68, 0x83, 0x94, 0x35, 0xB1, 0xF0, 0x6D, 0xFB,
    0x09, 0xAA, 0x15, 0x26, 0x27, 0x92, 0x5A, 0x35, 0x35, 0x3B, 0xF1, 0x11, 0xE2, 0xDE, 0x92, 0xD3,
    0x10, 0x55, 0x3D, 0x54, 0xF4, 0xBE, 0x2B, 0x58, 0x5E, 0x3D, 0x4D, 0xCF, 0xA4, 0x24, 0xCD, 0x7C,
    0xF1, 0xBB, 0xC7, 0xCB, 0x37, 0x5A, 0x42, 0x37, 0x26, 0xFA, 0xBA, 0x29, 0x7F, 0x64, 0x97, 0xC5,
    0x9D, 0xE9, 0xD6, 0x21, 0x79, 0xDD, 0x32, 0xA4, 0xA0, 0x5B, 0x85, 0xB4, 0x38, 0xB6, 0x08, 0xE9,
    0xDE, 0xCB, 0xE2, 0x8E, 0x01, 0x4A, 0x28, 0x9B, 0x9F, 0x51, 0x62, 0x7F, 0x52, 0x28, 0x94, 0xD8,
    0x9F, 0x96, 0x0A, 0x25, 0xE6, 0x47, 0x79, 0x8B, 0x92, 0xD3, 0x1D, 0x4A, 0x7A, 0xD9, 0x14, 0x81,
    0x2F, 0xF6, 0xCB, 0xED, 0x9F, 0x78, 0x3D, 0x59, 0xC0, 0x79, 0x28, 0x87, 0x45, 0x1C, 0xA7, 0xD5,
    0x86, 0x67, 0x90, 0xE1, 0xAB, 0x59, 0xCE, 0xBB, 0xCF, 0xF1, 0x34, 0x47, 0x3F, 0xAD, 0x9A, 0xE7,
    0x28, 0x20, 0xEE, 0xBB, 0xC2, 0xB3, 0xFF, 0x72, 0x7B, 0xF5, 0xFD, 0x56, 0x7B, 0x9E, 0xE9, 0xAA,
    0x46, 0xD2, 0x59, 0x24, 0xD6, 0xFF, 0x94, 0x53, 0xEB, 0xED, 0x4A, 0x9A, 0x87, 0x79, 0x3D, 0x59,
    0x1D, 0x3A, 0x75, 0x75, 0x28, 0xEF, 0x10, 0xA7, 0x95, 0xFD, 0x13, 0x7A, 0xE1, 0xE1, 0x84, 0xDE,
    0x59, 0xDC, 0xB5, 0xF0, 0xAD, 0xB4, 0x77, 0x42, 0x67, 0xF9, 0xA1, 0x58, 0x59, 0xD9, 0x0F, 0x80,
    0x4D, 0xAE, 0x49, 0xBC, 0x40, 0xDE, 0x51, 0x8E, 0x34, 0x70, 0x79, 0x6E, 0xBA, 0x77, 0xF4, 0xF8,
    0xAD, 0x55, 0x3C, 0x7A, 0xEB, 0x73, 0x8E, 0x26, 0xCC, 0xF7, 0x78, 0xB5, 0x01, 0x25, 0x95, 0x51,
    0xD1, 0x55, 0x26, 0x62, 0x20, 0xDF, 0xBF, 0xE5, 0x58, 0x07, 0x87, 0xBA, 0x29, 0x38, 0x4C, 0xC6,
    0xB2, 0x80, 0xBA, 0x2C, 0x8E, 0x4C, 0xDA, 0x59, 0x46, 0x11, 0x8D, 0x55, 0xC4, 0x8D, 0xF3, 0xC7,
    0x13, 0xCF, 0xC7, 0x8C, 0x36, 0x5E, 0x3B, 0xA3, 0x82, 0xC3, 0xC1, 0x58, 0x45, 0x14, 0x6A, 0x73,
    0x09, 0x15, 0x13, 0x7E, 0x20, 0xFA, 0x51, 0xE3, 0xAE, 0x17, 0x72, 0xE3, 0x6B, 0xA3, 0x94, 0x72,
    0x54, 0xCB, 0xAF, 0x8F, 0xDF, 0xFC, 0xBD, 0xA3, 0x1F, 0x39, 0xA9, 0x24, 0x4C, 0xF2, 0x64, 0x86,
    0xF7, 0x98, 0xBB, 0x47, 0x66, 0xD9, 0x64, 0xEB, 0xF3, 0x98, 0xE8, 0x9F, 0xA4, 0x9F, 0x63, 0xBC,
    0x64, 0xF4, 0xC9, 0x12, 0x7D, 0x21, 0xCE, 0x66, 0x0A, 0xC2, 0x4C, 0x69, 0xCA, 0xEB, 0xF2, 0x82,
    0x4C, 0x05, 0xB4, 0xD5, 0x2C, 0xF5, 0x92, 0x71, 0xA3, 0x7B, 0x32, 0x4D, 0xA8, 0xF9, 0x6C, 0xA9,
    0xB5, 0x26, 0x78, 0x73, 0xE5, 0xB9, 0x76, 0xAF, 0x6D, 0xED, 0x72, 0xB7, 0x89, 0x7C, 0xA0, 0x90,
    0x66, 0xAA, 0x8A, 0xDA, 0x27, 0xBA, 0xFB, 0x71, 0x85, 0xB3, 0x19, 0xCC, 0x40, 0x78, 0xDD, 0x6A,
    0x92, 0xF6, 0x47, 0x0A, 0xE4, 0x19, 0x40, 0x7B, 0x66, 0xF9, 0xCA, 0xC6, 0xBB, 0x4B, 0xDF, 0x68,
    0x28, 0x1B, 0x35, 0x94, 0x96, 0x1C, 0x4A, 0x59, 0x31, 0x6B, 0x99, 0x41, 0x65, 0x67, 0x66, 0xA9,
    0xF0, 0xBE, 0x74, 0x34, 0x86, 0x52, 0x4F, 0x59, 0xC0, 0x83, 0xDD, 0xC5, 0xE7, 0x8C, 0xCF, 0x5A,
    0x72, 0x4C, 0x56, 0x3E, 0x8F, 0x51, 0x85, 0xB2, 0x06, 0xD5, 0x59, 0x93, 0x93, 0x7A, 0x60, 0xFB,
    0xD4, 0xBF, 0x06, 0x57, 0xA3, 0x62, 0xE3, 0xF2, 0x7C, 0xFE, 0xC4, 0xB1, 0xC1, 0xC3, 0xF1, 0x5E,
    0xE1, 0xBE, 0x9F, 0x12, 0xCC, 0x8E, 0x0E, 0xB5, 0x51, 0x88, 0x3A, 0xB7, 0xFB, 0x85, 0xA8, 0xED,
    0x42, 0x82, 0xB1, 0xF3, 0x34, 0xC7, 0x95, 0x12, 0xD8, 0x66, 0x3A, 0xC6, 0x85, 0x0C, 0x95, 0x8E,
    0xEC, 0xE6, 0x33, 0x92, 0x35, 0x84, 0xCC, 0x47, 0x9C, 0x42, 0xF2, 0x91, 0x20, 0x91, 0x7C, 0x64,
    0xE1, 0xF8, 0x8A, 0x84, 0x83, 0xC2, 0xCF, 0x71, 0xE4, 0xB3, 0x3D, 0x7B, 0x4C, 0x89, 0x2C, 0xFD,
    0x2F, 0x64, 0xC5, 0xFE, 0x34, 0x69, 0x15, 0xEC, 0x50, 0x2A, 0xD8, 0x4F, 0x68, 0xEC, 0xD1, 0xD2,
    0xD8, 0x31, 0x57, 0xCB, 0xF6, 0x61, 0x83, 0xC2, 0xFA, 0xA4, 0xDD, 0x39, 0x49, 0x76, 0xC2, 0xFC,
    0xB7, 0x69, 0x09, 0x2C, 0x4F, 0xF0, 0xFC, 0x50, 0x78, 0xEE, 0xFC, 0xF0, 0x93, 0xBB, 0x4F, 0x5D,
    0x98, 0xB8, 0x79, 0x61, 0xFF, 0x9B, 0x17, 0x26, 0x9B, 0x6E, 0x83, 0xF8, 0xED, 0x0F, 0x64, 0x05,
    0xEA, 0x69, 0x2F, 0x7A, 0xE3, 0xA1, 0x97, 0xEB, 0x9E, 0x1C, 0xC1, 0x46, 0x8D, 0xE0, 0x8E, 0x1A,
    0xC1, 0x53, 0x4F, 0x46, 0x50, 0x88, 0x79, 0xDE, 0xFB, 0x2B, 0xB3, 0xE9, 0xB4, 0xC9, 0xE8, 0x1E,
    0x0C, 0x78, 0xA0, 0x86, 0xFD, 0x6E, 0xC9, 0x88, 0xDD, 0xBD, 0xAC, 0xF5, 0xD1, 0x97, 0xFC, 0xB5,
    0x95, 0x6F, 0x7E, 0xCA, 0xFB, 0x27, 0xFD, 0xC1, 0x4F, 0xFB, 0xC4, 0x10, 0x78, 0xFB, 0x1D, 0xC1,
    0xFB, 0xEF, 0x08, 0xDE, 0x80, 0x47, 0xF0, 0x0E, 0x3C, 0x82, 0xB7, 0xE0, 0xE1, 0x50, 0x49, 0x2E,
    0x78, 0x13, 0x1E, 0x51, 0x75, 0x27, 0xA0, 0x19, 0xDE, 0x87, 0x47, 0xF0, 0x46, 0x3C, 0x82, 0x77,
    0xE2, 0x91, 0x5B, 0xF1, 0xA8, 0xBD, 0x78, 0xE4, 0x76, 0x32, 0x6A, 0x37, 0x9E, 0xF1, 0x5C, 0xD7,
    0x74, 0x44, 0xEA, 0x4D, 0xC5, 0xD2, 0x71, 0xDB, 0x90, 0xA8, 0x7D, 0x99, 0xC9, 0x14, 0x1A, 0x92,
    0xB8, 0xD8, 0xBC, 0xC0, 0x36, 0x2F, 0x85, 0x2F, 0xE4, 0x49, 0x5C, 0x7D, 0xFE, 0x09, 0x45, 0x4D,
    0xA3, 0xA8, 0x63, 0x4E, 0x27, 0xA3, 0x02, 0x1A, 0x7F, 0x5A, 0x41, 0x05, 0x6A, 0x65, 0x18, 0xF7,
    0xE9, 0x5E, 0xA8, 0x57, 0xC6, 0xAF, 0x26, 0xBC, 0xF5, 0x87, 0x7F, 0xAB, 0xA9, 0xC9, 0xD7, 0xBD,
    0xFB, 0xF5, 0xDD, 0x42, 0x7B, 0xBE, 0x97, 0x30, 0xC2, 0xE5, 0x80, 0x42, 0x9B, 0xBC, 0xEA, 0xD4,
    0xBB, 0x85, 0xE0, 0x5C, 0x47, 0x56, 0xA7, 0x15, 0x08, 0xA0, 0x41, 0x06, 0x8B, 0xB1, 0x6F, 0x92,
    0xE4, 0x21, 0xE8, 0xD1, 0xE1, 0xA7, 0x93, 0x9A, 0xA8, 0x3D, 0xBB, 0x4A, 0x25, 0xFD, 0xEE, 0xD9,
    0x5E, 0xD6, 0x39, 0x0D, 0x67, 0x27, 0x69, 0xBE, 0xF7, 0xC3, 0x79, 0x1C, 0x98, 0xA2, 0xA8, 0x02,
    0x47, 0x12, 0x64, 0x3C, 0x61, 0xFF, 0x60, 0xC2, 0xF7, 0x70, 0xDB, 0x35, 0xFA, 0x2D, 0x3A, 0x95,
    0x01, 0xC1, 0xE5, 0x74, 0xD9, 0x7C, 0x74, 0x57, 0x6D, 0x90, 0xF6, 0x0D, 0x77, 0x18, 0xBF, 0xED,
    0x7E, 0x7D, 0x4F, 0xCF, 0xE6, 0xF9, 0x97, 0x68, 0x00, 0x48, 0x23, 0x1F, 0x4D, 0x75, 0x3C, 0x90,
    0x5F, 0xAB, 0x39, 0xA8, 0x76, 0xBE, 0x03, 0xD8, 0x1F, 0xCB, 0xAF, 0xF9, 0xD0, 0x76, 0x7F, 0xE5,
    0x7D, 0xB6, 0xFB, 0x33, 0x46, 0xB7, 0xFB, 0xFB, 0x7D, 0x1B, 0xB7, 0xA5, 0x8A, 0x17, 0xB7, 0xBC,
    0xF0, 0xE2, 0x42, 0x24, 0x2E, 0xBA, 0x95, 0x58, 0x04, 0x19, 0x1A, 0xC0, 0x47, 0x68, 0x97, 0xFC,
    0x10, 0xE9, 0xE2, 0x61, 0xDA, 0x9D, 0xE5, 0x0D, 0x49, 0x00, 0xBE, 0x10, 0x61, 0x14, 0x67, 0x2B,
    0xF1, 0xEC, 0x78, 0xBB, 0xFE, 0x53, 0x42, 0xCB, 0xCE, 0x01, 0x15, 0x42, 0xE7, 0xAF, 0xE1, 0x9E,
    0x2E, 0xB7, 0x79, 0xB1, 0xD3, 0xBE, 0x3F, 0xCA, 0x21, 0x1E, 0xED, 0x96, 0x86, 0x74, 0x5B, 0xC6,
    0x9B, 0x6F, 0x20, 0x1C, 0xB8, 0xE9, 0x06, 0x6E, 0xB8, 0x81, 0x1A, 0x26, 0x32, 0xB0, 0x93, 0x8F,
    0x09, 0x0E, 0x64, 0xBB, 0xE6, 0x94, 0x43, 0xF3, 0x1F, 0x1F, 0x3E, 0xF0, 0x59, 0xB4, 0x06, 0x06,
    0xFA, 0xBF, 0x00, 0x78, 0x18, 0x6C, 0x0A, 0xDC, 0x44, 0x4F, 0x64, 0x17, 0x84, 0x96, 0xFC, 0xE0,
    0xF1, 0x8E, 0x0D, 0xE5, 0x52, 0x07, 0x9C, 0x4B, 0x7D, 0x73, 0xE1, 0xF1, 0xD1, 0x03, 0xEA, 0x1D,
    0xFD, 0xFC, 0xF2, 0x21, 0xC3, 0xA1, 0x3D, 0x6E, 0x38, 0x8E, 0xDA, 0xDE, 0x95, 0x73, 0xEF, 0x29,
    0xF7, 0x89, 0xFC, 0xD1, 0xF3, 0xEE, 0x47, 0x54, 0xAB, 0x57, 0xC6, 0x02, 0x94, 0xD1, 0x44, 0x80,
    0xB2, 0x18, 0x89, 0x32, 0x02, 0x1D, 0xB2, 0x74, 0x5B, 0x41, 0x3D, 0xDF, 0x47, 0x90, 0xA1, 0xB3,
    0x51, 0x21, 0x37, 0xF8, 0x42, 0xA1, 0xEB, 0xFD, 0x35, 0xCA, 0x71, 0xB8, 0xF4, 0x02, 0x87, 0xAC,
    0xDB, 0x8D, 0x5E, 0xAA, 0xDE, 0x7E, 0x2B, 0x54, 0xD1, 0x64, 0xF2, 0x3C, 0x6E, 0xD5, 0x46, 0x07,
    0x4D, 0x73, 0xCC, 0xA3, 0xD7, 0x28, 0xDC, 0xD9, 0xEC, 0x2D, 0xF3, 0x36, 0x7B, 0xAE, 0xB4, 0x91,
    0x50, 0xE4, 0xC9, 0x1F, 0x9E, 0x7D, 0x8E, 0x1D, 0x1A, 0x3E, 0xFD, 0x7E, 0xB6, 0x11, 0x0F, 0x38,
    0xA2, 0xC7, 0x3F, 0x1B, 0x8B, 0x3F, 0x0D, 0x0D, 0x83, 0xF4, 0x61, 0x4A, 0x83, 0x04, 0x52, 0x14,
    0x07, 0xC9, 0x0D, 0x69, 0x90, 0x4E, 0xFA, 0x87, 0x6D, 0x90, 0xFE, 0x1F, 0xED, 0x3D, 0x6D, 0x8C,
    0x1D, 0xD5, 0x75, 0x67, 0x66, 0xD6, 0x6F, 0xC8, 0x4E, 0xEC, 0xD9, 0x34, 0x24, 0x05, 0x6C, 0xEF,
    0xF0, 0xC3, 0x6A, 0xDD, 0xD4, 0xEB, 0x71, 0x25, 0x47, 0x5D, 0xC4, 0xDB, 0x9D, 0x31, 0xA4, 0x89,
    0x2A, 0xD4, 0xDA, 0x95, 0x58, 0x2A, 0x41, 0x1B, 0x9C, 0x8A, 0x1F, 0xD4, 0xA8, 0x5D, 0x4B, 0xB5,
    0xAA, 0x4D, 0xB3, 0xDE, 0x19, 0x12, 0x45, 0x51, 0x15, 0x29, 0x6C, 0x53, 0xF8, 0xD3, 0xA8, 0x89,
    0x53, 0x19, 0x29, 0x98, 0x34, 0x5E, 0xC1, 0xD2, 0x6E, 0x8A, 0x77, 0xDF, 0x24, 0xFC, 0xE0, 0x07,
    0x55, 0x19, 0x82, 0x50, 0x7E, 0xD0, 0x8A, 0x21, 0x38, 0x42, 0x81, 0x16, 0xC6, 0x30, 0x0E, 0x6F,
    0xCD, 0xBC, 0x37, 0x3D, 0xE7, 0xDC, 0x7B, 0x67, 0xE6, 0xBD, 0xDD, 0xF5, 0xDA, 0xC6, 0x06, 0xDB,
    0x30, 0xEF, 0xCD, 0xBD, 0xF7, 0xCD, 0x9B, 0xB9, 0x1F, 0xE7, 0x9E, 0x7B, 0xBE, 0xEE, 0xB9, 0x77,
    0xC0, 0x0C, 0x01, 0xEC, 0x58, 0x9C, 0x0D, 0x4C, 0xD7, 0x8F, 0xC6, 0x2C, 0x40, 0xD0, 0x06, 0xAD,
    0xE8, 0x82, 0xB1, 0x5C, 0xF8, 0x56, 0xE2, 0x46, 0x36, 0x7E, 0x9C, 0xD0, 0x8A, 0x5D, 0xDF, 0x4C,
    0xF8, 0x8C, 0xCC, 0xC4, 0xEE, 0xB6, 0x12, 0xAB, 0x28, 0x12, 0xAD, 0x28, 0x62, 0xD8, 0x60, 0x47,
    0x00, 0x2E, 0x9E, 0x81, 0x0F, 0x7A, 0x17, 0x60, 0x32, 0x07, 0xB7, 0x48, 0x20, 0x28, 0x7C, 0xF0,
    0x4E, 0x02, 0x6C, 0x53, 0x79, 0x1F, 0xE0, 0xB2, 0xAC, 0xA2, 0x4D, 0x91, 0x57, 0x64, 0x14, 0x15,
    0x2F, 0xCC, 0x61, 0x68, 0x74, 0xF8, 0x06, 0x2B, 0xE5, 0x88, 0xB2, 0xC3, 0xC3, 0x11, 0x55, 0x73,
    0x7D, 0x80, 0x01, 0x91, 0xBF, 0x8B, 0x17, 0xF1, 0x29, 0x8F, 0x32, 0x09, 0x61, 0x06, 0xB0, 0x9A,
    0x1D, 0x58, 0xC4, 0x7B, 0x36, 0x17, 0x21, 0xE7, 0x10, 0xC4, 0x39, 0x67, 0x10, 0x77, 0x6A, 0x91,
    0x13, 0xB5, 0xB8, 0xC0, 0xD0, 0x0B, 0xE9, 0x09, 0x70, 0x31, 0x0B, 0x27, 0x07, 0xBB, 0x78, 0xF8,
    0x2E, 0xAC, 0xA5, 0x5E, 0xE0, 0x81, 0x45, 0x4C, 0x16, 0x05, 0xD6, 0x15, 0xB4, 0x63, 0x0F, 0xC3,
    0x9A, 0x87, 0x36, 0xCB, 0x91, 0x99, 0xD6, 0x23, 0x3D, 0xA9, 0xDF, 0xA2, 0xC7, 0xAB, 0xDD, 0x12,
    0x5F, 0x35, 0x20, 0xD8, 0x3E, 0xC8, 0x51, 0xC7, 0xE3, 0x9A, 0x75, 0x45, 0x34, 0xED, 0x08, 0xF0,
    0x84, 0xAB, 0xB4, 0xDD, 0xE8, 0x01, 0xCF, 0xA2, 0x02, 0x13, 0x95, 0xC7, 0x77, 0x15, 0x12, 0x36,
    0xF6, 0x4B, 0xE2, 0x7E, 0x70, 0x9F, 0xCA, 0x44, 0x22, 0xD8, 0x93, 0x8B, 0x6C, 0xBB, 0x20, 0x61,
    0x93, 0xC3, 0x94, 0x00, 0x4B, 0x0A, 0x43, 0x20, 0x1A, 0x24, 0xF3, 0x5B, 0x52, 0x05, 0x74, 0xA0,
    0xFF, 0x4A, 0x20, 0x2A, 0xA0, 0xF9, 0x6E, 0xF1, 0xAB, 0x89, 0x89, 0x89, 0x47, 0x8B, 0xC8, 0x2C,
    0xC4, 0x11, 0x52, 0x8B, 0xF1, 0x40, 0x94, 0x85, 0x3B, 0x8F, 0x77, 0x8F, 0xDD, 0x8E, 0xF1, 0xF5,
    0x65, 0x05, 0x65, 0xC2, 0xFC, 0xA5, 0x4C, 0x58, 0xAA, 0x2C, 0x53, 0x25, 0x8C, 0x58, 0x36, 0x42,
    0x2B, 0x12, 0xD5, 0x9A, 0x59, 0x99, 0x38, 0xB9, 0x12, 0x74, 0x97, 0x7B, 0xDB, 0xBD, 0x22, 0x0E,
    0xE8, 0x1B, 0x71, 0x01, 0x4D, 0xC2, 0x4C, 0x9F, 0xF0, 0x09, 0xE3, 0x14, 0x8C, 0x77, 0x72, 0xB0,
    0xE2, 0x2E, 0x62, 0xA4, 0x87, 0xC8, 0xE7, 0x84, 0x33, 0x88, 0xA2, 0x8B, 0x60, 0x45, 0xB9, 0x3C,
    0x97, 0xF0, 0x77, 0x10, 0x06, 0xBE, 0x57, 0x14, 0x88, 0x56, 0x39, 0x82, 0x04, 0x9F, 0xE3, 0x8A,
    0x8E, 0xD6, 0x82, 0xED, 0x18, 0x7C, 0x02, 0x21, 0x3B, 0xFA, 0xF8, 0x8B, 0xB0, 0x61, 0xA9, 0x38,
    0x8E, 0x65, 0x22, 0xFA, 0x8E, 0x61, 0x05, 0xC1, 0xA3, 0xDA, 0x0F, 0xF2, 0xB8, 0x80, 0xCF, 0xC1,
    0xD0, 0x7F, 0xC3, 0xE8, 0x10, 0x8C, 0xE6, 0x70, 0xD3, 0xFF, 0xC0, 0x4D, 0x6F, 0xC0, 0xE8, 0xD2,
    0x86, 0xA5, 0x45, 0xAF, 0x68, 0x8F, 0x01, 0xDD, 0x47, 0x77, 0x59, 0x3E, 0xB8, 0x31, 0xFC, 0x38,
    0xD1, 0x53, 0xA4, 0x43, 0xC9, 0x92, 0x13, 0xDD, 0x43, 0x05, 0x34, 0x9B, 0x63, 0xCD, 0xE1, 0xA6,
    0xDD, 0xB4, 0x9A, 0x30, 0x1D, 0xB4, 0xBD, 0x59, 0x01, 0x82, 0x9B, 0x0B, 0x1F, 0x61, 0x6E, 0xCF,
    0x62, 0x41, 0x30, 0x7F, 0x08, 0xE6, 0xE6, 0x61, 0x1E, 0xE0, 0x30, 0x01, 0x25, 0x6C, 0x2C, 0x03,
    0xF8, 0x60, 0x60, 0xFB, 0x32, 0xD0, 0x53, 0xB8, 0x7E, 0x10, 0x3C, 0xCF, 0xC7, 0xEF, 0xD6, 0x41,
    0x05, 0xC2, 0x51, 0x30, 0x31, 0x37, 0x73, 0xEF, 0x8E, 0xA6, 0xF1, 0xD2, 0xF4, 0xA8, 0x51, 0xB4,
    0xA7, 0x8C, 0x93, 0xFB, 0x0E, 0x3B, 0x58, 0x61, 0x04, 0x5D, 0x43, 0x76, 0xB3, 0x76, 0x60, 0xB6,
    0xA4, 0x11, 0xAD, 0x42, 0x61, 0x03, 0xB8, 0xDD, 0x87, 0x8F, 0xCB, 0xCE, 0xE6, 0x4E, 0x9F, 0xE4,
    0x6E, 0x6E, 0xBC, 0xC9, 0xA3, 0xAC, 0xBB, 0x80, 0xE1, 0x70, 0x8B, 0xFF, 0x76, 0x8F, 0x63, 0xB0,
    0x7B, 0xD3, 0x04, 0x1D, 0x5F, 0x34, 0xB0, 0x63, 0x0F, 0x5A, 0xDC, 0x3B, 0xB9, 0x86, 0x43, 0x7E,
    0x97, 0x48, 0x77, 0x74, 0x4C, 0x37, 0xB7, 0x0A, 0x6C, 0xF8, 0x02, 0xDE, 0x23, 0xA8, 0x07, 0xE6,
    0x1C, 0x81, 0x96, 0x4A, 0x94, 0xFA, 0x0D, 0x6C, 0x49, 0x49, 0x6C, 0x32, 0x30, 0x23, 0x95, 0x9E,
    0x06, 0xDB, 0x57, 0xE9, 0x26, 0xD8, 0x25, 0x52, 0xEE, 0x84, 0xE1, 0x32, 0x6D, 0xC3, 0x48, 0x2D,
    0xDD, 0x2C, 0xD3, 0x96, 0x5F, 0xA5, 0xCD, 0x7A, 0x3A, 0x7C, 0x0F, 0xE9, 0x5A, 0x3E, 0x56, 0x4F,
    0xB9, 0x4E, 0x2D, 0x5D, 0xD5, 0x73, 0xA4, 0x1A, 0x7F, 0x58, 0x33, 0xA3, 0x6C, 0xD7, 0x54, 0x8D,
    0xFE, 0x22, 0x74, 0x4F, 0xCB, 0x46, 0xDE, 0x81, 0x17, 0x5B, 0x15, 0x7C, 0x60, 0x74, 0x8B, 0x28,
    0x89, 0x1E, 0x3C, 0x68, 0x0B, 0x78, 0x6A, 0xB5, 0x34, 0x60, 0x7A, 0xB7, 0x80, 0x84, 0x4D, 0x70,
    0x46, 0xD4, 0xE0, 0x7E, 0x79, 0x93, 0xFA, 0xEB, 0x3B, 0x84, 0x95, 0x7A, 0xE7, 0x5E, 0xFE, 0xBB,
    0x15, 0x97, 0xC3, 0x0A, 0x49, 0xF0, 0x19, 0x1E, 0x40, 0x7C, 0xE0, 0x78, 0x2A, 0x91, 0x00, 0x3E,
    0xE5, 0xAF, 0x1C, 0xFF, 0xBB, 0xFB, 0xC7, 0xA9, 0xF1, 0x92, 0xBC, 0xCB, 0xBE, 0x55, 0xF6, 0xD9,
    0x18, 0x70, 0x9D, 0x1D, 0xAE, 0x14, 0x36, 0x67, 0xF8, 0xD1, 0xD7, 0x8E, 0x1D, 0x7F, 0x0D, 0x13,
    0x5B, 0xB0, 0xF7, 0x8C, 0x18, 0xF9, 0xC4, 0x96, 0x31, 0xEA, 0x58, 0x4A, 0xD0, 0x9D, 0x63, 0x98,
    0x70, 0xE8, 0x59, 0x1B, 0xEF, 0x71, 0x28, 0x37, 0x44, 0x65, 0x42, 0x73, 0xEE, 0x7D, 0x40, 0x1A,
    0x72, 0x2D, 0xD1, 0x1D, 0x23, 0x67, 0x7A, 0xD6, 0xF2, 0xED, 0x3F, 0x03, 0xF3, 0x96, 0x08, 0x1E,
    0x8F, 0xC7, 0xB6, 0xC0, 0x20, 0xB6, 0x79, 0x2E, 0x6B, 0x6E, 0x81, 0x4D, 0x10, 0xC3, 0xDC, 0x82,
    0xBD, 0x05, 0x2C, 0x6C, 0xF9, 0x63, 0x89, 0xF1, 0xBF, 0x60, 0xBC, 0xE9, 0xC3, 0x93, 0x21, 0x3D,
    0x7E, 0x2F, 0x13, 0x93, 0xC3, 0x9C, 0x61, 0x9B, 0xB9, 0x0F, 0xD0, 0x38, 0x41, 0x86, 0x22, 0x79,
    0xD5, 0x56, 0x42, 0xE9, 0x9D, 0x54, 0x9F, 0x69, 0x4C, 0x2C, 0x50, 0xC2, 0x21, 0x9E, 0x88, 0x89,
    0xAD, 0x77, 0xBD, 0x30, 0x71, 0xD7, 0x0B, 0x69, 0xAD, 0x39, 0x1B, 0x26, 0x66, 0x26, 0x3A, 0x13,
    0xFB, 0xB8, 0x89, 0xAA, 0xDB, 0xCC, 0x67, 0x64, 0xBF, 0x6A, 0xDD, 0xAA, 0x4F, 0xEB, 0x87, 0x15,
    0x7A, 0xE9, 0xC2, 0x42, 0x3A, 0x9A, 0x4E, 0x2D, 0x65, 0x6E, 0xA2, 0xD1, 0x95, 0xCC, 0xCD, 0x9B,
    0x3B, 0xA7, 0x86, 0xA7, 0xEC, 0xA9, 0xE1, 0xE6, 0x4E, 0x2F, 0xB7, 0xB0, 0xA9, 0x0D, 0xA4, 0x07,
    0x48, 0x49, 0x82, 0x08, 0xEC, 0x10, 0xAB, 0xEC, 0xB6, 0x25, 0x7D, 0xB4, 0x22, 0x2F, 0xDD, 0x9E,
    0x35, 0x32, 0x2F, 0x5B, 0xD8, 0x37, 0x07, 0x87, 0xF0, 0x33, 0x74, 0xCE, 0x23, 0x1B, 0xA9, 0x12,
    0x66, 0xB4, 0x01, 0x70, 0x44, 0xC3, 0x41, 0x87, 0x7A, 0xCD, 0xC7, 0x6B, 0x76, 0xBA, 0xB3, 0xDD,
    0x9C, 0xF6, 0x72, 0xA7, 0x0D, 0x58, 0x1F, 0x8F, 0x80, 0x7E, 0x04, 0x08, 0xC4, 0x60, 0xE2, 0x2D,
    0xCE, 0x46, 0x41, 0x3A, 0xBD, 0x87, 0xEE, 0xF3, 0xB1, 0xDD, 0xBE, 0x76, 0xE0, 0xF6, 0x75, 0xFF,
    0xC7, 0x72, 0x10, 0x2F, 0x09, 0x35, 0x07, 0x09, 0xE9, 0xE7, 0x2D, 0x3F, 0x35, 0xFD, 0xD4, 0xF2,
    0xDB, 0x2E, 0x04, 0x1D, 0xB0, 0x08, 0x50, 0x07, 0x2A, 0xB1, 0xA1, 0x45, 0xC4, 0xDB, 0xEC, 0xFA,
    0x41, 0x0A, 0x4E, 0x02, 0x66, 0x0E, 0x54, 0x85, 0x16, 0x89, 0x02, 0x48, 0x98, 0x0F, 0xB3, 0xB4,
    0x40, 0x69, 0x7C, 0x96, 0xAF, 0x78, 0x11, 0x41, 0x16, 0xF1, 0x03, 0xEF, 0xC4, 0x9E, 0x33, 0x13,
    0x24, 0x16, 0x44, 0x17, 0xCE, 0x35, 0x8C, 0xE9, 0x29, 0xA4, 0x29, 0xC8, 0xC7, 0xF1, 0x6B, 0xE1,
    0xCF, 0x36, 0xB8, 0x2F, 0x4C, 0x4C, 0x74, 0x70, 0x8C, 0xD0, 0xC0, 0x11, 0x21, 0x42, 0x06, 0x3B,
    0xD4, 0xC2, 0xBF, 0x66, 0x60, 0xDA, 0xF6, 0xC7, 0x5D, 0xB0, 0x73, 0x66, 0xFD, 0xA1, 0x1C, 0x99,
    0xD8, 0x7E, 0x7B, 0x12, 0xC6, 0xED, 0xC8, 0x75, 0x88, 0x97, 0x11, 0x0E, 0xF9, 0x2C, 0x98, 0x78,
    0xB1, 0x97, 0x78, 0xF1, 0xA0, 0xBF, 0x6A, 0x47, 0x6D, 0x00, 0x81, 0xD6, 0xD8, 0x08, 0xF8, 0x0A,
    0xE2, 0xF9, 0xA9, 0x14, 0xB4, 0x24, 0x43, 0x50, 0x4D, 0xE3, 0x39, 0xBA, 0x8A, 0x78, 0x42, 0x9D,
    0x8B, 0x74, 0x55, 0xA3, 0xCE, 0x2A, 0x24, 0x93, 0x24, 0x5C, 0xB5, 0x13, 0x21, 0x90, 0x20, 0x99,
    0x07, 0x8D, 0x58, 0x6B, 0xED, 0xD4, 0xF2, 0x11, 0x30, 0xDB, 0xC8, 0x89, 0xD2, 0x00, 0xA5, 0x59,
    0x53, 0x8D, 0x68, 0xEA, 0x7D, 0x12, 0xC3, 0x68, 0x7C, 0x8D, 0xE1, 0xA3, 0x53, 0xF8, 0x68, 0x3A,
    0x8D, 0x30, 0x41, 0x76, 0x15, 0x6F, 0x5D, 0x43, 0x3C, 0xC2, 0xF2, 0x75, 0xBC, 0x4F, 0x57, 0xD9,
    0x2F, 0x71, 0x1F, 0x88, 0xD3, 0x95, 0x92, 0x1C, 0x9F, 0xF2, 0xDA, 0x8C, 0x20, 0x07, 0x74, 0x3F,
    0x8D, 0x26, 0x2F, 0x66, 0x46, 0x31, 0x89, 0x97, 0x5A, 0x09, 0xCB, 0xD3, 0xDC, 0xA2, 0x06, 0xC1,
    0x29, 0xF5, 0x32, 0x2B, 0x21, 0xDE, 0xA0, 0xE1, 0x93, 0xAE, 0xEF, 0x84, 0x24, 0x97, 0xDB, 0xB1,
    0x95, 0x58, 0x89, 0x99, 0x1A, 0xE2, 0x93, 0xE9, 0x99, 0xDE, 0xD6, 0xDB, 0x5A, 0x8E, 0x6D, 0xEC,
    0xFD, 0x80, 0x06, 0xA2, 0x48, 0x97, 0xCA, 0x27, 0x0E, 0x8E, 0x01, 0x36, 0xAF, 0x83, 0xDC, 0xFA,
    0x38, 0x49, 0x82, 0x38, 0x3E, 0x2D, 0xC2, 0x2C, 0xEB, 0xE5, 0x7D, 0x52, 0x76, 0x33, 0xFA, 0x02,
    0x22, 0x38, 0x3A, 0x07, 0x6D, 0x15, 0x30, 0x28, 0x39, 0x80, 0x73, 0x08, 0x18, 0xAA, 0x78, 0x5E,
    0xEB, 0xC1, 0x06, 0x3F, 0x77, 0x43, 0x2B, 0x5A, 0x74, 0xB0, 0x0D, 0x33, 0xD8, 0x8C, 0x70, 0xDC,
    0x46, 0xFD, 0x62, 0xDC, 0x4E, 0xBD, 0xB8, 0x4B, 0xEC, 0x2E, 0xB7, 0x8A, 0x6E, 0x91, 0x99, 0xEF,
    0x26, 0x93, 0xE1, 0x25, 0xAA, 0x86, 0xB6, 0x8F, 0x06, 0x07, 0x92, 0x09, 0x1F, 0xF9, 0xA8, 0x7B,
    0x7F, 0xF7, 0x1E, 0x70, 0x7E, 0x8A, 0xB9, 0xDA, 0x1C, 0xC4, 0x79, 0x03, 0xEC, 0x5F, 0x16, 0x2D,
    0x02, 0x49, 0x81, 0x72, 0x1A, 0xDE, 0x62, 0x9E, 0xBA, 0x7D, 0x05, 0x48, 0xF4, 0xDE, 0xBA, 0x68,
    0x65, 0xB0, 0x4E, 0x0D, 0x4E, 0x28, 0x48, 0x10, 0x4F, 0x23, 0xFC, 0x22, 0xF2, 0x8D, 0xE3, 0x13,
    0xEC, 0x2E, 0xB1, 0x1E, 0xEC, 0x78, 0xC4, 0xDB, 0xDC, 0x8E, 0x74, 0xEA, 0x71, 0xEC, 0x57, 0x2B,
    0xD6, 0x33, 0x3B, 0xD2, 0x72, 0x1C, 0x0A, 0x39, 0x62, 0xCE, 0xE2, 0x38, 0x22, 0x0E, 0x8E, 0x74,
    0x8F, 0xCE, 0x13, 0xEA, 0xD4, 0x43, 0xEF, 0xB0, 0x11, 0x79, 0x9E, 0x99, 0xA0, 0xA4, 0x54, 0xE4,
    0xD8, 0xA3, 0x99, 0x9E, 0xBB, 0xC8, 0x92, 0x6E, 0x27, 0x0A, 0x1C, 0x21, 0xDD, 0x08, 0xF5, 0xE2,
    0x58, 0x68, 0xB4, 0x45, 0xF7, 0x12, 0x59, 0xB1, 0x6A, 0xA3, 0x42, 0xEF, 0xC0, 0x1C, 0x14, 0xDF,
    0xC8, 0x58, 0x2B, 0xB1, 0xF0, 0x7E, 0xD2, 0xE4, 0xCC, 0xB6, 0xA8, 0x1B, 0x8D, 0xBF, 0x96, 0x40,
    0x55, 0xF5, 0x3C, 0x29, 0x8F, 0x34, 0xB2, 0x88, 0xFA, 0x58, 0x4A, 0x79, 0x04, 0xD2, 0x53, 0x18,
    0xD7, 0x59, 0xD3, 0xF0, 0x7C, 0x87, 0x1F, 0xA4, 0x7B, 0x3B, 0x84, 0xE0, 0xD8, 0x47, 0x08, 0x38,
    0x04, 0x16, 0xE6, 0x62, 0xF0, 0x4F, 0xCA, 0xAA, 0xC3, 0x37, 0x74, 0x79, 0xB4, 0x05, 0xF8, 0x28,
    0x3D, 0x48, 0xD9, 0xBA, 0x61, 0xC0, 0x24, 0x62, 0x89, 0x15, 0x19, 0x82, 0x9C, 0x95, 0x50, 0x68,
    0xBE, 0x45, 0x20, 0x37, 0xDE, 0xE1, 0x7E, 0x78, 0x97, 0x3B, 0x42, 0x48, 0xD2, 0x45, 0x54, 0x85,
    0x2D, 0xA6, 0x3C, 0x81, 0x2F, 0xD1, 0xBE, 0xEF, 0x10, 0x8A, 0x95, 0x17, 0x55, 0x61, 0xC0, 0x39,
    0xB4, 0x98, 0x2B, 0x11, 0xAF, 0x02, 0xED, 0x0C, 0x77, 0xEC, 0xE9, 0x36, 0xF7, 0x36, 0x97, 0xCB,
    0xA5, 0x5B, 0xF1, 0x0C, 0x2B, 0x68, 0x1E, 0x67, 0xC3, 0x83, 0xDB, 0xA7, 0xEC, 0x78, 0x38, 0xE1,
    0x80, 0x17, 0x8D, 0x25, 0x3A, 0xCB, 0x8D, 0xC5, 0x96, 0x22, 0x86, 0x88, 0xC6, 0x12, 0xBC, 0x73,
    0xBE, 0x61, 0x89, 0x95, 0x39, 0x8F, 0xA1, 0xE7, 0x85, 0x8E, 0x24, 0x73, 0x42, 0x74, 0x20, 0x7D,
    0x82, 0x06, 0x63, 0x0E, 0xCE, 0xEB, 0x5D, 0xBC, 0x83, 0x68, 0xBB, 0x87, 0x38, 0xE3, 0xFA, 0x78,
    0x25, 0xC4, 0xE7, 0xA5, 0xB0, 0x8D, 0x55, 0x28, 0x8A, 0x08, 0xFB, 0x39, 0xD6, 0x5A, 0x6F, 0xC6,
    0x54, 0x31, 0xAA, 0xA2, 0x38, 0x89, 0xF4, 0x12, 0x8A, 0xAA, 0x93, 0xE8, 0x2D, 0x21, 0x2A, 0x63,
    0x67, 0xBB, 0x3E, 0x12, 0x7A, 0x8F, 0xE9, 0x2A, 0xD9, 0x5D, 0x35, 0xB9, 0xBD, 0xE2, 0xCB, 0xB7,
    0x94, 0x82, 0x97, 0xF3, 0x74, 0xBA, 0x4A, 0xD2, 0xDA, 0x13, 0xAF, 0x5E, 0x48, 0xCD, 0xE6, 0xE0,
    0x44, 0x95, 0xB4, 0x57, 0xDD, 0x6D, 0x89, 0x9C, 0x43, 0xA4, 0xFF, 0x42, 0x8B, 0xC4, 0xFF, 0xEC,
    0x88, 0x87, 0x1C, 0xFD, 0x47, 0x03, 0x43, 0x6A, 0x98, 0x76, 0xA8, 0x67, 0x03, 0x62, 0x38, 0x3A,
    0xA1, 0x96, 0xB9, 0x82, 0x40, 0xB8, 0xBE, 0x96, 0x51, 0xC7, 0xE8, 0xC4, 0x1C, 0xF5, 0x6C, 0x46,
    0x48, 0x17, 0xA8, 0xFC, 0xA4, 0x8B, 0xAC, 0xAD, 0xD1, 0xC1, 0x8A, 0x31, 0x26, 0xDF, 0x41, 0xA2,
    0xC7, 0xE4, 0xA3, 0x5B, 0xC4, 0xAD, 0x0E, 0xCB, 0x66, 0x62, 0x08, 0xB3, 0xBE, 0x66, 0x08, 0x19,
    0xB2, 0x55, 0xE9, 0xB3, 0x9E, 0x30, 0x9E, 0x90, 0x9E, 0x48, 0x5A, 0x74, 0x2B, 0x62, 0xEC, 0xB2,
    0x8A, 0x87, 0x26, 0x69, 0xDC, 0x32, 0x2E, 0xE2, 0xE8, 0x03, 0x18, 0x67, 0xF9, 0xB1, 0x50, 0x2A,
    0x1E, 0x6A, 0xD5, 0x47, 0xFB, 0xE1, 0xB0, 0xB3, 0x96, 0xF6, 0xFC, 0xD5, 0xD3, 0x5B, 0xE1, 0xC2,
    0x8F, 0xA0, 0x5D, 0x41, 0xB4, 0x28, 0xAA, 0xCB, 0x85, 0x18, 0x21, 0x08, 0x5F, 0xBD, 0x98, 0x75,
    0x13, 0x09, 0x60, 0x2B, 0x97, 0x4D, 0x44, 0x08, 0x23, 0x1F, 0x12, 0xD0, 0xC6, 0x2B, 0xA8, 0xA1,
    0x28, 0x18, 0xEB, 0xC4, 0xAA, 0x52, 0x06, 0x72, 0xDB, 0xCC, 0xE8, 0x0A, 0x43, 0xB9, 0xC3, 0xB4,
    0x20, 0x61, 0x30, 0x17, 0x38, 0xEE, 0xB4, 0x22, 0x92, 0x70, 0x7E, 0xED, 0x18, 0x96, 0xDB, 0x29,
    0x61, 0xDE, 0x66, 0xB4, 0xD3, 0xDA, 0x28, 0x2A, 0x77, 0x7D, 0xBE, 0x8E, 0xA4, 0x60, 0x62, 0xC2,
    0xEF, 0x81, 0x35, 0x03, 0x5B, 0x9A, 0x41, 0x04, 0xFF, 0x8E, 0x59, 0x82, 0x52, 0xE0, 0x26, 0x02,
    0xA4, 0xE0, 0xCD, 0x69, 0x09, 0x70, 0x2D, 0xED, 0x83, 0x78, 0x2F, 0xC8, 0xF9, 0x5F, 0xE6, 0xCB,
    0x32, 0xE4, 0x3C, 0x57, 0xC3, 0xCE, 0x47, 0x04, 0x90, 0x42, 0xCE, 0x99, 0xA8, 0x5B, 0xF7, 0x0E,
    0x10, 0x12, 0x84, 0xC2, 0x57, 0xD7, 0xAF, 0x42, 0x41, 0x49, 0x04, 0x46, 0xD8, 0xED, 0x06, 0x0E,
    0x15, 0xA3, 0x68, 0x11, 0xB0, 0x8B, 0x62, 0x99, 0x1A, 0xD0, 0x2D, 0x89, 0x8B, 0x10, 0x70, 0x4D,
    0xEE, 0x94, 0x7A, 0x6E, 0x5E, 0x8D, 0x46, 0xCD, 0x90, 0x62, 0x2B, 0xA9, 0xC3, 0x22, 0x87, 0x4B,
    0x7C, 0xA5, 0x25, 0x7A, 0xAE, 0xA6, 0xF8, 0xCB, 0x7E, 0xEB, 0x90, 0xA0, 0x62, 0xA0, 0x76, 0xDF,
    0x22, 0x0A, 0x4F, 0x8D, 0xB7, 0x18, 0xB8, 0x70, 0xE7, 0x19, 0x9F, 0x05, 0x56, 0x70, 0xB1, 0xB5,
    0x08, 0x1F, 0xA3, 0xFB, 0x43, 0x41, 0xF7, 0x63, 0x21, 0xD6, 0xD0, 0x49, 0xE3, 0x0C, 0xA1, 0xEE,
    0x6B, 0xDD, 0xCD, 0x31, 0xB6, 0x38, 0x45, 0xDD, 0x35, 0x26, 0xF2, 0x4F, 0xBA, 0xF8, 0x4E, 0x7A,
    0xBC, 0x81, 0x62, 0x35, 0xE9, 0x9A, 0xFD, 0xA7, 0x79, 0x6B, 0xC8, 0xAA, 0x05, 0xB2, 0x46, 0x56,
    0x96, 0xA8, 0x67, 0xDE, 0xCC, 0x49, 0xEC, 0xEA, 0x52, 0x86, 0x1E, 0x09, 0x83, 0x0C, 0x1E, 0x86,
    0x0E, 0x4A, 0xE4, 0x30, 0x84, 0x01, 0xF6, 0x4D, 0x48, 0x9D, 0xE5, 0x33, 0x57, 0x75, 0x4E, 0x22,
    0xC8, 0xB8, 0x2D, 0xDC, 0x74, 0x4F, 0xBF, 0x05, 0x45, 0x12, 0xF3, 0x6B, 0x91, 0x0C, 0x8C, 0xA7,
    0x7A, 0x82, 0x5B, 0xBF, 0x1A, 0xD5, 0x73, 0x8C, 0xCA, 0x20, 0x56, 0xF4, 0x42, 0xF7, 0x4B, 0xB1,
    0x4D, 0xD0, 0x40, 0xC1, 0xBA, 0x00, 0x36, 0x2D, 0xB0, 0x02, 0xC9, 0xFA, 0x66, 0x93, 0xC7, 0xDC,
    0x3C, 0xEB, 0x95, 0x73, 0x83, 0xAB, 0x23, 0xC0, 0x80, 0x20, 0x47, 0x7E, 0x05, 0x65, 0x2B, 0x17,
    0x5A, 0x99, 0xCF, 0xE2, 0x77, 0x4C, 0x5D, 0x49, 0x63, 0xCB, 0xC8, 0x2C, 0xEA, 0xEE, 0xC4, 0x20,
    0x81, 0x3C, 0x36, 0xF0, 0x0F, 0x33, 0x31, 0x5E, 0x47, 0x92, 0x9F, 0x5A, 0xAF, 0x20, 0xC0, 0x33,
    0xE2, 0x59, 0x7A, 0xEE, 0x45, 0x1D, 0x42, 0x06, 0x12, 0x05, 0x11, 0xAE, 0x1D, 0xEF, 0xD1, 0xA2,
    0x78, 0x3D, 0xF7, 0x78, 0x38, 0xB8, 0xC5, 0x49, 0x07, 0x9F, 0xDA, 0x27, 0x60, 0xD9, 0x7B, 0x94,
    0x56, 0x26, 0x27, 0xDA, 0xA6, 0x08, 0xA4, 0xA7, 0xC8, 0xE3, 0x8C, 0x54, 0x20, 0xD3, 0x45, 0x95,
    0x90, 0x3A, 0xA5, 0x91, 0x49, 0xC2, 0xAE, 0x67, 0x1D, 0x95, 0xE8, 0xAA, 0x7B, 0x84, 0xAD, 0x01,
    0xC7, 0x96, 0x97, 0x08, 0x4B, 0x45, 0xEC, 0x14, 0x0F, 0x4F, 0x4C, 0xDC, 0xD9, 0x2A, 0x7C, 0x69,
    0x16, 0x6A, 0x33, 0x75, 0x10, 0x08, 0xA4, 0x1D, 0x28, 0x5E, 0x7B, 0x78, 0x3D, 0x12, 0xA3, 0xC7,
    0xF3, 0x42, 0x5B, 0x33, 0xDF, 0xCA, 0xBB, 0xBD, 0x89, 0xF2, 0xAF, 0xDA, 0xA1, 0x08, 0x92, 0x96,
    0xF7, 0x27, 0x60, 0xBF, 0x6A, 0xAE, 0xB2, 0x59, 0x78, 0x0F, 0x24, 0x7D, 0x89, 0x1B, 0xF4, 0xF0,
    0x4A, 0x83, 0x4F, 0xD5, 0xAE, 0xB2, 0xA5, 0x7A, 0x5E, 0xD9, 0x67, 0xCE, 0x76, 0x5C, 0x29, 0x0D,
    0x3C, 0xB2, 0x7E, 0x03, 0x3F, 0x26, 0xC7, 0x26, 0x78, 0x7B, 0x63, 0x95, 0x90, 0x7D, 0xEA, 0x5A,
    0x51, 0x5F, 0x7E, 0xC3, 0x2B, 0x11, 0x60, 0xEF, 0x95, 0x8C, 0x00, 0x17, 0x1B, 0x3E, 0x64, 0xBC,
    0xEC, 0xCD, 0xA7, 0xCA, 0xF0, 0xE8, 0x95, 0x87, 0x3F, 0xB5, 0xB6, 0xF7, 0x8F, 0x77, 0xD7, 0x8C,
    0xAF, 0xE0, 0x01, 0x52, 0xF6, 0x45, 0xD9, 0x4D, 0x4A, 0x8C, 0x36, 0x9E, 0x55, 0x52, 0xD9, 0x6D,
    0xB2, 0x09, 0xB6, 0x32, 0x68, 0x8E, 0xA8, 0xA9, 0xA2, 0x81, 0x92, 0x1B, 0x69, 0x12, 0x3E, 0x63,
    0xEA, 0x1E, 0x47, 0x35, 0xDC, 0xDE, 0xAB, 0x20, 0xF1, 0x5F, 0x2A, 0xE7, 0xCE, 0x0A, 0xBA, 0x7A,
    0xF2, 0x32, 0x07, 0x5D, 0x36, 0xC2, 0x18, 0x1C, 0x94, 0x21, 0x1C, 0xF9, 0x9D, 0x55, 0xE7, 0xDE,
    0x8E, 0xF9, 0x2C, 0xDE, 0x75, 0x84, 0x90, 0x87, 0x43, 0x67, 0x18, 0x85, 0xCB, 0x5F, 0xE1, 0xC5,
    0x86, 0x10, 0xF9, 0x3C, 0x0A, 0x4D, 0x36, 0xC2, 0x06, 0x54, 0x84, 0xCE, 0xE6, 0x58, 0x5B, 0xCC,
    0xB4, 0x09, 0xF5, 0x90, 0x6B, 0x9A, 0x57, 0xD3, 0x6C, 0x62, 0x96, 0xCD, 0x0D, 0x2B, 0xF9, 0x2B,
    0x90, 0x52, 0x58, 0x35, 0x5F, 0xB3, 0x58, 0x9B, 0x51, 0x91, 0xF2, 0x17, 0x54, 0x5A, 0xA3, 0x23,
    0x24, 0x66, 0x82, 0xC2, 0xAC, 0x5E, 0x2C, 0x4F, 0x1C, 0x4F, 0xB9, 0x8D, 0x19, 0x1B, 0x0E, 0x30,
    0xDF, 0x1B, 0xBA, 0xB3, 0x65, 0xCD, 0xA9, 0x52, 0x2E, 0x4B, 0x85, 0xC3, 0xC7, 0x5A, 0xC5, 0x99,
    0x59, 0x9E, 0x2B, 0x48, 0x59, 0xB0, 0x48, 0x59, 0x42, 0x3E, 0x22, 0x65, 0x0C, 0x31, 0x9D, 0x64,
    0x75, 0x2A, 0x01, 0x84, 0x81, 0x2B, 0x86, 0x79, 0xA9, 0x10, 0xD1, 0x14, 0x5E, 0x48, 0xD7, 0x3C,
    0x10, 0x21, 0x51, 0x9A, 0x19, 0x24, 0x9F, 0x21, 0xD6, 0x99, 0x08, 0x89, 0x08, 0x97, 0x60, 0x27,
    0x5E, 0x09, 0x6A, 0x8A, 0x85, 0xA8, 0xB9, 0x2D, 0x54, 0x28, 0x2A, 0xEF, 0x1E, 0xAD, 0xE8, 0x4E,
    0x4C, 0xB6, 0x69, 0x32, 0x06, 0x05, 0xC5, 0x06, 0x4B, 0x91, 0xF0, 0xE9, 0x25, 0x44, 0xE0, 0x7B,
    0x24, 0xB9, 0xA1, 0xF3, 0xC7, 0x3F, 0x20, 0xE1, 0x07, 0xCF, 0xE3, 0x3E, 0x9C, 0xB0, 0x50, 0xC3,
    0x9A, 0xF4, 0xC9, 0x56, 0x66, 0x16, 0xD9, 0xA5, 0xB5, 0xC3, 0x95, 0x72, 0xB9, 0x2F, 0xB2, 0x20,
    0x75, 0x40, 0xCD, 0x05, 0x28, 0xFB, 0x09, 0x5D, 0x37, 0xFD, 0x8B, 0x5F, 0x6E, 0x43, 0xCE, 0x94,
    0x53, 0x37, 0x37, 0xF1, 0xD1, 0x29, 0xD4, 0x8F, 0xC9, 0xFE, 0x97, 0x0C, 0x0B, 0xF3, 0xE5, 0x79,
    0xD8, 0xFB, 0x10, 0x21, 0xDA, 0x74, 0x72, 0xDD, 0xD6, 0xB1, 0xF7, 0xC9, 0xC2, 0xB5, 0x72, 0x3E,
    0xC1, 0x79, 0xAA, 0xA6, 0x60, 0x97, 0xF0, 0xB6, 0xBF, 0x96, 0xAC, 0x02, 0xFA, 0x0F, 0xB7, 0x5E,
    0x0E, 0x95, 0xA2, 0x08, 0x95, 0x9E, 0x08, 0x95, 0x9A, 0x08, 0x6B, 0xEB, 0xE5, 0x3B, 0x99, 0x2C,
    0x0A, 0x1E, 0x2C, 0xC2, 0xAD, 0xFD, 0xEE, 0x11, 0x97, 0x87, 0x8E, 0x58, 0x51, 0xA4, 0x3A, 0x75,
    0xBA, 0x50, 0x1D, 0xB1, 0x26, 0x67, 0xD4, 0xDB, 0x7E, 0xBD, 0x60, 0xCC, 0xD9, 0x15, 0xA2, 0x37,
    0x5F, 0x5C, 0x98, 0x70, 0x1B, 0xD9, 0xA8, 0x2B, 0x19, 0x06, 0xA4, 0x70, 0xE5, 0xD9, 0x12, 0x2E,
    0x3E, 0x9E, 0x34, 0x14, 0x6D, 0xF1, 0x94, 0xA4, 0x51, 0xC8, 0x09, 0x6E, 0xA3, 0x13, 0x44, 0xD2,
    0xEF, 0x43, 0x0E, 0x43, 0x2B, 0x36, 0x93, 0x6D, 0x82, 0xCD, 0x0A, 0x43, 0x11, 0x27, 0x66, 0x54,
    0x62, 0x51, 0xD4, 0x5D, 0x4A, 0x17, 0x58, 0x12, 0xDB, 0x58, 0xB1, 0xC5, 0x85, 0x94, 0x37, 0x90,
    0x39, 0xF6, 0x4B, 0x17, 0x66, 0x22, 0xA4, 0x0B, 0x84, 0x11, 0x4B, 0x17, 0x13, 0x77, 0x56, 0x1E,
    0x0D, 0x52, 0xBA, 0x20, 0x31, 0x03, 0xA5, 0x8B, 0xE2, 0xD8, 0x39, 0x88, 0xE6, 0xB0, 0x5F, 0xB9,
    0x7B, 0xE4, 0x9E, 0x92, 0x9B, 0x02, 0xD9, 0xD4, 0xB6, 0xBB, 0xA2, 0x33, 0xAF, 0xAE, 0xB6, 0x97,
    0xBA, 0x94, 0x9D, 0xF4, 0x27, 0x4A, 0xB7, 0x81, 0xFD, 0xD7, 0x29, 0xB0, 0x78, 0x4A, 0xD5, 0x08,
    0x94, 0x2A, 0x3F, 0xDE, 0x97, 0x5F, 0xE9, 0x77, 0xA0, 0x6C, 0x77, 0x55, 0xA2, 0xA6, 0xB6, 0x95,
    0x72, 0xED, 0x61, 0x55, 0x96, 0x32, 0x4C, 0x06, 0x5D, 0x45, 0xA7, 0x95, 0xF8, 0xDF, 0xED, 0xF7,
    0xAE, 0x51, 0x9C, 0xD9, 0x4E, 0xFB, 0xD9, 0x94, 0xA3, 0xAA, 0x6E, 0xE5, 0xFD, 0x0E, 0x3C, 0x40,
    0x7D, 0xB3, 0x4D, 0x3D, 0xE6, 0xA9, 0x21, 0x3D, 0xA3, 0x2C, 0xDB, 0x8B, 0x4A, 0x34, 0xEA, 0xA8,
    0x2C, 0x73, 0xC5, 0xF7, 0xC4, 0x15, 0xD4, 0x42, 0xBA, 0xCA, 0x95, 0x49, 0xF4, 0x05, 0x59, 0x48,
    0xB9, 0x40, 0x37, 0x06, 0xEE, 0x8B, 0xFB, 0xC8, 0x02, 0x54, 0xFA, 0xD3, 0x70, 0x5F, 0xF0, 0x28,
    0x3D, 0x50, 0x1C, 0xDB, 0x07, 0x6B, 0xC1, 0xC9, 0x54, 0xAD, 0x30, 0x4F, 0x49, 0x46, 0xAF, 0xFF,
    0x63, 0x79, 0x49, 0x32, 0x79, 0xF3, 0xF9, 0x74, 0x40, 0xC1, 0xF2, 0xB0, 0xE4, 0xC1, 0x12, 0x62,
    0x5A, 0x78, 0xF5, 0x43, 0xEC, 0x23, 0x6C, 0x59, 0x71, 0x5C, 0x5F, 0x56, 0x74, 0x45, 0x42, 0x8D,
    0x48, 0xDD, 0x97, 0xF8, 0x64, 0xFF, 0x4C, 0x1A, 0xDC, 0xEC, 0x57, 0x64, 0xC2, 0xFA, 0x49, 0xB6,
    0xDA, 0x8C, 0x4F, 0xB7, 0x0C, 0xB6, 0xAF, 0x52, 0xE4, 0x45, 0x36, 0xF4, 0x9E, 0x3D, 0xF0, 0x15,
    0x37, 0x5C, 0xCF, 0xD0, 0x7B, 0xE9, 0x6A, 0xB5, 0x8D, 0x82, 0x0E, 0x05, 0x5D, 0xE0, 0x99, 0xB7,
    0xF3, 0xA8, 0x95, 0xD0, 0x4C, 0x04, 0xA6, 0x89, 0xD0, 0xF4, 0xD7, 0xA4, 0xC0, 0xB5, 0xA9, 0x48,
    0x71, 0xAF, 0xA0, 0xC0, 0x66, 0x2A, 0x44, 0x67, 0x21, 0x35, 0xB3, 0xC0, 0xDC, 0x66, 0x59, 0x39,
    0x67, 0xEC, 0xCB, 0x19, 0xD1, 0x72, 0x31, 0x95, 0xD2, 0x29, 0xD5, 0x71, 0x64, 0x14, 0x42, 0xFF,
    0x0E, 0x09, 0xD3, 0x50, 0x06, 0xD6, 0x8A, 0xD0, 0x2E, 0x1E, 0x3E, 0xDE, 0x65, 0xC9, 0xB7, 0xCD,
    0x0E, 0x4A, 0xE4, 0x3D, 0x70, 0xE0, 0xC1, 0xD5, 0x7D, 0x5B, 0xC3, 0xFD, 0x5C, 0x34, 0x4F, 0x71,
    0x9E, 0xCA, 0x19, 0x81, 0xAB, 0xF9, 0x23, 0x38, 0xB4, 0x22, 0xFC, 0xBB, 0xBC, 0x1A, 0x87, 0xD3,
    0x9B, 0x28, 0x87, 0xEC, 0xAF, 0x98, 0x87, 0xF1, 0x2C, 0xF8, 0xB1, 0xD9, 0x2B, 0x09, 0x1A, 0xFE,
    0x00, 0x3B, 0xF2, 0xB2, 0x1B, 0x5A, 0xCA, 0x13, 0x05, 0x0B, 0x6C, 0x65, 0x6B, 0xA6, 0x35, 0xF1,
    0x88, 0xEB, 0x34, 0xE8, 0xD7, 0x3D, 0x93, 0xAE, 0x94, 0xBE, 0x36, 0xD2, 0x0B, 0x8C, 0x94, 0x3B,
    0x5A, 0x22, 0x94, 0x26, 0x8A, 0x36, 0xFC, 0xE9, 0xF2, 0x3E, 0x50, 0x7E, 0x0F, 0x6B, 0x45, 0x02,
    0x73, 0xB4, 0xFE, 0x68, 0x40, 0x44, 0xAE, 0x88, 0x3C, 0x11, 0xCD, 0x88, 0x68, 0x51, 0x3C, 0x2E,
    0x1A, 0xC9, 0x54, 0x15, 0x2B, 0xD1, 0xA9, 0x22, 0x33, 0x61, 0xC9, 0x15, 0x47, 0x1C, 0xBB, 0x16,
    0x44, 0xE0, 0xA6, 0xE4, 0xCA, 0x0C, 0x36, 0xAA, 0x78, 0x1D, 0xA1, 0xDE, 0x65, 0xA0, 0x5A, 0x8E,
    0x08, 0xF8, 0xA0, 0xEA, 0x10, 0xE5, 0xEA, 0x5E, 0x37, 0x1A, 0xA8, 0x6B, 0x66, 0xF8, 0xBE, 0x39,
    0xF1, 0xB0, 0x01, 0x83, 0x84, 0xF7, 0xE5, 0x50, 0x68, 0x10, 0x74, 0xB6, 0x91, 0x8A, 0x79, 0x34,
    0x41, 0x87, 0x20, 0x5A, 0x7E, 0x9F, 0xEA, 0x21, 0x8E, 0x7B, 0xAB, 0x64, 0x67, 0xD5, 0x99, 0xFE,
    0xE9, 0xF7, 0xEA, 0x20, 0xF0, 0x91, 0x71, 0xA1, 0x66, 0x5C, 0xB8, 0xD8, 0x46, 0x40, 0x8D, 0x01,
    0x64, 0x31, 0x4D, 0xB1, 0xB8, 0xFF, 0xCD, 0x3F, 0xE0, 0x10, 0x39, 0xE2, 0x0C, 0x98, 0xBF, 0x26,
    0xF3, 0x9F, 0x75, 0x3F, 0x85, 0xEE, 0x7D, 0x11, 0x62, 0x0E, 0x2D, 0xC6, 0x08, 0xC8, 0xE9, 0xE9,
    0xBC, 0x8D, 0x80, 0x17, 0xAF, 0xE6, 0x3A, 0xD7, 0xDC, 0xE0, 0x21, 0x69, 0x7C, 0x8E, 0x6A, 0x6E,
    0xD0, 0x12, 0x11, 0x30, 0x5E, 0x25, 0x27, 0x0A, 0x9A, 0x53, 0x9E, 0x61, 0xEF, 0xA7, 0x45, 0xD8,
    0x70, 0xB4, 0x52, 0x59, 0x6D, 0x9B, 0x44, 0x1C, 0x7B, 0x2F, 0xDE, 0xE9, 0x37, 0x1A, 0xE7, 0x65,
    0xBE, 0x94, 0xD2, 0x50, 0x25, 0x7A, 0x57, 0x38, 0x58, 0x79, 0x10, 0x83, 0xF1, 0x62, 0x79, 0xD9,
    0x28, 0x4A, 0x35, 0xDF, 0x48, 0xD2, 0xCA, 0x5A, 0x5E, 0x26, 0xDD, 0xCA, 0xBB, 0xC0, 0xAD, 0x90,
    0x5E, 0xD3, 0xCA, 0x32, 0xEC, 0x6F, 0xC4, 0x0A, 0xD3, 0x9D, 0x67, 0x12, 0x85, 0xE9, 0x0D, 0x3D,
    0xFC, 0xF0, 0x98, 0xD1, 0xB6, 0x81, 0xF0, 0xF7, 0xA7, 0xF3, 0xA6, 0xB6, 0x30, 0x5B, 0x8C, 0x63,
    0x27, 0x1E, 0x1A, 0x46, 0xF8, 0xE6, 0x42, 0x62, 0xDF, 0x77, 0x2D, 0x56, 0x63, 0x91, 0x4F, 0x38,
    0xB2, 0xFD, 0x12, 0xD2, 0x3A, 0x41, 0x8E, 0x9A, 0xF5, 0xF0, 0x2F, 0xB9, 0x9D, 0xCC, 0x25, 0xBC,
    0xD7, 0xA9, 0x7D, 0xE3, 0x84, 0x0C, 0xDA, 0x89, 0xCD, 0x11, 0x6B, 0xE0, 0x3C, 0x75, 0xD0, 0x5E,
    0x5B, 0x00, 0xBF, 0x72, 0x27, 0x22, 0x48, 0x74, 0xDB, 0x01, 0x53, 0xA3, 0xE0, 0x65, 0x54, 0x91,
    0x26, 0xA8, 0xAF, 0x13, 0x5E, 0x8B, 0x92, 0x09, 0x7D, 0x23, 0xFA, 0xDA, 0xE7, 0xFB, 0x8D, 0xD9,
    0x7F, 0xA8, 0xF6, 0xD5, 0xE1, 0xE0, 0xAB, 0xFE, 0xA1, 0x57, 0xC2, 0xB1, 0xD7, 0x43, 0xAF, 0x80,
    0xB1, 0x81, 0x4B, 0x56, 0x90, 0x3C, 0xE4, 0xB2, 0x88, 0xE6, 0x0E, 0x5E, 0x61, 0xE5, 0xE6, 0xEC,
    0x2A, 0x8D, 0xB4, 0x87, 0x9C, 0x59, 0xB6, 0x8A, 0x15, 0x56, 0x5B, 0xC5, 0xE4, 0xD8, 0x56, 0x01,
    0xF1, 0xAD, 0x02, 0xE4, 0x03, 0x1F, 0xEC, 0x0A, 0x2B, 0x41, 0x36, 0x46, 0xFF, 0x86, 0x7B, 0xB0,
    0xF9, 0x58, 0x44, 0x95, 0x1F, 0x79, 0x27, 0xE2, 0xCA, 0x17, 0x21, 0x55, 0x7E, 0xD8, 0xBF, 0x6C,
    0x2B, 0x0F, 0x57, 0xE6, 0x6A, 0xB6, 0x3D, 0x0C, 0x73, 0xE3, 0x1D, 0x59, 0x75, 0xA1, 0xA1, 0x8B,
    0x35, 0x27, 0xD6, 0x1F, 0xD7, 0x27, 0x47, 0x25, 0x87, 0x90, 0x91, 0x1E, 0xD5, 0x7A, 0x8C, 0xFA,
    0x00, 0x99, 0xEE, 0xB0, 0x2D, 0x8C, 0xA6, 0xC4, 0x8B, 0xC8, 0xA3, 0xA8, 0x7E, 0x6E, 0x60, 0xB2,
    0x7F, 0xA9, 0x16, 0x53, 0xFA, 0xB0, 0xE5, 0xA6, 0x18, 0xB6, 0x8E, 0x22, 0xB3, 0x38, 0x8C, 0x27,
    0xF2, 0x7C, 0x7B, 0xCF, 0xFB, 0x59, 0xBE, 0x3C, 0x36, 0x99, 0x8A, 0xEB, 0xA9, 0x85, 0x3A, 0x76,
    0x69, 0x74, 0x51, 0x14, 0xD4, 0x82, 0xB3, 0x24, 0xE4, 0x0C, 0xB3, 0x76, 0xD9, 0x2E, 0x07, 0x04,
    0x59, 0xAF, 0x8D, 0x3B, 0xA4, 0xC9, 0x68, 0xD3, 0x0E, 0x59, 0x2F, 0xFB, 0xB0, 0x4A, 0xA8, 0x2A,
    0x5B, 0x7F, 0x72, 0x05, 0xB7, 0xF4, 0xA2, 0x4F, 0x52, 0x6B, 0x34, 0x5C, 0xCD, 0x57, 0x7D, 0x1C,
    0xF5, 0x76, 0x41, 0x43, 0x7C, 0x78, 0x9C, 0x7D, 0xA4, 0x77, 0x10, 0x57, 0xB3, 0x99, 0x9F, 0x59,
    0xEC, 0xF8, 0x69, 0xB2, 0xC3, 0x23, 0x89, 0x66, 0x01, 0xCB, 0x6A, 0xE7, 0x3D, 0x49, 0x2D, 0x95,
    0xA5, 0xCA, 0x74, 0xD6, 0x29, 0xC5, 0x35, 0xBD, 0x12, 0xD7, 0xF4, 0xE7, 0x4B, 0x89, 0x4F, 0xFB,
    0x45, 0xD8, 0x3B, 0x95, 0xB3, 0x22, 0x39, 0xB7, 0x6A, 0x72, 0xE8, 0x23, 0x7D, 0xA6, 0xDF, 0x89,
    0xB9, 0xE6, 0xB7, 0x98, 0xAF, 0xA6, 0x0E, 0xEA, 0x2F, 0x55, 0x62, 0xF6, 0x33, 0x25, 0xC4, 0xAC,
    0x5B, 0x4B, 0x88, 0xD9, 0xD5, 0xF2, 0xBD, 0x8D, 0x10, 0xAF, 0x6B, 0xFD, 0xFC, 0x08, 0xEA, 0x4D,
    0xDB, 0x67, 0x76, 0x5A, 0x10, 0x2D, 0x27, 0x58, 0xCB, 0x78, 0xFB, 0xA0, 0x62, 0xB3, 0x2B, 0x63,
    0xCE, 0x68, 0x4A, 0xC8, 0x4B, 0x7A, 0x2E, 0x62, 0x2B, 0x13, 0x31, 0x32, 0x65, 0x11, 0x0B, 0xD7,
    0x60, 0x7A, 0x88, 0x61, 0x88, 0x75, 0xB6, 0x78, 0x0A, 0xAB, 0x4D, 0x33, 0x4F, 0xDC, 0xBF, 0x26,
    0xB9, 0x06, 0x6D, 0xCE, 0x30, 0xC6, 0xF6, 0xB1, 0xB7, 0x6B, 0x87, 0x9B, 0x2A, 0x8C, 0x86, 0x14,
    0x4B, 0x13, 0xB8, 0x9C, 0xBB, 0xB2, 0x12, 0x61, 0x00, 0xB7, 0x63, 0x61, 0xFF, 0x6E, 0x45, 0x6C,
    0xFE, 0x3E, 0x5E, 0x48, 0xEB, 0x77, 0x2E, 0x8D, 0xDF, 0xB3, 0x3D, 0xB6, 0xEF, 0x46, 0xAC, 0xB5,
    0x62, 0xD4, 0x19, 0xBC, 0x36, 0x7C, 0x22, 0x67, 0xB4, 0x3A, 0xDF, 0xAF, 0xA8, 0xD5, 0xCA, 0x2F,
    0x65, 0x1E, 0x69, 0x45, 0xE4, 0x75, 0x88, 0xB9, 0x79, 0x70, 0xFE, 0x5F, 0x9F, 0x84, 0x97, 0x95,
    0xDF, 0x71, 0x96, 0xC8, 0xD7, 0x7C, 0xAA, 0x91, 0x78, 0xAD, 0xC4, 0xEB, 0xD2, 0x9A, 0x96, 0x73,
    0xCC, 0x90, 0x6C, 0xD6, 0x67, 0x95, 0x8F, 0x1B, 0x45, 0x14, 0x14, 0xD1, 0xD2, 0xAA, 0x22, 0xB2,
    0xB5, 0xCA, 0xD7, 0x48, 0xA8, 0x43, 0x8D, 0x0B, 0xF8, 0x66, 0xA4, 0x97, 0xF5, 0x7C, 0xCF, 0x44,
    0x06, 0x96, 0xBE, 0x0C, 0x33, 0xBE, 0x9C, 0x74, 0x08, 0xE0, 0x22, 0x01, 0x73, 0x4F, 0xEA, 0x16,
    0xA9, 0xD3, 0xF5, 0xDD, 0x59, 0x35, 0xC4, 0xBD, 0x84, 0x56, 0x07, 0x3A, 0x91, 0xC3, 0x82, 0xCB,
    0x3A, 0x9F, 0xD8, 0xEA, 0xF9, 0x8C, 0x63, 0xC5, 0xBC, 0x95, 0x9F, 0xB6, 0xD7, 0xC1, 0x4F, 0xEE,
    0x1D, 0x91, 0xBF, 0x7D, 0xB7, 0xE7, 0xB3, 0x6E, 0x83, 0x9C, 0x02, 0x79, 0x10, 0x7D, 0xDD, 0x02,
    0x1A, 0xC1, 0xFA, 0x9D, 0xB9, 0x46, 0x35, 0xFA, 0x3F, 0x7D, 0xD5, 0xF0, 0xA2, 0x20, 0x0E, 0x62,
    0xA2, 0x18, 0x23, 0xF8, 0x7C, 0x50, 0xAE, 0x90, 0xBE, 0xB0, 0xDC, 0x46, 0xB8, 0x4D, 0x01, 0xA8,
    0x6C, 0x2E, 0xCD, 0x30, 0xE8, 0x2F, 0x05, 0xCE, 0x01, 0x3F, 0xCE, 0x7F, 0x6C, 0x5C, 0x48, 0x29,
    0xEF, 0x09, 0x0B, 0x05, 0xC0, 0x68, 0x55, 0x0B, 0xCF, 0xFC, 0x93, 0x6D, 0xC1, 0x83, 0x35, 0x4F,
    0xCD, 0x13, 0x4B, 0xF8, 0x66, 0xF0, 0xA4, 0x99, 0x7F, 0x3A, 0x29, 0x4D, 0xD7, 0xB4, 0x9E, 0x7B,
    0xFD, 0x9A, 0x55, 0x63, 0x95, 0x73, 0x5C, 0xEA, 0xF9, 0xEB, 0x96, 0xD5, 0x48, 0x66, 0x8A, 0x56,
    0x92, 0x22, 0x10, 0x53, 0xCC, 0xF3, 0xD2, 0x96, 0xF5, 0x5E, 0xDA, 0xB5, 0x27, 0xC5, 0x9B, 0x91,
    0xD9, 0xA2, 0x88, 0x29, 0x41, 0x7B, 0xB6, 0x5E, 0xBB, 0x87, 0xEC, 0x46, 0xDE, 0x0B, 0xB2, 0x8F,
    0xBC, 0xC8, 0xF7, 0x10, 0x63, 0x51, 0x29, 0x4E, 0x2E, 0x90, 0x6E, 0x6A, 0xDF, 0x43, 0xEE, 0x13,
    0x8D, 0x4F, 0x46, 0x4D, 0x9B, 0xBE, 0xE3, 0x48, 0x2F, 0x28, 0xC3, 0x68, 0x7C, 0xEF, 0xD9, 0xE8,
    0x66, 0x29, 0x69, 0xD0, 0x82, 0xC8, 0x65, 0x9F, 0x27, 0xEF, 0xC9, 0x3B, 0x82, 0x4E, 0x23, 0xD1,
    0x41, 0x6F, 0x3B, 0x61, 0xAB, 0x28, 0x3A, 0x24, 0x4C, 0xD3, 0x42, 0x68, 0x5A, 0xE2, 0xDD, 0xB3,
    0x21, 0x0C, 0x89, 0xC6, 0x2D, 0x54, 0xC1, 0x96, 0x3B, 0x78, 0xBF, 0x87, 0xDA, 0xA4, 0x83, 0xCF,
    0xDA, 0x3E, 0x9D, 0xF5, 0xE7, 0x60, 0xC3, 0xA4, 0x80, 0x07, 0x39, 0x27, 0x6E, 0x26, 0xAB, 0x4D,
    0xCC, 0xBA, 0xD4, 0xE0, 0x2C, 0xF9, 0x82, 0x74, 0x4B, 0x69, 0xBD, 0xF4, 0x99, 0xF6, 0xF6, 0xC6,
    0xDE, 0xDE, 0xA4, 0xE6, 0x1D, 0x3E, 0xC7, 0x02, 0x2C, 0xAD, 0x8F, 0x06, 0x33, 0x76, 0xA9, 0x69,
    0xAC, 0xAF, 0x55, 0x8F, 0x84, 0xDE, 0x6D, 0x89, 0xF7, 0x40, 0xA2, 0x9C, 0xAA, 0xDD, 0xD0, 0x23,
    0x02, 0x13, 0x0D, 0xF6, 0xA5, 0xB5, 0x9A, 0xE8, 0xE0, 0x72, 0x38, 0xCE, 0xED, 0x39, 0xC4, 0x32,
    0x4C, 0x4A, 0x6B, 0x69, 0xB4, 0x64, 0x8C, 0x35, 0xE2, 0xEB, 0xD6, 0x71, 0x30, 0xF9, 0xC0, 0xA6,
    0xBC, 0x2E, 0x91, 0x89, 0x6E, 0x3F, 0x41, 0x8A, 0x24, 0x3C, 0x8F, 0xFF, 0x09, 0xC0, 0xFC, 0x11,
    0x2B, 0x33, 0x36, 0x49, 0x17, 0xC3, 0x16, 0xF9, 0xDD, 0x36, 0x0D, 0x32, 0xB6, 0x0F, 0x68, 0x17,
    0x6C, 0xA2, 0xD3, 0x53, 0x58, 0x77, 0x72, 0xAD, 0x67, 0x8E, 0xAD, 0x37, 0xD2, 0xCE, 0x16, 0xE5,
    0xB0, 0x19, 0x1B, 0xAB, 0xE5, 0x1A, 0x4D, 0xE4, 0x69, 0x39, 0x7B, 0xA3, 0x42, 0xEE, 0xB5, 0x69,
    0xE5, 0x71, 0x07, 0x6B, 0xD0, 0xE5, 0x85, 0x62, 0x54, 0xE7, 0x42, 0xF8, 0x3E, 0xD0, 0xEC, 0xBA,
    0x27, 0x60, 0xB1, 0xC4, 0x9A, 0x9D, 0x2E, 0xD6, 0x08, 0xBA, 0x99, 0x57, 0x9C, 0x39, 0x76, 0xBC,
    0x48, 0x78, 0x19, 0x53, 0xE1, 0x73, 0x94, 0xD0, 0xFE, 0x0E, 0x13, 0xAB, 0x39, 0x30, 0x6C, 0xEB,
    0xD1, 0x50, 0xBB, 0x2B, 0xA7, 0x97, 0xAE, 0xC6, 0x46, 0x8B, 0x63, 0x50, 0xF8, 0xF0, 0x4A, 0xEF,
    0x5B, 0x57, 0x44, 0xB6, 0xF4, 0xD0, 0x5D, 0x15, 0x2E, 0x27, 0x56, 0xE4, 0xF1, 0x91, 0x13, 0xCC,
    0xF9, 0x38, 0xC1, 0xEC, 0x5C, 0x71, 0xF3, 0xC8, 0xDA, 0x37, 0x8B, 0xBF, 0x36, 0x28, 0x49, 0x00,
    0x87, 0x3E, 0x72, 0x28, 0x97, 0x16, 0xE6, 0xA5, 0x92, 0xA7, 0xF0, 0x5F, 0xA5, 0x96, 0xFB, 0x99,
    0xDE, 0xF9, 0x7D, 0xAD, 0x6F, 0x9E, 0xC0, 0x10, 0x73, 0xCF, 0xD5, 0x32, 0x8B, 0xD8, 0x4D, 0x7B,
    0x5C, 0xB3, 0x23, 0xA3, 0xD3, 0xF3, 0x7F, 0x24, 0xA1, 0x53, 0xFD, 0x76, 0x92, 0x5E, 0x57, 0xB1,
    0x9E, 0x07, 0x88, 0xB3, 0xB4, 0x6A, 0x25, 0xD0, 0x92, 0x57, 0x67, 0x59, 0xA9, 0x8B, 0xF5, 0x23,
    0x76, 0x7A, 0x7F, 0xA7, 0x56, 0xEF, 0xEF, 0x35, 0xE7, 0x37, 0xF4, 0x3E, 0x05, 0xDF, 0x2B, 0x7A,
    0xFF, 0x56, 0x6B, 0x87, 0x4B, 0x33, 0x5F, 0xEF, 0x1A, 0x9D, 0x20, 0x32, 0xEA, 0xBF, 0xF5, 0x0E,
    0xF4, 0xFC, 0xB6, 0xB3, 0xFA, 0xC4, 0x1B, 0xE3, 0x99, 0x59, 0xFB, 0x6D, 0x74, 0x85, 0xB7, 0x8E,
    0x3A, 0x26, 0x33, 0x50, 0xDB, 0x01, 0x99, 0x7D, 0xF5, 0xB7, 0xFB, 0xDA, 0xD7, 0xD7, 0xFE, 0x64,
    0xD5, 0xC6, 0x5D, 0x23, 0x3A, 0xF2, 0xE3, 0xDB, 0x55, 0x44, 0x5B, 0x00, 0x6D, 0x14, 0xBF, 0x36,
    0x6E, 0x6F, 0x50, 0x47, 0x6F, 0xDC, 0x3E, 0x0E, 0x47, 0xEE, 0x8B, 0x36, 0x6E, 0xDF, 0x05, 0x07,
    0x61, 0x7A, 0xE3, 0x75, 0xBB, 0x60, 0xB7, 0x96, 0x6F, 0xBC, 0xCE, 0x89, 0xC6, 0x5B, 0x9B, 0x7E,
    0xB8, 0x65, 0x11, 0xFE, 0x76, 0x56, 0x3B, 0x32, 0x00, 0x9A, 0xF4, 0xF2, 0xF4, 0xD9, 0x00, 0x7A,
    0x8D, 0xCC, 0xDE, 0x57, 0x21, 0x35, 0x69, 0x88, 0x9C, 0x1E, 0x29, 0xB1, 0x4B, 0x93, 0x89, 0xFF,
    0xA4, 0x04, 0x3D, 0xF8, 0x39, 0x2D, 0x6C, 0x84, 0x31, 0x31, 0xDA, 0x9F, 0x44, 0xC3, 0x69, 0x4C,
    0x23, 0xF2, 0xB9, 0xE8, 0xC6, 0x5D, 0xF1, 0xEE, 0x78, 0xF7, 0xAE, 0x2F, 0x45, 0xB0, 0x3B, 0x3E,
    0x78, 0x70, 0x17, 0x26, 0xDC, 0xF4, 0x89, 0xFF, 0xFB, 0xF2, 0x8F, 0x9F, 0x78, 0x2E, 0x9A, 0x03,
    0xF7, 0xB6, 0x17, 0xBF, 0xF9, 0x9D, 0x30, 0x2C, 0x05, 0xD2, 0x23, 0x2B, 0x12, 0x07, 0x55, 0x62,
    0xD7, 0x4A, 0xFA, 0x21, 0xEA, 0xB5, 0x31, 0xFA, 0x7E, 0xC4, 0x06, 0x36, 0x8A, 0x42, 0xF0, 0x45,
    0x14, 0x1D, 0xA1, 0xC8, 0x8E, 0x39, 0xDA, 0x1D, 0xEF, 0x8F, 0x9C, 0x5B, 0xC2, 0x23, 0xF1, 0xC1,
    0xE8, 0xB3, 0x3F, 0x0D, 0xBF, 0x8C, 0xD1, 0x91, 0x7F, 0x08, 0x6F, 0x48, 0x8F, 0xBC, 0x7C, 0xFA,
    0xB9, 0x10, 0x99, 0x58, 0x70, 0xF7, 0xFD, 0x55, 0xE7, 0x94, 0x78, 0xAB, 0x45, 0x7D, 0x29, 0xFD,
    0x1E, 0x95, 0xD2, 0x86, 0x7A, 0xFF, 0xE5, 0xBE, 0xDE, 0x4F, 0xD0, 0xF8, 0x38, 0x56, 0x3C, 0xC6,
    0x3A, 0x47, 0x07, 0xB7, 0x1F, 0xD9, 0x75, 0x70, 0x76, 0xD7, 0x8D, 0x58, 0x91, 0x5D, 0xD1, 0xC1,
    0xFD, 0xF8, 0x03, 0x7E, 0x79, 0xFA, 0x2B, 0x2F, 0x9C, 0x3E, 0x7D, 0x7A, 0xEE, 0x08, 0xBC, 0x79,
    0xD7, 0xE9, 0xD6, 0xF7, 0xBE, 0x78, 0x57, 0x78, 0x10, 0x2B, 0xBA, 0x9B, 0x1B, 0x36, 0xBA, 0x59,
    0x3B, 0xBA, 0x95, 0xDB, 0x6A, 0xB5, 0x61, 0x5F, 0x63, 0xA5, 0xC1, 0x68, 0xFC, 0x58, 0x16, 0x14,
    0xF9, 0xCC, 0xB1, 0xD9, 0x26, 0xC0, 0x8E, 0xF2, 0xEA, 0x3C, 0x6C, 0x0E, 0xE7, 0xCD, 0x22, 0x5C,
    0x08, 0x4E, 0xC2, 0x7F, 0x2C, 0x0B, 0xFA, 0x36, 0x23, 0xCD, 0x57, 0xFA, 0x0F, 0x90, 0x9E, 0xDC,
    0xF1, 0x4F, 0x70, 0x5F, 0x77, 0xC2, 0x47, 0x2C, 0x8A, 0xB6, 0xB0, 0xB9, 0x71, 0x48, 0x5C, 0xBF,
    0x1D, 0xF0, 0xBA, 0xD6, 0x73, 0xBD, 0xFF, 0xB8, 0xBC, 0x97, 0xA1, 0x0D, 0xC8, 0x1D, 0x78, 0x60,
    0xA7, 0x5A, 0x59, 0x56, 0xAE, 0x35, 0xB3, 0xBE, 0x29, 0xFB, 0xD0, 0x78, 0xA9, 0x1A, 0xAE, 0xFD,
    0xC6, 0xBC, 0x92, 0x16, 0xDF, 0xD3, 0xCF, 0x2D, 0x9C, 0x07, 0xFB, 0xE9, 0x6B, 0x49, 0x7A, 0x69,
    0x32, 0x02, 0x4A, 0xCB, 0x2D, 0xDF, 0xDC, 0x55, 0x89, 0xD9, 0xAB, 0x72, 0xE9, 0xEE, 0x65, 0xB4,
    0x8A, 0x6D, 0x9E, 0x0D, 0xE9, 0xCC, 0xAE, 0x29, 0x5C, 0xE4, 0x2B, 0x17, 0x61, 0xF2, 0xF8, 0xDC,
    0x84, 0x34, 0x5A, 0xBD, 0x8B, 0x62, 0x19, 0xAD, 0xE1, 0xA4, 0x68, 0x2F, 0x47, 0xB4, 0x6E, 0xF7,
    0x32, 0x14, 0xD2, 0xCA, 0x1D, 0xE5, 0x1C, 0x45, 0x47, 0x94, 0xC5, 0x94, 0x7D, 0xB5, 0xC4, 0xA4,
    0xC0, 0x98, 0x44, 0xB1, 0x76, 0xAB, 0x2F, 0x21, 0xFC, 0x16, 0xD6, 0xB3, 0x57, 0x7F, 0xF8, 0xD6,
    0x0C, 0xD4, 0x47, 0x04, 0x76, 0x4B, 0xAB, 0x16, 0xAD, 0x31, 0x28, 0x64, 0xDE, 0x82, 0xBB, 0xB9,
    0x9D, 0x1A, 0x98, 0xF4, 0x2E, 0x1B, 0xC9, 0x0D, 0x01, 0x22, 0x33, 0x61, 0x43, 0x3A, 0x4A, 0x51,
    0xE9, 0x26, 0x01, 0x13, 0x37, 0x62, 0x8B, 0x3E, 0x8A, 0x6E, 0x76, 0xA2, 0x67, 0x01, 0xE1, 0xF0,
    0xF1, 0x6C, 0x89, 0x81, 0x92, 0x2D, 0x0A, 0x90, 0xB0, 0x55, 0xFE, 0x56, 0x01, 0x22, 0x33, 0xE9,
    0x0A, 0x60, 0xB4, 0x84, 0x76, 0x1B, 0x84, 0x3C, 0x6D, 0xE5, 0xA5, 0x2C, 0x28, 0xDB, 0xC5, 0xBE,
    0x0D, 0xA8, 0xAA, 0x1B, 0x52, 0x14, 0x6D, 0x09, 0xC9, 0xB4, 0x51, 0x74, 0x67, 0xD7, 0xEE, 0xDE,
    0x1E, 0x99, 0x5A, 0xA8, 0xCB, 0xB5, 0x8D, 0x16, 0xDF, 0x93, 0xF3, 0xE5, 0xD9, 0xBC, 0x2E, 0xCF,
    0xEE, 0x91, 0x79, 0xB9, 0x38, 0x5F, 0xD6, 0xB4, 0x96, 0xA2, 0x24, 0x3F, 0x34, 0x68, 0xAC, 0xAF,
    0x26, 0x72, 0x21, 0x23, 0x2F, 0x6C, 0x5C, 0x75, 0x41, 0xE2, 0x65, 0xE9, 0x74, 0x2E, 0xC9, 0x02,
    0x21, 0xE5, 0x81, 0x50, 0x5B, 0xF6, 0xC9, 0xF7, 0x81, 0xF8, 0xAA, 0x57, 0x64, 0x14, 0x15, 0x2F,
    0xCC, 0x69, 0xD9, 0x10, 0x8B, 0xEC, 0x41, 0x46, 0xC4, 0x19, 0x15, 0x33, 0xCA, 0x47, 0x5B, 0xBE,
    0x0C, 0x77, 0xF2, 0xDD, 0x26, 0xB6, 0x3F, 0xE9, 0x0A, 0xC6, 0xD1, 0x15, 0x9C, 0x60, 0xDA, 0xE9,
    0x43, 0xDE, 0x15, 0x2E, 0x1E, 0xB6, 0xF0, 0x48, 0x71, 0x85, 0x2A, 0xE3, 0x46, 0xCC, 0x83, 0x06,
    0x2F, 0xDF, 0x0D, 0x8B, 0xCF, 0xA5, 0x99, 0xFB, 0xA1, 0x67, 0x43, 0xB7, 0xB3, 0x6F, 0xE3, 0x76,
    0x42, 0x04, 0xC8, 0x98, 0x73, 0x1C, 0x87, 0x9D, 0x9C, 0x66, 0xA4, 0xDB, 0xE4, 0x61, 0x49, 0xE3,
    0xC6, 0xA2, 0xBD, 0xF6, 0xEC, 0xAE, 0x70, 0xB8, 0x44, 0xFA, 0x6A, 0x47, 0x6E, 0x91, 0x9B, 0xA9,
    0x59, 0xCC, 0x8A, 0xC1, 0x19, 0x0B, 0x9F, 0x8C, 0x7C, 0x1D, 0x9F, 0x0C, 0x63, 0x85, 0x4F, 0xC6,
    0x30, 0xED, 0x38, 0xE6, 0x13, 0x3C, 0x5A, 0xC8, 0x63, 0x3B, 0xF0, 0x69, 0xEC, 0x8A, 0x00, 0xFF,
    0x22, 0x13, 0x80, 0xD0, 0x4A, 0x6F, 0x60, 0x82, 0xC9, 0xC3, 0xD0, 0x66, 0xF9, 0xC2, 0x7B, 0x8D,
    0x46, 0x5D, 0xE0, 0x13, 0x08, 0x97, 0x98, 0x46, 0x2D, 0x72, 0x37, 0x2D, 0xCA, 0x8D, 0xCA, 0xE8,
    0x4A, 0x20, 0xC6, 0x73, 0x48, 0xD0, 0x76, 0x5E, 0xED, 0xA8, 0xAE, 0xFE, 0x5D, 0x66, 0x10, 0x9E,
    0x08, 0xBB, 0xFE, 0x7D, 0xC5, 0xAA, 0xB2, 0x0C, 0xEB, 0x00, 0xBC, 0x61, 0x1E, 0xD8, 0xCF, 0x13,
    0xBC, 0x6C, 0xF6, 0x60, 0xE0, 0xEB, 0x9F, 0x91, 0x33, 0x11, 0x62, 0xFE, 0xC1, 0x91, 0x9F, 0x1B,
    0xFC, 0x4B, 0xB2, 0x34, 0x1C, 0x39, 0xB1, 0xD1, 0x5E, 0xC2, 0xB3, 0x40, 0x95, 0xF8, 0xB0, 0x20,
    0xCB, 0x6A, 0xEB, 0x46, 0x3B, 0x5C, 0x1B, 0x37, 0xAE, 0xA2, 0x0D, 0xB2, 0x6A, 0x93, 0xCA, 0xD7,
    0x13, 0x95, 0x52, 0x1B, 0x92, 0x11, 0x64, 0xE5, 0xB4, 0x32, 0xA7, 0xE5, 0xBC, 0xF2, 0xB8, 0x15,
    0x56, 0x13, 0xCB, 0x35, 0xFE, 0x66, 0xB4, 0x57, 0x4F, 0x6B, 0xD9, 0x5A, 0xEA, 0xC5, 0x79, 0xD8,
    0xA6, 0x84, 0x06, 0xA2, 0x15, 0x89, 0xB0, 0x8A, 0x98, 0x5D, 0x21, 0xDC, 0x82, 0x9D, 0x3A, 0xB9,
    0xE4, 0xA3, 0x81, 0xB4, 0xB8, 0x27, 0x63, 0x97, 0xB3, 0x6D, 0x8A, 0x9D, 0xAB, 0xA8, 0x5D, 0x26,
    0x0D, 0x16, 0xFB, 0xDD, 0x0E, 0x89, 0xDF, 0xEC, 0xE4, 0x42, 0x93, 0x22, 0x44, 0xFD, 0x16, 0x89,
    0x12, 0xD2, 0x36, 0x7D, 0x38, 0xFE, 0x30, 0xA0, 0x91, 0x14, 0x91, 0x49, 0x26, 0xA1, 0xBE, 0x88,
    0xA4, 0xC4, 0x60, 0x9F, 0x4F, 0xA0, 0xBC, 0xCF, 0x6C, 0x39, 0x54, 0x46, 0x68, 0x4B, 0x02, 0x1C,
    0x47, 0xF3, 0xA8, 0xE8, 0xA6, 0xA8, 0x79, 0xC5, 0x1B, 0x3F, 0xC0, 0x95, 0x0D, 0xEF, 0xFB, 0x32,
    0xE7, 0x5B, 0x92, 0x29, 0x0C, 0x0D, 0xD2, 0x04, 0x67, 0x38, 0x5C, 0xD2, 0x92, 0x7B, 0xD9, 0xA7,
    0x08, 0xD4, 0xF6, 0x69, 0x2D, 0xE1, 0xC5, 0xC6, 0x5E, 0x46, 0xE7, 0xBB, 0xCC, 0x79, 0x4D, 0x4F,
    0x8A, 0xAB, 0xC2, 0xC3, 0x62, 0x8D, 0xE3, 0xBA, 0x3E, 0xEB, 0x68, 0x50, 0xCD, 0xAD, 0x7E, 0x48,
    0x24, 0xF5, 0x85, 0x9A, 0x1D, 0x52, 0xB4, 0x74, 0x6F, 0x69, 0x8A, 0xEC, 0xA7, 0x6F, 0xD6, 0xD7,
    0x15, 0xAE, 0xAC, 0xF4, 0xF6, 0xF3, 0xE5, 0xF0, 0xD3, 0xE0, 0xEA, 0xDA, 0x9E, 0xEC, 0xC3, 0x07,
    0x9F, 0xEB, 0x95, 0xC6, 0xBB, 0xCA, 0xCE, 0x5C, 0xD5, 0x2A, 0xF9, 0xB5, 0x61, 0xB8, 0xC2, 0xCE,
    0xAE, 0x3D, 0xA3, 0x12, 0xCF, 0x96, 0xD7, 0xE4, 0x46, 0xD6, 0x87, 0xD4, 0x96, 0xFB, 0xF3, 0x2A,
    0x71, 0x58, 0xCD, 0x06, 0x91, 0xE0, 0xCD, 0x10, 0x1B, 0xEC, 0x86, 0x1F, 0x3C, 0xC4, 0xD4, 0xCE,
    0xC5, 0x2C, 0x43, 0x5C, 0x23, 0x0C, 0x7F, 0xA9, 0x0D, 0x5A, 0x22, 0xCF, 0x6C, 0x5C, 0x98, 0x6B,
    0xDC, 0x64, 0x0D, 0xA8, 0x5E, 0xD2, 0x85, 0x6D, 0x0A, 0xE1, 0xEC, 0x5E, 0xB2, 0xC6, 0x20, 0xD5,
    0xE3, 0x11, 0x52, 0x69, 0x8C, 0x68, 0x2B, 0xC9, 0xB9, 0x46, 0x34, 0x42, 0x90, 0x35, 0x92, 0x69,
    0xD6, 0xDC, 0xF0, 0x02, 0x81, 0x68, 0x72, 0xF6, 0x72, 0x7F, 0x07, 0xCB, 0xB9, 0x69, 0x6E, 0x57,
    0xA0, 0xED, 0xE9, 0x4A, 0x61, 0x2C, 0x1F, 0xE8, 0x62, 0xDE, 0xAB, 0x7D, 0x43, 0xB8, 0xF7, 0x95,
    0x1C, 0x97, 0xC0, 0x6C, 0x2A, 0x60, 0xEE, 0xB4, 0xFC, 0xBE, 0x35, 0x0D, 0xD6, 0x77, 0x15, 0x30,
    0xCB, 0x0C, 0xCB, 0x7C, 0x12, 0xB8, 0x80, 0xE3, 0x4A, 0xDC, 0xE1, 0x52, 0x53, 0x33, 0x41, 0xB6,
    0xF2, 0x93, 0xB7, 0xEE, 0x97, 0x75, 0xA6, 0xFD, 0x79, 0x45, 0x39, 0xAF, 0xAA, 0x0A, 0x17, 0x2B,
    0x16, 0x23, 0xDC, 0xA4, 0xDA, 0xA4, 0xA8, 0x54, 0xB9, 0x16, 0xB3, 0x4A, 0x1C, 0x8F, 0xD4, 0x34,
    0xBA, 0xCA, 0x39, 0x96, 0x65, 0x6D, 0xFE, 0xBC, 0x02, 0x94, 0x9A, 0x7E, 0xBE, 0xE1, 0x91, 0xCB,
    0x1C, 0x8D, 0x87, 0x58, 0x49, 0x4C, 0x19, 0x89, 0x16, 0xD8, 0x16, 0xDE, 0x64, 0x16, 0xB4, 0x73,
    0xAA, 0x72, 0xC7, 0x10, 0xCE, 0xEA, 0xC6, 0x59, 0x2C, 0x14, 0x97, 0x66, 0xEF, 0x40, 0xDA, 0xE8,
    0xCC, 0x09, 0x69, 0x0C, 0x79, 0x20, 0xC2, 0xE1, 0x06, 0x33, 0xB2, 0x39, 0xD2, 0x36, 0xC4, 0xAC,
    0x11, 0x85, 0x4B, 0x2C, 0x04, 0x5E, 0xE0, 0xDE, 0x81, 0x15, 0x10, 0x4A, 0x38, 0x10, 0x28, 0xD4,
    0x24, 0x61, 0x53, 0xBD, 0xFF, 0x67, 0xE7, 0x54, 0xBF, 0x8B, 0x8A, 0x95, 0xF4, 0xA3, 0xC6, 0x47,
    0xDE, 0x30, 0x12, 0x8C, 0xD5, 0xA4, 0xBF, 0xF9, 0xE7, 0x9C, 0xD1, 0x8F, 0xB8, 0x81, 0x03, 0x95,
    0xA5, 0x5F, 0x10, 0x29, 0x49, 0xA1, 0xD6, 0x50, 0xF8, 0xAE, 0xBE, 0xED, 0xEB, 0x84, 0x77, 0x4D,
    0x4D, 0x17, 0x57, 0x91, 0xB0, 0xDB, 0x5F, 0xDD, 0xB3, 0x51, 0x66, 0x4D, 0x04, 0x11, 0xCD, 0x16,
    0xAD, 0x5E, 0x39, 0x29, 0x7D, 0xF4, 0x2A, 0x9B, 0x94, 0xBE, 0x44, 0x5B, 0xAB, 0x1E, 0xA9, 0xB6,
    0x56, 0x35, 0xC4, 0xB4, 0x73, 0x4A, 0x35, 0x37, 0xFF, 0x88, 0xD7, 0xAB, 0x7D, 0x97, 0x6B, 0xBE,
    0x8F, 0x6B, 0x9E, 0x72, 0xCD, 0xF7, 0x5F, 0x18, 0x79, 0x94, 0xF3, 0xC7, 0x63, 0x3D, 0xD1, 0xC8,
    0x01, 0xE9, 0xCF, 0x25, 0x00, 0xF8, 0x3A, 0x83, 0xD7, 0x13, 0x5E, 0x54, 0xBC, 0x44, 0x9D, 0x86,
    0x2C, 0x2B, 0xCF, 0xC5, 0xF2, 0xB9, 0x0A, 0x1C, 0xEF, 0x6D, 0xFB, 0x17, 0x15, 0xE9, 0xE7, 0x1E,
    0x5D, 0x5E, 0x33, 0x90, 0xFD, 0xF2, 0xA0, 0xA9, 0xC4, 0xB7, 0xD2, 0xFE, 0x53, 0xD9, 0x28, 0x42,
    0xC9, 0x72, 0x8C, 0x77, 0x15, 0x43, 0x50, 0x5B, 0x42, 0x18, 0xCA, 0x97, 0xC5, 0xCD, 0x06, 0x24,
    0x5B, 0x09, 0x05, 0x0F, 0x72, 0xDA, 0x92, 0x07, 0x05, 0xB1, 0xE4, 0x41, 0x23, 0x57, 0x2D, 0x0F,
    0x6A, 0x11, 0x20, 0x58, 0xF5, 0x1F, 0xB2, 0x69, 0x31, 0x5A, 0x02, 0x4D, 0xBD, 0x03, 0xA3, 0xB0,
    0x13, 0x15, 0xEC, 0x69, 0x70, 0x1F, 0x15, 0xAE, 0xEB, 0x70, 0xBB, 0x6C, 0x75, 0x97, 0x5E, 0x7A,
    0x66, 0xC3, 0xD0, 0x30, 0x8C, 0xDA, 0xF1, 0xBC, 0x99, 0xCF, 0x93, 0xCD, 0xFA, 0x84, 0xF7, 0x68,
    0x6A, 0x63, 0x61, 0xFB, 0xD6, 0x7D, 0x33, 0xDA, 0x26, 0x94, 0x48, 0x36, 0xB1, 0x6F, 0x1B, 0x09,
    0x12, 0x01, 0xAA, 0xC9, 0x67, 0x52, 0x30, 0xA2, 0x79, 0xEC, 0xB9, 0x79, 0xFB, 0xF8, 0x1D, 0x29,
    0xDE, 0x17, 0x8F, 0xDD, 0xF9, 0x08, 0xAF, 0x8E, 0xBD, 0x51, 0xF2, 0xB6, 0xDB, 0xC0, 0xFA, 0x02,
    0x99, 0x98, 0xAC, 0x7F, 0x0A, 0xAD, 0x22, 0xB5, 0xCE, 0x64, 0x56, 0x34, 0xEF, 0x7C, 0x3E, 0x0B,
    0x8A, 0x24, 0xE0, 0x1E, 0xB4, 0x12, 0x2F, 0x0F, 0x3A, 0xAD, 0x6E, 0xAB, 0xEB, 0xE5, 0x4E, 0xA6,
    0xF9, 0xFD, 0xBF, 0xE9, 0x0D, 0x6F, 0x5E, 0x7B, 0xAA, 0x79, 0x68, 0xC7, 0xD4, 0xB4, 0x97, 0x59,
    0xB3, 0xE0, 0xC3, 0xE0, 0xBD, 0xB0, 0x4B, 0x87, 0x7D, 0x3A, 0x84, 0x9A, 0x8F, 0xDF, 0x1B, 0x0D,
    0xD8, 0xFE, 0x31, 0x56, 0xAF, 0xF9, 0xAF, 0xDF, 0xFB, 0x36, 0xDC, 0xF5, 0x6B, 0x78, 0xA0, 0xE3,
    0x3F, 0xB0, 0xEC, 0xFF, 0xF6, 0x3B, 0xB0, 0xFD, 0x0F, 0xE9, 0xAF, 0x41, 0x44, 0xD1, 0x7F, 0x8B,
    0x4F, 0x25, 0x67, 0x92, 0x20, 0x31, 0xE2, 0xC9, 0xA8, 0x5B, 0x9A, 0x28, 0xCC, 0x6C, 0x14, 0xB6,
    0xCF, 0x0D, 0x9F, 0x68, 0x42, 0x33, 0xB5, 0x9B, 0x14, 0x9A, 0x59, 0xF3, 0x46, 0x0C, 0x8B, 0xF6,
    0xD4, 0x8E, 0x39, 0x67, 0x32, 0x69, 0xEE, 0x98, 0x6B, 0xD2, 0xAE, 0x40, 0x73, 0xA3, 0x30, 0xE7,
    0x65, 0x73, 0x63, 0x1B, 0xBE, 0x94, 0x11, 0x1E, 0x91, 0xED, 0x58, 0x3F, 0xAA, 0x57, 0xB3, 0xE3,
    0x1A, 0x36, 0xC7, 0x34, 0x5F, 0x8F, 0xC0, 0xDC, 0x6B, 0x44, 0x4D, 0xA3, 0x63, 0x45, 0x53, 0xC8,
    0x2D, 0x60, 0xCA, 0x38, 0x7E, 0x12, 0xC6, 0xF8, 0xAD, 0x69, 0xCC, 0x31, 0x48, 0xDF, 0xDB, 0xEC,
    0x7B, 0xFE, 0x14, 0x92, 0x6A, 0x37, 0x9E, 0x46, 0x92, 0x95, 0xC2, 0xC2, 0x80, 0x97, 0xE3, 0x1F,
    0xBF, 0xEF, 0xC3, 0x6F, 0x21, 0x21, 0x45, 0xC8, 0x86, 0x43, 0x8F, 0x47, 0xF3, 0x4F, 0x46, 0xA9,
    0x17, 0xCD, 0x9B, 0x61, 0x50, 0xC0, 0xE6, 0x93, 0xF4, 0x36, 0x57, 0x3D, 0xE1, 0x77, 0xBA, 0x9A,
    0xFE, 0x90, 0x19, 0x4E, 0x19, 0xD1, 0x21, 0x23, 0x5A, 0x30, 0xA3, 0x99, 0x49, 0x1F, 0x91, 0x9A,
    0x76, 0x92, 0x69, 0x44, 0x3A, 0x2F, 0x04, 0x5B, 0x62, 0x7C, 0x3A, 0xDF, 0xFB, 0x01, 0x3E, 0x26,
    0x9C, 0x08, 0xFF, 0x5E, 0xF8, 0x08, 0x86, 0xBF, 0xF8, 0x8B, 0x67, 0xE0, 0xE6, 0x5B, 0xE7, 0x28,
    0x02, 0x6D, 0x28, 0xDD, 0xF3, 0x22, 0x38, 0x7E, 0x78, 0xEA, 0xB9, 0x9F, 0xFB, 0xC1, 0x4F, 0x92,
    0xF4, 0xE5, 0x9F, 0xFB, 0x4F, 0xFE, 0x2C, 0x39, 0xF5, 0xD6, 0xCF, 0xFD, 0x27, 0x08, 0x31, 0x9F,
    0xF6, 0x87, 0x66, 0x26, 0xBF, 0xFB, 0xD7, 0x9F, 0xAF, 0x04, 0x80, 0x9B, 0x45, 0xF4, 0x2F, 0xFE,
    0x27, 0x44, 0xE2, 0xF1, 0xF0, 0xE3, 0xC2, 0x4B, 0xF3, 0xF1, 0xD0, 0x85, 0x5F, 0x20, 0x04, 0x77,
    0x3F, 0x1E, 0xDE, 0x1C, 0xBE, 0x55, 0x7C, 0xED, 0x5B, 0xA3, 0x8F, 0x87, 0x8F, 0x45, 0xA9, 0xFD,
    0x34, 0x25, 0x9E, 0x7C, 0x89, 0x11, 0xFE, 0xED, 0xD0, 0x9B, 0x3C, 0x9E, 0x74, 0xDF, 0x7D, 0xF3,
    0x95, 0xB0, 0xDF, 0x07, 0xA1, 0xEE, 0xE0, 0x09, 0x1B, 0xC9, 0x04, 0xB7, 0x69, 0x94, 0x5F, 0xD2,
    0x04, 0x0D, 0x4A, 0x04, 0xA1, 0xD6, 0x81, 0x4D, 0xA3, 0x87, 0xE0, 0x9D, 0x9F, 0x5A, 0x05, 0xFE,
    0x35, 0x07, 0x6F, 0x3F, 0x7D, 0xB7, 0xB5, 0x77, 0xD3, 0xE8, 0x02, 0xB4, 0xBE, 0x77, 0xC2, 0xB9,
    0xFB, 0x8B, 0xA3, 0xC2, 0x13, 0xA9, 0xE8, 0x8C, 0x0E, 0x76, 0x1F, 0x3A, 0x3A, 0xF9, 0xFD, 0xEF,
    0x1F, 0xDD, 0xA6, 0x66, 0x90, 0x14, 0xD7, 0xE3, 0x89, 0xB6, 0x9B, 0x8D, 0x7F, 0x27, 0x30, 0x68,
    0xDA, 0x27, 0x63, 0xD0, 0x43, 0xC7, 0xF7, 0xD3, 0x6B, 0x3F, 0x19, 0x61, 0xCB, 0xA7, 0x9B, 0x8F,
    0x45, 0xD8, 0xF2, 0x99, 0xE6, 0xDB, 0x11, 0xB7, 0xBC, 0x88, 0xB0, 0xE5, 0xDF, 0x7E, 0xF1, 0xBB,
    0x65, 0xCB, 0x07, 0x71, 0x0C, 0x5D, 0x43, 0xE0, 0xDD, 0x48, 0xAE, 0xB8, 0x9F, 0x22, 0xFA, 0x10,
    0xFC, 0xF3, 0x21, 0xAC, 0xD0, 0x4B, 0x0B, 0x58, 0x99, 0x67, 0x32, 0xAC, 0xC8, 0xD7, 0x69, 0xDA,
    0xB4, 0x48, 0xB0, 0x02, 0x8F, 0xF8, 0xEC, 0x09, 0x4A, 0x7E, 0xA2, 0xD7, 0x50, 0x53, 0x6F, 0x6C,
    0xF8, 0x70, 0xB3, 0x7F, 0xAF, 0x13, 0x83, 0xA6, 0x77, 0x9B, 0x29, 0x6C, 0xBE, 0xF5, 0xD9, 0xB1,
    0xB4, 0x1D, 0x3C, 0xF5, 0xAC, 0xFB, 0x76, 0xE7, 0xC9, 0xE7, 0x3A, 0xFA, 0xDB, 0xDF, 0xA2, 0x42,
    0x9F, 0x7F, 0x63, 0x68, 0xE6, 0x3B, 0xDD, 0x3D, 0xDD, 0x8A, 0x4F, 0x09, 0x12, 0x6A, 0xCE, 0x2A,
    0xC1, 0xC3, 0x43, 0x00, 0x37, 0x71, 0x14, 0x8E, 0x2F, 0xB0, 0x73, 0x4A, 0x86, 0xEC, 0x37, 0x13,
    0xF2, 0x27, 0xBD, 0x7B, 0xF2, 0xD9, 0x7F, 0x05, 0xE3, 0x8D, 0x11, 0x14, 0x61, 0xF2, 0x56, 0x57,
    0xBD, 0x3B, 0x93, 0xF5, 0x6D, 0xA6, 0x81, 0x9C, 0x17, 0x1B, 0x2A, 0x98, 0x8C, 0x12, 0x65, 0x00,
    0xEF, 0x6E, 0x9A, 0xA2, 0x26, 0x51, 0x22, 0xA7, 0x17, 0x86, 0x65, 0x3A, 0xBF, 0x2F, 0x2C, 0x27,
    0x32, 0xD6, 0x21, 0xD9, 0x62, 0x86, 0xE6, 0x75, 0x3D, 0xE1, 0x9E, 0xED, 0x92, 0x9C, 0xEA, 0xD1,
    0x1B, 0xB4, 0xC6, 0x55, 0x10, 0x8E, 0x6B, 0xB3, 0x8E, 0xEF, 0xE9, 0xA9, 0xEB, 0xBB, 0xB7, 0xA6,
    0xB4, 0x66, 0x0F, 0x69, 0x9A, 0x45, 0x2C, 0x58, 0xEB, 0x12, 0x95, 0xDD, 0x1C, 0xEB, 0x45, 0x6C,
    0x9F, 0x24, 0x02, 0x38, 0x9D, 0xC1, 0xFC, 0x14, 0x7D, 0xC7, 0x33, 0x92, 0x08, 0x34, 0xE1, 0xDB,
    0x4A, 0xA8, 0x83, 0xD4, 0x26, 0x69, 0xB4, 0x62, 0xAF, 0x08, 0x97, 0x1E, 0x24, 0x46, 0x3F, 0x57,
    0xBE, 0xC2, 0x73, 0x80, 0xE9, 0xF1, 0xBB, 0x89, 0x96, 0xA4, 0xA7, 0x92, 0x34, 0xFD, 0x75, 0x32,
    0x17, 0x44, 0x4F, 0xB4, 0xFC, 0xA0, 0x2D, 0xA6, 0xE2, 0xD7, 0x7B, 0x9C, 0xD0, 0x9E, 0x71, 0x33,
    0x61, 0x97, 0x6E, 0xBC, 0x09, 0xE5, 0x83, 0x6F, 0xC2, 0xD2, 0x83, 0xA6, 0x9F, 0x22, 0x65, 0x9B,
    0xDB, 0x5C, 0xC0, 0x67, 0x51, 0x18, 0x33, 0xCE, 0xF0, 0x7B, 0x21, 0xF9, 0x2C, 0xDD, 0x68, 0x37,
    0x87, 0x46, 0x11, 0x3B, 0xCF, 0x25, 0x5E, 0x9C, 0x3C, 0x91, 0xA6, 0xE9, 0x3C, 0x7E, 0x21, 0x48,
    0xC1, 0x7D, 0x8E, 0x05, 0xA6, 0xF1, 0x36, 0x4C, 0x35, 0x9B, 0xF8, 0x1D, 0x5B, 0xD8, 0xE1, 0xA4,
    0x23, 0x93, 0xB1, 0xD3, 0xE5, 0x25, 0x44, 0xAB, 0x96, 0x18, 0x62, 0x89, 0x16, 0xD6, 0xCC, 0xF4,
    0xE7, 0xB0, 0xD4, 0xDD, 0x58, 0xAA, 0xB6, 0x46, 0xA9, 0x03, 0x72, 0x32, 0x1F, 0x53, 0x98, 0xC4,
    0x54, 0xE0, 0x7B, 0x6A, 0x7B, 0x5C, 0x67, 0x36, 0x0A, 0x8A, 0x78, 0x21, 0x08, 0x17, 0x82, 0xD8,
    0xEB, 0xA4, 0x72, 0x2E, 0x7A, 0x7C, 0x1C, 0x65, 0xCF, 0xF1, 0xE9, 0xF1, 0xC5, 0x91, 0xD1, 0x35,
    0xEF, 0x51, 0xB2, 0x6B, 0x03, 0x45, 0x1D, 0xA4, 0x0A, 0x25, 0x59, 0x68, 0xAC, 0xBC, 0x24, 0x47,
    0x8B, 0x8F, 0xF2, 0x64, 0x11, 0xB7, 0x12, 0xFD, 0x65, 0x84, 0xBA, 0x1E, 0x27, 0xE9, 0x9C, 0x76,
    0x2A, 0xC9, 0x52, 0x68, 0x45, 0xD8, 0x91, 0xF8, 0x6F, 0xE4, 0x76, 0x90, 0xD4, 0x78, 0xB3, 0xEE,
    0x6C, 0x9F, 0x78, 0x7C, 0x0E, 0x45, 0x0C, 0x90, 0x17, 0x04, 0x12, 0xEC, 0xD3, 0x49, 0x2B, 0xF9,
    0xCD, 0x78, 0x73, 0x54, 0xF8, 0x47, 0x09, 0x6C, 0x56, 0x1B, 0x9C, 0x25, 0x7F, 0x07, 0x36, 0xF8,
    0x0D, 0xE8, 0xEC, 0x24, 0x83, 0xAD, 0xA0, 0xFB, 0x28, 0x8E, 0x58, 0xE2, 0x5D, 0xBB, 0x0D, 0x5E,
    0x8C, 0xBB, 0x5C, 0xAB, 0xEB, 0xCA, 0x2B, 0x19, 0x0B, 0x41, 0x73, 0xD2, 0x4B, 0x16, 0xB9, 0x22,
    0xF6, 0x15, 0xAD, 0x37, 0xF0, 0x69, 0xB2, 0x8F, 0x78, 0xAA, 0x7C, 0x15, 0xD1, 0x14, 0xD2, 0x13,
    0x8B, 0x64, 0xA1, 0x45, 0x27, 0x6B, 0xF9, 0x87, 0x4A, 0xBF, 0xDA, 0xF3, 0x7D, 0x62, 0x0A, 0x3B,
    0x3A, 0xB8, 0x1F, 0x51, 0xBE, 0x8D, 0x28, 0xBD, 0x88, 0x83, 0x67, 0x51, 0xCF, 0x9C, 0xCC, 0x8D,
    0x5B, 0x7B, 0x3A, 0x70, 0x48, 0xAB, 0x7B, 0x5B, 0x35, 0xB1, 0x6E, 0x03, 0x41, 0x58, 0xF8, 0x9E,
    0xD5, 0x76, 0x32, 0x0F, 0x96, 0xF4, 0x9C, 0x82, 0x36, 0xBD, 0x64, 0x15, 0xF3, 0xC0, 0xFB, 0x11,
    0x6B, 0x6B, 0x0F, 0x8C, 0xC1, 0x80, 0x17, 0x7B, 0x26, 0xDD, 0xE4, 0xD1, 0xBB, 0xA9, 0xDA, 0x64,
    0x7E, 0xDF, 0x5D, 0xA9, 0x4D, 0x28, 0xE4, 0xA1, 0xC8, 0xEE, 0xD9, 0x36, 0x9E, 0x16, 0x9E, 0x7B,
    0xC5, 0x6C, 0x91, 0x2E, 0xF6, 0x7D, 0xD2, 0x4B, 0x91, 0xD5, 0x0D, 0x83, 0x24, 0x48, 0xBD, 0x54,
    0xC3, 0x7E, 0xB4, 0x22, 0xDE, 0x73, 0x53, 0xF3, 0xC9, 0x26, 0xBE, 0x94, 0x6B, 0xE9, 0x98, 0x11,
    0x8D, 0xDD, 0xF7, 0xC2, 0x09, 0x14, 0xE1, 0x3F, 0x7D, 0xCC, 0xAF, 0xCB, 0x6F, 0xDA, 0x05, 0x2F,
    0x08, 0xAF, 0xAF, 0x09, 0xE7, 0xF7, 0xBA, 0x22, 0x14, 0x97, 0x72, 0x7E, 0x9B, 0x27, 0x32, 0x4F,
    0xB8, 0xEF, 0xA1, 0x13, 0x40, 0xAF, 0xC0, 0xAC, 0x97, 0x77, 0x2E, 0xAB, 0x22, 0xA1, 0x7F, 0xE5,
    0xA3, 0x3A, 0x57, 0xAC, 0x7E, 0x0C, 0xC5, 0xE9, 0xD4, 0xBC, 0x5D, 0x6C, 0xA4, 0x91, 0xBC, 0x5D,
    0xA6, 0x78, 0x53, 0xF1, 0xFF, 0x03, 0xED, 0x3D, 0x3D, 0x8C, 0xDC, 0x56, 0x7A, 0x8F, 0xA4, 0xB4,
    0x13, 0x2F, 0x11, 0xD3, 0x45, 0x62, 0x9C, 0x2C, 0x78, 0x79, 0x85, 0x0A, 0xE5, 0xE2, 0xD5, 0xB4,
    0x2E, 0xA4, 0x25, 0x75, 0x06, 0xD2, 0x5C, 0x61, 0x15, 0xD9, 0x2B, 0x9C, 0xC2, 0x2A, 0x54, 0x24,
    0x72, 0x90, 0x4D, 0xE1, 0x42, 0xC5, 0x6A, 0xC9, 0x24, 0xDD, 0xB9, 0xC8, 0x02, 0xB9, 0x03, 0x0E,
    0x49, 0x11, 0x17, 0x16, 0x60, 0xCB, 0x85, 0xAE, 0x70, 0xA1, 0x00, 0xDA, 0x25, 0x83, 0x03, 0xE2,
    0xE2, 0x1A, 0x16, 0x49, 0x1D, 0xC2, 0x96, 0x2F, 0xB8, 0xB8, 0x08, 0x6D, 0x8C, 0x73, 0xB3, 0x3A,
    0x72, 0x5E, 0xBE, 0xBF, 0xF7, 0xF8, 0xE6, 0x67, 0xF5, 0x17, 0x69, 0xB5, 0x2B, 0xED, 0x60, 0xE6,
    0xF1, 0x2D, 0x87, 0x43, 0x7E, 0xFF, 0xEF, 0xFB, 0xBE, 0xF7, 0xBD, 0xB7, 0x4A, 0x4D, 0xBF, 0x06,
    0xB9, 0x74, 0xE2, 0xF2, 0x0C, 0x77, 0xA2, 0x2A, 0xE1, 0x4E, 0x58, 0x6F, 0x71, 0x27, 0x68, 0x76,
    0x4C, 0xA7, 0x93, 0xCE, 0xA8, 0xE5, 0x8E, 0x3F, 0xEA, 0x4C, 0x67, 0x62, 0xAE, 0x29, 0x52, 0xFE,
    0x79, 0x93, 0xD4, 0x78, 0xF4, 0x8A, 0x2A, 0xD6, 0x37, 0xD6, 0xD7, 0xDF, 0x29, 0x74, 0x3A, 0xD0,
    0xF4, 0x1A, 0x2B, 0x95, 0xE1, 0x71, 0x02, 0x57, 0x7A, 0x57, 0xF5, 0x7F, 0xDF, 0x50, 0x0F, 0x7C,
    0x7D, 0x28, 0x47, 0xBF, 0x9D, 0xED, 0xA8, 0xD1, 0xDC, 0xC5, 0x9F, 0xED, 0x7F, 0x31, 0x7D, 0x75,
    0xA6, 0xBF, 0x34, 0xE9, 0xBB, 0x5B, 0x7D, 0x77, 0xA7, 0xEF, 0x0A, 0x7E, 0xEA, 0xFB, 0x4A, 0xB5,
    0xFD, 0x29, 0x39, 0x3B, 0x80, 0xA3, 0xE0, 0x3D, 0x84, 0x6F, 0x19, 0xF3, 0x25, 0x0D, 0x67, 0x09,
    0x77, 0xAF, 0x98, 0xC0, 0x29, 0xC4, 0xFE, 0xC7, 0x85, 0x1E, 0x65, 0xBA, 0x62, 0xFC, 0x27, 0x69,
    0xAC, 0x1B, 0xA6, 0xC0, 0xB6, 0xF2, 0x75, 0x05, 0x34, 0x98, 0x7C, 0x92, 0xAA, 0x87, 0x7D, 0x79,
    0xDB, 0x3D, 0xF7, 0x9A, 0x45, 0x5D, 0xBF, 0x5E, 0xF4, 0x33, 0xBF, 0x7A, 0xD0, 0xCF, 0xFA, 0x0B,
    0xD4, 0xFB, 0x44, 0xB2, 0x96, 0x10, 0xDD, 0x25, 0x2A, 0xF1, 0x7B, 0x48, 0xEF, 0x04, 0x4F, 0x16,
    0xAD, 0xD2, 0x23, 0xA5, 0x73, 0xE7, 0x09, 0x39, 0xC8, 0x8C, 0x8A, 0x1A, 0x35, 0x28, 0x49, 0x12,
    0x4A, 0x90, 0x01, 0x7C, 0xC3, 0x79, 0x75, 0x12, 0x45, 0x0C, 0x8E, 0xC3, 0x94, 0x69, 0x8E, 0x9F,
    0x0C, 0x3E, 0x85, 0x22, 0x0A, 0x14, 0x5A, 0x8F, 0xF4, 0x97, 0x7A, 0xAC, 0xD3, 0x62, 0x9A, 0x9D,
    0xA7, 0xE4, 0x3A, 0xFC, 0x9C, 0x93, 0x73, 0xAB, 0xCE, 0xB9, 0xD5, 0x79, 0x44, 0x8F, 0x88, 0x48,
    0x9F, 0xF2, 0x05, 0xCE, 0xE4, 0xED, 0xCA, 0x74, 0x84, 0x71, 0x43, 0x26, 0x20, 0xBC, 0x2E, 0x1B,
    0x9E, 0xCF, 0x4B, 0xF2, 0x78, 0xEA, 0x6E, 0x47, 0x5B, 0xA4, 0xCF, 0x2E, 0xF7, 0xC0, 0x25, 0x56,
    0xA2, 0x26, 0x7D, 0x77, 0x33, 0xEE, 0xC5, 0x3F, 0x7F, 0x80, 0x1C, 0x07, 0x0B, 0xC5, 0x5F, 0x85,
    0x80, 0x41, 0x0E, 0x32, 0xA1, 0x22, 0x78, 0x57, 0x6A, 0x50, 0x03, 0x5F, 0x9D, 0x37, 0x08, 0x6E,
    0x35, 0xD4, 0x65, 0xA2, 0x55, 0x72, 0x77, 0x8A, 0x49, 0xC0, 0x1E, 0x60, 0x0C, 0xB2, 0xE4, 0x32,
    0xB2, 0x01, 0x19, 0xC0, 0xA4, 0x47, 0x91, 0x0E, 0x81, 0x75, 0x70, 0x3F, 0xFA, 0xC0, 0xAD, 0xD5,
    0x10, 0x80, 0x4B, 0x4A, 0xE5, 0xE9, 0x1A, 0x45, 0xBA, 0xD3, 0x7B, 0x48, 0x90, 0x8D, 0x6E, 0x4A,
    0x0F, 0xF3, 0xCB, 0x2A, 0xFC, 0xA6, 0x55, 0xE1, 0xB7, 0xAD, 0x0A, 0x2A, 0x90, 0xF6, 0x97, 0x90,
    0x67, 0x29, 0x41, 0x87, 0xCA, 0xB5, 0xE8, 0x75, 0x44, 0x44, 0x7A, 0xB9, 0x17, 0x69, 0xE1, 0x41,
    0xF2, 0xF7, 0xD2, 0x89, 0xAD, 0x48, 0x9B, 0x97, 0x3D, 0x63, 0xAF, 0xB1, 0x1D, 0xBE, 0xCF, 0x73,
    0x23, 0xD2, 0xBB, 0x43, 0x47, 0xA4, 0x2D, 0x19, 0x36, 0xA3, 0x45, 0x37, 0x73, 0xCE, 0x3A, 0xD7,
    0x4E, 0x86, 0xE5, 0x82, 0xFB, 0x3E, 0x9E, 0x48, 0x03, 0x71, 0x81, 0xD0, 0xF0, 0x66, 0x06, 0x40,
    0xCB, 0x7F, 0x22, 0xD1, 0x1F, 0x53, 0xA4, 0xBD, 0xED, 0x2B, 0x6A, 0x00, 0x22, 0x8D, 0x9F, 0xA0,
    0xBE, 0x2D, 0x5A, 0x78, 0xDB, 0x9E, 0xC3, 0xEF, 0x9F, 0xE4, 0x20, 0xFE, 0xD1, 0x61, 0x55, 0x8D,
    0x1E, 0x30, 0x6B, 0xB0, 0x5D, 0xB8, 0x7B, 0xA4, 0x16, 0xA3, 0x3A, 0xF5, 0x33, 0xA7, 0x3B, 0x85,
    0xF0, 0xDC, 0xEB, 0x10, 0xEB, 0xC9, 0xFB, 0xF8, 0x18, 0x0F, 0x6E, 0xC0, 0x32, 0x71, 0xDB, 0x3C,
    0xED, 0xFD, 0x69, 0x0C, 0xDE, 0xA0, 0xE7, 0x66, 0xEC, 0x64, 0xA4, 0xE8, 0x27, 0x44, 0xA5, 0xF3,
    0xCE, 0xE1, 0x64, 0xA1, 0x95, 0x06, 0x87, 0x83, 0x5D, 0x9F, 0xE5, 0x94, 0x45, 0x13, 0x3F, 0xA1,
    0x3C, 0x2A, 0x5C, 0x70, 0xCE, 0xBC, 0x1E, 0x5D, 0xAC, 0x5F, 0xF2, 0xD3, 0xFD, 0x2C, 0xD9, 0xF0,
    0x51, 0x2C, 0xD9, 0x6B, 0x7E, 0x7E, 0x38, 0x45, 0xD5, 0x22, 0xE8, 0xA0, 0xE8, 0xC0, 0x8D, 0x48,
    0x55, 0x0B, 0x64, 0xCD, 0x31, 0xE3, 0xCE, 0xB5, 0x4E, 0x77, 0xD9, 0x45, 0xF8, 0x08, 0x89, 0xEA,
    0xB2, 0x97, 0x0F, 0x3F, 0x68, 0x92, 0x5F, 0x35, 0xF1, 0x5B, 0x88, 0x77, 0xF4, 0x56, 0x35, 0xFC,
    0x55, 0x03, 0xEF, 0x59, 0x7C, 0x1E, 0x55, 0x54, 0xB7, 0xCF, 0xAA, 0x60, 0xBC, 0x0B, 0x1F, 0xAD,
    0xBC, 0xD1, 0x75, 0x56, 0xEC, 0xE6, 0x3C, 0xFD, 0x8D, 0xE7, 0xD5, 0x87, 0x67, 0xFF, 0xBF, 0xA2,
    0xBA, 0x94, 0xCE, 0x8A, 0x57, 0xDF, 0xF9, 0x89, 0xF4, 0x06, 0x5A, 0xDC, 0xA3, 0xC1, 0x3D, 0x71,
    0x1B, 0x07, 0xD5, 0x6D, 0xE1, 0xE8, 0x45, 0x31, 0xBD, 0x89, 0xB9, 0x26, 0xD1, 0xE9, 0x21, 0x77,
    0x41, 0x96, 0xD2, 0x79, 0xB0, 0xA6, 0xBB, 0x3F, 0xB1, 0x7D, 0x8B, 0xBA, 0x83, 0x3C, 0xA2, 0x7F,
    0xCD, 0x8A, 0xF4, 0x45, 0x3B, 0xF6, 0x24, 0xFD, 0xB5, 0x8B, 0x89, 0x70, 0xB4, 0x44, 0x1A, 0x58,
    0xC4, 0xEF, 0x77, 0xD2, 0x48, 0xD7, 0xD1, 0xBD, 0x26, 0xCA, 0x9B, 0x8D, 0xA5, 0xA6, 0xD0, 0x55,
    0x31, 0x99, 0xC3, 0xE3, 0x51, 0x23, 0x3E, 0x1C, 0xD1, 0x91, 0x86, 0x9B, 0xF8, 0xF9, 0x04, 0xF9,
    0x94, 0xAA, 0xE4, 0x9F, 0x73, 0x75, 0x7D, 0x50, 0x7A, 0xE3, 0x38, 0x0F, 0x34, 0x08, 0xB8, 0x1E,
    0xCF, 0xD3, 0xEB, 0x31, 0x5D, 0x0C, 0xE3, 0xF1, 0x58, 0x29, 0x34, 0xD6, 0x29, 0x2A, 0x67, 0xF5,
    0xA0, 0xB9, 0x20, 0x02, 0x36, 0x2E, 0x66, 0x3A, 0x73, 0xDA, 0xB6, 0xE8, 0xB5, 0x64, 0x6C, 0x59,
    0x62, 0x00, 0xD0, 0x22, 0x0B, 0x41, 0x97, 0x95, 0x12, 0x6C, 0x44, 0xFC, 0xF8, 0xB0, 0x1A, 0xD4,
    0x67, 0x18, 0x8A, 0xA0, 0x49, 0x4C, 0x67, 0xCB, 0x74, 0x88, 0xF5, 0x51, 0x2D, 0xDA, 0x10, 0x6A,
    0xDD, 0x10, 0xDB, 0x81, 0x36, 0xA2, 0x1F, 0x85, 0x6E, 0x66, 0xB5, 0x61, 0x50, 0xB3, 0x36, 0x80,
    0x7A, 0x91, 0x36, 0xAC, 0xBF, 0xA3, 0x4B, 0xD1, 0x06, 0x2D, 0xDA, 0x80, 0x64, 0x05, 0x6D, 0xD0,
    0x37, 0x17, 0x7A, 0xE4, 0x71, 0x2F, 0xB8, 0x7D, 0xFC, 0xE4, 0x76, 0x97, 0x9D, 0x88, 0xFF, 0xB6,
    0x55, 0x88, 0x6F, 0xBA, 0xBE, 0xDB, 0xF6, 0x17, 0xBC, 0xFF, 0xD0, 0x0E, 0xAF, 0x7A, 0xAD, 0x7F,
    0xB0, 0x1E, 0xF5, 0xEA, 0x37, 0x31, 0x3A, 0x12, 0xDD, 0x43, 0x11, 0x61, 0x01, 0x2F, 0x81, 0xDD,
    0xAC, 0x23, 0x49, 0x0A, 0x12, 0xB0, 0x23, 0xFA, 0x03, 0x64, 0xED, 0x44, 0x7F, 0x40, 0x46, 0x18,
    0x8C, 0xAC, 0x3F, 0x9B, 0x20, 0xB7, 0x27, 0xE6, 0x0E, 0xB9, 0xE8, 0x48, 0xF4, 0x9D, 0x16, 0x1D,
    0x01, 0xCA, 0xC2, 0x85, 0x44, 0xB6, 0xAB, 0x48, 0xA7, 0xDA, 0x10, 0x4E, 0x1B, 0x1D, 0xD1, 0xDB,
    0xEF, 0x81, 0x90, 0x01, 0xF1, 0x6E, 0xFE, 0x4C, 0x4D, 0x05, 0x8C, 0x18, 0x3F, 0xE2, 0x07, 0x93,
    0x2B, 0x9B, 0x11, 0xC7, 0x9E, 0xF8, 0x71, 0xDD, 0x6D, 0xA2, 0xC8, 0x6D, 0x7C, 0x00, 0xE0, 0xA1,
    0x01, 0x92, 0x77, 0x1B, 0x6F, 0x1C, 0x8C, 0x82, 0xC6, 0x1F, 0x83, 0xBB, 0xDD, 0xDA, 0xCF, 0x58,
    0xB5, 0xBE, 0xC6, 0x21, 0x00, 0x3E, 0x43, 0x64, 0x96, 0x3F, 0xE2, 0x9B, 0x67, 0x15, 0x88, 0x77,
    0x4A, 0x5F, 0x4D, 0xA6, 0xCD, 0xCB, 0xB8, 0xF7, 0xF8, 0xC4, 0xEF, 0xBB, 0xDC, 0x0F, 0xB7, 0x3C,
    0xBC, 0x72, 0xFB, 0xDA, 0x7E, 0xE3, 0xEB, 0x15, 0x16, 0xB1, 0xD2, 0x9A, 0xB1, 0xE2, 0x16, 0x8A,
    0x49, 0x87, 0x5A, 0xED, 0x8F, 0x91, 0x6A, 0xC1, 0x08, 0x49, 0x0E, 0x10, 0xDA, 0x16, 0xCE, 0x23,
    0x61, 0xE9, 0x1A, 0x55, 0xBC, 0x3D, 0xA2, 0xDF, 0xD6, 0x28, 0x96, 0x28, 0x6C, 0x44, 0xAF, 0x54,
    0xDF, 0xBB, 0x08, 0x03, 0xDA, 0x54, 0x2A, 0x4E, 0x94, 0xC8, 0xC7, 0xF1, 0x8B, 0xE8, 0xD7, 0xCA,
    0x05, 0x66, 0x84, 0x73, 0x5E, 0x2F, 0xA0, 0x32, 0x7A, 0xF9, 0x95, 0x3E, 0x2B, 0xD1, 0x2E, 0x50,
    0xB0, 0xA0, 0x1E, 0x2F, 0xCC, 0xCF, 0xBD, 0xF0, 0xCA, 0x78, 0x66, 0x19, 0x43, 0xDD, 0x9C, 0x22,
    0xDF, 0x4D, 0xB1, 0x63, 0x07, 0xA9, 0x8C, 0xEC, 0x14, 0xB3, 0x3F, 0xCC, 0xEA, 0xE6, 0x3A, 0xFB,
    0x87, 0x4C, 0x19, 0xBD, 0x9B, 0x08, 0xEC, 0x10, 0x89, 0x0C, 0x2D, 0x32, 0x79, 0xE5, 0xA6, 0xD6,
    0xBF, 0x49, 0xD1, 0x69, 0xD0, 0x15, 0xFD, 0xBA, 0x42, 0x96, 0xA3, 0x23, 0x9A, 0x21, 0x86, 0x3E,
    0xB9, 0xA4, 0x11, 0xC9, 0x5E, 0x42, 0x2A, 0xA3, 0x59, 0x7B, 0xD9, 0x09, 0x63, 0x3D, 0xF1, 0xC6,
    0x38, 0x1C, 0x23, 0x0C, 0x89, 0xC2, 0x3E, 0x78, 0xBA, 0x97, 0xC8, 0x9D, 0xB9, 0x84, 0x9E, 0x0C,
    0x9E, 0xD9, 0x21, 0x47, 0x61, 0xD7, 0x7C, 0x6B, 0xFD, 0x1E, 0xCE, 0x56, 0xC4, 0x74, 0x9F, 0x10,
    0xE5, 0x62, 0xDB, 0xD7, 0x7B, 0xEB, 0xB7, 0x98, 0xD7, 0x23, 0x54, 0x38, 0xF4, 0x1C, 0x5E, 0x9B,
    0x6C, 0x0B, 0xE4, 0x02, 0xBA, 0xC0, 0x6E, 0x81, 0x37, 0xD0, 0x33, 0xF8, 0x02, 0x3F, 0xDC, 0x03,
    0xFF, 0xF0, 0xF5, 0x3F, 0xD4, 0x84, 0x42, 0xD0, 0x10, 0x0E, 0xC8, 0x4A, 0x40, 0x02, 0x2D, 0x26,
    0x62, 0x01, 0xF7, 0x47, 0x34, 0x32, 0xF0, 0x75, 0xD0, 0x07, 0xD1, 0x0D, 0x22, 0xE2, 0xEB, 0x86,
    0x31, 0x11, 0x54, 0x04, 0x17, 0x41, 0x46, 0xB0, 0x11, 0x74, 0x04, 0x1F, 0xE3, 0xC8, 0x49, 0xFE,
    0x85, 0x51, 0x12, 0x9C, 0x94, 0x20, 0x25, 0x58, 0x19, 0xB4, 0x08, 0x2F, 0xAB, 0x65, 0x23, 0x36,
    0x30, 0x39, 0x81, 0x4F, 0xF4, 0x3E, 0xCD, 0x56, 0x2B, 0xBB, 0x47, 0x54, 0xD6, 0xCC, 0xB9, 0x1C,
    0x31, 0xC2, 0xCC, 0x0C, 0xB9, 0x3A, 0xA7, 0x11, 0xC5, 0x02, 0x35, 0x54, 0x31, 0x05, 0xF4, 0xDD,
    0x7D, 0x53, 0xC7, 0xA2, 0x8B, 0x7D, 0x7B, 0xCE, 0xF9, 0xF6, 0xDC, 0xDC, 0xB7, 0xAF, 0x3B, 0x6E,
    0x3C, 0x5B, 0x03, 0x86, 0xCE, 0x82, 0x67, 0xE0, 0x13, 0x00, 0x05, 0x42, 0x06, 0x11, 0x60, 0xA4,
    0x6B, 0x36, 0xBA, 0x96, 0xA1, 0x04, 0x45, 0x47, 0x30, 0x81, 0x3F, 0x08, 0x67, 0xAC, 0x6B, 0x04,
    0xD4, 0xD7, 0xD5, 0x7E, 0x89, 0xB0, 0x29, 0xDF, 0x57, 0x2C, 0xEC, 0xE6, 0xD4, 0x25, 0xD7, 0xA6,
    0xBE, 0x9B, 0x38, 0x27, 0x8D, 0x90, 0xA3, 0xFC, 0x82, 0xA0, 0xEC, 0xA1, 0x9C, 0x14, 0xFA, 0xDE,
    0x36, 0xFA, 0xC3, 0xA4, 0x58, 0xE8, 0xFD, 0x82, 0xE3, 0xA8, 0x3F, 0x64, 0x4B, 0x40, 0x3E, 0x24,
    0xA0, 0xC7, 0x92, 0x45, 0x66, 0x88, 0xEC, 0x12, 0xE7, 0x60, 0x38, 0x49, 0xCC, 0xC3, 0x45, 0x9C,
    0x3B, 0xA2, 0xAB, 0xCE, 0x41, 0xF0, 0xB0, 0x45, 0x99, 0xF8, 0x1D, 0x69, 0x5F, 0x5F, 0xCA, 0xD5,
    0xAE, 0x43, 0xC3, 0x24, 0xED, 0x45, 0x22, 0x1A, 0x31, 0x29, 0xE1, 0xD4, 0x15, 0x4F, 0x4F, 0xD6,
    0x37, 0xC6, 0x40, 0x0D, 0xB4, 0x24, 0x20, 0xBB, 0x48, 0x87, 0x57, 0x77, 0x3F, 0x32, 0x42, 0x2E,
    0xB0, 0x1B, 0xE8, 0x7B, 0xF8, 0x2D, 0x06, 0x82, 0x83, 0xC1, 0x02, 0xFF, 0xDC, 0xE0, 0x3F, 0x6B,
    0x32, 0x81, 0x80, 0x0B, 0xC1, 0x0A, 0xD8, 0x90, 0xAF, 0x0B, 0xF8, 0x44, 0x0D, 0x63, 0x84, 0x21,
    0x03, 0xE2, 0x04, 0x06, 0x2E, 0x25, 0xAC, 0x0A, 0x5D, 0xD2, 0xB5, 0xC0, 0xCE, 0xC4, 0x06, 0x25,
    0xE7, 0x28, 0x30, 0xDA, 0x92, 0x79, 0x86, 0x1D, 0x7B, 0x44, 0x0C, 0x95, 0xE0, 0x68, 0x45, 0x5F,
    0xF0, 0xB4, 0xC2, 0x2F, 0xB8, 0x1A, 0x6C, 0x11, 0x2C, 0xC2, 0x57, 0x09, 0xC6, 0xCA, 0xE0, 0xCC,
    0x58, 0x1F, 0x98, 0x0E, 0x60, 0x16, 0x1D, 0x1E, 0xF0, 0x05, 0x42, 0x10, 0x7D, 0xDB, 0x52, 0x48,
    0x37, 0x9B, 0x43, 0x3C, 0x70, 0x59, 0x5F, 0xE2, 0xA9, 0xB9, 0xF8, 0x97, 0xC4, 0xCF, 0xF8, 0x73,
    0x7A, 0x7C, 0xF4, 0x77, 0xCE, 0x7C, 0xC4, 0xD3, 0x91, 0x67, 0xE4, 0x70, 0x8C, 0x13, 0x15, 0xC0,
    0x6D, 0x6E, 0x57, 0x96, 0x50, 0x9E, 0xD5, 0x2F, 0x8C, 0x81, 0x33, 0x46, 0x1B, 0xF3, 0xAC, 0x47,
    0x45, 0x9E, 0x01, 0x2B, 0x92, 0x67, 0xC0, 0x88, 0xE4, 0x99, 0xE5, 0x96, 0x71, 0x53, 0x82, 0x9D,
    0x35, 0xE0, 0xF6, 0xB8, 0x2B, 0xB9, 0xE4, 0x23, 0x27, 0xCF, 0x48, 0xAB, 0xE8, 0x0B, 0xBC, 0x73,
    0xF4, 0x25, 0xC9, 0xF3, 0xBF, 0x12, 0xA4, 0xDF, 0x73, 0x46, 0xA4, 0x8C, 0x1E, 0xB8, 0xA6, 0x9E,
    0xB5, 0x9C, 0x2F, 0x8B, 0x9C, 0x7F, 0x4E, 0x7C, 0x1E, 0xF2, 0x21, 0x7A, 0xAB, 0x76, 0x13, 0x22,
    0xD3, 0xF6, 0xFE, 0x8E, 0x7A, 0xDA, 0x3A, 0x90, 0x84, 0x25, 0xC8, 0x55, 0xC6, 0x3A, 0x10, 0x61,
    0x7B, 0xC2, 0x4B, 0x41, 0x4A, 0xB0, 0xDD, 0xA1, 0x33, 0x3B, 0x0A, 0xBF, 0xDD, 0x55, 0x78, 0xE5,
    0x51, 0xD1, 0x01, 0x80, 0x95, 0x74, 0x20, 0x33, 0x3A, 0x10, 0xB1, 0x0E, 0x20, 0x56, 0x4A, 0xB0,
    0x53, 0x82, 0x9F, 0x12, 0x0C, 0x95, 0xE0, 0x78, 0x44, 0x75, 0xC0, 0xB5, 0xE9, 0x81, 0x63, 0xD3,
    0xB9, 0xCF, 0xE7, 0xF9, 0x1A, 0xBE, 0xFE, 0x59, 0xD9, 0xFA, 0x8B, 0x8B, 0x6C, 0xFD, 0xDF, 0xBA,
    0x73, 0xCF, 0xF2, 0x97, 0x7C, 0x27, 0x57, 0xCA, 0xEF, 0xD4, 0x2B, 0x3C, 0x1F, 0x82, 0x93, 0x23,
    0xE4, 0x87, 0x63, 0x82, 0x06, 0x73, 0x61, 0x91, 0x24, 0x23, 0x20, 0x40, 0xE0, 0x54, 0x80, 0xF3,
    0xF1, 0xDA, 0x55, 0x35, 0x18, 0x03, 0x93, 0x1A, 0xF0, 0x3E, 0x2B, 0x8A, 0xE6, 0xA6, 0x02, 0xF3,
    0xEF, 0x41, 0x10, 0x51, 0x80, 0x2B, 0x5C, 0x40, 0x24, 0x2E, 0x71, 0x37, 0x3D, 0x47, 0xE6, 0x5F,
    0x24, 0xB3, 0xA0, 0x1D, 0x99, 0xE0, 0x79, 0x45, 0xF6, 0x88, 0x58, 0x93, 0x02, 0x02, 0xD6, 0x63,
    0xF2, 0xB5, 0x8E, 0x2A, 0x6B, 0x16, 0xE0, 0x54, 0x01, 0x0C, 0x40, 0x94, 0x84, 0x02, 0x12, 0x80,
    0xE3, 0x73, 0x0C, 0x89, 0x3B, 0x09, 0xFF, 0x66, 0x5E, 0x97, 0x4F, 0xD1, 0x63, 0x13, 0xD2, 0x56,
    0xB2, 0x5E, 0xE3, 0x35, 0xA7, 0x4C, 0xE5, 0x1A, 0x3C, 0xAD, 0xA3, 0x8F, 0x57, 0xFD, 0xF9, 0xCC,
    0x4F, 0x9F, 0x1C, 0x7D, 0xBC, 0x7A, 0x93, 0xF2, 0x0E, 0x13, 0xC2, 0x0E, 0x5B, 0x6F, 0xDF, 0xD4,
    0xC3, 0x33, 0xA1, 0x16, 0x4E, 0xF9, 0xE2, 0xAD, 0xF1, 0xB3, 0x3C, 0x43, 0x97, 0xFA, 0xE9, 0xD1,
    0xC5, 0x3C, 0x3D, 0xE7, 0xAC, 0x7E, 0xDF, 0x2E, 0xF1, 0x2C, 0x85, 0x43, 0xB5, 0xF1, 0x21, 0xA3,
    0xDA, 0x15, 0x99, 0x34, 0xC5, 0xCF, 0xBF, 0x7C, 0x8C, 0xE6, 0x05, 0x43, 0xEC, 0x54, 0xDD, 0x09,
    0x53, 0x6F, 0xB4, 0x91, 0x22, 0x86, 0x03, 0x3D, 0xDA, 0x07, 0xD2, 0x27, 0x44, 0xBD, 0x2B, 0x4E,
    0xE8, 0x22, 0xED, 0xC7, 0x64, 0x6A, 0x08, 0x89, 0xEC, 0x16, 0x92, 0xF5, 0x3A, 0xE6, 0xAB, 0xBD,
    0x11, 0xDA, 0x7C, 0x4C, 0x88, 0x63, 0x3B, 0xBA, 0x6F, 0xDA, 0xE6, 0x99, 0xC8, 0x5F, 0x28, 0x04,
    0xC0, 0x1B, 0x63, 0x06, 0x64, 0xB4, 0x0A, 0xDA, 0x5A, 0xA0, 0xC6, 0x82, 0x4D, 0xF9, 0xA3, 0xC5,
    0x50, 0x62, 0xE8, 0xED, 0x1B, 0x22, 0xED, 0xAA, 0xBE, 0xA8, 0x0B, 0x2B, 0x58, 0xB0, 0xC8, 0x8B,
    0x3E, 0x72, 0x6E, 0x8B, 0xC1, 0xC2, 0xEB, 0x31, 0x40, 0x4F, 0x2A, 0x30, 0xAB, 0x29, 0x8D, 0x0E,
    0x45, 0xCD, 0x5E, 0xCD, 0x2B, 0x53, 0xCA, 0xC0, 0x88, 0x52, 0xB3, 0x44, 0x0A, 0x7C, 0x4D, 0x91,
    0x36, 0x70, 0x33, 0xAF, 0x13, 0x53, 0xE4, 0xA3, 0xA4, 0x80, 0x3F, 0xB6, 0x04, 0xD9, 0xB5, 0xDE,
    0x20, 0x11, 0x91, 0x6A, 0x31, 0xF8, 0xFE, 0x0D, 0x0D, 0x05, 0x95, 0xE4, 0x59, 0xB6, 0x30, 0x27,
    0xD2, 0x19, 0xBF, 0x22, 0x6C, 0x24, 0x4B, 0x82, 0x90, 0xF2, 0x40, 0x56, 0x34, 0xC6, 0x05, 0xFB,
    0xBE, 0x0D, 0x6C, 0xCF, 0x9B, 0xCF, 0x5F, 0xE0, 0x5D, 0x72, 0x95, 0x7C, 0x5D, 0xAA, 0xB5, 0xA0,
    0xF4, 0xEE, 0xC4, 0x25, 0x32, 0xDC, 0x5F, 0x34, 0x03, 0xF2, 0x34, 0x49, 0x78, 0xC5, 0x96, 0x13,
    0x90, 0x0C, 0xDD, 0xFE, 0x58, 0xB1, 0x72, 0x90, 0x76, 0x80, 0x7A, 0xE4, 0x20, 0x8D, 0x70, 0x5B,
    0x12, 0xE2, 0xC1, 0x43, 0xC8, 0xE2, 0x81, 0x11, 0x93, 0x5F, 0x27, 0x4C, 0xE7, 0xBA, 0x1D, 0xD6,
    0x4D, 0x78, 0x2A, 0x5A, 0xE7, 0x6B, 0x33, 0x0D, 0x2F, 0x27, 0x3C, 0x73, 0x62, 0x60, 0xAC, 0x5A,
    0xD4, 0xD8, 0x99, 0x4A, 0xD3, 0x31, 0xA3, 0x72, 0x68, 0x6B, 0x49, 0x6C, 0x4A, 0x1B, 0xB3, 0xC8,
    0x67, 0xCC, 0xCF, 0x12, 0x93, 0x10, 0xDB, 0x32, 0xCE, 0xEB, 0x8E, 0x51, 0xBF, 0xCE, 0xDC, 0xB2,
    0x95, 0x84, 0xB0, 0x9C, 0x19, 0x54, 0xE2, 0xE3, 0x06, 0xB5, 0x68, 0x55, 0x58, 0x4B, 0x02, 0x74,
    0x58, 0x71, 0xFA, 0xF3, 0x3D, 0x10, 0x0C, 0x99, 0xAD, 0x53, 0x92, 0x35, 0x46, 0x15, 0xC6, 0xC4,
    0xE7, 0xA5, 0x45, 0x84, 0xFF, 0x2B, 0x35, 0x8B, 0xBD, 0x45, 0xBF, 0xC7, 0xDF, 0x12, 0xA0, 0xA7,
    0x40, 0x4F, 0x02, 0xEB, 0xE1, 0x99, 0x3C, 0xC7, 0xD4, 0x94, 0x99, 0xF3, 0xAD, 0xDF, 0x0F, 0x05,
    0x85, 0xAD, 0xB9, 0x22, 0x1F, 0x9B, 0x48, 0x11, 0x8E, 0xCD, 0x5C, 0xA6, 0xDF, 0xD9, 0xA9, 0x4C,
    0xC4, 0xB2, 0x53, 0xC6, 0x1E, 0x09, 0x39, 0x6A, 0x73, 0x0E, 0xED, 0x92, 0x10, 0x64, 0x6C, 0x66,
    0x31, 0x31, 0x75, 0xC6, 0x24, 0xC9, 0xB4, 0xD0, 0xE4, 0x96, 0xDE, 0x30, 0xA9, 0xF4, 0x2E, 0x84,
    0x93, 0x32, 0x83, 0x59, 0x94, 0x53, 0x64, 0x39, 0xC1, 0xA9, 0x22, 0x74, 0xFD, 0xB3, 0x8E, 0x0C,
    0x19, 0x1C, 0xD0, 0x25, 0x8B, 0x3A, 0x06, 0x93, 0xEA, 0xE6, 0x00, 0xAF, 0x18, 0x30, 0x0A, 0x26,
    0x82, 0x05, 0x7E, 0x31, 0x18, 0x8B, 0x95, 0x2F, 0x44, 0x56, 0xCD, 0x7C, 0x63, 0x28, 0xC7, 0xAC,
    0xE4, 0xF4, 0x6F, 0xA7, 0xB4, 0xDE, 0x9E, 0x96, 0x3F, 0x0A, 0x56, 0x38, 0xDC, 0x28, 0x3A, 0x62,
    0x03, 0x52, 0x2E, 0x23, 0x71, 0xA6, 0x6E, 0xE4, 0x84, 0x22, 0xF3, 0xC9, 0xCF, 0xC1, 0x94, 0xE1,
    0x2E, 0x7B, 0x91, 0xE4, 0x4C, 0xAB, 0x50, 0x67, 0xCA, 0xA2, 0xD7, 0x4E, 0x0A, 0xB6, 0x65, 0x3A,
    0xE5, 0x98, 0xF8, 0xCD, 0x28, 0x41, 0x1D, 0xE9, 0x12, 0x60, 0xF4, 0xF4, 0x74, 0xB2, 0xD9, 0x4E,
    0xF2, 0x1B, 0xEE, 0x67, 0x22, 0xF7, 0x81, 0x99, 0xBA, 0x1E, 0x8E, 0x4E, 0x88, 0x80, 0xE4, 0xAC,
    0x4F, 0xF1, 0x58, 0x24, 0x2A, 0xAB, 0x44, 0xA0, 0x56, 0x9F, 0x5F, 0x7D, 0xEA, 0x2B, 0x00, 0xAC,
    0x4F, 0x6E, 0x28, 0xD4, 0x93, 0x08, 0x68, 0x64, 0xB5, 0x28, 0x17, 0xBD, 0xB3, 0x54, 0xEA, 0xC9,
    0xE4, 0xD0, 0xE9, 0x85, 0xD0, 0xBB, 0x9C, 0xF5, 0xA4, 0xA8, 0x08, 0xB5, 0xAC, 0x3E, 0x01, 0x86,
    0x7B, 0x73, 0x38, 0x0A, 0xBB, 0x22, 0xCF, 0xBA, 0xF3, 0x4F, 0x5F, 0x0F, 0x73, 0xE3, 0x96, 0x10,
    0x0C, 0x86, 0xC0, 0x00, 0x07, 0x0D, 0x21, 0x77, 0x90, 0x6D, 0xA8, 0x9F, 0x45, 0x8E, 0xFA, 0x79,
    0xFE, 0x58, 0x3F, 0x8F, 0xF6, 0x78, 0xB7, 0x60, 0x6E, 0xC3, 0x49, 0x5E, 0xF4, 0x9D, 0x73, 0x73,
    0x17, 0xAF, 0xEE, 0x7F, 0xF1, 0xEA, 0x22, 0x5E, 0x1C, 0xDB, 0x82, 0x47, 0xB7, 0x05, 0x0F, 0xC9,
    0xAE, 0x9E, 0xF2, 0x4E, 0xEF, 0xDC, 0x82, 0x5F, 0xAC, 0xDE, 0xF7, 0x17, 0xAB, 0x2E, 0xCF, 0x9E,
    0xA9, 0x0D, 0xEA, 0x67, 0xAF, 0x0A, 0xF9, 0x98, 0x94, 0xCA, 0x05, 0xE7, 0xDC, 0x1B, 0xCF, 0x8D,
    0xBD, 0x72, 0x67, 0xEB, 0x0A, 0xA7, 0xBD, 0xE0, 0x7C, 0x7B, 0x61, 0xEE, 0xDB, 0x37, 0x9C, 0xEC,
    0x9D, 0x2D, 0x7A, 0x90, 0x13, 0x1F, 0x48, 0x27, 0xFA, 0x52, 0xA4, 0x1E, 0xE0, 0xE2, 0x8B, 0x06,
    0xE5, 0xB1, 0x55, 0x5C, 0x64, 0x15, 0xFB, 0x7A, 0x02, 0xBB, 0x9E, 0xC5, 0x52, 0xB1, 0x27, 0x63,
    0x4F, 0x47, 0x97, 0x90, 0xC7, 0x16, 0xED, 0xE1, 0x2C, 0x1A, 0xD2, 0x18, 0x6E, 0xBC, 0xF4, 0x76,
    0xAD, 0xA2, 0xCF, 0x4B, 0x84, 0x3F, 0x0F, 0xF3, 0x67, 0x68, 0x69, 0x98, 0xE7, 0xA4, 0xB2, 0x4B,
    0x54, 0x79, 0x82, 0x50, 0x11, 0x5D, 0xD1, 0x02, 0xE6, 0x47, 0xD9, 0xAA, 0xF8, 0x8E, 0xAC, 0xC4,
    0xCE, 0x3D, 0x06, 0xCD, 0x09, 0xAA, 0xB2, 0x1A, 0x52, 0x06, 0x8B, 0xB2, 0xC3, 0xE3, 0x2D, 0x4A,
    0x79, 0x91, 0x2C, 0xB4, 0x04, 0x78, 0xDB, 0x52, 0x66, 0x8B, 0xF0, 0xA1, 0xE2, 0xE1, 0xA0, 0x29,
    0xE8, 0xF9, 0xB4, 0x4E, 0xAA, 0x02, 0xD1, 0x86, 0x67, 0x45, 0xFA, 0xC6, 0xAD, 0x09, 0xCE, 0x95,
    0x60, 0xA2, 0x65, 0x83, 0x92, 0xFF, 0xDE, 0xD5, 0x9F, 0x4E, 0x8F, 0xFA, 0x52, 0x1E, 0x86, 0x1A,
    0x69, 0x65, 0x89, 0x9F, 0xCF, 0xE9, 0x15, 0xCC, 0xA1, 0x25, 0x92, 0xAA, 0x20, 0x28, 0x34, 0xCB,
    0xA4, 0x07, 0x8A, 0xDA, 0xF1, 0x1C, 0x0E, 0xC9, 0xA3, 0xD7, 0xC9, 0x71, 0x2C, 0xA9, 0x8D, 0x11,
    0xF3, 0x19, 0xEF, 0x93, 0xB0, 0x50, 0x11, 0xB5, 0xD1, 0x96, 0x44, 0xFA, 0x67, 0x1B, 0x9A, 0x38,
    0xC1, 0x13, 0x2A, 0x28, 0x89, 0x15, 0x4F, 0x7E, 0x7D, 0xE4, 0x1A, 0xDA, 0x4D, 0xA7, 0x3D, 0xFF,
    0x09, 0x97, 0xBD, 0x50, 0x0D, 0xD2, 0x2D, 0x24, 0xD7, 0x75, 0xAC, 0x38, 0xC2, 0x6A, 0xDA, 0x3E,
    0x7D, 0x38, 0xBE, 0xFF, 0x70, 0xFC, 0x2C, 0x29, 0x6E, 0xB2, 0xC3, 0x9B, 0x33, 0x47, 0xC6, 0xAB,
    0x2F, 0xA9, 0x66, 0xDC, 0x04, 0x3B, 0x83, 0x9F, 0xC1, 0xF0, 0x21, 0x70, 0x5C, 0xF0, 0x3A, 0xC4,
    0x9C, 0x7E, 0x3E, 0xAA, 0xB0, 0xD1, 0xCD, 0x83, 0x5B, 0x07, 0xFF, 0x4B, 0xCB, 0x7A, 0xE9, 0xE3,
    0x37, 0xAF, 0xC0, 0xB9, 0x06, 0xEE, 0x5F, 0x4B, 0x1A, 0xDA, 0xC9, 0x1B, 0x9E, 0xE7, 0xEB, 0x61,
    0x8C, 0xE1, 0x6B, 0x7E, 0xDB, 0xC2, 0xE3, 0x26, 0x58, 0xA4, 0x00, 0x48, 0xC4, 0xF9, 0x16, 0x3C,
    0x74, 0x07, 0x8C, 0x62, 0x2B, 0x9F, 0x5D, 0xF8, 0x3B, 0xCB, 0xB3, 0x34, 0x01, 0x78, 0x23, 0x20,
    0xA3, 0x87, 0x24, 0xA4, 0x49, 0x66, 0xCA, 0x2B, 0x6E, 0x5D, 0x32, 0x59, 0x4D, 0x6A, 0x2E, 0x20,
    0x4F, 0x63, 0x04, 0x2C, 0xA3, 0x91, 0x24, 0x9D, 0xC7, 0x8D, 0x55, 0x80, 0x9A, 0x8D, 0x5C, 0x4A,
    0xF1, 0x0A, 0x68, 0x06, 0xFA, 0x7F, 0x4A, 0x18, 0xA8, 0x00, 0xE5, 0x24, 0x8F, 0xB0, 0xEA, 0x31,
    0xC2, 0xA1, 0xDC, 0x34, 0x13, 0x6C, 0xB2, 0xAF, 0xDE, 0x2D, 0x71, 0x66, 0xB7, 0xC2, 0xC9, 0x44,
    0x60, 0xF2, 0xD5, 0x4F, 0xC7, 0x56, 0x2A, 0x89, 0xC3, 0xC3, 0xF1, 0x93, 0xC5, 0x53, 0xA5, 0x62,
    0xB7, 0x49, 0x03, 0x22, 0x2C, 0x70, 0x1D, 0x56, 0x31, 0xAE, 0x24, 0x41, 0x30, 0x91, 0x4D, 0x6B,
    0x28, 0x79, 0x09, 0x52, 0x39, 0x51, 0xDE, 0x04, 0xF3, 0xC2, 0x45, 0x17, 0x63, 0xD9, 0xA3, 0xCD,
    0x53, 0x3D, 0x96, 0xF0, 0x7C, 0xA8, 0xBC, 0x4A, 0x05, 0xB9, 0x0A, 0x2A, 0xBC, 0xBF, 0xAC, 0x1A,
    0xBF, 0x62, 0x72, 0xBD, 0x34, 0x40, 0x14, 0x63, 0x75, 0xBA, 0x06, 0xD4, 0xF5, 0xA8, 0x1B, 0x07,
    0x80, 0x60, 0x1B, 0x7E, 0xA7, 0xD4, 0x1D, 0x94, 0x98, 0xEB, 0x38, 0xA9, 0x91, 0x50, 0xAA, 0x1A,
    0xA7, 0xB6, 0xA3, 0x89, 0x29, 0x91, 0xA3, 0x01, 0x91, 0x27, 0x2F, 0xFE, 0x7A, 0x26, 0xB1, 0xCB,
    0x6B, 0x1B, 0x79, 0x44, 0x62, 0x27, 0x8C, 0xE6, 0xF7, 0x81, 0x33, 0xC8, 0xEE, 0x09, 0x72, 0x33,
    0x18, 0xE1, 0x4D, 0x82, 0x3A, 0x40, 0x6F, 0xA9, 0x0A, 0x34, 0xAE, 0x6A, 0x0C, 0xBE, 0xC6, 0xF5,
    0x8C, 0xE1, 0x97, 0x2D, 0x7C, 0x1B, 0x55, 0xB8, 0x04, 0x37, 0x29, 0x3B, 0x9C, 0x4D, 0x26, 0x2C,
    0x3B, 0xD5, 0x25, 0x9F, 0x6A, 0xFD, 0x75, 0x4B, 0x73, 0x1C, 0xE3, 0xA1, 0xBE, 0x1B, 0xC3, 0xAF,
    0x40, 0x62, 0xFE, 0xC0, 0xA9, 0x83, 0xD5, 0x52, 0x91, 0xCA, 0xB3, 0xB4, 0xBF, 0xE3, 0x67, 0x97,
    0x2D, 0x0F, 0x71, 0x1D, 0x17, 0xB9, 0xEE, 0xF0, 0xEC, 0x09, 0x1B, 0x44, 0xA3, 0xFF, 0x34, 0xCF,
    0x3C, 0x22, 0xF9, 0xF6, 0x47, 0xA8, 0xF7, 0xAF, 0x04, 0xDF, 0x15, 0x77, 0xE1, 0x57, 0xBF, 0x33,
    0x33, 0x2A, 0xF0, 0x2A, 0x4F, 0xC3, 0x8D, 0x0B, 0xD4, 0x8F, 0x11, 0xE1, 0xE8, 0x8F, 0x69, 0xC0,
    0xF7, 0x5A, 0x8E, 0x09, 0x34, 0x1F, 0xB2, 0x8A, 0x33, 0xE5, 0x5C, 0xC1, 0x1C, 0xCA, 0x3C, 0x92,
    0xBB, 0xDE, 0xDD, 0xB3, 0xF3, 0x71, 0x34, 0x46, 0x63, 0x29, 0x00, 0xC8, 0x43, 0x4E, 0x25, 0x8D,
    0x30, 0x22, 0x6F, 0x00, 0xEA, 0xE8, 0xBD, 0x05, 0x4D, 0xA0, 0xCB, 0xA0, 0x01, 0xA7, 0x0D, 0x7A,
    0xBF, 0x1D, 0x41, 0xF3, 0x6D, 0xEB, 0x8F, 0xC3, 0x1A, 0x8C, 0xD8, 0xB0, 0xCC, 0x10, 0x90, 0x0C,
    0x13, 0xC6, 0xBB, 0xA0, 0xC5, 0x5F, 0x77, 0x08, 0x5F, 0xAB, 0xB7, 0x4F, 0x13, 0x05, 0x90, 0x24,
    0xCB, 0x44, 0x11, 0x9C, 0x35, 0x10, 0xA1, 0x8E, 0xEE, 0xB5, 0xE4, 0x6F, 0x74, 0x44, 0x8C, 0x1D,
    0x0A, 0xC7, 0x76, 0x2C, 0x29, 0x88, 0x12, 0x4C, 0x08, 0xA6, 0x43, 0xD0, 0x20, 0x19, 0x82, 0xEF,
    0x70, 0x76, 0xBC, 0xE0, 0xAA, 0x54, 0xA2, 0x01, 0x93, 0x00, 0xAE, 0x00, 0xC1, 0x60, 0x02, 0x08,
    0xFE, 0x9A, 0x3D, 0x1F, 0xC2, 0x9E, 0x91, 0x17, 0xDC, 0x5D, 0xD4, 0x77, 0xAC, 0x4B, 0x9E, 0x9A,
    0xDC, 0xB7, 0x09, 0x1A, 0xFE, 0x53, 0xFC, 0xDA, 0xE1, 0x2F, 0xE5, 0xFA, 0xEC, 0x22, 0xBB, 0x28,
    0xDE, 0x44, 0xBC, 0x43, 0x90, 0xA5, 0x6B, 0xA6, 0x54, 0x93, 0x67, 0x92, 0xEC, 0x72, 0x07, 0x53,
    0xDE, 0x66, 0xD7, 0xDE, 0xF4, 0x67, 0x32, 0x16, 0x78, 0x2F, 0x1D, 0xEA, 0xDF, 0xAC, 0xAF, 0xAF,
    0x7F, 0xDA, 0x97, 0x76, 0xE7, 0x38, 0xB0, 0x89, 0xA3, 0xFE, 0xCE, 0xAD, 0xC9, 0xCD, 0x3F, 0xA5,
    0xEB, 0xDE, 0x01, 0x9A, 0x2D, 0x51, 0xD5, 0x27, 0xA2, 0xDD, 0x00, 0x12, 0x37, 0xD6, 0xD3, 0x64,
    0xCF, 0xD6, 0xA3, 0x88, 0xD3, 0xDA, 0xAA, 0xFE, 0x4C, 0x22, 0x45, 0x09, 0xF7, 0xD6, 0xD7, 0x2F,
    0xF1, 0xAF, 0xD4, 0x52, 0xA1, 0xA9, 0x34, 0xE4, 0x0F, 0xD7, 0x53, 0x1B, 0x3C, 0xDB, 0x38, 0x64,
    0xF0, 0x95, 0x09, 0x51, 0x6C, 0x30, 0x95, 0xDB, 0xF2, 0x87, 0x74, 0x36, 0xD4, 0x31, 0x1E, 0xE4,
    0x60, 0x41, 0x41, 0xC5, 0xA1, 0xA7, 0x27, 0x2F, 0xD7, 0x29, 0xC8, 0x05, 0xD8, 0x4B, 0x69, 0x96,
    0x4F, 0xD9, 0x56, 0x8D, 0xE8, 0xB1, 0x64, 0xDE, 0x3D, 0x52, 0x5A, 0x6F, 0xCF, 0xC5, 0xEE, 0xC9,
    0xF3, 0x22, 0x06, 0x14, 0x93, 0x7C, 0x59, 0xBD, 0x44, 0x47, 0xDC, 0x6D, 0x20, 0x0E, 0xFA, 0x85,
    0xD1, 0x2F, 0xF9, 0x79, 0xF2, 0x23, 0xE8, 0x37, 0x76, 0x55, 0x24, 0xC4, 0x79, 0xE0, 0x5D, 0xC0,
    0x1B, 0x46, 0xA9, 0xCD, 0x08, 0xAB, 0xD3, 0xE1, 0x7D, 0x76, 0x19, 0xFF, 0xE4, 0xF3, 0x60, 0x4E,
    0xCF, 0x9C, 0xC4, 0x6A, 0xF6, 0x49, 0x52, 0x5E, 0x37, 0x6B, 0x72, 0x36, 0xE3, 0x14, 0xFE, 0x84,
    0x93, 0x70, 0xA5, 0x6F, 0xEF, 0x50, 0x61, 0x61, 0x3B, 0x5F, 0xB9, 0x19, 0xE3, 0xFE, 0x06, 0x01,
    0x9D, 0xE7, 0x7D, 0x0C, 0xCE, 0xF4, 0x5F, 0xA5, 0x5C, 0x0E, 0x6F, 0x9F, 0x75, 0x76, 0xE6, 0xAB,
    0x58, 0xD9, 0x9B, 0x9F, 0x39, 0x7B, 0xED, 0xFC, 0xB5, 0xF3, 0xFC, 0x7A, 0xF3, 0x8D, 0xE5, 0x1E,
    0x29, 0x41, 0x73, 0xF6, 0xCC, 0xCB, 0x30, 0x0A, 0x45, 0xA3, 0xB5, 0x3B, 0x6F, 0xAE, 0xBE, 0xF9,
    0xFA, 0xDA, 0x9D, 0x68, 0xE4, 0xA5, 0xC0, 0x9F, 0x90, 0xDF, 0xFF, 0x98, 0x87, 0x40, 0xE1, 0x7B,
    0xA3, 0xB0, 0xFC, 0x2C, 0xFE, 0x93, 0x11, 0x98, 0xA2, 0x8C, 0x64, 0xCA, 0xA3, 0xF5, 0xE7, 0xF8,
    0x3E, 0x89, 0xE3, 0x6B, 0xF8, 0x5F, 0x55, 0xF8, 0xC3, 0x6A, 0xE3, 0xBD, 0x32, 0xD3, 0xCA, 0xC3,
    0xF1, 0xFA, 0x12, 0xDB, 0xF8, 0x04, 0x1C, 0xA7, 0xDB, 0xE0, 0xFE, 0x34, 0x91, 0xFA, 0xE3, 0xAF,
    0xB6, 0x60, 0xCC, 0x6A, 0xD5, 0xAB, 0x37, 0xA7, 0x92, 0x2C, 0xBE, 0xC9, 0x00, 0x8C, 0xA6, 0x8F,
    0x66, 0x9F, 0x93, 0xF3, 0x51, 0x4A, 0x45, 0x52, 0x7A, 0x58, 0x72, 0xB1, 0x94, 0x1C, 0x01, 0x4D,
    0xB3, 0xF8, 0x6B, 0xEE, 0x58, 0xF1, 0xAC, 0x7C, 0x58, 0xB1, 0xB7, 0x47, 0xC7, 0x70, 0xC4, 0x47,
    0x18, 0x5A, 0xF9, 0xC8, 0x2E, 0x10, 0xFE, 0x88, 0x1C, 0x46, 0x20, 0x79, 0x48, 0x0B, 0x48, 0xC6,
    0x30, 0xE6, 0x24, 0x24, 0x3D, 0x03, 0x5C, 0xD9, 0x78, 0x7A, 0x04, 0x47, 0xD0, 0x27, 0x1A, 0x8B,
    0x3A, 0x52, 0x2D, 0xB3, 0xAE, 0x63, 0xD0, 0x98, 0xF0, 0x74, 0x22, 0x8E, 0xA7, 0xAC, 0x82, 0xA8,
    0x38, 0x30, 0x2D, 0x4A, 0x09, 0x4B, 0x25, 0xF2, 0x6F, 0x95, 0x09, 0x49, 0x17, 0xA5, 0xD8, 0x7C,
    0x1B, 0xC0, 0x8F, 0x66, 0x3B, 0x76, 0xCF, 0x17, 0x43, 0x0C, 0x4B, 0x0D, 0x4B, 0x0E, 0x97, 0x1E,
    0x8B, 0x3A, 0x95, 0x72, 0x68, 0x62, 0x89, 0x62, 0xA9, 0x62, 0xC9, 0x62, 0xE9, 0x62, 0x09, 0xC3,
    0x94, 0x51, 0x86, 0x34, 0xCA, 0xD0, 0x46, 0x19, 0xE2, 0x28, 0x43, 0x1D, 0x65, 0xC8, 0xA3, 0x0C,
    0x7D, 0xFA, 0xF8, 0x5D, 0x28, 0xD4, 0x98, 0x85, 0x22, 0x63, 0x09, 0xDE, 0xC1, 0x0B, 0x16, 0x22,
    0x15, 0xAD, 0x84, 0xEE, 0xC3, 0x4E, 0xC8, 0x04, 0x02, 0xE4, 0xD2, 0x69, 0x60, 0x0A, 0x15, 0xBE,
    0xC8, 0x95, 0xFF, 0x41, 0x4D, 0x11, 0x6B, 0xF8, 0x79, 0x75, 0x02, 0x70, 0xDB, 0x8C, 0xAA, 0xB0,
    0xF3, 0xD3, 0x03, 0x99, 0x25, 0xEC, 0x3D, 0x19, 0x22, 0xEE, 0xF0, 0xDF, 0xC8, 0xCF, 0xE7, 0x70,
    0x6B, 0x58, 0x82, 0xAB, 0x13, 0x47, 0xF9, 0x1D, 0xB4, 0x99, 0xE8, 0x9B, 0x25, 0x14, 0x9D, 0xBF,
    0x74, 0x18, 0x73, 0x7E, 0x88, 0x20, 0xFA, 0xD7, 0x49, 0xC3, 0x8F, 0xF5, 0x1A, 0xDE, 0x3B, 0x08,
    0x6D, 0x1C, 0xBA, 0xCE, 0x2F, 0xBB, 0xE5, 0x6E, 0xDB, 0x64, 0x8E, 0x31, 0x52, 0x0A, 0xF6, 0x74,
    0x1A, 0xD6, 0x28, 0x75, 0x51, 0x19, 0xE7, 0x61, 0x35, 0x4C, 0x07, 0x35, 0x7D, 0xCA, 0x41, 0x1D,
    0x4D, 0x8A, 0x1A, 0xDD, 0x66, 0x0F, 0xFD, 0xE7, 0x93, 0x91, 0x14, 0x35, 0x65, 0x29, 0xA5, 0x84,
    0x36, 0x70, 0x05, 0x4E, 0xCD, 0x31, 0xCA, 0x5D, 0x77, 0xE5, 0x6C, 0x64, 0x2B, 0x08, 0x92, 0xC6,
    0x90, 0x00, 0x81, 0x61, 0x9F, 0x74, 0x50, 0x19, 0x57, 0xFE, 0xE5, 0x45, 0x75, 0x78, 0xB4, 0x3C,
    0xA4, 0xE5, 0xE0, 0x0D, 0x60, 0x03, 0xE9, 0x42, 0xE0, 0x14, 0x42, 0xA7, 0x10, 0x3C, 0x85, 0xB0,
    0x41, 0x70, 0x03, 0x4D, 0x5C, 0xE1, 0x9E, 0x18, 0x68, 0xFA, 0x07, 0x14, 0xBF, 0xB2, 0xF9, 0x27,
    0xCD, 0x20, 0x22, 0x62, 0x3D, 0x02, 0xE5, 0xAE, 0x00, 0x52, 0x02, 0x95, 0x60, 0xE5, 0xDD, 0x33,
    0x18, 0xDA, 0xF4, 0xF7, 0x00, 0xB0, 0x15, 0x18, 0x9F, 0xC0, 0xF1, 0xDF, 0x84, 0x31, 0xF2, 0xC2,
    0x2F, 0x18, 0x5C, 0xBC, 0xC7, 0x20, 0xDF, 0xA7, 0x52, 0xF0, 0x29, 0x91, 0x0E, 0x60, 0x61, 0x60,
    0x08, 0x1A, 0x02, 0x87, 0xE0, 0x61, 0xFA, 0x11, 0x56, 0xFB, 0x81, 0xF4, 0x2C, 0x48, 0x67, 0xDC,
    0x9A, 0xC1, 0x82, 0x8F, 0x97, 0x1E, 0x1C, 0xD9, 0x7A, 0xFF, 0x6A, 0xB0, 0x5F, 0xB3, 0x08, 0x9C,
    0x67, 0x49, 0x36, 0xD7, 0x90, 0x0F, 0xCD, 0x2A, 0x7D, 0x39, 0xCA, 0xEA, 0x24, 0xD2, 0x17, 0x84,
    0x1B, 0x55, 0x26, 0x69, 0x49, 0x6B, 0x3C, 0x1C, 0x6F, 0x40, 0x71, 0x82, 0xC9, 0xC7, 0xA4, 0x3B,
    0x26, 0x2D, 0x32, 0x35, 0x5A, 0x02, 0x36, 0x74, 0x04, 0x52, 0x23, 0x58, 0x48, 0x6E, 0x30, 0xD6,
    0x29, 0x92, 0xDC, 0xEF, 0x4E, 0x97, 0x84, 0x59, 0x81, 0x2B, 0xAA, 0xA2, 0x12, 0xF0, 0xDD, 0x46,
    0xFC, 0x32, 0x70, 0xFD, 0x11, 0x45, 0xF4, 0xB7, 0xF0, 0xB8, 0x46, 0xF5, 0x8B, 0x9C, 0x88, 0x46,
    0x76, 0x48, 0x21, 0x6E, 0x2D, 0x05, 0xD0, 0x3C, 0xF0, 0x9C, 0xB4, 0x08, 0xC8, 0x91, 0x8B, 0xD9,
    0x6D, 0xAE, 0x78, 0xA3, 0x95, 0xD2, 0x6A, 0x06, 0x32, 0x33, 0xC9, 0x22, 0xF1, 0x6D, 0xA7, 0x88,
    0x31, 0x98, 0x29, 0x58, 0xFB, 0x6C, 0x95, 0x8A, 0xD5, 0x3C, 0x2C, 0x58, 0xFB, 0x68, 0xF5, 0x00,
    0xC5, 0x88, 0x32, 0x58, 0x64, 0x79, 0x89, 0xA5, 0x08, 0x0B, 0x02, 0xC3, 0xA5, 0x73, 0x04, 0xCE,
    0x1C, 0x3C, 0x07, 0x2F, 0x41, 0x44, 0x81, 0xF6, 0x01, 0x14, 0x08, 0x16, 0x50, 0x20, 0x2A, 0x21,
    0xA4, 0xCE, 0x31, 0x57, 0xA1, 0x4E, 0x77, 0xEA, 0x55, 0x70, 0xB6, 0x31, 0xD1, 0x8E, 0x93, 0x06,
    0x3F, 0x48, 0x8D, 0x96, 0x24, 0x63, 0x96, 0x19, 0x10, 0x32, 0x8D, 0x58, 0x24, 0x8B, 0xB0, 0x68,
    0x10, 0x8B, 0x66, 0x1E, 0x8B, 0x50, 0x28, 0x17, 0x43, 0xF8, 0x88, 0x4D, 0xCE, 0x25, 0x4F, 0xAF,
    0x16, 0xE4, 0x27, 0x35, 0x82, 0xCA, 0x0F, 0xB8, 0xB2, 0x5E, 0x46, 0x67, 0x9C, 0xC5, 0x59, 0x85,
    0xAF, 0xCE, 0xDF, 0x06, 0x52, 0x83, 0xDD, 0x6B, 0xCE, 0x81, 0x03, 0xFD, 0xFB, 0x07, 0x6B, 0x79,
    0x09, 0x73, 0x92, 0x67, 0x9A, 0x53, 0x42, 0x70, 0x08, 0x1E, 0x02, 0x08, 0x21, 0xDA, 0x1F, 0xA4,
    0x67, 0x65, 0x42, 0xAE, 0xF2, 0x14, 0x25, 0xE7, 0x02, 0x13, 0xCE, 0x83, 0xE8, 0xFF, 0xC0, 0xD1,
    0x22, 0xE8, 0x54, 0xEF, 0x39, 0x18, 0xDB, 0x20, 0xF3, 0x3B, 0x58, 0x81, 0x78, 0x42, 0x8A, 0x93,
    0xD9, 0x7D, 0x4A, 0xF0, 0x26, 0xB4, 0xB6, 0xC8, 0xD3, 0x9C, 0x20, 0x38, 0xAD, 0xF3, 0x8E, 0xA7,
    0x93, 0x5A, 0xF6, 0x33, 0x3B, 0xE7, 0x10, 0x97, 0x05, 0x87, 0x8F, 0x18, 0x40, 0x7A, 0x9A, 0x26,
    0xA4, 0xE2, 0x16, 0xD0, 0xB9, 0xF1, 0x67, 0x00, 0xA9, 0x4F, 0xE9, 0x03, 0x4A, 0x23, 0xDF, 0xA5,
    0x8C, 0xE9, 0x7D, 0xB6, 0x18, 0x13, 0x0F, 0x58, 0xE6, 0xC5, 0xE4, 0x30, 0xBD, 0xD3, 0xA1, 0x6C,
    0x60, 0x38, 0x73, 0x49, 0xE5, 0xD4, 0x15, 0x9A, 0xED, 0xD5, 0x12, 0xC1, 0x0D, 0x93, 0xC0, 0x09,
    0xFB, 0xAC, 0x58, 0x22, 0x6B, 0x92, 0xC0, 0xA9, 0xE4, 0xA6, 0xD8, 0x79, 0x0D, 0x2B, 0x7B, 0x2C,
    0x84, 0x44, 0x14, 0x0E, 0x67, 0x39, 0xA1, 0x83, 0x12, 0x1B, 0xEA, 0x1B, 0x3F, 0x46, 0x63, 0xEB,
    0x9B, 0x59, 0x3D, 0xB3, 0x32, 0xC4, 0xBB, 0xFA, 0xC9, 0xFD, 0x33, 0xD7, 0x66, 0x45, 0xF3, 0x70,
    0xC6, 0x3A, 0xCE, 0x6E, 0x0E, 0x66, 0xB6, 0x34, 0x9A, 0xBD, 0xAE, 0xDF, 0xEA, 0xE8, 0x51, 0x77,
    0xA6, 0x31, 0x93, 0x4F, 0x03, 0xDA, 0xA3, 0x31, 0xA8, 0x84, 0x58, 0x21, 0x47, 0xAF, 0xD5, 0xE3,
    0xEF, 0xD4, 0xB1, 0xAC, 0xFA, 0xFD, 0xEC, 0xCC, 0xB6, 0x7D, 0x2B, 0x92, 0x43, 0xC0, 0xCF, 0xCA,
    0xE3, 0x65, 0x2B, 0x1F, 0x71, 0x07, 0xC9, 0x35, 0x4C, 0x65, 0x66, 0x28, 0xDD, 0x89, 0x8A, 0x7E,
    0x8E, 0x8D, 0x32, 0x4D, 0x98, 0xA7, 0x89, 0x0A, 0x74, 0x99, 0x60, 0x72, 0x8D, 0xD6, 0xB9, 0x27,
    0xD6, 0x0B, 0x4F, 0xC4, 0xAF, 0x7E, 0x1D, 0x9B, 0x5D, 0x6C, 0x32, 0x7C, 0x62, 0x92, 0x42, 0x33,
    0xCC, 0xA1, 0x89, 0x4B, 0x68, 0xA2, 0x72, 0x98, 0x9B, 0x86, 0x08, 0x4D, 0x7B, 0xB0, 0x45, 0xA8,
    0xB1, 0xA8, 0xA9, 0x98, 0xC9, 0xED, 0x24, 0xAD, 0x29, 0xB0, 0xA8, 0x99, 0xC5, 0xD2, 0xD3, 0xED,
    0x29, 0x6A, 0x69, 0x45, 0x3E, 0xA6, 0xD8, 0x13, 0x4A, 0xB0, 0x9B, 0x16, 0x13, 0xED, 0x09, 0xA5,
    0x97, 0x93, 0x14, 0x93, 0xED, 0x49, 0x4A, 0xF3, 0x18, 0xA9, 0x51, 0x50, 0x6A, 0xC1, 0x24, 0x61,
    0x5D, 0x6F, 0x8D, 0x2D, 0x9A, 0x0F, 0xE2, 0x3E, 0xB7, 0x31, 0x6D, 0x11, 0x07, 0x6F, 0xB4, 0xCD,
    0x35, 0x66, 0xDD, 0x22, 0x8A, 0x45, 0x01, 0xC8, 0x31, 0x58, 0x46, 0x80, 0x72, 0xD8, 0xCD, 0x57,
    0x74, 0xF0, 0xF8, 0x8B, 0xD0, 0x28, 0xCE, 0xF7, 0xF7, 0x07, 0xCA, 0xFC, 0x2B, 0x82, 0x88, 0x92,
    0x88, 0xF5, 0x54, 0xA8, 0xBA, 0xE8, 0x35, 0x48, 0xAD, 0xD0, 0xA6, 0x24, 0x48, 0x18, 0x08, 0x45,
    0x15, 0x25, 0xBC, 0xC3, 0x9A, 0x52, 0xDE, 0x83, 0x86, 0x92, 0xDE, 0x41, 0x43, 0x69, 0x6F, 0xDC,
    0xC0, 0x01, 0xD0, 0xF0, 0x1B, 0x4A, 0x7D, 0xFB, 0x0D, 0x25, 0xBF, 0xF1, 0xA4, 0x37, 0x41, 0x4B,
    0x89, 0x2B, 0x75, 0x74, 0x49, 0x29, 0x70, 0x49, 0xA6, 0x4E, 0xCF, 0x71, 0xD8, 0xBD, 0x60, 0x12,
    0x33, 0x3B, 0xDD, 0x99, 0x33, 0x76, 0x87, 0x1F, 0xDB, 0xB9, 0x63, 0xAD, 0x83, 0xA9, 0x0B, 0xB0,
    0x77, 0x63, 0xBA, 0x98, 0x9F, 0x66, 0x66, 0x53, 0x23, 0x9A, 0xA9, 0xBA, 0x24, 0xB9, 0x7A, 0x5A,
    0x31, 0x8F, 0xA0, 0xFB, 0xC4, 0x15, 0x02, 0x5E, 0x71, 0xDE, 0x1E, 0x3B, 0x6B, 0x92, 0xCD, 0xE1,
    0xFC, 0x3D, 0xD5, 0x6E, 0x53, 0x0E, 0xBF, 0x23, 0xB6, 0x71, 0x02, 0x95, 0x10, 0x99, 0x24, 0x24,
    0xE8, 0xA1, 0x1E, 0x85, 0xB3, 0x7B, 0x0F, 0xF1, 0x52, 0x03, 0x89, 0x09, 0x41, 0x98, 0x8D, 0x46,
    0x29, 0xAB, 0x60, 0xD1, 0xDF, 0x30, 0xBB, 0x58, 0x57, 0x64, 0x99, 0x53, 0xB4, 0x7D, 0x1F, 0x96,
    0x48, 0xE1, 0xC6, 0x84, 0x07, 0xA3, 0x82, 0x87, 0xA3, 0x84, 0x07, 0x24, 0x90, 0x30, 0x1C, 0x92,
    0x86, 0x39, 0x0D, 0x4A, 0x31, 0x0D, 0x9A, 0x8A, 0xC7, 0x4D, 0x94, 0x7A, 0x1C, 0x9A, 0x50, 0xF8,
    0xF1, 0x90, 0xD3, 0xF0, 0x94, 0xA5, 0x11, 0xEF, 0x89, 0x31, 0x90, 0x2C, 0x47, 0x21, 0x76, 0x50,
    0xB2, 0x0E, 0x62, 0xAD, 0xD8, 0xE5, 0x13, 0x8F, 0x8F, 0x1D, 0x3E, 0xF1, 0xF7, 0xC4, 0xDD, 0x13,
    0x6F, 0xEF, 0xCC, 0xBC, 0x38, 0x7A, 0x92, 0x22, 0x0D, 0x7E, 0xED, 0x78, 0x5E, 0xBD, 0x48, 0xAA,
    0xA0, 0x96, 0x24, 0x81, 0xF8, 0x8F, 0x81, 0xE8, 0x5E, 0x70, 0xD7, 0x0C, 0xB7, 0x32, 0xE2, 0xCA,
    0x34, 0x1F, 0x9A, 0x13, 0x1E, 0x77, 0x2B, 0x33, 0xF4, 0x2A, 0x41, 0x93, 0x07, 0x60, 0x10, 0x52,
    0x19, 0x83, 0x79, 0x18, 0x4E, 0x4A, 0x1E, 0x89, 0x0B, 0x1E, 0x8C, 0x11, 0x4D, 0x42, 0x76, 0x84,
    0xAB, 0x29, 0xD0, 0x0A, 0xA2, 0xF4, 0x98, 0x09, 0xC8, 0x27, 0xE0, 0xE3, 0xF6, 0x3C, 0x47, 0xA0,
    0x7E, 0x4E, 0x8E, 0xFF, 0x0A, 0xFB, 0xFD, 0x31, 0xBB, 0xFD, 0xC8, 0x73, 0xAF, 0x21, 0x9E, 0xFB,
    0x35, 0xF1, 0x1C, 0x7C, 0x7E, 0xE4, 0xB9, 0x0C, 0xDE, 0x2F, 0x1F, 0x59, 0x9E, 0x3F, 0x28, 0xDE,
    0x39, 0xC5, 0xF1, 0x0E, 0xC9, 0x04, 0xA0, 0x4E, 0x32, 0x01, 0xB8, 0xF3, 0x7E, 0x96, 0x39, 0xCB,
    0xC4, 0xCB, 0xCF, 0xA7, 0x4C, 0x40, 0xD0, 0x0F, 0x32, 0x81, 0x61, 0x3F, 0xCA, 0x04, 0x04, 0xFE,
    0x2B, 0x1C, 0xFA, 0xC7, 0x1C, 0xFC, 0xA3, 0x4C, 0xC4, 0x2C, 0x13, 0xF0, 0x5C, 0x92, 0x89, 0xFC,
    0xE8, 0xDB, 0x01, 0xCC, 0x74, 0x28, 0x93, 0xEC, 0x30, 0xF9, 0x0E, 0x93, 0xF2, 0x90, 0xAC, 0xC7,
    0x29, 0x96, 0x0D, 0x92, 0x09, 0x78, 0x1A, 0xCB, 0x44, 0xFE, 0x22, 0xD9, 0x89, 0x30, 0x27, 0x99,
    0x00, 0xA4, 0x57, 0x18, 0xF7, 0x98, 0x0F, 0x28, 0x13, 0x70, 0xA0, 0x19, 0xD5, 0x9C, 0x64, 0x02,
    0x9C, 0x85, 0xE7, 0x62, 0x6C, 0x70, 0x67, 0xCA, 0x06, 0x0B, 0x8E, 0xA7, 0xF8, 0x48, 0x32, 0x81,
    0x14, 0xF8, 0x35, 0xC7, 0x6E, 0xCF, 0xBD, 0x4C, 0x38, 0x0E, 0x50, 0x66, 0xF2, 0xFF, 0x7B, 0x42,
    0x17, 0xCF, 0x84, 0x4C, 0xB6, 0xA3, 0xC6, 0x66, 0xF5, 0x5D, 0x32, 0x36, 0x83, 0xAD, 0x71, 0xE6,
    0xF6, 0x1E, 0xA2, 0xF8, 0xC6, 0x9F, 0x99, 0x62, 0xE8, 0x13, 0x4D, 0x7D, 0x15, 0xA3, 0xF5, 0x0E,
    0x7D, 0x3B, 0xA3, 0x61, 0x3D, 0xB6, 0xD6, 0xF8, 0x5F, 0xAD, 0x09, 0xCF, 0xC6, 0x12, 0x9F, 0x79,
    0x63, 0x09, 0xD0, 0x06, 0x23, 0x89, 0xD0, 0x78, 0xAF, 0x2E, 0x0F, 0xE7, 0x9B, 0x25, 0x46, 0xDB,
    0xB3, 0xC1, 0x59, 0xDF, 0x31, 0x61, 0x9A, 0x8D, 0xD3, 0x6C, 0xA0, 0x66, 0x23, 0xB5, 0x3E, 0x54,
    0xB3, 0xB1, 0xDA, 0x83, 0x83, 0x35, 0x37, 0x60, 0xB3, 0x7C, 0xEA, 0x3B, 0xF3, 0x1B, 0x3A, 0xDB,
    0xE8, 0x6C, 0xFE, 0xE2, 0xE9, 0x3D, 0x6A, 0x9D, 0x3D, 0xFD, 0xE3, 0x7E, 0x27, 0xF3, 0xB5, 0xCB,
    0xB6, 0x7B, 0xAD, 0xBF, 0xD6, 0xD9, 0x3B, 0x67, 0xED, 0x44, 0x3F, 0x5E, 0xF6, 0xC5, 0x44, 0x59,
    0xEF, 0xCE, 0xAF, 0xA5, 0x0F, 0xC2, 0xC7, 0x99, 0x83, 0x6A, 0xF7, 0xEB, 0x9E, 0xE8, 0x59, 0x26,
    0x2C, 0xC2, 0x25, 0x81, 0xC2, 0x24, 0x53, 0x28, 0x0B, 0x6C, 0x8A, 0x26, 0x36, 0x94, 0xC6, 0x59,
    0x5F, 0xC3, 0xAA, 0x77, 0x75, 0x25, 0xCC, 0x1A, 0xFB, 0xBA, 0xB4, 0x5C, 0x72, 0x18, 0xE6, 0xB0,
    0xCC, 0x61, 0x9A, 0xC3, 0x36, 0x87, 0x71, 0x2E, 0xEB, 0x1C, 0xE6, 0x3D, 0x24, 0xFB, 0xE6, 0xD8,
    0xE8, 0xB0, 0x64, 0xAA, 0xBB, 0x70, 0x77, 0x6E, 0x97, 0x6B, 0x8B, 0x7F, 0x36, 0xC5, 0xD6, 0x53,
    0x7D, 0x24, 0xC5, 0x81, 0x14, 0x5B, 0x1C, 0x6E, 0x25, 0x8A, 0xA2, 0x20, 0x8A, 0x63, 0xA8, 0x7D,
    0x43, 0xA8, 0x81, 0x3B, 0xCF, 0x53, 0x8A, 0xAA, 0x9D, 0x24, 0x3D, 0x03, 0xEA, 0x81, 0x92, 0x71,
    0xD0, 0xC1, 0x2D, 0x18, 0x1F, 0xBF, 0x41, 0xD3, 0x03, 0x6D, 0x82, 0x67, 0x30, 0x58, 0x0F, 0xEB,
    0x82, 0x8B, 0x34, 0xF6, 0xA8, 0x60, 0x63, 0x7B, 0x63, 0x71, 0x91, 0xDD, 0xB2, 0x33, 0xAD, 0xC4,
    0x53, 0xFE, 0xB1, 0xF3, 0xED, 0x8A, 0x53, 0x0A, 0xC0, 0xED, 0xCA, 0xB1, 0xC9, 0x79, 0xA2, 0x26,
    0xE7, 0xD8, 0x0C, 0x3C, 0x69, 0x33, 0x40, 0xEE, 0xD1, 0xA0, 0xEB, 0x03, 0xE7, 0x48, 0xF5, 0x6D,
    0x48, 0x51, 0x73, 0x40, 0xFB, 0xF4, 0x51, 0x9D, 0xD5, 0xFE, 0x6E, 0xD1, 0xAA, 0x53, 0xEB, 0x62,
    0x37, 0x8F, 0x39, 0x49, 0x09, 0xB1, 0x98, 0xDE, 0x94, 0x15, 0x42, 0x62, 0xD8, 0x36, 0xA3, 0xB6,
    0xC0, 0x16, 0x13, 0x54, 0x49, 0x2E, 0x3B, 0xF9, 0x7D, 0x49, 0x7B, 0x0E, 0xA6, 0xC5, 0xF4, 0xCE,
    0x22, 0x47, 0x27, 0x41, 0x7B, 0x18, 0x92, 0xA9, 0x8F, 0xF5, 0x9F, 0x0F, 0x4C, 0x15, 0x4F, 0x3D,
    0xE4, 0x2A, 0x9E, 0xC7, 0xFD, 0x6F, 0x07, 0xF9, 0x15, 0x2A, 0x00, 0x09, 0xBF, 0xE9, 0x66, 0xB7,
    0xF2, 0xBC, 0x32, 0xBB, 0xC2, 0x24, 0xFE, 0xE9, 0x94, 0xFC, 0xB8, 0x9D, 0xF8, 0xA2, 0xB1, 0x58,
    0x76, 0xE5, 0x8B, 0xD1, 0xDD, 0x78, 0x91, 0x14, 0x9A, 0xCD, 0x87, 0xCC, 0xBE, 0x89, 0x7F, 0x29,
    0x3B, 0x27, 0x7A, 0xAD, 0xD9, 0x3B, 0x11, 0x4F, 0xD3, 0xEE, 0x89, 0xCC, 0x52, 0xCD, 0x79, 0x4D,
    0xDA, 0x41, 0x31, 0x91, 0x55, 0x12, 0xC8, 0x28, 0xDE, 0x45, 0x11, 0xD3, 0x96, 0xB4, 0x8F, 0x22,
    0x56, 0x9A, 0xD2, 0x4E, 0x8A, 0x71, 0x2A, 0x7B, 0x29, 0x0E, 0x53, 0xD9, 0x4D, 0x31, 0x93, 0xFD,
    0x14, 0xF5, 0x84, 0xE9, 0x83, 0xD3, 0x0F, 0x48, 0x20, 0x5F, 0x6E, 0xF9, 0x99, 0xA8, 0x83, 0xFC,
    0x87, 0x83, 0x2D, 0xD3, 0xD9, 0x31, 0x5F, 0xED, 0xCC, 0x17, 0x89, 0x29, 0x47, 0x6A, 0x9C, 0xEA,
    0x06, 0xD7, 0xE2, 0xC9, 0x4E, 0x8B, 0xCA, 0xEE, 0xB5, 0x68, 0x77, 0x5B, 0xEC, 0xF7, 0x5B, 0x9C,
    0xDA, 0x71, 0xF1, 0xC5, 0xA3, 0xFC, 0x0C, 0x31, 0xB7, 0x66, 0xCB, 0xFE, 0x0E, 0x8E, 0xF2, 0x42,
    0xF8, 0x40, 0x28, 0x18, 0xFE, 0xBB, 0x72, 0x0C, 0x6C, 0x7F, 0x0C, 0x4B, 0x09, 0x67, 0x34, 0x3F,
    0x34, 0x92, 0x7B, 0x85, 0xF5, 0x03, 0x06, 0xA6, 0x15, 0x19, 0x16, 0x0B, 0x65, 0xC2, 0x50, 0xB8,
    0xC7, 0x84, 0xCC, 0x6F, 0x84, 0xB1, 0x18, 0x12, 0xB1, 0x4E, 0xC8, 0xF8, 0xEA, 0x94, 0x0C, 0x02,
    0xD8, 0x4B, 0xAC, 0x5C, 0xAA, 0xC2, 0x09, 0x3B, 0x48, 0x11, 0x56, 0xCC, 0x02, 0x00, 0xC3, 0x5B,
    0x65, 0x30, 0xC6, 0x49, 0xCD, 0x68, 0x04, 0x97, 0x0C, 0xCB, 0x24, 0xD0, 0xFF, 0x84, 0xE6, 0x6D,
    0x8B, 0x36, 0x57, 0xED, 0x80, 0x52, 0x43, 0xFD, 0x23, 0x8D, 0xC5, 0x4C, 0xDE, 0x47, 0x2E, 0x09,
    0x77, 0x67, 0x88, 0x9C, 0xCD, 0xD0, 0xD1, 0x1E, 0x8D, 0x94, 0x88, 0xDB, 0x13, 0xEF, 0x53, 0x9C,
    0x16, 0x8A, 0xDD, 0x1F, 0x08, 0xEA, 0x7E, 0x7A, 0x1C, 0xBA, 0x3D, 0x61, 0x3F, 0xEA, 0x98, 0x86,
    0x4F, 0x2B, 0xFC, 0xDD, 0x3E, 0x63, 0x30, 0x32, 0x7B, 0x65, 0x8F, 0xCD, 0xCE, 0x2C, 0xCD, 0xF5,
    0x23, 0x3E, 0x60, 0x79, 0xB9, 0xE8, 0x3C, 0xF0, 0x6D, 0xD7, 0x74, 0x32, 0x53, 0xEE, 0xFB, 0xA4,
    0xCC, 0xE6, 0x91, 0x1B, 0x4D, 0x0E, 0x86, 0x2C, 0x4E, 0xB1, 0x9A, 0x55, 0x24, 0xDB, 0x59, 0xCA,
    0x1F, 0x24, 0x97, 0xC7, 0x54, 0xBD, 0x9F, 0x77, 0x74, 0x48, 0xC7, 0xD2, 0x0F, 0x19, 0x61, 0x88,
    0x22, 0x13, 0xA9, 0x49, 0xA6, 0xA3, 0x37, 0x7A, 0x52, 0x63, 0xE9, 0x11, 0x32, 0xD2, 0xA7, 0x8C,
    0x91, 0x4E, 0x52, 0x31, 0xD2, 0x49, 0x2A, 0x46, 0x7A, 0xF8, 0x10, 0x46, 0xFA, 0xB9, 0x47, 0xF0,
    0x71, 0x47, 0x21, 0x7E, 0x9D, 0x33, 0xC6, 0xA5, 0xFF, 0x7F, 0x5E, 0xE6, 0xBF, 0x6E, 0xAE, 0xDC,
    0xD7, 0xB8, 0x1C, 0x47, 0x5D, 0xF7, 0xB1, 0x2B, 0xCF, 0x13, 0x55, 0x0F, 0x47, 0x44, 0x85, 0x04,
    0x25, 0xAA, 0xA2, 0x1A, 0x13, 0x55, 0xB9, 0x53, 0xF1, 0x18, 0x78, 0x4C, 0xD5, 0xC7, 0x95, 0xD5,
    0xF0, 0x87, 0x2C, 0xA1, 0xB2, 0x19, 0xAF, 0xD9, 0xBB, 0x5A, 0x85, 0x17, 0xAB, 0x87, 0x9B, 0x30,
    0x78, 0xD1, 0xE2, 0x50, 0xFC, 0x2F, 0x75, 0x62, 0x5A, 0x4D, 0xE9, 0x8D, 0xF9, 0x7F, 0x3F, 0x0F,
    0xF5, 0x9F, 0x7B, 0x9E, 0xF7, 0xF8, 0xE8, 0x98, 0x3E, 0x4F, 0x3B, 0x7E, 0xFC, 0x3F, 0xED, 0x5D,
    0xBD, 0x8F, 0xE4, 0xC6, 0x95, 0x2F, 0x92, 0xBB, 0x43, 0x68, 0x09, 0x98, 0x0A, 0x64, 0x40, 0xBE,
    0x05, 0x96, 0x17, 0x28, 0x90, 0x03, 0x99, 0xFF, 0x80, 0x76, 0x49, 0x3B, 0x75, 0xE0, 0x4D, 0xE4,
    0x03, 0x74, 0x81, 0x1D, 0x28, 0x32, 0x7C, 0x5E, 0x07, 0x0A, 0x1C, 0x48, 0x4D, 0x5E, 0xEC, 0xC0,
    0x03, 0x1C, 0x04, 0x1C, 0xA0, 0xC0, 0x1B, 0x48, 0x81, 0x37, 0xD9, 0x0D, 0x36, 0x90, 0x00, 0xCD,
    0x90, 0xC0, 0x05, 0x0E, 0xAF, 0x71, 0x80, 0xED, 0xE0, 0x12, 0xDE, 0x79, 0x01, 0xDB, 0x97, 0x98,
    0x06, 0x68, 0xB8, 0x47, 0x66, 0xB3, 0xAE, 0xDE, 0xAB, 0xF7, 0xAA, 0x8A, 0x6C, 0x76, 0x6F, 0xAF,
    0x3D, 0xB3, 0x9A, 0x59, 0x75, 0x63, 0x67, 0xEA, 0x71, 0xA6, 0x87, 0x4D, 0xBE, 0x8F, 0xDF, 0xFB,
    0xA8, 0xF7, 0xB8, 0x42, 0x8C, 0x5F, 0x1D, 0xAD, 0x7E, 0x4F, 0x84, 0xC7, 0x84, 0xF8, 0x3E, 0xAD,
    0xB7, 0xC2, 0x52, 0x13, 0xD9, 0x77, 0x1A, 0x26, 0x96, 0xF4, 0xAB, 0xA3, 0x52, 0x6C, 0x7F, 0x79,
    0x0F, 0x72, 0x4D, 0xA4, 0x72, 0x0D, 0xCB, 0x0F, 0x15, 0x21, 0x3B, 0xFC, 0x88, 0x5B, 0x0F, 0xA4,
    0xFC, 0x43, 0x2E, 0xE0, 0xC7, 0x47, 0x52, 0x2E, 0x45, 0x85, 0xA7, 0x55, 0x44, 0xA6, 0xD6, 0x50,
    0xCA, 0x63, 0x24, 0x0A, 0xF5, 0x03, 0x91, 0xE6, 0xC2, 0x97, 0xFF, 0xA6, 0x3E, 0x39, 0x29, 0x45,
    0xBC, 0x0A, 0x5A, 0x24, 0xB2, 0xA5, 0xAF, 0x4E, 0x94, 0xE4, 0x42, 0xE2, 0x05, 0xA7, 0x79, 0xA0,
    0xBE, 0xCB, 0x52, 0x14, 0x22, 0x6A, 0xE1, 0xEF, 0xE4, 0x20, 0xE2, 0x5A, 0xBD, 0x41, 0xCA, 0x95,
    0x48, 0xD5, 0x35, 0xFA, 0x74, 0xCA, 0xC7, 0x78, 0x3D, 0x05, 0xDF, 0xEE, 0x82, 0x89, 0x13, 0xFE,
    0xD5, 0x09, 0x5F, 0xFC, 0x29, 0x13, 0x05, 0x13, 0x99, 0x21, 0x6A, 0x22, 0x92, 0x96, 0x88, 0x68,
    0x50, 0xDF, 0x8E, 0x81, 0x8D, 0xF2, 0xEC, 0xAD, 0x87, 0xF8, 0x53, 0x75, 0x0D, 0x12, 0x99, 0x1B,
    0x29, 0x42, 0x73, 0xE9, 0x1F, 0x86, 0xE3, 0x4D, 0x26, 0xBD, 0x4F, 0xEB, 0x30, 0x59, 0x5F, 0xA7,
    0x33, 0x7F, 0x4B, 0xF3, 0x3C, 0xF9, 0x65, 0x47, 0xAB, 0xFE, 0xCC, 0xE8, 0x9B, 0x4B, 0xB1, 0xD7,
    0xEB, 0x16, 0x08, 0x42, 0x7D, 0x2E, 0x70, 0xB8, 0xE8, 0xF1, 0x2E, 0x7C, 0xC5, 0x1D, 0x91, 0xE5,
    0x22, 0x96, 0x52, 0x33, 0xB3, 0x81, 0x83, 0x5A, 0xC8, 0x3C, 0xA9, 0xD5, 0x1A, 0xAC, 0xE1, 0x20,
    0x5A, 0xAA, 0x9B, 0x8A, 0x1A, 0xB5, 0xC6, 0x52, 0x28, 0xAE, 0x47, 0x75, 0xFA, 0xB0, 0x0E, 0x56,
    0xEA, 0x57, 0x59, 0xDC, 0xA9, 0xB7, 0xA4, 0x75, 0x16, 0xC8, 0x0F, 0xD5, 0xBD, 0xE5, 0x0B, 0xA1,
    0xBE, 0x2B, 0x09, 0x9F, 0x2A, 0xF1, 0x7E, 0x5B, 0x36, 0x8A, 0x85, 0xDE, 0x47, 0x2E, 0x2B, 0x99,
    0x93, 0x8B, 0x09, 0x43, 0xB3, 0xE9, 0xCA, 0xDA, 0x42, 0x3A, 0x95, 0x10, 0x9B, 0xE3, 0xC9, 0x1A,
    0xD1, 0x9D, 0x87, 0xA4, 0x8D, 0x7E, 0x3E, 0x7F, 0xE7, 0x11, 0xEB, 0x66, 0xC2, 0xAC, 0xE2, 0x33,
    0x88, 0x23, 0xFA, 0x13, 0xAF, 0x7D, 0x53, 0x13, 0xC1, 0x4A, 0x32, 0xC1, 0x97, 0x7B, 0xFF, 0x75,
    0xB1, 0xFF, 0xCB, 0xE7, 0x33, 0xC7, 0xFC, 0x59, 0x11, 0x5D, 0x9D, 0x08, 0x59, 0x49, 0x02, 0x63,
    0x6B, 0x4C, 0x78, 0x2B, 0xFE, 0xFB, 0xFE, 0x1A, 0x13, 0x29, 0x11, 0x2B, 0x60, 0x8B, 0xD2, 0x7D,
    0x6F, 0x05, 0x7C, 0xCB, 0xD6, 0x22, 0xEC, 0x4E, 0xD0, 0x46, 0xA4, 0x6C, 0xC1, 0x6C, 0x3C, 0x45,
    0xD4, 0xA8, 0xBC, 0x89, 0x3C, 0x43, 0x43, 0x42, 0xC6, 0x18, 0xA2, 0xE2, 0x1B, 0xCE, 0x80, 0x0D,
    0x85, 0xFA, 0x96, 0x76, 0x60, 0x5A, 0xA8, 0x91, 0x1F, 0x7F, 0x57, 0xF6, 0xA8, 0xAD, 0x12, 0x8C,
    0x0F, 0x2D, 0x54, 0x9D, 0x04, 0x2F, 0xE9, 0x07, 0xBF, 0x38, 0x30, 0xF3, 0xA2, 0x99, 0x39, 0x7A,
    0x1D, 0xBF, 0xC6, 0x77, 0x34, 0x30, 0xD7, 0x88, 0xF0, 0xDB, 0xF7, 0xB7, 0x00, 0xAA, 0xC5, 0x54,
    0xA2, 0x65, 0x67, 0xEC, 0x1D, 0x91, 0x35, 0x90, 0x9A, 0x1B, 0x00, 0xAE, 0x01, 0x5D, 0x16, 0xE0,
    0x6B, 0x20, 0xF5, 0x2F, 0x10, 0x62, 0xD5, 0xF7, 0x92, 0x51, 0x56, 0xFD, 0x76, 0x60, 0xA0, 0x85,
    0x9B, 0xAA, 0x09, 0x6B, 0x81, 0x23, 0x35, 0xC1, 0xAD, 0x62, 0xD3, 0x13, 0x41, 0x88, 0x2B, 0x52,
    0x75, 0x91, 0x04, 0xBA, 0x37, 0x95, 0xD1, 0x33, 0xEE, 0x02, 0xB4, 0x30, 0xF4, 0xC2, 0x8F, 0x19,
    0x7D, 0x7F, 0x3F, 0x42, 0x50, 0x17, 0x56, 0x1D, 0x64, 0x70, 0x51, 0xE3, 0x25, 0x87, 0x06, 0x64,
    0x60, 0x4D, 0x02, 0x09, 0xF0, 0xDF, 0x26, 0x93, 0x73, 0x1A, 0x60, 0x76, 0xB1, 0xD9, 0x85, 0xE7,
    0x11, 0x42, 0xBB, 0x20, 0x3D, 0xC2, 0xE9, 0x09, 0x54, 0x7B, 0x96, 0x54, 0x00, 0xEA, 0xE1, 0x1D,
    0x22, 0x86, 0x7A, 0xFA, 0x0E, 0x11, 0x46, 0xF5, 0x8D, 0x23, 0x92, 0xAA, 0xDF, 0xA9, 0x1F, 0x23,
    0x98, 0xAA, 0xCB, 0x18, 0x8E, 0x35, 0x9E, 0x2A, 0x6E, 0xC9, 0x46, 0x43, 0x2A, 0x7C, 0x56, 0xA3,
    0x51, 0x55, 0x9D, 0xF2, 0x4C, 0x68, 0x60, 0x55, 0x6C, 0xCC, 0x85, 0xC6, 0xD6, 0x23, 0x10, 0x12,
    0xC1, 0x2B, 0x5C, 0x93, 0x46, 0x58, 0xBC, 0x52, 0x0D, 0xB2, 0x67, 0x9A, 0x53, 0x1A, 0x67, 0x5D,
    0xAF, 0xE5, 0xF8, 0x2D, 0xC3, 0x56, 0xB0, 0xCF, 0xC2, 0xDA, 0x6C, 0x66, 0xED, 0x38, 0xB3, 0xB6,
    0x9D, 0x39, 0x9A, 0x65, 0x7D, 0x7A, 0x62, 0x19, 0x1A, 0xCF, 0x92, 0x91, 0xF5, 0x42, 0x0C, 0xC7,
    0x63, 0x44, 0x7E, 0x01, 0x54, 0xF6, 0xB1, 0x55, 0x59, 0x13, 0x25, 0xD9, 0xC8, 0xC1, 0x0D, 0x1E,
    0xC6, 0x92, 0x70, 0x45, 0x31, 0x52, 0xF7, 0x83, 0xCA, 0x3E, 0x4D, 0x65, 0x27, 0x1C, 0xCB, 0xE6,
    0xC9, 0x0B, 0x52, 0x59, 0x7A, 0x7D, 0x43, 0xCC, 0x7E, 0xD4, 0x88, 0xBE, 0xB5, 0x35, 0xE4, 0x3D,
    0xA8, 0xFB, 0x73, 0x54, 0xF7, 0x2F, 0xB5, 0xBC, 0xF6, 0xF6, 0xA8, 0x97, 0x4B, 0x5E, 0x51, 0x3E,
    0x67, 0xB2, 0x0E, 0x79, 0x23, 0xDF, 0x2F, 0x5A, 0x3C, 0x60, 0xDD, 0x39, 0xB9, 0xE7, 0x91, 0x01,
    0x3C, 0x72, 0x2C, 0x20, 0xE8, 0x28, 0x5D, 0xE7, 0x42, 0xC1, 0x11, 0xEB, 0xBF, 0xE8, 0x29, 0x6D,
    0x57, 0xAF, 0xBB, 0x10, 0x2E, 0xA3, 0x15, 0x24, 0xB9, 0x8A, 0xC5, 0x4F, 0xC9, 0x0C, 0x92, 0xD2,
    0xEB, 0x00, 0x3E, 0xD0, 0x0E, 0xD2, 0x5C, 0x69, 0x7D, 0x46, 0x86, 0x90, 0x01, 0x87, 0x33, 0xB2,
    0x84, 0x42, 0x1F, 0x68, 0x53, 0xA8, 0x40, 0xF7, 0x17, 0xDA, 0x16, 0x7C, 0x59, 0x26, 0x2B, 0xB1,
    0x66, 0x63, 0x80, 0x57, 0x4F, 0xD6, 0xF0, 0x3B, 0x29, 0x0B, 0xD9, 0x92, 0x39, 0x7C, 0x53, 0xAE,
    0x22, 0x59, 0xBA, 0xF8, 0x35, 0x02, 0xB0, 0x11, 0x82, 0x8D, 0x20, 0x6C, 0x64, 0x13, 0x23, 0xA3,
    0x18, 0x59, 0xC5, 0xC8, 0x2C, 0x46, 0x76, 0x31, 0x32, 0x8C, 0x91, 0x65, 0x8C, 0x4D, 0x63, 0x64,
    0x1B, 0x63, 0xE3, 0x70, 0xAD, 0xE3, 0x05, 0x14, 0xC9, 0x16, 0x8E, 0xBA, 0x20, 0x35, 0x96, 0xC2,
    0x25, 0x13, 0x89, 0x62, 0xA2, 0x5B, 0xE7, 0x8A, 0x97, 0xDB, 0x0E, 0x76, 0x96, 0xC3, 0x76, 0xD7,
    0xC8, 0x0E, 0xD2, 0xBE, 0x3C, 0xD2, 0x9E, 0x7F, 0xFD, 0xD0, 0x75, 0x36, 0x3D, 0x95, 0xD3, 0xB8,
    0x66, 0xE7, 0xCB, 0xC1, 0x5E, 0x33, 0xBA, 0x1C, 0xF5, 0x7A, 0x19, 0xAE, 0x19, 0x9D, 0x8E, 0x02,
    0xE2, 0x13, 0x00, 0x71, 0x2A, 0xB1, 0x89, 0xCF, 0xA0, 0x64, 0x89, 0x8E, 0x47, 0xFD, 0xEB, 0x95,
    0x8C, 0xB4, 0xEB, 0x49, 0xF4, 0x81, 0x76, 0x3E, 0x69, 0xE9, 0xC1, 0x81, 0x76, 0x3F, 0x59, 0xA9,
    0xA4, 0x91, 0xE6, 0xDA, 0x01, 0x55, 0xCB, 0x68, 0xAD, 0x3E, 0x87, 0x5D, 0x10, 0xC6, 0x08, 0xDA,
    0x09, 0xFD, 0x59, 0xCA, 0x9F, 0xCB, 0x9E, 0xDC, 0xD0, 0xB2, 0x18, 0x42, 0xB9, 0x74, 0x1D, 0xD1,
    0x2E, 0x5E, 0x2F, 0xF6, 0x64, 0xBC, 0xD8, 0x12, 0x67, 0xB9, 0x8E, 0x69, 0xE4, 0x9A, 0x46, 0x1E,
    0x69, 0x72, 0x10, 0xB9, 0xD6, 0xE3, 0xB8, 0xA8, 0x49, 0x40, 0x3E, 0xB2, 0x92, 0xB1, 0x9D, 0x8C,
    0x83, 0x35, 0xFF, 0x34, 0x17, 0x8E, 0xAD, 0x28, 0xED, 0x14, 0xD6, 0x5A, 0x94, 0x92, 0xF6, 0xC2,
    0xDA, 0x4B, 0x32, 0x7C, 0x57, 0x72, 0xE0, 0x16, 0x97, 0xA2, 0x68, 0xF0, 0xAE, 0xD9, 0x66, 0xA4,
    0x53, 0x79, 0x4E, 0xF3, 0x70, 0xE5, 0xD4, 0x9F, 0x33, 0x91, 0x34, 0x58, 0x7C, 0xD6, 0x96, 0x93,
    0x61, 0x4D, 0x22, 0xE3, 0x38, 0xAE, 0xCA, 0xE1, 0xAC, 0x95, 0x60, 0xEB, 0xF9, 0x2F, 0xB5, 0x86,
    0x6B, 0x13, 0xCD, 0x29, 0x85, 0x7C, 0x5B, 0x5D, 0x2E, 0x59, 0xD0, 0xFF, 0xA2, 0xF4, 0x6A, 0x8E,
    0xE9, 0xF2, 0x7B, 0x12, 0x6B, 0x47, 0x86, 0xC9, 0x6F, 0x3F, 0xF8, 0x78, 0x2A, 0x8D, 0x89, 0xA4,
    0x26, 0x22, 0xDD, 0x38, 0x3C, 0x1D, 0x1F, 0x4E, 0x4E, 0x95, 0x4D, 0x0E, 0xEB, 0xD1, 0xE1, 0xC8,
    0xAE, 0x26, 0x96, 0x35, 0xB5, 0xAD, 0x89, 0x75, 0x4D, 0xED, 0x6B, 0xC3, 0xC2, 0xD8, 0x92, 0xBC,
    0xEA, 0xD8, 0x31, 0xA5, 0x04, 0x24, 0x64, 0x6C, 0x49, 0x82, 0x1D, 0xB1, 0x31, 0x85, 0xF2, 0x83,
    0x8A, 0x6A, 0xD5, 0xE1, 0x12, 0xEA, 0x6F, 0x29, 0x55, 0xAC, 0x95, 0x0E, 0xA9, 0x5F, 0x70, 0xDD,
    0x3A, 0xAE, 0x7D, 0xA5, 0x1C, 0x51, 0xAD, 0x0D, 0x2A, 0xAE, 0xA3, 0x0E, 0x8E, 0xB4, 0x45, 0x25,
    0x35, 0x54, 0x3D, 0x62, 0xAA, 0x64, 0x67, 0x35, 0xCA, 0xAD, 0xD4, 0x36, 0x25, 0x3B, 0xB4, 0x62,
    0x63, 0x54, 0xC3, 0x5B, 0x6F, 0x57, 0x3D, 0x59, 0x55, 0x87, 0x52, 0x6A, 0xC8, 0xAC, 0xCA, 0x44,
    0x07, 0xE5, 0x6C, 0x57, 0x6F, 0x3F, 0xF8, 0x45, 0x3E, 0x65, 0xFB, 0xE9, 0x0E, 0x81, 0x15, 0x3B,
    0x24, 0x30, 0x39, 0x1A, 0x6B, 0xFD, 0xC8, 0xB9, 0x8C, 0x0C, 0x6C, 0x6C, 0x54, 0x93, 0xA3, 0x91,
    0x8D, 0x8D, 0x8D, 0x6C, 0x6B, 0xED, 0x5C, 0x78, 0xA3, 0xB7, 0x89, 0x60, 0xB5, 0xEB, 0xD0, 0xBB,
    0xBF, 0xDB, 0xAF, 0x7D, 0x39, 0x2C, 0xF6, 0xF1, 0xC8, 0x62, 0x9D, 0x68, 0x73, 0x12, 0x7C, 0x4E,
    0xC2, 0xCF, 0x2B, 0x63, 0xB1, 0x07, 0xDD, 0x38, 0xA0, 0xF9, 0x36, 0xDD, 0x08, 0xC7, 0x81, 0x6F,
    0xBC, 0x9C, 0x3F, 0xD4, 0x9A, 0x63, 0xA2, 0xE4, 0x83, 0xE6, 0x1C, 0x34, 0xC7, 0xBC, 0x3E, 0x19,
    0x09, 0x7A, 0x24, 0x58, 0xD1, 0x8F, 0x8E, 0xDE, 0x7D, 0xC6, 0x14, 0xEB, 0x10, 0x69, 0x5C, 0xD2,
    0x48, 0xC3, 0x77, 0xF5, 0x2A, 0x18, 0x1D, 0x74, 0xEE, 0xDB, 0xCE, 0xF7, 0x60, 0xB5, 0x79, 0xA0,
    0x71, 0x85, 0x76, 0x90, 0x35, 0xAA, 0x98, 0x03, 0xEC, 0x58, 0x59, 0x89, 0xA3, 0x81, 0x2B, 0xC1,
    0xEA, 0xA0, 0xC2, 0xCA, 0x22, 0xE0, 0x89, 0xB7, 0x0A, 0xA9, 0x00, 0xAC, 0xD0, 0xC4, 0xEB, 0xD3,
    0xF5, 0x3F, 0xAD, 0x09, 0x4B, 0xBC, 0x5E, 0xD9, 0xF3, 0x29, 0x21, 0x89, 0x07, 0xE7, 0xC4, 0xD6,
    0x0B, 0xC0, 0x11, 0x89, 0x68, 0x41, 0x28, 0x22, 0xF5, 0x9E, 0x9C, 0xC6, 0x10, 0xA9, 0x25, 0x8A,
    0x08, 0x02, 0x36, 0xA0, 0xC2, 0x06, 0x8D, 0x1F, 0x8A, 0x21, 0x5E, 0xD5, 0x09, 0x27, 0x0B, 0x5F,
    0x9A, 0xA2, 0x30, 0x34, 0x5F, 0x30, 0x72, 0x48, 0xF9, 0x79, 0x3E, 0x11, 0xEE, 0x55, 0xCE, 0xC2,
    0x57, 0x5B, 0x40, 0xE0, 0x22, 0xE8, 0xF5, 0x1E, 0xF4, 0x89, 0x83, 0x29, 0xCA, 0x2A, 0x4F, 0x73,
    0x42, 0x94, 0x13, 0xA5, 0x28, 0x1D, 0xE1, 0xC9, 0x89, 0x8F, 0x02, 0x41, 0x34, 0x39, 0x8D, 0x87,
    0xB7, 0x24, 0xD5, 0x00, 0x4E, 0xB3, 0xC6, 0x94, 0x00, 0x2A, 0x99, 0x2B, 0x3F, 0xA2, 0x71, 0x04,
    0xFE, 0x3E, 0x26, 0x14, 0x29, 0xB0, 0xBD, 0x49, 0x63, 0x48, 0x01, 0x8A, 0x91, 0x6B, 0x04, 0xA9,
    0x60, 0xAB, 0x40, 0x97, 0x9F, 0x41, 0x33, 0xEE, 0xF5, 0x4E, 0xF2, 0xDF, 0x72, 0x01, 0x5A, 0x61,
    0x45, 0x4E, 0xC8, 0xA1, 0xC8, 0xBB, 0xA3, 0x12, 0xF4, 0xD6, 0xCA, 0xFF, 0x62, 0x9F, 0x5D, 0x80,
    0x2D, 0x48, 0xE1, 0xE2, 0x84, 0x8B, 0x12, 0xF1, 0x16, 0xDA, 0xC5, 0x07, 0x17, 0x1D, 0x36, 0xB1,
    0xE1, 0xFC, 0xE4, 0xEE, 0x2F, 0x2D, 0x6D, 0xBA, 0x47, 0x46, 0xF4, 0x5A, 0xF8, 0xC7, 0x07, 0xB9,
    0x5F, 0x0E, 0xB9, 0x0B, 0xF1, 0xD5, 0x9C, 0xA3, 0xBC, 0x10, 0x7A, 0xF7, 0x74, 0x84, 0x07, 0x4C,
    0xA6, 0xE8, 0xAE, 0xF8, 0xFC, 0x11, 0x47, 0x76, 0xD2, 0x6C, 0xC8, 0x71, 0xD3, 0xA2, 0xC2, 0x60,
    0x42, 0x74, 0x40, 0x60, 0x82, 0x7D, 0xC0, 0x5F, 0x4D, 0x22, 0xFA, 0xEA, 0x4C, 0x4C, 0x63, 0x2F,
    0x9E, 0x5C, 0x23, 0x6F, 0x55, 0x7A, 0x35, 0x77, 0x13, 0x9E, 0xDD, 0x6B, 0x68, 0x23, 0x4E, 0xC1,
    0x53, 0x6B, 0x30, 0x77, 0xC8, 0x0D, 0xE2, 0x1E, 0x33, 0xDE, 0x02, 0x60, 0x39, 0x9B, 0x0E, 0x4E,
    0xDE, 0xE7, 0xE4, 0x7C, 0x4E, 0xBE, 0x37, 0xBF, 0x15, 0xB4, 0x65, 0xFF, 0xA7, 0x9E, 0xC3, 0x56,
    0x07, 0x59, 0x5D, 0x5C, 0x75, 0x50, 0xD5, 0xC5, 0xD4, 0x29, 0xA2, 0x5E, 0xBF, 0xCB, 0x9A, 0x6C,
    0x62, 0xE7, 0x08, 0xA3, 0x61, 0xD0, 0xEC, 0xF4, 0xF3, 0xCF, 0x48, 0xAF, 0xA1, 0xC5, 0x49, 0x6B,
    0x35, 0x5E, 0x25, 0xEA, 0xB4, 0x66, 0x16, 0x68, 0x34, 0xDE, 0x17, 0xEA, 0x33, 0x50, 0x5A, 0x9B,
    0x07, 0x7D, 0x69, 0x91, 0x8E, 0x9E, 0xB5, 0x26, 0x67, 0x4B, 0xF1, 0x63, 0xEA, 0x1A, 0x5C, 0xDF,
    0xEC, 0x74, 0xF4, 0x03, 0xFB, 0xA5, 0x46, 0x87, 0x4B, 0xD6, 0xE0, 0x27, 0xAC, 0xBF, 0x1F, 0xB9,
    0xDA, 0x7B, 0x32, 0xC3, 0xAB, 0xC5, 0x0C, 0xD3, 0xB2, 0x39, 0x2A, 0xDF, 0xD4, 0x56, 0xAB, 0xAB,
    0xF1, 0x0C, 0x65, 0xB5, 0xD4, 0xEA, 0xE8, 0xA6, 0x86, 0xBE, 0x61, 0xC9, 0x6A, 0x56, 0x80, 0x5F,
    0x7F, 0x86, 0xD0, 0xF4, 0xA0, 0xEC, 0x17, 0xAA, 0xEC, 0xF1, 0xCC, 0xD9, 0x33, 0xA3, 0x0D, 0x37,
    0xF6, 0x14, 0xD2, 0xC1, 0x64, 0xFE, 0x3E, 0x93, 0xB1, 0xE5, 0x22, 0x1B, 0xD5, 0x5B, 0x6A, 0x26,
    0xCB, 0x9F, 0xCF, 0xE2, 0x3E, 0x35, 0x1F, 0x6F, 0xE4, 0x9D, 0xC9, 0x86, 0xCC, 0xA7, 0xFA, 0x5E,
    0x4B, 0xD6, 0xD3, 0x07, 0x2B, 0x13, 0xB3, 0xF7, 0xDA, 0x76, 0x54, 0x9A, 0x41, 0x7B, 0x66, 0x8A,
    0xC1, 0x27, 0xD4, 0xB6, 0x81, 0x14, 0x1A, 0x4E, 0x0F, 0x94, 0x0E, 0xD2, 0xD5, 0x29, 0x74, 0x84,
    0x5E, 0x29, 0x8A, 0x9A, 0xCD, 0x95, 0xA8, 0xB9, 0x59, 0xA3, 0xE7, 0x56, 0x8D, 0xA0, 0x23, 0x93,
    0x11, 0xF7, 0x1A, 0x63, 0x31, 0x25, 0x1B, 0xCC, 0xDA, 0xB1, 0x17, 0x6B, 0x2E, 0xD6, 0x5A, 0xAC,
    0xB1, 0x58, 0x5B, 0x99, 0x93, 0xDB, 0xAC, 0xB4, 0xEA, 0x4D, 0x2B, 0xB1, 0x46, 0xE2, 0xD8, 0x88,
    0x35, 0x11, 0xC7, 0x42, 0xA6, 0x35, 0xF8, 0x2F, 0xB9, 0x64, 0x36, 0xF8, 0xBC, 0x98, 0xC9, 0x86,
    0x2E, 0x97, 0x64, 0xB0, 0xD0, 0x86, 0x92, 0xB1, 0x35, 0x36, 0x4B, 0x4D, 0xF6, 0x9F, 0x0F, 0x92,
    0x39, 0x7F, 0xC9, 0x98, 0x32, 0x95, 0x1D, 0x94, 0xB1, 0xD4, 0xDE, 0xA5, 0xA9, 0x1F, 0x19, 0xA1,
    0x4A, 0xD3, 0x4F, 0x6F, 0x92, 0xE2, 0xEC, 0x37, 0xBD, 0xB9, 0x9B, 0xB5, 0x49, 0x3A, 0x16, 0xE4,
    0x67, 0x7A, 0x33, 0xC2, 0x81, 0x14, 0xFA, 0x99, 0xDE, 0x6C, 0x34, 0x0F, 0x58, 0x80, 0xD4, 0xA9,
    0x86, 0x24, 0x3F, 0x93, 0x29, 0x4A, 0xFB, 0x19, 0x25, 0x3B, 0xC1, 0x9D, 0x4D, 0x27, 0xDC, 0xD8,
    0xA4, 0x2E, 0x5F, 0xFB, 0x19, 0x91, 0x74, 0x26, 0xBD, 0x58, 0x9A, 0xE4, 0xC2, 0xA4, 0x16, 0xC7,
    0x97, 0x3D, 0x34, 0x4B, 0x9C, 0x68, 0xA2, 0x9C, 0x23, 0xF7, 0xF5, 0xF8, 0xF0, 0xBA, 0x69, 0xA5,
    0x5E, 0xF5, 0xB6, 0xD4, 0x29, 0xCD, 0x85, 0x9C, 0x55, 0xB9, 0xB1, 0xBF, 0xB4, 0x36, 0x97, 0x6C,
    0x2E, 0x3A, 0xC9, 0xCD, 0x55, 0xA7, 0xB9, 0xB9, 0x6C, 0x87, 0x4C, 0x96, 0x86, 0x8C, 0x75, 0xAB,
    0x1A, 0xC5, 0x72, 0x0D, 0xCF, 0x2F, 0x54, 0x72, 0x99, 0x5A, 0x66, 0xD0, 0x0C, 0x03, 0xDC, 0x11,
    0x4D, 0x31, 0x28, 0xFB, 0x14, 0x3C, 0xC7, 0xA0, 0x4C, 0x8E, 0x27, 0x19, 0xD4, 0xB9, 0x68, 0x96,
    0x01, 0x6A, 0xC8, 0x6B, 0xCB, 0x40, 0x87, 0xAC, 0x2C, 0x83, 0xCD, 0x4C, 0x83, 0x33, 0xD5, 0xE0,
    0xCC, 0x35, 0xB8, 0x93, 0x0D, 0xCE, 0x6C, 0xC3, 0xDC, 0x74, 0xC3, 0x41, 0x00, 0x5F, 0xB0, 0x00,
    0x76, 0xBC, 0x78, 0xCC, 0xC4, 0x19, 0x34, 0x71, 0x46, 0x4D, 0x66, 0x86, 0x4D, 0x9C, 0xD7, 0x6D,
    0xD3, 0xAC, 0x59, 0x19, 0x3B, 0xB5, 0xD4, 0xEB, 0x7B, 0x76, 0x6A, 0x1E, 0xBC, 0xD1, 0xB9, 0x7B,
    0xA3, 0x24, 0xE0, 0x93, 0x65, 0x3F, 0x6D, 0x37, 0xA8, 0x1B, 0x7E, 0x79, 0xF0, 0x46, 0x5F, 0x94,
    0x37, 0xF2, 0x1B, 0x13, 0x29, 0x84, 0xED, 0x7A, 0x86, 0xF4, 0x96, 0xEF, 0x1E, 0xC0, 0xF0, 0x02,
    0xC1, 0xF0, 0x20, 0x80, 0x17, 0xCD, 0x1B, 0xDD, 0x71, 0xCC, 0x39, 0x45, 0x0B, 0xF6, 0x65, 0x8E,
    0x6C, 0xC0, 0xC5, 0x93, 0xD0, 0xDA, 0xAA, 0x6E, 0x33, 0x87, 0xA5, 0xC2, 0x3D, 0xB6, 0x40, 0xE2,
    0x6E, 0x58, 0xB4, 0x42, 0x93, 0xC7, 0x44, 0x49, 0x2D, 0x1D, 0x2E, 0xE1, 0x5A, 0x5B, 0x3F, 0x40,
    0xAB, 0x5A, 0xB2, 0x06, 0x17, 0x78, 0x2B, 0x6C, 0xF8, 0xAF, 0x35, 0x77, 0x2B, 0xBD, 0x28, 0x89,
    0xC2, 0xA2, 0x4E, 0x00, 0x20, 0xA1, 0x04, 0x05, 0x0B, 0xEC, 0xF3, 0xD2, 0x52, 0xE3, 0x12, 0x43,
    0x3B, 0x40, 0x03, 0xE2, 0x83, 0xBD, 0xFC, 0x40, 0xE2, 0xAE, 0x32, 0x40, 0xDF, 0x93, 0xCD, 0x9B,
    0xB9, 0x66, 0x49, 0x7B, 0xAB, 0xA1, 0xB4, 0xA0, 0x65, 0xD9, 0x62, 0x94, 0x01, 0x47, 0x44, 0xB8,
    0x16, 0xD5, 0x8C, 0x9C, 0x07, 0x69, 0x85, 0xAD, 0x9C, 0xA5, 0xB6, 0x9E, 0x96, 0x36, 0x66, 0x8B,
    0x33, 0x5E, 0x99, 0x0D, 0x4E, 0x5F, 0xDA, 0x96, 0x09, 0xD8, 0x72, 0xA0, 0x3A, 0xA3, 0x76, 0x4A,
    0xD8, 0x2A, 0x11, 0xF4, 0xC2, 0xB4, 0x49, 0x0C, 0x5C, 0x67, 0x54, 0x6F, 0xCE, 0xB9, 0x3D, 0x02,
    0xEF, 0x9B, 0x26, 0x5C, 0x40, 0x79, 0x68, 0xC0, 0x25, 0x5C, 0x72, 0x9D, 0x11, 0x49, 0xF2, 0xB8,
    0xD1, 0x52, 0x18, 0x97, 0x5B, 0xDB, 0x8D, 0xCC, 0xD2, 0x6C, 0x63, 0x0E, 0x76, 0x13, 0x73, 0x79,
    0xB5, 0xEA, 0x8C, 0x07, 0x69, 0xEE, 0x21, 0xCD, 0x19, 0xB1, 0x2C, 0x66, 0x77, 0x9F, 0xAF, 0x88,
    0x34, 0xB1, 0x12, 0xA3, 0xA5, 0x89, 0xB8, 0xA2, 0xA5, 0x09, 0x24, 0x49, 0x13, 0x8A, 0x31, 0x07,
    0x69, 0x7E, 0xA1, 0xD2, 0xD4, 0x3D, 0x25, 0xB9, 0x21, 0xC3, 0xA5, 0x21, 0x8B, 0x96, 0xC9, 0x50,
    0x8B, 0x0B, 0x3B, 0xBA, 0x06, 0xFE, 0x33, 0x9F, 0x2C, 0x12, 0xC0, 0x7D, 0x30, 0x27, 0x2B, 0x1A,
    0x53, 0x8A, 0x93, 0xC6, 0x7F, 0x99, 0xF2, 0x4F, 0xD0, 0xF9, 0x83, 0xED, 0x38, 0x91, 0xB5, 0x21,
    0xD3, 0xD6, 0x90, 0x61, 0x6F, 0x48, 0x4F, 0xDA, 0xEE, 0x14, 0xBA, 0x73, 0xD8, 0xCF, 0x89, 0x1B,
    0x43, 0x52, 0xED, 0xCF, 0x5B, 0x99, 0x1A, 0x13, 0x76, 0xA5, 0xF4, 0xA8, 0xA0, 0x48, 0xBE, 0x2F,
    0x52, 0x2E, 0x40, 0x2D, 0x90, 0x93, 0xD8, 0x38, 0xA5, 0xC3, 0x73, 0x4F, 0xF9, 0xBE, 0x23, 0x4C,
    0x8D, 0x74, 0x18, 0xB0, 0x9A, 0x46, 0x04, 0xFE, 0x19, 0x6E, 0x58, 0xAF, 0x6D, 0x95, 0x11, 0x7B,
    0x57, 0x5A, 0xB3, 0xB9, 0x45, 0x97, 0x82, 0xCD, 0x4B, 0xFA, 0x02, 0xD5, 0x9D, 0xC0, 0x69, 0x35,
    0xD3, 0x3F, 0x78, 0xB8, 0x36, 0x71, 0x90, 0x49, 0x17, 0x0A, 0x2B, 0x0A, 0xEF, 0xC1, 0xD4, 0xB0,
    0xBC, 0xCD, 0x52, 0x81, 0x67, 0xDE, 0x9E, 0xD0, 0x89, 0xD1, 0x91, 0x73, 0x20, 0x64, 0x12, 0x4F,
    0xD3, 0xD9, 0x67, 0x7E, 0x14, 0x99, 0x26, 0x81, 0xD8, 0xA0, 0x67, 0x6C, 0xAB, 0xA5, 0xD6, 0xF2,
    0xF4, 0x27, 0xE0, 0x6E, 0x0D, 0xBE, 0x11, 0xF2, 0x16, 0x68, 0xE4, 0xD3, 0x79, 0x8B, 0x37, 0xF0,
    0x6E, 0x0D, 0x5A, 0x8F, 0x9E, 0x11, 0x04, 0xE3, 0xD1, 0x23, 0x82, 0x2A, 0x4F, 0xA1, 0x09, 0x41,
    0x78, 0x08, 0x8A, 0x1E, 0x10, 0x54, 0xE9, 0x28, 0xE5, 0x2D, 0x8A, 0xA2, 0xBC, 0x05, 0xF6, 0x6E,
    0x28, 0x6F, 0x69, 0x77, 0xE5, 0x2D, 0x4F, 0x2E, 0x7B, 0x15, 0x6D, 0x1C, 0x43, 0x5B, 0xA0, 0x6A,
    0x6D, 0xD4, 0x3B, 0xE3, 0xC1, 0x9C, 0x1F, 0xC6, 0x96, 0xF3, 0x85, 0xFD, 0x7B, 0x23, 0x36, 0xB7,
    0x5C, 0xEA, 0x49, 0x67, 0x37, 0x75, 0xD6, 0xF8, 0x03, 0xA7, 0x0B, 0xC3, 0x9E, 0xC2, 0x45, 0x0A,
    0x07, 0x57, 0xDD, 0x06, 0xD2, 0xDE, 0x85, 0xA0, 0x6B, 0x36, 0x84, 0x4C, 0x2D, 0x69, 0x22, 0xE8,
    0x85, 0xE0, 0x08, 0x5A, 0x85, 0x7D, 0xBB, 0x23, 0xE8, 0xE1, 0x0B, 0x8B, 0xA0, 0x0F, 0xB2, 0xB8,
    0x3C, 0xB2, 0x38, 0xC7, 0xDA, 0x5A, 0xBF, 0xE7, 0xBA, 0x9E, 0xAC, 0x27, 0xDB, 0x56, 0xAA, 0xA7,
    0x9D, 0x52, 0x35, 0xED, 0x94, 0xC2, 0x88, 0x05, 0xC5, 0x10, 0x0B, 0x0A, 0x20, 0x16, 0x14, 0x3D,
    0x2C, 0x28, 0x74, 0x28, 0x28, 0x6E, 0x28, 0x28, 0x68, 0x28, 0x4C, 0x93, 0x33, 0xCF, 0x07, 0xEA,
    0x58, 0x81, 0xA6, 0x02, 0x3D, 0x1E, 0x08, 0xE4, 0x59, 0xC0, 0x8E, 0xE2, 0x03, 0x33, 0x82, 0xCB,
    0x51, 0x3B, 0x87, 0xEC, 0x1C, 0xAF, 0x4F, 0x1F, 0x0B, 0xB5, 0xF1, 0x38, 0xA8, 0x7A, 0xAC, 0x78,
    0xEC, 0xFE, 0x8D, 0xEF, 0x67, 0xC7, 0x6F, 0xBC, 0xFE, 0xC8, 0xE5, 0xBF, 0x88, 0xFC, 0x1C, 0xF1,
    0x69, 0xB1, 0xE5, 0x42, 0x9F, 0x3F, 0x3F, 0x31, 0x02, 0xEE, 0x29, 0xFC, 0x5D, 0xDB, 0x15, 0x77,
    0x21, 0x0F, 0xFC, 0x9C, 0xE5, 0xE7, 0x9D, 0xE9, 0xD9, 0xCE, 0x6B, 0xCD, 0xED, 0x0A, 0x91, 0x0E,
    0xAC, 0x45, 0x4F, 0xB3, 0x0B, 0x03, 0xAE, 0x18, 0xE3, 0xA4, 0xB9, 0x8E, 0x70, 0x52, 0x6A, 0x48,
    0x4C, 0xA9, 0x19, 0x31, 0xA5, 0x09, 0xD4, 0xD4, 0x0C, 0x9F, 0xEA, 0xB8, 0x86, 0x47, 0x4E, 0xCD,
    0xB4, 0x29, 0x45, 0x34, 0xFD, 0x65, 0x79, 0xDC, 0x9B, 0x09, 0x6A, 0xF6, 0x22, 0x9A, 0x29, 0x11,
    0xEE, 0x43, 0xB4, 0x53, 0x22, 0xF8, 0x1B, 0x89, 0x6B, 0x4C, 0xA4, 0x4C, 0x90, 0xDF, 0x0B, 0x5A,
    0xF2, 0x7A, 0x51, 0xC3, 0x3E, 0x6F, 0xC9, 0x1E, 0xAF, 0xBC, 0xF0, 0x07, 0x93, 0x1D, 0x78, 0x78,
    0xB9, 0x1E, 0xEE, 0xE6, 0xCC, 0x35, 0xF1, 0x4C, 0xD3, 0x75, 0x3B, 0xCF, 0x54, 0x74, 0x5C, 0x04,
    0xA0, 0x87, 0x9D, 0x00, 0x4C, 0x06, 0x03, 0x44, 0x64, 0x88, 0x94, 0x51, 0x03, 0xF5, 0x05, 0x3D,
    0xBF, 0x54, 0x2B, 0x4C, 0x36, 0xB3, 0x4B, 0xCD, 0x68, 0xEE, 0x1F, 0x51, 0xF3, 0x04, 0x48, 0x9E,
    0x36, 0x08, 0xA8, 0x11, 0x30, 0x94, 0x4F, 0x92, 0xA5, 0x9D, 0x34, 0xA8, 0x09, 0x41, 0x7F, 0xA9,
    0xB2, 0x18, 0x0D, 0xA2, 0x83, 0x48, 0x57, 0x57, 0xA3, 0x40, 0x77, 0x05, 0x99, 0x7A, 0x15, 0x2A,
    0x2B, 0xCE, 0xB8, 0x9F, 0x33, 0xEA, 0xE7, 0x90, 0xFB, 0x3F, 0x08, 0xE3, 0x20, 0xA1, 0x0B, 0x91,
    0x10, 0x0E, 0xBD, 0x79, 0x77, 0xA9, 0xDA, 0x21, 0x92, 0x35, 0x0F, 0xBB, 0xC1, 0x04, 0x02, 0x46,
    0x02, 0x9E, 0x54, 0x59, 0x1E, 0xC6, 0x02, 0x41, 0x17, 0x37, 0x34, 0xE0, 0xD6, 0x04, 0xAD, 0x19,
    0x6E, 0xEB, 0xE8, 0x99, 0x14, 0xB9, 0xD7, 0x51, 0x6F, 0xAA, 0x10, 0x1D, 0x8D, 0x25, 0xA8, 0x9F,
    0x61, 0x5C, 0xE0, 0xCB, 0x2E, 0x6C, 0x4D, 0x6F, 0x6A, 0xA3, 0x63, 0x83, 0xFF, 0x51, 0xCC, 0xD3,
    0xD1, 0x41, 0x7E, 0x73, 0xB8, 0xEC, 0xD5, 0x8E, 0x57, 0x9C, 0x6A, 0xA1, 0x33, 0x89, 0x14, 0x4B,
    0x2B, 0x84, 0xEC, 0x8F, 0x36, 0x97, 0x2D, 0x9C, 0x8C, 0xB9, 0xB7, 0xF7, 0xE1, 0x81, 0x62, 0x18,
    0xCF, 0xA4, 0xE8, 0xD4, 0x7C, 0x74, 0xCA, 0xB9, 0xAD, 0x62, 0x72, 0xC6, 0xC9, 0x6D, 0x36, 0xE4,
    0xA7, 0x36, 0xBB, 0xB5, 0xE9, 0x6D, 0x0F, 0xCD, 0xDF, 0xE4, 0xAB, 0x1A, 0x18, 0x58, 0x74, 0xB2,
    0xDA, 0x11, 0xED, 0xA4, 0xB8, 0x6E, 0x8E, 0xEB, 0x26, 0xB9, 0x6E, 0x96, 0x3B, 0x4A, 0x73, 0xDD,
    0x3C, 0x77, 0xD6, 0x8D, 0x1D, 0x78, 0xF2, 0x0C, 0xC9, 0xFF, 0xB8, 0x00, 0xE0, 0x56, 0x00, 0xDC,
    0x12, 0xC0, 0xCE, 0x1A, 0xC0, 0xCC, 0x63, 0xB8, 0xED, 0xF3, 0x02, 0xEE, 0xEF, 0x85, 0x9E, 0x87,
    0x47, 0x6C, 0xCF, 0xEC, 0xE5, 0xBC, 0x40, 0x5C, 0x9D, 0x30, 0x6A, 0xB1, 0xE1, 0x62, 0x9E, 0x0B,
    0x57, 0xD1, 0xEF, 0x77, 0xE4, 0xEA, 0x91, 0x99, 0x86, 0x40, 0x8F, 0x7F, 0xE0, 0xEA, 0xDF, 0xAA,
    0xAB, 0xEF, 0xD1, 0xBA, 0xE5, 0x31, 0xF0, 0x4F, 0x7D, 0x7D, 0xE9, 0x1E, 0xF3, 0x6E, 0x5A, 0x12,
    0x4D, 0x14, 0x60, 0x88, 0x28, 0x7F, 0x06, 0xE8, 0x7E, 0x51, 0x1F, 0x36, 0x7E, 0xE0, 0xCF, 0x05,
    0xE7, 0xEB, 0x1B, 0x5B, 0x9A, 0xEA, 0x1A, 0x6C, 0x0C, 0xAF, 0x77, 0x22, 0x09, 0xF2, 0x70, 0x2F,
    0x92, 0x50, 0x0F, 0x1E, 0x04, 0xCB, 0xE9, 0x4D, 0x06, 0x01, 0x15, 0x61, 0x5F, 0xF5, 0xB0, 0x37,
    0x9B, 0xFB, 0x7D, 0xA0, 0xB7, 0x57, 0x60, 0xC2, 0xAF, 0xF3, 0x71, 0x23, 0x19, 0xFB, 0x5C, 0x5B,
    0x4F, 0xB6, 0x84, 0x83, 0x8A, 0xFE, 0x4B, 0xCF, 0x43, 0x7E, 0x5D, 0xD0, 0xAD, 0x69, 0x87, 0xDF,
    0xEB, 0xC3, 0xB6, 0xE2, 0x2D, 0xFE, 0x21, 0x59, 0x9A, 0xC7, 0x91, 0x64, 0x50, 0xF9, 0x24, 0x58,
    0x4C, 0x25, 0xF4, 0x44, 0x71, 0xA6, 0xF3, 0x7F, 0xD2, 0x6C, 0xF3, 0x57, 0x8A, 0x79, 0x84, 0x8F,
    0x4F, 0x22, 0xD9, 0x5A, 0x77, 0x7E, 0xFD, 0xCA, 0x3D, 0x0E, 0x38, 0x77, 0x22, 0x2F, 0x2B, 0x20,
    0x77, 0xBB, 0x2B, 0x9F, 0xB4, 0xE4, 0x00, 0x7C, 0x26, 0xFA, 0x59, 0x0E, 0x88, 0xA0, 0xFF, 0x2D,
    0x79, 0x8B, 0x78, 0xE1, 0x81, 0x0C, 0xA8, 0xB7, 0x15, 0x44, 0x40, 0x23, 0x7D, 0xD0, 0x09, 0x48,
    0x33, 0x7D, 0xEB, 0x81, 0xB6, 0x89, 0x7B, 0xD1, 0x17, 0xB4, 0x4F, 0x7C, 0xEA, 0xAF, 0x32, 0x2A,
    0xA7, 0x66, 0xDF, 0x6E, 0x13, 0x42, 0xD6, 0x44, 0x2E, 0x19, 0x5C, 0x13, 0x59, 0x26, 0x8C, 0xAF,
    0xF2, 0x73, 0x3B, 0xDA, 0xA7, 0x3E, 0x48, 0xA3, 0xEC, 0x13, 0x5F, 0x5D, 0x0F, 0x03, 0xAD, 0x77,
    0x05, 0x1E, 0x9A, 0x2D, 0x5E, 0x76, 0xE8, 0xDB, 0x0E, 0xED, 0x3E, 0x02, 0x26, 0x75, 0x1F, 0x16,
    0x63, 0x25, 0x02, 0xCF, 0xBD, 0x31, 0x1F, 0x72, 0x26, 0xED, 0x78, 0x53, 0x9D, 0x99, 0x5D, 0xFD,
    0xA4, 0x4C, 0x4C, 0x8D, 0x20, 0xC9, 0x6D, 0x7B, 0x80, 0xA2, 0x1F, 0x1A, 0x9C, 0x2B, 0xD3, 0x9F,
    0x71, 0xCF, 0xA4, 0xFA, 0xDB, 0x90, 0x0B, 0x85, 0x51, 0x3B, 0x04, 0x1D, 0xD7, 0x0A, 0x65, 0xEF,
    0x77, 0x04, 0x3F, 0xBE, 0x6C, 0x83, 0xCE, 0xE6, 0x1D, 0x0F, 0x0D, 0x08, 0xFD, 0x55, 0xD9, 0x22,
    0xE1, 0xD0, 0x90, 0x17, 0x32, 0xB7, 0xB9, 0xC6, 0xDD, 0xE7, 0x96, 0x77, 0x1C, 0xF8, 0x79, 0x35,
    0xF2, 0xB8, 0x69, 0x70, 0x7B, 0x8B, 0x31, 0xBE, 0x62, 0x80, 0xCF, 0x18, 0xDD, 0xF1, 0x96, 0x20,
    0xB8, 0x05, 0xAB, 0xD3, 0x4F, 0x9D, 0xE2, 0xC2, 0x95, 0x22, 0x74, 0x70, 0xAB, 0x38, 0xA1, 0x83,
    0x5B, 0x45, 0x68, 0x2C, 0x8F, 0x78, 0x60, 0x5B, 0x45, 0x6E, 0x84, 0xE2, 0x35, 0x43, 0x38, 0x8F,
    0x6A, 0x9B, 0xB1, 0x85, 0xE5, 0xD3, 0x13, 0xB1, 0x57, 0x8F, 0x08, 0x4D, 0xAA, 0xA4, 0xD6, 0x58,
    0x52, 0xA5, 0xB5, 0x86, 0x8F, 0xDB, 0x71, 0x79, 0x5E, 0xC1, 0xED, 0x25, 0x64, 0xCB, 0xEE, 0x98,
    0xFF, 0xF9, 0xB0, 0xC5, 0xA9, 0xA0, 0x9A, 0xB0, 0xCA, 0x10, 0x4F, 0xAF, 0x9D, 0x1E, 0xB8, 0xBA,
    0x2B, 0xEB, 0x77, 0xA2, 0x5C, 0xDC, 0x09, 0x2D, 0x35, 0x2A, 0x26, 0xB5, 0x76, 0xE6, 0x50, 0xDC,
    0x04, 0x4F, 0x0E, 0x37, 0x8B, 0x8F, 0xF8, 0xA2, 0xDA, 0x27, 0x57, 0x3E, 0x83, 0x56, 0x7B, 0xEF,
    0xA0, 0xD5, 0xAE, 0x3B, 0x68, 0xB5, 0xDF, 0x0E, 0x5A, 0xED, 0xB4, 0xA3, 0x86, 0x3C, 0x76, 0x4D,
    0xEE, 0x9A, 0x7D, 0xF5, 0xEE, 0x8C, 0xE8, 0x25, 0xBF, 0xC4, 0x1B, 0xCE, 0x7E, 0xDA, 0xE0, 0xFD,
    0x66, 0x3F, 0xC3, 0x7D, 0x2B, 0x91, 0x84, 0xCB, 0xF3, 0xFE, 0x8F, 0xAF, 0xBC, 0x47, 0xDB, 0x03,
    0xF4, 0x7E, 0xA3, 0x27, 0xA7, 0xDF, 0x08, 0xDE, 0x16, 0x1C, 0xB2, 0x2F, 0x38, 0x64, 0x7F, 0x9F,
    0xDB, 0x73, 0x4E, 0x08, 0xE3, 0xBD, 0x9E, 0x01, 0xBE, 0x63, 0x74, 0x6F, 0x18, 0xDA, 0x9F, 0x1E,
    0xB2, 0xFF, 0x6B, 0xF9, 0x8E, 0xC6, 0xF2, 0xB0, 0xED, 0x35, 0x90, 0x87, 0x7F, 0x5A, 0x6B, 0x14,
    0x0F, 0x9A, 0xCF, 0x9E, 0x1E, 0xB2, 0xBF, 0xF0, 0x37, 0xF8, 0x77, 0xE5, 0x24, 0xDF, 0xA0, 0x72,
    0xC0, 0xF4, 0xEB, 0xFA, 0x96, 0xF3, 0xC7, 0xB9, 0xEE, 0x48, 0x86, 0xAF, 0x1B, 0x73, 0xF1, 0xC7,
    0x27, 0xD4, 0x56, 0x2A, 0xC9, 0x1F, 0x83, 0x7E, 0x42, 0xCB, 0x25, 0x70, 0x3F, 0xE8, 0xA8, 0x89,
    0xCC, 0xF9, 0xF2, 0xFA, 0x37, 0x44, 0xB8, 0x52, 0xBC, 0x6B, 0x95, 0xAD, 0x2E, 0x43, 0x39, 0x8C,
    0x8D, 0x12, 0xBF, 0x4A, 0xFD, 0x15, 0xD2, 0x97, 0xB7, 0x2D, 0x25, 0x7D, 0x59, 0x27, 0x95, 0x3E,
    0x9F, 0xFE, 0x94, 0xC2, 0x59, 0x94, 0x17, 0xC9, 0x0C, 0xBF, 0xE8, 0x67, 0x0B, 0x5D, 0x13, 0x86,
    0xF7, 0x03, 0x60, 0x65, 0x4B, 0x6C, 0x18, 0xBD, 0xA7, 0x7E, 0x54, 0x35, 0xBA, 0xC1, 0xD3, 0x8D,
    0xA8, 0x62, 0xBB, 0xFC, 0xA0, 0x84, 0x25, 0x52, 0xF1, 0x76, 0x0C, 0x72, 0xEF, 0x60, 0x91, 0xBF,
    0x7A, 0xA4, 0x16, 0x6C, 0x7B, 0xBB, 0x8E, 0xA7, 0xB3, 0xC6, 0x98, 0x50, 0x48, 0x92, 0x63, 0xB7,
    0x38, 0xB2, 0x0F, 0x27, 0xD6, 0xE0, 0x22, 0x22, 0x05, 0x4B, 0x0B, 0xFD, 0xB8, 0x10, 0x50, 0xA2,
    0x9B, 0xB2, 0x44, 0x3D, 0x29, 0x74, 0xF0, 0x13, 0xE3, 0xA6, 0x34, 0x2F, 0x49, 0xAD, 0x6B, 0x5D,
    0x25, 0x30, 0xD6, 0x93, 0x18, 0xE3, 0x24, 0xBD, 0x42, 0xA8, 0x8F, 0xFF, 0x59, 0x65, 0x25, 0xBE,
    0x6E, 0x1D, 0x15, 0xF7, 0xF4, 0x08, 0x89, 0x87, 0x4F, 0x81, 0x84, 0x70, 0x49, 0x44, 0x80, 0x68,
    0x27, 0xE2, 0xDA, 0x1B, 0xB7, 0x44, 0xF1, 0xA3, 0xAF, 0x88, 0xE2, 0x3F, 0xFF, 0x45, 0x04, 0xFF,
    0xD1, 0x8B, 0xF0, 0xC3, 0x56, 0x69, 0x5D, 0x4E, 0x4F, 0xB4, 0x7A, 0x49, 0x39, 0x81, 0x58, 0xFD,
    0x8B, 0x45, 0x8C, 0x5F, 0x3F, 0x17, 0xB1, 0xE2, 0x44, 0xD4, 0xBF, 0x43, 0xCD, 0x84, 0x8F, 0xC4,
    0x6B, 0x8F, 0x5F, 0x79, 0x57, 0xBD, 0x7E, 0xF2, 0xF8, 0xA4, 0xFB, 0x54, 0xB6, 0xD9, 0xAF, 0xF3,
    0x04, 0x50, 0xF3, 0x91, 0x57, 0xB5, 0xC9, 0x90, 0xA7, 0xC7, 0x63, 0x9A, 0x94, 0xAE, 0xF1, 0xAA,
    0x26, 0x1D, 0x72, 0x46, 0xAD, 0xD7, 0xC4, 0xAB, 0x6F, 0xBE, 0xFA, 0x26, 0xBE, 0xEE, 0xBC, 0x77,
    0xBB, 0xEA, 0xD2, 0x3F, 0x1D, 0xF3, 0x7F, 0x16, 0x07, 0x80, 0xA6, 0xEE, 0xC2, 0x6B, 0x55, 0x5E,
    0xDA, 0x28, 0xF6, 0xB5, 0xE0, 0x42, 0x96, 0xA8, 0x44, 0x29, 0x3C, 0x0F, 0x6F, 0xAF, 0x8B, 0xBC,
    0x2F, 0x5E, 0x6B, 0x5F, 0x79, 0x0C, 0xAF, 0x47, 0x9F, 0xC2, 0x45, 0x16, 0xBF, 0xCE, 0xD3, 0xDC,
    0x22, 0xC1, 0xF4, 0xF2, 0x7E, 0x32, 0xFE, 0xF7, 0x9E, 0xDE, 0xCD, 0xD8, 0x71, 0x91, 0xEF, 0x90,
    0x51, 0x51, 0x1C, 0x1C, 0xFF, 0xFB, 0x48, 0x35, 0xCC, 0x1A, 0x95, 0x39, 0x25, 0x8B, 0x35, 0x6D,
    0x86, 0xE8, 0xBF, 0x8F, 0x8F, 0x9D, 0x30, 0x9D, 0xEB, 0x1F, 0xD0, 0xBC, 0x7D, 0x9D, 0xB0, 0x07,
    0x2F, 0xF6, 0x94, 0xD6, 0x82, 0x92, 0xB1, 0x4C, 0xBB, 0x68, 0xE0, 0x90, 0x1E, 0x67, 0xAA, 0x75,
    0x43, 0x79, 0xDA, 0xFA, 0x18, 0xC9, 0xA6, 0xFA, 0x01, 0x5F, 0x00, 0x40, 0xBF, 0x85, 0x94, 0x74,
    0x91, 0xC9, 0xBC, 0x6A, 0x4D, 0xB7, 0x1A, 0xA3, 0x1C, 0xE9, 0x24, 0xA8, 0xB9, 0x0E, 0x84, 0xF5,
    0x35, 0xDE, 0xA3, 0xB7, 0x55, 0xBC, 0x5D, 0x48, 0xFC, 0xFA, 0x47, 0xD7, 0xB2, 0xDE, 0xD1, 0xA6,
    0x8F, 0xF7, 0xAD, 0x3E, 0x1E, 0xEF, 0x1B, 0x56, 0xF8, 0xDD, 0x8D, 0x17, 0xF8, 0xBE, 0xC5, 0xD7,
    0xA6, 0x39, 0x94, 0xFF, 0x67, 0x7A, 0x9F, 0x99, 0xA6, 0x35, 0x84, 0xD7, 0x32, 0x5C, 0xF0, 0x39,
    0x75, 0x73, 0xAD, 0x0A, 0x2C, 0xFC, 0x95, 0x9B, 0x6F, 0x99, 0x27, 0x89, 0xEA, 0xBD, 0xD5, 0x5C,
    0x98, 0xE0, 0x82, 0x77, 0x56, 0x05, 0x17, 0x5C, 0x05, 0x3F, 0x30, 0x94, 0x9A, 0xC8, 0xA1, 0xFB,
    0x4A, 0xF7, 0x5A, 0x2D, 0xA9, 0x85, 0xBC, 0xB0, 0x93, 0xAF, 0x6B, 0x6A, 0xB7, 0x92, 0x92, 0x9E,
    0xE9, 0x9F, 0xAE, 0xCD, 0x86, 0xEA, 0x66, 0x71, 0x7A, 0xB1, 0xA3, 0x4A, 0xBD, 0x51, 0x01, 0x30,
    0xF9, 0xBF, 0xC9, 0xFE, 0xE3, 0x0D, 0xC2, 0xE4, 0xFD, 0x26, 0xEB, 0x9F, 0x06, 0x1D, 0xCE, 0x7F,
    0xBF, 0xE3, 0xE4, 0xA1, 0x8B, 0xBB, 0x5A, 0x77, 0x04, 0xA7, 0x21, 0xF8, 0x19, 0x9F, 0x58, 0xF2,
    0x36, 0xBA, 0xE0, 0x30, 0xA7, 0xBD, 0x69, 0xBE, 0xEC, 0x33, 0x7B, 0x86, 0xDD, 0x45, 0xCA, 0x12,
    0x51, 0x90, 0xE3, 0xE6, 0xDE, 0x56, 0x26, 0x7B, 0x13, 0x19, 0x40, 0x0D, 0xF2, 0x9A, 0xDE, 0x7B,
    0x04, 0xFD, 0x4C, 0x75, 0x98, 0x10, 0x68, 0x8C, 0x06, 0x55, 0x82, 0x19, 0x00, 0x3D, 0x28, 0x81,
    0x33, 0x1E, 0x66, 0x50, 0x42, 0xE3, 0x35, 0x90, 0xA9, 0x2E, 0x44, 0x7A, 0x6B, 0xB9, 0x0A, 0x75,
    0x0F, 0x11, 0x15, 0x36, 0xD7, 0x56, 0xE9, 0x2B, 0xDB, 0x9E, 0x04, 0x18, 0x4E, 0xB3, 0x08, 0x30,
    0x69, 0x50, 0xB0, 0xC5, 0x7C, 0x70, 0x4F, 0xDA, 0x4C, 0xB5, 0xB7, 0xA5, 0x2C, 0xF3, 0x58, 0xE4,
    0x07, 0x1F, 0x6D, 0x65, 0xAA, 0x53, 0x16, 0xBB, 0xF3, 0x7D, 0xE1, 0xA0, 0xDC, 0x74, 0xE7, 0x00,
    0xDE, 0x60, 0x07, 0x97, 0xDC, 0xC6, 0x6F, 0xCB, 0xDF, 0x3B, 0x4F, 0xAD, 0xFC, 0xDE, 0x15, 0x62,
    0x23, 0x6E, 0x9A, 0x92, 0xD7, 0x6C, 0x8D, 0x37, 0xB5, 0x76, 0xCF, 0x95, 0x80, 0x5E, 0xF0, 0x86,
    0x6E, 0x4C, 0x4C, 0xCD, 0xC6, 0x4C, 0xFD, 0x9E, 0xA9, 0x02, 0xAC, 0x7C, 0x59, 0x3F, 0xBF, 0x0E,
    0xEE, 0x03, 0x53, 0x2F, 0x80, 0xA9, 0xFB, 0x55, 0x53, 0x9E, 0xA9, 0x2D, 0xFE, 0x12, 0xF8, 0x94,
    0x57, 0xC9, 0xA7, 0x14, 0xE4, 0x53, 0x2A, 0xC2, 0xFF, 0xDB, 0x33, 0x3E, 0x25, 0xE6, 0xEC, 0xAD,
    0x1E, 0xAF, 0x7B, 0x3F, 0xEB, 0xE4, 0x8A, 0xDD, 0xAF, 0xB5, 0xA3, 0xCB, 0xE8, 0xFB, 0x8E, 0x72,
    0xF2, 0x7D, 0xEA, 0x73, 0xB3, 0x31, 0x11, 0x97, 0xE7, 0xE8, 0xFB, 0xA2, 0xD9, 0xE2, 0xB9, 0x43,
    0x86, 0xCF, 0xB2, 0xC9, 0x76, 0x75, 0x5C, 0xDB, 0xB1, 0x71, 0x6D, 0xF0, 0x69, 0xE4, 0xDA, 0x60,
    0xD6, 0x87, 0x5C, 0x9B, 0xDF, 0x3E, 0xC5, 0xB5, 0x5D, 0x62, 0x30, 0xBC, 0x6F, 0xC0, 0x10, 0x3E,
    0x8D, 0xC0, 0x30, 0xE8, 0x0D, 0x18, 0x7A, 0xDD, 0x36, 0x30, 0xFC, 0x7F, 0xED, 0x5D, 0xBD, 0x93,
    0xE4, 0xC6, 0x75, 0x6F, 0x00, 0x77, 0x8B, 0xE2, 0x21, 0x80, 0x02, 0xD9, 0x65, 0xE9, 0x8A, 0x35,
    0x0E, 0x18, 0x6C, 0xE0, 0x22, 0xFE, 0x01, 0xF1, 0x00, 0xD2, 0x81, 0x03, 0x05, 0xBA, 0x44, 0x72,
    0xC0, 0x80, 0x0C, 0x55, 0x72, 0x70, 0xA9, 0x82, 0xBD, 0xC5, 0x58, 0x0E, 0x1D, 0x68, 0x13, 0x96,
    0x02, 0x07, 0xBE, 0x80, 0xAA, 0x32, 0x2F, 0xB0, 0x12, 0x86, 0xB7, 0x07, 0xC8, 0x0C, 0x14, 0x1A,
    0x55, 0x0E, 0x15, 0x08, 0x25, 0x9D, 0xA4, 0x2A, 0x3B, 0x10, 0x44, 0x83, 0x16, 0x96, 0x02, 0xD0,
    0xEE, 0xF7, 0xD5, 0xDD, 0x33, 0x3B, 0x3B, 0x3B, 0xCB, 0xBB, 0xE3, 0xED, 0x2E, 0x17, 0x12, 0x07,
    0x6F, 0x87, 0x33, 0x18, 0xF4, 0xFB, 0xF8, 0xBD, 0xCF, 0x06, 0x95, 0xA2, 0xE3, 0xBE, 0xB2, 0xC7,
    0x78, 0x16, 0x79, 0x8B, 0xA8, 0x60, 0x50, 0x2A, 0x23, 0x32, 0x34, 0x64, 0x6E, 0xCE, 0x59, 0xA1,
    0x22, 0xF3, 0x81, 0x43, 0x43, 0xE6, 0x93, 0x4A, 0x67, 0xA5, 0x8E, 0x81, 0xD4, 0x70, 0x2C, 0x27,
    0xF8, 0x8E, 0x21, 0xDE, 0xD3, 0x0D, 0x5E, 0x6F, 0xA1, 0x87, 0x50, 0xD7, 0xF0, 0xAE, 0x4A, 0x1A,
    0x78, 0xF5, 0xC8, 0x0A, 0x5E, 0xD2, 0x1A, 0x5E, 0xF3, 0xA5, 0x79, 0x29, 0x97, 0xEA, 0x91, 0xB9,
    0x7C, 0xAF, 0x54, 0xAC, 0xF1, 0xD7, 0x12, 0xFD, 0xD3, 0xEF, 0xE9, 0x11, 0x7F, 0x2D, 0x84, 0xAB,
    0x37, 0x2A, 0xE8, 0xE1, 0x06, 0xB4, 0x3E, 0xE1, 0x1B, 0x0D, 0x7E, 0xF0, 0x91, 0xDA, 0xF9, 0x38,
    0x7A, 0x43, 0xA8, 0xA8, 0x9F, 0x2D, 0x39, 0x58, 0x32, 0xEC, 0x1E, 0x6E, 0xFE, 0x62, 0xD0, 0x1E,
    0xAC, 0x7C, 0x4D, 0xCE, 0xC1, 0xA3, 0x7D, 0xEF, 0x53, 0x5F, 0xE3, 0xAB, 0xF4, 0x8E, 0x5D, 0xB7,
    0x99, 0x99, 0xB8, 0xC8, 0xA7, 0x7C, 0x2E, 0xF9, 0x9C, 0x17, 0x6A, 0x01, 0xCB, 0xCE, 0x96, 0xF0,
    0x7F, 0x73, 0xAE, 0x89, 0x0D, 0x59, 0x17, 0xE8, 0x96, 0x96, 0xA9, 0xF5, 0x84, 0x9C, 0xFD, 0x3F,
    0x6D, 0x7E, 0xF0, 0x30, 0xD7, 0xCB, 0x72, 0x62, 0x0E, 0x9A, 0xEB, 0xB3, 0xBC, 0x92, 0x8E, 0xCE,
    0x79, 0x43, 0x6F, 0xEB, 0x02, 0xCF, 0x0F, 0xF8, 0x63, 0x15, 0xFF, 0xEB, 0x92, 0xDE, 0x56, 0x7F,
    0x2D, 0xB7, 0x9B, 0xF2, 0x1B, 0x59, 0xBD, 0x7A, 0xBE, 0x73, 0x4D, 0xD7, 0x8B, 0xC7, 0x81, 0xAC,
    0x5A, 0xCD, 0xB2, 0x5E, 0x8F, 0xDA, 0xBF, 0x83, 0xAB, 0x3C, 0x92, 0x4F, 0x97, 0x62, 0x12, 0xA1,
    0x16, 0x25, 0x49, 0xB5, 0x66, 0x03, 0xCA, 0x5B, 0xB3, 0x20, 0x5C, 0xBC, 0x2E, 0x16, 0xB5, 0xE1,
    0x91, 0xE1, 0xD3, 0x04, 0x2B, 0x8D, 0xCC, 0x1D, 0x24, 0xB3, 0x4A, 0x5A, 0xA4, 0x52, 0x0D, 0xA7,
    0xD8, 0x50, 0xD9, 0xCF, 0xEA, 0x68, 0x50, 0xA9, 0xA1, 0xF2, 0xB4, 0x37, 0x1F, 0xCD, 0xC1, 0x9E,
    0x22, 0xFD, 0x2F, 0x68, 0x38, 0xC5, 0xA1, 0x82, 0xD3, 0x5C, 0xEA, 0xFA, 0xA9, 0xE1, 0xC4, 0xB7,
    0xF5, 0xB3, 0xBB, 0x7A, 0x79, 0xAC, 0x82, 0x0F, 0xE9, 0x67, 0x8F, 0xED, 0x0A, 0x9E, 0x5A, 0xEA,
    0xD0, 0x52, 0xA5, 0xA5, 0xF2, 0x4D, 0x94, 0x2C, 0x99, 0xD8, 0x8E, 0xC7, 0xA2, 0xB6, 0x6A, 0xB0,
    0x81, 0x22, 0xF3, 0x84, 0x23, 0x6E, 0xAD, 0x71, 0x14, 0x8E, 0x8B, 0x89, 0xBD, 0x0E, 0x5D, 0x28,
    0x79, 0xA7, 0x11, 0x32, 0xFB, 0x05, 0xF0, 0x3F, 0x2E, 0x2C, 0x49, 0x3A, 0xF5, 0x4E, 0xB3, 0xA3,
    0x8D, 0x9A, 0x2B, 0xB3, 0x95, 0xA6, 0x8D, 0x5D, 0x98, 0x61, 0xA5, 0xAC, 0x16, 0x18, 0x79, 0x4C,
    0xE8, 0x04, 0xDC, 0x1D, 0x09, 0x9D, 0x80, 0xF9, 0x23, 0xAD, 0xD9, 0xA8, 0x49, 0xC8, 0xE8, 0x14,
    0x68, 0x83, 0x20, 0x05, 0xF2, 0x2E, 0x40, 0x26, 0xB7, 0x82, 0x4E, 0xFF, 0xA9, 0x3B, 0x10, 0x6D,
    0x30, 0xE9, 0x29, 0x64, 0x72, 0x50, 0x82, 0x4E, 0xAC, 0xD0, 0x15, 0xFF, 0x04, 0xA3, 0x53, 0x4A,
    0x9C, 0xC8, 0xCC, 0xA9, 0xAC, 0x59, 0x15, 0x3E, 0x78, 0xA0, 0x45, 0x3F, 0xB4, 0x16, 0x5D, 0x29,
    0x01, 0xA7, 0x18, 0x37, 0x1E, 0x7F, 0xB8, 0xBA, 0xBA, 0xE4, 0x47, 0x96, 0x9F, 0x8B, 0x4F, 0xFA,
    0x0D, 0x64, 0xFC, 0x76, 0xBB, 0x3B, 0x9E, 0x7D, 0x5D, 0x6D, 0x90, 0xB6, 0x4F, 0x1E, 0x5A, 0x18,
    0x07, 0x26, 0x30, 0x8C, 0xC3, 0x1A, 0x19, 0xC6, 0x83, 0xC9, 0xC2, 0x78, 0xCC, 0x8C, 0x22, 0x18,
    0xEF, 0x1C, 0xA3, 0x7A, 0x86, 0xF1, 0x39, 0xA4, 0x77, 0x77, 0x82, 0x71, 0x65, 0x61, 0x1C, 0x3F,
    0x46, 0x30, 0x2E, 0x8C, 0x12, 0xF6, 0x6C, 0x83, 0xF1, 0x1B, 0x46, 0xED, 0xC8, 0xA8, 0x97, 0xE2,
    0xEF, 0xEC, 0x91, 0x2E, 0x57, 0x7D, 0x83, 0xC0, 0xC6, 0xDE, 0x9A, 0x5F, 0x1C, 0xAE, 0x9B, 0x9F,
    0xF0, 0xD6, 0x0F, 0x1E, 0x03, 0xD6, 0x0F, 0xFF, 0x2C, 0xF8, 0xBC, 0xB7, 0xE6, 0x27, 0xAF, 0xEB,
    0xFA, 0xE1, 0x7B, 0xD6, 0xCE, 0x62, 0x6B, 0x7C, 0x91, 0x05, 0x76, 0xE7, 0x2B, 0xBF, 0x75, 0xE3,
    0x59, 0x5F, 0x80, 0x67, 0x3D, 0x75, 0x1C, 0x38, 0x72, 0x5E, 0x23, 0xC9, 0x0B, 0xEF, 0x9F, 0xE3,
    0x85, 0x17, 0x37, 0x5E, 0x78, 0xDD, 0x0B, 0xFB, 0x87, 0x87, 0x80, 0x5A, 0x6D, 0x50, 0x05, 0xB5,
    0xBF, 0xD1, 0x27, 0xFD, 0x97, 0xB5, 0x85, 0xF4, 0xC6, 0x27, 0x6D, 0xF3, 0x49, 0x37, 0xFC, 0xBD,
    0x42, 0x3E, 0x3F, 0xAE, 0x3D, 0xD7, 0xD7, 0x6E, 0xA6, 0xC3, 0xA5, 0xBA, 0xD0, 0xB1, 0x77, 0xE4,
    0xE8, 0x72, 0x72, 0x29, 0xB5, 0xD6, 0xF6, 0x42, 0xD1, 0x5C, 0x59, 0x60, 0x4A, 0xBA, 0xD4, 0xE2,
    0x55, 0xDA, 0xC4, 0x9D, 0x83, 0xD5, 0xC8, 0x85, 0x81, 0x4B, 0x8F, 0xAE, 0x0D, 0x3A, 0xDC, 0x12,
    0x98, 0x35, 0x9F, 0xCF, 0xEC, 0x75, 0x5A, 0x57, 0xAD, 0x30, 0x58, 0xC1, 0xA2, 0x34, 0xBE, 0xC0,
    0x97, 0xA5, 0x1E, 0x26, 0x8B, 0x4B, 0x7A, 0x64, 0x69, 0xEA, 0x67, 0xDF, 0xA4, 0xF7, 0x05, 0xAE,
    0x7D, 0xDA, 0x13, 0xA8, 0x2F, 0x51, 0x5F, 0xA4, 0xBE, 0x4C, 0x57, 0x84, 0xEA, 0x4B, 0x75, 0x93,
    0x58, 0x6F, 0xF8, 0xFF, 0x6A, 0xF9, 0xBF, 0xAB, 0x69, 0xF9, 0xB6, 0xE5, 0x1B, 0xD7, 0x79, 0x11,
    0xF5, 0xC7, 0x6F, 0x3A, 0xFE, 0x8F, 0xE5, 0x46, 0x5A, 0x7D, 0xFC, 0xFA, 0x8D, 0x7C, 0x5F, 0x96,
    0x7C, 0x6F, 0xF8, 0x7F, 0x3D, 0xED, 0xEB, 0x1E, 0xFE, 0x1E, 0x07, 0xAA, 0x19, 0x47, 0xA0, 0x86,
    0x0F, 0xC8, 0x1F, 0x3A, 0x87, 0xBA, 0xC7, 0xF7, 0x17, 0x90, 0x06, 0x99, 0x73, 0xD5, 0x63, 0x34,
    0x10, 0x61, 0x56, 0x94, 0xAB, 0x64, 0xA0, 0xE8, 0x80, 0x3D, 0x35, 0x23, 0x6E, 0xAE, 0xE2, 0x91,
    0xE2, 0xFC, 0x40, 0x73, 0xBC, 0x5F, 0x72, 0x86, 0x86, 0x52, 0xE4, 0x4A, 0x38, 0x9C, 0x31, 0xBA,
    0x81, 0x33, 0xF0, 0x0C, 0xCE, 0x8B, 0x86, 0xB2, 0x02, 0x48, 0xC3, 0xE0, 0x6C, 0x12, 0x14, 0x4C,
    0xEB, 0xE0, 0x0B, 0x10, 0xA3, 0x47, 0x9A, 0x70, 0x7D, 0x61, 0x98, 0x97, 0x02, 0x0F, 0x7F, 0xA5,
    0x9B, 0x08, 0xCE, 0xB1, 0xEE, 0x54, 0x65, 0x64, 0xA4, 0xAA, 0x95, 0x68, 0x9D, 0x82, 0xE0, 0xC2,
    0xD1, 0x71, 0xE3, 0xE8, 0xB2, 0xB3, 0x74, 0xAC, 0x5B, 0x4B, 0x97, 0xB3, 0xFD, 0x6E, 0xC8, 0x6F,
    0x03, 0xBD, 0x98, 0xDD, 0x35, 0xCB, 0xD6, 0xB2, 0xDC, 0x05, 0x68, 0x51, 0xCF, 0x81, 0x38, 0xD2,
    0xA1, 0xD5, 0x6A, 0x13, 0x93, 0xEB, 0xC2, 0xD1, 0x79, 0xE3, 0xE8, 0x64, 0x70, 0x74, 0x38, 0x3B,
    0x5A, 0x55, 0x85, 0x4B, 0x7B, 0xB3, 0xC6, 0xD1, 0x92, 0x9E, 0xC2, 0x2F, 0x45, 0xA3, 0xA3, 0x41,
    0x19, 0x6F, 0x09, 0x5D, 0x51, 0x60, 0x16, 0x8C, 0xA4, 0x87, 0x39, 0x66, 0x0B, 0xF0, 0x7E, 0xC3,
    0xA9, 0x45, 0xA1, 0xF6, 0x8C, 0xC6, 0xD9, 0xDC, 0xE2, 0x4F, 0x9E, 0xBE, 0x37, 0xD5, 0x04, 0x5F,
    0x0B, 0x4F, 0x40, 0x27, 0xEF, 0x8E, 0x13, 0x27, 0x28, 0xA2, 0xEF, 0x62, 0x7A, 0x95, 0xE7, 0x5F,
    0x41, 0x76, 0xB9, 0x94, 0xC3, 0x3B, 0xBC, 0x3C, 0xEB, 0xFB, 0x07, 0x3F, 0x9B, 0x94, 0xD3, 0x77,
    0x6B, 0x9D, 0xA5, 0x67, 0xE5, 0xC1, 0xE3, 0xA3, 0x53, 0x7D, 0x03, 0x47, 0x2E, 0x3C, 0x64, 0x70,
    0xB9, 0xA2, 0xE5, 0x66, 0xE0, 0xAE, 0x99, 0xDA, 0x37, 0x49, 0x49, 0x57, 0xB2, 0x77, 0xB8, 0x99,
    0xC1, 0xC5, 0x05, 0x4E, 0x43, 0x1C, 0xAA, 0xB0, 0xCE, 0xAE, 0xC4, 0xDC, 0x90, 0x78, 0xB3, 0xB4,
    0x20, 0xF3, 0x4E, 0x7B, 0x9B, 0x7A, 0x13, 0xEB, 0x29, 0xF7, 0x26, 0x1D, 0x87, 0xE4, 0x9B, 0xB8,
    0x80, 0xD9, 0x37, 0x32, 0x87, 0xD2, 0x6F, 0xE4, 0x19, 0xE5, 0xDF, 0xA8, 0xCE, 0x94, 0x80, 0x2B,
    0xD0, 0x0F, 0xCA, 0xC0, 0x51, 0xA9, 0x29, 0x05, 0x37, 0x6B, 0x6B, 0x6D, 0x0E, 0xFE, 0x2B, 0xDD,
    0x52, 0x12, 0xAE, 0x75, 0xA4, 0x3B, 0xCA, 0xC2, 0x8D, 0x82, 0x97, 0xAD, 0x4B, 0xC3, 0xBD, 0x3C,
    0xDC, 0xCF, 0x0E, 0x0E, 0xD5, 0x86, 0x54, 0xFC, 0x8C, 0x80, 0xDE, 0x65, 0xE3, 0x5E, 0x3A, 0xEE,
    0xE5, 0xE3, 0x5E, 0x1A, 0xEE, 0x93, 0x2E, 0x25, 0xF7, 0x72, 0xF2, 0xED, 0x49, 0xF9, 0x4A, 0x59,
    0x04, 0x55, 0xC5, 0xC9, 0xC9, 0xBD, 0x9F, 0xCD, 0x1B, 0xDF, 0x4E, 0xBD, 0x3C, 0xBE, 0xEC, 0x3C,
    0x51, 0x15, 0x9E, 0x43, 0xF2, 0x74, 0x68, 0xF2, 0x7E, 0xB5, 0xF2, 0x82, 0xBF, 0xCC, 0xBB, 0x03,
    0x4F, 0x27, 0x54, 0xE0, 0x5D, 0x5F, 0xC0, 0x9B, 0x38, 0xE1, 0x7D, 0xC1, 0xD5, 0x72, 0x5C, 0xC1,
    0x48, 0x2A, 0x0B, 0xB7, 0x3C, 0x8E, 0x67, 0x96, 0xB9, 0xB5, 0x78, 0x1B, 0x05, 0x98, 0x21, 0xDE,
    0x26, 0xD4, 0x93, 0xF3, 0x36, 0x9F, 0xEB, 0xD1, 0x5A, 0x5F, 0x4B, 0xD6, 0x07, 0xDE, 0xC6, 0x28,
    0xCC, 0xF8, 0xCA, 0xBD, 0xCD, 0x8D, 0xBC, 0xAE, 0x96, 0xBC, 0x5E, 0x78, 0xF4, 0x7D, 0xEF, 0x14,
    0x62, 0xBC, 0x30, 0xA2, 0xD8, 0x48, 0x00, 0xE6, 0x12, 0xFB, 0x47, 0x22, 0x10, 0x6F, 0x81, 0x40,
    0xB4, 0xC5, 0x58, 0x01, 0xB0, 0x16, 0x83, 0x07, 0x40, 0x5A, 0x03, 0x5A, 0x84, 0xB3, 0x86, 0x20,
    0x94, 0x35, 0x04, 0x61, 0x6C, 0x56, 0x33, 0xC2, 0x1A, 0x0F, 0x4A, 0xF8, 0x5A, 0xF6, 0x16, 0x5D,
    0x19, 0x5B, 0xC7, 0x8A, 0x91, 0xB5, 0xC9, 0x3A, 0x8B, 0xAB, 0xC7, 0xA7, 0x30, 0xF5, 0xF0, 0x14,
    0x9E, 0x6E, 0x59, 0x91, 0xC5, 0x51, 0x8B, 0xA2, 0xE9, 0x29, 0xC2, 0xE2, 0xA7, 0x45, 0xCF, 0x75,
    0xEC, 0x74, 0x08, 0xEB, 0x51, 0xED, 0x36, 0x2A, 0xDE, 0x95, 0xEA, 0xB6, 0x51, 0xD1, 0x8B, 0xA2,
    0x6E, 0x59, 0x2A, 0xB3, 0xC1, 0x92, 0x9B, 0x84, 0x60, 0xDB, 0x32, 0x22, 0xB3, 0x96, 0x35, 0x89,
    0x5D, 0xFD, 0xEB, 0xCC, 0x56, 0x75, 0x12, 0x4D, 0xCE, 0x8E, 0x1C, 0xE5, 0xEC, 0xC9, 0x59, 0x93,
    0xB3, 0x25, 0x67, 0x49, 0x9E, 0x1D, 0x39, 0x2B, 0x5A, 0xB7, 0xA1, 0x1B, 0x3E, 0x7F, 0x39, 0x7C,
    0x3E, 0x1F, 0xA3, 0x1C, 0x42, 0x39, 0x7C, 0xDA, 0x80, 0x4E, 0xF7, 0x76, 0xB1, 0xC5, 0x97, 0x81,
    0x52, 0xD8, 0x88, 0x01, 0x22, 0x9B, 0xD8, 0x49, 0x54, 0x9C, 0xBF, 0x84, 0x33, 0x64, 0x38, 0x86,
    0x88, 0x3B, 0x88, 0x2E, 0x0D, 0x41, 0x59, 0xAA, 0x41, 0x02, 0x4A, 0x4B, 0x0D, 0x91, 0x17, 0x21,
    0x25, 0x33, 0xE6, 0xA3, 0x94, 0xCD, 0x18, 0x77, 0x89, 0xE9, 0x4C, 0xA4, 0x07, 0xA5, 0x01, 0xB4,
    0xF4, 0x1F, 0xF5, 0x4F, 0x0C, 0xCA, 0x99, 0x84, 0xA6, 0x29, 0xA1, 0x07, 0x63, 0xAE, 0x5F, 0xA4,
    0xFA, 0x3F, 0xD8, 0x43, 0x7C, 0xE4, 0x7A, 0x47, 0xDC, 0x12, 0xC2, 0x7E, 0xD0, 0x62, 0x72, 0x1D,
    0xA1, 0x0A, 0xDD, 0x2B, 0x22, 0x65, 0x30, 0x53, 0xD2, 0x05, 0x60, 0x19, 0xF5, 0x18, 0xAB, 0x23,
    0x5E, 0xA6, 0x2D, 0xDC, 0x18, 0x41, 0x26, 0xA5, 0xCF, 0x84, 0x9A, 0xF9, 0x12, 0xFC, 0x31, 0x01,
    0xA7, 0xF9, 0xA6, 0x8D, 0x4E, 0x4D, 0x5E, 0x25, 0xE1, 0x69, 0x68, 0xA4, 0xAD, 0x6B, 0x46, 0xD0,
    0x1E, 0x6F, 0x95, 0x40, 0xD4, 0xDC, 0xED, 0x9F, 0xF5, 0x92, 0x70, 0xB4, 0x48, 0xF4, 0xCF, 0x75,
    0x21, 0x50, 0xFA, 0xD1, 0x6A, 0x8C, 0xEA, 0x07, 0xA9, 0x7E, 0x94, 0xEA, 0x87, 0xA9, 0x7E, 0x70,
    0xBA, 0x4A, 0x7B, 0x00, 0x99, 0xF9, 0x1E, 0xDF, 0xAF, 0xFF, 0x9D, 0x41, 0x7B, 0xE1, 0xAA, 0x1F,
    0xAF, 0x9E, 0x0E, 0x58, 0x7F, 0xE8, 0x2A, 0xDA, 0x2B, 0xE7, 0xEF, 0xAB, 0xDD, 0x7A, 0x93, 0xE8,
    0xBB, 0x9E, 0x8A, 0x0F, 0xE3, 0x05, 0xE4, 0x94, 0x54, 0xC3, 0x5D, 0x97, 0xDC, 0x18, 0xD6, 0x14,
    0x52, 0x85, 0x68, 0x36, 0xD8, 0x9B, 0xEC, 0xD0, 0x3A, 0x7F, 0x63, 0x74, 0x01, 0x7A, 0x93, 0x05,
    0x74, 0x1A, 0x5F, 0xFE, 0xCC, 0xD2, 0xB5, 0x5C, 0xEF, 0x6A, 0xEA, 0x98, 0x2F, 0xD7, 0x89, 0xD5,
    0xAE, 0x6A, 0x39, 0xAE, 0xF5, 0x54, 0xC9, 0x7C, 0x24, 0xD0, 0x00, 0x6D, 0x41, 0xC3, 0x81, 0xFE,
    0x29, 0x5A, 0x8D, 0xD1, 0x25, 0x32, 0x19, 0x43, 0x93, 0xBD, 0xA4, 0xDB, 0x02, 0x8D, 0x89, 0x03,
    0x0D, 0xAD, 0x25, 0xD0, 0x98, 0x2E, 0x4D, 0xA0, 0xB1, 0x3E, 0x92, 0x14, 0x35, 0xAE, 0x2F, 0x8A,
    0xDC, 0xC5, 0x66, 0x68, 0xE2, 0x45, 0xFE, 0x47, 0xBB, 0x46, 0x9E, 0x4B, 0x3B, 0x30, 0x09, 0x88,
    0x38, 0x3A, 0x1F, 0x3A, 0x5A, 0x47, 0x08, 0xC5, 0x0A, 0x6E, 0x86, 0x82, 0x6A, 0x71, 0x33, 0x34,
    0xEA, 0x6D, 0x33, 0x34, 0x1E, 0x6C, 0x33, 0x74, 0xC1, 0x03, 0x93, 0xC1, 0xEA, 0xC0, 0x64, 0xA6,
    0x6B, 0x6E, 0x86, 0x0E, 0xB1, 0x5E, 0x7E, 0x79, 0xCD, 0x50, 0x2F, 0x31, 0x8A, 0xBB, 0x4D, 0x64,
    0xB0, 0x6B, 0xD3, 0x58, 0xA9, 0xCB, 0x3C, 0x59, 0xFA, 0xDC, 0x5D, 0xB7, 0x1B, 0x46, 0xBD, 0xF2,
    0x91, 0xA4, 0xF4, 0x82, 0xE7, 0xDB, 0xDB, 0x6F, 0x46, 0x12, 0xE7, 0xCC, 0x83, 0x25, 0x40, 0x7F,
    0x49, 0x96, 0x99, 0xA7, 0x8A, 0x19, 0x5A, 0x30, 0x37, 0x2D, 0xFF, 0xE4, 0x2C, 0x4C, 0x14, 0x0E,
    0x0A, 0xFB, 0x84, 0x77, 0x96, 0x71, 0xC2, 0x35, 0xCB, 0xB2, 0x57, 0x3F, 0x1A, 0x14, 0x2C, 0xDF,
    0x47, 0x77, 0x94, 0xFC, 0x71, 0x44, 0x77, 0x94, 0x7C, 0x3A, 0xA2, 0x3B, 0x8A, 0x9A, 0xE1, 0x62,
    0xEE, 0x77, 0xA7, 0xE3, 0x8A, 0xAD, 0xF7, 0x8A, 0x0D, 0x2C, 0xBD, 0xFF, 0x0D, 0x76, 0xB6, 0xC1,
    0x98, 0xB3, 0x93, 0x0D, 0xC6, 0x92, 0x23, 0x18, 0x35, 0xE4, 0x5F, 0xC6, 0x28, 0xF0, 0x29, 0x32,
    0x2E, 0xD4, 0x17, 0x3C, 0x96, 0x97, 0x78, 0x08, 0xE9, 0x35, 0xC3, 0x03, 0xF6, 0xBB, 0xF9, 0x77,
    0x1A, 0xF1, 0xBB, 0xF9, 0x77, 0x5A, 0xF1, 0xBB, 0x19, 0xF4, 0xF2, 0xB7, 0x0E, 0x21, 0x5D, 0xDA,
    0x01, 0x95, 0xD7, 0x42, 0x0B, 0x61, 0xF9, 0x3F, 0xB7, 0x82, 0x62, 0xF9, 0x8F, 0x3B, 0x01, 0xB2,
    0x05, 0xB4, 0x9E, 0xB6, 0x7A, 0x80, 0xEB, 0xBC, 0xB6, 0x97, 0xE3, 0xDD, 0x2C, 0xD2, 0xA4, 0x52,
    0xE9, 0xBD, 0xF7, 0x3E, 0x13, 0xDF, 0x52, 0xEB, 0xC4, 0x9B, 0x81, 0x85, 0x20, 0x61, 0xAD, 0xFC,
    0xC6, 0xBD, 0x5D, 0xCC, 0xED, 0x63, 0x65, 0xF1, 0x37, 0xC6, 0xC6, 0x93, 0x49, 0x98, 0x13, 0x6A,
    0x65, 0x01, 0xBF, 0x21, 0x91, 0x41, 0x70, 0xB9, 0x0B, 0x79, 0x0A, 0x1A, 0x5E, 0xF9, 0x39, 0x8B,
    0x2F, 0xD5, 0x92, 0x11, 0xE9, 0x25, 0xF7, 0x59, 0x39, 0x26, 0x79, 0x30, 0x91, 0xD9, 0xDD, 0xD5,
    0x4D, 0x55, 0x98, 0xAF, 0x57, 0x06, 0x28, 0x73, 0xB0, 0x05, 0x64, 0x2B, 0x34, 0xCD, 0xF4, 0x33,
    0xF4, 0x85, 0xE7, 0xDC, 0xA1, 0xE5, 0xE1, 0xE4, 0xD5, 0xB8, 0xE9, 0x38, 0xB8, 0x61, 0xDD, 0xF3,
    0xAE, 0xFD, 0x40, 0xD6, 0x3E, 0xCB, 0xDA, 0x67, 0x59, 0xFB, 0xFE, 0x15, 0x5B, 0xFB, 0x37, 0xA4,
    0x75, 0xCA, 0x76, 0xF6, 0x3B, 0x76, 0x0B, 0xEC, 0x91, 0x64, 0x98, 0x2A, 0x6A, 0xF9, 0x9B, 0xD2,
    0x18, 0x67, 0x4C, 0x8E, 0x9E, 0x9D, 0xB3, 0xDC, 0x04, 0xA6, 0x3B, 0xB8, 0xA3, 0x5F, 0xF6, 0x18,
    0x7C, 0x40, 0xFB, 0x04, 0x13, 0xE7, 0x13, 0x8D, 0x5E, 0x29, 0x6D, 0x8C, 0x47, 0x85, 0x92, 0x13,
    0xB8, 0x7D, 0xE3, 0x20, 0x4B, 0x78, 0xD3, 0x78, 0x8A, 0x09, 0x9C, 0x53, 0x64, 0x82, 0x14, 0x4C,
    0x03, 0xBB, 0x48, 0x2F, 0x4D, 0xB8, 0x1E, 0xB5, 0x89, 0x36, 0xA4, 0x5A, 0x34, 0xD5, 0x2F, 0xE6,
    0xF7, 0x0C, 0xDA, 0xD4, 0xFA, 0x6D, 0xAD, 0xFF, 0x80, 0x01, 0x66, 0xA6, 0x63, 0x58, 0xA6, 0x0A,
    0x9D, 0x97, 0xD8, 0x2B, 0xFC, 0x92, 0xC1, 0x44, 0x7F, 0x71, 0x20, 0xC3, 0xA7, 0x27, 0x84, 0xA1,
    0x19, 0xC5, 0x26, 0x7A, 0x58, 0x35, 0x1B, 0x7B, 0xDC, 0xA1, 0xEF, 0x56, 0xAD, 0x0A, 0x4C, 0x20,
    0x62, 0x3E, 0x66, 0xE2, 0xA1, 0xF4, 0xF3, 0x11, 0x47, 0x01, 0x9A, 0x09, 0x8B, 0xAC, 0xC5, 0x31,
    0x48, 0xB5, 0x04, 0xA0, 0x1D, 0xD5, 0x44, 0x27, 0xF8, 0x9F, 0x1A, 0x8D, 0x37, 0x34, 0xA7, 0x27,
    0x61, 0x0F, 0x8E, 0xF5, 0x49, 0x04, 0x63, 0x27, 0x6A, 0x8C, 0x3E, 0x33, 0x77, 0x1B, 0x0E, 0x15,
    0x41, 0x32, 0x75, 0x76, 0x1B, 0x23, 0x2A, 0x10, 0x9E, 0xF9, 0xDC, 0xA2, 0x40, 0x25, 0x49, 0x6A,
    0x52, 0x11, 0xEC, 0x25, 0x73, 0x60, 0xD7, 0x60, 0xCC, 0x98, 0x91, 0x38, 0x13, 0x8E, 0xA5, 0xAA,
    0xFE, 0x0A, 0x63, 0x55, 0xB8, 0x64, 0xA6, 0x63, 0x3A, 0x3E, 0x0B, 0x71, 0xA0, 0x56, 0xE7, 0xF9,
    0xAE, 0xD4, 0xBA, 0x94, 0xF2, 0x06, 0x0D, 0xED, 0xF4, 0xA1, 0x25, 0x56, 0xD6, 0x75, 0x70, 0x0A,
    0xA6, 0x2D, 0xB1, 0x7F, 0xA5, 0x1D, 0xD1, 0x45, 0x98, 0x70, 0x99, 0x80, 0xE3, 0x4C, 0x8F, 0xBA,
    0x5E, 0x19, 0x7D, 0x72, 0x09, 0x31, 0xE2, 0x0E, 0x61, 0x04, 0x24, 0x7C, 0x46, 0x40, 0x79, 0x8D,
    0x18, 0x01, 0x9F, 0x3D, 0x8D, 0x11, 0x6F, 0x25, 0x2C, 0xC0, 0x4A, 0xD2, 0x0D, 0x4B, 0xEC, 0xDF,
    0xB9, 0x48, 0xD6, 0x71, 0xBD, 0xC2, 0xA1, 0xEB, 0xCA, 0x96, 0x95, 0x75, 0x1D, 0x08, 0x31, 0xCB,
    0xBA, 0xAE, 0x2A, 0xE8, 0xC4, 0x35, 0x29, 0x76, 0xFA, 0xEB, 0x71, 0xE5, 0x1C, 0x2E, 0x1F, 0xED,
    0x26, 0xA6, 0x57, 0x8C, 0x36, 0x3C, 0x53, 0x2B, 0x33, 0xB4, 0x76, 0x96, 0xF6, 0xC3, 0x6D, 0x73,
    0xB4, 0xA2, 0x87, 0x04, 0x37, 0x82, 0x37, 0x02, 0x38, 0x82, 0x38, 0x02, 0x39, 0x82, 0x39, 0x02,
    0x3A, 0x8C, 0x3A, 0x8A, 0x61, 0x47, 0x31, 0xEE, 0x28, 0x06, 0x1E, 0xC5, 0xC8, 0xA3, 0x18, 0x7A,
    0x78, 0xF2, 0xAC, 0x51, 0x0C, 0x3E, 0x82, 0x3E, 0x02, 0x3F, 0x16, 0x7F, 0x24, 0x48, 0x91, 0x28,
    0x45, 0xC2, 0x14, 0x1B, 0xA7, 0x6C, 0x0D, 0x54, 0x64, 0xB6, 0x58, 0xAA, 0x48, 0xF9, 0x6A, 0x98,
    0x1A, 0x89, 0x9C, 0x3F, 0xBD, 0x9A, 0x72, 0x16, 0x75, 0x45, 0x8B, 0x49, 0xF8, 0x15, 0x8C, 0x86,
    0x5E, 0xC9, 0x6E, 0x62, 0x9E, 0x8D, 0x44, 0xD3, 0xE1, 0x57, 0xB4, 0x1E, 0x79, 0x4D, 0xB9, 0xAD,
    0x5B, 0xB0, 0x0D, 0xD1, 0x7C, 0x2E, 0x99, 0x91, 0x79, 0x7D, 0x26, 0x96, 0x44, 0xAD, 0x31, 0x32,
    0xA6, 0x77, 0x21, 0x60, 0x67, 0x7B, 0x82, 0x05, 0x8B, 0x49, 0x61, 0x1C, 0xCF, 0x56, 0xF5, 0x4C,
    0x5D, 0xF0, 0xF8, 0xAB, 0x33, 0x5A, 0xB6, 0xE5, 0xA6, 0xF6, 0xFC, 0x7A, 0x4C, 0x8E, 0x1F, 0x84,
    0xD9, 0xD6, 0x19, 0xD5, 0x48, 0xE3, 0xD8, 0x35, 0x72, 0x04, 0x04, 0x51, 0xA1, 0xD6, 0xA0, 0x2C,
    0x54, 0x50, 0xA1, 0x1A, 0x53, 0x1F, 0x4A, 0x3F, 0x22, 0x89, 0x40, 0xCE, 0xC2, 0x42, 0x01, 0xDD,
    0x67, 0xB9, 0x60, 0x33, 0x9E, 0x44, 0x63, 0xF8, 0xD8, 0x28, 0x92, 0xCE, 0x1E, 0x5C, 0x9C, 0x05,
    0x04, 0x0B, 0x66, 0x19, 0x9D, 0x20, 0x58, 0x81, 0x98, 0x66, 0xBA, 0xA5, 0x6D, 0xFE, 0x7F, 0x43,
    0x38, 0xB3, 0xD2, 0x0A, 0xF3, 0xC8, 0xE8, 0xEC, 0x1E, 0xC6, 0xD5, 0x97, 0xFC, 0x1B, 0x1E, 0xED,
    0x67, 0x49, 0xF3, 0xA6, 0x68, 0xF6, 0xCA, 0x4A, 0xFE, 0x2D, 0x8F, 0xAE, 0xCE, 0xA0, 0xF7, 0xD5,
    0x17, 0x38, 0xBE, 0xDA, 0x0A, 0xB0, 0x16, 0xF2, 0x7B, 0x5B, 0xB2, 0x3C, 0x72, 0xD7, 0xCD, 0x59,
    0x57, 0x18, 0x47, 0x82, 0xD6, 0x67, 0x48, 0x17, 0xBB, 0xC1, 0xF5, 0xA8, 0x4F, 0xDC, 0x38, 0x7C,
    0x38, 0x70, 0x24, 0x05, 0x03, 0x08, 0x30, 0x8F, 0x83, 0x1A, 0x91, 0x81, 0x37, 0x1A, 0x6D, 0x44,
    0x85, 0xAE, 0x49, 0xA2, 0x2A, 0xF3, 0xC7, 0x31, 0xAB, 0xC6, 0x21, 0x38, 0xAF, 0x87, 0xAC, 0x1B,
    0xD8, 0x3E, 0x79, 0xC8, 0xCA, 0x31, 0x03, 0xB7, 0x9F, 0x90, 0x76, 0x44, 0xBA, 0xC8, 0xFA, 0x60,
    0x14, 0xF5, 0x80, 0xA3, 0x67, 0xFD, 0xF8, 0xA5, 0x9E, 0x2B, 0xDD, 0x92, 0x82, 0xCC, 0xA1, 0xEE,
    0x17, 0xBB, 0xE4, 0x7A, 0x1B, 0x94, 0x64, 0xB5, 0x98, 0xE2, 0xAB, 0xC9, 0x56, 0x3D, 0xB9, 0xBE,
    0x7C, 0x3B, 0x38, 0x93, 0x1F, 0x2B, 0x7F, 0x5C, 0x18, 0x5F, 0xAE, 0xB5, 0x56, 0xBD, 0xEE, 0x5B,
    0x7C, 0xC5, 0x36, 0x2F, 0xD1, 0x06, 0x5A, 0xBD, 0x0C, 0xC3, 0xA0, 0xDD, 0x63, 0xFF, 0x04, 0x46,
    0x7F, 0xC1, 0xF2, 0x23, 0xD8, 0xE5, 0x65, 0xCC, 0x1E, 0x6D, 0xDF, 0x2C, 0x06, 0xB7, 0x28, 0xA1,
    0xF5, 0xC7, 0x30, 0xD5, 0x9D, 0xD6, 0x64, 0xFF, 0x49, 0x63, 0x72, 0x8E, 0xA4, 0x26, 0x04, 0x48,
    0xA1, 0x35, 0x9D, 0xD4, 0x84, 0x01, 0x0B, 0xF8, 0x23, 0xAD, 0x09, 0x05, 0x4A, 0x78, 0xC9, 0x96,
    0x82, 0x03, 0x70, 0x30, 0x12, 0x8C, 0xB0, 0x4B, 0x63, 0x62, 0x2C, 0x68, 0x33, 0xFD, 0x0E, 0x56,
    0x4B, 0x37, 0xA3, 0xC1, 0xDE, 0x2C, 0xCE, 0x80, 0x56, 0xA4, 0x5B, 0xE5, 0x64, 0x84, 0x02, 0xB2,
    0x52, 0x32, 0x58, 0xF4, 0xF7, 0x93, 0xB2, 0x72, 0x82, 0x8D, 0x3B, 0x95, 0xCB, 0xA8, 0xA2, 0x79,
    0x25, 0xAF, 0x4A, 0x79, 0x5E, 0x86, 0xA5, 0x05, 0xBB, 0x85, 0x6C, 0x8E, 0xF5, 0x94, 0x18, 0x27,
    0x4E, 0x42, 0x43, 0x83, 0x08, 0xFE, 0x41, 0x99, 0xC5, 0xFA, 0x9F, 0xCC, 0x57, 0xEF, 0x8E, 0xD6,
    0x55, 0xE8, 0xCF, 0xBE, 0xFB, 0x0F, 0x18, 0xF8, 0xA3, 0xDC, 0x3E, 0xA1, 0xB9, 0x08, 0x76, 0x18,
    0x33, 0xE6, 0x05, 0xFE, 0x00, 0xFE, 0x0F, 0x1E, 0xFF, 0x74, 0x83, 0x45, 0xCF, 0x5B, 0xFF, 0xFC,
    0x42, 0x1E, 0xF4, 0xAB, 0xC2, 0x49, 0xA7, 0xED, 0x0F, 0x1E, 0x79, 0xEA, 0x9E, 0xE8, 0xC9, 0xD3,
    0xF7, 0x12, 0xDC, 0x9B, 0x28, 0x7C, 0xA4, 0x3F, 0x28, 0x6B, 0xD6, 0xF8, 0x4E, 0xA5, 0x03, 0x18,
    0xA4, 0x55, 0xF9, 0x06, 0x34, 0x5C, 0x74, 0x5E, 0x2B, 0x9B, 0xD1, 0x24, 0x0D, 0xF8, 0x38, 0xC9,
    0x6B, 0xD2, 0x06, 0xE2, 0xD8, 0xA4, 0x65, 0xB5, 0x6F, 0xC1, 0x57, 0x2E, 0x44, 0xEF, 0x07, 0x73,
    0xE1, 0x40, 0x3B, 0xC5, 0xFF, 0xEE, 0xF7, 0xAA, 0x59, 0x34, 0xBF, 0x44, 0x1B, 0x17, 0xD5, 0x4F,
    0xB0, 0x05, 0x6F, 0x75, 0xFF, 0x2F, 0x1F, 0x3F, 0x5E, 0x35, 0xF2, 0x70, 0x35, 0x42, 0xF6, 0xE6,
    0x7F, 0x36, 0xFC, 0xB9, 0xFB, 0x90, 0xD9, 0x57, 0x47, 0x37, 0x2E, 0xE0, 0x7D, 0x4F, 0x35, 0x33,
    0xE6, 0x2D, 0xDE, 0x68, 0x4B, 0xD6, 0x73, 0x23, 0xB2, 0x17, 0x04, 0x8C, 0xC8, 0xC9, 0x79, 0x95,
    0x75, 0x6B, 0x7F, 0xEE, 0xDF, 0x70, 0x72, 0x17, 0xE5, 0x7F, 0x6B, 0xE5, 0xAF, 0x6A, 0xCB, 0x5F,
    0x17, 0xF4, 0x34, 0xD7, 0x13, 0x7A, 0xA3, 0x76, 0xB3, 0xC1, 0x46, 0x97, 0x83, 0xBE, 0x73, 0xC2,
    0xDA, 0x1A, 0xF5, 0x81, 0xD1, 0x08, 0x52, 0x55, 0x8C, 0x5C, 0x7B, 0xD2, 0xD3, 0xA8, 0xCF, 0x4F,
    0xDE, 0xE5, 0x78, 0x35, 0xFC, 0xCC, 0xFC, 0xDB, 0x89, 0x34, 0x34, 0xFC, 0xF3, 0x48, 0xC5, 0x66,
    0xA3, 0x9E, 0xB8, 0xE9, 0xF0, 0x90, 0x74, 0x33, 0x84, 0x0B, 0x70, 0xAC, 0x8A, 0xDB, 0xA9, 0x47,
    0xD2, 0x4A, 0x4C, 0xEA, 0x06, 0x56, 0xC9, 0x4E, 0xDD, 0xAE, 0x3A, 0x2F, 0x50, 0x5D, 0x4A, 0x76,
    0x0C, 0x3F, 0xC9, 0xD9, 0xB1, 0xB7, 0xE5, 0xCE, 0x3F, 0xFC, 0x39, 0x94, 0xC3, 0xE7, 0xA2, 0x83,
    0xCE, 0x95, 0xCE, 0xA2, 0x61, 0x13, 0x6D, 0x0C, 0xEC, 0xD1, 0x86, 0x11, 0xA0, 0x8D, 0x34, 0x16,
    0x38, 0x4D, 0xB6, 0x7B, 0xC4, 0xBA, 0x6B, 0x62, 0x5F, 0x9A, 0xA0, 0xC4, 0xD1, 0x20, 0x08, 0x57,
    0x49, 0x6F, 0xF3, 0x58, 0x7F, 0x50, 0x71, 0x88, 0x9C, 0x2F, 0x7A, 0x1B, 0x21, 0xE7, 0xE6, 0x4D,
    0x13, 0x0B, 0xA3, 0xC6, 0xC2, 0x70, 0x03, 0x4E, 0x69, 0x1A, 0x46, 0xE5, 0xB0, 0x3B, 0xA4, 0x21,
    0x6D, 0xCD, 0x5B, 0x7C, 0xAC, 0x02, 0xEA, 0x2A, 0x14, 0x53, 0xAB, 0x82, 0x34, 0xD5, 0x98, 0xDD,
    0xBB, 0xB3, 0x72, 0xB1, 0xF1, 0x20, 0x49, 0x32, 0x5A, 0x36, 0xE9, 0xA8, 0x39, 0x8E, 0x36, 0xA7,
    0xC9, 0x7F, 0x61, 0x75, 0x35, 0xD1, 0x96, 0x25, 0xB9, 0x23, 0xF5, 0x7F, 0xB7, 0xD2, 0x6E, 0x98,
    0x6D, 0x01, 0x05, 0x99, 0xC4, 0x1A, 0x42, 0x9F, 0x04, 0x05, 0x11, 0xE5, 0x32, 0xFA, 0x21, 0xA4,
    0x51, 0x0F, 0xD9, 0xBC, 0x0E, 0xDA, 0x21, 0x03, 0xB9, 0x03, 0x4C, 0x1C, 0x42, 0xD1, 0x81, 0xDA,
    0x0F, 0xFD, 0x83, 0x9A, 0x0B, 0x27, 0x29, 0xEC, 0x7F, 0x17, 0xCD, 0x98, 0x6D, 0xD9, 0xC4, 0x22,
    0x94, 0x9E, 0xEF, 0x5F, 0x34, 0x19, 0x9E, 0x36, 0xBA, 0xE1, 0x2D, 0x2E, 0xF8, 0xF6, 0x7D, 0x07,
    0xDF, 0x62, 0x2A, 0x58, 0x48, 0x07, 0x21, 0xA7, 0xF3, 0xBF, 0xB3, 0x88, 0xF1, 0xA1, 0x00, 0x24,
    0xE0, 0x42, 0x4A, 0x1F, 0x25, 0x4D, 0xFD, 0x99, 0x37, 0x0E, 0x29, 0x33, 0x5A, 0xD4, 0xDC, 0x89,
    0x41, 0xC1, 0xD2, 0xED, 0x80, 0x58, 0x6B, 0x9C, 0xFF, 0x00, 0x08, 0xEA, 0xD4, 0x3E, 0x89, 0x34,
    0x9E, 0xFF, 0x6E, 0x24, 0x81, 0x06, 0xB0, 0x29, 0x52, 0xC4, 0xD9, 0x88, 0x30, 0x05, 0x6E, 0xF4,
    0x6F, 0x37, 0x09, 0x72, 0xCB, 0xF3, 0xD6, 0x2E, 0x0E, 0xC7, 0x37, 0x3A, 0x71, 0xAA, 0x89, 0x61,
    0x0B, 0x64, 0xEE, 0xD9, 0x05, 0x8E, 0x8A, 0x77, 0x2C, 0x9F, 0x5D, 0x45, 0xCD, 0x0A, 0x9B, 0xD3,
    0xE5, 0x76, 0x47, 0xED, 0x1A, 0x2B, 0x85, 0xFF, 0x26, 0x94, 0x2B, 0x3E, 0x94, 0x5A, 0xCA, 0x92,
    0xF3, 0x7B, 0xEC, 0x26, 0x83, 0x41, 0x9C, 0x64, 0xD4, 0x85, 0x3D, 0xBB, 0xA6, 0x2E, 0x18, 0xB8,
    0x60, 0xDB, 0xAA, 0x91, 0x8B, 0xB6, 0x58, 0x37, 0x41, 0xFD, 0xEA, 0xA5, 0x82, 0x12, 0xD1, 0xBE,
    0x11, 0x88, 0x97, 0x88, 0x82, 0x50, 0x29, 0x83, 0x4F, 0x53, 0xA9, 0x16, 0x74, 0x8E, 0x0A, 0xB5,
    0xE6, 0xF6, 0x49, 0xB3, 0x54, 0x59, 0x5B, 0xC5, 0x2A, 0x44, 0xAF, 0xAC, 0x0B, 0x9A, 0x8B, 0x0B,
    0xA8, 0xD4, 0xB4, 0x41, 0xA1, 0x0E, 0xCE, 0x0F, 0xEC, 0x6F, 0x78, 0x7A, 0x31, 0x6E, 0x1C, 0x6C,
    0x60, 0xF3, 0x6C, 0xB9, 0xB1, 0x7F, 0x0D, 0xB8, 0x61, 0xA7, 0x1E, 0xBD, 0xE7, 0x0E, 0x56, 0x17,
    0x46, 0xF1, 0x37, 0xE5, 0xCA, 0xA1, 0x45, 0xED, 0xC4, 0x6E, 0xAB, 0x4A, 0x7F, 0x27, 0xCC, 0xCB,
    0x8A, 0xD2, 0x06, 0x2F, 0x39, 0xA3, 0xCF, 0x21, 0x6E, 0xA7, 0x05, 0xF4, 0x79, 0x08, 0x9B, 0x18,
    0x10, 0x7D, 0x9E, 0xC2, 0x13, 0x65, 0x11, 0x7D, 0xCA, 0x62, 0xB1, 0xE4, 0x90, 0x05, 0x38, 0x86,
    0xE8, 0xB3, 0xA0, 0x38, 0x23, 0xC6, 0x61, 0xE4, 0x42, 0xAA, 0xF9, 0xB9, 0x14, 0xF3, 0xA1, 0x66,
    0x89, 0xE8, 0x83, 0x69, 0x08, 0xA3, 0x4F, 0x67, 0x83, 0x14, 0x1B, 0xA2, 0x3C, 0xDB, 0x80, 0x3E,
    0x3F, 0xB4, 0x9B, 0x08, 0x27, 0xBB, 0x79, 0xD0, 0x51, 0xDF, 0xBF, 0xF3, 0x95, 0xB2, 0x94, 0xE4,
    0x1F, 0x25, 0x9B, 0x70, 0xCF, 0x99, 0x74, 0x8F, 0x99, 0xDC, 0xF9, 0x29, 0x93, 0xD7, 0x45, 0x37,
    0xFC, 0xC3, 0x8E, 0x84, 0x25, 0x16, 0x88, 0xAB, 0xC9, 0xF6, 0xFF, 0x04, 0x60, 0x4A, 0xF7, 0x30,
    0x24, 0x79, 0x2B, 0xB5, 0x9F, 0x77, 0xCF, 0x39, 0x71, 0xBB, 0x4D, 0xEC, 0x93, 0xA2, 0xD4, 0xC2,
    0x15, 0xF6, 0x1D, 0xD4, 0x9B, 0xFB, 0xE3, 0x64, 0x3F, 0xB3, 0x79, 0x7E, 0xD2, 0x4B, 0x8A, 0x8F,
    0x91, 0x0D, 0x35, 0x14, 0x6D, 0x62, 0x4F, 0xD7, 0xC6, 0x66, 0x22, 0x6D, 0x10, 0x82, 0xEF, 0xC0,
    0xF0, 0x06, 0x69, 0x09, 0x50, 0xA4, 0x25, 0x69, 0x6D, 0xB5, 0x64, 0x69, 0xB5, 0xC4, 0xC6, 0x3E,
    0xA3, 0x4D, 0x93, 0x8E, 0x5E, 0x96, 0x8F, 0xBA, 0xE1, 0xEE, 0xF9, 0xDC, 0xDD, 0x9D, 0x2F, 0x07,
    0x96, 0x2F, 0xB3, 0xE5, 0xCB, 0x6C, 0xF9, 0xB2, 0x7F, 0xA5, 0xF9, 0x82, 0x09, 0xF3, 0xD7, 0x10,
    0x08, 0x03, 0xC2, 0xC3, 0x05, 0x0E, 0x38, 0x05, 0x1A, 0x4F, 0x00, 0xB9, 0x23, 0x8D, 0x20, 0x8D,
    0xB8, 0x29, 0xC6, 0x9C, 0xB2, 0x01, 0x4B, 0x03, 0xB8, 0x6B, 0x73, 0xA4, 0xFD, 0x60, 0x23, 0x3D,
    0x74, 0x68, 0xC4, 0x34, 0x17, 0xFA, 0x40, 0x23, 0x9E, 0x70, 0x4A, 0x7E, 0xA2, 0x8D, 0xC2, 0xC7,
    0xF4, 0x6C, 0xA1, 0x63, 0x2C, 0x25, 0xC0, 0x09, 0x3A, 0x69, 0xC7, 0x34, 0xF5, 0x76, 0x4C, 0xC9,
    0xF8, 0x53, 0x04, 0x2E, 0x5C, 0xF9, 0xA2, 0xC0, 0x67, 0xB8, 0x65, 0x06, 0x74, 0x1A, 0x93, 0x99,
    0xD3, 0x54, 0x95, 0x49, 0x1F, 0xFE, 0x17, 0x23, 0x5E, 0x5D, 0x54, 0x5B, 0x03, 0x3C, 0x17, 0xF0,
    0x57, 0xB5, 0x05, 0x49, 0x79, 0xAF, 0x1A, 0xAC, 0x90, 0xE5, 0xAD, 0x5C, 0xDE, 0x0A, 0xAC, 0x5F,
    0x71, 0x22, 0xF3, 0x1E, 0x16, 0x62, 0x77, 0xCA, 0x86, 0xCE, 0xBD, 0x97, 0x8D, 0x94, 0x10, 0x68,
    0x37, 0x44, 0xD9, 0xF3, 0x97, 0xA9, 0xF0, 0xA5, 0x25, 0x07, 0xC0, 0xE0, 0x9E, 0xFA, 0xEA, 0xD0,
    0xBB, 0xA7, 0xB6, 0x3A, 0x3E, 0x2F, 0x0F, 0x73, 0x11, 0x98, 0x38, 0xE3, 0xA6, 0xFA, 0xA0, 0x04,
    0x69, 0x47, 0x41, 0xDA, 0x60, 0x10, 0xA4, 0x35, 0xBA, 0x72, 0x1A, 0x69, 0x6B, 0x41, 0xDA, 0xE1,
    0x34, 0xD2, 0x06, 0xBD, 0xF8, 0xC7, 0x33, 0xCE, 0xB2, 0xA8, 0xE7, 0x3E, 0xB3, 0x5E, 0x8F, 0xAC,
    0xD5, 0xEC, 0x6F, 0xD5, 0xC4, 0x1A, 0xCD, 0xC5, 0x27, 0xDB, 0x26, 0x95, 0x0E, 0xE9, 0x31, 0x6B,
    0xF2, 0x31, 0xEB, 0xF1, 0x48, 0x5A, 0x1C, 0x4A, 0x37, 0x74, 0x60, 0x0D, 0xEE, 0xCE, 0x1F, 0x5D,
    0x5D, 0x9F, 0x39, 0x9E, 0xB7, 0xE0, 0xE4, 0x75, 0xE7, 0xCB, 0x05, 0xD6, 0x77, 0xC0, 0xE7, 0x79,
    0xED, 0xBC, 0x7F, 0x99, 0xD7, 0x97, 0x15, 0x67, 0x9C, 0xD9, 0xA8, 0x17, 0xBB, 0x9E, 0xEB, 0xD5,
    0x73, 0xEA, 0x9D, 0xD1, 0xAA, 0x6B, 0xB2, 0xE9, 0x74, 0x7D, 0xF2, 0x91, 0xCB, 0xD7, 0x29, 0x17,
    0x01, 0xA5, 0x43, 0x2E, 0xCD, 0xF1, 0x54, 0xFA, 0xE2, 0x5C, 0xF4, 0x93, 0x6E, 0x78, 0x56, 0xB3,
    0xFD, 0x16, 0x64, 0xBD, 0xF3, 0xE6, 0xC9, 0x47, 0xAE, 0x3D, 0xC7, 0x9D, 0x8F, 0x41, 0x5F, 0xE8,
    0x74, 0x87, 0xEA, 0x38, 0x15, 0x6E, 0x07, 0x86, 0xA1, 0x57, 0xB8, 0x29, 0x98, 0x79, 0xED, 0x71,
    0xE4, 0x35, 0xE4, 0x21, 0xFB, 0x1E, 0x07, 0x5E, 0xC3, 0x1E, 0xE7, 0x5D, 0xC3, 0x1E, 0xC7, 0x5D,
    0xC3, 0x1E, 0xA7, 0x5D, 0xC3, 0x1E, 0x87, 0x5D, 0xCD, 0x0B, 0xCC, 0xBA, 0x9A, 0x13, 0x8C, 0xBA,
    0xC6, 0x1D, 0x4D, 0xBA, 0xB6, 0x54, 0xB7, 0xAC, 0x71, 0xCE, 0x75, 0x7A, 0x51, 0x1B, 0x71, 0x6E,
    0xBB, 0x4E, 0x4C, 0xD5, 0x89, 0x9F, 0x84, 0x07, 0xE8, 0xB0, 0x72, 0x25, 0x9F, 0x6B, 0xF1, 0x94,
    0x69, 0x8D, 0x0E, 0x12, 0x54, 0x2C, 0xA3, 0x59, 0x25, 0xEE, 0xBA, 0xD4, 0x56, 0xD1, 0x60, 0x7B,
    0x25, 0xEA, 0xDA, 0x88, 0x24, 0xD7, 0xB4, 0x13, 0xF6, 0x97, 0x89, 0x6E, 0x16, 0x2E, 0x98, 0xB7,
    0x05, 0xED, 0x6F, 0x83, 0xBF, 0x79, 0x46, 0x38, 0xFE, 0xA0, 0x7F, 0xD9, 0x35, 0xAA, 0x4B, 0xBE,
    0xE2, 0x17, 0x5A, 0xA1, 0xBC, 0x1A, 0x32, 0xA6, 0x9E, 0xD6, 0x7D, 0xE9, 0x67, 0x25, 0xB3, 0xB8,
    0xF4, 0x5C, 0x33, 0x04, 0x28, 0x6D, 0x8C, 0x0A, 0x41, 0x20, 0x18, 0xE3, 0x5E, 0xFA, 0x57, 0xB8,
    0x5D, 0x85, 0x7A, 0x57, 0xA3, 0x40, 0x81, 0x7A, 0x42, 0x60, 0x60, 0x40, 0xE7, 0x89, 0xED, 0x01,
    0x70, 0x59, 0x4F, 0x9F, 0x84, 0x83, 0x2D, 0xEB, 0xF5, 0x04, 0x0A, 0xC6, 0xB6, 0x5A, 0x82, 0x85,
    0xE5, 0x1E, 0x04, 0x3A, 0x6B, 0x2E, 0xBD, 0xB5, 0x63, 0x4A, 0xEB, 0x44, 0xF0, 0xE8, 0x22, 0x12,
    0xB8, 0x66, 0x5B, 0x72, 0xAF, 0x29, 0x5B, 0x56, 0xD6, 0x75, 0x20, 0xC4, 0x2C, 0xEB, 0xBA, 0xB2,
    0x1B, 0xDF, 0xDE, 0x74, 0xF3, 0x68, 0x2B, 0xE7, 0x5D, 0x9F, 0x85, 0xFE, 0x8A, 0xF7, 0x26, 0xF0,
    0x5C, 0x2E, 0x0F, 0xE2, 0xF2, 0xE9, 0xCC, 0x59, 0xDC, 0xAB, 0xB8, 0x1D, 0xD6, 0x7B, 0x92, 0x74,
    0xEA, 0xD6, 0xE5, 0x3D, 0xC8, 0xD6, 0x65, 0xCE, 0x5E, 0x6D, 0x4E, 0x95, 0x5A, 0x1A, 0x4C, 0x6A,
    0x7E, 0x30, 0xB0, 0x86, 0x85, 0xBD, 0x01, 0x50, 0x69, 0x30, 0x45, 0xF0, 0x0E, 0x96, 0xE0, 0xDA,
    0x08, 0x47, 0xFE, 0xB0, 0xC1, 0x14, 0xFD, 0xA9, 0xE7, 0x06, 0x53, 0x17, 0x7F, 0xCA, 0x55, 0xB8,
    0x70, 0x48, 0xDB, 0x89, 0xB4, 0x2D, 0x98, 0xB2, 0xFA, 0x29, 0xEB, 0x5B, 0x05, 0xCF, 0x2B, 0x21,
    0x8D, 0x33, 0x09, 0xFA, 0x53, 0x0B, 0xEC, 0xFF, 0x33, 0xB9, 0x6E, 0xF4, 0xC8, 0x7A, 0x77, 0x74,
    0xD7, 0x7B, 0xAE, 0xEE, 0xD7, 0x5F, 0x8A, 0xF3, 0xF6, 0x54, 0xDB, 0x71, 0x31, 0xF4, 0xBE, 0x6B,
    0xD3, 0x50, 0x79, 0xE6, 0x36, 0xE8, 0x6D, 0x42, 0x93, 0x11, 0xA0, 0xBA, 0x8B, 0xDF, 0x23, 0x8F,
    0xA8, 0x6B, 0x64, 0x74, 0x84, 0x14, 0xF8, 0x1E, 0x26, 0xA6, 0xA8, 0xC3, 0x0F, 0xF1, 0xD9, 0x40,
    0xA8, 0xC6, 0x87, 0xEA, 0x5E, 0x65, 0x3B, 0x47, 0x87, 0x39, 0x87, 0x9B, 0x79, 0x31, 0x49, 0xC4,
    0xB9, 0xF8, 0x64, 0x4C, 0x1B, 0x0E, 0x3A, 0x75, 0x97, 0xB0, 0x56, 0xC7, 0xBA, 0x4E, 0x45, 0xB1,
    0xF5, 0x5C, 0x89, 0x6E, 0xFF, 0x01, 0x9F, 0xDD, 0x04, 0xEA, 0x7D, 0x12, 0x60, 0xF9, 0x83, 0x34,
    0x3C, 0x28, 0x7C, 0xF0, 0xC1, 0x76, 0x3B, 0xF5, 0xDC, 0xD7, 0x5E, 0x36, 0x34, 0xEF, 0x02, 0xAB,
    0x2F, 0x0B, 0x7C, 0x62, 0x3C, 0xC5, 0xFD, 0x4B, 0xD2, 0x0B, 0xA3, 0x11, 0x23, 0x0E, 0xD4, 0xA2,
    0x16, 0xD4, 0xC6, 0x5B, 0xEA, 0x16, 0x25, 0x6F, 0x5E, 0x3E, 0x1D, 0xC3, 0x21, 0x69, 0x4D, 0x3C,
    0x9C, 0xD5, 0x25, 0x48, 0xB8, 0x84, 0x47, 0xC9, 0x1B, 0xD9, 0xA2, 0x54, 0x41, 0x9E, 0x2C, 0xC9,
    0xD3, 0x32, 0xFC, 0x1B, 0x27, 0x39, 0x56, 0xBC, 0x4A, 0x80, 0x2D, 0x17, 0x60, 0x83, 0x00, 0x82,
    0xA6, 0x75, 0x96, 0x0C, 0x6C, 0x98, 0x01, 0x00, 0xB0, 0xD9, 0x28, 0xC2, 0x56, 0x55, 0x6C, 0x51,
    0xC5, 0x7C, 0x86, 0xD5, 0xAC, 0x10, 0x25, 0x13, 0x60, 0xB3, 0x05, 0x95, 0xA3, 0xF3, 0xFD, 0xD8,
    0x1B, 0xAF, 0xB1, 0x5A, 0x4D, 0x70, 0x1B, 0xB3, 0xD4, 0xC1, 0x41, 0xA5, 0x9E, 0x2C, 0xCE, 0xFE,
    0xEA, 0xA5, 0x5E, 0x97, 0x92, 0x75, 0x29, 0x59, 0xD7, 0x4A, 0x7D, 0x7F, 0x65, 0x5D, 0xCF, 0xB3,
    0x5D, 0xFB, 0xDA, 0x30, 0x61, 0x35, 0xBA, 0x94, 0xF4, 0xB2, 0xE1, 0xF4, 0xB2, 0x25, 0xF3, 0x87,
    0x31, 0xA7, 0x13, 0x9A, 0x79, 0xA2, 0xE9, 0x28, 0x8E, 0x2B, 0x31, 0x3F, 0x33, 0x1F, 0x36, 0xAE,
    0x80, 0xCA, 0x44, 0x03, 0x19, 0x7B, 0x30, 0x90, 0xA5, 0x07, 0x3D, 0x9B, 0x79, 0xC7, 0x36, 0xDE,
    0xB2, 0x81, 0xB3, 0x75, 0x0F, 0xDB, 0x4B, 0xF0, 0x7B, 0xC5, 0xD1, 0x4A, 0x47, 0x42, 0x7A, 0x14,
    0xE9, 0x8F, 0xBA, 0x4D, 0x3E, 0xCC, 0x84, 0x12, 0x98, 0x49, 0x0E, 0xE8, 0xC3, 0x82, 0x11, 0x7D,
    0x18, 0x94, 0xFF, 0x8C, 0x0F, 0x33, 0xF7, 0x87, 0x3E, 0xEC, 0x90, 0x7C, 0x58, 0x4E, 0x3E, 0x2C,
    0x27, 0x1F, 0x96, 0x93, 0x0F, 0xCB, 0xC9, 0x87, 0xE5, 0xE8, 0xC3, 0xD4, 0x54, 0x31, 0x60, 0xB3,
    0x2B, 0x43, 0x1F, 0x56, 0x9C, 0xED, 0xC3, 0x8E, 0xF6, 0xC1, 0x87, 0x7D, 0xD2, 0xC3, 0x83, 0xAA,
    0xF4, 0xDF, 0x0E, 0xF0, 0x94, 0xA5, 0x39, 0x80, 0xA7, 0xDC, 0x9C, 0xF6, 0x61, 0x6E, 0xCF, 0x4B,
    0x69, 0x21, 0xF8, 0x44, 0x7C, 0x99, 0x9B, 0x22, 0x52, 0x8E, 0x1A, 0x2C, 0xBC, 0xD8, 0xAA, 0xA0,
    0x72, 0x98, 0x4D, 0x73, 0x4D, 0x76, 0x94, 0xDE, 0xCD, 0xD1, 0xA3, 0xD0, 0x10, 0x35, 0x51, 0x6C,
    0xF8, 0x0C, 0x27, 0x19, 0x68, 0x53, 0x36, 0xEE, 0xE0, 0x1A, 0x9F, 0x89, 0x44, 0xB8, 0xC6, 0x87,
    0xFF, 0x55, 0x03, 0x82, 0xEA, 0x4E, 0x71, 0x8D, 0x0F, 0xEA, 0xAB, 0x36, 0x21, 0xE0, 0x1A, 0xDF,
    0x54, 0xEA, 0x82, 0xA3, 0x90, 0x44, 0xAF, 0x8B, 0xD2, 0x3D, 0x8F, 0x45, 0xEE, 0x38, 0xBB, 0xBF,
    0xDE, 0x90, 0xB4, 0x44, 0x16, 0xB0, 0x28, 0xF1, 0x3A, 0x20, 0x4C, 0x7C, 0x16, 0x0D, 0x88, 0x13,
    0x8D, 0x07, 0x04, 0x4A, 0x2A, 0xD0, 0x4C, 0x52, 0xF3, 0x3F, 0x26, 0xD0, 0x65, 0xB1, 0xF2, 0x96,
    0xD8, 0x63, 0x65, 0xF7, 0xC4, 0xF2, 0xA6, 0x58, 0x98, 0x99, 0x02, 0xF1, 0x06, 0x38, 0xA5, 0x07,
    0x1A, 0x0D, 0x04, 0x88, 0x38, 0xC1, 0x87, 0xF1, 0x4A, 0x8C, 0x82, 0xC7, 0x8F, 0x8D, 0x86, 0x62,
    0xC9, 0x20, 0xD4, 0x8D, 0xEC, 0x8D, 0xB5, 0x9B, 0x63, 0xDD, 0xEE, 0x58, 0xBB, 0x3D, 0xD6, 0xEE,
    0x8F, 0xB5, 0x1B, 0x64, 0xDD, 0x0E, 0xD9, 0xED, 0x82, 0xBF, 0x5C, 0xC2, 0xDA, 0xDC, 0xE3, 0xB4,
    0xE1, 0x95, 0x7B, 0x4C, 0xB6, 0xFB, 0x8F, 0x6B, 0xC4, 0xCD, 0xC6, 0x58, 0x92, 0x2C, 0x51, 0xB1,
    0xF0, 0xE8, 0x3B, 0x97, 0x51, 0x78, 0xEF, 0xB3, 0xF0, 0x82, 0x91, 0x85, 0x87, 0x04, 0x0A, 0x6F,
    0x38, 0xAB, 0xFE, 0x63, 0xB2, 0x03, 0x3B, 0x97, 0x03, 0xCF, 0x3A, 0x5B, 0xA7, 0x5E, 0xDF, 0x5B,
    0xEE, 0x24, 0x64, 0x0C, 0x50, 0xA8, 0xEA, 0x3E, 0x8A, 0x90, 0xA9, 0xEB, 0xCB, 0x60, 0xCA, 0x42,
    0x06, 0x15, 0xE0, 0x6C, 0xA0, 0x17, 0x21, 0xC7, 0x83, 0x08, 0x79, 0xE1, 0x6D, 0x63, 0xB3, 0x59,
    0x41, 0xA6, 0x1B, 0x86, 0xD6, 0x18, 0xBA, 0x06, 0x2B, 0x42, 0x8E, 0x6B, 0x19, 0x97, 0xFA, 0xCD,
    0x48, 0x02, 0x4B, 0x7F, 0x3D, 0x90, 0xC0, 0x70, 0xEB, 0xF5, 0xCE, 0x02, 0xCB, 0x0A, 0x25, 0x30,
    0xCA, 0x02, 0xCB, 0x45, 0x60, 0x39, 0x0B, 0x0C, 0xFA, 0x25, 0x04, 0xA7, 0x9A, 0x05, 0x06, 0xE1,
    0x75, 0xE5, 0xB6, 0x11, 0xC1, 0xF1, 0x7B, 0x83, 0xAE, 0x08, 0xAB, 0x6F, 0x57, 0xFD, 0x0B, 0xB7,
    0xB6, 0xFF, 0x07, 0xED, 0x5D, 0xBF, 0x8F, 0xDC, 0xC6, 0x15, 0x7E, 0xE4, 0x5A, 0xB7, 0x90, 0xB6,
    0xA0, 0x0B, 0x37, 0xB1, 0x22, 0xAD, 0x0B, 0x17, 0x6A, 0x2C, 0xFE, 0x07, 0x22, 0xED, 0x26, 0x45,
    0x0A, 0xBB, 0x88, 0x93, 0x22, 0x85, 0x5D, 0x06, 0x4E, 0x80, 0x4B, 0xE1, 0xC2, 0x01, 0xA4, 0xDD,
    0x0D, 0xFC, 0x07, 0xE4, 0x82, 0x20, 0x55, 0x8A, 0xA8, 0x90, 0x8B, 0x28, 0x85, 0x54, 0xA8, 0x70,
    0xA1, 0xBB, 0x5D, 0xC3, 0x85, 0x0B, 0x37, 0x0B, 0x03, 0x49, 0x93, 0x22, 0x84, 0xA3, 0xC0, 0x09,
    0x5C, 0x98, 0x41, 0x28, 0x98, 0xA7, 0x90, 0x9C, 0xBC, 0x37, 0x33, 0x9C, 0x79, 0x33, 0xFB, 0xE3,
    0x76, 0xCF, 0x77, 0xD2, 0xF9, 0x4C, 0x42, 0x77, 0x37, 0x6F, 0x6F, 0x8F, 0x3B, 0xF3, 0xBE, 0x37,
    0x6F, 0x1E, 0x67, 0xBE, 0xA7, 0x07, 0xE0, 0x5D, 0x45, 0xDB, 0x08, 0xAB, 0xC5, 0x16, 0xDC, 0x6E,
    0x1B, 0xD7, 0xFB, 0x13, 0xDD, 0x4A, 0x5E, 0x9F, 0x2F, 0xB4, 0xAE, 0xEC, 0xD0, 0x6F, 0x77, 0xD2,
    0xF6, 0xDD, 0xE3, 0xF6, 0xAE, 0xA1, 0xA8, 0x75, 0x6B, 0x70, 0x28, 0xF0, 0xFB, 0x1B, 0xF8, 0x15,
    0xCD, 0x13, 0x7C, 0x23, 0x7D, 0x46, 0x92, 0x0E, 0x67, 0xAA, 0x35, 0xC6, 0x57, 0x21, 0x28, 0xB1,
    0x55, 0x43, 0x3F, 0x87, 0x10, 0xFF, 0x3E, 0x10, 0xD0, 0x2B, 0xE8, 0x1F, 0xF4, 0xC4, 0xA4, 0x57,
    0x41, 0x1F, 0x7F, 0x3B, 0x10, 0x79, 0x4F, 0xC0, 0x10, 0xEF, 0x39, 0xFD, 0xA4, 0x79, 0x4B, 0xD0,
    0x35, 0x13, 0xAF, 0x0A, 0xF1, 0x95, 0x10, 0xB1, 0x98, 0xD7, 0x10, 0x8B, 0xBE, 0x28, 0xFB, 0x02,
    0x6F, 0x1A, 0xDE, 0x81, 0x65, 0xD7, 0x75, 0xD3, 0xC3, 0xB6, 0xAF, 0x49, 0xFB, 0xCA, 0xF7, 0xF4,
    0xCF, 0xFE, 0x2C, 0x57, 0x8D, 0xE8, 0x1F, 0xD4, 0xB3, 0x4B, 0x29, 0x44, 0x9F, 0x53, 0xC7, 0xA6,
    0x19, 0x84, 0x93, 0xDB, 0xD4, 0x9B, 0x52, 0xFF, 0xFE, 0x89, 0xD6, 0xD3, 0x70, 0xAE, 0x07, 0x99,
    0xA4, 0xFB, 0x00, 0x2F, 0xC8, 0xE1, 0x60, 0x23, 0x4E, 0x69, 0x34, 0xFB, 0xEA, 0x23, 0x2A, 0x1A,
    0x26, 0x36, 0x70, 0x8C, 0xAA, 0x11, 0x16, 0x34, 0xB4, 0x29, 0xDE, 0x2F, 0x8F, 0x32, 0x00, 0x54,
    0x4E, 0xEF, 0xB1, 0x78, 0x44, 0x63, 0x85, 0xA9, 0x50, 0x57, 0xA1, 0x7E, 0x7C, 0x21, 0x2A, 0x51,
    0xE0, 0x8B, 0xCD, 0xAB, 0x53, 0xFA, 0x9B, 0xA1, 0xEC, 0x79, 0x58, 0xC2, 0x60, 0x46, 0x8D, 0xA0,
    0xD2, 0x0D, 0xBC, 0x45, 0xA4, 0x1A, 0xE3, 0x79, 0xAC, 0x1A, 0xB1, 0x10, 0x6A, 0x98, 0x03, 0xD1,
    0xE8, 0xD1, 0x4D, 0x0B, 0x5F, 0x25, 0x16, 0x35, 0x07, 0xB9, 0x68, 0xC2, 0xD1, 0xA3, 0x3B, 0x2B,
    0x04, 0x69, 0x80, 0x24, 0x49, 0x14, 0x7B, 0x19, 0x0E, 0x85, 0x24, 0x89, 0x64, 0x2F, 0x47, 0x89,
    0x3A, 0x23, 0xD1, 0xEC, 0x67, 0x30, 0x92, 0x92, 0x44, 0x74, 0x30, 0x87, 0x03, 0xFA, 0xA6, 0x50,
    0xC5, 0x5F, 0xD7, 0x30, 0xC8, 0x34, 0xB2, 0x43, 0x92, 0xA2, 0x5C, 0xA3, 0x3B, 0xA6, 0x6F, 0x71,
    0x6D, 0x11, 0xC6, 0x6B, 0x5A, 0x29, 0x94, 0x2B, 0x21, 0xFE, 0x2E, 0xAA, 0xA4, 0x56, 0x48, 0x67,
    0xB1, 0x78, 0x4D, 0x64, 0xFD, 0xCA, 0x47, 0xFB, 0x92, 0x33, 0x22, 0xC4, 0xCD, 0x5E, 0x06, 0x3C,
    0x17, 0xC1, 0x30, 0xE7, 0x30, 0x4A, 0x49, 0x62, 0x09, 0x70, 0x41, 0x49, 0x12, 0xD0, 0x87, 0x38,
    0x80, 0xA0, 0x00, 0x8D, 0x6A, 0x85, 0x03, 0x97, 0x92, 0x84, 0x56, 0x4A, 0xA5, 0xC6, 0x17, 0xBF,
    0xA1, 0x54, 0x69, 0x90, 0x11, 0xAA, 0xE1, 0x84, 0x24, 0x89, 0x74, 0xAF, 0x84, 0x64, 0x16, 0x36,
    0x1A, 0xEE, 0x08, 0xC7, 0x39, 0xEF, 0x33, 0xCC, 0x05, 0x8D, 0x30, 0x55, 0x8D, 0x5D, 0xF1, 0x44,
    0x88, 0x1F, 0x88, 0x89, 0x44, 0x1F, 0xCD, 0x3A, 0x1B, 0xD7, 0x81, 0x48, 0x8D, 0x09, 0x80, 0x63,
    0x07, 0xE0, 0x1A, 0x83, 0x6B, 0x11, 0xAE, 0x59, 0xB8, 0xB6, 0xE1, 0x19, 0xC8, 0x0A, 0x2B, 0x39,
    0xE2, 0xBA, 0xE9, 0x48, 0xCD, 0x1A, 0xE9, 0x1A, 0x17, 0x06, 0xAF, 0xCD, 0x99, 0x14, 0x7F, 0x92,
    0x33, 0x69, 0xE8, 0x48, 0x97, 0x9C, 0x77, 0x2E, 0xBF, 0xCE, 0x9F, 0x25, 0x2F, 0xBB, 0x22, 0x67,
    0x94, 0x1C, 0x52, 0x5F, 0xBA, 0xC4, 0x85, 0x30, 0x7B, 0x8F, 0xCF, 0x83, 0xA2, 0x5E, 0x29, 0x05,
    0xD9, 0xCF, 0xBA, 0x79, 0x74, 0xEA, 0xF3, 0x48, 0xEA, 0xEF, 0x79, 0x50, 0xCB, 0x9F, 0x1E, 0x3F,
    0xEA, 0xAE, 0x54, 0x8D, 0x40, 0xE8, 0xC6, 0x50, 0x4C, 0x54, 0x63, 0x2A, 0xFF, 0x00, 0x97, 0x41,
    0xF9, 0x02, 0x36, 0x62, 0x85, 0x40, 0x05, 0xE3, 0x89, 0x6E, 0xEC, 0x83, 0x6E, 0x4C, 0xDB, 0x46,
    0xA2, 0x26, 0x0D, 0xDA, 0x64, 0xA1, 0x1B, 0xBD, 0x5A, 0x37, 0x40, 0x75, 0x9B, 0xD6, 0xA9, 0xB9,
    0x6E, 0x0C, 0x72, 0xDD, 0xE8, 0x55, 0xBA, 0xA1, 0xE6, 0xEE, 0x7E, 0xBB, 0x5E, 0x1E, 0xB4, 0x26,
    0x36, 0x95, 0x30, 0x53, 0x03, 0x5F, 0x8E, 0xE5, 0x62, 0x8D, 0x13, 0x62, 0x8A, 0xEF, 0x96, 0xFA,
    0xAF, 0x51, 0x0B, 0xE2, 0xBF, 0xB4, 0x82, 0x25, 0x02, 0x3F, 0x07, 0x97, 0xAE, 0x74, 0xA7, 0x59,
    0x6B, 0xD4, 0x83, 0x89, 0xD5, 0xD9, 0xCC, 0x2A, 0xD3, 0x34, 0xA7, 0x87, 0x6D, 0x4B, 0x8F, 0x5F,
    0x2E, 0xB7, 0xC6, 0x06, 0xE9, 0xE3, 0x5B, 0xCB, 0xB4, 0xA6, 0xDC, 0xCB, 0x99, 0x85, 0x5B, 0xA4,
    0x59, 0x4F, 0xA6, 0x13, 0xE3, 0x38, 0xE2, 0xDC, 0x78, 0x8D, 0x7E, 0x65, 0x42, 0x97, 0xA0, 0xB1,
    0xB1, 0x8B, 0xD4, 0xB3, 0x0A, 0x5E, 0xE4, 0xD8, 0x55, 0xF4, 0x32, 0xC8, 0xDB, 0xF0, 0x85, 0x4C,
    0x52, 0xFB, 0x08, 0x08, 0xEA, 0x36, 0x80, 0x51, 0x4B, 0xBB, 0xF4, 0x0E, 0xF8, 0xCA, 0x44, 0xBB,
    0x06, 0xFC, 0x51, 0x18, 0xBF, 0xF0, 0x85, 0xC8, 0x75, 0x10, 0x23, 0x7E, 0x2D, 0x4A, 0xE5, 0x11,
    0x10, 0x7F, 0xEA, 0x91, 0xE7, 0x0E, 0x8C, 0xC1, 0xC6, 0x13, 0xBF, 0x31, 0xDC, 0xA4, 0x31, 0x5B,
    0xD9, 0x88, 0x96, 0x37, 0x48, 0x33, 0xB2, 0x41, 0x7A, 0xA1, 0x86, 0xD4, 0x8A, 0xF1, 0xA1, 0xC6,
    0x7D, 0x1A, 0xCF, 0x19, 0xB5, 0x4E, 0x33, 0x6A, 0xFD, 0x65, 0xC4, 0x5C, 0xA5, 0xD2, 0x83, 0x71,
    0x90, 0x71, 0x65, 0x74, 0x50, 0x28, 0x0D, 0x34, 0x49, 0xA5, 0xC6, 0xFF, 0x88, 0x2C, 0xD6, 0x19,
    0xBD, 0x35, 0x91, 0xA1, 0x01, 0xDB, 0x4E, 0xCB, 0x7E, 0x0A, 0x1B, 0x45, 0xA0, 0x41, 0xDA, 0x82,
    0x48, 0x31, 0xA6, 0xF1, 0xF6, 0xBA, 0xD3, 0xB2, 0x25, 0x7B, 0x8D, 0x3E, 0x5F, 0x77, 0x1B, 0x9D,
    0xBB, 0xED, 0x77, 0xDB, 0xF1, 0x92, 0x45, 0xA0, 0xA0, 0xBA, 0x5E, 0x8F, 0x45, 0xAA, 0xFB, 0x3E,
    0x20, 0x73, 0x71, 0x3A, 0x1F, 0xB4, 0xA6, 0x28, 0x6D, 0x84, 0x3C, 0xAB, 0x6A, 0x90, 0x53, 0xBD,
    0x0D, 0x5B, 0x04, 0x95, 0xA3, 0xD6, 0x6D, 0xEE, 0x5B, 0x8F, 0xA9, 0x83, 0xCA, 0xD6, 0x4F, 0x1A,
    0x17, 0x49, 0x71, 0xBC, 0xF4, 0x8E, 0x03, 0x9C, 0xEB, 0xAD, 0x63, 0x9C, 0xAB, 0x1F, 0xBF, 0x11,
    0x99, 0x74, 0x87, 0x75, 0x28, 0xE6, 0xA7, 0x1A, 0x54, 0x9E, 0xD9, 0x47, 0x01, 0x1E, 0x93, 0xEC,
    0xB4, 0xAD, 0x03, 0xE3, 0xDA, 0x85, 0x69, 0xDD, 0x72, 0x57, 0x5C, 0xBB, 0x2C, 0xB6, 0x2B, 0xE2,
    0x99, 0x7E, 0x22, 0xD8, 0x09, 0xF6, 0x14, 0x78, 0xC3, 0x8F, 0x73, 0x05, 0x5E, 0xFC, 0x49, 0xA1,
    0xC0, 0x8B, 0xDE, 0xCF, 0x56, 0xAD, 0x51, 0x3B, 0x33, 0xC4, 0x6B, 0x06, 0x09, 0xBA, 0xDD, 0x91,
    0x19, 0xFD, 0x2F, 0x01, 0x5E, 0x7E, 0x00, 0x2F, 0xBC, 0xFB, 0x1E, 0xBC, 0x8B, 0x5F, 0x0F, 0xF6,
    0x0B, 0xF8, 0x95, 0xC0, 0x40, 0xE9, 0xAF, 0x29, 0x5F, 0x48, 0x37, 0xBA, 0xB0, 0x1B, 0x93, 0x04,
    0x01, 0xC3, 0x2F, 0xEB, 0xF8, 0x71, 0x89, 0x09, 0xF0, 0x33, 0x7B, 0x9F, 0xE1, 0x3C, 0xFC, 0x68,
    0x0E, 0xE1, 0xE7, 0x38, 0xCD, 0x85, 0x74, 0x27, 0xB0, 0x5B, 0x6A, 0xF7, 0x0B, 0xDF, 0x07, 0xB8,
    0xF8, 0x0A, 0x5C, 0xB8, 0x72, 0x15, 0xAE, 0xE0, 0xD7, 0x2B, 0xF1, 0x2D, 0xB8, 0x3A, 0xC6, 0x99,
    0xF9, 0x78, 0x0F, 0xFA, 0xF3, 0xED, 0xFA, 0x30, 0x10, 0x22, 0x8B, 0x84, 0xC8, 0xF1, 0x2B, 0x33,
    0x0F, 0xBB, 0x6F, 0xE7, 0xF0, 0xD2, 0xFD, 0xFB, 0x90, 0xDF, 0x7F, 0x00, 0xF9, 0x61, 0x0E, 0x8F,
    0xF1, 0x57, 0x53, 0x1C, 0xDF, 0x75, 0x37, 0x92, 0xC2, 0xA5, 0x2E, 0x83, 0xB8, 0x49, 0x25, 0xA0,
    0xDB, 0x5E, 0x4B, 0xC7, 0x0E, 0xAE, 0x0A, 0x9D, 0xFB, 0xC6, 0xCE, 0xDB, 0x4E, 0x56, 0x98, 0xAD,
    0x12, 0xA2, 0x75, 0xC2, 0xEE, 0x23, 0x2B, 0xE0, 0x52, 0x65, 0x05, 0x1A, 0x57, 0x2B, 0x7C, 0x24,
    0x1E, 0xED, 0xB6, 0x21, 0x63, 0xF4, 0xA9, 0x5A, 0x16, 0x95, 0xF0, 0x55, 0x66, 0x97, 0xE6, 0x08,
    0x95, 0x10, 0x16, 0xCF, 0x69, 0xA1, 0x26, 0xE3, 0x8F, 0xB5, 0x40, 0x2B, 0x71, 0x9E, 0x28, 0x6D,
    0xD0, 0x84, 0x88, 0xE7, 0xE4, 0xFC, 0x92, 0x9A, 0x14, 0xF2, 0xA2, 0x98, 0x90, 0x03, 0x4C, 0xD4,
    0x7C, 0xA8, 0x29, 0x9E, 0x41, 0xE3, 0x91, 0x57, 0x26, 0xBD, 0x08, 0x06, 0x4E, 0x78, 0xDD, 0x91,
    0x91, 0x0E, 0x50, 0xB8, 0xDE, 0x86, 0x3D, 0x56, 0x98, 0xF2, 0xA1, 0x25, 0x93, 0x76, 0x85, 0x07,
    0x15, 0xD1, 0xF4, 0x85, 0xB1, 0x93, 0x0F, 0x7E, 0x2C, 0x2A, 0xE3, 0xC4, 0xC8, 0x85, 0x32, 0x28,
    0x0F, 0xAD, 0x8B, 0x7F, 0xE7, 0x4F, 0x3E, 0xD4, 0x1D, 0xA6, 0xE7, 0x0F, 0xD3, 0xA3, 0xAF, 0xBD,
    0x97, 0xF9, 0x93, 0x15, 0x8B, 0x36, 0x7B, 0x25, 0x13, 0xC2, 0xFC, 0xD6, 0xFA, 0xDB, 0x04, 0x3F,
    0xE2, 0x3E, 0x63, 0x66, 0x43, 0x5D, 0xEB, 0x36, 0x7A, 0xE2, 0xCF, 0xC6, 0xA8, 0xA2, 0x62, 0x39,
    0xB6, 0xDC, 0x02, 0xB8, 0x9D, 0x38, 0x6D, 0x7A, 0x4F, 0x8B, 0x17, 0xE1, 0xAB, 0xE1, 0xC2, 0x75,
    0xF6, 0x22, 0x68, 0xB4, 0x02, 0xF1, 0x5B, 0x01, 0x1A, 0x2C, 0x18, 0xA3, 0x81, 0x58, 0xAC, 0x0A,
    0x0B, 0xD5, 0x21, 0x18, 0xA4, 0x0E, 0x3D, 0x6C, 0x78, 0x9B, 0xC3, 0xC4, 0x51, 0xE2, 0x20, 0x71,
    0x8C, 0x1C, 0x88, 0x38, 0x42, 0x4B, 0x00, 0xEA, 0xF4, 0x76, 0x3C, 0xBD, 0x6D, 0x6C, 0xD4, 0xDC,
    0xA6, 0xB9, 0x49, 0x1F, 0x61, 0xD1, 0x21, 0xDB, 0x3F, 0xE8, 0x17, 0xB0, 0xEC, 0xD1, 0x0C, 0x82,
    0x2D, 0xD7, 0xF0, 0x0E, 0xEB, 0xE3, 0x61, 0xDD, 0x61, 0xF1, 0xDD, 0x99, 0x77, 0x8B, 0x57, 0xDF,
    0xDD, 0x41, 0x9C, 0xC0, 0xAA, 0x80, 0x41, 0xEE, 0x6A, 0xB4, 0xD7, 0x05, 0xF9, 0x24, 0xDC, 0x6E,
    0x5E, 0x61, 0x90, 0x60, 0x76, 0x57, 0x30, 0xFE, 0x9E, 0x98, 0xC5, 0x3F, 0xA0, 0x5D, 0xBA, 0x5E,
    0xFE, 0x9C, 0x31, 0xA8, 0x38, 0x35, 0xCB, 0x3F, 0x6D, 0xAB, 0xA2, 0xA4, 0x11, 0xC2, 0x1B, 0x8C,
    0x51, 0xD2, 0x18, 0x0D, 0x2B, 0x0C, 0xF6, 0x07, 0x19, 0x8B, 0x00, 0x30, 0xEE, 0x68, 0x71, 0x4A,
    0xC4, 0xD7, 0xF8, 0xE0, 0xA2, 0x91, 0x2A, 0x07, 0x62, 0x3E, 0x2D, 0xDD, 0x75, 0xDF, 0x93, 0x9C,
    0x30, 0xC0, 0x8D, 0x03, 0xDC, 0x40, 0xC0, 0x8D, 0x04, 0xBC, 0x50, 0xC0, 0x8D, 0x05, 0x36, 0xC5,
    0xAE, 0xD3, 0xEE, 0x69, 0x6A, 0x77, 0x7D, 0xB8, 0xE5, 0xC6, 0x5B, 0x6E, 0xC0, 0xB5, 0xFD, 0x3C,
    0x41, 0x75, 0x38, 0x52, 0xE2, 0x60, 0x99, 0x38, 0x38, 0x5F, 0xE4, 0x42, 0x6F, 0xFE, 0x80, 0x3F,
    0x68, 0xFE, 0xA7, 0x5A, 0x29, 0x85, 0x93, 0x3B, 0x9D, 0x2D, 0x3D, 0x1B, 0x5B, 0xEA, 0xB0, 0xED,
    0xFC, 0xC4, 0x09, 0xF8, 0x89, 0x58, 0xEC, 0x59, 0xB3, 0x11, 0x35, 0xEF, 0x35, 0x83, 0x6D, 0x97,
    0x1D, 0xB0, 0x85, 0xE2, 0x5F, 0xEC, 0x30, 0xA9, 0x7A, 0xCE, 0x46, 0x4A, 0x55, 0x6C, 0x15, 0x92,
    0x6A, 0x7C, 0xF0, 0xE5, 0xAC, 0x8D, 0x63, 0x82, 0xA9, 0x00, 0x1B, 0xC7, 0x14, 0x60, 0xE2, 0x98,
    0x26, 0xB5, 0x71, 0xCC, 0xDE, 0xB3, 0x8F, 0x63, 0x3A, 0x9D, 0x3C, 0xFD, 0xD8, 0xEE, 0xDB, 0xAF,
    0xF3, 0xDB, 0x56, 0xE7, 0x61, 0x69, 0x75, 0x4E, 0x07, 0x67, 0xAD, 0xCE, 0xE5, 0x39, 0xE9, 0x77,
    0xC9, 0x0E, 0x4F, 0x5E, 0x27, 0xA7, 0x61, 0x87, 0x41, 0xCE, 0x7D, 0xE9, 0xF2, 0xB6, 0xA5, 0x92,
    0x1D, 0x67, 0xCB, 0xBC, 0xF3, 0x27, 0x9D, 0x9E, 0xCF, 0x99, 0xDF, 0xBE, 0xFC, 0xC8, 0xD9, 0x91,
    0x71, 0x68, 0x24, 0x9E, 0xC6, 0x41, 0xFC, 0xF3, 0x2D, 0x16, 0xE7, 0xF5, 0x1A, 0xB6, 0x51, 0x53,
    0xD1, 0x4E, 0x4A, 0x50, 0xDA, 0xB8, 0x2F, 0xA1, 0x73, 0x54, 0x0D, 0x44, 0x58, 0xD0, 0x31, 0x22,
    0x94, 0x6D, 0xE4, 0x57, 0x48, 0xC7, 0x51, 0x68, 0x38, 0x06, 0x25, 0x91, 0x17, 0xFA, 0x6D, 0xEC,
    0x17, 0x37, 0x14, 0x76, 0x8E, 0x59, 0xF0, 0xF7, 0x97, 0x37, 0xEF, 0x89, 0x49, 0x8B, 0xCB, 0x50,
    0xED, 0xCA, 0x6B, 0x68, 0x0A, 0xA9, 0xCE, 0x3D, 0x8B, 0xC8, 0x85, 0xBB, 0x77, 0xDF, 0xF0, 0x03,
    0x40, 0x2F, 0x02, 0xF4, 0x42, 0x40, 0x2F, 0x06, 0xF4, 0x82, 0x40, 0x3F, 0x0A, 0xF4, 0xC2, 0xC0,
    0x35, 0xA8, 0x75, 0x8A, 0x3D, 0x25, 0xC5, 0x6E, 0x1B, 0x64, 0x7B, 0x51, 0xB6, 0x17, 0x66, 0x6F,
    0x1E, 0xDB, 0x44, 0x9E, 0x97, 0x9A, 0xAD, 0x13, 0x2F, 0x1D, 0xBF, 0xF3, 0x9D, 0xE5, 0x9C, 0x96,
    0xE5, 0x74, 0x08, 0x76, 0x73, 0xFF, 0x78, 0x73, 0x7F, 0xF9, 0x99, 0x85, 0x73, 0x68, 0xC1, 0x79,
    0x7E, 0x38, 0x84, 0x3D, 0x26, 0xDC, 0xE4, 0x86, 0xD7, 0x70, 0x3B, 0x73, 0x84, 0x6B, 0x68, 0x72,
    0xC1, 0xDD, 0x94, 0xAB, 0xC5, 0xC6, 0x38, 0xF7, 0x63, 0x19, 0x9E, 0xE8, 0x41, 0x5D, 0xBD, 0x2B,
    0xC4, 0xBF, 0xD5, 0x3B, 0x89, 0x5E, 0xB5, 0x63, 0xB4, 0x29, 0x49, 0x4C, 0x4A, 0x78, 0x83, 0x10,
    0xEB, 0x13, 0x90, 0xC3, 0x14, 0x6D, 0xE7, 0x80, 0xCE, 0x1F, 0xE6, 0x74, 0x82, 0x81, 0xA1, 0xFA,
    0x08, 0x21, 0xF8, 0x5D, 0x46, 0x96, 0x82, 0x66, 0x94, 0x40, 0x54, 0x52, 0xE7, 0x13, 0x45, 0x38,
    0x4E, 0xE6, 0x44, 0x76, 0x1A, 0x2B, 0x41, 0x48, 0x1E, 0xD7, 0x94, 0xF8, 0x85, 0x23, 0x32, 0x30,
    0x31, 0x09, 0xC5, 0x64, 0x58, 0x42, 0x4D, 0xE6, 0x35, 0xD6, 0x5B, 0x33, 0x15, 0x99, 0xC1, 0x90,
    0x08, 0x41, 0x62, 0x2C, 0x72, 0xDA, 0x43, 0x42, 0x80, 0x5F, 0xA5, 0xBD, 0x99, 0x09, 0x9A, 0xA3,
    0xDD, 0xA8, 0x1A, 0xF3, 0x9C, 0x8E, 0x11, 0x17, 0xF6, 0xF9, 0xDB, 0xF6, 0xB9, 0xBE, 0x0F, 0xB8,
    0x30, 0x76, 0x76, 0xC7, 0x1C, 0x81, 0x4F, 0xDE, 0x21, 0x47, 0x62, 0x40, 0x88, 0xEF, 0x19, 0xC3,
    0x3B, 0x7C, 0xF3, 0x9E, 0xF9, 0xED, 0x58, 0x58, 0x9D, 0x12, 0x11, 0x87, 0x31, 0x61, 0x5E, 0x6C,
    0xF6, 0x3A, 0x3B, 0x38, 0x59, 0x3B, 0x58, 0x01, 0xE3, 0x88, 0x0B, 0xFB, 0x2B, 0x85, 0xB3, 0x6D,
    0x07, 0x3A, 0x2D, 0x49, 0xD9, 0x81, 0xDE, 0x28, 0x55, 0x76, 0xA0, 0x05, 0x65, 0x07, 0x3B, 0x93,
    0xCE, 0x0E, 0xCE, 0xA9, 0x1D, 0x70, 0x0F, 0x10, 0xF2, 0xFD, 0xF7, 0x80, 0x0B, 0xF0, 0x36, 0x6B,
    0x5F, 0xED, 0xB3, 0xDD, 0xF6, 0xE4, 0xF5, 0x6C, 0x85, 0xF0, 0xE2, 0xCE, 0x64, 0xF5, 0xC7, 0xFE,
    0x82, 0xFB, 0x18, 0xC9, 0x5B, 0x6D, 0x3F, 0xAE, 0xA1, 0xD1, 0x35, 0x56, 0x51, 0x91, 0x66, 0x53,
    0x3D, 0x4F, 0x8A, 0x4A, 0xB2, 0x24, 0xA5, 0xB5, 0x7C, 0x9F, 0xCE, 0x18, 0x84, 0x66, 0x4C, 0x3F,
    0xA4, 0xED, 0xF9, 0x9A, 0x5A, 0xF8, 0xAF, 0x42, 0xC3, 0x40, 0x55, 0x0D, 0x32, 0x3A, 0x05, 0x20,
    0x21, 0x12, 0x64, 0x01, 0x31, 0xA5, 0x3E, 0x0C, 0x27, 0xF1, 0xBD, 0x19, 0x65, 0x3E, 0x10, 0x0B,
    0x36, 0x4E, 0x93, 0xA8, 0xE8, 0x51, 0xE2, 0xC3, 0xA0, 0xC6, 0xCF, 0x49, 0x7A, 0xE2, 0x0F, 0xDA,
    0x0C, 0x1A, 0xC4, 0x94, 0x7E, 0x3E, 0x16, 0xE2, 0x8F, 0xB8, 0xF8, 0x1F, 0xA0, 0xFD, 0xFE, 0x50,
    0xCC, 0xC7, 0x4D, 0x5F, 0xD0, 0x07, 0x07, 0x77, 0x36, 0x00, 0x78, 0xB4, 0x21, 0xDA, 0x2B, 0x4F,
    0x4D, 0x5C, 0x86, 0x1B, 0x37, 0x8A, 0xD5, 0x34, 0xB4, 0x01, 0x0F, 0xCF, 0xFA, 0xDC, 0xCF, 0x87,
    0xE9, 0xFA, 0x33, 0x57, 0xFB, 0x87, 0x91, 0x35, 0x39, 0x7B, 0x52, 0x02, 0xA1, 0xED, 0xCD, 0x87,
    0xD7, 0xAD, 0x81, 0x98, 0x1E, 0xB3, 0x26, 0xBC, 0x7B, 0x65, 0xC5, 0x2E, 0x97, 0xBD, 0x1D, 0x9D,
    0xBA, 0x3C, 0x6F, 0xCE, 0x56, 0x42, 0x6D, 0x82, 0x61, 0x29, 0x37, 0xE9, 0x88, 0x64, 0x1E, 0x28,
    0x3E, 0xF6, 0x0D, 0x42, 0xAE, 0x92, 0xAA, 0x4D, 0x74, 0x73, 0xAC, 0x9B, 0xFB, 0x52, 0x5F, 0x07,
    0x34, 0xCC, 0x7D, 0xA9, 0x2D, 0x99, 0x46, 0xB4, 0x2F, 0xA3, 0xE1, 0x9A, 0x58, 0x0D, 0x15, 0xE5,
    0x24, 0x10, 0xD7, 0xBC, 0x20, 0xAB, 0x8E, 0x5B, 0x06, 0xB0, 0x0C, 0x23, 0x3F, 0x15, 0xCD, 0x94,
    0x58, 0xAB, 0xA3, 0xA4, 0x09, 0x45, 0x11, 0x53, 0x94, 0x5B, 0x2F, 0x9B, 0x04, 0x03, 0xAB, 0x8C,
    0x64, 0x6E, 0x63, 0xC0, 0x74, 0xC9, 0x56, 0xCE, 0xD4, 0xBE, 0x75, 0x6C, 0x95, 0xFD, 0xD2, 0xFA,
    0xB9, 0xD7, 0xA9, 0x44, 0x5D, 0x2A, 0xBB, 0x45, 0x0F, 0x5F, 0x76, 0x43, 0x2B, 0x40, 0x26, 0x72,
    0x68, 0x15, 0x40, 0x5C, 0xFF, 0xA4, 0x56, 0xCE, 0x22, 0x96, 0xCC, 0xE6, 0x03, 0x68, 0xD5, 0x50,
    0xAB, 0x99, 0x24, 0x15, 0x41, 0xC4, 0x98, 0x44, 0xCD, 0xA6, 0x91, 0x7C, 0x34, 0x4A, 0xD4, 0x6C,
    0x3A, 0x90, 0x81, 0xFF, 0x48, 0x3E, 0x2F, 0x05, 0x42, 0x26, 0x98, 0xD0, 0xDD, 0xE2, 0xBC, 0x2F,
    0xDE, 0xC7, 0x3F, 0xB9, 0x5C, 0x81, 0x56, 0xC9, 0xE3, 0x37, 0x7F, 0x2E, 0x72, 0xF5, 0xB8, 0xF1,
    0xB1, 0x54, 0x10, 0xD9, 0x3E, 0xAA, 0x45, 0xB2, 0xC8, 0x8B, 0x76, 0x1B, 0x2D, 0x78, 0xE7, 0xEE,
    0x07, 0x0B, 0x2E, 0x73, 0xC0, 0xFD, 0x75, 0x32, 0xE7, 0x4F, 0x52, 0xE9, 0xF2, 0x0D, 0x40, 0xAE,
    0x24, 0x47, 0x4D, 0xAB, 0x6C, 0x27, 0x74, 0xE6, 0x78, 0xBE, 0x4A, 0x08, 0xF7, 0xB6, 0x7F, 0x00,
    0xE9, 0x50, 0xD8, 0x10, 0x05, 0x97, 0xAE, 0x1F, 0xAF, 0x3B, 0x88, 0x3E, 0x0D, 0x69, 0xB6, 0xE6,
    0xA8, 0x7B, 0xBD, 0x64, 0x49, 0xCA, 0x2E, 0x4B, 0xD9, 0xA5, 0x29, 0xBB, 0x3C, 0x65, 0x97, 0xA8,
    0xEC, 0x32, 0x95, 0x35, 0x55, 0x19, 0x1C, 0xAE, 0x32, 0x38, 0x64, 0x65, 0x70, 0xD8, 0xCA, 0xC0,
    0xE9, 0xCA, 0x73, 0x70, 0xCE, 0xC9, 0x4B, 0x46, 0x58, 0xFE, 0x52, 0x54, 0x9C, 0xB1, 0xBC, 0x5B,
    0x9E, 0x89, 0x73, 0xF2, 0x0E, 0xF7, 0xEF, 0x26, 0xEE, 0xDB, 0x6F, 0xDF, 0x7C, 0x43, 0x7E, 0x04,
    0xE7, 0x82, 0x8E, 0x59, 0x6E, 0x26, 0x8B, 0xF2, 0x87, 0xCD, 0xBD, 0xCA, 0x6E, 0x61, 0xD9, 0x58,
    0x7D, 0xA4, 0x4F, 0x7F, 0xB4, 0x4A, 0x4C, 0x7B, 0x98, 0x81, 0x39, 0xE5, 0xEA, 0x57, 0x88, 0x56,
    0x7B, 0xD6, 0x24, 0x10, 0xA1, 0xD8, 0x1C, 0x5A, 0xCD, 0x5A, 0xDC, 0x10, 0x02, 0x60, 0x67, 0x4D,
    0x7B, 0x1C, 0xB3, 0xA6, 0x45, 0xEC, 0x10, 0x71, 0xD2, 0x78, 0x35, 0x29, 0xEC, 0x36, 0xCF, 0x9A,
    0xAF, 0xDE, 0xE9, 0xEA, 0xD9, 0x9E, 0xCB, 0x9D, 0xC6, 0x01, 0x6B, 0x87, 0xEF, 0x16, 0x73, 0xA1,
    0xD3, 0xFF, 0xB9, 0x9E, 0x5F, 0xF2, 0xED, 0xD9, 0x3A, 0xF9, 0x82, 0xB3, 0x8B, 0x4B, 0x0C, 0x47,
    0x2E, 0x3B, 0x1C, 0x47, 0xC3, 0x72, 0x34, 0xB9, 0x00, 0x92, 0xE7, 0x48, 0x31, 0xBF, 0xC3, 0x74,
    0x2C, 0x01, 0x1C, 0xAE, 0x63, 0x65, 0xB0, 0x90, 0x6C, 0xC7, 0x08, 0x83, 0x6A, 0x67, 0x3D, 0xBF,
    0xD7, 0x80, 0xC3, 0x78, 0x8C, 0x3C, 0xCE, 0x63, 0x28, 0xFC, 0x13, 0x99, 0x05, 0xD9, 0x3B, 0xA2,
    0xF1, 0xCF, 0x68, 0xFC, 0x43, 0x1A, 0xFF, 0x94, 0x66, 0xE1, 0x98, 0xC6, 0x3F, 0xA7, 0x59, 0x87,
    0x5D, 0xA7, 0xDF, 0xD3, 0xD5, 0xEF, 0x71, 0x0E, 0xC3, 0xFC, 0xD3, 0x30, 0xFF, 0x38, 0xEC, 0x38,
    0xE7, 0x61, 0xDA, 0x15, 0x79, 0x72, 0xE2, 0x6D, 0x59, 0x26, 0xDE, 0xC6, 0xD9, 0x45, 0xCF, 0x38,
    0x1C, 0x36, 0xB3, 0xCF, 0x60, 0x5E, 0x94, 0x8F, 0xE0, 0x34, 0x6F, 0x72, 0x75, 0xF6, 0xF9, 0x34,
    0xED, 0xB3, 0xB3, 0x8F, 0xCE, 0x3E, 0xCE, 0xA8, 0xFF, 0xE2, 0x6C, 0x43, 0x97, 0x6F, 0xB8, 0x40,
    0xD5, 0x70, 0x37, 0xBB, 0x5C, 0xD6, 0xA1, 0x3A, 0x79, 0xE1, 0xCC, 0x43, 0x83, 0x2F, 0x29, 0x6E,
    0x6E, 0xD0, 0xC5, 0x5F, 0x7D, 0x99, 0xF1, 0x38, 0xAC, 0x77, 0xC8, 0x19, 0x88, 0xA8, 0x53, 0xCE,
    0x41, 0x9C, 0x1A, 0x54, 0xA9, 0x9B, 0x97, 0xC5, 0x59, 0xCC, 0x74, 0xE8, 0x34, 0xF8, 0x6D, 0xCB,
    0x29, 0x3B, 0xF7, 0x88, 0x05, 0x13, 0x8E, 0x98, 0xDA, 0x7E, 0x6B, 0x11, 0x53, 0x52, 0x8B, 0x98,
    0xF6, 0xEB, 0x9D, 0xCD, 0x3F, 0x6D, 0x0D, 0x9E, 0xBE, 0xCD, 0x3B, 0x14, 0x1D, 0xF7, 0x5C, 0xC7,
    0x93, 0xB6, 0x4D, 0x32, 0xEF, 0xFC, 0xE0, 0x49, 0xF9, 0xC1, 0x0E, 0xA3, 0x6E, 0xAD, 0x5A, 0x7A,
    0xB9, 0x14, 0xDA, 0x05, 0x12, 0xED, 0x22, 0x5A, 0x0E, 0x91, 0x76, 0x81, 0x4A, 0xEB, 0x93, 0x69,
    0x2D, 0x9D, 0xD6, 0xC0, 0xD8, 0x12, 0x6A, 0x6D, 0x5C, 0xAE, 0x29, 0xB5, 0x06, 0xCC, 0x96, 0x54,
    0x6B, 0xF0, 0xD4, 0xB4, 0xDA, 0x82, 0x41, 0x2A, 0x89, 0xB5, 0xC2, 0xC6, 0xE6, 0xF2, 0x08, 0xA6,
    0x41, 0x98, 0x5D, 0x72, 0xED, 0xB0, 0xF1, 0xE9, 0xB5, 0x8B, 0xE1, 0xF9, 0x42, 0x7C, 0xBE, 0x10,
    0xA0, 0x2F, 0x44, 0xE8, 0x0B, 0x21, 0xFA, 0x62, 0x8C, 0xBE, 0x10, 0xA4, 0xAF, 0xC5, 0xBC, 0x83,
    0xE1, 0x4C, 0xC0, 0x70, 0xDC, 0x07, 0xA6, 0x85, 0x27, 0xA6, 0x85, 0x47, 0xA6, 0xED, 0x62, 0xC7,
    0x68, 0xC1, 0x9F, 0xCE, 0x8E, 0x7A, 0xE1, 0xD2, 0x09, 0x78, 0xED, 0xCE, 0x0A, 0xCF, 0x84, 0x15,
    0x76, 0xE8, 0x77, 0x3E, 0xE8, 0xD9, 0xFB, 0xA0, 0xD5, 0xE1, 0xA3, 0xCB, 0xC3, 0xF7, 0x98, 0xF8,
    0x1E, 0x17, 0xDF, 0x63, 0x61, 0x7B, 0xD4, 0xEB, 0x05, 0xF1, 0x9A, 0x34, 0x64, 0x87, 0x8D, 0xED,
    0xF2, 0xB1, 0x95, 0x36, 0xF9, 0xE7, 0x33, 0x4E, 0x36, 0xC8, 0xE1, 0x59, 0x56, 0xF6, 0x2D, 0x1D,
    0x7D, 0x6A, 0x5E, 0xF6, 0x0D, 0xD9, 0x77, 0xC3, 0xCC, 0xBE, 0x61, 0xCE, 0x08, 0x25, 0x37, 0xFB,
    0x86, 0x84, 0x8E, 0xB1, 0xB3, 0xC1, 0xE5, 0x67, 0x83, 0xC3, 0xD0, 0x4E, 0x81, 0x73, 0xB4, 0xC7,
    0x33, 0x60, 0x2C, 0xED, 0x40, 0xE4, 0xC0, 0x79, 0xDA, 0xFF, 0x13, 0x19, 0x67, 0x6A, 0x67, 0x9C,
    0xAB, 0x3D, 0x14, 0x69, 0x9C, 0x39, 0xD9, 0x1B, 0x5E, 0xFE, 0x86, 0x97, 0xC1, 0xE1, 0xE5, 0x70,
    0x78, 0xA4, 0x5E, 0x8F, 0xD6, 0xEB, 0x71, 0x79, 0x3D, 0x02, 0xAF, 0xC7, 0xDE, 0xF6, 0xF8, 0xDB,
    0x1E, 0x83, 0xDB, 0xE7, 0x70, 0x7B, 0x2C, 0x6E, 0x9F, 0xC7, 0xBD, 0x01, 0x93, 0xBB, 0xB3, 0xAB,
    0xA7, 0x61, 0x57, 0x6B, 0x8C, 0x61, 0xE4, 0x8A, 0xFB, 0x6B, 0xC5, 0x6F, 0xA7, 0x5D, 0x39, 0xF9,
    0x22, 0x5E, 0xC6, 0x88, 0x97, 0x33, 0xB2, 0x3C, 0x6B, 0xA4, 0xB3, 0xAB, 0xCE, 0xAE, 0xEC, 0xE5,
    0xB8, 0x27, 0xC7, 0x29, 0x7B, 0xE9, 0x27, 0x4E, 0xFE, 0x89, 0x9B, 0x80, 0xE2, 0x26, 0x9D, 0x78,
    0xD2, 0xDA, 0x1C, 0x94, 0xA5, 0x6E, 0xD0, 0xE4, 0xA1, 0xC4, 0xC0, 0x13, 0x51, 0x48, 0xB2, 0x99,
    0x28, 0xC4, 0x04, 0xB5, 0xA9, 0x28, 0x24, 0xD9, 0x5C, 0x14, 0x94, 0x9C, 0x64, 0x14, 0xE0, 0xD9,
    0x28, 0xF8, 0x2A, 0x4B, 0x47, 0x99, 0x01, 0xCF, 0x47, 0xC9, 0x80, 0x27, 0xA4, 0x94, 0x3C, 0x23,
    0xA5, 0x16, 0x05, 0x4B, 0x49, 0x29, 0xC7, 0x15, 0xCF, 0x49, 0x89, 0x0A, 0x27, 0x29, 0xC5, 0x33,
    0x88, 0x83, 0x35, 0xA6, 0x34, 0x5E, 0x63, 0x1B, 0xC9, 0x9A, 0x73, 0xCE, 0xB5, 0xFF, 0xDB, 0xD6,
    0x1A, 0xC9, 0x49, 0x50, 0x81, 0xBE, 0xB3, 0x56, 0x85, 0xE9, 0x51, 0x38, 0x39, 0xFF, 0x43, 0x79,
    0xE4, 0xA4, 0x46, 0xF1, 0x3B, 0x85, 0xBC, 0x73, 0x1F, 0x5E, 0xE7, 0x16, 0xC5, 0x46, 0xE1, 0x08,
    0x2B, 0x73, 0x56, 0x56, 0x5C, 0x9A, 0x23, 0x8F, 0x60, 0x1B, 0x8E, 0xBC, 0xA2, 0x3A, 0xB5, 0xC9,
    0x1A, 0xF2, 0x37, 0x26, 0x5D, 0xE3, 0xA1, 0xC6, 0x21, 0x31, 0x02, 0x4B, 0xD9, 0xB0, 0x49, 0x1B,
    0x23, 0xAD, 0x5A, 0x99, 0xB6, 0x31, 0xD5, 0x4F, 0x25, 0x32, 0x71, 0x43, 0x3E, 0x36, 0x50, 0xEA,
    0x46, 0x1A, 0x63, 0xEC, 0x3D, 0x07, 0x9B, 0xBC, 0xF1, 0x35, 0xB1, 0x77, 0xDB, 0xF4, 0x8D, 0xCF,
    0x58, 0x02, 0x47, 0x43, 0x2E, 0x09, 0xEA, 0x55, 0xD3, 0xEB, 0x34, 0x39, 0xF2, 0x9D, 0x76, 0x36,
    0xC8, 0xE3, 0xD0, 0x05, 0x5D, 0x78, 0xB6, 0x85, 0x9B, 0x6E, 0xE1, 0xE5, 0x5B, 0xB8, 0x09, 0x17,
    0x6E, 0xC6, 0x85, 0x9B, 0x72, 0xE1, 0xE6, 0x5C, 0xB8, 0x49, 0x17, 0x6E, 0xD6, 0x85, 0x4D, 0xBB,
    0xA8, 0x01, 0x58, 0xDE, 0x85, 0xF4, 0xE3, 0x26, 0xF1, 0x62, 0x4A, 0x2A, 0x35, 0x99, 0x17, 0x3B,
    0x62, 0xE6, 0xA6, 0x5E, 0x78, 0x6E, 0xDB, 0x51, 0x9D, 0xA3, 0x3B, 0x57, 0x79, 0xDE, 0x26, 0xB5,
    0xA3, 0x3E, 0x57, 0x7F, 0xAB, 0x92, 0xA8, 0xC2, 0xF9, 0xA6, 0x3B, 0xF0, 0xC7, 0x49, 0x86, 0xE9,
    0x30, 0x3A, 0x09, 0x8C, 0x4E, 0xD6, 0x7F, 0xD7, 0xAB, 0xFD, 0xF7, 0xD5, 0x35, 0xCB, 0x7B, 0xE6,
    0x18, 0x46, 0xDF, 0xC6, 0x2C, 0xBD, 0x62, 0x60, 0x43, 0x96, 0xB0, 0xD4, 0x98, 0xB6, 0xC9, 0x76,
    0x97, 0x49, 0x15, 0xB1, 0xCE, 0xB1, 0x83, 0xF1, 0x13, 0xED, 0x94, 0x6A, 0x19, 0x08, 0xA4, 0xD6,
    0x43, 0xC5, 0x78, 0x8B, 0x11, 0x79, 0xA8, 0x5B, 0xA4, 0xBE, 0x92, 0x12, 0x58, 0x07, 0x52, 0xD8,
    0xAD, 0x2B, 0x12, 0xD0, 0x43, 0x3D, 0xC4, 0x9B, 0xCD, 0xA7, 0xA9, 0xF4, 0x50, 0x41, 0x35, 0xC5,
    0xA0, 0x22, 0xB1, 0x15, 0x49, 0xE6, 0x14, 0x17, 0xFE, 0x4D, 0xA6, 0xDF, 0x89, 0x47, 0x32, 0xE4,
    0x40, 0x0F, 0x35, 0x14, 0xE9, 0xC6, 0x66, 0xEA, 0xEC, 0x5A, 0x38, 0x88, 0x39, 0xBB, 0x15, 0x37,
    0xB7, 0xB2, 0xFD, 0x0E, 0xAC, 0x93, 0x06, 0xEB, 0x08, 0x8D, 0xDE, 0xE4, 0x1A, 0x6D, 0xB8, 0x46,
    0x1B, 0xAE, 0xD1, 0x6B, 0x9D, 0x46, 0x97, 0x5B, 0x74, 0xB3, 0x52, 0xE0, 0x25, 0x13, 0x9D, 0x8A,
    0x89, 0x4E, 0xC1, 0x44, 0xA7, 0x5E, 0xE2, 0xDA, 0x72, 0x89, 0x14, 0x2B, 0x9A, 0x02, 0x4D, 0xE4,
    0xB5, 0x4D, 0x8D, 0xA6, 0x31, 0x2F, 0xD3, 0x44, 0x4F, 0x07, 0xA6, 0x50, 0x22, 0x7A, 0x78, 0x5B,
    0x27, 0x11, 0x03, 0x66, 0x5B, 0x26, 0x11, 0x23, 0x64, 0x5B, 0x25, 0x31, 0x9A, 0xF1, 0x22, 0x89,
    0x33, 0x5E, 0x23, 0x71, 0xC6, 0x4B, 0x24, 0xCE, 0x78, 0x85, 0xC4, 0x09, 0x2F, 0x90, 0x08, 0xAC,
    0x3E, 0x22, 0xD5, 0x00, 0xB1, 0xE5, 0x11, 0xC1, 0x2B, 0xE5, 0xC4, 0xCB, 0x13, 0xB6, 0xA5, 0x98,
    0x76, 0x66, 0xB6, 0x1A, 0x13, 0x3D, 0xAB, 0xB4, 0x05, 0x99, 0xB0, 0x0B, 0xA6, 0x26, 0x13, 0xA2,
    0x6B, 0x8A, 0x12, 0xE2, 0x08, 0x4C, 0x49, 0x42, 0x69, 0x1C, 0xBA, 0x20, 0x21, 0xAE, 0x92, 0xAC,
    0x1C, 0xA1, 0x2A, 0x46, 0xA8, 0xDA, 0xAC, 0x14, 0x61, 0xC1, 0x0A, 0x11, 0x16, 0xAC, 0x0C, 0x61,
    0xCE, 0x8A, 0x10, 0x66, 0xAC, 0x04, 0x21, 0x2F, 0x40, 0x08, 0xBC, 0xFC, 0x20, 0x2F, 0x3E, 0xE8,
    0x94, 0x1E, 0xE4, 0x85, 0x07, 0x79, 0xD9, 0x41, 0x5E, 0x74, 0xD0, 0x29, 0x39, 0xB8, 0x79, 0xE1,
    0x4E, 0x5E, 0xD4, 0xCA, 0xA9, 0x67, 0x38, 0x5B, 0x7A, 0x86, 0xC0, 0xCB, 0x47, 0xF2, 0x72, 0x91,
    0xBC, 0xAD, 0x0B, 0x47, 0x76, 0xB8, 0x6C, 0x87, 0xCB, 0xAD, 0x15, 0x8F, 0xB7, 0xDF, 0xA4, 0x3D,
    0x5E, 0xD1, 0x4E, 0xB6, 0x68, 0x93, 0x8B, 0x48, 0x20, 0x98, 0xEE, 0x69, 0x0F, 0x81, 0xF3, 0x5E,
    0x54, 0xDA, 0x41, 0x24, 0xF4, 0x30, 0xAF, 0x2B, 0xB9, 0x25, 0x7D, 0xF1, 0xFB, 0xA9, 0x76, 0x0F,
    0xC9, 0xB0, 0x30, 0xDE, 0x21, 0xC1, 0x17, 0xD1, 0x0F, 0x48, 0xE7, 0x80, 0x91, 0x1D, 0xB5, 0xA5,
    0x6F, 0x48, 0xA8, 0xFC, 0xD8, 0x5C, 0xB9, 0x86, 0x24, 0x23, 0x7B, 0x50, 0x9E, 0x81, 0x0E, 0x56,
    0xA6, 0xA9, 0x72, 0x0C, 0xE8, 0x95, 0x7E, 0xDA, 0xB0, 0xC2, 0xA9, 0x25, 0xB4, 0x15, 0x12, 0xC9,
    0xE3, 0xEB, 0x12, 0x89, 0xEA, 0xFF, 0x87, 0x5C, 0x5D, 0xDF, 0x8D, 0x2D, 0x15, 0xF4, 0x5C, 0xC6,
    0x16, 0x0B, 0x32, 0x21, 0xB6, 0x5C, 0xA8, 0xA7, 0x36, 0xBB, 0x60, 0x3C, 0x54, 0x7A, 0x7B, 0xC2,
    0x1F, 0xE3, 0xEC, 0xA2, 0x71, 0x4B, 0x43, 0xAD, 0x97, 0x8D, 0x91, 0x0A, 0x3B, 0xDB, 0x85, 0x63,
    0xAC, 0xE2, 0xCE, 0x76, 0xE9, 0xA0, 0x02, 0x99, 0x76, 0xF1, 0xA0, 0xA7, 0x3B, 0xBE, 0x7C, 0xE0,
    0xF3, 0x1D, 0x5F, 0x40, 0x3E, 0xE3, 0x4B, 0x08, 0x3D, 0xE3, 0x6D, 0xCB, 0xBC, 0xF1, 0xCE, 0x7F,
    0x6A, 0x57, 0x6C, 0xD6, 0xAC, 0x3E, 0x47, 0x2C, 0xFD, 0xE7, 0x4F, 0x93, 0x37, 0xD7, 0xEA, 0xC6,
    0x13, 0xAF, 0xC1, 0x49, 0x5D, 0xE7, 0x4F, 0x93, 0xFF, 0x07, 0xED, 0x5D, 0x7F, 0x8C, 0xDC, 0xC6,
    0x75, 0x1E, 0x92, 0x77, 0x47, 0x4B, 0xD4, 0x2D, 0x1D, 0x54, 0x36, 0x14, 0x9F, 0x4E, 0x74, 0x51,
    0x05, 0x50, 0xDC, 0x93, 0xB8, 0x4D, 0xAE, 0xC8, 0x3A, 0x58, 0x79, 0x29, 0xA9, 0x6D, 0xFE, 0x30,
    0x0A, 0x5F, 0x01, 0x9F, 0x0D, 0x44, 0x08, 0xA4, 0xB4, 0x06, 0x12, 0xBB, 0x0E, 0xEE, 0x10, 0x28,
    0x89, 0xD2, 0xCA, 0xB7, 0x54, 0x04, 0x34, 0x05, 0x12, 0x20, 0x1B, 0x24, 0x81, 0x0B, 0xB8, 0x6D,
    0xAE, 0xAD, 0x8D, 0x26, 0xA7, 0xC2, 0x77, 0x45, 0xD5, 0xD6, 0x09, 0x74, 0x47, 0x2A, 0xFA, 0xC3,
    0x68, 0xEC, 0x22, 0x8C, 0xDD, 0x24, 0x05, 0xDC, 0x56, 0x4C, 0x23, 0x27, 0xB1, 0x54, 0x54, 0x4C,
    0xB3, 0xB2, 0xF7, 0xE4, 0x5D, 0x4E, 0xDF, 0x9B, 0x21, 0x97, 0x33, 0x24, 0x4F, 0xB7, 0x27, 0xCB,
    0xAE, 0xD1, 0x1C, 0xA1, 0x5B, 0xF1, 0x7D, 0xBB, 0xCB, 0x1F, 0x33, 0x6F, 0xDE, 0x7B, 0xDF, 0x9B,
    0x37, 0x5C, 0x42, 0xCA, 0x37, 0x3D, 0x90, 0x44, 0x33, 0x92, 0x44, 0x23, 0x94, 0x44, 0xD5, 0x95,
    0xC4, 0x67, 0xF6, 0x89, 0x92, 0xD2, 0x6B, 0x38, 0xA2, 0xD8, 0x95, 0x44, 0x72, 0x6C, 0x17, 0xD9,
    0xE8, 0xA6, 0xD3, 0x76, 0x7F, 0xFF, 0x2C, 0x5C, 0x0C, 0xA5, 0xFD, 0xF3, 0x77, 0xF1, 0x5D, 0xDA,
    0xE1, 0x67, 0x72, 0xF0, 0x5D, 0x42, 0xC6, 0x28, 0x9C, 0xD0, 0x26, 0x5A, 0xC4, 0x45, 0xD2, 0xBC,
    0x46, 0x48, 0x03, 0xC5, 0x65, 0x7E, 0x6B, 0xF0, 0x36, 0x13, 0x1F, 0x63, 0xA2, 0x0D, 0x07, 0x9B,
    0x23, 0x7A, 0x08, 0x2F, 0x78, 0x67, 0x78, 0xAC, 0x18, 0xEF, 0xB7, 0x89, 0xE2, 0x4C, 0xAF, 0x8B,
    0xA2, 0x19, 0x12, 0xCF, 0xC1, 0x03, 0x07, 0x9E, 0xA3, 0x51, 0xC7, 0x6E, 0xAB, 0x34, 0x20, 0x1E,
    0x8D, 0x49, 0x83, 0xF2, 0xED, 0x35, 0xEA, 0x53, 0x80, 0x2C, 0x4A, 0x5F, 0xA2, 0xB1, 0x47, 0x5F,
    0xA0, 0x21, 0xBD, 0x88, 0x07, 0x8B, 0x55, 0xDA, 0xB6, 0x63, 0xD2, 0x0C, 0x36, 0x78, 0xC7, 0xBB,
    0x65, 0xB1, 0x27, 0x8B, 0xB1, 0x2C, 0x9E, 0x20, 0x1B, 0xDF, 0x36, 0xBB, 0xFB, 0xED, 0xD0, 0xDD,
    0x03, 0xF5, 0xC2, 0x09, 0xB9, 0x17, 0x62, 0xB9, 0x17, 0x62, 0xB9, 0x17, 0xF6, 0x6C, 0xF6, 0xC2,
    0x3A, 0xBD, 0xF0, 0x98, 0x28, 0xCC, 0xDD, 0x54, 0xA1, 0xB9, 0xA6, 0xD0, 0xD8, 0xA0, 0x30, 0xE2,
    0xA0, 0xA0, 0x78, 0x2D, 0x76, 0xA4, 0x36, 0x0A, 0x16, 0xED, 0xB2, 0xA6, 0xEA, 0xA1, 0x00, 0x77,
    0x8F, 0x0A, 0xB2, 0x0A, 0xAF, 0x0D, 0x9D, 0x7E, 0xC5, 0x83, 0xAE, 0x31, 0x03, 0xE8, 0xF2, 0x86,
    0xD5, 0x26, 0x96, 0x0F, 0xA0, 0x03, 0xAF, 0x0D, 0x80, 0x8D, 0x00, 0xAF, 0xC4, 0x0C, 0x48, 0x03,
    0x14, 0x05, 0x85, 0x1E, 0xD1, 0x23, 0xD2, 0x68, 0x33, 0x41, 0xA1, 0x44, 0x6B, 0x93, 0x06, 0xA8,
    0x19, 0x7C, 0x5A, 0xA3, 0xAE, 0xD6, 0x25, 0x0D, 0x38, 0x12, 0xB4, 0xBA, 0x41, 0x23, 0x8D, 0x12,
    0x8F, 0x90, 0xC3, 0xD0, 0x6F, 0xDE, 0xB3, 0xF1, 0x91, 0xA4, 0xC9, 0xA1, 0x89, 0x0F, 0x50, 0x7A,
    0x85, 0xED, 0x2E, 0xD2, 0xA8, 0x07, 0x1D, 0xA9, 0xE3, 0x7E, 0x4B, 0xF1, 0xE0, 0x28, 0xEA, 0x93,
    0x6F, 0x72, 0x5B, 0x2B, 0x91, 0xD0, 0xBC, 0x5A, 0xA7, 0x5C, 0x80, 0x46, 0x9C, 0xFF, 0x05, 0x6C,
    0x6B, 0xE5, 0x0C, 0x8C, 0x9C, 0xF6, 0x3D, 0x26, 0x75, 0x9B, 0x66, 0x8B, 0x34, 0x86, 0x94, 0x33,
    0x0D, 0x90, 0x1B, 0x20, 0x37, 0x98, 0xCC, 0xEF, 0xB8, 0xF0, 0xE7, 0x64, 0x7F, 0x76, 0xFE, 0xCF,
    0xE5, 0x7F, 0x96, 0xCB, 0x2E, 0x1A, 0x07, 0x24, 0x8C, 0xE3, 0x36, 0x5C, 0x3D, 0x34, 0xB6, 0xD7,
    0x2E, 0x3B, 0x77, 0x2B, 0x77, 0xEE, 0xD6, 0x75, 0xCF, 0x7D, 0xBD, 0xBF, 0xB2, 0xEB, 0x11, 0xFE,
    0xE0, 0x9C, 0x53, 0xDC, 0x42, 0xF2, 0x2E, 0xE0, 0xE3, 0xAD, 0x87, 0x96, 0x0F, 0xDA, 0x06, 0xAE,
    0x0F, 0x1A, 0x1B, 0x5B, 0x9F, 0x18, 0x11, 0xBF, 0x70, 0x1B, 0xFE, 0x66, 0x67, 0x09, 0x69, 0x4D,
    0x92, 0x91, 0x4B, 0x73, 0xCE, 0xBE, 0x6F, 0x5E, 0x0B, 0xAA, 0xF3, 0xD5, 0xD9, 0x6A, 0x30, 0x59,
    0x9D, 0x9C, 0xAF, 0x2E, 0x59, 0x31, 0xF5, 0x95, 0x97, 0xEF, 0x06, 0xD5, 0x99, 0x04, 0x6B, 0xB9,
    0x04, 0x87, 0x0D, 0xF8, 0xE1, 0xF1, 0x18, 0x1A, 0xFE, 0x75, 0xF8, 0xB1, 0x99, 0x2F, 0xF6, 0x92,
    0x2B, 0xC4, 0x73, 0x63, 0x47, 0xAB, 0xF3, 0xB7, 0x11, 0xDE, 0x4E, 0xD0, 0xFB, 0xFC, 0x2B, 0x85,
    0x8F, 0xA7, 0x37, 0x95, 0x34, 0xA6, 0x05, 0xC7, 0x9E, 0xAC, 0xC1, 0x35, 0xED, 0x24, 0xEA, 0xAB,
    0x4F, 0x3B, 0xBB, 0x56, 0x56, 0xA2, 0x3D, 0xD5, 0x1D, 0xD5, 0xC9, 0xEA, 0xCE, 0xC9, 0x3D, 0x93,
    0x7B, 0xAA, 0x66, 0x4C, 0x43, 0xE5, 0x6F, 0x3F, 0x04, 0xEF, 0xEF, 0x20, 0xE4, 0xEE, 0x63, 0xFC,
    0x7A, 0x6C, 0xBC, 0x55, 0x37, 0xBB, 0xDD, 0x98, 0xDB, 0x62, 0x76, 0xBB, 0x51, 0xD6, 0x1A, 0x77,
    0xF4, 0xFB, 0xA5, 0x2A, 0x2A, 0xC8, 0xE4, 0x9A, 0xC2, 0xAD, 0xA2, 0x70, 0xBB, 0xE0, 0xEC, 0xB5,
    0x77, 0xB9, 0x4E, 0xDF, 0x8F, 0x68, 0xCD, 0x83, 0x7E, 0x7F, 0xFC, 0x29, 0xA1, 0x9A, 0x09, 0x64,
    0x48, 0x14, 0xEA, 0x99, 0xA0, 0xB9, 0x13, 0x99, 0x30, 0x86, 0xC2, 0x52, 0xF2, 0x75, 0xEA, 0x4E,
    0x28, 0xA9, 0xA0, 0xBF, 0x28, 0x08, 0x15, 0xF8, 0x8E, 0x12, 0x24, 0xC2, 0xB8, 0xE6, 0x67, 0x82,
    0x79, 0x48, 0x10, 0x0C, 0xEA, 0xEF, 0x4D, 0x84, 0x2D, 0x84, 0x3C, 0x12, 0x36, 0x0F, 0xF1, 0x03,
    0x54, 0xE0, 0x0F, 0x1C, 0x83, 0xCB, 0x04, 0x6C, 0xF7, 0xDB, 0x9D, 0x87, 0xD8, 0xFD, 0x19, 0x34,
    0xF1, 0x56, 0x78, 0x3F, 0xFB, 0x4C, 0x14, 0xAC, 0x50, 0x87, 0x16, 0xDC, 0x5D, 0x63, 0x42, 0xED,
    0x8C, 0x7A, 0x38, 0x24, 0xF5, 0x9A, 0x81, 0x42, 0x54, 0x87, 0x06, 0x76, 0xC6, 0xEF, 0xF9, 0x2A,
    0xBB, 0xD3, 0x09, 0x1C, 0xA6, 0x15, 0x03, 0x1D, 0x9C, 0x16, 0x59, 0xD8, 0xCC, 0x15, 0xA2, 0x5D,
    0x5A, 0x58, 0x58, 0x9C, 0x9B, 0xB9, 0x14, 0xE3, 0x29, 0x15, 0x18, 0x95, 0x3D, 0xF3, 0x55, 0x0A,
    0xED, 0x3F, 0x9E, 0xDC, 0x2C, 0x6B, 0xB5, 0xBA, 0xD8, 0xAE, 0x67, 0xD6, 0xF2, 0xFB, 0x92, 0xA7,
    0xDE, 0xBE, 0xA6, 0x3F, 0x56, 0x9D, 0x3C, 0xE0, 0xAE, 0x07, 0x28, 0xF9, 0xAF, 0x90, 0x3F, 0xCD,
    0xC9, 0xEF, 0xFA, 0xFC, 0xD0, 0xB0, 0x04, 0xDC, 0xD5, 0xD9, 0x69, 0x48, 0x40, 0x85, 0xE4, 0x00,
    0xE2, 0x8C, 0x4B, 0xC0, 0x76, 0xD5, 0x97, 0x81, 0xBA, 0x22, 0x03, 0xCA, 0xD9, 0x1C, 0x60, 0x75,
    0x95, 0x60, 0x5C, 0x17, 0xDD, 0x44, 0x5D, 0x09, 0x46, 0x45, 0x20, 0x02, 0xA0, 0x22, 0x02, 0xE1,
    0x44, 0x0E, 0x68, 0x33, 0x40, 0xB8, 0xBF, 0x66, 0x57, 0x09, 0x25, 0x60, 0xF8, 0xC8, 0x83, 0xAB,
    0x1F, 0x13, 0x01, 0x50, 0x81, 0x99, 0x0E, 0x00, 0x8A, 0xCB, 0x95, 0x06, 0xB6, 0xFB, 0x87, 0x1D,
    0x05, 0xDA, 0xCD, 0x67, 0xF7, 0x79, 0x4C, 0xBE, 0x4D, 0x0F, 0x80, 0xA6, 0x2F, 0x7E, 0x1B, 0x6E,
    0xE5, 0x5A, 0x02, 0x28, 0x4F, 0x72, 0x25, 0xD2, 0xD2, 0x0F, 0x58, 0x31, 0x53, 0xA4, 0x1D, 0x1A,
    0xEF, 0x83, 0x5B, 0xC8, 0xB2, 0xE9, 0xA0, 0x32, 0xD5, 0x13, 0x60, 0x54, 0x0B, 0x34, 0x17, 0x15,
    0xAA, 0xA6, 0x06, 0x4C, 0x1F, 0x27, 0x4C, 0x47, 0x73, 0x51, 0xA9, 0x4E, 0x90, 0xD5, 0x13, 0x93,
    0x64, 0x94, 0xEC, 0xDF, 0x4B, 0x0C, 0xA6, 0x58, 0x74, 0xC1, 0x6B, 0x2F, 0x11, 0xEB, 0x1A, 0x5D,
    0x9E, 0x5E, 0x66, 0xCA, 0xF5, 0x2C, 0x5D, 0x25, 0x4B, 0xF0, 0xFF, 0x0B, 0x14, 0xE2, 0x9B, 0xD1,
    0xE4, 0x84, 0xA0, 0xE0, 0xC7, 0xC8, 0xF0, 0xFD, 0x99, 0x92, 0x1D, 0x87, 0x66, 0x93, 0x14, 0xED,
    0x9E, 0x44, 0xCD, 0xF4, 0x34, 0x98, 0x37, 0x29, 0x75, 0x24, 0x85, 0x53, 0x16, 0x5B, 0xEB, 0x28,
    0x5D, 0x71, 0xFB, 0xB9, 0x9F, 0x03, 0x7E, 0xD7, 0x59, 0xFF, 0x4B, 0xDB, 0x6E, 0x14, 0x1A, 0x2A,
    0x1E, 0x7C, 0xCB, 0x7C, 0x01, 0xFA, 0xA7, 0xF9, 0xA9, 0x1C, 0x61, 0x22, 0x57, 0xFC, 0xA8, 0x96,
    0x83, 0x1E, 0x22, 0x05, 0x68, 0x98, 0x2C, 0xE5, 0x20, 0xC7, 0xCC, 0x43, 0x4A, 0x00, 0x50, 0x5D,
    0x0E, 0xCC, 0x8B, 0x90, 0x17, 0xE6, 0x21, 0x35, 0x0C, 0x8D, 0x1C, 0xA4, 0x39, 0x05, 0x48, 0x27,
    0x00, 0xCD, 0x4E, 0x88, 0xB4, 0x4F, 0xFF, 0x9E, 0x08, 0xD5, 0x78, 0x80, 0x1C, 0x19, 0x8E, 0x0C,
    0x91, 0xDB, 0x96, 0x67, 0x5E, 0x8E, 0x64, 0x88, 0xD8, 0x3D, 0x1A, 0x4C, 0x24, 0xC7, 0xA9, 0xA5,
    0x36, 0x60, 0x88, 0xA4, 0xB6, 0x08, 0x21, 0x53, 0xBE, 0xDF, 0x3A, 0x84, 0x3F, 0x26, 0x31, 0x3A,
    0x12, 0x64, 0xA3, 0xAF, 0x49, 0xE3, 0x8B, 0x77, 0x33, 0xE8, 0xD3, 0x21, 0xD3, 0x30, 0x7E, 0x67,
    0xD4, 0xD7, 0x01, 0x8A, 0x22, 0xD5, 0x99, 0x4D, 0xCE, 0x61, 0x9D, 0x8C, 0x74, 0x17, 0x06, 0x6D,
    0xA8, 0x39, 0x7C, 0x18, 0xA9, 0xFE, 0x09, 0xB2, 0xA4, 0xF9, 0x75, 0xF5, 0x5C, 0x80, 0x9F, 0x55,
    0xF0, 0xEE, 0x4F, 0x46, 0x64, 0x49, 0xF1, 0x27, 0xB4, 0x67, 0x7D, 0xD3, 0xB1, 0x0E, 0xDF, 0x4B,
    0xD4, 0x96, 0x7E, 0xDE, 0x57, 0x42, 0x25, 0xB0, 0x4E, 0xD3, 0x6B, 0xDE, 0xA5, 0xC5, 0xB8, 0x42,
    0xD4, 0x78, 0x91, 0x7E, 0x65, 0xC6, 0x57, 0x7C, 0x83, 0xFE, 0x98, 0x76, 0xBC, 0xB8, 0x05, 0xF6,
    0xDC, 0xEE, 0x34, 0x21, 0xE8, 0x87, 0x41, 0xAA, 0xF9, 0xB5, 0xC4, 0xC4, 0x9B, 0x44, 0x99, 0x76,
    0xC0, 0xBB, 0x10, 0x35, 0x60, 0x10, 0xDC, 0x14, 0x27, 0x38, 0x78, 0x77, 0xAB, 0xC7, 0xB9, 0x89,
    0x55, 0xCE, 0xA6, 0xDC, 0x85, 0x34, 0x23, 0xEE, 0x74, 0x68, 0xD8, 0x1F, 0x10, 0xC3, 0x5C, 0xB3,
    0xC6, 0x5E, 0xE1, 0x97, 0x7B, 0x7D, 0xFD, 0x1D, 0xBA, 0xB5, 0x00, 0xED, 0x3A, 0x53, 0x80, 0x6E,
    0xB9, 0xB3, 0xF8, 0xCD, 0xB2, 0xC1, 0xA1, 0xF8, 0x6F, 0x08, 0x04, 0xE3, 0x52, 0x72, 0x85, 0xCF,
    0x97, 0x80, 0x3B, 0xFE, 0x6D, 0xCB, 0x48, 0x01, 0xB4, 0x3A, 0x92, 0x99, 0x4C, 0x07, 0x42, 0x09,
    0x48, 0x5A, 0x45, 0x70, 0x07, 0x09, 0x8A, 0xE0, 0x44, 0x09, 0x08, 0xC1, 0x4F, 0x58, 0xD1, 0x72,
    0xA0, 0x55, 0x06, 0xD6, 0x77, 0x92, 0xD0, 0xCC, 0x83, 0x4B, 0xE3, 0x08, 0xE6, 0x1C, 0x5A, 0x54,
    0x06, 0xAE, 0x7C, 0x8C, 0x44, 0x05, 0x10, 0xE8, 0x5F, 0x11, 0x24, 0xE6, 0xE9, 0xF8, 0x69, 0x06,
    0xB6, 0xC4, 0x41, 0x49, 0x8F, 0x74, 0x18, 0x98, 0xE5, 0x3C, 0x6A, 0x25, 0x4D, 0x09, 0xA0, 0x1D,
    0xC8, 0x4D, 0x46, 0x30, 0xA4, 0x88, 0x5B, 0x99, 0x47, 0x00, 0x45, 0xF3, 0xD5, 0x1F, 0xB8, 0x10,
    0x32, 0xF4, 0x2D, 0x2E, 0xD9, 0x09, 0x4E, 0x23, 0xD4, 0x4E, 0xB9, 0x5B, 0x54, 0x3F, 0xF9, 0xDA,
    0x63, 0xBA, 0x3B, 0x4E, 0x74, 0x3F, 0x32, 0xC0, 0x21, 0x24, 0xA0, 0xA9, 0x44, 0xAA, 0x6F, 0x12,
    0xD3, 0x3F, 0x66, 0xEA, 0xCE, 0x04, 0x7C, 0x1D, 0x2D, 0x72, 0x45, 0x77, 0x55, 0xDF, 0x20, 0xFB,
    0xC2, 0x7A, 0x65, 0x17, 0x0C, 0xA1, 0xE5, 0x47, 0xEB, 0x64, 0xAB, 0x03, 0x4E, 0x47, 0x77, 0x61,
    0x44, 0x2D, 0x37, 0x17, 0x29, 0x7A, 0x8A, 0x4E, 0x8D, 0x98, 0xD7, 0xBC, 0xDE, 0xB4, 0x07, 0xCE,
    0xA3, 0x66, 0x5F, 0xA6, 0x4F, 0xD0, 0x17, 0xE9, 0x35, 0x07, 0xA2, 0x3B, 0xEF, 0x87, 0x14, 0x42,
    0x75, 0x93, 0xD4, 0x14, 0x18, 0xDF, 0x41, 0x12, 0xF2, 0xD5, 0xC8, 0xF0, 0x34, 0xC6, 0x28, 0x70,
    0x83, 0x06, 0xBF, 0xDF, 0x3A, 0x49, 0xFC, 0xDE, 0x09, 0x04, 0xB5, 0x17, 0xD8, 0x27, 0x6D, 0x47,
    0x67, 0x03, 0x46, 0x8D, 0xF0, 0x7D, 0x85, 0xFA, 0xDC, 0xFF, 0xF1, 0x04, 0x00, 0x44, 0xB9, 0x68,
    0x62, 0x6E, 0xE3, 0x77, 0x38, 0xF3, 0x64, 0xAA, 0x92, 0xE3, 0x65, 0xAA, 0x5A, 0x11, 0x82, 0x4C,
    0xA7, 0x04, 0xFC, 0x64, 0x19, 0x47, 0xFF, 0x65, 0x77, 0xDD, 0x84, 0x58, 0xB2, 0xED, 0xD9, 0x00,
    0x5A, 0xEE, 0xE4, 0x86, 0x4A, 0x87, 0xDD, 0x9F, 0x94, 0xA1, 0xEA, 0xE2, 0xB9, 0x34, 0xFA, 0x14,
    0xB7, 0x9F, 0x29, 0x65, 0x28, 0x29, 0x45, 0x77, 0x2A, 0xC1, 0x6C, 0x1E, 0xD3, 0xFC, 0xF1, 0x12,
    0x54, 0xF7, 0xC7, 0x49, 0x11, 0xF5, 0x00, 0x0D, 0xF3, 0xA8, 0xF6, 0x13, 0x44, 0x73, 0xD1, 0x0B,
    0x31, 0xD4, 0x32, 0xB4, 0xA2, 0xFA, 0xA3, 0x45, 0xD4, 0x3C, 0x28, 0xA1, 0xBB, 0xD3, 0x04, 0x90,
    0x5F, 0x11, 0xD0, 0x74, 0x50, 0x2C, 0x44, 0xF6, 0x81, 0x60, 0xB2, 0x30, 0x54, 0xBC, 0xD7, 0xA9,
    0x5F, 0x44, 0xEF, 0x68, 0x3D, 0x4C, 0xEE, 0x24, 0xB2, 0x47, 0x12, 0xB6, 0x5A, 0x86, 0x56, 0xF2,
    0x7E, 0x09, 0x99, 0x39, 0x29, 0xB8, 0x26, 0x08, 0x69, 0x19, 0x0B, 0x92, 0xBD, 0x13, 0x90, 0xA9,
    0x6F, 0x08, 0x0E, 0x4A, 0xE3, 0x0E, 0xEA, 0xF8, 0x12, 0x09, 0x43, 0xD5, 0x59, 0x12, 0x7C, 0x94,
    0x03, 0x6E, 0xAB, 0xA6, 0xFA, 0xA1, 0x9E, 0xA0, 0x5A, 0xE2, 0xA6, 0x94, 0x60, 0x42, 0x3B, 0x17,
    0x40, 0xB8, 0x86, 0xC3, 0x9A, 0x7B, 0x2A, 0x15, 0x3C, 0x55, 0xB4, 0x4B, 0xFB, 0x2C, 0x73, 0x56,
    0xF7, 0x81, 0xB3, 0x32, 0x98, 0xB3, 0xF2, 0xAD, 0xC5, 0xB9, 0xE6, 0xE5, 0xD4, 0x5F, 0x69, 0xE0,
    0xAF, 0xA6, 0x99, 0xBF, 0xC2, 0xF8, 0x1F, 0x5C, 0x16, 0x95, 0x5D, 0x16, 0x38, 0x00, 0x8D, 0x37,
    0x4B, 0x85, 0x11, 0x05, 0xF0, 0x5A, 0x3A, 0xD3, 0xEE, 0xBC, 0xE3, 0xB2, 0x92, 0xB0, 0xB6, 0xE8,
    0xBB, 0xFA, 0xEE, 0x4B, 0x15, 0xDD, 0xD7, 0x46, 0x3D, 0xD8, 0x9A, 0x7E, 0xAC, 0xDC, 0x95, 0xE1,
    0x90, 0x3E, 0x3A, 0x58, 0x40, 0xA8, 0xBD, 0x31, 0x50, 0x29, 0xBB, 0x24, 0x75, 0xB2, 0x04, 0x7C,
    0xEF, 0xE4, 0xF6, 0xA1, 0x02, 0xF8, 0xBE, 0xA8, 0x36, 0x5A, 0x00, 0x27, 0x48, 0x09, 0xA8, 0x90,
    0x5A, 0x25, 0x8F, 0xDD, 0xAA, 0xB9, 0xF5, 0x02, 0x38, 0x5B, 0x02, 0xAA, 0xED, 0x12, 0xD0, 0x2E,
    0x03, 0x3B, 0xC7, 0x40, 0x9D, 0x2A, 0x79, 0x5B, 0x00, 0xE0, 0x44, 0x0E, 0x54, 0xFD, 0xC9, 0x12,
    0xF0, 0xE2, 0xF1, 0x22, 0x48, 0xBC, 0x0E, 0x80, 0x66, 0xDE, 0x65, 0xCF, 0x1D, 0xBE, 0x7A, 0x22,
    0x0F, 0x82, 0xC7, 0x69, 0x46, 0x05, 0x50, 0x99, 0x62, 0x3C, 0xA7, 0x84, 0x43, 0x72, 0x92, 0xDE,
    0x0F, 0x0B, 0xE5, 0xB4, 0x3F, 0xD9, 0x0A, 0x7F, 0x47, 0x81, 0x55, 0x78, 0x39, 0x83, 0xAC, 0x76,
    0xE1, 0x5B, 0xD7, 0x92, 0x63, 0xA9, 0x89, 0x03, 0x34, 0xFE, 0x9C, 0x24, 0xBA, 0x8D, 0x14, 0xA3,
    0x4B, 0x66, 0xF1, 0x74, 0x95, 0x0A, 0xD9, 0x9D, 0x50, 0xBF, 0xED, 0x4A, 0xC7, 0x42, 0x5F, 0x03,
    0x5E, 0x0F, 0xB8, 0x56, 0x02, 0xD6, 0x75, 0xF0, 0x70, 0xF5, 0x21, 0x18, 0x87, 0xF5, 0x71, 0x18,
    0x88, 0x2E, 0x99, 0x42, 0x8B, 0x00, 0x1C, 0x9B, 0x4C, 0x4C, 0xE0, 0x18, 0x39, 0x41, 0xDA, 0xCA,
    0xD5, 0x33, 0x4B, 0x30, 0xCC, 0xCF, 0xD6, 0x61, 0xA4, 0xEC, 0xAC, 0x81, 0x37, 0xF5, 0xE8, 0xE9,
    0x78, 0x81, 0x86, 0x21, 0x69, 0x5C, 0xA2, 0x57, 0x1F, 0xE8, 0x32, 0x90, 0xC6, 0x33, 0xF4, 0x0B,
    0xF4, 0x15, 0xB8, 0x01, 0x95, 0x7E, 0x16, 0xC7, 0xC9, 0x44, 0x0D, 0x1A, 0xB8, 0xCE, 0xA3, 0x8A,
    0x10, 0xFF, 0xDD, 0x06, 0x54, 0xE9, 0x78, 0x1D, 0x4E, 0xB4, 0x97, 0x87, 0x05, 0x51, 0xE2, 0xA5,
    0x95, 0xC8, 0x72, 0x2C, 0xC7, 0xFC, 0x80, 0xCB, 0xF3, 0x95, 0x63, 0xDC, 0xD7, 0x41, 0xFC, 0xD9,
    0x03, 0x03, 0x98, 0xE4, 0xAA, 0xE3, 0x34, 0x17, 0x89, 0x7C, 0xE9, 0x7E, 0xDE, 0xA4, 0x2B, 0xFC,
    0xB6, 0xEF, 0x5C, 0x7F, 0x80, 0x1C, 0x28, 0xD3, 0xFA, 0xCB, 0x65, 0x3D, 0xF1, 0x47, 0xC2, 0x48,
    0xED, 0x7F, 0xF2, 0x8F, 0xFB, 0xFD, 0xD4, 0xCE, 0x54, 0x79, 0x76, 0x1E, 0xC8, 0xFE, 0x0C, 0x1C,
    0xE3, 0xE8, 0xEC, 0x51, 0xC5, 0x35, 0xF0, 0x5A, 0x66, 0x61, 0xEF, 0x3C, 0xBE, 0x3B, 0x3F, 0x3B,
    0xFB, 0xE1, 0x6F, 0x9C, 0x67, 0xF3, 0x07, 0xB3, 0xB3, 0x9F, 0x3C, 0x80, 0x7B, 0x13, 0xB3, 0xB3,
    0xD5, 0x59, 0x78, 0x57, 0xED, 0x55, 0xF9, 0xDE, 0x16, 0xC3, 0xB8, 0x7B, 0x89, 0xED, 0x6D, 0x9B,
    0xD0, 0x8C, 0xE8, 0xCC, 0xEC, 0xAF, 0x1C, 0x78, 0xF1, 0x43, 0xB3, 0x15, 0x62, 0x5F, 0x08, 0x15,
    0xEA, 0xBD, 0xC6, 0x72, 0xFB, 0xF3, 0xA4, 0xAA, 0x3B, 0xE0, 0xE6, 0xA7, 0x80, 0x6B, 0x2E, 0x61,
    0x4B, 0x82, 0xE1, 0xD9, 0xAF, 0xFB, 0x9A, 0xA3, 0xCC, 0xEF, 0x5D, 0x22, 0x46, 0x4C, 0x0E, 0x39,
    0x06, 0x66, 0xD0, 0xA0, 0x85, 0x3E, 0xE3, 0x6C, 0x23, 0x93, 0x98, 0x5D, 0x9B, 0x52, 0x61, 0xCF,
    0x8A, 0x96, 0x98, 0x07, 0x33, 0x7E, 0x83, 0x34, 0xAE, 0x5C, 0x5A, 0x58, 0xEC, 0xAD, 0x9C, 0xEE,
    0x91, 0x61, 0xE5, 0x91, 0x85, 0xA7, 0x94, 0xDF, 0x7C, 0x2A, 0xD5, 0x9A, 0x93, 0x7D, 0x65, 0x3A,
    0xC5, 0x9B, 0xF1, 0x53, 0x44, 0x39, 0xAF, 0xB4, 0x91, 0xD7, 0xBE, 0x03, 0xF6, 0xB4, 0x47, 0x0D,
    0x1E, 0xB3, 0x9F, 0xFF, 0xAD, 0x6D, 0xB5, 0x59, 0xBE, 0xF7, 0x81, 0xD1, 0x6A, 0x95, 0xEF, 0x1D,
    0xEC, 0xEE, 0x5F, 0xE2, 0x7B, 0xCE, 0x4E, 0xE3, 0x19, 0x66, 0x14, 0x0F, 0x01, 0xF1, 0x30, 0x31,
    0x3D, 0xDA, 0xD3, 0xEE, 0x83, 0xA0, 0xE2, 0xB6, 0xE9, 0xE9, 0xE9, 0x9C, 0xED, 0x2B, 0x18, 0x99,
    0x8E, 0x2C, 0x87, 0x10, 0x5E, 0xC1, 0xEB, 0xA4, 0x88, 0x80, 0x0B, 0xCA, 0x21, 0x43, 0x1F, 0x81,
    0xD7, 0x5A, 0x16, 0x54, 0x84, 0x64, 0xF4, 0x9B, 0x22, 0xB2, 0x1F, 0x10, 0xE3, 0x5F, 0x89, 0xC0,
    0x35, 0x4D, 0xD4, 0x35, 0x22, 0x22, 0x5A, 0x92, 0x13, 0x4B, 0x11, 0x2B, 0x00, 0x32, 0x25, 0x21,
    0x2B, 0x6D, 0x52, 0x47, 0x64, 0xB4, 0x8F, 0x84, 0xA0, 0xFF, 0x91, 0xE2, 0x4E, 0x8E, 0xF6, 0xF9,
    0xA9, 0x3B, 0x41, 0x8C, 0x48, 0xF3, 0x8F, 0x55, 0xC8, 0x3F, 0xA4, 0x47, 0xDE, 0x49, 0xB4, 0x48,
    0x73, 0xA1, 0x1F, 0xFF, 0xF1, 0x44, 0x9A, 0x15, 0x21, 0x66, 0xDB, 0x70, 0x23, 0x8B, 0xBC, 0xC6,
    0x11, 0xF5, 0x5A, 0xD7, 0xEE, 0x35, 0xBD, 0xD7, 0x63, 0xFA, 0xFA, 0x4F, 0x18, 0xB2, 0x45, 0xF7,
    0x49, 0x23, 0xB4, 0x3A, 0xDE, 0x7D, 0xA1, 0xF7, 0xD9, 0x8F, 0x32, 0x4F, 0x25, 0xE4, 0x59, 0x78,
    0x54, 0xEF, 0x19, 0x22, 0x87, 0x35, 0xDA, 0x10, 0x0B, 0xEA, 0xA2, 0xFD, 0x00, 0x6F, 0xBC, 0xCF,
    0x14, 0x08, 0x80, 0xE6, 0x82, 0x1B, 0xAB, 0x09, 0x31, 0xFD, 0x51, 0x0D, 0x13, 0x72, 0x35, 0x23,
    0x8B, 0xC8, 0x23, 0x86, 0xDC, 0xF3, 0xD5, 0x7E, 0x02, 0x85, 0x84, 0xEC, 0x5B, 0x06, 0x3D, 0xE0,
    0xF6, 0x53, 0x8C, 0x9A, 0x6F, 0x1F, 0x26, 0x2C, 0xD5, 0xC6, 0xB7, 0xD3, 0xF1, 0xE2, 0xB5, 0xC5,
    0x98, 0x11, 0xB9, 0x74, 0x83, 0x9B, 0x89, 0x1D, 0xB2, 0xC1, 0xCD, 0xA8, 0xAF, 0x8F, 0x0C, 0x7A,
    0xA8, 0x42, 0xA4, 0x08, 0x46, 0xF3, 0xD3, 0xA0, 0x37, 0xB2, 0xA9, 0x35, 0x59, 0x96, 0xD5, 0x90,
    0x19, 0x09, 0x80, 0x6A, 0x15, 0x40, 0x3F, 0x07, 0xFE, 0xF5, 0xAC, 0x0C, 0x22, 0x0B, 0xC0, 0xD9,
    0x2C, 0xF9, 0x93, 0x91, 0xC1, 0x62, 0x5A, 0x19, 0xAC, 0xF3, 0x9E, 0x12, 0xC1, 0x8F, 0x12, 0xB3,
    0x00, 0x6A, 0xD4, 0xD1, 0x9E, 0xC3, 0x9D, 0x40, 0x57, 0xFB, 0xA0, 0x79, 0xC8, 0x57, 0x2E, 0x93,
    0x21, 0xD5, 0x09, 0x05, 0x70, 0x8B, 0x12, 0x10, 0x8F, 0x4C, 0x68, 0x6E, 0xA8, 0x1F, 0x14, 0x4E,
    0x14, 0x90, 0x86, 0x03, 0xD6, 0x35, 0x12, 0x40, 0x65, 0x21, 0x20, 0x4D, 0xA7, 0x6E, 0x38, 0x6D,
    0x5D, 0x3D, 0x97, 0xDE, 0xA7, 0x45, 0xCF, 0x9D, 0xFE, 0xF9, 0xCB, 0xF1, 0xCC, 0xF7, 0xE3, 0x19,
    0xF5, 0x5C, 0xD0, 0x1F, 0x22, 0x07, 0xE9, 0x49, 0xFA, 0x52, 0x8F, 0xDE, 0xD7, 0xCB, 0xC0, 0x1A,
    0x36, 0xD0, 0x10, 0xF2, 0x65, 0x07, 0xFC, 0x65, 0x3A, 0x6D, 0x29, 0x39, 0xD1, 0x92, 0xD4, 0xB5,
    0x12, 0xE4, 0x23, 0xCE, 0x87, 0x10, 0x54, 0xD9, 0x84, 0xF9, 0xF6, 0x14, 0x64, 0x62, 0x60, 0xBE,
    0xC2, 0x72, 0x00, 0x69, 0x4F, 0xEB, 0x7F, 0x8E, 0x4A, 0xC7, 0x58, 0x8B, 0xF6, 0xD2, 0xA3, 0x69,
    0x1B, 0x98, 0xC0, 0x1E, 0xC2, 0x09, 0xDE, 0x5C, 0xFF, 0x9E, 0x80, 0xE0, 0xAF, 0xEA, 0x09, 0xB8,
    0xAB, 0x7F, 0xC2, 0x09, 0x64, 0x51, 0x21, 0x0B, 0xDE, 0x9A, 0x4E, 0x9A, 0xE2, 0xAE, 0x9F, 0x80,
    0x18, 0x34, 0x32, 0xBE, 0xEF, 0xDF, 0x75, 0xFA, 0xB5, 0x1F, 0xC7, 0x89, 0xD6, 0x7A, 0x74, 0x01,
    0x3C, 0xD6, 0x69, 0xEA, 0x36, 0xA8, 0xEB, 0x2D, 0x26, 0x7A, 0x0B, 0xFE, 0xEA, 0x73, 0xF4, 0x08,
    0x6D, 0x49, 0x96, 0xA9, 0xAE, 0x95, 0x30, 0x9F, 0xBD, 0x65, 0xA0, 0xF9, 0xF8, 0x67, 0xBE, 0x53,
    0x32, 0x63, 0xAB, 0x16, 0xC1, 0xC4, 0x5F, 0xAD, 0xBD, 0x8D, 0xC9, 0x24, 0x49, 0xB9, 0x08, 0xAF,
    0xC3, 0x62, 0x18, 0xEE, 0x90, 0x2C, 0x9E, 0x01, 0xF9, 0x16, 0x9F, 0x4C, 0x08, 0xB2, 0xF2, 0x67,
    0x20, 0x27, 0x11, 0x07, 0x78, 0x6D, 0xCC, 0xEC, 0xF7, 0x65, 0x88, 0x5A, 0x18, 0xD7, 0xEE, 0xC7,
    0x2E, 0x49, 0xBE, 0x8A, 0xCB, 0xCA, 0x3C, 0xA9, 0x8B, 0xB2, 0xD9, 0x23, 0xBB, 0x26, 0x98, 0x85,
    0x99, 0x60, 0x0A, 0xBB, 0xD7, 0x22, 0xFA, 0xDF, 0x40, 0x9C, 0xA3, 0xB9, 0x3C, 0x03, 0x3D, 0xA9,
    0x3B, 0x10, 0x78, 0xCC, 0x56, 0x20, 0x80, 0x30, 0x12, 0x53, 0x44, 0xBA, 0x64, 0x69, 0x54, 0xE3,
    0xD9, 0xE5, 0xDD, 0x23, 0xA7, 0x1D, 0xA5, 0x47, 0xA2, 0x71, 0x90, 0x9F, 0x40, 0x8D, 0x68, 0xD0,
    0xE1, 0x99, 0x0B, 0x0F, 0xAE, 0x36, 0x21, 0x4C, 0xBA, 0x8C, 0x72, 0x7B, 0xD8, 0x88, 0x0D, 0x3A,
    0xF3, 0x5A, 0xDC, 0x68, 0x33, 0x39, 0x44, 0x32, 0x71, 0xBF, 0xE2, 0x4C, 0x0D, 0xB3, 0xB8, 0xE7,
    0xEE, 0x40, 0x32, 0xFC, 0xA4, 0x96, 0x93, 0xEB, 0x61, 0xC6, 0x8E, 0x42, 0x25, 0x06, 0x99, 0xA5,
    0xD7, 0x15, 0xD4, 0xAD, 0xD0, 0x78, 0x05, 0xEC, 0x35, 0x4E, 0xE9, 0x10, 0x1D, 0xBB, 0x20, 0x82,
    0x06, 0xAA, 0x2F, 0x1D, 0x47, 0x1F, 0x05, 0x83, 0x6F, 0x07, 0x26, 0x2E, 0x48, 0xFD, 0x18, 0x33,
    0xE5, 0x15, 0x6C, 0x24, 0x26, 0x2B, 0x2C, 0x55, 0xB7, 0x13, 0x95, 0x0B, 0x43, 0x36, 0x64, 0x1B,
    0xD8, 0x16, 0x75, 0x90, 0xDB, 0xFA, 0xF7, 0x03, 0xE4, 0x19, 0x97, 0x04, 0xED, 0x61, 0x0C, 0x83,
    0x29, 0xCE, 0x0F, 0x20, 0xD4, 0x79, 0x92, 0x27, 0x97, 0x86, 0xC8, 0x44, 0x2E, 0xEB, 0xBF, 0x4B,
    0xF5, 0x73, 0x9A, 0x72, 0xEE, 0x39, 0x29, 0xDA, 0xA3, 0x07, 0x9E, 0x5B, 0x43, 0x3F, 0xB6, 0xF6,
    0xA7, 0x8C, 0xC0, 0xEB, 0x8D, 0x9C, 0xC5, 0x3D, 0x67, 0x88, 0x8C, 0xAD, 0x22, 0xA6, 0xF8, 0x64,
    0x06, 0x34, 0xA3, 0xFA, 0x4E, 0xB2, 0xCB, 0x37, 0x51, 0x6B, 0xAB, 0x9F, 0x20, 0x55, 0x76, 0xA6,
    0x5B, 0x27, 0x7D, 0xF2, 0xEB, 0x6C, 0xAF, 0xBA, 0xBB, 0x45, 0xC6, 0x58, 0x2B, 0x1D, 0xAB, 0xBD,
    0xDF, 0xE7, 0xD3, 0xF4, 0x17, 0x2E, 0xAF, 0xCA, 0xD9, 0x5B, 0xF6, 0xFA, 0x2D, 0x32, 0xEA, 0x6E,
    0x21, 0xE0, 0x25, 0x09, 0x44, 0x27, 0x43, 0x1C, 0x3B, 0x0F, 0x3D, 0x9D, 0xEE, 0x19, 0xE4, 0xDB,
    0x8C, 0xE0, 0x9C, 0x27, 0x3B, 0xFC, 0x3F, 0x80, 0xBD, 0xF7, 0x07, 0xE7, 0x49, 0xD5, 0xDD, 0x07,
    0x8E, 0x24, 0x38, 0xFA, 0x25, 0x38, 0xAF, 0x4D, 0xC8, 0x5F, 0x39, 0xF3, 0xE7, 0x89, 0xF5, 0xB9,
    0x1F, 0x51, 0x7A, 0x65, 0x91, 0x9E, 0x4A, 0x8E, 0x3E, 0xC5, 0x88, 0x9E, 0x92, 0x30, 0x9D, 0x4A,
    0x88, 0x46, 0x78, 0x27, 0x5C, 0xFD, 0xD0, 0xAF, 0xE1, 0xDE, 0x36, 0xD8, 0x1B, 0xFE, 0xF8, 0xB7,
    0xD8, 0x9E, 0x4D, 0xF6, 0xCD, 0xFF, 0x25, 0xDB, 0x7B, 0x8F, 0x53, 0x25, 0x77, 0x39, 0x64, 0xDB,
    0xB6, 0xEA, 0x87, 0xDD, 0x2A, 0x31, 0x4F, 0x9E, 0x82, 0xBD, 0x06, 0xEC, 0xE9, 0x9F, 0xC1, 0x3D,
    0xCD, 0xA9, 0x2A, 0xCB, 0x97, 0xAF, 0x2C, 0x7E, 0xAD, 0x7A, 0x07, 0xD9, 0xAD, 0x4C, 0x6D, 0xDF,
    0x3E, 0x35, 0x75, 0x6B, 0x29, 0x5D, 0xC2, 0x10, 0x66, 0x5E, 0x98, 0xEB, 0xE9, 0x24, 0xD9, 0x78,
    0xB0, 0x12, 0xCA, 0x7F, 0x13, 0x16, 0x10, 0x39, 0x4B, 0x10, 0x7F, 0xDE, 0xCB, 0x4C, 0x95, 0x8E,
    0xF6, 0xC4, 0x04, 0xFA, 0xC0, 0x2C, 0x3E, 0xEC, 0x8F, 0xAA, 0xFE, 0x3D, 0x68, 0x2F, 0x0F, 0x46,
    0xC7, 0xC9, 0xB8, 0xEA, 0xF3, 0x12, 0x07, 0x2F, 0x22, 0x10, 0x98, 0x7E, 0x02, 0x6C, 0x48, 0xEB,
    0x61, 0x88, 0x4D, 0x20, 0x1E, 0xCD, 0x66, 0xD9, 0x1E, 0xD2, 0x79, 0x3F, 0x2B, 0x43, 0x59, 0xAD,
    0x81, 0x81, 0x1E, 0xFD, 0x99, 0xC4, 0x32, 0xAE, 0x95, 0xD4, 0x9F, 0xCA, 0x02, 0x22, 0xAD, 0x9B,
    0x79, 0x1D, 0xE3, 0xE9, 0xC4, 0xD8, 0x11, 0xC3, 0xA9, 0x18, 0x29, 0x27, 0x87, 0xB1, 0x84, 0x7E,
    0x5D, 0x75, 0xF6, 0x98, 0x04, 0x27, 0x6D, 0x70, 0x0A, 0xCC, 0x45, 0x27, 0x13, 0x99, 0xD4, 0xD9,
    0x8E, 0x19, 0x59, 0x08, 0x04, 0x96, 0xD4, 0x2B, 0x04, 0xA3, 0xF5, 0xE3, 0x06, 0xDE, 0xB6, 0x89,
    0x77, 0x7C, 0x2D, 0x7E, 0xDA, 0x3C, 0x4D, 0x17, 0xBA, 0xB8, 0x4F, 0x9F, 0xEB, 0xE8, 0xF4, 0x5E,
    0x1A, 0x90, 0x1A, 0xC9, 0x74, 0xB3, 0x4E, 0x32, 0xB3, 0x06, 0x01, 0xB8, 0x60, 0xC3, 0x84, 0x5A,
    0xA7, 0x99, 0x56, 0x59, 0xDA, 0x13, 0x09, 0xE3, 0xC8, 0x45, 0xB2, 0x75, 0x14, 0x3C, 0xC1, 0x08,
    0xAA, 0xDB, 0xA7, 0xC9, 0x96, 0xAD, 0x5B, 0x60, 0x5C, 0x32, 0x4D, 0x53, 0xEE, 0xDC, 0x0A, 0xC2,
    0x1E, 0x16, 0x32, 0xCE, 0xDF, 0x7E, 0x14, 0x84, 0xB1, 0x8F, 0xCE, 0xB2, 0x60, 0xB8, 0xE2, 0x6C,
    0xDD, 0xBA, 0xF5, 0xC9, 0x3D, 0x55, 0x16, 0x0F, 0x83, 0xB6, 0x8F, 0x6C, 0x25, 0x20, 0xD8, 0x7E,
    0x15, 0x05, 0x1D, 0x05, 0x37, 0x9C, 0xBF, 0x7B, 0x29, 0x15, 0xCE, 0xBB, 0x47, 0x21, 0xD2, 0x21,
    0x33, 0x5B, 0x87, 0x8F, 0x4D, 0xBC, 0xE7, 0xDB, 0x0A, 0xAB, 0x33, 0xB9, 0xDA, 0x23, 0xD6, 0xEB,
    0xB4, 0xC9, 0xA7, 0x51, 0x20, 0x38, 0xD3, 0xC9, 0xB1, 0xE1, 0x29, 0xDE, 0xA4, 0x15, 0x18, 0x3E,
    0xD5, 0x94, 0x9D, 0xEB, 0x5F, 0x3C, 0x01, 0xC2, 0x5D, 0x64, 0x2F, 0x9F, 0x86, 0x0C, 0x41, 0xB8,
    0x4A, 0xAA, 0xB3, 0x09, 0x0B, 0xAE, 0xC2, 0x60, 0x9A, 0x9C, 0xD5, 0xB8, 0xC5, 0x44, 0xC1, 0xEA,
    0xA0, 0xA0, 0x78, 0xEE, 0x33, 0x24, 0x72, 0xC9, 0x18, 0xEB, 0xFB, 0x2F, 0xD2, 0x0B, 0x97, 0x30,
    0xE1, 0xA6, 0x4D, 0x4F, 0xDF, 0x4F, 0xDE, 0x31, 0xA4, 0x3C, 0x32, 0x95, 0x32, 0xE8, 0xF7, 0xB9,
    0xEA, 0xE7, 0x51, 0x01, 0x30, 0xBC, 0x82, 0x0F, 0xA0, 0xA0, 0xFD, 0x17, 0x0A, 0xDF, 0x8D, 0x94,
    0x83, 0x9F, 0xB7, 0x49, 0x65, 0x9B, 0xE6, 0x4C, 0x56, 0x7F, 0xEF, 0x51, 0xF5, 0xDC, 0xF3, 0x1F,
    0x77, 0xED, 0xAD, 0x9A, 0x5B, 0xAD, 0x7E, 0x72, 0x9B, 0x7D, 0xEE, 0xF9, 0x96, 0xFF, 0xBE, 0x97,
    0x1E, 0xFF, 0xEE, 0xD5, 0xBF, 0x3F, 0xBD, 0xED, 0x87, 0xE7, 0x9E, 0xFF, 0x0B, 0xBF, 0xBA, 0xDC,
    0x6B, 0x7E, 0xF5, 0xC2, 0xA9, 0xAE, 0x7F, 0xEE, 0xF9, 0x86, 0x9F, 0x4C, 0x14, 0xEF, 0x7C, 0xF5,
    0xDC, 0xF3, 0xAA, 0x5B, 0xE5, 0x09, 0xCF, 0x63, 0xFB, 0x5E, 0x78, 0xDE, 0x60, 0xDE, 0xF6, 0xC5,
    0x1D, 0x26, 0xF8, 0xF6, 0xDF, 0xEE, 0x92, 0x3D, 0x36, 0xA5, 0x2B, 0x51, 0x3F, 0xD8, 0x5C, 0x6F,
    0x1B, 0x71, 0xE5, 0xF8, 0x7B, 0x05, 0x5E, 0x95, 0x54, 0x1E, 0x67, 0xC9, 0xF1, 0x6C, 0x1E, 0x10,
    0xE4, 0xA1, 0x96, 0x2C, 0xFF, 0xF3, 0x3C, 0x19, 0x4D, 0xC2, 0x4A, 0xCD, 0x01, 0xF9, 0x82, 0x9F,
    0xC9, 0xC1, 0x28, 0x1B, 0x66, 0xFD, 0xBC, 0x73, 0x9B, 0xFB, 0xA4, 0x44, 0x9E, 0x22, 0xFB, 0x45,
    0x59, 0x8F, 0x89, 0x89, 0xB2, 0xE2, 0x72, 0xD9, 0x3C, 0xE2, 0x68, 0xFF, 0xC1, 0xF2, 0xEB, 0x3C,
    0x1B, 0x0D, 0xF1, 0x0D, 0x58, 0xF4, 0x9A, 0x9E, 0xC8, 0xBB, 0x51, 0x51, 0x57, 0xC8, 0xA4, 0xA1,
    0x04, 0xE6, 0x47, 0x40, 0xAE, 0x29, 0x0F, 0xF8, 0x38, 0x1F, 0x68, 0x2A, 0x61, 0xE5, 0x53, 0x2E,
    0x12, 0x54, 0x7A, 0x6E, 0xE4, 0xCA, 0x81, 0x8E, 0x75, 0xA8, 0xBD, 0x8B, 0xC9, 0xFB, 0x1F, 0x38,
    0x04, 0xB4, 0xF3, 0x0A, 0xA5, 0xCD, 0x2E, 0x93, 0x97, 0x30, 0x1D, 0xFC, 0xF0, 0x48, 0xEB, 0xA1,
    0x91, 0xD6, 0x27, 0xF0, 0xFB, 0x42, 0x5D, 0x17, 0x86, 0x34, 0xF5, 0x24, 0x35, 0xF8, 0x4E, 0x26,
    0x7B, 0x4E, 0x2A, 0xE3, 0x7C, 0xF5, 0x24, 0x10, 0xEB, 0x44, 0x56, 0x7F, 0x82, 0xC7, 0x82, 0x0B,
    0xAE, 0xF3, 0x38, 0x48, 0x3B, 0xEF, 0x6F, 0x25, 0x38, 0x41, 0x5D, 0xE7, 0x81, 0x8D, 0x7E, 0xC8,
    0x35, 0xB9, 0xCC, 0x63, 0x1A, 0x43, 0x77, 0x2A, 0xF0, 0x79, 0xF0, 0xBF, 0x3C, 0xA7, 0x62, 0x5A,
    0x40, 0x99, 0xEB, 0xEA, 0xD5, 0x25, 0x8B, 0x07, 0x22, 0x8B, 0xF4, 0x92, 0x77, 0x09, 0xDC, 0x49,
    0x68, 0x24, 0x41, 0xC8, 0x13, 0xF4, 0x3F, 0xC1, 0x99, 0x5C, 0xCC, 0x8C, 0x80, 0xCC, 0xFF, 0x0D,
    0x47, 0x96, 0xB5, 0x1F, 0x86, 0x7F, 0x27, 0x3A, 0x17, 0x85, 0xFA, 0x92, 0x9C, 0xE6, 0x84, 0x59,
    0xD6, 0x60, 0xE7, 0x38, 0xBE, 0xA2, 0x27, 0x01, 0xB7, 0x08, 0x82, 0xD5, 0x62, 0xAE, 0x12, 0xAC,
    0xD2, 0xF8, 0x38, 0xBC, 0x6E, 0xFF, 0x1D, 0xDE, 0x6F, 0xE3, 0x18, 0x80, 0xD5, 0x93, 0xF6, 0x19,
    0x1F, 0x15, 0xA6, 0xFC, 0xC6, 0xC5, 0x2C, 0xC8, 0x68, 0x85, 0x8C, 0xB4, 0x04, 0xC1, 0xEB, 0xA6,
    0xE6, 0xA3, 0x52, 0x51, 0xC3, 0xBA, 0xE6, 0xAF, 0xA4, 0x42, 0xB0, 0x53, 0xFD, 0xD6, 0x15, 0x97,
    0x0B, 0xA4, 0x5D, 0x57, 0x5E, 0x3C, 0xE5, 0xB3, 0x64, 0xBA, 0x89, 0x83, 0xF1, 0x07, 0x07, 0x20,
    0x22, 0x31, 0x9C, 0x51, 0x93, 0x98, 0xA1, 0xF2, 0xEC, 0x81, 0xA0, 0x0E, 0x7C, 0xA3, 0x6B, 0xBC,
    0x0E, 0x96, 0xF6, 0xD4, 0x65, 0x4C, 0xC8, 0x35, 0x2F, 0xAA, 0xB4, 0x35, 0x16, 0xC3, 0x8D, 0xD5,
    0xB2, 0x89, 0x55, 0xCD, 0xDF, 0x9F, 0xA5, 0x16, 0x0D, 0xC7, 0x6C, 0xE9, 0xC9, 0xE5, 0x2A, 0x2B,
    0x58, 0x06, 0x77, 0xC8, 0x65, 0x66, 0xCD, 0x04, 0x5B, 0xF1, 0x48, 0x0B, 0x42, 0x6C, 0x9C, 0xB3,
    0x19, 0x4E, 0xBE, 0xC8, 0xE3, 0xD3, 0xDD, 0x2D, 0x41, 0xD8, 0x1F, 0xA2, 0xBA, 0xF9, 0x59, 0xE4,
    0xBA, 0x24, 0x09, 0x6A, 0x22, 0x28, 0xBC, 0x90, 0x82, 0x0B, 0x98, 0xB6, 0x9C, 0x50, 0xFD, 0x0A,
    0xCB, 0xE3, 0x6B, 0x6E, 0x4D, 0x69, 0xE3, 0x6C, 0x01, 0x16, 0xB4, 0xE0, 0x94, 0x98, 0xA3, 0xFA,
    0x3A, 0xF6, 0x14, 0x7C, 0xB7, 0x86, 0x64, 0x01, 0x62, 0x75, 0xB0, 0xCF, 0x0A, 0x5E, 0x35, 0xB0,
    0x75, 0x17, 0xC8, 0x27, 0x7C, 0xDC, 0xBA, 0xB4, 0xE0, 0xC1, 0x57, 0x3D, 0xEC, 0x76, 0x47, 0xC5,
    0x89, 0x64, 0xDD, 0xB1, 0x68, 0x6C, 0xAC, 0x66, 0xFC, 0xA4, 0xBF, 0x89, 0xF5, 0xA4, 0x23, 0x11,
    0x4F, 0x96, 0xF0, 0x4F, 0xB9, 0xBC, 0x6F, 0x4B, 0xF9, 0x74, 0x3E, 0x5D, 0x38, 0xBB, 0x8E, 0x9C,
    0xCF, 0x9C, 0xFC, 0x52, 0x8E, 0x9D, 0xBF, 0x37, 0x67, 0x4B, 0xFE, 0x50, 0x3B, 0x20, 0x2A, 0x9B,
    0xF6, 0x2F, 0xDA, 0x01, 0x79, 0xF2, 0x40, 0x3B, 0x29, 0xC9, 0xC7, 0x24, 0x19, 0x0C, 0x99, 0x24,
    0x5B, 0xB2, 0xAC, 0x50, 0x52, 0xD3, 0xDC, 0x4C, 0x36, 0x5E, 0x92, 0x65, 0x88, 0x30, 0x6B, 0x9A,
    0x9F, 0xC9, 0x75, 0x5D, 0x96, 0xF7, 0xEB, 0x0E, 0xC8, 0xD9, 0x70, 0xB1, 0x28, 0xD0, 0x23, 0x41,
    0x56, 0x5F, 0xF7, 0x1F, 0x63, 0xFD, 0xD2, 0x07, 0xB0, 0xAA, 0x4C, 0x1C, 0x5E, 0x8F, 0x1C, 0xF8,
    0x9A, 0x34, 0x2D, 0x45, 0x0A, 0xB3, 0xD7, 0x52, 0x98, 0x0E, 0x94, 0x06, 0xC2, 0xCF, 0x5B, 0xFB,
    0x57, 0xAF, 0x7F, 0x81, 0x98, 0x91, 0x06, 0x0E, 0x63, 0x27, 0xE3, 0x33, 0x0E, 0x10, 0x99, 0xBD,
    0x27, 0x94, 0xC3, 0x6D, 0x96, 0x5E, 0x06, 0xE6, 0x37, 0x6E, 0x92, 0x63, 0xE3, 0x58, 0x41, 0x64,
    0x72, 0x16, 0x03, 0x21, 0x3C, 0x06, 0x9D, 0x0D, 0xA4, 0x96, 0x48, 0x60, 0x26, 0xEA, 0x4A, 0xC7,
    0x74, 0x46, 0xDA, 0xE0, 0xD2, 0x18, 0x77, 0xF1, 0xE8, 0xE9, 0x0B, 0x47, 0x2E, 0x81, 0xA3, 0xD3,
    0x09, 0xA3, 0x2D, 0x10, 0x76, 0xEA, 0x3D, 0x34, 0x15, 0x06, 0xEF, 0xFB, 0x89, 0x24, 0x57, 0x97,
    0xA4, 0xAF, 0x49, 0x3A, 0x93, 0x95, 0x2A, 0x8F, 0xF9, 0x38, 0x1F, 0x9F, 0x6A, 0x94, 0x86, 0x9D,
    0x49, 0xC3, 0xB8, 0x72, 0xD8, 0x79, 0x4B, 0x6E, 0xD6, 0x43, 0xAC, 0x80, 0x35, 0x7F, 0xD4, 0x59,
    0x53, 0x52, 0xDD, 0x79, 0x72, 0x13, 0x36, 0x24, 0x3F, 0x23, 0x8E, 0x58, 0x89, 0x83, 0x05, 0x80,
    0x1E, 0x4B, 0x29, 0xD8, 0x2E, 0xAF, 0x00, 0xA4, 0xAC, 0x10, 0xD6, 0xF2, 0x79, 0x09, 0xA0, 0xC7,
    0x8A, 0x28, 0x4C, 0x9F, 0xD7, 0x00, 0x82, 0xD3, 0xE6, 0xE5, 0x7D, 0xAC, 0x08, 0x10, 0xD3, 0x17,
    0xF3, 0x18, 0x01, 0xB0, 0x2A, 0x40, 0xEC, 0x97, 0x88, 0x68, 0x21, 0x2F, 0x03, 0xC4, 0x26, 0x00,
    0x29, 0xE2, 0x75, 0x80, 0x98, 0x55, 0x74, 0xE0, 0x3D, 0x5E, 0x08, 0x08, 0x66, 0x04, 0x4C, 0x96,
    0x1E, 0xF2, 0x4A, 0xC0, 0x11, 0xDA, 0x03, 0x63, 0x62, 0x05, 0x69, 0x29, 0x60, 0x80, 0x55, 0x7F,
    0x7E, 0x52, 0x0B, 0xB8, 0xCA, 0x35, 0x87, 0x17, 0x03, 0xE2, 0x65, 0xCE, 0x30, 0xFB, 0x5D, 0xA8,
    0x06, 0x5C, 0xC7, 0x31, 0xCB, 0xC9, 0x09, 0xC9, 0x88, 0x5B, 0x72, 0x3A, 0xC2, 0x5D, 0xEF, 0x58,
    0xED, 0xFD, 0xF9, 0xE4, 0xB0, 0x87, 0xC9, 0x00, 0x47, 0x06, 0x6C, 0x31, 0xAE, 0x9B, 0x7F, 0x37,
    0x02, 0xB4, 0x2D, 0x13, 0x97, 0x05, 0x4A, 0x5F, 0x71, 0x34, 0x2A, 0xF4, 0xF2, 0x08, 0xDC, 0xBC,
    0x86, 0x25, 0xBE, 0xFD, 0xAD, 0xC1, 0x80, 0x0E, 0x49, 0x6B, 0x9B, 0xA0, 0x69, 0x5A, 0xF8, 0xEA,
    0xA6, 0xD3, 0x22, 0x4D, 0xFE, 0xE9, 0x06, 0x34, 0x0D, 0x16, 0xE6, 0x41, 0x6B, 0x7D, 0x29, 0xE4,
    0xB3, 0x97, 0x3E, 0xBF, 0x4F, 0xB3, 0xA3, 0x45, 0x7C, 0x84, 0x26, 0x40, 0x23, 0x50, 0xDB, 0xAC,
    0xAF, 0xBA, 0xC9, 0xBD, 0x53, 0x5E, 0xB8, 0x67, 0xC7, 0xCB, 0x38, 0x3E, 0x08, 0x8B, 0x92, 0x29,
    0x86, 0x65, 0x61, 0xD3, 0x25, 0xDE, 0x45, 0x5E, 0x52, 0xD8, 0x44, 0x2A, 0xC6, 0x29, 0x4E, 0xCC,
    0x8E, 0x63, 0x61, 0xC1, 0x26, 0x66, 0x20, 0x3B, 0xD0, 0x3D, 0x58, 0xE4, 0x07, 0xFD, 0xF4, 0x53,
    0x96, 0xAA, 0x0A, 0xEC, 0x18, 0xAB, 0xFF, 0x64, 0xD6, 0xD0, 0x64, 0x49, 0x74, 0x61, 0x9B, 0xCB,
    0x03, 0xCB, 0xF9, 0xAF, 0x2C, 0xE7, 0x5B, 0x7E, 0x25, 0x0F, 0x34, 0xF3, 0x40, 0xA3, 0x00, 0xE4,
    0xD3, 0x55, 0x56, 0x94, 0x4F, 0x68, 0xC5, 0xB9, 0xF9, 0x71, 0x95, 0xAE, 0x4E, 0x2F, 0x4A, 0x9F,
    0xC2, 0x7B, 0x97, 0xFA, 0x0E, 0xE3, 0x09, 0x59, 0x4F, 0xEE, 0x88, 0xD7, 0xB4, 0x65, 0x75, 0x53,
    0x52, 0x3E, 0xCF, 0xF6, 0xAF, 0x23, 0xEE, 0xD9, 0x4A, 0x6E, 0xDA, 0x26, 0xB7, 0xA6, 0xD6, 0x49,
    0x2A, 0xDC, 0x0D, 0xF6, 0x0A, 0x5D, 0xCE, 0x27, 0xB8, 0x93, 0x69, 0xEE, 0x6E, 0x52, 0xE1, 0xAE,
    0xF3, 0x5B, 0x45, 0xE5, 0x65, 0x15, 0xEE, 0xFC, 0x95, 0x95, 0x25, 0x63, 0x85, 0x7B, 0x5A, 0xE7,
    0x4E, 0x78, 0x85, 0x7B, 0x5A, 0xE7, 0x4E, 0x78, 0x85, 0x3B, 0x1F, 0xE5, 0x0D, 0x92, 0x54, 0xB8,
    0xF3, 0x57, 0x14, 0x59, 0x85, 0x3B, 0x7F, 0x6D, 0x24, 0x15, 0xEE, 0xE4, 0x30, 0x0D, 0x28, 0x26,
    0x30, 0xD2, 0x0A, 0xF7, 0x1E, 0xB6, 0x73, 0x97, 0x24, 0x15, 0xEE, 0xFC, 0x35, 0x22, 0xBC, 0xC2,
    0x3D, 0x79, 0xDD, 0x70, 0xE2, 0xF3, 0xCD, 0x58, 0x56, 0xB2, 0x69, 0xB3, 0x6F, 0xAE, 0xCD, 0x5E,
    0xA3, 0x3D, 0x0D, 0x57, 0x94, 0xD8, 0xA5, 0xF6, 0xDB, 0xD3, 0x94, 0x02, 0x1F, 0xDD, 0xD9, 0x6C,
    0xCF, 0xFF, 0x6B, 0xFD, 0xCC, 0xDC, 0x6C, 0xC3, 0x49, 0x17, 0xD2, 0x60, 0x2B, 0xD9, 0x6E, 0x62,
    0x5F, 0x54, 0xEE, 0x6E, 0x92, 0x65, 0x34, 0xAC, 0x55, 0xD1, 0x8B, 0x30, 0xEB, 0x62, 0xF9, 0x8D,
    0xC4, 0x7B, 0x31, 0xE3, 0x82, 0xAD, 0xCA, 0x9C, 0x1B, 0xDA, 0x96, 0x39, 0xFC, 0x98, 0x16, 0x26,
    0x06, 0xA6, 0x87, 0xC5, 0xC8, 0xE8, 0xCF, 0xD0, 0xB2, 0xA8, 0x14, 0x77, 0xF1, 0x3D, 0x34, 0x2C,
    0xBC, 0x55, 0xE1, 0x7B, 0xCC, 0xBA, 0x98, 0x34, 0xD4, 0x62, 0x6C, 0x4F, 0x6E, 0x5C, 0x78, 0xAB,
    0xA6, 0xAB, 0x67, 0x0E, 0x30, 0x32, 0x98, 0x98, 0x96, 0x2E, 0xBC, 0x6F, 0x64, 0x9C, 0x70, 0xA0,
    0xC8, 0x62, 0xF7, 0x75, 0xAC, 0x4A, 0xBC, 0x71, 0x9B, 0xB2, 0xD9, 0x63, 0x37, 0xB7, 0xC7, 0x8A,
    0xED, 0x79, 0x42, 0x92, 0x62, 0xA9, 0x3D, 0xE3, 0x01, 0x6A, 0xA9, 0x7E, 0x01, 0xDB, 0x53, 0x8C,
    0x68, 0x93, 0xF2, 0x0F, 0xDA, 0x2B, 0x20, 0xFC, 0x46, 0xB3, 0x54, 0x05, 0x0F, 0x6A, 0xE1, 0x36,
    0x3A, 0x18, 0x36, 0x39, 0xFD, 0xA8, 0x16, 0x2B, 0x16, 0xD0, 0x8E, 0x76, 0xFA, 0x61, 0x2D, 0xD1,
    0x7A, 0x10, 0x04, 0x34, 0x93, 0x40, 0x8A, 0xC5, 0xB5, 0x66, 0x88, 0xC1, 0x90, 0xC2, 0x57, 0xDA,
    0xB0, 0xC0, 0xD6, 0xF2, 0x99, 0x4D, 0xD5, 0xC1, 0xC2, 0x26, 0x91, 0x6D, 0x23, 0x59, 0x25, 0x88,
    0x27, 0xE6, 0xA1, 0xAD, 0xC7, 0x9A, 0x23, 0x89, 0x35, 0x58, 0x6C, 0x0B, 0x84, 0xBF, 0x93, 0x46,
    0x24, 0x2C, 0xB8, 0x55, 0xA9, 0x8F, 0x53, 0x62, 0x23, 0xF4, 0x82, 0x9F, 0x44, 0xB7, 0xD0, 0x43,
    0x2A, 0x44, 0x1F, 0x5E, 0x0F, 0x27, 0x77, 0x79, 0x78, 0xFB, 0x23, 0x7A, 0x98, 0x2D, 0x42, 0xD2,
    0xC0, 0x14, 0xF3, 0xF8, 0xD6, 0x65, 0xD6, 0xB7, 0x87, 0xD7, 0xCE, 0x03, 0xDC, 0x18, 0x8E, 0xF9,
    0x01, 0x66, 0x81, 0xED, 0x5E, 0x1A, 0x6A, 0x2A, 0x5F, 0x5B, 0x33, 0x1A, 0x95, 0x57, 0x73, 0x15,
    0x63, 0x5A, 0x36, 0x65, 0x2A, 0x21, 0xEC, 0x6E, 0xA5, 0x30, 0x17, 0x97, 0xF2, 0xC8, 0x47, 0x66,
    0x79, 0xF0, 0x42, 0xA0, 0x5B, 0x8C, 0x74, 0x8B, 0xA1, 0x6E, 0x31, 0xD6, 0x2D, 0x09, 0x76, 0x8B,
    0xD1, 0x6E, 0x49, 0xB8, 0xBB, 0x66, 0xBC, 0xDB, 0xF7, 0xAB, 0xE2, 0x10, 0x60, 0xAE, 0x55, 0x1C,
    0x05, 0xEC, 0x04, 0xE2, 0x40, 0xA0, 0x34, 0x8B, 0x35, 0xD9, 0x58, 0xE8, 0x6B, 0x41, 0x3A, 0x1C,
    0xB8, 0x9B, 0x15, 0x46, 0x04, 0xF7, 0xB4, 0xC2, 0xA0, 0xC0, 0x23, 0x4A, 0xE3, 0x02, 0x47, 0x05,
    0x11, 0x87, 0x06, 0xE7, 0x4D, 0xC2, 0xE8, 0x18, 0xC1, 0x8B, 0x91, 0x06, 0x08, 0x2A, 0x9D, 0x34,
    0x46, 0x30, 0x5F, 0x24, 0x0E, 0x13, 0x69, 0xF2, 0x7D, 0x83, 0x2C, 0x54, 0x30, 0x3B, 0xF9, 0x8E,
    0x09, 0xF3, 0xF3, 0x9D, 0xF9, 0xBE, 0xD3, 0xAF, 0xBB, 0xC4, 0xF6, 0xE1, 0x62, 0x91, 0x13, 0xD0,
    0x3D, 0x9D, 0x76, 0xE4, 0x52, 0xA9, 0x08, 0x1B, 0x5D, 0x5A, 0x8A, 0xF3, 0x52, 0x87, 0x68, 0x54,
    0xFA, 0x98, 0xC7, 0xC8, 0xA0, 0x2E, 0x76, 0x78, 0x97, 0xAB, 0x64, 0x23, 0xBB, 0x77, 0x88, 0x66,
    0x9A, 0x5C, 0x33, 0xDC, 0x34, 0x2F, 0x86, 0x2B, 0xFF, 0x9C, 0x84, 0x67, 0xDA, 0xC9, 0x09, 0x3B,
    0x8C, 0x60, 0x32, 0xA6, 0x89, 0x0A, 0x6B, 0x3B, 0xC4, 0xEA, 0xF1, 0x85, 0x5D, 0x71, 0x8F, 0x8F,
    0x8E, 0x06, 0x46, 0xFD, 0x8E, 0xD5, 0x4E, 0xD8, 0xE6, 0x32, 0xB3, 0x0D, 0x94, 0xDA, 0x57, 0xBD,
    0x84, 0x6F, 0x86, 0x3D, 0xD6, 0xD3, 0xB4, 0x0B, 0x4D, 0x9F, 0x30, 0xCE, 0xA8, 0xCB, 0xF9, 0x6C,
    0xA8, 0xD0, 0x8E, 0x8D, 0x7D, 0xA3, 0xF0, 0x4F, 0x31, 0x03, 0x7A, 0x47, 0x4B, 0x72, 0xCB, 0x86,
    0xD4, 0x6C, 0x5E, 0x91, 0xFD, 0xE3, 0xF2, 0x32, 0xD2, 0x74, 0xE5, 0x32, 0x37, 0x92, 0x96, 0x42,
    0x65, 0x23, 0xE0, 0xA9, 0x07, 0xA8, 0x4C, 0x57, 0xD5, 0x44, 0x5B, 0x72, 0xF6, 0x70, 0x35, 0x5F,
    0xF8, 0xF4, 0xC8, 0xD7, 0x6F, 0x1E, 0xA3, 0x6B, 0x15, 0xAA, 0x82, 0xB5, 0x76, 0x5C, 0x80, 0x3A,
    0x05, 0x48, 0x8D, 0x1E, 0xDB, 0xC0, 0x59, 0x36, 0x95, 0xE9, 0xFF, 0x97, 0x32, 0x29, 0x61, 0xB1,
    0x8A, 0x27, 0x12, 0x73, 0x01, 0xBC, 0x17, 0x22, 0x29, 0x1F, 0xC0, 0x35, 0x49, 0xCA, 0x09, 0xB0,
    0xA9, 0xE6, 0xAE, 0x94, 0x17, 0xB8, 0x07, 0xED, 0x6C, 0x37, 0x97, 0x1B, 0x48, 0xA0, 0x2C, 0x3F,
    0x30, 0x97, 0x2E, 0x8B, 0xCF, 0x72, 0x04, 0x2B, 0x18, 0xA7, 0x2C, 0x4B, 0x79, 0x02, 0x66, 0xC4,
    0xCF, 0x8A, 0xB9, 0x02, 0xA5, 0x87, 0xEE, 0xAF, 0x2B, 0xE6, 0x0B, 0x80, 0x2A, 0xD9, 0x6D, 0xB5,
    0x2B, 0xE5, 0x0C, 0xD8, 0xD6, 0x96, 0xF2, 0x06, 0xDF, 0xA1, 0x3D, 0x2F, 0x5D, 0x1D, 0x2F, 0xAC,
    0x91, 0xDF, 0x78, 0x02, 0x61, 0xED, 0x5C, 0x42, 0x49, 0x3E, 0xA1, 0x24, 0xA7, 0xB0, 0x81, 0xBC,
    0xC2, 0x66, 0x3F, 0xBE, 0x35, 0xFD, 0xB8, 0x91, 0xDE, 0x2C, 0x81, 0xCE, 0xDE, 0xF8, 0x39, 0x6D,
    0xDA, 0xB7, 0x27, 0x5A, 0x20, 0xA4, 0x78, 0xFB, 0x67, 0xD1, 0x42, 0x71, 0xF4, 0xF3, 0x8F, 0x0C,
    0x8B, 0x68, 0x12, 0xD2, 0x74, 0xC0, 0xEE, 0x68, 0x91, 0x64, 0x3F, 0x7E, 0x4A, 0x14, 0x30, 0x90,
    0xAE, 0x26, 0x27, 0x2E, 0x21, 0xF4, 0x6D, 0x83, 0xA5, 0x44, 0x34, 0x2B, 0xB0, 0x05, 0xDB, 0x03,
    0x00, 0x47, 0xED, 0xCC, 0x28, 0x05, 0x88, 0x36, 0xD8, 0x42, 0xEE, 0xC4, 0xBE, 0xC2, 0x47, 0x2F,
    0x87, 0x18, 0x1E, 0x37, 0x1D, 0x8C, 0x9E, 0x12, 0x13, 0xAB, 0x78, 0x54, 0x5B, 0x25, 0x56, 0x07,
    0xA2, 0x68, 0x54, 0x8A, 0xD4, 0xCA, 0x62, 0x40, 0x9D, 0x6C, 0x5E, 0x4C, 0x12, 0x43, 0x8B, 0xE1,
    0x12, 0x18, 0xDF, 0x06, 0x7D, 0x8D, 0x52, 0x93, 0x92, 0xC4, 0xD6, 0x62, 0x33, 0x8C, 0xD1, 0x0E,
    0xD8, 0x7B, 0xAF, 0xA3, 0xD2, 0x32, 0xDB, 0x5A, 0x6E, 0x71, 0xCB, 0x8D, 0xAE, 0x60, 0x77, 0x95,
    0x52, 0xD3, 0xAB, 0x47, 0x65, 0xD6, 0x57, 0x46, 0x53, 0x03, 0xAC, 0x85, 0xEB, 0xD9, 0xE0, 0xB5,
    0xCC, 0x70, 0x91, 0x2F, 0x95, 0x31, 0xA6, 0x32, 0xCE, 0x24, 0xB3, 0x26, 0x7E, 0x91, 0xBE, 0xC4,
    0x9B, 0x32, 0x2C, 0x63, 0x4E, 0x6C, 0x56, 0x8C, 0x61, 0x19, 0x77, 0x52, 0xB1, 0x5B, 0x59, 0xA4,
    0x98, 0xB1, 0x27, 0xD6, 0xA9, 0x88, 0x09, 0xFC, 0x89, 0x63, 0xA1, 0xC4, 0xA0, 0x40, 0x6C, 0xB0,
    0x46, 0x11, 0x38, 0x94, 0x81, 0xCF, 0x2B, 0x41, 0x4C, 0x60, 0x51, 0x30, 0x92, 0x29, 0x2E, 0x52,
    0x11, 0x79, 0x54, 0x03, 0x5F, 0xAC, 0x38, 0xC7, 0xA4, 0x70, 0x6B, 0x4A, 0x5C, 0x0A, 0x06, 0xF3,
    0x65, 0xDA, 0xB3, 0x24, 0x36, 0x15, 0x5A, 0xF4, 0x24, 0x6D, 0xEB, 0x25, 0x7C, 0xAA, 0x8C, 0x51,
    0x95, 0x71, 0xAA, 0x92, 0x99, 0x82, 0x35, 0xB0, 0x95, 0x12, 0xAC, 0xEC, 0x1C, 0x8D, 0x32, 0xCC,
    0x2F, 0x62, 0x45, 0x86, 0x55, 0xC6, 0xB1, 0x4A, 0x59, 0x56, 0x19, 0xCF, 0x2A, 0x65, 0x5A, 0xD7,
    0x9D, 0x5B, 0xB8, 0xCE, 0xB6, 0xB7, 0xC8, 0xC9, 0x56, 0x24, 0x56, 0x96, 0xDC, 0xBD, 0xC8, 0xCB,
    0x92, 0x84, 0xA8, 0xC8, 0xCC, 0x98, 0x9A, 0xD9, 0xAE, 0xC8, 0xCD, 0x34, 0xD4, 0x14, 0x46, 0xC9,
    0xC4, 0x64, 0x45, 0x42, 0xCA, 0xFA, 0xFC, 0xCC, 0xE8, 0x43, 0x7D, 0x86, 0x06, 0xDA, 0xB8, 0xCC,
    0xA0, 0x8C, 0xA3, 0x81, 0xD4, 0x63, 0x50, 0xC6, 0xD2, 0x6C, 0x5F, 0x61, 0x90, 0xC0, 0xD3, 0x9A,
    0x21, 0xFA, 0x0B, 0x57, 0x66, 0x6A, 0x3C, 0x83, 0x21, 0x70, 0xB5, 0x2E, 0xA5, 0x17, 0x60, 0xC0,
    0x89, 0x6C, 0x2D, 0xB4, 0xA9, 0x4A, 0xC3, 0x1B, 0xE5, 0x6B, 0x9B, 0x4D, 0xF8, 0x86, 0x9B, 0xF0,
    0x2D, 0x08, 0x9C, 0x94, 0x56, 0xFA, 0x22, 0x39, 0x3E, 0x82, 0xF4, 0x40, 0x70, 0xAB, 0x2A, 0x33,
    0xA4, 0x5E, 0x1A, 0x3A, 0x30, 0x47, 0x69, 0xE2, 0x93, 0x6E, 0x94, 0x98, 0x3F, 0xF5, 0x60, 0x98,
    0x63, 0x8D, 0x10, 0xFB, 0xA7, 0x8D, 0x79, 0x17, 0x74, 0xB3, 0x6C, 0x3E, 0x9F, 0x62, 0x07, 0x99,
    0x21, 0x5A, 0xC2, 0x6E, 0x82, 0x69, 0xAC, 0x81, 0x2D, 0x1F, 0xC8, 0x0B, 0x73, 0xBC, 0x68, 0x33,
    0x0D, 0xF6, 0x48, 0xA7, 0x86, 0xAB, 0x30, 0xB7, 0x0B, 0x58, 0x87, 0xAD, 0x88, 0x85, 0xC3, 0x36,
    0xB1, 0x8F, 0x34, 0x74, 0xC5, 0x38, 0xE9, 0x69, 0x2F, 0xFA, 0xE0, 0x65, 0x71, 0x72, 0x8B, 0xE8,
    0x6D, 0xF8, 0xBC, 0x86, 0x8F, 0xDD, 0x31, 0xDB, 0x5A, 0x0F, 0xDB, 0x9C, 0xFA, 0x26, 0xBE, 0xE0,
    0xD3, 0x37, 0x1A, 0x1A, 0x7D, 0x02, 0x23, 0xA2, 0xC7, 0xD3, 0xBE, 0xBA, 0x42, 0x41, 0x21, 0x98,
    0xA7, 0x6A, 0xD2, 0xD7, 0x13, 0xB7, 0x0A, 0x1F, 0x5C, 0x01, 0xFD, 0xB8, 0x97, 0x3A, 0x06, 0x3D,
    0x87, 0x4E, 0x35, 0xF0, 0x3A, 0x0A, 0x05, 0x2D, 0xE1, 0x0B, 0x74, 0xBF, 0x7E, 0x03, 0x26, 0x71,
    0xEE, 0x8D, 0x98, 0xC9, 0x32, 0xAC, 0x24, 0x5C, 0xB3, 0x4B, 0xE6, 0xD9, 0xAD, 0x12, 0x13, 0x6B,
    0x0E, 0x88, 0x19, 0x25, 0xF9, 0x11, 0x3D, 0x2C, 0x49, 0xBD, 0xDC, 0x50, 0xE8, 0x88, 0xC5, 0x1E,
    0xDC, 0x06, 0x3C, 0x29, 0x64, 0xEA, 0x9A, 0x3C, 0xF4, 0xEE, 0xC7, 0xE2, 0x7C, 0xEA, 0x08, 0x46,
    0x8D, 0xDF, 0xD7, 0x31, 0x6E, 0x00, 0xE8, 0x62, 0xC8, 0xC3, 0x6E, 0x50, 0x01, 0x36, 0x85, 0xA4,
    0x76, 0x51, 0x97, 0x1E, 0x83, 0x2B, 0x04, 0x1D, 0x61, 0xC3, 0x5F, 0x8B, 0x50, 0x5B, 0xE6, 0x70,
    0x29, 0x64, 0x87, 0x4F, 0x25, 0x19, 0x18, 0x32, 0x43, 0x9F, 0xC1, 0x9D, 0x75, 0xF9, 0x74, 0x12,
    0x1B, 0xE9, 0x4C, 0x03, 0x49, 0x97, 0x4F, 0x29, 0xD9, 0x38, 0xED, 0xA4, 0x70, 0x84, 0x0F, 0xFD,
    0x26, 0x2A, 0x94, 0xCA, 0x4C, 0x40, 0x87, 0x4F, 0x2D, 0x51, 0x1C, 0xFC, 0x06, 0xB3, 0x00, 0x6D,
    0x3E, 0xBD, 0xD4, 0xF5, 0x5E, 0x4E, 0x35, 0x2A, 0xE2, 0x53, 0x4C, 0x91, 0x8D, 0xFA, 0xF4, 0x55,
    0xDA, 0xA3, 0xD4, 0xE7, 0xD3, 0x4C, 0xE0, 0xD9, 0x43, 0xAF, 0x07, 0x2F, 0x76, 0xDC, 0x1F, 0xF5,
    0x8F, 0x38, 0xD7, 0x0B, 0x76, 0xCA, 0xC3, 0x9D, 0x92, 0xC2, 0x87, 0x11, 0xA4, 0xFE, 0x85, 0xEA,
    0x87, 0x26, 0xCB, 0xE6, 0xE5, 0x4A, 0x20, 0x34, 0x9A, 0xD8, 0xD4, 0xAC, 0x0E, 0x02, 0xF5, 0x24,
    0x7E, 0x20, 0xCE, 0x15, 0x43, 0x98, 0x0E, 0x2E, 0x18, 0x69, 0xE6, 0x2A, 0x22, 0x2C, 0x47, 0xA5,
    0x5C, 0xFD, 0xC4, 0xB2, 0x08, 0x9B, 0xE8, 0x1D, 0x1E, 0xDF, 0x8A, 0xB5, 0x11, 0x0D, 0xF6, 0x84,
    0x22, 0x44, 0xC5, 0x02, 0x89, 0x26, 0x7F, 0xFE, 0x50, 0xAE, 0x4A, 0x82, 0x32, 0x6B, 0x15, 0xCB,
    0xA5, 0x12, 0x1A, 0x7D, 0xA1, 0xCB, 0xDD, 0x7F, 0xAE, 0x5E, 0x62, 0x75, 0xFA, 0x83, 0x38, 0x64,
    0xA5, 0xA2, 0x89, 0x17, 0xD3, 0x47, 0x5E, 0x49, 0x95, 0x13, 0x0E, 0x7E, 0xAB, 0x33, 0x42, 0x83,
    0xDC, 0x28, 0xFA, 0xE0, 0xC2, 0x53, 0x6B, 0x8D, 0xC1, 0xF2, 0xD1, 0x5A, 0x3E, 0xD6, 0xD7, 0x42,
    0x57, 0x4A, 0xD1, 0xF2, 0xB3, 0x35, 0xCA, 0x51, 0xBF, 0x0C, 0x2D, 0x0B, 0x8F, 0xCA, 0x03, 0xA4,
    0x35, 0x42, 0xA4, 0xF2, 0x20, 0x69, 0x8D, 0x30, 0x69, 0xC0, 0x40, 0x69, 0x24, 0x26, 0x05, 0xCE,
    0xEC, 0xB1, 0x12, 0x51, 0x89, 0x34, 0xA3, 0x03, 0xCF, 0xB1, 0x66, 0x62, 0xAF, 0x3E, 0xD8, 0x93,
    0x68, 0x33, 0xB0, 0x27, 0xD0, 0x9C, 0x38, 0xCF, 0x9B, 0x7B, 0xBC, 0x99, 0xC4, 0x02, 0x09, 0xCC,
    0xE7, 0x36, 0x24, 0xE6, 0x3C, 0xC7, 0x1A, 0xAD, 0x21, 0x51, 0xE7, 0x98, 0xF1, 0x9B, 0x39, 0x89,
    0x3B, 0x53, 0x54, 0x3B, 0x70, 0xE7, 0x02, 0x79, 0xD6, 0xE9, 0x29, 0xB8, 0xA2, 0xB1, 0x4E, 0x8E,
    0x3D, 0x5F, 0x9D, 0xFE, 0x7D, 0x18, 0xCF, 0x22, 0x7D, 0x7E, 0x96, 0xE9, 0x98, 0x2B, 0xF1, 0x67,
    0xE4, 0x63, 0x85, 0x26, 0xC5, 0xB5, 0x8A, 0x45, 0x5F, 0x3A, 0xD6, 0x29, 0x3A, 0x53, 0x35, 0x8D,
    0x75, 0x44, 0x6F, 0x6A, 0xF1, 0x95, 0xDA, 0x92, 0x3B, 0x25, 0xDE, 0xCB, 0x47, 0x72, 0xFE, 0xF4,
    0x2C, 0x81, 0x40, 0x84, 0x3D, 0xB8, 0x4E, 0x76, 0xA8, 0x6D, 0xF6, 0x54, 0x2F, 0xC1, 0xA3, 0x82,
    0xE7, 0xC5, 0xC6, 0xE9, 0x4A, 0x2E, 0x15, 0xEC, 0x22, 0x65, 0xF9, 0x43, 0xD9, 0xA7, 0xA2, 0x43,
    0x55, 0x3A, 0xB2, 0x53, 0xED, 0xE0, 0x81, 0x19, 0x97, 0xC9, 0xBC, 0xAA, 0x15, 0xA3, 0xC9, 0x9E,
    0xC1, 0xC7, 0xDD, 0x49, 0x6E, 0xF5, 0x7B, 0xD3, 0x8B, 0x38, 0x52, 0x45, 0xBF, 0x6A, 0xB1, 0x2A,
    0x27, 0xB8, 0x19, 0xD1, 0xB1, 0x72, 0x86, 0x38, 0x96, 0xF3, 0xAC, 0xC3, 0x0B, 0x0B, 0x5F, 0x5E,
    0x73, 0x60, 0xAD, 0x0C, 0x3C, 0x5C, 0x9B, 0x03, 0x0F, 0xB5, 0x72, 0xB0, 0xD4, 0x1A, 0xBB, 0x64,
    0x30, 0x17, 0x5B, 0xEA, 0x4F, 0xCB, 0xC1, 0x32, 0x2F, 0x5B, 0xEA, 0x66, 0x6F, 0xD0, 0xCF, 0x12,
    0xD2, 0x2E, 0x39, 0x54, 0x77, 0x30, 0x8C, 0x94, 0xCC, 0x8D, 0xEF, 0xD3, 0x8B, 0xAD, 0xD0, 0xB8,
    0x2F, 0x18, 0x08, 0x1B, 0xD7, 0xDD, 0x8D, 0xE5, 0xE7, 0x4A, 0xAC, 0x4F, 0xB3, 0x2B, 0x30, 0x78,
    0x9E, 0x6E, 0xC1, 0xA1, 0x93, 0x3E, 0x99, 0x27, 0xC5, 0xD8, 0xC8, 0xA1, 0xE9, 0x07, 0xA7, 0x18,
    0xC6, 0x06, 0x0E, 0x61, 0xB1, 0x37, 0xD0, 0xFC, 0x65, 0xF6, 0xC4, 0x04, 0xCA, 0xA7, 0xC2, 0x2C,
    0x30, 0x74, 0xE8, 0xF2, 0xC1, 0xC1, 0x25, 0xC3, 0x06, 0x5D, 0x65, 0x98, 0x60, 0x6E, 0x32, 0x6A,
    0xD0, 0x9C, 0x85, 0x28, 0x32, 0xCC, 0x4C, 0xE6, 0xC4, 0x9A, 0x31, 0xAA, 0x86, 0xCA, 0xB2, 0xE9,
    0x7C, 0xCC, 0x80, 0x69, 0x69, 0x62, 0x0E, 0x05, 0x76, 0x21, 0x9E, 0x60, 0x43, 0x06, 0xDC, 0x70,
    0xC7, 0x0E, 0x08, 0x0D, 0x8C, 0x1E, 0x26, 0x25, 0xF8, 0x88, 0xA1, 0x98, 0xF0, 0xE1, 0x5B, 0x8F,
    0xB6, 0xF9, 0x80, 0x01, 0x4B, 0x02, 0xF6, 0xF1, 0x55, 0x7C, 0x60, 0x63, 0xDB, 0xEB, 0xF0, 0xF1,
    0xB2, 0xCA, 0x2C, 0x83, 0xDB, 0x84, 0xE8, 0xA1, 0x65, 0xB5, 0xD3, 0xE1, 0x72, 0x23, 0xDC, 0x7C,
    0x33, 0x10, 0x1D, 0x20, 0xFB, 0x18, 0x0F, 0x44, 0xAF, 0x8A, 0x24, 0xCC, 0x3C, 0x58, 0xB8, 0x52,
    0xFB, 0xB9, 0x82, 0x07, 0xB6, 0x9F, 0x2D, 0x40, 0x5B, 0xD5, 0x01, 0xF3, 0x11, 0x7B, 0x49, 0xBE,
    0xF2, 0x96, 0xF5, 0x72, 0x56, 0x6D, 0x95, 0x76, 0xA8, 0x50, 0x72, 0x95, 0xF6, 0x93, 0x50, 0x77,
    0x95, 0xF2, 0x67, 0xA1, 0xF8, 0x2A, 0xE5, 0xCF, 0x72, 0x05, 0x16, 0x23, 0xCB, 0x42, 0x19, 0x56,
    0xCA, 0x9F, 0x85, 0x5A, 0xAC, 0x84, 0x3F, 0x8B, 0x05, 0x59, 0x09, 0x7F, 0x16, 0xAB, 0xB2, 0x12,
    0xFE, 0x2C, 0x96, 0x66, 0xA5, 0xFC, 0x59, 0xAC, 0xCF, 0x4A, 0xF8, 0xB3, 0x50, 0xA4, 0x95, 0xF0,
    0x67, 0xB1, 0x52, 0xAB, 0xCF, 0x9F, 0x6F, 0x70, 0xB2, 0xD8, 0x26, 0x03, 0x5B, 0xFC, 0x35, 0xD0,
    0x2D, 0x65, 0xA0, 0x16, 0xB4, 0xCB, 0xEC, 0xFB, 0xFF, 0x74, 0x07, 0x46, 0x6F, 0x52, 0x2D, 0xD2,
    0x66, 0x76, 0xFC, 0x17, 0x21, 0x3B, 0xFE, 0xE6, 0xCC, 0x7E, 0x97, 0x4F, 0x80, 0x97, 0xCF, 0x81,
    0x6F, 0x78, 0x1A, 0x7C, 0xBD, 0x2D, 0x59, 0x06, 0x20, 0x05, 0x09, 0x5E, 0x96, 0x1C, 0xB8, 0x2E,
    0x96, 0x54, 0x99, 0x89, 0xEB, 0x05, 0x8D, 0x93, 0x45, 0x27, 0x61, 0xBE, 0xD8, 0x1E, 0x08, 0xD3,
    0x4F, 0xCE, 0x6F, 0xCE, 0x40, 0x6C, 0xCE, 0x40, 0xBC, 0xAD, 0x66, 0x20, 0x36, 0x10, 0xA9, 0x9C,
    0x28, 0x46, 0x2A, 0x71, 0x31, 0x52, 0x89, 0x8B, 0x91, 0xCA, 0x9E, 0x9B, 0x19, 0xA9, 0x6C, 0x66,
    0xFA, 0xDF, 0x40, 0xA6, 0xDF, 0x2A, 0xD3, 0x57, 0x77, 0x30, 0xAC, 0x64, 0xC9, 0x8B, 0x1A, 0x3C,
    0x53, 0x34, 0x72, 0x3F, 0xEB, 0x0E, 0x84, 0xA9, 0xC1, 0xB1, 0x8D, 0x69, 0xEA, 0xE6, 0x04, 0xC2,
    0xE6, 0x04, 0xC2, 0x9B, 0xCB, 0xDB, 0x8C, 0xC2, 0xB5, 0x5A, 0xC1, 0xFA, 0xD7, 0x34, 0x92, 0x3F,
    0x93, 0x12, 0xD5, 0x0B, 0x71, 0x8E, 0xB7, 0x2E, 0x42, 0xE6, 0x07, 0xAA, 0x69, 0xDF, 0x9C, 0xE2,
    0x90, 0xA7, 0x38, 0x06, 0xB3, 0x71, 0xE5, 0x16, 0x6D, 0x2D, 0xF4, 0x26, 0x2E, 0xEE, 0x93, 0xB6,
    0x5F, 0xBD, 0x58, 0xC2, 0xA2, 0x34, 0x61, 0xBD, 0x5C, 0xC6, 0xA2, 0x6C, 0xA1, 0xCE, 0x30, 0xDB,
    0xA7, 0x2F, 0xCF, 0x44, 0x05, 0x16, 0xA5, 0xC7, 0xC2, 0x23, 0xF8, 0x38, 0x8B, 0x02, 0x14, 0x22,
    0x0E, 0xE9, 0x41, 0x72, 0x98, 0xE1, 0x6A, 0x63, 0x6C, 0x02, 0x9D, 0x2A, 0xB1, 0x28, 0xB0, 0x60,
    0x31, 0x4B, 0xCD, 0xE6, 0x58, 0x14, 0x86, 0x6D, 0xF0, 0x9E, 0xCC, 0xA2, 0xDA, 0x06, 0xFF, 0xE9,
    0x0A, 0x89, 0x45, 0xD9, 0x3D, 0x1C, 0xD0, 0xD0, 0xDD, 0x79, 0x16, 0xC5, 0x72, 0xB6, 0x3D, 0x89,
    0x45, 0xC5, 0x76, 0xD2, 0xDD, 0x12, 0x8B, 0x6A, 0x8F, 0xB0, 0x1F, 0x10, 0x61, 0x15, 0xA2, 0xE2,
    0x10, 0x1F, 0x5E, 0x58, 0x98, 0xBA, 0x41, 0x16, 0x95, 0xB3, 0x42, 0xC5, 0xF2, 0x4E, 0x52, 0x5A,
    0xE1, 0x49, 0xCA, 0x8B, 0x3C, 0x6F, 0x84, 0x45, 0x09, 0x7A, 0xF8, 0x4C, 0x89, 0xC2, 0x29, 0xDD,
    0xEB, 0x83, 0x82, 0x12, 0x9E, 0xB9, 0x19, 0xCA, 0x27, 0x7B, 0xCE, 0xF4, 0x67, 0x65, 0xA4, 0xBC,
    0xA7, 0x9D, 0x4C, 0x71, 0x88, 0x89, 0x4F, 0x85, 0xFF, 0xCC, 0x8C, 0x9C, 0xF9, 0x34, 0xE8, 0x34,
    0x2A, 0xAD, 0x90, 0xFA, 0x04, 0xDE, 0x00, 0x6D, 0x8C, 0xEB, 0x42, 0x84, 0xDC, 0x27, 0x90, 0x0E,
    0xCF, 0x65, 0xCB, 0x62, 0xA4, 0xE4, 0x27, 0xAE, 0xF1, 0xC0, 0x60, 0x4A, 0xC8, 0x7E, 0x9A, 0x3E,
    0x3E, 0xD3, 0x06, 0x57, 0xEE, 0x49, 0xE9, 0x4F, 0x34, 0xBF, 0x66, 0x2E, 0xFF, 0xE9, 0x27, 0x3F,
    0x0B, 0x23, 0x24, 0x40, 0x15, 0x1A, 0xC6, 0x78, 0x1D, 0x4E, 0x2E, 0x03, 0x1A, 0xB3, 0x19, 0xBD,
    0x48, 0x4C, 0x81, 0xB6, 0x13, 0xFF, 0xDA, 0x96, 0x72, 0xA0, 0xA8, 0x94, 0xB1, 0xE2, 0x45, 0x72,
    0x12, 0xF4, 0x83, 0x0B, 0x5F, 0x77, 0x36, 0xE7, 0x0C, 0x36, 0xE4, 0x5A, 0x05, 0x0F, 0xDA, 0xF7,
    0x81, 0x02, 0xA3, 0xA6, 0x25, 0x58, 0x5F, 0xFB, 0x84, 0xF5, 0xA1, 0x7B, 0xDE, 0xA8, 0xB2, 0xE7,
    0x7C, 0x32, 0x7B, 0x60, 0x93, 0x9C, 0xCF, 0xC4, 0x07, 0xA9, 0xE6, 0x13, 0x9A, 0x2C, 0x8F, 0x29,
    0x67, 0x34, 0x35, 0xFA, 0x15, 0xCF, 0xCF, 0xA5, 0x34, 0xCD, 0x0E, 0xFB, 0x31, 0xA5, 0x2C, 0xA7,
    0x89, 0x2C, 0x39, 0xC0, 0xB6, 0x12, 0x92, 0x9A, 0x3A, 0xB2, 0xDF, 0xDC, 0x0A, 0x53, 0x23, 0x40,
    0xA3, 0xAA, 0x85, 0x52, 0x5A, 0x33, 0xC0, 0x39, 0x47, 0x78, 0x47, 0xCC, 0x6B, 0xB2, 0x05, 0x56,
    0xB6, 0x94, 0xD8, 0xF4, 0xDA, 0x4D, 0x3C, 0xB0, 0x93, 0xCB, 0x6C, 0x4E, 0x3F, 0xE0, 0xC5, 0x72,
    0x6A, 0xB3, 0xC9, 0x75, 0x5D, 0xCC, 0x6D, 0x06, 0x06, 0x37, 0xBF, 0x32, 0x59, 0xB8, 0x9D, 0xAB,
    0xB7, 0xB0, 0xDD, 0x33, 0x90, 0x4E, 0xBE, 0xCD, 0x21, 0x31, 0xBD, 0x92, 0x0C, 0x1E, 0x31, 0xBB,
    0xD2, 0x87, 0xB2, 0xE4, 0x0A, 0xB8, 0x37, 0x54, 0x10, 0x31, 0xB7, 0x62, 0x3B, 0x06, 0xFF, 0x4E,
    0x96, 0x5A, 0xB1, 0x9D, 0x54, 0x29, 0xFA, 0x99, 0x15, 0xFB, 0x10, 0xD3, 0x0E, 0x31, 0xB1, 0x62,
    0xDF, 0xD7, 0xE1, 0x3A, 0x90, 0xE5, 0x55, 0x6C, 0x8F, 0xE9, 0x86, 0x98, 0x56, 0xB1, 0xB9, 0x6A,
    0x88, 0x59, 0x15, 0xBB, 0xCB, 0x47, 0x9B, 0x90, 0x54, 0xC1, 0xA4, 0x01, 0x1E, 0x4B, 0xC8, 0xA9,
    0xA0, 0x5E, 0x34, 0xE5, 0xC5, 0x71, 0x4D, 0xFC, 0x81, 0x2E, 0xB7, 0x24, 0xA3, 0x12, 0x49, 0xCB,
    0xE3, 0xD8, 0x8F, 0x75, 0xB5, 0xC5, 0x7C, 0x0A, 0x6C, 0x5F, 0x06, 0x9B, 0x57, 0x92, 0x4E, 0x69,
    0x0E, 0x64, 0xDA, 0x96, 0x07, 0x82, 0x56, 0x06, 0xB2, 0x88, 0x8D, 0x81, 0xD2, 0x28, 0x25, 0x59,
    0x94, 0x92, 0x24, 0x4A, 0x59, 0x0E, 0xA5, 0x24, 0x85, 0x52, 0x96, 0x41, 0xB9, 0x6E, 0x02, 0xE5,
    0xB1, 0x01, 0x6E, 0x77, 0x79, 0x80, 0xFB, 0x9F, 0x7B, 0x0B, 0x91, 0xE6, 0x00, 0x48, 0xA3, 0x60,
    0x39, 0xF9, 0xAF, 0xCE, 0x89, 0x79, 0x15, 0xFE, 0xD3, 0x73, 0x62, 0x5A, 0x85, 0xFF, 0xFE, 0x9C,
    0x98, 0x55, 0x49, 0x7F, 0x84, 0x2E, 0x4B, 0xAA, 0x34, 0xEC, 0x76, 0x2E, 0xA7, 0xD2, 0xE0, 0xF1,
    0x80, 0x90, 0x52, 0x81, 0x28, 0x92, 0xBB, 0x9E, 0x7E, 0x46, 0xA5, 0xC1, 0x23, 0x01, 0x21, 0xA1,
    0xD2, 0x08, 0xB8, 0x77, 0xCB, 0xF2, 0x29, 0xC9, 0x4F, 0xD4, 0x09, 0xE9, 0x14, 0xD0, 0x83, 0x99,
    0x98, 0xE4, 0xB3, 0x29, 0x6D, 0x79, 0x95, 0x20, 0xEB, 0x72, 0x31, 0x97, 0x02, 0x66, 0x51, 0xE8,
    0xF1, 0xD2, 0x54, 0x4A, 0xE1, 0x49, 0xBA, 0x05, 0xEF, 0x69, 0x06, 0xEB, 0xB9, 0xD2, 0x37, 0x07,
    0x08, 0xD7, 0x03, 0xF4, 0xB5, 0x80, 0x3E, 0x81, 0x04, 0x80, 0x55, 0x8F, 0xF4, 0xF9, 0x23, 0xD0,
    0x40, 0x6C, 0xA3, 0x8C, 0x3E, 0xEA, 0x21, 0xAB, 0x1A, 0xC9, 0xD8, 0xA3, 0x1E, 0x79, 0x57, 0x8F,
    0x88, 0xE4, 0x51, 0xFF, 0x39, 0x25, 0x12, 0x77, 0x64, 0x8A, 0xD3, 0x15, 0xA8, 0xA3, 0x86, 0xB6,
    0x50, 0x64, 0x8E, 0xEC, 0xA9, 0x4B, 0x22, 0x71, 0x64, 0x64, 0xA3, 0x23, 0xF0, 0x46, 0x1D, 0xD3,
    0x2C, 0x91, 0x40, 0x1B, 0xE1, 0x58, 0x23, 0x34, 0xC8, 0xB3, 0x46, 0x47, 0x24, 0x8D, 0x82, 0xDF,
    0x63, 0x9C, 0x11, 0xE4, 0x57, 0xC8, 0xF5, 0x29, 0xA3, 0x5A, 0x92, 0x97, 0xD5, 0xDE, 0x08, 0x56,
    0x56, 0x17, 0xF1, 0x56, 0x60, 0x9D, 0x1B, 0xC4, 0x1E, 0x66, 0xD4, 0x6F, 0x44, 0x4C, 0xDA, 0xE2,
    0x2A, 0x42, 0xC0, 0x3C, 0x21, 0xC7, 0xC8, 0x96, 0x11, 0x2A, 0x1D, 0x5D, 0x5A, 0x35, 0x88, 0xEB,
    0x08, 0x95, 0x8E, 0xDD, 0x7B, 0x50, 0x98, 0xBA, 0xC0, 0x85, 0x84, 0x4A, 0x97, 0xFA, 0xA2, 0xD9,
    0xC3, 0x95, 0x84, 0x0A, 0xED, 0x89, 0x86, 0x86, 0x2D, 0x25, 0x54, 0x28, 0x33, 0x2C, 0xD2, 0x5A,
    0x42, 0xF6, 0x9B, 0x2E, 0x0D, 0x22, 0x2F, 0x26, 0xA4, 0xDC, 0x8C, 0x8A, 0xAB, 0x09, 0xF1, 0x91,
    0x7D, 0x6A, 0x57, 0x5E, 0x4E, 0x88, 0x19, 0x3A, 0xAF, 0x47, 0x72, 0xEB, 0x09, 0xB9, 0x9A, 0xC8,
    0x0B, 0x0A, 0xB1, 0x30, 0x82, 0xBA, 0xD2, 0x8A, 0x42, 0x4A, 0xAF, 0x39, 0x63, 0xFC, 0x73, 0xB9,
    0x25, 0x85, 0xA5, 0xEC, 0xB3, 0x8C, 0x7B, 0x96, 0x31, 0xCF, 0x32, 0xDE, 0x59, 0xC6, 0x3A, 0x4B,
    0x39, 0x67, 0x19, 0xE3, 0xBC, 0xE9, 0xB3, 0x76, 0x25, 0xB3, 0x75, 0x65, 0x73, 0x75, 0x65, 0x33,
    0x75, 0x37, 0x32, 0x4F, 0x37, 0xEC, 0xE4, 0x6F, 0xBC, 0x27, 0x93, 0x53, 0x9B, 0xFB, 0x98, 0x8C,
    0x98, 0xD2, 0x6B, 0x34, 0x10, 0x49, 0xA9, 0xD6, 0x4B, 0x7E, 0xF0, 0x33, 0x25, 0xA4, 0x7C, 0x4A,
    0x4A, 0x20, 0xA3, 0xA0, 0x18, 0x38, 0x8D, 0x25, 0x10, 0x51, 0x9A, 0x27, 0xA1, 0x8D, 0xC0, 0x96,
    0xCB, 0x6F, 0x8C, 0xB6, 0x47, 0x24, 0xF2, 0xC9, 0x9C, 0x9C, 0x48, 0x3C, 0x31, 0x8F, 0x2B, 0x55,
    0xDD, 0x8C, 0xD1, 0x9E, 0x53, 0x28, 0xB9, 0x91, 0xC8, 0x26, 0xD8, 0x2B, 0x99, 0x68, 0x5E, 0x84,
    0xAF, 0x46, 0x85, 0x4A, 0x9B, 0xF5, 0x1F, 0xA0, 0x35, 0x97, 0x4F, 0x09, 0x34, 0xF3, 0x89, 0x83,
    0xC6, 0x1A, 0x80, 0xB5, 0x36, 0x91, 0x2C, 0x90, 0x48, 0x6B, 0x7D, 0x4F, 0xE7, 0xAF, 0xE7, 0x94,
    0x0A, 0x2E, 0xE7, 0xFA, 0x79, 0xD8, 0xFC, 0x43, 0xC0, 0x67, 0xF8, 0x20, 0xE8, 0xA7, 0xFA, 0xB5,
    0x24, 0x6C, 0xEB, 0xE7, 0xF9, 0x4D, 0xBA, 0xD8, 0x95, 0x92, 0xFC, 0x8D, 0x16, 0x7B, 0xD2, 0x75,
    0x96, 0xE1, 0x6F, 0x24, 0x16, 0xA0, 0x9F, 0xDE, 0x87, 0x40, 0xF2, 0xAC, 0x94, 0xDB, 0xB7, 0xA2,
    0x5C, 0x1D, 0xA3, 0xD6, 0xCD, 0x65, 0xF5, 0x09, 0x65, 0x3F, 0xCF, 0x9A, 0xA5, 0xF4, 0x79, 0x26,
    0x55, 0xC8, 0xE7, 0xE3, 0x9B, 0x52, 0x32, 0x5F, 0xF1, 0x30, 0x95, 0x95, 0xCB, 0xE4, 0xCB, 0xF5,
    0x8A, 0x3D, 0x4B, 0xAE, 0x55, 0x04, 0x46, 0x06, 0x21, 0x4B, 0x21, 0x81, 0x3F, 0xB0, 0x3A, 0x5C,
    0x27, 0xA8, 0x6B, 0xAC, 0x0F, 0xBC, 0x4D, 0xD4, 0xE1, 0x7F, 0x01, 0xED, 0x5D, 0xBF, 0xB3, 0xE4,
    0x46, 0x11, 0x1E, 0x49, 0xF6, 0xDB, 0xF2, 0x29, 0x50, 0x02, 0x14, 0xF8, 0x0A, 0x2B, 0x71, 0x70,
    0x2E, 0x0A, 0xF4, 0x17, 0x18, 0xE9, 0x20, 0x70, 0xE0, 0xC4, 0x01, 0x26, 0x71, 0x60, 0x42, 0xCE,
    0x81, 0x2F, 0x21, 0x20, 0xF0, 0xED, 0xAA, 0x9C, 0x10, 0x38, 0xE0, 0x55, 0x11, 0x10, 0x90, 0x5C,
    0x60, 0xAA, 0xE0, 0x08, 0x2E, 0x21, 0x20, 0xB8, 0xF7, 0x24, 0x70, 0xE0, 0x80, 0x80, 0xAD, 0x72,
    0x01, 0xC1, 0x05, 0x88, 0xE2, 0x5C, 0x80, 0x1D, 0x58, 0xE5, 0x5A, 0x83, 0xCE, 0x96, 0x34, 0x74,
    0xCF, 0x68, 0x57, 0xDD, 0x2D, 0xBD, 0xDD, 0xF7, 0xEB, 0x8E, 0x7B, 0x77, 0x52, 0x95, 0xE5, 0xEB,
    0x59, 0x3D, 0xAD, 0x34, 0xFD, 0x4D, 0x77, 0x7F, 0xDD, 0x33, 0xB3, 0x4A, 0x91, 0xE3, 0x55, 0xC5,
    0x8E, 0x50, 0x17, 0x4C, 0xCE, 0xF4, 0x12, 0xCE, 0x7B, 0x09, 0xFE, 0xFB, 0x5D, 0xA5, 0x1C, 0xFD,
    0x51, 0x0E, 0xFF, 0x5A, 0xAC, 0xE0, 0xE4, 0x6B, 0xA5, 0xBC, 0x1A, 0x3F, 0x70, 0x75, 0x03, 0xE7,
    0x58, 0xE7, 0x6A, 0x56, 0xA2, 0xEC, 0xDF, 0x87, 0x8F, 0x94, 0xBE, 0x5D, 0x28, 0xDF, 0xDC, 0x2D,
    0x58, 0xC6, 0x89, 0x72, 0x6B, 0xF8, 0xD0, 0xC7, 0xBB, 0xA9, 0x38, 0x09, 0x73, 0xE5, 0x95, 0x6E,
    0xD5, 0xC9, 0x0B, 0xB8, 0x02, 0x2F, 0xAD, 0x95, 0x6F, 0xFE, 0xBE, 0xC1, 0xFB, 0x04, 0x39, 0xFC,
    0xDF, 0xC3, 0x2F, 0x72, 0x34, 0xFE, 0x3F, 0x2A, 0xE0, 0x3A, 0xB7, 0x55, 0x33, 0xE5, 0xE9, 0x14,
    0xBE, 0x17, 0x9E, 0x21, 0x4E, 0x55, 0xF6, 0x61, 0x96, 0xFA, 0xBA, 0xF4, 0xB4, 0xD2, 0xAD, 0x5A,
    0x14, 0x2A, 0xD2, 0x3A, 0xCF, 0xDE, 0x6F, 0x5F, 0xD7, 0xBA, 0xCE, 0x3E, 0xD4, 0x78, 0xDC, 0x57,
    0xFA, 0xAA, 0xD6, 0x9F, 0xE8, 0x32, 0xD2, 0x5F, 0x80, 0xD8, 0x26, 0x70, 0xDB, 0x48, 0xCF, 0x74,
    0x3A, 0xD3, 0x45, 0xA6, 0x3F, 0x37, 0x6F, 0xE6, 0xBE, 0x8B, 0xE7, 0x37, 0x12, 0x35, 0x72, 0x7C,
    0x59, 0xB6, 0xCE, 0x74, 0x45, 0xA4, 0x6B, 0xF8, 0xFC, 0x5A, 0xF7, 0x0D, 0x1E, 0x74, 0x83, 0xAB,
    0x3F, 0xD2, 0xE9, 0xA6, 0x25, 0xD0, 0xA5, 0x9A, 0xC1, 0x0B, 0xE4, 0x9B, 0x96, 0xF8, 0xAE, 0x79,
    0xF5, 0xA0, 0x6F, 0xC9, 0x9C, 0x1A, 0xAF, 0x09, 0xFA, 0xBF, 0xAA, 0xD5, 0xA1, 0xF2, 0xE0, 0x51,
    0x37, 0x5F, 0x0F, 0x7D, 0xB0, 0x80, 0x0B, 0xD3, 0x58, 0xA9, 0xA7, 0xBA, 0x27, 0x29, 0xA1, 0x2B,
    0x55, 0xF8, 0x77, 0xE8, 0xFD, 0xA8, 0xFB, 0xAA, 0x4A, 0x41, 0xD7, 0xCE, 0xBE, 0x80, 0x6E, 0x83,
    0xCB, 0xF0, 0x8F, 0xC3, 0x46, 0x85, 0x4B, 0x78, 0x20, 0xE8, 0xE8, 0x39, 0x7E, 0x73, 0x03, 0x4F,
    0x9B, 0x84, 0x2B, 0x75, 0x19, 0x3A, 0x46, 0x1D, 0x18, 0xB5, 0x69, 0x1D, 0x7D, 0x96, 0x99, 0xBE,
    0xD2, 0xCB, 0xC6, 0xF4, 0xB7, 0xAE, 0x7D, 0xDD, 0x82, 0xF8, 0xB6, 0xD6, 0x45, 0xDD, 0xC1, 0xC2,
    0xD1, 0x55, 0xA4, 0xEF, 0xC1, 0xDF, 0x99, 0x6B, 0x8C, 0xE6, 0x9E, 0xDD, 0xEF, 0x1E, 0x6D, 0xD3,
    0xD2, 0xBF, 0x8F, 0x79, 0x9A, 0x9C, 0xB4, 0xC4, 0xF8, 0x6A, 0x8B, 0x94, 0xB4, 0x44, 0x2B, 0xEC,
    0x4C, 0xDA, 0xB5, 0xBE, 0xFE, 0xE5, 0xF7, 0x75, 0x4D, 0x5B, 0x5C, 0xF3, 0x54, 0xAC, 0xFF, 0x23,
    0xD4, 0x29, 0x3B, 0x9C, 0x37, 0x7E, 0xAD, 0x8E, 0x3E, 0x4A, 0x21, 0xBB, 0xF5, 0xAE, 0x06, 0x75,
    0x53, 0x9D, 0xFD, 0xF8, 0x9E, 0x90, 0xAF, 0xDB, 0xD7, 0x70, 0xF6, 0xBB, 0x93, 0xA7, 0xF5, 0xCA,
    0x80, 0x1F, 0xBF, 0x1D, 0xB4, 0x04, 0x30, 0xB9, 0x5D, 0x9B, 0x37, 0x6E, 0xCD, 0xB8, 0x4B, 0x54,
    0xBC, 0xEF, 0x34, 0x06, 0x3E, 0xD0, 0x47, 0x4E, 0xBB, 0xC8, 0x51, 0xA5, 0x46, 0x63, 0x05, 0x68,
    0xDD, 0x5B, 0x05, 0x85, 0x8A, 0x73, 0x75, 0x07, 0x47, 0x1A, 0x8E, 0xA7, 0xA0, 0x00, 0x38, 0x84,
    0x25, 0xE0, 0x06, 0x61, 0x03, 0x5D, 0x1F, 0xE6, 0x80, 0x18, 0xAF, 0x76, 0xE1, 0x5B, 0xFC, 0x16,
    0x87, 0x57, 0x9C, 0x02, 0xC8, 0x94, 0xC6, 0x31, 0x16, 0xC0, 0x90, 0x2A, 0xD5, 0x02, 0x87, 0x98,
    0x19, 0xB7, 0x2A, 0xBA, 0x9D, 0x7B, 0x95, 0x02, 0xA0, 0x6A, 0xF3, 0x21, 0xB4, 0x06, 0x2B, 0xAF,
    0x71, 0x41, 0x19, 0x3A, 0x77, 0x32, 0x0D, 0xCF, 0x1B, 0x7B, 0xFA, 0x17, 0xF0, 0xC8, 0xFA, 0xE7,
    0x16, 0x29, 0x2D, 0xC0, 0xC9, 0xE8, 0x66, 0x81, 0xC3, 0xAA, 0x09, 0xE1, 0x21, 0x0F, 0x41, 0x35,
    0x2F, 0xEB, 0xC4, 0xD7, 0xBF, 0xC7, 0x51, 0x76, 0xBD, 0x85, 0x87, 0x75, 0xCC, 0xC0, 0xDA, 0x68,
    0xE7, 0x40, 0x76, 0xD2, 0xA1, 0x6C, 0x98, 0xCB, 0x86, 0x85, 0x6C, 0x88, 0x77, 0x37, 0xC8, 0x11,
    0x1B, 0xA5, 0xA2, 0x21, 0xCC, 0x45, 0x43, 0xB0, 0xB3, 0xC1, 0x5F, 0x4A, 0x33, 0x50, 0x48, 0x18,
    0x25, 0x5B, 0xF1, 0xF0, 0x2D, 0xB5, 0xF3, 0x39, 0x47, 0x5A, 0xBE, 0xAE, 0xCE, 0xE7, 0x98, 0xAC,
    0xD8, 0x05, 0xB7, 0x62, 0x27, 0x38, 0xF6, 0x9F, 0x17, 0x0D, 0xDE, 0xAA, 0x95, 0x2D, 0x95, 0x6C,
    0x71, 0xCB, 0x1B, 0x27, 0xFB, 0x96, 0x09, 0xCF, 0x13, 0x9E, 0xCF, 0x80, 0xE7, 0x17, 0x65, 0x43,
    0xD6, 0x5B, 0x67, 0xD9, 0x10, 0xDB, 0xE7, 0x7B, 0x41, 0x36, 0xF4, 0xC7, 0xA5, 0xE3, 0xE2, 0xE6,
    0x6B, 0x12, 0xF6, 0x36, 0xDE, 0x75, 0xF6, 0x7B, 0x58, 0xD4, 0x9D, 0x57, 0x76, 0x8C, 0x23, 0x56,
    0xF1, 0xC7, 0x6D, 0xE7, 0x95, 0x41, 0x03, 0x78, 0xF1, 0x22, 0xC9, 0xD6, 0x5E, 0x59, 0x9B, 0x4B,
    0x0E, 0x0D, 0xCE, 0x8D, 0x57, 0xB6, 0xF7, 0x6B, 0x8C, 0xC7, 0x31, 0x5E, 0x19, 0xDE, 0xA6, 0xDD,
    0x07, 0xD4, 0x84, 0x69, 0xE7, 0x95, 0x11, 0x8A, 0x18, 0xE9, 0xC2, 0x15, 0xD6, 0x2B, 0x63, 0xFF,
    0x16, 0xF6, 0x1E, 0xD6, 0x2B, 0xC3, 0x37, 0xB4, 0xDD, 0xB7, 0x58, 0xAF, 0x0C, 0xDA, 0x05, 0x88,
    0x45, 0x7F, 0x6D, 0x3A, 0xAF, 0xAC, 0xF6, 0x40, 0xE9, 0x80, 0x53, 0x44, 0xBC, 0xF5, 0xCA, 0x5A,
    0xA7, 0x81, 0x85, 0x4A, 0x6E, 0xBD, 0x32, 0x84, 0x16, 0xB3, 0x0E, 0x3B, 0xD6, 0x2B, 0xDF, 0x37,
    0x31, 0x45, 0xBB, 0x7F, 0x5D, 0xE7, 0x6B, 0xAF, 0xAC, 0x26, 0xAF, 0xAC, 0xDE, 0x12, 0x72, 0xBB,
    0x43, 0xBE, 0x72, 0xD4, 0x8D, 0x7C, 0xF1, 0x32, 0xC1, 0x72, 0x54, 0x7E, 0x73, 0xFD, 0x34, 0x33,
    0xCB, 0x3B, 0x34, 0x0F, 0x4E, 0x7D, 0x3E, 0xCC, 0x54, 0xF8, 0x97, 0x46, 0xF4, 0x61, 0xB6, 0x61,
    0x63, 0xB6, 0x93, 0xE3, 0x8E, 0x8D, 0x65, 0x2D, 0x36, 0xDE, 0x40, 0xDB, 0x62, 0xD8, 0x98, 0x0D,
    0x2E, 0x0F, 0x10, 0x77, 0x86, 0x8D, 0x81, 0x25, 0x49, 0x3A, 0xD9, 0xB0, 0x31, 0xE5, 0x64, 0xF8,
    0x57, 0x28, 0xC7, 0x16, 0xA7, 0xBE, 0xBE, 0x89, 0x56, 0x27, 0xB5, 0x6C, 0x0C, 0xED, 0x0D, 0x84,
    0x93, 0xF8, 0x57, 0x8D, 0x65, 0x75, 0x1E, 0xC8, 0x30, 0xEE, 0x13, 0xCB, 0xC6, 0x70, 0xC0, 0x27,
    0xE6, 0x09, 0x2C, 0x1B, 0x03, 0xB8, 0x7D, 0x92, 0x9A, 0x0E, 0xB3, 0x6C, 0x6C, 0x4F, 0x37, 0x01,
    0x5C, 0x75, 0xB9, 0x56, 0x96, 0x8D, 0x01, 0x10, 0x0D, 0x20, 0xCB, 0x8E, 0x8D, 0x01, 0x20, 0x8D,
    0x11, 0x49, 0x3B, 0x36, 0x86, 0x8F, 0x7F, 0x5D, 0x83, 0x25, 0xDB, 0xB0, 0xB1, 0xB1, 0xC3, 0x29,
    0xDE, 0xDA, 0xE1, 0xC7, 0x06, 0xAE, 0xCE, 0xB9, 0x79, 0xE5, 0x54, 0x0E, 0xC6, 0xB9, 0x45, 0x80,
    0x83, 0x3D, 0x1E, 0x69, 0xA2, 0x8B, 0xAC, 0x36, 0x16, 0xCF, 0x04, 0xF0, 0x7B, 0x36, 0x98, 0x57,
    0xEA, 0xB9, 0x5B, 0x5A, 0xFF, 0x1B, 0xAE, 0x5C, 0x54, 0x18, 0x71, 0x1B, 0x57, 0xB3, 0x87, 0x66,
    0xD2, 0x18, 0x92, 0x70, 0x69, 0x3D, 0x4D, 0x0C, 0x0D, 0x5E, 0x93, 0x25, 0x00, 0xFF, 0xA0, 0x30,
    0x7E, 0x0B, 0x82, 0xEB, 0xA0, 0x80, 0x0F, 0xE3, 0xC4, 0x80, 0x77, 0x81, 0x86, 0x35, 0xCC, 0x41,
    0x07, 0xB1, 0xE9, 0x78, 0x57, 0xFF, 0xAC, 0xC0, 0x7E, 0xC6, 0x00, 0xDE, 0xC0, 0x3B, 0xA8, 0xD0,
    0x48, 0x64, 0x68, 0x2A, 0xE0, 0x1E, 0x70, 0x71, 0xBC, 0xC4, 0x18, 0x5F, 0x27, 0xC0, 0xA7, 0x03,
    0xF3, 0x2D, 0x5A, 0x81, 0xDF, 0x72, 0x75, 0xEE, 0x36, 0xCA, 0x5F, 0x81, 0x9A, 0x50, 0x3F, 0xC8,
    0x77, 0x57, 0xAE, 0x4E, 0x3C, 0x7C, 0x18, 0xA4, 0x00, 0xE0, 0x1E, 0xFF, 0xA1, 0x5F, 0xB3, 0x46,
    0xA2, 0xC4, 0x81, 0x05, 0xCA, 0x4E, 0x8D, 0x6A, 0xD0, 0x7C, 0xE0, 0xE0, 0x44, 0x9B, 0x17, 0xE9,
    0x97, 0xB4, 0x7E, 0xF7, 0xB2, 0x2E, 0xD7, 0xE3, 0xD9, 0xF9, 0xD5, 0x51, 0x26, 0x60, 0x60, 0x24,
    0x0E, 0x76, 0x36, 0x1C, 0x9E, 0xC2, 0xAE, 0x48, 0x13, 0x10, 0x4A, 0x7E, 0xE7, 0x23, 0x02, 0xF6,
    0x99, 0x8D, 0xBF, 0xFF, 0xEA, 0x6D, 0x76, 0xD5, 0x42, 0x77, 0xBA, 0xEB, 0x07, 0x9E, 0xD6, 0x7C,
    0x04, 0x3F, 0xDB, 0xEE, 0x1F, 0x05, 0x8D, 0xDF, 0x3D, 0xC7, 0x91, 0xD2, 0x70, 0xD3, 0xE6, 0xD4,
    0xC2, 0xD4, 0xFD, 0xE8, 0xB9, 0xB3, 0xC5, 0x3A, 0x8E, 0x78, 0x92, 0xB8, 0x65, 0x44, 0x52, 0xD9,
    0x47, 0xDF, 0xF0, 0x48, 0xAF, 0xCD, 0x96, 0x94, 0x46, 0xFA, 0x65, 0x50, 0x52, 0x16, 0x19, 0x2C,
    0x71, 0xFC, 0xF6, 0x24, 0x32, 0xC8, 0x2D, 0x7C, 0xD6, 0x1C, 0xD2, 0xC8, 0x84, 0x42, 0x1A, 0x99,
    0x30, 0x48, 0xF8, 0xFB, 0x92, 0x12, 0xC8, 0x59, 0x09, 0x37, 0x21, 0xFC, 0xD1, 0x6B, 0x90, 0xAA,
    0xF6, 0xF4, 0x51, 0xA1, 0x11, 0x11, 0xEC, 0xB1, 0xA2, 0xE4, 0x11, 0x8E, 0x9A, 0x70, 0x47, 0x7D,
    0xEF, 0x2B, 0xBA, 0x96, 0xD4, 0xF1, 0x60, 0x07, 0x72, 0xE6, 0x3B, 0x80, 0x14, 0xEF, 0x92, 0x93,
    0xED, 0xCE, 0x49, 0xFA, 0xA6, 0x60, 0x87, 0x2C, 0x1D, 0x93, 0xF4, 0x4B, 0xDB, 0xDC, 0xD2, 0xB7,
    0xB7, 0x3E, 0xEA, 0x23, 0x2C, 0xF6, 0x40, 0x35, 0xDD, 0x49, 0x62, 0xA8, 0x84, 0x45, 0x50, 0x28,
    0x92, 0xF8, 0x29, 0xE2, 0xD1, 0x13, 0x8A, 0x24, 0x76, 0x02, 0x91, 0x46, 0x4E, 0x20, 0xD2, 0xB8,
    0x09, 0xF4, 0x44, 0xA3, 0x26, 0xB0, 0x7E, 0x34, 0x66, 0x8A, 0x73, 0x16, 0x31, 0x61, 0xCA, 0x90,
    0xC5, 0x4B, 0x05, 0x8D, 0x96, 0x6A, 0x5D, 0xD2, 0x58, 0x69, 0x19, 0x15, 0x22, 0x52, 0x3A, 0xD8,
    0x0A, 0xC1, 0xF9, 0x56, 0x00, 0xEE, 0xE8, 0xBD, 0x64, 0x1B, 0xF8, 0x04, 0xF6, 0x82, 0xAD, 0xA2,
    0x00, 0x9E, 0xC0, 0xDD, 0x36, 0xD8, 0x49, 0xC8, 0x9E, 0x59, 0x2E, 0x4E, 0x26, 0xCF, 0xCE, 0x5B,
    0x2E, 0x7B, 0x6E, 0xB2, 0xCF, 0xE4, 0xD8, 0xB8, 0x72, 0xFA, 0x39, 0xFA, 0x5C, 0x8F, 0xB8, 0x88,
    0xEB, 0x0D, 0x97, 0x5D, 0xFD, 0x2F, 0x26, 0x23, 0xB6, 0x41, 0x7E, 0x6A, 0x63, 0xA2, 0xB5, 0x91,
    0xA3, 0xDE, 0x9F, 0x2C, 0x31, 0x4A, 0xEA, 0xD8, 0x1E, 0x7C, 0xFC, 0x71, 0xA1, 0x66, 0xD5, 0x9A,
    0xEB, 0x39, 0x99, 0xF6, 0xEE, 0xAB, 0xA0, 0xDD, 0x30, 0x3D, 0xF4, 0xCC, 0x68, 0x05, 0x3B, 0x9E,
    0x87, 0xD1, 0x10, 0x04, 0x6C, 0xAF, 0xB7, 0x1D, 0xCB, 0xC3, 0xC7, 0xBF, 0xAC, 0xAB, 0x59, 0x2D,
    0x19, 0x9D, 0x94, 0x25, 0xBF, 0x93, 0xEC, 0x4E, 0x72, 0x3B, 0xC9, 0xEC, 0x06, 0xBC, 0x4E, 0xB2,
    0xBA, 0x33, 0xE7, 0x28, 0x44, 0x6E, 0x42, 0x86, 0x6B, 0x32, 0x9E, 0x3B, 0x49, 0x56, 0x62, 0xC2,
    0xEF, 0x84, 0xDF, 0x33, 0xE0, 0xD7, 0x61, 0x01, 0xA1, 0x5B, 0xB1, 0xCF, 0x4E, 0x2B, 0xD5, 0x47,
    0x4B, 0xEA, 0x9C, 0xA4, 0x99, 0xB6, 0xC5, 0x38, 0xF3, 0xF8, 0xB5, 0x6F, 0x82, 0x41, 0x7B, 0xC6,
    0xCF, 0x30, 0x47, 0x30, 0xB3, 0xC1, 0x6E, 0x8D, 0x4A, 0x40, 0xFB, 0x6F, 0xCE, 0x78, 0x97, 0xC5,
    0xE7, 0xAA, 0x3B, 0xD7, 0x26, 0xA3, 0x91, 0x74, 0xE7, 0xC6, 0xF4, 0x5C, 0xDA, 0x91, 0xBC, 0x06,
    0xFB, 0xB5, 0x52, 0xDD, 0xB9, 0x46, 0x70, 0xD5, 0xAA, 0x3B, 0xD7, 0x98, 0x79, 0x02, 0x32, 0xF3,
    0x9A, 0x5E, 0x02, 0xFF, 0xA8, 0x33, 0xF0, 0xE7, 0x88, 0x07, 0x4C, 0x67, 0x41, 0xB0, 0x07, 0xAA,
    0x08, 0x75, 0x77, 0x2E, 0x90, 0xDB, 0xB9, 0xBA, 0x3B, 0x27, 0x27, 0xB1, 0x19, 0xCF, 0x93, 0x73,
    0x87, 0x19, 0xD5, 0x30, 0x82, 0xDE, 0x30, 0x3A, 0x7F, 0x67, 0xD7, 0x0D, 0xEB, 0x73, 0x96, 0x9B,
    0x33, 0xCA, 0x07, 0x43, 0x99, 0xD1, 0xCF, 0x03, 0xC1, 0x3E, 0x0F, 0x7A, 0xF2, 0xB9, 0x8E, 0x44,
    0x2C, 0xF7, 0xF4, 0x6C, 0x12, 0xD4, 0x44, 0x26, 0x48, 0x3D, 0x3D, 0x3B, 0x1A, 0x0E, 0x3B, 0xAB,
    0x81, 0x72, 0xB5, 0x0E, 0x55, 0x0C, 0xF1, 0x84, 0x73, 0xDA, 0xC9, 0x0B, 0x3B, 0x70, 0x62, 0x18,
    0xBB, 0x73, 0xB5, 0xA6, 0x9D, 0x08, 0xA5, 0xDC, 0xC8, 0x96, 0x75, 0xE2, 0x68, 0xCE, 0x4D, 0x6C,
    0x63, 0x49, 0xA7, 0x31, 0x1C, 0x46, 0xD6, 0x16, 0xDE, 0x51, 0x0B, 0x0F, 0x97, 0xAD, 0x29, 0x27,
    0xA0, 0xA3, 0x58, 0xA4, 0x0E, 0xDC, 0xB9, 0x63, 0x9C, 0x1D, 0x3E, 0x20, 0xFC, 0xB2, 0x84, 0x13,
    0x22, 0x38, 0x08, 0xC4, 0x3E, 0x85, 0x60, 0xCB, 0xF0, 0x4D, 0xB0, 0x52, 0x68, 0x3F, 0xD2, 0x45,
    0x0E, 0x96, 0xE7, 0xB7, 0x3C, 0x9C, 0xE2, 0x55, 0xBA, 0xB9, 0x90, 0x0F, 0xBA, 0xEB, 0xAF, 0x88,
    0x2E, 0xCD, 0x44, 0xB0, 0x96, 0x89, 0xF0, 0xEC, 0xC5, 0xA3, 0xF8, 0x40, 0xBE, 0x9D, 0x65, 0x4A,
    0x92, 0x39, 0xE0, 0x98, 0x92, 0x62, 0x0E, 0x18, 0xE6, 0xD1, 0x04, 0xF3, 0x41, 0xC4, 0xFF, 0x21,
    0x17, 0x6D, 0x02, 0xF5, 0x28, 0xF1, 0xD2, 0x14, 0xFF, 0x3F, 0x79, 0xF1, 0x7F, 0xC4, 0xA5, 0xE4,
    0x6C, 0x92, 0xCD, 0x87, 0xAE, 0x5F, 0xC4, 0x66, 0x3F, 0xC3, 0x51, 0xC9, 0x66, 0x42, 0x43, 0xF6,
    0xCA, 0x5B, 0xA5, 0x9C, 0x66, 0x40, 0x51, 0xEA, 0xF3, 0x9F, 0x41, 0x4E, 0xB3, 0x9F, 0x20, 0x91,
    0xDC, 0x67, 0x90, 0xD3, 0xCC, 0x67, 0x90, 0xD3, 0xBC, 0x67, 0x90, 0xD3, 0xAC, 0x67, 0x90, 0xD3,
    0x9C, 0x67, 0x90, 0xD3, 0x8C, 0x67, 0x90, 0xD3, 0x7C, 0x67, 0x90, 0xD3, 0x6C, 0x67, 0x9C, 0xB2,
    0x5C, 0x67, 0x42, 0x33, 0x9D, 0x2D, 0xCB, 0x73, 0xDE, 0xDB, 0x92, 0xE5, 0x0C, 0xD2, 0x13, 0x68,
    0xFB, 0x61, 0x8A, 0xD4, 0x25, 0x81, 0x48, 0x3D, 0x12, 0x74, 0x1D, 0xCD, 0x86, 0x82, 0x48, 0x73,
    0xA1, 0xA6, 0x63, 0xFB, 0x4C, 0x68, 0x37, 0x07, 0x68, 0x9D, 0x07, 0x35, 0x62, 0x9F, 0x05, 0x35,
    0x62, 0x9F, 0x03, 0xF5, 0x97, 0x2C, 0x03, 0xEA, 0xF3, 0xFC, 0x27, 0x8A, 0x24, 0xFB, 0x89, 0x4E,
    0x86, 0xE5, 0x3E, 0x59, 0xE6, 0x33, 0x6C, 0x44, 0xDE, 0xB3, 0x62, 0x59, 0xCF, 0xB8, 0xA6, 0x39,
    0xCF, 0x95, 0x5F, 0x89, 0x8C, 0xE7, 0x62, 0xEB, 0x70, 0x3F, 0xD8, 0x2A, 0x1E, 0x9E, 0xC8, 0x36,
    0xE4, 0xDB, 0x3C, 0x8F, 0x70, 0x3C, 0xD2, 0xEF, 0x08, 0xB7, 0x23, 0xBD, 0xCE, 0x91, 0x4E, 0xE7,
    0x7C, 0x47, 0xFF, 0x98, 0x19, 0x0B, 0xCF, 0x47, 0xCA, 0x69, 0x4E, 0x3E, 0xCC, 0x67, 0xDD, 0xDB,
    0xDA, 0x31, 0xDD, 0xC5, 0xBD, 0x98, 0x77, 0x04, 0xC9, 0x46, 0xBF, 0xD6, 0x06, 0xA0, 0xAA, 0x4D,
    0xDC, 0x1B, 0xE6, 0x58, 0x68, 0xCB, 0xBB, 0xB8, 0xD7, 0xD8, 0x00, 0x23, 0x61, 0xDC, 0x3B, 0x37,
    0x46, 0x22, 0xEF, 0xA2, 0xDF, 0x06, 0xE1, 0x85, 0x12, 0xC6, 0xBD, 0xAE, 0x71, 0x32, 0x28, 0x61,
    0xDC, 0x6B, 0x6D, 0x00, 0x48, 0x26, 0xFA, 0x0D, 0x74, 0xE1, 0xB5, 0x38, 0xFA, 0x6D, 0x74, 0x63,
    0x6D, 0x40, 0xD2, 0xC5, 0xBD, 0x57, 0xED, 0x64, 0x19, 0x1B, 0xF7, 0xD6, 0xF0, 0xB9, 0x6F, 0x8B,
    0x1C, 0xEA, 0xA8, 0x4A, 0xC7, 0xD3, 0x38, 0x1A, 0x48, 0x48, 0xAF, 0xB2, 0x52, 0xB1, 0xA8, 0xDE,
    0x83, 0xDB, 0xB0, 0xC0, 0xDE, 0xFF, 0x42, 0x2B, 0x16, 0xDB, 0x87, 0xF9, 0x22, 0x61, 0xE1, 0x7D,
    0x67, 0xEA, 0xFA, 0x08, 0x7F, 0xDE, 0xBF, 0xA6, 0xB5, 0x6B, 0xB5, 0xF2, 0x73, 0x1A, 0xE7, 0x03,
    0x8F, 0xF1, 0x73, 0x1A, 0xEA, 0x7B, 0xA6, 0x81, 0x44, 0xFB, 0x81, 0xDE, 0x8F, 0x72, 0x16, 0xF0,
    0x93, 0xB7, 0xB6, 0xE7, 0x97, 0x37, 0x2F, 0xBE, 0x7E, 0xFD, 0xEB, 0xAB, 0xD3, 0xA5, 0x0D, 0xE4,
    0x8C, 0x86, 0x41, 0x08, 0x3D, 0xA8, 0xD4, 0x0D, 0x4A, 0x7B, 0xC3, 0x63, 0x8F, 0xA0, 0xF5, 0x15,
    0x56, 0x47, 0x43, 0x6E, 0x4B, 0x3D, 0x89, 0x99, 0x23, 0x45, 0x7C, 0x89, 0xD2, 0x59, 0x41, 0xBD,
    0x89, 0x99, 0xDB, 0x48, 0xFC, 0x89, 0x99, 0xDB, 0x48, 0x3C, 0x0A, 0x58, 0xB1, 0x9A, 0xFB, 0x14,
    0x55, 0x53, 0xAF, 0x02, 0x23, 0xE5, 0x0E, 0xF5, 0x2B, 0x10, 0x8F, 0xD5, 0xC4, 0xB3, 0x38, 0xFA,
    0xBE, 0x5B, 0xF1, 0x3A, 0x9A, 0x2E, 0xA9, 0x77, 0x29, 0x33, 0xAC, 0xFF, 0xF7, 0xFE, 0x25, 0xDD,
    0x6B, 0xB7, 0xD6, 0xD1, 0x94, 0x9D, 0x21, 0xC1, 0xD2, 0x0B, 0x66, 0x8A, 0x04, 0xCF, 0x30, 0x98,
    0x39, 0x12, 0x3C, 0xC9, 0xA0, 0xE2, 0xBB, 0x54, 0x85, 0x98, 0x67, 0x50, 0x87, 0x8C, 0xD8, 0x62,
    0xAA, 0xC1, 0xA9, 0xB9, 0x82, 0x30, 0xDB, 0x60, 0xE6, 0x49, 0xB0, 0x84, 0x83, 0x9D, 0x28, 0xC1,
    0x72, 0x0E, 0x81, 0x99, 0x90, 0xC1, 0xD2, 0x0E, 0x76, 0xAA, 0x04, 0xCB, 0x3C, 0x2C, 0x74, 0x12,
    0xAD, 0x78, 0xF2, 0xA1, 0x8D, 0x3F, 0xCB, 0x74, 0xC1, 0xF2, 0x0F, 0x66, 0xB6, 0x44, 0xC9, 0x52,
    0x10, 0x66, 0xBA, 0x44, 0x21, 0xB2, 0x0E, 0x38, 0x5F, 0x62, 0x38, 0x55, 0x62, 0x64, 0xAE, 0xC4,
    0xC8, 0x64, 0x89, 0x91, 0xD9, 0x12, 0x23, 0xD3, 0x25, 0xC6, 0xE6, 0x4B, 0x8C, 0x4C, 0x98, 0x38,
    0xBF, 0x19, 0x40, 0x23, 0x99, 0xB6, 0xB1, 0xDA, 0xE8, 0xD8, 0x3C, 0xA0, 0x93, 0x4F, 0x04, 0x9A,
    0x4C, 0xD6, 0x99, 0x0C, 0xD7, 0xA0, 0xE1, 0xCE, 0x64, 0xB2, 0x4E, 0x76, 0xEC, 0x25, 0xDB, 0x6B,
    0x71, 0x83, 0xDA, 0x5D, 0xBA, 0xFD, 0x7E, 0x3F, 0xDE, 0xE9, 0x5B, 0x06, 0x3A, 0xFB, 0xE1, 0xF9,
    0x8D, 0xDB, 0x69, 0x30, 0x3D, 0x2C, 0xFF, 0xDF, 0xF3, 0x54, 0x45, 0x99, 0xCC, 0x56, 0x79, 0x96,
    0x9C, 0x5E, 0xB3, 0x4F, 0xD8, 0xE0, 0x7D, 0x6B, 0xA7, 0x8A, 0x06, 0x0D, 0x57, 0xD4, 0x39, 0x1F,
    0xD3, 0x60, 0x7A, 0x58, 0x9E, 0x89, 0x1C, 0x83, 0x21, 0x22, 0x9F, 0xD3, 0x1B, 0x28, 0x5E, 0x0B,
    0x13, 0xCD, 0x26, 0xC6, 0xE1, 0xB8, 0xF1, 0x71, 0x70, 0x50, 0xB2, 0x17, 0xFD, 0x13, 0xA7, 0xB6,
    0x10, 0xBE, 0x17, 0x2B, 0xE8, 0x27, 0x4A, 0xF9, 0xE6, 0x76, 0x99, 0x52, 0xCF, 0xFA, 0x6E, 0x60,
    0x04, 0x49, 0x95, 0x78, 0x43, 0xCD, 0x6D, 0x94, 0xB7, 0x56, 0xE2, 0x5C, 0x1D, 0xC4, 0x29, 0xA5,
    0x7F, 0xB1, 0xAA, 0x43, 0xC6, 0x00, 0xA3, 0xF7, 0x2A, 0x1C, 0x65, 0x84, 0x04, 0xEA, 0x12, 0x46,
    0x1B, 0xE1, 0x81, 0xBE, 0xCE, 0x83, 0x25, 0xA3, 0x82, 0xBA, 0xCD, 0x72, 0xCA, 0x06, 0x71, 0x18,
    0x25, 0x94, 0x10, 0xDE, 0x77, 0x48, 0x2E, 0xC5, 0x8E, 0x22, 0x27, 0xF9, 0xFF, 0xDA, 0x45, 0x7B,
    0x3C, 0x25, 0xE4, 0x50, 0x66, 0xC9, 0xA5, 0xB5, 0xAC, 0x64, 0x8C, 0xDB, 0xDB, 0x3D, 0x7C, 0x2D,
    0x6D, 0xF4, 0xBC, 0x59, 0x3D, 0xE6, 0xB6, 0x59, 0x49, 0x57, 0x8F, 0x79, 0x65, 0xD0, 0xB0, 0xD5,
    0x63, 0x4B, 0xBC, 0x8A, 0xAC, 0x1E, 0x03, 0x4A, 0x9F, 0xD3, 0xD5, 0x63, 0xF9, 0xEC, 0x6F, 0x25,
    0x5D, 0x3D, 0xB6, 0x0C, 0x3E, 0x58, 0x91, 0xD5, 0x63, 0xB3, 0x32, 0xFC, 0x43, 0x4D, 0x56, 0x8F,
    0x79, 0xD5, 0x22, 0xA9, 0xE9, 0xEA, 0x31, 0xD0, 0x52, 0x4D, 0x57, 0x8F, 0x65, 0xB5, 0xAA, 0xF9,
    0xEA, 0xB1, 0xDF, 0xD4, 0x74, 0xF5, 0x58, 0x0B, 0xA6, 0x8F, 0xAE, 0x1E, 0xDB, 0x8F, 0xF0, 0x85,
    0xE8, 0xEA, 0xB1, 0x2F, 0xB1, 0xF7, 0xFF, 0xE6, 0x96, 0xB4, 0xCF, 0x62, 0xCB, 0x95, 0xA7, 0x3D,
    0x2E, 0x33, 0x2F, 0x83, 0xEE, 0xA2, 0xF7, 0x31, 0x60, 0xF3, 0x89, 0x87, 0x09, 0xB7, 0xE4, 0x46,
    0x01, 0xCF, 0xC4, 0xB7, 0xCC, 0x0A, 0xEA, 0x59, 0xBC, 0x82, 0xFA, 0x15, 0xAF, 0xA4, 0x5E, 0xC5,
    0x2B, 0xA8, 0x4F, 0x99, 0x15, 0x34, 0x37, 0x1A, 0x2E, 0x99, 0x3F, 0xC9, 0xD9, 0x2C, 0xD0, 0x63,
    0xE7, 0x46, 0x95, 0x3B, 0x98, 0xEF, 0x5B, 0xEE, 0x6A, 0x70, 0xF7, 0x8F, 0xEE, 0xAF, 0x8E, 0xF9,
    0x2A, 0xC9, 0x7B, 0x95, 0x64, 0xBD, 0xAF, 0x48, 0xCE, 0x2B, 0x19, 0x2F, 0xAF, 0x09, 0x62, 0xE5,
    0xA3, 0x12, 0x6C, 0x17, 0x2B, 0xCA, 0xB2, 0xBE, 0xCE, 0x99, 0x2E, 0x96, 0x2D, 0x18, 0xCF, 0x0D,
    0x5B, 0x25, 0x4B, 0xEC, 0x3A, 0x15, 0x35, 0x76, 0x9D, 0xF3, 0x22, 0xFB, 0x9E, 0xCE, 0x07, 0x64,
    0x76, 0xD0, 0x30, 0xE0, 0xB6, 0x03, 0x66, 0x3B, 0xE0, 0xB5, 0x03, 0x56, 0x3B, 0xE4, 0xB4, 0x03,
    0x46, 0xBB, 0x8D, 0xCF, 0x0A, 0x53, 0x22, 0x66, 0xF4, 0x0B, 0xF1, 0x12, 0xAF, 0x2E, 0x6D, 0xFA,
    0x58, 0xB7, 0xFD, 0xD3, 0x6C, 0xAA, 0x4B, 0xD6, 0xA2, 0x6F, 0xAA, 0x4B, 0x0E, 0xAF, 0x2E, 0x61,
    0x41, 0x84, 0x54, 0x97, 0xFC, 0x25, 0xAB, 0x2E, 0x61, 0xC9, 0x80, 0x54, 0x97, 0x70, 0x5C, 0x90,
    0xEA, 0x52, 0xC8, 0xAB, 0x4B, 0x11, 0xAF, 0x2E, 0x65, 0xB2, 0xBA, 0xD4, 0xD0, 0xEA, 0x52, 0xA5,
    0x5B, 0x5E, 0x5D, 0x6A, 0x4E, 0x53, 0x5D, 0xBA, 0xC4, 0x8D, 0xC7, 0xBA, 0x9B, 0xE2, 0x51, 0x31,
    0x7C, 0x84, 0xAA, 0x4B, 0x93, 0x25, 0x3C, 0x67, 0x4B, 0x78, 0x1C, 0x2A, 0xCC, 0x95, 0xC7, 0x15,
    0xBD, 0x8B, 0x04, 0x4F, 0xB6, 0xF6, 0x41, 0xDB, 0x5A, 0x27, 0x15, 0xB6, 0x76, 0xD3, 0x9D, 0x6B,
    0x5B, 0xBB, 0x69, 0x58, 0xDB, 0x5A, 0xAF, 0x38, 0x95, 0xAD, 0x1D, 0x2C, 0xB6, 0xCA, 0x76, 0xC8,
    0x57, 0xC6, 0x13, 0xC5, 0x32, 0x4B, 0x2C, 0x53, 0xC4, 0xE6, 0xED, 0xEE, 0x56, 0x86, 0x76, 0x6D,
    0x6E, 0xED, 0xD4, 0xEC, 0xF5, 0x71, 0x01, 0x1D, 0xA9, 0xE9, 0xD8, 0xB4, 0x30, 0x8C, 0x48, 0xB6,
    0x78, 0x2E, 0x4A, 0xF8, 0xD2, 0x39, 0x68, 0x62, 0x0B, 0xE7, 0x16, 0x09, 0x5B, 0x36, 0x87, 0x13,
    0x4C, 0xC4, 0xA2, 0xB9, 0x8A, 0x2D, 0x99, 0xFB, 0x54, 0xD7, 0x6C, 0xC1, 0x5C, 0xBA, 0xA8, 0xE4,
    0x72, 0xB9, 0x69, 0x2A, 0xE5, 0x84, 0x97, 0x8B, 0x85, 0x97, 0x7E, 0x01, 0xC8, 0xDA, 0x0E, 0xDA,
    0xF5, 0x1F, 0x9B, 0x78, 0xC8, 0x2E, 0xFF, 0xE8, 0xE3, 0x21, 0xB3, 0xFA, 0xC3, 0x30, 0x94, 0x7E,
    0xF1, 0x87, 0xE9, 0xA7, 0x7E, 0xED, 0x07, 0x8A, 0x64, 0xE9, 0x07, 0xF6, 0x1A, 0xDD, 0x3B, 0xE0,
    0x90, 0xEF, 0x1C, 0xD0, 0xF0, 0x7D, 0x03, 0x5A, 0xB6, 0x6B, 0xC0, 0x6C, 0xB0, 0xEA, 0xA3, 0xA4,
    0x8B, 0x3E, 0xEE, 0xEA, 0x8A, 0xEE, 0x17, 0x00, 0x1E, 0x55, 0x2C, 0xF9, 0x38, 0xF6, 0x6C, 0x9B,
    0x4B, 0x4E, 0x4A, 0x43, 0x88, 0xE8, 0x27, 0x25, 0xAD, 0xA8, 0xC7, 0x7F, 0x64, 0x62, 0xF8, 0xDD,
    0xE5, 0xA3, 0x31, 0xDB, 0x7E, 0x90, 0x71, 0xDE, 0xB0, 0x64, 0x33, 0xB1, 0x6D, 0xC3, 0x91, 0xD1,
    0xD9, 0xF5, 0x0C, 0x19, 0xFB, 0xB8, 0xE7, 0xC7, 0xF8, 0xDA, 0x3D, 0x3B, 0xC6, 0xD7, 0xEC, 0xB9,
    0x31, 0x4A, 0x3D, 0x33, 0xC6, 0xA1, 0xD0, 0xF3, 0x62, 0x90, 0x08, 0x2B, 0x86, 0xA1, 0x43, 0x39,
    0x71, 0xAC, 0x18, 0x23, 0x56, 0x94, 0x0F, 0x37, 0x6C, 0x2F, 0x95, 0x15, 0xDB, 0x49, 0x25, 0x51,
    0xDB, 0xF7, 0x51, 0x39, 0xE2, 0xF8, 0xC1, 0x57, 0x69, 0x87, 0xD5, 0x0B, 0x26, 0x31, 0x3B, 0xB3,
    0xFA, 0xF6, 0x11, 0x71, 0x4A, 0x71, 0xE2, 0x38, 0xC5, 0x59, 0xAA, 0xF3, 0x3F, 0xA6, 0x00, 0x67,
    0xD4, 0xF4, 0xDD, 0x14, 0xB6, 0x0F, 0x1F, 0x8C, 0x19, 0x3F, 0x6C, 0x60, 0xD6, 0xCF, 0x29, 0x4F,
    0x1C, 0xE0, 0x9C, 0xB6, 0x28, 0x3A, 0x28, 0x89, 0x0E, 0x0A, 0xA2, 0x27, 0x2B, 0x87, 0xFA, 0xDF,
    0x11, 0x60, 0x0C, 0xDF, 0x5F, 0xC9, 0x06, 0x39, 0x93, 0xF4, 0xEA, 0xF2, 0xEC, 0x90, 0x7A, 0x5E,
    0x42, 0x2A, 0x96, 0x90, 0x9A, 0x0B, 0x48, 0x21, 0x16, 0x18, 0xA4, 0x54, 0x23, 0x20, 0xA5, 0x6A,
    0x01, 0x29, 0xB7, 0x11, 0x90, 0x42, 0x13, 0x2F, 0x21, 0x55, 0x72, 0x48, 0xFD, 0x49, 0xAF, 0x18,
    0xA4, 0x5A, 0xD7, 0x5E, 0xF1, 0xE8, 0xC7, 0xCC, 0x13, 0xA4, 0x26, 0x48, 0x9D, 0x1B, 0xA4, 0x4E,
    0xED, 0xA3, 0x26, 0xED, 0x3F, 0x58, 0xED, 0x3F, 0xBC, 0x84, 0xE7, 0x23, 0x60, 0x50, 0x26, 0x14,
    0x4E, 0x28, 0x5C, 0x89, 0xFC, 0xAA, 0x08, 0xB2, 0x65, 0x0C, 0x6E, 0x22, 0xB8, 0x17, 0x8E, 0xA6,
    0xF7, 0x03, 0x7E, 0x3F, 0x20, 0xF8, 0x96, 0xE1, 0xD3, 0x7A, 0xA6, 0xA1, 0xF8, 0x94, 0x2A, 0x19,
    0x8E, 0x4F, 0x3A, 0xCA, 0x92, 0x7C, 0xCC, 0xB4, 0x32, 0x96, 0x8F, 0x3D, 0xC7, 0x68, 0x3E, 0x52,
    0x35, 0xC6, 0xF3, 0x71, 0xF3, 0x0B, 0xB6, 0x9F, 0x12, 0x26, 0x71, 0x05, 0xD3, 0x6F, 0x15, 0xA3,
    0xFA, 0x35, 0x30, 0x63, 0xC6, 0xF5, 0x97, 0x51, 0xAB, 0x06, 0x7B, 0x29, 0x4D, 0x06, 0x45, 0x4D,
    0x90, 0x7A, 0xCC, 0x21, 0x75, 0x6D, 0xD0, 0x82, 0x8A, 0xE0, 0xFB, 0xAA, 0xD9, 0x5D, 0xD3, 0xF8,
    0x57, 0xA0, 0x32, 0xBA, 0x85, 0x85, 0x4C, 0x1D, 0x76, 0x6D, 0x21, 0x53, 0x88, 0x5D, 0x5E, 0xC8,
    0x54, 0x82, 0x2F, 0x21, 0xB2, 0x79, 0x76, 0x91, 0x21, 0x53, 0x8B, 0x35, 0xE5, 0x4C, 0x31, 0x2A,
    0x6A, 0x9B, 0xC1, 0xEE, 0x69, 0x05, 0x74, 0x17, 0x57, 0x0E, 0xCE, 0xC3, 0x28, 0xF8, 0xFE, 0x69,
    0xB8, 0xE6, 0xB0, 0x14, 0x1B, 0xA8, 0xC1, 0xC7, 0xC5, 0x70, 0x07, 0xB5, 0x53, 0xCD, 0x0B, 0xBE,
    0x32, 0x54, 0xD5, 0xE1, 0x50, 0x59, 0x7A, 0xA8, 0xAE, 0x1B, 0xE3, 0x0A, 0xBB, 0xB8, 0xF3, 0x82,
    0x07, 0x2E, 0x3F, 0x26, 0x8E, 0x3F, 0xEE, 0x92, 0x5A, 0x8D, 0x70, 0xFA, 0x31, 0x43, 0x97, 0xF1,
    0xFA, 0xEA, 0x7A, 0x25, 0xDC, 0x7E, 0x77, 0xA6, 0xA9, 0x4F, 0x38, 0x73, 0xC7, 0x8F, 0x67, 0xEE,
    0xF9, 0x41, 0xDF, 0x09, 0x73, 0xFD, 0xA8, 0x75, 0xEE, 0xFB, 0x9D, 0x6C, 0x98, 0x26, 0x59, 0x29,
    0xC5, 0xBD, 0x7F, 0xBB, 0xCE, 0xD9, 0xAC, 0xDD, 0xBF, 0x79, 0xAD, 0x21, 0x56, 0x4E, 0xB1, 0x01,
    0x9F, 0xCC, 0x96, 0x0C, 0xD3, 0x25, 0xC3, 0x7C, 0xC9, 0x11, 0x09, 0x93, 0x2D, 0xB0, 0x99, 0x86,
    0xFA, 0x85, 0x1B, 0xEA, 0x83, 0xD8, 0x7D, 0x3C, 0x5E, 0xDF, 0xD2, 0xFA, 0x40, 0x92, 0x9E, 0xC7,
    0x89, 0xF1, 0xBD, 0xE5, 0x58, 0xA0, 0xDF, 0x93, 0xE8, 0x75, 0xB4, 0x8F, 0x75, 0x20, 0xAF, 0x90,
    0x21, 0x7F, 0x85, 0x6B, 0x2E, 0x4B, 0x11, 0xF7, 0x3B, 0x00, 0x95, 0xD4, 0x2B, 0x45, 0xF0, 0xEF,
    0xAE, 0x00, 0x33, 0xD8, 0x3A, 0xD8, 0xD7, 0xC2, 0xB4, 0xF2, 0x84, 0x29, 0x96, 0x05, 0xBC, 0x4A,
    0x70, 0x01, 0xBF, 0x54, 0x8B, 0x04, 0x0B, 0xF7, 0x3C, 0x75, 0x5A, 0x29, 0x9C, 0xD2, 0x31, 0x64,
    0x05, 0x70, 0x64, 0xAD, 0x30, 0x0E, 0xB1, 0xFE, 0xAF, 0xD6, 0x81, 0xE6, 0x06, 0xA2, 0x02, 0xE4,
    0x67, 0x95, 0xAB, 0xC7, 0x50, 0x36, 0x8E, 0xBD, 0x71, 0xF8, 0xA9, 0xD1, 0x45, 0x28, 0x6A, 0x74,
    0x1D, 0x8A, 0x1A, 0x5D, 0x8A, 0xA2, 0xC6, 0x57, 0xA3, 0x8C, 0xA3, 0xF1, 0xF8, 0xBE, 0xE7, 0x1B,
    0xF7, 0x46, 0x34, 0xEF, 0x91, 0x8D, 0x1E, 0x7A, 0xCD, 0x47, 0xE4, 0xCB, 0xFB, 0x7F, 0xEB, 0x0F,
    0xAF, 0x97, 0x03, 0xCD, 0xCF, 0x5A, 0x3B, 0xA7, 0x82, 0x9A, 0xFE, 0x0A, 0x57, 0x44, 0xB2, 0xED,
    0x39, 0x30, 0x41, 0xBE, 0xC2, 0x65, 0x93, 0x80, 0x0A, 0x9E, 0x25, 0x5F, 0x61, 0xBD, 0x04, 0x5A,
    0x85, 0xE6, 0x51, 0xC1, 0xAE, 0xD8, 0xDD, 0xC4, 0x5F, 0xE1, 0xE2, 0x50, 0xF8, 0x8F, 0x69, 0x3E,
    0x6A, 0xBA, 0x05, 0xC6, 0x52, 0xF3, 0x7F, 0x7E, 0xF5, 0xB6, 0xD6, 0x0D, 0xD3, 0x7C, 0x1B, 0x75,
    0x90, 0x60, 0x9A, 0x5F, 0xED, 0x61, 0xD3, 0xBE, 0xB1, 0x60, 0x54, 0xC7, 0x4F, 0xDF, 0xBA, 0xF5,
    0xCA, 0x63, 0xA1, 0xF9, 0xF3, 0x88, 0x40, 0xC6, 0x83, 0x90, 0xF1, 0x38, 0xE4, 0xCC, 0xA1, 0xC8,
    0x98, 0xB1, 0x1A, 0x6D, 0x8D, 0x93, 0xE3, 0xB7, 0x3E, 0x33, 0xD6, 0xE8, 0x2D, 0xC7, 0x66, 0x68,
    0xFB, 0x9F, 0xD6, 0xC7, 0x6E, 0x75, 0xD3, 0x9B, 0x93, 0x55, 0x9E, 0xAC, 0xF2, 0x93, 0x32, 0x36,
    0xC3, 0xF1, 0x71, 0x98, 0x1E, 0xBF, 0xF5, 0xD2, 0x83, 0xE9, 0x96, 0xC9, 0xBF, 0x4D, 0xFE, 0xED,
    0xD1, 0x1F, 0x43, 0xD3, 0x0E, 0x78, 0x7C, 0x84, 0x3D, 0x46, 0x3B, 0xE0, 0xAD, 0xAB, 0x94, 0xB2,
    0x48, 0x29, 0x6B, 0x94, 0x83, 0x12, 0xE5, 0x45, 0x9A, 0x76, 0xF8, 0xB0, 0xF7, 0x61, 0x3B, 0x38,
    0xA3, 0x7C, 0xB8, 0x45, 0xBE, 0xC6, 0x65, 0x93, 0xD3, 0x9E, 0x8B, 0x94, 0xF6, 0x5C, 0x64, 0xB4,
    0xE7, 0x22, 0xAD, 0x32, 0x17, 0x39, 0x95, 0xB9, 0x48, 0x67, 0x2F, 0x44, 0x36, 0x7B, 0x21, 0x92,
    0xD9, 0x0B, 0x91, 0x47, 0x01, 0x1C, 0xF1, 0x69, 0x90, 0x85, 0xCC, 0x64, 0xE7, 0x2C, 0x7D, 0xF2,
    0x1F, 0xBD, 0x14, 0xD3, 0x20, 0xF3, 0x69, 0xDA, 0xEC, 0x89, 0x03, 0xED, 0x41, 0x8C, 0xCD, 0x42,
    0x83, 0x27, 0xAA, 0xC4, 0xF9, 0x8C, 0x9B, 0x72, 0x04, 0xC4, 0x2F, 0x17, 0x1C, 0x02, 0xF1, 0x4F,
    0x0B, 0x8E, 0x81, 0x68, 0xB6, 0xBC, 0xA8, 0x75, 0xB1, 0x09, 0x0E, 0x3B, 0x66, 0xDD, 0x50, 0x38,
    0x18, 0x07, 0x46, 0xE1, 0x60, 0x1B, 0x08, 0x1C, 0x8C, 0x4B, 0xBB, 0xA0, 0x70, 0x98, 0x4A, 0x9C,
    0xBB, 0xAD, 0x83, 0x83, 0x0A, 0xA0, 0xD6, 0xC1, 0x43, 0x80, 0x51, 0xEB, 0x30, 0x5B, 0xB5, 0xDC,
    0x43, 0xB8, 0xE5, 0x1D, 0x75, 0x61, 0xE1, 0xB0, 0x97, 0x4A, 0x3C, 0x2C, 0x2A, 0x01, 0x08, 0xB2,
    0xC0, 0xB1, 0x43, 0xC4, 0xEC, 0x7E, 0x26, 0x20, 0x61, 0x76, 0xCD, 0x63, 0x98, 0x88, 0xD2, 0xBE,
    0x8B, 0x2D, 0x28, 0xCC, 0xDE, 0x79, 0x0C, 0x15, 0x87, 0x24, 0xD8, 0xB5, 0xB0, 0xD0, 0x98, 0x77,
    0xA1, 0xB8, 0xC0, 0x4D, 0xF4, 0x6A, 0x06, 0x0C, 0x5F, 0xAF, 0x3C, 0x9D, 0x30, 0x64, 0x7C, 0xD0,
    0xBE, 0xB6, 0xA1, 0x89, 0x16, 0x1A, 0x66, 0x37, 0x3D, 0x8A, 0x0D, 0x9C, 0x24, 0xFE, 0x52, 0xC3,
    0xC1, 0x81, 0x7B, 0xEA, 0x4D, 0x3F, 0xB7, 0x76, 0x82, 0x23, 0xF0, 0x24, 0xAD, 0xC5, 0x85, 0x0D,
    0xC2, 0x85, 0xBC, 0x23, 0x5B, 0x2E, 0xB9, 0xE9, 0xF9, 0xBC, 0xE3, 0xA0, 0x60, 0x38, 0x63, 0x06,
    0xEC, 0x9A, 0xE9, 0xE1, 0x95, 0xC0, 0xF3, 0xE2, 0xE3, 0x5A, 0xE0, 0xB9, 0x75, 0x1A, 0x8E, 0x67,
    0x00, 0xB0, 0xC0, 0xB3, 0x5B, 0x51, 0x97, 0x87, 0x78, 0xEE, 0x32, 0x19, 0x04, 0xCF, 0xB6, 0x85,
    0xE2, 0xD9, 0xB1, 0xC0, 0xA7, 0x78, 0x36, 0xDF, 0xC5, 0xC3, 0xDF, 0x77, 0x2A, 0x61, 0xE8, 0x22,
    0x7C, 0xA8, 0xC1, 0xCF, 0xAD, 0x25, 0xBC, 0x86, 0x88, 0xF3, 0xE4, 0x99, 0xAD, 0x6B, 0xAF, 0xDE,
    0xB6, 0xD7, 0x4C, 0x3F, 0x1F, 0x78, 0x6A, 0x3C, 0x4F, 0x8B, 0x4B, 0x1F, 0x97, 0x85, 0xFC, 0x8F,
    0x4A, 0xB8, 0xED, 0xBF, 0xCD, 0xB3, 0x47, 0xE1, 0x7B, 0xAB, 0xAD, 0xF2, 0xB6, 0x09, 0xAA, 0xC7,
    0x3A, 0xDE, 0x4C, 0x44, 0xEE, 0xF1, 0x34, 0xBF, 0xE5, 0x66, 0x0F, 0x5C, 0xFB, 0x85, 0xBF, 0xE5,
    0x46, 0x37, 0xB8, 0xC1, 0xDF, 0x72, 0xA3, 0xFB, 0xDB, 0xE0, 0x6F, 0xB7, 0xD1, 0xED, 0x6D, 0xCC,
    0x6F, 0xB9, 0x91, 0xDD, 0x6D, 0x32, 0xBB, 0x4A, 0x72, 0xB3, 0xB9, 0x4D, 0x6C, 0xFF, 0x76, 0xB3,
    0xB7, 0x4D, 0x68, 0x93, 0xD5, 0x9B, 0xAD, 0x6D, 0xEC, 0x2E, 0xFC, 0xFD, 0xCE, 0x36, 0x16, 0xC3,
    0xFD, 0xC6, 0x36, 0x66, 0xAD, 0x19, 0xD9, 0xD7, 0xC6, 0xFC, 0x96, 0x1B, 0xDB, 0xD6, 0xA6, 0x54,
    0x6C, 0x57, 0x1B, 0xB8, 0x31, 0xDD, 0xD4, 0x86, 0x6C, 0x73, 0x3A, 0xBA, 0x8A, 0xFD, 0x22, 0xED,
    0x38, 0xFB, 0xB8, 0xED, 0x37, 0xFD, 0x3F, 0xED, 0x5D, 0x4F, 0x8C, 0xDD, 0xC6, 0x79, 0x1F, 0x92,
    0xBB, 0xCB, 0x5A, 0xB4, 0x45, 0x1F, 0xEC, 0xC0, 0xD1, 0x5A, 0x66, 0x81, 0xAA, 0x85, 0xD2, 0xAC,
    0x44, 0xA1, 0x10, 0xD0, 0x4D, 0xB1, 0x5A, 0xD2, 0x71, 0xD1, 0x1C, 0x72, 0x88, 0x0E, 0x55, 0xDA,
    0xC6, 0x28, 0xEC, 0x00, 0x39, 0x34, 0x6A, 0x62, 0xED, 0xC1, 0x2D, 0x14, 0xC0, 0x7A, 0x64, 0x9C,
    0x43, 0x5B, 0x04, 0x68, 0x1E, 0xDA, 0x04, 0x39, 0xF8, 0x50, 0x1D, 0xA2, 0xA2, 0x91, 0xDB, 0x4A,
    0x05, 0x74, 0x50, 0x02, 0xED, 0x92, 0x89, 0x81, 0xFA, 0x10, 0xA0, 0x7E, 0x6E, 0xFE, 0xF4, 0x90,
    0x43, 0xE8, 0x46, 0xA9, 0x13, 0x27, 0x85, 0x98, 0x80, 0xAE, 0xB9, 0x16, 0x1F, 0xA7, 0xDF, 0xF7,
    0xCD, 0x0C, 0x39, 0xE4, 0xE3, 0xFE, 0x91, 0xBC, 0x36, 0x64, 0x43, 0x94, 0x1E, 0xDF, 0xCC, 0xF7,
    0xF8, 0x67, 0xFE, 0xFC, 0xE6, 0x9B, 0xEF, 0xDF, 0xCC, 0x32, 0xA6, 0x1F, 0x0F, 0x86, 0xAC, 0x7B,
    0xD8, 0xBC, 0xD4, 0x72, 0x9F, 0x86, 0x4F, 0xC4, 0x79, 0x4B, 0xB0, 0x78, 0xCA, 0x4C, 0xFE, 0x1A,
    0x8F, 0x1B, 0x8A, 0xCB, 0x73, 0x66, 0x17, 0xCC, 0x4F, 0x1B, 0x4A, 0xF0, 0xC3, 0x92, 0x39, 0x13,
    0xE6, 0xB6, 0x94, 0xC4, 0xA8, 0xF0, 0x1A, 0xB7, 0xBD, 0xAB, 0x62, 0x1B, 0xCC, 0x9A, 0x32, 0xBF,
    0x79, 0xBD, 0x55, 0xB0, 0x08, 0x2E, 0x8C, 0x03, 0xC6, 0xE6, 0x64, 0x49, 0x72, 0x16, 0x84, 0xCC,
    0x7B, 0x65, 0xCA, 0x98, 0x2F, 0x5F, 0x55, 0x32, 0x2F, 0x65, 0xF6, 0xCD, 0x02, 0xDE, 0x01, 0x59,
    0xB8, 0xD9, 0x9B, 0x32, 0x6F, 0x02, 0x05, 0x9A, 0x30, 0x36, 0xC2, 0x37, 0x4F, 0xA1, 0xB4, 0xA1,
    0x57, 0xB0, 0x45, 0xBE, 0xC9, 0xD8, 0x3A, 0x52, 0x38, 0xE7, 0xFE, 0xEB, 0x09, 0xA7, 0x63, 0x02,
    0x8F, 0x62, 0x06, 0xE7, 0x95, 0xC3, 0x6B, 0xC8, 0x3E, 0xCB, 0x79, 0x56, 0xE1, 0x73, 0x3D, 0x9E,
    0x19, 0xBC, 0xF4, 0xF9, 0x75, 0xB8, 0x8F, 0xAE, 0xC1, 0xE2, 0xB3, 0x03, 0x63, 0x59, 0xB4, 0x86,
    0xD2, 0xD6, 0x87, 0x4A, 0x93, 0x6A, 0x94, 0x00, 0xAB, 0x16, 0xC5, 0x1A, 0xC5, 0x2F, 0xB0, 0x31,
    0xF5, 0xA6, 0x75, 0xF8, 0x85, 0x8F, 0xF3, 0x4A, 0xA7, 0x98, 0x54, 0xAA, 0x4E, 0xFB, 0xFB, 0x1C,
    0x8B, 0xAE, 0x1F, 0xC6, 0xE9, 0xAF, 0xB3, 0x3D, 0x39, 0xC6, 0x87, 0x7A, 0x04, 0xAB, 0xA8, 0xFB,
    0x94, 0xB2, 0x4F, 0x31, 0xF3, 0x73, 0xB7, 0xF8, 0x9A, 0xB9, 0x19, 0xCA, 0xCC, 0x13, 0xBA, 0xED,
    0x82, 0x47, 0x54, 0xCF, 0x5C, 0x92, 0xF5, 0x28, 0x7E, 0xFF, 0x12, 0x63, 0xE6, 0x12, 0xA7, 0x7F,
    0x09, 0xF3, 0xFA, 0x97, 0x68, 0x90, 0x6B, 0x28, 0x69, 0x9F, 0xE2, 0x16, 0x7D, 0x8A, 0x35, 0xED,
    0x64, 0x71, 0x5C, 0x70, 0xFD, 0x41, 0x38, 0x2E, 0x58, 0xA0, 0x77, 0x25, 0x8E, 0x0B, 0xE6, 0xE8,
    0x0F, 0xC2, 0x71, 0xC1, 0x4C, 0x1D, 0x00, 0x38, 0x2E, 0xE0, 0x41, 0x1A, 0x05, 0xC7, 0x85, 0x44,
    0x93, 0x3E, 0x2E, 0x98, 0x3B, 0xE9, 0x8D, 0x0B, 0xE6, 0xE4, 0xBD, 0x71, 0xC1, 0xEC, 0xB2, 0x37,
    0x2E, 0x98, 0x33, 0xED, 0x8D, 0x0B, 0x76, 0x86, 0x8F, 0xFB, 0xE3, 0x22, 0xE2, 0x71, 0x77, 0x5C,
    0x4C, 0x5D, 0x9E, 0x76, 0xC6, 0x05, 0x1F, 0x1B, 0x49, 0x7A, 0x77, 0x5C, 0xBC, 0x95, 0x71, 0x61,
    0x66, 0xDD, 0x17, 0x6C, 0x9D, 0x33, 0x26, 0x7B, 0x52, 0xA9, 0x2B, 0xDD, 0xE2, 0xDB, 0xBC, 0xA0,
    0x96, 0xC6, 0xB3, 0x01, 0xFD, 0x8C, 0x0C, 0x5C, 0x9C, 0x59, 0x65, 0x73, 0xE4, 0xF9, 0x70, 0x2E,
    0x44, 0xA7, 0x2E, 0x12, 0xB2, 0xE9, 0x8C, 0xE0, 0x89, 0xDE, 0x64, 0xF2, 0x1C, 0x10, 0xAC, 0x43,
    0x79, 0x26, 0xA8, 0xD1, 0x13, 0x7C, 0x91, 0x33, 0x69, 0xEA, 0xA0, 0x33, 0xE4, 0xCE, 0x4C, 0xB1,
    0x4B, 0xE9, 0x1C, 0x20, 0x5F, 0x4D, 0x42, 0xF6, 0x38, 0x9F, 0xF0, 0xD0, 0x98, 0x26, 0xBC, 0x26,
    0xFC, 0x21, 0x28, 0x79, 0x85, 0x1D, 0xED, 0x71, 0x79, 0xCE, 0x81, 0x07, 0x63, 0xEF, 0x8B, 0x73,
    0x78, 0xEB, 0xD5, 0xEE, 0x76, 0xE5, 0x74, 0x9B, 0xDC, 0xB5, 0xDD, 0x76, 0x96, 0x1A, 0x74, 0xBB,
    0x20, 0xED, 0x51, 0xDF, 0xCD, 0xB0, 0x9A, 0x66, 0x0C, 0x8C, 0x1B, 0x5E, 0xA3, 0xC6, 0x17, 0x9F,
    0x36, 0xCC, 0xA6, 0x1D, 0x29, 0x13, 0xE2, 0x36, 0x3A, 0xAC, 0xCE, 0xE0, 0x65, 0x1B, 0x46, 0xD5,
    0x19, 0x64, 0x3F, 0x05, 0x28, 0x74, 0x5B, 0x25, 0xAA, 0x24, 0xC3, 0x99, 0x6B, 0x99, 0x6C, 0x25,
    0x39, 0x8E, 0xDF, 0x8E, 0xD7, 0x09, 0x72, 0x48, 0x60, 0x9B, 0x92, 0xDB, 0xC0, 0x45, 0x3F, 0xCF,
    0x24, 0xCF, 0x91, 0xEC, 0xC6, 0x48, 0xB8, 0xB5, 0x89, 0x4C, 0x07, 0x86, 0xBB, 0xE2, 0x37, 0xBC,
    0x80, 0x3E, 0xAD, 0x03, 0xE0, 0x3A, 0x99, 0x64, 0x38, 0xBC, 0x0E, 0x59, 0x22, 0xD8, 0x4E, 0x2E,
    0x39, 0x0E, 0x56, 0x71, 0x51, 0xF0, 0x9D, 0xAC, 0xC7, 0x60, 0x90, 0xF1, 0xCC, 0xF2, 0x9C, 0x01,
    0xA6, 0x33, 0xC0, 0x75, 0x06, 0xD8, 0xCE, 0x00, 0xDF, 0x19, 0x62, 0x3C, 0x03, 0x9C, 0x67, 0xEF,
    0x58, 0xCF, 0x20, 0xFB, 0x19, 0xE0, 0x3F, 0x03, 0x0C, 0xE8, 0xD6, 0x67, 0x66, 0x7F, 0x9B, 0x79,
    0xF0, 0xB6, 0x73, 0x9D, 0x46, 0xF6, 0xF6, 0x26, 0x07, 0x7D, 0xB9, 0x10, 0xEA, 0xB9, 0x08, 0x3A,
    0x2F, 0xA9, 0x43, 0xD1, 0xCF, 0x26, 0x42, 0x5E, 0x30, 0x2B, 0xC8, 0x39, 0x9B, 0xD0, 0xA9, 0x09,
    0xF1, 0x0A, 0xC8, 0xB9, 0x13, 0x9C, 0x1A, 0x8D, 0xA4, 0xA0, 0x5C, 0x10, 0xE2, 0xCD, 0xD0, 0xCF,
    0xE7, 0x31, 0x17, 0xD1, 0x24, 0x0A, 0xB0, 0xCB, 0x31, 0x37, 0x15, 0xE3, 0xD7, 0xA2, 0x9C, 0xC1,
    0x05, 0x13, 0x46, 0x46, 0xE6, 0xA6, 0x16, 0x8F, 0xAD, 0x0A, 0xD1, 0x72, 0x23, 0x86, 0x9C, 0xC3,
    0x73, 0x8B, 0xB3, 0x05, 0x98, 0x15, 0x0B, 0xC0, 0x55, 0xF2, 0x62, 0xFD, 0x04, 0x61, 0x04, 0xD8,
    0x25, 0x0F, 0xF9, 0xA3, 0x9C, 0xDF, 0x40, 0x78, 0x20, 0xB0, 0xE1, 0x91, 0x3E, 0xB7, 0x11, 0xD2,
    0x30, 0xCB, 0x5E, 0xC7, 0x0E, 0xFA, 0xDA, 0x2D, 0x75, 0xCF, 0x42, 0xA7, 0x61, 0xBB, 0x80, 0xF6,
    0x3A, 0x39, 0x37, 0xBE, 0x55, 0x8C, 0x99, 0x3D, 0x5E, 0xE5, 0xE7, 0x3D, 0xD8, 0xE7, 0x3D, 0xC8,
    0x87, 0x5D, 0x41, 0xAB, 0x2B, 0x0F, 0xB9, 0x3D, 0xCE, 0x1C, 0xF4, 0xC4, 0xA5, 0x3E, 0xE3, 0xAE,
    0x7A, 0xA5, 0xE9, 0x43, 0x39, 0x89, 0x07, 0x4B, 0x67, 0x8C, 0xE5, 0xC9, 0xAE, 0x14, 0x73, 0x62,
    0xC8, 0x65, 0xA0, 0x3C, 0xA2, 0xD0, 0xF8, 0x9C, 0x04, 0x5F, 0x16, 0xA5, 0x54, 0x2A, 0x20, 0x1B,
    0x35, 0xA6, 0x49, 0xEA, 0x0B, 0x32, 0xC0, 0x82, 0x55, 0xB8, 0x90, 0xB6, 0x0B, 0x2A, 0x15, 0xB4,
    0xA2, 0x9B, 0x61, 0xB7, 0x23, 0x1F, 0x04, 0x89, 0x0E, 0xDA, 0xD8, 0x4B, 0xA9, 0xE3, 0x39, 0xC9,
    0x8E, 0x4E, 0x06, 0x3D, 0x4C, 0x3C, 0x12, 0xEE, 0x74, 0x01, 0x13, 0x39, 0x3E, 0x19, 0x59, 0x4E,
    0x90, 0x32, 0xFF, 0x52, 0x6A, 0x95, 0x0C, 0x1A, 0x8A, 0xD3, 0xB3, 0x59, 0xE0, 0x16, 0xD6, 0xD4,
    0x04, 0xFE, 0x01, 0xDC, 0xD8, 0x00, 0x48, 0x06, 0x16, 0x7F, 0x0E, 0x50, 0xC9, 0xBF, 0x8A, 0xF0,
    0x98, 0xF2, 0xE9, 0x88, 0x11, 0x4E, 0x22, 0x7E, 0x13, 0xBE, 0xB2, 0xA8, 0xDE, 0x80, 0x56, 0xFD,
    0x28, 0x0F, 0x1D, 0xFE, 0x2D, 0xC4, 0x8A, 0x33, 0x5D, 0x67, 0x06, 0xE1, 0x43, 0x71, 0x92, 0xF5,
    0x5E, 0xA3, 0x6C, 0xF4, 0xF2, 0xA3, 0xBE, 0xC4, 0xDC, 0xCB, 0x07, 0x3B, 0xE5, 0x7B, 0x9D, 0xE2,
    0xF7, 0x1A, 0xDD, 0xEB, 0x49, 0xC1, 0xEE, 0x0E, 0x79, 0xA7, 0xC7, 0x26, 0xED, 0xDE, 0xA4, 0x69,
    0x6E, 0x33, 0x7B, 0xAF, 0x6E, 0x5B, 0xD4, 0x3B, 0x38, 0x6B, 0x8C, 0x3B, 0xCD, 0x09, 0x88, 0x34,
    0x08, 0x85, 0x94, 0x45, 0x40, 0xC2, 0xA4, 0x96, 0xC9, 0x2C, 0xE1, 0x91, 0xD3, 0xCF, 0xC8, 0x33,
    0x09, 0x8E, 0x70, 0x4D, 0x26, 0xB2, 0x5C, 0xF0, 0x26, 0xAF, 0x1E, 0x63, 0x56, 0x80, 0x11, 0xD9,
    0x51, 0x86, 0x59, 0x81, 0x45, 0xE4, 0x5C, 0x19, 0xF6, 0x93, 0x80, 0xA2, 0x50, 0x92, 0x7C, 0x85,
    0x44, 0x98, 0x25, 0x23, 0x02, 0x26, 0x01, 0x11, 0x18, 0x54, 0xE9, 0x4F, 0x90, 0x51, 0x0A, 0x1C,
    0x82, 0x68, 0xE7, 0xE2, 0x39, 0x13, 0x30, 0x84, 0x01, 0x6C, 0xA3, 0xAC, 0x95, 0x0B, 0x14, 0x6E,
    0xD2, 0xC0, 0x99, 0xF8, 0x99, 0x02, 0xE1, 0x30, 0x06, 0x37, 0x06, 0x11, 0xB8, 0xAF, 0x0B, 0x40,
    0xA5, 0xAB, 0x04, 0x83, 0x59, 0x6F, 0x18, 0x7D, 0x3D, 0xF0, 0xF5, 0xB0, 0xE7, 0x6E, 0x9B, 0xED,
    0x01, 0xAF, 0x87, 0xBB, 0xED, 0x60, 0xB7, 0xD2, 0xE7, 0x3B, 0xD0, 0xA1, 0x17, 0xC3, 0x4E, 0xDE,
    0xE7, 0x9A, 0x3C, 0x74, 0x98, 0x26, 0xFF, 0x0E, 0x73, 0x7B, 0xE4, 0x22, 0xE7, 0x3F, 0x0B, 0x2D,
    0xCD, 0x48, 0xB2, 0x00, 0x83, 0xDC, 0xD2, 0x85, 0x86, 0x80, 0xF2, 0x78, 0xC1, 0x3D, 0x42, 0x91,
    0x45, 0x91, 0xC6, 0x46, 0x41, 0x99, 0x2A, 0x12, 0x89, 0x4B, 0x03, 0x98, 0x27, 0x70, 0xDA, 0x33,
    0xF9, 0xDF, 0x67, 0x42, 0x18, 0x49, 0x09, 0x17, 0x6E, 0x49, 0x5D, 0x0D, 0x92, 0x50, 0x4A, 0x8D,
    0x16, 0x4C, 0xCC, 0x42, 0x8A, 0x61, 0xD4, 0xA6, 0x9C, 0x98, 0x17, 0x28, 0xC3, 0xD0, 0x57, 0x11,
    0x00, 0x07, 0x32, 0xF0, 0x68, 0x90, 0x98, 0xA2, 0xD8, 0x80, 0x27, 0xA3, 0x56, 0x18, 0xA1, 0x60,
    0x25, 0x25, 0x2E, 0x7C, 0x25, 0x4A, 0xD7, 0x19, 0xC2, 0xF1, 0x57, 0xBC, 0xF2, 0xE9, 0x95, 0x20,
    0xF9, 0x21, 0x52, 0xE3, 0xA8, 0x0C, 0x76, 0xE0, 0x2A, 0x7D, 0xAE, 0xB3, 0xDE, 0x36, 0x4D, 0x27,
    0x9F, 0xF4, 0x20, 0x93, 0xF4, 0x9E, 0x77, 0x62, 0x2B, 0xAE, 0xD4, 0xE3, 0x2A, 0x5E, 0x3E, 0xA0,
    0xD1, 0x8F, 0xF5, 0x99, 0x6A, 0xF3, 0xD4, 0x25, 0xFD, 0x9A, 0x88, 0x77, 0x7B, 0xC8, 0xE1, 0x9C,
    0x77, 0xC0, 0x75, 0xA0, 0x1E, 0xEF, 0x52, 0x3C, 0x22, 0xE9, 0x3A, 0xE0, 0xFA, 0xE5, 0x42, 0xBC,
    0x0E, 0x74, 0x50, 0x48, 0xF9, 0x3A, 0xE8, 0xC9, 0x89, 0x24, 0x60, 0xB3, 0x33, 0x25, 0xEB, 0x49,
    0xD8, 0xEA, 0xAC, 0x8B, 0xD8, 0xF2, 0xDC, 0x91, 0xB1, 0xE5, 0xB9, 0x23, 0x64, 0x0B, 0x14, 0x74,
    0xA5, 0x6C, 0x79, 0xEE, 0x88, 0xD9, 0x46, 0x52, 0x23, 0x43, 0xE8, 0xC8, 0xD9, 0x74, 0xAE, 0x59,
    0x47, 0xD0, 0x46, 0x5E, 0x04, 0x4C, 0xA9, 0x23, 0x69, 0xE3, 0xD9, 0xE3, 0x43, 0x72, 0xF5, 0x20,
    0x6D, 0x40, 0xD8, 0xEE, 0x49, 0xDB, 0x46, 0x3C, 0x2B, 0x6E, 0x0B, 0x55, 0xA9, 0x2B, 0x6F, 0x3B,
    0xF9, 0xAC, 0xC0, 0x6D, 0x65, 0x5B, 0x49, 0xDC, 0x7B, 0x2B, 0x72, 0x0F, 0x8B, 0xDD, 0x43, 0x72,
    0xF7, 0x90, 0xE0, 0x7D, 0x1B, 0x36, 0xB1, 0xBB, 0x58, 0xDB, 0x63, 0xAC, 0x19, 0xF1, 0xAC, 0x6A,
    0xA7, 0x2B, 0xE4, 0x0A, 0x6B, 0x3A, 0x4D, 0x61, 0xCD, 0xCA, 0xB6, 0xD7, 0xEE, 0xDE, 0x03, 0x58,
    0xBB, 0x6B, 0x34, 0xB8, 0x7D, 0xA3, 0x81, 0x06, 0xAD, 0x01, 0x64, 0x0D, 0x00, 0x6B, 0x08, 0x57,
    0xEF, 0x19, 0xA3, 0x01, 0x63, 0x57, 0x67, 0x86, 0xC7, 0x74, 0xE6, 0x9A, 0x59, 0xCA, 0xD3, 0x7B,
    0x6F, 0xFE, 0x52, 0x8E, 0x81, 0xB4, 0xF7, 0xB3, 0xAF, 0x0B, 0x00, 0x84, 0xF3, 0xE8, 0xE7, 0x55,
    0xCF, 0x10, 0x5F, 0xEB, 0x85, 0x46, 0x43, 0x3C, 0x80, 0x38, 0xE9, 0x1A, 0xE2, 0xCD, 0x52, 0x97,
    0x4E, 0xD0, 0x10, 0x0F, 0x92, 0x57, 0xD0, 0x35, 0xC4, 0x0B, 0x8A, 0x6E, 0x88, 0x37, 0xC8, 0x62,
    0xDF, 0x31, 0xC4, 0xD3, 0xBB, 0x3A, 0x86, 0xF8, 0xE8, 0x8B, 0x65, 0xCF, 0x10, 0xEF, 0x63, 0xA1,
    0x66, 0x1C, 0x54, 0x61, 0xD7, 0x10, 0x8F, 0xA2, 0x4C, 0xC7, 0x10, 0x5F, 0x3F, 0x7A, 0x49, 0x5C,
    0x73, 0xD7, 0x10, 0xBF, 0x17, 0x93, 0xB1, 0xCF, 0x7B, 0xA2, 0x61, 0x77, 0xF2, 0x6D, 0xD9, 0xE2,
    0xC9, 0x3E, 0x53, 0xEC, 0xB3, 0xC4, 0xAE, 0x89, 0x03, 0xD5, 0xC2, 0xB2, 0xC7, 0x0E, 0x01, 0x5D,
    0x5D, 0x66, 0x68, 0x15, 0xBD, 0xD9, 0xD6, 0x2A, 0x7B, 0x53, 0xAD, 0x57, 0xCF, 0xCC, 0xB3, 0x8D,
    0xAB, 0x46, 0x4E, 0xB2, 0x4F, 0x34, 0x9E, 0x1A, 0xC1, 0x02, 0xCB, 0x05, 0x9E, 0xCE, 0xA0, 0x61,
    0x86, 0x30, 0x83, 0x8E, 0x2E, 0x38, 0xCE, 0xF7, 0xB0, 0x81, 0x05, 0xEB, 0x40, 0x03, 0x09, 0x1D,
    0x64, 0x18, 0xF9, 0x10, 0x30, 0xF6, 0x04, 0x17, 0x7D, 0x4C, 0xCC, 0x40, 0x62, 0x06, 0x11, 0xB7,
    0x08, 0x88, 0xFB, 0xBB, 0x65, 0xEE, 0x9A, 0xB2, 0xBC, 0xAA, 0x6B, 0x07, 0x2B, 0xBB, 0x66, 0xB0,
    0x8E, 0xA2, 0x91, 0x94, 0x5D, 0x36, 0xD5, 0x35, 0x3F, 0x97, 0xDB, 0xA9, 0x3D, 0xC9, 0xB6, 0xF6,
    0xB0, 0xA0, 0xAB, 0xE1, 0x3A, 0x55, 0x6B, 0x2D, 0xFC, 0x9A, 0x32, 0x86, 0x45, 0xC2, 0xBD, 0xC3,
    0x84, 0x2D, 0xCC, 0x94, 0xA2, 0x24, 0x24, 0x5D, 0xF4, 0x42, 0xA2, 0x8D, 0x94, 0xF1, 0x4B, 0x99,
    0xE8, 0x3A, 0x32, 0x92, 0x9A, 0x15, 0x19, 0xC2, 0x90, 0x53, 0xA1, 0x25, 0xC2, 0xCA, 0x11, 0xA0,
    0x38, 0x89, 0x93, 0x99, 0xD4, 0xC9, 0x08, 0xD1, 0x01, 0x13, 0x76, 0x52, 0x57, 0x58, 0xC1, 0xBC,
    0x50, 0x18, 0x4A, 0xFD, 0x8C, 0xF4, 0x3A, 0x2F, 0x14, 0x96, 0x52, 0x34, 0x3A, 0xC4, 0x08, 0x64,
    0x61, 0x2A, 0x05, 0xC9, 0x2F, 0xCA, 0x00, 0xC2, 0x4C, 0xD8, 0x4A, 0xAB, 0xE4, 0x27, 0x9C, 0x14,
    0x52, 0x61, 0x2C, 0xCD, 0x7D, 0x32, 0x88, 0x95, 0xD2, 0x5A, 0x1A, 0xDB, 0x3C, 0x13, 0xD6, 0x5B,
    0x69, 0x2E, 0x3D, 0x3D, 0xA0, 0xBF, 0xCF, 0x9F, 0xEC, 0xB5, 0x0F, 0xEF, 0xCD, 0x08, 0x75, 0xC7,
    0x7C, 0xEA, 0xD6, 0xFF, 0xC2, 0x74, 0x9B, 0x31, 0xB9, 0x65, 0x35, 0xAB, 0x31, 0xF1, 0x74, 0xCD,
    0x6E, 0x4C, 0x3A, 0xAE, 0x66, 0x39, 0xDE, 0x10, 0x06, 0x8B, 0xC6, 0x76, 0x3C, 0x12, 0x8A, 0x6C,
    0x63, 0x3D, 0x8E, 0xC4, 0xA0, 0x6A, 0xEC, 0xC7, 0x58, 0x79, 0xDD, 0x82, 0xEC, 0x65, 0xEC, 0x90,
    0x6E, 0x43, 0xB6, 0xEB, 0x8F, 0x54, 0xBA, 0x15, 0x19, 0x19, 0x7C, 0xC7, 0x8E, 0x0C, 0x5F, 0xBA,
    0x25, 0x19, 0xDD, 0x5F, 0xBA, 0x2D, 0x99, 0x8C, 0xC9, 0xB7, 0x6A, 0x4D, 0x1E, 0xB2, 0x29, 0xCF,
    0x1A, 0xF1, 0x66, 0x8C, 0x7E, 0xF1, 0x0E, 0x8F, 0x52, 0x85, 0xD8, 0xB7, 0xD9, 0x01, 0x9D, 0x60,
    0x4A, 0xA9, 0x0E, 0x3C, 0xA1, 0x8B, 0xE7, 0x3A, 0xF8, 0xF0, 0x96, 0xCD, 0xC7, 0x2B, 0x1D, 0x80,
    0xAB, 0x70, 0x1F, 0x9A, 0x5C, 0x35, 0x10, 0x8E, 0xC8, 0xDE, 0xBB, 0xAE, 0x03, 0x71, 0x9D, 0x2C,
    0xBA, 0x23, 0x1D, 0x8C, 0x15, 0xF1, 0xAB, 0x73, 0x3A, 0x20, 0x2B, 0x32, 0x2C, 0x57, 0x1A, 0x28,
    0xCD, 0x29, 0x76, 0x82, 0x59, 0x69, 0xC0, 0x74, 0xF8, 0x47, 0xE1, 0xB5, 0x5E, 0xD1, 0x01, 0x27,
    0xFF, 0xC9, 0xA9, 0x3F, 0x57, 0x7D, 0x20, 0x00, 0xFA, 0x45, 0x22, 0xEB, 0x20, 0x9D, 0x1A, 0x09,
    0xE7, 0x9A, 0x5D, 0x9F, 0x80, 0x6A, 0x9C, 0xBE, 0xF8, 0xE5, 0xED, 0xDC, 0x86, 0xC3, 0x6E, 0xC2,
    0x2D, 0xA9, 0x6F, 0x87, 0xFF, 0x70, 0x57, 0xD3, 0x9F, 0x35, 0x19, 0x9A, 0x03, 0x35, 0x81, 0xD6,
    0x57, 0xCC, 0x7E, 0xBE, 0xAB, 0x3E, 0xD1, 0x6C, 0x58, 0xA2, 0xD3, 0x24, 0xEF, 0x6B, 0x09, 0x20,
    0x0B, 0xC5, 0x1D, 0x2A, 0xCE, 0x8B, 0x20, 0x40, 0xF9, 0x21, 0x52, 0x3B, 0x93, 0x23, 0x10, 0x04,
    0xB5, 0x3B, 0x43, 0xC2, 0xD0, 0x22, 0x86, 0xD5, 0x99, 0x26, 0x1D, 0x18, 0x80, 0x21, 0x76, 0x6B,
    0x77, 0xAE, 0x2C, 0x19, 0x5A, 0x3C, 0xC3, 0x99, 0x09, 0x13, 0x8E, 0xA4, 0xAF, 0x9A, 0x06, 0xFC,
    0x0D, 0xCE, 0xDD, 0x9E, 0x72, 0x5A, 0x3A, 0x3C, 0x4E, 0x4A, 0x73, 0x58, 0x3D, 0x65, 0x5B, 0x50,
    0x87, 0x54, 0xD4, 0x41, 0xF7, 0xE3, 0xB0, 0x07, 0x72, 0xD8, 0x09, 0xB9, 0x85, 0x1F, 0x72, 0x0B,
    0x65, 0xF5, 0x6D, 0x50, 0x57, 0xB7, 0x51, 0x5B, 0x87, 0x15, 0xD7, 0x61, 0xD5, 0xF5, 0xF6, 0x65,
    0x33, 0x73, 0xB2, 0xD3, 0x70, 0x99, 0x21, 0x98, 0xE3, 0xBB, 0x72, 0xDE, 0xAE, 0xE5, 0xBC, 0x46,
    0xC5, 0x9D, 0x51, 0x70, 0x67, 0xD4, 0xDB, 0x59, 0xE5, 0xF6, 0x5D, 0x2A, 0xE7, 0x39, 0xA9, 0xEC,
    0x97, 0x45, 0xE8, 0x88, 0x7B, 0xCF, 0xB3, 0xDF, 0x09, 0xD9, 0x12, 0x33, 0x90, 0x9F, 0xEF, 0x9B,
    0xB0, 0x0F, 0x62, 0x46, 0xFC, 0x1A, 0xB3, 0xA7, 0x98, 0xCA, 0x9C, 0x65, 0xC6, 0x79, 0x53, 0x65,
    0x50, 0xA5, 0xB5, 0xD3, 0x87, 0x65, 0xE6, 0x0A, 0x4A, 0xBD, 0x32, 0x43, 0x51, 0x5E, 0x67, 0x0F,
    0x12, 0x77, 0x64, 0xA3, 0x2B, 0xEC, 0x00, 0x7B, 0x04, 0x33, 0x2E, 0x63, 0xD9, 0x71, 0x96, 0xA4,
    0xCE, 0x67, 0xF1, 0x1A, 0xF6, 0x5B, 0xE9, 0xB2, 0xF1, 0x4A, 0x66, 0xFE, 0x2F, 0xFB, 0xC7, 0xFB,
    0xEC, 0xF0, 0xF7, 0x26, 0xCB, 0x56, 0x7A, 0x19, 0xBA, 0xEC, 0xE6, 0x41, 0x2B, 0x5C, 0xE6, 0xA5,
    0x1D, 0xAE, 0x81, 0xDC, 0xF1, 0xEA, 0x12, 0x64, 0xFC, 0xCA, 0x8D, 0x73, 0xF3, 0x86, 0xF9, 0xEA,
    0x39, 0x3B, 0x5C, 0x06, 0x70, 0xF0, 0xFF, 0x12, 0xB3, 0x11, 0x5B, 0x66, 0x0B, 0xD7, 0x0F, 0xFC,
    0xC1, 0x4F, 0x8D, 0x6F, 0x78, 0xFF, 0x59, 0xB6, 0xBE, 0x0C, 0x3B, 0xF4, 0x72, 0x2D, 0xB3, 0x71,
    0x5E, 0xCB, 0xE4, 0x78, 0xD9, 0x49, 0x8C, 0x8A, 0x79, 0xD2, 0x7E, 0x74, 0x82, 0x19, 0xE8, 0xD6,
    0xE3, 0xEC, 0xB2, 0x25, 0x32, 0xF7, 0x63, 0x9D, 0x2E, 0x5B, 0x71, 0x2E, 0xAB, 0x78, 0x85, 0xE5,
    0x76, 0x3A, 0x7A, 0xCA, 0xBB, 0x08, 0xC7, 0xF3, 0xF5, 0xF3, 0xF5, 0xA5, 0x37, 0x93, 0x4D, 0x87,
    0xE0, 0xF8, 0x45, 0xFE, 0xC4, 0x34, 0xAA, 0xC3, 0x1D, 0x1B, 0xD9, 0xFE, 0xCC, 0x56, 0x19, 0xB6,
    0xB5, 0x9B, 0x69, 0x80, 0xB0, 0x71, 0xEB, 0x84, 0xD1, 0x1E, 0x10, 0xA2, 0x5B, 0x27, 0x04, 0x5B,
    0x10, 0x16, 0xEA, 0x1E, 0x21, 0x69, 0xA2, 0x15, 0x03, 0x29, 0xB5, 0x36, 0xDA, 0x84, 0x20, 0xF8,
    0xD3, 0x3F, 0x9A, 0xB6, 0x04, 0xC0, 0x2A, 0x48, 0x51, 0x1B, 0x2D, 0x21, 0xA0, 0x18, 0xC4, 0x40,
    0x27, 0xB8, 0x45, 0x87, 0x30, 0xA2, 0x48, 0xC6, 0xA0, 0xF5, 0xB8, 0x6D, 0x10, 0x07, 0x18, 0x35,
    0x3A, 0x87, 0xC1, 0x51, 0xDE, 0x6F, 0x2C, 0x21, 0x49, 0x66, 0xF3, 0x2F, 0xC0, 0x23, 0x16, 0xC9,
    0x22, 0xFC, 0x09, 0x69, 0x83, 0x78, 0x1D, 0x44, 0xA1, 0x9C, 0xDC, 0x5A, 0x30, 0xCE, 0x39, 0x7F,
    0x41, 0xB0, 0x23, 0x92, 0x95, 0x81, 0xF9, 0x04, 0x35, 0x25, 0x0A, 0xE4, 0x14, 0xF5, 0x85, 0x53,
    0xA1, 0x18, 0xFF, 0x17, 0x2F, 0xE0, 0xF3, 0xFB, 0x53, 0x53, 0xD2, 0xC7, 0xCB, 0xCC, 0x34, 0x37,
    0x43, 0x98, 0xB9, 0xA5, 0x1F, 0x5A, 0x00, 0xAF, 0x7D, 0xF3, 0xD4, 0xA9, 0x93, 0x5D, 0x6D, 0x80,
    0x77, 0xC3, 0x17, 0x16, 0x92, 0x1E, 0x81, 0xB1, 0x07, 0x4F, 0x85, 0xDB, 0xA2, 0x10, 0xD2, 0x67,
    0xBD, 0x16, 0x59, 0x53, 0xE5, 0xC5, 0xEC, 0xA5, 0xFF, 0x6C, 0xDF, 0x00, 0x72, 0xB6, 0x49, 0x9B,
    0x3F, 0x6D, 0x61, 0xE3, 0xA9, 0xA8, 0x08, 0xD4, 0xB1, 0x94, 0x0D, 0x0B, 0xD2, 0xF5, 0x13, 0x99,
    0xEA, 0x41, 0xB3, 0x54, 0x6C, 0x37, 0x40, 0x59, 0xB8, 0x68, 0xD2, 0x99, 0x51, 0xAA, 0xB4, 0x9D,
    0xA9, 0x56, 0xEB, 0xA6, 0x61, 0x9A, 0x69, 0xD3, 0x9C, 0x37, 0x69, 0xA6, 0xA7, 0x7D, 0x05, 0x39,
    0xD4, 0x75, 0x54, 0xD8, 0x21, 0xEA, 0xA2, 0x4E, 0xAE, 0x20, 0x01, 0x9F, 0x54, 0x43, 0x43, 0xD8,
    0x00, 0x01, 0x6F, 0x95, 0x18, 0xC0, 0x49, 0xA9, 0xED, 0xFE, 0x6E, 0xCF, 0xEB, 0x3D, 0x58, 0x6D,
    0xD1, 0xD5, 0xFA, 0x35, 0x7A, 0x07, 0x77, 0xFA, 0x56, 0xEF, 0xD6, 0x6E, 0x8F, 0x0E, 0x75, 0xE6,
    0xAC, 0x83, 0xF7, 0xAD, 0xA4, 0x1F, 0x38, 0xDC, 0xA6, 0xEF, 0x59, 0x6A, 0xF5, 0xD0, 0x83, 0x07,
    0x9B, 0xF4, 0x91, 0x83, 0x8F, 0xB4, 0x69, 0xFF, 0x1C, 0xBB, 0x26, 0x07, 0xDE, 0x51, 0x10, 0x0A,
    0x2A, 0x99, 0xF6, 0x5E, 0x1F, 0x03, 0x87, 0x97, 0xC3, 0x7D, 0x82, 0x28, 0x0B, 0x34, 0xC4, 0xC9,
    0xF4, 0x83, 0x5A, 0x3A, 0x08, 0x65, 0x7A, 0x5E, 0x4B, 0x7B, 0xB1, 0x18, 0xCB, 0x32, 0xED, 0xAB,
    0xF4, 0x19, 0x4A, 0x8F, 0x30, 0x2D, 0x9D, 0xC7, 0x23, 0xBC, 0x30, 0x51, 0x69, 0x3F, 0x04, 0xED,
    0xB3, 0x49, 0x7B, 0xE8, 0x0A, 0xF6, 0x63, 0x40, 0x9C, 0x1F, 0x06, 0x71, 0x9B, 0x1E, 0x51, 0x14,
    0x0C, 0xBC, 0x02, 0xD2, 0xD5, 0x16, 0xE9, 0x5A, 0x4B, 0x47, 0x3F, 0x79, 0x02, 0xA3, 0x66, 0x30,
    0x1D, 0x93, 0x5F, 0x8A, 0xD2, 0x5E, 0xEC, 0xA0, 0x8F, 0x19, 0x23, 0x10, 0xF0, 0xC2, 0xD3, 0xCF,
    0x97, 0xA8, 0x80, 0xD5, 0xE4, 0xE1, 0xB6, 0x08, 0x48, 0x95, 0x08, 0xF2, 0x42, 0x95, 0x0B, 0xB8,
    0x07, 0xA5, 0x7D, 0x9E, 0x79, 0xC0, 0x59, 0xBC, 0xAD, 0x74, 0x4E, 0x63, 0xBC, 0x95, 0x63, 0x78,
    0xF5, 0x49, 0x2D, 0x73, 0x56, 0xBF, 0xE7, 0x19, 0x3D, 0xB3, 0xAA, 0x87, 0xA2, 0xBB, 0xBA, 0xF8,
    0x10, 0xE9, 0xF2, 0xDF, 0xEA, 0x56, 0x70, 0x3A, 0xDA, 0x91, 0xFE, 0x3A, 0xE2, 0x62, 0xAB, 0xD8,
    0x98, 0x3C, 0x6B, 0x33, 0x20, 0xCA, 0xB5, 0x19, 0x68, 0x90, 0x26, 0x63, 0xC1, 0x48, 0x6A, 0x32,
    0xC8, 0xB7, 0xDB, 0x4C, 0xAA, 0x67, 0x72, 0x2D, 0x63, 0x4F, 0xB5, 0x8C, 0xA1, 0x3F, 0x00, 0x4D,
    0x1A, 0x98, 0xB9, 0x5F, 0x3D, 0x0E, 0x32, 0x92, 0x5D, 0x98, 0x53, 0xCA, 0x94, 0x84, 0x21, 0xE0,
    0xFF, 0x38, 0xCA, 0x2B, 0x19, 0x81, 0x12, 0x5B, 0xC2, 0xBA, 0x41, 0x71, 0x06, 0x29, 0xDE, 0x10,
    0x89, 0xF9, 0xC2, 0xCE, 0x30, 0x13, 0x88, 0x98, 0x5E, 0xC1, 0x79, 0x08, 0x1E, 0x4D, 0x26, 0xA5,
    0xA8, 0x27, 0x5B, 0x64, 0x72, 0x5A, 0x6F, 0xE1, 0xD3, 0x3D, 0xBE, 0xD4, 0xB1, 0xE8, 0x69, 0x80,
    0x87, 0x1F, 0x93, 0xA4, 0x82, 0x99, 0x51, 0xC0, 0xC3, 0x04, 0x15, 0x66, 0x2C, 0x8B, 0xDE, 0xDC,
    0x9D, 0x08, 0x78, 0x47, 0xEF, 0x56, 0x34, 0xD4, 0x3C, 0xD4, 0x34, 0x6B, 0xD8, 0xCE, 0xB6, 0x24,
    0x8B, 0x2B, 0x23, 0x59, 0x82, 0xB7, 0xA8, 0x78, 0x82, 0x48, 0xEF, 0xBB, 0x5F, 0xDF, 0xB5, 0x59,
    0x64, 0x40, 0xCF, 0x36, 0x92, 0x01, 0x62, 0x30, 0xA4, 0xD5, 0x0C, 0xE2, 0x45, 0x37, 0x23, 0x3A,
    0xAD, 0x86, 0xBC, 0x36, 0x60, 0x01, 0x3C, 0xDC, 0x22, 0x76, 0x45, 0x71, 0x9D, 0x07, 0x96, 0x57,
    0x66, 0x89, 0xCB, 0x48, 0x34, 0x44, 0x24, 0xF7, 0x09, 0x45, 0x3C, 0x7B, 0xEE, 0x2A, 0x34, 0x88,
    0xE8, 0x6C, 0x4F, 0x3D, 0xF3, 0x04, 0x86, 0x31, 0x4A, 0x8B, 0x63, 0xD3, 0xA4, 0xC1, 0xAF, 0x62,
    0xE6, 0x8E, 0x25, 0x67, 0x8D, 0x35, 0x0B, 0x8F, 0x1C, 0x16, 0xEE, 0xF5, 0x59, 0xFB, 0xE7, 0x56,
    0x3E, 0x1F, 0x26, 0x82, 0xE6, 0x66, 0x0F, 0x3E, 0x44, 0xA4, 0x68, 0x9F, 0xF7, 0x6B, 0xB7, 0x62,
    0xDE, 0x27, 0xC3, 0x24, 0xAE, 0xD6, 0x11, 0xD3, 0x45, 0x50, 0x32, 0xB1, 0xAE, 0x01, 0xA3, 0xD2,
    0x55, 0x04, 0x0D, 0x99, 0xF2, 0x70, 0x16, 0xF4, 0x5F, 0xAD, 0x50, 0xF7, 0xC0, 0x8E, 0xB7, 0x6A,
    0x2C, 0x3D, 0x62, 0x37, 0x22, 0xE7, 0xC7, 0x02, 0x5E, 0xEA, 0xE4, 0x68, 0xBB, 0x32, 0x08, 0x5B,
    0x04, 0x13, 0xBF, 0xA6, 0x68, 0xCD, 0x8C, 0xE6, 0x1A, 0xB2, 0x28, 0x49, 0x67, 0x91, 0xB0, 0x2C,
    0xC0, 0x65, 0xF0, 0x04, 0x11, 0x73, 0x85, 0xA1, 0x35, 0x62, 0x30, 0x71, 0xB4, 0x35, 0x91, 0x86,
    0x94, 0x4C, 0x91, 0x0F, 0x23, 0x11, 0x46, 0x1A, 0xF0, 0x0A, 0x1C, 0x89, 0x5E, 0xBD, 0x81, 0xC1,
    0x8A, 0x56, 0x7E, 0x04, 0x1E, 0x34, 0x09, 0x78, 0xEC, 0x96, 0xA0, 0x7B, 0x15, 0xC1, 0xD8, 0xE6,
    0xD7, 0x9D, 0x8C, 0xD4, 0x35, 0xEE, 0x6D, 0x46, 0x34, 0x4F, 0x8A, 0x81, 0x90, 0x42, 0xE6, 0x45,
    0x3E, 0x05, 0xD9, 0x8E, 0xA0, 0x0F, 0x4C, 0xF1, 0xDB, 0xF0, 0x9B, 0x0D, 0xD5, 0x48, 0x0A, 0xC6,
    0x2B, 0x0F, 0xAB, 0x6E, 0x24, 0x35, 0xFB, 0x60, 0x03, 0x86, 0x7D, 0x5B, 0xE9, 0xAD, 0xC3, 0xCA,
    0xCD, 0xC6, 0xDB, 0x44, 0x1D, 0xBD, 0x4D, 0xD4, 0x68, 0x97, 0x54, 0x34, 0xF1, 0x46, 0xB3, 0x56,
    0x90, 0xBA, 0x27, 0x60, 0xE3, 0x94, 0xE0, 0x73, 0x9E, 0x76, 0xA5, 0x6C, 0x0C, 0x70, 0xE0, 0x6F,
    0x02, 0x2A, 0x74, 0x51, 0x1B, 0x6F, 0x06, 0x66, 0xE8, 0x66, 0x1D, 0x79, 0x1B, 0x83, 0xF2, 0xA0,
    0x93, 0xED, 0xAC, 0x23, 0x74, 0x63, 0x6C, 0x1E, 0xB0, 0x25, 0x41, 0x6D, 0x24, 0x6F, 0x0A, 0xD1,
    0xE3, 0xA1, 0x93, 0xEA, 0xE2, 0xB7, 0x88, 0xD4, 0xF3, 0x27, 0x34, 0x1D, 0x36, 0x32, 0xB8, 0x08,
    0xD8, 0x73, 0x8A, 0xA8, 0x23, 0x88, 0x8B, 0xB8, 0x3D, 0xB3, 0x9E, 0x76, 0xA4, 0x71, 0x19, 0xBE,
    0x87, 0x96, 0x66, 0x10, 0xBD, 0x94, 0x48, 0x2E, 0xA2, 0xF8, 0x16, 0x49, 0xDF, 0x6F, 0xE5, 0x72,
    0x15, 0xCC, 0xA7, 0x0E, 0x21, 0x9C, 0xCB, 0x98, 0x3E, 0x34, 0x9C, 0x6B, 0x12, 0xBA, 0x08, 0xED,
    0x2B, 0x51, 0x60, 0xD3, 0xC4, 0xF4, 0x5E, 0x84, 0x9F, 0x94, 0xD5, 0xD7, 0xDF, 0x32, 0x34, 0x86,
    0x3B, 0x36, 0xB8, 0x15, 0xEA, 0xE0, 0xB4, 0xEB, 0x0F, 0x4A, 0x03, 0x7D, 0x3B, 0xF5, 0xB0, 0x35,
    0x7B, 0x3B, 0xAA, 0x33, 0x68, 0x5A, 0xB5, 0x07, 0x4D, 0xB6, 0xE6, 0x96, 0x8A, 0xAE, 0x95, 0xBF,
    0x4B, 0x88, 0xC5, 0x6E, 0x89, 0xE6, 0x6D, 0x11, 0xED, 0x78, 0x80, 0xD8, 0xAC, 0xA3, 0x43, 0xE2,
    0xA7, 0xB5, 0xDE, 0x88, 0x25, 0xB1, 0x71, 0xDD, 0xA3, 0x61, 0x9F, 0xFA, 0x03, 0x64, 0x03, 0x4F,
    0x48, 0xF6, 0xF3, 0xD8, 0x17, 0x62, 0xEA, 0x02, 0xA6, 0x1E, 0x3C, 0x57, 0x36, 0x66, 0x65, 0x51,
    0x6C, 0x20, 0x6E, 0xA0, 0xE4, 0x50, 0x09, 0xA2, 0x50, 0x88, 0xE0, 0x8C, 0xB1, 0x28, 0x46, 0x29,
    0xC5, 0x99, 0x6A, 0x8E, 0x88, 0x78, 0x2D, 0x3D, 0x3A, 0x46, 0xE2, 0x35, 0x5F, 0x10, 0x0B, 0x40,
    0x32, 0xFA, 0x0A, 0x42, 0x0C, 0x86, 0x5F, 0x0F, 0x88, 0x08, 0x17, 0xAD, 0x62, 0x74, 0x78, 0x40,
    0x96, 0xEA, 0x73, 0x23, 0x71, 0x25, 0xCA, 0xEC, 0x6E, 0x85, 0x96, 0x1B, 0x24, 0xAE, 0x8B, 0xC2,
    0xB7, 0x83, 0x10, 0x25, 0xF9, 0xA9, 0x20, 0x12, 0xEF, 0x0F, 0xF8, 0xFF, 0x91, 0x86, 0x5C, 0x55,
    0xA2, 0x3B, 0xD0, 0x64, 0x52, 0x3A, 0x7C, 0x92, 0x90, 0x05, 0x71, 0xAA, 0xFA, 0x68, 0xAA, 0xB5,
    0xE4, 0x54, 0x62, 0x4F, 0x9B, 0x53, 0xED, 0x3C, 0x91, 0xF3, 0xA1, 0xDD, 0xB6, 0xA9, 0x37, 0x41,
    0xED, 0x13, 0x35, 0x34, 0x2D, 0x62, 0x3F, 0x89, 0x21, 0x83, 0x6E, 0x3F, 0xB3, 0x0D, 0x85, 0x00,
    0x06, 0xE4, 0xF2, 0xAF, 0x80, 0x9C, 0x64, 0xB6, 0xAB, 0x75, 0xD1, 0x99, 0x65, 0x12, 0x17, 0xB0,
    0xDA, 0x08, 0x09, 0xBA, 0xE7, 0x0C, 0x96, 0xD7, 0xD2, 0xEC, 0x39, 0x64, 0x6D, 0x44, 0x57, 0x86,
    0xA1, 0xA9, 0xD6, 0xE1, 0xD6, 0x20, 0x7B, 0xCB, 0xF9, 0x62, 0xAB, 0xFC, 0x7C, 0x2F, 0x2F, 0xB4,
    0x83, 0x7E, 0xBE, 0x85, 0xDD, 0x99, 0x26, 0x6F, 0xFC, 0x21, 0x13, 0x9A, 0x90, 0xCC, 0xFB, 0xC2,
    0x6A, 0xA1, 0xF2, 0x18, 0xEF, 0xCA, 0x48, 0x23, 0x12, 0xB8, 0xB3, 0xF9, 0xF3, 0x21, 0x70, 0x6F,
    0x57, 0xE5, 0x69, 0xCD, 0x27, 0x69, 0x46, 0x12, 0x97, 0x29, 0xF1, 0x3E, 0xCC, 0x9F, 0x44, 0x84,
    0x11, 0x63, 0x22, 0x61, 0x01, 0x32, 0x98, 0x0F, 0x55, 0x1E, 0x1F, 0x2E, 0x7F, 0x27, 0x4D, 0x49,
    0xC0, 0x93, 0xEE, 0x27, 0x6D, 0x09, 0xF3, 0x15, 0x4E, 0x44, 0xD2, 0xCE, 0x6C, 0x53, 0xDE, 0x2E,
    0x41, 0x42, 0x22, 0xAD, 0x09, 0x44, 0x0D, 0x13, 0x3B, 0xEE, 0xEF, 0x60, 0x32, 0x43, 0xCD, 0xC9,
    0xDF, 0x84, 0xC2, 0x85, 0x72, 0xDD, 0xB5, 0xA5, 0x71, 0x7F, 0x92, 0xD7, 0x30, 0x1A, 0x8A, 0xF3,
    0xEF, 0x70, 0x65, 0x85, 0xF5, 0x79, 0x01, 0xBA, 0x38, 0xD4, 0xEE, 0x67, 0xB7, 0x6B, 0x7A, 0xFD,
    0xD4, 0x3D, 0x3D, 0xAB, 0x4C, 0x97, 0x33, 0x1B, 0xD3, 0x1E, 0xA7, 0xBE, 0xE6, 0xEF, 0xF0, 0xC0,
    0xD5, 0x5D, 0xCE, 0x01, 0x77, 0x3C, 0x2D, 0xBC, 0x35, 0xDA, 0x65, 0x5D, 0x4A, 0x09, 0xBB, 0x40,
    0x8E, 0xAA, 0x86, 0x86, 0x6C, 0xEC, 0xB7, 0x95, 0x78, 0xA3, 0x96, 0x53, 0x55, 0x62, 0x15, 0x3B,
    0x2D, 0x1A, 0x10, 0xB4, 0x93, 0x30, 0x2A, 0x69, 0xC1, 0x26, 0xAD, 0x1C, 0xC0, 0x58, 0xA2, 0x90,
    0x18, 0x9B, 0xF7, 0x6A, 0x25, 0x65, 0x13, 0x1F, 0x2D, 0x00, 0xC4, 0xD7, 0x02, 0x14, 0x53, 0x85,
    0x64, 0x82, 0xD6, 0x02, 0x0A, 0x53, 0x1A, 0xC1, 0x1C, 0x2D, 0xE4, 0x12, 0xA4, 0x09, 0x6F, 0xDA,
    0x7A, 0x23, 0x95, 0xF8, 0xB8, 0x20, 0x8A, 0x68, 0x15, 0x3C, 0x44, 0xC8, 0x24, 0xA0, 0xBE, 0x73,
    0xE4, 0xC1, 0x23, 0xA2, 0x09, 0x89, 0x24, 0x2A, 0x4C, 0x1E, 0x7B, 0xE8, 0xAE, 0xAF, 0x91, 0xD6,
    0x91, 0x47, 0x80, 0x45, 0xBE, 0xC6, 0x43, 0x21, 0x8D, 0x80, 0x5A, 0xFF, 0x2A, 0xAE, 0x25, 0xCE,
    0x51, 0x0B, 0x0C, 0x85, 0x2C, 0x32, 0xF1, 0xF9, 0xA3, 0xBC, 0x44, 0xBD, 0x04, 0x70, 0xDE, 0x97,
    0x44, 0x40, 0xE7, 0x89, 0x06, 0xE4, 0x90, 0x7A, 0x56, 0x0A, 0x81, 0xF6, 0x9A, 0x91, 0x41, 0xDC,
    0x62, 0x46, 0x02, 0x31, 0x92, 0xAC, 0xDF, 0x8B, 0x46, 0xC2, 0xE3, 0x3E, 0xCD, 0xA4, 0x48, 0xFA,
    0x6E, 0x2F, 0x1A, 0xE8, 0x55, 0xE9, 0x4B, 0x1E, 0xE3, 0x2D, 0xE4, 0x0E, 0x77, 0x97, 0xB4, 0x21,
    0x89, 0x63, 0x48, 0xDE, 0xD8, 0x5A, 0xDA, 0x18, 0x78, 0xC4, 0x00, 0x25, 0xBB, 0x1D, 0x8A, 0xBD,
    0x57, 0x94, 0xFC, 0x76, 0x28, 0xD6, 0x96, 0x94, 0x33, 0x59, 0x8F, 0xE2, 0xF0, 0xBA, 0x47, 0x89,
    0xDA, 0x00, 0x7F, 0x4B, 0xC6, 0x90, 0x7F, 0x3F, 0x9A, 0xB4, 0x14, 0x98, 0xDE, 0x61, 0xF2, 0x6E,
    0xAA, 0x8C, 0x12, 0x44, 0xAE, 0x0C, 0x26, 0x1A, 0x85, 0xEC, 0x29, 0x73, 0x0D, 0xC5, 0xCE, 0x70,
    0x58, 0x5A, 0xB9, 0xDF, 0x4C, 0x48, 0x4E, 0x86, 0xD3, 0xBF, 0x9D, 0x49, 0xE7, 0x9D, 0x55, 0x31,
    0x2F, 0xC7, 0x45, 0xF5, 0xDE, 0x44, 0x7A, 0xEF, 0x60, 0x70, 0x45, 0x25, 0x20, 0xC9, 0x48, 0xD2,
    0xC6, 0x7D, 0x87, 0xC7, 0xA9, 0x8F, 0x27, 0xBC, 0xF1, 0x38, 0xFF, 0x03, 0xAF, 0xE8, 0x87, 0x52,
    0x79, 0x9B, 0x37, 0x2D, 0x9E, 0x39, 0xC2, 0xB4, 0xAA, 0x3B, 0xEC, 0xDE, 0x77, 0xF1, 0xE2, 0xC9,
    0x3B, 0x31, 0x92, 0xAF, 0x75, 0x6E, 0xFE, 0xF5, 0xEC, 0x64, 0x6D, 0xB0, 0xB5, 0xF3, 0x66, 0xCC,
    0xCE, 0x00, 0x82, 0x9F, 0x5C, 0x7B, 0xD2, 0x88, 0x1D, 0x1C, 0x33, 0x6B, 0x90, 0x7A, 0x01, 0x7F,
    0x3D, 0xBF, 0xB6, 0xF6, 0xC9, 0x6F, 0xBC, 0x40, 0xF0, 0x5B, 0x5B, 0xFB, 0xCB, 0x47, 0x31, 0xB5,
    0xB4, 0xB6, 0x76, 0x6C, 0x0D, 0x7E, 0x35, 0xA7, 0xC7, 0x44, 0xEA, 0x1E, 0xC7, 0xF9, 0xD0, 0x65,
    0x4A, 0xDD, 0xBB, 0x64, 0x39, 0xF9, 0x95, 0xB5, 0xDF, 0x78, 0xF4, 0xBB, 0x7F, 0xBA, 0xB6, 0x9F,
    0xF9, 0x3F, 0xCA, 0x0C, 0x9E, 0xBC, 0x41, 0xF6, 0xEA, 0xF3, 0xEC, 0x98, 0x1D, 0x3E, 0x88, 0x0C,
    0xF1, 0x32, 0xBB, 0x6C, 0x85, 0x04, 0xC3, 0x13, 0x76, 0x6A, 0x85, 0xC6, 0xF9, 0x23, 0x97, 0xB1,
    0x17, 0x1E, 0x0B, 0x9D, 0xF3, 0xC7, 0xD6, 0x8E, 0x41, 0x8D, 0x9E, 0x0D, 0xEF, 0x65, 0xC7, 0xD7,
    0xD6, 0xD8, 0xB1, 0x93, 0x26, 0xA4, 0xBC, 0xFC, 0x32, 0x3B, 0xC6, 0xEC, 0xD4, 0xF9, 0x7D, 0x16,
    0xDC, 0x78, 0xED, 0x9B, 0x97, 0xA6, 0x1B, 0xCF, 0x4F, 0xD9, 0xBC, 0x71, 0xFA, 0x9B, 0x17, 0xD8,
    0xFC, 0x05, 0x1A, 0x75, 0xC7, 0x18, 0x59, 0x12, 0x3F, 0xC5, 0xD8, 0xF1, 0xC5, 0x31, 0x0C, 0x44,
    0xEB, 0x17, 0xFB, 0x2F, 0x1F, 0xBF, 0xCE, 0xCC, 0xCF, 0x17, 0xFB, 0xEF, 0x9D, 0xBB, 0xFF, 0x38,
    0x1B, 0xBF, 0xFC, 0xC2, 0x67, 0xFC, 0x7D, 0x8C, 0x2D, 0xB3, 0x49, 0xFA, 0xEF, 0xF7, 0xFE, 0xEE,
    0x0F, 0xBF, 0xF7, 0xBE, 0xA9, 0xFD, 0x3F, 0x3F, 0xF8, 0xAB, 0xFB, 0x8E, 0xAD, 0x27, 0xFC, 0x23,
    0x75, 0x34, 0x32, 0xAB, 0x63, 0xAA, 0x2D, 0x1E, 0x96, 0xA9, 0x94, 0x3D, 0x7D, 0x9C, 0x14, 0xFB,
    0xE3, 0xA9, 0x3B, 0x39, 0x8C, 0xF3, 0xF5, 0xCD, 0x1B, 0xF0, 0xAE, 0x87, 0x77, 0xF4, 0x4F, 0xDA,
    0xDB, 0xA4, 0xF6, 0x3B, 0xB6, 0x25, 0x53, 0xB6, 0xD5, 0xA6, 0x1E, 0x13, 0x1E, 0x6B, 0x4C, 0x39,
    0xE4, 0x5E, 0xD8, 0x07, 0xA9, 0x70, 0x81, 0xC2, 0x72, 0x30, 0xC5, 0x8E, 0x86, 0x2A, 0x85, 0xE3,
    0x41, 0xA4, 0x56, 0xE5, 0xAF, 0x31, 0xC5, 0xAB, 0x60, 0xEA, 0xF5, 0x8D, 0x7B, 0x64, 0xEA, 0x52,
    0x86, 0x5E, 0x10, 0xC7, 0xC2, 0xEB, 0xE6, 0x54, 0x8A, 0xDE, 0x01, 0x3F, 0x7E, 0xE1, 0xA3, 0xF4,
    0x0E, 0x4C, 0xD1, 0x3B, 0x0E, 0x61, 0x2A, 0x66, 0x8F, 0x84, 0xEC, 0x2C, 0xA4, 0x9E, 0x05, 0x2E,
    0x9F, 0xD9, 0xA5, 0x48, 0xAD, 0xB3, 0xA3, 0xCB, 0x90, 0xFA, 0x76, 0xBC, 0x38, 0x61, 0xC7, 0x0F,
    0x43, 0xEA, 0xE6, 0xCF, 0xA7, 0x0F, 0xB1, 0x35, 0x48, 0x7D, 0xF8, 0xB9, 0x3A, 0x3C, 0xC1, 0x56,
    0xAF, 0x41, 0x0A, 0xAE, 0x9B, 0x63, 0x4E, 0x25, 0x52, 0x64, 0xA1, 0xB5, 0x9E, 0x15, 0x29, 0xE3,
    0x6B, 0xE6, 0x63, 0x22, 0xC5, 0x8C, 0x18, 0x4A, 0x4A, 0xA9, 0x97, 0x53, 0xC7, 0x12, 0xAC, 0x72,
    0x52, 0x1C, 0x91, 0x0D, 0x73, 0x3E, 0x28, 0xF6, 0x4B, 0x43, 0x9B, 0x11, 0x2E, 0x35, 0x86, 0x7C,
    0xB9, 0xF9, 0x81, 0x1B, 0x2A, 0x86, 0xA5, 0x6D, 0x26, 0x70, 0x60, 0xAC, 0x31, 0x1D, 0xAF, 0xE5,
    0x24, 0x0D, 0xAB, 0xEF, 0x24, 0x5D, 0x2D, 0xF9, 0xAD, 0x8D, 0x26, 0xF9, 0x92, 0x1C, 0x4A, 0x90,
    0x54, 0xCB, 0x8F, 0x30, 0xF9, 0xD5, 0x4A, 0x0E, 0x10, 0xB7, 0xA2, 0xE1, 0x7E, 0x0F, 0x24, 0x83,
    0x8C, 0x62, 0xA1, 0x7D, 0xD0, 0x45, 0xA4, 0xB8, 0x1E, 0x85, 0xE6, 0x1B, 0x32, 0x59, 0x63, 0xC9,
    0x52, 0x66, 0x87, 0x28, 0x11, 0x9A, 0xFC, 0x47, 0x13, 0x9C, 0x97, 0x4D, 0x14, 0xDB, 0x5D, 0xB2,
    0xAC, 0x23, 0x63, 0xAA, 0x20, 0xE9, 0x12, 0xFB, 0xF2, 0x4A, 0x11, 0x11, 0x05, 0xC9, 0xA4, 0x74,
    0x48, 0x90, 0xB4, 0x0A, 0x9B, 0x63, 0x12, 0xDE, 0xFE, 0x18, 0x4F, 0x36, 0x45, 0xD2, 0xFF, 0x3C,
    0xE7, 0x2F, 0x97, 0x70, 0xA1, 0x99, 0x07, 0x2C, 0xAA, 0x8D, 0x92, 0xEE, 0x19, 0xB1, 0x85, 0xB1,
    0x51, 0xE0, 0x3D, 0xB9, 0x50, 0x69, 0x60, 0xC6, 0x77, 0x28, 0x5C, 0xDE, 0xCC, 0x51, 0xCA, 0x4C,
    0xA5, 0xFA, 0xA2, 0xE2, 0x90, 0xA1, 0xED, 0xD0, 0x5F, 0xB4, 0x21, 0xB5, 0x12, 0x69, 0x6C, 0x95,
    0x4A, 0x1E, 0x9A, 0x6A, 0xA5, 0x1B, 0xC7, 0x9B, 0xB2, 0x45, 0xE4, 0xD1, 0x67, 0x8F, 0xA2, 0x8D,
    0x85, 0x46, 0xEC, 0x34, 0xA2, 0xA8, 0x85, 0x89, 0x4C, 0x2E, 0x08, 0x3E, 0x73, 0xED, 0x68, 0x1F,
    0xF3, 0x21, 0xF1, 0x10, 0x69, 0x83, 0x34, 0xD3, 0xC5, 0x14, 0x65, 0x61, 0x11, 0x82, 0x69, 0xA6,
    0x9F, 0x23, 0xF3, 0xA9, 0xF5, 0xC7, 0x98, 0xFB, 0xEF, 0x54, 0xF0, 0x45, 0xF1, 0xDB, 0x2B, 0xA9,
    0x60, 0x4C, 0x0B, 0xD0, 0xBB, 0xFB, 0x9B, 0xA0, 0x29, 0xF4, 0xCD, 0x3D, 0xA5, 0x87, 0x50, 0x59,
    0x9C, 0x7D, 0xB2, 0xC9, 0x1D, 0xF2, 0x3E, 0xC6, 0xFE, 0x6D, 0xE2, 0x4B, 0x3C, 0x2C, 0xAF, 0xB8,
    0xEC, 0x2F, 0x26, 0xB8, 0xA3, 0x0C, 0x16, 0x61, 0xE5, 0xB8, 0xCB, 0x3E, 0x04, 0x2D, 0x7B, 0x9D,
    0x65, 0x56, 0xBC, 0xB6, 0x74, 0xC2, 0x65, 0xCB, 0x19, 0x4A, 0x1D, 0x99, 0x1D, 0x5E, 0x7E, 0xD8,
    0xE3, 0x98, 0xF3, 0x0A, 0x63, 0xE2, 0x84, 0xF9, 0xC3, 0xC6, 0xF3, 0x93, 0x2B, 0xC5, 0xFB, 0xA6,
    0x27, 0xEC, 0xC2, 0x7B, 0xB6, 0x78, 0x06, 0x8D, 0xFF, 0x11, 0x9F, 0x78, 0x3C, 0xAA, 0x09, 0x06,
    0x7F, 0xC2, 0xE6, 0xBF, 0x0C, 0xE0, 0x9D, 0x1F, 0x3F, 0xB8, 0x30, 0x30, 0xA9, 0x1F, 0x74, 0xF5,
    0xB5, 0x05, 0x90, 0xB3, 0x52, 0x3D, 0x87, 0x6D, 0xF1, 0x37, 0xEC, 0x81, 0x36, 0x67, 0xBD, 0x24,
    0x34, 0x41, 0x91, 0x93, 0xCB, 0x09, 0xD9, 0x7D, 0x8E, 0xFE, 0xCC, 0xFD, 0x98, 0xFB, 0xBA, 0x32,
    0xE2, 0x62, 0x0E, 0x34, 0xA0, 0xE5, 0x36, 0x77, 0xC4, 0x4C, 0x57, 0xC4, 0x53, 0x28, 0x67, 0xA4,
    0x4B, 0xEE, 0xB5, 0xE6, 0xCA, 0x2F, 0xA4, 0x07, 0x97, 0x0E, 0xFE, 0x9A, 0xCC, 0x99, 0x37, 0xD8,
    0x7D, 0xCB, 0xFB, 0x97, 0x98, 0x33, 0xDE, 0x0F, 0xDA, 0xBD, 0x51, 0xB3, 0x87, 0x57, 0xDC, 0x15,
    0xE8, 0xD1, 0x0A, 0xB1, 0x71, 0x83, 0x97, 0xFE, 0x06, 0x3C, 0x36, 0xCA, 0xA0, 0x5F, 0x37, 0x8D,
    0x64, 0xEC, 0xD4, 0x2B, 0xBA, 0xCB, 0xEC, 0xC8, 0x11, 0xDD, 0x0F, 0x73, 0xCD, 0x1D, 0x2F, 0x36,
    0x33, 0xFC, 0x22, 0x82, 0xAB, 0x69, 0x0D, 0x40, 0xC3, 0x81, 0x93, 0x33, 0x46, 0xF3, 0x71, 0xDF,
    0xF8, 0x23, 0x2D, 0xF9, 0xCD, 0x95, 0x79, 0x7B, 0x87, 0xD1, 0x4C, 0x5F, 0x6A, 0x86, 0xDF, 0x14,
    0x97, 0x2D, 0x19, 0x92, 0x00, 0xB5, 0x14, 0x83, 0xFE, 0x6F, 0x25, 0x18, 0xAC, 0x97, 0x98, 0x98,
    0xE9, 0xAD, 0xEF, 0xC4, 0xAB, 0x24, 0x72, 0x9A, 0xA0, 0x3F, 0x5D, 0x5F, 0x80, 0xA7, 0x9A, 0xFF,
    0x91, 0xFC, 0x0C, 0x39, 0x18, 0x33, 0x7F, 0xA1, 0x26, 0xCA, 0xB2, 0x11, 0x9A, 0xE6, 0x94, 0x5D,
    0x03, 0xAA, 0x8D, 0x9C, 0x64, 0x21, 0xFD, 0xCD, 0x0D, 0xB2, 0xB9, 0xC3, 0x0B, 0xEC, 0x62, 0x65,
    0xE5, 0x01, 0x44, 0x9B, 0x53, 0x1C, 0x3F, 0xB8, 0xC4, 0xE0, 0xDD, 0x1B, 0xEC, 0xE9, 0xFB, 0x96,
    0xA1, 0xE1, 0x2E, 0x65, 0x6C, 0xF5, 0xB3, 0xCB, 0xD0, 0x9E, 0x35, 0x8E, 0x8D, 0x65, 0xD9, 0xCB,
    0x4B, 0x2B, 0xD2, 0x68, 0x72, 0xD6, 0x0B, 0x7D, 0xAC, 0x90, 0x9D, 0x3B, 0x38, 0x43, 0x9F, 0xC7,
    0x68, 0xDF, 0x7F, 0x1D, 0xCB, 0x59, 0x08, 0x4D, 0x9A, 0xE9, 0x02, 0x4F, 0xA3, 0x4D, 0xB6, 0x11,
    0x76, 0xD3, 0xB2, 0x50, 0xF1, 0x02, 0x8F, 0x93, 0x4D, 0x12, 0x9C, 0xF5, 0xF4, 0x2E, 0x8E, 0x44,
    0xAE, 0x29, 0xA8, 0x65, 0xD3, 0x3A, 0x20, 0xD0, 0xAC, 0xCF, 0x1D, 0x79, 0x24, 0x7A, 0x6A, 0x7F,
    0xF4, 0xD2, 0x67, 0xAD, 0x17, 0x2B, 0xFB, 0xB9, 0x1C, 0xF4, 0x4E, 0x73, 0x8C, 0x43, 0xCB, 0x97,
    0x86, 0x4C, 0x7C, 0x38, 0x45, 0x5B, 0x32, 0xB2, 0x8F, 0xA3, 0x38, 0x02, 0xF2, 0x07, 0x08, 0x1C,
    0x0E, 0xFF, 0x32, 0x4A, 0xD2, 0x7E, 0xC5, 0x8C, 0x7F, 0xDA, 0xB9, 0xD8, 0xDB, 0x57, 0xE4, 0x96,
    0x0B, 0x4F, 0x38, 0xE2, 0x13, 0xF3, 0x95, 0xCC, 0x9C, 0x64, 0xC6, 0x2F, 0x33, 0xF4, 0x59, 0x47,
    0xA1, 0x3F, 0x65, 0xC1, 0xB8, 0x63, 0x48, 0x44, 0x3B, 0x70, 0x0E, 0x1C, 0x25, 0x83, 0x9E, 0x2E,
    0x72, 0x82, 0x2F, 0x29, 0x4D, 0x68, 0x56, 0xDE, 0xE5, 0xAA, 0xD0, 0x56, 0xA2, 0xE2, 0x19, 0xF0,
    0x7A, 0xE4, 0xF7, 0xD9, 0x70, 0xAD, 0xFA, 0x45, 0x34, 0x33, 0xD0, 0x48, 0xFC, 0x3A, 0x54, 0xBA,
    0xC6, 0x21, 0xF6, 0xD0, 0xCA, 0x43, 0x2B, 0x74, 0xAC, 0x3E, 0x73, 0x22, 0x29, 0xFC, 0x5F, 0x8E,
    0x9D, 0x58, 0xB8, 0x88, 0x0E, 0x5D, 0x61, 0x0F, 0x3C, 0x7D, 0x96, 0x3D, 0x0D, 0x9F, 0x2B, 0xEB,
    0x05, 0xFB, 0x1C, 0x6A, 0x51, 0x3F, 0x40, 0x85, 0xEF, 0xD6, 0xCA, 0x08, 0x02, 0x1D, 0xFA, 0x64,
    0xD3, 0x40, 0x4A, 0xC8, 0x06, 0x8C, 0x91, 0xA8, 0xB8, 0x7C, 0x36, 0x5F, 0xBE, 0x72, 0x35, 0xCA,
    0x17, 0x63, 0x60, 0x76, 0x76, 0xC9, 0xDC, 0x29, 0x5B, 0x7A, 0x84, 0x2D, 0xB9, 0xEC, 0xE8, 0x51,
    0x14, 0x94, 0x87, 0xA3, 0x56, 0x77, 0xE8, 0x00, 0x9C, 0x08, 0x50, 0x0B, 0xAD, 0x98, 0x55, 0xFF,
    0x33, 0x09, 0xF8, 0x28, 0xB4, 0xE2, 0x64, 0x89, 0x1F, 0x94, 0x35, 0x40, 0x48, 0x0C, 0x8D, 0x1A,
    0xA6, 0x7F, 0x50, 0x09, 0x41, 0x0D, 0x9B, 0x04, 0xC0, 0x1F, 0x41, 0x66, 0x26, 0x89, 0x84, 0xCA,
    0x76, 0x12, 0x8D, 0x56, 0x66, 0x88, 0xE5, 0x7D, 0x18, 0xCD, 0x1D, 0x7D, 0x47, 0x14, 0x4E, 0xC2,
    0x5E, 0xDA, 0x3E, 0xF4, 0x2D, 0x7D, 0x26, 0xD2, 0xD3, 0xD4, 0x7E, 0xB6, 0x7D, 0x3F, 0x3A, 0xC9,
    0xBC, 0xDB, 0x78, 0x7E, 0xEF, 0x1D, 0xE2, 0x93, 0x89, 0x0F, 0x32, 0x10, 0x6C, 0x28, 0xB4, 0xFD,
    0x5B, 0x14, 0x8C, 0x8E, 0xDA, 0xFF, 0x54, 0xD8, 0x0B, 0xFC, 0x7C, 0x74, 0xF2, 0x2A, 0x70, 0xD0,
    0x13, 0x73, 0xDE, 0x34, 0xDA, 0x1C, 0x85, 0x4A, 0x71, 0xB2, 0x73, 0x6B, 0xE7, 0x7F, 0x85, 0x55,
    0x98, 0xF4, 0x8F, 0xEC, 0x0E, 0xF0, 0x8A, 0xD1, 0x49, 0x21, 0x02, 0xA1, 0x17, 0xEF, 0xC4, 0x9C,
    0xD8, 0x33, 0x03, 0x60, 0xCA, 0x46, 0xBA, 0x45, 0x4F, 0x15, 0x67, 0xB7, 0x9F, 0xA2, 0xFD, 0x98,
    0xFD, 0x4F, 0x29, 0x3E, 0x68, 0x94, 0x25, 0x8B, 0x66, 0x4D, 0x76, 0xAA, 0x10, 0x54, 0x22, 0x54,
    0xFD, 0xC5, 0x5B, 0x71, 0x46, 0x44, 0xA9, 0x61, 0x33, 0x16, 0xEC, 0x1C, 0x3F, 0xD7, 0xA0, 0x70,
    0x01, 0xE2, 0xA8, 0xE7, 0x22, 0x5E, 0x80, 0x8A, 0x44, 0x25, 0xED, 0xAD, 0x60, 0x6D, 0xF2, 0xD0,
    0xC9, 0xFC, 0xD4, 0x85, 0x7F, 0x5E, 0xEC, 0x4C, 0x7C, 0x90, 0xE9, 0xE8, 0x93, 0xDA, 0x99, 0x5B,
    0x27, 0xA8, 0x4A, 0x81, 0xA6, 0x00, 0xA2, 0xC6, 0x3C, 0x76, 0x04, 0x4A, 0x27, 0xC0, 0x1A, 0x4C,
    0x28, 0xC0, 0x99, 0x0A, 0x03, 0x0C, 0x70, 0xB9, 0x15, 0x0B, 0xAE, 0xCB, 0x8D, 0xA1, 0x68, 0x56,
    0xA6, 0xE5, 0x00, 0x58, 0x0A, 0x31, 0xAB, 0xD0, 0x09, 0x0B, 0x42, 0x25, 0x61, 0x42, 0x7E, 0xE9,
    0xB9, 0x8B, 0xC7, 0xD2, 0x80, 0x63, 0xA0, 0x75, 0xC6, 0xDA, 0x4C, 0x50, 0x9C, 0x86, 0x57, 0x61,
    0x99, 0x30, 0xF4, 0x61, 0x82, 0xB1, 0x16, 0x68, 0x66, 0x81, 0x93, 0x37, 0xB1, 0x68, 0xAD, 0x3D,
    0xCF, 0x85, 0x30, 0x24, 0x22, 0x57, 0x48, 0x80, 0x22, 0xD1, 0x09, 0x65, 0x28, 0x2C, 0x1E, 0x96,
    0x8F, 0x0A, 0x48, 0x25, 0xA4, 0x22, 0x8A, 0x32, 0x02, 0xF6, 0x70, 0x9F, 0x92, 0xDB, 0xF8, 0x4F,
    0x46, 0xF5, 0xD9, 0xFF, 0x8D, 0x4D, 0x0A, 0x97, 0x5F, 0x9E, 0x64, 0x62, 0xDE, 0xF6, 0x0D, 0x0C,
    0xDC, 0x0F, 0x6A, 0xB9, 0x5F, 0xC3, 0xAA, 0x0A, 0x05, 0xD8, 0xEE, 0x7F, 0x28, 0xFF, 0xFB, 0xFA,
    0xFF, 0x18, 0xFF, 0x7B, 0xA2, 0xCC, 0x58, 0xF1, 0x02, 0xF7, 0x46, 0x48, 0x8A, 0xC6, 0xAB, 0x07,
    0xE2, 0xEF, 0xFA, 0x49, 0x6C, 0x64, 0x20, 0x3D, 0x33, 0x87, 0x5C, 0x23, 0x29, 0xD5, 0x34, 0x20,
    0x85, 0x24, 0x0C, 0x38, 0x3A, 0x1D, 0x1B, 0x9B, 0x18, 0x54, 0x54, 0x9A, 0xB4, 0xDE, 0xB9, 0xC0,
    0x2F, 0xFE, 0xFD, 0xCB, 0x46, 0x71, 0x3F, 0xED, 0xBC, 0x17, 0x15, 0xA8, 0x8B, 0x83, 0xB4, 0x85,
    0x9D, 0x6C, 0x6C, 0xAA, 0x98, 0x11, 0x34, 0x94, 0xCD, 0x89, 0x86, 0xF5, 0x31, 0xA8, 0x9F, 0x89,
    0x60, 0x98, 0x18, 0x27, 0x2E, 0xDC, 0x93, 0x05, 0x27, 0x97, 0x45, 0x11, 0x4B, 0xCB, 0xA2, 0x49,
    0x25, 0x5C, 0x0F, 0x53, 0xED, 0xCB, 0x4B, 0x13, 0xA1, 0x52, 0xCB, 0x35, 0x1C, 0xA8, 0x49, 0x7B,
    0x15, 0x54, 0xE3, 0xC2, 0xE3, 0xD0, 0x35, 0xA6, 0x50, 0xD3, 0xD5, 0x12, 0x0C, 0x83, 0x5C, 0x67,
    0xCD, 0x9A, 0x8A, 0x44, 0x48, 0x19, 0x58, 0x6E, 0x62, 0xF7, 0xB2, 0xA5, 0xD5, 0x37, 0x14, 0x5D,
    0x4E, 0x55, 0x85, 0x8A, 0x13, 0x91, 0xD7, 0x0F, 0x2B, 0xD8, 0xBE, 0x66, 0x88, 0xC4, 0x7A, 0x49,
    0x23, 0x83, 0x8A, 0x0C, 0x56, 0x06, 0x85, 0x50, 0x9A, 0x11, 0x1A, 0x53, 0x81, 0xFA, 0x56, 0x86,
    0x02, 0x65, 0x1E, 0x50, 0x46, 0x01, 0x65, 0x0A, 0x68, 0x0C, 0x00, 0x4A, 0xED, 0x97, 0xCA, 0xBE,
    0x00, 0x46, 0xF0, 0x64, 0x0B, 0x0C, 0x57, 0x00, 0x43, 0x9F, 0x7C, 0x9E, 0x66, 0xC2, 0xF7, 0x82,
    0x6F, 0xDB, 0xD0, 0x30, 0xE1, 0x2B, 0x49, 0x61, 0x83, 0x25, 0x15, 0x03, 0x16, 0x2F, 0x4D, 0x33,
    0x9F, 0x12, 0x3B, 0x26, 0x3A, 0xDF, 0xA3, 0x28, 0x58, 0xFA, 0x38, 0x69, 0x48, 0xCE, 0x07, 0x34,
    0x07, 0xBA, 0xFA, 0x9C, 0x33, 0x2F, 0xAD, 0xFA, 0x14, 0xA2, 0x22, 0x1B, 0x20, 0x12, 0x96, 0x0F,
    0x34, 0x89, 0x26, 0xB8, 0xA9, 0xCE, 0x8F, 0x79, 0xC9, 0x43, 0x81, 0xAA, 0x55, 0xF8, 0x31, 0xD8,
    0xF9, 0x5F, 0xE8, 0x77, 0xFE, 0xBD, 0x4D, 0x00, 0xEF, 0xDA, 0xB9, 0xE2, 0x66, 0xEA, 0x3A, 0xA4,
    0xFC, 0x5C, 0x81, 0x92, 0x25, 0x47, 0x4A, 0x77, 0x5C, 0x57, 0x89, 0xA9, 0xB2, 0xA6, 0x54, 0xBA,
    0x57, 0x88, 0x12, 0xB5, 0xBA, 0x46, 0xAA, 0x58, 0x4E, 0x2E, 0xD6, 0x80, 0x19, 0x09, 0xE8, 0x1A,
    0x17, 0x4E, 0x9D, 0xFA, 0x44, 0x82, 0x41, 0x05, 0x5C, 0xD8, 0x95, 0x84, 0x13, 0x0A, 0x9D, 0x39,
    0xC6, 0x69, 0xFE, 0xDA, 0x85, 0x9D, 0xA7, 0xF2, 0x27, 0xFB, 0x01, 0x1D, 0x6D, 0x44, 0x4E, 0xB7,
    0x5A, 0x87, 0x06, 0xCD, 0xE3, 0x9A, 0x2D, 0x56, 0x13, 0xDE, 0xA6, 0xAD, 0xE4, 0x5E, 0xB5, 0xA4,
    0x69, 0x1B, 0xC9, 0x24, 0xEB, 0x84, 0x62, 0x83, 0xA8, 0xD5, 0x02, 0x9F, 0xCA, 0xB5, 0x6D, 0x46,
    0x52, 0x03, 0x09, 0x6B, 0xF6, 0xF1, 0x84, 0x17, 0x91, 0x5A, 0x14, 0x55, 0x87, 0xE8, 0x1B, 0xA4,
    0xDA, 0x8D, 0x09, 0x0A, 0xC6, 0xE9, 0xFA, 0xEB, 0xBB, 0x17, 0x89, 0x34, 0x5D, 0x4B, 0xB3, 0x40,
    0x6A, 0x49, 0x6B, 0x58, 0xF2, 0xB9, 0x55, 0xAC, 0x8B, 0x26, 0x44, 0xEB, 0x07, 0x6A, 0xAF, 0xF6,
    0xE4, 0x76, 0x40, 0xDD, 0x1C, 0x0F, 0xC9, 0xEB, 0xA2, 0xD6, 0x8D, 0x62, 0x4E, 0xAE, 0x32, 0xE7,
    0x97, 0x15, 0xB3, 0xE1, 0x63, 0x8E, 0xAF, 0xCC, 0x86, 0x1D, 0xA1, 0x1A, 0x46, 0xD1, 0x52, 0xC8,
    0x33, 0x41, 0xBD, 0x7F, 0xA3, 0x02, 0x7E, 0x80, 0xB1, 0x77, 0x01, 0x45, 0xE6, 0xA1, 0x0F, 0x6B,
    0x1D, 0x86, 0x5F, 0x25, 0x3F, 0x1B, 0x90, 0x8F, 0xE2, 0x08, 0x25, 0x1F, 0x80, 0x33, 0xEE, 0x60,
    0x04, 0xF7, 0x5D, 0xC5, 0x68, 0x46, 0x0A, 0x75, 0x25, 0x6F, 0xCF, 0xD9, 0x03, 0x03, 0x0D, 0x33,
    0xDF, 0xF8, 0xDF, 0xE8, 0x84, 0x9E, 0x37, 0x72, 0xB7, 0xA1, 0x8F, 0x8D, 0x1C, 0x6B, 0xE4, 0x4D,
    0x23, 0x17, 0x1A, 0xF9, 0xCD, 0xAA, 0xE6, 0x44, 0x6E, 0x31, 0xF2, 0x85, 0x91, 0x03, 0x8C, 0xBC,
    0x5E, 0xE4, 0xEA, 0x42, 0x51, 0x08, 0xCF, 0x64, 0xAB, 0x6C, 0x23, 0xA4, 0x1E, 0xB1, 0xA5, 0x66,
    0x1C, 0x7C, 0x49, 0xF6, 0x51, 0xF0, 0x31, 0x99, 0x38, 0x60, 0xC6, 0x77, 0xE6, 0x88, 0x6B, 0xCA,
    0xAC, 0x95, 0xBA, 0x93, 0xEC, 0x94, 0x7C, 0xE6, 0xB8, 0x73, 0xC7, 0xDA, 0x11, 0x27, 0x4E, 0xBC,
    0x34, 0xF2, 0xD2, 0x0F, 0x38, 0xE1, 0x5B, 0x19, 0x28, 0x46, 0xBE, 0x02, 0xC2, 0x2F, 0x87, 0x0F,
    0x5C, 0x7C, 0xFE, 0xF0, 0x2C, 0xB6, 0x74, 0x15, 0x02, 0xA5, 0x6F, 0x5F, 0xB8, 0xBE, 0x71, 0x9B,
    0xDF, 0x04, 0xB7, 0x54, 0xC3, 0x20, 0xE4, 0xF1, 0x99, 0xD9, 0xAD, 0x06, 0xCA, 0x3E, 0x3F, 0x6B,
    0xBD, 0xEA, 0x8A, 0xD5, 0x79, 0xB3, 0x80, 0xFA, 0xD2, 0x9D, 0x0E, 0xA8, 0xA1, 0x2A, 0x76, 0x22,
    0x06, 0xF4, 0x80, 0xBC, 0x27, 0x5B, 0xBD, 0x69, 0x27, 0x1C, 0xEE, 0x7B, 0x97, 0xE2, 0x90, 0x20,
    0x84, 0xEA, 0x13, 0x6A, 0x50, 0xE7, 0x11, 0x96, 0xD1, 0x5E, 0xC0, 0x52, 0x5A, 0x23, 0x18, 0x6D,
    0x98, 0x8C, 0xD0, 0x03, 0xF9, 0x6E, 0x2F, 0xA1, 0x2A, 0x76, 0x18, 0x13, 0xFB, 0x8A, 0x89, 0xDD,
    0xC4, 0xC4, 0x1E, 0x62, 0x62, 0xE7, 0x30, 0x12, 0xEE, 0x26, 0x6A, 0x97, 0x30, 0x5A, 0x62, 0x63,
    0xD2, 0x6A, 0x35, 0xB7, 0x54, 0x66, 0x56, 0x19, 0x63, 0x69, 0x55, 0x6D, 0x70, 0xA7, 0xB0, 0x4A,
    0x0B, 0x6B, 0x59, 0x40, 0xBA, 0x5E, 0x44, 0x95, 0x1E, 0xD1, 0x79, 0x9D, 0x28, 0xEB, 0x5A, 0x48,
    0x57, 0xA4, 0xF5, 0xA7, 0x58, 0x7A, 0x2E, 0xC2, 0xA9, 0xC5, 0xEE, 0x5A, 0x72, 0x4F, 0x2D, 0xB1,
    0x93, 0x96, 0xDC, 0x3F, 0x0B, 0x77, 0xCD, 0x92, 0x7B, 0xA3, 0xC9, 0x2D, 0xD1, 0xE4, 0x4E, 0x68,
    0xAA, 0xF0, 0xAA, 0xF4, 0xA2, 0xF8, 0xB2, 0xFC, 0x72, 0x73, 0x33, 0xB9, 0xA7, 0x99, 0xDC, 0xCA,
    0x4C, 0xEE, 0x60, 0x26, 0x36, 0x2E, 0x93, 0xFB, 0x95, 0x89, 0x6D, 0xCA, 0x32, 0xB1, 0x3B, 0x59,
    0x2E, 0x36, 0x25, 0xCB, 0x45, 0x4D, 0x64, 0x55, 0x64, 0x5D, 0x64, 0x65, 0x14, 0xEA, 0x36, 0x3A,
    0xC1, 0x67, 0x2A, 0x6A, 0x5E, 0x00, 0x5E, 0x46, 0x88, 0xCB, 0x1D, 0xC3, 0xD4, 0x46, 0x61, 0x91,
    0x5A, 0xAD, 0x22, 0x6C, 0x22, 0xDA, 0x6E, 0x60, 0x6A, 0x4B, 0x64, 0xA4, 0xAB, 0xC5, 0x38, 0x62,
    0xEB, 0x63, 0xB9, 0xE5, 0xB1, 0xD8, 0xE6, 0x92, 0xC2, 0x48, 0x4C, 0x52, 0x00, 0xA8, 0x43, 0x17,
    0xB1, 0x8A, 0x09, 0x17, 0x2A, 0x2E, 0xD6, 0x56, 0x84, 0x65, 0x0C, 0x1D, 0xEF, 0xD7, 0x4A, 0x19,
    0x0D, 0x47, 0x46, 0x88, 0x42, 0xA8, 0xAD, 0x98, 0x9B, 0x35, 0x41, 0xB2, 0x1C, 0xB2, 0x20, 0x6A,
    0xC3, 0x4D, 0xB1, 0xDB, 0xB2, 0xD8, 0x66, 0x59, 0xEE, 0xAF, 0x2C, 0x36, 0x56, 0x16, 0x3B, 0x2A,
    0x4F, 0xC4, 0x26, 0xCA, 0x99, 0xD8, 0x3D, 0x79, 0xB2, 0xFD, 0x00, 0x9F, 0x2A, 0x77, 0x3B, 0x1D,
    0x7A, 0xD8, 0xFC, 0x3B, 0x00, 0xD8, 0xA6, 0x3D, 0x46, 0x1A, 0x4B, 0x79, 0x57, 0x02, 0x56, 0x43,
    0xE3, 0xA8, 0xC3, 0x1F, 0xDF, 0x5D, 0x80, 0x7D, 0x27, 0x60, 0x28, 0xE6, 0x56, 0xE1, 0x4A, 0x12,
    0xE7, 0x85, 0xC1, 0x89, 0xE8, 0xDD, 0x8B, 0xBF, 0x46, 0x7E, 0x90, 0xFE, 0x32, 0xF9, 0xB5, 0xB0,
    0xE5, 0x7C, 0xFB, 0xDE, 0x05, 0xEC, 0x91, 0x36, 0x78, 0x41, 0x9E, 0x3F, 0xB0, 0x9D, 0xAE, 0xF6,
    0xB6, 0x40, 0xFB, 0x99, 0x0E, 0x8B, 0x93, 0x5F, 0x87, 0x77, 0xD4, 0x1B, 0xDF, 0x89, 0xB1, 0x70,
    0xBF, 0xB0, 0xCE, 0xD2, 0x52, 0x4C, 0x2E, 0x63, 0x3A, 0xC8, 0xE0, 0xAC, 0xAC, 0xB2, 0x85, 0x14,
    0xEF, 0xB4, 0x8F, 0x51, 0x1D, 0x61, 0x76, 0x09, 0x5A, 0x5B, 0x1E, 0xD1, 0xBE, 0x21, 0x75, 0xC7,
    0x89, 0x76, 0x55, 0x93, 0x08, 0xB9, 0x16, 0x95, 0x26, 0xFC, 0xB5, 0x02, 0x89, 0x42, 0xF7, 0x6D,
    0xE2, 0x69, 0x19, 0x53, 0x72, 0xDB, 0xB4, 0xBD, 0x0D, 0xD7, 0x19, 0xD1, 0x72, 0x07, 0x11, 0xCF,
    0x12, 0xD2, 0x82, 0x86, 0x94, 0x56, 0x30, 0x28, 0x31, 0xCB, 0x95, 0x6E, 0x60, 0xFC, 0xEC, 0xEB,
    0xB7, 0xDE, 0x1E, 0xD6, 0xCC, 0xD1, 0x2A, 0x20, 0x5C, 0xF2, 0xFB, 0xB6, 0xD2, 0xFE, 0xDF, 0xF1,
    0x36, 0xC0, 0x37, 0x92, 0xE9, 0x5B, 0x55, 0x63, 0x83, 0xB5, 0x8A, 0xBE, 0x2F, 0x4D, 0x78, 0xF4,
    0x91, 0xB4, 0x91, 0x78, 0x05, 0x5E, 0x8F, 0x43, 0x33, 0x98, 0xD0, 0x0A, 0x27, 0x44, 0x31, 0xAE,
    0xB9, 0x8C, 0x1A, 0xFF, 0xC3, 0xFD, 0x2A, 0xBA, 0x55, 0xF8, 0x21, 0xAB, 0x66, 0x4C, 0x46, 0x4D,
    0x7D, 0x88, 0x8D, 0x51, 0x9D, 0x7C, 0xB1, 0xEF, 0x12, 0x99, 0x4C, 0x33, 0x5C, 0x72, 0x35, 0x11,
    0xF5, 0xA0, 0x52, 0x39, 0xB9, 0xE4, 0x87, 0xB4, 0x94, 0x4A, 0x2C, 0xA1, 0xCA, 0xA5, 0x05, 0x5A,
    0x3A, 0x58, 0x51, 0xEC, 0x55, 0x7E, 0x0B, 0x3B, 0x1E, 0x6E, 0xD7, 0xB7, 0xA3, 0x96, 0x6E, 0xD8,
    0xD4, 0x20, 0x65, 0x03, 0x20, 0xEA, 0xF4, 0xEB, 0x3B, 0xD6, 0x1A, 0x03, 0x87, 0xC6, 0xBA, 0xB5,
    0x50, 0x40, 0x77, 0xD2, 0x8F, 0xAC, 0x8B, 0x31, 0x7E, 0x3D, 0x97, 0xBF, 0xA9, 0xCD, 0x50, 0xD0,
    0x20, 0x94, 0x8A, 0x48, 0x65, 0xDC, 0xB6, 0x26, 0x36, 0x8B, 0x39, 0x11, 0x61, 0xE1, 0xC5, 0x46,
    0xE1, 0x0B, 0x14, 0x62, 0xFC, 0x66, 0x20, 0xCA, 0x88, 0x61, 0x9B, 0x14, 0x80, 0x5E, 0x33, 0x00,
    0x1B, 0x29, 0x99, 0x46, 0xE7, 0xCF, 0x16, 0xBD, 0x21, 0xB7, 0x83, 0x33, 0x6A, 0x8A, 0x2D, 0x9F,
    0xB6, 0x08, 0x5E, 0x6F, 0xA3, 0xB2, 0x92, 0xD6, 0xC6, 0x15, 0xC4, 0x4D, 0x51, 0xD1, 0x18, 0x2C,
    0xED, 0xD5, 0x0E, 0xFF, 0xCA, 0x19, 0xDE, 0xC6, 0x84, 0x55, 0xAD, 0xEF, 0xB0, 0x71, 0x15, 0x5C,
    0x9C, 0xD9, 0x6A, 0xA8, 0x63, 0x2A, 0x6B, 0x02, 0xE9, 0xB0, 0xD6, 0x2A, 0x43, 0xF5, 0x56, 0xDB,
    0xCC, 0x8B, 0x9A, 0xE7, 0x8D, 0xC5, 0xCD, 0xA5, 0x40, 0xFC, 0xA6, 0xF6, 0x14, 0x9D, 0xAD, 0xEA,
    0x6F, 0xCA, 0x8D, 0x8D, 0xA9, 0x05, 0x2C, 0xF9, 0x07, 0x6B, 0xA8, 0x0D, 0x1C, 0xB9, 0x9D, 0x8B,
    0x68, 0x85, 0x1B, 0x8D, 0x09, 0x9C, 0x36, 0x6F, 0x09, 0x9B, 0x96, 0x28, 0x0D, 0xAE, 0xB7, 0x45,
    0xA7, 0x35, 0x3A, 0xED, 0x21, 0x5B, 0x24, 0xD3, 0xA2, 0xE6, 0x92, 0xB4, 0x71, 0xEF, 0x36, 0xAD,
    0xD2, 0x6D, 0x97, 0x4E, 0xCB, 0x0C, 0xB6, 0x8D, 0xA0, 0x5F, 0xD6, 0xAD, 0x8B, 0xF2, 0xED, 0x04,
    0x5A, 0x03, 0xB7, 0x08, 0xF4, 0x11, 0xC5, 0x95, 0x88, 0xC2, 0x5D, 0x17, 0x5F, 0xE7, 0x70, 0x39,
    0x02, 0xC6, 0xDA, 0x6E, 0xA0, 0x6B, 0xF0, 0x1C, 0xA3, 0x25, 0x67, 0xEB, 0x16, 0x6E, 0x7E, 0x69,
    0x54, 0x62, 0xF5, 0x75, 0xC9, 0x7F, 0xC8, 0xEB, 0x84, 0x67, 0xB5, 0xC1, 0x0B, 0xAF, 0xB7, 0xA9,
    0xFE, 0xB5, 0x6E, 0xC2, 0x08, 0x29, 0x41, 0xEF, 0x39, 0xC7, 0x98, 0x7A, 0x85, 0x4C, 0x8C, 0x68,
    0x68, 0x5A, 0x62, 0xEB, 0x2A, 0x7A, 0x5F, 0x44, 0x33, 0x22, 0xBC, 0x31, 0x89, 0x99, 0x78, 0xA7,
    0x50, 0x5D, 0x39, 0x36, 0xEF, 0x44, 0xBC, 0xF7, 0xE5, 0xE6, 0xCD, 0xD1, 0x76, 0xFB, 0x12, 0x3D,
    0xA3, 0x07, 0xEF, 0x0E, 0x25, 0xDB, 0x29, 0xD7, 0xF9, 0x70, 0x83, 0x23, 0xEF, 0xC5, 0x7C, 0x20,
    0xE9, 0x3C, 0x3A, 0xB9, 0x3B, 0x10, 0xB7, 0x1B, 0x88, 0xC3, 0xED, 0xDE, 0xFB, 0x93, 0x0A, 0x9D,
    0x8C, 0x2E, 0xF0, 0x68, 0xED, 0xDF, 0x69, 0xF6, 0x5E, 0x66, 0xCB, 0x5E, 0xD8, 0xFE, 0xB8, 0xCB,
    0x24, 0xB6, 0xED, 0x37, 0xB9, 0xC7, 0x96, 0x5C, 0x9E, 0x2B, 0xBF, 0xA4, 0x2D, 0xEE, 0xAA, 0xD8,
    0x4C, 0x40, 0xAE, 0xB4, 0x90, 0x5F, 0x7D, 0x23, 0xFC, 0x3B, 0xCE, 0x63, 0x3A, 0xE5, 0xD6, 0x16,
    0x16, 0x37, 0x89, 0xC6, 0x92, 0x78, 0x55, 0x6D, 0x86, 0xD0, 0xAC, 0x15, 0x69, 0x12, 0x83, 0xAE,
    0x84, 0xD9, 0xE3, 0xCE, 0xE1, 0x67, 0x8C, 0x62, 0x0F, 0xB4, 0xB8, 0x9F, 0x96, 0xCC, 0x65, 0xD8,
    0x66, 0x8C, 0x3A, 0xA7, 0x88, 0x3F, 0x43, 0xAF, 0x7B, 0xA5, 0x36, 0x38, 0xCF, 0xDA, 0x38, 0x73,
    0xA0, 0x80, 0xB0, 0xA8, 0x38, 0x8D, 0x89, 0x42, 0x11, 0xC5, 0x96, 0x5B, 0xA5, 0x4D, 0xAB, 0xFF,
    0x09, 0xCD, 0x53, 0xE4, 0x0A, 0x1E, 0x19, 0x96, 0x0D, 0x0E, 0x25, 0x37, 0x78, 0x2A, 0xB1, 0xFC,
    0xDA, 0xC5, 0xD6, 0xE5, 0xDB, 0x44, 0x8F, 0x1B, 0xE5, 0x19, 0xB2, 0x12, 0x4F, 0x45, 0xBF, 0x9F,
    0xC2, 0x7D, 0x30, 0x74, 0x1C, 0x27, 0x5A, 0xDF, 0x04, 0xD2, 0xA2, 0xD9, 0x07, 0xB1, 0x8E, 0xE1,
    0x0E, 0x84, 0x75, 0x04, 0x6F, 0xCF, 0x78, 0xBA, 0x0D, 0xD4, 0x69, 0xA1, 0xB6, 0x89, 0xF4, 0x36,
    0xEA, 0x34, 0x52, 0xA7, 0x95, 0x9A, 0x66, 0x62, 0x7A, 0x3B, 0x31, 0xBD, 0xA1, 0x98, 0xDE, 0x52,
    0x4C, 0x6B, 0xAA, 0x8C, 0x69, 0x6D, 0xC5, 0xAB, 0xB6, 0xB1, 0x6E, 0xF2, 0x5A, 0x6B, 0xAD, 0x33,
    0x95, 0xDE, 0x5C, 0xB3, 0xE3, 0xDE, 0xD1, 0xC7, 0xBD, 0x6A, 0xB1, 0x3D, 0x1A, 0xF7, 0x0B, 0x6A,
    0x89, 0x5D, 0x24, 0x9D, 0xFF, 0xB6, 0xBA, 0x57, 0xAC, 0x3B, 0xF6, 0x40, 0x4F, 0x24, 0xCF, 0xBD,
    0x4F, 0x31, 0x21, 0x64, 0xA7, 0x76, 0x0A, 0x99, 0xF0, 0x27, 0xD2, 0x5A, 0x1D, 0x09, 0x1F, 0xA2,
    0xC0, 0xC3, 0x14, 0x9E, 0xF1, 0x42, 0x49, 0xBB, 0x80, 0xE2, 0xF2, 0xDF, 0x53, 0xA7, 0xF1, 0x2F,
    0xD2, 0x7C, 0x57, 0x2E, 0x01, 0x16, 0xAB, 0x7E, 0xC5, 0xD2, 0x48, 0xB1, 0xD0, 0xB7, 0x5B, 0x8C,
    0xA6, 0x1C, 0x6D, 0x41, 0xD4, 0xB6, 0x43, 0x4D, 0x51, 0xDA, 0xB2, 0xB4, 0x85, 0x69, 0x4B, 0xD3,
    0x16, 0xA7, 0x29, 0x8F, 0x2A, 0x50, 0xCD, 0x54, 0x89, 0x00, 0x03, 0xB2, 0x48, 0x09, 0x9F, 0xC8,
    0x32, 0x2D, 0x20, 0x2E, 0xF4, 0x42, 0xD1, 0xA1, 0x47, 0x04, 0xEB, 0x01, 0x07, 0x7A, 0xFA, 0x20,
    0xBB, 0xFD, 0xE3, 0xEE, 0x40, 0x9E, 0x1D, 0xC8, 0x9D, 0x28, 0xEC, 0x4E, 0x94, 0x47, 0x27, 0xF3,
    0x56, 0x9A, 0xFD, 0x2E, 0x8F, 0xD8, 0x3D, 0x8F, 0x68, 0xE2, 0x2F, 0x1B, 0x01, 0xA4, 0x49, 0xEC,
    0x66, 0x3B, 0xD0, 0x3B, 0x84, 0xC5, 0xB4, 0x51, 0xA4, 0x6D, 0x80, 0x45, 0x9B, 0xDA, 0xED, 0xBE,
    0xA6, 0x77, 0x1E, 0xA3, 0x92, 0xF2, 0xA9, 0xDA, 0x5C, 0x67, 0xBB, 0xAF, 0x72, 0xE0, 0xCB, 0xD8,
    0xEE, 0xAB, 0x62, 0x8B, 0x35, 0x2E, 0xFC, 0xA0, 0xBF, 0x19, 0x45, 0x7F, 0x94, 0xB3, 0xC4, 0xC5,
    0xB7, 0x25, 0x6E, 0x7F, 0x3B, 0xA5, 0xA6, 0x66, 0xF2, 0xAF, 0xFE, 0x60, 0x08, 0x61, 0x40, 0xDB,
    0x52, 0x88, 0x5E, 0xC2, 0xDA, 0x99, 0xB4, 0xB3, 0xAD, 0xD8, 0x2B, 0xA5, 0x08, 0xF8, 0x9B, 0x17,
    0x2F, 0x71, 0xB9, 0x25, 0x49, 0x48, 0x5F, 0xD0, 0x7E, 0xF3, 0x62, 0x37, 0xAD, 0xE6, 0x8F, 0xBF,
    0x35, 0xAB, 0xA6, 0x77, 0x95, 0x28, 0xB7, 0x4C, 0x18, 0xBB, 0x49, 0x88, 0xDA, 0x31, 0x55, 0x3F,
    0xD6, 0xD4, 0xB0, 0xA9, 0x63, 0x53, 0xCB, 0xA6, 0x9E, 0x4D, 0x4D, 0x9B, 0xBA, 0xAA, 0xDA, 0x32,
    0x55, 0x5F, 0xB9, 0x3B, 0x0C, 0xBA, 0x91, 0xA9, 0xCE, 0x22, 0xE4, 0x99, 0x7A, 0x30, 0x15, 0xF5,
    0xC6, 0xF8, 0x3F, 0x59, 0x73, 0xA9, 0x92, 0x08, 0x3E, 0x72, 0x9B, 0xE7, 0xA2, 0x73, 0x5E, 0xD8,
    0xC4, 0x16, 0x02, 0xB4, 0x98, 0x85, 0x83, 0x9B, 0x75, 0x16, 0xC1, 0xE6, 0xE3, 0x95, 0x59, 0xC0,
    0x2B, 0xA7, 0xE6, 0x4D, 0xD4, 0x4B, 0xE8, 0x4F, 0xE9, 0xAD, 0xD2, 0x2A, 0xFB, 0x11, 0xED, 0x19,
    0x35, 0xC5, 0x42, 0xDB, 0xB8, 0xD9, 0xF1, 0x7C, 0x92, 0x93, 0x44, 0x1A, 0xD3, 0x8E, 0x6A, 0xB8,
    0xCE, 0x66, 0x33, 0xEC, 0xA9, 0x4E, 0x4A, 0x51, 0xDA, 0xB3, 0xEF, 0x62, 0xE6, 0x7B, 0x61, 0x53,
    0xF4, 0x72, 0x82, 0x4C, 0x49, 0xD4, 0x02, 0xBF, 0xB1, 0x1E, 0xF8, 0x8D, 0x35, 0x81, 0xEF, 0x9B,
    0x42, 0xC7, 0x12, 0xB5, 0x91, 0xBB, 0x06, 0x8C, 0xE4, 0x2E, 0x58, 0xD2, 0xC0, 0x67, 0x8B, 0x6D,
    0x42, 0xE7, 0x13, 0xB5, 0x31, 0x1C, 0xF0, 0x78, 0x3C, 0xBD, 0x89, 0x7F, 0x18, 0x11, 0xEB, 0xB6,
    0xA8, 0xF1, 0xFC, 0x5D, 0x8E, 0xA3, 0x2B, 0x84, 0x32, 0xEA, 0xEA, 0xE6, 0x8B, 0x36, 0x39, 0x7F,
    0x37, 0x8E, 0x23, 0x61, 0xBF, 0x56, 0x5B, 0x09, 0x74, 0x12, 0xE2, 0xA7, 0xF7, 0xDC, 0x38, 0x72,
    0x43, 0xB9, 0xB4, 0xBC, 0x39, 0xEF, 0x0B, 0xEF, 0xF4, 0x71, 0x44, 0xB6, 0x68, 0x51, 0xDE, 0xCE,
    0xF7, 0xBE, 0xF0, 0x0E, 0x1C, 0x47, 0xFF, 0x0F, 0xDD, 0x59, 0x3D, 0x90, 0xE4, 0x56, 0x11, 0x7E,
    0x92, 0xF6, 0x56, 0x60, 0x01, 0x72, 0x80, 0x03, 0x7C, 0x55, 0x28, 0xB9, 0xC0, 0x0E, 0x8C, 0x1C,
    0x10, 0x82, 0x25, 0x43, 0xE0, 0xC0, 0x81, 0x2F, 0x39, 0x07, 0x76, 0x60, 0x02, 0x47, 0x47, 0xB0,
    0x09, 0x81, 0x83, 0x63, 0xA5, 0x82, 0xC0, 0x21, 0x17, 0xD8, 0x11, 0x89, 0x83, 0xBB, 0xC0, 0x47,
    0xB0, 0x04, 0x04, 0x0E, 0xD8, 0x95, 0x32, 0xA7, 0x72, 0x15, 0x44, 0x04, 0xA8, 0xCA, 0x47, 0x80,
    0x1D, 0xDC, 0x00, 0x63, 0xAC, 0x3D, 0x24, 0x35, 0xFD, 0x7D, 0xFD, 0x34, 0x33, 0xBB, 0xDE, 0x2B,
    0xDF, 0x15, 0x7F, 0x36, 0xDA, 0x9D, 0x6E, 0xED, 0xEC, 0xE8, 0xBD, 0xEE, 0x7E, 0xDD, 0x5F, 0xFF,
    0x8C, 0xDB, 0x7F, 0xD7, 0xE9, 0x55, 0x49, 0xED, 0x5C, 0x28, 0x52, 0x3A, 0x97, 0xCC, 0x2F, 0xEB,
    0x1B, 0x69, 0x8F, 0xB7, 0xB3, 0x16, 0x34, 0x2F, 0xB7, 0x34, 0xAB, 0x41, 0xD3, 0xCE, 0x7D, 0x4B,
    0xE9, 0xB0, 0x3F, 0x3B, 0x17, 0x49, 0x23, 0xFA, 0x96, 0xC8, 0xA9, 0xD2, 0x62, 0xE6, 0x6A, 0x9D,
    0x92, 0x80, 0xB7, 0xF1, 0xE0, 0xCE, 0xAD, 0x56, 0x70, 0x9D, 0x02, 0xC4, 0x1D, 0x92, 0x9E, 0x90,
    0x1E, 0xEF, 0xDC, 0x37, 0xA4, 0x15, 0x69, 0xC1, 0x1D, 0x73, 0xAE, 0x90, 0x4E, 0xBA, 0x6E, 0x19,
    0xC9, 0x9F, 0xAF, 0x35, 0xAD, 0x6B, 0x44, 0xA4, 0x73, 0x89, 0xC8, 0xAC, 0x2B, 0xBE, 0x72, 0x1F,
    0xCB, 0x3E, 0x01, 0x12, 0xCB, 0x40, 0x8D, 0x74, 0xFF, 0x40, 0x3E, 0x52, 0x95, 0x54, 0x06, 0x5D,
    0x24, 0xEE, 0x21, 0x7C, 0x34, 0xB8, 0xAC, 0x74, 0xE1, 0x4C, 0x01, 0xAA, 0x1A, 0xDB, 0x65, 0x1F,
    0x8E, 0x7C, 0x6A, 0x05, 0xA1, 0xA5, 0xE5, 0x3D, 0x74, 0xC9, 0xB9, 0x7E, 0xF3, 0x33, 0x91, 0x3E,
    0x9C, 0xDC, 0x65, 0xE9, 0x92, 0x35, 0xB5, 0xE8, 0xB6, 0x52, 0xED, 0x6A, 0x71, 0xFC, 0x19, 0x2D,
    0xCE, 0xC8, 0xAF, 0xCF, 0x5E, 0x76, 0xA9, 0xBC, 0xFD, 0xAA, 0xA8, 0xFC, 0x02, 0x4B, 0x57, 0x22,
    0x77, 0x75, 0xC7, 0xA3, 0x5B, 0xCE, 0x4B, 0x1E, 0x8B, 0x7E, 0xA8, 0x80, 0x1C, 0xCD, 0x47, 0x2B,
    0xB3, 0x5F, 0x04, 0x55, 0xA2, 0xD5, 0x59, 0x02, 0x31, 0x02, 0xC8, 0xEC, 0xA4, 0x0C, 0x5A, 0x57,
    0xAC, 0x0F, 0x3A, 0x5D, 0x59, 0x7A, 0x35, 0xC8, 0xAC, 0xE7, 0x20, 0x37, 0x9D, 0xCC, 0x37, 0xDD,
    0x72, 0x3D, 0x01, 0x92, 0xD0, 0x26, 0x8D, 0xF0, 0xBC, 0x3E, 0xD6, 0xCD, 0x55, 0x17, 0x15, 0x2C,
    0x6D, 0x61, 0x93, 0x64, 0x05, 0x9B, 0x44, 0x13, 0xD5, 0x91, 0x12, 0xC2, 0xE7, 0x1F, 0x8C, 0x7C,
    0x0A, 0x5B, 0x45, 0x02, 0x8D, 0x0F, 0x60, 0x13, 0x98, 0x5C, 0x5A, 0x91, 0x1F, 0xA8, 0x65, 0xE4,
    0x1D, 0xB5, 0x49, 0xBB, 0xEC, 0x02, 0xC1, 0x5C, 0x38, 0x6E, 0xA9, 0x7B, 0xC7, 0x5D, 0x78, 0xFD,
    0x5F, 0xF9, 0x5B, 0xCA, 0x27, 0xF2, 0x76, 0x4B, 0x1F, 0xBB, 0x58, 0xEB, 0x2F, 0xB1, 0x67, 0xDE,
    0x00, 0x99, 0x37, 0xE4, 0xA9, 0x07, 0x28, 0xF7, 0x9F, 0x71, 0xDE, 0x67, 0x76, 0xC4, 0x35, 0xFA,
    0xF4, 0x83, 0x0C, 0xFC, 0x5F, 0x71, 0x73, 0x6E, 0x52, 0xFB, 0x9B, 0xAC, 0x3D, 0x7F, 0x13, 0x97,
    0xEE, 0x73, 0xAF, 0xFD, 0xDE, 0xDF, 0x14, 0x93, 0xBF, 0x61, 0x18, 0x40, 0x82, 0xA9, 0xB2, 0x85,
    0xE2, 0x55, 0xDA, 0xD9, 0x56, 0x5D, 0xDC, 0x5F, 0xA1, 0x23, 0xB6, 0xD1, 0xAA, 0x58, 0x6E, 0x0E,
    0x97, 0x9B, 0x63, 0xF3, 0xF5, 0x68, 0x35, 0x99, 0xF2, 0xB2, 0xA2, 0x61, 0xF5, 0x14, 0xED, 0x1D,
    0x55, 0x64, 0x35, 0xDB, 0x1E, 0xD1, 0xAA, 0xB1, 0x4D, 0xE2, 0xBE, 0x30, 0x01, 0xD2, 0x2E, 0x93,
    0xDB, 0xD7, 0xAE, 0x5D, 0x7B, 0x45, 0xDA, 0x58, 0xEC, 0x82, 0x6F, 0xE2, 0x52, 0x23, 0x06, 0xD7,
    0x45, 0xEE, 0xDC, 0xDE, 0x08, 0x9D, 0x6D, 0xE5, 0x2F, 0xEA, 0x8B, 0x6E, 0x1F, 0x73, 0x0F, 0x7F,
    0x3D, 0xB9, 0xB5, 0x12, 0x2D, 0x6F, 0x72, 0xE1, 0xD0, 0xAE, 0x98, 0x64, 0xF7, 0xD5, 0x20, 0x85,
    0x0F, 0xAD, 0xA2, 0xF5, 0x5E, 0x5C, 0x94, 0x6A, 0x66, 0x73, 0xE2, 0x02, 0x80, 0x30, 0x79, 0x0F,
    0x4F, 0x3A, 0x37, 0x7A, 0xFF, 0xD8, 0xBC, 0x5B, 0xE0, 0xC8, 0xE7, 0x65, 0x85, 0xDA, 0x99, 0xEE,
    0xE9, 0x27, 0xAA, 0xA1, 0x69, 0x1F, 0x89, 0x7E, 0x90, 0xFA, 0x5F, 0x87, 0xC2, 0xFD, 0x62, 0x01,
    0xB5, 0x9C, 0xB7, 0xC1, 0xCD, 0x1F, 0x4B, 0x0F, 0x2B, 0xDC, 0x79, 0xDB, 0xE4, 0x0B, 0x3B, 0x9C,
    0x8B, 0xBD, 0xC2, 0xEE, 0xAC, 0x42, 0xE1, 0x7B, 0x58, 0x4C, 0x65, 0x56, 0x47, 0x99, 0x5F, 0x5B,
    0x05, 0x43, 0xB4, 0x8E, 0x56, 0xE1, 0xA0, 0x0E, 0x3F, 0x6E, 0x5E, 0x83, 0x1B, 0x15, 0xEF, 0x46,
    0x87, 0x57, 0x0E, 0x0B, 0x87, 0x6B, 0x5B, 0xAC, 0xEA, 0xD4, 0xDD, 0x4A, 0xFE, 0x6B, 0x5E, 0x0C,
    0xF3, 0x9B, 0xCF, 0xA0, 0xE9, 0xAD, 0x07, 0xD8, 0xF2, 0x75, 0x3B, 0x79, 0xF8, 0x0D, 0x83, 0xCF,
    0x35, 0x47, 0x38, 0xBD, 0x09, 0x8F, 0x85, 0x03, 0x6C, 0xA0, 0x11, 0x77, 0xC8, 0xE0, 0xDB, 0x50,
    0x7D, 0x1F, 0x66, 0xE2, 0x67, 0x5C, 0xF3, 0xD2, 0x9A, 0xCF, 0xF6, 0xDE, 0xED, 0x1D, 0xB5, 0x2F,
    0xE5, 0xFE, 0xF3, 0x84, 0xD9, 0xE5, 0x5A, 0x3F, 0x63, 0xC2, 0x34, 0x3B, 0xCC, 0xBD, 0xF3, 0xF4,
    0x83, 0x0F, 0x39, 0xB4, 0x20, 0xCE, 0xA7, 0x1D, 0x17, 0x0F, 0xE7, 0xA6, 0xA5, 0x2F, 0xD2, 0xBD,
    0xE3, 0x1E, 0xEA, 0xBB, 0x44, 0x1D, 0xF9, 0x1B, 0xE6, 0xCF, 0x0A, 0xA1, 0x69, 0x1B, 0xAE, 0x15,
    0xB1, 0xD3, 0x3E, 0x5C, 0x57, 0xC8, 0x0D, 0x47, 0xEB, 0x13, 0x3A, 0xF4, 0xFA, 0xD8, 0xDC, 0x19,
    0xCB, 0x05, 0x3F, 0x34, 0xF7, 0x8E, 0xFB, 0xD9, 0x1C, 0xB9, 0xB1, 0x83, 0xAE, 0xE0, 0x8E, 0x4D,
    0x59, 0xE0, 0x94, 0x66, 0x05, 0x95, 0xAB, 0x97, 0x9A, 0xC1, 0x11, 0xD2, 0x3A, 0x2A, 0x87, 0x4F,
    0xEF, 0xEF, 0xA2, 0x0B, 0xE1, 0xCD, 0xBB, 0xF6, 0xEC, 0x9D, 0x79, 0xE1, 0x4F, 0x7D, 0x8E, 0x47,
    0x07, 0x57, 0xDD, 0xAE, 0x82, 0xBA, 0x3E, 0x0F, 0x2F, 0x30, 0x15, 0xD5, 0xEA, 0x16, 0xC2, 0x71,
    0x9F, 0xAC, 0x96, 0x70, 0x75, 0x5F, 0xF7, 0x3C, 0x33, 0x3D, 0x91, 0x9A, 0xD2, 0x15, 0x38, 0x83,
    0x57, 0x86, 0x13, 0xE6, 0x44, 0x19, 0x8F, 0x99, 0x25, 0x64, 0x98, 0x2C, 0x72, 0xCD, 0xA9, 0xD5,
    0x58, 0xB3, 0x61, 0x82, 0xA5, 0x2B, 0x5D, 0x84, 0x0A, 0x57, 0x25, 0x7D, 0x3A, 0xD4, 0xD3, 0xCA,
    0xE6, 0x32, 0xA8, 0x46, 0xC4, 0x12, 0x7C, 0xDA, 0x6D, 0x94, 0xC6, 0xEA, 0x67, 0xB4, 0xBE, 0x91,
    0x9A, 0xA2, 0x78, 0x9D, 0x57, 0xF4, 0xDF, 0xED, 0xCC, 0xDF, 0x8E, 0xE9, 0x9C, 0xBF, 0x80, 0x3C,
    0xC5, 0x4B, 0xA0, 0x4F, 0x86, 0xF5, 0xFF, 0xD6, 0x99, 0x71, 0x0C, 0x8F, 0xC8, 0x79, 0x98, 0x6F,
    0xC0, 0xF8, 0x0C, 0x49, 0x72, 0x4D, 0x2E, 0xE4, 0xC8, 0x2D, 0x9D, 0x81, 0x24, 0xB9, 0x3E, 0x94,
    0xF4, 0x76, 0x62, 0x09, 0xE1, 0x7B, 0x00, 0xEA, 0x2A, 0x1F, 0x95, 0xAB, 0xC8, 0x97, 0xD7, 0xCA,
    0xF5, 0x8C, 0xD5, 0x2D, 0xE3, 0x7E, 0x62, 0x66, 0x8E, 0x0D, 0xB9, 0x95, 0x4F, 0x9E, 0x1B, 0x7A,
    0x25, 0xBD, 0x87, 0xAE, 0xCE, 0x70, 0xAB, 0x69, 0x09, 0x5A, 0x47, 0x62, 0x67, 0xAC, 0x76, 0x36,
    0xB8, 0xBA, 0x49, 0xC4, 0xBE, 0x73, 0xF5, 0xBC, 0x7E, 0x8F, 0x78, 0x63, 0xB8, 0xE6, 0xD5, 0xDC,
    0xE8, 0xB9, 0x51, 0x74, 0xA3, 0xE9, 0x46, 0xD5, 0x8D, 0xAE, 0xA6, 0xAC, 0x5B, 0xB4, 0x75, 0x8B,
    0xBA, 0x6E, 0xD1, 0xD7, 0x2D, 0x0A, 0xBB, 0x45, 0x63, 0xB7, 0xA8, 0xEC, 0x16, 0x9D, 0x3D, 0x64,
    0x6B, 0xC4, 0x78, 0xAD, 0x07, 0x0F, 0xD7, 0xCD, 0xEC, 0xBC, 0xDE, 0xCD, 0x68, 0x8A, 0x4F, 0x1A,
    0x77, 0xA6, 0x79, 0x32, 0xEE, 0xAA, 0xBE, 0x67, 0x15, 0x4B, 0xA2, 0x4B, 0x56, 0x93, 0x1A, 0xA9,
    0x03, 0x0B, 0x95, 0xA1, 0x94, 0x43, 0x51, 0x87, 0x72, 0xB0, 0x50, 0xD1, 0x33, 0xF5, 0x94, 0x08,
    0xFB, 0x35, 0xB5, 0xFD, 0x23, 0xA6, 0xAB, 0xF9, 0x62, 0x10, 0x9F, 0x82, 0x59, 0xF0, 0x4A, 0x3C,
    0xAF, 0x5A, 0xF3, 0xED, 0xC9, 0xED, 0x44, 0xD3, 0x1E, 0xE9, 0x6F, 0x29, 0x36, 0xD5, 0x68, 0x26,
    0x26, 0x33, 0x18, 0xA7, 0xC2, 0x6D, 0xC8, 0xDB, 0x74, 0xDA, 0x16, 0x95, 0x96, 0xD9, 0x0A, 0x1A,
    0x3D, 0x23, 0x38, 0xC4, 0x66, 0x09, 0xD9, 0xF9, 0x47, 0xCA, 0x7F, 0x44, 0xF6, 0x8F, 0xD9, 0x6D,
    0x0B, 0x59, 0x2B, 0x33, 0xAD, 0xC0, 0xF5, 0xD0, 0x32, 0x2E, 0x15, 0xB5, 0xCA, 0x57, 0x31, 0xFA,
    0x52, 0x54, 0x2F, 0x37, 0x03, 0xD9, 0x89, 0xB3, 0x68, 0xF5, 0x88, 0x74, 0xBD, 0xA5, 0xE1, 0xC3,
    0x50, 0x16, 0xDE, 0xC1, 0x19, 0xBA, 0x47, 0x9A, 0x93, 0x16, 0xA4, 0x87, 0xA4, 0xC7, 0x7C, 0x8A,
    0xD6, 0x59, 0x8F, 0xDC, 0x71, 0xDA, 0xD0, 0xB8, 0x6F, 0xCC, 0xDF, 0x6B, 0x98, 0x22, 0xD7, 0x52,
    0x52, 0x50, 0x9C, 0x1E, 0x4C, 0x84, 0xC6, 0x35, 0x2A, 0x34, 0xA8, 0x15, 0xDC, 0x79, 0x6B, 0x57,
    0xAF, 0x7F, 0x81, 0xAF, 0x2F, 0xE6, 0xE1, 0xC3, 0xF2, 0xE1, 0x2C, 0x0F, 0x76, 0xF8, 0x9E, 0xE7,
    0xB9, 0xAF, 0x79, 0x69, 0x83, 0xC9, 0xCA, 0xF2, 0x40, 0x21, 0xF6, 0x98, 0x7C, 0xA6, 0xFF, 0x07,
    0x8A, 0x56, 0xB0, 0x45, 0x78, 0x2A, 0xFC, 0x1B, 0x72, 0x4C, 0x16, 0x15, 0xF4, 0x48, 0x9C, 0xB8,
    0xD9, 0x44, 0xD7, 0x5B, 0xF1, 0x71, 0x85, 0xCA, 0xB7, 0x8F, 0xCC, 0xC7, 0xC4, 0x0A, 0xA9, 0x4A,
    0xEC, 0xC8, 0x83, 0x3B, 0xE6, 0xA0, 0x83, 0xEE, 0x7A, 0xF1, 0xCF, 0xC4, 0x9F, 0xE3, 0xDD, 0x9F,
    0x60, 0x6C, 0x06, 0x59, 0x31, 0x8D, 0x0D, 0x8C, 0xDE, 0x87, 0x7F, 0x4D, 0x3B, 0xAF, 0xE3, 0x0B,
    0x5E, 0x27, 0x3E, 0xAC, 0x34, 0xAC, 0x03, 0x74, 0x2E, 0x2A, 0xA6, 0xFC, 0x4D, 0x7D, 0xB4, 0x6C,
    0xBC, 0x87, 0x7E, 0x93, 0x41, 0x03, 0xD5, 0xA0, 0x48, 0x73, 0x6F, 0x84, 0x9D, 0x66, 0x18, 0xA1,
    0x70, 0x61, 0x6F, 0xBD, 0x20, 0x5B, 0xC1, 0x54, 0xC9, 0xE3, 0x4A, 0xB4, 0x05, 0xAA, 0xA1, 0x76,
    0x89, 0xC4, 0xE9, 0xB2, 0xBB, 0xDA, 0x1F, 0x32, 0x71, 0x17, 0xEE, 0xF3, 0x49, 0xB9, 0x74, 0x97,
    0xB6, 0x62, 0xBB, 0x21, 0x04, 0x75, 0x44, 0x56, 0x68, 0xB9, 0x2B, 0xA0, 0x15, 0x2B, 0x1E, 0x0B,
    0x13, 0x69, 0x8A, 0x1A, 0x59, 0x31, 0x09, 0x4B, 0x08, 0xEA, 0x51, 0xED, 0x26, 0x80, 0x80, 0x33,
    0x1E, 0x4B, 0x05, 0x4E, 0x95, 0x1F, 0xB5, 0x9A, 0x1E, 0x8B, 0x74, 0x8D, 0x46, 0x23, 0x92, 0x5F,
    0xCA, 0xFA, 0x10, 0x59, 0x68, 0x3C, 0x51, 0x91, 0x5F, 0x54, 0xCF, 0x0F, 0x6E, 0x9D, 0x6D, 0xC5,
    0x0E, 0x77, 0x1B, 0xB2, 0x5D, 0x6A, 0xD1, 0x5E, 0x6F, 0xFB, 0x8B, 0x74, 0x87, 0x26, 0xBE, 0xB8,
    0x70, 0x5B, 0x61, 0xDD, 0x25, 0xF0, 0x06, 0xE5, 0x29, 0x8A, 0xDB, 0x78, 0x16, 0x1F, 0x46, 0x79,
    0xAD, 0xCF, 0x14, 0x78, 0xE4, 0xD8, 0xC5, 0x28, 0x96, 0xE3, 0x4E, 0xBB, 0xC6, 0xA4, 0x4B, 0xA4,
    0xCB, 0x00, 0x69, 0x7A, 0x16, 0x6F, 0x0A, 0x9C, 0xEE, 0x60, 0x53, 0x8C, 0xEF, 0x73, 0xC9, 0x6A,
    0xED, 0xFC, 0x62, 0x2E, 0x39, 0x15, 0x8B, 0xCA, 0xD2, 0x17, 0xE2, 0x56, 0x6D, 0xEB, 0x43, 0x31,
    0x23, 0x54, 0x0F, 0x2A, 0x92, 0x5A, 0xE1, 0x2A, 0x91, 0x55, 0x24, 0xAE, 0x79, 0x7F, 0x7E, 0x4D,
    0x46, 0x79, 0x5E, 0xE4, 0xDE, 0x3C, 0xA9, 0xE2, 0x00, 0xB8, 0xF0, 0xD6, 0xB6, 0x79, 0x32, 0x85,
    0x8C, 0x3E, 0xB8, 0x67, 0x0A, 0xDD, 0x76, 0x02, 0x90, 0xED, 0xC0, 0x5E, 0xBC, 0xDA, 0x63, 0x00,
    0xE7, 0x0C, 0x93, 0x82, 0xC1, 0xC7, 0x90, 0x62, 0xE1, 0xE4, 0x46, 0x62, 0xED, 0x38, 0x32, 0xF8,
    0xA6, 0x0D, 0xD4, 0x68, 0x07, 0x44, 0xC8, 0x84, 0x9B, 0xE4, 0x9D, 0x76, 0xBD, 0x0A, 0x8F, 0xA9,
    0xDC, 0x3E, 0x9A, 0x19, 0x3E, 0xC3, 0x06, 0x58, 0xAE, 0xBF, 0xB5, 0xDB, 0xE4, 0x2D, 0xAD, 0xDD,
    0xC2, 0x1F, 0xA6, 0xC3, 0xF3, 0x57, 0x7D, 0x26, 0xA9, 0xFA, 0x34, 0x69, 0x01, 0xBD, 0xE7, 0x01,
    0x28, 0xF7, 0x81, 0x5E, 0xF8, 0x42, 0xDF, 0x80, 0xC1, 0x5D, 0x08, 0x0C, 0xC1, 0xE4, 0xF9, 0x60,
    0x71, 0x06, 0x00, 0x6A, 0xFC, 0x3A, 0xD0, 0x09, 0xB6, 0x41, 0x82, 0x41, 0x0F, 0x09, 0xC0, 0x14,
    0x0F, 0x0C, 0x3E, 0x3B, 0x30, 0x0D, 0x29, 0x30, 0xF0, 0x14, 0x82, 0x15, 0x9A, 0x73, 0xFD, 0x0D,
    0xCE, 0x4D, 0x69, 0x7E, 0x42, 0x31, 0x46, 0xEE, 0x70, 0x42, 0xB9, 0xEC, 0x37, 0xE7, 0x6F, 0x81,
    0x37, 0x9B, 0x11, 0x5D, 0x9B, 0x4F, 0x2D, 0x37, 0x7C, 0x76, 0x9A, 0x2F, 0x98, 0x0C, 0x5C, 0xF2,
    0x87, 0x87, 0x50, 0x2B, 0xBC, 0x5F, 0x57, 0x06, 0x04, 0xA1, 0x81, 0xC0, 0x5A, 0x3E, 0x94, 0x41,
    0x41, 0xC0, 0xFC, 0xEE, 0x71, 0x7D, 0x7D, 0x8F, 0xAD, 0xB9, 0x4D, 0x74, 0xB4, 0x02, 0x8C, 0x3E,
    0x45, 0x09, 0xA2, 0xC9, 0xBF, 0x2E, 0xF4, 0xF1, 0xAC, 0x3E, 0x54, 0xF7, 0x3F, 0xD6, 0x84, 0x3C,
    0xFA, 0xD7, 0x89, 0xFE, 0x5D, 0xD5, 0x55, 0x59, 0x08, 0x92, 0xC4, 0x48, 0x70, 0xB1, 0x8D, 0xCD,
    0x6D, 0x48, 0x0E, 0x6A, 0x5F, 0x54, 0x36, 0x4A, 0x62, 0xB9, 0xA7, 0xC5, 0xF7, 0x1A, 0x11, 0x81,
    0xB0, 0xC0, 0x82, 0xAA, 0xEE, 0x42, 0x66, 0x90, 0xEA, 0x4F, 0xAF, 0xB5, 0xC0, 0x17, 0xCE, 0x7A,
    0xD4, 0xA0, 0xD7, 0x7F, 0xC5, 0x39, 0x06, 0x47, 0x0B, 0xB4, 0x66, 0xBE, 0x40, 0xBC, 0xF3, 0x80,
    0x64, 0x69, 0x3C, 0x9E, 0x88, 0x10, 0x35, 0xAC, 0xAD, 0x8F, 0xCD, 0x07, 0xA3, 0xFA, 0x65, 0x0C,
    0x50, 0x88, 0x44, 0xAB, 0xFE, 0x50, 0xB4, 0x51, 0x8F, 0x3E, 0xD5, 0x62, 0x3A, 0xFA, 0xEB, 0x18,
    0x0E, 0x89, 0x36, 0x2F, 0x93, 0xF6, 0x2C, 0x68, 0x1C, 0x2A, 0x57, 0xCD, 0xEE, 0x44, 0x0D, 0xF2,
    0xF1, 0xC4, 0xA2, 0x4E, 0x6E, 0x5E, 0x66, 0xF9, 0x0E, 0x54, 0x7C, 0x8C, 0x0E, 0xD7, 0xF4, 0x1B,
    0x11, 0xD2, 0xFB, 0x23, 0x67, 0x3D, 0x13, 0x41, 0x82, 0xAD, 0x02, 0xFD, 0x65, 0x22, 0x05, 0xB6,
    0xC3, 0x45, 0x10, 0x70, 0x6B, 0xB8, 0x96, 0x36, 0x5B, 0xFA, 0x6C, 0xF4, 0x09, 0x26, 0x3A, 0x8D,
    0x55, 0xC3, 0x36, 0xDD, 0x58, 0x63, 0x67, 0xFD, 0x04, 0x86, 0x4E, 0x03, 0x8A, 0x9C, 0x60, 0x64,
    0xA9, 0x23, 0x56, 0xEC, 0x74, 0x39, 0xD1, 0xD8, 0xD2, 0x0C, 0x0B, 0x90, 0x66, 0xBD, 0x9D, 0x61,
    0x28, 0x30, 0x56, 0x03, 0x5D, 0x34, 0x3A, 0x55, 0x0C, 0xEE, 0xF3, 0x36, 0xD5, 0x9F, 0xAC, 0x4E,
    0xBA, 0xBC, 0x8C, 0x7B, 0xBE, 0xDA, 0xB8, 0x4F, 0xE7, 0xA6, 0x87, 0x0D, 0x03, 0x18, 0xF3, 0x12,
    0x96, 0xC5, 0xA2, 0x15, 0xA7, 0x5C, 0xEE, 0x00, 0xAD, 0x43, 0xAF, 0xB6, 0xD2, 0x56, 0xE3, 0xAE,
    0x6F, 0xFD, 0xB1, 0x2E, 0xF1, 0x16, 0x4E, 0xAF, 0x4B, 0x6B, 0xBE, 0xC0, 0xDA, 0x0E, 0x8B, 0x3B,
    0xAC, 0xEE, 0xB0, 0xB4, 0x22, 0x1A, 0x46, 0x66, 0x5D, 0x04, 0xCC, 0xD5, 0x8E, 0x3D, 0x66, 0xFC,
    0x36, 0xE8, 0xDD, 0x2D, 0xDA, 0x58, 0x23, 0xE9, 0x36, 0xDC, 0x07, 0x1B, 0x71, 0x27, 0x6E, 0xC5,
    0xBD, 0xFC, 0x9C, 0x01, 0xD7, 0xF5, 0x7A, 0x3B, 0x37, 0xD2, 0xC6, 0x81, 0x2A, 0xCA, 0xEF, 0x7F,
    0xCD, 0x69, 0x8C, 0xDB, 0xD6, 0x58, 0x4B, 0x8D, 0x6C, 0x60, 0x44, 0x97, 0xDE, 0xB3, 0x7D, 0x72,
    0x2B, 0x25, 0xD9, 0xC2, 0xD5, 0x08, 0xE0, 0x40, 0xEC, 0x24, 0x2E, 0x4B, 0x3D, 0xD9, 0x70, 0x72,
    0x34, 0x18, 0x98, 0x76, 0x98, 0x02, 0xAF, 0x0D, 0x50, 0x10, 0xB9, 0x1A, 0xF1, 0x18, 0xC2, 0x65,
    0xEA, 0x82, 0x72, 0xFB, 0x55, 0x95, 0x34, 0xB4, 0x31, 0x1C, 0x10, 0xE9, 0x2E, 0x83, 0xF6, 0xF6,
    0xA6, 0xD2, 0x34, 0xCC, 0x58, 0xD2, 0x04, 0xE4, 0x38, 0xF4, 0xA3, 0xA4, 0x63, 0x2A, 0x20, 0x0B,
    0x66, 0x94, 0xDC, 0x35, 0xB3, 0xBF, 0x01, 0xFE, 0xD3, 0x6E, 0xF3, 0x48, 0xFF, 0xE7, 0x9C, 0x91,
    0x5B, 0xAB, 0x97, 0xAA, 0xF8, 0xB7, 0x5F, 0x86, 0x7B, 0x87, 0xBE, 0x61, 0xC6, 0xE1, 0x9F, 0xD2,
    0xCD, 0xAF, 0xBF, 0xFB, 0x25, 0x34, 0xD7, 0x03, 0xAE, 0x2B, 0xD6, 0xED, 0xCE, 0x96, 0x58, 0x67,
    0x2B, 0xB6, 0x6F, 0x64, 0x5B, 0x54, 0xFF, 0x42, 0x98, 0xF9, 0xC2, 0xEB, 0xE6, 0x15, 0x5F, 0xA0,
    0x5A, 0x3B, 0x10, 0x0D, 0xC6, 0xC3, 0xD5, 0x4F, 0xCF, 0x7F, 0x32, 0x61, 0x46, 0xE0, 0x94, 0x01,
    0x01, 0xA1, 0xC1, 0xA2, 0x49, 0x62, 0xFB, 0xAB, 0x61, 0xD3, 0xE5, 0xD2, 0x16, 0x62, 0xC1, 0xE0,
    0xAF, 0xAF, 0x86, 0x75, 0xF1, 0x62, 0xAF, 0x7D, 0x7A, 0x1E, 0x77, 0x0B, 0x7C, 0xA3, 0xCC, 0x58,
    0xDA, 0x20, 0x64, 0xC0, 0xDC, 0x0A, 0xD0, 0x40, 0x8D, 0xAE, 0xE1, 0x36, 0xC9, 0x29, 0x1A, 0xB0,
    0x83, 0xE9, 0xCC, 0x5C, 0xA4, 0x7E, 0x9D, 0xDD, 0x6C, 0xF2, 0x97, 0x49, 0x77, 0x32, 0xA4, 0x0C,
    0x6C, 0x94, 0x3F, 0xED, 0xBB, 0x27, 0x4B, 0xCD, 0x44, 0x65, 0x51, 0x7E, 0x57, 0x4B, 0x26, 0x2C,
    0x76, 0x75, 0xA9, 0x70, 0x6A, 0xF7, 0x15, 0x6E, 0x91, 0xDB, 0x60, 0xA3, 0x03, 0xCD, 0x06, 0xCE,
    0xC5, 0x85, 0x6E, 0xD4, 0x74, 0xF8, 0x64, 0x36, 0xA0, 0x02, 0x89, 0xE6, 0xC2, 0x46, 0x2E, 0xB6,
    0xEC, 0xB6, 0x85, 0x8A, 0xC4, 0xDC, 0x13, 0x6B, 0xE6, 0x7F, 0x64, 0x0F, 0xF6, 0xE6, 0x0A, 0x43,
    0x99, 0x50, 0x69, 0x32, 0x04, 0x6B, 0xA4, 0x48, 0x24, 0x4E, 0x29, 0x35, 0x0D, 0x87, 0x9C, 0x92,
    0x80, 0xB6, 0xA0, 0xA7, 0x5E, 0x4E, 0xC5, 0xF7, 0x4B, 0x38, 0x66, 0xD5, 0x10, 0xEC, 0xD9, 0xCC,
    0x1C, 0xD4, 0x95, 0xBE, 0x6E, 0x5B, 0x18, 0xEA, 0xB7, 0x67, 0x8D, 0xF9, 0xD4, 0x2D, 0xDE, 0x4D,
    0x6C, 0x64, 0x99, 0x72, 0x3E, 0x81, 0x1E, 0xAE, 0xB2, 0xEE, 0xAE, 0x32, 0x1F, 0xAE, 0xAC, 0x92,
    0xA9, 0xEC, 0x30, 0xC9, 0x82, 0xD1, 0x0A, 0xC0, 0xC6, 0xE6, 0x6A, 0x85, 0x75, 0x82, 0xA9, 0xF8,
    0xC9, 0xA8, 0x1D, 0xAA, 0x0D, 0x98, 0x72, 0x2A, 0xB7, 0x2F, 0x07, 0xC8, 0x90, 0x32, 0x65, 0xAA,
    0x81, 0x26, 0x52, 0x8C, 0xB0, 0x65, 0x2E, 0x83, 0x66, 0xB5, 0x1C, 0x03, 0x4B, 0xD7, 0x94, 0x01,
    0xFA, 0xDC, 0x8F, 0x9C, 0x4F, 0xAD, 0x0B, 0xFD, 0x4E, 0x80, 0x3A, 0x34, 0x65, 0xDD, 0x56, 0xCC,
    0xC0, 0xFF, 0xA2, 0xDC, 0xE9, 0xE0, 0x6A, 0xE4, 0x02, 0x35, 0x99, 0x52, 0x4D, 0x6A, 0x01, 0xF2,
    0x6A, 0x8D, 0xF7, 0x8B, 0x15, 0x68, 0x32, 0xE1, 0x93, 0x81, 0xFC, 0x9C, 0xB3, 0x96, 0x0F, 0x39,
    0xC3, 0xF3, 0x5F, 0x51, 0xD0, 0x71, 0x6C, 0x88, 0x5D, 0x50, 0x92, 0x06, 0x6B, 0x86, 0x13, 0x1B,
    0x99, 0x01, 0x3A, 0x66, 0x7D, 0xCE, 0x9E, 0xDB, 0xBE, 0xEA, 0xD0, 0xC0, 0x52, 0x11, 0x2B, 0x06,
    0xC1, 0x4C, 0x4A, 0xAC, 0xD6, 0xF6, 0xDA, 0xE4, 0xF7, 0xFD, 0xB1, 0xD7, 0xC0, 0xBD, 0xE1, 0x36,
    0x45, 0x07, 0xDE, 0xDC, 0x33, 0xFF, 0x9C, 0xC9, 0x8A, 0x89, 0xEC, 0xB9, 0xD2, 0xD7, 0xC6, 0x1B,
    0x86, 0xEC, 0x67, 0x4C, 0xBD, 0x18, 0x15, 0xB3, 0x9E, 0x0B, 0x58, 0x34, 0x5A, 0xFD, 0x2C, 0xC6,
    0x8A, 0x96, 0xD3, 0xC8, 0x74, 0x45, 0x16, 0x0D, 0x64, 0x6E, 0x36, 0x56, 0xBC, 0x40, 0x96, 0xBD,
    0x4F, 0x96, 0xFC, 0xC3, 0x3A, 0x64, 0x31, 0xE1, 0x3C, 0xAB, 0x8C, 0x59, 0x96, 0x0C, 0x0D, 0x21,
    0x0F, 0xFE, 0x3E, 0xB1, 0x69, 0xF8, 0x40, 0x30, 0x8F, 0xD4, 0x4A, 0x47, 0xCA, 0x54, 0x31, 0xEA,
    0xB2, 0x9C, 0x9F, 0x86, 0x5B, 0x4F, 0x52, 0x2F, 0x24, 0xAB, 0x19, 0x0D, 0x0C, 0x06, 0xC6, 0x02,
    0x43, 0xC1, 0x22, 0x81, 0x81, 0xC0, 0x38, 0xB0, 0x30, 0x60, 0x14, 0x30, 0x08, 0x18, 0x03, 0x0C,
    0x01, 0x46, 0x00, 0x03, 0x00, 0xFE, 0x4F, 0xF7, 0xA7, 0xF7, 0xD3, 0xF9, 0xE1, 0xFB, 0x74, 0x7D,
    0x7A, 0x7E, 0xE8, 0xE1, 0x67, 0x77, 0x06, 0xC7, 0xB9, 0x48, 0xF2, 0xBB, 0xE5, 0x0B, 0x2E, 0x92,
    0xA4, 0x45, 0x3E, 0x95, 0xD6, 0x97, 0x38, 0x4B, 0x35, 0xEB, 0xCE, 0x7F, 0x61, 0x77, 0x01, 0xAD,
    0xDD, 0xD7, 0x48, 0x0B, 0xC6, 0x79, 0xC1, 0x2F, 0x63, 0xF4, 0x10, 0x10, 0xDB, 0x23, 0x63, 0x5B,
    0x08, 0x2E, 0x45, 0x0B, 0x9A, 0xF6, 0xA0, 0xD1, 0xC0, 0x82, 0x7B, 0x22, 0xAD, 0x48, 0xF3, 0x7B,
    0xEC, 0xD1, 0x38, 0x1D, 0x8C, 0x48, 0xED, 0x2B, 0x31, 0x1B, 0xB0, 0x24, 0x48, 0xF0, 0x41, 0xF3,
    0x87, 0x35, 0xC0, 0xF9, 0x05, 0x19, 0x0A, 0x99, 0xB4, 0x73, 0x29, 0xD4, 0x93, 0x0E, 0xC6, 0xB3,
    0x73, 0x5B, 0x3A, 0x56, 0xCE, 0xC3, 0x3A, 0xE4, 0xD0, 0xE8, 0xBD, 0x1D, 0xDF, 0xFA, 0xFE, 0xDE,
    0x16, 0x52, 0x2A, 0xDA, 0xE5, 0xB0, 0x74, 0x5F, 0xBC, 0xC3, 0xFA, 0x52, 0x18, 0xFC, 0x9F, 0x4D,
    0x8F, 0xBD, 0x0D, 0xC2, 0x30, 0x14, 0x84, 0x2F, 0x76, 0x91, 0x82, 0x82, 0x11, 0xCC, 0x06, 0x1E,
    0x01, 0x31, 0x07, 0x8B, 0xD0, 0x25, 0xE3, 0x20, 0xB1, 0x02, 0x22, 0xD9, 0x84, 0xF4, 0x34, 0x94,
    0x2E, 0x12, 0x1F, 0xF7, 0x6C, 0x47, 0xC2, 0xF2, 0xCF, 0xE7, 0xA7, 0xEF, 0x9D, 0x6C, 0xE0, 0x6F,
    0xDC, 0xDA, 0xD9, 0xE5, 0x06, 0x3D, 0xC7, 0x0A, 0x81, 0x4B, 0x85, 0x81, 0xA9, 0x2A, 0x64, 0x6E,
    0xCA, 0xA7, 0x4A, 0x61, 0x41, 0x2C, 0xD2, 0x00, 0xF8, 0x54, 0x94, 0x96, 0xD4, 0xF3, 0x72, 0x87,
    0x49, 0x81, 0xEF, 0x0C, 0x4B, 0x1A, 0x48, 0x42, 0x49, 0x4A, 0x51, 0x8C, 0x66, 0x2F, 0x58, 0x75,
    0x1B, 0x83, 0x60, 0xF1, 0x5A, 0x67, 0xC1, 0x78, 0x24, 0x53, 0x34, 0x57, 0x0D, 0xDF, 0x03, 0xB9,
    0x59, 0xC3, 0xEC, 0xE4, 0x7A, 0xAB, 0x62, 0x2A, 0xB0, 0x02, 0x91, 0xF9, 0x21, 0x05, 0x90, 0x64,
    0x0A, 0xE0, 0x0A, 0xD8, 0x7B, 0xA6, 0xCD, 0x9B, 0x22, 0x29, 0x75, 0xA6, 0x48, 0x12, 0xCC, 0x06,
    0x6E, 0x75, 0xAC, 0xFF, 0x7A, 0x5D, 0xD7, 0x0A, 0xB1, 0x2A, 0x96, 0x34, 0x57, 0xD8, 0x15, 0xE0,
    0xB9, 0xC3, 0xC9, 0xB6, 0x1F, 0x63, 0x60, 0x60, 0x60, 0x65, 0x00, 0x83, 0x7A, 0x30, 0xC9, 0xFC,
    0x03, 0x48, 0x58, 0x33, 0x6F, 0x3F, 0x00, 0xA4, 0x18, 0x19, 0x85, 0x2F, 0x30, 0x30, 0x35, 0xC8,
    0x3B, 0x38, 0x7C, 0x10, 0x11, 0x3E, 0x50, 0x7F, 0xF0, 0x41, 0x8D, 0xCD, 0xA6, 0x03, 0xBB, 0x2F,
    0x3D, 0xA8, 0xB3, 0xF9, 0x7C, 0x60, 0xEB, 0x7F, 0x10, 0x38, 0x20, 0x50, 0x97, 0x3F, 0xE9, 0xF6,
    0x3C, 0x07, 0xB0, 0x56, 0x16, 0x08, 0xC5, 0x7B, 0x80, 0x01, 0x09, 0x30, 0x41, 0x04, 0xF9, 0x2E,
    0x80, 0xD8, 0x13, 0x34, 0x16, 0x30, 0x35, 0x30, 0xE8, 0xED, 0x30, 0x29, 0x60, 0x38, 0x90, 0xB0,
    0x41, 0x46, 0xFE, 0x03, 0xC3, 0x85, 0x45, 0x07, 0x24, 0x18, 0x17, 0x30, 0xFC, 0xFA, 0x1D, 0xBA,
    0x6F, 0xF5, 0x01, 0x86, 0x5B, 0xDC, 0xFF, 0xDC, 0x56, 0x32, 0x30, 0x43, 0xB4, 0xE8, 0x41, 0x0C,
    0x50, 0x41, 0x32, 0xAB, 0x01, 0x48, 0x5C, 0x60, 0x6F, 0x60, 0x28, 0xE0, 0xDD, 0xC0, 0x60, 0xA0,
    0x61, 0xC0, 0x60, 0x61, 0x62, 0x50, 0xFF, 0xFE, 0xFD, 0x03, 0x56, 0x46, 0x06, 0x06, 0x00,
};

static const EpdGlyph arabic_18_regularGlyphs[] = {
    { 43, 11, 685, 0, 6, 119, 0 }, // U+0600
    { 56, 10, 902, 0, 0, 140, 119 }, // U+0601
    { 41, 10, 650, 0, 5, 103, 259 }, // U+0602
    { 49, 10, 785, 0, 5, 123, 362 }, // U+0603
    { 77, 22, 1222, 0, 15, 424, 485 }, // U+0604
    { 44, 8, 736, 1, 28, 88, 909 }, // U+0605
    { 23, 27, 373, 0, 27, 156, 997 }, // U+0606
    { 23, 27, 373, 0, 27, 156, 1153 }, // U+0607
    { 41, 27, 665, 0, 16, 277, 1309 }, // U+0608
    { 22, 27, 389, 1, 26, 149, 1586 }, // U+0609
    { 29, 27, 500, 1, 26, 196, 1735 }, // U+060A
    { 16, 35, 268, 0, 26, 140, 1931 }, // U+060B
    { 6, 10, 197, 3, 9, 15, 2071 }, // U+060C
    { 10, 14, 219, 1, 6, 35, 2086 }, // U+060D
    { 34, 14, 542, 0, 13, 119, 2121 }, // U+060E
    { 25, 34, 313, -2, 19, 213, 2240 }, // U+060F
    { 11, 10, 0, 1, 31, 28, 2453 }, // U+0610
    { 11, 10, 0, 1, 31, 28, 2481 }, // U+0611
    { 11, 10, 0, 0, 32, 28, 2509 }, // U+0612
    { 15, 12, 0, 1, 33, 45, 2537 }, // U+0613
    { 17, 6, 0, 0, 28, 26, 2582 }, // U+0614
    { 11, 11, 0, 0, 50, 31, 2608 }, // U+0615
    { 15, 14, 0, 0, 54, 53, 2639 }, // U+0616
    { 7, 12, 0, 0, 52, 21, 2692 }, // U+0617
    { 7, 5, 0, 1, 26, 9, 2713 }, // U+0618
    { 7, 9, 0, 1, 31, 16, 2722 }, // U+0619
    { 7, 5, 0, 1, -3, 9, 2738 }, // U+061A
    { 7, 20, 206, 2, 19, 35, 2747 }, // U+061B
    { 0, 0, 360, 0, 0, 0, 2782 }, // U+061C
    { 16, 28, 362, 3, 26, 112, 2782 }, // U+061D
    { 9, 9, 173, 1, 9, 21, 2894 }, // U+061E
    { 16, 29, 260, 0, 28, 116, 2915 }, // U+061F
    { 27, 33, 456, 1, 16, 223, 3031 }, // U+0620
    { 15, 17, 247, 0, 14, 64, 3254 }, // U+0621
    { 14, 32, 141, -3, 32, 112, 3318 }, // U+0622
    { 8, 36, 141, 0, 36, 72, 3430 }, // U+0623
    { 14, 33, 268, 1, 24, 116, 3502 }, // U+0624
    { 9, 39, 143, 1, 27, 88, 3618 }, // U+0625
    { 27, 26, 456, 1, 17, 176, 3706 }, // U+0626
    { 5, 27, 143, 2, 27, 34, 3882 }, // U+0627
    { 35, 25, 596, 1, 16, 219, 3916 }, // U+0628
    { 14, 25, 243, 1, 25, 88, 4135 }, // U+0629
    { 35, 20, 596, 1, 19, 175, 4223 }, // U+062A
    { 35, 25, 596, 1, 24, 219, 4398 }, // U+062B
    { 23, 31, 383, 0, 16, 179, 4617 }, // U+062C
    { 23, 31, 383, 0, 16, 179, 4796 }, // U+062D
    { 23, 38, 383, 0, 23, 219, 4975 }, // U+062E
    { 16, 19, 286, 1, 18, 76, 5194 }, // U+062F
    { 16, 26, 286, 1, 25, 104, 5270 }, // U+0630
    { 13, 22, 220, -1, 13, 72, 5374 }, // U+0631
    { 13, 30, 220, -1, 21, 98, 5446 }, // U+0632
    { 43, 25, 725, 1, 16, 269, 5544 }, // U+0633
    { 43, 34, 725, 1, 25, 366, 5813 }, // U+0634
    { 47, 24, 784, 1, 15, 282, 6179 }, // U+0635
    { 47, 31, 784, 1, 22, 365, 6461 }, // U+0636
    { 28, 28, 473, 0, 27, 196, 6826 }, // U+0637
    { 28, 28, 473, 0, 27, 196, 7022 }, // U+0638
    { 22, 34, 304, 0, 19, 187, 7218 }, // U+0639
    { 22, 41, 304, 0, 26, 226, 7405 }, // U+063A
    { 33, 33, 526, 1, 32, 273, 7631 }, // U+063B
    { 33, 40, 526, 1, 27, 330, 7904 }, // U+063C
    { 27, 28, 456, 1, 19, 189, 8234 }, // U+063D
    { 27, 25, 456, 1, 16, 169, 8423 }, // U+063E
    { 27, 27, 456, 1, 18, 183, 8592 }, // U+063F
    { 12, 4, 162, 0, 3, 12, 8775 }, // U+0640
    { 35, 27, 590, 1, 26, 237, 8787 }, // U+0641
    { 27, 31, 464, 1, 23, 210, 9024 }, // U+0642
    { 30, 28, 529, 1, 27, 210, 9234 }, // U+0643
    { 23, 36, 417, 1, 27, 207, 9444 }, // U+0644
    { 17, 30, 290, 0, 15, 128, 9651 }, // U+0645
    { 23, 28, 411, 1, 19, 161, 9779 }, // U+0646
    { 24, 20, 403, 0, 19, 120, 9940 }, // U+0647
    { 14, 22, 268, 1, 13, 77, 10060 }, // U+0648
    { 27, 25, 456, 1, 16, 169, 10137 }, // U+0649
    { 27, 33, 456, 1, 16, 223, 10306 }, // U+064A
    { 9, 10, 0, 1, 32, 23, 10529 }, // U+064B
    { 12, 10, 0, 0, 32, 30, 10552 }, // U+064C
    { 9, 10, 0, 1, -1, 23, 10582 }, // U+064D
    { 9, 6, 0, 1, 28, 14, 10605 }, // U+064E
    { 10, 11, 0, 0, 32, 28, 10619 }, // U+064F
    { 9, 6, 0, 1, -1, 14, 10647 }, // U+0650
    { 12, 8, 0, 0, 30, 24, 10661 }, // U+0651
    { 7, 8, 0, 1, 31, 14, 10685 }, // U+0652
    { 13, 5, 0, 0, 27, 17, 10699 }, // U+0653
    { 8, 10, 0, 1, 31, 20, 10716 }, // U+0654
    { 8, 10, 0, 1, -2, 20, 10736 }, // U+0655
    { 3, 8, 0, 1, -1, 6, 10756 }, // U+0656
    { 10, 10, 0, 1, 32, 25, 10762 }, // U+0657
    { 8, 6, 0, 0, 28, 12, 10787 }, // U+0658
    { 9, 3, 0, 1, 26, 7, 10799 }, // U+0659
    { 9, 8, 0, 0, 29, 18, 10806 }, // U+065A
    { 9, 9, 0, 0, 29, 21, 10824 }, // U+065B
    { 6, 6, 0, 0, -3, 9, 10845 }, // U+065C
    { 10, 10, 0, 2, 31, 25, 10854 }, // U+065D
    { 9, 9, 0, 1, 31, 21, 10879 }, // U+065E
    { 12, 10, 0, 0, -2, 30, 10900 }, // U+065F
    { 7, 7, 177, 2, 14, 13, 10930 }, // U+0660
    { 8, 27, 168, 1, 26, 54, 10943 }, // U+0661
    { 17, 27, 292, 1, 26, 115, 10997 }, // U+0662
    { 20, 27, 350, 1, 26, 135, 11112 }, // U+0663
    { 16, 27, 287, 2, 26, 108, 11247 }, // U+0664
    { 16, 21, 319, 2, 20, 84, 11355 }, // U+0665
    { 17, 27, 302, 0, 26, 115, 11439 }, // U+0666
    { 21, 27, 347, 0, 26, 142, 11554 }, // U+0667
    { 21, 27, 346, 0, 26, 142, 11696 }, // U+0668
    { 16, 27, 295, 1, 26, 108, 11838 }, // U+0669
    { 16, 27, 284, 1, 26, 108, 11946 }, // U+066A
    { 8, 13, 147, 0, 7, 26, 12054 }, // U+066B
    { 9, 14, 147, 1, 26, 32, 12080 }, // U+066C
    { 19, 19, 299, 0, 18, 91, 12112 }, // U+066D
    { 35, 17, 596, 1, 16, 149, 12203 }, // U+066E
    { 27, 24, 464, 1, 16, 162, 12352 }, // U+066F
    { 3, 8, 0, 1, 30, 6, 12514 }, // U+0670
    { 12, 35, 141, -1, 35, 105, 12520 }, // U+0671
    { 12, 36, 141, -1, 36, 108, 12625 }, // U+0672
    { 13, 39, 143, -3, 27, 127, 12733 }, // U+0673
    { 15, 17, 247, 0, 20, 64, 12860 }, // U+0674
    { 22, 27, 389, 2, 27, 149, 12924 }, // U+0675
    { 30, 29, 515, 1, 20, 218, 13073 }, // U+0676
    { 30, 34, 515, 1, 25, 255, 13291 }, // U+0677
    { 42, 29, 703, 1, 20, 305, 13546 }, // U+0678
    { 35, 27, 596, 1, 26, 237, 13851 }, // U+0679
    { 35, 25, 596, 1, 24, 219, 14088 }, // U+067A
    { 35, 29, 596, 1, 16, 254, 14307 }, // U+067B
    { 35, 25, 596, 1, 19, 219, 14561 }, // U+067C
    { 35, 25, 596, 1, 24, 219, 14780 }, // U+067D
    { 35, 29, 596, 1, 16, 254, 14999 }, // U+067E
    { 35, 25, 596, 1, 24, 219, 15253 }, // U+067F
    { 35, 29, 596, 1, 16, 254, 15472 }, // U+0680
    { 23, 42, 383, 0, 27, 242, 15726 }, // U+0681
    { 23, 43, 383, 0, 28, 248, 15968 }, // U+0682
    { 24, 31, 395, 0, 16, 186, 16216 }, // U+0683
    { 23, 31, 383, 0, 16, 179, 16402 }, // U+0684
    { 23, 43, 383, 0, 28, 248, 16581 }, // U+0685
    { 24, 31, 395, 0, 16, 186, 16829 }, // U+0686
    { 24, 31, 395, 0, 16, 186, 17015 }, // U+0687
    { 16, 33, 286, 1, 32, 132, 17201 }, // U+0688
    { 16, 24, 286, 1, 18, 96, 17333 }, // U+0689
    { 16, 26, 286, 1, 18, 104, 17429 }, // U+068A
    { 16, 40, 286, 1, 32, 160, 17533 }, // U+068B
    { 16, 26, 286, 1, 25, 104, 17693 }, // U+068C
    { 16, 26, 286, 1, 18, 104, 17797 }, // U+068D
    { 16, 31, 286, 1, 30, 124, 17901 }, // U+068E
    { 16, 31, 286, 1, 30, 124, 18025 }, // U+068F
    { 16, 31, 286, 1, 30, 124, 18149 }, // U+0690
    { 14, 37, 220, -1, 28, 130, 18273 }, // U+0691
    { 13, 35, 220, -1, 26, 114, 18403 }, // U+0692
    { 14, 22, 220, -1, 13, 77, 18517 }, // U+0693
    { 13, 29, 220, -1, 13, 95, 18594 }, // U+0694
    { 13, 29, 220, -1, 13, 95, 18689 }, // U+0695
    { 13, 29, 220, -1, 13, 95, 18784 }, // U+0696
    { 13, 30, 220, -1, 21, 98, 18879 }, // U+0697
    { 13, 35, 220, -1, 26, 114, 18977 }, // U+0698
    { 13, 35, 220, -1, 26, 114, 19091 }, // U+0699
    { 43, 29, 725, 1, 20, 312, 19205 }, // U+069A
    { 43, 28, 725, 1, 16, 301, 19517 }, // U+069B
    { 43, 37, 725, 1, 25, 398, 19818 }, // U+069C
    { 47, 24, 784, 1, 15, 282, 20216 }, // U+069D
    { 47, 36, 784, 1, 27, 423, 20498 }, // U+069E
    { 28, 28, 473, 0, 27, 196, 20921 }, // U+069F
    { 22, 46, 304, 0, 31, 253, 21117 }, // U+06A0
    { 35, 20, 590, 1, 19, 175, 21370 }, // U+06A1
    { 35, 28, 590, 1, 19, 245, 21545 }, // U+06A2
    { 35, 35, 590, 1, 26, 307, 21790 }, // U+06A3
    { 35, 32, 590, 1, 31, 280, 22097 }, // U+06A4
    { 35, 32, 590, 1, 19, 280, 22377 }, // U+06A5
    { 35, 32, 590, 1, 31, 280, 22657 }, // U+06A6
    { 27, 31, 464, 1, 23, 210, 22937 }, // U+06A7
    { 27, 36, 464, 1, 28, 243, 23147 }, // U+06A8
    { 33, 28, 526, 1, 27, 231, 23390 }, // U+06A9
    { 35, 23, 611, 2, 22, 202, 23621 }, // U+06AA
    { 33, 28, 526, 1, 27, 231, 23823 }, // U+06AB
    { 30, 28, 529, 1, 27, 210, 24054 }, // U+06AC
    { 30, 33, 529, 1, 32, 248, 24264 }, // U+06AD
    { 30, 40, 529, 1, 27, 300, 24512 }, // U+06AE
    { 33, 32, 526, 1, 31, 264, 24812 }, // U+06AF
    { 33, 32, 526, 1, 31, 264, 25076 }, // U+06B0
    { 33, 36, 526, 1, 35, 297, 25340 }, // U+06B1
    { 33, 40, 526, 1, 31, 330, 25637 }, // U+06B2
    { 33, 44, 526, 1, 31, 363, 25967 }, // U+06B3
    { 33, 38, 526, 1, 37, 314, 26330 }, // U+06B4
    { 25, 49, 417, 1, 40, 307, 26644 }, // U+06B5
    { 23, 43, 417, 1, 34, 248, 26951 }, // U+06B6
    { 25, 48, 417, 1, 39, 300, 27199 }, // U+06B7
    { 23, 48, 417, 1, 27, 276, 27499 }, // U+06B8
    { 23, 36, 411, 1, 19, 207, 27775 }, // U+06B9
    { 23, 21, 411, 1, 12, 121, 27982 }, // U+06BA
    { 23, 35, 411, 1, 26, 202, 28103 }, // U+06BB
    { 23, 33, 411, 1, 19, 190, 28305 }, // U+06BC
    { 23, 33, 411, 1, 24, 190, 28495 }, // U+06BD
    { 24, 20, 403, 0, 19, 120, 28685 }, // U+06BE
    { 24, 38, 395, 0, 23, 228, 28805 }, // U+06BF
    { 14, 29, 243, 1, 29, 102, 29033 }, // U+06C0
    { 14, 18, 243, 1, 18, 63, 29135 }, // U+06C1
    { 14, 29, 243, 1, 29, 102, 29198 }, // U+06C2
    { 14, 25, 243, 1, 25, 88, 29300 }, // U+06C3
    { 14, 22, 268, 1, 13, 77, 29388 }, // U+06C4
    { 14, 22, 268, 1, 13, 77, 29465 }, // U+06C5
    { 14, 35, 268, 1, 26, 123, 29542 }, // U+06C6
    { 14, 34, 268, 1, 25, 119, 29665 }, // U+06C7
    { 14, 34, 268, 1, 25, 119, 29784 }, // U+06C8
    { 14, 35, 268, 1, 26, 123, 29903 }, // U+06C9
    { 14, 29, 268, 1, 20, 102, 30026 }, // U+06CA
    { 14, 34, 268, 1, 25, 119, 30128 }, // U+06CB
    { 27, 25, 456, 1, 16, 169, 30247 }, // U+06CC
    { 33, 25, 456, -5, 16, 207, 30416 }, // U+06CD
    { 27, 28, 456, 1, 19, 189, 30623 }, // U+06CE
    { 14, 29, 268, 1, 20, 102, 0 }, // U+06CF
    { 27, 37, 456, 1, 16, 250, 102 }, // U+06D0
    { 27, 37, 456, 1, 16, 250, 352 }, // U+06D1
    { 34, 18, 565, 1, 17, 153, 602 }, // U+06D2
    { 34, 28, 565, 1, 27, 238, 755 }, // U+06D3
    { 10, 3, 179, 1, 3, 8, 993 }, // U+06D4
    { 14, 18, 243, 1, 18, 63, 1001 }, // U+06D5
    { 17, 11, 0, 0, 51, 47, 1064 }, // U+06D6
    { 12, 12, 0, 0, 52, 36, 1111 }, // U+06D7
    { 10, 7, 0, 2, 47, 18, 1147 }, // U+06D8
    { 8, 9, 0, 0, 49, 18, 1165 }, // U+06D9
    { 9, 12, 0, 1, 52, 27, 1183 }, // U+06DA
    { 9, 8, 0, 0, 48, 18, 1210 }, // U+06DB
    { 16, 10, 0, 0, 50, 40, 1228 }, // U+06DC
    { 45, 45, 822, 3, 32, 507, 1268 }, // U+06DD
    { 36, 36, 599, 1, 28, 324, 1775 }, // U+06DE
    { 7, 8, 0, 1, 30, 14, 2099 }, // U+06DF
    { 8, 11, 0, 0, 32, 22, 2113 }, // U+06E0
    { 9, 8, 0, 1, 31, 18, 2135 }, // U+06E1
    { 7, 10, 0, 1, 28, 18, 2153 }, // U+06E2
    { 16, 10, 0, 0, 0, 40, 2171 }, // U+06E3
    { 13, 5, 0, 0, 27, 17, 2211 }, // U+06E4
    { 7, 10, 109, 0, 9, 18, 2228 }, // U+06E5
    { 13, 8, 211, 0, 7, 26, 2246 }, // U+06E6
    { 13, 8, 0, 0, 30, 26, 2272 }, // U+06E7
    { 9, 11, 0, 1, 51, 25, 2298 }, // U+06E8
    { 21, 27, 365, 1, 27, 142, 2323 }, // U+06E9
    { 9, 9, 0, 1, -2, 21, 2465 }, // U+06EA
    { 10, 9, 0, 0, 31, 23, 2486 }, // U+06EB
    { 6, 6, 0, 0, 29, 9, 2509 }, // U+06EC
    { 7, 10, 0, 1, -4, 18, 2518 }, // U+06ED
    { 16, 31, 286, 1, 30, 124, 2536 }, // U+06EE
    { 13, 35, 220, -1, 26, 114, 2660 }, // U+06EF
    { 7, 7, 177, 2, 14, 13, 2774 }, // U+06F0
    { 8, 27, 168, 1, 26, 54, 2787 }, // U+06F1
    { 17, 27, 292, 1, 26, 115, 2841 }, // U+06F2
    { 20, 27, 350, 1, 26, 135, 2956 }, // U+06F3
    { 17, 26, 295, 1, 26, 111, 3091 }, // U+06F4
    { 16, 26, 327, 2, 26, 104, 3202 }, // U+06F5
    { 15, 27, 255, 0, 26, 102, 3306 }, // U+06F6
    { 21, 27, 343, 0, 26, 142, 3408 }, // U+06F7
    { 21, 27, 346, 0, 26, 142, 3550 }, // U+06F8
    { 16, 27, 295, 1, 26, 108, 3692 }, // U+06F9
    { 43, 34, 725, 1, 25, 366, 3800 }, // U+06FA
    { 47, 31, 784, 1, 22, 365, 4166 }, // U+06FB
    { 22, 41, 304, 0, 26, 226, 4531 }, // U+06FC
    { 15, 23, 247, 0, 14, 87, 4757 }, // U+06FD
    { 17, 30, 290, 0, 15, 128, 4844 }, // U+06FE
    { 24, 31, 403, 0, 30, 186, 4972 }, // U+06FF
    { 35, 24, 596, 1, 16, 210, 5158 }, // U+0750
    { 35, 33, 596, 1, 24, 289, 5368 }, // U+0751
    { 35, 29, 596, 1, 16, 254, 5657 }, // U+0752
    { 35, 32, 596, 1, 19, 280, 5911 }, // U+0753
    { 35, 28, 596, 1, 19, 245, 6191 }, // U+0754
    { 35, 27, 596, 1, 16, 237, 6436 }, // U+0755
    { 35, 25, 596, 1, 24, 219, 6673 }, // U+0756
    { 23, 38, 383, 0, 23, 219, 6892 }, // U+0757
    { 24, 31, 395, 0, 16, 186, 7111 }, // U+0758
    { 16, 44, 286, 1, 32, 176, 7297 }, // U+0759
    { 16, 28, 286, 1, 18, 112, 7473 }, // U+075A
    { 15, 22, 220, -1, 13, 83, 7585 }, // U+075B
    { 43, 34, 725, 1, 25, 366, 7668 }, // U+075C
    { 22, 41, 304, 0, 26, 226, 8034 }, // U+075D
    { 22, 46, 304, 0, 31, 253, 8260 }, // U+075E
    { 22, 46, 304, 0, 31, 253, 8513 }, // U+075F
    { 35, 28, 590, 1, 19, 245, 8766 }, // U+0760
    { 35, 32, 590, 1, 19, 280, 9011 }, // U+0761
    { 33, 32, 526, 1, 31, 264, 9291 }, // U+0762
    { 33, 34, 526, 1, 33, 281, 9555 }, // U+0763
    { 33, 40, 526, 1, 27, 330, 9836 }, // U+0764
    { 17, 37, 290, 0, 22, 158, 10166 }, // U+0765
    { 17, 30, 290, 0, 15, 128, 10324 }, // U+0766
    { 23, 36, 411, 1, 19, 207, 10452 }, // U+0767
    { 23, 37, 411, 1, 28, 213, 10659 }, // U+0768
    { 23, 37, 411, 1, 28, 213, 10872 }, // U+0769
    { 26, 36, 417, 1, 27, 234, 11085 }, // U+076A
    { 13, 35, 220, -1, 26, 114, 11319 }, // U+076B
    { 13, 34, 220, -1, 25, 111, 11433 }, // U+076C
    { 43, 34, 725, 1, 25, 366, 11544 }, // U+076D
    { 24, 31, 395, 0, 16, 186, 11910 }, // U+076E
    { 24, 31, 395, 0, 16, 186, 12096 }, // U+076F
    { 43, 34, 725, 1, 25, 366, 12282 }, // U+0770
    { 13, 35, 220, -1, 26, 114, 12648 }, // U+0771
    { 23, 45, 383, 0, 30, 259, 12762 }, // U+0772
    { 10, 35, 190, 0, 35, 88, 13021 }, // U+0773
    { 10, 35, 190, 0, 35, 88, 13109 }, // U+0774
    { 27, 27, 456, 1, 18, 183, 13197 }, // U+0775
    { 27, 27, 456, 1, 18, 183, 13380 }, // U+0776
    { 27, 36, 456, 1, 16, 243, 13563 }, // U+0777
    { 14, 32, 268, 1, 23, 112, 13806 }, // U+0778
    { 14, 32, 268, 1, 23, 112, 13918 }, // U+0779
    { 34, 26, 565, 1, 25, 221, 14030 }, // U+077A
    { 34, 26, 565, 1, 25, 221, 14251 }, // U+077B
    { 24, 31, 395, 0, 16, 186, 14472 }, // U+077C
    { 43, 34, 725, 1, 25, 366, 14658 }, // U+077D
    { 43, 34, 725, 1, 25, 366, 15024 }, // U+077E
    { 30, 28, 529, 1, 27, 210, 15390 }, // U+077F
    { 10, 31, 143, -1, 31, 78, 15600 }, // U+0870
    { 10, 30, 143, 2, 30, 75, 15678 }, // U+0871
    { 10, 27, 143, 2, 27, 68, 15753 }, // U+0872
    { 10, 27, 143, -3, 27, 68, 15821 }, // U+0873
    { 10, 30, 143, 0, 27, 75, 15889 }, // U+0874
    { 10, 30, 143, 2, 27, 75, 15964 }, // U+0875
    { 6, 32, 143, 1, 32, 48, 16039 }, // U+0876
    { 8, 27, 143, 2, 27, 54, 16087 }, // U+0877
    { 9, 27, 143, -2, 27, 61, 16141 }, // U+0878
    { 6, 32, 143, 2, 27, 48, 16202 }, // U+0879
    { 5, 34, 143, 2, 34, 43, 16250 }, // U+087A
    { 10, 34, 143, 2, 34, 85, 16293 }, // U+087B
    { 10, 34, 143, 2, 34, 85, 16378 }, // U+087C
    { 10, 37, 143, 2, 34, 93, 16463 }, // U+087D
    { 14, 30, 143, -2, 30, 105, 16556 }, // U+087E
    { 14, 27, 143, -2, 27, 95, 16661 }, // U+087F
    { 14, 30, 143, -2, 27, 105, 16756 }, // U+0880
    { 10, 27, 143, 2, 27, 68, 16861 }, // U+0881
    { 10, 27, 143, -3, 27, 68, 16929 }, // U+0882
    { 16, 15, 222, 0, 12, 60, 16997 }, // U+0883
    { 16, 18, 222, 0, 11, 72, 17057 }, // U+0884
    { 12, 11, 162, 0, 3, 33, 17129 }, // U+0885
    { 10, 17, 179, -1, 9, 43, 17162 }, // U+0886
    { 6, 6, 109, 0, 6, 9, 17205 }, // U+0887
    { 6, 6, 109, 0, 11, 9, 17214 }, // U+0888
    { 23, 33, 411, 1, 24, 190, 17223 }, // U+0889
    { 23, 31, 383, 0, 16, 179, 17413 }, // U+088A
    { 28, 35, 473, 0, 27, 245, 17592 }, // U+088B
    { 28, 40, 473, 0, 27, 280, 17837 }, // U+088C
    { 33, 40, 526, 1, 27, 330, 18117 }, // U+088D
    { 11, 12, 172, 2, 7, 33, 18447 }, // U+088E
    { 63, 14, 990, -1, 43, 221, 18480 }, // U+0890
    { 63, 14, 990, -1, 43, 221, 18701 }, // U+0891
    { 27, 14, 0, 0, 54, 95, 18922 }, // U+0898
    { 33, 17, 0, 0, -1, 141, 19017 }, // U+0899
    { 25, 12, 0, 0, -1, 75, 19158 }, // U+089A
    { 39, 15, 0, 0, -1, 147, 19233 }, // U+089B
    { 11, 7, 0, 0, 27, 20, 19380 }, // U+089C
    { 13, 8, 0, 0, 30, 26, 19400 }, // U+089D
    { 14, 6, 0, -1, 28, 21, 19426 }, // U+089E
    { 14, 6, 0, -1, 28, 21, 19447 }, // U+089F
    { 35, 27, 596, 1, 16, 237, 19468 }, // U+08A0
    { 35, 32, 596, 1, 23, 280, 19705 }, // U+08A1
    { 23, 38, 383, 0, 23, 219, 19985 }, // U+08A2
    { 28, 28, 473, 0, 27, 196, 20204 }, // U+08A3
    { 35, 40, 590, 1, 31, 350, 20400 }, // U+08A4
    { 27, 38, 464, 1, 23, 257, 20750 }, // U+08A5
    { 26, 36, 417, 1, 27, 234, 21007 }, // U+08A6
    { 17, 42, 290, 0, 27, 179, 21241 }, // U+08A7
    { 27, 34, 456, 1, 17, 230, 21420 }, // U+08A8
    { 27, 33, 456, 1, 16, 223, 21650 }, // U+08A9
    { 19, 22, 293, 1, 13, 105, 21873 }, // U+08AA
    { 14, 22, 268, 1, 13, 77, 21978 }, // U+08AB
    { 21, 24, 331, 0, 16, 126, 22055 }, // U+08AC
    { 5, 12, 142, 2, 3, 15, 22181 }, // U+08AD
    { 16, 30, 286, 1, 18, 120, 22196 }, // U+08AE
    { 47, 28, 784, 1, 15, 329, 22316 }, // U+08AF
    { 35, 28, 526, 1, 27, 245, 22645 }, // U+08B0
    { 18, 24, 283, 2, 13, 108, 22890 }, // U+08B1
    { 13, 38, 220, -1, 29, 124, 22998 }, // U+08B2
    { 22, 34, 304, 0, 19, 187, 23122 }, // U+08B3
    { 30, 36, 529, 1, 27, 270, 23309 }, // U+08B4
    { 27, 31, 464, 1, 16, 210, 23579 }, // U+08B5
    { 35, 32, 596, 1, 23, 280, 23789 }, // U+08B6
    { 35, 36, 596, 1, 23, 315, 24069 }, // U+08B7
    { 35, 22, 596, 1, 21, 193, 24384 }, // U+08B8
    { 13, 38, 220, -1, 29, 124, 24577 }, // U+08B9
    { 27, 38, 456, 1, 21, 257, 24701 }, // U+08BA
    { 35, 20, 590, 1, 19, 175, 24958 }, // U+08BB
    { 27, 24, 464, 1, 16, 162, 25133 }, // U+08BC
    { 23, 21, 411, 1, 12, 121, 25295 }, // U+08BD
    { 35, 37, 596, 1, 24, 324, 25416 }, // U+08BE
    { 35, 33, 596, 1, 32, 289, 25740 }, // U+08BF
    { 35, 34, 596, 1, 33, 298, 26029 }, // U+08C0
    { 24, 43, 395, 0, 28, 258, 26327 }, // U+08C1
    { 33, 37, 526, 1, 36, 306, 26585 }, // U+08C2
    { 22, 47, 304, 0, 32, 259, 26891 }, // U+08C3
    { 27, 36, 464, 1, 28, 243, 27150 }, // U+08C4
    { 23, 43, 383, 0, 28, 248, 27393 }, // U+08C5
    { 24, 31, 395, 0, 16, 186, 27641 }, // U+08C6
    { 26, 51, 417, 1, 42, 332, 27827 }, // U+08C7
    { 33, 37, 526, 1, 36, 306, 28159 }, // U+08C8
    { 13, 12, 208, 0, 11, 39, 28465 }, // U+08C9
    { 12, 12, 0, 0, 34, 36, 28504 }, // U+08CA
    { 13, 10, 0, 0, 30, 33, 28540 }, // U+08CB
    { 15, 10, 0, 0, 51, 38, 28573 }, // U+08CC
    { 11, 12, 0, 0, 32, 33, 28611 }, // U+08CD
    { 8, 8, 0, 0, 28, 16, 28644 }, // U+08CE
    { 8, 8, 0, 0, -2, 16, 28660 }, // U+08CF
    { 8, 8, 0, 1, -2, 16, 28676 }, // U+08D0
    { 9, 9, 0, 0, -1, 21, 28692 }, // U+08D1
    { 9, 9, 0, 0, -1, 21, 28713 }, // U+08D2
    { 6, 10, 0, 1, -4, 15, 28734 }, // U+08D3
    { 23, 12, 0, 0, 52, 69, 28749 }, // U+08D4
    { 18, 10, 0, 0, 50, 45, 28818 }, // U+08D5
    { 8, 11, 0, 1, 51, 22, 28863 }, // U+08D6
    { 9, 10, 0, 1, 50, 23, 28885 }, // U+08D7
    { 9, 16, 0, 1, 37, 36, 28908 }, // U+08D8
    { 9, 16, 0, 1, -3, 36, 28944 }, // U+08D9
    { 25, 10, 0, 0, 50, 63, 28980 }, // U+08DA
    { 33, 11, 0, 0, 51, 91, 29043 }, // U+08DB
    { 35, 9, 0, 0, 49, 79, 29134 }, // U+08DC
    { 26, 10, 0, 0, 50, 65, 29213 }, // U+08DD
    { 19, 11, 0, 0, 51, 53, 29278 }, // U+08DE
    { 24, 13, 0, 0, 53, 78, 29331 }, // U+08DF
    { 15, 7, 0, 0, 31, 27, 29409 }, // U+08E0
    { 16, 6, 0, 0, 30, 24, 29436 }, // U+08E1
    { 17, 26, 343, 2, 42, 111, 29460 }, // U+08E2
    { 10, 10, 0, 1, -2, 25, 29571 }, // U+08E3
    { 10, 11, 0, 1, 29, 28, 29596 }, // U+08E4
    { 10, 10, 0, 2, 31, 25, 29624 }, // U+08E5
    { 10, 11, 0, 1, 0, 28, 29649 }, // U+08E6
    { 13, 15, 0, 1, 33, 49, 29677 }, // U+08E7
    { 11, 18, 0, 1, 39, 50, 29726 }, // U+08E8
    { 13, 16, 0, 1, 0, 52, 29776 }, // U+08E9
    { 5, 5, 0, 0, 30, 7, 29828 }, // U+08EA
    { 9, 5, 0, 0, 30, 12, 29835 }, // U+08EB
    { 11, 8, 0, 0, 32, 22, 29847 }, // U+08EC
    { 4, 4, 0, 0, -3, 4, 29869 }, // U+08ED
    { 8, 4, 0, 0, -3, 8, 29873 }, // U+08EE
    { 11, 8, 0, 0, -2, 22, 29881 }, // U+08EF
    { 13, 11, 0, 1, 33, 36, 29903 }, // U+08F0
    { 19, 11, 0, 0, 32, 53, 29939 }, // U+08F1
    { 13, 11, 0, 1, 0, 36, 29992 }, // U+08F2
    { 6, 10, 0, 1, 32, 15, 30028 }, // U+08F3
    { 9, 8, 0, 0, 31, 18, 30043 }, // U+08F4
    { 9, 9, 0, 1, 31, 21, 30061 }, // U+08F5
    { 9, 10, 0, 1, -1, 23, 30082 }, // U+08F6
    { 9, 10, 0, 0, 30, 23, 30105 }, // U+08F7
    { 8, 10, 0, 1, 30, 20, 30128 }, // U+08F8
    { 9, 10, 0, 0, 0, 23, 30148 }, // U+08F9
    { 8, 10, 0, 1, 0, 20, 30171 }, // U+08FA
    { 15, 10, 0, 1, 30, 38, 30191 }, // U+08FB
    { 19, 10, 0, 0, 30, 48, 30229 }, // U+08FC
    { 12, 10, 0, 0, 30, 30, 30277 }, // U+08FD
    { 13, 11, 0, 0, 32, 36, 30307 }, // U+08FE
    { 6, 10, 0, 1, 32, 15, 30343 }, // U+08FF
    { 12, 35, 141, -1, 35, 105, 30358 }, // U+FB50
    { 15, 38, 175, -2, 37, 143, 30463 }, // U+FB51
    { 35, 29, 596, 1, 16, 254, 0 }, // U+FB52
    { 42, 26, 656, 1, 13, 273, 254 }, // U+FB53
    { 9, 28, 161, 0, 16, 63, 527 }, // U+FB54
    { 15, 23, 206, 0, 11, 87, 590 }, // U+FB55
    { 35, 29, 596, 1, 16, 254, 677 }, // U+FB56
    { 42, 26, 656, 1, 13, 273, 931 }, // U+FB57
    { 10, 28, 179, -1, 16, 70, 1204 }, // U+FB58
    { 16, 23, 224, 0, 11, 92, 1274 }, // U+FB59
    { 35, 29, 596, 1, 16, 254, 1366 }, // U+FB5A
    { 42, 26, 656, 1, 13, 273, 1620 }, // U+FB5B
    { 10, 28, 179, -1, 16, 70, 1893 }, // U+FB5C
    { 16, 23, 224, 0, 11, 92, 1963 }, // U+FB5D
    { 35, 25, 596, 1, 24, 219, 2055 }, // U+FB5E
    { 42, 25, 656, 1, 24, 263, 2274 }, // U+FB5F
    { 9, 29, 179, 0, 28, 66, 2537 }, // U+FB60
    { 16, 24, 224, 0, 23, 96, 2603 }, // U+FB61
    { 35, 25, 596, 1, 24, 219, 2699 }, // U+FB62
    { 42, 25, 656, 1, 24, 263, 2918 }, // U+FB63
    { 11, 29, 179, 0, 28, 80, 3181 }, // U+FB64
    { 16, 24, 224, 0, 23, 96, 3261 }, // U+FB65
    { 35, 27, 596, 1, 26, 237, 3357 }, // U+FB66
    { 42, 27, 656, 1, 26, 284, 3594 }, // U+FB67
    { 11, 31, 161, 0, 30, 86, 3878 }, // U+FB68
    { 16, 26, 224, 0, 25, 104, 3964 }, // U+FB69
    { 35, 32, 590, 1, 31, 280, 4068 }, // U+FB6A
    { 43, 29, 659, 1, 28, 312, 4348 }, // U+FB6B
    { 16, 32, 268, 0, 31, 128, 4660 }, // U+FB6C
    { 21, 29, 297, 0, 28, 153, 4788 }, // U+FB6D
    { 35, 32, 590, 1, 31, 280, 4941 }, // U+FB6E
    { 43, 29, 659, 1, 28, 312, 5221 }, // U+FB6F
    { 16, 32, 268, 0, 31, 128, 5533 }, // U+FB70
    { 21, 29, 297, 0, 28, 153, 5661 }, // U+FB71
    { 23, 31, 383, 0, 16, 179, 5814 }, // U+FB72
    { 27, 31, 389, 0, 16, 210, 5993 }, // U+FB73
    { 21, 26, 353, 0, 14, 137, 6203 }, // U+FB74
    { 26, 26, 382, 0, 14, 169, 6340 }, // U+FB75
    { 24, 31, 395, 0, 16, 186, 6509 }, // U+FB76
    { 29, 31, 431, 0, 16, 225, 6695 }, // U+FB77
    { 21, 22, 353, 0, 14, 116, 6920 }, // U+FB78
    { 26, 22, 382, 0, 14, 143, 7036 }, // U+FB79
    { 24, 31, 395, 0, 16, 186, 7179 }, // U+FB7A
    { 29, 31, 431, 0, 16, 225, 7365 }, // U+FB7B
    { 21, 26, 353, 0, 14, 137, 7590 }, // U+FB7C
    { 26, 26, 382, 0, 14, 169, 7727 }, // U+FB7D
    { 24, 31, 395, 0, 16, 186, 7896 }, // U+FB7E
    { 29, 31, 431, 0, 16, 225, 8082 }, // U+FB7F
    { 21, 26, 353, 0, 14, 137, 8307 }, // U+FB80
    { 26, 26, 382, 0, 14, 169, 8444 }, // U+FB81
    { 16, 26, 286, 1, 18, 104, 8613 }, // U+FB82
    { 21, 26, 319, 1, 18, 137, 8717 }, // U+FB83
    { 16, 26, 286, 1, 25, 104, 8854 }, // U+FB84
    { 21, 26, 319, 1, 25, 137, 8958 }, // U+FB85
    { 16, 31, 286, 1, 30, 124, 9095 }, // U+FB86
    { 21, 31, 319, 1, 30, 163, 9219 }, // U+FB87
    { 16, 33, 286, 1, 32, 132, 9382 }, // U+FB88
    { 21, 33, 319, 1, 32, 174, 9514 }, // U+FB89
    { 13, 35, 220, -1, 26, 114, 9688 }, // U+FB8A
    { 18, 35, 238, -1, 26, 158, 9802 }, // U+FB8B
    { 14, 37, 220, -1, 28, 130, 9960 }, // U+FB8C
    { 18, 37, 238, -1, 28, 167, 10090 }, // U+FB8D
    { 33, 28, 526, 1, 27, 231, 10257 }, // U+FB8E
    { 38, 28, 585, 1, 27, 266, 10488 }, // U+FB8F
    { 16, 28, 247, 0, 27, 112, 10754 }, // U+FB90
    { 21, 28, 305, 0, 27, 147, 10866 }, // U+FB91
    { 33, 32, 526, 1, 31, 264, 11013 }, // U+FB92
    { 38, 32, 585, 1, 31, 304, 11277 }, // U+FB93
    { 16, 32, 247, 0, 31, 128, 11581 }, // U+FB94
    { 21, 32, 305, 0, 31, 168, 11709 }, // U+FB95
    { 33, 44, 526, 1, 31, 363, 11877 }, // U+FB96
    { 38, 44, 585, 1, 31, 418, 12240 }, // U+FB97
    { 16, 43, 247, 0, 31, 172, 12658 }, // U+FB98
    { 21, 43, 305, 0, 31, 226, 12830 }, // U+FB99
    { 33, 36, 526, 1, 35, 297, 13056 }, // U+FB9A
    { 38, 36, 585, 1, 35, 342, 13353 }, // U+FB9B
    { 16, 36, 247, 0, 35, 144, 13695 }, // U+FB9C
    { 21, 36, 305, 0, 35, 189, 13839 }, // U+FB9D
    { 23, 21, 411, 1, 12, 121, 14028 }, // U+FB9E
    { 29, 20, 438, 1, 11, 145, 14149 }, // U+FB9F
    { 23, 35, 411, 1, 26, 202, 14294 }, // U+FBA0
    { 29, 35, 438, 1, 26, 254, 14496 }, // U+FBA1
    { 11, 31, 161, 0, 30, 86, 14750 }, // U+FBA2
    { 16, 26, 224, 0, 25, 104, 14836 }, // U+FBA3
    { 14, 29, 243, 1, 29, 102, 14940 }, // U+FBA4
    { 20, 32, 292, 1, 31, 160, 15042 }, // U+FBA5
    { 14, 18, 243, 1, 18, 63, 15202 }, // U+FBA6
    { 20, 14, 287, 0, 13, 70, 15265 }, // U+FBA7
    { 9, 24, 161, 0, 16, 54, 15335 }, // U+FBA8
    { 19, 17, 263, 0, 6, 81, 15389 }, // U+FBA9
    { 24, 20, 403, 0, 19, 120, 15470 }, // U+FBAA
    { 25, 25, 368, 0, 16, 157, 15590 }, // U+FBAB
    { 20, 20, 344, 0, 19, 100, 15747 }, // U+FBAC
    { 21, 25, 304, 0, 16, 132, 15847 }, // U+FBAD
    { 34, 18, 565, 1, 17, 153, 15979 }, // U+FBAE
    { 23, 14, 329, 0, 3, 81, 16132 }, // U+FBAF
    { 34, 28, 565, 1, 27, 238, 16213 }, // U+FBB0
    { 23, 24, 329, 0, 13, 138, 16451 }, // U+FBB1
    { 5, 4, 91, 0, 25, 5, 16589 }, // U+FBB2
    { 5, 5, 91, 0, -3, 7, 16594 }, // U+FBB3
    { 10, 4, 173, 0, 25, 10, 16601 }, // U+FBB4
    { 10, 5, 173, 0, -3, 13, 16611 }, // U+FBB5
    { 9, 9, 173, 1, 30, 21, 16624 }, // U+FBB6
    { 9, 9, 173, 1, -3, 21, 16645 }, // U+FBB7
    { 9, 9, 173, 1, 30, 21, 16666 }, // U+FBB8
    { 9, 9, 173, 1, -3, 21, 16687 }, // U+FBB9
    { 9, 9, 173, 1, 30, 21, 16708 }, // U+FBBA
    { 9, 9, 173, 1, -3, 21, 16729 }, // U+FBBB
    { 8, 7, 157, 1, -1, 14, 16750 }, // U+FBBC
    { 5, 9, 90, 0, 30, 12, 16764 }, // U+FBBD
    { 5, 9, 91, 0, -3, 12, 16776 }, // U+FBBE
    { 8, 8, 131, 0, 7, 16, 16788 }, // U+FBBF
    { 11, 11, 181, 0, 31, 31, 16804 }, // U+FBC0
    { 10, 10, 166, 0, -1, 25, 16835 }, // U+FBC1
    { 13, 8, 211, 0, 30, 26, 16860 }, // U+FBC2
    { 30, 33, 529, 1, 32, 248, 16886 }, // U+FBD3
    { 36, 33, 553, 1, 32, 297, 17134 }, // U+FBD4
    { 16, 34, 247, 0, 33, 136, 17431 }, // U+FBD5
    { 21, 33, 305, 0, 32, 174, 17567 }, // U+FBD6
    { 14, 34, 268, 1, 25, 119, 17741 }, // U+FBD7
    { 19, 35, 283, 1, 26, 167, 17860 }, // U+FBD8
    { 14, 35, 268, 1, 26, 123, 18027 }, // U+FBD9
    { 19, 35, 283, 1, 26, 167, 18150 }, // U+FBDA
    { 14, 34, 268, 1, 25, 119, 18317 }, // U+FBDB
    { 19, 35, 283, 1, 26, 167, 18436 }, // U+FBDC
    { 30, 34, 515, 1, 25, 255, 18603 }, // U+FBDD
    { 14, 34, 268, 1, 25, 119, 18858 }, // U+FBDE
    { 19, 34, 283, 1, 25, 162, 18977 }, // U+FBDF
    { 14, 22, 268, 1, 13, 77, 19139 }, // U+FBE0
    { 19, 22, 283, 1, 13, 105, 19216 }, // U+FBE1
    { 14, 35, 268, 1, 26, 123, 19321 }, // U+FBE2
    { 19, 35, 283, 1, 26, 167, 19444 }, // U+FBE3
    { 27, 37, 456, 1, 16, 250, 19611 }, // U+FBE4
    { 29, 28, 442, 1, 7, 203, 19861 }, // U+FBE5
    { 9, 28, 179, 0, 16, 63, 20064 }, // U+FBE6
    { 16, 23, 224, 0, 11, 92, 20127 }, // U+FBE7
    { 9, 17, 161, 0, 16, 39, 20219 }, // U+FBE8
    { 15, 12, 206, 0, 11, 45, 20258 }, // U+FBE9
    { 18, 28, 336, 2, 27, 126, 20303 }, // U+FBEA
    { 24, 28, 380, 2, 27, 168, 20429 }, // U+FBEB
    { 27, 28, 449, 0, 27, 189, 20597 }, // U+FBEC
    { 33, 23, 493, 0, 22, 190, 20786 }, // U+FBED
    { 25, 36, 445, 1, 27, 225, 20976 }, // U+FBEE
    { 32, 31, 489, 1, 22, 248, 21201 }, // U+FBEF
    { 25, 36, 445, 1, 27, 225, 21449 }, // U+FBF0
    { 32, 35, 489, 1, 26, 280, 21674 }, // U+FBF1
    { 25, 36, 445, 1, 27, 225, 21954 }, // U+FBF2
    { 32, 35, 489, 1, 26, 280, 22179 }, // U+FBF3
    { 25, 36, 445, 1, 27, 225, 22459 }, // U+FBF4
    { 32, 35, 489, 1, 26, 280, 22684 }, // U+FBF5
    { 35, 48, 603, 1, 27, 420, 22964 }, // U+FBF6
    { 42, 43, 647, 1, 22, 452, 23384 }, // U+FBF7
    { 23, 39, 385, 0, 27, 225, 23836 }, // U+FBF8
    { 35, 36, 603, 1, 27, 315, 24061 }, // U+FBF9
    { 42, 31, 647, 1, 22, 326, 24376 }, // U+FBFA
    { 22, 28, 367, 0, 27, 154, 24702 }, // U+FBFB
    { 27, 25, 456, 1, 16, 169, 24856 }, // U+FBFC
    { 29, 16, 442, 1, 7, 116, 25025 }, // U+FBFD
    { 10, 24, 179, -1, 16, 60, 25141 }, // U+FBFE
    { 16, 19, 224, 0, 11, 76, 25201 }, // U+FBFF
    { 33, 42, 551, 0, 27, 347, 25277 }, // U+FC00
    { 33, 42, 551, 0, 27, 347, 25624 }, // U+FC01
    { 30, 42, 499, 0, 27, 315, 25971 }, // U+FC02
    { 35, 36, 603, 1, 27, 315, 26286 }, // U+FC03
    { 35, 44, 603, 1, 27, 385, 26601 }, // U+FC04
    { 33, 31, 551, 0, 16, 256, 26986 }, // U+FC05
    { 33, 31, 551, 0, 16, 256, 27242 }, // U+FC06
    { 33, 38, 551, 0, 23, 314, 27498 }, // U+FC07
    { 30, 31, 499, 0, 16, 233, 27812 }, // U+FC08
    { 35, 25, 603, 1, 16, 219, 28045 }, // U+FC09
    { 35, 33, 603, 1, 16, 289, 28264 }, // U+FC0A
    { 34, 38, 551, 0, 23, 323, 28553 }, // U+FC0B
    { 34, 38, 551, 0, 23, 323, 28876 }, // U+FC0C
    { 34, 38, 551, 0, 23, 323, 29199 }, // U+FC0D
    { 31, 38, 499, 0, 23, 295, 29522 }, // U+FC0E
    { 36, 32, 603, 1, 23, 288, 29817 }, // U+FC0F
    { 36, 40, 603, 1, 23, 360, 30105 }, // U+FC10
    { 34, 43, 551, 0, 28, 366, 0 }, // U+FC11
    { 31, 43, 499, 0, 28, 334, 366 }, // U+FC12
    { 36, 37, 603, 1, 28, 333, 700 }, // U+FC13
    { 36, 45, 603, 1, 28, 405, 1033 }, // U+FC14
    { 45, 31, 743, 0, 16, 349, 1438 }, // U+FC15
    { 42, 29, 691, 0, 14, 305, 1787 }, // U+FC16
    { 45, 31, 743, 0, 16, 349, 2092 }, // U+FC17
    { 42, 29, 691, 0, 14, 305, 2441 }, // U+FC18
    { 45, 36, 743, 0, 21, 405, 2746 }, // U+FC19
    { 45, 36, 743, 0, 21, 405, 3151 }, // U+FC1A
    { 42, 36, 691, 0, 21, 378, 3556 }, // U+FC1B
    { 52, 31, 860, 0, 16, 403, 3934 }, // U+FC1C
    { 52, 31, 860, 0, 16, 403, 4337 }, // U+FC1D
    { 52, 38, 860, 0, 23, 494, 4740 }, // U+FC1E
    { 49, 31, 808, 0, 16, 380, 5234 }, // U+FC1F
    { 57, 31, 931, 0, 16, 442, 5614 }, // U+FC20
    { 54, 29, 879, 0, 14, 392, 6056 }, // U+FC21
    { 57, 36, 931, 0, 21, 513, 6448 }, // U+FC22
    { 57, 36, 931, 0, 21, 513, 6961 }, // U+FC23
    { 57, 38, 931, 0, 23, 542, 7474 }, // U+FC24
    { 54, 36, 879, 0, 21, 486, 8016 }, // U+FC25
    { 49, 42, 796, 0, 27, 515, 8502 }, // U+FC26
    { 45, 42, 743, 0, 27, 473, 9017 }, // U+FC27
    { 45, 42, 743, 0, 27, 473, 9490 }, // U+FC28
    { 43, 32, 691, 0, 17, 344, 9963 }, // U+FC29
    { 39, 32, 639, 0, 17, 312, 10307 }, // U+FC2A
    { 43, 39, 691, 0, 24, 420, 10619 }, // U+FC2B
    { 39, 39, 639, 0, 24, 381, 11039 }, // U+FC2C
    { 40, 41, 658, 0, 26, 410, 11420 }, // U+FC2D
    { 40, 41, 658, 0, 26, 410, 11830 }, // U+FC2E
    { 40, 41, 658, 0, 26, 410, 12240 }, // U+FC2F
    { 37, 41, 605, 0, 26, 380, 12650 }, // U+FC30
    { 42, 35, 710, 1, 26, 368, 13030 }, // U+FC31
    { 42, 43, 710, 1, 26, 452, 13398 }, // U+FC32
    { 40, 41, 658, 0, 26, 410, 13850 }, // U+FC33
    { 37, 41, 605, 0, 26, 380, 14260 }, // U+FC34
    { 42, 35, 710, 1, 26, 368, 14640 }, // U+FC35
    { 42, 43, 710, 1, 26, 452, 15008 }, // U+FC36
    { 25, 28, 422, 2, 27, 175, 15460 }, // U+FC37
    { 41, 42, 637, 0, 27, 431, 15635 }, // U+FC38
    { 41, 42, 637, 0, 27, 431, 16066 }, // U+FC39
    { 41, 42, 637, 0, 27, 431, 16497 }, // U+FC3A
    { 43, 36, 685, 1, 27, 387, 16928 }, // U+FC3B
    { 37, 42, 584, 0, 27, 389, 17315 }, // U+FC3C
    { 43, 36, 689, 1, 27, 387, 17704 }, // U+FC3D
    { 43, 44, 689, 1, 27, 473, 18091 }, // U+FC3E
    { 32, 42, 545, 0, 27, 336, 18564 }, // U+FC3F
    { 32, 42, 545, 0, 27, 336, 18900 }, // U+FC40
    { 32, 42, 545, 0, 27, 336, 19236 }, // U+FC41
    { 29, 42, 493, 0, 27, 305, 19572 }, // U+FC42
    { 35, 36, 598, 1, 27, 315, 19877 }, // U+FC43
    { 35, 44, 598, 1, 27, 385, 20192 }, // U+FC44
    { 42, 31, 704, 0, 16, 326, 20577 }, // U+FC45
    { 42, 31, 704, 0, 16, 326, 20903 }, // U+FC46
    { 42, 38, 704, 0, 23, 399, 21229 }, // U+FC47
    { 39, 29, 652, 0, 14, 283, 21628 }, // U+FC48
    { 45, 23, 757, 1, 14, 259, 21911 }, // U+FC49
    { 45, 31, 757, 1, 14, 349, 22170 }, // U+FC4A
    { 33, 38, 551, 0, 23, 314, 22519 }, // U+FC4B
    { 33, 38, 551, 0, 23, 314, 22833 }, // U+FC4C
    { 33, 38, 551, 0, 23, 314, 23147 }, // U+FC4D
    { 30, 38, 499, 0, 23, 285, 23461 }, // U+FC4E
    { 35, 32, 603, 1, 23, 280, 23746 }, // U+FC4F
    { 35, 40, 603, 1, 23, 350, 24026 }, // U+FC50
    { 45, 34, 734, 0, 19, 383, 24376 }, // U+FC51
    { 41, 34, 682, 0, 19, 349, 24759 }, // U+FC52
    { 47, 28, 786, 1, 19, 329, 25108 }, // U+FC53
    { 47, 36, 786, 1, 19, 423, 25437 }, // U+FC54
    { 34, 31, 569, 0, 16, 264, 25860 }, // U+FC55
    { 34, 31, 569, 0, 16, 264, 26124 }, // U+FC56
    { 34, 38, 569, 0, 23, 323, 26388 }, // U+FC57
    { 31, 31, 517, 0, 16, 241, 26711 }, // U+FC58
    { 36, 25, 621, 1, 16, 225, 26952 }, // U+FC59
    { 36, 33, 621, 1, 16, 297, 27177 }, // U+FC5A
    { 16, 39, 286, 1, 38, 156, 27474 }, // U+FC5B
    { 13, 35, 220, -1, 26, 114, 27630 }, // U+FC5C
    { 27, 27, 456, 1, 18, 183, 27744 }, // U+FC5D
    { 13, 18, 194, -1, 40, 59, 27927 }, // U+FC5E
    { 11, 17, 182, 0, 39, 47, 27986 }, // U+FC5F
    { 12, 14, 194, 0, 36, 42, 28033 }, // U+FC60
    { 13, 18, 194, -1, 40, 59, 28075 }, // U+FC61
    { 11, 15, 182, 0, 37, 42, 28134 }, // U+FC62
    { 12, 16, 194, 0, 38, 48, 28176 }, // U+FC63
    { 31, 31, 443, -1, 22, 241, 28224 }, // U+FC64
    { 31, 31, 443, -1, 22, 241, 28465 }, // U+FC65
    { 36, 37, 543, 0, 22, 333, 28706 }, // U+FC66
    { 42, 31, 644, 1, 22, 326, 29039 }, // U+FC67
    { 42, 31, 647, 1, 22, 326, 29365 }, // U+FC68
    { 42, 39, 647, 1, 22, 410, 29691 }, // U+FC69
    { 31, 22, 443, -1, 13, 171, 30101 }, // U+FC6A
    { 31, 30, 443, -1, 21, 233, 30272 }, // U+FC6B
    { 36, 29, 543, 0, 14, 261, 30505 }, // U+FC6C
    { 42, 28, 644, 1, 19, 294, 30766 }, // U+FC6D
    { 42, 20, 647, 1, 11, 210, 31060 }, // U+FC6E
    { 42, 28, 647, 1, 11, 294, 0 }, // U+FC6F
    { 32, 27, 461, -1, 18, 216, 294 }, // U+FC70
    { 32, 30, 461, -1, 21, 240, 510 }, // U+FC71
    { 37, 33, 561, 0, 18, 306, 750 }, // U+FC72
    { 43, 28, 662, 1, 19, 301, 1056 }, // U+FC73
    { 43, 27, 665, 1, 18, 291, 1357 }, // U+FC74
    { 43, 35, 665, 1, 18, 377, 1648 }, // U+FC75
    { 32, 32, 461, -1, 23, 256, 2025 }, // U+FC76
    { 32, 32, 461, -1, 23, 256, 2281 }, // U+FC77
    { 37, 38, 561, 0, 23, 352, 2537 }, // U+FC78
    { 43, 32, 662, 1, 23, 344, 2889 }, // U+FC79
    { 43, 32, 665, 1, 23, 344, 3233 }, // U+FC7A
    { 43, 40, 665, 1, 23, 430, 3577 }, // U+FC7B
    { 48, 32, 739, 1, 23, 384, 4007 }, // U+FC7C
    { 48, 40, 739, 1, 23, 480, 4391 }, // U+FC7D
    { 48, 32, 739, 1, 23, 384, 4871 }, // U+FC7E
    { 48, 40, 739, 1, 23, 480, 5255 }, // U+FC7F
    { 30, 28, 479, 2, 27, 210, 5735 }, // U+FC80
    { 48, 36, 743, 1, 27, 432, 5945 }, // U+FC81
    { 42, 42, 642, 0, 27, 441, 6377 }, // U+FC82
    { 48, 36, 746, 1, 27, 432, 6818 }, // U+FC83
    { 48, 44, 746, 1, 27, 528, 7250 }, // U+FC84
    { 35, 42, 517, 0, 27, 368, 7778 }, // U+FC85
    { 40, 36, 622, 1, 27, 360, 8146 }, // U+FC86
    { 40, 44, 622, 1, 27, 440, 8506 }, // U+FC87
    { 33, 28, 521, 2, 27, 231, 8946 }, // U+FC88
    { 45, 29, 684, 0, 14, 327, 9177 }, // U+FC89
    { 31, 27, 443, -1, 18, 210, 9504 }, // U+FC8A
    { 31, 30, 443, -1, 21, 233, 9714 }, // U+FC8B
    { 36, 33, 543, 0, 18, 297, 9947 }, // U+FC8C
    { 42, 28, 644, 1, 19, 294, 10244 }, // U+FC8D
    { 42, 27, 647, 1, 18, 284, 10538 }, // U+FC8E
    { 42, 35, 647, 1, 18, 368, 10822 }, // U+FC8F
    { 29, 27, 442, 1, 18, 196, 11190 }, // U+FC90
    { 32, 22, 461, -1, 13, 176, 11386 }, // U+FC91
    { 32, 30, 461, -1, 21, 240, 11562 }, // U+FC92
    { 37, 29, 561, 0, 14, 269, 11802 }, // U+FC93
    { 43, 28, 662, 1, 19, 301, 12071 }, // U+FC94
    { 43, 20, 665, 1, 11, 215, 12372 }, // U+FC95
    { 43, 28, 665, 1, 11, 301, 12587 }, // U+FC96
    { 33, 35, 544, 0, 27, 289, 12888 }, // U+FC97
    { 33, 28, 544, 0, 27, 231, 13177 }, // U+FC98
    { 33, 28, 544, 0, 27, 231, 13408 }, // U+FC99
    { 30, 28, 508, 0, 27, 210, 13639 }, // U+FC9A
    { 28, 36, 466, 0, 27, 252, 13849 }, // U+FC9B
    { 33, 24, 544, 0, 16, 198, 14101 }, // U+FC9C
    { 33, 24, 544, 0, 16, 198, 14299 }, // U+FC9D
    { 33, 29, 544, 0, 21, 240, 14497 }, // U+FC9E
    { 30, 24, 508, 0, 16, 180, 14737 }, // U+FC9F
    { 28, 25, 466, 0, 16, 175, 14917 }, // U+FCA0
    { 34, 31, 544, 0, 23, 264, 15092 }, // U+FCA1
    { 34, 24, 544, 0, 23, 204, 15356 }, // U+FCA2
    { 34, 24, 544, 0, 23, 204, 15560 }, // U+FCA3
    { 31, 24, 508, 0, 23, 186, 15764 }, // U+FCA4
    { 29, 32, 466, 0, 23, 232, 15950 }, // U+FCA5
    { 31, 29, 508, 0, 28, 225, 16182 }, // U+FCA6
    { 45, 22, 736, 0, 14, 248, 16407 }, // U+FCA7
    { 43, 22, 700, 0, 14, 237, 16655 }, // U+FCA8
    { 45, 22, 736, 0, 14, 248, 16892 }, // U+FCA9
    { 43, 15, 700, 0, 14, 162, 17140 }, // U+FCAA
    { 45, 29, 736, 0, 21, 327, 17302 }, // U+FCAB
    { 43, 22, 700, 0, 21, 237, 17629 }, // U+FCAC
    { 52, 24, 853, 0, 16, 312, 17866 }, // U+FCAD
    { 52, 17, 853, 0, 16, 221, 18178 }, // U+FCAE
    { 52, 22, 853, 0, 21, 286, 18399 }, // U+FCAF
    { 50, 17, 817, 0, 16, 213, 18685 }, // U+FCB0
    { 57, 15, 924, 0, 14, 214, 18898 }, // U+FCB1
    { 57, 22, 924, 0, 21, 314, 19112 }, // U+FCB2
    { 54, 15, 889, 0, 14, 203, 19426 }, // U+FCB3
    { 57, 29, 924, 0, 21, 414, 19629 }, // U+FCB4
    { 57, 22, 924, 0, 21, 314, 20043 }, // U+FCB5
    { 57, 22, 924, 0, 21, 314, 20357 }, // U+FCB6
    { 54, 22, 889, 0, 21, 297, 20671 }, // U+FCB7
    { 48, 28, 788, 0, 27, 336, 20968 }, // U+FCB8
    { 46, 28, 753, 0, 27, 322, 21304 }, // U+FCB9
    { 42, 25, 684, 0, 17, 263, 21626 }, // U+FCBA
    { 40, 18, 649, 0, 17, 180, 21889 }, // U+FCBB
    { 42, 32, 684, 0, 24, 336, 22069 }, // U+FCBC
    { 40, 25, 649, 0, 24, 250, 22405 }, // U+FCBD
    { 39, 34, 650, 0, 26, 332, 22655 }, // U+FCBE
    { 39, 27, 650, 0, 26, 264, 22987 }, // U+FCBF
    { 39, 27, 650, 0, 26, 264, 23251 }, // U+FCC0
    { 37, 27, 615, 0, 26, 250, 23515 }, // U+FCC1
    { 39, 27, 650, 0, 26, 264, 23765 }, // U+FCC2
    { 37, 27, 615, 0, 26, 250, 24029 }, // U+FCC3
    { 40, 35, 629, 0, 27, 350, 24279 }, // U+FCC4
    { 40, 28, 629, 0, 27, 280, 24629 }, // U+FCC5
    { 40, 28, 629, 0, 27, 280, 24909 }, // U+FCC6
    { 28, 28, 427, 0, 27, 196, 25189 }, // U+FCC7
    { 38, 28, 594, 0, 27, 266, 25385 }, // U+FCC8
    { 32, 35, 538, 0, 27, 280, 25651 }, // U+FCC9
    { 32, 28, 538, 0, 27, 224, 25931 }, // U+FCCA
    { 32, 28, 538, 0, 27, 224, 26155 }, // U+FCCB
    { 30, 28, 503, 0, 27, 210, 26379 }, // U+FCCC
    { 27, 36, 460, 0, 27, 243, 26589 }, // U+FCCD
    { 42, 22, 697, 0, 14, 231, 26832 }, // U+FCCE
    { 42, 15, 697, 0, 14, 158, 27063 }, // U+FCCF
    { 42, 22, 697, 0, 21, 231, 27221 }, // U+FCD0
    { 40, 15, 662, 0, 14, 150, 27452 }, // U+FCD1
    { 33, 31, 544, 0, 23, 256, 27602 }, // U+FCD2
    { 33, 24, 544, 0, 23, 198, 27858 }, // U+FCD3
    { 33, 24, 544, 0, 23, 198, 28056 }, // U+FCD4
    { 30, 24, 508, 0, 23, 180, 28254 }, // U+FCD5
    { 28, 32, 466, 0, 23, 224, 28434 }, // U+FCD6
    { 44, 27, 727, 0, 19, 297, 28658 }, // U+FCD7
    { 42, 20, 691, 0, 19, 210, 28955 }, // U+FCD8
    { 20, 31, 344, 0, 30, 155, 29165 }, // U+FCD9
    { 33, 24, 562, 0, 16, 198, 29320 }, // U+FCDA
    { 33, 24, 562, 0, 16, 198, 29518 }, // U+FCDB
    { 33, 29, 562, 0, 21, 240, 29716 }, // U+FCDC
    { 31, 24, 526, 0, 16, 186, 29956 }, // U+FCDD
    { 28, 25, 484, 0, 16, 175, 30142 }, // U+FCDE
    { 37, 23, 553, 0, 22, 213, 30317 }, // U+FCDF
    { 34, 31, 510, 0, 22, 264, 30530 }, // U+FCE0
    { 37, 22, 553, 0, 14, 204, 30794 }, // U+FCE1
    { 34, 25, 510, 0, 16, 213, 30998 }, // U+FCE2
    { 38, 19, 571, 0, 18, 181, 31211 }, // U+FCE3
    { 35, 27, 528, 0, 18, 237, 31392 }, // U+FCE4
    { 38, 24, 571, 0, 23, 228, 0 }, // U+FCE5
    { 35, 32, 528, 0, 23, 280, 228 }, // U+FCE6
    { 56, 15, 857, 0, 14, 210, 508 }, // U+FCE7
    { 53, 25, 814, 0, 16, 332, 718 }, // U+FCE8
    { 56, 26, 857, 0, 25, 364, 1050 }, // U+FCE9
    { 53, 34, 814, 0, 25, 451, 1414 }, // U+FCEA
    { 33, 28, 485, 0, 27, 231, 1865 }, // U+FCEB
    { 43, 28, 652, 0, 27, 301, 2096 }, // U+FCEC
    { 35, 28, 527, 0, 27, 245, 2397 }, // U+FCED
    { 37, 19, 553, 0, 18, 176, 2642 }, // U+FCEE
    { 34, 27, 510, 0, 18, 230, 2818 }, // U+FCEF
    { 38, 22, 571, 0, 14, 209, 3048 }, // U+FCF0
    { 35, 25, 528, 0, 16, 219, 3257 }, // U+FCF1
    { 13, 29, 162, -1, 28, 95, 3476 }, // U+FCF2
    { 14, 33, 162, -2, 32, 116, 3571 }, // U+FCF3
    { 13, 30, 162, -1, 29, 98, 3687 }, // U+FCF4
    { 51, 36, 848, 1, 27, 459, 3785 }, // U+FCF5
    { 51, 44, 848, 1, 27, 561, 4244 }, // U+FCF6
    { 45, 26, 743, 1, 17, 293, 4805 }, // U+FCF7
    { 45, 34, 743, 1, 17, 383, 5098 }, // U+FCF8
    { 45, 33, 743, 1, 24, 372, 5481 }, // U+FCF9
    { 45, 41, 743, 1, 24, 462, 5853 }, // U+FCFA
    { 55, 25, 912, 1, 16, 344, 6315 }, // U+FCFB
    { 55, 33, 912, 1, 16, 454, 6659 }, // U+FCFC
    { 55, 34, 912, 1, 25, 468, 7113 }, // U+FCFD
    { 55, 42, 912, 1, 25, 578, 7581 }, // U+FCFE
    { 48, 23, 795, 1, 14, 276, 8159 }, // U+FCFF
    { 48, 31, 795, 1, 14, 372, 8435 }, // U+FD00
    { 48, 23, 795, 1, 14, 276, 8807 }, // U+FD01
    { 48, 31, 795, 1, 14, 372, 9083 }, // U+FD02
    { 48, 30, 795, 1, 21, 360, 9455 }, // U+FD03
    { 48, 38, 795, 1, 21, 456, 9815 }, // U+FD04
    { 59, 23, 983, 1, 14, 340, 10271 }, // U+FD05
    { 59, 31, 983, 1, 14, 458, 10611 }, // U+FD06
    { 59, 30, 983, 1, 21, 443, 11069 }, // U+FD07
    { 59, 38, 983, 1, 21, 561, 11512 }, // U+FD08
    { 52, 40, 860, 0, 25, 520, 12073 }, // U+FD09
    { 52, 40, 860, 0, 25, 520, 12593 }, // U+FD0A
    { 52, 40, 860, 0, 25, 520, 13113 }, // U+FD0B
    { 49, 40, 808, 0, 25, 490, 13633 }, // U+FD0C
    { 44, 34, 708, -1, 25, 374, 14123 }, // U+FD0D
    { 44, 25, 708, -1, 16, 275, 14497 }, // U+FD0E
    { 49, 23, 779, -1, 14, 282, 14772 }, // U+FD0F
    { 49, 30, 779, -1, 21, 368, 15054 }, // U+FD10
    { 56, 36, 868, 1, 27, 504, 15422 }, // U+FD11
    { 56, 44, 868, 1, 27, 616, 15926 }, // U+FD12
    { 48, 25, 754, 1, 16, 300, 16542 }, // U+FD13
    { 48, 33, 754, 1, 16, 396, 16842 }, // U+FD14
    { 48, 32, 754, 1, 23, 384, 17238 }, // U+FD15
    { 48, 40, 754, 1, 23, 480, 17622 }, // U+FD16
    { 61, 22, 952, 1, 13, 336, 18102 }, // U+FD17
    { 61, 30, 952, 1, 13, 458, 18438 }, // U+FD18
    { 61, 34, 952, 1, 25, 519, 18896 }, // U+FD19
    { 61, 42, 952, 1, 25, 641, 19415 }, // U+FD1A
    { 53, 23, 824, 1, 14, 305, 20056 }, // U+FD1B
    { 53, 31, 824, 1, 14, 411, 20361 }, // U+FD1C
    { 53, 23, 824, 1, 14, 305, 20772 }, // U+FD1D
    { 53, 31, 824, 1, 14, 411, 21077 }, // U+FD1E
    { 53, 30, 824, 1, 21, 398, 21488 }, // U+FD1F
    { 53, 38, 824, 1, 21, 504, 21886 }, // U+FD20
    { 65, 23, 1011, 1, 14, 374, 22390 }, // U+FD21
    { 65, 31, 1011, 1, 14, 504, 22764 }, // U+FD22
    { 65, 30, 1011, 1, 21, 488, 23268 }, // U+FD23
    { 65, 38, 1011, 1, 21, 618, 23756 }, // U+FD24
    { 59, 40, 899, 0, 25, 590, 24374 }, // U+FD25
    { 59, 40, 899, 0, 25, 590, 24964 }, // U+FD26
    { 59, 40, 899, 0, 25, 590, 25554 }, // U+FD27
    { 55, 40, 847, 0, 25, 550, 26144 }, // U+FD28
    { 50, 34, 748, -1, 25, 425, 26694 }, // U+FD29
    { 50, 22, 748, -1, 13, 275, 27119 }, // U+FD2A
    { 54, 23, 807, -1, 14, 311, 27394 }, // U+FD2B
    { 54, 30, 807, -1, 21, 405, 27705 }, // U+FD2C
    { 52, 33, 853, 0, 25, 429, 28110 }, // U+FD2D
    { 52, 26, 853, 0, 25, 338, 28539 }, // U+FD2E
    { 52, 26, 853, 0, 25, 338, 28877 }, // U+FD2F
    { 50, 26, 817, 0, 25, 325, 29215 }, // U+FD30
    { 47, 25, 775, 0, 16, 294, 29540 }, // U+FD31
    { 47, 34, 775, 0, 25, 400, 29834 }, // U+FD32
    { 46, 28, 753, 0, 27, 322, 30234 }, // U+FD33
    { 58, 22, 892, 0, 14, 319, 30556 }, // U+FD34
    { 58, 15, 892, 0, 14, 218, 30875 }, // U+FD35
    { 58, 22, 892, 0, 21, 319, 31093 }, // U+FD36
    { 58, 33, 892, 0, 25, 479, 0 }, // U+FD37
    { 58, 26, 892, 0, 25, 377, 479 }, // U+FD38
    { 58, 26, 892, 0, 25, 377, 856 }, // U+FD39
    { 51, 28, 773, 0, 27, 357, 1233 }, // U+FD3A
    { 51, 28, 773, 0, 27, 357, 1590 }, // U+FD3B
    { 15, 31, 175, 2, 30, 117, 1947 }, // U+FD3C
    { 15, 30, 143, 2, 30, 113, 2064 }, // U+FD3D
    { 15, 36, 257, 0, 27, 135, 2177 }, // U+FD3E
    { 15, 36, 257, 1, 27, 135, 2312 }, // U+FD3F
    { 52, 34, 872, 1, 29, 442, 2447 }, // U+FD40
    { 68, 41, 1129, 1, 32, 697, 2889 }, // U+FD41
    { 74, 41, 1218, 1, 32, 759, 3586 }, // U+FD42
    { 81, 40, 1328, 1, 31, 810, 4345 }, // U+FD43
    { 86, 41, 1409, 1, 32, 882, 5155 }, // U+FD44
    { 84, 42, 1376, 1, 33, 882, 6037 }, // U+FD45
    { 40, 33, 685, 1, 29, 330, 6919 }, // U+FD46
    { 69, 32, 1141, 1, 27, 552, 7249 }, // U+FD47
    { 82, 34, 1348, 1, 29, 697, 7801 }, // U+FD48
    { 62, 34, 1032, 1, 29, 527, 8498 }, // U+FD49
    { 38, 31, 638, 1, 26, 295, 9025 }, // U+FD4A
    { 45, 30, 755, 1, 25, 338, 9320 }, // U+FD4B
    { 50, 33, 841, 1, 27, 413, 9658 }, // U+FD4C
    { 63, 32, 1044, 1, 27, 504, 10071 }, // U+FD4D
    { 50, 38, 841, 1, 29, 475, 10575 }, // U+FD4E
    { 61, 36, 1009, 1, 31, 549, 11050 }, // U+FD4F
    { 55, 31, 890, 0, 23, 427, 11599 }, // U+FD50
    { 65, 33, 995, 0, 18, 537, 12026 }, // U+FD51
    { 58, 31, 926, 0, 23, 450, 12563 }, // U+FD52
    { 55, 24, 890, 0, 23, 330, 13013 }, // U+FD53
    { 55, 24, 890, 0, 23, 330, 13343 }, // U+FD54
    { 55, 31, 890, 0, 23, 427, 13673 }, // U+FD55
    { 55, 24, 890, 0, 23, 330, 14100 }, // U+FD56
    { 55, 24, 890, 0, 23, 330, 14430 }, // U+FD57
    { 72, 31, 1118, 0, 16, 558, 14760 }, // U+FD58
    { 67, 22, 1082, 0, 14, 369, 15318 }, // U+FD59
    { 75, 31, 1171, 1, 14, 582, 15687 }, // U+FD5A
    { 75, 23, 1171, 1, 14, 432, 16269 }, // U+FD5B
    { 76, 24, 1235, 0, 16, 456, 16701 }, // U+FD5C
    { 76, 24, 1235, 0, 16, 456, 17157 }, // U+FD5D
    { 85, 23, 1334, 1, 14, 489, 17613 }, // U+FD5E
    { 80, 31, 1246, 0, 16, 620, 18102 }, // U+FD5F
    { 74, 17, 1199, 0, 16, 315, 18722 }, // U+FD60
    { 74, 24, 1199, 0, 16, 444, 19037 }, // U+FD61
    { 77, 29, 1194, 0, 14, 559, 19481 }, // U+FD62
    { 71, 17, 1164, 0, 16, 302, 20040 }, // U+FD63
    { 86, 31, 1341, 0, 16, 667, 20342 }, // U+FD64
    { 80, 15, 1306, 0, 14, 300, 21009 }, // U+FD65
    { 81, 29, 1253, 0, 14, 588, 21309 }, // U+FD66
    { 79, 40, 1229, 0, 25, 790, 21897 }, // U+FD67
    { 74, 26, 1199, 0, 25, 481, 22687 }, // U+FD68
    { 85, 42, 1334, 1, 25, 893, 23168 }, // U+FD69
    { 80, 40, 1246, 0, 25, 800, 24061 }, // U+FD6A
    { 74, 26, 1199, 0, 25, 481, 24861 }, // U+FD6B
    { 77, 40, 1194, 0, 25, 770, 25342 }, // U+FD6C
    { 71, 26, 1164, 0, 25, 462, 26112 }, // U+FD6D
    { 88, 30, 1393, 1, 21, 660, 26574 }, // U+FD6E
    { 83, 36, 1289, 0, 21, 747, 27234 }, // U+FD6F
    { 78, 22, 1271, 0, 21, 429, 27981 }, // U+FD70
    { 75, 42, 1162, 0, 27, 788, 28410 }, // U+FD71
    { 70, 28, 1135, 0, 27, 490, 29198 }, // U+FD72
    { 68, 28, 1100, 0, 27, 476, 29688 }, // U+FD73
    { 77, 44, 1214, 1, 27, 847, 30164 }, // U+FD74
    { 67, 31, 1032, 0, 16, 520, 31011 }, // U+FD75
    { 65, 31, 997, 0, 16, 504, 31531 }, // U+FD76
    { 62, 18, 995, 0, 17, 279, 0 }, // U+FD77
    { 70, 25, 1101, 1, 16, 438, 279 }, // U+FD78
    { 65, 38, 997, 0, 23, 618, 717 }, // U+FD79
    { 70, 40, 1101, 1, 23, 700, 1335 }, // U+FD7A
    { 70, 32, 1101, 1, 23, 560, 2035 }, // U+FD7B
    { 66, 38, 1016, 0, 23, 627, 2595 }, // U+FD7C
    { 61, 27, 997, 0, 26, 412, 3222 }, // U+FD7D
    { 67, 38, 1033, 0, 23, 637, 3634 }, // U+FD7E
    { 64, 38, 981, 0, 23, 608, 4271 }, // U+FD7F
    { 59, 42, 899, 0, 27, 620, 4879 }, // U+FD80
    { 64, 44, 1004, 1, 27, 704, 5499 }, // U+FD81
    { 64, 36, 1004, 1, 27, 576, 6203 }, // U+FD82
    { 56, 35, 920, 0, 27, 490, 6779 }, // U+FD83
    { 62, 42, 952, 0, 27, 651, 7269 }, // U+FD84
    { 59, 42, 899, 0, 27, 620, 7920 }, // U+FD85
    { 54, 28, 885, 0, 27, 378, 8540 }, // U+FD86
    { 60, 42, 916, 0, 27, 630, 8918 }, // U+FD87
    { 54, 28, 885, 0, 27, 378, 9548 }, // U+FD88
    { 66, 22, 1079, 0, 14, 363, 9926 }, // U+FD89
    { 63, 15, 1044, 0, 14, 237, 10289 }, // U+FD8A
    { 75, 31, 1171, 1, 14, 582, 10526 }, // U+FD8B
    { 66, 22, 1079, 0, 14, 363, 11108 }, // U+FD8C
    { 63, 22, 1044, 0, 14, 347, 11471 }, // U+FD8D
    { 66, 29, 1079, 0, 21, 479, 11818 }, // U+FD8E
    { 63, 22, 1044, 0, 21, 347, 12297 }, // U+FD8F
    { 66, 29, 1079, 0, 21, 479, 12644 }, // U+FD92
    { 66, 27, 1073, 0, 19, 446, 13123 }, // U+FD93
    { 64, 20, 1038, 0, 19, 320, 13569 }, // U+FD94
    { 54, 24, 890, 0, 23, 324, 13889 }, // U+FD95
    { 66, 27, 1030, 1, 18, 446, 14213 }, // U+FD96
    { 60, 33, 925, 0, 18, 495, 14659 }, // U+FD97
    { 54, 31, 890, 0, 23, 419, 15154 }, // U+FD98
    { 66, 27, 1030, 1, 18, 446, 15573 }, // U+FD99
    { 64, 35, 994, 1, 18, 560, 16019 }, // U+FD9A
    { 64, 27, 994, 1, 18, 432, 16579 }, // U+FD9B
    { 59, 29, 908, 0, 14, 428, 17011 }, // U+FD9C
    { 53, 24, 873, 0, 16, 318, 17439 }, // U+FD9D
    { 66, 38, 1030, 1, 21, 627, 17757 }, // U+FD9E
    { 67, 35, 1048, 1, 18, 587, 18384 }, // U+FD9F
    { 67, 27, 1048, 1, 18, 453, 18971 }, // U+FDA0
    { 67, 38, 1048, 1, 21, 637, 19424 }, // U+FDA1
    { 67, 30, 1048, 1, 21, 503, 20061 }, // U+FDA2
    { 65, 35, 1012, 1, 18, 569, 20564 }, // U+FDA3
    { 65, 27, 1012, 1, 18, 439, 21133 }, // U+FDA4
    { 75, 31, 1171, 1, 14, 582, 21572 }, // U+FDA5
    { 72, 23, 1177, 1, 14, 414, 22154 }, // U+FDA6
    { 75, 23, 1171, 1, 14, 432, 22568 }, // U+FDA7
    { 85, 30, 1334, 1, 21, 638, 23000 }, // U+FDA8
    { 88, 31, 1393, 1, 14, 682, 23638 }, // U+FDA9
    { 85, 42, 1334, 1, 25, 893, 24320 }, // U+FDAA
    { 88, 38, 1393, 1, 21, 836, 25213 }, // U+FDAB
    { 64, 44, 1004, 1, 27, 704, 26049 }, // U+FDAC
    { 62, 44, 968, 1, 27, 682, 26753 }, // U+FDAD
    { 67, 31, 1048, 1, 14, 520, 27435 }, // U+FDAE
    { 67, 31, 1048, 1, 14, 520, 27955 }, // U+FDAF
    { 65, 31, 1012, 1, 14, 504, 28475 }, // U+FDB0
    { 72, 31, 1135, 1, 14, 558, 28979 }, // U+FDB1
    { 69, 40, 1085, 1, 23, 690, 29537 }, // U+FDB2
    { 66, 35, 1030, 1, 18, 578, 30227 }, // U+FDB3
    { 61, 27, 997, 0, 26, 412, 30805 }, // U+FDB4
    { 54, 28, 885, 0, 27, 378, 31217 }, // U+FDB5
    { 70, 33, 1101, 1, 16, 578, 0 }, // U+FDB6
    { 70, 44, 1093, 1, 27, 770, 578 }, // U+FDB7
    { 56, 31, 926, 0, 23, 434, 1348 }, // U+FDB8
    { 75, 38, 1171, 1, 21, 713, 1782 }, // U+FDB9
    { 54, 35, 885, 0, 27, 473, 2495 }, // U+FDBA
    { 64, 42, 989, 0, 27, 672, 2968 }, // U+FDBB
    { 59, 42, 899, 0, 27, 620, 3640 }, // U+FDBC
    { 63, 33, 977, 0, 18, 520, 4260 }, // U+FDBD
    { 77, 31, 1206, 1, 14, 597, 4780 }, // U+FDBE
    { 77, 31, 1206, 1, 14, 597, 5377 }, // U+FDBF
    { 75, 31, 1171, 1, 14, 582, 5974 }, // U+FDC0
    { 69, 40, 1085, 1, 23, 690, 6556 }, // U+FDC1
    { 66, 31, 1030, 1, 14, 512, 7246 }, // U+FDC2
    { 60, 28, 941, 0, 27, 420, 7758 }, // U+FDC3
    { 64, 25, 1031, 0, 17, 400, 8178 }, // U+FDC4
    { 76, 15, 1235, 0, 14, 285, 8578 }, // U+FDC5
    { 85, 38, 1334, 1, 21, 808, 8863 }, // U+FDC6
    { 66, 35, 1030, 1, 18, 578, 9671 }, // U+FDC7
    { 52, 31, 874, 1, 26, 403, 10249 }, // U+FDCF
    { 65, 38, 1051, 0, 27, 618, 10652 }, // U+FDF0
    { 47, 38, 778, 0, 27, 447, 11270 }, // U+FDF1
    { 45, 39, 770, 1, 38, 439, 11717 }, // U+FDF2
    { 52, 45, 832, -1, 36, 585, 12156 }, // U+FDF3
    { 82, 33, 1363, 1, 32, 677, 12741 }, // U+FDF4
    { 85, 42, 1372, 0, 27, 893, 13418 }, // U+FDF5
    { 84, 36, 1391, 1, 27, 756, 14311 }, // U+FDF6
    { 61, 35, 997, 1, 27, 534, 15067 }, // U+FDF7
    { 77, 42, 1256, 0, 27, 809, 15601 }, // U+FDF8
    { 71, 36, 1163, 1, 27, 639, 16410 }, // U+FDF9
    { 40, 35, 685, 1, 29, 350, 17049 }, // U+FDFA
    { 38, 38, 611, 0, 29, 361, 17399 }, // U+FDFB
    { 43, 35, 720, 1, 27, 377, 17760 }, // U+FDFC
    { 56, 37, 938, 1, 28, 518, 18137 }, // U+FDFE
    { 36, 30, 613, 1, 25, 270, 18655 }, // U+FDFF
    { 9, 10, 182, 1, 32, 23, 18925 }, // U+FE70
    { 12, 25, 162, 0, 24, 75, 18948 }, // U+FE71
    { 12, 10, 224, 1, 32, 30, 19023 }, // U+FE72
    { 11, 16, 160, 1, 7, 44, 19053 }, // U+FE73
    { 9, 10, 182, 1, -1, 23, 19097 }, // U+FE74
    { 9, 6, 182, 1, 28, 14, 19120 }, // U+FE76
    { 12, 21, 162, 0, 20, 63, 19134 }, // U+FE77
    { 10, 11, 192, 0, 32, 28, 19197 }, // U+FE78
    { 14, 25, 162, -2, 24, 88, 19225 }, // U+FE79
    { 9, 6, 182, 1, -1, 14, 19313 }, // U+FE7A
    { 12, 10, 162, 0, 3, 30, 19327 }, // U+FE7B
    { 12, 8, 194, 0, 30, 24, 19357 }, // U+FE7C
    { 13, 23, 162, -1, 22, 75, 19381 }, // U+FE7D
    { 7, 8, 141, 1, 31, 14, 19456 }, // U+FE7E
    { 12, 24, 162, 0, 23, 72, 19470 }, // U+FE7F
    { 15, 17, 247, 0, 14, 64, 19542 }, // U+FE80
    { 14, 32, 141, -3, 32, 112, 19606 }, // U+FE81
    { 16, 35, 175, -3, 34, 140, 19718 }, // U+FE82
    { 8, 36, 141, 0, 36, 72, 19858 }, // U+FE83
    { 13, 39, 175, 0, 38, 127, 19930 }, // U+FE84
    { 14, 33, 268, 1, 24, 116, 20057 }, // U+FE85
    { 19, 33, 283, 1, 24, 157, 20173 }, // U+FE86
    { 9, 39, 143, 1, 27, 88, 20330 }, // U+FE87
    { 11, 39, 175, 2, 27, 108, 20418 }, // U+FE88
    { 27, 26, 456, 1, 17, 176, 20526 }, // U+FE89
    { 29, 26, 442, 1, 17, 189, 20702 }, // U+FE8A
    { 9, 28, 161, 0, 27, 63, 20891 }, // U+FE8B
    { 15, 23, 206, 0, 22, 87, 20954 }, // U+FE8C
    { 5, 27, 143, 2, 27, 34, 21041 }, // U+FE8D
    { 11, 28, 175, 2, 27, 77, 21075 }, // U+FE8E
    { 35, 25, 596, 1, 16, 219, 21152 }, // U+FE8F
    { 42, 22, 656, 1, 13, 231, 21371 }, // U+FE90
    { 9, 24, 161, 0, 16, 54, 21602 }, // U+FE91
    { 15, 19, 206, 0, 11, 72, 21656 }, // U+FE92
    { 14, 25, 243, 1, 25, 88, 21728 }, // U+FE93
    { 20, 28, 292, 1, 27, 140, 21816 }, // U+FE94
    { 35, 20, 596, 1, 19, 175, 21956 }, // U+FE95
    { 42, 20, 656, 1, 19, 210, 22131 }, // U+FE96
    { 10, 24, 161, 0, 23, 60, 22341 }, // U+FE97
    { 16, 19, 224, 0, 18, 76, 22401 }, // U+FE98
    { 35, 25, 596, 1, 24, 219, 22477 }, // U+FE99
    { 42, 25, 656, 1, 24, 263, 22696 }, // U+FE9A
    { 10, 29, 161, 0, 28, 73, 22959 }, // U+FE9B
    { 16, 24, 224, 0, 23, 96, 23032 }, // U+FE9C
    { 23, 31, 383, 0, 16, 179, 23128 }, // U+FE9D
    { 27, 31, 389, 0, 16, 210, 23307 }, // U+FE9E
    { 21, 22, 353, 0, 14, 116, 23517 }, // U+FE9F
    { 26, 22, 382, 0, 14, 143, 23633 }, // U+FEA0
    { 23, 31, 383, 0, 16, 179, 23776 }, // U+FEA1
    { 27, 31, 389, 0, 16, 210, 23955 }, // U+FEA2
    { 21, 15, 353, 0, 14, 79, 24165 }, // U+FEA3
    { 26, 15, 382, 0, 14, 98, 24244 }, // U+FEA4
    { 23, 38, 383, 0, 23, 219, 24342 }, // U+FEA5
    { 27, 38, 389, 0, 23, 257, 24561 }, // U+FEA6
    { 21, 22, 353, 0, 21, 116, 24818 }, // U+FEA7
    { 26, 22, 382, 0, 21, 143, 24934 }, // U+FEA8
    { 16, 19, 286, 1, 18, 76, 25077 }, // U+FEA9
    { 21, 19, 319, 1, 18, 100, 25153 }, // U+FEAA
    { 16, 26, 286, 1, 25, 104, 25253 }, // U+FEAB
    { 21, 26, 319, 1, 25, 137, 25357 }, // U+FEAC
    { 13, 22, 220, -1, 13, 72, 25494 }, // U+FEAD
    { 18, 22, 238, -1, 13, 99, 25566 }, // U+FEAE
    { 13, 30, 220, -1, 21, 98, 25665 }, // U+FEAF
    { 18, 30, 238, -1, 21, 135, 25763 }, // U+FEB0
    { 43, 25, 725, 1, 16, 269, 25898 }, // U+FEB1
    { 49, 22, 761, 1, 13, 270, 26167 }, // U+FEB2
    { 28, 17, 470, 0, 16, 119, 26437 }, // U+FEB3
    { 34, 14, 510, 0, 13, 119, 26556 }, // U+FEB4
    { 43, 34, 725, 1, 25, 366, 26675 }, // U+FEB5
    { 49, 34, 761, 1, 25, 417, 27041 }, // U+FEB6
    { 28, 26, 470, 0, 25, 182, 27458 }, // U+FEB7
    { 34, 26, 510, 0, 25, 221, 27640 }, // U+FEB8
    { 47, 24, 784, 1, 15, 282, 27861 }, // U+FEB9
    { 52, 24, 811, 1, 15, 312, 28143 }, // U+FEBA
    { 33, 15, 542, 0, 14, 124, 28455 }, // U+FEBB
    { 38, 15, 569, 0, 14, 143, 28579 }, // U+FEBC
    { 47, 31, 784, 1, 22, 365, 28722 }, // U+FEBD
    { 52, 31, 811, 1, 22, 403, 29087 }, // U+FEBE
    { 33, 22, 542, 0, 21, 182, 29490 }, // U+FEBF
    { 38, 22, 569, 0, 21, 209, 29672 }, // U+FEC0
    { 28, 28, 473, 0, 27, 196, 29881 }, // U+FEC1
    { 34, 28, 499, 0, 27, 238, 30077 }, // U+FEC2
    { 24, 28, 406, 0, 27, 168, 30315 }, // U+FEC3
    { 29, 28, 426, 0, 27, 203, 30483 }, // U+FEC4
    { 28, 28, 473, 0, 27, 196, 30686 }, // U+FEC5
    { 34, 28, 499, 0, 27, 238, 30882 }, // U+FEC6
    { 24, 28, 406, 0, 27, 168, 31120 }, // U+FEC7
    { 29, 28, 426, 0, 27, 203, 31288 }, // U+FEC8
    { 22, 34, 304, 0, 19, 187, 0 }, // U+FEC9
    { 22, 31, 319, 0, 16, 171, 187 }, // U+FECA
    { 18, 18, 302, 0, 17, 81, 358 }, // U+FECB
    { 22, 17, 313, 0, 16, 94, 439 }, // U+FECC
    { 22, 41, 304, 0, 26, 226, 533 }, // U+FECD
    { 22, 38, 319, 0, 23, 209, 759 }, // U+FECE
    { 18, 25, 302, 0, 24, 113, 968 }, // U+FECF
    { 22, 24, 313, 0, 23, 132, 1081 }, // U+FED0
    { 35, 27, 590, 1, 26, 237, 1213 }, // U+FED1
    { 43, 24, 659, 1, 23, 258, 1450 }, // U+FED2
    { 16, 27, 268, 0, 26, 108, 1708 }, // U+FED3
    { 21, 24, 297, 0, 23, 126, 1816 }, // U+FED4
    { 27, 31, 464, 1, 23, 210, 1942 }, // U+FED5
    { 32, 31, 485, 1, 20, 248, 2152 }, // U+FED6
    { 16, 27, 268, 0, 26, 108, 2400 }, // U+FED7
    { 21, 24, 297, 0, 23, 126, 2508 }, // U+FED8
    { 30, 28, 529, 1, 27, 210, 2634 }, // U+FED9
    { 36, 28, 553, 1, 27, 252, 2844 }, // U+FEDA
    { 16, 28, 247, 0, 27, 112, 3096 }, // U+FEDB
    { 21, 28, 305, 0, 27, 147, 3208 }, // U+FEDC
    { 23, 36, 417, 1, 27, 207, 3355 }, // U+FEDD
    { 29, 36, 438, 1, 27, 261, 3562 }, // U+FEDE
    { 8, 28, 156, 0, 27, 56, 3823 }, // U+FEDF
    { 14, 28, 180, 0, 27, 98, 3879 }, // U+FEE0
    { 17, 30, 290, 0, 15, 128, 3977 }, // U+FEE1
    { 23, 29, 337, 0, 14, 167, 4105 }, // U+FEE2
    { 18, 15, 315, 0, 14, 68, 4272 }, // U+FEE3
    { 24, 15, 347, 0, 14, 90, 4340 }, // U+FEE4
    { 23, 28, 411, 1, 19, 161, 4430 }, // U+FEE5
    { 29, 28, 438, 1, 19, 203, 4591 }, // U+FEE6
    { 9, 24, 161, 0, 23, 54, 4794 }, // U+FEE7
    { 15, 19, 206, 0, 18, 72, 4848 }, // U+FEE8
    { 14, 18, 243, 1, 18, 63, 4920 }, // U+FEE9
    { 20, 21, 292, 1, 20, 105, 4983 }, // U+FEEA
    { 20, 20, 344, 0, 19, 100, 5088 }, // U+FEEB
    { 21, 25, 304, 0, 16, 132, 5188 }, // U+FEEC
    { 14, 22, 268, 1, 13, 77, 5320 }, // U+FEED
    { 19, 22, 283, 1, 13, 105, 5397 }, // U+FEEE
    { 27, 25, 456, 1, 16, 169, 5502 }, // U+FEEF
    { 29, 16, 442, 1, 7, 116, 5671 }, // U+FEF0
    { 27, 33, 456, 1, 16, 223, 5787 }, // U+FEF1
    { 29, 24, 442, 1, 7, 174, 6010 }, // U+FEF2
    { 10, 24, 179, -1, 16, 60, 6184 }, // U+FEF3
    { 16, 19, 224, 0, 11, 76, 6244 }, // U+FEF4
    { 23, 28, 349, -3, 28, 161, 6320 }, // U+FEF5
    { 27, 29, 359, -2, 28, 196, 6481 }, // U+FEF6
    { 21, 32, 349, -1, 32, 168, 6677 }, // U+FEF7
    { 25, 33, 359, 0, 32, 207, 6845 }, // U+FEF8
    { 19, 39, 349, 1, 27, 186, 7052 }, // U+FEF9
    { 24, 39, 359, 1, 27, 234, 7238 }, // U+FEFA
    { 19, 27, 349, 1, 27, 129, 7472 }, // U+FEFB
    { 24, 28, 359, 1, 27, 168, 7601 }, // U+FEFC
    { 0, 0, 0, 0, 0, 0, 7769 }, // U+FEFF
    { 35, 35, 600, 1, 29, 307, 0 }, // U+FFFD
    { 26, 10, 0, 0, -1, 65, 0 }, // U+10EFD
    { 26, 14, 0, -1, -1, 91, 65 }, // U+10EFE
    { 15, 8, 0, 0, -1, 30, 156 }, // U+10EFF
};

static const EpdUnicodeInterval arabic_18_regularIntervals[] = {
    { 0x600, 0x6FF, 0x0 },
    { 0x750, 0x77F, 0x100 },
    { 0x870, 0x88E, 0x130 },
    { 0x890, 0x891, 0x14F },
    { 0x898, 0x8FF, 0x151 },
    { 0xFB50, 0xFBC2, 0x1B9 },
    { 0xFBD3, 0xFD8F, 0x22C },
    { 0xFD92, 0xFDC7, 0x3E9 },
    { 0xFDCF, 0xFDCF, 0x41F },
    { 0xFDF0, 0xFDFC, 0x420 },
    { 0xFDFE, 0xFDFF, 0x42D },
    { 0xFE70, 0xFE74, 0x42F },
    { 0xFE76, 0xFEFC, 0x434 },
    { 0xFEFF, 0xFEFF, 0x4BB },
    { 0xFFFD, 0xFFFD, 0x4BC },
    { 0x10EFD, 0x10EFF, 0x4BD },
};

static const EpdFontGroup arabic_18_regularGroups[] = {
    { 0, 6380, 32667, 207, 0 },
    { 6380, 7786, 32664, 236, 207 },
    { 14166, 6264, 32427, 175, 443 },
    { 20430, 4734, 32598, 94, 618 },
    { 25164, 5207, 32738, 118, 712 },
    { 30371, 3943, 32338, 82, 830 },
    { 34314, 8193, 32760, 64, 912 },
    { 42507, 4332, 32258, 61, 976 },
    { 46839, 8017, 32701, 122, 1037 },
    { 54856, 2839, 8283, 53, 1159 },
    { 57695, 166, 315, 1, 1212 },
    { 57861, 154, 200, 3, 1213 },
};

static const EpdKernClassEntry arabic_18_regularKernLeftClasses[] = {
    { 0x0660, 1 }, // U+0660
    { 0x0662, 2 }, // U+0662
    { 0x0664, 3 }, // U+0664
    { 0x0665, 4 }, // U+0665
    { 0x0667, 5 }, // U+0667
    { 0x0692, 6 }, // U+0692
    { 0x0693, 6 }, // U+0693
    { 0x0695, 6 }, // U+0695
    { 0x06EF, 6 }, // U+06EF
    { 0x06F1, 7 }, // U+06F1
    { 0x06F2, 2 }, // U+06F2
    { 0x06F3, 2 }, // U+06F3
    { 0x06F4, 2 }, // U+06F4
    { 0x06F5, 8 }, // U+06F5
    { 0x06F7, 9 }, // U+06F7
    { 0x06F8, 10 }, // U+06F8
    { 0x075B, 6 }, // U+075B
    { 0xFB8C, 6 }, // U+FB8C
    { 0xFEAD, 6 }, // U+FEAD
    { 0xFEAE, 6 }, // U+FEAE
    { 0xFEAF, 6 }, // U+FEAF
};

static const EpdKernClassEntry arabic_18_regularKernRightClasses[] = {
    { 0x0647, 1 }, // U+0647
    { 0x0660, 2 }, // U+0660
    { 0x0665, 3 }, // U+0665
    { 0x0666, 4 }, // U+0666
    { 0x0667, 5 }, // U+0667
    { 0x066F, 6 }, // U+066F
    { 0x06A1, 6 }, // U+06A1
    { 0x06AA, 1 }, // U+06AA
    { 0x06F5, 7 }, // U+06F5
    { 0x06F8, 8 }, // U+06F8
    { 0x06F9, 9 }, // U+06F9
    { 0xFB8E, 1 }, // U+FB8E
    { 0xFBA6, 1 }, // U+FBA6
    { 0xFBAA, 1 }, // U+FBAA
    { 0xFE8D, 10 }, // U+FE8D
    { 0xFEA3, 1 }, // U+FEA3
    { 0xFEA9, 6 }, // U+FEA9
    { 0xFEB1, 6 }, // U+FEB1
    { 0xFEB3, 6 }, // U+FEB3
    { 0xFEB9, 6 }, // U+FEB9
    { 0xFEBB, 6 }, // U+FEBB
    { 0xFEC1, 6 }, // U+FEC1
    { 0xFEC3, 6 }, // U+FEC3
    { 0xFECB, 10 }, // U+FECB
    { 0xFEDB, 1 }, // U+FEDB
    { 0xFEDF, 10 }, // U+FEDF
    { 0xFEE1, 1 }, // U+FEE1
    { 0xFEE3, 1 }, // U+FEE3
    { 0xFEE9, 1 }, // U+FEE9
    { 0xFEEB, 1 }, // U+FEEB
};

static const int8_t arabic_18_regularKernMatrix[] = {
       0,    0,    0,  -42,  -12,    0,    0,  -12,    0,    0,
       0,  -30,  -66,    0,    0,    0,  -30,  -30,   12,    0,
       0,    0,    0,  -27,  -18,    0,    0,    0,    0,    0,
       0,    0,    0,  -36,  -18,    0,    0,    0,    0,    0,
       0,  -12,  -18,   15,    0,    0,    0,  -27,   12,    0,
     -24,    0,    0,    0,    0,  -18,    0,    0,    0,  -15,
       0,    0,    0,  -12,    0,    0,    0,    0,    0,    0,
       0,    0,    0,  -36,    0,    0,    0,    0,    0,    0,
       0,    0,    0,   15,    0,    0,    0,  -27,    0,    0,
       0,  -12,    0,  -39,  -24,    0,    0,    0,  -12,    0,
};

static const EpdFontData arabic_18_regular = {
    arabic_18_regularBitmaps,
    arabic_18_regularGlyphs,
    arabic_18_regularIntervals,
    16,
    51,
    41,
    -11,
    true,
    arabic_18_regularGroups,
    12,
    nullptr,
    arabic_18_regularKernLeftClasses,
    arabic_18_regularKernRightClasses,
    arabic_18_regularKernMatrix,
    21,
    30,
    10,
    10,
    nullptr,
    0,
};
