/**
 * generated by fontconvert.py
 * name: arabic_12_regular
 * size: 12
 * mode: 2-bit  compressed: true
 * Command used: C:\Users\fatiha\Documents\side\lib\EpdFont\scripts\fontconvert.py arabic_12_regular 12 C:\Users\fatiha\Documents\side\lib\EpdFont\builtinFonts\source\NotoSansArabic\NotoSansArabic-Regular.ttf C:\Users\fatiha\Documents\side\lib\EpdFont\builtinFonts\source\NotoSans\NotoSans-Regular.ttf --only-additional-intervals --2bit --compress --pnum --group-max-uncompressed-bytes 32768 --additional-intervals 0x0600,0x06FF --additional-intervals 0x0750,0x077F --additional-intervals 0x0870,0x08FF --additional-intervals 0x10EC0,0x10EFF --additional-intervals 0x1EE00,0x1EEFF --additional-intervals 0xFB50,0xFDFF --additional-intervals 0xFE70,0xFEFF --additional-intervals 0xFFFD,0xFFFD
 */
#pragma once
#include "EpdFontData.h"

static const uint8_t arabic_12_regularBitmaps[31558] = {
    0xE5, 0x3D, 0x0D, 0x6C, 0x23, 0xD5, 0x99, 0xDF, 0xCC, 0xC4, 0x99, 0x4D, 0xBC, 0xD9, 0x49, 0x91,
    0x97, 0x06, 0x36, 0x89, 0x73, 0x6D, 0x38, 0x79, 0xE9, 0x26, 0x36, 0x22, 0x85, 0x1C, 0xD8, 0xF1,
    0x03, 0xA9, 0x50, 0x01, 0xD7, 0x0B, 0xD2, 0xEE, 0x5E, 0x05, 0xAD, 0x2E, 0xD2, 0x21, 0x5D, 0xD5,
    0xF6, 0xD8, 0x40, 0x53, 0x91, 0x82, 0xB3, 0x9E, 0x2E, 0xA7, 0x72, 0x2A, 0x3D, 0xD5, 0x2D, 0x87,
    0xD4, 0x93, 0x40, 0x4D, 0x7B, 0x50, 0x4A, 0x68, 0xBB, 0x69, 0xE5, 0x5E, 0x83, 0x2E, 0xBB, 0x1E,
    0x8A, 0x4E, 0x95, 0x8E, 0x3D, 0x61, 0xA8, 0xD4, 0xD3, 0x95, 0x3B, 0x75, 0x68, 0xA1, 0x1C, 0x0B,
    0x2D, 0xEE, 0xE1, 0x6B, 0xBD, 0x25, 0xCE, 0xDC, 0xF7, 0x7D, 0xEF, 0x8D, 0xED, 0x38, 0xFF, 0x59,
    0xDB, 0xD9, 0xEA, 0x6C, 0xCF, 0x1B, 0xFF, 0xCC, 0x7C, 0xEF, 0xBD, 0xEF, 0x7D, 0xEF, 0xFB, 0x7F,
    0xCF, 0x00, 0xF4, 0xE8, 0xE6, 0x12, 0xF4, 0x82, 0x3C, 0x9B, 0x79, 0x79, 0xB6, 0x40, 0x9D, 0xAF,
    0x83, 0xB4, 0xC7, 0x0F, 0x48, 0xF2, 0xE9, 0x5C, 0xE5, 0x16, 0x80, 0x81, 0xC5, 0x83, 0x47, 0xF0,
    0x71, 0x74, 0x4E, 0x4C, 0x7A, 0xEA, 0x2A, 0xE7, 0xEE, 0xE7, 0x7E, 0x3B, 0x87, 0x8F, 0xC7, 0x8F,
    0x3A, 0xE9, 0x13, 0xB6, 0x04, 0xED, 0x0C, 0xAB, 0xEB, 0x0D, 0xE1, 0xDF, 0xA9, 0xF9, 0x6F, 0xC2,
    0x2E, 0x9F, 0xC6, 0x8A, 0x7C, 0x9A, 0x9A, 0xE2, 0xD3, 0xF4, 0x3C, 0x9F, 0x64, 0x85, 0x4B, 0x41,
    0x3E, 0x95, 0xD4, 0x0D, 0xD3, 0x3E, 0x2C, 0x4F, 0x9D, 0x9F, 0xFB, 0x22, 0xEC, 0xA7, 0x56, 0xFC,
    0xF9, 0xAF, 0xC3, 0x7E, 0x53, 0x97, 0xE1, 0x72, 0x6A, 0xC3, 0x37, 0x8F, 0xB9, 0x50, 0xFB, 0x18,
    0xAF, 0x79, 0xAF, 0x15, 0x6A, 0x7F, 0xA9, 0xF9, 0xA0, 0x41, 0xB1, 0xFA, 0x21, 0x28, 0x16, 0xFC,
    0x77, 0x45, 0xFC, 0xE0, 0xD7, 0x1D, 0x5D, 0x46, 0xFC, 0x8C, 0xAA, 0x0F, 0xF1, 0xB0, 0x13, 0xAE,
    0xB4, 0x6A, 0x4A, 0x3F, 0x97, 0xFB, 0x89, 0x0F, 0x6D, 0x0A, 0xD2, 0xBF, 0xF3, 0xF2, 0x95, 0x76,
    0xB7, 0xDB, 0x1F, 0x07, 0xB8, 0x38, 0x47, 0xED, 0x5B, 0x94, 0x60, 0x64, 0x6B, 0x3D, 0xC6, 0x4A,
    0xFA, 0x71, 0xFE, 0xEE, 0x76, 0x51, 0x33, 0x28, 0x2B, 0x1F, 0xE6, 0x32, 0xFF, 0x36, 0x6E, 0x79,
    0xCB, 0x8F, 0x1F, 0x39, 0x9A, 0x73, 0x87, 0xDA, 0xB9, 0xAF, 0x62, 0x14, 0xB4, 0xDB, 0xE6, 0x1E,
    0xAE, 0x5E, 0x47, 0x37, 0x4F, 0xED, 0xB9, 0x05, 0xE2, 0x5D, 0x8F, 0xC2, 0x90, 0xB5, 0x04, 0xFD,
    0x9D, 0x38, 0x8C, 0x78, 0x98, 0x37, 0x69, 0x87, 0x0D, 0xC7, 0x5A, 0xD2, 0xF3, 0xE1, 0xC3, 0x9A,
    0x1B, 0xC7, 0x5E, 0x63, 0xAB, 0xB3, 0xD8, 0xD8, 0x04, 0xA2, 0x29, 0xEA, 0xE0, 0x58, 0xE0, 0x61,
    0x61, 0x1D, 0x41, 0x39, 0x40, 0xDD, 0x78, 0x4C, 0x21, 0x1D, 0xC4, 0x7B, 0x01, 0x86, 0xF6, 0x01,
    0xF4, 0xE3, 0xD9, 0x1A, 0xB6, 0xC1, 0xBC, 0xE1, 0xBA, 0x6D, 0xC1, 0x59, 0xF1, 0x98, 0x97, 0x2D,
    0x24, 0x1C, 0x1B, 0x65, 0x46, 0x9B, 0xE5, 0x01, 0xC2, 0x80, 0xFE, 0xA0, 0x4D, 0xA7, 0xB8, 0xE1,
    0x1C, 0xD2, 0x8A, 0x7C, 0x8A, 0x96, 0x20, 0x61, 0xE4, 0x53, 0xC7, 0x8B, 0x84, 0xA8, 0xD2, 0x78,
    0x01, 0x90, 0x10, 0x32, 0x34, 0x6E, 0x86, 0xC3, 0x23, 0x66, 0x22, 0x79, 0x15, 0x25, 0xA5, 0x9E,
    0x02, 0x38, 0x4E, 0x04, 0xF3, 0xEA, 0xED, 0x25, 0x86, 0x28, 0xB1, 0x7E, 0xF2, 0x31, 0x55, 0x69,
    0x17, 0xE4, 0x21, 0x79, 0x7D, 0x1E, 0xC2, 0x78, 0x67, 0x5B, 0x50, 0xC8, 0x7B, 0xFA, 0xA9, 0x36,
    0x45, 0x50, 0x08, 0x4D, 0x73, 0x25, 0x60, 0xC3, 0xA6, 0x61, 0xC7, 0x4B, 0x34, 0x10, 0x43, 0xC1,
    0xFB, 0xF3, 0x71, 0xEB, 0xDF, 0x0B, 0x59, 0xE3, 0xB3, 0x4E, 0x65, 0x48, 0x08, 0x18, 0x43, 0x63,
    0x70, 0x12, 0x9E, 0x9C, 0x2E, 0xFD, 0xA0, 0x40, 0x4A, 0x72, 0x20, 0x32, 0x20, 0xA8, 0x0C, 0x96,
    0xE1, 0x82, 0xBC, 0x16, 0x21, 0x13, 0xE8, 0x17, 0x0A, 0x08, 0xFB, 0x7F, 0x4A, 0x04, 0x7C, 0x5E,
    0x42, 0x1F, 0x00, 0x58, 0x24, 0xB2, 0x51, 0x8F, 0x10, 0x68, 0x9E, 0x30, 0xDE, 0x70, 0x82, 0xD7,
    0xBB, 0x16, 0x14, 0xE8, 0x25, 0x0A, 0x41, 0xAF, 0xA0, 0x7B, 0x05, 0xD0, 0x5D, 0x38, 0xE0, 0xE4,
    0x3C, 0xF0, 0x5E, 0xF1, 0x87, 0x1C, 0x11, 0x3B, 0xA9, 0x5E, 0x6D, 0x87, 0xE2, 0x0B, 0xA7, 0x52,
    0x00, 0x83, 0x90, 0x82, 0x82, 0x9E, 0x37, 0x6D, 0x0B, 0xFA, 0xB0, 0x5D, 0x83, 0x8A, 0xAE, 0xCC,
    0x65, 0x49, 0x7C, 0xD4, 0xA0, 0xB8, 0x49, 0x6D, 0x9B, 0x32, 0x08, 0x5F, 0xD3, 0x3A, 0x95, 0x63,
    0xD8, 0x5A, 0xAD, 0x10, 0xF5, 0xCE, 0xCE, 0x79, 0x85, 0x76, 0xA6, 0x2F, 0x08, 0xDC, 0xF6, 0x38,
    0xB6, 0x7B, 0x3F, 0x1E, 0x1A, 0x21, 0xD6, 0xF8, 0x3D, 0xDE, 0x69, 0xD9, 0x7E, 0xAF, 0x65, 0x61,
    0xB7, 0x21, 0xE0, 0x97, 0x71, 0x1C, 0x74, 0xAF, 0x8C, 0x9F, 0x73, 0x74, 0x71, 0xC9, 0xE7, 0x27,
    0x44, 0x0C, 0x10, 0x86, 0x63, 0x19, 0x18, 0x0A, 0x7A, 0x4B, 0x30, 0x94, 0xCC, 0x1C, 0x87, 0xE1,
    0x12, 0xDE, 0x19, 0x75, 0xB1, 0x08, 0xDB, 0x54, 0x38, 0x30, 0x0C, 0xC9, 0x73, 0x81, 0x25, 0xC8,
    0xE6, 0xB0, 0x7F, 0x93, 0xED, 0xD4, 0xC8, 0x50, 0xF7, 0xF2, 0x95, 0x0F, 0x26, 0xBF, 0x73, 0xCD,
    0x63, 0x31, 0x6A, 0x79, 0xA8, 0xBB, 0x74, 0x85, 0x33, 0x56, 0xBE, 0xE6, 0xB1, 0x11, 0xFC, 0x14,
    0xDA, 0x93, 0xFE, 0x82, 0xF5, 0xA7, 0xA3, 0x5D, 0xF3, 0xA9, 0x2F, 0xB9, 0x7B, 0x70, 0x50, 0x42,
    0x03, 0xDD, 0xDE, 0xE4, 0xD5, 0x0F, 0xC4, 0x92, 0xDF, 0x89, 0x5D, 0xF3, 0x64, 0x61, 0x24, 0x68,
    0xAB, 0xF1, 0x32, 0x7A, 0xD3, 0x5E, 0xE9, 0xE3, 0x8F, 0x65, 0xDA, 0xA0, 0x17, 0x7A, 0xC7, 0xC3,
    0x4B, 0xFD, 0x87, 0x66, 0x16, 0x73, 0x38, 0x28, 0xDA, 0x07, 0x41, 0xFB, 0x4F, 0xD0, 0xCE, 0xA8,
    0x57, 0xF4, 0x0B, 0xF0, 0x4A, 0x1B, 0x52, 0xD3, 0x78, 0x94, 0x49, 0xA7, 0x0D, 0x47, 0x59, 0x03,
    0x13, 0x0C, 0x7C, 0x5A, 0xC0, 0xB3, 0xF5, 0xC0, 0x39, 0xEC, 0x44, 0x58, 0x5C, 0xE5, 0x5C, 0xE5,
    0x84, 0x45, 0x5C, 0x7D, 0xA3, 0x09, 0xC3, 0x0E, 0x0A, 0x6C, 0x3D, 0x44, 0xE1, 0xA0, 0x1A, 0xB5,
    0x31, 0x48, 0xE2, 0xD1, 0xA6, 0x30, 0x1D, 0xF5, 0x9C, 0x19, 0xA3, 0x90, 0x85, 0xC2, 0x3C, 0x8C,
    0x67, 0x01, 0x90, 0x9D, 0x24, 0x08, 0x15, 0x10, 0x74, 0x88, 0x2C, 0x10, 0xE3, 0x44, 0x21, 0x2F,
    0x03, 0xE0, 0x68, 0x78, 0x0E, 0xE4, 0x6C, 0xC4, 0x82, 0x06, 0x41, 0xDB, 0xB4, 0x07, 0x27, 0x52,
    0xA5, 0xC8, 0x24, 0xD1, 0x8C, 0x67, 0x27, 0xBD, 0xC2, 0x0C, 0x4C, 0xE0, 0xBD, 0x55, 0x08, 0x82,
    0x30, 0x8B, 0x13, 0x05, 0x87, 0x98, 0x48, 0xEE, 0x90, 0x4F, 0x33, 0x71, 0x9E, 0x09, 0x33, 0x20,
    0x1B, 0x10, 0x20, 0xC4, 0xA7, 0xF1, 0x2A, 0x7D, 0x79, 0xDE, 0x1F, 0x8B, 0x0A, 0xA5, 0x62, 0x2B,
    0x86, 0xC0, 0xCA, 0xE3, 0x2D, 0xC6, 0x32, 0xDD, 0x77, 0xCC, 0xC1, 0xC2, 0xA0, 0x09, 0xAD, 0x53,
    0x61, 0x3A, 0x51, 0xA4, 0x12, 0x61, 0xBD, 0x7A, 0xB4, 0x8C, 0xCC, 0xD6, 0xC3, 0x66, 0xBE, 0xEF,
    0x1C, 0x71, 0x73, 0x9E, 0xBA, 0xBD, 0xD4, 0x3B, 0x2A, 0x74, 0x9F, 0x2F, 0x6B, 0xA7, 0x20, 0x58,
    0xA6, 0x91, 0x1E, 0x26, 0xB0, 0x04, 0xDC, 0xFA, 0x9C, 0x63, 0x78, 0xCE, 0xB1, 0x32, 0xA4, 0x05,
    0x0D, 0x5F, 0xA7, 0x80, 0xE4, 0x3B, 0x76, 0xF7, 0x9D, 0x35, 0x3C, 0x77, 0x3B, 0xAF, 0x00, 0xA2,
    0x75, 0x1E, 0x9F, 0x63, 0xCE, 0x69, 0xD1, 0xCD, 0xFD, 0xD8, 0xF8, 0x89, 0xDC, 0xDE, 0x28, 0x40,
    0x27, 0x73, 0x21, 0xE3, 0x4D, 0x08, 0xBE, 0x82, 0x10, 0xE8, 0x4B, 0x73, 0x09, 0xC2, 0x39, 0x88,
    0x5B, 0x62, 0xD4, 0xB4, 0xA7, 0x0D, 0x3B, 0x65, 0x38, 0x49, 0xCF, 0x09, 0x23, 0xFA, 0xB1, 0xE9,
    0x61, 0xE2, 0x24, 0xC7, 0x8A, 0x34, 0x18, 0x77, 0x00, 0x32, 0xF8, 0xF8, 0x06, 0xCF, 0x04, 0xF6,
    0x72, 0x88, 0x50, 0x5C, 0x69, 0x57, 0x8E, 0xDA, 0xD5, 0x2D, 0x51, 0x14, 0x10, 0x28, 0xEB, 0xD2,
    0x45, 0x43, 0x20, 0xE2, 0xB5, 0x5F, 0x23, 0xE2, 0x8D, 0x92, 0x45, 0xCC, 0x70, 0x87, 0x88, 0x7F,
    0x1D, 0x5B, 0x13, 0x5F, 0xF1, 0x48, 0x0C, 0x0D, 0xD5, 0x70, 0x55, 0xC9, 0x32, 0x52, 0x4C, 0x96,
    0x71, 0x2E, 0x87, 0xB8, 0xEC, 0xAF, 0x29, 0x87, 0x92, 0x34, 0x27, 0x97, 0xAC, 0xE5, 0xB9, 0x39,
    0xE2, 0x21, 0x72, 0x66, 0xCF, 0x1D, 0xA9, 0x97, 0x32, 0x3A, 0x0B, 0x6D, 0x66, 0x08, 0xA0, 0xE1,
    0x7B, 0x3D, 0x00, 0xC1, 0xAF, 0xA2, 0xEC, 0xF0, 0x7F, 0xB7, 0x49, 0x55, 0xD0, 0x96, 0xC0, 0x78,
    0x0B, 0xAC, 0xA0, 0xE8, 0x37, 0x9C, 0xB8, 0xEE, 0xC4, 0xB5, 0x7C, 0x5C, 0xCF, 0x8F, 0x61, 0xC3,
    0x3D, 0x61, 0xD2, 0xF4, 0xDF, 0x33, 0x48, 0x97, 0x0E, 0xA7, 0xA8, 0xEC, 0x8B, 0x34, 0xA8, 0x91,
    0xA2, 0xDA, 0x30, 0xE6, 0xA8, 0x4D, 0xA8, 0x25, 0x80, 0x2A, 0x42, 0x12, 0x3F, 0x8C, 0xE5, 0xCE,
    0x8D, 0x83, 0x96, 0x2B, 0x22, 0xC3, 0x2B, 0x40, 0x18, 0x79, 0xEC, 0x69, 0x20, 0x6A, 0x62, 0xAE,
    0x17, 0xAE, 0x91, 0x1B, 0x59, 0x14, 0x47, 0x7C, 0x00, 0x4F, 0x4C, 0x9A, 0x8C, 0x40, 0xB0, 0xAD,
    0x73, 0x81, 0x05, 0x9D, 0x74, 0x96, 0x03, 0xCB, 0x62, 0xDB, 0x30, 0x6B, 0x8E, 0xF5, 0x60, 0x82,
    0x2E, 0x88, 0x4E, 0x94, 0x54, 0x91, 0x8F, 0xA6, 0xD4, 0x13, 0x90, 0xCC, 0xCA, 0x26, 0xBC, 0x6B,
    0x72, 0x2A, 0x2E, 0xF0, 0xED, 0xA9, 0x1E, 0x28, 0x21, 0x5B, 0x3A, 0xC0, 0x52, 0x84, 0x04, 0x57,
    0x89, 0x85, 0x8F, 0x6A, 0xCA, 0xD6, 0xEE, 0x6A, 0x63, 0x56, 0x36, 0xCC, 0x3C, 0x09, 0x25, 0xA3,
    0x29, 0x48, 0xA4, 0x63, 0x69, 0xF1, 0xED, 0x29, 0x9A, 0x47, 0xD1, 0x3C, 0xA4, 0x49, 0x90, 0xF9,
    0x55, 0x54, 0x64, 0xE3, 0xB6, 0xEE, 0x5D, 0xF1, 0x08, 0xC2, 0x4A, 0x0D, 0x97, 0x65, 0x72, 0x1C,
    0xA6, 0x4D, 0x5B, 0x9E, 0x99, 0xB6, 0x86, 0x20, 0x6B, 0x38, 0x43, 0xC4, 0x28, 0x8B, 0x06, 0xCD,
    0xCE, 0xF0, 0x75, 0x25, 0x93, 0xF4, 0x13, 0x8B, 0x14, 0x61, 0x3E, 0xFF, 0x59, 0x99, 0xCE, 0xBE,
    0xC8, 0x4F, 0xB0, 0x48, 0x05, 0x29, 0x2A, 0xAC, 0x57, 0x6F, 0x67, 0x15, 0x10, 0xB1, 0xC8, 0x74,
    0xCA, 0xF3, 0xD7, 0x7F, 0x28, 0x15, 0x58, 0x57, 0xAA, 0xA9, 0xA6, 0xCE, 0x1D, 0x3D, 0x4A, 0x1F,
    0x4E, 0xC8, 0x73, 0x67, 0xEF, 0x05, 0xD6, 0x6E, 0x66, 0x9F, 0xD4, 0x60, 0x4F, 0xB6, 0x38, 0xF8,
    0xCE, 0x12, 0x83, 0x48, 0x8A, 0x04, 0x9F, 0x4B, 0x34, 0x18, 0xA8, 0xB0, 0xB9, 0xD0, 0x47, 0xEC,
    0x1F, 0x07, 0x9F, 0x66, 0x5F, 0xF8, 0x2D, 0x54, 0x03, 0xB8, 0xDE, 0xB3, 0x1E, 0xF1, 0x36, 0xEB,
    0x18, 0xCE, 0x35, 0xAE, 0xFF, 0xC8, 0x76, 0xEB, 0xEF, 0xA9, 0xC8, 0x57, 0xF9, 0xE8, 0x85, 0xB5,
    0x1F, 0xBB, 0xD8, 0xCE, 0xD1, 0x8A, 0x02, 0xB8, 0x59, 0x11, 0x22, 0xD5, 0x0B, 0xEF, 0x8E, 0x47,
    0x71, 0x92, 0x26, 0xCA, 0xA8, 0x79, 0x24, 0x0B, 0x38, 0x41, 0xA2, 0x36, 0x16, 0x63, 0xA4, 0xD6,
    0xA6, 0xC0, 0x74, 0xD3, 0xCB, 0x4F, 0x79, 0x76, 0x9A, 0x4D, 0xAE, 0xC0, 0xE1, 0xB5, 0xC0, 0xF7,
    0x00, 0x0B, 0x22, 0x2C, 0x0E, 0x35, 0x00, 0x3C, 0xF6, 0xD4, 0x44, 0x5B, 0xC4, 0x3A, 0x2B, 0x71,
    0x1C, 0x57, 0xC7, 0x18, 0xCA, 0xB4, 0xF0, 0xE7, 0xD0, 0xFC, 0xF1, 0x8A, 0xA0, 0x97, 0xA5, 0x16,
    0x81, 0xEA, 0x07, 0xA3, 0x24, 0xB5, 0x1E, 0x1F, 0x61, 0x2C, 0x05, 0xE6, 0x11, 0x43, 0x05, 0x38,
    0xF0, 0x7B, 0x41, 0x0D, 0x62, 0x60, 0x91, 0x9A, 0x81, 0x6A, 0x66, 0x7D, 0x3E, 0xBD, 0x68, 0x3C,
    0x70, 0xD6, 0x87, 0xE5, 0x84, 0x61, 0x03, 0xD0, 0xE4, 0xB1, 0x4B, 0x92, 0x1C, 0x21, 0xF0, 0x08,
    0x9C, 0x45, 0xCA, 0x71, 0x6E, 0x93, 0x34, 0xF7, 0xE4, 0x7B, 0x8B, 0x07, 0x17, 0x59, 0x27, 0xB5,
    0x6A, 0x89, 0xCB, 0x04, 0x97, 0x16, 0x97, 0x41, 0x21, 0x4B, 0xE2, 0x99, 0x61, 0x40, 0x59, 0xF2,
    0xD4, 0x32, 0x51, 0x04, 0x69, 0xE4, 0x81, 0xB9, 0xC3, 0xB5, 0x26, 0x67, 0x4B, 0x6B, 0xAC, 0xD8,
    0xB1, 0x2F, 0x12, 0x5F, 0xD0, 0x5F, 0x63, 0x90, 0x27, 0x18, 0x23, 0x52, 0x49, 0x4C, 0xF8, 0xFC,
    0x53, 0x31, 0xEC, 0x12, 0x2A, 0x2B, 0xA8, 0x0A, 0xA3, 0xB2, 0xF2, 0x21, 0x54, 0x56, 0x0C, 0xF3,
    0xBC, 0xB5, 0x44, 0x39, 0x19, 0x94, 0xEA, 0xA9, 0xDF, 0x80, 0x40, 0xCD, 0xE7, 0x6F, 0x44, 0x0D,
    0xE8, 0xC1, 0xF3, 0x05, 0xDA, 0x2D, 0xF1, 0x85, 0x90, 0xB3, 0x8D, 0x85, 0x9C, 0x5B, 0xF6, 0xBC,
    0x5A, 0xE6, 0x21, 0x59, 0x6C, 0xE7, 0x2A, 0xD6, 0xD2, 0xCE, 0x68, 0x4C, 0xF2, 0x70, 0x2E, 0x97,
    0xD8, 0x8B, 0x40, 0xD4, 0xA7, 0xE7, 0x89, 0x85, 0xE8, 0xCE, 0x10, 0xD7, 0x42, 0xA5, 0xE6, 0x95,
    0x69, 0xA8, 0xD2, 0x65, 0x39, 0x1F, 0x69, 0xC0, 0x20, 0x45, 0xEA, 0xC6, 0x53, 0x45, 0x1A, 0x30,
    0xB4, 0x31, 0x02, 0x73, 0x8F, 0xD3, 0x88, 0x69, 0xD7, 0xD3, 0x80, 0xBF, 0x44, 0x7A, 0xD6, 0x03,
    0x62, 0x45, 0x5D, 0x34, 0x63, 0x80, 0x5C, 0x03, 0x06, 0x31, 0x19, 0xF3, 0x84, 0x4B, 0xCD, 0x2A,
    0x74, 0x51, 0x31, 0x8C, 0xBA, 0xEA, 0x7C, 0x02, 0x27, 0x48, 0x21, 0x8E, 0xE3, 0x5F, 0xA0, 0x3A,
    0xA8, 0xD0, 0xDC, 0x04, 0x69, 0x46, 0x51, 0xD4, 0x63, 0x6D, 0xEB, 0xDC, 0x6D, 0x4C, 0x1B, 0xA8,
    0xAC, 0x5F, 0xFA, 0x64, 0xAD, 0xDC, 0x58, 0x55, 0x0A, 0x8B, 0xB5, 0x2A, 0x8B, 0xCD, 0x34, 0x32,
    0xD4, 0xFA, 0xA4, 0xF9, 0xCB, 0xA5, 0xE1, 0x10, 0xCD, 0xC9, 0x32, 0x29, 0xA8, 0x1C, 0x01, 0x69,
    0xA7, 0xCB, 0xD2, 0x62, 0x5A, 0x8C, 0x32, 0x2D, 0x96, 0x99, 0x16, 0xDD, 0x2A, 0x2D, 0x0E, 0xAD,
    0x71, 0x0C, 0xAB, 0xA3, 0x7F, 0xBD, 0x63, 0x48, 0xEA, 0x68, 0xFE, 0x41, 0xC8, 0x24, 0xE4, 0xA6,
    0x70, 0xD8, 0x8A, 0xC8, 0x77, 0x5D, 0xAC, 0xC3, 0x86, 0xF7, 0x21, 0xC5, 0x5F, 0x42, 0xC6, 0xA8,
    0xF9, 0x4B, 0xB4, 0x89, 0x17, 0x3A, 0x69, 0xA0, 0xE3, 0x70, 0x24, 0x85, 0xC6, 0x65, 0xF4, 0x6C,
    0x29, 0xC1, 0xAA, 0x46, 0xE5, 0x15, 0xF7, 0x5F, 0x2C, 0x16, 0xA1, 0x43, 0xE9, 0xB5, 0xA4, 0x48,
    0x6A, 0x4E, 0x2D, 0xC6, 0x07, 0xD5, 0x6C, 0xE4, 0x69, 0xA7, 0xDA, 0x11, 0x26, 0x59, 0xA0, 0x0E,
    0xFA, 0x9C, 0xC0, 0x76, 0x2C, 0x11, 0xFF, 0xE7, 0x76, 0x5C, 0xAA, 0x1C, 0x0C, 0x28, 0x44, 0x90,
    0x9F, 0xE2, 0x19, 0x45, 0x4D, 0x32, 0x87, 0xB5, 0xE2, 0x04, 0xCF, 0x5A, 0xA8, 0x16, 0x5A, 0x8B,
    0x90, 0x1A, 0x4E, 0xC0, 0x58, 0xAA, 0x1F, 0xAC, 0xE2, 0x30, 0xF2, 0xDA, 0x72, 0xFA, 0x5C, 0xBA,
    0xA8, 0x38, 0xC3, 0xD6, 0x2D, 0x91, 0xC6, 0x5B, 0x72, 0xAF, 0x37, 0x0F, 0x68, 0x65, 0xB2, 0x10,
    0xA6, 0xAD, 0x63, 0xFE, 0x3B, 0x24, 0xCF, 0x9C, 0xED, 0xAA, 0x12, 0x99, 0xF6, 0x4B, 0x33, 0x3F,
    0xFA, 0xEB, 0xE5, 0xAE, 0x45, 0x2B, 0xBF, 0xEA, 0x37, 0xFF, 0x53, 0xC6, 0xCC, 0x76, 0x8E, 0x98,
    0x53, 0x86, 0x9B, 0x66, 0x83, 0x4F, 0xFD, 0xBA, 0xF7, 0xA2, 0xBF, 0xBB, 0xFB, 0xEF, 0x3E, 0xB5,
    0x94, 0x64, 0x66, 0x10, 0x15, 0xEF, 0x77, 0x62, 0x4E, 0xD2, 0x09, 0x20, 0x39, 0x40, 0xEE, 0x2D,
    0x18, 0x3F, 0x85, 0x36, 0x56, 0x52, 0x4C, 0x42, 0x0C, 0x86, 0xF3, 0x49, 0xBB, 0xBB, 0xEE, 0x93,
    0x70, 0x5D, 0x77, 0x16, 0x16, 0x83, 0x7F, 0x4F, 0xF7, 0xBD, 0xDF, 0x89, 0x12, 0x87, 0x14, 0xB3,
    0xCE, 0xF7, 0x9C, 0xA4, 0x74, 0xC1, 0xF1, 0xC8, 0x64, 0xF2, 0x93, 0xCE, 0x35, 0x76, 0x18, 0xF6,
    0xE1, 0x33, 0x0A, 0x57, 0xDB, 0x77, 0x39, 0x99, 0x0C, 0x0A, 0xAE, 0xE3, 0xC7, 0x43, 0x24, 0x67,
    0xEE, 0xB6, 0xEF, 0xB6, 0x93, 0x10, 0xCE, 0x68, 0xD9, 0x6E, 0x98, 0x9E, 0x7D, 0xB7, 0xD3, 0x0F,
    0xDF, 0xB7, 0x7F, 0x48, 0x64, 0xD4, 0xAD, 0xA3, 0xB5, 0x67, 0x88, 0x8B, 0x5F, 0xF7, 0x4A, 0x1A,
    0xCF, 0xA2, 0xA4, 0x08, 0x8B, 0x00, 0x1B, 0x24, 0xD3, 0x15, 0x83, 0x71, 0x18, 0xB1, 0x1A, 0xF6,
    0x4D, 0x54, 0x9C, 0x6D, 0x41, 0x7E, 0x2A, 0xBB, 0x65, 0x6A, 0x1A, 0xB2, 0x71, 0x28, 0x24, 0xBD,
    0x7C, 0xD2, 0x13, 0x43, 0x3C, 0x4F, 0xC2, 0xD2, 0x90, 0xAE, 0xBC, 0x04, 0xBD, 0x82, 0xFE, 0xCB,
    0xB7, 0x78, 0x34, 0x13, 0xA6, 0x83, 0xA8, 0xE6, 0x05, 0x0D, 0x27, 0x61, 0x21, 0x15, 0xE5, 0xDE,
    0xB2, 0xA3, 0xCB, 0xCB, 0x30, 0x3C, 0x2E, 0x15, 0xFE, 0xB0, 0x1A, 0xD6, 0xCA, 0x21, 0x94, 0x7B,
    0xAE, 0xE6, 0xF0, 0x1F, 0x11, 0xD0, 0x97, 0xC0, 0x72, 0x49, 0xA0, 0xA6, 0x58, 0xC4, 0xA2, 0xC2,
    0x93, 0x2C, 0x41, 0x10, 0x5F, 0x2E, 0xE9, 0x3F, 0x71, 0x9E, 0x22, 0x0B, 0xE4, 0x61, 0xE8, 0x4E,
    0x7A, 0x25, 0x53, 0x2A, 0x59, 0xA7, 0x50, 0x90, 0xDB, 0xD6, 0x03, 0xF9, 0x61, 0x0D, 0xF9, 0x50,
    0x31, 0x0E, 0x0B, 0xD3, 0x30, 0x2D, 0x5F, 0x71, 0xC8, 0x8E, 0x69, 0x05, 0xCB, 0x73, 0x0D, 0x4F,
    0xD5, 0xF2, 0x27, 0x47, 0x32, 0x69, 0x2F, 0x7F, 0xE9, 0x53, 0x68, 0x19, 0xB0, 0xF3, 0x43, 0xBE,
    0x56, 0x18, 0xFB, 0x45, 0xAE, 0xB9, 0x76, 0xF6, 0x2A, 0xD7, 0x06, 0x9A, 0x99, 0x48, 0x7C, 0xC3,
    0xC8, 0x90, 0xC2, 0x38, 0xE7, 0x18, 0x81, 0xF8, 0x8E, 0x14, 0x5E, 0xA2, 0x4B, 0x8D, 0xFC, 0x90,
    0x05, 0xBC, 0xB3, 0x88, 0x30, 0x66, 0x10, 0xE6, 0x18, 0x39, 0xEA, 0x70, 0x6C, 0x68, 0x9C, 0xC3,
    0xA2, 0xAA, 0x39, 0x9B, 0x42, 0x5A, 0x43, 0x96, 0xF2, 0x55, 0xD2, 0x75, 0x71, 0xBC, 0x67, 0xBA,
    0x20, 0xEF, 0x47, 0x38, 0x44, 0xE2, 0x04, 0xD7, 0x74, 0x78, 0xA0, 0x88, 0x1D, 0xDA, 0x54, 0x2F,
    0x7E, 0x8B, 0x6D, 0x90, 0x4A, 0x3B, 0x61, 0xCA, 0x83, 0x61, 0xCB, 0x8E, 0x9B, 0xCE, 0x28, 0xFE,
    0x64, 0x38, 0x63, 0x7A, 0x3E, 0xEC, 0xE5, 0xDB, 0x3D, 0xD9, 0xA5, 0xDA, 0x5E, 0xCD, 0xFB, 0x5D,
    0x52, 0x1E, 0xC4, 0xE4, 0xF5, 0xF9, 0xB0, 0xE1, 0x90, 0xEF, 0xD0, 0xE2, 0xE9, 0x16, 0xE7, 0x1F,
    0x0B, 0x74, 0x1F, 0xEA, 0xF1, 0x68, 0xD5, 0xD1, 0x2F, 0x1A, 0x0C, 0x21, 0x9B, 0xB5, 0xF2, 0x59,
    0x83, 0xBC, 0x59, 0x1A, 0x7E, 0xAD, 0x3B, 0xE0, 0xE8, 0x8E, 0x21, 0xC8, 0xE1, 0x3C, 0x4E, 0x34,
    0xE7, 0x06, 0x45, 0x1F, 0x0E, 0x5A, 0x0C, 0x75, 0xC3, 0x21, 0x29, 0xD3, 0xD1, 0x2C, 0x56, 0xCA,
    0xF1, 0x21, 0x29, 0xEC, 0x93, 0x5E, 0x19, 0x78, 0x9C, 0x90, 0x97, 0x68, 0x28, 0x4B, 0x0C, 0x54,
    0x09, 0x0C, 0xE1, 0xE2, 0xD5, 0x03, 0xF5, 0xF2, 0xED, 0x7C, 0x2D, 0xF4, 0x86, 0xCA, 0x2C, 0x39,
    0x59, 0xEF, 0xD0, 0x97, 0xCD, 0x9B, 0xFB, 0xFB, 0xD3, 0x25, 0x69, 0xF6, 0x6F, 0xFC, 0xA4, 0x06,
    0x2C, 0xA1, 0x20, 0xA6, 0x57, 0xC7, 0x3B, 0x68, 0x0D, 0xFB, 0x4E, 0x03, 0x67, 0x7B, 0x2F, 0x70,
    0xB7, 0xE3, 0x9B, 0x92, 0xE4, 0x9A, 0x55, 0x8E, 0x58, 0x72, 0x8D, 0xD8, 0xE4, 0x45, 0xD9, 0x7F,
    0x16, 0xE5, 0x3F, 0x20, 0x2F, 0xD8, 0xD4, 0x33, 0x36, 0x5A, 0xA3, 0xFD, 0x56, 0x8F, 0x63, 0x22,
    0xAE, 0x7B, 0x22, 0x8E, 0x5C, 0x39, 0x8E, 0xC4, 0xC0, 0x07, 0x5A, 0xFC, 0x71, 0xE3, 0xE5, 0xF9,
    0x38, 0x20, 0x02, 0x0F, 0xE0, 0x6F, 0x28, 0x66, 0x12, 0x6D, 0x55, 0xE1, 0x4A, 0x3E, 0x49, 0x62,
    0xA7, 0x69, 0x22, 0xCF, 0xA2, 0x32, 0x2E, 0xC7, 0xB1, 0x40, 0x49, 0x53, 0x20, 0x59, 0xB3, 0x78,
    0x08, 0xA5, 0x4D, 0xB4, 0x3C, 0x6A, 0x9E, 0xF0, 0xDC, 0x69, 0xE3, 0xFE, 0x12, 0xA4, 0x8C, 0x67,
    0x88, 0x40, 0x68, 0x1E, 0xB0, 0x49, 0xAE, 0x1C, 0xB5, 0xD2, 0xA3, 0x4E, 0xF2, 0x87, 0xA9, 0x06,
    0x94, 0x0C, 0x12, 0x7E, 0x9C, 0xC8, 0x60, 0x46, 0x99, 0x95, 0xFE, 0xFC, 0x03, 0x79, 0xAC, 0x01,
    0xAB, 0x14, 0xCD, 0xA8, 0x92, 0x05, 0x89, 0x0A, 0xC8, 0x44, 0x8B, 0x52, 0x66, 0x49, 0x05, 0x36,
    0x5D, 0x64, 0xCD, 0x19, 0x25, 0x57, 0x56, 0xC5, 0xAD, 0x52, 0x4A, 0xA7, 0x19, 0x3B, 0x20, 0x45,
    0x98, 0xE5, 0x31, 0x64, 0x72, 0x85, 0x90, 0x20, 0xD3, 0xCA, 0x20, 0x65, 0x99, 0x00, 0x29, 0xCE,
    0x24, 0xA6, 0x0D, 0x57, 0x9E, 0x75, 0x75, 0x66, 0x87, 0x38, 0x8B, 0x36, 0xB6, 0x29, 0x8E, 0x96,
    0x65, 0xB0, 0x49, 0x59, 0x93, 0x15, 0x19, 0x17, 0xA8, 0xB1, 0xC9, 0x83, 0x4C, 0xF7, 0x41, 0x76,
    0xAB, 0x07, 0x6F, 0x66, 0xD9, 0xC9, 0x5E, 0xCE, 0x68, 0xA9, 0x91, 0xB3, 0x4B, 0x77, 0x56, 0x3A,
    0xE6, 0xFC, 0x52, 0x7E, 0xA3, 0x3B, 0x0D, 0x76, 0x05, 0x36, 0xD1, 0xA5, 0xB8, 0x56, 0xCB, 0x1B,
    0xEB, 0xCB, 0x3B, 0xF9, 0xBF, 0xF4, 0xD3, 0xDE, 0x58, 0xB5, 0x0C, 0xD6, 0x84, 0x02, 0xDB, 0x58,
    0x77, 0x18, 0xAE, 0x01, 0xF2, 0x87, 0x82, 0x49, 0x89, 0x99, 0xB1, 0x54, 0x15, 0x63, 0x46, 0x0D,
    0x55, 0x48, 0x66, 0xD7, 0x11, 0xA9, 0x62, 0x72, 0x4F, 0xA4, 0x39, 0x7E, 0xD2, 0x66, 0xF6, 0x6E,
    0xB8, 0xA6, 0x77, 0xAB, 0x5A, 0x4E, 0xAA, 0x15, 0x89, 0xEC, 0x88, 0x92, 0x6F, 0x16, 0x0A, 0xD6,
    0x68, 0x86, 0x25, 0x4F, 0x53, 0xFC, 0x9F, 0xE4, 0x5F, 0x25, 0x8E, 0x40, 0xFE, 0xD6, 0x16, 0xF9,
    0x5C, 0x19, 0x26, 0xB2, 0xC0, 0xB1, 0xDC, 0x32, 0xBE, 0xCB, 0xA1, 0x49, 0x91, 0x2B, 0x51, 0xF8,
    0x99, 0x7C, 0x04, 0x14, 0x7C, 0x09, 0x3A, 0x12, 0x26, 0xFB, 0x43, 0x02, 0x7B, 0xD0, 0xC8, 0x18,
    0x86, 0x6C, 0x67, 0x5F, 0x05, 0xE6, 0x0C, 0x48, 0xE6, 0x15, 0x3C, 0xF7, 0x81, 0x45, 0xCD, 0xF3,
    0x96, 0xE0, 0xD2, 0x65, 0x7B, 0xEB, 0xED, 0xCC, 0xC3, 0x34, 0xFB, 0xB3, 0x33, 0xF2, 0xC0, 0xF7,
    0x0B, 0x28, 0x0D, 0xD7, 0xC4, 0x0D, 0x85, 0x76, 0x19, 0x1F, 0x78, 0xF4, 0xA0, 0x2E, 0x91, 0xC0,
    0xDA, 0x0F, 0x4D, 0x5D, 0x18, 0xB8, 0x41, 0xBC, 0xA4, 0xAC, 0x3B, 0x15, 0x5E, 0x5C, 0xD5, 0x8F,
    0xCC, 0xFA, 0xB8, 0xD9, 0x0A, 0xCC, 0xCE, 0x5E, 0x84, 0x39, 0x86, 0x30, 0x11, 0xE7, 0xED, 0x84,
    0xF7, 0x31, 0x58, 0xC0, 0xEF, 0xD6, 0x82, 0x89, 0x33, 0x11, 0x6D, 0x4B, 0xED, 0x5F, 0x48, 0xE1,
    0xD2, 0x7E, 0xEE, 0x98, 0x2F, 0x39, 0x52, 0x3A, 0x6C, 0xCF, 0x3F, 0xBE, 0x85, 0xCB, 0xB4, 0xE7,
    0x00, 0x5F, 0x50, 0xDE, 0x0E, 0x58, 0x69, 0xEA, 0x2E, 0x72, 0xD9, 0x90, 0x76, 0xD6, 0x00, 0xD4,
    0x6F, 0x00, 0xF3, 0x79, 0x61, 0xDC, 0xDC, 0xF8, 0x9E, 0x2A, 0x51, 0xF2, 0x39, 0x30, 0x9E, 0xB7,
    0xB1, 0x24, 0xBD, 0x89, 0x03, 0xA2, 0xAA, 0xC6, 0x07, 0xB7, 0x57, 0xA3, 0xA6, 0xD1, 0x5D, 0xE6,
    0x17, 0x57, 0xC5, 0x15, 0xB6, 0x76, 0xBB, 0x7E, 0x13, 0xDD, 0x8E, 0x55, 0xEF, 0xAC, 0xF6, 0x15,
    0x68, 0x7F, 0x99, 0xD0, 0x6E, 0xD6, 0xA2, 0x7D, 0x9B, 0xB1, 0x0D, 0xC3, 0x00, 0xE3, 0xF3, 0x14,
    0xCD, 0x5E, 0xD1, 0x91, 0xED, 0xC2, 0xD9, 0xF8, 0xE2, 0xB4, 0xA3, 0x97, 0xF2, 0xD1, 0x62, 0x3E,
    0x1D, 0x76, 0x06, 0xB7, 0xDF, 0x42, 0x14, 0xAF, 0xA8, 0x66, 0x91, 0x90, 0xDD, 0xE6, 0x8D, 0xED,
    0x11, 0x30, 0x26, 0x59, 0xA7, 0x14, 0x6B, 0xDF, 0x1B, 0x37, 0x45, 0x7C, 0xB3, 0x4A, 0xEB, 0xC7,
    0x68, 0x5B, 0x6D, 0x58, 0x8F, 0xCC, 0xB6, 0x03, 0x44, 0xDE, 0xBB, 0x06, 0xB5, 0x6C, 0x3B, 0x88,
    0x65, 0xD7, 0x05, 0x8F, 0xF2, 0x2D, 0x0E, 0x12, 0xCD, 0xAA, 0xE0, 0x47, 0x41, 0x05, 0x3F, 0x66,
    0x61, 0x95, 0xDB, 0xA7, 0x15, 0xED, 0x68, 0xEF, 0x92, 0xED, 0x20, 0xEF, 0x12, 0xB5, 0x83, 0x1D,
    0x4C, 0xD4, 0x8E, 0x42, 0x5D, 0x3E, 0x97, 0xB8, 0xB0, 0x83, 0x6E, 0xDB, 0xEE, 0x47, 0xB3, 0x83,
    0x5B, 0x5F, 0xB3, 0xE5, 0xF8, 0xBE, 0xED, 0xCA, 0xF1, 0xC5, 0xCF, 0x2B, 0xC7, 0x57, 0xB9, 0x18,
    0xC0, 0xCF, 0xE8, 0xF3, 0x93, 0x10, 0xBE, 0x24, 0x29, 0x53, 0x7B, 0x5B, 0x51, 0xE4, 0x8B, 0xF6,
    0x05, 0x18, 0x9C, 0x6B, 0xAB, 0x84, 0xCB, 0xD8, 0xAB, 0x74, 0x02, 0x2D, 0x6A, 0x8A, 0x8F, 0xC4,
    0x29, 0x54, 0x72, 0xDE, 0xD1, 0xB3, 0xB6, 0x1A, 0xE3, 0x1D, 0x21, 0x93, 0x97, 0x45, 0x7B, 0xD6,
    0x6E, 0x59, 0xB4, 0xAB, 0xF1, 0xA1, 0x89, 0xE6, 0xC0, 0x5C, 0xE1, 0x21, 0x96, 0x53, 0x4B, 0x54,
    0xDF, 0xB7, 0x3A, 0xFC, 0xB2, 0x59, 0x7B, 0x56, 0x47, 0x4E, 0x26, 0x32, 0x54, 0x9E, 0xE3, 0x36,
    0x4C, 0xE6, 0x5B, 0xD1, 0xC2, 0x66, 0xF7, 0x7A, 0x8A, 0x98, 0x38, 0x3C, 0xCD, 0xF0, 0x07, 0x32,
    0x55, 0xA6, 0x27, 0xF1, 0xA0, 0xAD, 0xEA, 0xB5, 0x7C, 0xDF, 0x72, 0x3C, 0xB0, 0x08, 0x4C, 0x55,
    0xA2, 0xEC, 0xCD, 0x0B, 0x94, 0x75, 0x57, 0x2A, 0xA2, 0xEB, 0xB5, 0x13, 0x2D, 0x0B, 0xD0, 0xED,
    0x52, 0xB0, 0xD8, 0x64, 0x56, 0x9C, 0xCB, 0xCB, 0x24, 0x67, 0x65, 0x74, 0xF9, 0x55, 0x49, 0xD7,
    0x5B, 0xEE, 0x75, 0x6A, 0x5A, 0xD8, 0x63, 0xE5, 0x35, 0xF0, 0x09, 0xF9, 0x25, 0xA3, 0x48, 0xC5,
    0x94, 0x53, 0x39, 0x6F, 0x6E, 0x2E, 0x57, 0xA4, 0xDC, 0x66, 0xBC, 0x26, 0x70, 0xE4, 0x88, 0x58,
    0xDD, 0xA3, 0x02, 0xF7, 0x88, 0x42, 0xCE, 0xE1, 0x37, 0xC9, 0x25, 0x73, 0x9C, 0x5D, 0x32, 0x0D,
    0xED, 0x91, 0xCE, 0xD5, 0x06, 0x1D, 0x0E, 0x69, 0x8A, 0xD6, 0x85, 0x3A, 0xE5, 0x24, 0x61, 0xCF,
    0x21, 0x67, 0x25, 0x23, 0x71, 0xB0, 0x6F, 0x3D, 0x4E, 0x49, 0x7F, 0x10, 0x99, 0x6A, 0x61, 0xD0,
    0xB5, 0xF5, 0x61, 0xDE, 0xED, 0xA5, 0x1C, 0x54, 0xB0, 0x25, 0xA3, 0x4E, 0xA7, 0x25, 0x05, 0x12,
    0x9D, 0xA4, 0x6F, 0x24, 0x0A, 0x29, 0x32, 0xE5, 0x5F, 0xDF, 0x6C, 0xCA, 0xDF, 0xA4, 0x0D, 0x05,
    0x6E, 0x43, 0x53, 0x69, 0x75, 0xC5, 0xD2, 0x83, 0x83, 0x5C, 0xC6, 0xB9, 0x55, 0x83, 0x17, 0x34,
    0x66, 0x5A, 0xD2, 0x86, 0xEA, 0xE3, 0xCB, 0x4C, 0x51, 0x6F, 0x3B, 0x95, 0xF7, 0x17, 0x5C, 0x0B,
    0x6B, 0x29, 0xBC, 0xA7, 0xA6, 0x4C, 0xD4, 0xFC, 0x0A, 0x99, 0x9A, 0x25, 0x27, 0xAF, 0x71, 0x37,
    0x6E, 0x7C, 0x86, 0xBE, 0xF9, 0x0D, 0xF5, 0x42, 0x73, 0x77, 0xB1, 0x17, 0x3A, 0x2D, 0xD2, 0xD1,
    0x9E, 0xA5, 0xB7, 0x67, 0x41, 0x79, 0x0F, 0xEB, 0x25, 0x6C, 0x55, 0xD3, 0x5F, 0xAB, 0x18, 0xAE,
    0x14, 0xFD, 0x9B, 0x14, 0x6C, 0x22, 0xC5, 0x6B, 0x8B, 0x21, 0xA9, 0x89, 0x53, 0x82, 0x07, 0x29,
    0xF0, 0x45, 0xD2, 0xDE, 0xD9, 0xF4, 0x20, 0xBB, 0xE3, 0x95, 0x8A, 0x98, 0xAD, 0xCF, 0x1C, 0x6B,
    0x6E, 0x66, 0x49, 0x35, 0x93, 0xDE, 0x57, 0x01, 0x88, 0x45, 0x12, 0x57, 0xD3, 0x9E, 0x15, 0x17,
    0x04, 0x4E, 0x5A, 0xD2, 0x7F, 0x94, 0x5B, 0xD2, 0xA7, 0x4B, 0xBE, 0x5D, 0xB2, 0x73, 0x49, 0xBE,
    0x69, 0x4D, 0xC8, 0x9E, 0xF1, 0x43, 0x44, 0xBE, 0x9F, 0x7D, 0xA7, 0xB0, 0x34, 0xA5, 0xBA, 0x9A,
    0x21, 0xB9, 0xC6, 0xC5, 0xBC, 0x59, 0x06, 0xE2, 0xEA, 0xC2, 0x70, 0x3B, 0x87, 0xDF, 0xA0, 0x7E,
    0x87, 0x51, 0x7F, 0xEA, 0x1A, 0x91, 0x87, 0x59, 0x63, 0xE1, 0x13, 0x6C, 0x5A, 0x82, 0xD3, 0x81,
    0xED, 0x8F, 0xE2, 0x5D, 0x5D, 0x91, 0xDD, 0xCB, 0x4E, 0xD2, 0x84, 0x1C, 0x73, 0xBD, 0x2E, 0xD6,
    0xD1, 0x60, 0xDF, 0x3B, 0x2A, 0xDB, 0x46, 0x11, 0x4C, 0xA0, 0x97, 0xFE, 0x2B, 0x30, 0x4B, 0x3C,
    0x88, 0x5B, 0x59, 0x62, 0xB0, 0x95, 0x6B, 0x76, 0x0A, 0x7C, 0x27, 0x4B, 0x1E, 0x36, 0x48, 0xE7,
    0x42, 0x1E, 0x6C, 0xC1, 0x2F, 0x4E, 0xC3, 0x6B, 0x4B, 0x80, 0x7A, 0xD3, 0xD3, 0xB0, 0xC9, 0xC5,
    0x39, 0x0F, 0x8E, 0x9C, 0x86, 0x77, 0x57, 0x2E, 0x46, 0x82, 0xE8, 0x82, 0x60, 0x2F, 0x18, 0xD3,
    0x1C, 0x7C, 0x77, 0x57, 0x2C, 0x68, 0xDC, 0x46, 0x0E, 0x99, 0xA0, 0xDB, 0x0D, 0x99, 0xAC, 0x30,
    0xEF, 0xFB, 0x54, 0xB7, 0x0F, 0x84, 0x56, 0xBF, 0x55, 0x5E, 0x3B, 0x6B, 0x89, 0xCB, 0x2D, 0x99,
    0xA6, 0x4E, 0x75, 0x75, 0xED, 0x10, 0x48, 0xFB, 0x1E, 0xCA, 0x2D, 0x0B, 0xF6, 0xED, 0x10, 0x15,
    0xD2, 0x37, 0x7F, 0x5E, 0x40, 0x9A, 0x95, 0x3E, 0xB7, 0x5F, 0x3A, 0xC8, 0xD8, 0x1E, 0xFB, 0x3D,
    0xB1, 0x9A, 0xB0, 0xA8, 0x88, 0x23, 0x0E, 0x94, 0x65, 0xC8, 0xF4, 0x42, 0x26, 0x82, 0x92, 0x3D,
    0x57, 0x00, 0xAB, 0x04, 0x19, 0xA4, 0xCE, 0x1C, 0x6B, 0x92, 0x96, 0x4D, 0x65, 0x90, 0xCB, 0x30,
    0x3B, 0xC4, 0x4E, 0xE1, 0xA4, 0x7D, 0xF8, 0xF6, 0x22, 0x3B, 0x23, 0xED, 0xDA, 0x35, 0x91, 0x86,
    0x41, 0xC5, 0xE7, 0xFD, 0xE4, 0x5F, 0x28, 0x51, 0x27, 0xA6, 0x1A, 0xD2, 0x89, 0x0C, 0xA3, 0xD7,
    0xBD, 0xA0, 0xB0, 0xEA, 0x3F, 0x66, 0x2B, 0x8A, 0x58, 0xC6, 0x37, 0x50, 0xE5, 0x47, 0xB7, 0xF9,
    0x95, 0x77, 0x76, 0xAD, 0xCC, 0x88, 0x2C, 0x54, 0x2A, 0x17, 0x15, 0xB5, 0x36, 0xCC, 0xC2, 0x25,
    0xC9, 0xAD, 0x59, 0x90, 0x17, 0x2C, 0x70, 0x7A, 0xCB, 0x68, 0x85, 0x12, 0x12, 0x55, 0xF5, 0x44,
    0xD9, 0xEA, 0xE1, 0x65, 0xB4, 0xBE, 0x4B, 0xEC, 0x30, 0x41, 0x52, 0xB8, 0xED, 0xF1, 0x71, 0x65,
    0x79, 0x1B, 0x85, 0x9A, 0x24, 0x15, 0x39, 0xEA, 0x6F, 0x42, 0xC5, 0xCE, 0xD7, 0x1A, 0x5A, 0xA3,
    0x57, 0xC0, 0x77, 0x5B, 0xE0, 0x94, 0x1A, 0x2F, 0x03, 0xD7, 0x45, 0x56, 0xBF, 0xED, 0xCD, 0x03,
    0x5E, 0xE9, 0xD3, 0x47, 0x33, 0x49, 0x25, 0x4F, 0xB5, 0xFD, 0xC6, 0x47, 0xF5, 0x7B, 0xF5, 0x3B,
    0x0F, 0x94, 0x3F, 0x7D, 0x58, 0x7D, 0x57, 0x34, 0xBE, 0x65, 0x95, 0xA6, 0x67, 0x49, 0x1E, 0xDD,
    0x6D, 0x5F, 0x65, 0x5F, 0x6E, 0x9B, 0x76, 0x4E, 0xBA, 0x96, 0x32, 0x66, 0xB1, 0x1F, 0x46, 0xEC,
    0x2B, 0xEC, 0x51, 0x96, 0xA7, 0x01, 0x1C, 0xA6, 0x4E, 0xF8, 0x8C, 0xFB, 0x19, 0x57, 0x2E, 0x47,
    0x7A, 0x28, 0x36, 0x70, 0xCF, 0xE4, 0x6C, 0xDA, 0x9D, 0x77, 0x21, 0xE9, 0xD4, 0xF9, 0xA6, 0xC8,
    0x65, 0x4B, 0xA3, 0xFC, 0xF0, 0x27, 0xE8, 0xE2, 0xBF, 0xC2, 0x62, 0x66, 0x1C, 0xB4, 0x97, 0x08,
    0x2F, 0x1F, 0xC1, 0x69, 0x41, 0xE9, 0x09, 0x1D, 0x78, 0xA6, 0x15, 0xE4, 0x7B, 0x25, 0xC2, 0xF4,
    0x72, 0x05, 0x89, 0x5D, 0x6A, 0x21, 0xFB, 0x21, 0xB5, 0xB4, 0x5D, 0xA9, 0xCA, 0xCE, 0x88, 0x3C,
    0xE7, 0xD5, 0x1A, 0xA8, 0xD9, 0xCD, 0xCE, 0x31, 0x75, 0xBD, 0xBA, 0xCF, 0x91, 0xF0, 0x34, 0x67,
    0xAF, 0x84, 0x6F, 0xCB, 0xFA, 0x4C, 0x30, 0xD8, 0x7B, 0x86, 0x04, 0x75, 0x03, 0x2D, 0x71, 0xEF,
    0x52, 0xED, 0x0B, 0x80, 0x4E, 0x41, 0x24, 0xF3, 0x23, 0x00, 0x4F, 0x21, 0x8D, 0x0E, 0xD3, 0xA4,
    0x3E, 0x3D, 0x7E, 0xA0, 0x28, 0xFB, 0xB7, 0x2C, 0xD6, 0x72, 0xBD, 0x4B, 0x34, 0x18, 0x72, 0x69,
    0x7D, 0x17, 0x47, 0x3A, 0x3E, 0x7E, 0xFA, 0xE4, 0x1C, 0x5E, 0xFB, 0x8D, 0x57, 0x8F, 0xFE, 0x12,
    0x79, 0xC3, 0x43, 0x02, 0xEE, 0xC2, 0xD3, 0xB7, 0x91, 0xDA, 0x6D, 0x96, 0x12, 0xE4, 0xCA, 0x70,
    0x39, 0x21, 0xC6, 0xC8, 0xEB, 0x2E, 0x52, 0x6A, 0x57, 0xA6, 0xA3, 0x47, 0x7B, 0x04, 0xE2, 0x99,
    0xBD, 0x7B, 0xB5, 0x2F, 0xC2, 0xBE, 0x4C, 0x67, 0x44, 0xFB, 0x96, 0xFF, 0x9B, 0xBA, 0x92, 0x74,
    0x14, 0x52, 0x38, 0xBE, 0x83, 0xAD, 0x22, 0x98, 0x36, 0x7C, 0x17, 0x4F, 0x73, 0x67, 0xE7, 0xCE,
    0xDA, 0x95, 0xFA, 0x60, 0x9F, 0xEC, 0xAD, 0x51, 0xA8, 0xB6, 0x2C, 0x2C, 0xAE, 0x71, 0x62, 0xCE,
    0x35, 0x4E, 0x18, 0x2E, 0x85, 0x6B, 0x9D, 0xEF, 0x3A, 0xB3, 0xCE, 0x5D, 0x4E, 0xD2, 0x0E, 0xA0,
    0xFA, 0x9F, 0xB3, 0xB5, 0xFC, 0x01, 0xFB, 0x14, 0xFB, 0x64, 0xA3, 0x76, 0xBB, 0x93, 0x74, 0x62,
    0x10, 0xE3, 0xDC, 0xC5, 0x35, 0x86, 0xB9, 0x92, 0x06, 0xDC, 0x01, 0xD7, 0x8A, 0x7B, 0xEC, 0x24,
    0xE2, 0x71, 0x86, 0xF1, 0x48, 0xE6, 0xD2, 0xA8, 0x0D, 0x9F, 0x3E, 0x0A, 0x51, 0x0F, 0xD6, 0xFC,
    0x46, 0xA7, 0xEF, 0x62, 0x03, 0xB1, 0xC9, 0x91, 0xA9, 0xF9, 0x28, 0x4D, 0xFC, 0x3B, 0x05, 0x98,
    0x5E, 0x11, 0xEB, 0x4C, 0x23, 0x23, 0x0D, 0x3A, 0x28, 0xB2, 0xF8, 0x28, 0xE1, 0x44, 0x1F, 0xC3,
    0xF6, 0xEE, 0x43, 0x66, 0xB0, 0x0F, 0x0D, 0xBC, 0xD5, 0x47, 0x1F, 0xB1, 0x09, 0x38, 0x3E, 0x77,
    0x92, 0xE2, 0x03, 0xA4, 0x34, 0xDA, 0xFB, 0xDC, 0xF8, 0xFC, 0xBE, 0xBC, 0xDC, 0xFE, 0x20, 0x08,
    0xC3, 0xCE, 0x54, 0x21, 0xEA, 0xD0, 0x08, 0x53, 0x56, 0x71, 0x5D, 0xAF, 0xE6, 0x29, 0x8C, 0x8B,
    0x2C, 0xD9, 0xF8, 0x10, 0x98, 0xE6, 0xF6, 0x63, 0xF1, 0x93, 0xD5, 0xDB, 0x0D, 0x73, 0xC7, 0x31,
    0xE5, 0x3F, 0xC0, 0xEC, 0xE5, 0x3B, 0x82, 0xF9, 0xE9, 0x64, 0x3E, 0x85, 0xAD, 0x9D, 0x86, 0xC4,
    0xF1, 0x6C, 0xD4, 0x2B, 0x46, 0x9F, 0x24, 0xB6, 0xBD, 0xA2, 0x05, 0x50, 0xAD, 0x9E, 0x92, 0x80,
    0x63, 0x1C, 0x32, 0x47, 0x02, 0xF1, 0x40, 0x7B, 0xC3, 0x36, 0x9E, 0x55, 0x2B, 0xED, 0x87, 0xA8,
    0x27, 0xD3, 0xA3, 0x10, 0x9F, 0x92, 0xAF, 0x91, 0x78, 0x7C, 0x74, 0x1A, 0x51, 0x1C, 0x7C, 0x29,
    0x0F, 0x39, 0x61, 0x7A, 0x02, 0xC5, 0x6C, 0x58, 0xA6, 0x18, 0x92, 0xC8, 0xB5, 0x8D, 0xDF, 0xB9,
    0xB4, 0x78, 0x7B, 0x8C, 0xA0, 0x21, 0xFF, 0x43, 0x3B, 0x06, 0x1B, 0x28, 0x93, 0xA5, 0xAB, 0x2A,
    0xFC, 0x34, 0x67, 0x2F, 0x1B, 0xF9, 0x9A, 0xEC, 0x65, 0x2C, 0x55, 0xF6, 0x32, 0xE5, 0x35, 0x73,
    0xF6, 0x72, 0x51, 0x66, 0x2F, 0x3F, 0xED, 0x52, 0xC8, 0xFD, 0xC2, 0xCC, 0x5E, 0xBE, 0x70, 0x97,
    0x30, 0x6E, 0x1A, 0x9D, 0xBE, 0x40, 0x96, 0x10, 0x76, 0xA8, 0x76, 0x46, 0x55, 0x3B, 0x3B, 0x6A,
    0xDA, 0xD9, 0xC8, 0x85, 0x72, 0xD8, 0x30, 0x3E, 0x36, 0x08, 0x1D, 0x6E, 0x9A, 0x9B, 0x0C, 0xBF,
    0x10, 0xF4, 0xFA, 0x47, 0x7E, 0xC1, 0x16, 0x96, 0xDD, 0x7C, 0xCF, 0xA6, 0xD7, 0xDD, 0x76, 0xFC,
    0x6E, 0xBB, 0x7E, 0xD9, 0x0D, 0x89, 0x07, 0x32, 0x72, 0x3B, 0x91, 0x9E, 0xF6, 0xA2, 0xE0, 0xEB,
    0x89, 0xD4, 0x91, 0xC7, 0x0E, 0x0C, 0xD5, 0xA6, 0x24, 0x22, 0xFE, 0xFC, 0x39, 0x2A, 0xDF, 0xFE,
    0x19, 0xF5, 0xF8, 0xD6, 0x0F, 0xB4, 0x6A, 0xF1, 0xF9, 0x66, 0x49, 0xB3, 0xAD, 0x49, 0xCD, 0x95,
    0xA0, 0x64, 0xBF, 0x64, 0xA2, 0x6C, 0xEB, 0x7B, 0xBA, 0xBA, 0x0D, 0x4D, 0x4D, 0xD0, 0x5D, 0x33,
    0x69, 0xB6, 0xB1, 0xD8, 0xD6, 0x6A, 0xE8, 0xC7, 0x64, 0x15, 0xAC, 0x8B, 0x35, 0xBF, 0xDE, 0x55,
    0x2C, 0xA8, 0xA7, 0xA7, 0xFA, 0x6B, 0x70, 0x72, 0x8D, 0x5E, 0x37, 0xA2, 0x55, 0x7E, 0xBA, 0x66,
    0xE4, 0x02, 0x49, 0xD7, 0x24, 0x9B, 0x96, 0xD3, 0x4E, 0x5D, 0xE4, 0x58, 0x7D, 0x38, 0xE1, 0xEF,
    0x84, 0x85, 0xC0, 0x9E, 0x26, 0xA6, 0x56, 0xE2, 0x63, 0xC4, 0xCF, 0x81, 0x94, 0xBB, 0xEE, 0x8C,
    0x6C, 0xF9, 0xDE, 0x10, 0x77, 0xF6, 0x57, 0x94, 0x78, 0x69, 0xDC, 0x2F, 0x36, 0x50, 0xAE, 0x2C,
    0xAF, 0x10, 0x48, 0x8F, 0xAF, 0x91, 0xC7, 0xD5, 0x59, 0x27, 0x29, 0x7D, 0xC9, 0x79, 0x21, 0x6F,
    0x02, 0xA0, 0xB5, 0x3A, 0xA9, 0xE5, 0x3A, 0xE9, 0x74, 0xD7, 0x7F, 0xEC, 0x48, 0xC1, 0x9D, 0x68,
    0xE1, 0xF2, 0xF1, 0x88, 0x02, 0x16, 0x6A, 0xB0, 0x44, 0xDE, 0xC5, 0x64, 0x9E, 0x15, 0xBE, 0x64,
    0x4E, 0xF9, 0x58, 0x2C, 0x54, 0xDF, 0xB7, 0x3E, 0xB5, 0x66, 0xAA, 0x50, 0x71, 0x38, 0x40, 0xB7,
    0xA8, 0x0F, 0x92, 0xE5, 0x77, 0x27, 0x23, 0x62, 0x45, 0xE8, 0x8E, 0xAB, 0x0D, 0xC9, 0xC8, 0xEC,
    0x38, 0xB5, 0x24, 0xFE, 0xFF, 0x64, 0xEB, 0x80, 0x15, 0x68, 0x90, 0xDB, 0x28, 0xD0, 0x24, 0x04,
    0xFD, 0x17, 0x5C, 0xC9, 0x75, 0x6A, 0x91, 0x61, 0x94, 0xEC, 0x44, 0xF5, 0x38, 0x9F, 0xD5, 0xD8,
    0x5B, 0xB9, 0xF7, 0x12, 0x98, 0x1E, 0x86, 0xF8, 0x9E, 0xA6, 0xAF, 0xE4, 0xE6, 0x1E, 0xE3, 0xED,
    0x89, 0x45, 0x79, 0xEE, 0x54, 0x89, 0x68, 0xC1, 0x12, 0x7B, 0x87, 0xA0, 0xFF, 0x93, 0x00, 0x07,
    0xDC, 0xC6, 0xD7, 0x4B, 0x7A, 0x40, 0xD7, 0xA8, 0x94, 0xF8, 0x86, 0xF2, 0xA4, 0x34, 0xB6, 0x8E,
    0x0D, 0x63, 0x95, 0x61, 0xB2, 0x74, 0x3A, 0x73, 0x99, 0x86, 0xC7, 0x2A, 0xD9, 0x1D, 0x41, 0x12,
    0x76, 0xE0, 0x3C, 0xB6, 0xEF, 0xE9, 0xA6, 0x8F, 0x86, 0xA0, 0x97, 0xF6, 0x6B, 0xF2, 0x88, 0x69,
    0x3B, 0x4B, 0x9F, 0xF6, 0xD3, 0xA5, 0x7D, 0xC3, 0xD5, 0x4F, 0xA7, 0xDE, 0xF5, 0xB4, 0xEA, 0x0D,
    0xC4, 0xEE, 0x96, 0x55, 0x28, 0x03, 0x7B, 0x8C, 0x47, 0xD6, 0x58, 0xC4, 0xE3, 0xA7, 0xA8, 0x46,
    0x7D, 0x14, 0x16, 0xAC, 0xD2, 0xCE, 0x57, 0xBC, 0xE8, 0x08, 0x53, 0x17, 0x90, 0xD2, 0x97, 0x10,
    0xDE, 0x2D, 0x08, 0xAF, 0x24, 0xC5, 0x96, 0x79, 0x08, 0x66, 0xF4, 0x9E, 0xD5, 0x6A, 0x19, 0x54,
    0xF7, 0x7A, 0xF4, 0xFD, 0x4E, 0xA6, 0x5A, 0xC3, 0x69, 0xBE, 0xA9, 0xCE, 0x2A, 0xD8, 0xE3, 0x07,
    0x64, 0x03, 0x6A, 0x43, 0x4E, 0x2B, 0x2E, 0xF1, 0xDB, 0x19, 0xD9, 0x85, 0xBD, 0x8D, 0x04, 0xCD,
    0x33, 0xED, 0x1F, 0x90, 0x07, 0x81, 0xFE, 0x2C, 0x2D, 0xE2, 0xD4, 0x0E, 0x83, 0xF9, 0x45, 0x30,
    0x6E, 0xDA, 0xFE, 0xFA, 0x09, 0x76, 0x0E, 0x77, 0x61, 0xA7, 0x2C, 0x44, 0xA9, 0xD5, 0x25, 0xED,
    0x89, 0xE4, 0x4A, 0x3B, 0xB5, 0x19, 0x6A, 0xF6, 0xAD, 0xE2, 0x07, 0xE2, 0x38, 0xD0, 0x36, 0x07,
    0x31, 0x17, 0x0A, 0x9B, 0x3C, 0xB1, 0x39, 0xB7, 0x4E, 0x7C, 0x63, 0x22, 0xED, 0x6E, 0xF9, 0xFA,
    0x13, 0x9C, 0xB5, 0x42, 0xA1, 0x91, 0x53, 0x14, 0x1A, 0x99, 0xA5, 0xD0, 0xC8, 0x2C, 0xA9, 0x36,
    0x13, 0x0D, 0x09, 0x8D, 0xFC, 0x0D, 0x8D, 0xC7, 0x7F, 0xE4, 0x11, 0x7C, 0xCE, 0x69, 0x34, 0xF8,
    0xA6, 0x85, 0x73, 0x9E, 0x20, 0x72, 0xFF, 0x15, 0x15, 0x67, 0x2A, 0xBE, 0xF5, 0xBC, 0x2A, 0x06,
    0x6C, 0xB8, 0xCA, 0x21, 0xBD, 0x2E, 0xC6, 0x56, 0xC5, 0xC8, 0xF6, 0x43, 0x60, 0xEF, 0x89, 0xC1,
    0x95, 0x31, 0xD2, 0xC6, 0x46, 0x76, 0x04, 0x61, 0x0F, 0x27, 0x1F, 0x76, 0xB1, 0x99, 0x29, 0xF7,
    0xD7, 0x90, 0x13, 0xAF, 0x83, 0x27, 0x68, 0x47, 0xA3, 0x42, 0x4C, 0x72, 0xB3, 0x81, 0x5B, 0x78,
    0x8D, 0x2D, 0x63, 0x81, 0xC8, 0x1E, 0x60, 0x5F, 0x13, 0xEA, 0xDA, 0x32, 0x17, 0xD4, 0x1F, 0x81,
    0x94, 0x59, 0x84, 0xAC, 0x19, 0x43, 0x66, 0x41, 0xDC, 0x50, 0xC0, 0x02, 0x1E, 0x6B, 0x1A, 0x92,
    0xB5, 0x99, 0x8B, 0xFF, 0xA5, 0x82, 0xA2, 0x8B, 0xEA, 0xFC, 0xB1, 0x5A, 0xD7, 0x44, 0xD5, 0x01,
    0x53, 0x15, 0xC5, 0xBB, 0xBB, 0x1B, 0x9B, 0x2F, 0xA1, 0xFC, 0x08, 0x8A, 0xA9, 0xC2, 0x48, 0x2A,
    0xB0, 0x02, 0x7B, 0xF7, 0xAE, 0xE3, 0xD9, 0xDC, 0xD5, 0x76, 0xEF, 0x5A, 0x52, 0xEC, 0x74, 0xD4,
    0xBD, 0xD6, 0xDE, 0x70, 0xEB, 0x88, 0xBC, 0x9E, 0xE7, 0xDD, 0x6F, 0xB3, 0x49, 0x37, 0xB5, 0xE9,
    0xA6, 0x9F, 0x75, 0x1B, 0x83, 0x4E, 0x27, 0x5F, 0x49, 0xAC, 0xDE, 0x18, 0x74, 0x05, 0x67, 0xD5,
    0x0A, 0xE9, 0xC2, 0x63, 0x2B, 0xB9, 0x6A, 0x16, 0xB2, 0xFB, 0x36, 0xDE, 0xC2, 0x94, 0xA2, 0x2B,
    0x85, 0x74, 0xFE, 0xB1, 0xCD, 0x37, 0x22, 0xFD, 0x64, 0xF4, 0x95, 0x83, 0x10, 0x29, 0x2F, 0xC6,
    0x57, 0xED, 0x11, 0xBA, 0xF2, 0xD6, 0xA4, 0x9D, 0x74, 0x92, 0xCE, 0x58, 0x5D, 0x53, 0x8D, 0x15,
    0xA8, 0x79, 0x9F, 0x93, 0xC3, 0xE7, 0xBB, 0xEB, 0x50, 0xB3, 0x6A, 0xF7, 0xD1, 0x44, 0x3A, 0x19,
    0x1A, 0x4C, 0x45, 0xD6, 0xDA, 0x97, 0x94, 0xB6, 0x1D, 0x66, 0x63, 0x79, 0x4B, 0xC8, 0xAC, 0x5C,
    0xBD, 0x25, 0xB4, 0xAE, 0x7B, 0xF5, 0x3A, 0x48, 0x61, 0x42, 0xCC, 0x23, 0x5F, 0xD4, 0x56, 0xED,
    0xDB, 0x11, 0x2D, 0x40, 0x8C, 0x5F, 0xD1, 0xF5, 0xF6, 0xF3, 0x58, 0x6B, 0x17, 0x90, 0xE8, 0x6F,
    0xDC, 0x98, 0x97, 0x89, 0x15, 0xB7, 0x79, 0xD7, 0x06, 0x75, 0x7D, 0x7F, 0x1E, 0x50, 0xF1, 0xAE,
    0x1B, 0x65, 0x91, 0xCC, 0x27, 0xB0, 0x13, 0x49, 0x44, 0x61, 0x62, 0x1D, 0xAA, 0x0A, 0x14, 0x92,
    0x85, 0x49, 0x7C, 0x8E, 0x21, 0x6D, 0x75, 0xD7, 0x50, 0x95, 0xDC, 0xF8, 0x16, 0xE7, 0x4F, 0x17,
    0xF3, 0x62, 0xEB, 0x46, 0x91, 0xF3, 0x8A, 0x9E, 0x57, 0x44, 0xCD, 0x82, 0x74, 0x94, 0xC7, 0xC0,
    0x2C, 0x83, 0x65, 0x41, 0x57, 0x10, 0xFA, 0x4C, 0x90, 0x3F, 0xD1, 0xFC, 0x1B, 0x82, 0xF6, 0x12,
    0xA9, 0x33, 0xA1, 0xEA, 0x76, 0x68, 0x83, 0x13, 0xA9, 0xE2, 0xE0, 0x04, 0xC7, 0x49, 0x7A, 0x61,
    0x34, 0x5A, 0x48, 0xDA, 0xD2, 0x3C, 0x4A, 0x2C, 0xF6, 0x0C, 0x46, 0x4E, 0xCF, 0x84, 0xE8, 0x90,
    0x4E, 0x7D, 0xB2, 0x1E, 0x26, 0xA5, 0x05, 0xD3, 0xDB, 0xD3, 0x90, 0x6C, 0xBB, 0xAD, 0xEB, 0x49,
    0x42, 0xAE, 0x58, 0x37, 0xB0, 0xEB, 0xA8, 0x9B, 0x66, 0xF7, 0x75, 0xAD, 0xBF, 0x9A, 0xBF, 0xC9,
    0xFB, 0x33, 0xCA, 0xC7, 0x44, 0x65, 0xDD, 0xC4, 0x04, 0x40, 0x4B, 0xAA, 0xE4, 0x4C, 0xB5, 0xE0,
    0x57, 0x89, 0xD4, 0x2B, 0x79, 0x25, 0xB2, 0x05, 0xDD, 0xBB, 0xEF, 0x4B, 0xD8, 0x3C, 0x3F, 0xBA,
    0x0D, 0xA1, 0x8E, 0x41, 0x74, 0x29, 0xBA, 0x44, 0xE6, 0xA4, 0x9F, 0x7B, 0xBC, 0xBF, 0x0A, 0xA2,
    0xB2, 0x87, 0x3E, 0xE8, 0x3F, 0xA9, 0xE4, 0x72, 0xEA, 0xA4, 0x9E, 0xF9, 0x6F, 0xFD, 0x7F, 0x2D,
    0x20, 0xC1, 0x58, 0xB9, 0xC2, 0xE5, 0xD0, 0x69, 0x65, 0x97, 0x7D, 0xCF, 0xCB, 0x87, 0x2B, 0x6F,
    0x0B, 0xAB, 0x04, 0x63, 0xF5, 0xCF, 0x01, 0x82, 0xE5, 0xCA, 0xDB, 0xE3, 0x7F, 0x51, 0xA9, 0xA3,
    0x10, 0xAC, 0x2C, 0x07, 0xB3, 0x7D, 0xE1, 0x89, 0x4A, 0xD7, 0x3E, 0x7F, 0x0C, 0x0A, 0x32, 0x9A,
    0x68, 0x55, 0xAB, 0xA8, 0x56, 0xEC, 0xD6, 0x85, 0x17, 0x07, 0x64, 0x31, 0x00, 0xED, 0x03, 0x6D,
    0xD0, 0xAD, 0x0F, 0xDC, 0x11, 0xBA, 0x4D, 0x8F, 0x8D, 0xEF, 0x35, 0x4F, 0xC4, 0x12, 0x56, 0xB1,
    0x1C, 0x13, 0x6C, 0xAF, 0xE6, 0xFD, 0xF5, 0x12, 0x2A, 0xD7, 0x01, 0xCB, 0x71, 0xCE, 0x10, 0x98,
    0x88, 0xF5, 0x0D, 0xF4, 0x40, 0x20, 0xF6, 0x9E, 0x81, 0x3F, 0xDE, 0x73, 0x51, 0xEC, 0xE2, 0xD0,
    0x43, 0x7B, 0xBF, 0x1C, 0x7B, 0xDC, 0xBA, 0xF3, 0x9D, 0x6F, 0x0F, 0x38, 0x35, 0xD6, 0x6C, 0xAD,
    0x7E, 0x73, 0x59, 0x48, 0xA0, 0x3A, 0x16, 0xB2, 0x35, 0x11, 0xA0, 0xE2, 0xF2, 0x90, 0x7D, 0x9D,
    0x38, 0xD1, 0x73, 0xE2, 0x2E, 0x71, 0x6F, 0xCF, 0x0F, 0xF7, 0x0B, 0xBD, 0x70, 0xFA, 0x37, 0x2A,
    0xA4, 0x1B, 0xAB, 0x9E, 0xB4, 0x89, 0xEA, 0xA7, 0x79, 0x02, 0x17, 0xBB, 0xEE, 0xF0, 0xF5, 0xDD,
    0xE3, 0x22, 0xF6, 0xC3, 0x81, 0x87, 0x06, 0xC7, 0xED, 0x64, 0xEE, 0xE4, 0xE9, 0x37, 0xEC, 0xCC,
    0x84, 0xFE, 0x41, 0x42, 0xF1, 0x67, 0xC7, 0xB3, 0xD5, 0xDA, 0xBA, 0xDB, 0x72, 0x4B, 0xDF, 0x1F,
    0xA7, 0x9B, 0xB1, 0xD6, 0xD9, 0x63, 0xE2, 0x89, 0x57, 0x68, 0xD2, 0x66, 0x59, 0x1B, 0xBF, 0xFC,
    0x61, 0x88, 0xBE, 0xE3, 0x84, 0xA2, 0x82, 0xDE, 0xDB, 0xEA, 0x7D, 0xA3, 0x83, 0x2D, 0x6D, 0x8C,
    0xB9, 0x5E, 0xA6, 0xBC, 0x7D, 0x23, 0xD5, 0x90, 0x4B, 0xED, 0x2E, 0x29, 0x32, 0x20, 0x23, 0x29,
    0xBD, 0xB7, 0x26, 0x18, 0x1C, 0xE4, 0x8E, 0xC8, 0x7F, 0xA5, 0x68, 0x6B, 0x6E, 0x98, 0xAB, 0x11,
    0x41, 0x98, 0x2D, 0xEC, 0x3F, 0xBD, 0x9A, 0x05, 0x35, 0x76, 0xE1, 0xEB, 0x05, 0xB2, 0x4C, 0x72,
    0x23, 0x6F, 0x73, 0x0B, 0x77, 0xD9, 0xAC, 0x1D, 0x6C, 0x1E, 0x6B, 0x65, 0x3A, 0xAC, 0xE7, 0x7E,
    0xAB, 0xF3, 0xBC, 0x6D, 0xE4, 0x88, 0xDB, 0x81, 0xFB, 0xAD, 0x0D, 0x54, 0xA2, 0xCA, 0xAD, 0xB6,
    0xF6, 0xB6, 0x0B, 0x5F, 0x73, 0x1A, 0xE0, 0xAE, 0x6D, 0xDA, 0x0E, 0xF7, 0xB5, 0x03, 0x58, 0xB7,
    0x77, 0x64, 0xC5, 0x90, 0x1F, 0x20, 0x43, 0xBE, 0x44, 0xEC, 0x7E, 0xAA, 0x79, 0x3B, 0x55, 0x76,
    0x2B, 0x19, 0xEA, 0xCF, 0xAA, 0x69, 0x25, 0xC7, 0xF1, 0x18, 0x1F, 0x45, 0x81, 0x37, 0x0D, 0xC9,
    0x93, 0x45, 0x9C, 0x42, 0xF4, 0x37, 0x25, 0x65, 0x18, 0x3B, 0xF9, 0x33, 0xB4, 0x58, 0x4D, 0x5B,
    0x1B, 0xD7, 0xC5, 0xC6, 0x99, 0xDD, 0x0B, 0x16, 0x2C, 0x8C, 0xC1, 0x27, 0x2A, 0x99, 0xDD, 0x94,
    0x66, 0x92, 0x76, 0x41, 0xC3, 0x29, 0x60, 0xE4, 0x53, 0x48, 0x54, 0x09, 0x75, 0xD0, 0x5E, 0x86,
    0x38, 0x2D, 0x70, 0x12, 0xE2, 0x3C, 0xCB, 0xA7, 0x5F, 0xCD, 0x55, 0x67, 0xD0, 0x38, 0x0E, 0xED,
    0x6F, 0xB1, 0x0B, 0xDF, 0xC5, 0xEE, 0xE2, 0x63, 0x68, 0x68, 0xE8, 0xD0, 0x36, 0x76, 0x4F, 0x79,
    0x00, 0xCC, 0xE7, 0x6D, 0xFD, 0x06, 0xFE, 0x71, 0xB1, 0xAA, 0x1E, 0xB4, 0x66, 0x57, 0x01, 0xDA,
    0x1C, 0x80, 0x8D, 0xC2, 0x2F, 0xA9, 0x5D, 0x05, 0xFA, 0xEB, 0x36, 0x13, 0x68, 0x5B, 0x57, 0x5B,
    0x21, 0x95, 0x21, 0xFC, 0x02, 0xB5, 0xEA, 0xB8, 0xC5, 0x2B, 0xF1, 0x38, 0x83, 0xE7, 0x78, 0x5B,
    0x23, 0xB4, 0x15, 0xFC, 0xDE, 0x5C, 0x92, 0xBB, 0xC5, 0x25, 0x2C, 0xDA, 0x64, 0xCF, 0x66, 0x2B,
    0x18, 0x07, 0x8E, 0xFE, 0x80, 0x88, 0xFE, 0x74, 0x46, 0xFD, 0x31, 0xCC, 0x5A, 0x87, 0xCD, 0x22,
    0x62, 0x09, 0xB4, 0x7F, 0x03, 0xE3, 0x41, 0xCE, 0xA9, 0x3E, 0x1F, 0x47, 0xF7, 0x76, 0xC3, 0x8A,
    0xA8, 0x9C, 0xA7, 0x52, 0xA8, 0xF4, 0x8F, 0xCE, 0xA3, 0xEE, 0x2B, 0x20, 0x8B, 0xE2, 0x61, 0x41,
    0x5F, 0x3F, 0xAC, 0xB8, 0x3B, 0x4B, 0x43, 0x57, 0x05, 0x93, 0x5A, 0xC7, 0x75, 0x65, 0x29, 0x29,
    0x49, 0xE3, 0x5C, 0x8A, 0x60, 0xA1, 0xEA, 0x0E, 0xEB, 0xE2, 0x61, 0x0A, 0x34, 0x79, 0x93, 0xBB,
    0xD6, 0xD4, 0xBE, 0x95, 0x8D, 0xE1, 0x0C, 0x6E, 0x83, 0x76, 0x31, 0x27, 0x3F, 0xB0, 0x8F, 0x7E,
    0x94, 0x75, 0xDA, 0x68, 0xF9, 0x3C, 0xD5, 0x9C, 0x6E, 0x8E, 0xF3, 0xE8, 0xA0, 0x1B, 0x60, 0x1A,
    0xC2, 0xBC, 0x51, 0x99, 0x17, 0x3B, 0x0B, 0xF5, 0x80, 0xDA, 0x96, 0x5C, 0xA7, 0xC3, 0x40, 0xC6,
    0x8F, 0x20, 0xD3, 0x45, 0xF3, 0x46, 0x64, 0xFC, 0x7A, 0xB9, 0xC9, 0x5B, 0x14, 0x37, 0x45, 0x33,
    0x69, 0x34, 0xB1, 0x9F, 0x57, 0x70, 0xB3, 0x25, 0xD9, 0x45, 0xDB, 0xA6, 0x4C, 0xB5, 0xDE, 0x90,
    0xAF, 0xEC, 0xE5, 0xB6, 0xED, 0x63, 0x85, 0x5D, 0x9A, 0x75, 0x86, 0xBD, 0xB6, 0x2B, 0xB3, 0x79,
    0x79, 0x69, 0x72, 0x55, 0x52, 0x90, 0x2D, 0x02, 0x63, 0x4A, 0x9A, 0x7F, 0x50, 0x59, 0x24, 0xD2,
    0x5E, 0xA3, 0x63, 0x9A, 0xEC, 0xF2, 0xA6, 0x3C, 0x7C, 0x19, 0x1B, 0x96, 0xD1, 0xE1, 0x86, 0x62,
    0x92, 0xD0, 0x42, 0x48, 0xD9, 0xA7, 0x22, 0x18, 0x75, 0xE8, 0x68, 0xCA, 0xB2, 0xBC, 0x4D, 0x11,
    0x91, 0x5F, 0x65, 0x3A, 0xB7, 0xCC, 0xBB, 0x10, 0x51, 0x73, 0x6A, 0xAE, 0x26, 0x37, 0x27, 0xDE,
    0xB2, 0xDC, 0x9C, 0xDD, 0xD9, 0x1D, 0xA4, 0xD1, 0x5B, 0x2D, 0x6E, 0xF5, 0x6F, 0x8B, 0xB6, 0x42,
    0x57, 0x9A, 0x2B, 0x73, 0xF7, 0xF4, 0x09, 0x3C, 0xEE, 0x40, 0x98, 0x79, 0x84, 0xB9, 0x6E, 0xC8,
    0x45, 0x54, 0xA6, 0xD1, 0xAB, 0xC2, 0x77, 0xED, 0x14, 0x29, 0xE1, 0xE1, 0x97, 0x44, 0xDA, 0x9E,
    0xB8, 0x70, 0x16, 0x9E, 0xCB, 0x21, 0x94, 0xEE, 0x24, 0xC9, 0x1E, 0xF5, 0x67, 0xC0, 0x1F, 0xD5,
    0x5D, 0xDA, 0x79, 0xE0, 0x52, 0x80, 0x7B, 0x69, 0xF2, 0x4D, 0x2E, 0xC0, 0x64, 0x3F, 0x4C, 0xF5,
    0xA9, 0x3D, 0x91, 0xE1, 0x20, 0xDA, 0x13, 0xCE, 0x7C, 0x69, 0xB6, 0x6F, 0xFE, 0x10, 0xC9, 0xAE,
    0xBA, 0xC5, 0x2D, 0xA1, 0x3D, 0xD0, 0xDD, 0xC6, 0xB2, 0x0D, 0x9B, 0x38, 0xEF, 0xEE, 0x7F, 0x21,
    0x8F, 0x03, 0x3B, 0xC9, 0xB4, 0xDC, 0x96, 0xE9, 0x15, 0xB5, 0x7F, 0x8B, 0x77, 0x09, 0xA4, 0x6D,
    0xF2, 0xFF, 0x27, 0x45, 0xDB, 0x8A, 0xF7, 0xD4, 0x81, 0xD7, 0xC4, 0x8F, 0x45, 0x0E, 0x55, 0xB8,
    0x4B, 0xC5, 0xF8, 0xB8, 0x3D, 0x60, 0x77, 0x0F, 0xD8, 0x01, 0x7C, 0x7F, 0xDB, 0xF8, 0xC9, 0xD9,
    0x93, 0xE3, 0x97, 0xD9, 0x01, 0xD6, 0xF6, 0xAF, 0x16, 0x57, 0x8B, 0xA8, 0x08, 0x2B, 0x2F, 0x5E,
    0xF8, 0x16, 0xED, 0x2B, 0xD7, 0x7C, 0x41, 0xFF, 0xA6, 0xF5, 0xC8, 0xAD, 0x5F, 0x19, 0x2E, 0xDD,
    0xF5, 0x95, 0x49, 0x48, 0x3E, 0x32, 0x79, 0xF8, 0x55, 0x88, 0x56, 0x72, 0x08, 0x17, 0xE0, 0xA1,
    0x47, 0x07, 0xEE, 0xED, 0x9B, 0x4D, 0x97, 0x2A, 0x4B, 0x78, 0xFA, 0xF0, 0xE6, 0x28, 0xA2, 0x25,
    0x86, 0x9A, 0x66, 0x34, 0xAF, 0x16, 0xED, 0xCD, 0xBF, 0xEB, 0xBF, 0xAF, 0x28, 0xC5, 0xA6, 0xA2,
    0x2E, 0xEF, 0x83, 0x2E, 0x60, 0x20, 0x34, 0x32, 0x12, 0x19, 0x1D, 0x89, 0x16, 0x34, 0x34, 0x42,
    0x92, 0x99, 0xEE, 0x75, 0xBE, 0x95, 0x8F, 0x8B, 0x50, 0xB8, 0x87, 0x06, 0x7F, 0x7A, 0x25, 0x84,
    0x42, 0xCF, 0x5C, 0x09, 0xF1, 0x81, 0x7F, 0xBD, 0x12, 0x4E, 0x8F, 0xBC, 0x74, 0x25, 0x3C, 0xE1,
    0x79, 0x6F, 0xD7, 0xCF, 0x59, 0x63, 0x22, 0x36, 0x22, 0xB0, 0x4C, 0x1D, 0x2C, 0x5E, 0xF4, 0x97,
    0x93, 0x8F, 0x1E, 0x9A, 0xF9, 0xE7, 0x1F, 0x4C, 0xCE, 0x78, 0x6F, 0x78, 0x6F, 0x4D, 0xAE, 0xF1,
    0xAF, 0x9C, 0xE4, 0x54, 0x3B, 0x83, 0xB3, 0xF9, 0x12, 0x38, 0x93, 0xB9, 0xFC, 0x6F, 0xDF, 0x09,
    0x9D, 0x99, 0x0D, 0xDF, 0xF9, 0xA3, 0xE9, 0x33, 0xFC, 0x2F, 0xA4, 0x67, 0x56, 0x5C, 0x89, 0xB3,
    0x2E, 0x44, 0x01, 0xA6, 0xD0, 0x51, 0x47, 0x13, 0xF1, 0x81, 0x17, 0x6E, 0xB2, 0x4F, 0x8F, 0xFC,
    0xD3, 0xA3, 0xCE, 0x13, 0x9E, 0xE7, 0xD5, 0xB2, 0xF3, 0xFD, 0x08, 0x93, 0x96, 0x95, 0xDC, 0x03,
    0x99, 0xCB, 0x73, 0x62, 0x36, 0x7C, 0x3B, 0x1A, 0x80, 0x35, 0xD9, 0xAD, 0x6D, 0x97, 0x41, 0xA8,
    0xED, 0x12, 0x08, 0x8D, 0x5D, 0x0B, 0xF1, 0x7B, 0xEE, 0x8B, 0x9F, 0x1E, 0x0B, 0xDF, 0xFB, 0x84,
    0x57, 0x4E, 0x2B, 0x42, 0x57, 0xB1, 0x4B, 0xE2, 0x5A, 0x9F, 0x12, 0x70, 0xDF, 0xC3, 0xE2, 0x00,
    0xA9, 0x3C, 0x19, 0x78, 0xEF, 0xFC, 0x91, 0xDC, 0x64, 0xEE, 0xAD, 0xBC, 0xDA, 0xA4, 0x13, 0x7F,
    0x4E, 0x0B, 0xF8, 0x9D, 0x63, 0xBC, 0xE8, 0x9A, 0x76, 0xC1, 0xA2, 0x30, 0xD4, 0xF4, 0x10, 0xC9,
    0x26, 0x7C, 0x0D, 0xD1, 0x2B, 0x32, 0x84, 0x86, 0x65, 0xD8, 0x2B, 0x05, 0x5F, 0x73, 0xE1, 0xC3,
    0x66, 0x89, 0xFE, 0xF3, 0x70, 0xC4, 0x89, 0x3A, 0x01, 0x4A, 0xFA, 0xDA, 0x1B, 0x58, 0x4C, 0xBA,
    0x23, 0xCA, 0x33, 0xA8, 0x17, 0xCD, 0x43, 0x4F, 0xF4, 0x7E, 0xBD, 0x74, 0x9F, 0x7B, 0x79, 0xFD,
    0x6F, 0x7B, 0x00, 0xF6, 0x42, 0x60, 0x11, 0x92, 0x2F, 0xDB, 0x23, 0x9A, 0x13, 0xBB, 0xDD, 0x41,
    0x05, 0x0D, 0xA9, 0xD2, 0x90, 0x68, 0x5B, 0xB0, 0xBE, 0x95, 0xBC, 0xE5, 0x8A, 0x33, 0x57, 0x11,
    0xB3, 0x3B, 0xA5, 0x3D, 0x77, 0xF0, 0x47, 0x91, 0xD3, 0xFD, 0xA5, 0x4E, 0x5B, 0xDD, 0x75, 0xCA,
    0x4E, 0xBE, 0xEC, 0x8C, 0xDC, 0xEE, 0x5C, 0x5D, 0x73, 0xCB, 0x40, 0x6A, 0x70, 0xC0, 0x4E, 0xE7,
    0x2F, 0xB3, 0x0F, 0x76, 0xE7, 0x0A, 0x5F, 0x2F, 0xA4, 0xEF, 0x68, 0x83, 0xEE, 0xA9, 0x81, 0x77,
    0xC1, 0x7D, 0xCE, 0x1F, 0x89, 0xEA, 0x57, 0x2C, 0x7F, 0x85, 0xBE, 0x4C, 0xA4, 0x8E, 0x6C, 0x29,
    0x67, 0x13, 0xA7, 0xD1, 0x32, 0x11, 0x30, 0xB3, 0x1E, 0x74, 0x8E, 0x3C, 0x0B, 0xE6, 0xD4, 0x1B,
    0xA8, 0x1F, 0xCE, 0x40, 0xFA, 0xE6, 0x22, 0x74, 0x2B, 0xAB, 0x77, 0xD5, 0x0D, 0xFD, 0x70, 0xAD,
    0xB8, 0x12, 0xE7, 0x60, 0x50, 0x19, 0x2D, 0x51, 0x71, 0x95, 0xFB, 0xB4, 0x93, 0x46, 0x04, 0xEC,
    0x41, 0x76, 0xD3, 0x53, 0xF7, 0x37, 0x15, 0x72, 0xED, 0x21, 0xC2, 0x12, 0xA6, 0x73, 0x1C, 0xC7,
    0x39, 0x2C, 0x28, 0x48, 0xDC, 0x8D, 0xF7, 0x06, 0xF3, 0x9A, 0x1B, 0x16, 0xAC, 0xCE, 0x6C, 0xF0,
    0x1B, 0xCE, 0x4C, 0x34, 0x3B, 0x83, 0x2F, 0x16, 0x34, 0x37, 0x1B, 0xBE, 0x39, 0x3F, 0xD2, 0x25,
    0x09, 0x4B, 0xC0, 0x7B, 0xDD, 0x22, 0xA4, 0x66, 0xA2, 0x62, 0xB0, 0x3F, 0x28, 0xB4, 0xD2, 0x0C,
    0xCA, 0xFD, 0xBC, 0x22, 0xBA, 0xF7, 0xB8, 0xA9, 0xE3, 0x83, 0x61, 0xAD, 0xC4, 0x9A, 0x40, 0x04,
    0x06, 0x3C, 0x48, 0x3D, 0x0B, 0x83, 0x6F, 0xD0, 0x4A, 0x26, 0x64, 0xD0, 0xD8, 0x94, 0x8F, 0x95,
    0x97, 0xBB, 0x0E, 0xA1, 0xBA, 0xB0, 0xBD, 0xCD, 0xF3, 0x23, 0x94, 0x03, 0x63, 0xDC, 0x0F, 0x07,
    0x82, 0x90, 0x2C, 0x57, 0x9D, 0xE8, 0x9B, 0xEF, 0x7E, 0x5F, 0xF4, 0xFF, 0x98, 0x52, 0xA6, 0xBB,
    0x58, 0xC5, 0xA6, 0x2D, 0xCC, 0xD8, 0xCA, 0x4E, 0xE2, 0x35, 0xBB, 0x77, 0xD4, 0x9F, 0xDB, 0xD5,
    0x19, 0xC9, 0x8E, 0xA5, 0xB7, 0x27, 0xC5, 0xDE, 0x31, 0x4A, 0xA2, 0x58, 0x9E, 0x3B, 0xE9, 0xDD,
    0xE8, 0x09, 0x66, 0xB7, 0x1A, 0xB2, 0xF8, 0xC0, 0x93, 0xE3, 0x6B, 0xAB, 0x9D, 0xA6, 0x92, 0x51,
    0x41, 0x55, 0x9B, 0x0E, 0x2B, 0xCF, 0xFE, 0xF7, 0xFE, 0x75, 0xA6, 0x08, 0x72, 0x80, 0x55, 0xCF,
    0x6B, 0xF8, 0x34, 0x9C, 0x9C, 0x5D, 0x56, 0x06, 0x60, 0x14, 0x3A, 0xF0, 0x19, 0x55, 0x31, 0x04,
    0x5E, 0x76, 0x85, 0x3C, 0x02, 0xFB, 0x82, 0x76, 0x62, 0xCE, 0x73, 0xCB, 0x51, 0xD7, 0x8F, 0x6F,
    0xB0, 0x67, 0xC7, 0xE6, 0x2D, 0x4D, 0xF3, 0x75, 0xBA, 0xFA, 0xAE, 0xA8, 0xEA, 0xCD, 0xC3, 0x6E,
    0x64, 0x42, 0x9E, 0x53, 0x8A, 0x88, 0x06, 0xD5, 0x67, 0xD3, 0xAE, 0xAE, 0x11, 0xAA, 0xCD, 0x35,
    0x83, 0x79, 0x20, 0x3D, 0x66, 0x5A, 0x05, 0x4E, 0xA7, 0xFD, 0x28, 0x65, 0x64, 0x2A, 0xB1, 0xD0,
    0x33, 0x60, 0x38, 0xA6, 0xA3, 0xA9, 0xCB, 0x24, 0xBD, 0x6A, 0xBC, 0x07, 0x42, 0xCE, 0x2B, 0x2E,
    0x87, 0x55, 0x0D, 0x9D, 0x11, 0xCA, 0xB7, 0xEF, 0xE8, 0xA1, 0xD8, 0x91, 0xEE, 0xAE, 0xE8, 0x66,
    0xAB, 0x77, 0x37, 0x6F, 0x3E, 0x76, 0xD5, 0xF2, 0xE3, 0x78, 0x69, 0x25, 0xB6, 0x7D, 0x2C, 0x57,
    0xBE, 0x9F, 0xDC, 0x18, 0xBB, 0x3D, 0x23, 0x14, 0x03, 0xA6, 0x48, 0x70, 0x64, 0x64, 0x13, 0xEC,
    0xF6, 0x28, 0xEC, 0x76, 0xF0, 0x1B, 0x5E, 0xF9, 0xD0, 0x9A, 0x7F, 0x32, 0xF0, 0xE1, 0x28, 0xEA,
    0xAD, 0xE6, 0xF0, 0xD8, 0x2B, 0xBF, 0xAF, 0x33, 0x7D, 0x1B, 0x3C, 0x06, 0x86, 0x08, 0x3A, 0xBA,
    0xD0, 0xB1, 0xF4, 0xFF, 0xFC, 0x5C, 0x97, 0xBC, 0x40, 0x45, 0xF2, 0x51, 0x88, 0x38, 0xCB, 0x52,
    0xC7, 0x21, 0xD7, 0x6D, 0xC6, 0xDF, 0x3D, 0x61, 0xB6, 0xA6, 0x2D, 0xEB, 0x62, 0xB7, 0x35, 0x5B,
    0xFD, 0x77, 0x28, 0x38, 0x12, 0x6A, 0xF5, 0xF3, 0x9E, 0xD0, 0xCA, 0xEF, 0xFB, 0x22, 0xCD, 0x44,
    0x64, 0x64, 0x22, 0x5E, 0x8A, 0x4C, 0x84, 0x06, 0xB0, 0x9C, 0xDA, 0x08, 0x91, 0xED, 0x1D, 0xE4,
    0xD1, 0xC1, 0x52, 0xBE, 0x09, 0x76, 0x6D, 0x05, 0x91, 0xAD, 0xFE, 0x37, 0x8F, 0xFF, 0x03, 0xE5,
    0x3D, 0x4D, 0x6C, 0x1C, 0xD7, 0x79, 0xDF, 0xEC, 0x90, 0x5E, 0x91, 0x13, 0x6B, 0x98, 0x54, 0x6E,
    0xE8, 0x88, 0xDA, 0xF5, 0x41, 0x07, 0x15, 0xD1, 0xEE, 0x5E, 0x7C, 0x10, 0x8A, 0x59, 0xEE, 0x54,
    0x41, 0x6B, 0xC0, 0x06, 0x0A, 0x1E, 0xEC, 0x1C, 0xEA, 0x00, 0xD1, 0xA1, 0xE7, 0x48, 0x69, 0x75,
    0xD8, 0xC3, 0xCA, 0x3B, 0x96, 0xD1, 0xF8, 0x10, 0x04, 0x60, 0x0A, 0xE4, 0xE4, 0x43, 0xD4, 0xA6,
    0x41, 0x51, 0xB9, 0x80, 0x79, 0x20, 0x0A, 0xA6, 0xA6, 0xB4, 0x13, 0xA7, 0x41, 0x0F, 0x3D, 0x78,
    0x12, 0x1F, 0x7D, 0xC8, 0xB8, 0x95, 0xDB, 0x26, 0x6E, 0xEC, 0x09, 0xBA, 0xA9, 0x57, 0xD5, 0x72,
    0xA7, 0xDF, 0xDF, 0x9B, 0x9D, 0x5D, 0x92, 0x12, 0x45, 0x2E, 0xC9, 0xA5, 0xBB, 0x24, 0xDF, 0xCC,
    0xFE, 0xBD, 0xF7, 0xFD, 0x7F, 0xDF, 0xFB, 0xDE, 0xF7, 0x1E, 0x01, 0x66, 0x41, 0x1E, 0x8E, 0xB9,
    0x9E, 0xD1, 0xEB, 0x40, 0xAF, 0x2F, 0xC8, 0xB5, 0xFC, 0x0D, 0xB9, 0xD6, 0x7A, 0xF0, 0x90, 0x87,
    0xB7, 0xD3, 0xF5, 0x09, 0xBD, 0xD6, 0x7C, 0xBE, 0x5A, 0x29, 0x40, 0xC3, 0x07, 0xB8, 0x9A, 0x06,
    0xE0, 0x0E, 0x6E, 0xBF, 0x95, 0x3E, 0x97, 0xFA, 0x85, 0x34, 0x4D, 0xEF, 0x59, 0xA9, 0x0F, 0xB3,
    0x7F, 0xB7, 0x42, 0x1F, 0x3D, 0x03, 0x17, 0xE1, 0xE2, 0x4A, 0xAD, 0x57, 0xB9, 0x78, 0x63, 0xA3,
    0x13, 0x4B, 0x5F, 0x45, 0xDF, 0x09, 0xEC, 0xD0, 0x0E, 0x0B, 0x91, 0x85, 0x3F, 0x76, 0xD8, 0x09,
    0xB6, 0xA8, 0x37, 0x00, 0x3B, 0x00, 0xFB, 0x7B, 0x60, 0xA7, 0xBE, 0xFD, 0x93, 0xC0, 0x79, 0xC3,
    0x77, 0xB7, 0x72, 0x00, 0xAD, 0x01, 0x24, 0xF4, 0x6B, 0x25, 0x60, 0x77, 0xA1, 0x93, 0x76, 0x07,
    0xE5, 0xEE, 0x08, 0xC4, 0x6E, 0xAE, 0xBD, 0xB2, 0x4A, 0xED, 0xFD, 0x84, 0xDA, 0x6B, 0xD1, 0x38,
    0x6E, 0x4F, 0xF8, 0xD4, 0x36, 0xF8, 0xDD, 0x01, 0x51, 0xC1, 0x4A, 0x5A, 0xD8, 0x16, 0x22, 0x0F,
    0xB1, 0x2A, 0x84, 0x15, 0x6A, 0x63, 0x6A, 0xAD, 0x74, 0x8B, 0xF0, 0x6C, 0x73, 0x0B, 0x1E, 0xE1,
    0x0A, 0x2D, 0xC4, 0xF4, 0xF6, 0x9B, 0x5D, 0xC2, 0x33, 0x8D, 0x60, 0xF6, 0xF6, 0x0F, 0x5F, 0x94,
    0x4E, 0x17, 0xB4, 0x73, 0x03, 0xD4, 0xBA, 0x5C, 0x0A, 0xCA, 0x16, 0xE7, 0x5D, 0xC5, 0xFD, 0xF9,
    0x5D, 0x08, 0xAE, 0xDF, 0xB7, 0x95, 0x5B, 0xEE, 0x27, 0x01, 0xD3, 0xB8, 0x66, 0x87, 0x7C, 0xAD,
    0x17, 0x62, 0xBE, 0x7A, 0x56, 0xAC, 0xCF, 0x23, 0xBE, 0x96, 0x9D, 0x90, 0x79, 0xE0, 0x20, 0xC9,
    0x09, 0x32, 0x84, 0x8A, 0x79, 0x90, 0xBE, 0x81, 0x4C, 0x99, 0xBD, 0xFD, 0x92, 0xE9, 0x7B, 0x03,
    0xA0, 0x09, 0x85, 0x3F, 0x82, 0xE2, 0xBB, 0x41, 0xE1, 0x75, 0x33, 0xE6, 0x19, 0xC4, 0xD0, 0xB7,
    0x3F, 0x0A, 0x9D, 0xCB, 0xB1, 0x0B, 0x09, 0xFD, 0xFA, 0x89, 0x93, 0x26, 0x85, 0x34, 0x41, 0x02,
    0xC0, 0xD9, 0xB0, 0x93, 0x42, 0x7A, 0x8F, 0x3F, 0x39, 0x43, 0x43, 0xAA, 0x18, 0xDC, 0xF4, 0xA1,
    0xF0, 0x1F, 0x21, 0x58, 0x3F, 0x0F, 0x86, 0xD0, 0x93, 0xAC, 0xE1, 0x80, 0xF6, 0x83, 0x18, 0x9C,
    0x1F, 0x27, 0xE0, 0xFA, 0xEB, 0xC8, 0x09, 0xFC, 0xF3, 0xBB, 0x50, 0x7C, 0x07, 0x7B, 0x43, 0x52,
    0x75, 0x90, 0x5E, 0xE9, 0xBF, 0xA7, 0x19, 0x37, 0xF2, 0x3C, 0x92, 0xFB, 0xA3, 0xE7, 0x5A, 0xE1,
    0xF9, 0x51, 0xEE, 0x98, 0xE7, 0xD3, 0xC0, 0xB5, 0xC2, 0xB7, 0x98, 0x59, 0xDF, 0x3A, 0x00, 0xD7,
    0xFE, 0x32, 0x60, 0x4E, 0xC1, 0xCD, 0x60, 0x22, 0x5C, 0x9B, 0x45, 0x8D, 0x6E, 0x0C, 0x7C, 0x58,
    0xEE, 0xDC, 0x5F, 0x01, 0xAB, 0xD3, 0x45, 0x38, 0x12, 0x28, 0xE3, 0x50, 0x77, 0x91, 0x02, 0xC8,
    0x17, 0x17, 0xBB, 0x2E, 0xB3, 0x90, 0x44, 0xD0, 0x44, 0x3D, 0x5D, 0x87, 0x55, 0xF9, 0xC3, 0xFB,
    0x0D, 0x88, 0x81, 0xD8, 0x45, 0x58, 0xBB, 0xF7, 0x67, 0x37, 0x10, 0xDB, 0x1E, 0x9C, 0x1D, 0xF8,
    0xD4, 0x27, 0x77, 0x2A, 0xBD, 0x72, 0xB7, 0xDC, 0x2F, 0x94, 0x3F, 0xC6, 0x77, 0xEE, 0xBA, 0xD4,
    0xB5, 0x8B, 0x54, 0x0A, 0x8A, 0x11, 0x76, 0x8E, 0x20, 0x61, 0xEF, 0xED, 0x88, 0xBA, 0xE7, 0xBE,
    0xB5, 0xA1, 0xA7, 0x34, 0x04, 0x8F, 0xC1, 0x83, 0xF0, 0x28, 0xC0, 0xC3, 0xD0, 0x38, 0xE0, 0x20,
    0x9C, 0x65, 0xA2, 0xEE, 0xCB, 0x24, 0x3B, 0x6D, 0x44, 0xA8, 0x11, 0x43, 0x61, 0x0B, 0x07, 0x8C,
    0x20, 0x45, 0x43, 0x93, 0xAE, 0xE6, 0xD8, 0x3A, 0xAF, 0x96, 0x64, 0x8E, 0xB0, 0xD6, 0x7B, 0x7C,
    0x8D, 0xFA, 0xE0, 0x4E, 0xB4, 0x17, 0xEE, 0x86, 0xFA, 0xC1, 0x71, 0x02, 0xEC, 0xE9, 0x3D, 0xEA,
    0xAA, 0x90, 0x86, 0xD8, 0x57, 0x3B, 0xCC, 0x75, 0x77, 0x8E, 0x9A, 0x2A, 0x35, 0xA7, 0xB2, 0xA6,
    0x6A, 0xDE, 0x60, 0xAA, 0xE2, 0xD7, 0x97, 0x3B, 0x03, 0xBC, 0xEB, 0xF4, 0xF1, 0xAF, 0x07, 0x0E,
    0x52, 0xE1, 0x15, 0xEC, 0x16, 0x2F, 0x28, 0x2A, 0x4C, 0x55, 0x52, 0xBF, 0xD6, 0xEC, 0x29, 0x58,
    0x77, 0xAB, 0xB0, 0x3E, 0x7F, 0x8E, 0x0D, 0x0C, 0x6A, 0x35, 0xDC, 0x10, 0x83, 0x0C, 0xCE, 0xFD,
    0x3F, 0xDC, 0xB4, 0xD2, 0xB4, 0x0F, 0x5F, 0x1A, 0x04, 0x42, 0x55, 0x02, 0x54, 0x7A, 0xE5, 0x6E,
    0xA9, 0x5F, 0x70, 0x7E, 0x1B, 0x51, 0xCF, 0x31, 0x75, 0x9D, 0x50, 0xDF, 0x77, 0xA8, 0xF3, 0x46,
    0x1F, 0x7B, 0x77, 0xFA, 0xD4, 0x3D, 0xF7, 0xCF, 0x03, 0x88, 0x09, 0xA3, 0x21, 0x78, 0x0C, 0x1E,
    0x84, 0x47, 0x01, 0x1E, 0x86, 0xC6, 0x79, 0x3C, 0xAA, 0x92, 0x7E, 0x93, 0x76, 0xE3, 0x75, 0xBF,
    0x94, 0xFC, 0x2B, 0xFC, 0x86, 0xF5, 0xDF, 0xB1, 0xDE, 0xED, 0x99, 0x74, 0x88, 0x57, 0xCB, 0xFD,
    0x86, 0x92, 0x2D, 0x56, 0x81, 0x5C, 0x9D, 0x14, 0xE9, 0x66, 0x4F, 0x21, 0xE9, 0xB0, 0x7B, 0x43,
    0xB5, 0x38, 0x13, 0xC8, 0xD5, 0x89, 0x91, 0x0E, 0xDF, 0xFE, 0x1F, 0x21, 0x1D, 0x0B, 0xA3, 0x2B,
    0x36, 0x79, 0xBF, 0x64, 0xFC, 0x6B, 0x26, 0x23, 0x7D, 0xF6, 0xBB, 0xC1, 0x88, 0x7C, 0xCE, 0x3C,
    0x8E, 0x40, 0xCE, 0x2F, 0x21, 0x55, 0x97, 0x11, 0x6B, 0x14, 0xCA, 0x27, 0x48, 0x30, 0x97, 0x61,
    0x03, 0x5F, 0x9B, 0x10, 0x55, 0xE7, 0x97, 0x88, 0xAA, 0xCB, 0xC0, 0xFD, 0xF3, 0x00, 0x3C, 0x02,
    0x0F, 0x31, 0x21, 0xAA, 0x5E, 0x1B, 0x0A, 0x64, 0x26, 0x9C, 0xD7, 0x0E, 0x20, 0x9C, 0xA1, 0x11,
    0x4E, 0xA6, 0xEA, 0x77, 0x87, 0xB2, 0x1A, 0x8A, 0x1D, 0x41, 0xC4, 0x1C, 0x34, 0xB7, 0x11, 0x05,
    0x31, 0x90, 0xA8, 0x53, 0x86, 0xD6, 0x22, 0xF4, 0x1A, 0x69, 0x72, 0x36, 0x55, 0xCB, 0x8C, 0x26,
    0xDF, 0x66, 0xC3, 0xCF, 0xA6, 0x87, 0x28, 0x4D, 0x86, 0x15, 0x3D, 0x0A, 0x99, 0x77, 0xFE, 0x1E,
    0x2B, 0x65, 0x8B, 0xF5, 0x72, 0x11, 0x52, 0xA4, 0x6B, 0xDA, 0x3D, 0x9B, 0xDE, 0xCC, 0xC2, 0x21,
    0x0B, 0x6D, 0xBD, 0xFD, 0x7E, 0xC8, 0x57, 0x76, 0x1E, 0xBE, 0xFD, 0x82, 0x79, 0x6F, 0x6F, 0x50,
    0xE0, 0xB7, 0xE8, 0x6B, 0x60, 0x7F, 0x3B, 0x87, 0xDE, 0x7E, 0xA0, 0x91, 0xC8, 0x63, 0xDD, 0x80,
    0xF1, 0xED, 0xC7, 0x03, 0x83, 0xDD, 0x2B, 0xF5, 0xDE, 0x9C, 0x20, 0x48, 0x3E, 0x58, 0x48, 0x9A,
    0x9F, 0xA2, 0xCC, 0x84, 0xD6, 0xBF, 0x86, 0xC5, 0xF7, 0x43, 0x13, 0x20, 0x3F, 0x0E, 0x60, 0x28,
    0x79, 0x16, 0x71, 0xFB, 0xA7, 0xE4, 0x41, 0xB1, 0xBB, 0x0F, 0x42, 0xC0, 0x9E, 0xA0, 0x38, 0x18,
    0x8B, 0x0F, 0x26, 0x49, 0xB3, 0x19, 0xF6, 0x01, 0x55, 0x56, 0x7E, 0xC7, 0xC7, 0x28, 0x1A, 0x8A,
    0x01, 0xB5, 0x2E, 0x0F, 0xD1, 0x22, 0x05, 0xAA, 0x45, 0xD0, 0x06, 0x38, 0xAF, 0x94, 0x4B, 0xE4,
    0xAF, 0x80, 0x5E, 0xCC, 0xFD, 0x3E, 0x52, 0xEF, 0x8F, 0x73, 0x80, 0xCD, 0x68, 0x30, 0x57, 0x55,
    0x63, 0x82, 0x1D, 0x42, 0x11, 0x01, 0x44, 0x2F, 0x0B, 0x45, 0x8C, 0xEB, 0xDD, 0xB6, 0x00, 0x7E,
    0x43, 0x74, 0x1E, 0x3B, 0xA6, 0x9E, 0xB9, 0xEB, 0x11, 0x0A, 0x7E, 0x40, 0x14, 0x1C, 0x41, 0xFB,
    0x71, 0xC0, 0xB4, 0x7C, 0x0E, 0xFA, 0xA1, 0xF0, 0x17, 0xA4, 0x5B, 0x28, 0xAD, 0xEF, 0xA1, 0x06,
    0xBF, 0x81, 0x9F, 0xDD, 0x1A, 0xA3, 0xE3, 0x41, 0xC0, 0xA5, 0x07, 0xCF, 0x45, 0x8A, 0x1C, 0x3B,
    0x36, 0x48, 0x99, 0x0B, 0x3C, 0x40, 0x99, 0xC3, 0x9A, 0x57, 0x20, 0xF3, 0x73, 0x7A, 0xEF, 0xB2,
    0x56, 0x63, 0x48, 0x43, 0x43, 0xF6, 0x25, 0x72, 0xE3, 0xD6, 0xE5, 0xD6, 0xF1, 0xA5, 0xA5, 0x30,
    0xA3, 0x4C, 0xF1, 0xDB, 0x9B, 0x03, 0xE0, 0x79, 0x0F, 0xF2, 0xFB, 0xF6, 0x8B, 0x23, 0x91, 0xA1,
    0x0C, 0xC9, 0xB6, 0x03, 0x07, 0x15, 0x32, 0x95, 0xE3, 0xDC, 0x50, 0x3A, 0xAE, 0x18, 0x34, 0x7C,
    0x4F, 0x6C, 0x40, 0x31, 0x16, 0x74, 0x7B, 0xA0, 0x83, 0x4B, 0xD4, 0x28, 0x17, 0x47, 0x62, 0x4C,
    0x27, 0xE2, 0x38, 0xA7, 0xD6, 0x65, 0x08, 0xB6, 0x3A, 0x11, 0x81, 0x10, 0x97, 0xA3, 0x0C, 0x86,
    0x05, 0x28, 0x24, 0x50, 0x8B, 0xAD, 0x01, 0xB8, 0x31, 0x34, 0xF8, 0xBB, 0x0D, 0xFE, 0x1A, 0x51,
    0x08, 0x65, 0xAF, 0x86, 0xF8, 0x30, 0x73, 0x50, 0x30, 0x9D, 0x80, 0xA2, 0xC6, 0x5E, 0x06, 0x3A,
    0x7E, 0x13, 0xBF, 0xCA, 0x10, 0xE3, 0x97, 0xE9, 0x7B, 0x3C, 0xE6, 0xB2, 0x12, 0x87, 0xA2, 0x3D,
    0xE8, 0x9B, 0x17, 0x94, 0x17, 0x36, 0x7E, 0xD0, 0xE9, 0x61, 0xC4, 0xD8, 0x8E, 0xD3, 0xAE, 0x93,
    0x64, 0xD6, 0x48, 0x22, 0x69, 0x8E, 0xDE, 0xEF, 0x0A, 0x72, 0xC4, 0x8D, 0xF6, 0x73, 0xF4, 0x89,
    0x2E, 0x73, 0xE3, 0xF2, 0x61, 0x73, 0xC3, 0x82, 0x1C, 0x10, 0x02, 0x05, 0x82, 0xC1, 0x2C, 0x12,
    0x38, 0x10, 0x10, 0xE6, 0xCA, 0xE5, 0xA3, 0x65, 0x11, 0x3B, 0xD3, 0xB6, 0x5F, 0xEC, 0x2E, 0xD4,
    0x6E, 0x26, 0x1B, 0xB5, 0xF8, 0xF3, 0x8F, 0xCD, 0x2B, 0xE9, 0x02, 0xFB, 0x00, 0xEC, 0x04, 0xB0,
    0x17, 0xC0, 0x6E, 0xE0, 0x0B, 0x9F, 0x11, 0xBE, 0x0D, 0x1F, 0x17, 0xB9, 0xAD, 0x73, 0xBB, 0x98,
    0x6B, 0xEB, 0xB9, 0x77, 0xA7, 0x99, 0xCF, 0xDB, 0x71, 0x51, 0xD0, 0x15, 0x0F, 0x73, 0xA9, 0x8F,
    0x7C, 0x64, 0x02, 0xF2, 0x51, 0x10, 0x57, 0x16, 0x90, 0xAD, 0xC5, 0x9B, 0x42, 0x78, 0xA8, 0x42,
    0x53, 0x20, 0x3F, 0x87, 0xF2, 0x60, 0x05, 0x6A, 0xDC, 0x23, 0xC8, 0x86, 0x94, 0x07, 0x7F, 0xF4,
    0xF7, 0xB8, 0xF5, 0x98, 0x5D, 0xE7, 0xA7, 0x42, 0xC4, 0x04, 0x03, 0x81, 0x4B, 0x01, 0x33, 0x90,
    0x4D, 0x95, 0x1C, 0x75, 0x61, 0xA9, 0x0B, 0xCB, 0x0B, 0xB0, 0x38, 0x01, 0xC3, 0x81, 0x9F, 0xC0,
    0xCE, 0xA8, 0x37, 0xEE, 0xEE, 0x10, 0xE4, 0xE1, 0xBC, 0x52, 0x83, 0x31, 0xAE, 0x00, 0x94, 0xF0,
    0xA6, 0x8C, 0x7F, 0xAE, 0xFE, 0xD1, 0xF3, 0x3A, 0x82, 0xD8, 0x77, 0x3F, 0x7C, 0x39, 0x41, 0x64,
    0x03, 0xF8, 0xD2, 0xDF, 0x8C, 0xA6, 0x20, 0xB9, 0xA9, 0x00, 0x7D, 0x97, 0xEE, 0xCB, 0xC4, 0x51,
    0x97, 0x32, 0x3B, 0xEE, 0x1D, 0x4F, 0x5F, 0xAB, 0x10, 0x92, 0x9B, 0x80, 0x5D, 0x74, 0xC1, 0x4E,
    0x31, 0x1A, 0x83, 0x2F, 0xFF, 0x52, 0x6D, 0x01, 0xE5, 0x42, 0x8B, 0x67, 0x80, 0xE3, 0xB2, 0xE2,
    0x0B, 0x92, 0xFB, 0xDC, 0x9E, 0xF7, 0xDC, 0x1F, 0x94, 0x56, 0x96, 0x6C, 0xA5, 0x11, 0x24, 0xF4,
    0xA3, 0x31, 0x24, 0xC1, 0xFA, 0x90, 0xEC, 0xEA, 0xC1, 0xF0, 0x3A, 0xF4, 0x84, 0xEA, 0x02, 0x3D,
    0x2D, 0x02, 0xFD, 0x16, 0x7E, 0x0D, 0xC5, 0x1E, 0x23, 0x1A, 0x50, 0x44, 0x60, 0xF5, 0xC1, 0xFE,
    0x04, 0x5C, 0xC7, 0x2F, 0xD9, 0xA1, 0x57, 0x08, 0x3D, 0x2B, 0xF2, 0x0A, 0xD1, 0x72, 0x31, 0xAC,
    0xA5, 0x7E, 0x71, 0x4B, 0xB2, 0x49, 0x7D, 0x8D, 0x8B, 0x49, 0x2F, 0x1F, 0xE0, 0x75, 0x20, 0xB1,
    0xB2, 0x24, 0xC9, 0x42, 0xF9, 0xAB, 0x85, 0xA8, 0x84, 0x21, 0xB8, 0x38, 0x8D, 0xAA, 0x52, 0x3E,
    0x4C, 0xFF, 0x1A, 0x5F, 0x8D, 0x70, 0xD2, 0x85, 0x31, 0xC7, 0xDD, 0xAE, 0x04, 0xD5, 0xF4, 0x41,
    0xD8, 0xE3, 0xD8, 0xCA, 0x80, 0x32, 0x86, 0x82, 0x75, 0x8C, 0x35, 0x9B, 0x38, 0xCE, 0xF5, 0x02,
    0x65, 0xA1, 0xBA, 0x48, 0xC9, 0x4E, 0x78, 0xC6, 0xF4, 0xB5, 0x0B, 0xA9, 0xE6, 0xE1, 0x73, 0x68,
    0x32, 0xE6, 0xC1, 0xF6, 0x25, 0x54, 0x4F, 0xFD, 0xAB, 0xF0, 0xE0, 0x72, 0x0A, 0xF6, 0x6B, 0x11,
    0xD8, 0xFF, 0x82, 0x71, 0xE9, 0xFB, 0x04, 0x12, 0xCD, 0x58, 0x55, 0xEC, 0x67, 0x8C, 0x79, 0x0E,
    0x44, 0xB3, 0x1D, 0x44, 0xBC, 0x81, 0x6F, 0x36, 0x51, 0x59, 0xD7, 0xDD, 0x04, 0xFF, 0x36, 0xA1,
    0x55, 0xAD, 0xC3, 0x72, 0xAB, 0x04, 0x6E, 0xB7, 0xDA, 0x4E, 0xD3, 0xAD, 0xF6, 0xFD, 0x76, 0x77,
    0x98, 0x76, 0xE3, 0xDE, 0x6C, 0x9A, 0x4C, 0x38, 0xAF, 0x23, 0x68, 0x2E, 0x11, 0xA6, 0x42, 0x8D,
    0x87, 0xBA, 0x0A, 0x1E, 0xC5, 0xB8, 0x75, 0xB4, 0x3B, 0x6D, 0xCA, 0x0C, 0xB6, 0xB7, 0x5E, 0x4E,
    0x29, 0xE3, 0x1E, 0x93, 0xD9, 0x58, 0x23, 0x9D, 0xA6, 0x64, 0xDB, 0x03, 0x9E, 0x8F, 0x12, 0x5A,
    0x4F, 0xE5, 0x6C, 0xD8, 0x1D, 0xCA, 0x9E, 0x61, 0xBC, 0xFD, 0x49, 0x0C, 0xEE, 0x57, 0x7A, 0xE0,
    0x62, 0x04, 0xE7, 0x16, 0x7E, 0xE1, 0xBB, 0x5F, 0xF9, 0xE7, 0xB0, 0xF8, 0x8B, 0xD7, 0x42, 0x3B,
    0x45, 0x94, 0x51, 0x96, 0x06, 0x2F, 0xA4, 0x43, 0x8F, 0x49, 0xD1, 0x72, 0x87, 0x04, 0x01, 0x25,
    0x21, 0x42, 0xDE, 0x87, 0x38, 0x0F, 0xF7, 0x13, 0xFC, 0x5E, 0x04, 0xEE, 0xD7, 0x39, 0x05, 0x18,
    0xA7, 0xDF, 0x4B, 0x63, 0xD7, 0xBF, 0x88, 0xF8, 0x9E, 0xC3, 0xCF, 0x54, 0x30, 0x30, 0x44, 0x84,
    0x09, 0x9F, 0x59, 0xDF, 0x78, 0xDD, 0x72, 0x38, 0x8C, 0x74, 0x37, 0x12, 0xCE, 0xCF, 0x92, 0x52,
    0x15, 0xA3, 0x4B, 0xF4, 0xA6, 0x3F, 0x74, 0x6E, 0xB2, 0xA4, 0xC0, 0x39, 0x3A, 0x28, 0x0F, 0x6E,
    0xDF, 0xEE, 0xF4, 0x38, 0xF5, 0x89, 0x00, 0xFC, 0xC9, 0x0F, 0xD1, 0xFC, 0xCF, 0xBE, 0x45, 0xCF,
    0xFB, 0xB5, 0xFB, 0x2F, 0x12, 0x32, 0x8C, 0x14, 0xE9, 0x52, 0x63, 0x95, 0xD2, 0xA5, 0x94, 0x4D,
    0x40, 0x0B, 0xB6, 0xA2, 0x66, 0x3F, 0x5B, 0xEE, 0x90, 0xD6, 0xFE, 0x2F, 0xBE, 0x67, 0x32, 0x5B,
    0x93, 0x85, 0x6A, 0x45, 0xC6, 0x73, 0x74, 0x2C, 0x1A, 0x89, 0xC6, 0xE1, 0x41, 0xF6, 0x00, 0xF1,
    0xF9, 0xD6, 0x85, 0x0B, 0xAD, 0xF3, 0xE7, 0xAF, 0xB4, 0x7A, 0x17, 0xAE, 0x5D, 0xA0, 0xF6, 0x8A,
    0x85, 0xB4, 0x2C, 0x06, 0xF2, 0x8A, 0xED, 0x3B, 0x61, 0xC1, 0xF7, 0xD6, 0xBD, 0xEE, 0x02, 0x3E,
    0xBC, 0xAE, 0xB7, 0x5E, 0x40, 0x07, 0x6D, 0xFB, 0xF4, 0xC9, 0xF3, 0x57, 0x8A, 0x81, 0x13, 0x5A,
    0x20, 0xDF, 0xD2, 0x1E, 0xAE, 0xD1, 0xEB, 0x72, 0x0F, 0xF0, 0x9E, 0xFF, 0x6F, 0xFC, 0x03, 0x40,
    0x43, 0xF0, 0x40, 0x67, 0x5A, 0x97, 0x08, 0x97, 0x6F, 0x86, 0xDF, 0x0C, 0x09, 0xA3, 0x19, 0x58,
    0x82, 0xA5, 0x95, 0x72, 0xBF, 0x74, 0xF1, 0xC6, 0x26, 0xD9, 0x8C, 0x45, 0xFC, 0x29, 0xC5, 0xA5,
    0x6B, 0x37, 0xD6, 0xDA, 0xAB, 0x68, 0xFD, 0x2C, 0x14, 0xF4, 0xE7, 0xA0, 0x7C, 0x16, 0xDA, 0xFD,
    0x7C, 0x18, 0x55, 0x64, 0xD2, 0x15, 0xD9, 0x7D, 0x9D, 0x79, 0x86, 0x69, 0xD4, 0x23, 0xB9, 0xBC,
    0x70, 0xDD, 0x1D, 0x5F, 0x70, 0xF1, 0xA9, 0xB5, 0x23, 0xCE, 0x4C, 0xF9, 0xE4, 0x12, 0xCE, 0x71,
    0x0C, 0xE6, 0x72, 0x6B, 0x87, 0xE4, 0x87, 0xA5, 0x6D, 0xF8, 0xD4, 0x3E, 0x8B, 0xB8, 0x8B, 0xDB,
    0x63, 0x5F, 0xCD, 0xFE, 0xB9, 0x26, 0x3E, 0x8F, 0xFD, 0x73, 0x9C, 0xF9, 0x67, 0x0D, 0xE8, 0x04,
    0x14, 0x85, 0x45, 0x81, 0x51, 0x68, 0x32, 0x70, 0x60, 0xE4, 0xC2, 0x10, 0x29, 0x48, 0x0A, 0x93,
    0x02, 0xA5, 0x50, 0x31, 0x40, 0xE0, 0x99, 0x0B, 0x01, 0x06, 0x02, 0x59, 0xDE, 0x23, 0xBB, 0x92,
    0xA7, 0x47, 0x6F, 0xC8, 0xD1, 0x43, 0x2A, 0xE0, 0xB5, 0x0D, 0x7C, 0xA7, 0x78, 0x46, 0x7A, 0x6E,
    0x1D, 0x66, 0x7A, 0xE8, 0x46, 0x17, 0x2A, 0xFB, 0x9A, 0x70, 0x2D, 0xAA, 0xF4, 0x5D, 0x40, 0xC1,
    0xF9, 0x7C, 0xB2, 0x00, 0xAD, 0xCB, 0x18, 0xCF, 0x4C, 0x62, 0xF2, 0xE5, 0x93, 0xE1, 0x44, 0x63,
    0x4E, 0x89, 0xDC, 0x35, 0xB0, 0x62, 0x63, 0x8A, 0x57, 0xA0, 0xD8, 0x87, 0x72, 0x07, 0xAD, 0x8C,
    0x7F, 0xA9, 0x18, 0x34, 0xED, 0xA0, 0x65, 0x87, 0x8D, 0x34, 0xA4, 0x8C, 0x17, 0x76, 0x57, 0x26,
    0x23, 0x72, 0xB5, 0x4B, 0x0B, 0x03, 0x7F, 0x2A, 0xD6, 0x9B, 0x26, 0x83, 0xD4, 0x0D, 0x27, 0x84,
    0xD1, 0xFE, 0x50, 0x4F, 0x99, 0x55, 0x47, 0xC5, 0xC0, 0xDE, 0xA8, 0x3B, 0xEA, 0x8F, 0xCD, 0x17,
    0xF6, 0x08, 0xD8, 0x25, 0x65, 0x35, 0x48, 0x01, 0x04, 0xC8, 0xB2, 0x18, 0x27, 0xEC, 0x98, 0x7A,
    0xE6, 0xAE, 0x29, 0xC1, 0xFE, 0x24, 0x38, 0x4B, 0x60, 0x37, 0x79, 0x8C, 0x38, 0xE7, 0x9D, 0x1E,
    0x0B, 0x46, 0xE9, 0x88, 0x7A, 0xA2, 0xAE, 0xB8, 0xAF, 0x91, 0xCE, 0x0E, 0x0A, 0x27, 0xBE, 0x1C,
    0xE5, 0x7E, 0xF7, 0x07, 0x24, 0x11, 0x2C, 0x1A, 0xFB, 0x9B, 0x20, 0x80, 0x82, 0x35, 0xB3, 0x49,
    0x12, 0xF7, 0x6B, 0x70, 0x36, 0x42, 0x4E, 0xB5, 0x63, 0x7C, 0x97, 0x5E, 0x25, 0xAE, 0xAD, 0x60,
    0x83, 0x83, 0x24, 0x34, 0xCA, 0xE6, 0x45, 0x1C, 0xA6, 0xB6, 0x75, 0xA9, 0x78, 0x33, 0x8D, 0x9B,
    0xF6, 0x6B, 0x3D, 0x1C, 0xE9, 0xC7, 0x94, 0xA3, 0x0D, 0x35, 0xF7, 0xC9, 0x83, 0xF1, 0x68, 0x6C,
    0xD5, 0xAE, 0x76, 0x65, 0xB1, 0xC8, 0xB0, 0xCE, 0xD7, 0xF4, 0xD8, 0x13, 0xA7, 0xC0, 0xBD, 0x0A,
    0xCE, 0xB9, 0xFD, 0xD2, 0xC4, 0xD2, 0x2C, 0x15, 0xE5, 0x77, 0xB1, 0xA3, 0x5C, 0x4F, 0x07, 0xA4,
    0xC9, 0x43, 0x00, 0x71, 0x7C, 0x54, 0xBE, 0x97, 0xEE, 0xC2, 0x17, 0xFB, 0x80, 0xB6, 0xE6, 0x47,
    0x02, 0x08, 0x0D, 0xE4, 0x52, 0xFC, 0x40, 0x03, 0xA1, 0xFA, 0x37, 0x51, 0xAD, 0x46, 0x06, 0xC2,
    0xD7, 0x1A, 0xE8, 0x87, 0x9F, 0x42, 0x60, 0x7E, 0x97, 0x32, 0xC9, 0x08, 0xF4, 0x3F, 0xFA, 0x2C,
    0x69, 0xA4, 0x66, 0x4D, 0x12, 0xBF, 0x27, 0x9F, 0xDC, 0xAF, 0x74, 0xC4, 0xAA, 0x66, 0x4D, 0x11,
    0xE3, 0x91, 0x8E, 0x0E, 0xAE, 0x66, 0xE4, 0xA5, 0xD9, 0x5D, 0x17, 0x06, 0x6B, 0x92, 0x34, 0x13,
    0x33, 0x59, 0x02, 0x61, 0x71, 0x05, 0x5C, 0x5A, 0x98, 0xB4, 0x07, 0x64, 0x68, 0xAE, 0x86, 0x1E,
    0xD9, 0x13, 0x5E, 0x4F, 0xF5, 0xC8, 0xBA, 0xD4, 0x28, 0xD5, 0xEE, 0x7E, 0xF8, 0xD5, 0x2D, 0x0A,
    0x43, 0x63, 0x0D, 0xAF, 0x73, 0x8F, 0x5B, 0xA0, 0x6C, 0x84, 0x55, 0x93, 0x6B, 0x93, 0xA7, 0x46,
    0x07, 0x2B, 0xF4, 0x22, 0x76, 0x35, 0xA0, 0x28, 0xB7, 0x43, 0x51, 0x6E, 0x91, 0x1A, 0x8B, 0xC7,
    0x88, 0x6A, 0x34, 0x1B, 0x75, 0x3F, 0x7C, 0x2A, 0x35, 0xAB, 0x75, 0xBF, 0xF2, 0xF3, 0xBD, 0xD3,
    0x94, 0x92, 0xE7, 0x91, 0x3C, 0xA9, 0x94, 0x86, 0x9F, 0xCA, 0xBC, 0xB2, 0x20, 0xC1, 0x5C, 0x8C,
    0x32, 0x84, 0x3F, 0x56, 0xDC, 0x09, 0x07, 0xBA, 0x84, 0x57, 0x86, 0x39, 0xFC, 0x29, 0xC3, 0xE9,
    0x47, 0xD4, 0x0F, 0x58, 0x11, 0xA7, 0x65, 0x03, 0x8E, 0x34, 0x63, 0x7A, 0xBA, 0x5B, 0x98, 0x28,
    0x38, 0xE1, 0x58, 0x18, 0x19, 0x21, 0x08, 0x68, 0x66, 0x3B, 0x69, 0xBC, 0x55, 0x23, 0x34, 0x2F,
    0xC1, 0x82, 0x57, 0xE8, 0x79, 0xB6, 0x4F, 0xBF, 0xD6, 0xC7, 0x9E, 0x7D, 0x1F, 0x27, 0x91, 0x1E,
    0x19, 0xEE, 0x0B, 0x1E, 0xB4, 0x3C, 0xA8, 0xD7, 0xA1, 0x52, 0x87, 0x52, 0x05, 0x4E, 0x57, 0xE1,
    0x74, 0x19, 0x2A, 0x6E, 0xDA, 0xB7, 0x53, 0xF9, 0xE2, 0xC8, 0x94, 0xC0, 0xA3, 0xE8, 0xD0, 0x23,
    0xF3, 0xEE, 0x51, 0x10, 0x2D, 0x0D, 0xBC, 0x8D, 0x1C, 0xA7, 0x58, 0xDA, 0x23, 0x41, 0xF5, 0x24,
    0x68, 0x71, 0xB5, 0xA9, 0x10, 0x17, 0xAB, 0xE4, 0x87, 0xCA, 0x34, 0x83, 0x73, 0xD1, 0x41, 0x21,
    0x9F, 0x7E, 0x96, 0x8E, 0xE4, 0xA0, 0xD9, 0x89, 0xC0, 0xB5, 0xAC, 0xA9, 0x12, 0x92, 0xED, 0x20,
    0x57, 0xB7, 0x40, 0x38, 0xB3, 0xDF, 0xC3, 0x38, 0xDA, 0x46, 0x21, 0xC5, 0x06, 0x23, 0xE9, 0x42,
    0x84, 0xA1, 0xB4, 0x15, 0x61, 0x2C, 0x8D, 0x77, 0x56, 0x17, 0x63, 0x6F, 0x44, 0x39, 0xC0, 0x70,
    0x7A, 0x38, 0x93, 0xB0, 0xFC, 0xE1, 0x4C, 0xFC, 0x62, 0x2E, 0x79, 0xE1, 0xAE, 0x81, 0xC6, 0x96,
    0x1C, 0x2E, 0x4B, 0x8E, 0x98, 0x02, 0xF4, 0x98, 0x42, 0x74, 0x24, 0x62, 0x93, 0xC8, 0x4B, 0x61,
    0xBA, 0xCD, 0x81, 0xBA, 0x43, 0xB3, 0x78, 0x8A, 0x35, 0xA9, 0xF7, 0x5A, 0x3C, 0xB2, 0x48, 0xCD,
    0xEE, 0x8E, 0xF9, 0xCD, 0x33, 0x0B, 0x9A, 0x5A, 0x80, 0xB5, 0x05, 0x39, 0x37, 0xC4, 0xA3, 0xAE,
    0xA0, 0x4B, 0x24, 0x9D, 0x23, 0x35, 0x71, 0x49, 0x4F, 0x5C, 0x52, 0x14, 0xC7, 0x47, 0x4D, 0x71,
    0x48, 0x55, 0xCA, 0xA4, 0x2B, 0x5B, 0xA4, 0x2C, 0xDD, 0x47, 0x99, 0x37, 0x13, 0xE2, 0xB7, 0x61,
    0x28, 0xC8, 0xD2, 0xFE, 0x3E, 0x43, 0x70, 0xD7, 0xA7, 0xE1, 0x54, 0x2B, 0x59, 0x2F, 0x91, 0x7C,
    0x38, 0xA2, 0xC3, 0xBA, 0x89, 0x6C, 0xC1, 0x31, 0xB1, 0xC5, 0x41, 0x6B, 0x64, 0x36, 0x28, 0x8C,
    0xC7, 0x61, 0xE3, 0x8E, 0x2F, 0xE3, 0xCA, 0xC0, 0x3C, 0xB2, 0x0C, 0x2D, 0x63, 0x67, 0x83, 0x13,
    0xD6, 0x3E, 0x62, 0x5D, 0x48, 0x10, 0x6B, 0xBB, 0x4B, 0x58, 0xAF, 0x13, 0xD6, 0x6B, 0x88, 0xB5,
    0x45, 0x16, 0xDD, 0x20, 0x3E, 0x59, 0xAC, 0xB9, 0x53, 0x76, 0x24, 0xA4, 0x24, 0x33, 0xEC, 0x4A,
    0xDA, 0xAC, 0x3C, 0x31, 0x3B, 0x10, 0x71, 0xFC, 0x47, 0x45, 0x01, 0xF4, 0xE9, 0x7D, 0xB4, 0x86,
    0x44, 0x81, 0x26, 0x52, 0x00, 0xE1, 0x42, 0x0A, 0xC4, 0x87, 0xCD, 0x77, 0x0D, 0x26, 0xC4, 0x0E,
    0xB3, 0x45, 0x9E, 0x61, 0x9A, 0xB4, 0x59, 0x02, 0x8E, 0x4D, 0x12, 0x20, 0x22, 0xF9, 0x8F, 0x48,
    0x12, 0x22, 0xA2, 0x43, 0x74, 0xB8, 0x74, 0x90, 0x7E, 0x23, 0x6D, 0x67, 0xB8, 0x6D, 0x73, 0x7B,
    0xF4, 0x14, 0x50, 0x23, 0x65, 0x71, 0xB4, 0x6C, 0x07, 0xC3, 0xD6, 0xFA, 0x15, 0xDF, 0xDF, 0xCF,
    0xCD, 0x14, 0xF2, 0xE9, 0x53, 0x2F, 0x97, 0x51, 0x2D, 0xE5, 0xA7, 0x2C, 0xEC, 0x8F, 0x5C, 0x76,
    0x48, 0x55, 0xF2, 0x48, 0x69, 0x9F, 0x5C, 0x52, 0x1A, 0xB3, 0x4F, 0x02, 0x76, 0x4A, 0xC0, 0x5E,
    0x09, 0xD8, 0x2D, 0xA9, 0x5F, 0x1A, 0x77, 0x4C, 0xC6, 0x37, 0x89, 0x37, 0x12, 0xC7, 0xA4, 0xAD,
    0xBC, 0x32, 0x4C, 0x7C, 0x9A, 0x74, 0xC1, 0x1D, 0xBD, 0x9A, 0x37, 0x4C, 0x0C, 0xF8, 0xB6, 0x76,
    0x6C, 0xD6, 0xD1, 0xC6, 0xC7, 0x71, 0xB7, 0x5F, 0x19, 0x87, 0x1A, 0x88, 0x5B, 0x6D, 0x70, 0x41,
    0x5E, 0x87, 0x4C, 0x3F, 0x63, 0xF2, 0x01, 0x5F, 0x39, 0x4E, 0x17, 0x6C, 0x40, 0xF1, 0x01, 0xC5,
    0x28, 0xC3, 0x69, 0x27, 0xAC, 0xF2, 0xB8, 0x19, 0x5C, 0x0C, 0x66, 0xC3, 0xAB, 0x79, 0x7D, 0x88,
    0x25, 0xAD, 0xF9, 0xE3, 0x90, 0xA4, 0x3C, 0xE4, 0x73, 0x8B, 0x38, 0xD1, 0x76, 0xEF, 0x0D, 0x91,
    0xE7, 0x38, 0x81, 0x33, 0xBB, 0x68, 0x4F, 0x36, 0xF0, 0xAE, 0x89, 0x7F, 0x1E, 0xFA, 0xE3, 0x4B,
    0x68, 0x6B, 0xD6, 0x11, 0xF8, 0x64, 0x50, 0x4E, 0xB3, 0xEA, 0x24, 0x72, 0xC3, 0xBC, 0x5A, 0x1A,
    0xC8, 0x1F, 0xDD, 0x5B, 0xD1, 0x94, 0xCA, 0xC3, 0x89, 0xE0, 0xAF, 0xA5, 0xE9, 0x90, 0x0B, 0x4A,
    0x10, 0x72, 0xD0, 0xB5, 0x55, 0x75, 0xB0, 0xCA, 0x48, 0x5B, 0xA8, 0x1E, 0x5B, 0x09, 0x45, 0x54,
    0xD8, 0x71, 0x82, 0xAF, 0x24, 0x0E, 0xC5, 0x55, 0x69, 0x1A, 0x6E, 0xD5, 0xB2, 0x85, 0xDE, 0x43,
    0x8A, 0x28, 0xF7, 0x15, 0x29, 0xAE, 0x01, 0xD5, 0x9A, 0x35, 0xF1, 0x7B, 0xF4, 0xD3, 0xAC, 0x25,
    0x0D, 0x96, 0x86, 0xC5, 0xF3, 0xF5, 0xCD, 0xC5, 0xF3, 0x0F, 0x8F, 0xFD, 0xE6, 0x17, 0xA1, 0x5C,
    0x87, 0xB9, 0xC5, 0x5C, 0xDA, 0x83, 0xAB, 0x4A, 0xE0, 0x59, 0x18, 0xB6, 0x25, 0x36, 0x76, 0x0D,
    0xAD, 0x48, 0xE0, 0x52, 0x16, 0x2E, 0x59, 0x2B, 0x06, 0x54, 0xB3, 0x86, 0xD3, 0x04, 0xAB, 0x83,
    0x91, 0x11, 0x55, 0xAD, 0x21, 0xC1, 0xCA, 0x1F, 0x13, 0x5F, 0xA8, 0x6E, 0x2D, 0xA6, 0xC2, 0x35,
    0x2B, 0xA6, 0xCA, 0xB5, 0x42, 0x44, 0xA5, 0x6B, 0x29, 0x91, 0xA1, 0x3D, 0xA0, 0x6A, 0x02, 0xD0,
    0x12, 0x21, 0xD3, 0xE6, 0xD6, 0x0D, 0x5A, 0xB9, 0x44, 0x14, 0xD7, 0xB0, 0x65, 0xE2, 0x36, 0xF0,
    0xE1, 0x38, 0xE0, 0xDC, 0xD6, 0xEE, 0x15, 0xCE, 0x05, 0x33, 0x21, 0x2D, 0xB2, 0x5A, 0xB2, 0x8C,
    0xFD, 0x9A, 0xEE, 0x7A, 0xA3, 0xFA, 0x79, 0x9D, 0xCC, 0xC6, 0x26, 0x49, 0x93, 0x57, 0xB8, 0xDF,
    0x82, 0xBA, 0x13, 0x61, 0xB0, 0x5C, 0x0E, 0x4B, 0x50, 0x6A, 0xC4, 0x2E, 0x9C, 0xF3, 0x7A, 0x6E,
    0xE0, 0x6D, 0xB4, 0xDF, 0x4A, 0x7B, 0xEB, 0xEE, 0x56, 0x1A, 0xAD, 0x93, 0xA7, 0x59, 0xCF, 0xA0,
    0x69, 0x66, 0xB0, 0xE4, 0xF3, 0xEA, 0x46, 0x12, 0xE7, 0xA6, 0xD6, 0x85, 0x4C, 0xAB, 0x4B, 0x9B,
    0xBB, 0xC0, 0xF3, 0x03, 0xA6, 0xE8, 0xA9, 0x0B, 0x5A, 0x0E, 0x36, 0x59, 0x79, 0x9F, 0x67, 0xCE,
    0x95, 0x59, 0x8E, 0xE6, 0x1E, 0x21, 0x47, 0x93, 0x97, 0xE2, 0xC7, 0x19, 0x1D, 0x0A, 0xFE, 0x30,
    0xFD, 0x68, 0x07, 0xE3, 0xC5, 0x3D, 0xC7, 0x0B, 0xDB, 0x24, 0xD4, 0x67, 0xB5, 0x69, 0xEA, 0xA8,
    0x57, 0x1F, 0xAE, 0x3E, 0x93, 0x15, 0xC2, 0x5B, 0x2C, 0x84, 0x5D, 0x46, 0xE7, 0xD6, 0x36, 0x21,
    0x3C, 0x9A, 0x51, 0x76, 0x10, 0x75, 0x5E, 0x0C, 0xBC, 0xC2, 0x06, 0x85, 0xFD, 0xC3, 0xA5, 0xB5,
    0x43, 0x61, 0xF7, 0xBE, 0x0D, 0xFF, 0x11, 0xC0, 0xB6, 0x3F, 0x63, 0x8F, 0x6A, 0x82, 0xB0, 0x51,
    0xC2, 0xAC, 0x4B, 0x6A, 0x32, 0x55, 0xB0, 0x99, 0x6A, 0x7E, 0xA9, 0xE5, 0xDF, 0xB5, 0x92, 0xFF,
    0x3A, 0x88, 0x1A, 0xB1, 0x1E, 0x01, 0x2B, 0x12, 0xB0, 0x26, 0x01, 0xAB, 0x12, 0xB0, 0x2E, 0x01,
    0x2B, 0x13, 0xB0, 0x36, 0x01, 0xAB, 0x13, 0xB0, 0x3E, 0x8D, 0x40, 0xD5, 0xCC, 0x41, 0xE5, 0xE5,
    0xDA, 0x4A, 0x4E, 0x94, 0x87, 0x8A, 0x45, 0x75, 0x8D, 0x04, 0xD7, 0xBB, 0x6C, 0x5D, 0x86, 0x55,
    0xFE, 0xBB, 0xD7, 0x8D, 0x78, 0x23, 0x95, 0x22, 0xA5, 0xB1, 0xC5, 0x0F, 0xD1, 0x0E, 0x89, 0xA1,
    0xAA, 0x12, 0x35, 0xF6, 0x25, 0x68, 0x8C, 0x4D, 0xCC, 0xA8, 0x21, 0xA3, 0x46, 0x8C, 0x1A, 0x30,
    0x9A, 0x78, 0x71, 0xA8, 0x26, 0xD3, 0x0B, 0xD9, 0x36, 0x1D, 0x56, 0x25, 0x1E, 0x6A, 0xB1, 0xA9,
    0x5E, 0x0A, 0x86, 0xE5, 0x40, 0xD3, 0xAC, 0xD8, 0x0B, 0xB9, 0xAD, 0x43, 0xEB, 0x53, 0x2F, 0xB2,
    0x26, 0x67, 0x28, 0x9F, 0xD7, 0x2F, 0x5B, 0xD3, 0x2B, 0x2D, 0x27, 0x0C, 0xDC, 0x87, 0x0B, 0xB7,
    0x08, 0xAB, 0xEE, 0x99, 0x01, 0xD9, 0x36, 0x33, 0xFF, 0x9F, 0xC0, 0x3B, 0x67, 0x5C, 0xDA, 0xA7,
    0x83, 0x42, 0xCB, 0x65, 0xEB, 0xBC, 0x7F, 0xA6, 0x21, 0x82, 0x0B, 0xB5, 0x84, 0x77, 0xD1, 0x50,
    0x35, 0x00, 0x6D, 0xA4, 0xB9, 0x2A, 0x7B, 0x69, 0x52, 0x4E, 0x29, 0x43, 0x9B, 0x8A, 0xE2, 0x9B,
    0xA3, 0xFB, 0xD6, 0xE4, 0x3A, 0xAF, 0x57, 0xFC, 0xEA, 0x86, 0x6E, 0x00, 0x54, 0x2A, 0xAA, 0x38,
    0x1B, 0x81, 0xCE, 0xCF, 0x37, 0x47, 0x82, 0x13, 0x92, 0x50, 0xCA, 0x0F, 0xB5, 0xBB, 0x16, 0xBE,
    0x4F, 0x32, 0xFA, 0x52, 0x27, 0x20, 0x21, 0xC5, 0x89, 0x1D, 0x49, 0x29, 0xCE, 0x10, 0x49, 0x4C,
    0xA1, 0x16, 0x91, 0x9C, 0x7E, 0x71, 0x8B, 0x05, 0x95, 0x64, 0x14, 0x25, 0xF5, 0x3E, 0xA8, 0xA8,
    0x1A, 0xA0, 0xD6, 0x25, 0x8B, 0xD0, 0x94, 0x62, 0x87, 0x96, 0x3C, 0xF3, 0x46, 0xD8, 0x53, 0x19,
    0x61, 0xCF, 0x5C, 0x5E, 0xC1, 0x0F, 0x91, 0x66, 0xB2, 0xDC, 0x31, 0xBC, 0xC2, 0x48, 0x21, 0xD8,
    0xF1, 0xD3, 0x2C, 0x03, 0xB5, 0x35, 0x42, 0xAC, 0x87, 0xD1, 0x4C, 0x4B, 0x6F, 0x24, 0xD5, 0xA3,
    0xD9, 0x78, 0x4A, 0x3E, 0x9E, 0x28, 0x5A, 0x1E, 0x07, 0xFC, 0xBB, 0x5C, 0xF7, 0x03, 0xFF, 0x2E,
    0x35, 0xA1, 0x53, 0x25, 0x27, 0x86, 0x9E, 0x86, 0xA0, 0x56, 0x24, 0x1B, 0xF9, 0x28, 0xD9, 0xC2,
    0x9B, 0xF9, 0x38, 0xF1, 0x92, 0x26, 0xB0, 0xEA, 0xF8, 0x5D, 0xF1, 0xA5, 0x8E, 0xBF, 0x4E, 0x54,
    0x2D, 0x44, 0x2E, 0x34, 0x89, 0xAC, 0x54, 0xA5, 0x71, 0x9D, 0xE8, 0xEA, 0xC4, 0x35, 0xBF, 0xCB,
    0x84, 0xA5, 0xCA, 0x1B, 0xA2, 0xEC, 0x56, 0xE3, 0x37, 0x69, 0x60, 0x48, 0x9B, 0xC9, 0x44, 0xEE,
    0x06, 0xC6, 0xC8, 0x9B, 0xD1, 0x37, 0x23, 0x70, 0x46, 0xE1, 0x21, 0x89, 0x33, 0x1A, 0x1F, 0x29,
    0xF0, 0xBB, 0xDF, 0xEC, 0x0F, 0x78, 0x9D, 0x9C, 0x0E, 0xCB, 0x63, 0x76, 0x98, 0xA2, 0x8E, 0xC5,
    0x38, 0x27, 0x15, 0xD3, 0xB1, 0xC7, 0x39, 0x49, 0x34, 0x73, 0xF1, 0x8D, 0x14, 0xD5, 0x95, 0x59,
    0xFC, 0x9F, 0x86, 0x35, 0x57, 0x23, 0xA0, 0xC4, 0xF1, 0x49, 0x05, 0x3C, 0xBA, 0x21, 0x25, 0xF0,
    0x2C, 0xBC, 0x21, 0x35, 0xB8, 0x83, 0xA8, 0x88, 0x22, 0x90, 0xFA, 0x92, 0x2A, 0xFC, 0x24, 0x2D,
    0xF7, 0x8C, 0x32, 0xEC, 0x04, 0x73, 0x73, 0x1B, 0xCC, 0xDE, 0xB6, 0x9B, 0x8A, 0xB9, 0x29, 0x65,
    0xBE, 0x7B, 0x1B, 0xE5, 0x33, 0x93, 0x63, 0xF6, 0xBA, 0xF2, 0xD6, 0x7C, 0x21, 0x7E, 0x3B, 0xE5,
    0x68, 0x13, 0xA2, 0x42, 0xCF, 0xD6, 0x88, 0xD3, 0x09, 0x25, 0xEA, 0xA4, 0xB4, 0xA7, 0x15, 0x0B,
    0x03, 0x5A, 0xC4, 0x0D, 0xE2, 0xC0, 0x6F, 0x12, 0x8C, 0xF1, 0x98, 0x05, 0x9D, 0xFF, 0x7D, 0x93,
    0x93, 0xC1, 0xED, 0x7E, 0x99, 0x96, 0x75, 0x04, 0xD8, 0x97, 0x5E, 0xCA, 0xC1, 0xBF, 0xE3, 0x5D,
    0xC6, 0x88, 0x21, 0x56, 0x43, 0x56, 0x0C, 0x79, 0x91, 0x63, 0xC6, 0x4E, 0xDC, 0x10, 0x2E, 0x74,
    0x62, 0xE1, 0x82, 0x93, 0xF6, 0x88, 0x0B, 0x73, 0xD8, 0x51, 0x8B, 0xB8, 0x50, 0x82, 0xBE, 0x24,
    0x22, 0x2A, 0x68, 0x80, 0xCF, 0x31, 0x17, 0x30, 0xF2, 0xF1, 0x88, 0x0B, 0x77, 0xCB, 0x60, 0xF5,
    0x89, 0x0B, 0x0F, 0xD2, 0xDB, 0x9D, 0x84, 0xB8, 0x70, 0x93, 0x96, 0x85, 0x98, 0x0B, 0xB3, 0x2F,
    0xF9, 0x93, 0xE7, 0xC2, 0x98, 0x47, 0xD0, 0xB5, 0x85, 0x6C, 0xA5, 0x01, 0x8E, 0x9D, 0x5B, 0xC6,
    0xA2, 0xE5, 0xEF, 0x26, 0xCA, 0xAD, 0xA9, 0xC5, 0xFC, 0xF0, 0xE4, 0x34, 0x33, 0x90, 0xC6, 0x42,
    0x06, 0xC6, 0x44, 0xFE, 0xFF, 0xA1, 0xC1, 0x48, 0x24, 0x21, 0x35, 0x83, 0xFC, 0x58, 0x82, 0x87,
    0x3D, 0x4E, 0x96, 0x62, 0xBB, 0x7B, 0xB9, 0x31, 0x04, 0x71, 0x46, 0x6E, 0x88, 0xE3, 0x7C, 0x43,
    0x0C, 0xE7, 0x1B, 0xE2, 0xB7, 0xE3, 0x13, 0xDE, 0xC8, 0x6E, 0xE7, 0x35, 0xDA, 0x58, 0x8C, 0xDC,
    0x76, 0xBE, 0x4F, 0xAB, 0x4F, 0xC8, 0x6C, 0x67, 0x8B, 0xFA, 0x44, 0x5E, 0x17, 0xBB, 0x78, 0x43,
    0xAC, 0xC6, 0x78, 0xB0, 0xCA, 0x61, 0xA1, 0xEB, 0xCF, 0xF6, 0x41, 0xFD, 0x62, 0x2C, 0x81, 0x21,
    0xC5, 0x59, 0x87, 0xEB, 0x17, 0x93, 0x03, 0x5E, 0xBB, 0xCA, 0xEE, 0xAE, 0x93, 0xB2, 0x33, 0x5D,
    0x47, 0xF1, 0x26, 0x66, 0xFF, 0x43, 0xCF, 0x8E, 0x89, 0xD7, 0x9D, 0x08, 0x12, 0x62, 0x75, 0x07,
    0xBF, 0x42, 0x9C, 0xDE, 0xA4, 0x13, 0x37, 0x90, 0xD1, 0x5D, 0xB8, 0x1A, 0x8A, 0x1B, 0x15, 0x2F,
    0x9A, 0xA6, 0xAB, 0x99, 0x13, 0x1D, 0x8F, 0x7D, 0x9B, 0x63, 0xC8, 0x8D, 0x1F, 0x2E, 0x53, 0x19,
    0xE3, 0xEE, 0xDC, 0xB6, 0x8D, 0x39, 0x3B, 0x5C, 0x75, 0x1D, 0x3A, 0xD1, 0x75, 0xE8, 0x44, 0xD7,
    0xA1, 0x4F, 0x12, 0x7E, 0x6C, 0x6E, 0xAE, 0xC6, 0x2C, 0x7B, 0x05, 0x14, 0x19, 0x4E, 0x3E, 0xC5,
    0x32, 0x17, 0xE1, 0xD4, 0x15, 0x0A, 0x9E, 0x94, 0x69, 0x7C, 0x2C, 0xF2, 0x4B, 0x62, 0x17, 0xCA,
    0x89, 0x18, 0x76, 0x32, 0x2F, 0x73, 0x91, 0x34, 0x55, 0x99, 0xBB, 0x27, 0x22, 0xF7, 0xCB, 0xC3,
    0x99, 0x4B, 0xE9, 0x2E, 0x0B, 0x2A, 0xFC, 0x42, 0x6A, 0xDE, 0x90, 0xD5, 0x5F, 0x5A, 0xFF, 0x45,
    0x5A, 0x52, 0x61, 0x3C, 0x92, 0x92, 0x0E, 0xED, 0x40, 0x4A, 0x6E, 0x00, 0x67, 0x9E, 0x96, 0xAD,
    0x55, 0xA2, 0xA3, 0x9B, 0xC6, 0x4C, 0xC6, 0x81, 0x4F, 0x54, 0x1C, 0xAC, 0x4E, 0x72, 0x7A, 0x6A,
    0xEE, 0xCB, 0x7A, 0x3D, 0xBD, 0x4B, 0xDC, 0x7B, 0x42, 0x48, 0x2C, 0xE5, 0x93, 0x5A, 0x7F, 0xB5,
    0xBD, 0x40, 0x78, 0x5A, 0xB9, 0x70, 0x7E, 0xE4, 0x5B, 0x97, 0x76, 0x72, 0x27, 0x4F, 0xCB, 0x25,
    0xE5, 0x73, 0x20, 0xEC, 0x8F, 0x22, 0xCE, 0xB5, 0xBE, 0x9A, 0x10, 0x33, 0x5C, 0xE0, 0x09, 0x88,
    0x2B, 0xD3, 0x0F, 0x3A, 0x82, 0x06, 0x39, 0x51, 0x44, 0xF7, 0x8A, 0x8C, 0xC0, 0x17, 0x78, 0xDA,
    0x6D, 0x25, 0xCC, 0x06, 0x47, 0xBC, 0x68, 0xEA, 0x33, 0x13, 0xEE, 0x19, 0x70, 0x95, 0xF4, 0xE6,
    0x32, 0x42, 0xFF, 0xD6, 0x08, 0xF5, 0x95, 0xF8, 0x59, 0xCE, 0x6D, 0x48, 0xFA, 0x63, 0xC7, 0x61,
    0xA7, 0xCB, 0xBE, 0x71, 0xA0, 0xB8, 0xE7, 0x52, 0x16, 0xF4, 0xE4, 0x26, 0x85, 0xD3, 0x8E, 0x43,
    0x41, 0x3D, 0xB3, 0x02, 0xBE, 0xD3, 0xEC, 0x4F, 0xCA, 0x4D, 0x41, 0x0B, 0x38, 0x96, 0x37, 0x65,
    0xB0, 0x2A, 0xEB, 0x03, 0xCE, 0xEC, 0x48, 0x1F, 0xF0, 0x42, 0xFA, 0xD0, 0x95, 0xB9, 0x60, 0x27,
    0x65, 0x7D, 0xA8, 0xA5, 0xAC, 0x0F, 0xE8, 0xAA, 0x49, 0x1F, 0xD0, 0xCC, 0xB3, 0x3E, 0x24, 0x6C,
    0xDB, 0x07, 0xFE, 0x24, 0xF5, 0x41, 0x21, 0xE4, 0xBD, 0x6E, 0xF9, 0x42, 0xAA, 0x6D, 0x98, 0xE8,
    0x51, 0x24, 0xAE, 0xEE, 0xBA, 0xA9, 0xDD, 0xD5, 0x01, 0xD4, 0x9C, 0xAD, 0x6B, 0xEC, 0xB2, 0xAE,
    0x11, 0xCB, 0x86, 0x5E, 0xDB, 0xA9, 0x92, 0x20, 0xF5, 0x39, 0xEB, 0x6C, 0xD2, 0xCE, 0x68, 0x0E,
    0xA4, 0x48, 0xA8, 0x2B, 0x89, 0xE7, 0x34, 0xD8, 0x5F, 0x11, 0xD8, 0x49, 0x87, 0x7F, 0x87, 0x0C,
    0xBA, 0x49, 0xA1, 0xE7, 0x16, 0x88, 0xC0, 0xBA, 0x29, 0x58, 0xBE, 0xAF, 0x2B, 0x00, 0xFE, 0x09,
    0xD4, 0xF9, 0x33, 0x57, 0xE4, 0xD3, 0x42, 0x84, 0x0B, 0xD7, 0x4E, 0xA4, 0xBE, 0x2C, 0xAA, 0xE1,
    0xAA, 0xEB, 0xF7, 0x96, 0x9E, 0x3D, 0x59, 0xF2, 0x76, 0xD2, 0xE1, 0xDF, 0x83, 0xBE, 0x5C, 0xA2,
    0x05, 0x55, 0xDA, 0xA6, 0x1C, 0x78, 0x74, 0xF8, 0x9C, 0x47, 0xE2, 0xE4, 0x41, 0xC7, 0x07, 0x8F,
    0xB6, 0xB6, 0x79, 0x14, 0x82, 0xCB, 0x1D, 0x6D, 0x81, 0xF7, 0x68, 0xCB, 0xBB, 0x47, 0x35, 0x81,
    0x75, 0xCA, 0x2E, 0xD6, 0x49, 0x2E, 0x2A, 0xF4, 0x72, 0x95, 0xDF, 0xE3, 0x3D, 0xCD, 0x04, 0xB4,
    0x9D, 0xA6, 0x23, 0x96, 0x45, 0x96, 0xE9, 0xAC, 0x6E, 0x4E, 0x5E, 0x2D, 0x41, 0x5D, 0x76, 0x74,
    0x6A, 0xC5, 0x1B, 0x75, 0x48, 0xEA, 0x88, 0xCF, 0x78, 0xCE, 0x16, 0x71, 0x4C, 0x67, 0xC9, 0x7C,
    0x8D, 0x42, 0x22, 0x3E, 0x95, 0x4E, 0xF2, 0xF7, 0x18, 0xE1, 0xF1, 0x09, 0x72, 0x21, 0xAB, 0xA3,
    0x1D, 0xEE, 0xA0, 0x8E, 0xBD, 0x49, 0x86, 0x11, 0xC7, 0x8E, 0xC3, 0x04, 0xC2, 0x88, 0x21, 0x0E,
    0x14, 0x46, 0x94, 0x69, 0x3F, 0x30, 0xE3, 0x80, 0x61, 0xC4, 0x09, 0xC1, 0xA1, 0xA2, 0xCB, 0xFF,
    0x15, 0xDD, 0xE1, 0x5B, 0x51, 0x1E, 0x54, 0x94, 0x23, 0x15, 0x92, 0x5C, 0xBA, 0x16, 0x04, 0x9F,
    0xAA, 0x4E, 0x21, 0x4B, 0xFA, 0xBC, 0xA4, 0x27, 0x3E, 0x94, 0xF4, 0xEC, 0x86, 0x92, 0xD4, 0xB7,
    0xE2, 0x55, 0x64, 0xA3, 0xA4, 0xF0, 0xF0, 0xE1, 0x0D, 0x15, 0xCE, 0x31, 0x50, 0xE1, 0x29, 0xB0,
    0x99, 0xA4, 0xAB, 0xAA, 0x64, 0xB9, 0x23, 0x2A, 0x59, 0x51, 0x33, 0x28, 0x67, 0xA7, 0xCA, 0xE6,
    0x60, 0xDA, 0xD6, 0x2F, 0xFB, 0x2C, 0x8C, 0x16, 0x7C, 0xF9, 0x5E, 0xCE, 0x54, 0x40, 0x8E, 0xD0,
    0xA3, 0xC7, 0x06, 0xC9, 0x13, 0xD9, 0xFB, 0x6C, 0x5C, 0xB4, 0x3E, 0xE3, 0xF2, 0x63, 0x34, 0xEB,
    0x35, 0x5E, 0x13, 0x22, 0xBE, 0x91, 0x59, 0x47, 0x98, 0x79, 0x4D, 0x68, 0x9D, 0xCD, 0x3A, 0xAA,
    0x32, 0x9B, 0x75, 0x4F, 0xCC, 0xFA, 0x46, 0xDE, 0xAC, 0x23, 0x20, 0x13, 0x34, 0xEB, 0x59, 0xF9,
    0xA2, 0x1E, 0x80, 0x61, 0xA5, 0x23, 0x9E, 0x48, 0x79, 0x00, 0x4A, 0xF3, 0x61, 0x39, 0xB9, 0x49,
    0x61, 0xBD, 0x62, 0xF2, 0x1F, 0x63, 0x8B, 0x78, 0xD9, 0x09, 0xAB, 0xC3, 0xD9, 0xB6, 0x98, 0xC5,
    0x8B, 0x6A, 0x16, 0x5B, 0x13, 0x32, 0x8B, 0x27, 0x1D, 0xFE, 0xBD, 0x85, 0x41, 0xB2, 0xA7, 0x5A,
    0x5A, 0x11, 0xA7, 0x9D, 0x5A, 0x8E, 0x7F, 0x42, 0xD2, 0x73, 0x3B, 0x24, 0x35, 0xB7, 0x73, 0x25,
    0x32, 0xD8, 0xA2, 0x8E, 0x63, 0x8B, 0x2A, 0x2E, 0x1A, 0x2E, 0x0A, 0x5E, 0x14, 0xFD, 0x0E, 0x78,
    0x81, 0xE8, 0xC0, 0x25, 0x32, 0x47, 0x0C, 0xE7, 0xBE, 0x8B, 0x9E, 0x33, 0x38, 0x0B, 0x04, 0x03,
    0x29, 0x21, 0xB6, 0x76, 0x30, 0x75, 0x70, 0x5E, 0xCF, 0x34, 0x7B, 0xA7, 0x26, 0x5F, 0x50, 0xED,
    0x50, 0x2E, 0xD3, 0x54, 0x97, 0x7A, 0x64, 0x4B, 0x3C, 0x5E, 0x5A, 0xE3, 0xBC, 0x2F, 0x59, 0x91,
    0x16, 0xD9, 0x90, 0xEE, 0x41, 0x8A, 0xB3, 0xBD, 0x7D, 0xB5, 0xF5, 0x5C, 0x5B, 0xC9, 0xB7, 0xAC,
    0x4F, 0x15, 0xD9, 0x46, 0xB0, 0xAF, 0x62, 0xE8, 0x69, 0x83, 0xE7, 0x11, 0xC5, 0xD9, 0x66, 0xB5,
    0x82, 0x97, 0x2A, 0xD0, 0x11, 0x93, 0x03, 0x6E, 0xF4, 0xD8, 0x01, 0x6F, 0xB4, 0x78, 0x85, 0x22,
    0x29, 0xF1, 0xF2, 0x44, 0xE8, 0x72, 0xC2, 0x3A, 0x74, 0x39, 0x5D, 0x7D, 0xAF, 0x2A, 0x0E, 0x98,
    0xA0, 0x69, 0xF7, 0xCE, 0x76, 0x27, 0x13, 0x08, 0x1D, 0x0A, 0x48, 0x07, 0x8C, 0x09, 0x74, 0x21,
    0x68, 0x7B, 0x42, 0x64, 0x7C, 0xE5, 0x67, 0xAA, 0xA0, 0xCE, 0xAD, 0xC5, 0xDC, 0x61, 0x8F, 0x6E,
    0xA7, 0x3E, 0xE9, 0xA0, 0xFB, 0x42, 0xC8, 0xAB, 0x30, 0x85, 0x48, 0x96, 0xB8, 0x63, 0xD2, 0xC4,
    0x26, 0xC4, 0xA8, 0x8B, 0xAF, 0x0E, 0x2E, 0x47, 0xA4, 0x8D, 0x9F, 0xA4, 0x21, 0xE9, 0xE3, 0xAB,
    0x83, 0x89, 0x7A, 0x74, 0x9D, 0xB0, 0xD8, 0x1A, 0xB1, 0x38, 0xAF, 0x8B, 0xCF, 0x73, 0x35, 0xF7,
    0x59, 0x81, 0x44, 0xF7, 0xEF, 0x24, 0x2C, 0xEB, 0xE9, 0x1F, 0x24, 0xBA, 0x6B, 0x29, 0x62, 0x79,
    0x7F, 0xB5, 0xE3, 0xEF, 0xCF, 0x93, 0x1D, 0xD7, 0xB8, 0x7B, 0xF3, 0xA0, 0x85, 0x9C, 0x9B, 0x2F,
    0xFA, 0xD3, 0x55, 0x58, 0x7A, 0x04, 0xB0, 0xED, 0xCF, 0x03, 0xA1, 0x46, 0x16, 0x58, 0x21, 0x11,
    0x36, 0x3B, 0x98, 0x2E, 0xD8, 0xF0, 0x71, 0x25, 0x0B, 0xD4, 0xD6, 0x76, 0x2C, 0xBC, 0x3D, 0x82,
    0x0D, 0x4B, 0xCF, 0x70, 0xBB, 0x39, 0x74, 0xD6, 0xBB, 0x96, 0xA6, 0x1E, 0xDE, 0xA6, 0xA0, 0x69,
    0x80, 0x61, 0x57, 0xDF, 0x37, 0xF2, 0xE8, 0xAA, 0xD4, 0xDC, 0x55, 0x1B, 0xCE, 0xE7, 0x57, 0x63,
    0x5C, 0xF5, 0x51, 0x22, 0x4B, 0x3D, 0x37, 0x65, 0x19, 0xD7, 0xA5, 0xFF, 0x59, 0x41, 0x4B, 0x3D,
    0xD6, 0x27, 0x3C, 0x25, 0x75, 0x5E, 0x7B, 0x4F, 0x22, 0xAC, 0xF7, 0xDF, 0xE1, 0xC5, 0xFA, 0x42,
    0xAA, 0x72, 0x64, 0x24, 0xE9, 0xB9, 0xD4, 0x3F, 0xAC, 0x2A, 0xCF, 0xE1, 0xEA, 0xB4, 0x23, 0xF6,
    0xAC, 0xDC, 0x63, 0x63, 0xBF, 0x3C, 0x90, 0x85, 0xCA, 0x06, 0xAF, 0x53, 0x26, 0x65, 0x5E, 0xA6,
    0x4C, 0xAA, 0x5D, 0x12, 0xB0, 0x75, 0xAF, 0x45, 0x22, 0x76, 0xA3, 0xC7, 0x81, 0x57, 0x23, 0xF1,
    0x64, 0x89, 0xB2, 0x4F, 0x82, 0x76, 0xAF, 0x93, 0x4C, 0xD2, 0xD8, 0x8F, 0x2D, 0x97, 0x17, 0x75,
    0xFA, 0xE2, 0x68, 0xF6, 0x8A, 0x4E, 0x3B, 0xE3, 0xDE, 0xE5, 0x84, 0x2D, 0x3E, 0xF5, 0x8C, 0xAF,
    0xA7, 0x45, 0x5C, 0x9A, 0xD5, 0x3A, 0xB3, 0x7E, 0x79, 0xB3, 0xCA, 0xCC, 0x2F, 0x77, 0xAB, 0x6A,
    0x94, 0x79, 0x57, 0x67, 0xDA, 0x6B, 0x77, 0x0F, 0x64, 0x94, 0xA7, 0x15, 0xAE, 0x87, 0x38, 0x8B,
    0xA1, 0x59, 0x2B, 0x48, 0xD0, 0xCF, 0x01, 0x06, 0x0E, 0x45, 0xF1, 0x45, 0xC2, 0x89, 0x12, 0x4E,
    0x1F, 0xC3, 0x1A, 0xA7, 0x49, 0x38, 0x79, 0x6C, 0x25, 0x2C, 0x8E, 0x11, 0x0B, 0xA3, 0x3F, 0xEE,
    0x0E, 0xAE, 0xAC, 0x12, 0x8F, 0xEF, 0xF3, 0x91, 0x66, 0x57, 0x56, 0xF7, 0xBA, 0x93, 0xEE, 0x80,
    0xA3, 0x67, 0xED, 0xE3, 0x8C, 0xAE, 0x21, 0xD8, 0x23, 0x77, 0xD2, 0x1D, 0x0B, 0x6C, 0x79, 0x5B,
    0x86, 0x0A, 0x58, 0x67, 0xFD, 0xAB, 0x72, 0xF6, 0xA4, 0xCC, 0xC9, 0x13, 0x97, 0x73, 0x27, 0x2E,
    0xA7, 0x4E, 0x5C, 0xCE, 0x9C, 0x94, 0x38, 0x71, 0xD2, 0xE7, 0xBC, 0x49, 0x3C, 0xBE, 0xA3, 0xE2,
    0x89, 0x39, 0x52, 0x3A, 0xF7, 0x2A, 0xE9, 0x1C, 0xDE, 0xEF, 0x61, 0x47, 0xC5, 0xB0, 0xB0, 0x51,
    0xCB, 0x1A, 0x73, 0xCB, 0xDA, 0xEE, 0x88, 0xC0, 0x3B, 0x92, 0x04, 0xE6, 0xA3, 0x4D, 0x07, 0xBE,
    0x2B, 0xB9, 0x82, 0x81, 0xA4, 0x0A, 0xBA, 0x3B, 0x6C, 0x35, 0x78, 0xE7, 0x79, 0x96, 0x5B, 0xE7,
    0x5D, 0x46, 0x99, 0xFE, 0xC1, 0xC9, 0x76, 0xA9, 0x3D, 0xA6, 0x61, 0x61, 0xF7, 0xED, 0x3B, 0xB7,
    0xD8, 0xF1, 0xAE, 0x8D, 0xBA, 0xDF, 0x67, 0x38, 0x75, 0x96, 0x2D, 0x72, 0xEC, 0xFD, 0x0C, 0xF9,
    0x6B, 0xB9, 0xDF, 0xEC, 0xF1, 0xD8, 0xC7, 0xA9, 0xE3, 0xB7, 0x67, 0x7D, 0x6C, 0x50, 0x36, 0xAE,
    0xD1, 0xAE, 0xF7, 0x6B, 0x13, 0xD9, 0xF5, 0x7E, 0x03, 0xE0, 0x23, 0xF0, 0xDE, 0x83, 0xEA, 0xDB,
    0x70, 0xFA, 0x06, 0x9F, 0xF7, 0x66, 0xC3, 0xCC, 0x0F, 0xFC, 0x25, 0xFC, 0x4D, 0xC1, 0xFD, 0x27,
    0x59, 0x61, 0xF8, 0x9D, 0xAF, 0xFD, 0xE0, 0x6B, 0x7F, 0xDB, 0xBB, 0xB1, 0x02, 0xCD, 0x5A, 0x7C,
    0x09, 0xB4, 0x45, 0x51, 0xAB, 0xC5, 0xCF, 0x02, 0x7C, 0xEE, 0x0B, 0xDF, 0xF9, 0xB3, 0xEF, 0xFC,
    0x79, 0xBF, 0xB1, 0xC0, 0x74, 0xB3, 0x37, 0xC1, 0x5E, 0x02, 0xFB, 0xEF, 0x29, 0x81, 0xDB, 0x08,
    0xE0, 0xCC, 0x0E, 0xBD, 0xD9, 0x4B, 0xDA, 0x9B, 0xF6, 0x64, 0x81, 0xED, 0xE3, 0x4F, 0x80, 0x6A,
    0x99, 0xEF, 0x4B, 0x4F, 0x0E, 0xD2, 0x23, 0x70, 0x6E, 0xC1, 0x30, 0x1A, 0x5A, 0x66, 0x2D, 0xA6,
    0xD2, 0xF3, 0x19, 0x16, 0x7C, 0x4F, 0xC5, 0x87, 0x72, 0x1F, 0x72, 0xBA, 0x9E, 0xE3, 0xCB, 0x09,
    0xED, 0x7C, 0x3C, 0x5D, 0x54, 0x0B, 0x38, 0x91, 0x45, 0xFF, 0xEC, 0xA6, 0x9D, 0x74, 0x02, 0x95,
    0xB0, 0x1B, 0xC3, 0xF4, 0x99, 0x9C, 0x12, 0xD4, 0xCE, 0x2F, 0x63, 0xCB, 0xE8, 0x2B, 0xFC, 0x62,
    0x97, 0x47, 0xBF, 0x75, 0xA4, 0xA3, 0xEB, 0xB1, 0x08, 0xEC, 0x55, 0xCC, 0x49, 0x53, 0xFC, 0xCA,
    0x03, 0x4E, 0x06, 0x4A, 0x01, 0x86, 0xAF, 0xF5, 0xC7, 0x64, 0x29, 0x4E, 0x83, 0x94, 0xC6, 0x71,
    0x5D, 0x1C, 0x5B, 0x8A, 0x3A, 0x5B, 0x8A, 0xB6, 0xA4, 0x58, 0x07, 0x64, 0x29, 0x7E, 0x3E, 0x38,
    0xF0, 0xDE, 0x2B, 0x73, 0x5A, 0x03, 0x01, 0x46, 0xA7, 0x3A, 0x87, 0x92, 0x7B, 0xE4, 0x2B, 0x35,
    0x6F, 0x6B, 0xF2, 0x72, 0xE7, 0xA3, 0x26, 0x3C, 0x55, 0x6B, 0x73, 0xE5, 0xC3, 0xA3, 0xF8, 0x10,
    0x5A, 0x5E, 0x9C, 0x81, 0xB2, 0xDF, 0xF6, 0x35, 0x85, 0xCD, 0x95, 0x8A, 0x6E, 0xE7, 0x67, 0x7C,
    0x2D, 0x29, 0x5C, 0x15, 0x4D, 0x61, 0x6F, 0x6A, 0x0A, 0xBB, 0xAB, 0x29, 0x6C, 0x21, 0x4D, 0xFE,
    0x60, 0xB0, 0x93, 0x72, 0xE4, 0xC9, 0x49, 0x3C, 0x9A, 0x65, 0xB7, 0xC9, 0xE8, 0x4C, 0x4E, 0x7C,
    0xF6, 0xAB, 0x0F, 0xF3, 0xAC, 0x0F, 0xF8, 0xC9, 0x36, 0x6F, 0xF7, 0x52, 0x7D, 0x58, 0xC9, 0x65,
    0xAE, 0x6F, 0x6D, 0x83, 0xE7, 0xF0, 0xC6, 0xCD, 0x57, 0xA3, 0x1E, 0x50, 0xD3, 0x16, 0x59, 0xD3,
    0xEA, 0xAC, 0x69, 0x8B, 0x8F, 0xD2, 0xB4, 0xF1, 0x43, 0x6E, 0xAC, 0x10, 0x1E, 0xF1, 0x98, 0x9C,
    0x66, 0x3D, 0xAD, 0x9A, 0x55, 0x55, 0xCD, 0x3A, 0x05, 0xDB, 0x8F, 0xDC, 0x9B, 0xA4, 0xE4, 0xCD,
    0xA9, 0xE4, 0xD5, 0x54, 0xF2, 0xE6, 0x76, 0x91, 0xBC, 0xA3, 0x1E, 0xEF, 0xE1, 0x69, 0x97, 0x45,
    0x9E, 0x9B, 0xD6, 0xD9, 0x10, 0x5D, 0xBC, 0xBE, 0xB3, 0x24, 0x52, 0xB6, 0xDD, 0xE5, 0xD6, 0xF1,
    0xA9, 0x2D, 0x86, 0xA4, 0x67, 0xC5, 0xA8, 0x1C, 0x89, 0x24, 0xA2, 0xBC, 0xB5, 0x7B, 0xED, 0x68,
    0x4F, 0x1E, 0xC1, 0x68, 0x00, 0x8D, 0x7B, 0xEB, 0x08, 0xC7, 0x05, 0xF3, 0x7F, 0xF1, 0xE0, 0xB7,
    0x32, 0x91, 0xC9, 0xFD, 0x67, 0x3C, 0xD1, 0x0B, 0xDD, 0x02, 0x43, 0x9A, 0xE1, 0x80, 0x86, 0xAB,
    0x1A, 0xAF, 0xB2, 0x72, 0x94, 0xF9, 0xA8, 0xDC, 0x00, 0xD9, 0x23, 0x93, 0x45, 0x2E, 0x01, 0xFC,
    0x40, 0x6B, 0xB2, 0x0F, 0x3E, 0x59, 0x24, 0x55, 0x79, 0x66, 0x55, 0x54, 0xE5, 0x47, 0x89, 0xA8,
    0xCA, 0xF5, 0x5B, 0x0F, 0x57, 0x15, 0x49, 0xF7, 0x78, 0x1A, 0x5C, 0x56, 0x54, 0x94, 0x4A, 0xB2,
    0x92, 0x8A, 0xAA, 0xD2, 0x08, 0x8C, 0xAA, 0x04, 0xAC, 0x2A, 0x31, 0x5F, 0x1F, 0xDF, 0x09, 0x9D,
    0xD7, 0x7A, 0xFE, 0x4D, 0x5D, 0x73, 0x7B, 0xF6, 0xD6, 0xC3, 0x95, 0x58, 0x0F, 0x18, 0xCE, 0x26,
    0x97, 0x78, 0x95, 0xFC, 0x85, 0x2F, 0x22, 0x5E, 0x0B, 0x8C, 0x88, 0x07, 0x2C, 0xE2, 0x49, 0x27,
    0xDC, 0x97, 0x31, 0x9F, 0x56, 0xB8, 0xF6, 0xA6, 0x7A, 0xF9, 0xE3, 0xA1, 0x65, 0x41, 0xEB, 0xA8,
    0x95, 0x31, 0x0F, 0xC3, 0x0A, 0xF7, 0x79, 0x2C, 0x8A, 0x39, 0x6A, 0x10, 0xDD, 0x11, 0x6D, 0xBD,
    0x3F, 0x9D, 0xDA, 0x9A, 0x5F, 0xD8, 0x36, 0x5B, 0x22, 0xDC, 0x29, 0xD7, 0xE2, 0x71, 0x78, 0x8D,
    0x16, 0x4C, 0xAB, 0x16, 0x9D, 0x34, 0x78, 0xF7, 0xB8, 0xCE, 0x31, 0xDC, 0x42, 0x66, 0x2A, 0xD4,
    0x47, 0x37, 0x4F, 0x8D, 0x3D, 0xCC, 0x56, 0x2A, 0xC7, 0x1C, 0x15, 0x5B, 0xEB, 0x18, 0xC9, 0x31,
    0x25, 0x11, 0x4D, 0xB3, 0x71, 0x75, 0xC3, 0xD4, 0x9A, 0x36, 0x11, 0x67, 0xC6, 0xB1, 0x5E, 0x56,
    0x24, 0xCB, 0xB2, 0xC7, 0x9A, 0xB0, 0xD4, 0xB8, 0x62, 0xF0, 0xF2, 0x30, 0xB0, 0xC8, 0x10, 0xCD,
    0x30, 0xCD, 0x50, 0xCD, 0xEF, 0x97, 0x19, 0x41, 0xF6, 0xB3, 0x81, 0xC5, 0x8E, 0x5C, 0xCB, 0xD8,
    0x36, 0xCA, 0xB7, 0x39, 0xB3, 0xFD, 0xAB, 0x6C, 0xB6, 0x7F, 0xCD, 0x2F, 0x9D, 0x3C, 0x94, 0x3F,
    0x1B, 0x58, 0xEC, 0x95, 0x71, 0x5C, 0x72, 0x29, 0x35, 0x97, 0xC0, 0x45, 0x97, 0xC0, 0x55, 0x97,
    0x52, 0x76, 0x29, 0xD5, 0x96, 0xE0, 0x31, 0xDC, 0x1E, 0x0B, 0xB2, 0xC7, 0x33, 0x58, 0x8F, 0x8B,
    0xBF, 0x3C, 0x86, 0xA5, 0xCE, 0x12, 0x5E, 0xE7, 0xAC, 0x58, 0xC5, 0x24, 0xBB, 0x1A, 0x9C, 0xA7,
    0xEA, 0x44, 0x64, 0x96, 0x3F, 0x4D, 0xB9, 0xFA, 0xAC, 0x33, 0x04, 0xC7, 0x54, 0xCE, 0x65, 0xA5,
    0x73, 0x59, 0xED, 0x5C, 0x56, 0x3C, 0x97, 0x55, 0xCF, 0x65, 0xE5, 0x73, 0x50, 0x35, 0xE4, 0x2B,
    0x19, 0x95, 0x2A, 0xE9, 0x9A, 0x11, 0xDE, 0x68, 0xB1, 0x60, 0xC9, 0x14, 0xF5, 0x97, 0x8C, 0xDE,
    0x95, 0xB4, 0x10, 0x4E, 0xFF, 0x07, 0x92, 0xD4, 0xD1, 0xC9, 0x7F, 0x4D, 0x40, 0x06, 0x75, 0x22,
    0xF5, 0x1D, 0x9F, 0xA6, 0xA6, 0x94, 0xAE, 0x93, 0x79, 0x8D, 0xAC, 0x98, 0x2E, 0xAB, 0xA6, 0xCB,
    0xCA, 0xE9, 0x72, 0x55, 0xA5, 0xF9, 0x82, 0xBA, 0x3D, 0x54, 0xD4, 0x75, 0x77, 0xAA, 0xA8, 0xEB,
    0x8B, 0xDF, 0x6E, 0x88, 0xDF, 0x76, 0xA5, 0xA2, 0xCE, 0x8E, 0xA5, 0xA2, 0xAE, 0x2B, 0x15, 0x75,
    0x2D, 0xA9, 0xA8, 0x5B, 0x96, 0x8A, 0xBA, 0x4E, 0xC0, 0x7E, 0xFB, 0x53, 0x9E, 0x85, 0xA6, 0x7E,
    0xE7, 0x30, 0x2A, 0xEA, 0x4C, 0x49, 0x5A, 0x56, 0x93, 0x96, 0x15, 0xA5, 0x19, 0xDE, 0x64, 0x65,
    0x69, 0xD9, 0x0C, 0x76, 0xF8, 0x4A, 0x96, 0xEA, 0x30, 0xBC, 0xD1, 0xF3, 0x3B, 0xB9, 0xC3, 0xEC,
    0x3F, 0x79, 0x6D, 0x9A, 0x9B, 0xBA, 0x4E, 0xF3, 0x94, 0x37, 0x03, 0x9F, 0xFE, 0x1D, 0xAA, 0xA8,
    0xC4, 0xA7, 0xA9, 0x29, 0x51, 0xEB, 0x1C, 0x48, 0x25, 0x3E, 0xAB, 0x78, 0xED, 0x51, 0xD5, 0xFF,
    0x0F, 0xE5, 0x5D, 0x7F, 0x70, 0x1C, 0x57, 0x7D, 0xFF, 0xEE, 0xAE, 0x74, 0x2B, 0xE9, 0x4E, 0x5A,
    0x01, 0x0E, 0x63, 0x13, 0xDB, 0xA7, 0xF1, 0xB8, 0xA0, 0x80, 0xA5, 0x13, 0x1D, 0xC1, 0x84, 0x44,
    0xF2, 0xAD, 0x63, 0x20, 0x1D, 0x48, 0x8A, 0x68, 0xF1, 0x4C, 0x4B, 0xA6, 0x44, 0xA1, 0xFC, 0xD1,
    0x96, 0xD0, 0xB8, 0xD4, 0xD3, 0x11, 0x54, 0xF6, 0xBD, 0xC4, 0x0D, 0x09, 0x84, 0x0C, 0x07, 0x0C,
    0x49, 0x07, 0xA6, 0xC3, 0x85, 0x98, 0x5F, 0xA6, 0xC4, 0x9A, 0xA9, 0x98, 0xAA, 0x83, 0x9D, 0xDB,
    0xC4, 0x25, 0xEE, 0xD0, 0xE9, 0x64, 0x43, 0xFE, 0x60, 0x0A, 0x6D, 0x73, 0x81, 0x30, 0x40, 0x92,
    0x92, 0xEB, 0x70, 0x93, 0x9C, 0x63, 0xDD, 0x6D, 0xBF, 0xDF, 0xEF, 0x7B, 0x6F, 0x7F, 0xDC, 0x9D,
    0x14, 0xC9, 0x91, 0x64, 0x29, 0xB9, 0x44, 0x6F, 0xDF, 0x9E, 0xEF, 0x76, 0xBF, 0xDF, 0xEF, 0xFB,
    0xFE, 0xFC, 0xBC, 0xF7, 0xF6, 0x00, 0x00, 0x66, 0x00, 0x3A, 0xB6, 0xB3, 0xB1, 0x76, 0x22, 0xD9,
    0xA6, 0x2B, 0xD4, 0x16, 0x6A, 0xD8, 0x9A, 0xE7, 0x67, 0xB1, 0x4D, 0xFB, 0x93, 0xD8, 0x66, 0xBD,
    0xDD, 0xD8, 0xE6, 0x2B, 0x0E, 0xE0, 0x59, 0xDD, 0x11, 0x05, 0x58, 0x28, 0x9C, 0x0A, 0x82, 0xFA,
    0xBC, 0xD3, 0x08, 0x7E, 0x54, 0x9F, 0x87, 0x29, 0xFC, 0xF6, 0x3C, 0x5F, 0x63, 0xBE, 0xED, 0x3E,
    0xF1, 0x3B, 0x8C, 0x70, 0xBB, 0x9B, 0xDB, 0x5E, 0x08, 0x5F, 0x13, 0x2F, 0xEF, 0x30, 0x99, 0x38,
    0x8C, 0xB4, 0x1C, 0xB0, 0x33, 0x05, 0xA3, 0xF4, 0xD9, 0xA6, 0x9B, 0x77, 0xF1, 0x50, 0x0E, 0x82,
    0x45, 0x3C, 0xD8, 0xC1, 0x93, 0x74, 0x30, 0x2A, 0x7C, 0x1D, 0xD3, 0x07, 0xC8, 0x21, 0xFF, 0x1E,
    0x80, 0xF3, 0x8B, 0xCB, 0x02, 0xFC, 0xA6, 0x89, 0xFC, 0xD1, 0x15, 0x2E, 0x7F, 0xDA, 0xDD, 0x6A,
    0x74, 0x46, 0xAF, 0xDE, 0x61, 0x3E, 0x8C, 0xCA, 0xA1, 0xE8, 0xE1, 0xB3, 0x2B, 0x3B, 0x0D, 0xFC,
    0x4A, 0xDA, 0x07, 0xA9, 0xB5, 0x02, 0x81, 0x1C, 0xA4, 0x8F, 0x7B, 0xD8, 0x66, 0xCD, 0x0A, 0x92,
    0x3D, 0x09, 0x55, 0xA4, 0xFB, 0x18, 0x2C, 0x40, 0x16, 0x02, 0x71, 0x06, 0x9C, 0xE0, 0xE7, 0x2F,
    0x06, 0x15, 0xFC, 0x5C, 0xF9, 0xA7, 0x55, 0xFC, 0x62, 0x77, 0x8C, 0x1C, 0x54, 0x2F, 0x68, 0x00,
    0x2B, 0x98, 0x15, 0xB8, 0xAC, 0x62, 0xCE, 0xB5, 0x1E, 0x2B, 0xD9, 0xA8, 0xE5, 0x4B, 0x35, 0x33,
    0xAA, 0xAC, 0x68, 0x67, 0xA0, 0x46, 0xAA, 0x76, 0x6B, 0xE0, 0x2E, 0xB2, 0xB2, 0xFD, 0xF8, 0x42,
    0x50, 0x21, 0x75, 0x3B, 0x10, 0xFC, 0x7B, 0x85, 0x15, 0xEE, 0x32, 0xAD, 0x6C, 0xD1, 0x71, 0x46,
    0x1D, 0x67, 0x93, 0xE3, 0x15, 0x1E, 0x95, 0xAC, 0x95, 0x02, 0x26, 0x54, 0x50, 0x76, 0xB3, 0xDC,
    0x0E, 0x84, 0xEF, 0x76, 0xC5, 0xBE, 0x3E, 0x0A, 0xB6, 0x40, 0xA1, 0x43, 0x1A, 0xC5, 0x9C, 0x76,
    0xA9, 0xB5, 0x3D, 0x87, 0x5A, 0x3F, 0x27, 0x68, 0x94, 0x02, 0x64, 0xC8, 0x29, 0x54, 0xCB, 0x42,
    0x5D, 0xE5, 0x28, 0x35, 0x66, 0x8D, 0xDA, 0x9C, 0x4F, 0x6D, 0x81, 0xDF, 0xDE, 0x2B, 0xAF, 0x3C,
    0xC5, 0x6D, 0x8D, 0xEF, 0x5B, 0xDA, 0xC0, 0xFB, 0xE2, 0x6B, 0x5B, 0x4C, 0x46, 0xC3, 0xF1, 0x91,
    0xE1, 0x71, 0x01, 0x1E, 0x95, 0x01, 0x1E, 0x93, 0xDD, 0x3C, 0x22, 0x23, 0xED, 0x86, 0xDF, 0x64,
    0xC3, 0x6F, 0xBE, 0x2C, 0xC3, 0x37, 0x90, 0xFA, 0xED, 0x78, 0xC4, 0x71, 0x67, 0x93, 0x30, 0x50,
    0xA5, 0xF7, 0xC1, 0x72, 0xAF, 0x09, 0x94, 0x42, 0xFC, 0x38, 0x42, 0x17, 0x1C, 0xA1, 0xCB, 0x8E,
    0xF2, 0x7D, 0xB2, 0x6E, 0xC1, 0xA5, 0xA3, 0x83, 0x32, 0xE1, 0x63, 0xF9, 0x31, 0x3E, 0xEE, 0x56,
    0x74, 0x30, 0x11, 0x68, 0x3C, 0xA7, 0xE9, 0xE8, 0xFC, 0xE2, 0x06, 0x96, 0x91, 0x15, 0x04, 0x1E,
    0x5F, 0xED, 0x2D, 0xBF, 0x8E, 0xEE, 0xB4, 0x1D, 0x12, 0xA6, 0x0A, 0x3B, 0x61, 0xF9, 0x97, 0xD3,
    0x7E, 0x64, 0x73, 0xCE, 0x81, 0xB6, 0x67, 0x90, 0x06, 0xCD, 0xF4, 0xA0, 0x45, 0xF3, 0x91, 0x4C,
    0x5A, 0xDB, 0xB4, 0x36, 0x6A, 0x6D, 0xD5, 0xA1, 0x59, 0x27, 0xEC, 0x7A, 0xB3, 0xD2, 0xD5, 0xC1,
    0xE5, 0x68, 0x9F, 0xA3, 0x9C, 0x0E, 0xC0, 0x20, 0x35, 0x87, 0x3B, 0x34, 0xC9, 0x17, 0xD3, 0xC7,
    0xC4, 0x11, 0x65, 0x0D, 0x22, 0xAB, 0xC1, 0x34, 0x31, 0x41, 0x4C, 0x0D, 0x93, 0x22, 0xE9, 0x60,
    0x22, 0x92, 0xD6, 0x62, 0x91, 0x6B, 0xE4, 0x36, 0xED, 0x52, 0x6B, 0x7B, 0x44, 0xBF, 0xED, 0x67,
    0x7D, 0x69, 0x2D, 0x3E, 0x5A, 0x4B, 0xBD, 0xE0, 0xB7, 0x58, 0xCB, 0xDE, 0x69, 0xB2, 0x96, 0xD9,
    0x1A, 0x59, 0x0B, 0xF6, 0x5B, 0xAC, 0x14, 0xD8, 0x4A, 0x5B, 0x5F, 0xEB, 0x77, 0xDF, 0x84, 0x51,
    0x4A, 0xAB, 0x64, 0xB3, 0x4C, 0x03, 0xDB, 0x25, 0x0E, 0x23, 0x19, 0x26, 0x1E, 0xC8, 0x32, 0xF1,
    0x82, 0x64, 0x9A, 0x38, 0x96, 0x6C, 0x9B, 0x81, 0x4B, 0xC6, 0xF9, 0x24, 0x1E, 0x24, 0xF9, 0xF3,
    0x91, 0x8F, 0xBC, 0x4F, 0x90, 0x81, 0x1A, 0xBF, 0xAD, 0xB0, 0x85, 0xE2, 0x59, 0x32, 0x3E, 0x8D,
    0x24, 0xBC, 0xA3, 0x76, 0x8E, 0x64, 0xA7, 0xA0, 0xEC, 0x14, 0x94, 0x9D, 0xC2, 0x4B, 0xD8, 0xA9,
    0xED, 0xCA, 0x63, 0xDA, 0x95, 0xD7, 0x75, 0x94, 0x9D, 0x3A, 0xCA, 0x4E, 0xF3, 0x42, 0xDB, 0xA9,
    0x60, 0x3B, 0xAD, 0xF0, 0xB1, 0xDD, 0x4E, 0x4B, 0x45, 0x69, 0xA7, 0xCF, 0x57, 0xA4, 0x9D, 0x4E,
    0x17, 0x93, 0x76, 0xAA, 0x5F, 0xB6, 0xA2, 0x31, 0xED, 0x86, 0x47, 0xD6, 0x23, 0xC7, 0x95, 0xAA,
    0x94, 0x13, 0x5A, 0xCF, 0x05, 0xEB, 0x79, 0xB5, 0xEC, 0x75, 0xD4, 0xF3, 0xE9, 0xA2, 0xD4, 0xF3,
    0xE7, 0xAB, 0x52, 0xBF, 0xE8, 0x7E, 0x9D, 0xF4, 0x7C, 0xA3, 0xEF, 0xB7, 0x9C, 0x5D, 0x85, 0x21,
    0x36, 0x0F, 0x91, 0x49, 0xC9, 0x76, 0x94, 0x87, 0xAA, 0x20, 0x42, 0xF3, 0xD3, 0xE4, 0xBB, 0xE9,
    0xA7, 0xF0, 0xF6, 0x22, 0x8B, 0xB1, 0xDC, 0xF6, 0xBA, 0x6F, 0xA8, 0xB3, 0xDA, 0x16, 0x7C, 0x22,
    0x2C, 0x5F, 0xC1, 0xD6, 0x0C, 0x84, 0xE9, 0x1B, 0xE5, 0xC7, 0x7D, 0xCB, 0x0B, 0x1A, 0x48, 0x99,
    0x08, 0x8A, 0x50, 0x68, 0x24, 0xE9, 0xD9, 0xA1, 0xF4, 0x9E, 0x69, 0xB9, 0x74, 0x94, 0x74, 0xBA,
    0xA3, 0xE9, 0xD2, 0x1D, 0x6D, 0xBA, 0x92, 0x30, 0xC5, 0x5A, 0xDF, 0x91, 0xAE, 0x66, 0x90, 0x0F,
    0xB4, 0x84, 0x6E, 0x8C, 0xA7, 0xA9, 0x77, 0x9E, 0x7A, 0xD1, 0xE0, 0xED, 0x03, 0xC7, 0xC7, 0xE1,
    0x46, 0xEB, 0x1D, 0x81, 0xDA, 0x2C, 0xEC, 0x36, 0x2B, 0x68, 0xB9, 0x96, 0x97, 0x05, 0x27, 0xED,
    0x3B, 0xAE, 0x93, 0xAD, 0x39, 0xDE, 0x68, 0xA3, 0x50, 0x0E, 0x16, 0x6B, 0xD9, 0xC5, 0x72, 0x05,
    0x0C, 0xE9, 0x6C, 0xF8, 0x02, 0x8E, 0x07, 0x2A, 0x18, 0x72, 0xE3, 0xCC, 0xE9, 0x60, 0x8E, 0x2E,
    0xC7, 0x90, 0x91, 0xDD, 0xF4, 0xA0, 0x5C, 0xB5, 0x7C, 0xA3, 0x5A, 0x35, 0x2B, 0x96, 0x5F, 0x83,
    0xAA, 0xED, 0x55, 0xA1, 0x9A, 0x76, 0xB1, 0x71, 0x90, 0x8B, 0xAA, 0x73, 0x23, 0xFE, 0x1B, 0x69,
    0xA0, 0x1F, 0x7C, 0x29, 0x68, 0xBA, 0x8E, 0xBB, 0x8F, 0xB8, 0xDE, 0x45, 0x76, 0x8C, 0xAA, 0x6A,
    0x36, 0x17, 0xB5, 0x63, 0xE9, 0x4E, 0xA8, 0xDB, 0x5A, 0xA9, 0x46, 0x2F, 0xAB, 0x46, 0x8E, 0x55,
    0xA3, 0x77, 0xAD, 0xAF, 0x1F, 0x7A, 0xA7, 0x9C, 0xEA, 0x9B, 0xCC, 0x83, 0xCD, 0x4A, 0x66, 0x8A,
    0x16, 0x5B, 0x5D, 0x97, 0x3B, 0xBE, 0xCC, 0x51, 0x86, 0x28, 0xA4, 0xB0, 0x73, 0x9F, 0x5E, 0x8B,
    0x61, 0x4D, 0xD1, 0xB0, 0x3A, 0x02, 0x69, 0x49, 0x45, 0xC3, 0x3A, 0x54, 0xA4, 0xF6, 0x3C, 0x65,
    0xE2, 0x70, 0xA4, 0xD2, 0xD9, 0x61, 0xAF, 0x9F, 0x3F, 0xD8, 0x98, 0xBB, 0xEB, 0xBB, 0x90, 0x1A,
    0x1C, 0xA9, 0xAC, 0x93, 0x1A, 0x18, 0xD7, 0x70, 0x14, 0x7C, 0x94, 0xAE, 0x6B, 0xDE, 0xB1, 0x44,
    0xE8, 0xC3, 0xD1, 0x60, 0x75, 0x90, 0xFA, 0xC0, 0x0A, 0x01, 0xAC, 0x11, 0xC0, 0x2A, 0x01, 0xAC,
    0x13, 0xC0, 0x4A, 0x01, 0xAC, 0x15, 0x20, 0xD5, 0x22, 0xD4, 0x8B, 0xED, 0x43, 0x94, 0xDE, 0x51,
    0x86, 0xBA, 0x6F, 0x3C, 0x76, 0xDD, 0xF5, 0x32, 0xFA, 0xC1, 0x58, 0xBE, 0x3E, 0xB3, 0x41, 0x5C,
    0xF2, 0x38, 0xE0, 0x1F, 0x8D, 0x04, 0xFD, 0xD1, 0x58, 0xD0, 0x1F, 0x8D, 0x86, 0xFC, 0xCB, 0x57,
    0xF8, 0x0F, 0x47, 0x04, 0xCC, 0x06, 0xD0, 0x98, 0x18, 0x65, 0x1F, 0x78, 0x54, 0x70, 0x40, 0x68,
    0x5C, 0x02, 0xB1, 0x04, 0x69, 0x7D, 0xEA, 0x98, 0x6D, 0x2F, 0xF1, 0x88, 0xE6, 0x53, 0x45, 0x29,
    0x01, 0xBA, 0x0E, 0xD1, 0x7D, 0xE8, 0x16, 0x9F, 0x29, 0xC7, 0x7B, 0x31, 0xED, 0x60, 0x04, 0x4C,
    0x3D, 0x64, 0x9F, 0x62, 0xFA, 0x53, 0x4D, 0x60, 0x0E, 0x02, 0xA4, 0x88, 0x78, 0x38, 0xCF, 0x32,
    0x9A, 0x6A, 0xBF, 0xEF, 0xB4, 0x3A, 0xD6, 0xA3, 0xF3, 0x75, 0xE3, 0x73, 0x87, 0x3A, 0x8E, 0xAA,
    0x63, 0x4F, 0x6B, 0xD6, 0xBF, 0xF6, 0x7C, 0xB6, 0x26, 0x81, 0x66, 0x07, 0xBA, 0x2E, 0x05, 0xBF,
    0xBA, 0x9B, 0x53, 0xC7, 0xFE, 0x8E, 0x55, 0xD0, 0x3A, 0x8E, 0x3B, 0xC9, 0xC2, 0x23, 0xAE, 0xA9,
    0x53, 0xC9, 0x4A, 0xFA, 0x8D, 0x2A, 0xF1, 0x6D, 0x08, 0x07, 0xAA, 0xD2, 0xC5, 0x70, 0x27, 0x5F,
    0xB1, 0x3C, 0x07, 0xF3, 0x70, 0x64, 0xDF, 0xC6, 0xEC, 0x7D, 0x8E, 0xF8, 0x77, 0xFC, 0xBC, 0x51,
    0x65, 0x01, 0xB0, 0xD1, 0xA2, 0x04, 0xEA, 0x85, 0x9F, 0x05, 0xEE, 0x32, 0x42, 0x08, 0xA5, 0xD0,
    0x36, 0xEC, 0x1B, 0x41, 0x8F, 0xA9, 0xBB, 0xB6, 0xAE, 0x02, 0x4C, 0x71, 0x09, 0xC8, 0xE8, 0x60,
    0xF5, 0x8E, 0xAF, 0x0A, 0x5C, 0x59, 0x2D, 0xE1, 0x50, 0xE2, 0x30, 0xF7, 0xC2, 0x4C, 0x5A, 0x48,
    0xCF, 0x34, 0x63, 0x0B, 0x1A, 0xE8, 0xDD, 0x30, 0x6F, 0x79, 0x34, 0xD2, 0xA3, 0x50, 0xB3, 0x04,
    0x0D, 0x75, 0xC1, 0xA8, 0xA7, 0x05, 0x8F, 0x35, 0x95, 0xC1, 0x34, 0xD8, 0x3F, 0x0A, 0xDE, 0x57,
    0xEF, 0x34, 0xDA, 0x8A, 0x9F, 0xCB, 0x9B, 0xA0, 0x18, 0x2A, 0x07, 0x82, 0x39, 0x2A, 0x5A, 0x35,
    0x5B, 0x05, 0x13, 0x47, 0xC8, 0x80, 0x62, 0x79, 0xFB, 0x41, 0x06, 0x15, 0xCB, 0xA3, 0x50, 0xC3,
    0x5C, 0xFD, 0xAC, 0x0A, 0x59, 0x21, 0xD9, 0x7A, 0xF1, 0x3B, 0x4D, 0x56, 0xF8, 0x7A, 0x2E, 0x08,
    0x9E, 0x52, 0xD7, 0x3F, 0xF4, 0x81, 0x98, 0x80, 0x23, 0x09, 0x2F, 0x2D, 0xE2, 0x0D, 0xA3, 0x2A,
    0x61, 0x4B, 0x74, 0x8B, 0xAA, 0x14, 0xB3, 0x4D, 0xAE, 0x7D, 0x16, 0xC5, 0x9F, 0x15, 0xFB, 0xA5,
    0x98, 0xCF, 0xC8, 0xE4, 0x67, 0xB7, 0x51, 0x95, 0x09, 0xD0, 0x28, 0x92, 0xB0, 0x9B, 0xC5, 0xFC,
    0x3E, 0x17, 0x4E, 0x93, 0x98, 0x2F, 0x04, 0x27, 0x4F, 0xD5, 0x48, 0xCC, 0x8F, 0x51, 0x79, 0xC4,
    0x62, 0x36, 0x0E, 0x4D, 0xB5, 0x3A, 0x9A, 0xC8, 0xD5, 0x90, 0x26, 0xBD, 0x44, 0xC1, 0xB9, 0xB1,
    0x22, 0x88, 0x4C, 0x31, 0xB2, 0xC5, 0x36, 0x63, 0xDC, 0xEC, 0x7C, 0x20, 0x7D, 0x4A, 0xD5, 0x90,
    0x3E, 0xA5, 0x6A, 0x48, 0xDF, 0xA6, 0x51, 0xB5, 0x30, 0x6E, 0xEB, 0x40, 0x1E, 0x43, 0x47, 0x97,
    0xF0, 0xF1, 0xEB, 0xA7, 0x97, 0x03, 0x4B, 0xC3, 0x69, 0x2B, 0x3E, 0x92, 0xEC, 0x1C, 0x28, 0xB3,
    0x2F, 0x74, 0x90, 0x3E, 0x92, 0x9B, 0x73, 0x8B, 0x98, 0x24, 0xA9, 0x39, 0x0D, 0xC2, 0x3E, 0xF2,
    0x15, 0xA7, 0x4A, 0x89, 0x54, 0x20, 0xB0, 0xFC, 0x9B, 0x64, 0x79, 0x41, 0xAA, 0xAE, 0xBC, 0x60,
    0x85, 0xA3, 0x63, 0x70, 0x3E, 0xC1, 0xF4, 0xFC, 0x92, 0x47, 0x39, 0x8C, 0x0B, 0x66, 0x55, 0x1E,
    0x0D, 0x3F, 0x81, 0x8F, 0x27, 0x8E, 0x28, 0xB9, 0x19, 0x1B, 0x7D, 0x2B, 0x0A, 0x6E, 0x26, 0x17,
    0xF8, 0x24, 0xB7, 0xD9, 0x86, 0x51, 0x25, 0xB1, 0x15, 0x2A, 0x50, 0x25, 0xA9, 0xE5, 0x05, 0x26,
    0x99, 0x28, 0xB4, 0xFD, 0xE8, 0xC2, 0x49, 0x66, 0x0B, 0x90, 0xF5, 0x95, 0xC7, 0x64, 0x87, 0x19,
    0x20, 0x71, 0x09, 0x7F, 0x59, 0xF0, 0x25, 0xB4, 0xEA, 0x73, 0x4E, 0xE0, 0xB3, 0xBA, 0xA0, 0x47,
    0x66, 0x9E, 0xE5, 0xBF, 0xF3, 0x01, 0x39, 0x16, 0xC0, 0x2A, 0x52, 0xD9, 0xC9, 0xD9, 0x40, 0xD0,
    0x94, 0xEC, 0x3E, 0xC5, 0xDC, 0xFE, 0x62, 0x89, 0x18, 0x38, 0xDA, 0x6A, 0x72, 0x66, 0x53, 0xAA,
    0x4A, 0xC0, 0xDC, 0xEC, 0x97, 0xA1, 0x7E, 0x56, 0x46, 0xFA, 0x79, 0xE0, 0x40, 0xBF, 0x00, 0x1C,
    0xE7, 0x67, 0x81, 0xC3, 0x7C, 0xCE, 0x2D, 0x11, 0x1F, 0xE9, 0xA0, 0x2A, 0xD9, 0x70, 0x99, 0x8B,
    0x24, 0x13, 0x3D, 0x89, 0x9B, 0xED, 0xEA, 0xA4, 0x74, 0x1B, 0xCC, 0xA6, 0x82, 0x23, 0x15, 0x1E,
    0xD9, 0x01, 0x90, 0x5C, 0x27, 0x49, 0x0C, 0xC9, 0xC3, 0x82, 0x3C, 0x1C, 0xE9, 0x24, 0x09, 0x39,
    0xA7, 0x60, 0xC8, 0x10, 0x6D, 0x3D, 0xC7, 0xFE, 0x24, 0x7D, 0x0D, 0xCB, 0xC5, 0x31, 0xA4, 0xCE,
    0x43, 0x55, 0xCA, 0x85, 0x63, 0xBF, 0x13, 0x70, 0xE4, 0x37, 0x83, 0xAA, 0xCC, 0x06, 0xB9, 0xF0,
    0x82, 0xCB, 0x65, 0xE5, 0x15, 0xC8, 0x54, 0xF0, 0xA9, 0x15, 0xCB, 0x65, 0x53, 0x10, 0xB8, 0x04,
    0x11, 0xCA, 0xCB, 0xB2, 0x8B, 0xDD, 0xC6, 0xFE, 0x75, 0x1D, 0x89, 0x50, 0xE8, 0x93, 0xE5, 0x2D,
    0x9D, 0x37, 0x18, 0x45, 0xE9, 0x92, 0x16, 0x65, 0xDE, 0xFC, 0xA0, 0x44, 0x6C, 0x1D, 0xD6, 0x97,
    0x79, 0x87, 0xDD, 0xC0, 0x7C, 0x9A, 0x93, 0xA7, 0x85, 0xB4, 0xCB, 0x4E, 0x20, 0x70, 0x49, 0x5F,
    0xB2, 0x81, 0xCB, 0x09, 0xB2, 0xAC, 0xEB, 0xE0, 0xA8, 0x4C, 0x8F, 0xEB, 0xD2, 0xFE, 0x45, 0x5C,
    0x5F, 0xCC, 0x77, 0x4B, 0x8E, 0x1F, 0x95, 0x6C, 0xDE, 0x75, 0x49, 0x86, 0x63, 0xBB, 0x44, 0xD2,
    0xF7, 0xCB, 0xD2, 0x76, 0xE7, 0x95, 0x97, 0x44, 0x12, 0xBA, 0xBE, 0x56, 0x6E, 0x38, 0x57, 0x89,
    0x99, 0xA8, 0x53, 0x89, 0x01, 0x97, 0x7A, 0xC6, 0x52, 0x9D, 0xE1, 0x55, 0x49, 0x12, 0xF8, 0x35,
    0x8E, 0xB3, 0xA7, 0x65, 0x19, 0x95, 0x93, 0x1E, 0x87, 0xE6, 0xFE, 0xB0, 0x88, 0xB2, 0x05, 0x4B,
    0xC2, 0x12, 0x2C, 0x09, 0x1D, 0x55, 0xA5, 0x24, 0x6A, 0x2B, 0xB6, 0x9C, 0xCD, 0x41, 0x60, 0x67,
    0x22, 0xC8, 0x72, 0x90, 0x08, 0xB2, 0x9C, 0xBC, 0x54, 0xE6, 0x75, 0x22, 0x82, 0x66, 0x2B, 0x5C,
    0xFC, 0xA4, 0x5D, 0xC1, 0xA6, 0xE0, 0x63, 0xA1, 0xD0, 0xC0, 0x2F, 0xE6, 0x30, 0x2F, 0x12, 0xC7,
    0xC8, 0x72, 0x17, 0xA8, 0x39, 0xC6, 0x6E, 0x13, 0x2F, 0xE5, 0x59, 0x15, 0x32, 0x30, 0xC6, 0x8F,
    0x26, 0xA9, 0xC9, 0x52, 0xE3, 0x50, 0x1E, 0x95, 0x76, 0xED, 0x2A, 0x4D, 0x82, 0x07, 0x41, 0x13,
    0x1A, 0xB9, 0x84, 0x42, 0x1A, 0x2A, 0x9B, 0x11, 0x31, 0xBD, 0x77, 0x24, 0x05, 0x65, 0x37, 0x9A,
    0xB1, 0x05, 0x4B, 0x4A, 0xDD, 0x50, 0x38, 0xC2, 0x31, 0x19, 0xA0, 0x29, 0x7E, 0xD0, 0x9C, 0x79,
    0x85, 0x1D, 0x39, 0x06, 0x00, 0xAE, 0x5D, 0x67, 0x65, 0xE9, 0x3A, 0x21, 0x2B, 0xD7, 0x7D, 0x52,
    0x1D, 0x67, 0xA5, 0x3A, 0xD6, 0xA0, 0xDD, 0x91, 0xCB, 0xD9, 0x8A, 0x44, 0x2B, 0xA2, 0xD9, 0x8C,
    0x4E, 0x2D, 0xC9, 0xD7, 0xF6, 0x48, 0xBC, 0x56, 0x0C, 0x32, 0xA3, 0x96, 0x12, 0x3C, 0x99, 0xDC,
    0x91, 0x64, 0xD3, 0x52, 0xB0, 0xEE, 0x4A, 0x61, 0xC1, 0x8D, 0xA7, 0xA4, 0xD3, 0x1D, 0x49, 0xC1,
    0x6C, 0x41, 0xFA, 0x65, 0xF3, 0x34, 0xC1, 0xDA, 0xDE, 0x71, 0x62, 0x85, 0xCD, 0x24, 0x0D, 0xF0,
    0x64, 0x08, 0x20, 0x8F, 0xD0, 0xD0, 0x8E, 0xD0, 0xC0, 0x8E, 0xD0, 0xB0, 0x8E, 0xD0, 0xA0, 0x4E,
    0xB4, 0x03, 0xC8, 0x5C, 0x4B, 0x58, 0x51, 0x43, 0x99, 0x88, 0x19, 0x6F, 0x0C, 0x6A, 0x72, 0x04,
    0x6F, 0x96, 0x31, 0x97, 0x33, 0xAA, 0x55, 0x83, 0x10, 0x43, 0xA3, 0x62, 0x7B, 0xD8, 0x4B, 0xBB,
    0xD8, 0x38, 0xE8, 0x45, 0x2B, 0xCE, 0x8D, 0xBE, 0xE5, 0x53, 0xE0, 0xF7, 0x08, 0x31, 0x84, 0xE5,
    0x11, 0x43, 0xCE, 0xFF, 0xB3, 0x2C, 0x13, 0x7C, 0x93, 0xCD, 0xAD, 0x76, 0x5A, 0xA6, 0xFD, 0x93,
    0x52, 0x2C, 0x9C, 0xBE, 0xA6, 0xC5, 0x6E, 0x12, 0x4C, 0xB6, 0x32, 0x49, 0x92, 0x69, 0x06, 0x8B,
    0x24, 0x9A, 0x5A, 0xAE, 0xB2, 0x02, 0xA7, 0xB4, 0x36, 0x77, 0x88, 0xC7, 0xDC, 0x25, 0xC2, 0xE0,
    0xDA, 0xB2, 0x42, 0xD5, 0xC7, 0x83, 0x6A, 0x59, 0x8B, 0x47, 0xA3, 0x68, 0x9F, 0xF3, 0x65, 0xDD,
    0xC1, 0xF9, 0xF3, 0x88, 0x4C, 0x9F, 0x27, 0x80, 0xB3, 0xE7, 0xE0, 0x80, 0xCA, 0xB5, 0x7C, 0x1A,
    0xD1, 0x87, 0xD0, 0xFC, 0x23, 0x13, 0x4D, 0x81, 0x02, 0x2F, 0x62, 0x50, 0xE6, 0xC6, 0xA1, 0xF5,
    0x1B, 0x73, 0x77, 0x7D, 0x17, 0x1A, 0xA5, 0xBE, 0x75, 0x9B, 0xB4, 0xE1, 0xF8, 0xCF, 0x2B, 0x3D,
    0xC6, 0x3B, 0x22, 0xD8, 0x17, 0x33, 0x6B, 0xC3, 0x7A, 0xC5, 0x04, 0x5B, 0x62, 0x03, 0xC0, 0xF9,
    0xF0, 0x55, 0x55, 0x47, 0xC5, 0x1F, 0x85, 0x0F, 0xF6, 0x4E, 0xCF, 0x55, 0x64, 0xC9, 0x61, 0x49,
    0xA0, 0xD5, 0xE1, 0xC8, 0x8D, 0xC9, 0x92, 0xF9, 0x04, 0x47, 0x3F, 0xC7, 0x3A, 0xC7, 0x7E, 0xCA,
    0x7E, 0xE2, 0x38, 0x7B, 0x2A, 0xAB, 0xA9, 0x84, 0x45, 0xD6, 0x8E, 0xE2, 0x6A, 0xBE, 0x37, 0x58,
    0x3D, 0xB8, 0xAC, 0x5D, 0x35, 0x46, 0x4B, 0x79, 0xB6, 0xC8, 0xEA, 0x9F, 0x2F, 0x33, 0xF1, 0x33,
    0x59, 0x2E, 0x20, 0xE7, 0x1D, 0xAE, 0x1F, 0xE7, 0x9D, 0xD3, 0x5C, 0x6A, 0x8C, 0x4E, 0x72, 0xF5,
    0x78, 0x9A, 0x0B, 0xEE, 0x6C, 0x6D, 0x54, 0xAA, 0x7F, 0x83, 0x64, 0x5B, 0xC7, 0x2F, 0x29, 0xE9,
    0x0E, 0xAA, 0xB5, 0x69, 0xFA, 0x6F, 0xB8, 0x83, 0x14, 0xCE, 0x10, 0xF7, 0x82, 0x39, 0x77, 0x0E,
    0x4A, 0x8E, 0x89, 0x5B, 0xE7, 0xE0, 0x39, 0x8F, 0xB8, 0xB4, 0x02, 0xCB, 0xC3, 0x4B, 0x7B, 0xED,
    0x9C, 0x49, 0x34, 0xD2, 0x92, 0xFE, 0xDC, 0x67, 0xD0, 0xA2, 0xC2, 0x89, 0x02, 0xE7, 0x95, 0x20,
    0xD3, 0xCA, 0x2A, 0x49, 0xC9, 0xAC, 0xB0, 0x8C, 0xA4, 0x84, 0xDA, 0x64, 0x53, 0x2A, 0x92, 0x64,
    0x9E, 0xAF, 0x90, 0x5C, 0xA6, 0x8B, 0x6B, 0x7C, 0x7D, 0xE0, 0xEB, 0x03, 0x5F, 0x9F, 0xE6, 0x10,
    0x8A, 0xCB, 0xCD, 0x6B, 0xAE, 0xCF, 0x1D, 0xA3, 0xF7, 0x77, 0xF1, 0xB8, 0x8E, 0xF2, 0xB0, 0x3A,
    0x9C, 0x77, 0x38, 0x9C, 0x76, 0xA4, 0x39, 0x09, 0x4E, 0x73, 0x0E, 0x9C, 0x76, 0x69, 0x44, 0x1D,
    0x4E, 0x39, 0x9A, 0x9C, 0x71, 0xD4, 0x5A, 0x81, 0x53, 0xF3, 0x3D, 0xAC, 0x25, 0x5C, 0x0C, 0x50,
    0x5F, 0x19, 0x0B, 0xD2, 0x5A, 0xAE, 0x1A, 0xF8, 0x1F, 0x5A, 0x07, 0x19, 0xCB, 0x3C, 0x19, 0xCB,
    0x0C, 0x19, 0xCB, 0x0C, 0x19, 0xCB, 0x0C, 0x1A, 0x0B, 0xCC, 0x93, 0x96, 0x54, 0xD1, 0x58, 0x82,
    0xA4, 0xB1, 0x0C, 0x4F, 0xA3, 0xB1, 0xD0, 0x92, 0x99, 0xDA, 0xDE, 0xE9, 0xD0, 0x58, 0xE4, 0x62,
    0x1C, 0x52, 0x10, 0x7A, 0xF9, 0x89, 0xC3, 0xF7, 0xE5, 0x67, 0x9A, 0xD2, 0x53, 0xBB, 0xE1, 0x92,
    0x1A, 0xC9, 0x94, 0x9A, 0xBA, 0x52, 0x73, 0x57, 0x9C, 0x4C, 0x61, 0x56, 0x45, 0x8C, 0xE5, 0x5D,
    0x99, 0x4C, 0x49, 0x94, 0xE3, 0xC9, 0x20, 0xCE, 0x9B, 0x1B, 0xD9, 0xC0, 0x40, 0x08, 0x12, 0x19,
    0x60, 0x7F, 0x8B, 0xB8, 0x73, 0x9E, 0x22, 0x2C, 0x8A, 0x26, 0xEB, 0xAB, 0x55, 0x8E, 0xCE, 0xC8,
    0x20, 0x10, 0x87, 0xF3, 0xC0, 0xFE, 0x00, 0xD8, 0x21, 0x00, 0x05, 0xDF, 0x3A, 0x2F, 0x13, 0x09,
    0x6A, 0xE4, 0x13, 0x9C, 0x1A, 0xF3, 0x29, 0x19, 0x95, 0x6E, 0x41, 0xF9, 0x05, 0x45, 0x70, 0xC2,
    0x33, 0x48, 0xC8, 0x6B, 0x0D, 0x58, 0x49, 0x42, 0x6E, 0xB9, 0xE8, 0x4C, 0x26, 0xAD, 0x39, 0x0D,
    0xAD, 0xBD, 0x7C, 0x76, 0x4A, 0xC4, 0x8E, 0x51, 0x65, 0xA2, 0x4B, 0x31, 0x76, 0xF6, 0xCA, 0xE9,
    0xB3, 0xD3, 0x92, 0x95, 0xF1, 0xD2, 0xD2, 0x3C, 0x52, 0x42, 0x8F, 0x3C, 0xDA, 0x02, 0xA4, 0x16,
    0xCA, 0xB9, 0x46, 0x97, 0x79, 0xCC, 0x09, 0xC5, 0xA3, 0xC7, 0x9A, 0x58, 0xF6, 0x22, 0x1E, 0x65,
    0x4D, 0x6A, 0x3F, 0x2A, 0x28, 0x2F, 0xBA, 0x63, 0x09, 0x9E, 0x26, 0x98, 0xA7, 0x09, 0xE6, 0x69,
    0x86, 0x79, 0xAA, 0x13, 0x4F, 0xC6, 0xA2, 0xE4, 0x69, 0x91, 0x34, 0xF1, 0xBD, 0x8B, 0x2B, 0x1D,
    0x22, 0x23, 0xE1, 0x2D, 0xD5, 0x4A, 0x21, 0xC5, 0xE8, 0xEC, 0xBA, 0x31, 0xDA, 0x61, 0x46, 0x77,
    0xE3, 0x59, 0x4F, 0xF0, 0x44, 0x3E, 0x4C, 0xFE, 0x3B, 0x65, 0xD6, 0x72, 0x52, 0xC6, 0x12, 0x4A,
    0x53, 0xA9, 0x17, 0x4E, 0xCB, 0x80, 0x9E, 0x97, 0xF1, 0x40, 0x4F, 0xCC, 0x54, 0x41, 0xCF, 0xCC,
    0x94, 0x85, 0x9E, 0x9A, 0xC9, 0xC5, 0xD9, 0x35, 0x74, 0x27, 0xA7, 0x61, 0x76, 0xE6, 0x0C, 0xC3,
    0xBF, 0x64, 0x0E, 0x23, 0x09, 0xF1, 0x57, 0xB2, 0x84, 0x64, 0xB1, 0x4A, 0x1D, 0x56, 0x5A, 0x1B,
    0x3B, 0xC8, 0xA8, 0x89, 0xC9, 0xF0, 0x24, 0xAB, 0x6E, 0x35, 0x2B, 0x0A, 0xAE, 0xBC, 0x59, 0xF0,
    0x02, 0x71, 0xDC, 0xCC, 0xD5, 0xCB, 0x0F, 0x29, 0xA6, 0x43, 0xBE, 0x43, 0xD6, 0x23, 0xEE, 0xA3,
    0x71, 0x6B, 0x95, 0x41, 0xB4, 0xF0, 0xA8, 0xD6, 0x16, 0xCC, 0xC1, 0x0C, 0x31, 0xEE, 0xF4, 0x57,
    0xC3, 0xBC, 0xE7, 0x3D, 0xCB, 0x03, 0xDC, 0xEB, 0x2B, 0xCC, 0x84, 0x40, 0xD3, 0x02, 0x92, 0x8B,
    0xDC, 0xB4, 0xF2, 0x86, 0xEA, 0x8B, 0xC2, 0x9D, 0xDB, 0xC4, 0x43, 0xC0, 0x65, 0x3D, 0x70, 0x5D,
    0x0F, 0x5C, 0xD8, 0x03, 0x57, 0xF6, 0xB2, 0xB4, 0x97, 0xB5, 0x3D, 0xD2, 0x33, 0xCF, 0xED, 0x51,
    0x2E, 0xA4, 0x72, 0x2E, 0xB5, 0xB6, 0x4F, 0xAD, 0x51, 0xE3, 0xD2, 0x6A, 0x96, 0xDB, 0x1C, 0xB7,
    0x68, 0x7D, 0x54, 0xE4, 0x7B, 0x40, 0x55, 0x7E, 0x8D, 0xCA, 0xFC, 0x46, 0xD9, 0xC7, 0x3A, 0xBF,
    0x92, 0xF5, 0x3B, 0x08, 0x50, 0x96, 0xFA, 0xBA, 0xD6, 0xD7, 0xC5, 0xBE, 0xAA, 0xF6, 0x75, 0xB9,
    0x1F, 0x4D, 0xA8, 0x6B, 0xEA, 0xCF, 0xA8, 0xC1, 0xCE, 0xAA, 0x30, 0x45, 0xD4, 0xD0, 0x40, 0x93,
    0xD7, 0xE4, 0xAA, 0xFF, 0xB4, 0x74, 0xEF, 0xB4, 0x06, 0x98, 0xEB, 0xFE, 0x9C, 0x74, 0xF0, 0xC4,
    0x1F, 0x0F, 0xEF, 0x0B, 0x0A, 0x93, 0x17, 0xE5, 0x84, 0x8F, 0x5F, 0xF9, 0x4A, 0xFF, 0x49, 0xDD,
    0x22, 0x15, 0x23, 0xB1, 0x35, 0x1E, 0x23, 0x7C, 0xFF, 0x11, 0x90, 0x15, 0x8D, 0x54, 0x2F, 0x19,
    0x5A, 0xF8, 0xBE, 0x9C, 0x2A, 0x3F, 0xB9, 0x18, 0xDD, 0x53, 0x2D, 0x56, 0xDE, 0xDF, 0xB6, 0x54,
    0x79, 0xCD, 0x02, 0x97, 0xD0, 0xB0, 0x91, 0x01, 0x34, 0xC3, 0xB1, 0x86, 0x81, 0x6A, 0x55, 0x71,
    0xF7, 0x62, 0x5D, 0xB5, 0x5E, 0x2A, 0x22, 0x93, 0x2E, 0xB9, 0x48, 0x8A, 0xCF, 0x96, 0x89, 0xBB,
    0x17, 0xE5, 0xA8, 0x31, 0xEF, 0x42, 0x76, 0xD2, 0x9F, 0x23, 0xA2, 0x29, 0x07, 0xD3, 0xEC, 0x18,
    0xF3, 0x84, 0xB6, 0x51, 0xA5, 0x94, 0x81, 0xD7, 0xDE, 0x0D, 0x1F, 0xBF, 0x1B, 0xFE, 0x7A, 0x11,
    0xF2, 0x83, 0x4B, 0x4E, 0xB2, 0xE5, 0x02, 0x91, 0x97, 0xAB, 0xE5, 0x4B, 0x60, 0x2D, 0x80, 0xBD,
    0x13, 0xAC, 0x7F, 0x24, 0xC5, 0xCC, 0x0B, 0xD8, 0x66, 0x41, 0xD7, 0xFD, 0xEE, 0x4E, 0xFC, 0x3F,
    0x00, 0xE7, 0x5F, 0x97, 0x9E, 0x41, 0x0C, 0x2A, 0x0C, 0xE5, 0x92, 0x76, 0xBC, 0xEE, 0x3A, 0xB8,
    0xFF, 0x3A, 0xF8, 0xE7, 0x45, 0xD8, 0x2F, 0xEF, 0x78, 0x33, 0x2D, 0xBE, 0xB8, 0x02, 0x56, 0x70,
    0xF7, 0xF8, 0x5C, 0xD7, 0x8A, 0x3A, 0x0B, 0x6D, 0x9D, 0x99, 0xF6, 0x8E, 0xAD, 0x2C, 0x75, 0x26,
    0x1F, 0xA8, 0xE9, 0xB2, 0x86, 0x21, 0xC7, 0x84, 0xE6, 0xC1, 0x64, 0xC7, 0x85, 0x2A, 0x2F, 0xF4,
    0x3D, 0x86, 0x6C, 0xF3, 0x4A, 0xDF, 0x05, 0xC8, 0x7A, 0x6A, 0xA9, 0xAF, 0x5A, 0x43, 0x4F, 0x93,
    0x61, 0x7A, 0xB1, 0x6F, 0xB8, 0xDA, 0x37, 0x5C, 0x46, 0x1F, 0xAE, 0xA3, 0x8F, 0x16, 0xD2, 0x27,
    0x57, 0xFC, 0xBE, 0x52, 0xF9, 0xEA, 0xBC, 0x98, 0x39, 0x5C, 0xCD, 0x1C, 0x5F, 0xCE, 0x1C, 0x42,
    0xD0, 0x3C, 0x8F, 0x15, 0xF3, 0x21, 0x21, 0x53, 0xF3, 0x2D, 0x6C, 0xCF, 0xEA, 0x7D, 0x0D, 0x6E,
    0x89, 0xA9, 0x4F, 0x07, 0x55, 0x45, 0xBC, 0x2B, 0x69, 0x2F, 0x5E, 0xDC, 0xBE, 0x86, 0xCD, 0x42,
    0xC7, 0x0A, 0xD7, 0x81, 0x87, 0x33, 0x84, 0x61, 0x92, 0x51, 0x5A, 0x62, 0x6D, 0xCE, 0x66, 0xE1,
    0x6B, 0xAB, 0xD1, 0xBB, 0xD2, 0x71, 0xE8, 0xB4, 0x24, 0x31, 0xB6, 0x96, 0x41, 0x61, 0x6C, 0x98,
    0xBD, 0x1D, 0x51, 0xD9, 0x95, 0x83, 0x15, 0xB0, 0x50, 0xDB, 0x2F, 0xE6, 0x2D, 0xC1, 0xD4, 0x4F,
    0xCA, 0x54, 0x09, 0xE9, 0x3F, 0x86, 0xD9, 0x9B, 0xAB, 0xCD, 0x51, 0xD9, 0x23, 0xAF, 0x52, 0x0A,
    0x0D, 0x32, 0xB2, 0xC8, 0xC8, 0x24, 0x23, 0x9B, 0x8C, 0x19, 0xE5, 0x72, 0x56, 0xB9, 0x75, 0x28,
    0x8D, 0xBB, 0x90, 0xC8, 0x87, 0xB4, 0x8D, 0xC1, 0xEA, 0xF3, 0xEF, 0xDF, 0xDF, 0x82, 0x72, 0x79,
    0x75, 0x70, 0xB9, 0xDA, 0xD1, 0x7F, 0x40, 0x63, 0x59, 0x81, 0x86, 0x85, 0x69, 0xD1, 0x67, 0xD2,
    0x9F, 0xD0, 0xB2, 0x4F, 0x66, 0x81, 0x52, 0x0F, 0xE6, 0x80, 0x16, 0x7E, 0x4A, 0x06, 0x2A, 0x20,
    0xE9, 0x3F, 0x2F, 0x89, 0xBE, 0xD8, 0xB8, 0xB7, 0x49, 0xC8, 0x58, 0x55, 0xF8, 0xDD, 0x08, 0x9A,
    0xA7, 0x35, 0xCD, 0x75, 0x4D, 0xF3, 0xF4, 0xA5, 0x10, 0xDD, 0x0A, 0xC8, 0x58, 0x95, 0xE8, 0x42,
    0xB8, 0x3C, 0x17, 0xC3, 0x51, 0x97, 0x7A, 0x6D, 0x12, 0xDD, 0xD8, 0x8A, 0x34, 0xAF, 0x6A, 0x50,
    0x12, 0xAF, 0xB2, 0x76, 0x8D, 0xB4, 0x48, 0x50, 0xFA, 0xBD, 0x9C, 0xD8, 0xAF, 0x9C, 0xDB, 0x19,
    0xB5, 0x66, 0x8F, 0xD7, 0x09, 0xCA, 0x1D, 0xF9, 0xB6, 0x07, 0xA3, 0xCC, 0x03, 0xAF, 0x14, 0x64,
    0x26, 0x78, 0xA9, 0x20, 0x73, 0xF1, 0x98, 0xDA, 0xE2, 0x87, 0x6C, 0x74, 0x1F, 0x9A, 0x5A, 0x13,
    0xE7, 0xB6, 0xD9, 0xE9, 0x5B, 0x61, 0xE8, 0x8D, 0xED, 0xBC, 0x08, 0xD5, 0xAA, 0xF3, 0xF2, 0xFC,
    0x2D, 0x23, 0x83, 0x57, 0x1E, 0x47, 0xAB, 0x1F, 0xD5, 0x96, 0x95, 0xAD, 0x51, 0x27, 0x9C, 0x3A,
    0x7A, 0x5E, 0x73, 0x7A, 0xD8, 0x87, 0x6E, 0x9D, 0xDF, 0xE7, 0x9B, 0x7C, 0x67, 0xC3, 0xDF, 0x5F,
    0x3E, 0x3F, 0xC5, 0x80, 0x06, 0x18, 0xE5, 0x9A, 0x4C, 0x54, 0x8C, 0xA0, 0x0A, 0xC5, 0xB4, 0x5B,
    0x83, 0xEC, 0x6F, 0x80, 0x96, 0x26, 0xCC, 0xC3, 0x83, 0x0E, 0xD0, 0xE6, 0x80, 0x19, 0xAB, 0xEA,
    0xB8, 0x16, 0x76, 0x8E, 0x38, 0xC2, 0xF6, 0xD3, 0x95, 0x9C, 0x5B, 0xCB, 0x82, 0xDC, 0x13, 0x40,
    0xE9, 0x7C, 0xA1, 0x91, 0xFF, 0xBF, 0x40, 0x84, 0x75, 0xEE, 0xBC, 0x2A, 0x6A, 0x63, 0x9D, 0xB6,
    0xEA, 0x38, 0xE4, 0x2B, 0xAF, 0x05, 0xE1, 0x9C, 0xEF, 0x5E, 0x68, 0xF5, 0x33, 0x4D, 0x77, 0xAB,
    0xB0, 0xBC, 0x02, 0x64, 0xE0, 0x22, 0x59, 0xE6, 0x99, 0x47, 0x47, 0x4F, 0x3E, 0x3A, 0x7A, 0xCA,
    0xFB, 0x95, 0xCA, 0x72, 0x38, 0x69, 0x53, 0x6D, 0x4D, 0xA0, 0x53, 0x3A, 0x3A, 0x3A, 0x7F, 0xA9,
    0xF3, 0xE4, 0x0E, 0xD1, 0x71, 0x97, 0xDE, 0xAC, 0x3F, 0xAA, 0x81, 0xC1, 0x2C, 0x6F, 0xD8, 0xDF,
    0x01, 0x73, 0x0E, 0x6F, 0xD9, 0xA7, 0x25, 0x20, 0xAE, 0x7C, 0x8C, 0x0E, 0x76, 0x68, 0xDB, 0xFE,
    0x84, 0x81, 0x1D, 0xDA, 0xB8, 0x7F, 0x06, 0x05, 0xA0, 0xB6, 0xEE, 0x07, 0x4D, 0xA0, 0xCD, 0xFB,
    0x67, 0x83, 0x6C, 0x1D, 0xE6, 0x75, 0x71, 0xDC, 0xCE, 0xE9, 0x4C, 0x1B, 0xA7, 0x13, 0x6D, 0x1D,
    0xFD, 0xAC, 0x93, 0xF0, 0x61, 0x27, 0x89, 0xAD, 0x70, 0x51, 0xD1, 0x30, 0x9B, 0xBC, 0xA6, 0x9C,
    0x2D, 0xD2, 0x3B, 0x00, 0x3B, 0xED, 0x01, 0x4C, 0xAB, 0xB9, 0x56, 0xB9, 0xD7, 0x9D, 0x15, 0x64,
    0x14, 0x52, 0x30, 0xC1, 0x8B, 0xE0, 0x90, 0x23, 0x9A, 0x7A, 0x70, 0x91, 0x3D, 0xD3, 0xA3, 0xE5,
    0x53, 0x30, 0x43, 0x47, 0x3F, 0xEF, 0x2E, 0xE2, 0xE7, 0x6C, 0x1E, 0x55, 0x7A, 0x5C, 0xC9, 0x93,
    0xC1, 0x5D, 0x8D, 0xA8, 0xCE, 0x38, 0x9A, 0xC4, 0xC0, 0xF5, 0x3C, 0x42, 0x21, 0xBE, 0x94, 0x03,
    0x36, 0x23, 0x1D, 0x4C, 0xC0, 0x2D, 0x75, 0x29, 0x76, 0x13, 0x47, 0x8F, 0x48, 0x70, 0x1D, 0x3F,
    0x2B, 0x1F, 0xD8, 0xB2, 0x9F, 0xC1, 0x60, 0x24, 0xA2, 0x4E, 0x1D, 0xDB, 0x73, 0xAC, 0x0A, 0x99,
    0x12, 0x92, 0x71, 0x97, 0x47, 0x4B, 0xFB, 0x88, 0x8E, 0xA7, 0x4F, 0xE1, 0xD7, 0x9D, 0x42, 0x45,
    0x2E, 0xA2, 0xCF, 0xEA, 0x4D, 0x07, 0x47, 0xA1, 0x65, 0x5E, 0x20, 0x9C, 0x5C, 0x29, 0x40, 0x67,
    0x72, 0x52, 0x2D, 0x35, 0x1B, 0x4B, 0x68, 0xB9, 0xD7, 0x26, 0x22, 0x7E, 0x7E, 0xD5, 0xBD, 0x85,
    0x0E, 0xBD, 0x99, 0x4E, 0x3D, 0x8D, 0x7E, 0x46, 0xF0, 0x67, 0x84, 0x7F, 0x46, 0x00, 0x28, 0x23,
    0xA0, 0x10, 0x42, 0xA0, 0xA0, 0x31, 0xD0, 0x0A, 0x84, 0xD5, 0xAC, 0xA7, 0x51, 0xD0, 0x82, 0xF7,
    0xB2, 0xAB, 0xD9, 0x57, 0x1B, 0xBF, 0x17, 0x91, 0x6A, 0x0C, 0x86, 0x33, 0x06, 0xEA, 0x42, 0x05,
    0x8D, 0xFD, 0xD7, 0xF4, 0x9C, 0x59, 0x4D, 0x91, 0x02, 0x47, 0xD5, 0x82, 0x77, 0xC8, 0xBE, 0x57,
    0x48, 0xA6, 0xEC, 0xA6, 0x7A, 0xC2, 0x8D, 0x1D, 0x16, 0x1E, 0x1A, 0xFB, 0xAB, 0xA7, 0x74, 0xEE,
    0x74, 0x71, 0x85, 0xC7, 0xA6, 0x25, 0x6C, 0x55, 0x15, 0xD1, 0x74, 0x1B, 0x64, 0x34, 0xB7, 0xF4,
    0x70, 0x6D, 0x5A, 0x96, 0x5F, 0x19, 0x5C, 0xAC, 0xB2, 0x94, 0x35, 0xE3, 0xCB, 0x24, 0x75, 0x68,
    0x3F, 0xA2, 0x57, 0x24, 0x3A, 0x04, 0xCB, 0x41, 0x88, 0xD0, 0x79, 0x10, 0x42, 0x74, 0x1E, 0x84,
    0x18, 0x5D, 0x35, 0xE4, 0xA0, 0x59, 0x16, 0x21, 0x4A, 0x97, 0x8B, 0xB8, 0x88, 0x5B, 0x7A, 0xCC,
    0xD4, 0x63, 0xB6, 0x1E, 0x37, 0xF6, 0x0E, 0xFC, 0x6C, 0x09, 0x22, 0x97, 0xF4, 0x4A, 0x31, 0xB7,
    0xD4, 0x5E, 0x02, 0xC5, 0xE6, 0x47, 0x6B, 0xED, 0x6B, 0x34, 0xE3, 0x88, 0x6B, 0x0C, 0x72, 0x5D,
    0x02, 0x73, 0xDD, 0x72, 0x32, 0x7B, 0x55, 0x33, 0x7F, 0x51, 0x0A, 0xB3, 0x4A, 0xC0, 0x6C, 0x51,
    0x03, 0x66, 0xFB, 0x35, 0x60, 0x96, 0x6D, 0x28, 0xC0, 0x2C, 0xD5, 0xD8, 0x38, 0x1C, 0x7A, 0xBD,
    0xC8, 0x58, 0x4F, 0x1C, 0xFA, 0xA2, 0x68, 0x2E, 0x29, 0x9A, 0x79, 0x7D, 0x0D, 0xD3, 0x5C, 0xBA,
    0x14, 0xA2, 0x5B, 0x01, 0x19, 0xAB, 0x12, 0x9D, 0x7E, 0x52, 0x60, 0x38, 0x55, 0xBA, 0xDC, 0xB3,
    0x02, 0x37, 0x89, 0x6E, 0x6C, 0x45, 0x9A, 0x2F, 0x1E, 0x87, 0x8E, 0x20, 0xC1, 0x10, 0x13, 0x8C,
    0x81, 0x82, 0x31, 0x54, 0x50, 0xC2, 0x82, 0x10, 0xE1, 0x82, 0x10, 0x02, 0x83, 0x67, 0x20, 0x44,
    0x06, 0xD5, 0xB3, 0x62, 0x09, 0x1A, 0xBC, 0x63, 0x31, 0xC2, 0x06, 0xD7, 0xD0, 0xE3, 0x6D, 0x35,
    0x7A, 0x57, 0x11, 0xD2, 0xE3, 0xD8, 0x48, 0x84, 0xED, 0xAE, 0x18, 0xDC, 0xDD, 0x32, 0xD2, 0x79,
    0x95, 0xB0, 0x79, 0x91, 0x4A, 0xD0, 0x06, 0xF0, 0xC6, 0x7A, 0xD1, 0xCE, 0x88, 0x10, 0xF9, 0x24,
    0xE8, 0x33, 0xC2, 0x3E, 0x35, 0xF8, 0x49, 0xEE, 0x4B, 0xA2, 0x9F, 0x54, 0x9D, 0x28, 0xF8, 0x73,
    0x1E, 0x34, 0xFE, 0x79, 0x04, 0x34, 0x00, 0x8A, 0x35, 0xBB, 0x46, 0x40, 0x41, 0x43, 0xA0, 0xB3,
    0xA0, 0x31, 0xD0, 0x26, 0x68, 0x10, 0xF4, 0xB9, 0x9A, 0x46, 0x41, 0x6F, 0xAB, 0x47, 0x75, 0x7E,
    0x08, 0x72, 0xC7, 0x7B, 0x1D, 0x30, 0x82, 0x88, 0xDF, 0x10, 0x0C, 0x8D, 0xD0, 0xD0, 0x44, 0xC1,
    0xDE, 0x74, 0xB7, 0xB0, 0x34, 0x56, 0x88, 0x9D, 0xBC, 0x2C, 0x69, 0x84, 0x90, 0x78, 0x84, 0x89,
    0xB7, 0x80, 0xE2, 0xAF, 0x12, 0x69, 0x84, 0x27, 0x11, 0x5A, 0x1E, 0x55, 0x00, 0x21, 0x5E, 0x1E,
    0x01, 0xE6, 0x1D, 0x11, 0x73, 0x55, 0x23, 0x54, 0x34, 0x74, 0x29, 0x51, 0xF3, 0x34, 0x68, 0xD8,
    0x5C, 0x3D, 0xEA, 0x96, 0x71, 0x73, 0xD0, 0xC0, 0xB9, 0x00, 0x8D, 0x9C, 0x7B, 0xA0, 0xA1, 0xF3,
    0x8A, 0xC6, 0xCE, 0x1B, 0xF2, 0xC9, 0xB7, 0x67, 0x83, 0x6C, 0x2D, 0xEF, 0x86, 0xE8, 0x79, 0x47,
    0x19, 0xCC, 0x74, 0x90, 0xC1, 0x44, 0x87, 0x5E, 0x08, 0xA2, 0x47, 0x28, 0x7A, 0x0B, 0x8C, 0x1E,
    0x15, 0x44, 0xB3, 0xAD, 0x17, 0xD7, 0x50, 0x7A, 0x88, 0xA5, 0x2F, 0xF9, 0x40, 0x3D, 0x46, 0x62,
    0xE9, 0x89, 0x41, 0x7C, 0x67, 0x82, 0x1E, 0x18, 0xC9, 0xA6, 0x3D, 0xBE, 0x0C, 0x65, 0x53, 0x47,
    0x62, 0xD9, 0x3E, 0x28, 0x30, 0xBB, 0x02, 0x0A, 0xCD, 0xAE, 0x81, 0x82, 0xB3, 0x0B, 0x9E, 0xC2,
    0xB3, 0x1D, 0x2F, 0x5A, 0xC0, 0xB3, 0x2A, 0x24, 0x76, 0x93, 0x90, 0xB1, 0x26, 0x00, 0x75, 0x41,
    0x03, 0xD4, 0xB4, 0xA9, 0x99, 0x01, 0xEA, 0x7B, 0x9A, 0x5B, 0x06, 0x5D, 0x5F, 0x6B, 0xE2, 0xBB,
    0x74, 0x27, 0xDB, 0xA6, 0xCE, 0x53, 0x4A, 0x35, 0xE1, 0xB7, 0xAA, 0x42, 0x86, 0xFB, 0xBC, 0x76,
    0xCF, 0xB7, 0x29, 0x9E, 0x70, 0xB7, 0xF9, 0xB9, 0xE8, 0x48, 0x21, 0x87, 0x0D, 0xA2, 0x50, 0x6E,
    0xE3, 0x44, 0x0A, 0xE5, 0x4E, 0xCE, 0x4B, 0x42, 0xE1, 0x60, 0x1B, 0x78, 0x53, 0x6D, 0x05, 0x6E,
    0x42, 0xD8, 0xA6, 0xD3, 0x5E, 0xA4, 0x75, 0x7D, 0xD0, 0x9E, 0x91, 0xD0, 0xE7, 0x39, 0x95, 0x6B,
    0xD6, 0xD4, 0x2E, 0xA2, 0x05, 0xB5, 0x89, 0x68, 0x56, 0xEF, 0x21, 0xD2, 0x5B, 0x88, 0xD4, 0x0E,
    0xA2, 0x09, 0xB5, 0x81, 0x68, 0x46, 0xED, 0x1F, 0xAA, 0xAA, 0xED, 0x43, 0xBE, 0xDE, 0x3D, 0xA4,
    0x37, 0x0F, 0xE9, 0xBD, 0x43, 0xE1, 0xD6, 0x21, 0xBD, 0x73, 0x28, 0xBE, 0xCB, 0x43, 0xD3, 0xA2,
    0x77, 0x41, 0xE9, 0x4D, 0x50, 0x7A, 0x0F, 0x94, 0xDE, 0x02, 0x45, 0x3B, 0xA0, 0x36, 0x11, 0xDD,
    0xF3, 0x2F, 0x71, 0x5C, 0x68, 0x39, 0x6E, 0xC4, 0x13, 0xC1, 0x94, 0x4E, 0x63, 0xCA, 0xA3, 0x94,
    0x1A, 0x75, 0x4E, 0x6B, 0x35, 0xC1, 0xF5, 0x52, 0xAD, 0xA9, 0xA7, 0xF5, 0x5A, 0x2B, 0xF6, 0x02,
    0x68, 0xCD, 0x6E, 0x80, 0x56, 0xED, 0x27, 0xAA, 0x5A, 0xB7, 0x0F, 0x56, 0x3B, 0x3A, 0xDE, 0x65,
    0x9F, 0xCE, 0xB7, 0x11, 0xB4, 0x98, 0xE1, 0x70, 0xAC, 0xF2, 0x11, 0x8E, 0x1B, 0x20, 0xA1, 0xD0,
    0x43, 0xC5, 0xD6, 0xF8, 0x46, 0xA9, 0x4D, 0xE8, 0x46, 0x23, 0x3F, 0xDA, 0xC9, 0x4D, 0x6D, 0xBA,
    0x51, 0xDD, 0xBA, 0xBC, 0x2D, 0x45, 0x73, 0x18, 0x34, 0xA2, 0xA8, 0xB1, 0x74, 0xD8, 0xD8, 0x50,
    0x9A, 0xD7, 0x6C, 0x5B, 0x12, 0xC4, 0x5D, 0x4D, 0xE8, 0x6B, 0xB4, 0xB3, 0x01, 0xED, 0x6D, 0x40,
    0xBB, 0x1B, 0xD0, 0xFE, 0x06, 0x94, 0xC3, 0xA9, 0x84, 0xDB, 0x59, 0x7D, 0xE5, 0x72, 0x0A, 0x7E,
    0x62, 0x77, 0xDD, 0xB2, 0xA4, 0x2A, 0x75, 0xD0, 0x8F, 0x48, 0x0C, 0x9F, 0x91, 0x78, 0x69, 0x48,
    0x35, 0xE6, 0xAE, 0x2C, 0x14, 0x27, 0xBE, 0x3E, 0x37, 0x81, 0xED, 0x09, 0x4A, 0x19, 0xDB, 0xFF,
    0x9F, 0xE4, 0xFF, 0x47, 0xD8, 0x00, 0x28, 0x89, 0x6C, 0x80, 0xD5, 0x88, 0x7F, 0xDD, 0xE7, 0xAF,
    0xFB, 0x4B, 0x7D, 0xBD, 0xE5, 0x52, 0x23, 0xB2, 0xB8, 0xC1, 0x6C, 0xDF, 0xA6, 0x67, 0xAD, 0xD1,
    0x45, 0xF9, 0x89, 0x52, 0x34, 0x64, 0x35, 0x30, 0x31, 0xB7, 0xC8, 0x40, 0xEE, 0x94, 0xFB, 0xA7,
    0x3D, 0xE2, 0x0F, 0x32, 0xC5, 0xAB, 0x1F, 0xF0, 0x52, 0xD7, 0x83, 0xB5, 0x9D, 0xD3, 0x86, 0x05,
    0xFE, 0xD8, 0x04, 0x7F, 0xC5, 0xE1, 0x00, 0x69, 0x8A, 0x8F, 0xC8, 0xDF, 0xF5, 0xE0, 0x6C, 0x20,
    0x4D, 0xDB, 0x20, 0x69, 0x5F, 0x2B, 0x16, 0x07, 0xE1, 0x75, 0xFE, 0xB0, 0xC7, 0xFB, 0x42, 0x46,
    0x5C, 0xFD, 0x80, 0x48, 0x5D, 0x47, 0xD7, 0xC1, 0x7F, 0xC2, 0x0F, 0x58, 0xB4, 0x32, 0x87, 0xBE,
    0x22, 0x77, 0xB3, 0x7E, 0xA4, 0x45, 0xA3, 0x45, 0x5B, 0x47, 0x1B, 0xBC, 0xF9, 0x47, 0x53, 0xD2,
    0xC7, 0x9A, 0xC5, 0x9B, 0x94, 0x39, 0x4C, 0x4D, 0xCB, 0x4E, 0x71, 0xFA, 0x30, 0x77, 0x4C, 0x5F,
    0x75, 0x76, 0xEB, 0xCE, 0x98, 0xFE, 0xA7, 0xF1, 0xD2, 0xE1, 0x31, 0xEE, 0xE4, 0x2A, 0x87, 0xE9,
    0x1D, 0xC3, 0x83, 0xFC, 0x73, 0xBE, 0xC7, 0x38, 0x53, 0xB7, 0x41, 0xD5, 0xED, 0xDB, 0xF0, 0x64,
    0x12, 0x13, 0x72, 0xB7, 0x88, 0x9D, 0x1F, 0x1B, 0x1F, 0x72, 0x4B, 0xDF, 0xF3, 0xC0, 0x38, 0xEE,
    0xDA, 0xFE, 0xD8, 0x28, 0x92, 0xFD, 0x23, 0xEF, 0x28, 0x8C, 0x41, 0x21, 0x68, 0xE4, 0xCB, 0x45,
    0xEC, 0xA8, 0x57, 0x49, 0x57, 0x7B, 0xDE, 0x12, 0xB0, 0x5A, 0x3C, 0x17, 0x9B, 0xEA, 0xFC, 0xBE,
    0xB1, 0x3D, 0x16, 0x46, 0x16, 0x0E, 0x87, 0xA6, 0x6E, 0xB8, 0x51, 0x1F, 0xA6, 0xA3, 0xBE, 0xE6,
    0x84, 0x2B, 0xE9, 0xA8, 0x3F, 0x1C, 0x7B, 0x7F, 0x6C, 0x7A, 0x2C, 0xEC, 0xBF, 0xA3, 0x14, 0xF5,
    0xFB, 0xE6, 0x63, 0xD7, 0xCF, 0x3D, 0xE1, 0x0B, 0x86, 0x24, 0x3C, 0x11, 0xE6, 0x89, 0x69, 0x4F,
    0xE4, 0x34, 0x69, 0x28, 0x10, 0xFE, 0x6D, 0x0D, 0xA3, 0x61, 0x40, 0xD1, 0x9B, 0x22, 0xBC, 0xA3,
    0x27, 0x7D, 0xAD, 0xE5, 0x7E, 0xCF, 0x2B, 0x96, 0x30, 0xFB, 0xC9, 0x0C, 0x5B, 0x86, 0x18, 0xF5,
    0x2B, 0xFB, 0x7F, 0x0E, 0xE3, 0x23, 0x73, 0x7D, 0x28, 0xD0, 0xC2, 0xA9, 0x66, 0x0A, 0xB2, 0x2F,
    0x04, 0x75, 0xF9, 0x1C, 0x5C, 0x1B, 0xFF, 0x43, 0xC9, 0x48, 0xF9, 0x70, 0x3A, 0xA3, 0x10, 0x01,
    0x7E, 0x46, 0xDA, 0x7C, 0xBB, 0x37, 0x7B, 0x4D, 0xAC, 0xFF, 0xC6, 0x58, 0x3F, 0xE1, 0xF2, 0x7B,
    0x3A, 0x7B, 0x52, 0x7C, 0x6D, 0x8B, 0x87, 0xDB, 0xAB, 0x3F, 0x13, 0x9B, 0x46, 0xD8, 0xD6, 0x17,
    0x9D, 0x74, 0xF5, 0xA5, 0xA2, 0x93, 0xFE, 0xF8, 0xC9, 0x99, 0xBE, 0x54, 0x46, 0xF7, 0xAD, 0xBB,
    0x53, 0x76, 0x78, 0x62, 0xF7, 0xEA, 0x13, 0x94, 0x81, 0xF5, 0x80, 0x1D, 0x9D, 0xC0, 0x47, 0x6F,
    0xF8, 0x60, 0x74, 0x62, 0x9E, 0xAF, 0x67, 0xB8, 0x57, 0x0C, 0xD5, 0x17, 0x65, 0x59, 0x4A, 0x81,
    0x08, 0x71, 0xD7, 0xD2, 0xA8, 0x00, 0x8E, 0x44, 0xE6, 0xA2, 0x01, 0xA5, 0xB7, 0x7A, 0xA4, 0x6B,
    0xD0, 0x33, 0xD0, 0x67, 0x41, 0xE9, 0x26, 0xE1, 0x91, 0x33, 0xDA, 0x39, 0x9E, 0x32, 0xDD, 0xC3,
    0xDF, 0x3C, 0xE0, 0x5F, 0xF5, 0x13, 0xF8, 0xC8, 0x84, 0xBF, 0xCB, 0x14, 0xF9, 0x0B, 0x41, 0xE1,
    0x7C, 0x2F, 0x64, 0x7F, 0x19, 0xD4, 0x30, 0x42, 0xD0, 0x93, 0x5B, 0x7A, 0x31, 0x25, 0xEF, 0x22,
    0xE9, 0x8E, 0x17, 0x69, 0xE2, 0x74, 0x9F, 0x04, 0x2D, 0x68, 0xEF, 0xB9, 0x41, 0x4B, 0xED, 0xA1,
    0xD2, 0x29, 0x56, 0xC4, 0xA5, 0x9B, 0x10, 0x6F, 0xCB, 0x2B, 0xB3, 0xCC, 0x59, 0x57, 0xA2, 0xB4,
    0xD8, 0xF1, 0xCE, 0xF8, 0xAE, 0xE1, 0xAB, 0xFA, 0xE3, 0xD8, 0x6A, 0x57, 0xFC, 0xAC, 0xA7, 0x3F,
    0x86, 0xC6, 0xC2, 0xCD, 0xFD, 0xBD, 0x91, 0xC6, 0x9B, 0xCF, 0xF6, 0xF6, 0x45, 0x67, 0x76, 0x26,
    0x7E, 0xD6, 0x97, 0x38, 0xB3, 0x1A, 0x7D, 0xB1, 0x33, 0xB0, 0x4F, 0x3D, 0x8B, 0x43, 0xA7, 0x0C,
    0x71, 0xCA, 0x98, 0x9A, 0xEA, 0x52, 0x85, 0x8E, 0x29, 0xA6, 0xB2, 0x5A, 0x13, 0xCC, 0xCA, 0x80,
    0xAF, 0x1E, 0x05, 0x85, 0x4A, 0x3C, 0x70, 0x78, 0xB8, 0x38, 0x44, 0xA9, 0x7C, 0xB7, 0x7D, 0xD0,
    0x14, 0x13, 0x7B, 0xC7, 0xFD, 0xC3, 0xF4, 0xFD, 0xDE, 0x9D, 0x96, 0xEB, 0x1D, 0xDB, 0xF9, 0x76,
    0xAF, 0x3A, 0xFA, 0x4F, 0xF0, 0x8E, 0xDD, 0x87, 0x6D, 0xF0, 0xBE, 0x78, 0xE1, 0xC5, 0xE0, 0x54,
    0xF3, 0x20, 0x5C, 0xFE, 0x7C, 0x50, 0x07, 0x1C, 0x96, 0xF1, 0x31, 0x52, 0x64, 0x8B, 0xAF, 0x5E,
    0x84, 0x91, 0xC3, 0xA4, 0xD0, 0xBB, 0xB9, 0x20, 0x2A, 0xD1, 0x23, 0x60, 0x01, 0x18, 0xD5, 0x1B,
    0x6F, 0xF9, 0x69, 0x2B, 0x45, 0xDC, 0x65, 0x89, 0x2A, 0xEC, 0xF5, 0xEE, 0x8A, 0xA6, 0xC3, 0x3B,
    0x9C, 0x42, 0x72, 0x8F, 0x76, 0xDF, 0x4D, 0x46, 0xFC, 0x74, 0xE0, 0xB6, 0x4F, 0xC5, 0x4F, 0x8D,
    0x04, 0xEC, 0x64, 0x9A, 0xB7, 0xC5, 0x4F, 0xD3, 0xD7, 0xDC, 0x1A, 0x3F, 0xFD, 0xDB, 0xE4, 0xE9,
    0xD9, 0x6B, 0x6E, 0x3D, 0x1E, 0xBB, 0xD0, 0xC3, 0x07, 0x6E, 0x3D, 0x0B, 0xA1, 0x8E, 0x43, 0xF9,
    0xB6, 0x87, 0x8E, 0xC7, 0x4E, 0x8D, 0x0B, 0x17, 0x0E, 0xC6, 0x4E, 0x61, 0xDB, 0x36, 0x03, 0xB4,
    0x0D, 0x24, 0xAC, 0x80, 0xD0, 0x14, 0x91, 0x0F, 0xED, 0x20, 0x2D, 0x12, 0x96, 0x30, 0xEC, 0xBD,
    0xD5, 0x13, 0x91, 0x2D, 0x8C, 0x4D, 0x7F, 0x38, 0x6E, 0x0D, 0xF5, 0x23, 0x68, 0x0F, 0x9F, 0xFC,
    0x21, 0x9C, 0x20, 0x7B, 0x70, 0xF3, 0x9F, 0x7B, 0x8E, 0x2C, 0xA2, 0x1F, 0x72, 0x68, 0x11, 0x16,
    0x89, 0x93, 0x6C, 0xA2, 0x9F, 0x31, 0x3A, 0x9B, 0x7D, 0xBD, 0xAF, 0xAD, 0x82, 0x6B, 0xA9, 0x97,
    0xB0, 0x8B, 0x36, 0xDB, 0x58, 0xD6, 0x3A, 0xB6, 0x2D, 0x73, 0x96, 0x1C, 0xAF, 0xAF, 0x74, 0x0D,
    0xC5, 0xCE, 0x4E, 0xEC, 0x1C, 0x8B, 0x5B, 0x47, 0xFC, 0x6C, 0xEF, 0xCE, 0xF8, 0xD9, 0xC2, 0xCE,
    0x4C, 0x74, 0x66, 0x7F, 0x2B, 0x7E, 0x96, 0x19, 0x8E, 0x9F, 0xF5, 0x0F, 0x67, 0xE2, 0x9F, 0x5C,
    0x8C, 0xFF, 0x1B, 0x38, 0x17, 0xEA, 0xF1, 0xFB, 0xB9, 0xAE, 0xF2, 0xC4, 0x22, 0xFC, 0x69, 0x46,
    0x83, 0xC7, 0x65, 0xB8, 0xDB, 0xA8, 0x47, 0x1F, 0xFB, 0x5F, 0x60, 0x71, 0x82, 0x53, 0x19, 0x04,
    0xCB, 0xF8, 0xB4, 0xC5, 0xD2, 0x9C, 0x3A, 0x32, 0x36, 0x0C, 0xD6, 0xC1, 0xEB, 0x6D, 0xF6, 0xE4,
    0x9F, 0xF7, 0xC6, 0x33, 0x25, 0xF3, 0xF8, 0xCD, 0x69, 0xF3, 0x99, 0x71, 0xAB, 0xF8, 0x4B, 0x38,
    0x9C, 0x29, 0x9A, 0x68, 0x2A, 0xC1, 0x53, 0x63, 0x46, 0xF9, 0x96, 0x40, 0x64, 0x8A, 0xD6, 0xC1,
    0x83, 0xAC, 0xFA, 0x74, 0xFB, 0xE1, 0x23, 0x69, 0xF3, 0xC7, 0x34, 0x0C, 0x3C, 0xD1, 0x3A, 0x97,
    0xAD, 0xF3, 0x83, 0x2E, 0x78, 0x29, 0x96, 0xD5, 0xB9, 0x36, 0x6A, 0x79, 0x2C, 0x49, 0x32, 0x3B,
    0x50, 0xD6, 0x7F, 0xC2, 0x35, 0x48, 0xD4, 0x83, 0x3F, 0x30, 0xE1, 0x04, 0x18, 0x43, 0x3F, 0x30,
    0x71, 0x14, 0x76, 0x0D, 0x3D, 0xF2, 0x35, 0x3C, 0xDC, 0xB3, 0xF7, 0x61, 0xF3, 0x03, 0xE6, 0x1C,
    0x1D, 0x0E, 0x7D, 0x76, 0xEF, 0xE5, 0x9F, 0xF0, 0xBE, 0xF1, 0xE5, 0x13, 0x87, 0xE1, 0x5D, 0x62,
    0x78, 0xDF, 0x9B, 0xDD, 0x6E, 0xF0, 0xC6, 0x30, 0x78, 0x5C, 0x81, 0xC9, 0x5A, 0x8F, 0x2D, 0x6E,
    0xDB, 0x06, 0x6F, 0xE8, 0xE9, 0x81, 0x63, 0x7B, 0x51, 0xC7, 0x52, 0x83, 0xE6, 0x33, 0x2F, 0x96,
    0xEF, 0x0D, 0x8A, 0xA1, 0xC3, 0x33, 0xDC, 0x8C, 0x70, 0x53, 0x74, 0x38, 0x5E, 0xBC, 0x8A, 0xDE,
    0xFC, 0xD4, 0xD0, 0x6D, 0x74, 0x38, 0x5E, 0xFD, 0x3E, 0x1D, 0xC4, 0xB4, 0xF9, 0xF4, 0xC9, 0x93,
    0x73, 0xF7, 0x22, 0x0F, 0x87, 0xA6, 0xDA, 0xD0, 0x03, 0x0A, 0x4B, 0x57, 0x40, 0xD7, 0xB6, 0x10,
    0x39, 0x16, 0xDA, 0xDF, 0xF5, 0xC2, 0x1B, 0x75, 0xBF, 0xBF, 0x17, 0x3F, 0xA3, 0xFC, 0x99, 0x45,
    0x98, 0x8B, 0xEC, 0x1F, 0x35, 0x7E, 0x48, 0x21, 0x8A, 0x82, 0x92, 0x71, 0x0E, 0x3E, 0x69, 0x98,
    0xFD, 0x32, 0x40, 0x99, 0xEE, 0xA8, 0x65, 0xF5, 0xA6, 0xFE, 0x8B, 0xFA, 0x1F, 0x75, 0x73, 0x76,
    0x7A, 0xA0, 0x8F, 0xFA, 0xD6, 0x4F, 0x9C, 0x9F, 0x07, 0xC1, 0x85, 0xC6, 0xB3, 0xFC, 0xF1, 0x6E,
    0x98, 0x1A, 0x9C, 0x9A, 0x42, 0xE5, 0x4F, 0x9F, 0x53, 0x84, 0xF8, 0x79, 0x78, 0xDB, 0x59, 0xDD,
    0xAF, 0x40, 0x51, 0xF5, 0x29, 0xEC, 0x7C, 0x4F, 0xF6, 0x0D, 0xAF, 0xE8, 0xC3, 0xE8, 0x63, 0x0A,
    0x89, 0xAA, 0x7E, 0xD2, 0xA3, 0x07, 0x8E, 0xF3, 0x62, 0x9A, 0x53, 0xE7, 0x3B, 0x0D, 0x50, 0xF7,
    0x54, 0xE7, 0x7E, 0x2A, 0xE6, 0xD6, 0xBA, 0xD1, 0x2E, 0xBA, 0x7B, 0x22, 0xF4, 0xC8, 0x10, 0x61,
    0x94, 0xED, 0x4A, 0xC1, 0x9B, 0xBC, 0x30, 0xCC, 0x0E, 0xA4, 0x70, 0x4C, 0xC3, 0x33, 0x8B, 0x1C,
    0x98, 0x3E, 0x3B, 0x06, 0xA8, 0x38, 0x5D, 0x2A, 0xD2, 0x1A, 0x67, 0xDD, 0xAB, 0x0D, 0xB3, 0x57,
    0x47, 0x64, 0x43, 0x64, 0xAD, 0x83, 0x7D, 0xFA, 0xAC, 0x2C, 0x72, 0xD6, 0xB5, 0x69, 0x3B, 0xC3,
    0xD6, 0x66, 0xDD, 0xE3, 0xFC, 0xAC, 0xD9, 0x3C, 0xDF, 0xC8, 0xB0, 0x27, 0xB6, 0x12, 0x9E, 0xB8,
    0xD3, 0x59, 0x0A, 0xCF, 0xD0, 0x3F, 0x18, 0xBF, 0x95, 0x55, 0xA6, 0x80, 0x31, 0x8C, 0x16, 0xD6,
    0x5F, 0x30, 0x33, 0x6F, 0xF5, 0xA6, 0xC6, 0x30, 0x5A, 0xF4, 0xC9, 0x94, 0xEE, 0x26, 0x51, 0x1C,
    0xC3, 0x8B, 0xE6, 0xE4, 0x7C, 0xD8, 0x37, 0xDD, 0xCA, 0xCC, 0xE8, 0x5C, 0xF9, 0x49, 0x89, 0xDE,
    0x5C, 0x08, 0xCA, 0x4F, 0x44, 0xB3, 0x25, 0xA5, 0x62, 0x5C, 0x60, 0xE3, 0x5F, 0x88, 0xBB, 0x81,
    0xEC, 0xAD, 0x43, 0x6D, 0xE0, 0x72, 0x0F, 0xEC, 0x85, 0x9E, 0x21, 0x15, 0x6D, 0xBB, 0x5D, 0x65,
    0xC6, 0x19, 0xF8, 0x90, 0xEA, 0xEE, 0xCB, 0xE0, 0x07, 0x64, 0x37, 0x4D, 0x3C, 0x73, 0x77, 0xD1,
    0xFC, 0x2C, 0xCA, 0x27, 0x33, 0xCE, 0xDA, 0xF3, 0xAC, 0xD1, 0x9D, 0xA1, 0x2E, 0x32, 0x35, 0x91,
    0xEA, 0xE5, 0xEE, 0xE7, 0xBF, 0x0F, 0x47, 0x07, 0xFA, 0x77, 0xF5, 0x63, 0x9A, 0x75, 0xEF, 0x1F,
    0xE7, 0xCE, 0x05, 0x17, 0x5E, 0x38, 0x7F, 0x02, 0xE0, 0x1F, 0xB4, 0x00, 0xA3, 0x2E, 0x3A, 0xDD,
    0x6F, 0x73, 0xFA, 0x88, 0xDD, 0x33, 0x70, 0x92, 0xA0, 0xAF, 0x07, 0xC0, 0x78, 0xC8, 0x83, 0x6F,
    0x0E, 0x63, 0xFA, 0xFB, 0x88, 0x79, 0xE0, 0x61, 0x01, 0xF7, 0xA1, 0x1C, 0xCC, 0xCF, 0x58, 0x2E,
    0xBE, 0x8B, 0xBE, 0x18, 0xAC, 0xEF, 0xDA, 0x07, 0xFC, 0x0B, 0x02, 0xFD, 0x70, 0x10, 0x3C, 0xD7,
    0x40, 0x57, 0x2C, 0xB5, 0x27, 0x0A, 0x1A, 0xC6, 0xE3, 0x3D, 0xA1, 0x79, 0x1F, 0xEB, 0x11, 0x09,
    0x44, 0xDD, 0xF8, 0x1A, 0xD9, 0x47, 0xEA, 0xEB, 0x68, 0xC1, 0xFB, 0x52, 0x45, 0x30, 0x77, 0xC0,
    0x9D, 0xF8, 0xFE, 0x35, 0x43, 0xF0, 0x31, 0x0A, 0x3D, 0x57, 0x80, 0x79, 0xF2, 0xE4, 0xC9, 0x3F,
    0x3F, 0xA1, 0xDD, 0xF2, 0xB6, 0x6E, 0x74, 0x57, 0x7B, 0x00, 0x6E, 0x07, 0x3A, 0x0C, 0xFF, 0x0E,
    0xD2, 0xB9, 0x07, 0xEE, 0xEC, 0x87, 0xD7, 0xDC, 0xBE, 0x07, 0xFE, 0xFE, 0x83, 0x87, 0xFE, 0xA6,
    0xEF, 0xC3, 0x30, 0xF8, 0xFE, 0x43, 0xEF, 0xFE, 0xFC, 0x01, 0xD8, 0x6E, 0xB0, 0x1B, 0x7F, 0xAD,
    0xC9, 0x9F, 0x7F, 0x33, 0xFE, 0xED, 0xE9, 0x03, 0x81, 0x79, 0xD2, 0x9E, 0x3D, 0x20, 0xEC, 0x9E,
    0x3B, 0xF7, 0x5C, 0x0E, 0xE2, 0x0D, 0xDF, 0xFD, 0xC9, 0x87, 0x53, 0xE0, 0x0E, 0x1E, 0x18, 0x74,
    0xB7, 0x85, 0x46, 0xDB, 0xC7, 0xB9, 0xB8, 0x0D, 0x0E, 0xC5, 0x1F, 0x71, 0x1C, 0x86, 0x3D, 0x1C,
    0xBF, 0x87, 0xCE, 0xBA, 0x63, 0xC5, 0x39, 0x0C, 0x7E, 0x67, 0xB1, 0x84, 0xC0, 0xD2, 0xAD, 0xFC,
    0x20, 0xE4, 0x1F, 0x92, 0x99, 0x73, 0x37, 0xA3, 0x82, 0x97, 0xA9, 0x09, 0x93, 0xD7, 0x77, 0x9A,
    0x38, 0xED, 0x32, 0xBC, 0xB7, 0x7B, 0x5C, 0x0C, 0x94, 0x30, 0xF5, 0xB6, 0xCC, 0x3E, 0x18, 0xC3,
    0x64, 0xDA, 0x3A, 0x98, 0x82, 0xF1, 0xAC, 0x57, 0x32, 0xEF, 0xE8, 0x1B, 0x9C, 0xC0, 0x3C, 0xC2,
    0x6C, 0x2E, 0xE6, 0x7E, 0xDA, 0x84, 0xA2, 0xF4, 0xB9, 0x70, 0x44, 0xCD, 0x2D, 0x64, 0xEB, 0xAD,
    0x36, 0x37, 0x05, 0x83, 0x5D, 0x14, 0x6A, 0x76, 0xC0, 0xBB, 0xC6, 0x7A, 0x50, 0x66, 0x86, 0xE1,
    0xDE, 0x3E, 0xD6, 0x83, 0x37, 0xD8, 0xD5, 0xE7, 0xDE, 0xFE, 0xBB, 0xBF, 0x87, 0x9D, 0x7B, 0x00,
    0x7E, 0x30, 0x94, 0xF1, 0xB2, 0x2E, 0x76, 0x1E, 0x19, 0xCA, 0xFC, 0xDB, 0xB4, 0x77, 0xF9, 0xA1,
    0x1B, 0xFE, 0xF3, 0x75, 0x7F, 0xF2, 0xDF, 0x8F, 0xB8, 0x70, 0xE8, 0x03, 0xDB, 0xE1, 0xB1, 0xC7,
    0x4E, 0x90, 0xDF, 0x4F, 0x19, 0x42, 0x90, 0x07, 0xA4, 0xB5, 0x32, 0xE2, 0x0A, 0xB8, 0x8D, 0x43,
    0xB4, 0x18, 0x82, 0x82, 0x49, 0x93, 0x10, 0x3E, 0xEA, 0xD5, 0xA9, 0x20, 0x38, 0x91, 0xBB, 0xA5,
    0xC9, 0xE6, 0x61, 0x15, 0x7B, 0x5D, 0x48, 0x59, 0xF4, 0x7C, 0xF1, 0xFE, 0x77, 0xC2, 0xDB, 0x0E,
    0x1A, 0x5D, 0x5F, 0x31, 0xFB, 0x6F, 0x80, 0x23, 0x67, 0xED, 0xBD, 0xF7, 0xDD, 0x78, 0xFD, 0x4D,
    0xEE, 0x5D, 0x67, 0x5E, 0x7C, 0xEE, 0xC6, 0x8F, 0x5F, 0x7F, 0x8B, 0x8B, 0xD7, 0xEC, 0x32, 0xAF,
    0xBE, 0xFE, 0x20, 0x46, 0x97, 0x9E, 0x3B, 0x47, 0x8C, 0x5F, 0x7F, 0x0C, 0xDE, 0x7F, 0xF2, 0x1B,
    0xD3, 0x9D, 0xE0, 0x8A, 0x28, 0xAB, 0xDC, 0x06, 0x3D, 0x7B, 0x55, 0xC1, 0xD4, 0x25, 0xFA, 0xF7,
    0xCA, 0x94, 0x11, 0xAE, 0x12, 0x32, 0x6D, 0xEC, 0xEF, 0xC7, 0x0F, 0xC8, 0xAE, 0x75, 0xBD, 0x9E,
    0xCC, 0x6F, 0xC0, 0x7F, 0xA0, 0xB1, 0x50, 0x17, 0x55, 0xED, 0xA8, 0x69, 0x66, 0xC8, 0x95, 0xA2,
    0xF4, 0x46, 0xAC, 0x54, 0x7F, 0xDF, 0xAF, 0x50, 0xE5, 0x03, 0x28, 0xA4, 0x07, 0x06, 0xFA, 0xB1,
    0xFB, 0xC5, 0x77, 0x65, 0x1F, 0x6F, 0xBE, 0xF8, 0x7C, 0x1D, 0xBB, 0x5F, 0xD6, 0xEE, 0x0F, 0xE0,
    0x1B, 0x0A, 0x53, 0x42, 0xAF, 0xC8, 0xDD, 0xAB, 0xD9, 0x29, 0xDE, 0x4F, 0xDD, 0xC7, 0x41, 0x60,
    0x31, 0xC8, 0xDD, 0xB3, 0xEC, 0x12, 0xFF, 0x8A, 0x74, 0xE3, 0x7F, 0x2C, 0xF2, 0x88, 0x79, 0x32,
    0xF1, 0x67, 0x22, 0x87, 0xF8, 0x50, 0xA4, 0xD0, 0x4F, 0xDE, 0x1E, 0xBA, 0xC0, 0x5C, 0x77, 0x32,
    0x74, 0xCD, 0x99, 0xD7, 0x19, 0x25, 0xC6, 0xAD, 0xCC, 0xBB, 0x0D, 0x38, 0xC4, 0x16, 0x72, 0x37,
    0x44, 0x1D, 0xF9, 0xA9, 0xBB, 0xED, 0x3A, 0xFB, 0x7D, 0xE3, 0xD3, 0xFD, 0x99, 0xCC, 0x7E, 0xEE,
    0x0C, 0x64, 0x32, 0xF7, 0x63, 0xAA, 0x67, 0x7C, 0xC6, 0xAC, 0x65, 0x1E, 0x16, 0x25, 0xFB, 0x99,
    0x6B, 0xBF, 0xF3, 0xE2, 0xCD, 0xBF, 0xC4, 0xB4, 0xF3, 0x5F, 0x8C, 0x6F, 0xA7, 0x4A, 0x6F, 0x71,
    0x4B, 0xF2, 0x01, 0x87, 0x36, 0x4C, 0xDE, 0xF0, 0x77, 0x54, 0x00, 0x9D, 0x81, 0xD4, 0xAF, 0x76,
    0x82, 0x2C, 0x3C, 0xF0, 0x80, 0x9D, 0x1D, 0x38, 0x0E, 0xDC, 0xC1, 0x74, 0x7D, 0x3C, 0xA3, 0x52,
    0xF8, 0xED, 0x19, 0xAA, 0x4D, 0x31, 0xB7, 0xDA, 0x99, 0xE9, 0xED, 0x07, 0xC3, 0x82, 0xE2, 0x60,
    0xC6, 0xEE, 0x07, 0xDB, 0xC4, 0x0B, 0x66, 0x2C, 0xAC, 0x28, 0x4C, 0xF7, 0x13, 0x87, 0x16, 0x2C,
    0xFB, 0xE4, 0xA9, 0xEF, 0x40, 0x5F, 0x53, 0xD8, 0xC6, 0xC9, 0xD2, 0x89, 0xC4, 0x6A, 0xAC, 0x79,
    0xFD, 0xB0, 0x00, 0xB7, 0x43, 0xC4, 0x4B, 0x75, 0x78, 0x2F, 0xFA, 0x35, 0x94, 0x37, 0x3D, 0xAC,
    0xA3, 0xC1, 0x0E, 0x4B, 0x7B, 0x7B, 0x53, 0xF7, 0x52, 0x96, 0xEE, 0x61, 0x88, 0x93, 0xBE, 0xD6,
    0xF8, 0xA9, 0xEE, 0x59, 0xD7, 0x86, 0xBD, 0x7B, 0x31, 0x00, 0x2A, 0x8F, 0x6F, 0x1D, 0xEF, 0xD5,
    0x6B, 0xBE, 0x9A, 0xBD, 0x6D, 0x5A, 0x56, 0xD4, 0xF3, 0xD4, 0xD6, 0x1C, 0x3D, 0xC1, 0xBB, 0x0B,
    0xAC, 0x3F, 0xEB, 0xC3, 0xA4, 0xE5, 0xF5, 0x95, 0x7E, 0xAC, 0x28, 0x32, 0x63, 0x98, 0xCB, 0x9F,
    0x4E, 0xA1, 0x1F, 0xEF, 0xAF, 0xCE, 0x5E, 0x99, 0x16, 0x16, 0xFA, 0xF0, 0x66, 0xF9, 0x1C, 0xA6,
    0xF9, 0xC4, 0x42, 0x26, 0xA3, 0x6B, 0x78, 0x59, 0x31, 0xCE, 0xE8, 0x19, 0x37, 0xD3, 0x6F, 0x4F,
    0xD6, 0xDF, 0x1D, 0xE6, 0x5E, 0x8F, 0x86, 0xF5, 0xC6, 0x1D, 0x2B, 0x5C, 0x51, 0x33, 0x1C, 0xFE,
    0x40, 0xD5, 0x44, 0xF8, 0x13, 0x55, 0x93, 0xE1, 0x8F, 0x54, 0x8D, 0x86, 0x3F, 0x53, 0xE5, 0x84,
    0x3F, 0x54, 0xE5, 0xA8, 0x9F, 0xAA, 0x5A, 0x54, 0x8F, 0xA0, 0x4F, 0x35, 0x47, 0x61, 0x54, 0xFD,
    0x5C, 0x95, 0xA3, 0x7E, 0x6C, 0xED, 0x3C, 0x7E, 0xA5, 0xB2, 0xE4, 0x4F, 0x56, 0xC5, 0x9E, 0xB3,
    0x52, 0xED, 0xF0, 0x1E, 0x24, 0xD6, 0xF1, 0x3A, 0x5F, 0x0D, 0xC3, 0xBB, 0x3D, 0x10, 0x5B, 0xCA,
    0xC0, 0x6B, 0x19, 0xC8, 0xDA, 0x58, 0xC4, 0xE5, 0x9A, 0xA3, 0xF6, 0x9B, 0x18, 0x01, 0x4F, 0x5A,
    0x91, 0x96, 0x64, 0x7F, 0x03, 0xEA, 0x61, 0xA4, 0xB4, 0x9E, 0x01, 0x2D, 0x83, 0x9E, 0xC1, 0x45,
    0x0B, 0x1A, 0x08, 0x7B, 0xA4, 0x05, 0x42, 0xC2, 0xF6, 0xE1, 0x96, 0xC7, 0x7D, 0xAB, 0x26, 0x97,
    0x34, 0x34, 0x0D, 0x7A, 0x24, 0x17, 0xC9, 0x81, 0x9F, 0x55, 0x9A, 0x8D, 0x2D, 0x6A, 0x88, 0xAD,
    0x73, 0x49, 0x74, 0xA1, 0xC3, 0xC2, 0x86, 0xD8, 0xAC, 0x7E, 0x6C, 0x69, 0x43, 0x6C, 0x6D, 0x43,
    0x72, 0xFD, 0x50, 0xC8, 0xD1, 0xFF, 0x03, 0xED, 0x5D, 0x6F, 0x8C, 0x1C, 0x57, 0x52, 0xAF, 0xEE,
    0xCE, 0x6E, 0xDB, 0x9E, 0x5C, 0x3A, 0x1F, 0x12, 0xB1, 0x89, 0x9D, 0x6D, 0x23, 0x59, 0xC8, 0x80,
    0x67, 0x26, 0xA0, 0x80, 0x02, 0x9A, 0xD9, 0xE9, 0xC3, 0x77, 0xC7, 0x9F, 0x48, 0x9C, 0x25, 0xE2,
    0xFB, 0x40, 0x10, 0x67, 0x1D, 0x27, 0xA4, 0x43, 0x08, 0xE7, 0x43, 0x90, 0xF6, 0xA4, 0x75, 0xA6,
    0xE3, 0x7C, 0x08, 0x52, 0x4E, 0x62, 0xEF, 0x3E, 0x80, 0x04, 0x48, 0x59, 0x8E, 0x08, 0x90, 0x4F,
    0x24, 0xF9, 0x30, 0x12, 0x2B, 0xE1, 0xEC, 0x34, 0x44, 0xC7, 0x7D, 0xB8, 0x0F, 0xE9, 0x24, 0x82,
    0x7C, 0xB8, 0x0F, 0x74, 0x82, 0x83, 0xD0, 0x9D, 0x44, 0xFA, 0x74, 0xCD, 0x31, 0x1B, 0xCF, 0xCC,
    0xA3, 0xEA, 0x75, 0xD7, 0x7B, 0xAF, 0x67, 0x7A, 0x66, 0xC7, 0xCE, 0xDA, 0xDE, 0xD8, 0x6E, 0x6B,
    0xDD, 0xF5, 0x66, 0x67, 0x67, 0xDE, 0xAB, 0x57, 0x55, 0xBF, 0xAA, 0x7A, 0xF5, 0x5E, 0x03, 0xE4,
    0xD7, 0xB9, 0xCD, 0x82, 0x80, 0xDD, 0x94, 0xA9, 0xA7, 0x13, 0x58, 0xE8, 0x72, 0xA1, 0x76, 0x05,
    0xF2, 0x9F, 0xD0, 0x17, 0x21, 0xD0, 0x8F, 0x1B, 0x2D, 0x3D, 0x35, 0x00, 0xFA, 0x71, 0x22, 0x80,
    0x6E, 0x4C, 0x3F, 0x44, 0x75, 0x12, 0xFA, 0xB1, 0x63, 0xB0, 0xF1, 0x4D, 0xB6, 0x08, 0xEC, 0xC8,
    0xEA, 0xBF, 0x13, 0x5B, 0xFD, 0x77, 0x63, 0x37, 0x12, 0x23, 0x5B, 0xC8, 0x9F, 0x40, 0x6C, 0x42,
    0x17, 0x7F, 0xDF, 0x1F, 0x55, 0x7F, 0xE1, 0x43, 0x8A, 0x6A, 0x28, 0xEA, 0xD0, 0xC4, 0x7B, 0xEC,
    0xCF, 0xA9, 0xEE, 0xBD, 0x19, 0xF2, 0x6B, 0x2F, 0x2C, 0x36, 0x20, 0x38, 0x09, 0xE0, 0xC5, 0xF0,
    0x2A, 0xF2, 0xA4, 0x85, 0x1D, 0xCF, 0x40, 0x60, 0x47, 0xDA, 0x00, 0xD9, 0x06, 0x9C, 0x3D, 0x1F,
    0xE3, 0x97, 0xDA, 0x09, 0xB6, 0x6C, 0x01, 0x1E, 0x8E, 0xCE, 0x07, 0xB0, 0x88, 0xAA, 0xC5, 0x5E,
    0x00, 0xFE, 0x10, 0x29, 0x3F, 0xF3, 0xA2, 0xE5, 0x71, 0x03, 0xDF, 0x37, 0xEA, 0xF6, 0x85, 0x48,
    0x3C, 0x31, 0x84, 0xCC, 0x1F, 0xF6, 0x77, 0xF1, 0x4F, 0x70, 0xF8, 0xD6, 0x99, 0x3D, 0x7A, 0xBA,
    0xA2, 0x7A, 0xBA, 0xA6, 0xDE, 0x74, 0xEC, 0x40, 0xF6, 0xF4, 0xDA, 0x78, 0x4A, 0x12, 0x02, 0x7E,
    0x8C, 0x3D, 0x25, 0x09, 0x81, 0x6E, 0x8A, 0x3D, 0x25, 0x09, 0x81, 0xEC, 0xB2, 0x9C, 0xC8, 0x6E,
    0x6C, 0xC7, 0x6D, 0xEC, 0x15, 0x49, 0x88, 0x13, 0xAD, 0x12, 0x85, 0x52, 0xE2, 0xC5, 0x1E, 0x52,
    0x24, 0x25, 0xD4, 0xDB, 0x06, 0x90, 0x84, 0x50, 0x6F, 0x87, 0x40, 0x52, 0x42, 0xBD, 0x2D, 0xC4,
    0x74, 0xB2, 0xB7, 0x37, 0x41, 0x4A, 0x6E, 0xE2, 0x88, 0x4A, 0x3D, 0xB5, 0x03, 0xEE, 0xA9, 0x1B,
    0xA9, 0x37, 0x84, 0xB7, 0xBA, 0xA7, 0x4B, 0x46, 0x77, 0x3B, 0xE3, 0x40, 0xD1, 0x6B, 0xFD, 0xDD,
    0x33, 0x50, 0x4B, 0xE0, 0x3C, 0xD9, 0x18, 0xAB, 0x9F, 0x41, 0x67, 0x00, 0xFD, 0x31, 0xD1, 0x22,
    0x85, 0xC1, 0x06, 0x3C, 0x88, 0x92, 0x0A, 0xFE, 0xFF, 0x80, 0x95, 0x36, 0xA4, 0xAC, 0xC2, 0x0E,
    0x49, 0xAB, 0x47, 0xBF, 0x0F, 0x9C, 0xD4, 0x0B, 0xDC, 0xC4, 0x0B, 0xA5, 0xBC, 0x86, 0x6E, 0xEC,
    0x0D, 0xBC, 0x78, 0x79, 0xDC, 0x04, 0x1F, 0xDF, 0x38, 0xEE, 0xBC, 0x2A, 0xC4, 0x15, 0x6F, 0x4C,
    0x92, 0x3F, 0xF0, 0xA4, 0xD4, 0x8E, 0xD7, 0xE5, 0x37, 0xE6, 0x1D, 0xE9, 0x19, 0x1C, 0x50, 0xF4,
    0x96, 0x41, 0x67, 0x00, 0xDB, 0x4C, 0x9F, 0x03, 0xD8, 0x30, 0xDE, 0xDF, 0xD1, 0xDD, 0x07, 0x6F,
    0x77, 0x49, 0xBD, 0x0D, 0xAD, 0xD3, 0x40, 0xFD, 0xE2, 0xA8, 0x31, 0x48, 0xE3, 0x62, 0x5E, 0xBF,
    0x82, 0xE3, 0x65, 0x6E, 0x93, 0x5E, 0x32, 0xBF, 0x49, 0x33, 0x99, 0xE3, 0xD8, 0x65, 0xC5, 0x73,
    0x39, 0xF6, 0x82, 0xEB, 0xE0, 0x5F, 0x51, 0x7C, 0x5F, 0xC6, 0xB7, 0x30, 0xE7, 0x49, 0x2D, 0x99,
    0xF7, 0xBB, 0xFC, 0x85, 0x93, 0x92, 0x6F, 0x5E, 0xE7, 0x0C, 0x7A, 0x30, 0xE3, 0x75, 0x7D, 0xED,
    0xC0, 0xB2, 0xFA, 0x54, 0x47, 0x84, 0xAE, 0x60, 0x08, 0xA8, 0x3D, 0x1F, 0x5B, 0x5F, 0x60, 0x73,
    0xEC, 0x59, 0x88, 0x11, 0x7E, 0x96, 0x37, 0xDA, 0x80, 0x0D, 0x6F, 0x00, 0x75, 0x62, 0x7B, 0x97,
    0x18, 0xDA, 0x27, 0x31, 0x83, 0x71, 0x20, 0xC2, 0xD7, 0xE1, 0xFC, 0xFF, 0x66, 0xD4, 0xE8, 0x8B,
    0xFF, 0xFC, 0x48, 0x90, 0x61, 0x4F, 0xB0, 0xE1, 0x8A, 0xB0, 0xFF, 0x2E, 0x7E, 0x72, 0x33, 0xC5,
    0x86, 0x95, 0xC0, 0x52, 0xFE, 0x41, 0xD8, 0xB0, 0x63, 0xFE, 0xF2, 0x26, 0x7E, 0xA5, 0x12, 0x6D,
    0xEF, 0x83, 0x07, 0x05, 0x54, 0xCE, 0x00, 0x1C, 0xFD, 0x7E, 0xB0, 0x88, 0xAA, 0x1E, 0x3E, 0x69,
    0x34, 0x1A, 0xE6, 0x44, 0x1F, 0x3A, 0x39, 0xF7, 0x0F, 0x6F, 0x4B, 0x86, 0xD8, 0x11, 0x03, 0x36,
    0x8D, 0x2A, 0x66, 0xCC, 0x26, 0x49, 0x4A, 0x18, 0xB6, 0xAD, 0xD0, 0xA3, 0x71, 0x14, 0xC8, 0x1D,
    0xCB, 0x46, 0x0E, 0xDE, 0x04, 0x24, 0xAF, 0x31, 0x7E, 0xBB, 0x68, 0x15, 0x52, 0x86, 0x70, 0x2F,
    0xEE, 0x58, 0xA9, 0x42, 0x71, 0xBC, 0x62, 0x06, 0xF2, 0x41, 0xF7, 0x7D, 0x31, 0xAF, 0x5F, 0x0F,
    0x99, 0x8D, 0x86, 0xD9, 0x38, 0xB4, 0xC0, 0xEC, 0x1E, 0xBC, 0xF1, 0x14, 0x30, 0xAE, 0xAF, 0xB5,
    0x99, 0xBF, 0x79, 0x25, 0xF7, 0xBC, 0x96, 0x8B, 0xA6, 0xC8, 0x65, 0xCA, 0x2D, 0x3E, 0x9D, 0x6C,
    0xC5, 0x61, 0x78, 0x86, 0x9B, 0x64, 0x2E, 0x56, 0xA1, 0xE7, 0xB2, 0xAD, 0x47, 0x3C, 0xC7, 0xFE,
    0xA2, 0x63, 0x25, 0x85, 0x8D, 0x8C, 0x24, 0x4A, 0x1F, 0x62, 0x82, 0x14, 0xB7, 0xE5, 0xF1, 0x1A,
    0x3C, 0x6B, 0x67, 0x68, 0x79, 0xA5, 0xC0, 0x89, 0xC4, 0xA7, 0x31, 0x8C, 0xFB, 0xA1, 0x14, 0xB9,
    0x5D, 0x58, 0x16, 0x6F, 0x8B, 0x2F, 0x0E, 0x9A, 0x61, 0x2E, 0x74, 0xEA, 0x2A, 0x89, 0x1D, 0x0B,
    0xDE, 0x56, 0x49, 0xF4, 0xAC, 0xB4, 0x2C, 0x7C, 0x5B, 0x33, 0xC4, 0x6F, 0xA9, 0x64, 0x98, 0x3A,
    0x25, 0x73, 0xC9, 0xA8, 0x40, 0x1F, 0x12, 0x28, 0x5C, 0xA0, 0x09, 0x0C, 0x15, 0x32, 0x1C, 0x81,
    0xC7, 0xC9, 0x69, 0x2C, 0xB0, 0xC1, 0xCB, 0x5B, 0x05, 0x3A, 0x78, 0xB0, 0x8E, 0x2D, 0xC6, 0x87,
    0x06, 0xF4, 0x9C, 0x58, 0x21, 0x44, 0xC7, 0x1A, 0xB8, 0x99, 0xC6, 0x08, 0xBC, 0xBA, 0x11, 0xA3,
    0xC4, 0xFB, 0xE2, 0xC5, 0xA1, 0x1F, 0x99, 0x38, 0x51, 0x46, 0x8A, 0xF9, 0xAD, 0xED, 0x52, 0x6B,
    0xA3, 0xD4, 0xEA, 0x94, 0x24, 0xC2, 0x44, 0x8D, 0x49, 0x25, 0x9D, 0x85, 0x1C, 0xE5, 0xEB, 0x88,
    0x42, 0x12, 0xFA, 0x5F, 0x41, 0x09, 0x7D, 0xB6, 0xC2, 0x12, 0x94, 0x8D, 0x5A, 0xA0, 0xE1, 0x5B,
    0x4A, 0x46, 0x8E, 0x26, 0x28, 0x26, 0x4E, 0xC8, 0x70, 0x82, 0x52, 0xE1, 0x84, 0x8C, 0x27, 0x24,
    0x13, 0x81, 0x02, 0x14, 0xBC, 0x14, 0xA2, 0xBC, 0x2D, 0x3E, 0x3F, 0xD8, 0x1B, 0x52, 0x0E, 0x66,
    0xDF, 0xAE, 0xC7, 0x84, 0x90, 0xF8, 0xE5, 0xFA, 0x76, 0x42, 0x7A, 0xCF, 0x4E, 0xAE, 0xD4, 0x8F,
    0x83, 0xBD, 0xBB, 0x01, 0xDE, 0xAF, 0xA2, 0xD8, 0x3B, 0xE1, 0xE3, 0xE8, 0x2F, 0xB7, 0xA1, 0x81,
    0xD2, 0x95, 0xBA, 0xA8, 0x2A, 0x3E, 0x76, 0xBF, 0x65, 0xA5, 0x56, 0x52, 0x0B, 0x5A, 0x38, 0x1A,
    0x0F, 0x5E, 0x87, 0xCC, 0x4E, 0xBC, 0xA0, 0x0D, 0xAD, 0x81, 0xF7, 0x9C, 0x08, 0x86, 0x6E, 0xEA,
    0x87, 0x7D, 0xD8, 0xEE, 0xBE, 0x2A, 0xDE, 0xBD, 0x2A, 0x47, 0x70, 0x75, 0xD0, 0xF3, 0x46, 0xE2,
    0xD3, 0xE2, 0xBB, 0xA3, 0x66, 0x26, 0x2E, 0x0E, 0x7B, 0x24, 0x75, 0x0F, 0x56, 0x09, 0x57, 0xA9,
    0xB1, 0x3E, 0x53, 0xCE, 0x5A, 0x33, 0x1B, 0x75, 0xB3, 0xB1, 0x5A, 0xC2, 0xBF, 0x05, 0xAC, 0xE8,
    0x6B, 0x14, 0x49, 0x20, 0xE0, 0xE5, 0x9E, 0x91, 0xE4, 0x46, 0x94, 0x7F, 0x39, 0x46, 0x13, 0xB5,
    0x37, 0x62, 0x38, 0xE7, 0x44, 0x2D, 0x8A, 0x27, 0x08, 0xED, 0x7A, 0x48, 0x93, 0xE1, 0xAC, 0xA3,
    0x1D, 0x45, 0xFB, 0x73, 0x8A, 0x62, 0x8A, 0x0E, 0x6C, 0x5B, 0xC8, 0xA3, 0x53, 0x34, 0x8F, 0x22,
    0xDA, 0x71, 0xF0, 0xB6, 0x41, 0xD3, 0xF8, 0xA3, 0x8F, 0x24, 0x1F, 0x32, 0x9A, 0x45, 0x04, 0xBA,
    0xB1, 0x3F, 0x40, 0x40, 0xA4, 0x49, 0x5C, 0xAA, 0xB2, 0x12, 0x13, 0x66, 0x42, 0xDA, 0x89, 0x23,
    0xFF, 0x9D, 0x4F, 0xD7, 0x38, 0x77, 0x20, 0x3D, 0x21, 0xC5, 0xAE, 0x4F, 0xFD, 0x43, 0x4B, 0x21,
    0xE5, 0x2D, 0xB6, 0x07, 0x4E, 0xEE, 0x46, 0x92, 0x90, 0x59, 0x89, 0x17, 0x91, 0x4D, 0xDB, 0x21,
    0x8F, 0xB6, 0x99, 0xDA, 0x71, 0x93, 0x4C, 0x1C, 0x19, 0x0B, 0x92, 0x3A, 0x27, 0xBE, 0x0C, 0x85,
    0xB5, 0x80, 0xF3, 0xEF, 0xC4, 0xB5, 0x1F, 0xA6, 0x38, 0xAD, 0xD2, 0x5C, 0x88, 0xB1, 0x25, 0x44,
    0xFF, 0xA3, 0x6F, 0x09, 0x21, 0xED, 0x05, 0xC9, 0xDE, 0x10, 0xAD, 0x66, 0xD6, 0x8F, 0xF4, 0x7C,
    0x9C, 0x7D, 0x72, 0xCA, 0x2A, 0xEC, 0xD1, 0x2C, 0x1B, 0x8D, 0x09, 0xAB, 0x31, 0x61, 0x36, 0x26,
    0xEC, 0xC6, 0xA4, 0xE1, 0x98, 0x6B, 0x39, 0x0C, 0x14, 0xF4, 0x47, 0x60, 0xC0, 0x60, 0x5F, 0x84,
    0x1A, 0x07, 0x9D, 0xCC, 0x55, 0x21, 0xB9, 0x1D, 0x7B, 0x21, 0xB1, 0x8D, 0x91, 0x70, 0x0D, 0x74,
    0x68, 0xEE, 0x46, 0x14, 0xBC, 0x2B, 0x2C, 0x7C, 0x3F, 0x01, 0x3F, 0xD4, 0x60, 0xF8, 0xFD, 0x6F,
    0x8D, 0x41, 0xA1, 0x61, 0x13, 0xFD, 0x70, 0xA3, 0x1F, 0x92, 0x43, 0x33, 0x34, 0xCD, 0x25, 0xC7,
    0x45, 0xA9, 0x5A, 0x17, 0xA7, 0x50, 0xE9, 0x9A, 0x35, 0xB0, 0x13, 0x43, 0xD9, 0xF0, 0x47, 0x6B,
    0x9B, 0x1F, 0x60, 0x4B, 0xA9, 0x5B, 0x9B, 0x66, 0x93, 0xF5, 0x2D, 0xCB, 0xE8, 0xD3, 0x59, 0xE1,
    0xFA, 0x1F, 0x5D, 0x42, 0x9C, 0x66, 0x8D, 0xC3, 0xB9, 0x1B, 0x74, 0x63, 0xA5, 0x72, 0x0F, 0x9E,
    0xDD, 0xC3, 0xBC, 0xAF, 0xCF, 0x99, 0xA8, 0xD6, 0x9C, 0x56, 0x49, 0xF3, 0xCA, 0xAA, 0x37, 0x53,
    0xF7, 0x4A, 0xF3, 0xA8, 0x11, 0x35, 0x77, 0x5B, 0xCC, 0xD6, 0x52, 0xC9, 0x80, 0x79, 0x25, 0x57,
    0xE2, 0xC8, 0x23, 0x7B, 0xA9, 0x35, 0xF2, 0x66, 0x27, 0x50, 0x2E, 0x46, 0x37, 0xB3, 0x0A, 0x79,
    0xA2, 0x08, 0x0F, 0x39, 0x7F, 0xB6, 0x1F, 0xA2, 0x3F, 0x92, 0xD6, 0x40, 0x72, 0x1E, 0xDC, 0x11,
    0xA9, 0x34, 0x9A, 0x6D, 0xE2, 0x3C, 0x38, 0x63, 0x1C, 0x27, 0xB5, 0x88, 0xF3, 0xD0, 0x1C, 0xD0,
    0x5C, 0xD4, 0x42, 0xE2, 0x7C, 0xF8, 0x13, 0xA3, 0x36, 0x8C, 0x50, 0xA1, 0x62, 0xC9, 0x79, 0x11,
    0x37, 0x49, 0xC5, 0x47, 0x22, 0x20, 0xCE, 0xEF, 0xE2, 0x2C, 0xBF, 0x30, 0x6E, 0x66, 0x9D, 0xA0,
    0x07, 0x67, 0x16, 0x04, 0xD6, 0x9B, 0xC9, 0xF9, 0xFB, 0xCD, 0x46, 0x66, 0x36, 0xCC, 0x59, 0xB0,
    0xCD, 0x3F, 0xF7, 0x5E, 0x32, 0x13, 0x5E, 0xBF, 0x39, 0x0F, 0x18, 0x39, 0x21, 0x23, 0x81, 0x91,
    0x73, 0x32, 0x39, 0xC3, 0x8B, 0xB4, 0x8C, 0x04, 0x46, 0x9D, 0x99, 0x41, 0x60, 0xE4, 0xE4, 0x8C,
    0x04, 0x46, 0xCE, 0xCF, 0x48, 0x60, 0xE4, 0x14, 0x8D, 0x04, 0x46, 0xCE, 0xD2, 0x48, 0x60, 0xE4,
    0x44, 0x4D, 0x0E, 0x8C, 0x33, 0x00, 0xFB, 0xFE, 0x72, 0x33, 0x9D, 0xD7, 0xB4, 0xCB, 0xFC, 0x2A,
    0x0D, 0x19, 0x07, 0x7D, 0xDF, 0x62, 0x59, 0x91, 0xDB, 0xD9, 0x9F, 0xBD, 0x96, 0x28, 0x73, 0x22,
    0xCE, 0x9C, 0x1D, 0x69, 0xDE, 0xCF, 0x2E, 0xB0, 0xC6, 0x0A, 0x95, 0xD5, 0xE9, 0xB1, 0x43, 0x5C,
    0x4E, 0x01, 0xE5, 0x69, 0x20, 0xB3, 0x67, 0xCE, 0x8B, 0x77, 0xDD, 0xED, 0x6B, 0x76, 0xB7, 0xE7,
    0xDA, 0x01, 0x35, 0x23, 0xA4, 0x16, 0x6A, 0x42, 0x48, 0x29, 0x54, 0xA6, 0x6D, 0xBE, 0x1D, 0x38,
    0x40, 0x0E, 0xB2, 0x55, 0xE2, 0x94, 0xC9, 0x8B, 0x9A, 0xD9, 0x38, 0x6E, 0xFE, 0xDD, 0x65, 0xD3,
    0x38, 0x3C, 0xB3, 0xB5, 0x17, 0xC6, 0xDC, 0xC9, 0x7E, 0xB4, 0xC9, 0x5E, 0x9D, 0x90, 0x45, 0xDA,
    0x48, 0xC9, 0x3E, 0x60, 0x24, 0xDC, 0x5A, 0x86, 0x6C, 0x9E, 0x7C, 0xFA, 0xC0, 0xF9, 0xE3, 0x73,
    0x62, 0xA7, 0x66, 0xB9, 0xF9, 0x29, 0xB8, 0x8E, 0xAB, 0x00, 0x88, 0x7E, 0x6A, 0x02, 0x84, 0x2B,
    0x86, 0x1A, 0x20, 0x8E, 0x40, 0x33, 0x5C, 0xD3, 0x00, 0x41, 0xB2, 0xB1, 0xAA, 0x01, 0x62, 0xD5,
    0x4E, 0xE1, 0x3E, 0x0D, 0x10, 0x6B, 0xC8, 0xF1, 0x86, 0x06, 0x88, 0x3E, 0xC2, 0xEC, 0xEB, 0x1A,
    0x20, 0xAE, 0x8A, 0x4B, 0x7D, 0x31, 0x54, 0x00, 0xF1, 0x16, 0x8E, 0xFB, 0xC5, 0xA1, 0x06, 0x88,
    0xA5, 0xB3, 0x67, 0x66, 0x00, 0x04, 0x54, 0xE6, 0xDA, 0x2A, 0xFC, 0xF1, 0x59, 0x00, 0x51, 0x24,
    0x79, 0x1E, 0xE0, 0xA4, 0xA0, 0x29, 0x66, 0xA7, 0xD4, 0xE2, 0xCD, 0x22, 0x97, 0xF2, 0xE0, 0x2C,
    0x4A, 0xB7, 0x2B, 0x0F, 0xAE, 0x86, 0x37, 0xF6, 0xE0, 0x0E, 0xA3, 0x35, 0xDC, 0x30, 0x3C, 0xB8,
    0x21, 0xFE, 0x28, 0x0F, 0xCE, 0x49, 0xB0, 0xA5, 0x3C, 0x38, 0xF2, 0xDF, 0x94, 0x07, 0x37, 0xF6,
    0xC1, 0x1A, 0x1A, 0x1E, 0x1C, 0x32, 0x6B, 0xC0, 0x1E, 0xDC, 0x45, 0xC4, 0xD6, 0xA7, 0x86, 0xCA,
    0x83, 0x5B, 0x3A, 0x1B, 0x1C, 0x1C, 0x0F, 0xAE, 0xF8, 0xC5, 0x8A, 0x29, 0x95, 0x6B, 0xA6, 0x4C,
    0x1E, 0x5B, 0x80, 0xAF, 0xDA, 0x4F, 0x43, 0x59, 0x54, 0x7E, 0x1A, 0x49, 0x62, 0xE1, 0xA7, 0x49,
    0x39, 0xD4, 0x7E, 0xDA, 0xEB, 0xE0, 0x29, 0x3F, 0x0D, 0x65, 0xD0, 0x63, 0x3F, 0x4D, 0x4A, 0x20,
    0xFB, 0x69, 0x5D, 0x7C, 0xED, 0x32, 0xFB, 0x69, 0x24, 0x7D, 0x19, 0xFB, 0x69, 0x24, 0x7B, 0xA1,
    0xB2, 0xCD, 0x52, 0xF2, 0xAA, 0x38, 0x77, 0x3D, 0x8D, 0x8D, 0xA9, 0x06, 0xBB, 0x02, 0x2D, 0xD3,
    0x13, 0x68, 0x99, 0x8E, 0x40, 0x8B, 0xC2, 0x3C, 0xF6, 0x03, 0x5A, 0x4D, 0xB9, 0xDE, 0x97, 0xBB,
    0x01, 0xAD, 0x91, 0x4C, 0x67, 0xE7, 0x5E, 0x40, 0x27, 0xA5, 0x69, 0x2E, 0x9C, 0x80, 0x4E, 0x88,
    0x0D, 0xF6, 0x01, 0xD6, 0x08, 0x26, 0xD9, 0x05, 0xD8, 0x80, 0xA3, 0x49, 0xC9, 0x03, 0x88, 0xD9,
    0x01, 0x10, 0xE2, 0xE5, 0xF3, 0x71, 0x09, 0xFF, 0x67, 0x1B, 0xEB, 0xDE, 0x4C, 0xEC, 0xDF, 0x98,
    0x89, 0xFC, 0x25, 0xE0, 0x9F, 0xC8, 0x85, 0x57, 0xC0, 0x7E, 0x6F, 0x9F, 0xE8, 0xED, 0x19, 0xF4,
    0xBA, 0xB1, 0x00, 0xB4, 0xEE, 0x8A, 0x80, 0x81, 0x7F, 0xBD, 0x23, 0x62, 0xC6, 0xFD, 0xAF, 0x8E,
    0xEC, 0x94, 0x61, 0xBF, 0x9B, 0xE4, 0x99, 0x68, 0x42, 0xFD, 0x2E, 0x05, 0xB9, 0x05, 0xE8, 0x5F,
    0x40, 0xEE, 0x33, 0xE6, 0x6F, 0xA3, 0x2E, 0x1B, 0x90, 0xAF, 0x10, 0x5F, 0x88, 0xCD, 0x2A, 0xC0,
    0x77, 0x0C, 0xD8, 0x71, 0xA2, 0x1B, 0x45, 0xE7, 0xE0, 0xE4, 0x44, 0x68, 0x53, 0x0A, 0x70, 0x72,
    0xFE, 0x19, 0xFB, 0x56, 0x80, 0x93, 0xF3, 0x5D, 0xC4, 0xF2, 0x02, 0x9C, 0x1C, 0x01, 0x79, 0x84,
    0x83, 0xE0, 0xE4, 0x0C, 0x91, 0x2E, 0xC0, 0xC9, 0x41, 0xF1, 0x09, 0x18, 0x9C, 0x22, 0x6B, 0x07,
    0x34, 0x38, 0x0D, 0xA0, 0x00, 0x27, 0xB4, 0x41, 0x01, 0x54, 0x81, 0x93, 0x39, 0xC8, 0x52, 0xEF,
    0x6E, 0x5C, 0x83, 0x47, 0x5B, 0xAC, 0x05, 0xE5, 0xC3, 0x2D, 0xD6, 0x82, 0xE4, 0x78, 0x79, 0x2D,
    0x48, 0x0E, 0x98, 0xD7, 0x82, 0xE4, 0x88, 0x79, 0x2D, 0x48, 0x0E, 0x99, 0xD7, 0x82, 0xDC, 0xC8,
    0xEA, 0x1B, 0x6B, 0x41, 0x38, 0x54, 0xB5, 0x16, 0x24, 0xC6, 0x9F, 0x1B, 0x1F, 0xD4, 0xC5, 0x31,
    0x43, 0xD6, 0xFC, 0xB1, 0x86, 0x27, 0x99, 0x8D, 0xCB, 0xC1, 0xC9, 0x4E, 0xDC, 0x88, 0xA1, 0xC9,
    0xA6, 0x68, 0x8E, 0x81, 0x69, 0x88, 0x6C, 0x61, 0x58, 0x6A, 0x7A, 0xA0, 0x40, 0xA9, 0x36, 0x02,
    0x05, 0x49, 0x47, 0x91, 0x56, 0x80, 0xD4, 0x17, 0xC0, 0x70, 0x74, 0x65, 0x19, 0x69, 0xE3, 0xCB,
    0xA7, 0x14, 0x73, 0x53, 0x2B, 0xA0, 0x9D, 0x1A, 0x56, 0x63, 0x73, 0x1A, 0x74, 0x5A, 0x33, 0xE0,
    0x67, 0x75, 0x0F, 0xE8, 0x31, 0x1C, 0x3D, 0xB4, 0x9B, 0x85, 0xDB, 0xEB, 0x12, 0x6E, 0xE4, 0x4E,
    0xAF, 0x17, 0x34, 0xD8, 0xE5, 0xF5, 0x82, 0x47, 0xD8, 0xE1, 0x75, 0x63, 0xE5, 0xEE, 0xC2, 0x60,
    0x9B, 0x9D, 0x5D, 0xB2, 0xAC, 0x85, 0xAB, 0x4B, 0x46, 0x40, 0x3B, 0xBA, 0xEC, 0xE6, 0x8A, 0xB0,
    0x39, 0x30, 0x9C, 0xDC, 0x5E, 0xA5, 0x1D, 0x5A, 0xAF, 0x34, 0x91, 0xAD, 0x4A, 0xB2, 0x5E, 0x39,
    0xD0, 0x8A, 0x71, 0xFA, 0x3A, 0x16, 0x12, 0x19, 0x6B, 0xBA, 0x9D, 0x81, 0x52, 0x74, 0x92, 0xC4,
    0x42, 0xCF, 0x71, 0xD2, 0x59, 0xCD, 0x23, 0x00, 0xD6, 0xF2, 0x04, 0xA0, 0x50, 0x72, 0x18, 0xB8,
    0x50, 0xE8, 0x38, 0x25, 0x0B, 0x95, 0x8A, 0xEF, 0x2A, 0x0D, 0xDF, 0x85, 0x4A, 0x05, 0xB7, 0x0C,
    0xD9, 0xED, 0x0E, 0xB4, 0x0A, 0x8A, 0xB1, 0xD2, 0xC0, 0x5A, 0xE8, 0x2B, 0x05, 0xAC, 0x85, 0x9E,
    0x5A, 0x8B, 0x75, 0xD2, 0x55, 0xBD, 0x14, 0x3B, 0xDC, 0xD0, 0x2B, 0xB1, 0xC4, 0x72, 0xB5, 0x10,
    0x6B, 0xAC, 0xC3, 0x8E, 0x0B, 0x17, 0x91, 0xBA, 0xB3, 0x79, 0x74, 0x68, 0x6A, 0x9E, 0xA9, 0x78,
    0xA6, 0xDE, 0x99, 0x6A, 0x57, 0x2E, 0x0A, 0x98, 0x56, 0xBA, 0x65, 0x03, 0xAD, 0x42, 0xA3, 0x6C,
    0x6A, 0x8F, 0xEB, 0x0E, 0x91, 0x36, 0x1D, 0x69, 0x4F, 0x84, 0x4F, 0xCE, 0x02, 0xD6, 0xEB, 0x36,
    0x92, 0x92, 0xB9, 0x76, 0xD9, 0x34, 0xCB, 0x55, 0x56, 0xF9, 0x2E, 0x0F, 0xF3, 0xA1, 0x68, 0xF5,
    0x72, 0x62, 0x15, 0x7F, 0xD9, 0xD1, 0xA4, 0x70, 0x9E, 0x9C, 0xC9, 0x01, 0x6F, 0xA0, 0x10, 0xAD,
    0xB3, 0xA3, 0xA2, 0xAD, 0xCB, 0xBE, 0x0A, 0xB5, 0xD2, 0x5A, 0xC0, 0x70, 0x86, 0x24, 0xA3, 0x59,
    0x86, 0xC6, 0xAE, 0x00, 0xB3, 0x8D, 0xA6, 0xC2, 0xB2, 0xA6, 0x19, 0x5B, 0x8D, 0x18, 0xC9, 0xC6,
    0xE7, 0x47, 0x06, 0x90, 0xDD, 0x44, 0x4D, 0x33, 0x86, 0x69, 0xC8, 0xC8, 0x74, 0xE1, 0xD8, 0x4A,
    0xB9, 0x6E, 0xC1, 0xDA, 0x54, 0x21, 0x95, 0xA7, 0xB9, 0xDF, 0xD9, 0xD1, 0x3D, 0xF4, 0x55, 0x30,
    0xD5, 0xF3, 0x54, 0xCA, 0x9B, 0xD6, 0x0D, 0x8A, 0x40, 0x6A, 0x5B, 0xA7, 0xBB, 0xBB, 0x22, 0xE0,
    0x20, 0xCA, 0x17, 0xAA, 0x14, 0xD1, 0xA8, 0x45, 0x44, 0xCF, 0x57, 0xA5, 0xB9, 0x33, 0x95, 0xE4,
    0x96, 0xB1, 0xCA, 0x54, 0x8A, 0x7B, 0xD9, 0x48, 0x4F, 0x78, 0xE7, 0x8D, 0x88, 0x79, 0xCE, 0xAA,
    0x88, 0x4A, 0x92, 0x9E, 0xD1, 0x81, 0x11, 0xCE, 0xA5, 0x8A, 0x8B, 0x7C, 0xA1, 0xD3, 0xA3, 0xED,
    0x5A, 0xA4, 0xA3, 0x22, 0x23, 0x35, 0xBA, 0x61, 0x24, 0x46, 0x5B, 0x66, 0x5A, 0x14, 0xCD, 0x3B,
    0x47, 0x44, 0x9E, 0x00, 0x33, 0x20, 0x02, 0x8E, 0x87, 0xC6, 0x4F, 0x09, 0xD8, 0xB3, 0x4A, 0x6D,
    0x4E, 0xB0, 0xB1, 0x1F, 0x55, 0x6A, 0x67, 0xF4, 0x94, 0xFF, 0x48, 0x67, 0xCA, 0xFF, 0x3A, 0xDE,
    0xC3, 0x50, 0x18, 0x08, 0xDD, 0x8F, 0x19, 0x90, 0xEC, 0xAB, 0x29, 0x03, 0x92, 0x13, 0x6F, 0x33,
    0x20, 0xB9, 0x51, 0x4B, 0x01, 0x92, 0xCE, 0xF6, 0xB9, 0xD1, 0x06, 0x03, 0x92, 0x93, 0x64, 0x0A,
    0x90, 0x84, 0x09, 0x48, 0x29, 0x03, 0xD2, 0x07, 0xFD, 0xF4, 0xD6, 0x00, 0xD2, 0x33, 0x15, 0x1F,
    0x7F, 0xED, 0xD4, 0x86, 0x49, 0x15, 0x16, 0xA5, 0xA5, 0x0C, 0x4A, 0x4B, 0xD9, 0x93, 0x96, 0xF2,
    0x8E, 0x5B, 0xC6, 0xA2, 0x9B, 0x4A, 0xD7, 0x28, 0x5B, 0xD2, 0xD7, 0xA6, 0x24, 0x63, 0x4B, 0xF2,
    0xF6, 0xA0, 0x57, 0x91, 0x54, 0xEF, 0xCD, 0xED, 0x4D, 0xAB, 0x82, 0xAA, 0x57, 0x70, 0xA6, 0x82,
    0x31, 0xAD, 0x1B, 0x4B, 0xBE, 0xB2, 0xA9, 0x48, 0xB2, 0x1F, 0x2D, 0x9D, 0x10, 0x6C, 0xEB, 0x64,
    0x60, 0x5B, 0x27, 0x02, 0xEB, 0x46, 0x12, 0x50, 0x27, 0x00, 0x3B, 0x81, 0x5E, 0x1D, 0xD2, 0x89,
    0xBF, 0xF7, 0x8C, 0xA4, 0x9F, 0x89, 0x34, 0x06, 0xD0, 0x18, 0x38, 0x63, 0xEA, 0xCF, 0x9E, 0x48,
    0x6D, 0xC0, 0xB4, 0x81, 0xD2, 0x15, 0x20, 0x7D, 0x97, 0x7D, 0x13, 0x4B, 0x0E, 0x0B, 0x53, 0xE1,
    0x74, 0x46, 0xDD, 0xA4, 0xB8, 0xEE, 0xC1, 0xD5, 0xDB, 0x0F, 0x54, 0xBD, 0x83, 0xAE, 0x75, 0x20,
    0x8A, 0xEB, 0x1C, 0x74, 0x8D, 0x03, 0xD7, 0x37, 0xD4, 0x74, 0x6D, 0x03, 0x2C, 0xB0, 0xFD, 0x20,
    0x87, 0xC8, 0x86, 0x4A, 0x3B, 0x1E, 0x82, 0x89, 0xB2, 0x3E, 0x23, 0xF7, 0x6F, 0x60, 0xAD, 0x41,
    0x3A, 0x0B, 0x90, 0x8C, 0x55, 0x48, 0x32, 0x54, 0x21, 0xC9, 0x15, 0x31, 0xF4, 0xDE, 0xA2, 0x1A,
    0xC6, 0x89, 0x54, 0x25, 0x4C, 0x01, 0x53, 0xC5, 0x38, 0xB9, 0x02, 0xA6, 0x00, 0xA9, 0xBC, 0xFA,
    0x45, 0x55, 0xBE, 0xB8, 0xA9, 0xAE, 0x7A, 0x11, 0x21, 0x57, 0xBC, 0x8C, 0x9A, 0xA1, 0x61, 0x57,
    0x7B, 0x7A, 0x71, 0x54, 0x92, 0x87, 0xB5, 0x8D, 0xF1, 0x35, 0x38, 0x1D, 0x9E, 0xB4, 0xC1, 0x06,
    0x34, 0x19, 0xC8, 0x54, 0x92, 0x8C, 0x29, 0x5C, 0x5A, 0xC4, 0xF0, 0x3E, 0xA0, 0xA8, 0x96, 0xA2,
    0x4E, 0xDE, 0xE6, 0x86, 0xF7, 0xF1, 0xA9, 0x3F, 0x2C, 0x13, 0x2B, 0x2A, 0xB7, 0xCB, 0xC4, 0xB1,
    0x19, 0x6F, 0x56, 0x7B, 0x45, 0xD4, 0x56, 0x91, 0xC2, 0x43, 0x6B, 0xB3, 0x7F, 0x56, 0x67, 0xEF,
    0xAC, 0xCE, 0xBE, 0x59, 0x9D, 0x3D, 0xB3, 0x16, 0xFB, 0x65, 0x03, 0xBD, 0x47, 0x64, 0xD2, 0x27,
    0x3B, 0xA5, 0xA8, 0x76, 0x05, 0x55, 0xDF, 0x83, 0x62, 0x79, 0xAF, 0x2B, 0x71, 0x6F, 0x28, 0xBF,
    0xAC, 0xA1, 0xBC, 0xB2, 0x55, 0xE5, 0x93, 0xAD, 0x2A, 0x8F, 0x6C, 0x55, 0xF9, 0x63, 0xAB, 0xCA,
    0x1B, 0xF3, 0xF5, 0x02, 0x75, 0xA8, 0x3C, 0xB1, 0x21, 0xFB, 0x61, 0xC9, 0x50, 0x7B, 0x61, 0x55,
    0x53, 0xD8, 0xAB, 0xF0, 0xBE, 0x36, 0x2A, 0xC4, 0x5B, 0x4B, 0xB7, 0x21, 0xDC, 0x53, 0xB2, 0xBD,
    0xD7, 0x14, 0x2E, 0x4C, 0xA8, 0x8D, 0x1C, 0x6A, 0x1F, 0x07, 0x67, 0x95, 0xDB, 0x9C, 0x52, 0xAE,
    0x73, 0x3E, 0xB9, 0xCE, 0xC9, 0xE4, 0x3A, 0x67, 0x92, 0x5B, 0x9C, 0x46, 0x1E, 0x94, 0x37, 0x70,
    0xD0, 0x34, 0xAA, 0xEA, 0x31, 0x5F, 0x99, 0x51, 0xFC, 0x7C, 0xB6, 0xA3, 0xF4, 0x0D, 0xAA, 0x68,
    0xAC, 0xA5, 0x2D, 0xE9, 0x23, 0x6C, 0x4A, 0x6B, 0xC1, 0x23, 0x6C, 0x4B, 0xFD, 0xA4, 0xCD, 0xC6,
    0x14, 0xE3, 0x3D, 0xB6, 0xA6, 0x59, 0x33, 0x81, 0xD9, 0x06, 0x95, 0x11, 0x74, 0xE6, 0xD2, 0xE3,
    0xC4, 0xA2, 0xCD, 0x8E, 0x8A, 0x33, 0x30, 0x3C, 0x65, 0x29, 0xAE, 0xBD, 0x10, 0xAB, 0xE5, 0x1A,
    0x4A, 0x48, 0x15, 0x92, 0x8C, 0xA1, 0x48, 0x21, 0xCB, 0x2D, 0x48, 0x59, 0x9A, 0xC5, 0xA7, 0x53,
    0x5D, 0x4E, 0x13, 0xB3, 0x44, 0x3F, 0xD7, 0x0F, 0xE6, 0xD6, 0xBE, 0xBE, 0x52, 0x7C, 0xB7, 0x82,
    0x59, 0x47, 0x84, 0x1A, 0x68, 0x6B, 0xCF, 0x47, 0x1A, 0x6A, 0x7D, 0x55, 0x84, 0x82, 0x7D, 0xA0,
    0xF8, 0x58, 0xC1, 0xED, 0xB3, 0x28, 0x52, 0x0A, 0x70, 0x29, 0x42, 0x56, 0x90, 0x8B, 0x21, 0x72,
    0xAA, 0x40, 0x37, 0xEC, 0x7F, 0x2F, 0x35, 0x96, 0x2A, 0x0F, 0x42, 0x12, 0xF8, 0xD6, 0xC9, 0x48,
    0x45, 0x5C, 0x3A, 0xFD, 0xEA, 0x41, 0x90, 0x91, 0xAD, 0x52, 0x15, 0xC9, 0xF4, 0xAB, 0x76, 0x65,
    0x10, 0xEE, 0x84, 0xF3, 0x16, 0x80, 0x0F, 0xB4, 0x66, 0x56, 0xCF, 0xCA, 0xB1, 0x85, 0x96, 0x5E,
    0x6F, 0xCA, 0x0C, 0xD9, 0x0B, 0xA6, 0x3D, 0x0E, 0x0C, 0xD7, 0xAF, 0x45, 0xD6, 0xA7, 0xEB, 0x78,
    0x5C, 0xFD, 0xB1, 0xDE, 0x50, 0xAD, 0x45, 0x76, 0xFA, 0xAA, 0x06, 0x69, 0xDD, 0x8F, 0x78, 0x04,
    0x3D, 0x4F, 0x2D, 0x44, 0xF6, 0xEE, 0xBB, 0xCC, 0xB8, 0xB1, 0xDE, 0x68, 0x33, 0x72, 0xAC, 0x5D,
    0x6E, 0x30, 0x76, 0xF8, 0x69, 0x43, 0x2F, 0x42, 0x0E, 0x19, 0x3F, 0x06, 0xDD, 0xAC, 0xBA, 0xE6,
    0xE8, 0x9A, 0xAC, 0xFA, 0x74, 0x50, 0x63, 0xF8, 0x8F, 0xC4, 0xE5, 0x7C, 0x0D, 0xC2, 0xBA, 0xAA,
    0x17, 0x1B, 0xA3, 0xB1, 0x5E, 0x83, 0xE8, 0x87, 0x6A, 0x0D, 0xE2, 0x1F, 0x63, 0x5E, 0x83, 0x88,
    0x7E, 0x98, 0x72, 0x15, 0xCC, 0xFF, 0x25, 0x29, 0xAF, 0x41, 0x88, 0x30, 0xD5, 0xCB, 0x8C, 0x29,
    0xAF, 0x41, 0x7C, 0x43, 0x44, 0x15, 0x6B, 0x10, 0xC7, 0x55, 0x2D, 0xD4, 0xB4, 0x87, 0x3A, 0xFB,
    0x3A, 0x39, 0xDB, 0xCB, 0x6A, 0x28, 0xB9, 0x56, 0xBB, 0x71, 0xD5, 0x66, 0x5C, 0xB5, 0x17, 0x57,
    0x6D, 0xC5, 0x9D, 0xED, 0x65, 0x95, 0xE4, 0xA0, 0x5D, 0xE9, 0x7E, 0x4D, 0xD5, 0xDB, 0x18, 0xC5,
    0x36, 0x1A, 0xB0, 0x3C, 0x30, 0xCB, 0x6C, 0x8C, 0x1A, 0x1B, 0xD0, 0x68, 0xD5, 0x00, 0x0D, 0x56,
    0xDD, 0xC0, 0xAC, 0xBD, 0x04, 0x1D, 0x1F, 0x4A, 0x5A, 0x01, 0xDE, 0x7E, 0xA4, 0x72, 0x4F, 0x54,
    0x78, 0x5D, 0x8F, 0x57, 0x96, 0xC5, 0xE8, 0x92, 0x18, 0x76, 0xED, 0xEF, 0x53, 0xAE, 0xFD, 0xAA,
    0x72, 0xED, 0x75, 0x09, 0x4C, 0xBB, 0xCA, 0xB5, 0x1F, 0x2B, 0xD7, 0x7E, 0x3C, 0xD3, 0xB5, 0xDF,
    0x2C, 0xAF, 0x2F, 0xEA, 0xD5, 0xC5, 0xEB, 0x77, 0xED, 0x0F, 0xAE, 0x88, 0x95, 0x61, 0x2B, 0xAD,
    0x80, 0xB7, 0x4F, 0xA0, 0x18, 0x6E, 0x69, 0x31, 0x2C, 0xC2, 0xDA, 0x52, 0xC1, 0x6F, 0x95, 0xAF,
    0xA4, 0xBB, 0x6D, 0xD6, 0xE8, 0x57, 0x98, 0x6E, 0x9D, 0x0F, 0x57, 0x3E, 0xA1, 0x5C, 0x2F, 0xE1,
    0x19, 0x95, 0x65, 0x7A, 0x7A, 0xB5, 0x24, 0xD3, 0x8B, 0x25, 0x7A, 0xAD, 0xC4, 0x1E, 0x18, 0x05,
    0x01, 0x99, 0x5A, 0x29, 0xA9, 0x65, 0xC6, 0x42, 0xC9, 0x2D, 0xCA, 0x5E, 0xDD, 0x86, 0x7C, 0xD0,
    0x65, 0xAB, 0xAA, 0x66, 0x95, 0x0B, 0x56, 0x75, 0xB5, 0xEA, 0xBA, 0x5A, 0x4D, 0xED, 0xA9, 0xC5,
    0x54, 0x95, 0xBA, 0xC6, 0x7E, 0xAA, 0xCC, 0xF5, 0x90, 0x13, 0xD7, 0x4F, 0x18, 0xB5, 0xA9, 0x53,
    0xF1, 0xE4, 0xF2, 0x61, 0x4E, 0x0E, 0x78, 0x2F, 0xB1, 0x65, 0xC3, 0xD7, 0x3E, 0x46, 0x56, 0x96,
    0x2F, 0x55, 0x2F, 0x9A, 0x72, 0xB1, 0x68, 0xC6, 0x95, 0xA2, 0xEB, 0x5C, 0x26, 0xAA, 0x6A, 0x44,
    0x5B, 0xBC, 0x3C, 0xDF, 0x62, 0x60, 0xDC, 0x66, 0x58, 0x54, 0xA0, 0x18, 0xCE, 0x2A, 0x0A, 0x85,
    0x93, 0x6C, 0x9C, 0xDB, 0x1C, 0x1B, 0x9F, 0x3C, 0x3E, 0x65, 0x10, 0xCC, 0x7D, 0x2A, 0x8B, 0x94,
    0xE3, 0x1D, 0x14, 0x9C, 0x3A, 0x6C, 0x08, 0x51, 0xD3, 0x90, 0xA2, 0xC3, 0x37, 0x60, 0xD9, 0xD6,
    0xAC, 0xB8, 0x36, 0x0B, 0xAE, 0xAB, 0xEA, 0xAD, 0xE7, 0xF1, 0xC7, 0xDC, 0x4F, 0xA1, 0x5C, 0x41,
    0x79, 0xD8, 0x87, 0xE6, 0x8F, 0x67, 0xF0, 0xA7, 0x19, 0x9A, 0xFC, 0xD1, 0x1B, 0x28, 0x12, 0x11,
    0xEE, 0xBB, 0x01, 0xBD, 0xCB, 0x9F, 0xD9, 0xFC, 0x99, 0xD4, 0x17, 0x1E, 0xEF, 0xB1, 0x4F, 0xCA,
    0x78, 0x6F, 0x62, 0x99, 0xC3, 0x1D, 0xC8, 0x2B, 0xEB, 0xA2, 0xC6, 0xD2, 0xEF, 0x29, 0x2C, 0xB5,
    0x5F, 0x08, 0x16, 0x07, 0xDD, 0x96, 0x06, 0xDD, 0x96, 0x06, 0x5D, 0xA3, 0x52, 0x63, 0x5B, 0x81,
    0xAE, 0x35, 0x32, 0x40, 0x57, 0x97, 0x69, 0xBC, 0x38, 0xBC, 0xE5, 0xCE, 0xC7, 0xED, 0xCC, 0x87,
    0x83, 0x77, 0xC2, 0xC8, 0xB2, 0x39, 0x12, 0x2A, 0x58, 0x53, 0x63, 0x59, 0xDE, 0xF7, 0x84, 0xA2,
    0xD2, 0xCE, 0x57, 0x42, 0x43, 0x3D, 0x95, 0x8A, 0x92, 0x7E, 0x9E, 0xED, 0x1A, 0x49, 0x55, 0x8A,
    0xE4, 0x94, 0x86, 0xCA, 0xF5, 0x0A, 0x56, 0x51, 0xF0, 0x13, 0xAD, 0xA3, 0x74, 0x64, 0x8E, 0x56,
    0xD2, 0x04, 0xB4, 0x07, 0xB0, 0x9B, 0x0F, 0x5B, 0x6F, 0x10, 0x9C, 0x91, 0x54, 0x3D, 0x67, 0xCE,
    0x66, 0x66, 0xCE, 0xE7, 0xB9, 0xBD, 0x79, 0xF0, 0xC9, 0x9F, 0xD3, 0x89, 0x44, 0xD3, 0x5A, 0xB9,
    0xB9, 0x88, 0x3B, 0x37, 0x69, 0x7B, 0x0F, 0xF8, 0x86, 0x50, 0xA8, 0x4C, 0xA5, 0x5F, 0xC3, 0x7E,
    0x9F, 0xC9, 0xF1, 0xDE, 0xEE, 0xFB, 0x9B, 0xF6, 0xD4, 0xF9, 0x85, 0x37, 0xC0, 0xDE, 0xDD, 0xA4,
    0xFC, 0x09, 0x98, 0xA3, 0xBB, 0x3B, 0x01, 0x6F, 0xFD, 0x2C, 0xDC, 0xB6, 0x05, 0x44, 0x5B, 0x13,
    0x41, 0x93, 0x19, 0x33, 0xED, 0x9B, 0x13, 0x69, 0xCC, 0xEC, 0x0C, 0x32, 0xA9, 0x22, 0xAD, 0x85,
    0xC9, 0x1D, 0x45, 0x22, 0xE6, 0x33, 0x49, 0x88, 0x9F, 0x2A, 0xBC, 0x67, 0x92, 0xD0, 0x3E, 0x55,
    0x58, 0x6F, 0xCD, 0x48, 0x7C, 0xC5, 0x0A, 0xE5, 0x9F, 0x88, 0x6F, 0xAD, 0x0F, 0x7E, 0x50, 0xE2,
    0xA7, 0x73, 0x9B, 0x7A, 0x9C, 0x3F, 0x4E, 0xF5, 0x40, 0xE9, 0xF8, 0xDA, 0xFD, 0x8C, 0x35, 0x0F,
    0x4A, 0x2E, 0x81, 0xC7, 0x4B, 0x72, 0xA3, 0xC6, 0xBB, 0xB5, 0xFF, 0xE3, 0x3D, 0x20, 0x21, 0x94,
    0xFD, 0x1B, 0x6A, 0x7A, 0xDD, 0x37, 0x03, 0x9E, 0x5D, 0x3A, 0xF7, 0x62, 0xFF, 0xF2, 0xD8, 0xA5,
    0x81, 0xBA, 0x99, 0x31, 0x54, 0x7F, 0x68, 0x0C, 0xB6, 0xDD, 0x30, 0xBC, 0xF4, 0xCC, 0x53, 0x8B,
    0x1C, 0xA9, 0x3C, 0x01, 0x47, 0xED, 0xE7, 0xCB, 0x9C, 0x48, 0x0D, 0xBA, 0x36, 0x72, 0x52, 0x3D,
    0x6C, 0xFF, 0x43, 0x11, 0xF0, 0xC0, 0x47, 0xEE, 0x58, 0x9A, 0xC5, 0x62, 0xE8, 0x4F, 0x1E, 0xA8,
    0xFD, 0x7C, 0xE7, 0x0C, 0x59, 0xDF, 0x35, 0x9C, 0xAD, 0x45, 0x8E, 0x7F, 0x36, 0x93, 0xC3, 0x5D,
    0x6D, 0x07, 0x61, 0xAC, 0xB7, 0x49, 0xDA, 0xC9, 0x86, 0xE2, 0xAA, 0x13, 0xB5, 0x15, 0x53, 0x9D,
    0xA8, 0xAE, 0x78, 0xEA, 0x44, 0x2D, 0xC5, 0x52, 0x3B, 0xD5, 0x62, 0x04, 0x22, 0x35, 0x37, 0x48,
    0xEA, 0x85, 0x80, 0xDD, 0x7E, 0x76, 0xA0, 0xB6, 0xDF, 0xDC, 0x01, 0xEB, 0xB1, 0x1F, 0x87, 0x3F,
    0x2B, 0x7A, 0x31, 0xB7, 0x7D, 0x59, 0x33, 0xE7, 0xB1, 0x3D, 0xBE, 0xC1, 0xD2, 0x9C, 0x9A, 0xB9,
    0xF1, 0x84, 0xEB, 0x1B, 0x7A, 0x9E, 0xAA, 0x6F, 0x48, 0x6B, 0x01, 0xD7, 0x37, 0x6C, 0xEB, 0xF3,
    0x55, 0xBA, 0xB4, 0xBE, 0x93, 0xD7, 0x37, 0xF8, 0xC6, 0x39, 0xBB, 0xFA, 0x78, 0x63, 0xB8, 0xA0,
    0x4F, 0xD9, 0xCD, 0xF4, 0x1E, 0xEB, 0xC2, 0x04, 0x96, 0xD7, 0x47, 0xF7, 0xAD, 0x9C, 0xEF, 0xC6,
    0x57, 0x64, 0xDE, 0xDD, 0x22, 0xC7, 0xD7, 0x3D, 0x06, 0x7D, 0xD9, 0x58, 0x05, 0x34, 0x2C, 0x6C,
    0x3F, 0xD4, 0xA1, 0xA4, 0xF1, 0xB2, 0xB1, 0x6B, 0xB3, 0xB4, 0x47, 0xD8, 0x7C, 0xDD, 0x49, 0x0C,
    0x5C, 0x19, 0x1A, 0xB0, 0xB2, 0x66, 0xA0, 0x0A, 0xFF, 0x01, 0x81, 0x0A, 0x97, 0x7A, 0x13, 0x6F,
    0x6D, 0xED, 0x0C, 0x82, 0x95, 0x69, 0xDE, 0xBA, 0x63, 0xC3, 0xFE, 0xBD, 0x34, 0x50, 0xBC, 0x1D,
    0xB9, 0x83, 0x83, 0xC4, 0x5B, 0x0D, 0x03, 0xCA, 0x68, 0xD1, 0x41, 0x68, 0x0B, 0x5D, 0x37, 0xFD,
    0xE9, 0x01, 0x65, 0x7B, 0xBD, 0x56, 0xF1, 0xDA, 0xEC, 0x93, 0x7B, 0x17, 0x4C, 0x7C, 0xDD, 0xE1,
    0x55, 0xA2, 0x9F, 0x44, 0x2B, 0x29, 0xAF, 0xAD, 0xA9, 0x9C, 0xD3, 0x56, 0x75, 0x9E, 0xCA, 0xD2,
    0xAC, 0x33, 0x37, 0xCB, 0x2B, 0x1E, 0xD6, 0xF4, 0x8B, 0x7E, 0x58, 0xB1, 0xA0, 0x0F, 0xBE, 0x66,
    0x77, 0x2D, 0x56, 0xA5, 0x08, 0x56, 0xA6, 0x6B, 0x11, 0x2E, 0xE8, 0x62, 0x04, 0x1F, 0x54, 0x35,
    0x02, 0x4E, 0x26, 0x97, 0x23, 0x60, 0x8B, 0xEB, 0x11, 0x6C, 0xBD, 0xB9, 0xDB, 0x1D, 0xE9, 0x8A,
    0x84, 0xF3, 0x19, 0x97, 0x24, 0x0C, 0xDC, 0xEC, 0xEE, 0x5E, 0xBA, 0xEB, 0xDE, 0xD2, 0x71, 0x03,
    0xEA, 0xBE, 0x0C, 0x50, 0x36, 0xF6, 0xF9, 0xD8, 0xA1, 0x79, 0x6A, 0x9F, 0x71, 0xF2, 0xAD, 0x71,
    0xEA, 0xAD, 0x3A, 0xF1, 0x36, 0x35, 0x4E, 0xBB, 0x55, 0xFB, 0x7C, 0xCC, 0x53, 0x6E, 0x93, 0xEA,
    0x7D, 0x3E, 0x89, 0xDE, 0xE7, 0x93, 0xAE, 0x57, 0x4A, 0x42, 0x4F, 0xF7, 0x79, 0xFF, 0xF7, 0xF9,
    0xEC, 0xD3, 0x62, 0xCF, 0xD0, 0x5C, 0xEC, 0x59, 0x33, 0x17, 0x7B, 0xFC, 0x91, 0xB1, 0xD8, 0xE3,
    0x8E, 0x16, 0x59, 0xEC, 0xD9, 0x32, 0x6C, 0x23, 0x85, 0xDA, 0xBA, 0xFB, 0x9B, 0x07, 0x79, 0xC1,
    0x6B, 0xDF, 0x78, 0xB0, 0x05, 0x53, 0x65, 0x0B, 0x13, 0x27, 0x61, 0xDE, 0xE0, 0xE7, 0x2C, 0x1C,
    0x34, 0xC0, 0xBC, 0x55, 0x0C, 0x31, 0xE3, 0x69, 0xCF, 0xA0, 0x17, 0x71, 0xA6, 0xEE, 0xC6, 0xE2,
    0x77, 0x66, 0x0D, 0xD9, 0x3D, 0xD3, 0x41, 0x8D, 0x0E, 0x69, 0x54, 0x40, 0xE3, 0xA8, 0x97, 0x3C,
    0xE5, 0x0F, 0xFA, 0x30, 0xFD, 0x9A, 0x93, 0x72, 0xB1, 0x3D, 0x7D, 0x5C, 0x51, 0x48, 0xD8, 0xE4,
    0x52, 0x7B, 0x1C, 0x1E, 0x97, 0x12, 0x3A, 0x5C, 0x68, 0x8F, 0xAC, 0xE0, 0x62, 0x42, 0x48, 0xB8,
    0x9A, 0xD0, 0x8D, 0x55, 0x95, 0x7D, 0xC4, 0xF5, 0x84, 0xA3, 0x8A, 0x73, 0x7E, 0xEC, 0xB1, 0x76,
    0x89, 0xC6, 0x6A, 0x5F, 0xC8, 0x1A, 0xA8, 0x7D, 0x21, 0x84, 0x50, 0x85, 0xAF, 0xD7, 0x03, 0xF5,
    0x38, 0xAB, 0x1E, 0xA8, 0xE7, 0x59, 0x6D, 0x80, 0x3A, 0x45, 0xA2, 0x13, 0x6C, 0xB1, 0xCF, 0x57,
    0x13, 0xC6, 0xBE, 0x90, 0x40, 0x9D, 0x22, 0xB1, 0x09, 0x1F, 0x63, 0xE7, 0x8E, 0xA1, 0x9A, 0x7C,
    0x30, 0x27, 0x5A, 0x13, 0x7D, 0x32, 0x27, 0x9D, 0xA1, 0x57, 0xB0, 0xE9, 0xCB, 0x30, 0xB2, 0x52,
    0x7D, 0x36, 0x67, 0x42, 0xE7, 0x73, 0x16, 0x87, 0x73, 0x62, 0x08, 0xD8, 0x63, 0x7E, 0xA5, 0x74,
    0x86, 0x1E, 0x9F, 0x80, 0x36, 0xB8, 0x0C, 0x6E, 0xA2, 0xB8, 0x36, 0xBE, 0x24, 0x42, 0x3E, 0xA0,
    0xB3, 0x46, 0xC7, 0x25, 0x29, 0xDE, 0xC9, 0x43, 0xCC, 0xEF, 0xAE, 0xD1, 0xDF, 0xD2, 0x95, 0xB8,
    0x3B, 0xA1, 0xF0, 0xFD, 0x7A, 0x6C, 0xD2, 0x16, 0xED, 0xAA, 0xA2, 0x43, 0x78, 0xB6, 0x9C, 0x33,
    0x4E, 0x40, 0xD6, 0x2E, 0xB1, 0x23, 0x9B, 0x3E, 0xDB, 0x82, 0x25, 0x5B, 0x12, 0x70, 0x12, 0xEC,
    0x8B, 0x44, 0xD8, 0xF8, 0xF5, 0xDF, 0x0C, 0x51, 0xA4, 0x8F, 0xAC, 0xB8, 0xF1, 0x2F, 0x86, 0x88,
    0x71, 0x7F, 0xB5, 0xF2, 0xA9, 0x47, 0xBD, 0xF0, 0x83, 0xE7, 0xE1, 0xA5, 0xCB, 0x2B, 0x27, 0xDC,
    0xE7, 0xFE, 0xEB, 0x34, 0x7C, 0xFD, 0x1F, 0x2E, 0xFC, 0xF1, 0x1F, 0xBD, 0x7B, 0xF5, 0x2F, 0x61,
    0xD3, 0xFD, 0xF7, 0x77, 0x92, 0x9D, 0x0B, 0xDB, 0x45, 0x87, 0x4F, 0x7A, 0x51, 0x41, 0x3C, 0x86,
    0xAF, 0x84, 0xB0, 0x79, 0x62, 0xE5, 0x51, 0x49, 0x44, 0x8F, 0xAD, 0x3C, 0x06, 0x4F, 0xE3, 0xD7,
    0xC5, 0xEB, 0xA7, 0x56, 0x5F, 0xEB, 0xD0, 0x51, 0xD4, 0xFF, 0x71, 0x75, 0x72, 0x33, 0xEE, 0x9F,
    0x4C, 0x12, 0xBD, 0xD9, 0x6E, 0xF0, 0xB5, 0x93, 0xDB, 0x95, 0xA4, 0x0C, 0x1F, 0x72, 0xA7, 0x86,
    0x48, 0x5F, 0xA4, 0x39, 0xF9, 0x18, 0x1A, 0x92, 0x2C, 0x27, 0xD7, 0x31, 0xBC, 0x58, 0xCF, 0xDD,
    0xEB, 0x1E, 0x4E, 0x59, 0x41, 0x66, 0x7E, 0xF1, 0xE9, 0x3B, 0xF6, 0x70, 0x03, 0xD0, 0x93, 0x5F,
    0xA2, 0xF3, 0x64, 0x3E, 0x44, 0xFB, 0x10, 0xD1, 0x73, 0x18, 0x9E, 0x17, 0xAE, 0x40, 0xA9, 0x6A,
    0xEE, 0xCA, 0x67, 0x2E, 0x3C, 0x78, 0x36, 0xC0, 0x80, 0xB0, 0xCA, 0x8C, 0x19, 0x0A, 0xD2, 0xD1,
    0x02, 0x89, 0x96, 0x85, 0x53, 0x55, 0xF0, 0x70, 0x49, 0x89, 0x7A, 0x70, 0x2E, 0xCC, 0xEF, 0x3F,
    0x4E, 0xF2, 0x7B, 0x7E, 0x3C, 0x4C, 0x6F, 0x62, 0xC0, 0x3D, 0x58, 0x0E, 0xF2, 0x7B, 0x27, 0xC9,
    0x87, 0xFC, 0x91, 0x1C, 0xCE, 0xB6, 0x95, 0xFB, 0x1A, 0xEB, 0xE4, 0x4F, 0x94, 0xEE, 0xB1, 0xF4,
    0x35, 0xD6, 0xAD, 0xFC, 0x9B, 0x37, 0xA0, 0x5B, 0xDC, 0xF3, 0xA8, 0x62, 0x87, 0x82, 0x2C, 0x39,
    0x44, 0x11, 0xE7, 0xE3, 0xDB, 0xE5, 0xC1, 0xA9, 0x91, 0xA5, 0x13, 0x63, 0xE2, 0x01, 0xA9, 0xD1,
    0xE8, 0xA1, 0x58, 0x2A, 0xCB, 0x54, 0x7D, 0x77, 0x26, 0x34, 0xDA, 0x29, 0xCC, 0xE6, 0xDF, 0xFC,
    0x8E, 0x7C, 0x42, 0x14, 0xFC, 0xDD, 0x20, 0xBF, 0x5F, 0x38, 0xE3, 0x15, 0x5F, 0xEB, 0x05, 0xA9,
    0x0C, 0xDA, 0x6A, 0x01, 0xA5, 0xF0, 0xCA, 0xF7, 0x66, 0x7E, 0xB7, 0x45, 0x7E, 0xF7, 0xDE, 0x41,
    0x8C, 0xAC, 0x85, 0x69, 0xC3, 0x96, 0xF7, 0xAC, 0x45, 0x77, 0x37, 0xEC, 0xF1, 0xBD, 0xF3, 0x2B,
    0xF9, 0xDD, 0x17, 0x09, 0x1D, 0x93, 0xD3, 0xB3, 0x77, 0x32, 0x17, 0x83, 0x37, 0x64, 0xAD, 0x3C,
    0x31, 0x08, 0xEF, 0xCD, 0x11, 0xC6, 0xAD, 0xBD, 0x49, 0x4D, 0x64, 0x71, 0x76, 0x59, 0xDF, 0x55,
    0xD5, 0x8B, 0x22, 0xDC, 0xBF, 0x67, 0x53, 0xC9, 0x0F, 0xE6, 0xF8, 0xCC, 0xE4, 0x1F, 0x75, 0xDF,
    0xCA, 0x29, 0x67, 0x54, 0xD8, 0x8D, 0x66, 0x5C, 0x10, 0x17, 0xD8, 0x92, 0x0C, 0x98, 0x78, 0x96,
    0xAD, 0x86, 0x1F, 0x22, 0x71, 0x4F, 0x9E, 0xEE, 0x2C, 0x96, 0x01, 0x07, 0x48, 0x34, 0xE8, 0xBC,
    0x0B, 0x72, 0xC6, 0x3D, 0x5A, 0x12, 0xF5, 0x91, 0xA8, 0x05, 0x48, 0x10, 0xCF, 0xDC, 0x08, 0xC1,
    0xB9, 0x46, 0x44, 0xDC, 0x0C, 0xE5, 0xAF, 0x5C, 0xF9, 0xA8, 0x08, 0x7A, 0x73, 0x37, 0xED, 0x8B,
    0x2B, 0xF4, 0x98, 0x0F, 0xEE, 0xF6, 0x05, 0x36, 0x87, 0x59, 0xE1, 0xF2, 0x36, 0xE3, 0xE2, 0xBC,
    0xF2, 0x2E, 0xA3, 0xD3, 0x89, 0x39, 0x26, 0xEA, 0x0F, 0xCD, 0x86, 0x6F, 0x3E, 0x92, 0x04, 0x7E,
    0x9A, 0x3D, 0xE9, 0xC0, 0x44, 0xBA, 0x46, 0x0E, 0x2A, 0xDF, 0x29, 0xF2, 0x55, 0x52, 0xC2, 0x1F,
    0x2B, 0x5A, 0x75, 0xF9, 0xBB, 0x5F, 0x1A, 0x83, 0xF5, 0x9A, 0x4A, 0xF5, 0x36, 0x9F, 0x04, 0xDA,
    0xB5, 0x69, 0x29, 0x33, 0xFE, 0xE5, 0x62, 0x3E, 0xCA, 0xBB, 0x24, 0xFC, 0xB2, 0xB7, 0x10, 0x9A,
    0x2D, 0x3A, 0x7C, 0x64, 0x00, 0x47, 0xF3, 0x8D, 0xA5, 0x54, 0x68, 0xE0, 0x8D, 0xD1, 0x73, 0x08,
    0xF3, 0x32, 0x18, 0xE4, 0x24, 0x1D, 0x0F, 0x9F, 0x81, 0x95, 0x0D, 0x48, 0x97, 0x36, 0xE8, 0xE8,
    0x93, 0x7E, 0x2C, 0x75, 0x07, 0x4D, 0x41, 0x9E, 0x0D, 0x95, 0xC7, 0x89, 0x5E, 0x90, 0x4F, 0x4B,
    0x59, 0xA6, 0x53, 0x00, 0xEB, 0x2B, 0x20, 0x9C, 0xB1, 0x9D, 0x59, 0xFD, 0xEF, 0xC4, 0xCD, 0xB8,
    0x45, 0x46, 0xEF, 0x4F, 0x7F, 0x80, 0x1C, 0x76, 0xC4, 0x58, 0x0C, 0x8E, 0x8A, 0x8B, 0x63, 0x5B,
    0x9C, 0xA7, 0x7C, 0x68, 0x5A, 0x6C, 0x38, 0x7D, 0x60, 0x82, 0x6B, 0xAB, 0xD7, 0xD2, 0xF4, 0xE7,
    0x36, 0xBD, 0x39, 0xCD, 0xFB, 0x4B, 0x4D, 0x5F, 0xE8, 0x26, 0x3A, 0x07, 0x7D, 0x11, 0xC9, 0x26,
    0xED, 0x26, 0xED, 0x66, 0x76, 0x22, 0x9F, 0xFF, 0x88, 0x7E, 0xD5, 0x88, 0x72, 0x3B, 0x14, 0xA0,
    0x78, 0x28, 0x10, 0x7E, 0xDC, 0x94, 0x09, 0x9E, 0xA1, 0x1B, 0xD2, 0x03, 0x09, 0x2E, 0xD0, 0xA9,
    0x61, 0xD1, 0x2A, 0x9D, 0x24, 0x8A, 0xFF, 0xAC, 0x0C, 0xFF, 0xA7, 0x54, 0x4F, 0x6D, 0x84, 0x22,
    0xD3, 0x74, 0x62, 0xEC, 0x1B, 0xE5, 0x7B, 0x8E, 0x8E, 0xF0, 0x4D, 0xDD, 0xCF, 0x93, 0x5D, 0x94,
    0x49, 0x1F, 0xDA, 0xBD, 0x7A, 0x55, 0x5C, 0x7A, 0x35, 0x93, 0x27, 0x8B, 0x5E, 0x59, 0x16, 0x59,
    0x3F, 0x96, 0x27, 0x33, 0xEB, 0xF4, 0x8F, 0x45, 0xB5, 0x40, 0xF3, 0x1F, 0xE9, 0x53, 0x3E, 0xEC,
    0x7A, 0xF2, 0x91, 0x3E, 0xAD, 0xB9, 0xCD, 0xFA, 0x5C, 0x06, 0x4F, 0xE7, 0x8A, 0xEA, 0xFB, 0xD7,
    0x6C, 0xCC, 0x6D, 0xCE, 0x98, 0xF9, 0x67, 0xB8, 0xB9, 0x64, 0x8E, 0x75, 0x15, 0x3A, 0x71, 0x3E,
    0xB8, 0x56, 0xDE, 0x14, 0x19, 0x9C, 0xA0, 0x85, 0x36, 0xF9, 0xA1, 0xAB, 0x76, 0xB2, 0x8D, 0x80,
    0x86, 0x71, 0xA5, 0x94, 0x90, 0x55, 0x92, 0xE0, 0x5E, 0xFE, 0x60, 0xD1, 0x7A, 0xD1, 0x4C, 0x69,
    0xB3, 0x34, 0x9D, 0xFE, 0x8F, 0xCD, 0xB8, 0x65, 0x0F, 0x6A, 0x71, 0xAB, 0x68, 0xE6, 0x0F, 0xDB,
    0x43, 0x1B, 0x5E, 0xA3, 0xCF, 0xAE, 0x93, 0xBF, 0xE3, 0x0D, 0x31, 0xA4, 0xF5, 0xA8, 0xD9, 0x52,
    0x3D, 0x68, 0x14, 0x74, 0xC6, 0x73, 0x40, 0x61, 0x0A, 0xDB, 0x37, 0xB4, 0x20, 0xDE, 0x07, 0x4F,
    0x25, 0x56, 0x11, 0x00, 0x35, 0x63, 0x79, 0x88, 0x9C, 0x3B, 0xD2, 0x35, 0x0E, 0x3F, 0x7B, 0x05,
    0xEC, 0xC2, 0x92, 0x1E, 0xAF, 0x00, 0xCC, 0x05, 0x49, 0xB9, 0x8A, 0x33, 0x45, 0x36, 0x89, 0xCC,
    0x28, 0x37, 0x6C, 0x8B, 0x9C, 0xEC, 0x63, 0x7F, 0xDE, 0x21, 0x86, 0xF5, 0xE8, 0x20, 0xD5, 0x86,
    0x74, 0xCF, 0xE8, 0x19, 0x1A, 0x80, 0x60, 0x80, 0xC2, 0xD5, 0xA3, 0x3F, 0x26, 0x32, 0xCD, 0xC9,
    0xCE, 0x17, 0x88, 0xDC, 0xA6, 0x3A, 0x24, 0x44, 0x07, 0xB4, 0xB9, 0xDB, 0x30, 0x58, 0x0E, 0x10,
    0x20, 0x9C, 0x0C, 0x46, 0x72, 0x79, 0x03, 0x72, 0x26, 0xC9, 0x82, 0xE6, 0xE6, 0xD8, 0x17, 0x2F,
    0x88, 0x8F, 0xE6, 0xF8, 0x70, 0x47, 0xB4, 0xC7, 0x6A, 0x3C, 0x40, 0xC8, 0x78, 0x75, 0x9F, 0xCE,
    0x1D, 0xAF, 0x14, 0xF9, 0xE9, 0xC6, 0xA9, 0x42, 0xED, 0x5B, 0xF9, 0x2B, 0x4B, 0x52, 0xF1, 0x5B,
    0xB9, 0x37, 0xDD, 0x8D, 0x28, 0x9D, 0xDB, 0x42, 0x3F, 0x31, 0x59, 0x85, 0xAB, 0x29, 0x29, 0x3C,
    0xCA, 0x98, 0x95, 0x78, 0x76, 0x9C, 0xC9, 0xDC, 0x37, 0xCA, 0x55, 0xEC, 0x39, 0xD1, 0x3A, 0x29,
    0x7B, 0x1B, 0xB6, 0x1D, 0x6A, 0xB4, 0x48, 0xD5, 0xBB, 0xD6, 0xD0, 0x4D, 0x1A, 0xD8, 0x90, 0x8A,
    0x4E, 0xD7, 0xD0, 0xC9, 0xB7, 0xE5, 0xBD, 0x2D, 0x9E, 0x18, 0x75, 0x52, 0x10, 0x43, 0xF3, 0x04,
    0xE1, 0x6D, 0x43, 0xA7, 0xAD, 0xD4, 0x68, 0xD4, 0x62, 0x3D, 0x4A, 0x8C, 0xF0, 0xF4, 0xC0, 0x6A,
    0x23, 0x63, 0x2C, 0xCB, 0xC1, 0xF5, 0x3F, 0x35, 0xA2, 0x75, 0x13, 0xE9, 0x36, 0x14, 0x4F, 0x0E,
    0x28, 0xE8, 0x5A, 0xE1, 0x1C, 0xD5, 0xE1, 0x21, 0xF9, 0xD4, 0x80, 0x9C, 0xAE, 0xC3, 0xA0, 0x18,
    0x41, 0x3D, 0x7F, 0x62, 0x80, 0x8C, 0x3F, 0x50, 0xC5, 0x10, 0xBD, 0x5A, 0x32, 0xFE, 0xE8, 0x04,
    0xE3, 0x26, 0x58, 0x83, 0x3C, 0xFE, 0x90, 0xCF, 0x0A, 0xC8, 0xAB, 0xD0, 0xDF, 0x93, 0x4F, 0x0A,
    0x08, 0x38, 0xFE, 0xA0, 0xE7, 0x04, 0xEC, 0x47, 0x0E, 0xA8, 0x10, 0xCD, 0x97, 0x03, 0x0B, 0x6C,
    0x04, 0x8F, 0x6F, 0xDB, 0xF0, 0x32, 0x58, 0xC7, 0xBF, 0x6D, 0x23, 0x7A, 0x3D, 0x72, 0xFC, 0x5F,
    0xBF, 0x89, 0xB7, 0x3F, 0x3B, 0xF1, 0x2F, 0xF6, 0x93, 0xF6, 0x6B, 0x74, 0x3B, 0xFB, 0xB5, 0x13,
    0x47, 0xBF, 0x1A, 0xFD, 0xED, 0x5F, 0xBC, 0xFC, 0x34, 0x7C, 0x36, 0x3C, 0x79, 0xEA, 0x67, 0x82,
    0x25, 0x88, 0x1E, 0x3D, 0x44, 0xA8, 0xDF, 0x09, 0x0F, 0xB9, 0xE1, 0xC5, 0x07, 0xE0, 0xE1, 0x43,
    0x87, 0xE0, 0xD9, 0x13, 0x36, 0x1C, 0x5B, 0xBE, 0xDF, 0xFE, 0x81, 0xE8, 0xFF, 0x39, 0xA5, 0x02,
    0x1C, 0x42, 0xEE, 0x65, 0x38, 0xFD, 0x70, 0x10, 0x04, 0xBF, 0xF0, 0xD9, 0xE7, 0xE1, 0x33, 0xBF,
    0xB7, 0xF9, 0x4C, 0xE4, 0xDA, 0x5F, 0xFB, 0xA9, 0xE3, 0x2F, 0xBE, 0xBA, 0x3B, 0xFE, 0xA7, 0x37,
    0xD2, 0x50, 0xA6, 0x57, 0xC8, 0x11, 0x5E, 0xFA, 0x35, 0x37, 0x3C, 0x63, 0x5D, 0xBA, 0xF4, 0xB2,
    0xD1, 0xC3, 0x07, 0x72, 0x51, 0x5A, 0x91, 0xDE, 0xA7, 0xBD, 0xF2, 0x0D, 0x69, 0x03, 0x56, 0x7E,
    0x2B, 0xBF, 0x7D, 0xC9, 0xDF, 0x94, 0x37, 0x12, 0x75, 0xBA, 0xD1, 0x01, 0x5C, 0xF7, 0x7E, 0x29,
    0x78, 0x04, 0xE8, 0xF6, 0x6F, 0xEF, 0xC9, 0xDB, 0x57, 0x5C, 0x79, 0xA3, 0xA1, 0xE3, 0xED, 0xB7,
    0x13, 0xB0, 0xA8, 0x75, 0x04, 0xDC, 0xD3, 0xF7, 0xFE, 0x64, 0xE0, 0x86, 0xBF, 0x7C, 0xFA, 0xDE,
    0x9F, 0x0B, 0xB6, 0xE1, 0xEB, 0xA7, 0xEF, 0xED, 0x7C, 0xF8, 0xEB, 0xF0, 0xFB, 0xA7, 0xEF, 0xFD,
    0xF9, 0x70, 0x09, 0x1E, 0x7E, 0x17, 0x5F, 0xC4, 0x3F, 0xF8, 0xCA, 0x21, 0x79, 0x83, 0x50, 0xFE,
    0xF9, 0xF1, 0xB7, 0xDE, 0x90, 0x5D, 0x59, 0x93, 0x7E, 0xCD, 0xBD, 0xF8, 0x8F, 0x3E, 0xF3, 0xEB,
    0xAF, 0xC9, 0x0E, 0xFE, 0x41, 0xC1, 0xDB, 0x7A, 0xE1, 0x1D, 0xD6, 0xBD, 0xC9, 0x7B, 0x6E, 0xC9,
    0xEB, 0x9E, 0xC8, 0xF2, 0x3B, 0xDA, 0x6E, 0xB0, 0xC3, 0x46, 0x33, 0x38, 0x41, 0x47, 0x66, 0xAC,
    0x8A, 0xDC, 0xEF, 0x45, 0xC8, 0x3E, 0x42, 0x92, 0xED, 0xBF, 0x49, 0x46, 0xBD, 0x0E, 0x1D, 0x8F,
    0x7C, 0xB3, 0xB6, 0x35, 0xF6, 0xD0, 0xD7, 0xBB, 0xA7, 0x51, 0xC3, 0xBB, 0x1B, 0xAE, 0xFA, 0xE2,
    0x77, 0x6B, 0x81, 0x13, 0xB6, 0xDD, 0xC1, 0x2A, 0xDD, 0xC9, 0x9E, 0xD7, 0x22, 0x69, 0xD7, 0xEB,
    0x4E, 0x1E, 0xB2, 0xB6, 0x68, 0xD5, 0x86, 0xCD, 0x78, 0x33, 0x5F, 0xF4, 0x42, 0xD1, 0xF8, 0x62,
    0x02, 0xB5, 0x53, 0x24, 0x16, 0xE8, 0x37, 0x3E, 0x8B, 0x3E, 0x3C, 0xB2, 0x7A, 0x79, 0x05, 0xFE,
    0x1F, 0xCD, 0x1A, 0x4D, 0x6C, 0x1C, 0x57, 0xF9, 0x9B, 0x99, 0xAC, 0xA7, 0xC9, 0xD8, 0x7E, 0x16,
    0x2A, 0xC2, 0xD4, 0x89, 0x37, 0x87, 0x1E, 0xD2, 0x36, 0xEB, 0xED, 0x21, 0x48, 0x41, 0xDA, 0xF5,
    0x4C, 0x1B, 0x89, 0x0A, 0x8A, 0x84, 0x0F, 0x4D, 0x25, 0xA8, 0x04, 0x39, 0x80, 0x84, 0x38, 0xD4,
    0x56, 0xB1, 0x90, 0x25, 0x9C, 0xEC, 0x34, 0x48, 0xAD, 0x84, 0xA8, 0xB4, 0x1C, 0x38, 0x55, 0x08,
    0x23, 0xCA, 0xA1, 0x0E, 0x52, 0x5C, 0x64, 0x41, 0x90, 0x12, 0xEF, 0x6B, 0x2F, 0x48, 0xFC, 0x0E,
    0x04, 0xC1, 0x81, 0x43, 0x07, 0x70, 0x5B, 0x91, 0x02, 0x19, 0xA1, 0x0D, 0x5D, 0xC7, 0xBB, 0xFB,
    0xF8, 0xBE, 0xEF, 0xBD, 0x99, 0x9D, 0x75, 0x76, 0x13, 0xC7, 0x8D, 0xA1, 0xE3, 0x99, 0x37, 0xF3,
    0xD6, 0xF3, 0xFD, 0xBC, 0xEF, 0x7D, 0xEF, 0xFB, 0x7B, 0x03, 0xD0, 0x3B, 0xAC, 0x30, 0xD7, 0x01,
    0x5B, 0xF7, 0x1E, 0x84, 0xDD, 0x1D, 0x87, 0xD6, 0xF2, 0xBD, 0xF1, 0x15, 0x80, 0x11, 0xB0, 0xFE,
    0xB9, 0x4B, 0xE0, 0xC3, 0x8F, 0xE6, 0x7B, 0xC7, 0x16, 0xC0, 0xEA, 0x80, 0xF3, 0xC9, 0x5D, 0x02,
    0xAB, 0x68, 0x47, 0xCF, 0x0A, 0xA0, 0xD8, 0xDE, 0x0D, 0xE4, 0x94, 0xEC, 0xEB, 0xE9, 0x01, 0x17,
    0xC2, 0xDD, 0x91, 0x5D, 0x87, 0x03, 0x56, 0xAF, 0xB7, 0x09, 0x07, 0x48, 0x66, 0x9F, 0x95, 0x10,
    0xEC, 0x0A, 0x7A, 0x6E, 0xCC, 0x33, 0x4F, 0x65, 0xA4, 0x17, 0x1E, 0xC6, 0x9E, 0x7D, 0xF1, 0xBC,
    0x8C, 0x87, 0xBC, 0xFE, 0x50, 0xBE, 0xF3, 0xC9, 0x33, 0x19, 0xB0, 0x25, 0xE1, 0xD3, 0xF5, 0x23,
    0xD4, 0x8B, 0xED, 0xA1, 0xC0, 0x1F, 0xC9, 0x8F, 0xE8, 0x17, 0x2B, 0x63, 0x6E, 0x4A, 0x39, 0x80,
    0xDF, 0x44, 0x0C, 0x7C, 0x60, 0x38, 0xF0, 0x54, 0xBE, 0xB3, 0x11, 0x8E, 0xA7, 0xC0, 0xF7, 0x03,
    0x74, 0x43, 0x04, 0xB6, 0x82, 0xE3, 0xC3, 0x81, 0xBF, 0x9C, 0xEF, 0x4C, 0x00, 0x02, 0x5B, 0x32,
    0xEB, 0xE1, 0x20, 0x1C, 0x79, 0x1B, 0xE0, 0x1D, 0x87, 0x06, 0x4E, 0x87, 0x82, 0xC0, 0x53, 0x77,
    0x07, 0x8C, 0x87, 0xEC, 0x01, 0x2B, 0x79, 0xF8, 0xB6, 0xC0, 0xC7, 0xA0, 0xC1, 0x22, 0xDA, 0xC4,
    0x01, 0x8E, 0xBB, 0x34, 0xA7, 0xB2, 0x06, 0xE5, 0x98, 0x7A, 0x9E, 0xF3, 0x7B, 0x79, 0xD8, 0x92,
    0x09, 0xEA, 0xE8, 0xC0, 0xC3, 0x09, 0x2A, 0xCE, 0x76, 0x68, 0x03, 0x3C, 0xD0, 0x00, 0x5B, 0x32,
    0xF0, 0xDC, 0xF3, 0xEF, 0xC9, 0x87, 0x37, 0x70, 0xB8, 0xE3, 0x9E, 0x67, 0x33, 0xB0, 0x77, 0x7D,
    0x10, 0xE8, 0x44, 0xC1, 0x09, 0x8F, 0x8B, 0xC7, 0x25, 0x71, 0xEB, 0xB6, 0x20, 0x16, 0x04, 0x9C,
    0x38, 0xAF, 0x47, 0xE0, 0x6E, 0x5A, 0xD1, 0xB8, 0x2B, 0x6C, 0x79, 0xC4, 0x8A, 0x92, 0x19, 0x77,
    0x10, 0xF0, 0x89, 0x71, 0x27, 0x1C, 0x2B, 0x5B, 0x11, 0x4D, 0xA8, 0xDD, 0x86, 0x44, 0xB8, 0x8F,
    0x01, 0xAC, 0xB9, 0x41, 0x02, 0x4E, 0x1B, 0xE2, 0x71, 0xD7, 0xFB, 0x23, 0x03, 0x9F, 0x75, 0x06,
    0x29, 0xF8, 0xC2, 0xB8, 0x23, 0xC7, 0xFC, 0x30, 0x11, 0x5A, 0x2F, 0xD6, 0xC7, 0x9D, 0x53, 0x01,
    0x2C, 0x09, 0xB9, 0x0E, 0xF3, 0x01, 0x24, 0xE3, 0xAE, 0xAD, 0xA2, 0x69, 0x4B, 0xAE, 0x29, 0x5B,
    0x0E, 0x00, 0x4E, 0xA6, 0x9D, 0x68, 0xEC, 0xC7, 0x37, 0xBA, 0x8D, 0x6B, 0xAB, 0x17, 0x5A, 0xA8,
    0x25, 0x57, 0x9C, 0x27, 0x00, 0xCE, 0x5D, 0xB9, 0xD1, 0xBD, 0xD8, 0x44, 0x2D, 0xB9, 0x8C, 0xDC,
    0xDE, 0x6C, 0xBC, 0x2B, 0x5F, 0xFB, 0xD3, 0x3B, 0x37, 0x57, 0x6F, 0x3D, 0xBA, 0x8D, 0x8B, 0x37,
    0x2F, 0xAF, 0xD5, 0xAE, 0xDF, 0x50, 0xAA, 0x8B, 0xA3, 0xBD, 0xDE, 0x72, 0x9E, 0x04, 0xF0, 0x9B,
    0xFE, 0x9B, 0xDC, 0x6B, 0xA2, 0x04, 0x6A, 0xFF, 0x56, 0xF0, 0xDA, 0xEB, 0xAA, 0xA6, 0x6E, 0x3D,
    0xBE, 0xF7, 0x5E, 0xA7, 0x1C, 0x27, 0x85, 0xD4, 0x64, 0xA1, 0x25, 0xC0, 0xD1, 0x2F, 0x02, 0xFF,
    0xD0, 0x63, 0xD5, 0x96, 0xF7, 0x0F, 0x9D, 0xE8, 0xB5, 0x29, 0xA3, 0xE6, 0x1E, 0x8A, 0x05, 0x89,
    0x25, 0xFA, 0x67, 0x8F, 0xA6, 0x7C, 0x44, 0xF2, 0x12, 0x3B, 0x32, 0x14, 0xF8, 0xB5, 0x2D, 0xF8,
    0x9A, 0x04, 0x6B, 0x0B, 0xCE, 0xD1, 0xBC, 0xC7, 0xAE, 0xB1, 0x44, 0xE7, 0xB8, 0x21, 0x0C, 0xD6,
    0xD5, 0xCD, 0xA1, 0x84, 0x17, 0x00, 0x3E, 0xC6, 0x04, 0x9A, 0x6C, 0xB7, 0x94, 0x36, 0x1C, 0x76,
    0xB3, 0xF7, 0x4A, 0x34, 0x94, 0xF0, 0x99, 0xC5, 0xF4, 0x89, 0xA1, 0x1E, 0x78, 0x25, 0xDF, 0xD3,
    0xC7, 0x6D, 0x94, 0xFB, 0xE4, 0x1D, 0xD7, 0x4B, 0x32, 0xF4, 0x3F, 0xCF, 0x56, 0xFA, 0xBA, 0x79,
    0x76, 0xB3, 0x91, 0x0D, 0x83, 0x75, 0x36, 0x27, 0xFB, 0x57, 0xE5, 0x00, 0x5B, 0x79, 0x06, 0xF6,
    0xEB, 0x38, 0x90, 0x3D, 0x8D, 0x7A, 0xC1, 0x88, 0xB4, 0xEB, 0xF8, 0xF4, 0x2D, 0x9C, 0xE4, 0x90,
    0x9E, 0x82, 0x4F, 0xD3, 0x3F, 0x46, 0x42, 0xD4, 0x95, 0xD1, 0xD4, 0x3C, 0xCA, 0x5F, 0x69, 0xAE,
    0xE1, 0x8C, 0xFC, 0xB5, 0x88, 0xF9, 0x29, 0x92, 0xDF, 0x05, 0x5C, 0x07, 0xF5, 0x37, 0x82, 0x1A,
    0x3E, 0x95, 0xED, 0xF0, 0xF5, 0x37, 0x82, 0xC2, 0x7F, 0x7E, 0xF9, 0xF2, 0xD5, 0x97, 0xDF, 0x7E,
    0xE7, 0x5D, 0x80, 0x87, 0xAD, 0x57, 0xE1, 0xD5, 0xAF, 0x3C, 0xF4, 0x50, 0xBF, 0x88, 0xBE, 0x09,
    0x2B, 0xD9, 0x13, 0xC0, 0x97, 0x46, 0x68, 0xCE, 0xE9, 0xE9, 0x7E, 0xF2, 0xAD, 0xD6, 0x0B, 0x99,
    0xFB, 0x7D, 0x01, 0xD7, 0xFC, 0xA4, 0x79, 0x1A, 0x1B, 0x1D, 0x2D, 0xD3, 0xD3, 0xCF, 0xC1, 0x1B,
    0x1D, 0x7D, 0x2E, 0x3C, 0x4A, 0x4F, 0x76, 0x73, 0xF4, 0xDB, 0x72, 0xC5, 0x7D, 0xF7, 0x1B, 0xAB,
    0x17, 0xBA, 0x3F, 0xFA, 0x89, 0xAC, 0xC3, 0xCF, 0x60, 0xF5, 0x95, 0x91, 0xFA, 0x54, 0xB8, 0x60,
    0x34, 0xC5, 0x09, 0x66, 0x9F, 0xD1, 0x8B, 0xFB, 0x0A, 0x8C, 0x18, 0x95, 0xA8, 0xF7, 0xF4, 0x62,
    0xBA, 0xA7, 0x21, 0x66, 0x69, 0x78, 0xFC, 0xF6, 0xC7, 0xD9, 0x00, 0x2C, 0x10, 0x83, 0x8F, 0x92,
    0x23, 0x76, 0x96, 0x4A, 0x38, 0x85, 0x4E, 0x4D, 0x3D, 0xBF, 0x0E, 0x0E, 0x4F, 0xA6, 0xC3, 0xEF,
    0x8B, 0x53, 0x31, 0x4E, 0x8F, 0xFD, 0xD8, 0xE7, 0x1F, 0xFF, 0x11, 0xD8, 0x81, 0x7B, 0x75, 0x74,
    0xC5, 0x96, 0x67, 0x9D, 0xB1, 0xBA, 0xAD, 0xEA, 0x76, 0xA7, 0xEE, 0x90, 0x1F, 0x5F, 0x3C, 0x04,
    0x47, 0x61, 0xB1, 0xD8, 0x82, 0x09, 0x37, 0x53, 0x5E, 0x2B, 0x6E, 0x84, 0xB1, 0x69, 0xB1, 0xB7,
    0x56, 0xAB, 0xBF, 0x62, 0xDA, 0x9D, 0x47, 0xA3, 0xAB, 0x14, 0xDE, 0x66, 0x00, 0x7E, 0x1A, 0x94,
    0x7E, 0x10, 0x3C, 0xF2, 0x75, 0x70, 0xCF, 0x81, 0x67, 0x56, 0x50, 0x09, 0x2A, 0xD9, 0x5F, 0x19,
    0xC4, 0xA6, 0xAD, 0xE0, 0xE1, 0x5B, 0x90, 0xF7, 0x11, 0x19, 0x8C, 0xDE, 0xAA, 0xBB, 0xEB, 0x87,
    0x4E, 0xB8, 0x8B, 0x4E, 0x5C, 0x0B, 0x26, 0x00, 0xE7, 0xDE, 0x5B, 0x83, 0xF1, 0x13, 0xE0, 0x2D,
    0xE0, 0x02, 0x86, 0x5A, 0x80, 0x8E, 0x69, 0xF0, 0x51, 0x56, 0xA1, 0xAF, 0x64, 0x6E, 0x44, 0x86,
    0xDB, 0xF5, 0x72, 0x7C, 0x02, 0x55, 0xEA, 0x43, 0x2F, 0x3D, 0xF7, 0xD2, 0x57, 0xDB, 0x3E, 0x41,
    0x8F, 0xC2, 0x87, 0x5E, 0x82, 0xE7, 0x5E, 0x82, 0xAF, 0xB6, 0xC1, 0x9F, 0x18, 0xAA, 0x8E, 0x39,
    0x7C, 0xE5, 0xE0, 0x63, 0xF2, 0x51, 0xE9, 0x4B, 0x32, 0x5B, 0xC5, 0xB0, 0xF7, 0x3C, 0x90, 0xFD,
    0x2B, 0xE0, 0x75, 0x40, 0x04, 0x24, 0xA5, 0x12, 0xBE, 0x8E, 0xD3, 0xF2, 0x82, 0x74, 0x94, 0x9C,
    0xEF, 0x18, 0xE6, 0x0F, 0x05, 0xE0, 0x6F, 0x87, 0x13, 0xCF, 0xE6, 0x96, 0xF2, 0xDD, 0x9C, 0x3B,
    0xC1, 0xE3, 0x3B, 0x81, 0x34, 0xF9, 0x5C, 0x07, 0xB8, 0x04, 0xB0, 0x4C, 0x96, 0x1B, 0x04, 0xD9,
    0x84, 0x02, 0xF8, 0x68, 0x08, 0xD6, 0x60, 0x56, 0x6E, 0x04, 0x24, 0x04, 0x71, 0x87, 0x3F, 0x1C,
    0xAF, 0x0F, 0xB4, 0x50, 0x50, 0xE1, 0x66, 0x25, 0x6C, 0x04, 0x30, 0xA7, 0x6D, 0x04, 0x81, 0xDE,
    0xF6, 0x0C, 0xE8, 0x44, 0x7B, 0x8D, 0xCA, 0xEC, 0x4A, 0x70, 0xD0, 0x8E, 0x6A, 0x53, 0x3A, 0x07,
    0x0E, 0x0E, 0x87, 0x3D, 0x82, 0xF3, 0x0F, 0x52, 0xA3, 0x02, 0xFF, 0xE8, 0xB6, 0xA1, 0xD8, 0x80,
    0x8A, 0x08, 0x4E, 0xBA, 0xE1, 0x92, 0x13, 0x2E, 0x3B, 0x12, 0xA7, 0xA1, 0xA8, 0x42, 0xC2, 0x52,
    0xA4, 0x95, 0x33, 0xDF, 0x04, 0xEC, 0x7D, 0x91, 0x5F, 0x26, 0x14, 0x84, 0x83, 0x90, 0x10, 0x16,
    0xD6, 0xC6, 0x6C, 0x6A, 0xF0, 0xFF, 0x88, 0x8D, 0xD0, 0x11, 0x3E, 0xA8, 0xB8, 0x21, 0x20, 0x46,
    0x40, 0x94, 0xE0, 0xE3, 0x5C, 0x79, 0x34, 0x5F, 0xF8, 0x3B, 0xA1, 0x45, 0xBC, 0x84, 0x98, 0x30,
    0x33, 0xEA, 0x93, 0x39, 0x6D, 0xBE, 0xF5, 0xAF, 0x8A, 0x53, 0x5B, 0xEA, 0x13, 0x62, 0x03, 0x85,
    0x78, 0x72, 0xC8, 0xBB, 0xF4, 0xF6, 0x0C, 0x12, 0x11, 0x1D, 0xA7, 0x93, 0xC2, 0x2C, 0x20, 0x0C,
    0xE9, 0x37, 0xAB, 0x33, 0x1A, 0xE9, 0x42, 0xE0, 0xA0, 0x23, 0x6D, 0x3A, 0x81, 0xDD, 0x5D, 0xB3,
    0xFE, 0x85, 0x8B, 0xD3, 0x69, 0xA1, 0xEC, 0x2C, 0x6D, 0x13, 0x8A, 0xA4, 0x4A, 0x22, 0x42, 0x64,
    0x4E, 0x17, 0x1B, 0x98, 0x97, 0x15, 0x72, 0x67, 0xD8, 0xD8, 0xD4, 0xB8, 0xB2, 0x4C, 0x3A, 0x2A,
    0xDE, 0x7A, 0x1A, 0xA3, 0x72, 0xA5, 0x50, 0x23, 0x1E, 0xF9, 0x3B, 0x64, 0x98, 0xC9, 0xEC, 0xA4,
    0x8D, 0xF5, 0x2F, 0x7A, 0x6A, 0xD1, 0x53, 0xA6, 0xB6, 0x25, 0x92, 0x13, 0x62, 0xE9, 0x06, 0xD8,
    0x34, 0x3A, 0x84, 0x8F, 0x1A, 0x8B, 0xD1, 0x47, 0x88, 0xD9, 0x93, 0xE2, 0xAD, 0x0F, 0x2B, 0xB0,
    0x95, 0x42, 0xC0, 0xA9, 0x6B, 0x01, 0xC2, 0xFA, 0xC1, 0x02, 0x8E, 0x60, 0x26, 0xAA, 0x85, 0x44,
    0xC4, 0x0D, 0xBC, 0xD0, 0x91, 0x8E, 0xB4, 0x23, 0x0B, 0xFF, 0x1C, 0xD9, 0x08, 0x29, 0xF2, 0xC2,
    0x28, 0x5F, 0x48, 0x38, 0x0E, 0x74, 0x8A, 0x35, 0x28, 0x47, 0xA9, 0x81, 0x27, 0x73, 0x40, 0xA1,
    0x80, 0x13, 0x81, 0x97, 0x40, 0x43, 0xC5, 0x18, 0x22, 0x90, 0xC4, 0x2B, 0x7D, 0x47, 0xB5, 0x54,
    0xDA, 0x9D, 0x3C, 0x73, 0x87, 0x76, 0xBA, 0xCB, 0xEC, 0x01, 0x2B, 0xDC, 0x96, 0xB8, 0x9D, 0xCE,
    0xB5, 0x25, 0x1F, 0x05, 0x61, 0xB5, 0x45, 0x77, 0x75, 0x55, 0x25, 0x38, 0x26, 0x0A, 0x6A, 0x0A,
    0xAB, 0xA7, 0x77, 0x2E, 0x66, 0x9D, 0x5D, 0x39, 0xD1, 0xCE, 0xBC, 0xAB, 0x32, 0xE8, 0x3E, 0x62,
    0xEE, 0x18, 0x98, 0xD1, 0xDD, 0x42, 0xB5, 0x22, 0x2A, 0xF3, 0xA4, 0xB4, 0xDD, 0xD5, 0x8B, 0xEA,
    0x09, 0x15, 0x10, 0xA5, 0x4D, 0x0B, 0x15, 0xBF, 0xF0, 0xEA, 0xDC, 0x60, 0x7B, 0x63, 0x1B, 0x67,
    0xEB, 0xC9, 0xFE, 0xFE, 0x60, 0xE9, 0x02, 0x1C, 0x44, 0x2B, 0x7B, 0xF0, 0x76, 0x02, 0xD5, 0x9C,
    0xE3, 0x8F, 0xD8, 0xDA, 0x05, 0xF0, 0xBE, 0x07, 0xEE, 0xA7, 0x52, 0x62, 0xF8, 0x4B, 0x82, 0x52,
    0x00, 0xE7, 0x3A, 0x08, 0x2F, 0x98, 0x76, 0x64, 0xC5, 0x96, 0x15, 0x2B, 0xAA, 0xD8, 0xD1, 0x2C,
    0x6A, 0x93, 0x0A, 0x5C, 0xA4, 0x71, 0x3E, 0x00, 0xE7, 0x1D, 0x8C, 0x9E, 0xAE, 0xEE, 0x88, 0x47,
    0xC9, 0xD9, 0xD0, 0x55, 0x96, 0xA8, 0x13, 0x12, 0xC4, 0xD5, 0x08, 0x66, 0x90, 0x7A, 0xC5, 0x5C,
    0xFE, 0xD3, 0x11, 0x14, 0x51, 0x09, 0xED, 0x0D, 0xD2, 0x3D, 0xA5, 0x5F, 0xE4, 0xE3, 0x3E, 0xCE,
    0x55, 0x67, 0x96, 0xA9, 0x3D, 0x72, 0xEC, 0xDE, 0xCC, 0xD9, 0x7D, 0x26, 0x72, 0xD4, 0x58, 0x73,
    0x78, 0xFB, 0x8E, 0x7B, 0x35, 0x6B, 0x47, 0xE7, 0x7E, 0x96, 0x2C, 0xAE, 0xDC, 0x6E, 0x5E, 0x46,
    0x0E, 0x82, 0x98, 0x07, 0x6F, 0xAC, 0x3F, 0xDC, 0x62, 0x4B, 0x6C, 0x61, 0xA0, 0xDF, 0xC4, 0xE9,
    0x69, 0x76, 0x8B, 0xCD, 0x5C, 0x34, 0xA8, 0x75, 0x4C, 0x7B, 0xF0, 0xFD, 0x90, 0x50, 0x1A, 0x73,
    0x3A, 0x51, 0xFF, 0xFD, 0x7F, 0x2B, 0x39, 0x0B, 0x0D, 0xAD, 0x08, 0xEE, 0x2C, 0xBF, 0xCC, 0x23,
    0xEE, 0x5E, 0x90, 0x05, 0x24, 0xE0, 0xE3, 0x78, 0x67, 0x1B, 0x5B, 0x73, 0x60, 0x35, 0x9A, 0xC8,
    0x4F, 0x02, 0x45, 0xF4, 0x03, 0x1B, 0xDA, 0x3D, 0x88, 0x50, 0x5B, 0x78, 0x62, 0x75, 0x89, 0x02,
    0x02, 0x84, 0xE7, 0x0B, 0xD8, 0x27, 0x92, 0x53, 0x64, 0xF6, 0xC5, 0x56, 0xE1, 0x12, 0x1B, 0xB9,
    0xA9, 0x6E, 0x40, 0x38, 0x19, 0xA9, 0xC6, 0xCA, 0x68, 0x19, 0x2F, 0x14, 0xC9, 0x84, 0x6E, 0x08,
    0x42, 0x4D, 0x9E, 0x2D, 0x44, 0x53, 0x5D, 0xC4, 0x75, 0x10, 0x21, 0xF6, 0x5A, 0xB4, 0x04, 0x06,
    0xBF, 0x69, 0xC0, 0x90, 0x60, 0x1A, 0x4C, 0x84, 0xA9, 0xA4, 0xB6, 0x14, 0xF1, 0x93, 0xBF, 0x22,
    0xE7, 0x56, 0x78, 0x86, 0xAC, 0x72, 0x0D, 0xE7, 0xC6, 0xC7, 0xA5, 0xD3, 0x41, 0x82, 0x11, 0x28,
    0x14, 0x88, 0xAA, 0xE7, 0x6B, 0x38, 0xEC, 0xA7, 0xF9, 0xCE, 0x51, 0x17, 0x01, 0x1A, 0x48, 0x06,
    0x25, 0x58, 0xC4, 0x1D, 0x22, 0xF4, 0x55, 0x02, 0xC7, 0xE5, 0x89, 0xF0, 0xB5, 0x7C, 0x4A, 0xF8,
    0x51, 0xD0, 0x01, 0x1C, 0xCE, 0xFF, 0x5E, 0x44, 0x97, 0xBB, 0xF6, 0x45, 0x74, 0xFD, 0xCD, 0xBD,
    0x11, 0xDD, 0x1E, 0x44, 0x45, 0xB6, 0xD7, 0x25, 0x33, 0xD7, 0x33, 0x7D, 0xFB, 0x21, 0x2A, 0x6D,
    0xE3, 0x89, 0x10, 0xF4, 0x27, 0xFD, 0xFF, 0x33, 0x19, 0x92, 0x6B, 0x23, 0x83, 0x90, 0x2F, 0x1B,
    0xEC, 0x56, 0xAE, 0x3D, 0xE6, 0xED, 0x7E, 0x0F, 0xB1, 0x07, 0x81, 0x17, 0x58, 0x78, 0x9E, 0x76,
    0x57, 0x3A, 0x6E, 0xBD, 0xC4, 0x72, 0x5C, 0x9E, 0x84, 0x96, 0xAF, 0x92, 0x29, 0x15, 0x9A, 0xD7,
    0x58, 0xC8, 0x24, 0x6C, 0xB2, 0x98, 0x76, 0x6C, 0x72, 0xE1, 0x54, 0xC2, 0x67, 0x61, 0x12, 0x14,
    0x05, 0x77, 0xCD, 0x29, 0x75, 0x5E, 0x5B, 0xD9, 0xA3, 0x00, 0xC8, 0xC4, 0x42, 0x26, 0xDA, 0xDD,
    0x51, 0x3A, 0x6A, 0x90, 0x2E, 0xE6, 0x67, 0x65, 0x0F, 0xD4, 0x31, 0xE6, 0xA9, 0xF2, 0x82, 0x13,
    0x5C, 0xB3, 0x70, 0xF1, 0x0C, 0xA9, 0x15, 0x8C, 0x6A, 0x99, 0x02, 0x34, 0x8C, 0x8C, 0x6A, 0xBA,
    0x8E, 0x7B, 0xC0, 0xE8, 0xCF, 0x8C, 0x59, 0xE7, 0x9E, 0x51, 0x43, 0xCA, 0xD5, 0x5C, 0x8A, 0x55,
    0x6B, 0x9A, 0x81, 0xB3, 0x3A, 0xB0, 0x43, 0x40, 0x82, 0xD4, 0x25, 0x60, 0x3D, 0xCC, 0xC5, 0x5C,
    0x32, 0xBD, 0x7B, 0xBA, 0xA4, 0x6D, 0xC4, 0xEE, 0xCA, 0x8E, 0x6C, 0x7C, 0xAF, 0xBC, 0xF4, 0x6B,
    0x83, 0xB9, 0x0B, 0xC8, 0x55, 0x6E, 0x2A, 0xB0, 0xE4, 0x86, 0xFA, 0xCE, 0x9E, 0xAF, 0x04, 0xEB,
    0x8E, 0x2C, 0x51, 0x0A, 0xDC, 0x74, 0x28, 0xB8, 0x2D, 0x3E, 0xD6, 0x72, 0x43, 0xBC, 0x0B, 0x74,
    0x23, 0xC0, 0xF7, 0xCF, 0x74, 0xE8, 0x3E, 0x6D, 0x7C, 0x50, 0x95, 0xDD, 0x0F, 0xC0, 0x65, 0xC6,
    0xFC, 0xD6, 0x33, 0x5C, 0x0F, 0x41, 0xB5, 0xD6, 0xEA, 0xC4, 0xE1, 0xEF, 0xCE, 0xB8, 0x0A, 0x98,
    0x20, 0x53, 0xCC, 0x1E, 0x24, 0xA4, 0xB4, 0xC1, 0x10, 0xA7, 0x20, 0x9B, 0xA8, 0x63, 0x20, 0x65,
    0xC8, 0x37, 0x34, 0x1F, 0x9F, 0x69, 0x95, 0x65, 0xCA, 0x40, 0xC6, 0x41, 0xC6, 0x42, 0xC6, 0x43,
    0x8F, 0x89, 0x7E, 0x2E, 0xC8, 0x05, 0xD2, 0x2A, 0x60, 0x9D, 0xB1, 0x12, 0x2B, 0xF4, 0x20, 0xB1,
    0x23, 0x41, 0xA4, 0xB9, 0x29, 0xC2, 0xBA, 0x17, 0xF9, 0x90, 0x34, 0x90, 0x62, 0xDC, 0xAA, 0xFD,
    0x45, 0x85, 0x3B, 0x2A, 0x2E, 0x6B, 0x40, 0x30, 0x6B, 0xC0, 0x40, 0xC0, 0x50, 0x40, 0x60, 0x97,
    0x81, 0xE0, 0x3A, 0x40, 0x80, 0x6F, 0x36, 0x5B, 0xB5, 0xBF, 0xAA, 0x53, 0xF9, 0x92, 0x8F, 0x19,
    0xBC, 0x9D, 0x06, 0x84, 0xE6, 0x7E, 0xD0, 0x14, 0x7A, 0x8A, 0x55, 0xE3, 0x59, 0x0E, 0x7F, 0xC0,
    0xA6, 0x2D, 0x9D, 0xB4, 0x94, 0xF1, 0x8C, 0xF3, 0x8C, 0xF5, 0x8C, 0xF7, 0x01, 0xCC, 0x7F, 0xB0,
    0xA6, 0xFF, 0x80, 0xC9, 0xE1, 0x4C, 0x73, 0x86, 0xE8, 0xFF, 0x87, 0x86, 0xF3, 0xFD, 0xE8, 0x7D,
    0x2A, 0x87, 0xCE, 0xA8, 0x8A, 0xB9, 0x96, 0x91, 0x6B, 0xEC, 0x79, 0xF4, 0xF7, 0x46, 0x99, 0xD2,
    0xCC, 0xDA, 0x52, 0x7A, 0x32, 0xBC, 0xED, 0x36, 0x4B, 0xC3, 0x0F, 0xAA, 0x7C, 0x6F, 0xB1, 0xB5,
    0xA8, 0x3A, 0x31, 0x1C, 0xA1, 0xD2, 0x07, 0x1A, 0x59, 0x8A, 0x57, 0x8B, 0xD7, 0xC1, 0x6A, 0xB1,
    0x10, 0xAF, 0x29, 0x4A, 0x2A, 0xC5, 0xBC, 0xE2, 0x5C, 0x73, 0x1A, 0x4E, 0xDF, 0xED, 0x5A, 0x4E,
    0x33, 0xFB, 0x94, 0x01, 0xC3, 0x41, 0xC6, 0x42, 0xC6, 0x83, 0x66, 0x02, 0x52, 0x2E, 0xC0, 0xB0,
    0xD1, 0x06, 0xC3, 0x87, 0x6A, 0x1B, 0x46, 0x9E, 0x6C, 0xA7, 0x9C, 0xEC, 0x6D, 0x51, 0x83, 0xD7,
    0xE5, 0xDA, 0x0F, 0x4E, 0x49, 0xDD, 0x69, 0xBA, 0xD2, 0x8A, 0x04, 0x46, 0xB4, 0x8E, 0x9C, 0x05,
    0x6A, 0x2F, 0x91, 0x6C, 0xFF, 0x82, 0x71, 0x42, 0xA8, 0xD4, 0xCD, 0x0B, 0x0A, 0x5A, 0x65, 0xF4,
    0x0D, 0xF8, 0xFA, 0xE9, 0xA7, 0x6E, 0x45, 0xC1, 0x38, 0x34, 0x12, 0xD0, 0x58, 0x40, 0xA3, 0x01,
    0x8D, 0x07, 0x18, 0x91, 0x04, 0xC6, 0xA4, 0x42, 0x42, 0x75, 0xA3, 0x21, 0xFB, 0x70, 0xA5, 0x2B,
    0x63, 0x36, 0xDD, 0xB6, 0x1B, 0xB2, 0x26, 0xFE, 0xDF, 0xD3, 0x98, 0x55, 0x99, 0x67, 0xE1, 0x0E,
    0x9C, 0x7E, 0xD0, 0xE6, 0xDC, 0xCA, 0x97, 0x05, 0xE4, 0x60, 0x86, 0xDF, 0x8F, 0x46, 0x98, 0x52,
    0x83, 0xC9, 0xD1, 0x86, 0x51, 0xB8, 0x57, 0x4A, 0x73, 0x32, 0xCB, 0xE8, 0xEE, 0xD4, 0x60, 0xAE,
    0x58, 0x71, 0x51, 0x1E, 0x95, 0x32, 0x06, 0xA1, 0xD5, 0x0E, 0x46, 0x0B, 0x7E, 0x82, 0x41, 0x53,
    0x39, 0xC4, 0x66, 0x96, 0x82, 0x87, 0x65, 0x70, 0xE3, 0x5A, 0xF7, 0x82, 0x0A, 0x6B, 0x4A, 0x6D,
    0xE1, 0xA4, 0x3D, 0x95, 0x6D, 0x63, 0x54, 0xEE, 0xA2, 0xA5, 0x94, 0x94, 0xE9, 0x68, 0x42, 0x9A,
    0x92, 0x26, 0xA5, 0x69, 0x69, 0x62, 0x44, 0x2D, 0x01, 0x22, 0xA7, 0x12, 0xA2, 0x57, 0x4E, 0x34,
    0x41, 0xB1, 0xAB, 0xAB, 0x91, 0x88, 0x27, 0x54, 0x5B, 0xCC, 0x87, 0xB3, 0x54, 0xA8, 0x45, 0x4B,
    0x3F, 0xEE, 0xA1, 0xFD, 0x17, 0x30, 0xD2, 0x46, 0xB3, 0x17, 0x33, 0xFB, 0xA9, 0xDF, 0xDB, 0x7D,
    0xD3, 0x48, 0x80, 0xB0, 0x02, 0xA1, 0xE5, 0x02, 0x30, 0x95, 0x62, 0xC6, 0xA9, 0x98, 0x53, 0x02,
    0x42, 0xCD, 0x26, 0xB5, 0x85, 0xC8, 0xBD, 0x76, 0x6E, 0x8F, 0x27, 0x2F, 0xE2, 0x49, 0xE0, 0xE2,
    0x16, 0x36, 0xC7, 0xF7, 0x49, 0xF6, 0x14, 0xB7, 0x57, 0x28, 0xE6, 0xC5, 0xE7, 0x95, 0xFD, 0x95,
    0xFD, 0x24, 0x5E, 0x55, 0xBC, 0x8E, 0xDF, 0x1B, 0xD9, 0x4F, 0x02, 0xE3, 0x63, 0x84, 0xF7, 0x40,
    0xF6, 0xA7, 0x29, 0x84, 0xC5, 0x58, 0xF8, 0x9A, 0xB6, 0x40, 0x15, 0x73, 0xCD, 0xC2, 0x04, 0x14,
    0x5F, 0x68, 0x82, 0x87, 0x2B, 0x12, 0xF3, 0x1D, 0x0E, 0x75, 0x8B, 0x81, 0xB6, 0x10, 0xCB, 0xC3,
    0x52, 0x3A, 0x36, 0x19, 0x85, 0x35, 0xB4, 0x16, 0x09, 0x4C, 0xDD, 0x0C, 0xB8, 0xB0, 0x8A, 0x0C,
    0xB9, 0xC4, 0x0F, 0x9A, 0x47, 0x81, 0x98, 0x3D, 0x4C, 0xCC, 0xAC, 0x1B, 0x28, 0x52, 0xCA, 0x76,
    0x30, 0x17, 0xB2, 0xB7, 0x55, 0xD3, 0x93, 0xF3, 0xCD, 0xF2, 0x80, 0x74, 0xF1, 0x92, 0x0E, 0xA9,
    0xC1, 0xFF, 0xC3, 0x33, 0x91, 0xA7, 0x54, 0x04, 0x17, 0x37, 0x09, 0x06, 0x33, 0x3C, 0xE4, 0x46,
    0x04, 0xA6, 0xA6, 0x4E, 0xE9, 0x4B, 0xFC, 0x51, 0x50, 0xDD, 0x86, 0xDA, 0x54, 0x7F, 0x4F, 0xCD,
    0x24, 0x25, 0x88, 0x1E, 0xD2, 0x9D, 0x41, 0xAC, 0x45, 0xBC, 0x84, 0x5C, 0x02, 0x3B, 0x41, 0xBA,
    0x98, 0xB8, 0x51, 0xF2, 0xD6, 0xD8, 0x56, 0x49, 0x37, 0x98, 0x4F, 0xD2, 0xEF, 0x03, 0x98, 0x78,
    0xBE, 0xEA, 0xB3, 0x9F, 0x72, 0x19, 0x31, 0x89, 0x53, 0x7E, 0x6B, 0x7C, 0x3F, 0x64, 0x75, 0x1F,
    0xDB, 0xF2, 0xAC, 0x6C, 0xB4, 0x1B, 0xD1, 0x1D, 0x34, 0xD1, 0xD3, 0x78, 0xBF, 0xD7, 0xB9, 0x2B,
    0x71, 0x66, 0x8E, 0x4A, 0x64, 0x95, 0x9A, 0xFE, 0x63, 0x84, 0xE3, 0x50, 0x9F, 0xDF, 0xEE, 0x72,
    0x05, 0x3E, 0x59, 0xE6, 0x2D, 0x71, 0xF2, 0xAD, 0xB6, 0x2C, 0x71, 0x31, 0x9F, 0x5A, 0x4B, 0x51,
    0xF9, 0x1D, 0x6A, 0x1D, 0xBD, 0xFC, 0x39, 0x6B, 0x5F, 0xA6, 0xC2, 0xDE, 0x85, 0x26, 0x15, 0xD5,
    0x70, 0x98, 0x85, 0xD5, 0x1F, 0x3E, 0xD5, 0xBF, 0x19, 0xDB, 0xBC, 0xC3, 0xCE, 0xAE, 0xD9, 0xE5,
    0x72, 0xBA, 0x26, 0xA6, 0xBF, 0x1E, 0xB2, 0x30, 0xCB, 0xE8, 0x20, 0xE8, 0x5E, 0xC5, 0xC0, 0x93,
    0x27, 0xDB, 0x8A, 0x4D, 0x9F, 0xE3, 0x60, 0xF4, 0xA3, 0x92, 0xAB, 0x06, 0x1E, 0x29, 0x05, 0x95,
    0x16, 0x95, 0x2E, 0xEC, 0xA9, 0x97, 0xA9, 0x3C, 0x60, 0xCA, 0x8B, 0x47, 0xD9, 0x73, 0x66, 0x89,
    0xE7, 0xFD, 0x38, 0x80, 0xC0, 0x79, 0x57, 0x7A, 0x8F, 0xC7, 0x02, 0x12, 0x3A, 0x83, 0xC4, 0xA3,
    0x9A, 0x64, 0x42, 0xE1, 0xED, 0x94, 0x6C, 0x28, 0x50, 0x9B, 0x59, 0x14, 0x40, 0x2A, 0x74, 0x3C,
    0xC7, 0x28, 0x69, 0x25, 0xE2, 0x76, 0xB6, 0x63, 0xF0, 0x5E, 0xC7, 0x65, 0x1D, 0xAC, 0x03, 0xC5,
    0xA6, 0x22, 0x68, 0x82, 0xFB, 0x46, 0x42, 0x85, 0x0E, 0x5A, 0xCC, 0x91, 0x7A, 0x3B, 0xFD, 0xA8,
    0xC8, 0x7A, 0x9C, 0xC6, 0xF5, 0x67, 0x54, 0x2C, 0xFB, 0xC5, 0xFE, 0xDD, 0x6A, 0x2E, 0x6F, 0xD2,
    0x4E, 0x93, 0x43, 0x36, 0xCD, 0x3D, 0x1F, 0xD3, 0xDC, 0x24, 0x63, 0xD4, 0xCC, 0x20, 0xC2, 0xB5,
    0x2A, 0x0E, 0x2B, 0xA9, 0x20, 0xCA, 0x84, 0x86, 0x9A, 0xF0, 0x96, 0x47, 0x95, 0x12, 0xFB, 0x72,
    0x80, 0xDE, 0x59, 0x6C, 0x7D, 0xAE, 0x4B, 0x21, 0x00, 0x4A, 0xF6, 0x81, 0x57, 0x19, 0xDF, 0xF3,
    0x84, 0xDE, 0xFE, 0x1B, 0x7F, 0x11, 0xF0, 0xFB, 0x70, 0xF0, 0xE6, 0x35, 0x6F, 0x6C, 0x31, 0x3D,
    0x4D, 0x90, 0x88, 0x01, 0x93, 0x84, 0x19, 0x1E, 0x04, 0x11, 0xA5, 0x62, 0x8D, 0xCD, 0x2D, 0x55,
    0x0F, 0x98, 0x2E, 0xC9, 0x01, 0x7D, 0x3E, 0x53, 0x06, 0xB1, 0xF5, 0x74, 0x17, 0x0C, 0x6D, 0x98,
    0x22, 0x15, 0xB5, 0x3F, 0x01, 0xEE, 0x6F, 0x43, 0xFB, 0xC5, 0xBB, 0x97, 0xF1, 0xF9, 0x00, 0x6C,
    0xAA, 0xE1, 0xE7, 0x19, 0xBE, 0x6B, 0x19, 0xA7, 0x4A, 0x7D, 0x4B, 0x1B, 0x08, 0x8E, 0x55, 0xD8,
    0xB4, 0x07, 0xB4, 0x91, 0x76, 0x84, 0xD3, 0x44, 0xC1, 0xAD, 0x23, 0x3D, 0x5C, 0xD3, 0xBA, 0xF5,
    0x03, 0x6A, 0x4F, 0xE0, 0xE2, 0xAB, 0xF0, 0xAE, 0x76, 0x85, 0x21, 0x48, 0xB5, 0xCA, 0xA4, 0x58,
    0x17, 0x3A, 0x34, 0x5C, 0x8A, 0xEF, 0x0A, 0xAB, 0x4F, 0xF5, 0xA5, 0x9D, 0x83, 0x6E, 0x4C, 0xD5,
    0x90, 0x35, 0x74, 0x0D, 0x61, 0x43, 0x99, 0x89, 0x42, 0x25, 0xBD, 0x11, 0x71, 0xD0, 0xD4, 0x41,
    0x93, 0xE7, 0x9B, 0xD0, 0xBA, 0x5D, 0x8E, 0x99, 0x83, 0xAE, 0xD2, 0x2C, 0xD4, 0x7A, 0x3C, 0x4C,
    0xD0, 0x1E, 0x49, 0x39, 0xB6, 0xBA, 0x20, 0x62, 0xB2, 0x67, 0x15, 0xB6, 0x6A, 0x5E, 0xC4, 0xF5,
    0x8E, 0x65, 0x36, 0x33, 0x82, 0xCB, 0x2A, 0xB8, 0x8A, 0xBC, 0x90, 0x64, 0xDE, 0xCA, 0x56, 0x1B,
    0x42, 0x12, 0x66, 0x1B, 0x27, 0x92, 0xBE, 0x4C, 0xF0, 0x33, 0x4B, 0xCA, 0x74, 0xB9, 0x60, 0x08,
    0xED, 0xF4, 0x87, 0xB4, 0xD8, 0x88, 0x2F, 0x7A, 0x2D, 0x94, 0x7D, 0x2D, 0x46, 0x9B, 0x97, 0xF4,
    0xB6, 0xE7, 0x6E, 0xB9, 0x66, 0xCC, 0x35, 0x3D, 0xEC, 0x2A, 0xE9, 0x7D, 0x81, 0xF4, 0x22, 0xB3,
    0x42, 0x66, 0x66, 0x19, 0x59, 0x6E, 0x62, 0x80, 0x1B, 0xE3, 0x50, 0x43, 0x78, 0x64, 0x33, 0xC5,
    0x3F, 0xBC, 0x99, 0xC9, 0xBE, 0x4B, 0x18, 0xDA, 0x14, 0xE9, 0x4D, 0xC1, 0x41, 0x36, 0xA7, 0xCA,
    0x64, 0xB7, 0x8A, 0x57, 0x2A, 0xFA, 0x83, 0x00, 0xFE, 0x16, 0x00, 0xE3, 0x73, 0x8E, 0xAA, 0x1D,
    0xA2, 0xCA, 0x64, 0xA9, 0xF6, 0xEF, 0xF6, 0xFE, 0xA4, 0xD3, 0xF7, 0xE7, 0x4A, 0x15, 0x74, 0x78,
    0x87, 0x80, 0x8B, 0x56, 0xF9, 0x53, 0xF2, 0x16, 0xF2, 0xAD, 0x67, 0x44, 0x41, 0x09, 0xA2, 0xEF,
    0x94, 0x43, 0x5D, 0xE5, 0xB6, 0xD0, 0xEA, 0xBF, 0x8D, 0xEB, 0xE2, 0xD2, 0x21, 0xCD, 0xC5, 0xE9,
    0x65, 0x34, 0xE5, 0xE5, 0x6B, 0xAD, 0x2A, 0xBB, 0x90, 0xEC, 0xAC, 0xA4, 0x27, 0xE7, 0xFF, 0x66,
    0x3F, 0x0D, 0xA7, 0x01, 0xA7, 0xA2, 0x86, 0xCE, 0x6E, 0x6B, 0x19, 0xE7, 0xBB, 0x8A, 0x01, 0xF4,
    0x34, 0xF8, 0xB8, 0xD4, 0x2A, 0x2D, 0x11, 0x5E, 0xAA, 0x5D, 0x6C, 0xAF, 0x8B, 0x4E, 0x7B, 0x1D,
    0xE6, 0x32, 0x47, 0xB4, 0x64, 0x9C, 0x5E, 0xEA, 0x30, 0x4B, 0x46, 0x36, 0x8C, 0x4E, 0x44, 0x84,
    0xAA, 0x79, 0xD9, 0x8A, 0x4B, 0x8E, 0x9C, 0x76, 0xC3, 0xF1, 0xE2, 0x66, 0xA9, 0xAB, 0xDA, 0xCD,
    0x72, 0xF6, 0x01, 0x90, 0x88, 0x98, 0x1A, 0x34, 0x97, 0x71, 0xF9, 0x56, 0x39, 0x11, 0xF7, 0x22,
    0x11, 0x14, 0x9B, 0x42, 0x76, 0x6A, 0x8D, 0x4E, 0xB3, 0xD8, 0xDE, 0x00, 0x6B, 0x0E, 0xB2, 0x62,
    0x6D, 0x7F, 0x5A, 0xF0, 0xA0, 0xF1, 0x84, 0x6C, 0xB8, 0xCD, 0xC4, 0x17, 0x69, 0x22, 0xCC, 0x45,
    0xFD, 0x2A, 0x4E, 0x42, 0x9B, 0xE6, 0x80, 0x27, 0x9E, 0xBE, 0x46, 0xE2, 0x44, 0x83, 0xD3, 0x8C,
    0xC1, 0x49, 0x46, 0x2F, 0x00, 0x2D, 0x69, 0xD9, 0x10, 0xD6, 0x20, 0x9D, 0x5F, 0x71, 0xA5, 0x62,
    0x7E, 0x2B, 0xE9, 0xCC, 0x09, 0x71, 0x37, 0x69, 0x7E, 0xA5, 0xCE, 0x96, 0x46, 0x50, 0xA9, 0xD3,
    0x02, 0xD2, 0xE0, 0x7D, 0x1E, 0x3B, 0xA0, 0x99, 0xEC, 0x2B, 0x1C, 0x0F, 0xDB, 0xC6, 0xDC, 0xCD,
    0x5E, 0xE5, 0x9E, 0xF7, 0x24, 0x4D, 0x05, 0xF7, 0x0A, 0xF9, 0x5D, 0xD4, 0xAF, 0xEB, 0x68, 0x0D,
    0x4E, 0xA1, 0xBA, 0xE2, 0xC2, 0x15, 0xF6, 0x9B, 0x81, 0x38, 0xF5, 0x73, 0xE9, 0xBE, 0xF9, 0x0D,
    0xE9, 0x28, 0xE4, 0x1B, 0x47, 0xD7, 0x7D, 0x52, 0xF5, 0x22, 0x17, 0x2A, 0x79, 0x36, 0x68, 0x37,
    0x0A, 0x35, 0x3B, 0x42, 0xDB, 0x29, 0x31, 0x5C, 0x08, 0xD0, 0x9E, 0x22, 0x3D, 0xF1, 0x05, 0xB6,
    0xA1, 0xB1, 0xFA, 0x8E, 0x8A, 0x45, 0x70, 0x1C, 0xCD, 0xC3, 0x11, 0x7C, 0xA7, 0x84, 0xF6, 0xA0,
    0xAD, 0xA7, 0xBA, 0x10, 0xDC, 0xFD, 0xA7, 0x0E, 0x7B, 0xFD, 0x94, 0x01, 0x34, 0x39, 0xA6, 0x6B,
    0x77, 0xD7, 0x74, 0xFC, 0xA6, 0x6D, 0xE9, 0xFB, 0xF8, 0xBA, 0x60, 0x6F, 0x9F, 0x0E, 0xEC, 0x1F,
    0x2F, 0x26, 0xCA, 0xA2, 0x25, 0x27, 0xE6, 0xD3, 0xA7, 0x3D, 0x33, 0x99, 0x1E, 0x07, 0x8F, 0xA5,
    0x3B, 0xA4, 0xF7, 0x1D, 0x33, 0x11, 0x16, 0x6D, 0x1C, 0x2E, 0x99, 0x6F, 0x11, 0x96, 0xCA, 0x89,
    0xCF, 0x2A, 0x3C, 0xF9, 0x60, 0xF5, 0xF2, 0xE4, 0x83, 0xB7, 0xDF, 0xED, 0x3D, 0x34, 0x49, 0x25,
    0xCB, 0x83, 0x93, 0xF0, 0x00, 0x09, 0x60, 0xDB, 0xAA, 0x4F, 0x9C, 0xA5, 0xA2, 0x26, 0xBE, 0x18,
    0x40, 0x82, 0x7E, 0x3B, 0x41, 0x1D, 0x4F, 0xC0, 0x7F, 0x0C, 0xDD, 0xF2, 0xEF, 0x70, 0x2D, 0x6C,
    0xD3, 0xC6, 0x8B, 0xD4, 0xFE, 0xA2, 0x88, 0xEF, 0x55, 0x11, 0x4D, 0xEB, 0x24, 0xA6, 0x7A, 0x18,
    0x8D, 0x86, 0xCB, 0x38, 0xEB, 0x98, 0x07, 0xAA, 0xE8, 0x10, 0xB1, 0xEB, 0x6F, 0x3F, 0x1F, 0xC1,
    0xC4, 0xB3, 0x56, 0x9C, 0xD6, 0x49, 0xA9, 0x91, 0xB4, 0x9A, 0x12, 0x4A, 0xF7, 0xDA, 0xD4, 0xF8,
    0xC0, 0x9B, 0x54, 0x09, 0x89, 0x93, 0x34, 0x9E, 0x62, 0x6C, 0x98, 0xA5, 0xA6, 0x48, 0x0D, 0xFB,
    0x1B, 0x41, 0xCD, 0xB9, 0x16, 0x8A, 0xA2, 0x55, 0x43, 0x53, 0x51, 0x2F, 0x26, 0x3D, 0x65, 0xC7,
    0x61, 0x9E, 0x00, 0x7D, 0x4D, 0xC7, 0x23, 0x81, 0x5F, 0x77, 0xC3, 0x09, 0x9C, 0x0F, 0x8B, 0xBC,
    0x2C, 0xAE, 0x6F, 0x37, 0x41, 0x4D, 0xEC, 0xA0, 0x56, 0x96, 0x9F, 0xA0, 0x65, 0x84, 0x5C, 0x29,
    0x93, 0x05, 0xD4, 0x10, 0xF2, 0x3D, 0x5C, 0xD5, 0x71, 0x8C, 0x7C, 0x27, 0x70, 0xCE, 0x22, 0x43,
    0x1D, 0xD1, 0xF7, 0x94, 0x1C, 0x30, 0xFB, 0x59, 0xDC, 0xCA, 0xCD, 0x2C, 0x7D, 0xCD, 0x59, 0x0B,
    0xA6, 0xC9, 0x8B, 0xA6, 0x3E, 0x66, 0x94, 0x9A, 0x32, 0x7F, 0x4A, 0x85, 0xA6, 0x91, 0x76, 0xBE,
    0xF0, 0x77, 0xFA, 0x3C, 0x06, 0x66, 0x39, 0xF4, 0xF8, 0x02, 0x99, 0xB2, 0xEB, 0x66, 0x23, 0x1A,
    0xF4, 0x87, 0xC1, 0xF4, 0xE4, 0x62, 0x98, 0x5B, 0x56, 0x2F, 0x2A, 0x28, 0x6F, 0x59, 0x2A, 0x9D,
    0xD1, 0x2F, 0xEA, 0xCD, 0x9E, 0x09, 0xA8, 0x5C, 0x82, 0x4A, 0x0D, 0x17, 0x53, 0xB4, 0x64, 0x37,
    0x97, 0xE0, 0x5C, 0x93, 0x46, 0x8F, 0x7E, 0xD9, 0xC5, 0xD5, 0x7F, 0x16, 0x66, 0xC7, 0xAD, 0x96,
    0x70, 0xE3, 0xA2, 0x50, 0x1D, 0xC1, 0x71, 0x98, 0x45, 0x5F, 0x7E, 0x51, 0x56, 0x8D, 0xE7, 0xF4,
    0x0A, 0xF8, 0x75, 0x1D, 0x53, 0x2F, 0x1A, 0xEB, 0xAF, 0xAF, 0x47, 0xF1, 0xBA, 0x8C, 0x9E, 0xC0,
    0xC7, 0x4B, 0xA0, 0xE6, 0xB2, 0xE2, 0x52, 0xCD, 0xAC, 0x8A, 0x1A, 0x24, 0x2E, 0xEB, 0x25, 0x6C,
    0xE3, 0xE5, 0xD0, 0x52, 0xDE, 0x80, 0x46, 0xB7, 0xD8, 0x6E, 0x6C, 0xBA, 0xED, 0x34, 0x6A, 0x40,
    0x85, 0xE1, 0xFC, 0x88, 0x2E, 0xFB, 0x9F, 0xFC, 0x89, 0xB1, 0xF9, 0x50, 0x67, 0x6F, 0x5C, 0xDF,
    0x3B, 0xEE, 0xFE, 0x0B, 0x45, 0x8D, 0xC1, 0x0D, 0x80, 0x30, 0x0C, 0x03, 0x23, 0xF2, 0xE4, 0x91,
    0x01, 0xD8, 0x85, 0xC2, 0x64, 0x88, 0xC9, 0x28, 0x1B, 0x74, 0x04, 0x46, 0xE8, 0x07, 0x09, 0xA1,
    0x8A, 0x23, 0x11, 0x0F, 0x22, 0xC7, 0x0F, 0x5B, 0xB6, 0x45, 0x54, 0xE2, 0x2C, 0x07, 0xA7, 0x1A,
    0x4C, 0x73, 0x52, 0x08, 0x79, 0xEA, 0xDD, 0x18, 0xA5, 0x73, 0x83, 0x61, 0x6E, 0x21, 0xEF, 0x88,
    0xC1, 0x4A, 0x4E, 0x3C, 0x4A, 0xDD, 0xB8, 0x8C, 0x2B, 0x51, 0x1D, 0xC6, 0xB1, 0x91, 0x95, 0x33,
    0xC2, 0x10, 0x45, 0xE9, 0xC4, 0xB3, 0x56, 0x16, 0xEF, 0xD1, 0xB2, 0x44, 0xFF, 0xDD, 0xFE, 0xAD,
    0x6F, 0xB7, 0xF3, 0x7F, 0x01, 0x63, 0x60, 0x00, 0x83, 0x0A, 0x06, 0x06, 0x11, 0xA6, 0x0B, 0x40,
    0x22, 0xEC, 0x00, 0xA3, 0x83, 0x8D, 0xC2, 0x45, 0xAF, 0x86, 0x7D, 0x26, 0xDB, 0xE6, 0x1E, 0x58,
    0xFE, 0xFF, 0xFF, 0xFF, 0x06, 0x06, 0x28, 0x60, 0x82, 0xB3, 0x98, 0x0F, 0x30, 0x30, 0x70, 0xB9,
    0x06, 0x30, 0x71, 0x24, 0x1C, 0x5B, 0xC0, 0x2C, 0xD3, 0x70, 0x60, 0x02, 0xF3, 0xF2, 0x7F, 0xFB,
    0x1C, 0x38, 0x40, 0x52, 0x0A, 0x20, 0x02, 0xC8, 0x62, 0x63, 0x6A, 0x60, 0xE6, 0x08, 0x10, 0x9F,
    0x3B, 0x41, 0x23, 0xD0, 0x01, 0x00,
};

static const EpdGlyph arabic_12_regularGlyphs[] = {
    { 29, 7, 457, 0, 4, 51, 0 }, // U+0600
    { 38, 7, 602, 0, 0, 67, 51 }, // U+0601
    { 28, 7, 433, 0, 4, 49, 118 }, // U+0602
    { 33, 6, 523, 0, 3, 50, 167 }, // U+0603
    { 51, 15, 815, 0, 10, 192, 217 }, // U+0604
    { 30, 6, 490, 0, 19, 45, 409 }, // U+0605
    { 16, 18, 249, 0, 18, 72, 454 }, // U+0606
    { 16, 18, 249, 0, 18, 72, 526 }, // U+0607
    { 28, 18, 444, 0, 11, 126, 598 }, // U+0608
    { 15, 19, 260, 1, 18, 72, 724 }, // U+0609
    { 19, 19, 333, 1, 18, 91, 796 }, // U+060A
    { 11, 24, 179, 0, 18, 66, 887 }, // U+060B
    { 4, 7, 131, 2, 6, 7, 953 }, // U+060C
    { 8, 9, 146, 0, 4, 18, 960 }, // U+060D
    { 23, 10, 362, 0, 9, 58, 978 }, // U+060E
    { 17, 23, 208, -1, 13, 98, 1036 }, // U+060F
    { 8, 7, 0, 0, 21, 14, 1134 }, // U+0610
    { 8, 7, 0, 0, 21, 14, 1148 }, // U+0611
    { 8, 6, 0, 0, 21, 12, 1162 }, // U+0612
    { 11, 8, 0, 0, 22, 22, 1174 }, // U+0613
    { 11, 4, 0, 0, 19, 11, 1196 }, // U+0614
    { 8, 8, 0, 0, 34, 16, 1207 }, // U+0615
    { 10, 10, 0, 0, 36, 25, 1223 }, // U+0616
    { 5, 9, 0, 0, 35, 12, 1248 }, // U+0617
    { 4, 4, 0, 1, 18, 4, 1260 }, // U+0618
    { 5, 7, 0, 0, 21, 9, 1264 }, // U+0619
    { 4, 4, 0, 1, -1, 4, 1273 }, // U+061A
    { 5, 14, 138, 1, 13, 18, 1277 }, // U+061B
    { 0, 0, 240, 0, 0, 0, 1295 }, // U+061C
    { 11, 19, 242, 2, 18, 53, 1295 }, // U+061D
    { 7, 6, 116, 0, 6, 11, 1348 }, // U+061E
    { 11, 20, 174, 0, 19, 55, 1359 }, // U+061F
    { 19, 22, 304, 0, 11, 105, 1414 }, // U+0620
    { 10, 11, 164, 0, 9, 28, 1519 }, // U+0621
    { 9, 21, 94, -2, 21, 48, 1547 }, // U+0622
    { 6, 24, 94, 0, 24, 36, 1595 }, // U+0623
    { 9, 22, 179, 1, 16, 50, 1631 }, // U+0624
    { 6, 26, 95, 1, 18, 39, 1681 }, // U+0625
    { 19, 18, 304, 0, 12, 86, 1720 }, // U+0626
    { 4, 18, 95, 1, 18, 18, 1806 }, // U+0627
    { 24, 17, 397, 0, 11, 102, 1824 }, // U+0628
    { 10, 17, 162, 0, 17, 43, 1926 }, // U+0629
    { 24, 14, 397, 0, 13, 84, 1969 }, // U+062A
    { 24, 17, 397, 0, 16, 102, 2053 }, // U+062B
    { 15, 21, 256, 0, 11, 79, 2155 }, // U+062C
    { 15, 21, 256, 0, 11, 79, 2234 }, // U+062D
    { 15, 26, 256, 0, 16, 98, 2313 }, // U+062E
    { 11, 13, 191, 0, 12, 36, 2411 }, // U+062F
    { 11, 18, 191, 0, 17, 50, 2447 }, // U+0630
    { 9, 15, 147, -1, 9, 34, 2497 }, // U+0631
    { 9, 20, 147, -1, 14, 45, 2531 }, // U+0632
    { 29, 17, 484, 0, 11, 124, 2576 }, // U+0633
    { 29, 23, 484, 0, 17, 167, 2700 }, // U+0634
    { 32, 16, 522, 0, 10, 128, 2867 }, // U+0635
    { 32, 21, 522, 0, 15, 168, 2995 }, // U+0636
    { 19, 19, 315, 0, 18, 91, 3163 }, // U+0637
    { 19, 19, 315, 0, 18, 91, 3254 }, // U+0638
    { 15, 23, 203, 0, 13, 87, 3345 }, // U+0639
    { 15, 28, 203, 0, 18, 105, 3432 }, // U+063A
    { 23, 22, 351, 0, 21, 127, 3537 }, // U+063B
    { 23, 27, 351, 0, 18, 156, 3664 }, // U+063C
    { 19, 18, 304, 0, 12, 86, 3820 }, // U+063D
    { 19, 17, 304, 0, 11, 81, 3906 }, // U+063E
    { 19, 18, 304, 0, 12, 86, 3987 }, // U+063F
    { 8, 3, 108, 0, 2, 6, 4073 }, // U+0640
    { 24, 19, 393, 0, 18, 114, 4079 }, // U+0641
    { 19, 21, 310, 0, 16, 100, 4193 }, // U+0642
    { 21, 19, 353, 0, 18, 100, 4293 }, // U+0643
    { 16, 24, 278, 0, 18, 96, 4393 }, // U+0644
    { 12, 20, 194, 0, 10, 60, 4489 }, // U+0645
    { 16, 19, 274, 0, 13, 76, 4549 }, // U+0646
    { 16, 14, 269, 0, 13, 56, 4625 }, // U+0647
    { 9, 15, 179, 1, 9, 34, 4681 }, // U+0648
    { 19, 17, 304, 0, 11, 81, 4715 }, // U+0649
    { 19, 22, 304, 0, 11, 105, 4796 }, // U+064A
    { 6, 7, 0, 1, 22, 11, 4901 }, // U+064B
    { 8, 7, 0, 0, 21, 14, 4912 }, // U+064C
    { 6, 7, 0, 1, 0, 11, 4926 }, // U+064D
    { 6, 4, 0, 1, 19, 6, 4937 }, // U+064E
    { 7, 7, 0, 0, 21, 13, 4943 }, // U+064F
    { 6, 4, 0, 1, 0, 6, 4956 }, // U+0650
    { 8, 6, 0, 0, 20, 12, 4962 }, // U+0651
    { 6, 6, 0, 0, 21, 9, 4974 }, // U+0652
    { 9, 3, 0, 0, 18, 7, 4983 }, // U+0653
    { 6, 7, 0, 0, 21, 11, 4990 }, // U+0654
    { 6, 7, 0, 0, -1, 11, 5001 }, // U+0655
    { 2, 5, 0, 1, -1, 3, 5012 }, // U+0656
    { 8, 7, 0, 0, 21, 14, 5015 }, // U+0657
    { 6, 5, 0, 0, 19, 8, 5029 }, // U+0658
    { 7, 3, 0, 0, 18, 6, 5037 }, // U+0659
    { 6, 6, 0, 0, 20, 9, 5043 }, // U+065A
    { 6, 6, 0, 0, 19, 9, 5052 }, // U+065B
    { 4, 4, 0, 0, -2, 4, 5061 }, // U+065C
    { 7, 7, 0, 1, 21, 13, 5065 }, // U+065D
    { 6, 7, 0, 1, 21, 11, 5078 }, // U+065E
    { 8, 7, 0, 0, -1, 14, 5089 }, // U+065F
    { 5, 5, 118, 1, 10, 7, 5103 }, // U+0660
    { 5, 19, 112, 1, 18, 24, 5110 }, // U+0661
    { 11, 19, 195, 1, 18, 53, 5134 }, // U+0662
    { 13, 19, 233, 1, 18, 62, 5187 }, // U+0663
    { 11, 19, 191, 1, 18, 53, 5249 }, // U+0664
    { 11, 14, 213, 1, 13, 39, 5302 }, // U+0665
    { 12, 19, 202, 0, 18, 57, 5341 }, // U+0666
    { 14, 19, 231, 0, 18, 67, 5398 }, // U+0667
    { 14, 18, 230, 0, 17, 63, 5465 }, // U+0668
    { 11, 18, 196, 0, 17, 50, 5528 }, // U+0669
    { 10, 19, 189, 1, 18, 48, 5578 }, // U+066A
    { 6, 9, 98, 0, 5, 14, 5626 }, // U+066B
    { 7, 9, 98, 0, 17, 16, 5640 }, // U+066C
    { 13, 13, 199, 0, 12, 43, 5656 }, // U+066D
    { 24, 12, 397, 0, 11, 72, 5699 }, // U+066E
    { 19, 16, 310, 0, 11, 76, 5771 }, // U+066F
    { 2, 5, 0, 1, 20, 3, 5847 }, // U+0670
    { 8, 23, 94, -1, 23, 46, 5850 }, // U+0671
    { 9, 24, 94, -1, 24, 54, 5896 }, // U+0672
    { 9, 26, 95, -2, 18, 59, 5950 }, // U+0673
    { 10, 11, 164, 0, 13, 28, 6009 }, // U+0674
    { 15, 18, 260, 1, 18, 68, 6037 }, // U+0675
    { 20, 19, 343, 1, 13, 95, 6105 }, // U+0676
    { 20, 23, 343, 1, 17, 115, 6200 }, // U+0677
    { 29, 19, 468, 0, 13, 138, 6315 }, // U+0678
    { 24, 19, 397, 0, 18, 114, 6453 }, // U+0679
    { 24, 17, 397, 0, 16, 102, 6567 }, // U+067A
    { 24, 20, 397, 0, 11, 120, 6669 }, // U+067B
    { 24, 18, 397, 0, 13, 108, 6789 }, // U+067C
    { 24, 17, 397, 0, 16, 102, 6897 }, // U+067D
    { 24, 20, 397, 0, 11, 120, 6999 }, // U+067E
    { 24, 17, 397, 0, 16, 102, 7119 }, // U+067F
    { 24, 20, 397, 0, 11, 120, 7221 }, // U+0680
    { 15, 28, 256, 0, 18, 105, 7341 }, // U+0681
    { 15, 29, 256, 0, 19, 109, 7446 }, // U+0682
    { 16, 21, 264, 0, 11, 84, 7555 }, // U+0683
    { 15, 21, 256, 0, 11, 79, 7639 }, // U+0684
    { 15, 29, 256, 0, 19, 109, 7718 }, // U+0685
    { 16, 21, 264, 0, 11, 84, 7827 }, // U+0686
    { 16, 21, 264, 0, 11, 84, 7911 }, // U+0687
    { 11, 23, 191, 0, 22, 64, 7995 }, // U+0688
    { 11, 16, 191, 0, 12, 44, 8059 }, // U+0689
    { 11, 17, 191, 0, 12, 47, 8103 }, // U+068A
    { 11, 27, 191, 0, 22, 75, 8150 }, // U+068B
    { 11, 18, 191, 0, 17, 50, 8225 }, // U+068C
    { 11, 17, 191, 0, 12, 47, 8275 }, // U+068D
    { 11, 21, 191, 0, 20, 58, 8322 }, // U+068E
    { 11, 21, 191, 0, 20, 58, 8380 }, // U+068F
    { 11, 21, 191, 0, 20, 58, 8438 }, // U+0690
    { 10, 25, 147, -1, 19, 63, 8496 }, // U+0691
    { 9, 24, 147, -1, 18, 54, 8559 }, // U+0692
    { 10, 15, 147, -1, 9, 38, 8613 }, // U+0693
    { 9, 19, 147, -1, 9, 43, 8651 }, // U+0694
    { 9, 20, 147, -1, 9, 45, 8694 }, // U+0695
    { 9, 19, 147, -1, 9, 43, 8739 }, // U+0696
    { 9, 20, 147, -1, 14, 45, 8782 }, // U+0697
    { 9, 23, 147, -1, 17, 52, 8827 }, // U+0698
    { 9, 23, 147, -1, 17, 52, 8879 }, // U+0699
    { 29, 20, 484, 0, 14, 145, 8931 }, // U+069A
    { 29, 19, 484, 0, 11, 138, 9076 }, // U+069B
    { 29, 25, 484, 0, 17, 182, 9214 }, // U+069C
    { 32, 16, 522, 0, 10, 128, 9396 }, // U+069D
    { 32, 24, 522, 0, 18, 192, 9524 }, // U+069E
    { 19, 19, 315, 0, 18, 91, 9716 }, // U+069F
    { 15, 31, 203, 0, 21, 117, 9807 }, // U+06A0
    { 24, 14, 393, 0, 13, 84, 9924 }, // U+06A1
    { 24, 19, 393, 0, 13, 114, 10008 }, // U+06A2
    { 24, 24, 393, 0, 18, 144, 10122 }, // U+06A3
    { 24, 22, 393, 0, 21, 132, 10266 }, // U+06A4
    { 24, 22, 393, 0, 13, 132, 10398 }, // U+06A5
    { 24, 22, 393, 0, 21, 132, 10530 }, // U+06A6
    { 19, 21, 310, 0, 16, 100, 10662 }, // U+06A7
    { 19, 24, 310, 0, 19, 114, 10762 }, // U+06A8
    { 23, 19, 351, 0, 18, 110, 10876 }, // U+06A9
    { 24, 16, 407, 1, 15, 96, 10986 }, // U+06AA
    { 23, 19, 351, 0, 18, 110, 11082 }, // U+06AB
    { 21, 20, 353, 0, 19, 105, 11192 }, // U+06AC
    { 21, 23, 353, 0, 22, 121, 11297 }, // U+06AD
    { 21, 27, 353, 0, 18, 142, 11418 }, // U+06AE
    { 23, 22, 351, 0, 21, 127, 11560 }, // U+06AF
    { 23, 22, 351, 0, 21, 127, 11687 }, // U+06B0
    { 23, 25, 351, 0, 24, 144, 11814 }, // U+06B1
    { 23, 27, 351, 0, 21, 156, 11958 }, // U+06B2
    { 23, 30, 351, 0, 21, 173, 12114 }, // U+06B3
    { 23, 25, 351, 0, 24, 144, 12287 }, // U+06B4
    { 17, 33, 278, 0, 27, 141, 12431 }, // U+06B5
    { 16, 29, 278, 0, 23, 116, 12572 }, // U+06B6
    { 17, 32, 278, 0, 26, 136, 12688 }, // U+06B7
    { 16, 32, 278, 0, 18, 128, 12824 }, // U+06B8
    { 16, 24, 274, 0, 13, 96, 12952 }, // U+06B9
    { 16, 14, 274, 0, 8, 56, 13048 }, // U+06BA
    { 16, 24, 274, 0, 18, 96, 13104 }, // U+06BB
    { 16, 23, 274, 0, 13, 92, 13200 }, // U+06BC
    { 16, 22, 274, 0, 16, 88, 13292 }, // U+06BD
    { 16, 14, 269, 0, 13, 56, 13380 }, // U+06BE
    { 16, 26, 264, 0, 16, 104, 13436 }, // U+06BF
    { 10, 19, 162, 0, 19, 48, 13540 }, // U+06C0
    { 10, 12, 162, 0, 12, 30, 13588 }, // U+06C1
    { 10, 19, 162, 0, 19, 48, 13618 }, // U+06C2
    { 10, 17, 162, 0, 17, 43, 13666 }, // U+06C3
    { 9, 15, 179, 1, 9, 34, 13709 }, // U+06C4
    { 9, 15, 179, 1, 9, 34, 13743 }, // U+06C5
    { 9, 24, 179, 1, 18, 54, 13777 }, // U+06C6
    { 9, 23, 179, 1, 17, 52, 13831 }, // U+06C7
    { 9, 23, 179, 1, 17, 52, 13883 }, // U+06C8
    { 9, 23, 179, 1, 17, 52, 13935 }, // U+06C9
    { 9, 20, 179, 1, 14, 45, 13987 }, // U+06CA
    { 9, 23, 179, 1, 17, 52, 14032 }, // U+06CB
    { 19, 17, 304, 0, 11, 81, 14084 }, // U+06CC
    { 22, 17, 304, -3, 11, 94, 14165 }, // U+06CD
    { 19, 19, 304, 0, 13, 91, 14259 }, // U+06CE
    { 9, 20, 179, 1, 14, 45, 14350 }, // U+06CF
    { 19, 25, 304, 0, 11, 119, 14395 }, // U+06D0
    { 19, 25, 304, 0, 11, 119, 14514 }, // U+06D1
    { 23, 13, 377, 0, 12, 75, 14633 }, // U+06D2
    { 23, 19, 377, 0, 18, 110, 14708 }, // U+06D3
    { 6, 2, 120, 1, 2, 3, 14818 }, // U+06D4
    { 10, 12, 162, 0, 12, 30, 14821 }, // U+06D5
    { 11, 8, 0, 0, 34, 22, 14851 }, // U+06D6
    { 8, 9, 0, 0, 35, 18, 14873 }, // U+06D7
    { 7, 6, 0, 1, 32, 11, 14891 }, // U+06D8
    { 5, 7, 0, 0, 33, 9, 14902 }, // U+06D9
    { 7, 9, 0, 0, 35, 16, 14911 }, // U+06DA
    { 6, 6, 0, 0, 32, 9, 14927 }, // U+06DB
    { 11, 7, 0, 0, 33, 20, 14936 }, // U+06DC
    { 30, 31, 548, 2, 22, 233, 14956 }, // U+06DD
    { 25, 24, 400, 0, 19, 150, 15189 }, // U+06DE
    { 6, 5, 0, 0, 20, 8, 15339 }, // U+06DF
    { 6, 7, 0, 0, 21, 11, 15347 }, // U+06E0
    { 6, 6, 0, 1, 21, 9, 15358 }, // U+06E1
    { 5, 7, 0, 0, 19, 9, 15367 }, // U+06E2
    { 11, 7, 0, 0, -1, 20, 15376 }, // U+06E3
    { 9, 3, 0, 0, 18, 7, 15396 }, // U+06E4
    { 5, 7, 72, 0, 6, 9, 15403 }, // U+06E5
    { 9, 6, 140, 0, 5, 14, 15412 }, // U+06E6
    { 9, 6, 0, 0, 20, 14, 15426 }, // U+06E7
    { 7, 8, 0, 0, 34, 14, 15440 }, // U+06E8
    { 14, 18, 243, 1, 18, 63, 15454 }, // U+06E9
    { 7, 7, 0, 0, -1, 13, 15517 }, // U+06EA
    { 7, 7, 0, 0, 21, 13, 15530 }, // U+06EB
    { 4, 4, 0, 0, 19, 4, 15543 }, // U+06EC
    { 5, 7, 0, 0, -2, 9, 15547 }, // U+06ED
    { 11, 21, 191, 0, 20, 58, 15556 }, // U+06EE
    { 9, 23, 147, -1, 17, 52, 15614 }, // U+06EF
    { 5, 5, 118, 1, 10, 7, 15666 }, // U+06F0
    { 5, 19, 112, 1, 18, 24, 15673 }, // U+06F1
    { 11, 19, 195, 1, 18, 53, 15697 }, // U+06F2
    { 13, 19, 233, 1, 18, 62, 15750 }, // U+06F3
    { 11, 17, 197, 1, 17, 47, 15812 }, // U+06F4
    { 11, 17, 218, 1, 17, 47, 15859 }, // U+06F5
    { 10, 18, 170, 0, 17, 45, 15906 }, // U+06F6
    { 14, 19, 229, 0, 18, 67, 15951 }, // U+06F7
    { 14, 18, 230, 0, 17, 63, 16018 }, // U+06F8
    { 11, 18, 196, 0, 17, 50, 16081 }, // U+06F9
    { 29, 23, 484, 0, 17, 167, 16131 }, // U+06FA
    { 32, 21, 522, 0, 15, 168, 16298 }, // U+06FB
    { 15, 28, 203, 0, 18, 105, 16466 }, // U+06FC
    { 10, 16, 164, 0, 9, 40, 16571 }, // U+06FD
    { 12, 20, 194, 0, 10, 60, 16611 }, // U+06FE
    { 16, 21, 269, 0, 20, 84, 16671 }, // U+06FF
    { 24, 17, 397, 0, 11, 102, 16755 }, // U+0750
    { 24, 22, 397, 0, 16, 132, 16857 }, // U+0751
    { 24, 20, 397, 0, 11, 120, 16989 }, // U+0752
    { 24, 22, 397, 0, 13, 132, 17109 }, // U+0753
    { 24, 19, 397, 0, 13, 114, 17241 }, // U+0754
    { 24, 19, 397, 0, 11, 114, 17355 }, // U+0755
    { 24, 18, 397, 0, 17, 108, 17469 }, // U+0756
    { 15, 26, 256, 0, 16, 98, 17577 }, // U+0757
    { 16, 21, 264, 0, 11, 84, 17675 }, // U+0758
    { 11, 30, 191, 0, 22, 83, 17759 }, // U+0759
    { 11, 19, 191, 0, 12, 53, 17842 }, // U+075A
    { 11, 15, 147, -1, 9, 42, 17895 }, // U+075B
    { 29, 23, 484, 0, 17, 167, 17937 }, // U+075C
    { 15, 28, 203, 0, 18, 105, 18104 }, // U+075D
    { 15, 31, 203, 0, 21, 117, 18209 }, // U+075E
    { 15, 31, 203, 0, 21, 117, 18326 }, // U+075F
    { 24, 19, 393, 0, 13, 114, 18443 }, // U+0760
    { 24, 22, 393, 0, 13, 132, 18557 }, // U+0761
    { 23, 22, 351, 0, 21, 127, 18689 }, // U+0762
    { 23, 23, 351, 0, 22, 133, 18816 }, // U+0763
    { 23, 27, 351, 0, 18, 156, 18949 }, // U+0764
    { 12, 25, 194, 0, 15, 75, 19105 }, // U+0765
    { 12, 20, 194, 0, 10, 60, 19180 }, // U+0766
    { 16, 24, 274, 0, 13, 96, 19240 }, // U+0767
    { 16, 25, 274, 0, 19, 100, 19336 }, // U+0768
    { 16, 25, 274, 0, 19, 100, 19436 }, // U+0769
    { 18, 24, 278, 0, 18, 108, 19536 }, // U+076A
    { 9, 23, 147, -1, 17, 52, 19644 }, // U+076B
    { 9, 23, 147, -1, 17, 52, 19696 }, // U+076C
    { 29, 23, 484, 0, 17, 167, 19748 }, // U+076D
    { 16, 21, 264, 0, 11, 84, 19915 }, // U+076E
    { 16, 21, 264, 0, 11, 84, 19999 }, // U+076F
    { 29, 23, 484, 0, 17, 167, 20083 }, // U+0770
    { 9, 24, 147, -1, 18, 54, 20250 }, // U+0771
    { 15, 31, 256, 0, 21, 117, 20304 }, // U+0772
    { 7, 23, 126, 0, 23, 41, 20421 }, // U+0773
    { 7, 24, 126, 0, 24, 42, 20462 }, // U+0774
    { 19, 18, 304, 0, 12, 86, 20504 }, // U+0775
    { 19, 19, 304, 0, 13, 91, 20590 }, // U+0776
    { 19, 24, 304, 0, 11, 114, 20681 }, // U+0777
    { 9, 21, 179, 1, 15, 48, 20795 }, // U+0778
    { 9, 22, 179, 1, 16, 50, 20843 }, // U+0779
    { 23, 17, 377, 0, 16, 98, 20893 }, // U+077A
    { 23, 18, 377, 0, 17, 104, 20991 }, // U+077B
    { 16, 21, 264, 0, 11, 84, 21095 }, // U+077C
    { 29, 23, 484, 0, 17, 167, 21179 }, // U+077D
    { 29, 23, 484, 0, 17, 167, 21346 }, // U+077E
    { 21, 20, 353, 0, 19, 105, 21513 }, // U+077F
    { 7, 21, 95, -1, 21, 37, 21618 }, // U+0870
    { 7, 20, 95, 1, 20, 35, 21655 }, // U+0871
    { 7, 18, 95, 1, 18, 32, 21690 }, // U+0872
    { 7, 18, 95, -2, 18, 32, 21722 }, // U+0873
    { 7, 20, 95, 0, 18, 35, 21754 }, // U+0874
    { 7, 19, 95, 1, 18, 34, 21789 }, // U+0875
    { 4, 21, 95, 1, 21, 21, 21823 }, // U+0876
    { 6, 18, 95, 1, 18, 27, 21844 }, // U+0877
    { 6, 18, 95, -1, 18, 27, 21871 }, // U+0878
    { 4, 21, 95, 1, 18, 21, 21898 }, // U+0879
    { 4, 23, 95, 1, 23, 23, 21919 }, // U+087A
    { 7, 23, 95, 1, 23, 41, 21942 }, // U+087B
    { 7, 23, 95, 1, 23, 41, 21983 }, // U+087C
    { 7, 24, 95, 1, 23, 42, 22024 }, // U+087D
    { 10, 20, 95, -2, 20, 50, 22066 }, // U+087E
    { 10, 18, 95, -2, 18, 45, 22116 }, // U+087F
    { 10, 19, 95, -2, 18, 48, 22161 }, // U+0880
    { 7, 18, 95, 1, 18, 32, 22209 }, // U+0881
    { 7, 18, 95, -2, 18, 32, 22241 }, // U+0882
    { 11, 10, 148, 0, 8, 28, 22273 }, // U+0883
    { 11, 12, 148, 0, 7, 33, 22301 }, // U+0884
    { 8, 7, 108, 0, 2, 14, 22334 }, // U+0885
    { 7, 11, 120, -1, 6, 20, 22348 }, // U+0886
    { 4, 4, 73, 0, 3, 4, 22368 }, // U+0887
    { 4, 4, 73, 0, 7, 4, 22372 }, // U+0888
    { 16, 22, 274, 0, 16, 88, 22376 }, // U+0889
    { 15, 21, 256, 0, 11, 79, 22464 }, // U+088A
    { 19, 23, 315, 0, 18, 110, 22543 }, // U+088B
    { 19, 26, 315, 0, 18, 124, 22653 }, // U+088C
    { 23, 27, 351, 0, 18, 156, 22777 }, // U+088D
    { 8, 9, 114, 1, 5, 18, 22933 }, // U+088E
    { 43, 10, 660, -1, 29, 108, 22951 }, // U+0890
    { 43, 10, 660, -1, 29, 108, 23059 }, // U+0891
    { 18, 10, 0, 0, 36, 45, 23167 }, // U+0898
    { 22, 11, 0, 0, -1, 61, 23212 }, // U+0899
    { 17, 8, 0, 0, -1, 34, 23273 }, // U+089A
    { 26, 10, 0, 0, -1, 65, 23307 }, // U+089B
    { 8, 5, 0, 0, 18, 10, 23372 }, // U+089C
    { 9, 5, 0, 0, 20, 12, 23382 }, // U+089D
    { 10, 4, 0, -1, 19, 10, 23394 }, // U+089E
    { 10, 4, 0, -1, 19, 10, 23404 }, // U+089F
    { 24, 19, 397, 0, 11, 114, 23414 }, // U+08A0
    { 24, 22, 397, 0, 16, 132, 23528 }, // U+08A1
    { 15, 26, 256, 0, 16, 98, 23660 }, // U+08A2
    { 19, 19, 315, 0, 18, 91, 23758 }, // U+08A3
    { 24, 27, 393, 0, 21, 162, 23849 }, // U+08A4
    { 19, 26, 310, 0, 16, 124, 24011 }, // U+08A5
    { 18, 24, 278, 0, 18, 108, 24135 }, // U+08A6
    { 12, 28, 194, 0, 18, 84, 24243 }, // U+08A7
    { 19, 23, 304, 0, 12, 110, 24327 }, // U+08A8
    { 19, 22, 304, 0, 11, 105, 24437 }, // U+08A9
    { 13, 15, 196, 0, 9, 49, 24542 }, // U+08AA
    { 9, 15, 179, 1, 9, 34, 24591 }, // U+08AB
    { 14, 16, 221, 0, 11, 56, 24625 }, // U+08AC
    { 4, 8, 95, 1, 2, 8, 24681 }, // U+08AD
    { 11, 20, 191, 0, 12, 55, 24689 }, // U+08AE
    { 32, 18, 522, 0, 10, 144, 24744 }, // U+08AF
    { 24, 19, 351, 0, 18, 114, 24888 }, // U+08B0
    { 13, 16, 189, 1, 9, 52, 25002 }, // U+08B1
    { 9, 25, 147, -1, 19, 57, 25054 }, // U+08B2
    { 15, 23, 203, 0, 13, 87, 25111 }, // U+08B3
    { 21, 23, 353, 0, 18, 121, 25198 }, // U+08B4
    { 19, 21, 310, 0, 11, 100, 25319 }, // U+08B5
    { 24, 21, 397, 0, 15, 126, 25419 }, // U+08B6
    { 24, 24, 397, 0, 15, 144, 25545 }, // U+08B7
    { 24, 15, 397, 0, 14, 90, 25689 }, // U+08B8
    { 9, 25, 147, -1, 19, 57, 25779 }, // U+08B9
    { 19, 25, 304, 0, 14, 119, 25836 }, // U+08BA
    { 24, 14, 393, 0, 13, 84, 25955 }, // U+08BB
    { 19, 16, 310, 0, 11, 76, 26039 }, // U+08BC
    { 16, 14, 274, 0, 8, 56, 26115 }, // U+08BD
    { 24, 26, 397, 0, 17, 156, 26171 }, // U+08BE
    { 24, 23, 397, 0, 22, 138, 26327 }, // U+08BF
    { 24, 24, 397, 0, 23, 144, 26465 }, // U+08C0
    { 16, 30, 264, 0, 20, 120, 26609 }, // U+08C1
    { 23, 26, 351, 0, 25, 150, 26729 }, // U+08C2
    { 15, 31, 203, 0, 21, 117, 26879 }, // U+08C3
    { 19, 24, 310, 0, 19, 114, 26996 }, // U+08C4
    { 15, 29, 256, 0, 19, 109, 27110 }, // U+08C5
    { 16, 21, 264, 0, 11, 84, 27219 }, // U+08C6
    { 18, 34, 278, 0, 28, 153, 27303 }, // U+08C7
    { 23, 25, 351, 0, 24, 144, 27456 }, // U+08C8
    { 9, 8, 138, 0, 7, 18, 27600 }, // U+08C9
    { 8, 8, 0, 0, 22, 16, 27618 }, // U+08CA
    { 9, 7, 0, 0, 20, 16, 27634 }, // U+08CB
    { 10, 7, 0, 0, 34, 18, 27650 }, // U+08CC
    { 8, 8, 0, 0, 21, 16, 27668 }, // U+08CD
    { 6, 6, 0, 0, 19, 9, 27684 }, // U+08CE
    { 6, 6, 0, 0, -1, 9, 27693 }, // U+08CF
    { 5, 6, 0, 1, -1, 8, 27702 }, // U+08D0
    { 6, 6, 0, 0, -1, 9, 27710 }, // U+08D1
    { 6, 6, 0, 0, -1, 9, 27719 }, // U+08D2
    { 5, 7, 0, 0, -2, 9, 27728 }, // U+08D3
    { 15, 9, 0, 0, 35, 34, 27737 }, // U+08D4
    { 12, 7, 0, 0, 33, 21, 27771 }, // U+08D5
    { 6, 8, 0, 0, 34, 12, 27792 }, // U+08D6
    { 7, 8, 0, 0, 34, 14, 27804 }, // U+08D7
    { 7, 11, 0, 0, 25, 20, 27818 }, // U+08D8
    { 7, 11, 0, 0, -1, 20, 27838 }, // U+08D9
    { 17, 8, 0, 0, 34, 34, 27858 }, // U+08DA
    { 22, 8, 0, 0, 34, 44, 27892 }, // U+08DB
    { 24, 7, 0, 0, 33, 42, 27936 }, // U+08DC
    { 17, 8, 0, 0, 34, 34, 27978 }, // U+08DD
    { 13, 8, 0, 0, 34, 26, 28012 }, // U+08DE
    { 16, 10, 0, 0, 36, 40, 28038 }, // U+08DF
    { 10, 5, 0, 0, 21, 13, 28078 }, // U+08E0
    { 11, 4, 0, 0, 20, 11, 28091 }, // U+08E1
    { 12, 17, 229, 1, 28, 51, 28102 }, // U+08E2
    { 8, 7, 0, 0, -1, 14, 28153 }, // U+08E3
    { 8, 7, 0, 0, 19, 14, 28167 }, // U+08E4
    { 7, 7, 0, 1, 21, 13, 28181 }, // U+08E5
    { 8, 7, 0, 0, -1, 14, 28194 }, // U+08E6
    { 9, 10, 0, 0, 22, 23, 28208 }, // U+08E7
    { 8, 12, 0, 0, 26, 24, 28231 }, // U+08E8
    { 9, 9, 0, 0, -1, 21, 28255 }, // U+08E9
    { 3, 3, 0, 0, 20, 3, 28276 }, // U+08EA
    { 6, 3, 0, 0, 20, 5, 28279 }, // U+08EB
    { 7, 5, 0, 0, 21, 9, 28284 }, // U+08EC
    { 3, 3, 0, 0, -2, 3, 28293 }, // U+08ED
    { 5, 3, 0, 0, -2, 4, 28296 }, // U+08EE
    { 7, 5, 0, 0, -2, 9, 28300 }, // U+08EF
    { 9, 7, 0, 1, 22, 16, 28309 }, // U+08F0
    { 13, 7, 0, 0, 21, 23, 28325 }, // U+08F1
    { 9, 7, 0, 1, 0, 16, 28348 }, // U+08F2
    { 5, 7, 0, 0, 21, 9, 28364 }, // U+08F3
    { 6, 6, 0, 0, 21, 9, 28373 }, // U+08F4
    { 6, 6, 0, 1, 21, 9, 28382 }, // U+08F5
    { 6, 8, 0, 1, 0, 12, 28391 }, // U+08F6
    { 6, 7, 0, 0, 20, 11, 28403 }, // U+08F7
    { 6, 7, 0, 0, 20, 11, 28414 }, // U+08F8
    { 6, 7, 0, 0, 0, 11, 28425 }, // U+08F9
    { 6, 7, 0, 0, 0, 11, 28436 }, // U+08FA
    { 11, 7, 0, 0, 20, 20, 28447 }, // U+08FB
    { 13, 7, 0, 0, 20, 23, 28467 }, // U+08FC
    { 8, 7, 0, 0, 20, 14, 28490 }, // U+08FD
    { 9, 7, 0, 0, 21, 16, 28504 }, // U+08FE
    { 4, 7, 0, 1, 21, 7, 28520 }, // U+08FF
    { 8, 23, 94, -1, 23, 46, 28527 }, // U+FB50
    { 11, 26, 116, -2, 25, 72, 28573 }, // U+FB51
    { 24, 20, 397, 0, 11, 120, 28645 }, // U+FB52
    { 29, 18, 437, 0, 9, 131, 28765 }, // U+FB53
    { 6, 19, 108, 0, 11, 29, 28896 }, // U+FB54
    { 10, 16, 137, 0, 8, 40, 28925 }, // U+FB55
    { 24, 20, 397, 0, 11, 120, 28965 }, // U+FB56
    { 29, 18, 437, 0, 9, 131, 29085 }, // U+FB57
    { 7, 19, 120, -1, 11, 34, 29216 }, // U+FB58
    { 11, 16, 149, 0, 8, 44, 29250 }, // U+FB59
    { 24, 20, 397, 0, 11, 120, 29294 }, // U+FB5A
    { 29, 18, 437, 0, 9, 131, 29414 }, // U+FB5B
    { 7, 19, 120, -1, 11, 34, 29545 }, // U+FB5C
    { 11, 16, 149, 0, 8, 44, 29579 }, // U+FB5D
    { 24, 17, 397, 0, 16, 102, 29623 }, // U+FB5E
    { 29, 17, 437, 0, 16, 124, 29725 }, // U+FB5F
    { 6, 20, 120, 0, 19, 30, 29849 }, // U+FB60
    { 11, 17, 149, 0, 16, 47, 29879 }, // U+FB61
    { 24, 17, 397, 0, 16, 102, 29926 }, // U+FB62
    { 29, 17, 437, 0, 16, 124, 30028 }, // U+FB63
    { 7, 20, 120, 0, 19, 35, 30152 }, // U+FB64
    { 11, 17, 149, 0, 16, 47, 30187 }, // U+FB65
    { 24, 19, 397, 0, 18, 114, 30234 }, // U+FB66
    { 29, 19, 437, 0, 18, 138, 0 }, // U+FB67
    { 7, 21, 108, 0, 20, 37, 138 }, // U+FB68
    { 11, 18, 149, 0, 17, 50, 175 }, // U+FB69
    { 24, 22, 393, 0, 21, 132, 225 }, // U+FB6A
    { 29, 20, 439, 0, 19, 145, 357 }, // U+FB6B
    { 11, 22, 179, 0, 21, 61, 502 }, // U+FB6C
    { 14, 20, 198, 0, 19, 70, 563 }, // U+FB6D
    { 24, 22, 393, 0, 21, 132, 633 }, // U+FB6E
    { 29, 20, 439, 0, 19, 145, 765 }, // U+FB6F
    { 11, 22, 179, 0, 21, 61, 910 }, // U+FB70
    { 14, 20, 198, 0, 19, 70, 971 }, // U+FB71
    { 15, 21, 256, 0, 11, 79, 1041 }, // U+FB72
    { 18, 21, 260, 0, 11, 95, 1120 }, // U+FB73
    { 14, 17, 236, 0, 9, 60, 1215 }, // U+FB74
    { 18, 17, 255, 0, 9, 77, 1275 }, // U+FB75
    { 16, 21, 264, 0, 11, 84, 1352 }, // U+FB76
    { 20, 21, 288, 0, 11, 105, 1436 }, // U+FB77
    { 14, 14, 236, 0, 9, 49, 1541 }, // U+FB78
    { 18, 14, 255, 0, 9, 63, 1590 }, // U+FB79
    { 16, 21, 264, 0, 11, 84, 1653 }, // U+FB7A
    { 20, 21, 288, 0, 11, 105, 1737 }, // U+FB7B
    { 14, 17, 236, 0, 9, 60, 1842 }, // U+FB7C
    { 18, 17, 255, 0, 9, 77, 1902 }, // U+FB7D
    { 16, 21, 264, 0, 11, 84, 1979 }, // U+FB7E
    { 20, 21, 288, 0, 11, 105, 2063 }, // U+FB7F
    { 14, 17, 236, 0, 9, 60, 2168 }, // U+FB80
    { 18, 17, 255, 0, 9, 77, 2228 }, // U+FB81
    { 11, 17, 191, 0, 12, 47, 2305 }, // U+FB82
    { 15, 17, 213, 0, 12, 64, 2352 }, // U+FB83
    { 11, 18, 191, 0, 17, 50, 2416 }, // U+FB84
    { 15, 18, 213, 0, 17, 68, 2466 }, // U+FB85
    { 11, 21, 191, 0, 20, 58, 2534 }, // U+FB86
    { 15, 21, 213, 0, 20, 79, 2592 }, // U+FB87
    { 11, 23, 191, 0, 22, 64, 2671 }, // U+FB88
    { 15, 23, 213, 0, 22, 87, 2735 }, // U+FB89
    { 9, 23, 147, -1, 17, 52, 2822 }, // U+FB8A
    { 13, 23, 158, -1, 17, 75, 2874 }, // U+FB8B
    { 10, 25, 147, -1, 19, 63, 2949 }, // U+FB8C
    { 13, 25, 158, -1, 19, 82, 3012 }, // U+FB8D
    { 23, 19, 351, 0, 18, 110, 3094 }, // U+FB8E
    { 26, 19, 390, 0, 18, 124, 3204 }, // U+FB8F
    { 11, 19, 165, 0, 18, 53, 3328 }, // U+FB90
    { 14, 19, 203, 0, 18, 67, 3381 }, // U+FB91
    { 23, 22, 351, 0, 21, 127, 3448 }, // U+FB92
    { 26, 22, 390, 0, 21, 143, 3575 }, // U+FB93
    { 11, 22, 165, 0, 21, 61, 3718 }, // U+FB94
    { 14, 22, 203, 0, 21, 77, 3779 }, // U+FB95
    { 23, 30, 351, 0, 21, 173, 3856 }, // U+FB96
    { 26, 30, 390, 0, 21, 195, 4029 }, // U+FB97
    { 11, 29, 165, 0, 21, 80, 4224 }, // U+FB98
    { 14, 29, 203, 0, 21, 102, 4304 }, // U+FB99
    { 23, 25, 351, 0, 24, 144, 4406 }, // U+FB9A
    { 26, 25, 390, 0, 24, 163, 4550 }, // U+FB9B
    { 11, 25, 165, 0, 24, 69, 4713 }, // U+FB9C
    { 14, 25, 203, 0, 24, 88, 4782 }, // U+FB9D
    { 16, 14, 274, 0, 8, 56, 4870 }, // U+FB9E
    { 20, 14, 292, 0, 8, 70, 4926 }, // U+FB9F
    { 16, 24, 274, 0, 18, 96, 4996 }, // U+FBA0
    { 20, 24, 292, 0, 18, 120, 5092 }, // U+FBA1
    { 7, 21, 108, 0, 20, 37, 5212 }, // U+FBA2
    { 11, 18, 149, 0, 17, 50, 5249 }, // U+FBA3
    { 10, 19, 162, 0, 19, 48, 5299 }, // U+FBA4
    { 14, 22, 194, 0, 21, 77, 5347 }, // U+FBA5
    { 10, 12, 162, 0, 12, 30, 5424 }, // U+FBA6
    { 14, 10, 192, 0, 9, 35, 5454 }, // U+FBA7
    { 6, 16, 108, 0, 11, 24, 5489 }, // U+FBA8
    { 13, 11, 175, 0, 4, 36, 5513 }, // U+FBA9
    { 16, 14, 269, 0, 13, 56, 5549 }, // U+FBAA
    { 17, 17, 246, 0, 11, 73, 5605 }, // U+FBAB
    { 14, 14, 230, 0, 13, 49, 5678 }, // U+FBAC
    { 14, 17, 203, 0, 11, 60, 5727 }, // U+FBAD
    { 23, 13, 377, 0, 12, 75, 5787 }, // U+FBAE
    { 15, 9, 220, 0, 2, 34, 5862 }, // U+FBAF
    { 23, 19, 377, 0, 18, 110, 5896 }, // U+FBB0
    { 15, 16, 220, 0, 9, 60, 6006 }, // U+FBB1
    { 4, 3, 60, 0, 17, 3, 6066 }, // U+FBB2
    { 4, 3, 60, 0, -2, 3, 6069 }, // U+FBB3
    { 7, 3, 116, 0, 17, 6, 6072 }, // U+FBB4
    { 7, 3, 116, 0, -2, 6, 6078 }, // U+FBB5
    { 7, 6, 116, 0, 20, 11, 6084 }, // U+FBB6
    { 7, 6, 116, 0, -2, 11, 6095 }, // U+FBB7
    { 7, 6, 116, 0, 20, 11, 6106 }, // U+FBB8
    { 7, 6, 116, 0, -2, 11, 6117 }, // U+FBB9
    { 7, 6, 116, 0, 20, 11, 6128 }, // U+FBBA
    { 7, 6, 116, 0, -2, 11, 6139 }, // U+FBBB
    { 5, 6, 104, 1, 0, 8, 6150 }, // U+FBBC
    { 4, 6, 60, 0, 20, 6, 6158 }, // U+FBBD
    { 4, 6, 61, 0, -2, 6, 6164 }, // U+FBBE
    { 5, 6, 87, 0, 5, 8, 6170 }, // U+FBBF
    { 8, 8, 120, 0, 21, 16, 6178 }, // U+FBC0
    { 7, 6, 111, 0, -1, 11, 6194 }, // U+FBC1
    { 9, 6, 141, 0, 20, 14, 6205 }, // U+FBC2
    { 21, 23, 353, 0, 22, 121, 6219 }, // U+FBD3
    { 25, 23, 369, 0, 22, 144, 6340 }, // U+FBD4
    { 11, 23, 165, 0, 22, 64, 6484 }, // U+FBD5
    { 14, 22, 203, 0, 21, 77, 6548 }, // U+FBD6
    { 9, 23, 179, 1, 17, 52, 6625 }, // U+FBD7
    { 13, 23, 189, 1, 17, 75, 6677 }, // U+FBD8
    { 9, 24, 179, 1, 18, 54, 6752 }, // U+FBD9
    { 13, 24, 189, 1, 18, 78, 6806 }, // U+FBDA
    { 9, 23, 179, 1, 17, 52, 6884 }, // U+FBDB
    { 13, 23, 189, 1, 17, 75, 6936 }, // U+FBDC
    { 20, 23, 343, 1, 17, 115, 7011 }, // U+FBDD
    { 9, 23, 179, 1, 17, 52, 7126 }, // U+FBDE
    { 13, 23, 189, 1, 17, 75, 7178 }, // U+FBDF
    { 9, 15, 179, 1, 9, 34, 7253 }, // U+FBE0
    { 13, 15, 189, 1, 9, 49, 7287 }, // U+FBE1
    { 9, 23, 179, 1, 17, 52, 7336 }, // U+FBE2
    { 13, 23, 189, 1, 17, 75, 7388 }, // U+FBE3
    { 19, 25, 304, 0, 11, 119, 7463 }, // U+FBE4
    { 20, 19, 294, 0, 5, 95, 7582 }, // U+FBE5
    { 6, 19, 120, 0, 11, 29, 7677 }, // U+FBE6
    { 11, 16, 149, 0, 8, 44, 7706 }, // U+FBE7
    { 6, 12, 108, 0, 11, 18, 7750 }, // U+FBE8
    { 10, 9, 137, 0, 8, 23, 7768 }, // U+FBE9
    { 12, 19, 224, 1, 18, 57, 7791 }, // U+FBEA
    { 17, 19, 254, 1, 18, 81, 7848 }, // U+FBEB
    { 18, 19, 299, 0, 18, 86, 7929 }, // U+FBEC
    { 22, 16, 329, 0, 15, 88, 8015 }, // U+FBED
    { 17, 24, 296, 1, 18, 102, 8103 }, // U+FBEE
    { 21, 21, 326, 1, 15, 111, 8205 }, // U+FBEF
    { 17, 24, 296, 1, 18, 102, 8316 }, // U+FBF0
    { 21, 23, 326, 1, 17, 121, 8418 }, // U+FBF1
    { 17, 24, 296, 1, 18, 102, 8539 }, // U+FBF2
    { 21, 24, 326, 1, 18, 126, 8641 }, // U+FBF3
    { 17, 24, 296, 1, 18, 102, 8767 }, // U+FBF4
    { 21, 23, 326, 1, 17, 121, 8869 }, // U+FBF5
    { 24, 32, 402, 0, 18, 192, 8990 }, // U+FBF6
    { 29, 29, 432, 0, 15, 211, 9182 }, // U+FBF7
    { 15, 26, 257, 0, 18, 98, 9393 }, // U+FBF8
    { 24, 24, 402, 0, 18, 144, 9491 }, // U+FBF9
    { 29, 21, 432, 0, 15, 153, 9635 }, // U+FBFA
    { 15, 19, 245, 0, 18, 72, 9788 }, // U+FBFB
    { 19, 17, 304, 0, 11, 81, 9860 }, // U+FBFC
    { 20, 11, 294, 0, 5, 55, 9941 }, // U+FBFD
    { 7, 16, 120, -1, 11, 28, 9996 }, // U+FBFE
    { 11, 13, 149, 0, 8, 36, 10024 }, // U+FBFF
    { 22, 28, 367, 0, 18, 154, 10060 }, // U+FC00
    { 22, 28, 367, 0, 18, 154, 10214 }, // U+FC01
    { 20, 28, 332, 0, 18, 140, 10368 }, // U+FC02
    { 24, 24, 402, 0, 18, 144, 10508 }, // U+FC03
    { 24, 29, 402, 0, 18, 174, 10652 }, // U+FC04
    { 22, 21, 367, 0, 11, 116, 10826 }, // U+FC05
    { 22, 21, 367, 0, 11, 116, 10942 }, // U+FC06
    { 22, 26, 367, 0, 16, 143, 11058 }, // U+FC07
    { 20, 21, 332, 0, 11, 105, 11201 }, // U+FC08
    { 24, 17, 402, 0, 11, 102, 11306 }, // U+FC09
    { 24, 22, 402, 0, 11, 132, 11408 }, // U+FC0A
    { 23, 26, 367, 0, 16, 150, 11540 }, // U+FC0B
    { 23, 26, 367, 0, 16, 150, 11690 }, // U+FC0C
    { 23, 26, 367, 0, 16, 150, 11840 }, // U+FC0D
    { 21, 26, 332, 0, 16, 137, 11990 }, // U+FC0E
    { 25, 22, 402, 0, 16, 138, 12127 }, // U+FC0F
    { 25, 27, 402, 0, 16, 169, 12265 }, // U+FC10
    { 23, 29, 367, 0, 19, 167, 12434 }, // U+FC11
    { 21, 29, 332, 0, 19, 153, 12601 }, // U+FC12
    { 25, 25, 402, 0, 19, 157, 12754 }, // U+FC13
    { 25, 30, 402, 0, 19, 188, 12911 }, // U+FC14
    { 30, 21, 495, 0, 11, 158, 13099 }, // U+FC15
    { 28, 20, 460, 0, 10, 140, 13257 }, // U+FC16
    { 30, 21, 495, 0, 11, 158, 13397 }, // U+FC17
    { 28, 20, 460, 0, 10, 140, 13555 }, // U+FC18
    { 30, 24, 495, 0, 14, 180, 13695 }, // U+FC19
    { 30, 24, 495, 0, 14, 180, 13875 }, // U+FC1A
    { 28, 24, 460, 0, 14, 168, 14055 }, // U+FC1B
    { 35, 21, 573, 0, 11, 184, 14223 }, // U+FC1C
    { 35, 21, 573, 0, 11, 184, 14407 }, // U+FC1D
    { 35, 26, 573, 0, 16, 228, 14591 }, // U+FC1E
    { 33, 21, 538, 0, 11, 174, 14819 }, // U+FC1F
    { 38, 21, 621, 0, 11, 200, 14993 }, // U+FC20
    { 36, 20, 586, 0, 10, 180, 15193 }, // U+FC21
    { 38, 25, 621, 0, 15, 238, 15373 }, // U+FC22
    { 38, 25, 621, 0, 15, 238, 15611 }, // U+FC23
    { 38, 26, 621, 0, 16, 247, 15849 }, // U+FC24
    { 36, 25, 586, 0, 15, 225, 16096 }, // U+FC25
    { 33, 28, 530, 0, 18, 231, 16321 }, // U+FC26
    { 30, 28, 496, 0, 18, 210, 16552 }, // U+FC27
    { 30, 28, 496, 0, 18, 210, 16762 }, // U+FC28
    { 29, 21, 461, 0, 11, 153, 16972 }, // U+FC29
    { 26, 21, 426, 0, 11, 137, 17125 }, // U+FC2A
    { 29, 26, 461, 0, 16, 189, 17262 }, // U+FC2B
    { 26, 26, 426, 0, 16, 169, 17451 }, // U+FC2C
    { 27, 28, 438, 0, 18, 189, 17620 }, // U+FC2D
    { 27, 28, 438, 0, 18, 189, 17809 }, // U+FC2E
    { 27, 28, 438, 0, 18, 189, 17998 }, // U+FC2F
    { 25, 28, 404, 0, 18, 175, 18187 }, // U+FC30
    { 29, 24, 473, 0, 18, 174, 18362 }, // U+FC31
    { 29, 29, 473, 0, 18, 211, 18536 }, // U+FC32
    { 27, 28, 438, 0, 18, 189, 18747 }, // U+FC33
    { 25, 28, 404, 0, 18, 175, 18936 }, // U+FC34
    { 29, 24, 473, 0, 18, 174, 19111 }, // U+FC35
    { 29, 29, 473, 0, 18, 211, 19285 }, // U+FC36
    { 17, 19, 281, 1, 18, 81, 19496 }, // U+FC37
    { 27, 28, 424, 0, 18, 189, 19577 }, // U+FC38
    { 27, 28, 424, 0, 18, 189, 19766 }, // U+FC39
    { 27, 28, 424, 0, 18, 189, 19955 }, // U+FC3A
    { 29, 24, 457, 0, 18, 174, 20144 }, // U+FC3B
    { 25, 28, 390, 0, 18, 175, 20318 }, // U+FC3C
    { 29, 24, 459, 0, 18, 174, 20493 }, // U+FC3D
    { 29, 29, 459, 0, 18, 211, 20667 }, // U+FC3E
    { 22, 28, 364, 0, 18, 154, 20878 }, // U+FC3F
    { 22, 28, 364, 0, 18, 154, 21032 }, // U+FC40
    { 22, 28, 364, 0, 18, 154, 21186 }, // U+FC41
    { 20, 28, 329, 0, 18, 140, 21340 }, // U+FC42
    { 24, 24, 398, 0, 18, 144, 21480 }, // U+FC43
    { 24, 29, 398, 0, 18, 174, 21624 }, // U+FC44
    { 28, 21, 470, 0, 11, 147, 21798 }, // U+FC45
    { 28, 21, 470, 0, 11, 147, 21945 }, // U+FC46
    { 28, 26, 470, 0, 16, 182, 22092 }, // U+FC47
    { 26, 20, 435, 0, 10, 130, 22274 }, // U+FC48
    { 31, 15, 504, 0, 9, 117, 22404 }, // U+FC49
    { 31, 20, 504, 0, 9, 155, 22521 }, // U+FC4A
    { 22, 26, 367, 0, 16, 143, 22676 }, // U+FC4B
    { 22, 26, 367, 0, 16, 143, 22819 }, // U+FC4C
    { 22, 26, 367, 0, 16, 143, 22962 }, // U+FC4D
    { 20, 26, 332, 0, 16, 130, 23105 }, // U+FC4E
    { 24, 22, 402, 0, 16, 132, 23235 }, // U+FC4F
    { 24, 27, 402, 0, 16, 162, 23367 }, // U+FC50
    { 30, 23, 489, 0, 13, 173, 23529 }, // U+FC51
    { 28, 23, 454, 0, 13, 161, 23702 }, // U+FC52
    { 32, 19, 524, 0, 13, 152, 23863 }, // U+FC53
    { 32, 24, 524, 0, 13, 192, 24015 }, // U+FC54
    { 23, 21, 379, 0, 11, 121, 24207 }, // U+FC55
    { 23, 21, 379, 0, 11, 121, 24328 }, // U+FC56
    { 23, 26, 379, 0, 16, 150, 24449 }, // U+FC57
    { 21, 21, 344, 0, 11, 111, 24599 }, // U+FC58
    { 25, 17, 414, 0, 11, 107, 24710 }, // U+FC59
    { 25, 22, 414, 0, 11, 138, 24817 }, // U+FC5A
    { 11, 26, 191, 0, 25, 72, 24955 }, // U+FC5B
    { 9, 23, 147, -1, 17, 52, 25027 }, // U+FC5C
    { 19, 18, 304, 0, 12, 86, 25079 }, // U+FC5D
    { 9, 12, 129, -1, 26, 27, 25165 }, // U+FC5E
    { 8, 11, 122, 0, 26, 22, 25192 }, // U+FC5F
    { 8, 10, 129, 0, 24, 20, 25214 }, // U+FC60
    { 9, 12, 129, -1, 26, 27, 25234 }, // U+FC61
    { 7, 9, 122, 0, 24, 16, 25261 }, // U+FC62
    { 8, 11, 129, 0, 25, 22, 25277 }, // U+FC63
    { 21, 21, 296, -1, 15, 111, 25299 }, // U+FC64
    { 21, 21, 296, -1, 15, 111, 25410 }, // U+FC65
    { 24, 25, 362, 0, 15, 150, 25521 }, // U+FC66
    { 29, 21, 429, 0, 15, 153, 25671 }, // U+FC67
    { 29, 21, 432, 0, 15, 153, 25824 }, // U+FC68
    { 29, 26, 432, 0, 15, 189, 25977 }, // U+FC69
    { 21, 15, 296, -1, 9, 79, 26166 }, // U+FC6A
    { 21, 20, 296, -1, 14, 105, 26245 }, // U+FC6B
    { 24, 20, 362, 0, 10, 120, 26350 }, // U+FC6C
    { 29, 19, 429, 0, 13, 138, 26470 }, // U+FC6D
    { 29, 14, 432, 0, 8, 102, 26608 }, // U+FC6E
    { 29, 19, 432, 0, 8, 138, 26710 }, // U+FC6F
    { 22, 19, 308, -1, 13, 105, 26848 }, // U+FC70
    { 22, 20, 308, -1, 14, 110, 26953 }, // U+FC71
    { 25, 23, 374, 0, 13, 144, 27063 }, // U+FC72
    { 29, 19, 441, 0, 13, 138, 27207 }, // U+FC73
    { 29, 19, 444, 0, 13, 138, 27345 }, // U+FC74
    { 29, 24, 444, 0, 13, 174, 27483 }, // U+FC75
    { 22, 22, 308, -1, 16, 121, 27657 }, // U+FC76
    { 22, 22, 308, -1, 16, 121, 27778 }, // U+FC77
    { 25, 26, 374, 0, 16, 163, 27899 }, // U+FC78
    { 29, 22, 441, 0, 16, 160, 28062 }, // U+FC79
    { 29, 22, 444, 0, 16, 160, 28222 }, // U+FC7A
    { 29, 27, 444, 0, 16, 196, 28382 }, // U+FC7B
    { 33, 22, 492, 0, 16, 182, 28578 }, // U+FC7C
    { 33, 27, 492, 0, 16, 223, 28760 }, // U+FC7D
    { 33, 22, 492, 0, 16, 182, 28983 }, // U+FC7E
    { 33, 27, 492, 0, 16, 223, 29165 }, // U+FC7F
    { 21, 19, 320, 1, 18, 100, 29388 }, // U+FC80
    { 33, 24, 495, 0, 18, 198, 29488 }, // U+FC81
    { 28, 28, 428, 0, 18, 196, 29686 }, // U+FC82
    { 33, 24, 498, 0, 18, 198, 29882 }, // U+FC83
    { 33, 29, 498, 0, 18, 240, 30080 }, // U+FC84
    { 23, 28, 345, 0, 18, 161, 0 }, // U+FC85
    { 28, 24, 414, 0, 18, 168, 161 }, // U+FC86
    { 28, 29, 414, 0, 18, 203, 329 }, // U+FC87
    { 22, 19, 348, 1, 18, 105, 532 }, // U+FC88
    { 30, 20, 456, 0, 10, 150, 637 }, // U+FC89
    { 21, 19, 296, -1, 13, 100, 787 }, // U+FC8A
    { 21, 20, 296, -1, 14, 105, 887 }, // U+FC8B
    { 24, 23, 362, 0, 13, 138, 992 }, // U+FC8C
    { 29, 19, 429, 0, 13, 138, 1130 }, // U+FC8D
    { 29, 19, 432, 0, 13, 138, 1268 }, // U+FC8E
    { 29, 24, 432, 0, 13, 174, 1406 }, // U+FC8F
    { 20, 18, 294, 0, 12, 90, 1580 }, // U+FC90
    { 22, 15, 308, -1, 9, 83, 1670 }, // U+FC91
    { 22, 20, 308, -1, 14, 110, 1753 }, // U+FC92
    { 25, 20, 374, 0, 10, 125, 1863 }, // U+FC93
    { 29, 19, 441, 0, 13, 138, 1988 }, // U+FC94
    { 29, 14, 444, 0, 8, 102, 2126 }, // U+FC95
    { 29, 19, 444, 0, 8, 138, 2228 }, // U+FC96
    { 22, 23, 362, 0, 18, 127, 2366 }, // U+FC97
    { 22, 19, 362, 0, 18, 105, 2493 }, // U+FC98
    { 22, 19, 362, 0, 18, 105, 2598 }, // U+FC99
    { 20, 19, 339, 0, 18, 95, 2703 }, // U+FC9A
    { 19, 24, 310, 0, 18, 114, 2798 }, // U+FC9B
    { 22, 16, 362, 0, 11, 88, 2912 }, // U+FC9C
    { 22, 16, 362, 0, 11, 88, 3000 }, // U+FC9D
    { 22, 19, 362, 0, 14, 105, 3088 }, // U+FC9E
    { 20, 16, 339, 0, 11, 80, 3193 }, // U+FC9F
    { 19, 17, 310, 0, 11, 81, 3273 }, // U+FCA0
    { 23, 21, 362, 0, 16, 121, 3354 }, // U+FCA1
    { 23, 17, 362, 0, 16, 98, 3475 }, // U+FCA2
    { 23, 17, 362, 0, 16, 98, 3573 }, // U+FCA3
    { 21, 17, 339, 0, 16, 90, 3671 }, // U+FCA4
    { 19, 22, 310, 0, 16, 105, 3761 }, // U+FCA5
    { 21, 20, 339, 0, 19, 105, 3866 }, // U+FCA6
    { 30, 14, 490, 0, 9, 105, 3971 }, // U+FCA7
    { 29, 15, 467, 0, 10, 109, 4076 }, // U+FCA8
    { 30, 14, 490, 0, 9, 105, 4185 }, // U+FCA9
    { 29, 11, 467, 0, 10, 80, 4290 }, // U+FCAA
    { 30, 19, 490, 0, 14, 143, 4370 }, // U+FCAB
    { 29, 15, 467, 0, 14, 109, 4513 }, // U+FCAC
    { 35, 16, 568, 0, 11, 140, 4622 }, // U+FCAD
    { 35, 12, 568, 0, 11, 105, 4762 }, // U+FCAE
    { 35, 15, 568, 0, 14, 132, 4867 }, // U+FCAF
    { 33, 12, 545, 0, 11, 99, 4999 }, // U+FCB0
    { 38, 11, 616, 0, 10, 105, 5098 }, // U+FCB1
    { 38, 15, 616, 0, 14, 143, 5203 }, // U+FCB2
    { 36, 11, 592, 0, 10, 99, 5346 }, // U+FCB3
    { 38, 20, 616, 0, 15, 190, 5445 }, // U+FCB4
    { 38, 16, 616, 0, 15, 152, 5635 }, // U+FCB5
    { 38, 16, 616, 0, 15, 152, 5787 }, // U+FCB6
    { 36, 16, 592, 0, 15, 144, 5939 }, // U+FCB7
    { 32, 19, 526, 0, 18, 152, 6083 }, // U+FCB8
    { 31, 19, 502, 0, 18, 148, 6235 }, // U+FCB9
    { 28, 16, 456, 0, 11, 112, 6383 }, // U+FCBA
    { 27, 12, 432, 0, 11, 81, 6495 }, // U+FCBB
    { 28, 21, 456, 0, 16, 147, 6576 }, // U+FCBC
    { 27, 17, 432, 0, 16, 115, 6723 }, // U+FCBD
    { 26, 23, 434, 0, 18, 150, 6838 }, // U+FCBE
    { 26, 19, 434, 0, 18, 124, 6988 }, // U+FCBF
    { 26, 19, 434, 0, 18, 124, 7112 }, // U+FCC0
    { 25, 19, 410, 0, 18, 119, 7236 }, // U+FCC1
    { 26, 19, 434, 0, 18, 124, 7355 }, // U+FCC2
    { 25, 19, 410, 0, 18, 119, 7479 }, // U+FCC3
    { 27, 23, 420, 0, 18, 156, 7598 }, // U+FCC4
    { 27, 19, 420, 0, 18, 129, 7754 }, // U+FCC5
    { 27, 19, 420, 0, 18, 129, 7883 }, // U+FCC6
    { 19, 19, 285, 0, 18, 91, 8012 }, // U+FCC7
    { 25, 19, 396, 0, 18, 119, 8103 }, // U+FCC8
    { 21, 23, 359, 0, 18, 121, 8222 }, // U+FCC9
    { 21, 19, 359, 0, 18, 100, 8343 }, // U+FCCA
    { 21, 19, 359, 0, 18, 100, 8443 }, // U+FCCB
    { 20, 19, 335, 0, 18, 95, 8543 }, // U+FCCC
    { 18, 24, 307, 0, 18, 108, 8638 }, // U+FCCD
    { 28, 14, 465, 0, 9, 98, 8746 }, // U+FCCE
    { 28, 10, 465, 0, 9, 70, 8844 }, // U+FCCF
    { 28, 15, 465, 0, 14, 105, 8914 }, // U+FCD0
    { 27, 11, 441, 0, 10, 75, 9019 }, // U+FCD1
    { 22, 21, 362, 0, 16, 116, 9094 }, // U+FCD2
    { 22, 17, 362, 0, 16, 94, 9210 }, // U+FCD3
    { 22, 17, 362, 0, 16, 94, 9304 }, // U+FCD4
    { 20, 17, 339, 0, 16, 85, 9398 }, // U+FCD5
    { 19, 22, 310, 0, 16, 105, 9483 }, // U+FCD6
    { 30, 18, 484, 0, 13, 135, 9588 }, // U+FCD7
    { 28, 14, 461, 0, 13, 98, 9723 }, // U+FCD8
    { 14, 21, 230, 0, 20, 74, 9821 }, // U+FCD9
    { 22, 16, 374, 0, 11, 88, 9895 }, // U+FCDA
    { 22, 16, 374, 0, 11, 88, 9983 }, // U+FCDB
    { 22, 19, 374, 0, 14, 105, 10071 }, // U+FCDC
    { 21, 16, 351, 0, 11, 84, 10176 }, // U+FCDD
    { 19, 17, 322, 0, 11, 81, 10260 }, // U+FCDE
    { 25, 16, 368, 0, 15, 100, 10341 }, // U+FCDF
    { 23, 21, 340, 0, 15, 121, 10441 }, // U+FCE0
    { 25, 15, 368, 0, 10, 94, 10562 }, // U+FCE1
    { 23, 17, 340, 0, 11, 98, 10656 }, // U+FCE2
    { 26, 14, 380, 0, 13, 91, 10754 }, // U+FCE3
    { 24, 19, 352, 0, 13, 114, 10845 }, // U+FCE4
    { 26, 17, 380, 0, 16, 111, 10959 }, // U+FCE5
    { 24, 22, 352, 0, 16, 132, 11070 }, // U+FCE6
    { 37, 11, 571, 0, 10, 102, 11202 }, // U+FCE7
    { 36, 17, 543, 0, 11, 153, 11304 }, // U+FCE8
    { 37, 18, 571, 0, 17, 167, 11457 }, // U+FCE9
    { 36, 23, 543, 0, 17, 207, 11624 }, // U+FCEA
    { 22, 19, 323, 0, 18, 105, 11831 }, // U+FCEB
    { 29, 19, 434, 0, 18, 138, 11936 }, // U+FCEC
    { 24, 19, 351, 0, 18, 114, 12074 }, // U+FCED
    { 25, 14, 368, 0, 13, 88, 12188 }, // U+FCEE
    { 23, 19, 340, 0, 13, 110, 12276 }, // U+FCEF
    { 26, 15, 380, 0, 10, 98, 12386 }, // U+FCF0
    { 24, 17, 352, 0, 11, 102, 12484 }, // U+FCF1
    { 9, 20, 108, -1, 19, 45, 12586 }, // U+FCF2
    { 10, 22, 108, -2, 21, 55, 12631 }, // U+FCF3
    { 9, 20, 108, -1, 19, 45, 12686 }, // U+FCF4
    { 35, 24, 565, 0, 18, 210, 12731 }, // U+FCF5
    { 35, 29, 565, 0, 18, 254, 12941 }, // U+FCF6
    { 31, 17, 496, 0, 11, 132, 13195 }, // U+FCF7
    { 31, 22, 496, 0, 11, 171, 13327 }, // U+FCF8
    { 31, 22, 496, 0, 16, 171, 13498 }, // U+FCF9
    { 31, 27, 496, 0, 16, 210, 13669 }, // U+FCFA
    { 37, 17, 608, 0, 11, 158, 13879 }, // U+FCFB
    { 37, 22, 608, 0, 11, 204, 14037 }, // U+FCFC
    { 37, 23, 608, 0, 17, 213, 14241 }, // U+FCFD
    { 37, 28, 608, 0, 17, 259, 14454 }, // U+FCFE
    { 33, 15, 530, 0, 9, 124, 14713 }, // U+FCFF
    { 33, 20, 530, 0, 9, 165, 14837 }, // U+FD00
    { 33, 15, 530, 0, 9, 124, 15002 }, // U+FD01
    { 33, 20, 530, 0, 9, 165, 15126 }, // U+FD02
    { 33, 20, 530, 0, 14, 165, 15291 }, // U+FD03
    { 33, 25, 530, 0, 14, 207, 15456 }, // U+FD04
    { 40, 16, 656, 0, 10, 160, 15663 }, // U+FD05
    { 40, 21, 656, 0, 10, 210, 15823 }, // U+FD06
    { 40, 21, 656, 0, 15, 210, 16033 }, // U+FD07
    { 40, 26, 656, 0, 15, 260, 16243 }, // U+FD08
    { 35, 27, 573, 0, 17, 237, 16503 }, // U+FD09
    { 35, 27, 573, 0, 17, 237, 16740 }, // U+FD0A
    { 35, 27, 573, 0, 17, 237, 16977 }, // U+FD0B
    { 33, 27, 538, 0, 17, 223, 17214 }, // U+FD0C
    { 30, 23, 472, -1, 17, 173, 17437 }, // U+FD0D
    { 30, 17, 472, -1, 11, 128, 17610 }, // U+FD0E
    { 33, 16, 520, -1, 10, 132, 17738 }, // U+FD0F
    { 33, 21, 520, -1, 15, 174, 17870 }, // U+FD10
    { 38, 24, 578, 0, 18, 228, 18044 }, // U+FD11
    { 38, 29, 578, 0, 18, 276, 18272 }, // U+FD12
    { 33, 17, 503, 0, 11, 141, 18548 }, // U+FD13
    { 33, 22, 503, 0, 11, 182, 18689 }, // U+FD14
    { 33, 22, 503, 0, 16, 182, 18871 }, // U+FD15
    { 33, 27, 503, 0, 16, 223, 19053 }, // U+FD16
    { 41, 15, 634, 0, 9, 154, 19276 }, // U+FD17
    { 41, 20, 634, 0, 9, 205, 19430 }, // U+FD18
    { 41, 23, 634, 0, 17, 236, 19635 }, // U+FD19
    { 41, 28, 634, 0, 17, 287, 19871 }, // U+FD1A
    { 36, 15, 549, 0, 9, 135, 20158 }, // U+FD1B
    { 36, 20, 549, 0, 9, 180, 20293 }, // U+FD1C
    { 36, 15, 549, 0, 9, 135, 20473 }, // U+FD1D
    { 36, 20, 549, 0, 9, 180, 20608 }, // U+FD1E
    { 36, 20, 549, 0, 14, 180, 20788 }, // U+FD1F
    { 36, 25, 549, 0, 14, 225, 20968 }, // U+FD20
    { 44, 16, 674, 0, 10, 176, 21193 }, // U+FD21
    { 44, 21, 674, 0, 10, 231, 21369 }, // U+FD22
    { 44, 21, 674, 0, 15, 231, 21600 }, // U+FD23
    { 44, 26, 674, 0, 15, 286, 21831 }, // U+FD24
    { 39, 27, 600, 0, 17, 264, 22117 }, // U+FD25
    { 39, 27, 600, 0, 17, 264, 22381 }, // U+FD26
    { 39, 27, 600, 0, 17, 264, 22645 }, // U+FD27
    { 37, 27, 565, 0, 17, 250, 22909 }, // U+FD28
    { 34, 23, 498, -1, 17, 196, 23159 }, // U+FD29
    { 34, 15, 498, -1, 9, 128, 23355 }, // U+FD2A
    { 36, 16, 538, -1, 10, 144, 23483 }, // U+FD2B
    { 36, 21, 538, -1, 15, 189, 23627 }, // U+FD2C
    { 35, 22, 568, 0, 17, 193, 23816 }, // U+FD2D
    { 35, 18, 568, 0, 17, 158, 24009 }, // U+FD2E
    { 35, 18, 568, 0, 17, 158, 24167 }, // U+FD2F
    { 33, 18, 545, 0, 17, 149, 24325 }, // U+FD30
    { 32, 17, 516, 0, 11, 136, 24474 }, // U+FD31
    { 32, 23, 516, 0, 17, 184, 24610 }, // U+FD32
    { 31, 19, 502, 0, 18, 148, 24794 }, // U+FD33
    { 39, 14, 595, 0, 9, 137, 24942 }, // U+FD34
    { 39, 10, 595, 0, 9, 98, 25079 }, // U+FD35
    { 39, 15, 595, 0, 14, 147, 25177 }, // U+FD36
    { 39, 22, 595, 0, 17, 215, 25324 }, // U+FD37
    { 39, 18, 595, 0, 17, 176, 25539 }, // U+FD38
    { 39, 18, 595, 0, 17, 176, 25715 }, // U+FD39
    { 34, 19, 515, 0, 18, 162, 25891 }, // U+FD3A
    { 34, 19, 515, 0, 18, 162, 26053 }, // U+FD3B
    { 10, 21, 116, 1, 20, 53, 26215 }, // U+FD3C
    { 10, 20, 95, 1, 20, 50, 26268 }, // U+FD3D
    { 10, 24, 172, 0, 18, 60, 26318 }, // U+FD3E
    { 10, 24, 172, 1, 18, 60, 26378 }, // U+FD3F
    { 35, 24, 581, 1, 20, 210, 26438 }, // U+FD40
    { 45, 27, 752, 1, 21, 304, 26648 }, // U+FD41
    { 49, 27, 812, 1, 21, 331, 26952 }, // U+FD42
    { 54, 27, 885, 1, 21, 365, 27283 }, // U+FD43
    { 57, 28, 939, 1, 22, 399, 27648 }, // U+FD44
    { 56, 28, 918, 1, 22, 392, 28047 }, // U+FD45
    { 27, 23, 457, 1, 20, 156, 28439 }, // U+FD46
    { 46, 21, 760, 1, 18, 242, 28595 }, // U+FD47
    { 54, 22, 899, 1, 19, 297, 28837 }, // U+FD48
    { 41, 22, 688, 1, 19, 226, 29134 }, // U+FD49
    { 25, 21, 425, 1, 18, 132, 29360 }, // U+FD4A
    { 30, 21, 504, 1, 17, 158, 29492 }, // U+FD4B
    { 33, 22, 561, 1, 18, 182, 29650 }, // U+FD4C
    { 42, 21, 696, 1, 18, 221, 29832 }, // U+FD4D
    { 33, 26, 560, 1, 20, 215, 30053 }, // U+FD4E
    { 40, 25, 673, 1, 21, 250, 30268 }, // U+FD4F
    { 37, 21, 594, 0, 16, 195, 30518 }, // U+FD50
    { 43, 23, 664, 0, 13, 248, 30713 }, // U+FD51
    { 39, 21, 617, 0, 16, 205, 0 }, // U+FD52
    { 37, 17, 594, 0, 16, 158, 205 }, // U+FD53
    { 37, 17, 594, 0, 16, 158, 363 }, // U+FD54
    { 37, 21, 594, 0, 16, 195, 521 }, // U+FD55
    { 37, 17, 594, 0, 16, 158, 716 }, // U+FD56
    { 37, 17, 594, 0, 16, 158, 874 }, // U+FD57
    { 48, 21, 746, 0, 11, 252, 1032 }, // U+FD58
    { 45, 15, 722, 0, 10, 169, 1284 }, // U+FD59
    { 51, 21, 780, 0, 10, 268, 1453 }, // U+FD5A
    { 51, 16, 780, 0, 10, 204, 1721 }, // U+FD5B
    { 51, 16, 823, 0, 11, 204, 1925 }, // U+FD5C
    { 51, 16, 823, 0, 11, 204, 2129 }, // U+FD5D
    { 57, 15, 889, 0, 9, 214, 2333 }, // U+FD5E
    { 54, 21, 831, 0, 11, 284, 2547 }, // U+FD5F
    { 49, 12, 800, 0, 11, 147, 2831 }, // U+FD60
    { 49, 16, 800, 0, 11, 196, 2978 }, // U+FD61
    { 51, 20, 796, 0, 10, 255, 3174 }, // U+FD62
    { 48, 12, 776, 0, 11, 144, 3429 }, // U+FD63
    { 58, 21, 894, 0, 11, 305, 3573 }, // U+FD64
    { 54, 11, 871, 0, 10, 149, 3878 }, // U+FD65
    { 54, 20, 836, 0, 10, 270, 4027 }, // U+FD66
    { 53, 27, 820, 0, 17, 358, 4297 }, // U+FD67
    { 49, 18, 800, 0, 17, 221, 4655 }, // U+FD68
    { 57, 28, 889, 0, 17, 399, 4876 }, // U+FD69
    { 54, 27, 831, 0, 17, 365, 5275 }, // U+FD6A
    { 49, 18, 800, 0, 17, 221, 5640 }, // U+FD6B
    { 51, 27, 796, 0, 17, 345, 5861 }, // U+FD6C
    { 48, 18, 776, 0, 17, 216, 6206 }, // U+FD6D
    { 60, 21, 929, 0, 15, 315, 6422 }, // U+FD6E
    { 55, 25, 859, 0, 15, 344, 6737 }, // U+FD6F
    { 52, 16, 847, 0, 15, 208, 7081 }, // U+FD70
    { 50, 28, 775, 0, 18, 350, 7289 }, // U+FD71
    { 47, 19, 757, 0, 18, 224, 7639 }, // U+FD72
    { 45, 19, 733, 0, 18, 214, 7863 }, // U+FD73
    { 52, 29, 810, 0, 18, 377, 8077 }, // U+FD74
    { 45, 21, 688, 0, 11, 237, 8454 }, // U+FD75
    { 43, 21, 664, 0, 11, 226, 8691 }, // U+FD76
    { 41, 12, 664, 0, 11, 123, 8917 }, // U+FD77
    { 48, 17, 734, 0, 11, 204, 9040 }, // U+FD78
    { 43, 26, 664, 0, 16, 280, 9244 }, // U+FD79
    { 48, 27, 734, 0, 16, 324, 9524 }, // U+FD7A
    { 48, 22, 734, 0, 16, 264, 9848 }, // U+FD7B
    { 44, 26, 678, 0, 16, 286, 10112 }, // U+FD7C
    { 41, 19, 665, 0, 18, 195, 10398 }, // U+FD7D
    { 45, 26, 689, 0, 16, 293, 10593 }, // U+FD7E
    { 43, 26, 654, 0, 16, 280, 10886 }, // U+FD7F
    { 39, 28, 600, 0, 18, 273, 11166 }, // U+FD80
    { 44, 29, 669, 0, 18, 319, 11439 }, // U+FD81
    { 44, 24, 669, 0, 18, 264, 11758 }, // U+FD82
    { 37, 23, 614, 0, 18, 213, 12022 }, // U+FD83
    { 41, 28, 634, 0, 18, 287, 12235 }, // U+FD84
    { 39, 28, 600, 0, 18, 273, 12522 }, // U+FD85
    { 36, 19, 590, 0, 18, 171, 12795 }, // U+FD86
    { 40, 28, 611, 0, 18, 280, 12966 }, // U+FD87
    { 36, 19, 590, 0, 18, 171, 13246 }, // U+FD88
    { 44, 14, 720, 0, 9, 154, 13417 }, // U+FD89
    { 42, 11, 696, 0, 10, 116, 13571 }, // U+FD8A
    { 51, 21, 780, 0, 10, 268, 13687 }, // U+FD8B
    { 44, 14, 720, 0, 9, 154, 13955 }, // U+FD8C
    { 42, 15, 696, 0, 10, 158, 14109 }, // U+FD8D
    { 44, 19, 720, 0, 14, 209, 14267 }, // U+FD8E
    { 42, 15, 696, 0, 14, 158, 14476 }, // U+FD8F
    { 44, 19, 720, 0, 14, 209, 14634 }, // U+FD92
    { 44, 18, 716, 0, 13, 198, 14843 }, // U+FD93
    { 43, 14, 692, 0, 13, 151, 15041 }, // U+FD94
    { 36, 17, 594, 0, 16, 153, 15192 }, // U+FD95
    { 45, 19, 686, 0, 13, 214, 15345 }, // U+FD96
    { 40, 23, 617, 0, 13, 230, 15559 }, // U+FD97
    { 36, 21, 594, 0, 16, 189, 15789 }, // U+FD98
    { 45, 19, 686, 0, 13, 214, 15978 }, // U+FD99
    { 43, 24, 663, 0, 13, 258, 16192 }, // U+FD9A
    { 43, 19, 663, 0, 13, 205, 16450 }, // U+FD9B
    { 40, 20, 605, 0, 10, 200, 16655 }, // U+FD9C
    { 35, 16, 582, 0, 11, 140, 16855 }, // U+FD9D
    { 45, 25, 686, 0, 14, 282, 16995 }, // U+FD9E
    { 45, 24, 698, 0, 13, 270, 17277 }, // U+FD9F
    { 45, 19, 698, 0, 13, 214, 17547 }, // U+FDA0
    { 45, 25, 698, 0, 14, 282, 17761 }, // U+FDA1
    { 45, 20, 698, 0, 14, 225, 18043 }, // U+FDA2
    { 44, 24, 675, 0, 13, 264, 18268 }, // U+FDA3
    { 44, 19, 675, 0, 13, 209, 18532 }, // U+FDA4
    { 51, 21, 780, 0, 10, 268, 18741 }, // U+FDA5
    { 49, 15, 785, 0, 9, 184, 19009 }, // U+FDA6
    { 51, 16, 780, 0, 10, 204, 19193 }, // U+FDA7
    { 57, 20, 889, 0, 14, 285, 19397 }, // U+FDA8
    { 60, 21, 929, 0, 10, 315, 19682 }, // U+FDA9
    { 57, 28, 889, 0, 17, 399, 19997 }, // U+FDAA
    { 60, 26, 929, 0, 15, 390, 20396 }, // U+FDAB
    { 44, 29, 669, 0, 18, 319, 20786 }, // U+FDAC
    { 42, 29, 646, 0, 18, 305, 21105 }, // U+FDAD
    { 45, 20, 698, 0, 9, 225, 21410 }, // U+FDAE
    { 45, 20, 698, 0, 9, 225, 21635 }, // U+FDAF
    { 44, 21, 675, 0, 10, 231, 21860 }, // U+FDB0
    { 49, 21, 757, 0, 10, 258, 22091 }, // U+FDB1
    { 47, 27, 724, 0, 16, 318, 22349 }, // U+FDB2
    { 45, 24, 686, 0, 13, 270, 22667 }, // U+FDB3
    { 41, 19, 665, 0, 18, 195, 22937 }, // U+FDB4
    { 36, 19, 590, 0, 18, 171, 23132 }, // U+FDB5
    { 48, 22, 734, 0, 11, 264, 23303 }, // U+FDB6
    { 47, 29, 729, 0, 18, 341, 23567 }, // U+FDB7
    { 38, 21, 617, 0, 16, 200, 23908 }, // U+FDB8
    { 51, 25, 780, 0, 14, 319, 24108 }, // U+FDB9
    { 36, 23, 590, 0, 18, 207, 24427 }, // U+FDBA
    { 43, 28, 659, 0, 18, 301, 24634 }, // U+FDBB
    { 39, 28, 600, 0, 18, 273, 24935 }, // U+FDBC
    { 42, 23, 652, 0, 13, 242, 25208 }, // U+FDBD
    { 52, 20, 804, 0, 9, 260, 25450 }, // U+FDBE
    { 52, 20, 804, 0, 9, 260, 25710 }, // U+FDBF
    { 51, 21, 780, 0, 10, 268, 25970 }, // U+FDC0
    { 47, 27, 724, 0, 16, 318, 26238 }, // U+FDC1
    { 45, 20, 686, 0, 9, 225, 26556 }, // U+FDC2
    { 40, 19, 627, 0, 18, 190, 26781 }, // U+FDC3
    { 43, 16, 687, 0, 11, 172, 26971 }, // U+FDC4
    { 51, 11, 824, 0, 10, 141, 27143 }, // U+FDC5
    { 57, 25, 889, 0, 14, 357, 27284 }, // U+FDC6
    { 45, 24, 686, 0, 13, 270, 27641 }, // U+FDC7
    { 35, 20, 583, 1, 17, 175, 27911 }, // U+FDCF
    { 43, 25, 701, 0, 18, 269, 28086 }, // U+FDF0
    { 32, 25, 518, 0, 18, 200, 28355 }, // U+FDF1
    { 31, 26, 514, 0, 25, 202, 28555 }, // U+FDF2
    { 35, 30, 554, -1, 24, 263, 28757 }, // U+FDF3
    { 56, 23, 909, 0, 22, 322, 29020 }, // U+FDF4
    { 57, 28, 914, 0, 18, 399, 29342 }, // U+FDF5
    { 57, 24, 927, 0, 18, 342, 29741 }, // U+FDF6
    { 41, 23, 665, 0, 18, 236, 30083 }, // U+FDF7
    { 51, 28, 837, 0, 18, 357, 30319 }, // U+FDF8
    { 48, 24, 776, 0, 18, 288, 30676 }, // U+FDF9
    { 27, 24, 457, 1, 20, 162, 30964 }, // U+FDFA
    { 26, 25, 407, 0, 19, 163, 31126 }, // U+FDFB
    { 29, 23, 480, 0, 18, 167, 31289 }, // U+FDFC
    { 244, 29, 3912, 0, 20, 1769, 0 }, // U+FDFD
    { 37, 25, 625, 1, 19, 232, 1769 }, // U+FDFE
    { 24, 21, 409, 1, 17, 126, 2001 }, // U+FDFF
    { 6, 7, 122, 1, 22, 11, 2127 }, // U+FE70
    { 8, 18, 108, 0, 17, 36, 2138 }, // U+FE71
    { 9, 7, 149, 0, 21, 16, 2174 }, // U+FE72
    { 8, 11, 106, 0, 5, 22, 2190 }, // U+FE73
    { 6, 7, 122, 1, 0, 11, 2212 }, // U+FE74
    { 6, 4, 122, 1, 19, 6, 2223 }, // U+FE76
    { 8, 15, 108, 0, 14, 30, 2229 }, // U+FE77
    { 7, 7, 128, 0, 21, 13, 2259 }, // U+FE78
    { 9, 17, 108, -1, 16, 39, 2272 }, // U+FE79
    { 6, 4, 122, 1, 0, 6, 2311 }, // U+FE7A
    { 8, 6, 108, 0, 2, 12, 2317 }, // U+FE7B
    { 8, 6, 129, 0, 20, 12, 2329 }, // U+FE7C
    { 9, 16, 108, -1, 15, 36, 2341 }, // U+FE7D
    { 6, 6, 94, 0, 21, 9, 2377 }, // U+FE7E
    { 8, 17, 108, 0, 16, 34, 2386 }, // U+FE7F
    { 10, 11, 164, 0, 9, 28, 2420 }, // U+FE80
    { 9, 21, 94, -2, 21, 48, 2448 }, // U+FE81
    { 11, 24, 116, -2, 23, 66, 2496 }, // U+FE82
    { 6, 24, 94, 0, 24, 36, 2562 }, // U+FE83
    { 9, 27, 116, 0, 26, 61, 2598 }, // U+FE84
    { 9, 22, 179, 1, 16, 50, 2659 }, // U+FE85
    { 13, 23, 189, 1, 17, 75, 2709 }, // U+FE86
    { 6, 26, 95, 1, 18, 39, 2784 }, // U+FE87
    { 8, 26, 116, 1, 18, 52, 2823 }, // U+FE88
    { 19, 18, 304, 0, 12, 86, 2875 }, // U+FE89
    { 20, 18, 294, 0, 12, 90, 2961 }, // U+FE8A
    { 6, 19, 108, 0, 18, 29, 3051 }, // U+FE8B
    { 10, 16, 137, 0, 15, 40, 3080 }, // U+FE8C
    { 4, 18, 95, 1, 18, 18, 3120 }, // U+FE8D
    { 8, 19, 116, 1, 18, 38, 3138 }, // U+FE8E
    { 24, 17, 397, 0, 11, 102, 3176 }, // U+FE8F
    { 29, 15, 437, 0, 9, 109, 3278 }, // U+FE90
    { 6, 16, 108, 0, 11, 24, 3387 }, // U+FE91
    { 10, 13, 137, 0, 8, 33, 3411 }, // U+FE92
    { 10, 17, 162, 0, 17, 43, 3444 }, // U+FE93
    { 14, 20, 194, 0, 19, 70, 3487 }, // U+FE94
    { 24, 14, 397, 0, 13, 84, 3557 }, // U+FE95
    { 29, 14, 437, 0, 13, 102, 3641 }, // U+FE96
    { 7, 17, 108, 0, 16, 30, 3743 }, // U+FE97
    { 11, 14, 149, 0, 13, 39, 3773 }, // U+FE98
    { 24, 17, 397, 0, 16, 102, 3812 }, // U+FE99
    { 29, 17, 437, 0, 16, 124, 3914 }, // U+FE9A
    { 7, 20, 108, 0, 19, 35, 4038 }, // U+FE9B
    { 11, 17, 149, 0, 16, 47, 4073 }, // U+FE9C
    { 15, 21, 256, 0, 11, 79, 4120 }, // U+FE9D
    { 18, 21, 260, 0, 11, 95, 4199 }, // U+FE9E
    { 14, 14, 236, 0, 9, 49, 4294 }, // U+FE9F
    { 18, 14, 255, 0, 9, 63, 4343 }, // U+FEA0
    { 15, 21, 256, 0, 11, 79, 4406 }, // U+FEA1
    { 18, 21, 260, 0, 11, 95, 4485 }, // U+FEA2
    { 14, 10, 236, 0, 9, 35, 4580 }, // U+FEA3
    { 18, 10, 255, 0, 9, 45, 4615 }, // U+FEA4
    { 15, 26, 256, 0, 16, 98, 4660 }, // U+FEA5
    { 18, 26, 260, 0, 16, 117, 4758 }, // U+FEA6
    { 14, 15, 236, 0, 14, 53, 4875 }, // U+FEA7
    { 18, 15, 255, 0, 14, 68, 4928 }, // U+FEA8
    { 11, 13, 191, 0, 12, 36, 4996 }, // U+FEA9
    { 15, 13, 213, 0, 12, 49, 5032 }, // U+FEAA
    { 11, 18, 191, 0, 17, 50, 5081 }, // U+FEAB
    { 15, 18, 213, 0, 17, 68, 5131 }, // U+FEAC
    { 9, 15, 147, -1, 9, 34, 5199 }, // U+FEAD
    { 13, 15, 158, -1, 9, 49, 5233 }, // U+FEAE
    { 9, 20, 147, -1, 14, 45, 5282 }, // U+FEAF
    { 13, 20, 158, -1, 14, 65, 5327 }, // U+FEB0
    { 29, 17, 484, 0, 11, 124, 5392 }, // U+FEB1
    { 33, 15, 508, 0, 9, 124, 5516 }, // U+FEB2
    { 19, 12, 314, 0, 11, 57, 5640 }, // U+FEB3
    { 23, 10, 340, 0, 9, 58, 5697 }, // U+FEB4
    { 29, 23, 484, 0, 17, 167, 5755 }, // U+FEB5
    { 33, 23, 508, 0, 17, 190, 5922 }, // U+FEB6
    { 19, 18, 314, 0, 17, 86, 6112 }, // U+FEB7
    { 23, 18, 340, 0, 17, 104, 6198 }, // U+FEB8
    { 32, 16, 522, 0, 10, 128, 6302 }, // U+FEB9
    { 36, 16, 541, 0, 10, 144, 6430 }, // U+FEBA
    { 22, 11, 361, 0, 10, 61, 6574 }, // U+FEBB
    { 25, 11, 380, 0, 10, 69, 6635 }, // U+FEBC
    { 32, 21, 522, 0, 15, 168, 6704 }, // U+FEBD
    { 36, 21, 541, 0, 15, 189, 6872 }, // U+FEBE
    { 22, 16, 361, 0, 15, 88, 7061 }, // U+FEBF
    { 25, 16, 380, 0, 15, 100, 7149 }, // U+FEC0
    { 19, 19, 315, 0, 18, 91, 7249 }, // U+FEC1
    { 23, 19, 332, 0, 18, 110, 7340 }, // U+FEC2
    { 16, 19, 271, 0, 18, 76, 7450 }, // U+FEC3
    { 19, 19, 284, 0, 18, 91, 7526 }, // U+FEC4
    { 19, 19, 315, 0, 18, 91, 7617 }, // U+FEC5
    { 23, 19, 332, 0, 18, 110, 7708 }, // U+FEC6
    { 16, 19, 271, 0, 18, 76, 7818 }, // U+FEC7
    { 19, 19, 284, 0, 18, 91, 7894 }, // U+FEC8
    { 15, 23, 203, 0, 13, 87, 7985 }, // U+FEC9
    { 15, 21, 212, 0, 11, 79, 8072 }, // U+FECA
    { 12, 12, 201, 0, 11, 36, 8151 }, // U+FECB
    { 15, 12, 208, 0, 11, 45, 8187 }, // U+FECC
    { 15, 28, 203, 0, 18, 105, 8232 }, // U+FECD
    { 15, 26, 212, 0, 16, 98, 8337 }, // U+FECE
    { 12, 17, 201, 0, 16, 51, 8435 }, // U+FECF
    { 15, 17, 208, 0, 16, 64, 8486 }, // U+FED0
    { 24, 19, 393, 0, 18, 114, 8550 }, // U+FED1
    { 29, 17, 439, 0, 16, 124, 8664 }, // U+FED2
    { 11, 19, 179, 0, 18, 53, 8788 }, // U+FED3
    { 14, 17, 198, 0, 16, 60, 8841 }, // U+FED4
    { 19, 21, 310, 0, 16, 100, 8901 }, // U+FED5
    { 22, 21, 323, 0, 14, 116, 9001 }, // U+FED6
    { 11, 19, 179, 0, 18, 53, 9117 }, // U+FED7
    { 14, 17, 198, 0, 16, 60, 9170 }, // U+FED8
    { 21, 19, 353, 0, 18, 100, 9230 }, // U+FED9
    { 25, 19, 369, 0, 18, 119, 9330 }, // U+FEDA
    { 11, 19, 165, 0, 18, 53, 9449 }, // U+FEDB
    { 14, 19, 203, 0, 18, 67, 9502 }, // U+FEDC
    { 16, 24, 278, 0, 18, 96, 9569 }, // U+FEDD
    { 20, 24, 292, 0, 18, 120, 9665 }, // U+FEDE
    { 6, 19, 104, 0, 18, 29, 9785 }, // U+FEDF
    { 9, 19, 120, 0, 18, 43, 9814 }, // U+FEE0
    { 12, 20, 194, 0, 10, 60, 9857 }, // U+FEE1
    { 16, 20, 225, 0, 10, 80, 9917 }, // U+FEE2
    { 12, 10, 210, 0, 9, 30, 9997 }, // U+FEE3
    { 16, 11, 231, 0, 10, 44, 10027 }, // U+FEE4
    { 16, 19, 274, 0, 13, 76, 10071 }, // U+FEE5
    { 20, 19, 292, 0, 13, 95, 10147 }, // U+FEE6
    { 6, 17, 108, 0, 16, 26, 10242 }, // U+FEE7
    { 10, 14, 137, 0, 13, 35, 10268 }, // U+FEE8
    { 10, 12, 162, 0, 12, 30, 10303 }, // U+FEE9
    { 14, 14, 194, 0, 13, 49, 10333 }, // U+FEEA
    { 14, 14, 230, 0, 13, 49, 10382 }, // U+FEEB
    { 14, 17, 203, 0, 11, 60, 10431 }, // U+FEEC
    { 9, 15, 179, 1, 9, 34, 10491 }, // U+FEED
    { 13, 15, 189, 1, 9, 49, 10525 }, // U+FEEE
    { 19, 17, 304, 0, 11, 81, 10574 }, // U+FEEF
    { 20, 11, 294, 0, 5, 55, 10655 }, // U+FEF0
    { 19, 22, 304, 0, 11, 105, 10710 }, // U+FEF1
    { 20, 16, 294, 0, 5, 80, 10815 }, // U+FEF2
    { 7, 16, 120, -1, 11, 28, 10895 }, // U+FEF3
    { 11, 13, 149, 0, 8, 36, 10923 }, // U+FEF4
    { 15, 19, 233, -2, 19, 72, 10959 }, // U+FEF5
    { 19, 20, 240, -2, 19, 95, 11031 }, // U+FEF6
    { 14, 22, 233, -1, 22, 77, 11126 }, // U+FEF7
    { 17, 23, 240, 0, 22, 98, 11203 }, // U+FEF8
    { 12, 26, 233, 1, 18, 78, 11301 }, // U+FEF9
    { 16, 26, 240, 1, 18, 104, 11379 }, // U+FEFA
    { 12, 18, 233, 1, 18, 54, 11483 }, // U+FEFB
    { 16, 19, 240, 1, 18, 76, 11537 }, // U+FEFC
    { 0, 0, 0, 0, 0, 0, 11613 }, // U+FEFF
    { 23, 23, 400, 1, 19, 133, 0 }, // U+FFFD
    { 17, 8, 0, 0, 0, 34, 0 }, // U+10EFD
    { 18, 9, 0, -1, -1, 41, 34 }, // U+10EFE
    { 10, 5, 0, 0, -1, 13, 75 }, // U+10EFF
};

static const EpdUnicodeInterval arabic_12_regularIntervals[] = {
    { 0x600, 0x6FF, 0x0 },
    { 0x750, 0x77F, 0x100 },
    { 0x870, 0x88E, 0x130 },
    { 0x890, 0x891, 0x14F },
    { 0x898, 0x8FF, 0x151 },
    { 0xFB50, 0xFBC2, 0x1B9 },
    { 0xFBD3, 0xFD8F, 0x22C },
    { 0xFD92, 0xFDC7, 0x3E9 },
    { 0xFDCF, 0xFDCF, 0x41F },
    { 0xFDF0, 0xFDFF, 0x420 },
    { 0xFE70, 0xFE74, 0x430 },
    { 0xFE76, 0xFEFC, 0x435 },
    { 0xFEFF, 0xFEFF, 0x4BC },
    { 0xFFFD, 0xFFFD, 0x4BD },
    { 0x10EFD, 0x10EFF, 0x4BE },
};

static const EpdFontGroup arabic_12_regularGroups[] = {
    { 0, 7535, 32635, 464, 0 },
    { 7535, 6578, 32700, 270, 464 },
    { 14113, 7190, 32565, 205, 734 },
    { 21303, 6074, 32417, 130, 939 },
    { 27377, 4003, 12423, 144, 1069 },
    { 31380, 97, 138, 1, 1213 },
    { 31477, 81, 100, 3, 1214 },
};

static const EpdKernClassEntry arabic_12_regularKernLeftClasses[] = {
    { 0x0660, 1 }, // U+0660
    { 0x0662, 2 }, // U+0662
    { 0x0664, 3 }, // U+0664
    { 0x0665, 4 }, // U+0665
    { 0x0667, 5 }, // U+0667
    { 0x0692, 6 }, // U+0692
    { 0x0693, 6 }, // U+0693
    { 0x0695, 6 }, // U+0695
    { 0x06EF, 6 }, // U+06EF
    { 0x06F1, 7 }, // U+06F1
    { 0x06F2, 2 }, // U+06F2
    { 0x06F3, 2 }, // U+06F3
    { 0x06F4, 2 }, // U+06F4
    { 0x06F5, 8 }, // U+06F5
    { 0x06F7, 9 }, // U+06F7
    { 0x06F8, 10 }, // U+06F8
    { 0x075B, 6 }, // U+075B
    { 0xFB8C, 6 }, // U+FB8C
    { 0xFEAD, 6 }, // U+FEAD
    { 0xFEAE, 6 }, // U+FEAE
    { 0xFEAF, 6 }, // U+FEAF
};

static const EpdKernClassEntry arabic_12_regularKernRightClasses[] = {
    { 0x0647, 1 }, // U+0647
    { 0x0660, 2 }, // U+0660
    { 0x0665, 3 }, // U+0665
    { 0x0666, 4 }, // U+0666
    { 0x0667, 5 }, // U+0667
    { 0x066F, 6 }, // U+066F
    { 0x06A1, 6 }, // U+06A1
    { 0x06AA, 1 }, // U+06AA
    { 0x06F5, 7 }, // U+06F5
    { 0x06F8, 8 }, // U+06F8
    { 0x06F9, 9 }, // U+06F9
    { 0xFB8E, 1 }, // U+FB8E
    { 0xFBA6, 1 }, // U+FBA6
    { 0xFBAA, 1 }, // U+FBAA
    { 0xFE8D, 10 }, // U+FE8D
    { 0xFEA3, 1 }, // U+FEA3
    { 0xFEA9, 6 }, // U+FEA9
    { 0xFEB1, 6 }, // U+FEB1
    { 0xFEB3, 6 }, // U+FEB3
    { 0xFEB9, 6 }, // U+FEB9
    { 0xFEBB, 6 }, // U+FEBB
    { 0xFEC1, 6 }, // U+FEC1
    { 0xFEC3, 6 }, // U+FEC3
    { 0xFECB, 10 }, // U+FECB
    { 0xFEDB, 1 }, // U+FEDB
    { 0xFEDF, 10 }, // U+FEDF
    { 0xFEE1, 1 }, // U+FEE1
    { 0xFEE3, 1 }, // U+FEE3
    { 0xFEE9, 1 }, // U+FEE9
    { 0xFEEB, 1 }, // U+FEEB
};

static const int8_t arabic_12_regularKernMatrix[] = {
       0,    0,    0,  -28,   -8,    0,    0,   -8,    0,    0,
       0,  -20,  -44,    0,    0,    0,  -20,  -20,    8,    0,
       0,    0,    0,  -18,  -12,    0,    0,    0,    0,    0,
       0,    0,    0,  -24,  -12,    0,    0,    0,    0,    0,
       0,   -8,  -12,   10,    0,    0,    0,  -18,    8,    0,
     -16,    0,    0,    0,    0,  -12,    0,    0,    0,  -10,
       0,    0,    0,   -8,    0,    0,    0,    0,    0,    0,
       0,    0,    0,  -24,    0,    0,    0,    0,    0,    0,
       0,    0,    0,   10,    0,    0,    0,  -18,    0,    0,
       0,   -8,    0,  -26,  -16,    0,    0,    0,   -8,    0,
};

static const EpdFontData arabic_12_regular = {
    arabic_12_regularBitmaps,
    arabic_12_regularGlyphs,
    arabic_12_regularIntervals,
    15,
    34,
    27,
    -8,
    true,
    arabic_12_regularGroups,
    7,
    nullptr,
    arabic_12_regularKernLeftClasses,
    arabic_12_regularKernRightClasses,
    arabic_12_regularKernMatrix,
    21,
    30,
    10,
    10,
    nullptr,
    0,
};
