/**
 * generated by fontconvert.py
 * name: arabic_14_regular
 * size: 14
 * mode: 2-bit  compressed: true
 * Command used: C:\Users\fatiha\Documents\side\lib\EpdFont\scripts\fontconvert.py arabic_14_regular 14 C:\Users\fatiha\Documents\side\lib\EpdFont\builtinFonts\source\NotoSansArabic\NotoSansArabic-Regular.ttf C:\Users\fatiha\Documents\side\lib\EpdFont\builtinFonts\source\NotoSans\NotoSans-Regular.ttf --only-additional-intervals --2bit --compress --pnum --group-max-uncompressed-bytes 32768 --additional-intervals 0x0600,0x06FF --additional-intervals 0x0750,0x077F --additional-intervals 0x0870,0x08FF --additional-intervals 0x10EC0,0x10EFF --additional-intervals 0x1EE00,0x1EEFF --additional-intervals 0xFB50,0xFDFF --additional-intervals 0xFE70,0xFEFF --additional-intervals 0xFFFD,0xFFFD
 */
#pragma once
#include "EpdFontData.h"

static const uint8_t arabic_14_regularBitmaps[40306] = {
    0xED, 0x3D, 0x6D, 0x6C, 0x1C, 0xC7, 0x75, 0x6F, 0x77, 0x8F, 0x5C, 0x5B, 0x6B, 0x71, 0x2F, 0x08,
    0x85, 0xDA, 0xA2, 0xED, 0xF5, 0x0F, 0x15, 0x50, 0x5D, 0x8A, 0x6B, 0xA0, 0x4C, 0x41, 0xBB, 0x77,
    0xB7, 0xE3, 0xA4, 0x40, 0x7F, 0xB8, 0x88, 0x89, 0xC2, 0xF2, 0x8F, 0x18, 0x68, 0xF4, 0xC3, 0x2D,
    0x1C, 0xC5, 0xAD, 0x88, 0x56, 0x49, 0x9C, 0xE0, 0xC8, 0x5B, 0x3B, 0x3F, 0x02, 0x34, 0x05, 0xCC,
    0x7E, 0xA2, 0x40, 0x92, 0x42, 0x45, 0x15, 0x20, 0xA6, 0x7F, 0x88, 0x01, 0xD4, 0x96, 0xB6, 0x4F,
    0xBA, 0xB5, 0x0D, 0x34, 0x40, 0xD5, 0x22, 0x9B, 0x08, 0xA9, 0xD1, 0xB8, 0xB1, 0x37, 0x96, 0xED,
    0xA4, 0x71, 0x10, 0x6F, 0xE3, 0x73, 0x72, 0xB2, 0x8E, 0xB7, 0x7D, 0xEF, 0xCD, 0xEC, 0xDE, 0xDE,
    0xF1, 0x48, 0x51, 0xA4, 0x44, 0x9E, 0x84, 0xEE, 0xC7, 0xEC, 0xC7, 0xED, 0xCC, 0x7B, 0xF3, 0xE6,
    0xCD, 0x9B, 0x37, 0x6F, 0xDE, 0xCC, 0x01, 0xF4, 0x6E, 0x2B, 0xEA, 0x6A, 0xB4, 0xD4, 0x8D, 0x1D,
    0xA4, 0x37, 0xE9, 0x27, 0x0E, 0x40, 0x2D, 0x91, 0x9B, 0xEF, 0xA9, 0x1B, 0xB1, 0xEF, 0x30, 0x6F,
    0x22, 0x9F, 0x56, 0xD1, 0xBD, 0x5F, 0x3E, 0xEF, 0x3B, 0x72, 0xBC, 0x76, 0x4E, 0x7D, 0xD9, 0x3E,
    0xFE, 0x4B, 0x75, 0x97, 0xAC, 0x7E, 0x21, 0x6E, 0x83, 0x76, 0xF8, 0xF0, 0x2C, 0xC0, 0xED, 0x5E,
    0x50, 0x54, 0xB1, 0x26, 0x9D, 0x2C, 0x91, 0xE3, 0xB9, 0xB4, 0xF4, 0x45, 0x05, 0xBD, 0x2D, 0xAF,
    0x95, 0x79, 0x79, 0x7D, 0xE2, 0x90, 0xBC, 0x56, 0x4B, 0xF2, 0xAA, 0x30, 0x5A, 0xB5, 0xD4, 0x15,
    0x24, 0x62, 0x0F, 0xC1, 0x9A, 0xAD, 0xE6, 0xCB, 0xAB, 0xF6, 0xD1, 0x24, 0x54, 0x99, 0xFE, 0xD6,
    0x77, 0x23, 0x79, 0x67, 0xBD, 0xFE, 0xB1, 0x30, 0xCD, 0x64, 0x12, 0xC8, 0x34, 0x3B, 0x49, 0x27,
    0x8D, 0xAA, 0x09, 0xD8, 0x68, 0xD3, 0xE2, 0x8D, 0x1E, 0xA1, 0x99, 0x7F, 0xB8, 0x19, 0x5A, 0xF9,
    0x47, 0x07, 0xAA, 0xD9, 0xFD, 0x2A, 0xC0, 0x14, 0x94, 0xD2, 0x27, 0x33, 0x09, 0xA0, 0xD2, 0x7D,
    0xB4, 0xBF, 0xD2, 0xCC, 0x3F, 0x3A, 0x90, 0x40, 0x07, 0xEA, 0xE9, 0xE3, 0x21, 0x70, 0x2F, 0x25,
    0xEF, 0x34, 0xBB, 0x8F, 0x66, 0xF2, 0x6A, 0x12, 0xA5, 0x8F, 0x53, 0x00, 0x47, 0x61, 0x09, 0xF3,
    0xF0, 0x89, 0x53, 0x98, 0xAF, 0xA5, 0x63, 0xF2, 0xED, 0x68, 0x23, 0xCD, 0xAF, 0x24, 0x4F, 0xF2,
    0xC1, 0xD7, 0x91, 0x70, 0x4B, 0x0D, 0x89, 0xFD, 0xC2, 0xAC, 0x8A, 0x1C, 0x6D, 0x98, 0x75, 0x3D,
    0x91, 0xE5, 0x54, 0x44, 0xFA, 0x7F, 0x1D, 0xB3, 0xFE, 0xE9, 0x96, 0xF3, 0xB0, 0x4C, 0x35, 0x2A,
    0x4B, 0x08, 0x27, 0x61, 0x72, 0x50, 0x44, 0x01, 0x55, 0xE3, 0x77, 0x03, 0x28, 0x19, 0x5F, 0x0D,
    0x61, 0x4A, 0x47, 0x1C, 0x1C, 0x1D, 0x4B, 0xC5, 0xFE, 0x28, 0x22, 0x63, 0xBE, 0x84, 0x81, 0x11,
    0x88, 0x7D, 0x42, 0x8F, 0x20, 0x89, 0xB4, 0x58, 0xC3, 0x02, 0x6B, 0x1A, 0xF8, 0xF3, 0x8A, 0x89,
    0xBF, 0x94, 0x6C, 0xCC, 0xC9, 0x94, 0x43, 0x44, 0x28, 0x13, 0x61, 0x88, 0x41, 0x2C, 0xCA, 0xBA,
    0x41, 0x98, 0xD3, 0x67, 0xA0, 0x05, 0x12, 0x84, 0x62, 0x15, 0x4A, 0xB9, 0x64, 0x12, 0x21, 0x4C,
    0xE4, 0x01, 0xC7, 0xC0, 0x5F, 0xED, 0x07, 0x88, 0xC4, 0xE7, 0x4E, 0x62, 0x84, 0x17, 0x4F, 0x5C,
    0x2D, 0x40, 0x00, 0xE3, 0xEA, 0xCA, 0x65, 0x3C, 0xBA, 0x28, 0x0B, 0xC8, 0x6D, 0x03, 0x33, 0x6F,
    0xA3, 0x03, 0x65, 0xE6, 0x07, 0x97, 0x4A, 0x04, 0xF4, 0xD8, 0x16, 0x2E, 0xC6, 0x30, 0x22, 0xDB,
    0xBF, 0x73, 0x34, 0xC1, 0xAB, 0x15, 0x4C, 0x79, 0x1D, 0xD0, 0x2F, 0x3E, 0xF2, 0xBD, 0x33, 0x0B,
    0x18, 0x93, 0x6A, 0x4F, 0x11, 0xD9, 0xC3, 0x4D, 0x12, 0x99, 0x92, 0x8D, 0xD8, 0xD7, 0x55, 0xD5,
    0xA4, 0xAB, 0xA7, 0xCE, 0x33, 0x74, 0x0D, 0xC1, 0x24, 0xA8, 0x76, 0x67, 0x89, 0x0B, 0x5E, 0xC7,
    0xD8, 0x8C, 0xCA, 0x84, 0x2A, 0x21, 0x42, 0x08, 0x0E, 0x52, 0x05, 0x47, 0x24, 0xDC, 0x10, 0xD3,
    0xB5, 0x7C, 0xCC, 0x8C, 0xA6, 0x65, 0x99, 0xA1, 0x3C, 0x33, 0x0C, 0x59, 0xF7, 0x09, 0x47, 0xC9,
    0x70, 0x2C, 0x24, 0xE8, 0x33, 0x3D, 0xEA, 0xFD, 0x56, 0x9C, 0xB8, 0x1D, 0xCB, 0xAD, 0x55, 0x83,
    0xB2, 0xDE, 0xF6, 0x44, 0x15, 0x96, 0xF7, 0x66, 0x14, 0x48, 0xC1, 0x49, 0x78, 0x12, 0xA0, 0x84,
    0xA8, 0x40, 0xCA, 0x74, 0x64, 0x42, 0x12, 0xAA, 0x12, 0x39, 0x0C, 0x57, 0x71, 0xBA, 0x14, 0x4F,
    0xFC, 0x39, 0xC3, 0xEE, 0x8D, 0x84, 0xE0, 0x0D, 0x41, 0xF0, 0xED, 0x88, 0x10, 0x78, 0x20, 0x26,
    0x0C, 0xF4, 0x40, 0xA1, 0x50, 0x60, 0xE2, 0x78, 0x7C, 0x23, 0xB7, 0xFD, 0x02, 0x1A, 0x91, 0x9E,
    0xB4, 0x8C, 0xB0, 0x6E, 0x06, 0x65, 0xCB, 0xAF, 0xD8, 0xFE, 0x94, 0x1D, 0x4C, 0x99, 0x49, 0x47,
    0xC3, 0xBA, 0xBE, 0x0F, 0x0B, 0xA9, 0xBD, 0xEF, 0x91, 0x18, 0x2B, 0x44, 0x72, 0x31, 0x2D, 0x4D,
    0x44, 0x63, 0x32, 0x3D, 0xC6, 0x31, 0x25, 0x1B, 0xD1, 0x2B, 0xC3, 0x02, 0xD4, 0x84, 0xA7, 0x60,
    0x20, 0xD2, 0x15, 0x2A, 0x0E, 0xCC, 0x94, 0x11, 0x11, 0x66, 0xF8, 0xE2, 0x4E, 0x8E, 0x48, 0x70,
    0x3F, 0xA5, 0xEA, 0x32, 0xA3, 0xED, 0x24, 0x9C, 0x93, 0x8A, 0xC6, 0xEC, 0x51, 0x95, 0xDC, 0x51,
    0x95, 0x12, 0x60, 0x9E, 0x9F, 0x16, 0xBD, 0x45, 0xA4, 0xD0, 0xB1, 0xD8, 0x96, 0x55, 0x48, 0xA3,
    0x10, 0x71, 0xD1, 0x3E, 0xB1, 0xF4, 0x37, 0x44, 0xB8, 0x93, 0x44, 0xC9, 0x44, 0xB2, 0x12, 0x70,
    0x2A, 0x46, 0x56, 0x22, 0x7C, 0xA7, 0xC7, 0x80, 0x72, 0x75, 0xD5, 0x8A, 0xA9, 0x3E, 0x63, 0x4A,
    0x4E, 0x87, 0x69, 0x4F, 0xF5, 0x39, 0x65, 0x4B, 0x5D, 0x96, 0xF7, 0xE8, 0x59, 0x61, 0x06, 0xB5,
    0x24, 0xB6, 0x5E, 0x4A, 0x9E, 0x6D, 0x5B, 0x4F, 0x47, 0x30, 0x6F, 0x25, 0x02, 0x2A, 0x56, 0x9B,
    0x6A, 0x09, 0x7E, 0x52, 0x31, 0x31, 0x7A, 0xDD, 0x4E, 0xC4, 0x68, 0xCB, 0xF1, 0xA8, 0x36, 0x9B,
    0x28, 0xF5, 0x0B, 0xB0, 0x0F, 0xC5, 0x82, 0x2B, 0x8A, 0x2F, 0x04, 0xF7, 0x7D, 0x27, 0xF0, 0x5E,
    0x0D, 0x90, 0x5D, 0x67, 0x00, 0xA6, 0x53, 0x31, 0x53, 0x7C, 0x0E, 0x66, 0x96, 0xC1, 0x6B, 0xF8,
    0xF2, 0xFD, 0x4C, 0x4A, 0xF8, 0xBB, 0x4D, 0xF8, 0xAD, 0xF3, 0xC2, 0xFA, 0x2B, 0xBF, 0x64, 0x88,
    0xE3, 0x16, 0x2C, 0xAF, 0xC2, 0x2C, 0x8B, 0x17, 0x0B, 0x99, 0xC4, 0xF9, 0xF8, 0x78, 0xE3, 0xF5,
    0x7B, 0xC3, 0x57, 0xDD, 0x57, 0xCF, 0xB9, 0x9D, 0xDF, 0x9F, 0xD4, 0xDA, 0x33, 0x5A, 0xC6, 0xB0,
    0xF0, 0x5D, 0xFF, 0xEE, 0x67, 0x2F, 0x89, 0x5A, 0x72, 0x96, 0x9F, 0xF6, 0xF2, 0x31, 0xF6, 0x28,
    0xD8, 0x09, 0xD8, 0x5F, 0x86, 0x43, 0x36, 0x34, 0x56, 0xE1, 0xE8, 0x09, 0x80, 0xDF, 0x03, 0xF8,
    0x11, 0x1F, 0x17, 0xE4, 0x21, 0xDC, 0xF3, 0xA2, 0xA9, 0x03, 0x53, 0xA1, 0x3D, 0xBA, 0xB4, 0x48,
    0xA5, 0x34, 0x0A, 0x86, 0x30, 0x7C, 0x3D, 0xD0, 0x03, 0xC3, 0xAF, 0xC1, 0xA3, 0xA0, 0xFB, 0x0D,
    0xFF, 0x4D, 0x22, 0x2A, 0x38, 0xC1, 0x4C, 0x34, 0x13, 0x39, 0x81, 0x2B, 0x0E, 0x64, 0x6F, 0x75,
    0x61, 0xF9, 0xB6, 0x70, 0xC0, 0xC5, 0xC2, 0x5D, 0x80, 0xC7, 0xB2, 0xEA, 0x7D, 0x16, 0xA5, 0xEE,
    0x19, 0xBC, 0x6A, 0x0D, 0x1F, 0xAC, 0xA4, 0x05, 0xEE, 0x4F, 0x56, 0xF1, 0x0B, 0x0F, 0xCB, 0xD0,
    0x46, 0xFE, 0x2F, 0x70, 0x59, 0x96, 0x55, 0xB5, 0xA4, 0xA6, 0xD4, 0x0C, 0x15, 0xC5, 0x9B, 0x8A,
    0x9B, 0xAB, 0xEA, 0xAC, 0xE0, 0x4B, 0xAF, 0x25, 0x4F, 0x17, 0x7F, 0xB4, 0xA4, 0x9C, 0xD5, 0x7C,
    0x23, 0x32, 0xC2, 0x42, 0xA1, 0x52, 0xAE, 0x54, 0x0A, 0xE3, 0x5C, 0x8F, 0xDF, 0x74, 0x92, 0x8E,
    0x27, 0xFE, 0xA8, 0xCA, 0x75, 0xBE, 0xCE, 0xB1, 0x91, 0xE1, 0x1C, 0x1F, 0xB0, 0x98, 0xB4, 0xB6,
    0x7C, 0x60, 0x36, 0xCC, 0x5A, 0xEC, 0x11, 0x4C, 0xD2, 0x07, 0x37, 0xA0, 0x70, 0x24, 0x2F, 0xAB,
    0x89, 0x11, 0x6C, 0x0E, 0xBD, 0xBF, 0xA0, 0x1A, 0xD7, 0xEE, 0x36, 0x57, 0xAA, 0x7A, 0x61, 0x38,
    0x06, 0x7A, 0x8B, 0x93, 0x44, 0xC1, 0x81, 0x69, 0xBB, 0xAB, 0x94, 0x21, 0xAD, 0x21, 0x28, 0x5B,
    0x8E, 0xCF, 0x92, 0x50, 0x54, 0x88, 0xAD, 0x90, 0x11, 0x00, 0x09, 0x62, 0x47, 0x24, 0x79, 0xCC,
    0x64, 0x89, 0x12, 0x4E, 0xB8, 0xD1, 0x1C, 0x7D, 0x7E, 0xB1, 0x5B, 0x93, 0x2F, 0x71, 0xDD, 0x7E,
    0x91, 0xAB, 0xEC, 0x05, 0x0E, 0x6B, 0x42, 0xD5, 0x1D, 0x42, 0x55, 0x4B, 0x7C, 0x33, 0xF1, 0x91,
    0x56, 0x4E, 0x96, 0x8F, 0xA0, 0x68, 0x7C, 0xD0, 0xD2, 0x92, 0x56, 0x2D, 0x11, 0x28, 0xD6, 0x0E,
    0x60, 0x7A, 0x02, 0xBC, 0x8B, 0xD1, 0xF1, 0x46, 0xD8, 0xCD, 0xCE, 0x69, 0xE6, 0xE6, 0xFC, 0xB1,
    0xD2, 0x7B, 0xD4, 0x7B, 0x8F, 0xAA, 0x3A, 0xF6, 0x88, 0x9A, 0x58, 0x86, 0x65, 0x28, 0x9F, 0xA8,
    0x45, 0x9F, 0x97, 0x6D, 0xBF, 0xB0, 0xFD, 0x74, 0xB7, 0xBA, 0x7B, 0x90, 0xEE, 0x26, 0xEF, 0xF0,
    0x0D, 0x30, 0xDA, 0xC8, 0x42, 0x60, 0xF8, 0xA0, 0xBF, 0x8D, 0xB4, 0x14, 0x46, 0xD6, 0x32, 0x3E,
    0x07, 0x06, 0xE6, 0xE0, 0xDD, 0xD0, 0x31, 0xE2, 0xB2, 0x16, 0x97, 0xA0, 0x59, 0x86, 0xA6, 0xA7,
    0x35, 0xDD, 0xA4, 0x69, 0x61, 0x8D, 0xD7, 0x59, 0x30, 0x38, 0x81, 0x96, 0x88, 0x46, 0x1B, 0x30,
    0x0F, 0x8F, 0x52, 0x03, 0x5D, 0xC9, 0xF6, 0x29, 0xB5, 0xBB, 0xD9, 0xEE, 0xE4, 0x76, 0xDA, 0xF6,
    0xF8, 0x9E, 0x3F, 0x87, 0xDA, 0x51, 0xF9, 0x88, 0x1B, 0xDF, 0x4B, 0x2F, 0x7E, 0x8D, 0xCB, 0x6D,
    0x95, 0x4A, 0x54, 0x0F, 0xA8, 0x44, 0x31, 0xA4, 0x12, 0xFD, 0x85, 0x8F, 0x25, 0xAA, 0x25, 0x4F,
    0x62, 0x89, 0x6A, 0x6F, 0x5E, 0xFD, 0x12, 0x3D, 0xDD, 0xA2, 0x6D, 0x05, 0xB7, 0x3A, 0x6D, 0x55,
    0xDE, 0x24, 0x09, 0xEE, 0x52, 0xAA, 0xCE, 0x6D, 0x7C, 0xA9, 0xCB, 0x92, 0xAF, 0x72, 0x73, 0x07,
    0xE5, 0xDE, 0x4B, 0x45, 0x5E, 0x3C, 0xF9, 0xA5, 0x43, 0xB5, 0x6D, 0xA2, 0x29, 0xD5, 0xB7, 0x10,
    0x1A, 0x4A, 0xE0, 0x1D, 0x5D, 0x1A, 0xA0, 0xC1, 0xA5, 0x92, 0xBC, 0xDC, 0x73, 0x61, 0x71, 0x2F,
    0x84, 0x71, 0x3E, 0x34, 0x5E, 0x09, 0xB5, 0xFB, 0xD3, 0xC6, 0xB8, 0xC8, 0x5C, 0x80, 0xB8, 0x27,
    0xBE, 0xF1, 0xA3, 0xD0, 0x7A, 0x32, 0x76, 0xA0, 0x39, 0x45, 0x28, 0x95, 0x4A, 0x50, 0xAA, 0xC0,
    0x8A, 0xFB, 0xB7, 0x4D, 0x3B, 0xC1, 0xD6, 0x40, 0x70, 0x6C, 0x26, 0xD5, 0x85, 0x28, 0x77, 0x01,
    0x4C, 0xE9, 0x5A, 0xE5, 0xEA, 0x56, 0xA5, 0xD3, 0xF6, 0xE4, 0x63, 0xA7, 0x91, 0xC0, 0xF2, 0xEE,
    0x08, 0x52, 0xA0, 0xF1, 0xE5, 0xBE, 0x87, 0x13, 0xBA, 0x77, 0x12, 0x9F, 0x44, 0xA6, 0x00, 0x93,
    0x9E, 0xB8, 0xDD, 0xA0, 0xC2, 0x37, 0x48, 0x78, 0x59, 0x54, 0x75, 0x59, 0x57, 0xAF, 0xC8, 0xF6,
    0xB9, 0x40, 0xD5, 0xA9, 0x42, 0x54, 0xE6, 0xA0, 0x00, 0x69, 0x7B, 0x96, 0x7E, 0xE2, 0xB2, 0x2A,
    0x71, 0x11, 0x46, 0x03, 0x9D, 0x11, 0x38, 0xC6, 0x30, 0xD2, 0x3E, 0xC3, 0xF6, 0x80, 0xA7, 0x80,
    0x56, 0xB2, 0x60, 0xF3, 0xC0, 0x8B, 0x99, 0x52, 0xCE, 0xC1, 0xEC, 0x1A, 0x36, 0xDB, 0x35, 0xD4,
    0x34, 0x4E, 0x09, 0x65, 0xA1, 0x19, 0x71, 0xAB, 0xD1, 0xE2, 0xB8, 0x65, 0x8E, 0x87, 0x47, 0xF9,
    0xF3, 0x0F, 0xB7, 0x93, 0xA4, 0xC9, 0xD8, 0x70, 0x36, 0xA4, 0xE0, 0x2B, 0x66, 0x1D, 0x8F, 0x2B,
    0x89, 0x3E, 0x4A, 0xB5, 0x9E, 0xB0, 0x47, 0x75, 0x18, 0x15, 0x08, 0x94, 0x16, 0xD8, 0x10, 0x68,
    0x11, 0xDD, 0xE0, 0x23, 0xBE, 0xC7, 0xA4, 0xCE, 0x92, 0x1C, 0xA8, 0x45, 0x50, 0x93, 0x15, 0xBC,
    0xC0, 0x89, 0x95, 0x21, 0xAF, 0xE4, 0x6D, 0x25, 0x9D, 0xBE, 0x4E, 0x95, 0xAD, 0x3A, 0x66, 0x92,
    0x94, 0x99, 0x96, 0x67, 0x90, 0x2E, 0x1E, 0x49, 0x11, 0xD6, 0xD4, 0x95, 0x76, 0x13, 0x6B, 0xF1,
    0x18, 0x35, 0x59, 0xB4, 0x93, 0x70, 0x6C, 0x19, 0xB1, 0x1E, 0x11, 0x55, 0x3B, 0x8F, 0x5C, 0x7C,
    0x24, 0xA4, 0x6A, 0xC0, 0xFD, 0x54, 0xBA, 0xB9, 0xD4, 0x71, 0xA4, 0xC2, 0xDD, 0x54, 0x94, 0x97,
    0x0D, 0x1D, 0x8A, 0x38, 0x29, 0xB9, 0xED, 0x10, 0x85, 0xB2, 0xD4, 0xCE, 0x9E, 0x95, 0xAA, 0x32,
    0x56, 0x11, 0xD5, 0x39, 0x1B, 0x7D, 0x3E, 0xD7, 0xE3, 0xCB, 0x10, 0x35, 0xC3, 0x3C, 0x7E, 0x2C,
    0x7B, 0x52, 0x4A, 0xCC, 0xCF, 0xF7, 0xDF, 0x8C, 0x8F, 0x5F, 0x7F, 0x39, 0xC5, 0x38, 0x51, 0xA6,
    0x2C, 0xAC, 0xA6, 0x5D, 0xCD, 0x8B, 0x0D, 0x85, 0x69, 0x43, 0x70, 0x06, 0x8C, 0x08, 0x9B, 0x13,
    0xCB, 0x67, 0x34, 0x2D, 0x52, 0x79, 0x19, 0x4F, 0x54, 0x48, 0x6C, 0x9F, 0x10, 0x6D, 0x53, 0x13,
    0xC3, 0x9C, 0x9E, 0xB4, 0x61, 0x54, 0x22, 0x46, 0xA8, 0x36, 0xF9, 0xEE, 0xFD, 0x06, 0x71, 0x3B,
    0x23, 0xAB, 0x11, 0xCB, 0x57, 0x94, 0x7E, 0xC4, 0xE8, 0x9A, 0x12, 0x3A, 0xE2, 0xEB, 0x06, 0xD0,
    0x8B, 0x70, 0x17, 0xE3, 0x7E, 0x94, 0xBB, 0xFA, 0x3D, 0x82, 0x5D, 0x7B, 0x57, 0xD8, 0xB0, 0xFF,
    0x7A, 0x7D, 0xE5, 0xD7, 0x59, 0x27, 0xB4, 0xD7, 0x86, 0x62, 0x6D, 0x38, 0xD1, 0xA2, 0x10, 0xD5,
    0x78, 0xEC, 0xFD, 0x76, 0x4E, 0xA1, 0xDE, 0x70, 0x2A, 0x44, 0x8E, 0xB6, 0x3B, 0x54, 0x55, 0xED,
    0x26, 0x87, 0x21, 0x65, 0x1B, 0x33, 0x6D, 0x05, 0xE3, 0x1E, 0x69, 0x08, 0x35, 0x36, 0xA9, 0x50,
    0x88, 0xCD, 0xFF, 0x08, 0x59, 0x6E, 0x36, 0xC2, 0x41, 0x50, 0x48, 0x9D, 0x63, 0x15, 0x0A, 0x7E,
    0x73, 0x0D, 0x70, 0xC0, 0x8E, 0x1C, 0x16, 0x18, 0x82, 0xB0, 0xA8, 0xAF, 0xEB, 0xF8, 0xA9, 0x64,
    0x2D, 0x77, 0x65, 0x2C, 0x09, 0x43, 0x3B, 0x6C, 0x10, 0x49, 0x11, 0x98, 0x46, 0xDF, 0x69, 0x54,
    0xC2, 0x4C, 0x72, 0x2E, 0x56, 0x37, 0x8B, 0x51, 0xCD, 0x84, 0x74, 0x57, 0x5C, 0xD7, 0xB3, 0xA4,
    0x3C, 0x16, 0xD7, 0x4D, 0x30, 0x85, 0x41, 0x15, 0x0E, 0x31, 0xA1, 0xCE, 0x17, 0x95, 0xE5, 0x48,
    0x96, 0x33, 0x96, 0xFF, 0x23, 0xBD, 0xAC, 0x35, 0x24, 0x48, 0xAE, 0x31, 0x44, 0x1D, 0x90, 0x7C,
    0x55, 0x3F, 0x22, 0x15, 0x09, 0x65, 0xBD, 0x50, 0xB2, 0xAD, 0xC6, 0x1C, 0x69, 0x4A, 0xCB, 0x97,
    0xC7, 0x0F, 0x9A, 0x7C, 0x30, 0x9B, 0x79, 0xC9, 0x65, 0x4A, 0x1E, 0xD6, 0x54, 0xA5, 0xF1, 0x04,
    0xDC, 0x26, 0x19, 0x79, 0x4A, 0xDA, 0x47, 0x18, 0xE5, 0xB6, 0xBC, 0x94, 0xE5, 0x65, 0x4A, 0x62,
    0xEA, 0x70, 0xDF, 0x08, 0x9F, 0x48, 0x3D, 0xC1, 0xF8, 0xAC, 0x9E, 0xB4, 0x80, 0xD5, 0x13, 0x9F,
    0xD4, 0x93, 0x67, 0x66, 0xBB, 0x36, 0xA2, 0x61, 0xC5, 0xAC, 0xBB, 0x29, 0x31, 0x3F, 0x5F, 0xCD,
    0x5F, 0xD4, 0x4B, 0x33, 0xC8, 0x67, 0x40, 0xF7, 0xBB, 0xB1, 0xA4, 0xBE, 0x56, 0xE3, 0xF0, 0x5F,
    0x04, 0x75, 0xCC, 0xCE, 0x07, 0xA4, 0xC6, 0xBF, 0x18, 0xA2, 0x1A, 0xAF, 0x09, 0xFF, 0x1A, 0x77,
    0xCC, 0x72, 0x1D, 0x42, 0x21, 0x10, 0x2E, 0x6A, 0x9B, 0x08, 0x17, 0x43, 0x82, 0x2B, 0xEE, 0xBF,
    0x56, 0x70, 0x6F, 0xCD, 0x69, 0xBD, 0x95, 0x9D, 0x86, 0xBE, 0xEF, 0x30, 0x90, 0x65, 0x27, 0x09,
    0x2E, 0xDF, 0x99, 0xE8, 0xDF, 0xF6, 0xCB, 0x8B, 0x34, 0xE2, 0x18, 0xD2, 0x88, 0x63, 0x06, 0x2D,
    0x59, 0xFB, 0xAB, 0xCC, 0x5E, 0x50, 0x9A, 0xE2, 0x0B, 0x6B, 0xE2, 0xB6, 0x2F, 0x2F, 0xC9, 0x6A,
    0x99, 0x23, 0xAC, 0x72, 0x96, 0xF7, 0x55, 0xA5, 0x5E, 0x5E, 0x65, 0xBD, 0x5C, 0x6B, 0x49, 0xBD,
    0x3C, 0x66, 0xF6, 0x42, 0xFE, 0x42, 0xBD, 0x5C, 0xF2, 0x57, 0xA1, 0xD0, 0x55, 0xE9, 0xA5, 0x36,
    0x31, 0x3E, 0x3E, 0xB8, 0xF1, 0x62, 0x83, 0x1F, 0x6A, 0xAB, 0x6C, 0xAF, 0x3D, 0x46, 0xB5, 0xA5,
    0xC5, 0x42, 0x23, 0xA6, 0x26, 0x4A, 0x8B, 0x8D, 0xC0, 0x16, 0x14, 0xBA, 0xA4, 0x33, 0x04, 0x15,
    0x62, 0x64, 0xB2, 0xC5, 0x4D, 0x70, 0x88, 0xD5, 0xA5, 0xC2, 0xA8, 0x7A, 0x92, 0x76, 0x3E, 0xD3,
    0xAE, 0x05, 0x28, 0xA0, 0x0D, 0xD6, 0x4A, 0xA5, 0x08, 0xC9, 0xC9, 0x90, 0xF2, 0x06, 0x17, 0xCE,
    0xE0, 0x4D, 0xF2, 0xB2, 0x20, 0x2F, 0x2D, 0x69, 0xE4, 0x94, 0xF5, 0x0E, 0x8B, 0x73, 0x4A, 0x0A,
    0x2C, 0x97, 0xAA, 0xE3, 0x21, 0x60, 0x13, 0xE8, 0x19, 0xBC, 0x94, 0x49, 0x6A, 0xD1, 0xC5, 0x12,
    0x58, 0xC8, 0x65, 0x59, 0x0F, 0x95, 0x74, 0xF4, 0x64, 0xD2, 0x44, 0xAF, 0xD1, 0xB6, 0xAC, 0x8E,
    0x4D, 0x59, 0x1D, 0x05, 0x57, 0x47, 0x89, 0x99, 0x16, 0xA5, 0x75, 0x65, 0xE3, 0x00, 0x06, 0x05,
    0xCD, 0xBE, 0x60, 0x8C, 0x02, 0x6A, 0xD0, 0x9A, 0x84, 0x43, 0x93, 0xF0, 0x89, 0x89, 0xDF, 0x28,
    0xD0, 0xE3, 0x0A, 0xB1, 0xA4, 0x4B, 0xDA, 0x2E, 0x35, 0xD9, 0x02, 0x5B, 0x6B, 0xEA, 0x5F, 0x12,
    0x52, 0x59, 0x1B, 0x4D, 0xB6, 0x1C, 0x6C, 0xAE, 0x8C, 0x66, 0x8D, 0xBE, 0x12, 0x26, 0x2B, 0x0E,
    0x26, 0x1B, 0xB4, 0x35, 0xA4, 0x3F, 0x66, 0xC2, 0x77, 0xDF, 0x3A, 0xC6, 0x39, 0xAC, 0xF6, 0x9D,
    0x25, 0x45, 0xCF, 0xB2, 0x32, 0x9D, 0xB8, 0xAA, 0x6D, 0xA5, 0x16, 0xA6, 0x90, 0xF6, 0x69, 0xF3,
    0x92, 0xBF, 0xD8, 0xCF, 0x0F, 0x41, 0x2A, 0x06, 0x95, 0x31, 0x50, 0x2A, 0x2A, 0x69, 0x6E, 0x5A,
    0xE5, 0x34, 0x90, 0xF9, 0x62, 0x55, 0x84, 0xB4, 0x90, 0x10, 0xEB, 0x8C, 0x1B, 0x98, 0xC9, 0xA9,
    0x44, 0xA9, 0x1D, 0xA3, 0x4B, 0x42, 0x89, 0x5F, 0x26, 0xAE, 0x4E, 0x15, 0x53, 0x23, 0xA2, 0x9B,
    0xD4, 0x44, 0xD9, 0x5F, 0xC1, 0x4F, 0xA6, 0x74, 0xCC, 0x7A, 0x59, 0x43, 0xC6, 0x2D, 0x6B, 0x97,
    0xB0, 0x90, 0x8D, 0x0B, 0x31, 0x38, 0x0F, 0xBC, 0x18, 0x63, 0x31, 0xF9, 0xCD, 0x03, 0x66, 0xF2,
    0xD1, 0x98, 0x5A, 0xEC, 0xD8, 0xED, 0x3C, 0x90, 0xF8, 0x5B, 0xB5, 0x92, 0xEC, 0x9E, 0xE5, 0x6A,
    0x97, 0xE1, 0x76, 0xED, 0x01, 0xD2, 0x0E, 0x60, 0xBC, 0x17, 0x77, 0x2D, 0x04, 0xF0, 0xC4, 0xB1,
    0xE6, 0x2A, 0x08, 0x19, 0xB2, 0xD6, 0x81, 0x8D, 0xFF, 0x37, 0x83, 0xF9, 0x6F, 0x06, 0xC7, 0xEE,
    0x0B, 0x2C, 0x57, 0xD8, 0xAB, 0xB0, 0x47, 0xAC, 0xFD, 0x2E, 0x7D, 0xE6, 0xF2, 0x34, 0xBE, 0x66,
    0x8E, 0x19, 0x5F, 0xD3, 0xDA, 0x13, 0xF1, 0x42, 0x3E, 0x4D, 0xD9, 0x25, 0x11, 0xC5, 0xF3, 0xFE,
    0x3D, 0xE7, 0xFD, 0x8F, 0x24, 0xC2, 0xFB, 0x19, 0xC9, 0xBE, 0x51, 0xE1, 0x84, 0x33, 0xCB, 0xD3,
    0x73, 0x95, 0xC8, 0xF6, 0xF7, 0xA0, 0x5C, 0x78, 0x3B, 0xF8, 0x66, 0x23, 0x40, 0x8E, 0xDC, 0xE3,
    0x7B, 0xC1, 0x34, 0xCC, 0xC0, 0xD4, 0x11, 0x97, 0xF9, 0xAB, 0xFF, 0xF9, 0xC8, 0x32, 0x6E, 0x45,
    0x18, 0x37, 0xDB, 0xAE, 0xA8, 0x89, 0x37, 0x82, 0x37, 0x82, 0x86, 0x7F, 0xB7, 0x7C, 0x1D, 0xD7,
    0xC2, 0xFD, 0xC2, 0x5B, 0xBD, 0xFB, 0x1B, 0x00, 0xCB, 0xD3, 0xC7, 0x97, 0x4B, 0x91, 0x13, 0xD8,
    0xFE, 0x08, 0x13, 0xCA, 0x0E, 0x0E, 0x85, 0xD3, 0xF1, 0xF2, 0xF1, 0xD9, 0xBB, 0x0A, 0x28, 0x00,
    0xC8, 0xCE, 0x5E, 0xC0, 0x3E, 0x26, 0xA6, 0x1C, 0x4D, 0x47, 0x5E, 0xE0, 0xF8, 0xC8, 0x77, 0xB7,
    0x95, 0x0A, 0xA5, 0x27, 0xF4, 0xD8, 0xF6, 0xE7, 0x8B, 0x71, 0x2C, 0x4E, 0x00, 0x0F, 0x81, 0xE8,
    0x3F, 0xA6, 0x1E, 0xA8, 0x1E, 0xC0, 0x6D, 0x97, 0xFC, 0x46, 0x22, 0x3E, 0xB4, 0x88, 0x94, 0x71,
    0x7C, 0x2F, 0xB4, 0x03, 0x1D, 0x0E, 0x62, 0xFD, 0x2A, 0x63, 0xD1, 0x48, 0xD3, 0x1A, 0xC2, 0x60,
    0x93, 0x5F, 0x6A, 0xDC, 0x33, 0x02, 0x23, 0x94, 0x3B, 0xE0, 0x97, 0x7B, 0xC8, 0x96, 0x8B, 0x5F,
    0xA3, 0x36, 0x20, 0x16, 0xC0, 0x45, 0x9D, 0xDE, 0x41, 0xA6, 0x77, 0x7E, 0x5B, 0xD6, 0x43, 0x3E,
    0x7D, 0x79, 0x52, 0x4D, 0xA3, 0xD3, 0x0C, 0xD2, 0x1A, 0x2E, 0xFB, 0x73, 0xF9, 0x93, 0xB6, 0x83,
    0x00, 0x8F, 0x56, 0x21, 0x5E, 0x29, 0x6B, 0x51, 0xA9, 0xA2, 0x47, 0x25, 0xD7, 0x88, 0xAA, 0x4E,
    0x92, 0xB4, 0x9D, 0xA4, 0x11, 0xDB, 0x27, 0x47, 0xC4, 0x56, 0xD2, 0xA4, 0x6E, 0x37, 0xD9, 0x51,
    0x75, 0xAC, 0xB2, 0xC8, 0x4E, 0xCC, 0x58, 0x79, 0x99, 0xE2, 0x2D, 0x91, 0xD5, 0x02, 0x8B, 0xBA,
    0x23, 0xF5, 0x23, 0xEA, 0xFF, 0x79, 0x4A, 0xB6, 0x54, 0x79, 0xB8, 0x01, 0x9F, 0x17, 0x27, 0xF0,
    0x9B, 0xC4, 0xD7, 0xD5, 0x70, 0x47, 0x3A, 0x4A, 0xAA, 0xA3, 0x40, 0xB3, 0xDE, 0x6E, 0x23, 0x3E,
    0x15, 0x36, 0x47, 0x56, 0x30, 0xD7, 0x65, 0x79, 0xFA, 0x25, 0x94, 0x67, 0x74, 0xA5, 0x67, 0xA2,
    0xA6, 0xFD, 0x9D, 0x06, 0xD6, 0xF8, 0xB6, 0xD4, 0x5D, 0x71, 0xFB, 0x55, 0x2C, 0xAD, 0x1A, 0x3E,
    0x13, 0xDD, 0xE0, 0x70, 0x2A, 0xD5, 0x4A, 0x7D, 0xD2, 0xAD, 0xA2, 0x4E, 0x37, 0x2F, 0xE5, 0xA0,
    0x97, 0xC2, 0xA9, 0xDC, 0x4C, 0x87, 0x89, 0xC9, 0xF6, 0xCF, 0x3D, 0x2D, 0x97, 0xDB, 0x04, 0x41,
    0xC5, 0x14, 0x60, 0x2B, 0x63, 0x05, 0x5A, 0x93, 0xBA, 0x68, 0x28, 0x3F, 0x62, 0xA4, 0x8E, 0xD6,
    0xA4, 0x48, 0x2D, 0x8A, 0x5D, 0xA7, 0xA4, 0xE6, 0x29, 0xED, 0x0A, 0x89, 0x53, 0x8F, 0xAB, 0x23,
    0x8F, 0x9F, 0xB5, 0xA4, 0xB2, 0x8C, 0x40, 0xE2, 0x54, 0x63, 0xCC, 0x08, 0x0B, 0x70, 0x22, 0x1B,
    0xE2, 0x8B, 0x53, 0xED, 0x92, 0x86, 0x45, 0xC0, 0xAE, 0xA7, 0x43, 0x81, 0x53, 0x94, 0x5E, 0x99,
    0x52, 0xAE, 0x12, 0x8C, 0x15, 0x82, 0x46, 0x70, 0x75, 0xC2, 0x80, 0x71, 0x31, 0x03, 0x14, 0x12,
    0x16, 0xE1, 0x87, 0x1F, 0x50, 0xAB, 0xC7, 0xFC, 0x87, 0x45, 0x30, 0xC9, 0xA3, 0x43, 0xBC, 0x9D,
    0x25, 0xDD, 0x00, 0xBB, 0x40, 0xEF, 0xA0, 0xF4, 0xD5, 0x49, 0x31, 0x6D, 0x22, 0x91, 0x56, 0xF0,
    0xAC, 0xF3, 0x80, 0x82, 0xF3, 0x93, 0x36, 0x93, 0x16, 0x8E, 0x56, 0x73, 0xA4, 0x4B, 0x1B, 0x87,
    0x29, 0x45, 0xB6, 0x3C, 0xE9, 0xD2, 0x51, 0x37, 0x3B, 0x28, 0xBB, 0x61, 0xD5, 0xF2, 0x9B, 0x34,
    0xD2, 0x86, 0x18, 0xD1, 0xA0, 0x94, 0x4F, 0x5F, 0x4D, 0x71, 0x31, 0xAC, 0x50, 0xDB, 0x27, 0xCD,
    0x33, 0xF4, 0x8B, 0x38, 0xE1, 0xE8, 0xAD, 0xB2, 0xDE, 0xAE, 0xC2, 0x32, 0xEB, 0x19, 0x5A, 0x80,
    0xF9, 0x5E, 0x86, 0x39, 0x88, 0xF4, 0xD0, 0xF2, 0xA7, 0x64, 0xC3, 0x58, 0x80, 0x2A, 0x76, 0x7E,
    0xFD, 0x31, 0xC4, 0x7F, 0x06, 0xD3, 0x70, 0xB1, 0x9A, 0xA4, 0x32, 0x92, 0x68, 0x24, 0xC7, 0x72,
    0x08, 0x89, 0x7D, 0x9F, 0xFC, 0xDE, 0xAC, 0x8B, 0xFA, 0x83, 0x41, 0x62, 0x8D, 0xC6, 0x92, 0xE9,
    0xC4, 0x36, 0x45, 0x8B, 0xEB, 0x60, 0xF8, 0x77, 0x60, 0x8F, 0x47, 0xCF, 0xC9, 0xB8, 0x6B, 0x6B,
    0x36, 0xDE, 0x31, 0xFD, 0x48, 0x49, 0xBA, 0x29, 0xD0, 0x2E, 0x05, 0xC6, 0x4B, 0x81, 0x65, 0x04,
    0x28, 0x81, 0xF6, 0x9F, 0x4C, 0x29, 0x44, 0x3C, 0xD1, 0x73, 0xE8, 0x7D, 0x47, 0xDC, 0x73, 0x68,
    0xE9, 0x01, 0x72, 0x20, 0xE9, 0x03, 0x80, 0x90, 0xC6, 0xE1, 0x6F, 0x5E, 0x08, 0xBC, 0xC4, 0x2F,
    0x9E, 0xDC, 0x5E, 0x9A, 0x1B, 0x0F, 0x9C, 0xAC, 0x33, 0x6A, 0xD2, 0x3D, 0xE4, 0xB6, 0x00, 0xDA,
    0x5B, 0x24, 0x6B, 0xB5, 0x10, 0x6E, 0x7B, 0x1E, 0x33, 0xEB, 0x7F, 0x68, 0x71, 0xB3, 0x63, 0x39,
    0xA7, 0xD5, 0x38, 0x64, 0xFF, 0xB9, 0x02, 0x23, 0x62, 0x05, 0x7B, 0x79, 0x2B, 0x5A, 0x12, 0xAE,
    0x60, 0x7E, 0xEA, 0xC8, 0x9B, 0xD9, 0x69, 0xC4, 0x85, 0x3A, 0x74, 0xCE, 0x54, 0xA1, 0xD6, 0x41,
    0xD1, 0x19, 0x56, 0x9D, 0x26, 0x54, 0x6F, 0xEE, 0x4A, 0x3B, 0x48, 0x7B, 0xDF, 0x1A, 0xAB, 0xF7,
    0x26, 0xAB, 0x1C, 0xD2, 0x93, 0xC5, 0x66, 0xCD, 0xC3, 0x01, 0x56, 0x3E, 0x04, 0xA0, 0xFE, 0x61,
    0x05, 0x45, 0x54, 0x41, 0x10, 0xAB, 0x32, 0x0D, 0xF8, 0xB7, 0x50, 0x11, 0xF1, 0x12, 0x41, 0xBA,
    0x48, 0x08, 0xA8, 0x8E, 0x1C, 0xA0, 0x11, 0x56, 0xAE, 0xF2, 0x52, 0xCF, 0x97, 0xC6, 0x1A, 0x69,
    0x47, 0x63, 0x23, 0x1A, 0xEB, 0x41, 0xD0, 0x60, 0x45, 0xA0, 0xC1, 0x42, 0x43, 0x69, 0x2A, 0x07,
    0x52, 0x27, 0x0E, 0x65, 0x1D, 0x06, 0xF8, 0x63, 0x0E, 0xEF, 0x60, 0xDC, 0x4A, 0x8C, 0x5B, 0x73,
    0x97, 0x70, 0x93, 0x5B, 0xDA, 0x7D, 0x4D, 0x7D, 0x6A, 0xA0, 0xD6, 0x52, 0x5A, 0x8E, 0x7C, 0x81,
    0x8A, 0x8E, 0xEC, 0x4A, 0xA3, 0xAE, 0x23, 0xB9, 0xAF, 0xAD, 0xF4, 0x62, 0x62, 0x9C, 0xBA, 0xA6,
    0x94, 0x1E, 0xEF, 0x94, 0x2F, 0xA1, 0x3A, 0x49, 0xC0, 0xAA, 0x8F, 0x8E, 0xF5, 0x9B, 0xB5, 0x1F,
    0xA3, 0x03, 0x52, 0x01, 0x22, 0x8B, 0xA7, 0xD4, 0x81, 0x94, 0xC8, 0x62, 0xF3, 0x47, 0x39, 0x95,
    0x53, 0xA9, 0xEC, 0x57, 0xFA, 0x10, 0x80, 0x52, 0x89, 0xB8, 0xEC, 0x96, 0x94, 0x7B, 0x4E, 0x92,
    0xFA, 0xDF, 0xE4, 0x74, 0xA3, 0xA8, 0xE7, 0xF2, 0x73, 0xA9, 0x59, 0x4A, 0x62, 0x40, 0xEB, 0xB4,
    0xEC, 0x0D, 0x9C, 0x96, 0xC9, 0xF0, 0x37, 0xFA, 0x92, 0xD8, 0x19, 0x51, 0xD3, 0xD3, 0x11, 0xE2,
    0x26, 0x7F, 0x6D, 0x17, 0xB3, 0x92, 0x75, 0x31, 0xAF, 0x21, 0x2E, 0x3B, 0x33, 0x10, 0x37, 0x3E,
    0xA8, 0x13, 0xA8, 0x72, 0x3B, 0x70, 0x70, 0x0B, 0x76, 0x76, 0x8C, 0xEB, 0xD3, 0x97, 0xFE, 0x9A,
    0x8B, 0xFF, 0x65, 0xE6, 0x10, 0xED, 0x15, 0xC9, 0x05, 0x49, 0x8F, 0x97, 0xD6, 0x93, 0x7E, 0x1E,
    0x97, 0xF3, 0x61, 0x3E, 0x0F, 0x95, 0x9E, 0x4B, 0xE1, 0x06, 0x28, 0x31, 0x45, 0x79, 0x99, 0xCD,
    0x34, 0xB7, 0x6A, 0xB0, 0xB4, 0x97, 0x3F, 0x6F, 0xCD, 0x47, 0x4B, 0x23, 0x48, 0x2A, 0xE9, 0x2F,
    0x05, 0xBB, 0x34, 0x54, 0xB9, 0xB3, 0x54, 0xEA, 0xCD, 0x98, 0x7C, 0xA9, 0x3D, 0x35, 0x88, 0x5F,
    0x24, 0x2B, 0x9D, 0x4C, 0xF5, 0x44, 0x3B, 0xB3, 0xC0, 0x9B, 0xFF, 0x95, 0x5A, 0x2B, 0xAD, 0xC5,
    0xA1, 0x18, 0x5B, 0x84, 0xCC, 0x95, 0x4A, 0x6B, 0xA6, 0x5A, 0xEE, 0x10, 0x0F, 0x85, 0xF2, 0xAF,
    0x64, 0xF1, 0xF7, 0xE8, 0x15, 0x02, 0x27, 0xB8, 0xE4, 0x13, 0x89, 0x6F, 0xA9, 0x8B, 0x42, 0xA8,
    0x44, 0x52, 0x89, 0x06, 0x9D, 0x81, 0x87, 0x69, 0xEB, 0xE2, 0x49, 0x9E, 0x16, 0xE4, 0x62, 0x88,
    0xA5, 0xB5, 0xC2, 0x01, 0x39, 0x06, 0x74, 0x81, 0xF3, 0x27, 0x3C, 0xE6, 0x62, 0x21, 0xF0, 0x50,
    0x63, 0x43, 0x9C, 0xCB, 0x30, 0x0E, 0xCF, 0x6E, 0x33, 0xE7, 0x65, 0xCA, 0x79, 0x85, 0x00, 0xDD,
    0x4A, 0x99, 0x1E, 0x57, 0x23, 0xE4, 0x75, 0xFA, 0x81, 0x5C, 0x84, 0x2E, 0x9B, 0xF3, 0x23, 0x99,
    0x07, 0xA1, 0xF4, 0x96, 0xA3, 0x0F, 0x1F, 0xA4, 0x5E, 0xD1, 0xD3, 0xD4, 0xDD, 0x1F, 0xB9, 0x31,
    0xCA, 0x88, 0x2A, 0x50, 0x99, 0x4A, 0xA6, 0x4A, 0x42, 0x65, 0x85, 0xFA, 0x45, 0x79, 0x32, 0x6D,
    0xB2, 0x8C, 0xB6, 0x0D, 0x9C, 0x5A, 0x81, 0x15, 0x0E, 0xE8, 0xB1, 0x4E, 0x3F, 0x6C, 0x02, 0xB8,
    0xEE, 0xF3, 0x68, 0xF7, 0xBF, 0x51, 0xFF, 0x4D, 0xFF, 0x61, 0x68, 0x3E, 0x15, 0xDA, 0x49, 0xB0,
    0xE7, 0x99, 0x7C, 0xEB, 0x72, 0x25, 0x43, 0xF1, 0x9B, 0xFE, 0x58, 0x7F, 0x17, 0x8C, 0x8F, 0x81,
    0x71, 0x8E, 0x47, 0x37, 0x8A, 0x57, 0x08, 0x45, 0x56, 0xF7, 0x3A, 0x2B, 0x75, 0xC5, 0xAB, 0x9D,
    0x85, 0xDE, 0xC4, 0x91, 0x67, 0xED, 0xA7, 0x7D, 0x3C, 0x98, 0x79, 0xAF, 0x21, 0x41, 0x54, 0xDA,
    0x1A, 0x58, 0xE7, 0x02, 0x3C, 0x08, 0xDC, 0x11, 0xD5, 0xAD, 0xD9, 0x26, 0x0E, 0xA3, 0xA3, 0x2A,
    0xFA, 0x76, 0xFD, 0x2C, 0x90, 0x83, 0x1E, 0x10, 0xF6, 0xB7, 0x7D, 0x0C, 0xB7, 0x4B, 0x96, 0x88,
    0x8F, 0x37, 0x7C, 0xD2, 0x78, 0x5B, 0xA7, 0x51, 0xD3, 0x45, 0x2D, 0x37, 0xA7, 0xE1, 0x6E, 0xDD,
    0x1D, 0xC3, 0x78, 0x32, 0xD0, 0x5F, 0x0E, 0xE0, 0x82, 0x80, 0xC6, 0x1A, 0xFF, 0x8E, 0xAD, 0xA5,
    0x79, 0xF9, 0x28, 0x11, 0x34, 0x56, 0xCC, 0xF6, 0x64, 0xED, 0x67, 0x4F, 0xD4, 0xAC, 0xF8, 0x2E,
    0x10, 0x5B, 0x74, 0x24, 0x99, 0xA5, 0xE6, 0x8C, 0x5A, 0xB4, 0xD9, 0x2D, 0xE6, 0xDD, 0xDC, 0x03,
    0xC6, 0x9F, 0xB3, 0x33, 0x6D, 0xBC, 0x6E, 0x66, 0xC7, 0xB5, 0xA8, 0xAC, 0x47, 0x65, 0x23, 0x2C,
    0x6C, 0x06, 0x0D, 0xE9, 0x8B, 0x76, 0x21, 0xEA, 0xFA, 0xA2, 0x6D, 0x8D, 0x86, 0xB7, 0x4A, 0x16,
    0xE0, 0x04, 0x2F, 0x5C, 0x8D, 0x04, 0x59, 0x6D, 0xC1, 0x74, 0x48, 0xE2, 0x5E, 0xBD, 0x34, 0x07,
    0x39, 0xC8, 0x64, 0x37, 0xB9, 0x99, 0x13, 0xBB, 0xEA, 0x05, 0x23, 0x94, 0x17, 0x0C, 0x99, 0xF4,
    0xD8, 0xC9, 0x82, 0x6D, 0x7B, 0x3C, 0xD8, 0x21, 0xD6, 0xBA, 0x94, 0xEC, 0x26, 0xAA, 0x34, 0xFC,
    0xC7, 0xA8, 0x7A, 0x9E, 0x42, 0x95, 0x6E, 0x18, 0x55, 0x1E, 0x19, 0x24, 0x54, 0xF5, 0xD4, 0x6B,
    0xC5, 0x48, 0xA7, 0x9A, 0x68, 0xFE, 0x8D, 0xE0, 0xAC, 0xB4, 0xCD, 0xBC, 0x0F, 0x81, 0x3B, 0x8F,
    0x10, 0xCA, 0x9D, 0x87, 0xFB, 0x09, 0x92, 0xD3, 0xDE, 0xEB, 0xB2, 0xDA, 0x00, 0x5E, 0x83, 0x9B,
    0x07, 0x38, 0x2D, 0x39, 0x7D, 0x3D, 0x12, 0xCA, 0xE5, 0xFF, 0x66, 0xF9, 0xFD, 0x79, 0x36, 0xC1,
    0x68, 0x76, 0xF6, 0x06, 0x74, 0x6E, 0x5A, 0xA4, 0x90, 0x4A, 0xD7, 0xE1, 0xD4, 0x6C, 0x28, 0xD0,
    0xE0, 0x0B, 0xB8, 0x2E, 0x87, 0x1E, 0xC9, 0x28, 0x66, 0x94, 0x6B, 0xE0, 0x58, 0x34, 0x0A, 0xA9,
    0x76, 0xCC, 0xE9, 0x16, 0xA9, 0xC9, 0x6F, 0x12, 0xA3, 0xBE, 0xDF, 0x5C, 0x4B, 0xED, 0x21, 0x72,
    0xF0, 0xD9, 0x59, 0x0F, 0x85, 0x9D, 0x87, 0x37, 0xD0, 0x0D, 0x5C, 0xD9, 0x2B, 0xBC, 0x9E, 0x97,
    0xC3, 0xEA, 0xD5, 0x71, 0x25, 0x79, 0xD8, 0xC8, 0x3D, 0xBC, 0xC7, 0x1E, 0xD3, 0xD3, 0x78, 0xEF,
    0x5A, 0xC6, 0x76, 0x97, 0x90, 0x8A, 0x2E, 0xEF, 0x45, 0xB9, 0x4B, 0x2A, 0x35, 0x7B, 0xA9, 0x3B,
    0xD0, 0xB0, 0xF5, 0xA3, 0x41, 0x86, 0xAD, 0xA1, 0x23, 0xB2, 0x6C, 0x94, 0x65, 0x93, 0x2E, 0xC3,
    0xF5, 0xA6, 0xA4, 0xEE, 0xA4, 0x4F, 0x90, 0x6C, 0x78, 0x25, 0x3E, 0x52, 0xCB, 0xC8, 0xFB, 0x2E,
    0x95, 0x87, 0xC8, 0x77, 0x69, 0x68, 0x5D, 0x09, 0x55, 0x31, 0x36, 0x18, 0xA0, 0x25, 0xBB, 0x79,
    0x72, 0xE4, 0x46, 0xCD, 0xC8, 0x56, 0xF3, 0xB1, 0x95, 0x42, 0xE0, 0xF8, 0x6A, 0xA0, 0xE6, 0x83,
    0x59, 0x1E, 0xEE, 0x49, 0x64, 0x8C, 0x87, 0x1B, 0x12, 0x6F, 0x4D, 0x0D, 0xEC, 0xA8, 0x69, 0xC2,
    0xA5, 0x7D, 0xDC, 0xC2, 0xB6, 0xE5, 0xCC, 0x66, 0x76, 0xC8, 0xA1, 0xF6, 0x7A, 0xE4, 0xF0, 0xE1,
    0xC3, 0x1B, 0xD1, 0x45, 0x0E, 0x9D, 0x78, 0xCD, 0x65, 0xA6, 0xCB, 0xE7, 0xE5, 0x20, 0xB8, 0xB4,
    0x85, 0x04, 0xDA, 0xCE, 0xD0, 0x45, 0x75, 0xB5, 0xEB, 0x32, 0xB2, 0xBA, 0x14, 0x87, 0xC8, 0xE9,
    0xEC, 0x40, 0x8A, 0x60, 0xEE, 0xA2, 0x7A, 0xF5, 0xD6, 0x39, 0xC9, 0xA3, 0xF2, 0x82, 0x2F, 0x87,
    0x07, 0xEB, 0xE1, 0x75, 0xE2, 0xDB, 0xB6, 0x4F, 0xED, 0x28, 0xE4, 0x5C, 0x6A, 0xA5, 0x70, 0x01,
    0x37, 0x64, 0x6F, 0xA7, 0x55, 0xFE, 0xD8, 0x8E, 0x98, 0xBD, 0xC7, 0x86, 0xC3, 0x83, 0x78, 0xF3,
    0xE8, 0x0E, 0x41, 0x6D, 0xCC, 0x64, 0xB6, 0xA4, 0xF6, 0x83, 0x81, 0x6C, 0x39, 0xE5, 0x78, 0x48,
    0x24, 0xB3, 0x22, 0x6E, 0x3C, 0xCA, 0x0F, 0x9B, 0xAB, 0xB9, 0x6C, 0x5C, 0xD3, 0x61, 0x2E, 0xD5,
    0x77, 0xEF, 0xB6, 0xAF, 0xD7, 0x6F, 0xC6, 0xB4, 0x9E, 0x56, 0x48, 0x5D, 0xD4, 0x4B, 0x55, 0xC3,
    0xD5, 0x4B, 0x23, 0xE8, 0x89, 0xA8, 0x9C, 0x90, 0xD4, 0x0A, 0x22, 0xF6, 0xA1, 0xBC, 0xDE, 0xEC,
    0x1C, 0x1A, 0x95, 0x02, 0x88, 0x09, 0x32, 0x76, 0x5D, 0x10, 0x64, 0x66, 0x2F, 0x79, 0xBA, 0xD1,
    0x7A, 0x19, 0x36, 0xCD, 0xA9, 0x37, 0x97, 0x53, 0xF7, 0x8E, 0x41, 0xDA, 0xDE, 0x50, 0xF9, 0x3D,
    0x8B, 0x14, 0x53, 0xE9, 0x8D, 0x22, 0x86, 0x16, 0x53, 0xCD, 0xEF, 0xC1, 0x94, 0xEB, 0x54, 0xA5,
    0x92, 0x06, 0x85, 0xC2, 0xF0, 0x22, 0x3E, 0x54, 0x6E, 0xEE, 0x8A, 0x3E, 0x23, 0xD9, 0xD8, 0xE4,
    0x83, 0xD9, 0xD8, 0x64, 0x33, 0x1B, 0x62, 0x3E, 0xB2, 0xF3, 0x3E, 0xEB, 0xDD, 0x6D, 0xFD, 0xA1,
    0xED, 0xAB, 0x0B, 0x92, 0x97, 0x80, 0x91, 0xC1, 0x7F, 0xD2, 0x23, 0xDB, 0x78, 0x9A, 0x31, 0x2D,
    0x2C, 0x13, 0x2B, 0xDF, 0xF1, 0xD1, 0x67, 0x06, 0xF6, 0x80, 0xAE, 0x6E, 0xCE, 0x77, 0x8A, 0xCE,
    0xE6, 0xBB, 0x08, 0xCD, 0xF8, 0x1D, 0x4A, 0xE8, 0xCB, 0x99, 0x48, 0x2C, 0x66, 0x3A, 0x71, 0x86,
    0x01, 0x6B, 0xC3, 0xA8, 0x04, 0xAB, 0xA0, 0x3B, 0xE4, 0x75, 0x5D, 0x4C, 0x56, 0x90, 0x39, 0x6A,
    0x65, 0x41, 0x71, 0xAD, 0x71, 0x75, 0xB7, 0x06, 0xBE, 0x1F, 0xC3, 0xE6, 0x8B, 0x07, 0x68, 0x02,
    0xD0, 0xDE, 0x16, 0x98, 0x53, 0xFD, 0xCD, 0x14, 0xE3, 0x4D, 0x2E, 0x78, 0xB0, 0xF9, 0x2F, 0xB7,
    0x0F, 0x6B, 0x3B, 0x0B, 0x33, 0x9C, 0xD9, 0x60, 0xC6, 0x48, 0xD3, 0x79, 0x32, 0xFE, 0xC2, 0xCB,
    0xD1, 0xF2, 0x3B, 0xE1, 0x3F, 0x25, 0x7E, 0xA3, 0x03, 0xD8, 0x03, 0x26, 0x3E, 0xD8, 0x30, 0x0A,
    0xF2, 0x57, 0x2D, 0x89, 0x8E, 0x9E, 0x0A, 0xA1, 0xE6, 0x1F, 0xCB, 0xA2, 0x60, 0xC9, 0xE9, 0x81,
    0xF1, 0x45, 0xA1, 0x9F, 0x63, 0xEF, 0xCD, 0x7A, 0xAF, 0xB9, 0x70, 0x0B, 0xB3, 0x56, 0x0E, 0x70,
    0x3A, 0x1D, 0xF6, 0xFF, 0xBC, 0x83, 0x3B, 0xE3, 0xCD, 0x6D, 0xA4, 0x76, 0x17, 0xAF, 0xAF, 0x33,
    0x0D, 0x6A, 0x41, 0x9D, 0x6D, 0xE2, 0x26, 0xED, 0xCC, 0x6D, 0xD0, 0x5E, 0x23, 0x37, 0x02, 0xE3,
    0x63, 0x81, 0x9E, 0x57, 0x2D, 0xAE, 0x3C, 0x41, 0xAC, 0xD6, 0xE6, 0xB7, 0x78, 0xE8, 0x3D, 0x2B,
    0xDF, 0xAD, 0x51, 0x8C, 0x9D, 0x8D, 0x65, 0x6A, 0xE6, 0x36, 0x53, 0xDB, 0xFD, 0xD9, 0x3B, 0x12,
    0xB2, 0x02, 0xAD, 0x60, 0x4B, 0xE0, 0xA9, 0x5B, 0x37, 0x83, 0x1F, 0x67, 0xF8, 0xA3, 0x09, 0x23,
    0xE0, 0x25, 0x12, 0x83, 0x05, 0x46, 0xA1, 0xA8, 0xBC, 0x67, 0x95, 0xEF, 0xAC, 0xF2, 0x9C, 0x55,
    0x7E, 0xB3, 0xCA, 0x6B, 0x56, 0xF9, 0xCC, 0xA6, 0x1E, 0xB3, 0xCA, 0x5F, 0x36, 0x87, 0x8B, 0xE1,
    0xF3, 0x1A, 0x65, 0xDF, 0x65, 0x1D, 0xF6, 0x3D, 0x9E, 0x66, 0x5A, 0x63, 0xA4, 0x2A, 0x8C, 0xD3,
    0xF8, 0x35, 0xA6, 0x47, 0x31, 0xF5, 0x22, 0x1F, 0x87, 0xEB, 0xB9, 0x30, 0x33, 0xBB, 0x7C, 0x25,
    0x17, 0x16, 0x72, 0x16, 0x65, 0x2F, 0x6F, 0x6B, 0x86, 0x61, 0x9C, 0x3E, 0x26, 0x0D, 0xD9, 0xD2,
    0xB8, 0x9D, 0xCF, 0x45, 0xDE, 0x22, 0xAE, 0x86, 0x53, 0x6D, 0xC9, 0xA6, 0xEE, 0x82, 0xF4, 0xF3,
    0x97, 0x43, 0x92, 0x6D, 0x39, 0x54, 0x18, 0x9B, 0x42, 0xF6, 0x7A, 0x72, 0x83, 0x95, 0xBD, 0xBE,
    0xA3, 0x2E, 0x35, 0x0F, 0x23, 0x27, 0x7B, 0xCC, 0xD8, 0x08, 0xFB, 0x13, 0x4B, 0x5F, 0xC7, 0x98,
    0xDF, 0x90, 0x70, 0x24, 0x00, 0x33, 0x9D, 0x6C, 0x26, 0x29, 0xF5, 0x8A, 0x22, 0x58, 0xEF, 0x88,
    0xF5, 0x0E, 0x61, 0xB6, 0xEF, 0xA1, 0x46, 0x3B, 0x69, 0x5F, 0xD1, 0x8A, 0x41, 0x00, 0x41, 0x7A,
    0x62, 0xA1, 0xFC, 0xEB, 0xE7, 0xFC, 0x89, 0xE4, 0x92, 0x58, 0xF8, 0x83, 0xE7, 0xE0, 0x0B, 0x58,
    0x10, 0xFB, 0x55, 0x61, 0x8C, 0xF9, 0xF0, 0x22, 0xC0, 0xB7, 0x7D, 0xF8, 0x41, 0x00, 0xE7, 0x82,
    0x89, 0x4B, 0xC1, 0xC2, 0x51, 0xFA, 0x9D, 0x7E, 0x2E, 0xF0, 0x8A, 0x6C, 0xEF, 0x80, 0xF9, 0x0E,
    0x54, 0xCE, 0x92, 0xFC, 0x2B, 0x86, 0xD3, 0x61, 0x29, 0xBC, 0x3D, 0x2C, 0x84, 0xB5, 0xE0, 0xA8,
    0xD8, 0x2F, 0xF6, 0xAF, 0x1A, 0x3F, 0xBE, 0x13, 0x4A, 0x8B, 0xD3, 0x27, 0x4A, 0xE0, 0x9C, 0xD1,
    0x4F, 0x9A, 0xC2, 0x0A, 0x4C, 0xBF, 0x74, 0x7A, 0xBE, 0x75, 0x90, 0xD5, 0x6A, 0xD8, 0x0B, 0x33,
    0xDF, 0xBF, 0xE7, 0xD0, 0x6B, 0x73, 0xEE, 0xEA, 0xDC, 0x0C, 0x78, 0x31, 0xEC, 0x91, 0x9E, 0x53,
    0x9F, 0x52, 0xA6, 0x79, 0x1E, 0x99, 0x25, 0x06, 0x7A, 0x13, 0x26, 0xA8, 0xF9, 0xD9, 0x4F, 0x8B,
    0x04, 0x2E, 0x60, 0x8D, 0xFA, 0x2C, 0xF1, 0x82, 0xF5, 0xF7, 0x88, 0xF8, 0xF3, 0x4B, 0x4B, 0x4B,
    0xCF, 0x1A, 0x78, 0xC3, 0xC4, 0xC0, 0x9B, 0x1F, 0xB2, 0x36, 0xF6, 0x00, 0xE8, 0xEF, 0x72, 0xD4,
    0x17, 0x84, 0xEA, 0x6E, 0xEB, 0x81, 0x95, 0xFA, 0xDF, 0xA7, 0x6B, 0x8C, 0x2D, 0xDF, 0xA1, 0x6E,
    0x8E, 0xA7, 0xAB, 0x3B, 0xCE, 0xA4, 0x6B, 0x53, 0x4E, 0xCE, 0xF4, 0xDF, 0xDC, 0xBE, 0xFE, 0xCD,
    0x64, 0x16, 0x2B, 0x4B, 0x27, 0x4D, 0x79, 0x7A, 0x2C, 0x85, 0x95, 0x41, 0x37, 0x7C, 0x85, 0x8F,
    0xF6, 0x33, 0xBE, 0x79, 0xC1, 0x87, 0xB7, 0x08, 0x45, 0xFD, 0xCB, 0x59, 0x2E, 0x04, 0x04, 0x89,
    0xBA, 0xF9, 0x67, 0xCA, 0xA9, 0xF9, 0x15, 0xCC, 0x3B, 0xE9, 0x61, 0xB5, 0xC7, 0x72, 0xD4, 0xE8,
    0xD2, 0x07, 0xB4, 0xA5, 0x5E, 0x8B, 0xC4, 0x3D, 0x00, 0x5D, 0x69, 0xCD, 0x2A, 0x2E, 0x32, 0x96,
    0x1E, 0xAA, 0x71, 0x6F, 0x7C, 0x1D, 0x46, 0x70, 0xE8, 0x76, 0x80, 0xF3, 0x3E, 0x58, 0xB7, 0x00,
    0xBC, 0x86, 0xD0, 0xFF, 0x5B, 0x2A, 0x89, 0x75, 0xD9, 0xD9, 0x3A, 0x44, 0xFC, 0x3B, 0x0E, 0x36,
    0x8C, 0x85, 0x88, 0xE6, 0x58, 0x30, 0x13, 0x1A, 0x06, 0xDC, 0xB2, 0xBC, 0x1C, 0x1A, 0xBA, 0xB8,
    0xA5, 0x34, 0x19, 0xA2, 0xEE, 0x7C, 0x4B, 0x8C, 0x0A, 0xE1, 0x2A, 0xD8, 0x01, 0xA7, 0x6B, 0xCB,
    0x78, 0x25, 0x09, 0x14, 0xCF, 0x57, 0x11, 0x30, 0xA6, 0x89, 0x72, 0xDB, 0x46, 0x08, 0x6F, 0xBD,
    0x7F, 0x78, 0xE1, 0xF1, 0x0C, 0x3A, 0x58, 0xB2, 0x50, 0xF4, 0xD7, 0x7B, 0x2C, 0xD0, 0x77, 0xB1,
    0x2F, 0x99, 0x1D, 0x94, 0xE3, 0xE9, 0xB9, 0x99, 0xD8, 0x09, 0x35, 0x9E, 0x12, 0x72, 0x6F, 0x34,
    0xB7, 0xBC, 0xBC, 0x3C, 0xB7, 0x5C, 0x89, 0x1C, 0xFF, 0x4E, 0x51, 0x6B, 0xC2, 0xE9, 0xD1, 0xA8,
    0x21, 0x8A, 0x70, 0x1B, 0xD4, 0xC4, 0x87, 0xFD, 0x9A, 0xFF, 0xBE, 0x88, 0xE0, 0x44, 0xDA, 0x35,
    0x1A, 0xC0, 0x50, 0x3D, 0xB3, 0x3D, 0xC1, 0x0B, 0xEE, 0x0B, 0xBD, 0x70, 0x22, 0x98, 0xF0, 0x17,
    0x32, 0x15, 0x1E, 0x65, 0x51, 0xE9, 0x08, 0x3C, 0x01, 0xC2, 0x4B, 0xA2, 0x11, 0xAA, 0xE4, 0x03,
    0x5F, 0x1A, 0x81, 0x2E, 0x60, 0x72, 0xFA, 0x8E, 0xE9, 0xBD, 0x33, 0x93, 0x5E, 0x6B, 0xCF, 0x22,
    0x2D, 0x8D, 0x49, 0x4B, 0x2E, 0x5A, 0x17, 0x8F, 0x45, 0x9E, 0xD0, 0x5B, 0x98, 0x89, 0x79, 0xA4,
    0x60, 0x85, 0x54, 0x75, 0x72, 0x7F, 0xF3, 0x84, 0x86, 0x15, 0xDB, 0x88, 0x4C, 0xDF, 0x08, 0x06,
    0x9D, 0x96, 0xD0, 0x43, 0x1B, 0x25, 0x28, 0xD6, 0xF4, 0x96, 0x87, 0x64, 0xA1, 0x53, 0xA7, 0xF9,
    0x8A, 0xD1, 0xE9, 0xD3, 0x34, 0x4B, 0x55, 0x43, 0x5A, 0x98, 0xC1, 0x9D, 0x71, 0xB5, 0x3A, 0x15,
    0x93, 0x95, 0x74, 0x0A, 0xF3, 0x5B, 0x13, 0x53, 0x03, 0xF3, 0xDD, 0xA4, 0x51, 0x13, 0xE3, 0xA7,
    0x60, 0x7C, 0x1C, 0x2C, 0x53, 0x8C, 0xE8, 0xDB, 0xF0, 0x80, 0x2C, 0xA9, 0x4A, 0xAD, 0xBD, 0xEC,
    0x1B, 0x4F, 0x05, 0x3A, 0x6C, 0xD7, 0x33, 0xEF, 0x46, 0x9E, 0xC0, 0x7A, 0xAB, 0xB6, 0x02, 0x55,
    0xAB, 0x0D, 0x65, 0xE7, 0xEF, 0xA0, 0x82, 0x6D, 0x9F, 0x4B, 0xE7, 0x27, 0xDF, 0xA5, 0x09, 0xA9,
    0xC2, 0x4E, 0x4E, 0x5E, 0x1E, 0xCF, 0xBE, 0xB4, 0xE1, 0xA6, 0x74, 0x5E, 0x91, 0x50, 0xB3, 0x5D,
    0xB1, 0xC0, 0x2E, 0x92, 0xCA, 0x8F, 0xA5, 0x1B, 0x96, 0x31, 0x1E, 0x4D, 0x63, 0x95, 0xD4, 0x9B,
    0xE2, 0x49, 0xAC, 0x66, 0x50, 0xE2, 0xD3, 0x08, 0x4A, 0x23, 0x78, 0x8E, 0x99, 0x81, 0x77, 0xEC,
    0x93, 0x3E, 0xC2, 0x07, 0xF3, 0x17, 0x58, 0xD2, 0xBF, 0xBE, 0xA8, 0x25, 0xB1, 0xF9, 0xC1, 0x09,
    0x9B, 0xA6, 0x48, 0xF2, 0x41, 0x9E, 0x23, 0x05, 0xA3, 0x59, 0x25, 0x57, 0x18, 0x37, 0xA2, 0x61,
    0xC7, 0x05, 0xAA, 0xAE, 0xD8, 0x3C, 0x99, 0xEC, 0x57, 0xE2, 0x30, 0x02, 0xB9, 0xD5, 0x6E, 0x27,
    0x49, 0xFF, 0xAF, 0xA8, 0x41, 0x90, 0x32, 0x95, 0x6F, 0x9D, 0xBE, 0xE3, 0x39, 0xAB, 0x34, 0x31,
    0x33, 0x9D, 0xB3, 0xAA, 0xC7, 0x3C, 0x67, 0x95, 0xB2, 0xDA, 0xA6, 0x7C, 0x57, 0xDD, 0xD4, 0x1E,
    0xE5, 0x91, 0x78, 0x74, 0xBB, 0x73, 0x56, 0xE3, 0x6C, 0xCE, 0x6A, 0x74, 0x23, 0xCD, 0x59, 0xBD,
    0xDE, 0xD7, 0xD8, 0xBA, 0x32, 0xEF, 0xC2, 0xEB, 0x7A, 0xBD, 0xAA, 0x42, 0xE6, 0xD2, 0x55, 0xC9,
    0x5C, 0xBA, 0x2A, 0x99, 0x4B, 0x57, 0xA1, 0xD7, 0xA5, 0x6B, 0x87, 0x17, 0x48, 0xC2, 0xF4, 0xEA,
    0x84, 0xEC, 0x0A, 0x05, 0x75, 0x7E, 0xDC, 0x84, 0xFF, 0xD4, 0xE6, 0xA6, 0xAD, 0xC2, 0xF4, 0x09,
    0x98, 0x8E, 0x69, 0x79, 0x5B, 0x79, 0xA4, 0xE5, 0x71, 0x85, 0xCB, 0x7D, 0x1C, 0x9C, 0x83, 0x6A,
    0x09, 0xCF, 0xC9, 0x39, 0x28, 0xE1, 0x59, 0xA6, 0x13, 0xD6, 0x5B, 0xEE, 0x03, 0x32, 0x67, 0x30,
    0xAA, 0xCA, 0xFA, 0x0F, 0xA8, 0x6C, 0x9F, 0xA6, 0xDC, 0x93, 0x1E, 0x34, 0xD2, 0x67, 0x50, 0xBB,
    0xDA, 0x06, 0xB0, 0x1D, 0x9B, 0x74, 0x75, 0xD3, 0x38, 0x1B, 0x0E, 0xBD, 0x8A, 0x2C, 0xAC, 0x72,
    0x55, 0x8E, 0x75, 0x15, 0x2F, 0xEB, 0x0A, 0xB5, 0x93, 0xD3, 0xCF, 0xD6, 0x56, 0xDF, 0xF5, 0x3C,
    0xCC, 0x76, 0x1D, 0x89, 0x3E, 0xEF, 0x25, 0x39, 0xCD, 0x71, 0x78, 0x69, 0x36, 0x18, 0xDD, 0x5D,
    0x98, 0x39, 0x7B, 0x99, 0x69, 0x80, 0x39, 0x37, 0xB0, 0x9D, 0x41, 0xA2, 0x9C, 0x1F, 0xCF, 0x85,
    0x5F, 0xCA, 0xEE, 0xDD, 0x79, 0x39, 0xF6, 0x1E, 0x84, 0x6B, 0xBF, 0x37, 0x9E, 0x0C, 0xF2, 0xAE,
    0x6C, 0x17, 0x94, 0x67, 0xD1, 0x8E, 0xB2, 0x69, 0x6E, 0xB2, 0xDA, 0x83, 0x37, 0xD0, 0x64, 0x35,
    0xB9, 0xEC, 0x29, 0xCF, 0xE9, 0x23, 0x73, 0x3D, 0x1B, 0xEE, 0x77, 0x71, 0xBE, 0x58, 0xDE, 0xB6,
    0x56, 0x64, 0xEB, 0x69, 0x3B, 0xF3, 0x41, 0xBA, 0xC2, 0x74, 0xAA, 0x64, 0xAB, 0xD6, 0xBE, 0x0D,
    0xC6, 0x97, 0x84, 0x29, 0x3B, 0x96, 0xEB, 0x77, 0x53, 0xEC, 0xA4, 0xB3, 0xE7, 0xD4, 0xFF, 0xAC,
    0xBB, 0x9E, 0x6B, 0xDA, 0x09, 0x2A, 0xF5, 0x6B, 0x69, 0x07, 0x0F, 0x5E, 0x3F, 0x9A, 0x1C, 0x6C,
    0x72, 0xB5, 0xD4, 0xEB, 0xC2, 0x33, 0xFC, 0xC8, 0x11, 0xBC, 0x61, 0xFC, 0x18, 0x53, 0x2D, 0xD3,
    0xC6, 0xEC, 0x9D, 0xD0, 0xC6, 0xB6, 0xEE, 0xCD, 0x2E, 0x67, 0x50, 0x73, 0xBD, 0xDF, 0xB3, 0x0B,
    0x6A, 0xE4, 0xF5, 0xE3, 0x86, 0x3F, 0xA8, 0xD5, 0xD2, 0xE5, 0xEC, 0x10, 0xB5, 0x64, 0x58, 0xEA,
    0x09, 0x3D, 0x14, 0xCE, 0xEE, 0xDE, 0x00, 0x67, 0x77, 0x5D, 0x35, 0xB2, 0x12, 0x5D, 0xD5, 0xFC,
    0x2B, 0xD5, 0x56, 0xF9, 0xBE, 0xAA, 0x8B, 0x36, 0xE4, 0xBE, 0xBC, 0xEA, 0x6F, 0x2B, 0x94, 0xB5,
    0x5A, 0xBF, 0x20, 0xA5, 0x17, 0xB7, 0x22, 0xA0, 0x9F, 0x0F, 0x84, 0xB4, 0x53, 0x87, 0xEC, 0x4F,
    0xF9, 0xFF, 0xCB, 0xAC, 0x5E, 0x45, 0x17, 0xB1, 0x52, 0x35, 0xDF, 0x96, 0xC8, 0xD6, 0x46, 0x83,
    0xAE, 0xD9, 0xA8, 0xDF, 0xF3, 0xE0, 0x9A, 0x2E, 0xD1, 0xB8, 0xC5, 0xF4, 0x11, 0xC7, 0x2A, 0xE2,
    0x5A, 0x42, 0x5E, 0x2F, 0x6B, 0xC3, 0xB3, 0x04, 0x64, 0x97, 0xFE, 0xB9, 0x55, 0x08, 0xFC, 0x54,
    0xB1, 0x63, 0x57, 0xBA, 0x20, 0x0D, 0x34, 0x1A, 0x35, 0xD0, 0x7E, 0x19, 0x28, 0x15, 0xD4, 0x66,
    0xFF, 0xDE, 0x87, 0x76, 0x07, 0x67, 0xEE, 0x21, 0x1B, 0x5F, 0xA4, 0x96, 0xE1, 0x1C, 0x3D, 0xAF,
    0x66, 0xC0, 0xC7, 0x77, 0x01, 0x21, 0x2D, 0xEA, 0x0E, 0xFB, 0x6D, 0x18, 0xEA, 0x5C, 0x03, 0x74,
    0xE5, 0xD5, 0x2F, 0x6B, 0x58, 0x3E, 0x6C, 0x0E, 0x08, 0xD9, 0x95, 0x8B, 0x99, 0xA4, 0xC9, 0x2C,
    0x25, 0xCD, 0x38, 0x5C, 0x01, 0x35, 0x0E, 0x51, 0x3B, 0x62, 0x87, 0x2E, 0x60, 0x8F, 0x2E, 0x36,
    0xDE, 0x08, 0x90, 0x3E, 0x5D, 0xD2, 0xA9, 0xAB, 0xAB, 0xD5, 0x94, 0xD9, 0x80, 0x7D, 0xF0, 0xEA,
    0xAD, 0xF4, 0xFF, 0x29, 0xAA, 0xE0, 0xCA, 0x7F, 0xE4, 0x17, 0x42, 0x4B, 0x7C, 0xE5, 0x3F, 0x02,
    0xDB, 0xF8, 0xDF, 0x80, 0x54, 0x17, 0x0C, 0xFA, 0x2D, 0x86, 0x99, 0x33, 0xF8, 0x75, 0x30, 0x1F,
    0x19, 0xAE, 0x60, 0x55, 0xFE, 0xAD, 0xF4, 0x5A, 0xA8, 0x93, 0x45, 0xAB, 0xC6, 0x95, 0x69, 0xC5,
    0x80, 0x2A, 0x24, 0xE4, 0x69, 0x74, 0x91, 0x96, 0x41, 0xF9, 0x21, 0xF5, 0x5A, 0xF0, 0xB1, 0x0A,
    0x0F, 0x5D, 0xB3, 0x25, 0x36, 0x4E, 0x50, 0xCA, 0x7F, 0x48, 0xC0, 0x6B, 0x04, 0xE8, 0x1F, 0x10,
    0x38, 0x7D, 0xAC, 0xF4, 0xA9, 0xBF, 0x14, 0x28, 0xEE, 0x2E, 0x04, 0xF8, 0xC9, 0xFD, 0x97, 0x03,
    0x7E, 0x4B, 0x4A, 0x82, 0xEC, 0x66, 0x6F, 0xBA, 0xA8, 0x9E, 0x9D, 0xAE, 0x61, 0x36, 0x96, 0xFE,
    0xB6, 0x90, 0xFE, 0x1B, 0xDE, 0xB1, 0xD4, 0x46, 0x7A, 0xF0, 0x40, 0xDA, 0x27, 0xA9, 0xAB, 0xC2,
    0x3E, 0x78, 0x60, 0x98, 0x0B, 0x3B, 0xE4, 0xE3, 0xFB, 0x82, 0xD4, 0xB4, 0x28, 0x34, 0xDF, 0x09,
    0x46, 0x3B, 0xA0, 0x3D, 0x25, 0x8C, 0x57, 0x02, 0xFD, 0x29, 0x7F, 0x2B, 0x15, 0x86, 0x47, 0xD7,
    0x79, 0xD0, 0xD4, 0xF8, 0x33, 0x90, 0x96, 0x7B, 0x30, 0xDE, 0x40, 0x18, 0xE6, 0x53, 0x81, 0xEA,
    0x79, 0xEF, 0x79, 0x66, 0x1D, 0x43, 0xF3, 0xAE, 0xF5, 0xD3, 0x97, 0xC3, 0xCF, 0x06, 0x35, 0x71,
    0x0F, 0x4C, 0xC3, 0xF4, 0x4A, 0xB1, 0x0E, 0x72, 0xAF, 0xF6, 0xED, 0xA5, 0x6C, 0x2F, 0xF3, 0x5E,
    0xFC, 0xC7, 0xC7, 0xFE, 0xF4, 0xB1, 0x5A, 0x73, 0xFA, 0xCA, 0x62, 0xC9, 0x6D, 0x8E, 0x06, 0x4F,
    0xE0, 0xBE, 0x90, 0xDC, 0x35, 0x3C, 0x9F, 0xDC, 0x35, 0xA6, 0xD9, 0x5D, 0x63, 0x86, 0xCD, 0xAE,
    0x33, 0x5C, 0x92, 0xE3, 0xD7, 0xC2, 0x5D, 0x83, 0x5B, 0xF4, 0x3F, 0xF9, 0x2A, 0x85, 0xBF, 0xF9,
    0x55, 0x86, 0xDE, 0x22, 0xE8, 0x33, 0x3B, 0x03, 0x7D, 0x77, 0x9D, 0x54, 0xA4, 0x7D, 0xD7, 0x63,
    0xD2, 0x7F, 0x8E, 0xA5, 0xF3, 0x47, 0xB8, 0x7E, 0xCC, 0xA4, 0x23, 0x67, 0xE4, 0x25, 0x90, 0xEF,
    0x3C, 0x4C, 0xCF, 0x41, 0x99, 0x9A, 0xD7, 0xEE, 0xFF, 0xF1, 0x15, 0xB6, 0xE6, 0x51, 0x54, 0x80,
    0xE9, 0x7F, 0x87, 0x7B, 0xFF, 0x83, 0xFE, 0x96, 0xF1, 0xD0, 0x36, 0x93, 0xEA, 0x91, 0x40, 0x96,
    0x54, 0x43, 0x2D, 0xD9, 0x54, 0x9B, 0x30, 0xE0, 0xA2, 0x5D, 0x7B, 0x27, 0x1B, 0xA9, 0xEC, 0xEE,
    0xFD, 0x0D, 0x16, 0x29, 0x96, 0xBA, 0x24, 0x79, 0x97, 0x9B, 0x1D, 0x47, 0x69, 0x5B, 0x96, 0xB7,
    0x0F, 0x68, 0xC8, 0xE2, 0x75, 0xD2, 0x90, 0xCF, 0x91, 0x24, 0xA1, 0xFF, 0xE6, 0xA4, 0x26, 0xAD,
    0x4E, 0x23, 0x9E, 0x55, 0x1A, 0xC2, 0xDF, 0x44, 0x1B, 0xA6, 0xDD, 0x94, 0xCA, 0xFC, 0x9F, 0xA6,
    0x45, 0x96, 0xFE, 0xEF, 0xED, 0xD8, 0x34, 0xF4, 0x90, 0x23, 0x77, 0x63, 0x88, 0xCC, 0x36, 0x77,
    0x1D, 0xFD, 0x81, 0x4F, 0xBF, 0x76, 0x64, 0xA5, 0x9A, 0xCF, 0xDE, 0x74, 0xD1, 0x88, 0xC9, 0xE3,
    0xFD, 0x1E, 0x3B, 0x77, 0x15, 0xD6, 0xED, 0x70, 0x0D, 0x79, 0x96, 0x87, 0x7F, 0xCA, 0xE5, 0xA1,
    0x89, 0x55, 0x2F, 0xFA, 0x70, 0x64, 0xA8, 0x5D, 0x4F, 0xF7, 0x38, 0xDD, 0xB5, 0xDC, 0x0E, 0x6A,
    0x21, 0xF6, 0x56, 0xB6, 0xAF, 0xA8, 0xBD, 0x0E, 0x83, 0xDA, 0xB4, 0xD3, 0xFD, 0x5F, 0x3E, 0xDE,
    0x68, 0x9D, 0x15, 0x83, 0xBE, 0x24, 0x51, 0x57, 0xE9, 0x3D, 0xA6, 0xF8, 0xA8, 0xC0, 0x44, 0x07,
    0x2A, 0xC7, 0xA0, 0xE8, 0x4A, 0xD7, 0x52, 0x3E, 0x9C, 0xFE, 0x63, 0xE0, 0x7F, 0x24, 0xF6, 0xFD,
    0x43, 0x22, 0xEF, 0x3F, 0x75, 0x10, 0x01, 0x58, 0x8B, 0xD8, 0xE0, 0x2C, 0x3C, 0x5E, 0x6B, 0xD3,
    0xFA, 0xF3, 0x65, 0x68, 0xE0, 0x5E, 0xD9, 0xF4, 0x7F, 0x22, 0xF6, 0xA7, 0xDE, 0xF0, 0x1B, 0x61,
    0x23, 0x68, 0x88, 0xB5, 0xD9, 0xD6, 0x43, 0xA3, 0x87, 0xF4, 0x5E, 0x94, 0x44, 0x8D, 0xD8, 0x1D,
    0x40, 0xFA, 0xCD, 0xFF, 0x23, 0xA3, 0x2B, 0x3C, 0xDF, 0x13, 0x23, 0xD8, 0x66, 0xD0, 0xB7, 0xB2,
    0xEA, 0x6C, 0x3E, 0x76, 0x16, 0xEB, 0x4E, 0x64, 0x0C, 0x71, 0xC5, 0xB1, 0x06, 0xC1, 0x9A, 0x70,
    0x3B, 0xEE, 0xE2, 0xE0, 0x58, 0xAA, 0xA8, 0xB3, 0xFA, 0xBD, 0x1E, 0x17, 0xC8, 0xC3, 0xED, 0x3D,
    0x7A, 0x58, 0x80, 0x96, 0x8A, 0x07, 0xA7, 0xDB, 0x80, 0x3F, 0x01, 0xC7, 0x9A, 0xD4, 0xAD, 0x5E,
    0xB3, 0x96, 0xB4, 0xD3, 0x22, 0x3F, 0xAE, 0xB9, 0x16, 0x7C, 0xA6, 0x4D, 0x4D, 0xAC, 0xB6, 0xC1,
    0x5A, 0xD2, 0xA7, 0xD7, 0x8B, 0xFE, 0xF8, 0x5C, 0xD2, 0xFA, 0x4C, 0x47, 0x6C, 0x35, 0xFA, 0x65,
    0xA1, 0x3F, 0x0E, 0xB5, 0x36, 0xF0, 0x3F, 0x1F, 0xF4, 0xB2, 0xD2, 0xD9, 0xC5, 0x46, 0x48, 0x2C,
    0xD4, 0x78, 0x54, 0xD6, 0xA3, 0x9E, 0x1A, 0xD4, 0xF3, 0xE9, 0xFE, 0x56, 0xAD, 0xB5, 0xBC, 0xB2,
    0x5C, 0x2F, 0xB7, 0x6B, 0xED, 0xE7, 0xFA, 0xB9, 0xEE, 0xA0, 0x1C, 0x84, 0x27, 0xD1, 0x6B, 0x2B,
    0x6B, 0xB6, 0x25, 0x66, 0xE1, 0x57, 0xDE, 0x6E, 0x92, 0xFC, 0xE3, 0x93, 0xFE, 0xEE, 0x95, 0x5D,
    0xCD, 0xCE, 0x00, 0xB7, 0x80, 0xE6, 0x97, 0x02, 0xF6, 0x32, 0xB4, 0x51, 0xA1, 0x77, 0x0E, 0xBF,
    0x99, 0x7D, 0x07, 0x1F, 0x0E, 0xA5, 0x3D, 0x02, 0xCB, 0x63, 0x02, 0xD3, 0x74, 0x42, 0x59, 0x9A,
    0x7D, 0xFF, 0x66, 0x53, 0x28, 0xD0, 0x72, 0x0B, 0xF3, 0xF3, 0x6A, 0x1C, 0xC5, 0x04, 0x0B, 0xEC,
    0x91, 0x79, 0xAF, 0xE5, 0xA9, 0x55, 0x19, 0x2A, 0xB8, 0x15, 0x0A, 0x53, 0xD8, 0x2F, 0xA8, 0x21,
    0x0F, 0xA4, 0xD7, 0x7E, 0x0F, 0x03, 0xED, 0xB5, 0xD4, 0xE5, 0x91, 0xED, 0x27, 0xA3, 0xDA, 0x0E,
    0x4C, 0x5B, 0xDA, 0x4E, 0x57, 0x63, 0x32, 0x5B, 0x69, 0xF3, 0x05, 0xCA, 0xC5, 0x79, 0x5F, 0x0E,
    0xCD, 0xD5, 0x75, 0xE1, 0x6F, 0xAA, 0xAB, 0x31, 0x0C, 0x7F, 0xA7, 0xD6, 0x63, 0x21, 0x77, 0x73,
    0x21, 0xBD, 0xF9, 0x3F, 0xED, 0x3D, 0x6D, 0x6C, 0x1B, 0xE7, 0x79, 0xEF, 0xDD, 0x51, 0x3C, 0xC7,
    0xB4, 0x7D, 0x1A, 0x40, 0x25, 0xFE, 0xCC, 0x69, 0x80, 0x5B, 0xA8, 0x81, 0xAC, 0xF3, 0x06, 0x75,
    0x53, 0x3A, 0x91, 0x77, 0x4D, 0x8A, 0xB5, 0x43, 0xDA, 0x45, 0x01, 0xEC, 0x00, 0x5B, 0x7E, 0x44,
    0xD8, 0xFC, 0x23, 0xF1, 0xB6, 0xC8, 0x1B, 0xBC, 0x21, 0xE9, 0x28, 0xF3, 0x92, 0xFE, 0xE8, 0x80,
    0xA2, 0x88, 0x56, 0x34, 0xFD, 0xD1, 0x79, 0xA8, 0x7F, 0xA4, 0x5D, 0xA3, 0x16, 0xB5, 0xB2, 0x68,
    0xA8, 0xD2, 0x32, 0xE6, 0xB9, 0x05, 0x16, 0x74, 0xC6, 0x9A, 0xEB, 0xFA, 0x91, 0xAD, 0x05, 0x5A,
    0x26, 0xB6, 0x1B, 0xAC, 0xC3, 0x66, 0xB6, 0xB9, 0x34, 0x54, 0x4D, 0xF2, 0xF6, 0x7C, 0xBC, 0xEF,
    0xF1, 0x48, 0x51, 0x8E, 0xBF, 0x24, 0xCB, 0x46, 0x29, 0xF2, 0x7D, 0xEF, 0x8E, 0xBC, 0x7B, 0x9F,
    0xF7, 0xF9, 0x7E, 0x9E, 0xF7, 0x43, 0xC2, 0x16, 0xF8, 0x5A, 0x59, 0x5A, 0x2B, 0x4B, 0x6F, 0x65,
    0xB9, 0xAB, 0x81, 0x65, 0x1C, 0x7B, 0xC2, 0xBA, 0xAF, 0x7D, 0x32, 0x10, 0xD6, 0xC9, 0xD0, 0x0C,
    0x85, 0xD5, 0x16, 0x7A, 0x4D, 0x58, 0x11, 0x95, 0xA1, 0x30, 0xE0, 0x8A, 0x2F, 0x72, 0x41, 0xDE,
    0x15, 0x5A, 0xD5, 0x2B, 0xC7, 0x71, 0xDC, 0x12, 0x58, 0xCE, 0x09, 0x31, 0x70, 0x70, 0x4A, 0x24,
    0x2F, 0x0F, 0x1F, 0xAA, 0xFF, 0xA2, 0x9E, 0x94, 0x7C, 0x45, 0x02, 0xE4, 0x50, 0x79, 0x5B, 0xE7,
    0xD7, 0x54, 0x42, 0x6B, 0xF8, 0x2A, 0xD7, 0xE8, 0xA4, 0x4D, 0x27, 0x2E, 0x9D, 0x68, 0x7C, 0x62,
    0x46, 0x54, 0xE5, 0x02, 0x3E, 0xA3, 0xC7, 0x0A, 0xAD, 0xC5, 0xCF, 0x70, 0x3D, 0xB1, 0x03, 0xFB,
    0x11, 0x8A, 0x31, 0xA8, 0x8C, 0xBA, 0x28, 0xE0, 0xD5, 0x26, 0x57, 0x05, 0xAE, 0xC6, 0x44, 0x91,
    0x81, 0x70, 0xF9, 0xCC, 0x3E, 0x47, 0xF7, 0xE7, 0xA0, 0x03, 0x31, 0xF4, 0xBE, 0x0A, 0x95, 0x0F,
    0x57, 0x0E, 0x3F, 0x97, 0xEA, 0x89, 0x7A, 0x69, 0x5D, 0x40, 0xCA, 0x4A, 0x5E, 0xD4, 0xFD, 0xF4,
    0x45, 0x23, 0x48, 0xDF, 0xB7, 0x24, 0x2A, 0xA2, 0x7C, 0xA0, 0xDC, 0x2E, 0xB7, 0x4B, 0xA2, 0x04,
    0x67, 0x7D, 0x1E, 0x6D, 0xB4, 0x53, 0x27, 0x56, 0x5C, 0xEB, 0x9C, 0x6C, 0xD3, 0x9B, 0x9D, 0x93,
    0x3B, 0xB1, 0x8F, 0xC9, 0x37, 0x22, 0xD7, 0xF9, 0x9D, 0x25, 0xB4, 0xCE, 0xEF, 0x72, 0x9E, 0x70,
    0x09, 0x9E, 0x9D, 0xF3, 0xF3, 0xF3, 0x5F, 0xFA, 0xD9, 0xFC, 0xC9, 0x36, 0xD4, 0xC2, 0x8E, 0x3B,
    0x2F, 0x2F, 0x97, 0x3A, 0xF1, 0x57, 0xC2, 0x23, 0x72, 0xAD, 0xD4, 0x49, 0x39, 0xEE, 0x1C, 0xEB,
    0x8D, 0x5C, 0x07, 0x04, 0x2B, 0x34, 0x3B, 0x27, 0x65, 0xD1, 0xF9, 0x46, 0x6F, 0x48, 0x36, 0x23,
    0x5A, 0x87, 0x00, 0x38, 0xBE, 0xB2, 0x00, 0x46, 0x3C, 0x3F, 0x7F, 0x0A, 0xAA, 0x79, 0x3F, 0x0D,
    0x8E, 0xEF, 0xA4, 0x4E, 0xE8, 0xA7, 0xC3, 0xF4, 0xA8, 0xDF, 0xF2, 0xC5, 0x16, 0x21, 0xF6, 0x13,
    0x80, 0xFB, 0xFD, 0xDD, 0x99, 0xCD, 0xDE, 0x7E, 0x7F, 0x3A, 0x2B, 0x16, 0x87, 0x83, 0x69, 0x43,
    0x2C, 0x0D, 0x07, 0xAE, 0x71, 0xE1, 0x0F, 0xEB, 0xC1, 0x09, 0x66, 0xA3, 0x11, 0x1D, 0xEF, 0x61,
    0xE4, 0x6E, 0x12, 0x74, 0x08, 0x37, 0xEB, 0x5C, 0x0D, 0xF8, 0x53, 0xF2, 0xA2, 0xFD, 0x21, 0xA0,
    0xD5, 0x96, 0xE9, 0xE1, 0x6F, 0x6D, 0x9D, 0x7E, 0xE0, 0xC3, 0xD3, 0x03, 0xDF, 0xDA, 0xBD, 0xFF,
    0x53, 0x5B, 0xA6, 0x3F, 0xFA, 0xF1, 0xAF, 0x56, 0xE3, 0xC6, 0xB4, 0xCF, 0x8C, 0x28, 0x11, 0x32,
    0xC7, 0x55, 0x37, 0xB9, 0x6E, 0xCF, 0x0C, 0xC3, 0x83, 0x06, 0xF6, 0x8B, 0x2D, 0x1A, 0x16, 0x66,
    0x16, 0x8A, 0xDF, 0xCB, 0xEE, 0xBF, 0x6D, 0xCB, 0xA7, 0xB2, 0xFB, 0xDF, 0xFD, 0xA1, 0xBF, 0xCD,
    0x0E, 0x4F, 0xFF, 0x5D, 0xF6, 0x7F, 0xEF, 0xBC, 0xF8, 0x21, 0x31, 0x38, 0xA0, 0xE0, 0x80, 0xD7,
    0x16, 0x62, 0x95, 0x41, 0xAE, 0x05, 0xD6, 0x9A, 0xBC, 0xBE, 0xCD, 0x17, 0xC3, 0x73, 0x62, 0xCB,
    0x96, 0xFC, 0x53, 0x9B, 0xF6, 0x4F, 0x4F, 0x6D, 0xD9, 0xFE, 0xDB, 0xF7, 0x6E, 0xD9, 0x3F, 0x3C,
    0x67, 0xC5, 0xC0, 0x89, 0xFF, 0x17, 0xCE, 0x6D, 0x11, 0xFB, 0x11, 0x8A, 0xF1, 0xA3, 0xEF, 0xDA,
    0x83, 0x2C, 0xB5, 0xD9, 0x17, 0x03, 0x08, 0xE0, 0xA0, 0x86, 0x34, 0xA9, 0xFE, 0x4A, 0x8C, 0x0B,
    0xB1, 0x57, 0x88, 0x69, 0x31, 0xBD, 0xE0, 0xD4, 0xFE, 0xB9, 0x2D, 0xAA, 0x3E, 0xB0, 0x1A, 0x02,
    0x9C, 0x9D, 0x13, 0xEF, 0xFE, 0xEC, 0x9C, 0xB3, 0xBC, 0x30, 0x3A, 0x53, 0x87, 0xA6, 0xF0, 0x74,
    0x4E, 0x24, 0xA7, 0xFC, 0x1A, 0xE6, 0x2A, 0xDA, 0x41, 0x55, 0x65, 0x8C, 0xAA, 0x12, 0x49, 0x89,
    0x28, 0x74, 0x57, 0x45, 0xAE, 0x5C, 0xFE, 0x25, 0xCA, 0x8C, 0xD8, 0x15, 0x31, 0x0B, 0x85, 0x24,
    0x33, 0xCB, 0x28, 0x33, 0xF3, 0x07, 0x56, 0xF2, 0x91, 0x1E, 0x90, 0x44, 0x68, 0xFF, 0xC1, 0x12,
    0xF1, 0xA6, 0x2F, 0x59, 0x85, 0x5E, 0xFC, 0x58, 0x91, 0xE1, 0xEA, 0xD1, 0xB4, 0x30, 0x4B, 0x09,
    0xD2, 0xA5, 0x20, 0xFD, 0x92, 0xEE, 0xD3, 0x98, 0x55, 0xF5, 0x73, 0xEB, 0x04, 0xBC, 0x82, 0xAC,
    0xD0, 0x55, 0xE5, 0x09, 0x14, 0xC4, 0xA2, 0x75, 0xBF, 0x27, 0x8B, 0x81, 0x81, 0x15, 0xF7, 0x3A,
    0x6D, 0xB8, 0xEE, 0xE2, 0xC3, 0x87, 0x1E, 0x8C, 0xF1, 0xD8, 0x46, 0xE8, 0xCB, 0xA0, 0x5C, 0x4D,
    0x3C, 0x73, 0x10, 0x2F, 0x28, 0xF5, 0x46, 0xA4, 0x14, 0x9A, 0xED, 0x29, 0x9C, 0x4C, 0x62, 0xCB,
    0x25, 0x3C, 0x5E, 0xE2, 0x02, 0x4E, 0x2B, 0xD4, 0xC3, 0x04, 0x6D, 0x0E, 0xA2, 0xC2, 0x5A, 0x16,
    0xD9, 0x40, 0xA7, 0x8E, 0xCC, 0x50, 0x1B, 0x07, 0xBD, 0x7E, 0xDA, 0x5F, 0xD9, 0x80, 0x4C, 0x06,
    0x4B, 0xC7, 0xC1, 0xD2, 0x75, 0x51, 0xD7, 0xD3, 0x95, 0x35, 0xB2, 0x01, 0xDB, 0xBB, 0x88, 0x5C,
    0x48, 0x59, 0x05, 0x61, 0x7C, 0x97, 0xB8, 0xC2, 0x38, 0xCB, 0xBA, 0xFD, 0xFD, 0x5E, 0x1F, 0xDC,
    0xEF, 0xE4, 0x2A, 0xE6, 0x5F, 0xC6, 0xA4, 0xEA, 0xCD, 0xA0, 0xC1, 0x50, 0x96, 0x48, 0xD1, 0x8B,
    0xC9, 0x31, 0xAA, 0x88, 0xD2, 0x96, 0xCF, 0x55, 0xDC, 0x2A, 0xD0, 0x0D, 0x2D, 0x6A, 0x78, 0xA8,
    0xC4, 0x74, 0x2F, 0x11, 0xDD, 0xB5, 0x06, 0xD3, 0xBD, 0x4E, 0x74, 0x07, 0x7A, 0x00, 0xDD, 0xFB,
    0x69, 0xFA, 0x84, 0xF2, 0x12, 0x78, 0x37, 0x75, 0x31, 0x93, 0xE9, 0x30, 0xD7, 0xEC, 0x2C, 0x31,
    0x44, 0x5E, 0xF4, 0x7D, 0x99, 0x0D, 0xE6, 0x03, 0x2C, 0x8F, 0xCD, 0x60, 0x1F, 0x1B, 0x16, 0x52,
    0xAD, 0x6E, 0x06, 0xDB, 0x84, 0x56, 0x37, 0x02, 0xCB, 0xC3, 0x12, 0xC8, 0xD1, 0x7E, 0x28, 0x28,
    0xA2, 0xF1, 0x09, 0xE0, 0xA9, 0xBB, 0xA8, 0x04, 0xE4, 0x16, 0xA9, 0x53, 0x2E, 0x19, 0x4B, 0xA4,
    0xF6, 0x29, 0x61, 0x35, 0x04, 0x90, 0xC7, 0x20, 0x7A, 0x03, 0xBE, 0xF1, 0xC1, 0xDA, 0xC1, 0x14,
    0xEE, 0x06, 0x05, 0x1B, 0xBC, 0x4E, 0x39, 0x28, 0x2D, 0x17, 0xE3, 0xB9, 0x7E, 0x89, 0x52, 0x27,
    0x3B, 0xA0, 0x4B, 0x6B, 0xD0, 0xFF, 0x0A, 0xC8, 0x5B, 0x9F, 0x72, 0x1B, 0x95, 0x36, 0x95, 0x45,
    0x2A, 0x0B, 0xF4, 0xFB, 0x02, 0x3D, 0x19, 0x4A, 0xBD, 0x8E, 0xD7, 0x8D, 0x9A, 0x70, 0x3C, 0x64,
    0x74, 0xE0, 0x1F, 0x38, 0x30, 0xE3, 0x2F, 0x21, 0xFC, 0x71, 0x8C, 0x8F, 0xC9, 0x7E, 0x8D, 0x9C,
    0x05, 0x8F, 0x05, 0xC1, 0x84, 0xCF, 0x20, 0x40, 0x5E, 0xA9, 0xF0, 0x67, 0x70, 0xB0, 0x47, 0xB2,
    0xE0, 0x16, 0x60, 0x38, 0x23, 0x02, 0x8B, 0x03, 0x38, 0x34, 0x45, 0xCE, 0xE7, 0x9B, 0x8C, 0x40,
    0x03, 0x1C, 0xE6, 0xD0, 0x9E, 0x9C, 0x9F, 0x21, 0x58, 0x4A, 0x3D, 0x9F, 0x49, 0xC9, 0x89, 0x05,
    0x32, 0xFE, 0xEC, 0x86, 0xD8, 0x92, 0xFB, 0x89, 0xAE, 0xEF, 0x91, 0x3A, 0x48, 0x8F, 0x43, 0xD0,
    0x3D, 0x16, 0x95, 0xEE, 0xDF, 0xFB, 0xA0, 0x80, 0x9A, 0xA8, 0x7F, 0x9E, 0x04, 0x34, 0x68, 0xE7,
    0x74, 0x42, 0x27, 0x74, 0x08, 0xFA, 0x0E, 0x96, 0x0E, 0x9F, 0x00, 0xAC, 0x0F, 0xED, 0x39, 0x2D,
    0xEA, 0x75, 0xD5, 0xC3, 0xE7, 0xDB, 0x3E, 0xF1, 0xA3, 0x57, 0x64, 0x0A, 0x7A, 0x44, 0xC1, 0x1A,
    0x72, 0x85, 0x19, 0xCF, 0x23, 0x05, 0x63, 0xA2, 0x60, 0xF6, 0x6B, 0x73, 0xBD, 0x8C, 0x43, 0x42,
    0xC2, 0xC2, 0x61, 0xBC, 0x99, 0x72, 0x9D, 0x94, 0x4E, 0x85, 0x9B, 0x33, 0x08, 0x1B, 0x34, 0x89,
    0xB0, 0x15, 0x89, 0xD8, 0x19, 0x26, 0xE6, 0x8D, 0x82, 0x6D, 0x67, 0x0F, 0x36, 0xD5, 0x07, 0x69,
    0x03, 0x9F, 0x43, 0x39, 0x70, 0x39, 0x7E, 0xE2, 0x39, 0x17, 0x62, 0x80, 0xA2, 0x0A, 0x74, 0x28,
    0x07, 0x45, 0x3D, 0xAE, 0x39, 0xF1, 0xCF, 0x41, 0x15, 0xFB, 0x15, 0xB0, 0x59, 0xE3, 0xE2, 0x25,
    0x60, 0x6D, 0xDF, 0xBA, 0x10, 0xDA, 0x46, 0xBD, 0xA0, 0xD5, 0x27, 0x45, 0x54, 0x10, 0x91, 0xAB,
    0x45, 0x4E, 0x0C, 0x3F, 0x89, 0xF2, 0x5A, 0xBD, 0x64, 0xD4, 0x4A, 0xB9, 0x30, 0x5F, 0xF6, 0x67,
    0xC0, 0xD2, 0x45, 0x62, 0x5E, 0xE2, 0x24, 0xD7, 0x60, 0x0F, 0xA5, 0x35, 0xE3, 0xEB, 0xF5, 0x5C,
    0xA0, 0x83, 0x78, 0xE9, 0x35, 0x83, 0x6A, 0xD1, 0xB0, 0x7D, 0x71, 0xAA, 0x2A, 0xB4, 0x72, 0xFB,
    0x00, 0xE8, 0xA7, 0xB6, 0x7B, 0x6E, 0x57, 0xAB, 0xAB, 0x37, 0x93, 0x93, 0x2C, 0xC4, 0x23, 0x23,
    0x20, 0x9C, 0x4B, 0x95, 0x12, 0xBE, 0x46, 0xD0, 0x42, 0x82, 0x2E, 0xB6, 0x02, 0x61, 0xD6, 0x90,
    0x79, 0x45, 0x83, 0xB4, 0x6F, 0x81, 0xD4, 0x01, 0xBC, 0x0B, 0x4F, 0x3C, 0xD8, 0x04, 0xBE, 0xB5,
    0x95, 0xE3, 0x04, 0xB6, 0x20, 0xF7, 0x4A, 0x00, 0x6F, 0x34, 0x0A, 0x15, 0x12, 0xBD, 0xBD, 0x09,
    0xAF, 0xD6, 0x12, 0xA2, 0xA9, 0x96, 0xED, 0xE5, 0x2A, 0x91, 0x08, 0x8C, 0x8F, 0x47, 0xFA, 0xC0,
    0xA8, 0x01, 0xA1, 0x10, 0x4F, 0xD0, 0x18, 0xB8, 0x74, 0xA8, 0x1D, 0x40, 0x72, 0x00, 0x72, 0xCB,
    0x47, 0x6C, 0x36, 0x91, 0x78, 0xC4, 0xCD, 0x71, 0x53, 0x64, 0xDB, 0xC4, 0xBB, 0xA8, 0xBD, 0x58,
    0xCE, 0xDE, 0xAA, 0xA2, 0xE2, 0xC7, 0xA3, 0x88, 0x74, 0x41, 0x91, 0xE4, 0x8D, 0x9A, 0xF6, 0x10,
    0x7E, 0xA4, 0x0E, 0x4A, 0x5C, 0x40, 0x34, 0x03, 0xA9, 0x8B, 0x25, 0xF5, 0xAA, 0xE8, 0xEF, 0x12,
    0xED, 0x48, 0xFA, 0x8A, 0x09, 0x4E, 0x3A, 0x47, 0xDB, 0x2F, 0xCB, 0x3D, 0x2F, 0x91, 0x7B, 0x6E,
    0x36, 0xC9, 0x3D, 0x2F, 0x87, 0xA4, 0xBB, 0x5A, 0xEC, 0x9E, 0x4F, 0xAF, 0xA9, 0x7B, 0xFE, 0x08,
    0xAA, 0x79, 0xC0, 0xD2, 0x85, 0x50, 0x00, 0xCB, 0x88, 0x22, 0x08, 0xC0, 0x24, 0x69, 0x9F, 0x48,
    0xB8, 0xCF, 0x2C, 0x7B, 0xE0, 0x60, 0xD6, 0x4D, 0xD4, 0xF5, 0x48, 0x3F, 0xB0, 0xA1, 0xFD, 0x3F,
    0x8B, 0xCA, 0x3A, 0x81, 0x4F, 0x72, 0x51, 0x88, 0xEF, 0xFA, 0xFA, 0xE9, 0x50, 0xFB, 0x80, 0x8F,
    0x57, 0x0A, 0xD2, 0xD6, 0xCB, 0x57, 0x96, 0x18, 0x1A, 0x14, 0x14, 0xF8, 0x26, 0x40, 0x3C, 0x10,
    0x34, 0x68, 0x10, 0x34, 0x2B, 0x1C, 0xC0, 0x29, 0x5C, 0x07, 0x9E, 0x39, 0x85, 0x22, 0x04, 0xF8,
    0x29, 0xB3, 0x87, 0xB2, 0xD3, 0x43, 0xC2, 0x03, 0x04, 0x39, 0x74, 0xE9, 0x6D, 0x5F, 0x61, 0xB7,
    0xD0, 0x31, 0xE3, 0xC8, 0x6C, 0x56, 0x58, 0x45, 0xD2, 0x80, 0xCD, 0xD5, 0xF0, 0x77, 0x84, 0x30,
    0xB3, 0x46, 0xEA, 0x5F, 0x85, 0x4A, 0x05, 0x1B, 0x5C, 0xE8, 0x12, 0x9A, 0xEE, 0xCA, 0x36, 0x38,
    0x5A, 0x42, 0x8D, 0x5E, 0x41, 0x42, 0x57, 0xF0, 0x88, 0x1E, 0x45, 0x2E, 0x3F, 0x98, 0x68, 0xD3,
    0x33, 0x08, 0x4D, 0x64, 0x20, 0x12, 0xFB, 0x50, 0xB8, 0x44, 0x55, 0x64, 0x97, 0x99, 0xAA, 0x63,
    0x5C, 0x35, 0x88, 0x48, 0x3A, 0xD3, 0x0A, 0x7A, 0x48, 0x0E, 0x56, 0x05, 0x60, 0x01, 0x12, 0xEE,
    0x83, 0x0A, 0xCE, 0x5F, 0x82, 0xAA, 0x80, 0x0D, 0x62, 0x05, 0xAE, 0xBF, 0xCD, 0x8F, 0xB3, 0x55,
    0xC7, 0x5C, 0x7E, 0x34, 0x92, 0x30, 0xDB, 0x64, 0x12, 0x46, 0x4C, 0x42, 0x8F, 0x48, 0xE8, 0xAD,
    0x1E, 0x61, 0x05, 0x7D, 0x22, 0xAC, 0x0D, 0x67, 0x54, 0xDF, 0xC3, 0x55, 0x55, 0x46, 0x70, 0x7C,
    0x4B, 0x99, 0xAB, 0xF3, 0x7C, 0x31, 0x4C, 0xAA, 0x61, 0x16, 0xA2, 0x1B, 0xE6, 0xAF, 0x6E, 0x48,
    0x70, 0xBB, 0x9D, 0x41, 0xAE, 0x84, 0x74, 0x06, 0x0B, 0x5D, 0xCA, 0x48, 0x6A, 0xA2, 0xDF, 0xE0,
    0xEA, 0x77, 0x25, 0x79, 0x48, 0xCB, 0x9A, 0x62, 0x82, 0xAC, 0x00, 0x57, 0x26, 0xF0, 0x18, 0x00,
    0xAF, 0x7D, 0xC5, 0x5F, 0x03, 0xE0, 0x27, 0x09, 0x10, 0x2D, 0xD0, 0xFD, 0xD0, 0xF0, 0x6B, 0xC6,
    0x93, 0xA1, 0x1E, 0x07, 0xE2, 0x2B, 0xDD, 0x7D, 0xBA, 0x0A, 0x2D, 0xC1, 0xAF, 0xD1, 0x74, 0x47,
    0x51, 0x00, 0x34, 0x9F, 0x8C, 0xAC, 0x5F, 0x03, 0x7B, 0x6F, 0x04, 0x35, 0xF4, 0x45, 0xE2, 0x00,
    0xED, 0xFD, 0x63, 0xCC, 0x87, 0x37, 0xD6, 0xDE, 0xDF, 0x20, 0x0F, 0x7D, 0xDD, 0xC5, 0x9F, 0x74,
    0x11, 0x85, 0x67, 0x88, 0x63, 0xB0, 0xAD, 0x6C, 0x9C, 0xD1, 0xDE, 0xE2, 0xC3, 0x1A, 0x05, 0x55,
    0x44, 0xE4, 0xF5, 0x92, 0xF9, 0x45, 0xCB, 0x1B, 0x02, 0x7A, 0x9D, 0xC0, 0x8C, 0x4F, 0xC6, 0xD2,
    0xD4, 0x66, 0xE7, 0x53, 0x4F, 0x35, 0x9E, 0x24, 0x15, 0xA7, 0x7F, 0x83, 0x35, 0xDD, 0x59, 0x2F,
    0x2D, 0x9B, 0xDD, 0x72, 0xBB, 0x5E, 0x91, 0xFA, 0x95, 0x4B, 0xA3, 0xEC, 0xCA, 0xFB, 0xA9, 0x0F,
    0xC6, 0x37, 0xD9, 0x1B, 0x7A, 0x83, 0xAF, 0x9E, 0xE2, 0x6A, 0xB6, 0xB7, 0x2B, 0xAB, 0x36, 0xCB,
    0xA1, 0xA0, 0xAC, 0xB0, 0xD9, 0xB5, 0xED, 0xB4, 0x16, 0x2E, 0x50, 0x5D, 0xE7, 0x6E, 0xFE, 0x0D,
    0xD3, 0x81, 0xB3, 0x66, 0x32, 0x5E, 0x56, 0xD9, 0x49, 0xE9, 0xC1, 0x9D, 0x90, 0xFA, 0x93, 0x6F,
    0x78, 0x91, 0xAF, 0xD6, 0x18, 0xEA, 0x98, 0x6F, 0x3F, 0xB8, 0x1E, 0x14, 0xCB, 0xA1, 0xEA, 0x36,
    0xEF, 0xC3, 0x66, 0xBF, 0x8D, 0x1D, 0x69, 0xB2, 0xB9, 0x5E, 0x91, 0xA8, 0xEA, 0x84, 0x4B, 0x18,
    0x96, 0xBB, 0xE8, 0x25, 0x0E, 0x3D, 0x48, 0xEE, 0x93, 0x89, 0xE0, 0x3A, 0x70, 0xA4, 0xA3, 0x25,
    0xB6, 0x6B, 0x92, 0x5C, 0x3A, 0x25, 0x22, 0x42, 0x95, 0x0B, 0x70, 0x91, 0x05, 0x0A, 0x48, 0x90,
    0x12, 0xB2, 0xE9, 0x12, 0x2A, 0x28, 0xCA, 0x46, 0x54, 0x90, 0x1B, 0x4A, 0x49, 0x58, 0xEC, 0x90,
    0x80, 0x2C, 0x8B, 0x6C, 0xA8, 0x91, 0xDC, 0x3A, 0xD4, 0xC6, 0xC1, 0x2E, 0x60, 0x16, 0x48, 0x37,
    0x8B, 0xA3, 0x47, 0x58, 0x8D, 0x32, 0xEE, 0x6C, 0x46, 0x9A, 0xC5, 0xD5, 0xC0, 0xC6, 0xCF, 0x04,
    0x53, 0x46, 0x73, 0x08, 0xE1, 0x7B, 0x5F, 0xA0, 0x20, 0xA6, 0x9C, 0x0D, 0x15, 0x3D, 0x19, 0xA0,
    0xEB, 0xE8, 0xFA, 0x25, 0x89, 0x9F, 0x8A, 0x90, 0x4E, 0x2B, 0x1F, 0x55, 0x92, 0x47, 0x5D, 0xCA,
    0xF5, 0xD3, 0xFC, 0x0E, 0x3E, 0x8D, 0xB0, 0x37, 0x83, 0x51, 0xD8, 0x28, 0x19, 0x8C, 0xE9, 0x84,
    0x8D, 0xA3, 0xEE, 0xF4, 0xDA, 0xD3, 0x1B, 0x2C, 0xBD, 0x76, 0xB5, 0x22, 0x95, 0x41, 0x79, 0x29,
    0x48, 0xF6, 0x2B, 0x89, 0x21, 0x6C, 0xF7, 0x6D, 0x2C, 0x86, 0xB0, 0xF1, 0xD1, 0xCB, 0x15, 0xA9,
    0xCD, 0xE9, 0x31, 0x9C, 0x11, 0x12, 0x01, 0xCA, 0x98, 0xE7, 0x3E, 0x8E, 0x10, 0xDF, 0x49, 0x29,
    0x78, 0x97, 0xAE, 0xDC, 0xF5, 0x6C, 0x7F, 0xA2, 0x5E, 0x46, 0x32, 0xA8, 0xAB, 0x14, 0xAB, 0x95,
    0x6B, 0x9A, 0x0C, 0xEA, 0x28, 0x34, 0xB3, 0x96, 0xEA, 0x32, 0x35, 0x80, 0x67, 0xBF, 0xCF, 0xC6,
    0x27, 0x4E, 0xF1, 0x29, 0x10, 0x9D, 0xD2, 0x48, 0x2D, 0x62, 0x76, 0xAB, 0x46, 0xCA, 0x63, 0xDB,
    0x8D, 0x57, 0x1E, 0xE0, 0x42, 0x8C, 0x05, 0x62, 0x5C, 0x8C, 0xDF, 0x2D, 0x8E, 0xD8, 0xFE, 0x11,
    0x3D, 0x28, 0xEC, 0xF2, 0xEC, 0x16, 0x69, 0x3A, 0x88, 0xFA, 0x8B, 0xBE, 0x38, 0x22, 0x8E, 0x2C,
    0x89, 0x05, 0xC7, 0x5B, 0x30, 0xFC, 0x27, 0x6C, 0xE1, 0x34, 0x3B, 0xAE, 0x07, 0x38, 0x11, 0x93,
    0xD3, 0xE2, 0x71, 0xE1, 0xB9, 0x71, 0x6D, 0x60, 0xDE, 0x1B, 0x35, 0x45, 0x46, 0x53, 0x3D, 0xB6,
    0x4B, 0x62, 0x62, 0xF7, 0x8E, 0xC5, 0x92, 0x1B, 0x47, 0x47, 0x86, 0x58, 0x7E, 0xF0, 0xB5, 0x75,
    0x5C, 0x6C, 0x1D, 0x14, 0xDB, 0x0E, 0x81, 0x9F, 0x25, 0xAC, 0x4F, 0x88, 0x7D, 0x96, 0xA8, 0xB6,
    0xC4, 0xE1, 0x13, 0x62, 0xB3, 0xE7, 0x86, 0xD5, 0x7A, 0xB5, 0x5E, 0xAE, 0xD9, 0xFE, 0x80, 0x70,
    0x03, 0x3A, 0xAE, 0xBB, 0x81, 0x06, 0x2C, 0xE5, 0x06, 0xCF, 0x07, 0xB5, 0xF0, 0xEB, 0x81, 0xE3,
    0x65, 0xBD, 0xE1, 0x61, 0x3F, 0xE3, 0x6F, 0xF2, 0xF3, 0xC3, 0xC3, 0x59, 0x38, 0xFB, 0xCD, 0xE9,
    0xA7, 0xBF, 0xF7, 0xB9, 0xFF, 0xFC, 0xDC, 0xF7, 0xDE, 0x35, 0x9D, 0xF5, 0x36, 0x03, 0x63, 0xBE,
    0x37, 0x78, 0x5F, 0x60, 0x07, 0x66, 0xE0, 0x42, 0x14, 0x94, 0x7D, 0x4A, 0xE4, 0xFD, 0xB1, 0xEF,
    0x7A, 0xFB, 0x82, 0x3D, 0x58, 0x58, 0xFF, 0xF3, 0xE1, 0xD1, 0x60, 0xEC, 0xD4, 0xB6, 0xD1, 0xE0,
    0xA8, 0xC8, 0x35, 0x82, 0x23, 0xD9, 0x3B, 0xE7, 0x7C, 0xB7, 0x0E, 0xEA, 0x2A, 0xEB, 0x4D, 0x29,
    0x0D, 0xEF, 0x02, 0x1E, 0x5E, 0x0B, 0xF7, 0x3B, 0xDF, 0x08, 0x8E, 0x38, 0xB1, 0x77, 0xE4, 0xEE,
    0x03, 0xC2, 0xAD, 0xD3, 0xB0, 0x06, 0xF8, 0xCD, 0x8E, 0x18, 0xF5, 0xEC, 0x60, 0x1F, 0x20, 0x6A,
    0x42, 0x38, 0xF5, 0xEC, 0x09, 0xF1, 0x28, 0xF8, 0x0D, 0xA5, 0xC1, 0x9F, 0x4D, 0xB4, 0xC7, 0xC7,
    0xDC, 0xCA, 0xE6, 0x13, 0x1A, 0xF8, 0xF8, 0xDA, 0xA0, 0x18, 0x5F, 0x98, 0xA8, 0x4D, 0x44, 0x8B,
    0xE5, 0xDA, 0x80, 0xD0, 0x96, 0xCA, 0xE7, 0x90, 0xF2, 0xAB, 0x7F, 0x03, 0x9E, 0x34, 0x60, 0x79,
    0x53, 0xF0, 0x64, 0xE6, 0x5D, 0x3B, 0xEF, 0x7A, 0xE1, 0xCF, 0xF3, 0x43, 0x23, 0xF7, 0x7E, 0x79,
    0xDF, 0x6D, 0x23, 0x67, 0x8F, 0x57, 0xB7, 0x8E, 0xBE, 0x70, 0xFC, 0x05, 0x20, 0xD3, 0xF1, 0x07,
    0xBE, 0xF0, 0x85, 0xCF, 0x6E, 0x27, 0x41, 0xDA, 0xE4, 0x0F, 0xA2, 0x66, 0xDC, 0x1A, 0x4E, 0x6C,
    0xCD, 0x0B, 0xED, 0x23, 0xE1, 0xB1, 0xCD, 0xEE, 0x3D, 0xEF, 0xFE, 0x64, 0xF8, 0x4F, 0x39, 0xF3,
    0xCC, 0xEF, 0xFC, 0x7B, 0x78, 0x2A, 0x6E, 0xC7, 0x71, 0x2B, 0xCC, 0x4F, 0x4D, 0xE5, 0x3F, 0x30,
    0xE8, 0x25, 0xB1, 0x16, 0x92, 0x39, 0x43, 0xB4, 0xFC, 0xD3, 0xE3, 0xC0, 0xAA, 0x5A, 0x4D, 0x3F,
    0x7E, 0x22, 0xF7, 0xFC, 0x7D, 0x95, 0x3F, 0x39, 0xBE, 0x90, 0x7B, 0xE1, 0xCB, 0xA3, 0xAF, 0x1F,
    0x3F, 0x76, 0x12, 0x99, 0xE2, 0xF8, 0xCE, 0xE7, 0x1E, 0x3D, 0xFC, 0x99, 0x3F, 0xDA, 0x84, 0x03,
    0x52, 0x9C, 0x9B, 0x19, 0x19, 0x02, 0xD4, 0xE4, 0x87, 0x8E, 0x8A, 0x4D, 0xFB, 0x36, 0x8D, 0xE6,
    0x3F, 0x59, 0xDD, 0xBA, 0x6D, 0xF4, 0xDB, 0x08, 0x50, 0xFB, 0x81, 0x2F, 0x7C, 0x7E, 0xFE, 0x11,
    0xF8, 0x1D, 0x50, 0xD4, 0x87, 0xC7, 0xDE, 0x5B, 0x17, 0xE6, 0x1B, 0x47, 0x4F, 0xE4, 0xBE, 0xBA,
    0xB8, 0x90, 0x7B, 0x7E, 0xF1, 0xD4, 0xC9, 0xB8, 0xBE, 0xF3, 0xB9, 0xC3, 0x4A, 0x42, 0x0C, 0xD0,
    0x43, 0x06, 0x04, 0xC8, 0x77, 0x67, 0x3F, 0x58, 0x13, 0x19, 0xFB, 0xDB, 0x0B, 0x5E, 0x71, 0xF7,
    0x8F, 0xDE, 0xAC, 0x7F, 0xDD, 0x3A, 0xFD, 0xF6, 0x38, 0x3C, 0xEC, 0xD5, 0x45, 0x31, 0x75, 0x50,
    0xC3, 0x14, 0x47, 0x16, 0x79, 0x3C, 0xEB, 0x0D, 0x10, 0x09, 0xFE, 0x32, 0x10, 0xC5, 0xEF, 0x1F,
    0xB0, 0xE3, 0xA6, 0xF2, 0xED, 0x36, 0x5D, 0x10, 0x43, 0x8F, 0xFD, 0x08, 0xD8, 0xB6, 0xC5, 0x06,
    0x38, 0x2F, 0xAD, 0x4B, 0x59, 0xDA, 0x96, 0x6A, 0x20, 0x34, 0x70, 0xFE, 0x8D, 0xEF, 0x44, 0x20,
    0x33, 0x4D, 0x10, 0xC5, 0x12, 0x65, 0xA4, 0x0A, 0x50, 0x4E, 0x82, 0x10, 0x3C, 0x0E, 0x57, 0x16,
    0x41, 0xC5, 0xD1, 0x27, 0x63, 0x79, 0x4B, 0xA3, 0x96, 0x98, 0x3D, 0x36, 0x03, 0x7A, 0x08, 0x44,
    0xE2, 0x2C, 0xC8, 0x5A, 0xDE, 0x6C, 0x3A, 0x5E, 0xD9, 0x7B, 0x3D, 0x78, 0x3D, 0xA8, 0xFA, 0xEC,
    0x0C, 0x99, 0x14, 0x83, 0x3E, 0xEC, 0xD9, 0x6D, 0x51, 0x9C, 0xC3, 0x71, 0xAC, 0x09, 0x15, 0xD3,
    0x69, 0xB1, 0xD0, 0x5F, 0x16, 0x7F, 0xF5, 0xB2, 0x38, 0x12, 0x8B, 0xF1, 0x0A, 0x0A, 0xAE, 0xD4,
    0xFE, 0xAB, 0xDD, 0xD2, 0xF5, 0xD5, 0xFE, 0xE2, 0xDC, 0xF8, 0xB8, 0xB6, 0x78, 0x77, 0x5C, 0x33,
    0xFE, 0x1B, 0x82, 0x27, 0x35, 0x30, 0x8B, 0xC9, 0x5B, 0x61, 0xBD, 0x2A, 0x9C, 0x6F, 0x7A, 0xE3,
    0x67, 0xBD, 0xF1, 0x9F, 0x8B, 0x22, 0x04, 0x63, 0x7F, 0x00, 0x3D, 0x0C, 0xC4, 0xF3, 0xC1, 0x6E,
    0x78, 0xBB, 0xC1, 0x56, 0x07, 0xCD, 0x93, 0x4A, 0x41, 0xBC, 0xC3, 0x03, 0x47, 0x66, 0x27, 0x46,
    0x4E, 0xCC, 0x46, 0x13, 0xE0, 0x45, 0xBA, 0x1F, 0xF9, 0x7A, 0x73, 0xA1, 0x55, 0xFE, 0x21, 0x28,
    0x8D, 0x89, 0xD2, 0xA0, 0x10, 0x77, 0xD7, 0x8E, 0xD5, 0x90, 0x41, 0x52, 0xD7, 0xB1, 0xF9, 0x05,
    0x51, 0xC5, 0x3C, 0x1F, 0xBE, 0x1E, 0x17, 0x33, 0x91, 0x68, 0x29, 0x57, 0x47, 0xE8, 0x4D, 0x2B,
    0x34, 0xFE, 0x71, 0x5F, 0xDD, 0xDC, 0x36, 0x71, 0x04, 0xEA, 0x05, 0xAD, 0x99, 0x0B, 0x77, 0xFD,
    0xBC, 0xEA, 0x1D, 0xBB, 0xF7, 0x5C, 0x47, 0x69, 0xF7, 0xBF, 0x5D, 0x03, 0x43, 0xF5, 0xBE, 0xE0,
    0xEE, 0xC0, 0x09, 0x8C, 0xC0, 0xF5, 0xF6, 0x02, 0x85, 0xED, 0xF0, 0xBD, 0x8D, 0x63, 0x0B, 0x2F,
    0xD5, 0x2C, 0x7F, 0x33, 0x58, 0xBC, 0x1C, 0xFC, 0x7A, 0x26, 0x6A, 0x71, 0x4B, 0xF2, 0xC8, 0xF0,
    0x4D, 0x10, 0x7A, 0x31, 0x6D, 0xD6, 0x5D, 0x0F, 0xE8, 0xE8, 0x81, 0x46, 0x1E, 0xCE, 0x83, 0xD6,
    0x03, 0xA5, 0xB8, 0x68, 0x42, 0x00, 0x33, 0x78, 0xC9, 0xEF, 0xF2, 0xC0, 0xBF, 0xEE, 0xBD, 0x10,
    0x3A, 0x46, 0x60, 0xE0, 0x16, 0x2D, 0x50, 0x9E, 0xA7, 0x44, 0x11, 0x54, 0xF4, 0x20, 0xF2, 0xB5,
    0x0F, 0x72, 0xD3, 0x70, 0xBC, 0x11, 0xE7, 0xE3, 0xD1, 0xAC, 0x19, 0x2C, 0x4D, 0x40, 0xAD, 0x45,
    0xA0, 0x4F, 0xBD, 0x3C, 0x09, 0x4A, 0x43, 0x8C, 0x38, 0xFE, 0xAC, 0x11, 0x4C, 0x38, 0xBE, 0xD6,
    0x50, 0xC3, 0xAC, 0x8E, 0x3F, 0xF2, 0xD1, 0x70, 0xF6, 0x48, 0x38, 0x71, 0x77, 0x08, 0x2E, 0xA1,
    0x7E, 0x4A, 0xE9, 0x7B, 0x71, 0x4C, 0xC4, 0xA2, 0xEA, 0x99, 0xC4, 0x6D, 0x53, 0xA8, 0x64, 0xB5,
    0x8B, 0x81, 0xF1, 0x8D, 0x20, 0x67, 0x04, 0xD5, 0xD8, 0xDB, 0xA9, 0x8C, 0x9B, 0x1E, 0xA2, 0x31,
    0x49, 0xBF, 0xF5, 0x9E, 0x77, 0xBD, 0xEB, 0xAD, 0xA9, 0x37, 0x6A, 0x77, 0x78, 0xE0, 0xE9, 0xC0,
    0xBC, 0x27, 0x28, 0xC7, 0xFE, 0xCE, 0x2F, 0x2A, 0x54, 0x2F, 0x92, 0x1F, 0xC2, 0xEF, 0x25, 0xF5,
    0xAE, 0xA4, 0xDE, 0xA5, 0x15, 0x6F, 0x10, 0x21, 0xF7, 0xD3, 0xE0, 0x81, 0x28, 0x4F, 0x75, 0xFD,
    0x82, 0xB6, 0x7C, 0xBF, 0x8C, 0x4F, 0xE6, 0x12, 0x03, 0x70, 0xF8, 0xDA, 0xA1, 0x0E, 0xC6, 0xD4,
    0x41, 0xA1, 0xFB, 0xE0, 0x36, 0x75, 0x00, 0x7A, 0xAA, 0x28, 0x85, 0x87, 0x4D, 0x9D, 0x0D, 0xFE,
    0x0D, 0x65, 0xF4, 0xE2, 0x9F, 0x9C, 0x67, 0x73, 0xD7, 0x32, 0x19, 0xC8, 0xB6, 0xA7, 0xA1, 0x9A,
    0x38, 0xFC, 0x79, 0x6F, 0xD5, 0x50, 0x2F, 0x19, 0xC7, 0x69, 0xAE, 0x38, 0x48, 0xBE, 0x3A, 0xB4,
    0xE2, 0xAB, 0xA5, 0x9E, 0xA7, 0xF8, 0x66, 0x68, 0xD4, 0xF4, 0x3A, 0x90, 0x30, 0xA2, 0xBF, 0xFA,
    0x1D, 0xF5, 0x38, 0x6C, 0xCB, 0x20, 0xC2, 0xF2, 0xC0, 0x25, 0x05, 0x63, 0x62, 0xFB, 0x96, 0x97,
    0xDC, 0xDE, 0x40, 0x3F, 0x04, 0x7E, 0x0F, 0xEE, 0xD8, 0xAE, 0xF6, 0x54, 0x7C, 0xA1, 0xD5, 0xCE,
    0x35, 0x13, 0x17, 0x43, 0x72, 0xC3, 0x14, 0x46, 0x78, 0x5A, 0xA4, 0x7C, 0x9B, 0x0D, 0x1B, 0x77,
    0xDF, 0x20, 0xDA, 0x69, 0x6A, 0xD6, 0x80, 0xF5, 0x4A, 0xD0, 0x73, 0x90, 0x7C, 0xD5, 0xA1, 0x54,
    0xB3, 0x07, 0x83, 0x79, 0x10, 0x9B, 0x12, 0x80, 0x55, 0x04, 0x63, 0x41, 0x7F, 0x03, 0x2F, 0xB9,
    0x0D, 0x57, 0x06, 0x23, 0x45, 0x78, 0x65, 0x32, 0x06, 0x10, 0x95, 0x43, 0x15, 0x02, 0x7F, 0x52,
    0x7A, 0xE3, 0x15, 0x7E, 0xDA, 0x1D, 0xED, 0x03, 0x22, 0xBE, 0x10, 0x8B, 0xF8, 0x83, 0x71, 0x17,
    0x48, 0xD6, 0xD3, 0x3E, 0x7D, 0x08, 0x86, 0x48, 0x46, 0x10, 0xD3, 0x37, 0x84, 0x7E, 0xDD, 0x09,
    0x0C, 0xBE, 0xA8, 0x3D, 0xE5, 0xA7, 0xBF, 0x93, 0xB4, 0x15, 0x1B, 0x80, 0x8C, 0xB9, 0x33, 0x41,
    0xCF, 0x41, 0xF2, 0x55, 0xF6, 0x83, 0x5E, 0x0F, 0x85, 0xCD, 0x4F, 0xF8, 0xBD, 0x5A, 0xE7, 0x1D,
    0xE9, 0xB9, 0x63, 0x87, 0xEB, 0x8E, 0x8D, 0xA5, 0xBA, 0x74, 0x15, 0x14, 0xCD, 0x62, 0x32, 0xF5,
    0x15, 0x5F, 0xE4, 0xEE, 0xEF, 0xED, 0x50, 0xB7, 0x5C, 0x8C, 0xF4, 0xCB, 0x7E, 0x17, 0x13, 0x05,
    0xB9, 0xE6, 0x6C, 0x50, 0x58, 0x31, 0x74, 0xB6, 0xBD, 0x27, 0x23, 0x9F, 0xFA, 0xAA, 0xD8, 0xA3,
    0xBA, 0xD7, 0x95, 0x23, 0xA4, 0x94, 0x79, 0x46, 0x0D, 0x0C, 0x25, 0x5F, 0x9B, 0x92, 0xAA, 0xB4,
    0x21, 0x4A, 0xFC, 0x77, 0x7B, 0x14, 0xD7, 0x62, 0x85, 0x70, 0x45, 0xB1, 0xBD, 0x52, 0x47, 0x57,
    0xE4, 0x67, 0xB0, 0x0F, 0x41, 0x2E, 0x83, 0xC2, 0x62, 0xE5, 0xEC, 0x0F, 0x95, 0x03, 0xBD, 0x31,
    0x79, 0x40, 0x68, 0x5F, 0x49, 0xA5, 0x6A, 0x33, 0x81, 0xA8, 0x93, 0xEA, 0x4E, 0xBE, 0x4A, 0x0E,
    0xBA, 0x47, 0xE4, 0xD7, 0x89, 0x7A, 0xFB, 0xF6, 0xB9, 0xEE, 0x9E, 0x7D, 0x4A, 0xC2, 0xDE, 0x99,
    0x7A, 0xE6, 0xCB, 0x01, 0xC9, 0xB7, 0xF1, 0x31, 0x96, 0x27, 0xF3, 0x0C, 0x9F, 0xAF, 0x98, 0x70,
    0x73, 0x79, 0xD4, 0xAB, 0x75, 0x55, 0xBF, 0x60, 0x9D, 0xC0, 0x69, 0x7F, 0xD1, 0x58, 0xE4, 0xD4,
    0xC2, 0x22, 0x0F, 0xC2, 0x30, 0x65, 0x3B, 0x19, 0xEF, 0xB5, 0x22, 0x62, 0xAD, 0x07, 0xB6, 0x04,
    0xAC, 0x04, 0x30, 0x00, 0xED, 0xA8, 0xCA, 0x7B, 0x2C, 0x4A, 0xB4, 0xA8, 0xF9, 0x95, 0xFA, 0xFC,
    0x2A, 0x8A, 0x72, 0x1D, 0xA8, 0xB9, 0x1B, 0xFE, 0xF6, 0x1C, 0xB2, 0xDB, 0xF6, 0xFD, 0xA3, 0x76,
    0xDC, 0x3A, 0x7C, 0xE2, 0x9D, 0x9C, 0x1B, 0x2D, 0xC0, 0xA4, 0x35, 0x7C, 0x7E, 0xC0, 0xA9, 0x42,
    0x2D, 0x02, 0x7F, 0xE6, 0x74, 0x1D, 0x9A, 0x08, 0x45, 0x76, 0xBE, 0x4F, 0x1F, 0x2E, 0x57, 0x22,
    0x6F, 0xB6, 0x69, 0x5A, 0x6A, 0x84, 0x4A, 0x57, 0xF4, 0xD5, 0xD4, 0x41, 0x46, 0x29, 0x5B, 0xDB,
    0x56, 0x07, 0x8E, 0x3C, 0xE8, 0x93, 0x40, 0x5C, 0x99, 0xEC, 0x4C, 0x26, 0x68, 0xC4, 0x9C, 0x01,
    0x12, 0xEE, 0xC3, 0x81, 0x1C, 0xF8, 0x06, 0x6D, 0x49, 0x98, 0x69, 0xE8, 0x32, 0x1D, 0x14, 0xA9,
    0x83, 0x06, 0x84, 0x18, 0xD4, 0x85, 0x8A, 0x19, 0x32, 0x07, 0xB8, 0x33, 0x01, 0x71, 0x80, 0x70,
    0xE2, 0x83, 0x42, 0xCD, 0xB3, 0x65, 0xD6, 0x6D, 0x3F, 0x04, 0x07, 0x09, 0xF3, 0x6E, 0x22, 0x96,
    0x01, 0x10, 0x3F, 0xE0, 0xE9, 0x6F, 0xD6, 0x71, 0x74, 0xAD, 0x33, 0xB4, 0xE6, 0x61, 0xB8, 0x17,
    0x37, 0x8C, 0xB0, 0x62, 0x06, 0x85, 0x9C, 0x5F, 0xB4, 0xFC, 0x31, 0x2B, 0x18, 0x33, 0xE3, 0xB6,
    0x16, 0xB7, 0xC5, 0xD0, 0x2C, 0x90, 0x73, 0xE8, 0xA1, 0x7A, 0x1C, 0x07, 0x28, 0x0D, 0x3C, 0xEA,
    0x48, 0x19, 0x63, 0x74, 0x7A, 0x71, 0xBA, 0x54, 0xA3, 0xC1, 0x9F, 0xC1, 0x9E, 0x31, 0x01, 0x9C,
    0x8E, 0x02, 0x61, 0xBF, 0xB1, 0x0C, 0x61, 0x56, 0xE8, 0x42, 0x30, 0x6F, 0xE3, 0x14, 0x2A, 0xAA,
    0x8D, 0xB0, 0x28, 0xF4, 0xE5, 0xA6, 0x18, 0x8A, 0x97, 0xA7, 0x08, 0xE4, 0xF3, 0x33, 0x6D, 0xD1,
    0x5F, 0x71, 0xBF, 0xD1, 0x4F, 0x71, 0x6F, 0xE4, 0x29, 0x7D, 0x96, 0x62, 0x08, 0x67, 0x46, 0x4D,
    0x9E, 0xDE, 0x76, 0x93, 0x32, 0x0D, 0xF4, 0xF8, 0xF5, 0x1A, 0xF0, 0x8A, 0xF6, 0x9D, 0x10, 0x30,
    0x7F, 0xAD, 0x7C, 0x43, 0x50, 0x45, 0xCC, 0x2B, 0x0B, 0x0B, 0x6B, 0xC3, 0x3B, 0x57, 0x9D, 0xA9,
    0x2F, 0xA0, 0x02, 0x2B, 0xA2, 0x06, 0xDB, 0x8E, 0xB1, 0x45, 0xBE, 0x7B, 0xFC, 0x29, 0x73, 0x59,
    0x99, 0x7A, 0x6E, 0x9D, 0x9B, 0x57, 0xED, 0x33, 0x00, 0x04, 0x81, 0xB4, 0x05, 0xCE, 0x77, 0xEA,
    0x04, 0x44, 0x9D, 0xA0, 0x68, 0x12, 0x18, 0xE5, 0x4F, 0x23, 0x1C, 0x4E, 0xEC, 0x01, 0x20, 0x66,
    0xCC, 0x90, 0x30, 0x28, 0x0C, 0x0B, 0x03, 0xC3, 0xD0, 0x30, 0x38, 0x52, 0x87, 0x12, 0x40, 0x0C,
    0x91, 0x60, 0x90, 0x24, 0x4C, 0x0C, 0x94, 0x47, 0x1C, 0x8D, 0xB2, 0x8A, 0x99, 0xE2, 0xCC, 0x00,
    0xC1, 0x62, 0xB5, 0x55, 0x32, 0xDB, 0x01, 0x40, 0xB3, 0x70, 0x76, 0x7B, 0x15, 0x67, 0x39, 0xE2,
    0x6D, 0xF1, 0x5C, 0x9F, 0x49, 0x32, 0x34, 0x92, 0xC3, 0xC3, 0x39, 0x9E, 0x1A, 0xE4, 0xA1, 0x01,
    0x6A, 0x23, 0xEC, 0x1A, 0x48, 0xB3, 0xF8, 0xF1, 0xD8, 0x94, 0x6A, 0x8B, 0x1B, 0x93, 0xA9, 0x73,
    0x6C, 0x0E, 0xDA, 0xAB, 0x50, 0x83, 0xEE, 0x01, 0x6C, 0xD1, 0x89, 0xB1, 0x49, 0xB3, 0xC7, 0x69,
    0xD3, 0x52, 0x19, 0x73, 0x2E, 0xF9, 0x8A, 0xEE, 0x75, 0x06, 0xF1, 0x72, 0xC1, 0xF5, 0x19, 0x79,
    0x64, 0x43, 0x04, 0x4C, 0x5D, 0x42, 0x75, 0xB2, 0x44, 0x05, 0x6A, 0x94, 0xCE, 0x18, 0xCD, 0xE5,
    0x8C, 0x3C, 0x52, 0xEB, 0xDC, 0xBC, 0x6A, 0x9F, 0x01, 0x20, 0x08, 0x00, 0x84, 0xC7, 0x90, 0x15,
    0x6A, 0x36, 0x01, 0x01, 0x0D, 0x03, 0x14, 0xD0, 0x0D, 0x00, 0xC3, 0x5C, 0xF6, 0xF0, 0x34, 0x8E,
    0xB0, 0x95, 0x99, 0x3A, 0x41, 0xC2, 0xA0, 0x30, 0x2C, 0x0C, 0x0C, 0x43, 0xC3, 0xE0, 0xC8, 0x09,
    0xC2, 0x0E, 0x63, 0x01, 0x21, 0x12, 0x0C, 0x92, 0x84, 0x89, 0x81, 0xBA, 0x66, 0xCA, 0x93, 0xAE,
    0x2A, 0x16, 0x55, 0x41, 0xA3, 0x76, 0xD7, 0x97, 0xCA, 0x3C, 0xD5, 0xB6, 0x52, 0xE9, 0x94, 0x9D,
    0xC9, 0xB7, 0x37, 0x76, 0x1C, 0xF9, 0x3A, 0x50, 0x13, 0x00, 0x01, 0x6A, 0x12, 0x05, 0x09, 0x14,
    0x86, 0xA5, 0x47, 0x8E, 0xD7, 0x91, 0x9A, 0x79, 0xE5, 0xF5, 0x52, 0x41, 0xD4, 0x24, 0xE9, 0xA5,
    0xE1, 0x2B, 0x92, 0xE8, 0xF5, 0x21, 0x2E, 0x8B, 0x2D, 0x8B, 0xB0, 0xEE, 0x5D, 0x3F, 0x72, 0x6B,
    0x4F, 0xFA, 0x20, 0x2A, 0x58, 0xE0, 0x69, 0x05, 0xBF, 0xB8, 0x51, 0xE4, 0x46, 0x28, 0x18, 0x16,
    0x29, 0xC2, 0x04, 0xCD, 0x8D, 0x14, 0x5E, 0x3A, 0xC5, 0x69, 0xC7, 0x7C, 0x5A, 0x28, 0xAC, 0x8D,
    0xDA, 0x5E, 0x8D, 0xE6, 0x7B, 0xF7, 0x76, 0xAE, 0x94, 0x4A, 0x5D, 0x6A, 0xFE, 0x4A, 0xA7, 0x3E,
    0x9F, 0x09, 0xE0, 0x8D, 0xE1, 0xA5, 0xA6, 0xA6, 0x7F, 0x07, 0xCC, 0xC3, 0x46, 0x5D, 0x26, 0xE5,
    0x2A, 0x32, 0xB0, 0x28, 0x4A, 0x64, 0xBB, 0xDE, 0x13, 0x0F, 0xC6, 0xE7, 0xE2, 0xF8, 0xED, 0x18,
    0x1E, 0x74, 0x2A, 0x9D, 0xFD, 0xC1, 0x88, 0xD5, 0x7C, 0x35, 0x24, 0xFF, 0x11, 0xCE, 0xAD, 0xA7,
    0x7D, 0x78, 0x77, 0x12, 0x8C, 0x57, 0x02, 0x1D, 0x25, 0x93, 0x5E, 0x09, 0xE8, 0xD3, 0x79, 0x82,
    0xB8, 0x36, 0x30, 0xA7, 0xE5, 0xC0, 0xC0, 0x35, 0xC2, 0x46, 0xF1, 0x70, 0x93, 0x33, 0xA6, 0x6B,
    0x01, 0xA7, 0xEE, 0xD3, 0xF4, 0xC3, 0x7F, 0xC3, 0x99, 0x49, 0xFA, 0x6B, 0xA1, 0xF9, 0x54, 0x68,
    0xC5, 0xC1, 0xE6, 0xE7, 0xC4, 0xD5, 0xD1, 0x19, 0x17, 0x61, 0xD1, 0xE7, 0x5F, 0x3D, 0x5A, 0x7B,
    0xA0, 0xBF, 0x55, 0x13, 0xC6, 0xE9, 0x1A, 0xB0, 0x67, 0x20, 0xBA, 0x1E, 0x7A, 0xAD, 0xD8, 0xDD,
    0xCE, 0x6D, 0x63, 0x48, 0x61, 0x9C, 0x0D, 0x41, 0x4E, 0xBB, 0xC2, 0x88, 0xAB, 0x98, 0x59, 0xB9,
    0x57, 0xB6, 0x5B, 0x12, 0x97, 0xCE, 0x7F, 0x64, 0xA5, 0xF6, 0xCA, 0x29, 0xA0, 0x6B, 0x1C, 0x5F,
    0xE2, 0x78, 0x80, 0xD6, 0xF2, 0x68, 0x22, 0x8F, 0xF1, 0xA3, 0x3A, 0x7D, 0x6F, 0xD3, 0xE4, 0x49,
    0x81, 0xF3, 0xDD, 0x71, 0x82, 0x01, 0xCE, 0xA0, 0xDD, 0x2B, 0x33, 0x10, 0xF0, 0x7E, 0xDD, 0xC7,
    0xC4, 0x43, 0x63, 0x51, 0xAB, 0x2D, 0x82, 0x6B, 0xD9, 0x9B, 0x60, 0xB8, 0xF2, 0x2E, 0x5C, 0x71,
    0xD8, 0x7F, 0x3D, 0xBA, 0xB2, 0xC1, 0xE7, 0x61, 0xA9, 0xEC, 0x96, 0xF4, 0x74, 0x19, 0xB6, 0x64,
    0xE8, 0x8D, 0xA1, 0xA3, 0x84, 0x8C, 0x50, 0x51, 0x45, 0x67, 0x4E, 0x79, 0x32, 0xBA, 0x98, 0x2C,
    0x97, 0x2D, 0xCB, 0x7C, 0x0F, 0x4E, 0x47, 0x1B, 0x93, 0x5D, 0x28, 0x50, 0x60, 0x29, 0xB3, 0x21,
    0xB3, 0xB2, 0x76, 0xA5, 0x83, 0x6F, 0xFB, 0xD2, 0x82, 0x85, 0x32, 0xD1, 0xB3, 0xCC, 0xAB, 0x69,
    0x23, 0x19, 0x83, 0xFA, 0x10, 0x28, 0x25, 0xE0, 0x6A, 0x3C, 0x8B, 0x4B, 0x8F, 0x69, 0xD9, 0x12,
    0x5A, 0x4E, 0x2B, 0xE2, 0x31, 0xF5, 0xA2, 0x1C, 0x5B, 0xB7, 0x6A, 0xB4, 0x5C, 0x96, 0x8D, 0x29,
    0xCE, 0x13, 0x43, 0x54, 0x92, 0x2B, 0x5F, 0x4F, 0x3E, 0x10, 0xB3, 0x09, 0x08, 0xDA, 0x44, 0xB2,
    0x86, 0x84, 0x9D, 0x6F, 0x27, 0xB1, 0x3E, 0x91, 0x60, 0xAB, 0x8C, 0x0F, 0xE7, 0xD9, 0x60, 0x85,
    0xC4, 0xB2, 0x59, 0x61, 0x82, 0x86, 0x96, 0x24, 0x8A, 0xB4, 0xF6, 0xD4, 0x8A, 0x16, 0x25, 0x23,
    0x36, 0x80, 0xC1, 0xA1, 0x87, 0xE2, 0xEF, 0x41, 0x53, 0x67, 0xC0, 0x98, 0x2C, 0x6B, 0x71, 0x0F,
    0x5F, 0x09, 0xB5, 0x72, 0x73, 0x63, 0xCF, 0xB7, 0x49, 0x81, 0xAB, 0x56, 0x9A, 0x4A, 0x80, 0x25,
    0xC4, 0x0A, 0x64, 0x05, 0x73, 0x02, 0xF4, 0x06, 0x63, 0x9E, 0x69, 0xF6, 0xAE, 0xE0, 0xB7, 0x5A,
    0x5B, 0x03, 0x6F, 0xC7, 0x11, 0x55, 0x60, 0xA4, 0xA3, 0xD7, 0x95, 0x91, 0xA6, 0x95, 0x0B, 0x87,
    0x71, 0x38, 0x36, 0x43, 0xED, 0x88, 0x2A, 0xF2, 0xD5, 0xD1, 0x5F, 0xF3, 0xD5, 0x1A, 0x6C, 0x07,
    0x70, 0xAB, 0x70, 0xE7, 0x2A, 0xF8, 0x48, 0xF4, 0xB2, 0xAA, 0xD5, 0x75, 0x35, 0x13, 0x47, 0x5D,
    0xEF, 0xC5, 0xCA, 0x7A, 0x70, 0x3B, 0x5B, 0x0F, 0xB4, 0x87, 0x94, 0x3E, 0xF6, 0x38, 0x9F, 0x4C,
    0xF6, 0xB1, 0xBE, 0x51, 0x24, 0x82, 0xA0, 0x22, 0xF0, 0x38, 0xC5, 0xED, 0xA9, 0xAC, 0x37, 0x9D,
    0x6A, 0xF5, 0x7E, 0x59, 0x48, 0x46, 0xED, 0xFD, 0x3C, 0x13, 0xFF, 0x0D, 0x1E, 0x74, 0xAE, 0x31,
    0x97, 0x79, 0x37, 0x99, 0x68, 0xC9, 0xBE, 0xC8, 0xCE, 0xA8, 0xDE, 0x24, 0xDD, 0x51, 0xFD, 0xB9,
    0x79, 0x85, 0x66, 0x12, 0x42, 0x3A, 0x78, 0x86, 0x33, 0x8A, 0x06, 0x7C, 0x5A, 0x64, 0xD6, 0x83,
    0xE9, 0x69, 0x24, 0x08, 0x5B, 0xA5, 0x66, 0xA9, 0x5D, 0x6E, 0xF8, 0x86, 0x31, 0xF9, 0x9A, 0xAD,
    0xAC, 0xE1, 0xC1, 0x85, 0x9A, 0x1C, 0x22, 0xA2, 0x67, 0x92, 0xA3, 0xD4, 0x20, 0x2C, 0xB6, 0xA7,
    0x68, 0xF9, 0x2C, 0x3D, 0xF7, 0x22, 0x3D, 0x98, 0xE6, 0x29, 0xF3, 0x6F, 0x0C, 0xDA, 0xDC, 0x00,
    0x08, 0x8F, 0xCB, 0x64, 0x31, 0x84, 0xA7, 0xF8, 0x9B, 0xE7, 0x23, 0xA3, 0x23, 0x2E, 0x8B, 0x1F,
    0xE0, 0xC4, 0x3B, 0x9A, 0xAD, 0x1F, 0x61, 0xC2, 0x18, 0xBC, 0x71, 0x5A, 0x8C, 0x2D, 0xB2, 0xCF,
    0xF5, 0x1D, 0x21, 0xB8, 0xAE, 0xDD, 0xD4, 0x38, 0xF5, 0xCA, 0xE5, 0x0F, 0x08, 0xB0, 0x98, 0xD1,
    0x8E, 0xD4, 0x27, 0x58, 0x18, 0x98, 0x55, 0xA0, 0x59, 0x73, 0x44, 0x6D, 0x88, 0x71, 0xCD, 0x47,
    0x40, 0x1D, 0x50, 0x8C, 0x05, 0xB1, 0xDE, 0x4F, 0x3D, 0x2D, 0xF6, 0xF4, 0x73, 0x6A, 0x96, 0xD9,
    0x12, 0xF1, 0x65, 0xEC, 0x1B, 0x6F, 0x84, 0xB9, 0x27, 0x81, 0x0C, 0xD1, 0x18, 0x8E, 0x43, 0x4F,
    0x4E, 0x8A, 0xC9, 0xA2, 0x58, 0x72, 0x3E, 0x13, 0x59, 0x10, 0xB5, 0x41, 0x97, 0x70, 0xF9, 0x06,
    0xC6, 0x43, 0x4A, 0xAE, 0x66, 0xE7, 0x38, 0xD0, 0x78, 0x31, 0x0D, 0x8A, 0x5C, 0x57, 0x9C, 0x45,
    0x75, 0xD6, 0x10, 0x46, 0xBB, 0x09, 0x58, 0xC1, 0x35, 0xB2, 0x38, 0x35, 0x86, 0x3F, 0x38, 0x8B,
    0x12, 0xE7, 0xD9, 0x9A, 0x28, 0x8D, 0x43, 0x65, 0x78, 0x88, 0xDD, 0x46, 0x5D, 0x75, 0x85, 0xD0,
    0xEC, 0xE0, 0x35, 0x46, 0x36, 0xE0, 0xC7, 0x05, 0x14, 0x96, 0x44, 0x9D, 0x36, 0x12, 0xC2, 0x01,
    0xFF, 0x49, 0xE1, 0xCE, 0x15, 0x85, 0xD5, 0xCA, 0x08, 0xB9, 0x51, 0xD0, 0xAA, 0x98, 0x36, 0xBC,
    0xCD, 0x10, 0x19, 0xE6, 0x7C, 0x8D, 0x2C, 0x32, 0x92, 0x1F, 0x55, 0x5C, 0x1C, 0xD8, 0xF5, 0x8B,
    0x41, 0xB9, 0xAE, 0x87, 0x2D, 0xA1, 0xBD, 0x06, 0x5D, 0xFD, 0x05, 0x7C, 0xF1, 0x76, 0x40, 0x33,
    0x63, 0x71, 0xAE, 0x30, 0x0D, 0x2B, 0xEA, 0xC9, 0x38, 0x03, 0xB1, 0x70, 0x93, 0xD8, 0x4E, 0x8D,
    0x9E, 0x58, 0xFF, 0x00, 0xFD, 0x1F, 0xD3, 0xA1, 0x89, 0x02, 0x6E, 0xD0, 0x52, 0xD0, 0x2E, 0x82,
    0x59, 0x30, 0xCE, 0xD6, 0x85, 0x7D, 0x1F, 0xD1, 0xD1, 0x8F, 0xF6, 0x9A, 0xF1, 0x3D, 0x75, 0xDC,
    0x1F, 0xA4, 0xEE, 0xB4, 0xEF, 0xEB, 0xDE, 0x6E, 0xC8, 0x46, 0x2E, 0x2C, 0xA3, 0xCE, 0x58, 0x6E,
    0xA2, 0x25, 0x29, 0xA1, 0xC0, 0x94, 0x70, 0x62, 0x7C, 0x09, 0xE3, 0xD8, 0x0A, 0x8E, 0x05, 0xC2,
    0xB7, 0x36, 0x68, 0xE1, 0xBD, 0x4E, 0x75, 0x79, 0x8A, 0xF6, 0x1A, 0x71, 0xE2, 0x07, 0xAA, 0x4D,
    0xB0, 0x2C, 0x16, 0xFE, 0x24, 0x87, 0x69, 0x0C, 0x28, 0xCC, 0xC8, 0x46, 0x0E, 0x42, 0x0E, 0x28,
    0x37, 0xA4, 0xDB, 0x31, 0x28, 0xF9, 0x04, 0x29, 0x09, 0x76, 0x40, 0x03, 0x36, 0x35, 0xCE, 0xB7,
    0xA1, 0x85, 0x6A, 0x90, 0xF3, 0xCB, 0xB5, 0x9C, 0x3F, 0x1B, 0xE5, 0x82, 0xA5, 0x8A, 0xF1, 0x5A,
    0x54, 0xD0, 0xE3, 0x5A, 0xE1, 0xF6, 0x38, 0x9C, 0x85, 0xE7, 0x37, 0xE3, 0x27, 0xE3, 0x94, 0x95,
    0x25, 0x4B, 0x88, 0xF3, 0xF5, 0xC5, 0xB1, 0x63, 0xC8, 0x6F, 0x8E, 0x94, 0x5F, 0x03, 0xB3, 0x8F,
    0x46, 0x38, 0x86, 0x10, 0x03, 0x53, 0x9A, 0xA7, 0xA1, 0xD5, 0x5D, 0x17, 0x90, 0x15, 0x71, 0x13,
    0xA3, 0x38, 0x9C, 0x89, 0xE1, 0x0B, 0xE0, 0x40, 0xA0, 0x07, 0x70, 0x62, 0x1D, 0x10, 0xAE, 0xB5,
    0x50, 0x0F, 0x54, 0x11, 0x03, 0x76, 0xBB, 0x67, 0xC5, 0x96, 0xC1, 0x2D, 0x5A, 0x4C, 0x44, 0xE7,
    0x18, 0x4F, 0x81, 0xE5, 0xA1, 0xC8, 0x26, 0x6F, 0x13, 0x50, 0xA7, 0xCD, 0x96, 0x2C, 0x76, 0x9F,
    0x9C, 0x7E, 0x93, 0x9D, 0x1C, 0x64, 0xF3, 0x81, 0x67, 0xBB, 0x46, 0x44, 0x81, 0x42, 0x7F, 0x3C,
    0x9F, 0xCC, 0x08, 0xCB, 0x56, 0x63, 0x4A, 0xB8, 0x86, 0x76, 0xFB, 0x19, 0x8F, 0x97, 0xFF, 0x36,
    0x92, 0x95, 0x37, 0xA7, 0x38, 0xB5, 0xE8, 0xA1, 0x11, 0xC3, 0x71, 0xAB, 0x9D, 0xB1, 0x5C, 0xD8,
    0x26, 0x78, 0x72, 0xAC, 0xC1, 0xC0, 0xC9, 0x3D, 0x9F, 0xE4, 0x12, 0x62, 0xFD, 0x55, 0xAE, 0xE2,
    0x94, 0x56, 0x59, 0xC7, 0x5E, 0x7D, 0x51, 0xC1, 0x45, 0x8F, 0x21, 0x98, 0xF4, 0x37, 0x14, 0x3C,
    0x29, 0x68, 0xAE, 0xAE, 0xE3, 0x99, 0x42, 0x31, 0x4F, 0x9F, 0x4C, 0xA1, 0x50, 0x2C, 0xE6, 0x93,
    0x5A, 0xF3, 0x8D, 0x9A, 0x11, 0x66, 0x32, 0x45, 0x38, 0xCB, 0xE4, 0xD5, 0x7C, 0x2A, 0xFC, 0x6E,
    0x3B, 0xBC, 0x8A, 0xC5, 0x42, 0x81, 0xAF, 0x69, 0x5E, 0xEF, 0xFC, 0x46, 0xFC, 0xCD, 0xE8, 0xA8,
    0xBA, 0x53, 0x7D, 0x3B, 0x32, 0x42, 0xF7, 0x88, 0xE7, 0x03, 0xFA, 0x0B, 0x9F, 0x0F, 0x69, 0x2A,
    0xCC, 0x08, 0xB5, 0x0D, 0x3F, 0xD8, 0x5E, 0x2C, 0x80, 0xBD, 0x2F, 0x86, 0x47, 0x16, 0xFE, 0xBA,
    0xE6, 0x04, 0x9A, 0xD8, 0x2A, 0xF0, 0xBD, 0x72, 0x91, 0x47, 0x46, 0x6C, 0xC1, 0x3D, 0xA5, 0x9A,
    0xD6, 0x5F, 0xEC, 0xD9, 0x5D, 0x6D, 0x0C, 0x78, 0x38, 0x3F, 0xE5, 0x62, 0xA0, 0x9F, 0x0E, 0xCD,
    0x7B, 0x02, 0x37, 0xF6, 0x6F, 0x7F, 0x4E, 0x88, 0x24, 0xC7, 0x53, 0x49, 0x57, 0x32, 0xF3, 0x98,
    0x3B, 0xC3, 0x4B, 0xB7, 0xB8, 0x82, 0x8B, 0x1B, 0x67, 0xA3, 0x00, 0x95, 0x99, 0xAA, 0x74, 0xD7,
    0x2A, 0x65, 0x2A, 0x41, 0x4E, 0xEA, 0x0E, 0xEC, 0x49, 0x5D, 0x14, 0x29, 0xF0, 0x15, 0xFC, 0xB2,
    0x03, 0xAA, 0x07, 0x49, 0x17, 0xA8, 0x0F, 0xAA, 0x13, 0xAA, 0x17, 0xAA, 0x1B, 0xAA, 0x1F, 0xAA,
    0x23, 0xAA, 0x27, 0x72, 0x2C, 0xDF, 0x97, 0x8E, 0xE0, 0x39, 0xEE, 0xCC, 0x2F, 0xA1, 0x1F, 0xE4,
    0x08, 0x56, 0x13, 0x7F, 0x77, 0xB3, 0x1C, 0xE5, 0xB6, 0xF6, 0x31, 0x5C, 0xF6, 0x3E, 0x0D, 0xD7,
    0xC8, 0x89, 0x6D, 0xD7, 0x39, 0x51, 0xB4, 0x3D, 0x71, 0xDB, 0x8A, 0x8F, 0x2B, 0xA4, 0x15, 0x1E,
    0xD7, 0xF0, 0xA1, 0x00, 0xED, 0xE8, 0x7A, 0x24, 0x8F, 0xF6, 0xD2, 0x9D, 0xF0, 0xED, 0x63, 0x42,
    0xEC, 0x21, 0xD3, 0x1D, 0x29, 0x99, 0x7C, 0xF1, 0x12, 0x1B, 0xBE, 0xD0, 0x64, 0x7D, 0x68, 0xC3,
    0x0E, 0xC0, 0xD2, 0x80, 0xB6, 0xAF, 0x86, 0x34, 0x35, 0x7C, 0xAF, 0x04, 0x04, 0xD5, 0x27, 0x0E,
    0x01, 0xED, 0x91, 0xDE, 0x40, 0xD4, 0xE3, 0x25, 0xBC, 0xD8, 0xD9, 0x1B, 0xC4, 0xC1, 0xF8, 0x64,
    0xB5, 0xBD, 0x41, 0x30, 0xA6, 0xC2, 0x9E, 0x80, 0x29, 0x44, 0x8B, 0x06, 0x0D, 0xD1, 0x0A, 0x5F,
    0x39, 0x0B, 0xDD, 0xD4, 0x03, 0xE3, 0x63, 0x9E, 0x7E, 0x86, 0xDA, 0xAC, 0x74, 0x4F, 0xD9, 0xBC,
    0x0A, 0xE0, 0xF9, 0x89, 0x02, 0x1E, 0x29, 0xF0, 0x99, 0xD4, 0x91, 0xCA, 0xCA, 0x99, 0xA0, 0xD7,
    0x05, 0xF8, 0x61, 0x81, 0x2B, 0x64, 0x78, 0x91, 0xCC, 0xC4, 0x35, 0x43, 0x8E, 0xC9, 0xF4, 0x71,
    0xF9, 0x99, 0x90, 0x9F, 0x7E, 0x6B, 0x46, 0xAF, 0x07, 0xE4, 0x2C, 0xE8, 0xCC, 0xC0, 0x1C, 0xC3,
    0x3D, 0x46, 0xE5, 0x1E, 0x5A, 0x42, 0x36, 0x09, 0x37, 0x04, 0xF0, 0x38, 0x93, 0x47, 0xC8, 0x02,
    0xB5, 0x34, 0xF0, 0x45, 0x14, 0x43, 0xEC, 0x97, 0x87, 0xAD, 0xE7, 0x82, 0x41, 0xE8, 0x9D, 0xF1,
    0xAB, 0x06, 0x40, 0x00, 0x56, 0x1F, 0x60, 0x70, 0x63, 0x0F, 0xBB, 0x19, 0x82, 0x03, 0x15, 0xED,
    0xC5, 0xA1, 0x3D, 0x1A, 0xB6, 0x64, 0x3B, 0xCF, 0x71, 0x36, 0xBB, 0xC2, 0xB4, 0x2A, 0x99, 0x9C,
    0x1B, 0x82, 0x4A, 0x2D, 0xF8, 0x3E, 0x94, 0x30, 0x33, 0x2D, 0x00, 0x01, 0xED, 0x62, 0xBE, 0x1C,
    0x98, 0x67, 0x82, 0xCE, 0x50, 0xC2, 0x55, 0x32, 0x73, 0x7A, 0x78, 0x02, 0x07, 0xBF, 0x7A, 0x87,
    0x27, 0xAE, 0x07, 0x46, 0x2F, 0xB9, 0xB1, 0x12, 0x38, 0x33, 0xE5, 0xB8, 0x76, 0xF8, 0x64, 0x28,
    0xD2, 0x1B, 0x2B, 0x5D, 0xEE, 0xDE, 0x3A, 0xA0, 0x00, 0x5C, 0xA8, 0xEE, 0x3A, 0xC9, 0x4D, 0xFF,
    0x19, 0x34, 0x8D, 0xB1, 0x80, 0x5A, 0xC2, 0x59, 0x42, 0xE5, 0xA0, 0xFD, 0x58, 0x18, 0x67, 0x84,
    0x71, 0x6F, 0xA0, 0x6B, 0xDE, 0xB5, 0xCA, 0x0F, 0xB9, 0x73, 0xB8, 0x15, 0xD7, 0x8F, 0x05, 0x3E,
    0x14, 0x9F, 0x2A, 0x74, 0xCD, 0x5B, 0x0B, 0xE1, 0x97, 0x59, 0x2B, 0x0A, 0xA6, 0x38, 0xA4, 0xC2,
    0xCD, 0x37, 0xC4, 0x7A, 0x6E, 0xBE, 0x91, 0x49, 0xD9, 0xAD, 0x62, 0xEA, 0xCA, 0xF6, 0xD4, 0xB8,
    0x75, 0xB1, 0xE7, 0x1E, 0x9E, 0xD8, 0x66, 0xF3, 0xDA, 0x52, 0x1C, 0x35, 0xC6, 0x40, 0x2E, 0x1B,
    0x37, 0x09, 0x12, 0x0A, 0xE7, 0x72, 0x3E, 0x2D, 0xCC, 0xF6, 0x10, 0x12, 0x17, 0x21, 0x81, 0x78,
    0x04, 0x21, 0x61, 0xA3, 0xEB, 0xF5, 0x85, 0x64, 0xB5, 0x5D, 0x70, 0x0E, 0xA5, 0xAE, 0xA4, 0x16,
    0xEA, 0x5C, 0x62, 0x5A, 0xB2, 0x06, 0x11, 0x85, 0xE5, 0xE3, 0x1A, 0x1D, 0x2B, 0x59, 0xA3, 0x73,
    0xD9, 0x93, 0x55, 0x07, 0xA5, 0xC7, 0xD6, 0x90, 0xC7, 0xD3, 0xF2, 0x38, 0x7A, 0xE7, 0xB5, 0x41,
    0x97, 0x5A, 0x09, 0xB4, 0x28, 0x1E, 0x15, 0x0D, 0xAD, 0x25, 0x1A, 0xA0, 0x9D, 0xF1, 0xB3, 0x24,
    0x7E, 0xE9, 0x2F, 0x41, 0x30, 0xB3, 0x04, 0x71, 0x63, 0x25, 0x99, 0xF5, 0x3E, 0x00, 0x1F, 0x97,
    0x96, 0x3E, 0x96, 0x70, 0xBE, 0x22, 0xC0, 0x5F, 0x02, 0x1B, 0x5C, 0xA2, 0x80, 0x05, 0x43, 0x80,
    0x9C, 0xEF, 0x3E, 0x33, 0x03, 0xDC, 0xD5, 0xA6, 0x5D, 0x68, 0xE4, 0x52, 0xB2, 0xB4, 0x9B, 0xD9,
    0x60, 0x28, 0x76, 0x62, 0x51, 0xC5, 0x02, 0x27, 0x22, 0xA0, 0xE5, 0xAE, 0x88, 0x27, 0xE6, 0xA0,
    0x00, 0xE6, 0xAB, 0x88, 0x65, 0x39, 0x2D, 0x41, 0x16, 0x10, 0x3B, 0xE0, 0xD3, 0x05, 0x36, 0x85,
    0xED, 0xE2, 0xCE, 0x54, 0xA0, 0xF5, 0xDC, 0x67, 0xCA, 0x6F, 0x61, 0x53, 0xC8, 0xC9, 0xF5, 0x72,
    0x32, 0xFB, 0x99, 0x1D, 0x75, 0xF6, 0xD3, 0xD9, 0x4D, 0x67, 0x2F, 0x9D, 0x5C, 0x62, 0xE9, 0xA3,
    0xF7, 0xB8, 0xE8, 0x1D, 0x7E, 0x9A, 0x25, 0x7F, 0xA7, 0x48, 0xA1, 0xA6, 0x43, 0xC1, 0xA6, 0x4D,
    0xE1, 0x26, 0xF6, 0x95, 0xCB, 0x25, 0x2A, 0x4B, 0x38, 0x4D, 0x13, 0x21, 0x80, 0xDF, 0x5A, 0x10,
    0xDC, 0x42, 0xE8, 0x99, 0xDE, 0xB1, 0x56, 0xDC, 0x25, 0x52, 0xBA, 0x9B, 0x53, 0x15, 0x14, 0xE2,
    0xE3, 0x8B, 0x37, 0xF2, 0xC4, 0x05, 0xA5, 0x78, 0xF1, 0x5C, 0x32, 0xD7, 0x5A, 0x6E, 0xA1, 0x81,
    0x8D, 0x02, 0xDF, 0x52, 0xAB, 0xBE, 0xE0, 0x66, 0x29, 0xD4, 0xB5, 0x05, 0xF1, 0x11, 0xB0, 0x2C,
    0xB6, 0x5C, 0x3D, 0x4F, 0x4D, 0x5F, 0x8C, 0x43, 0x6A, 0xBB, 0x9A, 0xCA, 0x24, 0xEB, 0x27, 0x04,
    0xBB, 0x4A, 0x62, 0xB7, 0x34, 0x1A, 0x70, 0xFA, 0x08, 0x72, 0x3D, 0x22, 0xE5, 0x4E, 0x6F, 0x45,
    0xCE, 0x19, 0xB5, 0x00, 0x28, 0x8C, 0x08, 0x35, 0x46, 0x03, 0x55, 0x46, 0x05, 0x75, 0x46, 0x89,
    0x94, 0x06, 0x6A, 0x8D, 0x49, 0x54, 0x1B, 0x25, 0xD0, 0x1B, 0x07, 0x1B, 0xB8, 0x65, 0x2D, 0x6A,
    0x0E, 0x9C, 0x03, 0x53, 0x57, 0x16, 0x03, 0x0D, 0x06, 0xD9, 0x0B, 0x32, 0x17, 0x64, 0x2D, 0x12,
    0x05, 0xF2, 0x6C, 0x57, 0x2A, 0x55, 0xA4, 0x2B, 0xE3, 0x87, 0xE9, 0x51, 0x4B, 0x73, 0x4E, 0xA8,
    0xDC, 0x82, 0x21, 0x67, 0x7B, 0x00, 0x24, 0x20, 0x15, 0x0E, 0x27, 0x57, 0x0B, 0x14, 0xF5, 0x93,
    0x16, 0xA3, 0xE5, 0x86, 0x34, 0x49, 0x11, 0x60, 0x7A, 0x30, 0x3E, 0x40, 0xFB, 0xFA, 0x82, 0x9C,
    0x20, 0x5C, 0xF7, 0xC4, 0xC9, 0xBC, 0x68, 0xB6, 0x66, 0x72, 0x93, 0x0D, 0xB6, 0x67, 0xD2, 0xA0,
    0xA9, 0x2D, 0x4C, 0x0E, 0xA5, 0x71, 0xB6, 0x17, 0x71, 0xD6, 0x42, 0x9C, 0xB5, 0x11, 0x67, 0x8F,
    0x21, 0xCE, 0xF6, 0x20, 0xCE, 0x26, 0x11, 0x67, 0xD1, 0x7A, 0xE1, 0x4C, 0x3A, 0xF9, 0xAD, 0x34,
    0x07, 0xA1, 0xF9, 0x7F, 0x96, 0x48, 0x49, 0x88, 0x9C, 0x64, 0x0C, 0x46, 0x1B, 0x14, 0x91, 0xC8,
    0x7C, 0xE0, 0xE4, 0xED, 0x46, 0x2F, 0x6F, 0x0F, 0xBA, 0x79, 0x80, 0xC8, 0x16, 0x22, 0xB2, 0x82,
    0x88, 0xCC, 0xAF, 0x23, 0xF3, 0x49, 0x6F, 0x13, 0x7F, 0xFA, 0x31, 0x56, 0x02, 0x67, 0x18, 0x91,
    0x2D, 0x46, 0x64, 0x85, 0x31, 0x98, 0xDF, 0xA0, 0x88, 0x1C, 0x46, 0x8E, 0x1C, 0x47, 0x8E, 0x1C,
    0x47, 0x8E, 0x9C, 0x40, 0x44, 0x4E, 0x20, 0x22, 0xF3, 0xEB, 0x2A, 0xC5, 0x72, 0xE5, 0xCA, 0x78,
    0x57, 0x35, 0xC1, 0x88, 0x9C, 0x60, 0x44, 0xE6, 0x37, 0xB0, 0x68, 0xC3, 0x0F, 0xBA, 0x94, 0x90,
    0xD5, 0x0D, 0xE9, 0x7F, 0xA5, 0x21, 0xCD, 0xCD, 0xF5, 0xCB, 0x13, 0x4B, 0x96, 0x6D, 0x76, 0x45,
    0xDD, 0x3D, 0x09, 0x1A, 0x99, 0xCB, 0xDB, 0x96, 0x4C, 0xA4, 0x07, 0x1D, 0x3E, 0x46, 0xCE, 0xC7,
    0xC1, 0x97, 0xC8, 0xFB, 0xE0, 0x3C, 0xB2, 0x1D, 0x87, 0xEC, 0x7F, 0x08, 0x76, 0x40, 0x04, 0x7B,
    0x20, 0xD2, 0x05, 0x51, 0x3E, 0x88, 0x74, 0x42, 0xFA, 0x79, 0x21, 0x9D, 0x85, 0x67, 0xCD, 0xAE,
    0x4A, 0x5E, 0x3C, 0xD4, 0x75, 0x71, 0x69, 0xC5, 0xBD, 0x8F, 0x28, 0xEE, 0x52, 0x63, 0x3D, 0x86,
    0xCA, 0x45, 0x26, 0x63, 0x91, 0xDA, 0x4F, 0xD5, 0x68, 0xA5, 0x5A, 0x44, 0x65, 0x9C, 0x5B, 0x3D,
    0x87, 0x9E, 0xEC, 0x71, 0x6E, 0x27, 0xB3, 0x26, 0x95, 0x03, 0x56, 0x54, 0x3E, 0x18, 0x0F, 0x13,
    0x01, 0x26, 0xE2, 0xEF, 0x0B, 0xC6, 0xC5, 0x45, 0xDE, 0x1F, 0xC7, 0x8E, 0x4F, 0xC7, 0xBE, 0xC4,
    0x87, 0x50, 0x18, 0x11, 0x0A, 0x27, 0x09, 0x56, 0x3A, 0x78, 0x49, 0x30, 0xB3, 0x1A, 0x6E, 0xBA,
    0x90, 0x71, 0x8D, 0xAB, 0xAC, 0x95, 0x1D, 0x6F, 0x2B, 0xE3, 0xCD, 0x16, 0xFC, 0xAD, 0x40, 0x59,
    0xEF, 0x73, 0x7D, 0x86, 0xB4, 0x6D, 0xA1, 0x7A, 0x01, 0x2E, 0x4A, 0x01, 0xDD, 0x96, 0x49, 0x76,
    0x60, 0x0C, 0xF4, 0x6C, 0xE0, 0xA8, 0x09, 0xC5, 0x1D, 0xED, 0x83, 0x0F, 0x07, 0xC0, 0xD6, 0xE4,
    0xDA, 0x35, 0x56, 0x40, 0xDE, 0xF1, 0x94, 0x06, 0x95, 0x6C, 0x77, 0xF6, 0x05, 0xBA, 0xC5, 0xD8,
    0xFA, 0x96, 0x64, 0xC8, 0x24, 0x23, 0x4B, 0xAE, 0x27, 0xF5, 0xA8, 0x6F, 0x46, 0x56, 0xAD, 0x81,
    0x92, 0xBB, 0xC4, 0xA9, 0x14, 0x1A, 0xF9, 0x7A, 0x0D, 0x6C, 0x3A, 0x12, 0xB8, 0xBD, 0x14, 0x14,
    0x38, 0xB9, 0x17, 0xFC, 0xF5, 0x83, 0x65, 0x0C, 0x08, 0x5A, 0xA2, 0x9D, 0xEB, 0x72, 0x37, 0x6F,
    0x58, 0x94, 0x76, 0xDD, 0x22, 0xAD, 0xCB, 0x58, 0x4E, 0x7D, 0x25, 0x51, 0xD2, 0x8A, 0x85, 0xF1,
    0x29, 0xA7, 0x3C, 0x4E, 0x7B, 0xE3, 0xCA, 0x29, 0xFF, 0x97, 0x20, 0xE5, 0x94, 0xAF, 0x48, 0xA5,
    0xD1, 0x0A, 0x9A, 0x2C, 0x2F, 0xA1, 0xB1, 0x3D, 0x5A, 0x43, 0x83, 0x99, 0x7B, 0x3B, 0xF6, 0x31,
    0x01, 0x59, 0x8E, 0x3D, 0x33, 0xA0, 0x81, 0x20, 0x60, 0x59, 0x5C, 0x47, 0x03, 0x14, 0xC6, 0x85,
    0x34, 0x46, 0x48, 0x2B, 0x69, 0x8C, 0x00, 0x97, 0xD2, 0x3C, 0xF3, 0x70, 0x40, 0x6B, 0x69, 0x62,
    0xC4, 0x93, 0x09, 0x42, 0x3F, 0xC9, 0x81, 0x6C, 0x89, 0xA9, 0xBE, 0xA4, 0xAA, 0x4C, 0x4A, 0x16,
    0x4B, 0xDD, 0xB2, 0xC8, 0x82, 0xC1, 0xAB, 0x6A, 0xD4, 0xB2, 0x1A, 0xB5, 0xAE, 0xA6, 0xB3, 0xDA,
    0x67, 0xC3, 0x75, 0x33, 0xDD, 0x95, 0xA5, 0xAE, 0xEA, 0x5A, 0xBA, 0x99, 0x9D, 0x4B, 0xC6, 0xCE,
    0x64, 0x1B, 0x5C, 0xDA, 0xA4, 0xD7, 0x6D, 0x52, 0x97, 0x63, 0x2B, 0x57, 0xE0, 0x4D, 0xA1, 0xE2,
    0x07, 0x39, 0x00, 0xC5, 0x08, 0xAE, 0x84, 0x1B, 0xA3, 0x88, 0xB5, 0x41, 0x53, 0x47, 0x46, 0x04,
    0x9D, 0x5B, 0xB2, 0x6A, 0xA8, 0xA6, 0xED, 0x3A, 0x7C, 0xF7, 0x78, 0xB1, 0x09, 0xDF, 0x2D, 0x4D,
    0xBA, 0xEF, 0x6F, 0x3F, 0x18, 0x95, 0xD0, 0x0D, 0xA9, 0x55, 0x8C, 0xF8, 0x13, 0xB1, 0xB7, 0x44,
    0xF1, 0xDA, 0x52, 0xAA, 0x07, 0xA5, 0x54, 0x59, 0x48, 0xF5, 0x65, 0x2C, 0xA5, 0x87, 0xE4, 0x3F,
    0x20, 0xF0, 0x3A, 0x19, 0x8C, 0x5B, 0x46, 0x87, 0xDF, 0x5A, 0xEE, 0x55, 0x67, 0x18, 0x88, 0x2A,
    0xDE, 0x00, 0xA2, 0x6B, 0x56, 0xFA, 0x3A, 0x69, 0x83, 0x3C, 0x6B, 0x83, 0x02, 0x63, 0x64, 0x96,
    0xF9, 0x2B, 0x7F, 0xA5, 0xDA, 0x60, 0xDD, 0xA4, 0x3A, 0xCF, 0xD5, 0xB5, 0x80, 0x2B, 0x7D, 0xB3,
    0xA8, 0xAB, 0x9A, 0x5A, 0xD5, 0xD2, 0xDF, 0x3C, 0x1D, 0x5B, 0x1B, 0xC5, 0xA3, 0x11, 0x28, 0x56,
    0xC0, 0x25, 0x8D, 0x56, 0x5E, 0xBE, 0xE2, 0x59, 0x07, 0xA9, 0xF3, 0x48, 0xEA, 0xF4, 0x3A, 0x49,
    0x9D, 0x51, 0x67, 0xA9, 0xF3, 0xBA, 0xA4, 0x6E, 0x43, 0x00, 0x71, 0xD9, 0xA2, 0xCF, 0x6B, 0x8C,
    0xE5, 0xBF, 0xF2, 0x92, 0x55, 0xEF, 0x2E, 0x18, 0x37, 0x97, 0xAF, 0x70, 0x03, 0x7B, 0xB4, 0x16,
    0x6E, 0x41, 0x47, 0x81, 0x60, 0x1F, 0x22, 0xEE, 0xD1, 0xD4, 0x2D, 0xD0, 0xB1, 0x9E, 0x1D, 0x6B,
    0xA9, 0xEC, 0xB3, 0x63, 0xED, 0x86, 0xF3, 0x6E, 0xA4, 0xEC, 0xA0, 0x1B, 0x9E, 0xAE, 0xB5, 0xD5,
    0xB6, 0x15, 0xC8, 0xF7, 0xC4, 0xE4, 0x95, 0xBE, 0xF3, 0x17, 0x12, 0xA5, 0x00, 0xED, 0xAA, 0x08,
    0x44, 0xEA, 0x05, 0x19, 0xD7, 0xBD, 0x24, 0xC3, 0xBA, 0x86, 0x90, 0xAA, 0x41, 0xA8, 0xA0, 0x4E,
    0xC5, 0x74, 0x2A, 0xA4, 0x53, 0x11, 0x5D, 0x12, 0xD0, 0xA9, 0x78, 0x2E, 0xAD, 0x21, 0x6E, 0x95,
    0x7E, 0xF4, 0x51, 0x76, 0xC9, 0xEE, 0x57, 0x52, 0xDD, 0x75, 0xB9, 0x3A, 0xB7, 0x75, 0x41, 0xE9,
    0xDC, 0xA2, 0x5A, 0x50, 0xF3, 0x3B, 0x29, 0xC5, 0x95, 0xDB, 0x43, 0x17, 0x6F, 0x16, 0x61, 0x4B,
    0x36, 0x7D, 0x53, 0x09, 0xA5, 0xE8, 0x16, 0x63, 0xDE, 0x5B, 0xBD, 0x7F, 0x57, 0x28, 0x9C, 0x89,
    0x98, 0xD1, 0x40, 0x38, 0xED, 0x09, 0x25, 0xE4, 0x06, 0x1F, 0x6E, 0x9B, 0x47, 0x12, 0x7D, 0x97,
    0xD2, 0x44, 0x20, 0x6E, 0x83, 0x77, 0xB4, 0xD5, 0x4E, 0x1F, 0x6E, 0x43, 0x6E, 0xF6, 0x61, 0x35,
    0x79, 0xBF, 0x0F, 0x51, 0x3D, 0xC7, 0x5B, 0x7E, 0xEC, 0x6A, 0xD0, 0xAE, 0x1F, 0xCF, 0x3C, 0x14,
    0xFB, 0xBC, 0xF1, 0x07, 0x3E, 0x94, 0x84, 0x0F, 0x9B, 0x99, 0x14, 0xA2, 0x4B, 0xC8, 0x14, 0xE3,
    0x6A, 0xEA, 0xC0, 0x92, 0xDB, 0x53, 0xE0, 0xBD, 0xFC, 0x9B, 0x81, 0xD4, 0xD8, 0xBC, 0xA3, 0xF2,
    0x7A, 0x52, 0x1C, 0x3B, 0x02, 0xD9, 0x11, 0xC9, 0x94, 0x50, 0x1E, 0x92, 0xD6, 0x1C, 0xA4, 0x2B,
    0x27, 0x17, 0xC2, 0x7B, 0x39, 0x9A, 0xD3, 0x05, 0x32, 0xA6, 0x69, 0x55, 0x5F, 0x90, 0x98, 0x89,
    0x5C, 0x5B, 0x90, 0xA4, 0x61, 0x72, 0x90, 0x84, 0x4D, 0xD8, 0xCB, 0x82, 0xE4, 0x0D, 0xB3, 0x85,
    0x28, 0x72, 0x07, 0x71, 0x3D, 0x3A, 0x49, 0x1D, 0xE2, 0x9C, 0x04, 0xEF, 0x1C, 0x01, 0xBF, 0xA3,
    0x27, 0xED, 0x5B, 0x51, 0x4B, 0x4F, 0x4A, 0x6A, 0xDE, 0x66, 0x72, 0x50, 0x50, 0x5F, 0x25, 0xDD,
    0x19, 0x5B, 0x91, 0x66, 0x4C, 0x0E, 0x92, 0x21, 0xFD, 0x4C, 0xFF, 0x90, 0x65, 0xDD, 0xE8, 0x95,
    0x51, 0xF4, 0x2A, 0xAA, 0x9E, 0x26, 0x07, 0x99, 0x6E, 0xD6, 0xEF, 0xD0, 0xF4, 0xA6, 0xA3, 0x57,
    0x1A, 0xF8, 0x92, 0xE8, 0x11, 0xE5, 0x6B, 0xA1, 0x97, 0xD6, 0xB5, 0x7C, 0x21, 0xB5, 0x12, 0xA8,
    0xE7, 0xFF, 0x31, 0xDD, 0xBA, 0x34, 0xDD, 0xB0, 0x48, 0xE8, 0xAF, 0x88, 0x2E, 0xCD, 0x1B, 0xD7,
    0x80, 0x84, 0x41, 0xD1, 0x63, 0x79, 0x3A, 0x07, 0x83, 0xAB, 0xD8, 0x98, 0x5B, 0x4F, 0x1C, 0x7A,
    0xE8, 0xBC, 0x5D, 0x6E, 0x28, 0x45, 0x29, 0x11, 0xB5, 0xAB, 0x14, 0x3D, 0x5F, 0xEE, 0xEF, 0xE0,
    0x30, 0xBD, 0x0D, 0xDF, 0x08, 0x6C, 0xA6, 0xB8, 0x11, 0x9A, 0x81, 0xC5, 0x3B, 0x4D, 0x99, 0x01,
    0x1C, 0x7A, 0x44, 0xF5, 0x5C, 0x90, 0xF3, 0x2D, 0x8F, 0xE8, 0x6E, 0x05, 0x16, 0xED, 0xA6, 0x05,
    0x94, 0x2F, 0x9F, 0x87, 0x3F, 0xA6, 0x7D, 0x9B, 0xFE, 0xB7, 0x2A, 0x51, 0x3F, 0x2A, 0x47, 0xD5,
    0x7A, 0x47, 0x08, 0x52, 0x62, 0x90, 0x12, 0x84, 0x94, 0x28, 0xA4, 0x90, 0x92, 0xC2, 0x46, 0xD7,
    0x84, 0x31, 0xA7, 0xB3, 0x16, 0x23, 0xE1, 0x87, 0x34, 0x47, 0xA4, 0x79, 0xA2, 0x9B, 0x2B, 0x36,
    0x16, 0x4A, 0xFA, 0x75, 0x73, 0xA9, 0xEF, 0xE1, 0xDA, 0xA1, 0x24, 0x25, 0x0C, 0x51, 0xDF, 0xC3,
    0xD5, 0x73, 0x79, 0xBF, 0x46, 0xEA, 0xA5, 0xF9, 0x0C, 0x95, 0x2D, 0x8F, 0x58, 0x43, 0x18, 0xA5,
    0xB2, 0xE9, 0x01, 0x45, 0x1D, 0x1C, 0xB5, 0x60, 0xE4, 0x71, 0x54, 0x2C, 0x19, 0x35, 0x8E, 0x3E,
    0x44, 0xA4, 0xD7, 0x48, 0xB1, 0x34, 0x44, 0xA4, 0xD5, 0x49, 0xB3, 0x40, 0xAD, 0xD5, 0x51, 0xB5,
    0xE8, 0x91, 0x5E, 0xD7, 0x6B, 0xA8, 0x5B, 0x1E, 0x6A, 0xC1, 0x5F, 0x58, 0x52, 0xFF, 0x87, 0xDC,
    0x47, 0xED, 0xD2, 0xCE, 0xB5, 0xAD, 0x76, 0x47, 0xBD, 0xA4, 0x3A, 0x59, 0xE9, 0xD3, 0xC5, 0xCE,
    0x51, 0xA1, 0x4F, 0xAF, 0x13, 0x2D, 0xD3, 0xD1, 0x2E, 0xA9, 0xA3, 0x44, 0xD1, 0xA4, 0x34, 0xCD,
    0xFF, 0x03, 0xED, 0x5D, 0x4F, 0x8C, 0x1B, 0x59, 0x5A, 0x7F, 0xE5, 0x72, 0xB7, 0xD1, 0x1A, 0x52,
    0x06, 0x05, 0x34, 0x3B, 0x11, 0x14, 0x07, 0x0E, 0xB0, 0x9A, 0xE9, 0xE2, 0xB0, 0x48, 0x1C, 0xDA,
    0x76, 0x8D, 0x38, 0xEC, 0x61, 0x0F, 0xF4, 0x61, 0xBA, 0xA3, 0x51, 0x90, 0xB2, 0x87, 0x1C, 0x86,
    0xBD, 0xF4, 0x75, 0x57, 0x72, 0xC7, 0xC5, 0x5E, 0xE7, 0xD2, 0x23, 0x31, 0x20, 0xC4, 0x25, 0x42,
    0x8B, 0x04, 0xB3, 0x88, 0x65, 0x61, 0x0F, 0x0D, 0x72, 0xE2, 0x5A, 0x2E, 0x39, 0x70, 0xA0, 0x46,
    0xA3, 0x08, 0x21, 0x0E, 0x53, 0xD2, 0x66, 0x87, 0x15, 0x2B, 0x31, 0x05, 0x5B, 0xB3, 0x54, 0x27,
    0x76, 0x3D, 0xBE, 0x7F, 0xAF, 0xAA, 0x6C, 0x97, 0xBB, 0x3B, 0x49, 0xFF, 0x71, 0x77, 0xE2, 0x38,
    0xF5, 0x5E, 0xBB, 0x6C, 0xD7, 0xFB, 0xBE, 0xF7, 0xFB, 0x7E, 0xEF, 0x7B, 0xDF, 0xF7, 0x5E, 0x59,
    0xA9, 0xE2, 0xE1, 0xE5, 0xBE, 0xA9, 0xF6, 0xF5, 0x21, 0x57, 0xBE, 0x1E, 0xFC, 0xF2, 0x8E, 0xA6,
    0xD7, 0xDB, 0x3A, 0x55, 0xCA, 0xD5, 0x01, 0x9E, 0x7D, 0x32, 0x51, 0x6A, 0xA8, 0xFD, 0xC6, 0xBE,
    0x95, 0xAB, 0x9E, 0x6A, 0xE9, 0x58, 0xD9, 0x51, 0x2B, 0x51, 0xAE, 0xF2, 0x3E, 0x4A, 0x94, 0x1D,
    0xBA, 0x21, 0x54, 0x73, 0x95, 0xA8, 0x76, 0xD8, 0x87, 0xAF, 0xB5, 0x53, 0x35, 0x51, 0x4E, 0x08,
    0x9F, 0xD9, 0x6B, 0x87, 0x6A, 0xF8, 0xC1, 0xF0, 0x67, 0x89, 0x6A, 0x4D, 0x5C, 0x5F, 0x79, 0x7A,
    0xAA, 0xE1, 0x11, 0xF7, 0x14, 0x7C, 0x47, 0xEA, 0x69, 0xB8, 0xD0, 0x26, 0x5F, 0x76, 0xE7, 0xAF,
    0x7D, 0x35, 0x28, 0x5B, 0x76, 0x50, 0x5B, 0x1D, 0x95, 0xD5, 0xCA, 0x7B, 0x7B, 0x15, 0x81, 0x82,
    0xA2, 0xEA, 0x1C, 0xAA, 0xF5, 0x90, 0xAB, 0x0D, 0xB8, 0x64, 0x24, 0x2F, 0xEF, 0xEA, 0x52, 0xE6,
    0xED, 0xA2, 0xA6, 0xEE, 0xD0, 0xF1, 0x0B, 0x8F, 0xA1, 0x5D, 0x39, 0x55, 0xB5, 0x46, 0x9D, 0x90,
    0x1A, 0xF2, 0x71, 0xA0, 0x72, 0x27, 0x54, 0xBF, 0xAB, 0xBC, 0xA8, 0x1D, 0xDA, 0x69, 0x2B, 0x84,
    0xAB, 0xE7, 0xA0, 0x00, 0x27, 0xB6, 0x23, 0x95, 0x81, 0xB0, 0x76, 0xE4, 0x26, 0x8D, 0x44, 0xA5,
    0xED, 0x08, 0x74, 0xD1, 0x9B, 0xA8, 0xB4, 0x91, 0x81, 0xB0, 0x4E, 0xB8, 0xD9, 0x7F, 0x2B, 0xBF,
    0x95, 0xDF, 0x55, 0xD6, 0xD8, 0x1F, 0xB8, 0xD0, 0x88, 0x4F, 0xE0, 0xFF, 0x54, 0x8D, 0x6C, 0xFD,
    0x5E, 0xDE, 0xA2, 0x36, 0x1D, 0xA8, 0x2F, 0xC2, 0x15, 0xD6, 0xBE, 0xFE, 0xF6, 0x09, 0xC4, 0xAC,
    0x54, 0xBB, 0xB5, 0xC2, 0x6F, 0x94, 0x55, 0xB7, 0xB6, 0xEA, 0x94, 0xF2, 0x36, 0xD5, 0xE2, 0xA3,
    0x53, 0x7B, 0xAD, 0xBD, 0xB2, 0x7A, 0xBD, 0xFA, 0xEE, 0xD5, 0xC0, 0x4E, 0xB3, 0xC4, 0x4E, 0xAF,
    0x04, 0x4C, 0xA5, 0xDA, 0x3C, 0x7B, 0xEC, 0x5C, 0x62, 0xF5, 0xAD, 0x82, 0xE9, 0x55, 0xF4, 0x96,
    0x2E, 0x54, 0xF1, 0xE4, 0xD6, 0x2B, 0xA5, 0x3E, 0x27, 0x26, 0xAD, 0x8A, 0xED, 0x07, 0x75, 0x55,
    0x4B, 0x2D, 0x7D, 0xBC, 0xEC, 0x8C, 0xF8, 0x66, 0xCD, 0x17, 0xD6, 0xD5, 0x36, 0x8E, 0xAC, 0x79,
    0xB3, 0x35, 0x02, 0xA8, 0x57, 0xE0, 0xD3, 0x53, 0xAF, 0x3F, 0x56, 0x04, 0x4F, 0xCF, 0xD2, 0xA8,
    0x65, 0x40, 0xA7, 0x4B, 0xDA, 0x45, 0x70, 0xBA, 0x7D, 0x50, 0x2E, 0x61, 0xD3, 0x9D, 0x82, 0x42,
    0x09, 0x9A, 0x2E, 0xAA, 0x96, 0x90, 0xE9, 0x46, 0xAA, 0x15, 0x12, 0x30, 0x41, 0xB1, 0x6E, 0x40,
    0xB8, 0xBC, 0xBB, 0x7D, 0x4B, 0x2B, 0x82, 0x25, 0x3C, 0x52, 0x45, 0xA8, 0xD4, 0x78, 0xA1, 0xCD,
    0x1A, 0x9D, 0x1D, 0xD4, 0xD4, 0x46, 0x35, 0xEF, 0xEB, 0xD5, 0xA0, 0xB1, 0x04, 0x63, 0x05, 0x8B,
    0x15, 0x28, 0x56, 0x91, 0xD8, 0x0A, 0x9F, 0xA7, 0x62, 0x1F, 0x51, 0x89, 0x04, 0xA0, 0x76, 0x64,
    0xFD, 0x23, 0xC1, 0xD3, 0x8E, 0x3C, 0x68, 0x04, 0x80, 0xD3, 0xFE, 0x48, 0x7F, 0x37, 0x41, 0x68,
    0xDA, 0xFF, 0x96, 0x22, 0x0E, 0x41, 0x43, 0x3A, 0x54, 0x23, 0x84, 0xA5, 0x0D, 0xFA, 0x1D, 0x20,
    0x28, 0xED, 0x4C, 0xA9, 0x0C, 0x21, 0x69, 0x83, 0xA5, 0x27, 0x04, 0xC8, 0x47, 0x3B, 0xE3, 0x88,
    0xE0, 0x08, 0x06, 0x4C, 0x60, 0x84, 0x72, 0x5F, 0xA0, 0x58, 0xD5, 0xCF, 0x68, 0x41, 0x3B, 0x83,
    0x05, 0x00, 0xF6, 0x16, 0x40, 0xE0, 0x2E, 0x54, 0x0A, 0xD8, 0xCD, 0x80, 0xEE, 0x84, 0xFA, 0xF1,
    0xA5, 0x62, 0xC7, 0xA2, 0x96, 0xA2, 0x62, 0xF9, 0x2F, 0x87, 0xA2, 0x00, 0x6A, 0xF7, 0xD8, 0x94,
    0x1A, 0x3A, 0x61, 0x4B, 0x6A, 0x3F, 0xB9, 0xC7, 0x86, 0xE4, 0x12, 0x46, 0xC1, 0x8E, 0xD8, 0xF2,
    0xC0, 0x8C, 0xE8, 0x3A, 0x68, 0x45, 0x74, 0x1D, 0x34, 0x22, 0x3A, 0x85, 0x36, 0xE4, 0x84, 0x96,
    0x22, 0x13, 0x6A, 0x1D, 0xEE, 0xFA, 0x64, 0x41, 0x3B, 0x1A, 0xEC, 0x8E, 0x0D, 0xE8, 0xB1, 0xD8,
    0xCF, 0x63, 0x34, 0x9F, 0xA6, 0x91, 0xA2, 0x37, 0xE7, 0x63, 0x14, 0x1E, 0xC6, 0xA2, 0xC8, 0xBD,
    0x05, 0xBB, 0x29, 0xCC, 0xA6, 0xB4, 0x9A, 0xD2, 0x68, 0xAA, 0x36, 0xB3, 0x9E, 0x71, 0x39, 0x9C,
    0x52, 0xFF, 0x59, 0xF9, 0xDF, 0x70, 0xF7, 0x25, 0xC4, 0x1C, 0x3E, 0x75, 0x2C, 0x74, 0x1E, 0xC2,
    0x02, 0xFB, 0x0E, 0x4B, 0xEA, 0x3A, 0x40, 0x02, 0xF6, 0x5C, 0x23, 0x53, 0x5B, 0xD8, 0x71, 0x6A,
    0x7C, 0x93, 0xFA, 0x6D, 0x7B, 0xA8, 0x63, 0xEE, 0x36, 0xE6, 0x5A, 0xFD, 0xC4, 0x2F, 0x3A, 0xED,
    0x60, 0xAE, 0xCB, 0x06, 0x73, 0x65, 0x77, 0x4E, 0x9A, 0x8D, 0xB9, 0x3E, 0x72, 0xE7, 0xBA, 0x6A,
    0xB6, 0xA7, 0x9A, 0x0B, 0x44, 0xE8, 0x1D, 0xE5, 0x82, 0xBE, 0x24, 0xDD, 0x2B, 0x36, 0x6C, 0x0C,
    0xB4, 0x28, 0x2D, 0xBF, 0x5E, 0x1F, 0x57, 0x06, 0x0E, 0xC6, 0xD7, 0x13, 0x79, 0xA0, 0x6B, 0x16,
    0x7C, 0xC0, 0x99, 0xC7, 0x1F, 0x1A, 0x87, 0x87, 0x55, 0xDC, 0xD6, 0x11, 0xE1, 0xC2, 0xF9, 0xBD,
    0x44, 0xC6, 0xCF, 0x94, 0x50, 0xD1, 0x55, 0xEC, 0xD9, 0x75, 0xB1, 0xF9, 0x80, 0x89, 0x3E, 0x94,
    0x34, 0x6E, 0xEA, 0x8C, 0x10, 0x81, 0x9E, 0x1F, 0x02, 0x42, 0x6D, 0x27, 0x84, 0x07, 0xD0, 0x1C,
    0xC1, 0x61, 0x7B, 0x37, 0x14, 0x34, 0x14, 0x60, 0x30, 0x58, 0x30, 0x50, 0x38, 0x28, 0xCA, 0x66,
    0xAD, 0x5E, 0x7A, 0x73, 0x20, 0x30, 0x18, 0x28, 0x20, 0x50, 0x20, 0xA0, 0x0A, 0x80, 0xCB, 0xA0,
    0x87, 0x59, 0x39, 0x0F, 0xE6, 0xCA, 0xD3, 0xD7, 0x43, 0x47, 0xF4, 0x90, 0x4A, 0xDD, 0x4C, 0x06,
    0xB6, 0xAE, 0xBE, 0x1E, 0x9A, 0x4B, 0x8C, 0x68, 0x6D, 0x09, 0x1C, 0xD6, 0xE5, 0xA3, 0xC3, 0x84,
    0x4B, 0xCD, 0xF8, 0x69, 0x24, 0x7B, 0x3C, 0xDC, 0x87, 0x1B, 0xC4, 0x0F, 0xAD, 0xD0, 0x25, 0x7E,
    0x68, 0x85, 0x0E, 0xF3, 0x43, 0xE4, 0x2A, 0x1E, 0xEA, 0x35, 0xF1, 0x03, 0xBA, 0xF4, 0xE4, 0xA6,
    0xAF, 0xDD, 0x55, 0xC4, 0x0F, 0x30, 0xB1, 0x22, 0x7E, 0xB8, 0x95, 0x29, 0xE6, 0x87, 0x88, 0xF9,
    0xE1, 0x50, 0x9D, 0x13, 0x3F, 0x14, 0x04, 0xD8, 0x8A, 0xE6, 0x2B, 0xCB, 0xB8, 0x11, 0x4F, 0xED,
    0x9B, 0x2F, 0x9D, 0x16, 0xB3, 0x3F, 0xD3, 0x4C, 0x57, 0x3E, 0x96, 0xB6, 0xD9, 0x2B, 0xB2, 0x92,
    0x96, 0xA9, 0x88, 0x9F, 0x64, 0xA5, 0xC6, 0x61, 0xD2, 0x3A, 0x34, 0x1F, 0x0F, 0xAF, 0xF1, 0xB9,
    0x5B, 0xA8, 0xC2, 0x36, 0xF4, 0xA5, 0x8B, 0x03, 0x8D, 0x93, 0x6F, 0xEF, 0xE4, 0x28, 0xE2, 0x3A,
    0xE8, 0x26, 0x23, 0x59, 0x5D, 0xEC, 0x4E, 0xAC, 0xE0, 0x9B, 0x48, 0x6A, 0x92, 0xCC, 0x83, 0x43,
    0x9F, 0x9A, 0x14, 0xAB, 0xC6, 0x94, 0x87, 0xA8, 0x0F, 0x35, 0x43, 0x7A, 0xAC, 0x35, 0x37, 0x6A,
    0xFD, 0x9F, 0xF6, 0x5F, 0xC9, 0x5E, 0x23, 0x92, 0x99, 0x95, 0xB6, 0xFF, 0x45, 0xDA, 0xD4, 0xFE,
    0xD7, 0x70, 0xEE, 0x54, 0xF5, 0x0F, 0x47, 0xCE, 0x9A, 0xD2, 0xB2, 0x5E, 0x2E, 0x16, 0xF5, 0xB9,
    0x6A, 0xFD, 0x0F, 0xB3, 0x81, 0xF5, 0xB9, 0x30, 0xE7, 0xD6, 0xD6, 0x4B, 0xC6, 0x1E, 0xD7, 0x4D,
    0x30, 0x68, 0x6F, 0x6F, 0xBE, 0x72, 0xFD, 0xFA, 0x15, 0xB7, 0xA0, 0x97, 0x59, 0xF6, 0x67, 0x65,
    0x8F, 0xEF, 0xA3, 0x87, 0x91, 0x61, 0xFB, 0xE1, 0xE0, 0x66, 0x99, 0xB2, 0x74, 0x70, 0xA0, 0x9C,
    0x0C, 0xE0, 0x39, 0x0E, 0xD4, 0x81, 0x05, 0xF6, 0x30, 0x02, 0x5C, 0xAB, 0x11, 0xD5, 0xD4, 0x10,
    0x0F, 0x6E, 0x04, 0x20, 0x05, 0x87, 0x7B, 0x80, 0x4E, 0xCA, 0x00, 0xDB, 0x3B, 0x40, 0x38, 0x0E,
    0x30, 0x9C, 0x36, 0x40, 0x19, 0xBA, 0x78, 0xE8, 0x7F, 0xB0, 0x3D, 0xF4, 0x5D, 0x9C, 0x1C, 0x83,
    0xF9, 0xC7, 0x75, 0xAE, 0xAF, 0x25, 0xAE, 0x9E, 0x23, 0xE5, 0x98, 0x39, 0xBE, 0x2D, 0xFA, 0xEF,
    0x0B, 0xE5, 0x4F, 0xE7, 0x22, 0xA2, 0x53, 0x89, 0x1D, 0xF5, 0x03, 0x99, 0x10, 0xC5, 0x3C, 0x1F,
    0x6A, 0x64, 0x3C, 0x1D, 0x52, 0xF7, 0x79, 0x36, 0x84, 0x93, 0x1F, 0xE4, 0x2A, 0x0C, 0xF2, 0x21,
    0x57, 0x61, 0xC0, 0x80, 0xB8, 0xCA, 0xE6, 0x58, 0x11, 0xFC, 0x5D, 0xCF, 0x55, 0xE9, 0x39, 0x79,
    0xBE, 0x97, 0x41, 0x0F, 0xE7, 0xE1, 0xF9, 0x56, 0xF5, 0xD0, 0x11, 0x3D, 0xA4, 0xA2, 0x87, 0x54,
    0xF4, 0xB0, 0x75, 0xD5, 0xF5, 0x60, 0xC5, 0x32, 0x17, 0xB6, 0xA0, 0x45, 0x44, 0x33, 0x58, 0x21,
    0x28, 0x40, 0xA5, 0x9D, 0x33, 0xDB, 0xA8, 0x61, 0xCC, 0x95, 0x46, 0x2E, 0xFC, 0xD3, 0x8E, 0xA5,
    0xE2, 0x88, 0x65, 0x27, 0x6D, 0x19, 0xCB, 0x92, 0x86, 0xE0, 0x29, 0x41, 0xB3, 0xE5, 0x8A, 0x1B,
    0x8A, 0xEA, 0xEC, 0x44, 0x2A, 0x56, 0x66, 0x94, 0x39, 0x30, 0x95, 0xAE, 0xBA, 0xC6, 0xF3, 0x90,
    0x0D, 0x1A, 0x64, 0x26, 0xF8, 0x0A, 0x4A, 0xA4, 0xB7, 0x77, 0x26, 0xC4, 0x52, 0x14, 0x51, 0xC5,
    0xCA, 0xFF, 0x69, 0x50, 0x6F, 0x97, 0x9B, 0x4A, 0x52, 0x73, 0xFC, 0x0D, 0x14, 0xDD, 0x26, 0x31,
    0x9D, 0x08, 0x7B, 0x85, 0x78, 0xEB, 0x3B, 0xB9, 0xA1, 0x47, 0xE9, 0xB7, 0x2F, 0xFC, 0x97, 0x5F,
    0x13, 0x9E, 0xF7, 0x8C, 0x5F, 0xC2, 0x27, 0x5D, 0x6E, 0x9D, 0x65, 0xDC, 0x14, 0x99, 0x24, 0x8A,
    0x18, 0x45, 0x00, 0xC5, 0x33, 0xF4, 0x96, 0x70, 0x90, 0x8F, 0x2C, 0x0A, 0x63, 0xF5, 0x7D, 0x8E,
    0x0A, 0x28, 0x54, 0x0E, 0x46, 0xE9, 0xA1, 0x7D, 0x14, 0xA2, 0x87, 0x06, 0xD3, 0xB8, 0x0D, 0xE2,
    0xD2, 0xB8, 0x8D, 0x16, 0x4E, 0xE3, 0x76, 0x26, 0xE3, 0x76, 0x22, 0xE3, 0x76, 0xCC, 0xE3, 0x76,
    0x7E, 0x5E, 0xE3, 0x76, 0x11, 0x0F, 0x29, 0x3D, 0xDE, 0xA1, 0x54, 0x24, 0xF7, 0xA0, 0x04, 0x03,
    0xA0, 0x24, 0xF3, 0x42, 0x2B, 0x31, 0x3C, 0x6F, 0xC2, 0x9D, 0x06, 0x03, 0x05, 0xB7, 0xC0, 0xA7,
    0xCC, 0x17, 0x3B, 0x45, 0x4C, 0xD4, 0xBC, 0xA9, 0x98, 0x7B, 0x57, 0x23, 0x3A, 0xD7, 0x4C, 0xF3,
    0x65, 0xEC, 0xDA, 0x50, 0x32, 0x76, 0x4D, 0xE7, 0xC7, 0x2E, 0xC6, 0xC0, 0x69, 0x8C, 0x5D, 0x2F,
    0xB3, 0xEC, 0xCF, 0xE1, 0xF5, 0x3B, 0xB3, 0x85, 0x7F, 0xF2, 0x82, 0x9D, 0xFD, 0x80, 0xF8, 0xD2,
    0xE1, 0xAC, 0x20, 0xA6, 0xC2, 0x80, 0x2D, 0x1D, 0x4E, 0xB8, 0x80, 0x40, 0xC8, 0x95, 0x6D, 0xA6,
    0xCA, 0x36, 0x33, 0x65, 0x3B, 0xE0, 0xEC, 0x1F, 0x67, 0x58, 0x76, 0x25, 0x7C, 0xC8, 0x2C, 0x99,
    0x99, 0x41, 0x53, 0xC6, 0xCC, 0x03, 0x53, 0x34, 0x2B, 0xC6, 0x32, 0x98, 0x31, 0x0D, 0x61, 0x47,
    0x21, 0x47, 0xC3, 0x8D, 0x86, 0x1A, 0xCB, 0x11, 0x62, 0xD5, 0xC4, 0xAC, 0x8A, 0x72, 0x30, 0x53,
    0x9C, 0x96, 0x98, 0x1D, 0x96, 0x21, 0x9D, 0x29, 0xB6, 0xAE, 0x84, 0x98, 0x8D, 0x78, 0xC9, 0x31,
    0x99, 0x3F, 0x5A, 0x73, 0xC7, 0x3B, 0x78, 0x04, 0x22, 0xB0, 0x30, 0x10, 0xEE, 0x5B, 0x94, 0xB2,
    0x01, 0xFF, 0x1B, 0xE9, 0x3C, 0x21, 0x32, 0x4F, 0x88, 0xCA, 0x13, 0x24, 0x72, 0x8B, 0x82, 0xBB,
    0x37, 0x13, 0x22, 0xF1, 0x88, 0x72, 0xAA, 0x3E, 0x13, 0xF8, 0x41, 0x45, 0x82, 0x41, 0xE5, 0xD8,
    0xAD, 0xC8, 0xB2, 0x51, 0x21, 0x6A, 0xB7, 0xA2, 0xEA, 0x2A, 0x55, 0xD7, 0x6A, 0x64, 0x54, 0xA7,
    0x9F, 0x93, 0x17, 0x9B, 0x33, 0x85, 0x0C, 0x24, 0x5D, 0x26, 0xA3, 0x2E, 0x53, 0xD1, 0x26, 0x13,
    0xD1, 0x84, 0x69, 0x28, 0x65, 0x12, 0x8A, 0x84, 0x82, 0x84, 0x80, 0x84, 0x7E, 0x84, 0x7C, 0x0C,
    0xF5, 0x08, 0xF1, 0x54, 0x69, 0xE7, 0x2A, 0xC8, 0x30, 0x4F, 0x9A, 0x42, 0x99, 0x42, 0x98, 0x73,
    0xF1, 0x8F, 0x62, 0x51, 0x04, 0x2F, 0x89, 0xB0, 0x7C, 0xF6, 0x14, 0x95, 0x97, 0x8A, 0xAB, 0x38,
    0x9E, 0xB0, 0xAF, 0x68, 0xA5, 0x7D, 0x25, 0x4B, 0x21, 0x1C, 0xCE, 0xA4, 0xC0, 0xD4, 0xDF, 0xE7,
    0x4C, 0x8A, 0xDF, 0xF6, 0xC9, 0x70, 0x3C, 0xDF, 0xE1, 0x4C, 0xCA, 0xF8, 0x70, 0x97, 0x33, 0xCD,
    0x4F, 0x74, 0xCE, 0xE6, 0x13, 0xBB, 0xE9, 0x05, 0x64, 0x52, 0xCE, 0x5D, 0xC0, 0xF9, 0xC6, 0x1F,
    0x2C, 0x54, 0x4E, 0x4F, 0xC0, 0xCE, 0xC2, 0xC2, 0x98, 0xA2, 0xB2, 0xA5, 0x8E, 0x7B, 0x5C, 0x5D,
    0xB5, 0xDC, 0x61, 0xF9, 0xD1, 0x3F, 0x22, 0x7F, 0x17, 0xEC, 0x03, 0xE5, 0x41, 0x5F, 0xB7, 0x67,
    0x96, 0xA3, 0xD8, 0x31, 0xD1, 0x23, 0x90, 0x22, 0x12, 0xA4, 0x25, 0x14, 0x69, 0x27, 0x4C, 0x92,
    0xB7, 0xF5, 0x9F, 0x73, 0x06, 0x6C, 0xA8, 0x43, 0x24, 0xCA, 0xE9, 0x7A, 0x7E, 0x5E, 0xBE, 0xAE,
    0x09, 0xC6, 0x18, 0xF7, 0x5E, 0xD9, 0x26, 0x50, 0xE0, 0xFC, 0x73, 0x6A, 0xBE, 0xE1, 0xC0, 0x5C,
    0x6A, 0x70, 0x4D, 0xAE, 0xBD, 0xC9, 0x34, 0x32, 0x51, 0x03, 0x22, 0x92, 0x9B, 0xFA, 0xD3, 0x8C,
    0xA9, 0xE4, 0x13, 0x9D, 0x30, 0x99, 0xBC, 0x35, 0x0E, 0x4E, 0xC7, 0x2B, 0x5B, 0xFD, 0x16, 0x3E,
    0x8F, 0xDF, 0xD8, 0x9C, 0x99, 0x3D, 0x79, 0xF5, 0xF3, 0x10, 0xB2, 0x99, 0x75, 0xB6, 0x18, 0xD7,
    0xAF, 0x3A, 0x15, 0xE8, 0x69, 0x0F, 0x31, 0x18, 0xCA, 0x96, 0x12, 0xF2, 0x42, 0x31, 0x5E, 0x8A,
    0x63, 0x47, 0x64, 0x23, 0x36, 0x4F, 0xA5, 0x6F, 0x87, 0xE7, 0xE4, 0x22, 0x5E, 0xA0, 0x44, 0x67,
    0xE1, 0x26, 0x75, 0x0A, 0x86, 0x6B, 0x72, 0xE1, 0xB1, 0x99, 0x5F, 0x7A, 0xC1, 0xCC, 0x1C, 0x8F,
    0xB3, 0xFC, 0x7C, 0xAC, 0xC9, 0xE8, 0x6C, 0x51, 0xF0, 0x3D, 0x46, 0x4A, 0x6B, 0x90, 0xB7, 0x07,
    0x3A, 0x40, 0x4A, 0x4B, 0x89, 0xD0, 0x0E, 0x88, 0xCE, 0x46, 0xE4, 0xED, 0x7D, 0x83, 0xA6, 0xED,
    0x07, 0x48, 0x64, 0x3B, 0x29, 0xD1, 0x58, 0x4C, 0x13, 0xF6, 0x53, 0xF6, 0xF6, 0x3A, 0x33, 0x43,
    0x4E, 0x76, 0xC4, 0xB8, 0x73, 0x7D, 0x26, 0x8B, 0x3D, 0x9A, 0xE1, 0xC9, 0xDE, 0x0C, 0x3C, 0x5D,
    0x66, 0x0B, 0x97, 0xB9, 0x62, 0x83, 0x9D, 0xA2, 0xFB, 0xCC, 0x13, 0xD9, 0x8B, 0x39, 0x45, 0x97,
    0xAC, 0xB9, 0x27, 0xF7, 0xE1, 0x8A, 0x68, 0x59, 0x31, 0xC7, 0x37, 0xD1, 0x3F, 0x0B, 0xBE, 0x95,
    0x0C, 0x00, 0x81, 0xCE, 0x26, 0xF0, 0xA7, 0x12, 0x00, 0xF4, 0x28, 0x58, 0x00, 0x66, 0xF0, 0x26,
    0xD2, 0x38, 0xAD, 0x8F, 0xB1, 0x9E, 0xF2, 0x1A, 0x42, 0xCF, 0xFE, 0x61, 0xC2, 0xA3, 0xFB, 0x7B,
    0x1F, 0xA5, 0x64, 0x0E, 0x6D, 0x1D, 0xA4, 0x64, 0x10, 0xB7, 0xF4, 0x5B, 0x89, 0x59, 0x3F, 0x98,
    0x90, 0x51, 0xE4, 0x2D, 0x1D, 0x5E, 0x88, 0x57, 0x57, 0x1D, 0x6A, 0xFB, 0xF2, 0x0D, 0x5E, 0xC2,
    0xA3, 0x3F, 0x66, 0xAC, 0xD0, 0x4C, 0x3E, 0xE7, 0x25, 0xA9, 0x76, 0xD8, 0x0F, 0x79, 0xFD, 0x4B,
    0x3F, 0xE1, 0xF5, 0x2F, 0xDD, 0x09, 0xAD, 0x7F, 0x89, 0x06, 0x7B, 0xB4, 0xFE, 0x25, 0xC9, 0x7A,
    0x64, 0x32, 0x3A, 0xF1, 0x28, 0xD2, 0xA5, 0xE3, 0x9E, 0xAC, 0x62, 0x9B, 0x92, 0xE1, 0xBC, 0x3F,
    0x4E, 0xCF, 0x2B, 0xD2, 0xB5, 0xB0, 0xB2, 0x0D, 0xA1, 0x62, 0x46, 0xB0, 0x22, 0x76, 0x53, 0x64,
    0x61, 0xD4, 0x7D, 0x13, 0x0D, 0x52, 0xA9, 0x63, 0x9C, 0xBF, 0xC4, 0x04, 0xCD, 0xA1, 0x36, 0x34,
    0x67, 0x5D, 0xD7, 0x67, 0xB0, 0x8E, 0xFA, 0x6D, 0x49, 0xBD, 0xF4, 0x27, 0xED, 0x90, 0x21, 0x3B,
    0xCC, 0x9C, 0x50, 0x82, 0x38, 0x80, 0x44, 0x06, 0xEE, 0xE3, 0xDD, 0x69, 0x19, 0xC6, 0x29, 0xC7,
    0xE3, 0x72, 0x40, 0x2E, 0x47, 0xE4, 0xCA, 0x90, 0x5C, 0x8E, 0xC9, 0xCB, 0x07, 0xE5, 0xAB, 0x2C,
    0xDB, 0x9C, 0x63, 0x51, 0x38, 0x1D, 0xA5, 0xD7, 0xB1, 0x90, 0x7F, 0x66, 0x53, 0xF5, 0x39, 0x52,
    0x11, 0x92, 0x99, 0x62, 0x26, 0x0D, 0x8C, 0x14, 0xC7, 0x02, 0x30, 0x51, 0x24, 0x7D, 0x30, 0x50,
    0x60, 0x76, 0x34, 0x4F, 0x8B, 0x8D, 0xD3, 0xE2, 0xE4, 0x72, 0x23, 0x66, 0xC3, 0x8C, 0xD8, 0x2C,
    0x03, 0x32, 0xCA, 0xC3, 0x3A, 0xA7, 0xC2, 0xF7, 0xD1, 0x18, 0xED, 0x1F, 0xC6, 0x08, 0x5D, 0x28,
    0x06, 0x9C, 0x1B, 0x7E, 0xC6, 0x91, 0xEA, 0xAC, 0x9A, 0xBB, 0x30, 0xB0, 0x62, 0x73, 0xD5, 0x8B,
    0x35, 0x77, 0x96, 0xF1, 0xD3, 0xE3, 0x26, 0x46, 0x97, 0x47, 0x30, 0x78, 0x7C, 0x8D, 0x62, 0x3F,
    0x29, 0x4D, 0x70, 0x32, 0xF2, 0x06, 0x46, 0xE4, 0x0D, 0x0C, 0xC8, 0x1B, 0xE8, 0x92, 0x37, 0xD0,
    0x25, 0x6F, 0xA0, 0x4B, 0xD4, 0xB6, 0x49, 0xC4, 0x36, 0x21, 0x5A, 0x4B, 0x88, 0xD4, 0x82, 0x79,
    0x6F, 0xA0, 0xD3, 0xC1, 0xA6, 0x0C, 0x46, 0x78, 0x1C, 0x8D, 0xBA, 0x94, 0x19, 0x3E, 0xB9, 0x37,
    0xF0, 0x73, 0x26, 0xAD, 0x3C, 0x9F, 0xEE, 0x59, 0x42, 0x7C, 0x8E, 0x98, 0xAC, 0xE3, 0xB3, 0xC1,
    0x3A, 0x92, 0x06, 0x1E, 0x4A, 0x34, 0x79, 0x2A, 0xC1, 0xE4, 0xB8, 0x30, 0x54, 0x63, 0xA6, 0x64,
    0xA4, 0xCD, 0x26, 0x9B, 0x28, 0x0C, 0xBD, 0x64, 0xA0, 0x38, 0x04, 0xA3, 0x79, 0xAE, 0xAD, 0xCD,
    0x19, 0xE7, 0xAA, 0xB6, 0xAB, 0x86, 0x2E, 0x0C, 0x59, 0xB4, 0xE7, 0x16, 0xAA, 0xC0, 0xA7, 0x62,
    0x7A, 0x26, 0xF4, 0xDC, 0x9A, 0xF5, 0xC1, 0x32, 0x7A, 0x76, 0x2A, 0x49, 0x23, 0xDA, 0x49, 0xA1,
    0x5A, 0x84, 0x54, 0x3C, 0x37, 0xA2, 0x61, 0xA9, 0x47, 0xCF, 0xEE, 0x37, 0x77, 0x26, 0x1A, 0x9A,
    0xC5, 0x73, 0xB7, 0xEB, 0x14, 0x94, 0x82, 0xE7, 0x1B, 0xF4, 0x9C, 0x5B, 0x08, 0xB0, 0x4E, 0x72,
    0x01, 0xAE, 0xC1, 0x47, 0x06, 0x38, 0x35, 0x62, 0xC4, 0xBC, 0x15, 0x63, 0x05, 0xFE, 0x84, 0xD7,
    0xE1, 0x42, 0x0F, 0x54, 0x2B, 0xC3, 0x04, 0x04, 0x70, 0xF1, 0xAF, 0xC3, 0x47, 0x5E, 0xA3, 0x0F,
    0xBE, 0x21, 0xC7, 0x06, 0x80, 0xF7, 0x0D, 0xE5, 0xD0, 0xB1, 0xFF, 0x7E, 0x00, 0x78, 0x99, 0x94,
    0x8E, 0x0A, 0x87, 0x38, 0x31, 0x39, 0x76, 0x4D, 0x61, 0x5A, 0x12, 0x14, 0xA5, 0xF7, 0xB1, 0x89,
    0x1E, 0xA9, 0xD8, 0x1A, 0x33, 0x57, 0xD3, 0x94, 0x90, 0x3A, 0x01, 0xBA, 0x0C, 0x55, 0xFC, 0x00,
    0x15, 0x0C, 0x17, 0x45, 0xF5, 0x46, 0x98, 0x3B, 0xCB, 0x0B, 0x3E, 0x06, 0x1D, 0xC3, 0x48, 0xFF,
    0xBD, 0xE8, 0xEE, 0xDF, 0x45, 0xBB, 0xBD, 0xB0, 0xED, 0xFA, 0xCE, 0x94, 0x57, 0xB3, 0x44, 0xCD,
    0x2F, 0xC7, 0x3F, 0xFF, 0xE5, 0xF8, 0x17, 0x86, 0x91, 0xF3, 0x34, 0x58, 0x67, 0x13, 0xFB, 0xAA,
    0xFA, 0xC5, 0x87, 0xEA, 0x7B, 0x0F, 0xD5, 0xDF, 0x6B, 0x35, 0xFC, 0x2B, 0xF5, 0x5B, 0xF0, 0xCA,
    0xAF, 0xA9, 0x1B, 0x53, 0xD5, 0xF7, 0x55, 0xA7, 0xA8, 0xB0, 0x1E, 0xDE, 0xC4, 0x3F, 0x7B, 0xFC,
    0xA7, 0xED, 0x77, 0x3E, 0x0E, 0x7E, 0xFB, 0xE3, 0xE0, 0x77, 0xB4, 0xDF, 0xFF, 0x6F, 0xF5, 0xBA,
    0xC9, 0xB6, 0xDA, 0x9F, 0x28, 0xFB, 0x3D, 0xD5, 0xF8, 0x04, 0xEB, 0x37, 0x52, 0x7C, 0xF3, 0xB2,
    0x8B, 0xFE, 0xD2, 0x43, 0xF5, 0x17, 0x0F, 0xD5, 0x3F, 0x68, 0x35, 0xE6, 0x8B, 0x56, 0xAF, 0x0B,
    0x52, 0x07, 0xCA, 0x0A, 0xCD, 0x33, 0x22, 0xDF, 0xAE, 0xEE, 0x8A, 0xD6, 0xB7, 0x79, 0x68, 0x4A,
    0x6B, 0x72, 0x01, 0xAD, 0x7F, 0xAF, 0x66, 0x87, 0xDA, 0xFB, 0xDC, 0x91, 0x15, 0x88, 0x43, 0xC7,
    0x6D, 0x72, 0x3E, 0x69, 0xC0, 0x1D, 0x30, 0xE0, 0xF0, 0xF2, 0x88, 0x96, 0x6C, 0x50, 0x17, 0x59,
    0xD3, 0x9B, 0xFA, 0x6D, 0xA2, 0x9F, 0xCF, 0x60, 0x34, 0xB6, 0xFF, 0x43, 0x7F, 0x45, 0x17, 0xC9,
    0x24, 0x59, 0xF7, 0xF1, 0x80, 0xAF, 0x32, 0xA9, 0x66, 0xA0, 0x24, 0xA5, 0xF4, 0x1B, 0x05, 0x38,
    0xA9, 0x9D, 0x23, 0x6E, 0xE7, 0x88, 0x1B, 0xD8, 0x59, 0xBD, 0x76, 0xE2, 0x17, 0xDD, 0xAB, 0xA6,
    0xC9, 0x24, 0xD5, 0x25, 0x45, 0xEB, 0xCF, 0xCA, 0xA5, 0x07, 0x77, 0x94, 0xB3, 0x5F, 0xB4, 0x99,
    0x77, 0x3B, 0x11, 0xED, 0x6E, 0x2A, 0xD9, 0xE5, 0x44, 0xC4, 0x7B, 0xC0, 0x09, 0xD4, 0x8C, 0xF2,
    0xA7, 0xD6, 0x84, 0xD2, 0xA7, 0x37, 0xF3, 0xB7, 0x89, 0x7C, 0x3F, 0xD3, 0xBC, 0x9B, 0x29, 0x17,
    0x8F, 0xF2, 0xE0, 0x88, 0xD0, 0xF2, 0xEC, 0x9C, 0x63, 0x63, 0x86, 0xB0, 0xDC, 0x19, 0x5D, 0xCD,
    0xB8, 0x91, 0xEF, 0x9A, 0xB4, 0xC2, 0x44, 0x28, 0xC2, 0x0E, 0xE4, 0x12, 0x45, 0xA5, 0xF1, 0xA9,
    0x9C, 0x32, 0x49, 0x65, 0xC9, 0x52, 0xD7, 0x3C, 0x40, 0x1E, 0xD7, 0xBC, 0xC3, 0x93, 0x95, 0x60,
    0xD8, 0x96, 0x6B, 0x64, 0xC8, 0x3D, 0x66, 0xD2, 0x4C, 0xDD, 0xE5, 0x76, 0x82, 0xF3, 0xFC, 0xC7,
    0x92, 0x0F, 0x7F, 0xAA, 0xC9, 0x76, 0x9F, 0xEA, 0x3F, 0xE2, 0x4A, 0x2A, 0xB2, 0xB0, 0xF9, 0x7B,
    0xE6, 0x92, 0x4E, 0x24, 0xA9, 0xEB, 0x96, 0xFE, 0x8E, 0x34, 0x06, 0x53, 0x89, 0xE2, 0x66, 0xF9,
    0x4B, 0xE5, 0x52, 0x46, 0x1C, 0x55, 0xD9, 0xD2, 0x62, 0x7D, 0xEA, 0xCF, 0x26, 0xCB, 0x95, 0xFD,
    0x78, 0xB9, 0x9F, 0xE6, 0xA8, 0xB9, 0x41, 0x00, 0x5B, 0x75, 0xCD, 0xE8, 0x5C, 0x1C, 0x49, 0x25,
    0x79, 0x4E, 0xFD, 0x48, 0x46, 0x80, 0xA7, 0x3A, 0xE4, 0x21, 0xE0, 0x07, 0xFA, 0x74, 0xE2, 0x55,
    0x57, 0x55, 0xAE, 0x67, 0x8E, 0xC3, 0x9D, 0x91, 0xFD, 0x77, 0xD8, 0xFE, 0x27, 0x6C, 0xFF, 0x13,
    0xB6, 0xFF, 0x4E, 0x95, 0xA7, 0x6A, 0x92, 0x3C, 0x9D, 0x23, 0xFC, 0xFB, 0x0B, 0x6A, 0xA7, 0xEC,
    0xB9, 0x3C, 0x2B, 0xF6, 0xE9, 0x30, 0xED, 0x64, 0xA6, 0xE8, 0xF2, 0x8B, 0xCF, 0xC2, 0x3E, 0x9D,
    0x85, 0x60, 0xFE, 0x68, 0xE1, 0xD4, 0x51, 0x8F, 0x33, 0xE5, 0x9A, 0xA6, 0xE1, 0x9A, 0x9E, 0xE1,
    0x9A, 0x9E, 0xE1, 0x9A, 0xE6, 0x02, 0xD7, 0x9C, 0x83, 0x2D, 0x35, 0x8D, 0x2D, 0xF5, 0x8C, 0x2D,
    0xF5, 0x8D, 0x2D, 0x35, 0x97, 0xDB, 0xD2, 0xAA, 0xB5, 0xE7, 0x19, 0x62, 0xEC, 0xBC, 0x10, 0x19,
    0xA6, 0x3C, 0x95, 0xC2, 0xAC, 0x4E, 0xAE, 0x35, 0x2B, 0x97, 0xCD, 0x6A, 0x83, 0x01, 0xD1, 0x65,
    0x38, 0x74, 0xD9, 0xAC, 0xEE, 0x93, 0x59, 0xED, 0x00, 0x02, 0x68, 0x96, 0xA4, 0x43, 0x34, 0xAB,
    0x6F, 0x81, 0x5B, 0xFB, 0x1C, 0x6E, 0xCA, 0x9C, 0xF9, 0xFB, 0x64, 0x76, 0x2B, 0xD7, 0xCE, 0x4A,
    0x2B, 0xEC, 0x8F, 0x39, 0x32, 0x62, 0x1A, 0x67, 0xBD, 0xE5, 0x17, 0xF4, 0x50, 0xAC, 0x0B, 0x12,
    0x82, 0x20, 0x86, 0xD8, 0xE0, 0x9D, 0x5F, 0x04, 0x0B, 0x9A, 0x1A, 0xF2, 0xCE, 0x2F, 0x5A, 0xA9,
    0x8A, 0xD3, 0x43, 0x68, 0x25, 0x85, 0x8B, 0xA1, 0x99, 0x12, 0xF9, 0x0A, 0x68, 0x92, 0xF8, 0x2D,
    0x13, 0x34, 0x3E, 0xCB, 0xC8, 0x57, 0x87, 0x26, 0x9F, 0xF2, 0xD5, 0x29, 0xFB, 0x8A, 0xB2, 0x4C,
    0x9D, 0xF6, 0xF7, 0x6F, 0x1D, 0xCF, 0x1A, 0x1C, 0xC8, 0x01, 0xE5, 0xF3, 0xB7, 0x83, 0x64, 0x8E,
    0x61, 0x0D, 0xD7, 0xB0, 0x46, 0xBF, 0x60, 0x8D, 0x47, 0x05, 0x6B, 0xC4, 0xCC, 0x1A, 0xD1, 0x38,
    0x3A, 0x15, 0x0F, 0xA5, 0x53, 0x6C, 0x58, 0xCA, 0xE6, 0x2B, 0x9D, 0x13, 0x10, 0x60, 0xBB, 0x88,
    0x84, 0x06, 0xA5, 0xB2, 0xCC, 0x74, 0x54, 0x6C, 0xDB, 0xF3, 0xC5, 0xB6, 0xC7, 0x3F, 0x32, 0xEB,
    0xAE, 0x58, 0x0A, 0x98, 0x92, 0x8E, 0xE3, 0x53, 0x19, 0xB7, 0xAF, 0x86, 0x14, 0xCF, 0xC3, 0x50,
    0xAF, 0xCD, 0x40, 0xB8, 0xB7, 0xD2, 0xB4, 0x25, 0xCD, 0xED, 0x70, 0x3B, 0x47, 0x45, 0xB1, 0xC2,
    0xEC, 0xF5, 0xDA, 0x1C, 0x45, 0x74, 0xAF, 0x32, 0xAB, 0x55, 0x74, 0x5D, 0xE8, 0x49, 0xDE, 0x57,
    0x4B, 0x78, 0xEA, 0x32, 0x12, 0x5E, 0x21, 0x60, 0xD5, 0xD6, 0xAF, 0x12, 0x8B, 0x5C, 0x79, 0x01,
    0x9F, 0x6B, 0xB1, 0x44, 0x99, 0x74, 0x94, 0x75, 0x89, 0xB3, 0x35, 0xE5, 0xAB, 0x13, 0x3D, 0x5A,
    0xD3, 0xC2, 0x87, 0x35, 0xD3, 0x5A, 0x35, 0xBC, 0x6D, 0xE6, 0xBC, 0x93, 0x62, 0xC5, 0x73, 0x5A,
    0x04, 0x27, 0x92, 0x46, 0x5C, 0x79, 0x4D, 0x92, 0x3E, 0xCC, 0x61, 0xE8, 0xF7, 0xEE, 0x06, 0xA2,
    0xAF, 0x5D, 0xBD, 0x5D, 0x28, 0x8C, 0x53, 0xB0, 0xAE, 0xCE, 0x6F, 0xB1, 0x13, 0x7C, 0x6A, 0x49,
    0x9F, 0x57, 0x3A, 0x78, 0xA1, 0xC4, 0x57, 0xB3, 0xBC, 0xF9, 0x83, 0xB7, 0x58, 0x6B, 0x36, 0x5F,
    0x06, 0xFD, 0xBD, 0xD2, 0xC1, 0xF3, 0x62, 0x88, 0x36, 0xE9, 0x29, 0xDA, 0xA5, 0x87, 0x47, 0x2F,
    0x53, 0xB4, 0x4F, 0x4F, 0xD1, 0x46, 0x3D, 0xDE, 0xA9, 0xC7, 0x5B, 0xF5, 0x78, 0xAF, 0x1E, 0x1C,
    0x33, 0x1A, 0x67, 0x1F, 0xD0, 0x11, 0x37, 0xC7, 0x0C, 0x68, 0x9F, 0xC4, 0x80, 0x76, 0xFB, 0xC0,
    0x70, 0x7F, 0x97, 0x8E, 0x1E, 0x1D, 0x31, 0x91, 0x46, 0xFB, 0x75, 0x70, 0xD7, 0x1E, 0xCC, 0x83,
    0x3F, 0xD8, 0x1E, 0xE6, 0x5B, 0xE0, 0x41, 0x4C, 0xFB, 0x19, 0x6E, 0xDC, 0x6B, 0x67, 0x65, 0x6B,
    0x63, 0x63, 0xEA, 0xC5, 0x1E, 0xA5, 0x72, 0x93, 0x52, 0xB9, 0x4B, 0xA9, 0xDC, 0xA6, 0x54, 0xEE,
    0x53, 0x2A, 0x37, 0x2A, 0xE1, 0x4E, 0x25, 0x33, 0x08, 0x24, 0x6D, 0xD3, 0x5B, 0x74, 0x83, 0x1D,
    0xAE, 0x89, 0x83, 0x85, 0x35, 0xB3, 0x5A, 0x22, 0x55, 0xE6, 0xC3, 0xA9, 0x6A, 0x94, 0x29, 0xCE,
    0x49, 0x51, 0xEB, 0x29, 0xB3, 0x65, 0xA9, 0xAF, 0xCC, 0x9E, 0xA5, 0x7E, 0x68, 0x36, 0x2D, 0xE9,
    0x43, 0xB3, 0x6B, 0xE9, 0x73, 0xEE, 0x57, 0xDC, 0xB6, 0xE4, 0x45, 0xC5, 0xBE, 0xA5, 0x72, 0xE3,
    0x52, 0xB9, 0x73, 0xA9, 0xDC, 0xBA, 0x54, 0xD9, 0xBB, 0x54, 0x6E, 0x5E, 0x9A, 0xDB, 0xBD, 0x54,
    0xDE, 0x3C, 0xCC, 0xE0, 0xB9, 0x88, 0x5D, 0x7A, 0xD9, 0xDC, 0x0A, 0xC2, 0x42, 0xA1, 0x66, 0x13,
    0x53, 0x79, 0xD3, 0x9F, 0x62, 0x75, 0x88, 0x88, 0x7B, 0x87, 0x92, 0x45, 0xEC, 0x0F, 0x3E, 0x30,
    0x0E, 0x21, 0xBD, 0x09, 0x3D, 0x42, 0x6C, 0x28, 0xB9, 0x84, 0xD8, 0xE7, 0xBC, 0x9B, 0x29, 0x13,
    0xA7, 0x10, 0xBD, 0x41, 0xDE, 0xCF, 0xA4, 0x95, 0x6C, 0x68, 0xD2, 0x8F, 0xC5, 0x2F, 0xFC, 0x58,
    0x1C, 0xC3, 0x5C, 0x8D, 0xFD, 0xF3, 0xBF, 0x5B, 0x51, 0x65, 0xAC, 0x28, 0x3A, 0x5F, 0x8D, 0x8D,
    0x81, 0x16, 0xDB, 0x7C, 0x8A, 0x7D, 0x3E, 0xE5, 0x46, 0x9F, 0x72, 0xA7, 0x4F, 0xB9, 0xD5, 0xA7,
    0xC0, 0x85, 0x12, 0x4D, 0xF1, 0xD7, 0x15, 0xB5, 0x42, 0xC5, 0x98, 0x21, 0x34, 0x5D, 0x55, 0xBE,
    0xB1, 0xBC, 0xC5, 0x57, 0xBF, 0xC8, 0x80, 0x78, 0xC6, 0x1F, 0x41, 0xBB, 0x61, 0x62, 0xD8, 0xD6,
    0x87, 0xBE, 0x10, 0x43, 0x6A, 0x5C, 0x12, 0x01, 0xD0, 0x29, 0x12, 0xC3, 0x2B, 0xBD, 0x9C, 0xEE,
    0xA0, 0x2B, 0xAC, 0x2F, 0x5E, 0xCA, 0x51, 0x85, 0xB5, 0xB4, 0xA0, 0x2D, 0x27, 0xB2, 0xE7, 0x44,
    0x36, 0x9D, 0xF0, 0xAE, 0x13, 0x36, 0x3C, 0xD9, 0x44, 0x98, 0xB0, 0xD1, 0xA5, 0x33, 0x41, 0x68,
    0xCD, 0x37, 0xF5, 0xFB, 0x2C, 0xE3, 0x20, 0x74, 0x7A, 0x76, 0x29, 0xB0, 0x6F, 0xCC, 0xF5, 0xDA,
    0xE8, 0x98, 0x69, 0xDE, 0x49, 0xCB, 0xCD, 0x25, 0x65, 0xB7, 0x28, 0x65, 0x57, 0x47, 0x11, 0x89,
    0x95, 0x40, 0x6C, 0x24, 0x71, 0xD8, 0x9C, 0x21, 0xF1, 0xFE, 0xB4, 0x76, 0xF5, 0x40, 0x05, 0x0A,
    0x05, 0x10, 0x0C, 0x0C, 0x66, 0x40, 0x70, 0xD5, 0xE5, 0x3B, 0xF9, 0xEA, 0x88, 0xEF, 0xCB, 0xD4,
    0xAB, 0xAE, 0x38, 0xA8, 0x2B, 0x46, 0x4B, 0x0A, 0x5C, 0x28, 0x30, 0xE0, 0xBB, 0x5E, 0x40, 0xA1,
    0xC9, 0x29, 0xB0, 0x93, 0x01, 0x16, 0xB4, 0x94, 0x6C, 0xC0, 0x4B, 0x42, 0x06, 0xB8, 0xD7, 0x01,
    0x37, 0x38, 0xD2, 0xDD, 0x17, 0xFB, 0x1F, 0xE4, 0x99, 0xF3, 0x39, 0x08, 0x9C, 0x60, 0x70, 0xA1,
    0xA5, 0x23, 0x6F, 0x32, 0x44, 0x2B, 0xE7, 0x1B, 0x27, 0xDC, 0x91, 0xFF, 0xB4, 0x13, 0x41, 0xAB,
    0x72, 0x2B, 0x82, 0xD9, 0x8B, 0xC0, 0x26, 0x33, 0xC2, 0x69, 0xBC, 0xEC, 0x46, 0xE0, 0x1B, 0x72,
    0xA5, 0x92, 0xBD, 0x01, 0xC7, 0x8E, 0x4D, 0xE7, 0xB6, 0xF6, 0xF5, 0x16, 0x19, 0x8F, 0x03, 0x33,
    0x71, 0x34, 0x9F, 0x49, 0x43, 0x3F, 0x14, 0x03, 0xFA, 0xE2, 0xB9, 0x8D, 0x55, 0xC7, 0xAD, 0xA8,
    0xBA, 0xB0, 0x85, 0x06, 0x73, 0x7D, 0xD9, 0xE1, 0x17, 0x57, 0xAD, 0x9D, 0xE5, 0x90, 0x66, 0x08,
    0xB5, 0xD2, 0xB4, 0xB3, 0x4D, 0xEE, 0x9D, 0x02, 0xAF, 0x76, 0x8C, 0xA6, 0x47, 0xE6, 0x6B, 0x46,
    0x65, 0xEA, 0x70, 0x61, 0xF1, 0xD0, 0x2A, 0x2F, 0x24, 0x28, 0x9A, 0xBA, 0xB7, 0x50, 0x39, 0x56,
    0x8A, 0xD5, 0x49, 0xAF, 0x5F, 0x0D, 0x29, 0x9E, 0x39, 0xFE, 0x34, 0xBB, 0xC4, 0x6C, 0xFE, 0xB8,
    0x64, 0xC6, 0x7C, 0xCD, 0x48, 0xDA, 0x96, 0x99, 0xED, 0x16, 0x89, 0x33, 0x21, 0x59, 0x32, 0x16,
    0x84, 0xA5, 0x60, 0x11, 0xB8, 0xFD, 0xD2, 0x78, 0x6E, 0x39, 0x37, 0xFB, 0x6C, 0xA2, 0xE7, 0x28,
    0x1C, 0x30, 0x47, 0xEB, 0x61, 0x88, 0xCC, 0x41, 0x85, 0x4F, 0xE1, 0xEF, 0xD3, 0x5B, 0xA2, 0x70,
    0x3E, 0xED, 0x3C, 0xC7, 0x68, 0x3D, 0xB6, 0x65, 0x20, 0x50, 0x31, 0x65, 0x57, 0xB2, 0x06, 0xCF,
    0x97, 0x83, 0x7C, 0xC1, 0x95, 0x0B, 0x67, 0x17, 0x92, 0xF7, 0x7D, 0x26, 0xB7, 0xC6, 0xFF, 0x26,
    0x4C, 0x6E, 0x58, 0x61, 0x72, 0xF3, 0xFD, 0xA5, 0x2B, 0x17, 0xCE, 0x2E, 0xC0, 0x8C, 0xED, 0x41,
    0x03, 0xC1, 0x5B, 0x8A, 0x91, 0x8D, 0x50, 0x7B, 0xC8, 0x4C, 0x30, 0x77, 0xB1, 0xC4, 0xC0, 0x57,
    0xAD, 0x3D, 0xCF, 0x12, 0xF0, 0xE6, 0x95, 0x9A, 0x16, 0xCF, 0xD1, 0x1A, 0x61, 0xB5, 0x50, 0x3F,
    0x0B, 0x2A, 0xB1, 0x0C, 0xAB, 0x76, 0x59, 0xD6, 0x1A, 0x8F, 0xFB, 0x9E, 0x72, 0xF0, 0x5D, 0x2E,
    0x14, 0x19, 0x0A, 0xD0, 0x5C, 0x83, 0x3F, 0x51, 0x1B, 0x4E, 0x4E, 0xB7, 0x70, 0xB6, 0x35, 0x15,
    0xDE, 0x21, 0x16, 0xEB, 0xF9, 0x08, 0x8A, 0x5F, 0x19, 0xA7, 0xFD, 0xED, 0x5D, 0x1F, 0x6F, 0x01,
    0xAE, 0x35, 0x2E, 0x90, 0x6D, 0xE9, 0x74, 0x41, 0x88, 0x99, 0x99, 0xAE, 0xB9, 0x1D, 0xD7, 0x65,
    0x68, 0xFC, 0xB2, 0x96, 0xF9, 0xD4, 0x32, 0x9C, 0x8A, 0x42, 0xCB, 0xF0, 0xB6, 0x24, 0xD8, 0x32,
    0xFF, 0x1C, 0x5B, 0xD6, 0xB8, 0x27, 0xA3, 0x18, 0x3C, 0x7E, 0x55, 0x95, 0x47, 0xE7, 0x0F, 0x48,
    0xC5, 0xE4, 0xE4, 0x5D, 0x5B, 0x6C, 0xD0, 0xD7, 0x94, 0xBA, 0x47, 0x41, 0xBF, 0x29, 0x1A, 0xB2,
    0xA7, 0xD1, 0xE4, 0xF7, 0x28, 0x98, 0x98, 0xC1, 0xA5, 0x37, 0x1B, 0x09, 0x18, 0xF3, 0x26, 0x6E,
    0x32, 0x56, 0x9B, 0xF0, 0x1D, 0x99, 0xDA, 0xF4, 0xC6, 0x8D, 0x7C, 0x3B, 0xCB, 0x69, 0x55, 0x7E,
    0x46, 0xAB, 0xF2, 0x95, 0x7A, 0x47, 0xBE, 0xEC, 0x4B, 0xCC, 0x9C, 0xA4, 0x21, 0x8E, 0x2B, 0x46,
    0x95, 0x2E, 0x1B, 0x87, 0x35, 0x1D, 0xD6, 0x4A, 0x91, 0xF8, 0xDD, 0x29, 0xF2, 0xC6, 0xDD, 0xBB,
    0x68, 0x22, 0x13, 0x50, 0x4E, 0x60, 0x25, 0x2E, 0xC0, 0xC2, 0x8E, 0x5D, 0xBC, 0x2D, 0x78, 0xB4,
    0xA1, 0x6C, 0xDC, 0x02, 0x85, 0xC7, 0x1F, 0x64, 0xF0, 0xCA, 0x8D, 0xCF, 0xF2, 0xED, 0xDB, 0x01,
    0x11, 0xAE, 0xD2, 0xD1, 0xAE, 0xC6, 0xD7, 0x70, 0xE1, 0x61, 0x2B, 0xC2, 0xA3, 0x9D, 0x60, 0x10,
    0xCD, 0x9A, 0x12, 0xAC, 0xC6, 0x84, 0x13, 0x37, 0x9F, 0xF5, 0xA7, 0xCF, 0x1E, 0xDD, 0x1D, 0x86,
    0xF5, 0xA8, 0x28, 0xAC, 0x92, 0x97, 0xCF, 0xF6, 0xEA, 0x47, 0x0D, 0xBE, 0x7E, 0x35, 0x60, 0x62,
    0x6E, 0x9E, 0xE3, 0x9F, 0xB3, 0xF1, 0x1F, 0xE7, 0x1D, 0x9C, 0x2A, 0x24, 0xA5, 0x47, 0x48, 0x46,
    0xCE, 0x2A, 0xB4, 0x66, 0xB7, 0xAB, 0x9E, 0x11, 0x00, 0x3B, 0x04, 0xC0, 0x01, 0x01, 0x70, 0x40,
    0x00, 0xBC, 0x5E, 0x05, 0xE0, 0x71, 0x2B, 0x34, 0x56, 0x85, 0x88, 0x57, 0xA2, 0x9D, 0x70, 0x3D,
    0x9F, 0xAE, 0x8E, 0xC0, 0x85, 0x82, 0x80, 0xCB, 0x2F, 0x9E, 0x5B, 0x23, 0x24, 0xB1, 0x25, 0x99,
    0x2E, 0x29, 0xEA, 0xB3, 0x5D, 0x80, 0x5F, 0x06, 0xB0, 0x20, 0x58, 0x20, 0x2C, 0x18, 0x66, 0x10,
    0x2B, 0x46, 0xB1, 0x62, 0x18, 0x2B, 0xC6, 0xB1, 0x62, 0x20, 0x2B, 0x46, 0xB2, 0x32, 0x50, 0x2E,
    0xB1, 0x4C, 0x8A, 0x27, 0x4F, 0x41, 0xD9, 0x3F, 0x4D, 0x6A, 0xBA, 0xE2, 0x62, 0xD8, 0x74, 0xBF,
    0x26, 0x1A, 0x7B, 0xF1, 0xFA, 0xF2, 0x05, 0xC9, 0x04, 0x85, 0xF1, 0x54, 0x31, 0x18, 0x86, 0x3A,
    0x52, 0x04, 0x87, 0xCE, 0x0D, 0x1C, 0xC3, 0x1D, 0xDA, 0x53, 0xFC, 0x98, 0x20, 0xC1, 0x59, 0x1E,
    0x00, 0x05, 0x0C, 0xE1, 0xFB, 0x04, 0x0B, 0xBC, 0x71, 0x1D, 0x01, 0xE3, 0x16, 0x7C, 0x80, 0xA1,
    0x91, 0x29, 0x06, 0x47, 0x7E, 0x44, 0xB2, 0xFC, 0xB8, 0x9F, 0x08, 0xB8, 0x27, 0x54, 0xD7, 0x9E,
    0xF2, 0x9D, 0x0C, 0x51, 0x60, 0x9B, 0x36, 0x05, 0x81, 0xC8, 0x96, 0x85, 0x7B, 0x48, 0x51, 0x68,
    0x38, 0xE9, 0x93, 0xD8, 0xD0, 0x9E, 0x90, 0x04, 0x57, 0xED, 0xDC, 0x27, 0xD1, 0xAD, 0x71, 0xC0,
    0xC2, 0x8F, 0xA1, 0x3D, 0x24, 0x3E, 0x0A, 0x49, 0x0A, 0xE0, 0xF1, 0xF5, 0x9D, 0xDA, 0x86, 0x99,
    0x1E, 0x33, 0x41, 0x9C, 0xB2, 0x42, 0xA7, 0x2E, 0x44, 0x63, 0xD6, 0x42, 0xDA, 0xA3, 0xA8, 0x94,
    0x3C, 0x74, 0xCE, 0x1A, 0xB3, 0x16, 0x97, 0xD0, 0x2C, 0xB6, 0x69, 0x21, 0xED, 0xB3, 0x9A, 0xAA,
    0x7B, 0xBE, 0x99, 0xE2, 0x05, 0x40, 0xF4, 0x7A, 0xC1, 0xE7, 0x23, 0xC7, 0x64, 0x59, 0x07, 0x8E,
    0x09, 0x87, 0x75, 0x49, 0x8F, 0x76, 0xD0, 0x0A, 0x36, 0x84, 0xC6, 0xDB, 0x81, 0x4B, 0x9A, 0x6C,
    0x07, 0x0E, 0xD6, 0x40, 0x95, 0x4E, 0x80, 0xF1, 0x6E, 0xD4, 0xA5, 0x1B, 0xB8, 0xBE, 0x4B, 0xCA,
    0x1C, 0x3E, 0x1A, 0x3E, 0xDA, 0x23, 0x6D, 0xE6, 0xD0, 0x82, 0x09, 0xA9, 0x33, 0x1E, 0x27, 0x45,
    0x4E, 0x6E, 0x89, 0x46, 0xAB, 0x49, 0xB8, 0x50, 0x2D, 0xED, 0xFB, 0x8B, 0x6B, 0x73, 0xCD, 0x4A,
    0x1E, 0xFB, 0x64, 0x2B, 0x79, 0x2E, 0x5C, 0xCF, 0x56, 0x40, 0xF8, 0x52, 0x74, 0xEB, 0x56, 0xB9,
    0x3D, 0x2E, 0x06, 0x58, 0xB5, 0x91, 0x62, 0x8F, 0x7E, 0x88, 0x6B, 0x13, 0xD0, 0xC4, 0xDC, 0x3F,
    0x50, 0x09, 0x81, 0x6C, 0x00, 0xB8, 0xA5, 0x1B, 0x1E, 0x41, 0x99, 0xA9, 0x84, 0x60, 0x86, 0xFF,
    0x13, 0xC4, 0xD9, 0x4D, 0xFC, 0x97, 0xE4, 0x1C, 0x55, 0xD6, 0x3A, 0x24, 0xA4, 0x7D, 0x45, 0x7F,
    0x35, 0x9F, 0x19, 0x40, 0xA5, 0xFC, 0x5B, 0xDF, 0x29, 0x6E, 0x99, 0x9E, 0x18, 0xD9, 0x87, 0x3F,
    0x99, 0x88, 0xF0, 0x8D, 0x29, 0x06, 0x26, 0x59, 0xFA, 0x98, 0xD6, 0x15, 0xA0, 0xF8, 0x5E, 0x80,
    0xD1, 0x19, 0x92, 0x7F, 0x0F, 0xC3, 0xD1, 0xA4, 0x80, 0x10, 0x77, 0xAB, 0x92, 0x06, 0xC6, 0xFF,
    0x99, 0xA8, 0x1B, 0x29, 0xA9, 0x80, 0x7E, 0x42, 0x2D, 0x62, 0x1D, 0x78, 0xBC, 0xDD, 0x93, 0x1E,
    0x3B, 0x7F, 0xE9, 0x57, 0xFB, 0xA6, 0xB2, 0xF4, 0xAA, 0xD2, 0x77, 0xC7, 0x2F, 0xC3, 0x5A, 0x05,
    0x29, 0xA4, 0x07, 0xD7, 0x7F, 0x5C, 0xDC, 0xE1, 0x78, 0x8C, 0xAB, 0x1A, 0xA8, 0x0F, 0xED, 0xFC,
    0xBB, 0x21, 0x75, 0xE2, 0x6F, 0x2A, 0x37, 0x86, 0x7E, 0xE3, 0x5E, 0x1C, 0xAA, 0x86, 0x74, 0xA3,
    0x95, 0xE1, 0x1E, 0x74, 0xEA, 0x47, 0x1B, 0xF7, 0xE6, 0x72, 0x47, 0xE2, 0x06, 0xE0, 0x88, 0x7A,
    0x52, 0xEF, 0x82, 0x18, 0x41, 0x6E, 0x7E, 0x4D, 0x2D, 0x67, 0xD6, 0x68, 0x68, 0xBE, 0x01, 0x35,
    0x76, 0x26, 0xFD, 0x9A, 0x9A, 0xAA, 0x21, 0xB1, 0x51, 0x6D, 0xB5, 0xB3, 0xD2, 0x9A, 0xAC, 0xA3,
    0x9F, 0x0A, 0xEB, 0x54, 0xAB, 0xD6, 0xD2, 0x99, 0xD4, 0x25, 0x15, 0xDE, 0x2F, 0x1A, 0x59, 0x18,
    0xC3, 0xA8, 0x34, 0x86, 0x51, 0xF5, 0x0D, 0xAB, 0xDF, 0x85, 0x95, 0xDE, 0x69, 0x85, 0x75, 0xD5,
    0x23, 0x7E, 0xF5, 0x62, 0x45, 0xCC, 0xA9, 0xFC, 0x59, 0xBD, 0xBA, 0x5A, 0xF7, 0x85, 0x6B, 0x3E,
    0x85, 0x42, 0x5F, 0xBF, 0xC7, 0x8E, 0x52, 0xCF, 0xD2, 0x53, 0xF6, 0x94, 0x7A, 0x4E, 0x3E, 0xE6,
    0x69, 0x5A, 0x6F, 0x18, 0xC8, 0x4C, 0xAD, 0x3F, 0x31, 0x93, 0x35, 0x2F, 0x31, 0xF3, 0x35, 0x2F,
    0x44, 0x73, 0xC0, 0x6E, 0xC2, 0x5F, 0xB1, 0xF4, 0xA9, 0x97, 0xEE, 0x6F, 0xDF, 0x9A, 0x8A, 0xC3,
    0x84, 0x2B, 0xBB, 0xA8, 0x8F, 0xB4, 0xF9, 0xB1, 0xCC, 0x99, 0x78, 0xF7, 0xD2, 0x4A, 0x5C, 0x56,
    0x7C, 0xA9, 0x98, 0x20, 0x89, 0xA9, 0x34, 0xCC, 0xA9, 0x62, 0x1D, 0xA2, 0x9C, 0xB8, 0x07, 0x15,
    0xEB, 0x43, 0x1F, 0xFB, 0xAD, 0x91, 0xE0, 0x5D, 0x16, 0xA0, 0xD7, 0x1A, 0xC9, 0xF8, 0x27, 0x14,
    0xB4, 0x68, 0xFC, 0x74, 0x82, 0x83, 0x55, 0x2B, 0xC4, 0x1B, 0x0B, 0x50, 0xE8, 0x02, 0xEF, 0x70,
    0xD4, 0xC5, 0xDE, 0xC2, 0x95, 0x7E, 0x03, 0xEC, 0xAB, 0x46, 0xAA, 0x1A, 0x19, 0xF5, 0xD4, 0x8F,
    0xB6, 0xC7, 0x31, 0xBB, 0x4A, 0x5A, 0xFB, 0xD4, 0x4B, 0x5A, 0xEF, 0xCF, 0xBB, 0x4A, 0xBB, 0x12,
    0x1A, 0xA6, 0x7B, 0xD8, 0x61, 0x93, 0x9C, 0x27, 0x11, 0xAB, 0x13, 0x43, 0xCB, 0xAC, 0x4D, 0x9C,
    0x69, 0xAC, 0xC9, 0x4D, 0x8D, 0x49, 0x97, 0x5D, 0xF9, 0x88, 0xAC, 0xDE, 0x01, 0x4D, 0xBA, 0x01,
    0xC0, 0x15, 0x15, 0xD9, 0x3E, 0x1C, 0xB2, 0xDF, 0x79, 0x13, 0xE7, 0x7F, 0xAC, 0xC6, 0x58, 0xB4,
    0xF8, 0xED, 0x17, 0xF2, 0x3B, 0xD7, 0x0F, 0x4D, 0x4A, 0x85, 0x01, 0xAE, 0x3F, 0x24, 0x74, 0xD3,
    0x12, 0x25, 0x52, 0x12, 0xBB, 0x93, 0xA4, 0xFD, 0x8C, 0x7F, 0xFE, 0x0F, 0x35, 0x44, 0xB3, 0x7C,
    0x84, 0xF3, 0x44, 0x75, 0x08, 0xCB, 0xC3, 0x3F, 0x49, 0xC9, 0x93, 0xDC, 0xD5, 0x29, 0x6B, 0x27,
    0x67, 0xE5, 0x90, 0x5B, 0xFC, 0x4E, 0xDD, 0xC4, 0xAB, 0xB7, 0x50, 0x39, 0xEA, 0xB7, 0xD9, 0x2E,
    0x8D, 0x42, 0x0D, 0xD9, 0x19, 0xAE, 0x2C, 0x88, 0x72, 0x09, 0xAF, 0x9C, 0x7B, 0x07, 0x18, 0x96,
    0x4E, 0xE7, 0xA6, 0x97, 0xCB, 0xB6, 0x87, 0xBC, 0x6B, 0x34, 0xCF, 0x02, 0x38, 0xF2, 0xA3, 0x1B,
    0x9E, 0xD8, 0x61, 0xB7, 0x91, 0x50, 0x3F, 0x6C, 0x2A, 0x66, 0xF4, 0x81, 0x4A, 0x99, 0x23, 0xE8,
    0x66, 0xCA, 0xC0, 0x10, 0x18, 0xA3, 0x81, 0x3E, 0x70, 0x60, 0xF6, 0x4F, 0x73, 0xA9, 0x9D, 0x84,
    0xA7, 0x52, 0xAD, 0x88, 0x3A, 0x60, 0x7B, 0x1C, 0xB0, 0xFE, 0x73, 0x51, 0xFF, 0xBD, 0xE5, 0xBA,
    0x37, 0x1A, 0x37, 0x65, 0xED, 0x0C, 0xEA, 0xB2, 0xC8, 0x75, 0x44, 0x7B, 0x6B, 0x21, 0xF4, 0x2E,
    0xBF, 0x7E, 0x51, 0xED, 0xB5, 0xE6, 0xA6, 0xDB, 0xA6, 0x5C, 0xF6, 0xB3, 0x47, 0xEB, 0xFB, 0xB3,
    0xAB, 0x72, 0xC7, 0xB2, 0x9A, 0x1C, 0x6F, 0xFB, 0x8A, 0x7C, 0x1C, 0xBB, 0x84, 0x73, 0x3B, 0x72,
    0x68, 0x0C, 0xB5, 0xA3, 0x76, 0x40, 0x38, 0x4F, 0xA0, 0x24, 0x2E, 0xD6, 0x01, 0x0D, 0x9D, 0x30,
    0xC6, 0x12, 0xCE, 0xD7, 0x6E, 0x73, 0x44, 0x09, 0x04, 0x22, 0x9C, 0xEF, 0x4C, 0x64, 0xC6, 0x2A,
    0x41, 0xA5, 0x79, 0x9C, 0x17, 0xBF, 0xD3, 0xF4, 0xFB, 0xFE, 0x4C, 0xB9, 0xB6, 0xB6, 0x9A, 0x78,
    0x30, 0x9B, 0x7B, 0xCC, 0x6E, 0x1F, 0x53, 0x2E, 0xDB, 0xF4, 0x73, 0x81, 0xFA, 0xFD, 0x7F, 0xED,
    0x3D, 0x7F, 0x70, 0x14, 0xD7, 0x79, 0xDF, 0xEE, 0x4A, 0x5A, 0xD0, 0x9D, 0x74, 0x97, 0x19, 0x70,
    0x31, 0x08, 0x96, 0xC6, 0xB4, 0xA3, 0x24, 0x0A, 0x77, 0x4D, 0xD5, 0x54, 0x49, 0x91, 0x6E, 0x81,
    0x38, 0xB4, 0x21, 0xD3, 0xDE, 0x64, 0x2C, 0x7B, 0x1C, 0x26, 0x85, 0x38, 0x89, 0xC7, 0xE3, 0x3A,
    0xD6, 0x25, 0xA6, 0x63, 0x5C, 0x0B, 0x6E, 0x81, 0xD6, 0xA4, 0x49, 0x3C, 0x51, 0x9C, 0x9F, 0x1D,
    0x66, 0x6A, 0x75, 0x86, 0x3F, 0x02, 0x69, 0x47, 0x97, 0x96, 0xCE, 0xC8, 0x89, 0xE0, 0xD6, 0x66,
    0x26, 0xEE, 0x24, 0x6D, 0xB3, 0x8C, 0xC3, 0x38, 0xD3, 0xB4, 0xF1, 0xC6, 0x81, 0xA6, 0x63, 0xA7,
    0x65, 0xD3, 0x2E, 0xF1, 0x09, 0xEB, 0x6E, 0xFB, 0x7D, 0xEF, 0xBD, 0xDD, 0x7D, 0x7B, 0x5A, 0x81,
    0xF9, 0x65, 0x23, 0xCC, 0x09, 0xF6, 0xBD, 0x6F, 0x6F, 0x6F, 0xF7, 0x7B, 0xDF, 0xF7, 0xBD, 0xEF,
    0xE7, 0xBB, 0x77, 0x00, 0xEC, 0x95, 0xE7, 0x8D, 0xE2, 0xF3, 0xD6, 0x68, 0x70, 0x30, 0xB0, 0x58,
    0x9B, 0xE3, 0x20, 0x54, 0x39, 0xA8, 0x34, 0x39, 0xA8, 0x7A, 0xE2, 0x53, 0x73, 0x20, 0xDE, 0x37,
    0x01, 0x4C, 0xBA, 0xDE, 0x81, 0x1C, 0x7D, 0x54, 0xF3, 0xB1, 0xA5, 0xCF, 0xCE, 0x41, 0x47, 0x27,
    0x9D, 0x28, 0xD1, 0x9B, 0x2D, 0xFC, 0x8F, 0x57, 0x69, 0x01, 0x40, 0x06, 0xCF, 0x15, 0x66, 0x01,
    0x74, 0x1B, 0xBA, 0x5A, 0x33, 0x04, 0xDF, 0x52, 0xF7, 0x4B, 0xA3, 0xA3, 0x55, 0x33, 0x68, 0x99,
    0x85, 0x20, 0x68, 0x41, 0x30, 0x01, 0x7A, 0x10, 0x9C, 0x86, 0x79, 0x2F, 0x45, 0xB4, 0x19, 0x3B,
    0xD9, 0x2A, 0x89, 0xAB, 0x16, 0xDB, 0xB8, 0x16, 0xC6, 0xD7, 0xE4, 0xF8, 0x32, 0xDC, 0x10, 0x5F,
    0xCD, 0x13, 0xF8, 0x9A, 0x6F, 0x0C, 0xBE, 0x9A, 0x43, 0xA4, 0xA6, 0xA3, 0x61, 0xE1, 0x51, 0x09,
    0x6C, 0x3C, 0x1A, 0x4D, 0x3A, 0x53, 0x77, 0x40, 0x73, 0x75, 0xC4, 0x4D, 0x73, 0x11, 0x01, 0x3C,
    0x1A, 0x66, 0xDC, 0x47, 0x54, 0x40, 0x75, 0xA1, 0xC9, 0x8E, 0x05, 0x93, 0x8E, 0x19, 0x87, 0x46,
    0x80, 0x03, 0xA2, 0x71, 0xF8, 0xEC, 0x38, 0xCE, 0x8E, 0x1B, 0x40, 0xF5, 0xA9, 0xBF, 0xAA, 0x35,
    0x7A, 0x67, 0x03, 0x82, 0xB3, 0x41, 0xE0, 0x41, 0x2B, 0x83, 0x18, 0xA5, 0x0A, 0x82, 0x21, 0x98,
    0x18, 0x70, 0x41, 0xC8, 0x09, 0x66, 0x22, 0x36, 0x0C, 0x5F, 0x01, 0xE6, 0x1C, 0x71, 0xB5, 0x99,
    0x84, 0x35, 0x46, 0xE9, 0x49, 0x80, 0x16, 0xC9, 0x12, 0x5E, 0x5C, 0x20, 0x92, 0x10, 0x69, 0xF0,
    0x82, 0xDD, 0x39, 0x9B, 0x21, 0xD4, 0x40, 0xFA, 0x00, 0xF1, 0x40, 0x73, 0x09, 0x2F, 0xCD, 0x53,
    0x18, 0x96, 0x99, 0x39, 0x3C, 0x89, 0x70, 0xA1, 0xAE, 0x32, 0x4C, 0x5B, 0x46, 0x10, 0x10, 0xAE,
    0x0D, 0x2D, 0xF8, 0x1C, 0xC7, 0xF6, 0xEE, 0x18, 0xDD, 0x35, 0xBC, 0x29, 0x08, 0x34, 0x2E, 0xB5,
    0xC9, 0x09, 0xCE, 0x72, 0xC6, 0xE6, 0x4C, 0xC6, 0xD7, 0x9C, 0xC9, 0xD8, 0x4A, 0xDC, 0x44, 0xAE,
    0x0A, 0xA6, 0x52, 0x83, 0x3C, 0xC5, 0x86, 0x58, 0x9A, 0x33, 0x19, 0x47, 0xAB, 0xC0, 0x18, 0x2A,
    0xF8, 0xE9, 0x2F, 0x30, 0xA9, 0xC4, 0x5C, 0x12, 0x8D, 0xB2, 0x18, 0x90, 0x5F, 0x08, 0x33, 0x93,
    0x35, 0x6C, 0x86, 0x18, 0x6C, 0xD2, 0xC4, 0x27, 0x5F, 0x27, 0xCC, 0xBC, 0x05, 0x8E, 0xFE, 0xC5,
    0x8E, 0x93, 0x24, 0x6B, 0x24, 0x8A, 0x0D, 0x26, 0x88, 0x0D, 0x26, 0x86, 0x0D, 0x26, 0x84, 0x0D,
    0x26, 0x82, 0xD3, 0x4C, 0x00, 0xA7, 0x99, 0xF8, 0x35, 0x48, 0xF8, 0xEE, 0xF4, 0x99, 0xE8, 0x79,
    0x4C, 0xF0, 0xAC, 0x58, 0xEC, 0x8C, 0x79, 0xC7, 0xDC, 0xFC, 0xA3, 0x99, 0x38, 0xEA, 0x3E, 0x1D,
    0x71, 0x42, 0xE3, 0x71, 0xCF, 0x1E, 0x3A, 0xCE, 0x15, 0x20, 0x67, 0x29, 0x9E, 0x81, 0x47, 0x9C,
    0xD2, 0x74, 0x74, 0xD6, 0xE3, 0x51, 0xB7, 0x87, 0xE9, 0xF8, 0x74, 0x03, 0xAF, 0x59, 0x75, 0xB6,
    0x35, 0x3A, 0x66, 0x92, 0xF0, 0x23, 0x25, 0x9C, 0x31, 0x24, 0x84, 0x6E, 0x6B, 0x28, 0x44, 0xBA,
    0x43, 0x47, 0xCD, 0x63, 0x4A, 0xA3, 0xC9, 0xC4, 0xAA, 0xCE, 0x54, 0xB0, 0xD1, 0x62, 0xCF, 0x2E,
    0x03, 0x57, 0x64, 0x00, 0x9D, 0x26, 0xE7, 0x00, 0x94, 0x3C, 0xA1, 0xB2, 0x02, 0xA1, 0xB3, 0x54,
    0x6F, 0x37, 0x57, 0x5A, 0xBA, 0x4D, 0x4C, 0x26, 0x4E, 0x58, 0x84, 0x39, 0xF2, 0xC2, 0xA0, 0x21,
    0x10, 0x37, 0x4A, 0x66, 0x0E, 0x18, 0x3F, 0x82, 0x59, 0xC1, 0x91, 0xF3, 0xF8, 0x71, 0xC6, 0x13,
    0xA7, 0xE0, 0x02, 0x2C, 0x6C, 0x45, 0x22, 0xF3, 0x11, 0x77, 0xA2, 0xB7, 0x5E, 0x4F, 0xC4, 0x42,
    0xD5, 0x16, 0xAA, 0x74, 0x2E, 0xB2, 0x89, 0xB7, 0x52, 0x5E, 0xAF, 0x2B, 0xE9, 0x50, 0x2C, 0x61,
    0x19, 0xD7, 0x91, 0x64, 0x3A, 0x48, 0x34, 0x73, 0xA8, 0x73, 0x49, 0x38, 0x8D, 0x2D, 0x2E, 0x13,
    0xCF, 0x61, 0xC5, 0x63, 0x02, 0x3A, 0x0E, 0x3E, 0x13, 0x51, 0x1F, 0x8E, 0x92, 0x90, 0xA2, 0x36,
    0xF7, 0x49, 0x4C, 0xB7, 0x05, 0x5F, 0xF3, 0x98, 0xA0, 0x4E, 0x05, 0x0E, 0x89, 0x6A, 0x4B, 0x0D,
    0xCC, 0x84, 0x8E, 0xEC, 0xE0, 0xCD, 0x48, 0xA2, 0xE9, 0x48, 0x1B, 0x79, 0x27, 0x1F, 0x7C, 0x81,
    0x0F, 0xDD, 0x80, 0xC4, 0xBC, 0xB5, 0xC4, 0xA0, 0x19, 0xA2, 0xD4, 0xE0, 0x80, 0x85, 0x85, 0xD3,
    0x6D, 0x36, 0xD8, 0x31, 0x61, 0xDF, 0x2E, 0x53, 0x1D, 0x5E, 0x17, 0x78, 0x76, 0xF0, 0x5B, 0x8F,
    0x70, 0x99, 0x19, 0xE1, 0x12, 0xD3, 0x91, 0x26, 0x2F, 0xD7, 0x10, 0x09, 0x33, 0x16, 0x5A, 0x21,
    0xB1, 0xF3, 0x1F, 0xBF, 0x83, 0x64, 0x07, 0xA5, 0x81, 0x24, 0xC7, 0x97, 0x54, 0xDA, 0x38, 0x93,
    0x99, 0x0D, 0x4C, 0x62, 0x36, 0x30, 0x79, 0xD9, 0xC0, 0x54, 0xDA, 0x06, 0x66, 0x4F, 0x1B, 0xE9,
    0x2A, 0x8D, 0x53, 0xB9, 0x24, 0x1D, 0xDB, 0xE8, 0x8E, 0x0A, 0xAC, 0x0B, 0x48, 0x81, 0xA1, 0xC8,
    0xB7, 0x29, 0xB0, 0x8C, 0x4D, 0x0A, 0x0C, 0x55, 0x13, 0x2A, 0x30, 0xCD, 0x26, 0x05, 0x86, 0x47,
    0x54, 0x60, 0xBA, 0x4D, 0x0A, 0x6C, 0xBB, 0x45, 0x0A, 0x2C, 0x60, 0x0A, 0xAC, 0x71, 0x29, 0x0A,
    0x2C, 0x39, 0x81, 0xC3, 0x39, 0xA3, 0x85, 0x4E, 0x99, 0x12, 0x88, 0xB7, 0x33, 0x81, 0x70, 0xCB,
    0x8C, 0x6D, 0xC2, 0x2F, 0x1B, 0x46, 0xEF, 0x84, 0x71, 0x61, 0x03, 0x9B, 0x09, 0xC8, 0x87, 0x0D,
    0xDA, 0x59, 0xCE, 0x89, 0x61, 0xED, 0x39, 0x97, 0xF1, 0xA2, 0x90, 0x7B, 0xC6, 0xE3, 0x26, 0x27,
    0x50, 0x3C, 0xC6, 0x8F, 0xED, 0x2D, 0xCD, 0xE3, 0x1C, 0x09, 0x02, 0x87, 0xF1, 0x64, 0x36, 0x23,
    0x1C, 0xDB, 0x4B, 0x57, 0x72, 0x09, 0x0A, 0xAE, 0x09, 0x3B, 0x85, 0xF0, 0x3A, 0xC3, 0x17, 0x53,
    0xBF, 0x1A, 0xFA, 0x47, 0xB3, 0x75, 0xEE, 0x20, 0xA9, 0x2E, 0xA9, 0x07, 0xE4, 0xA3, 0xE6, 0x90,
    0xB7, 0xDA, 0x20, 0xB2, 0x1A, 0xC7, 0x98, 0x8F, 0xA4, 0x7A, 0x23, 0x25, 0xE6, 0x24, 0x29, 0xFE,
    0x8C, 0xC1, 0xBD, 0xA4, 0x7A, 0x23, 0x67, 0x32, 0xB6, 0xD6, 0xBD, 0x82, 0xF0, 0x93, 0x90, 0xD4,
    0x8C, 0xB9, 0x13, 0xF5, 0x86, 0xE4, 0x29, 0x2D, 0xC5, 0xFF, 0xBD, 0x6D, 0xFF, 0x3B, 0xDB, 0x1C,
    0xE5, 0x71, 0xE1, 0xEA, 0x96, 0x5C, 0x24, 0x6E, 0x03, 0xB4, 0x33, 0x24, 0xBF, 0x75, 0x3B, 0x63,
    0x55, 0xDD, 0x8C, 0xB5, 0xDB, 0xCF, 0xD8, 0xD3, 0x33, 0xDA, 0x4F, 0xFD, 0x61, 0x35, 0x70, 0x87,
    0x6F, 0x09, 0x9C, 0xDD, 0xF8, 0xA4, 0xB9, 0x60, 0x6F, 0x10, 0x29, 0x54, 0x50, 0x85, 0xD1, 0x37,
    0xB9, 0xD1, 0xB7, 0x19, 0x2F, 0x74, 0x9B, 0x71, 0x82, 0x38, 0x8D, 0x7C, 0xA0, 0x46, 0x0B, 0x18,
    0x37, 0x91, 0x07, 0xD8, 0x10, 0x07, 0x34, 0x87, 0xD1, 0x7F, 0x9B, 0xCD, 0xA9, 0x6F, 0x32, 0xDA,
    0x37, 0x52, 0xA8, 0xAE, 0x28, 0x8C, 0xD4, 0xFA, 0xB3, 0x36, 0x6B, 0x9E, 0x77, 0xD8, 0xC9, 0x8D,
    0xE6, 0xEB, 0xF0, 0x74, 0xE0, 0x4F, 0xA7, 0x89, 0xF0, 0x2C, 0x63, 0x22, 0x3D, 0x1D, 0xF8, 0xD3,
    0x4D, 0xD9, 0xC4, 0x84, 0x06, 0x66, 0xFE, 0x7C, 0x7D, 0xE3, 0x10, 0x04, 0x6E, 0x62, 0x26, 0x29,
    0x60, 0x21, 0x59, 0x9B, 0x61, 0xDA, 0x62, 0x98, 0x69, 0x8B, 0x11, 0xA6, 0x2D, 0xD6, 0x33, 0x6D,
    0x61, 0x30, 0x6D, 0x61, 0x30, 0xC9, 0x5A, 0xCF, 0xC4, 0xEA, 0x18, 0x93, 0xA9, 0x06, 0x17, 0xA8,
    0x84, 0x4D, 0x21, 0xF9, 0x66, 0x02, 0x3E, 0x32, 0x12, 0x1F, 0x97, 0x2D, 0x8B, 0xB5, 0x85, 0xC2,
    0xDD, 0x1D, 0x8B, 0xB4, 0x05, 0x72, 0x0B, 0xB5, 0x85, 0xEE, 0x90, 0xB6, 0xD0, 0x1C, 0xD2, 0x16,
    0xAA, 0x4B, 0xDA, 0x42, 0xF5, 0x48, 0x5B, 0x28, 0x2E, 0x69, 0x0B, 0xD5, 0x25, 0x6D, 0xB1, 0xCD,
    0x61, 0x22, 0x6C, 0x91, 0xB6, 0x98, 0x9D, 0xA7, 0x2D, 0x4C, 0x13, 0xB5, 0xC5, 0x89, 0xE7, 0x30,
    0x26, 0x0A, 0xF6, 0xFF, 0x0C, 0xF1, 0x6D, 0xB1, 0xD1, 0x45, 0xDA, 0xE2, 0x90, 0x1C, 0x7B, 0xA0,
    0xA8, 0x40, 0xB2, 0xD5, 0xFE, 0x4D, 0x20, 0x17, 0xF0, 0xC9, 0xA7, 0x4F, 0x88, 0xB9, 0xC7, 0xA6,
    0x66, 0xC0, 0x5B, 0xA2, 0xC9, 0x7A, 0xE0, 0xB1, 0xC9, 0x30, 0xF0, 0xD8, 0x64, 0x03, 0xF0, 0xD8,
    0x04, 0x27, 0x08, 0xA3, 0x0D, 0xAA, 0x20, 0xE6, 0x1E, 0x06, 0x5F, 0xE6, 0x73, 0xEE, 0xAC, 0x98,
    0x72, 0x9B, 0x82, 0x44, 0x6C, 0xD2, 0x6D, 0xCA, 0xD1, 0x70, 0x0D, 0xE4, 0x66, 0x78, 0x92, 0x11,
    0xA9, 0xEA, 0x32, 0x9D, 0xFA, 0x08, 0x30, 0xA5, 0x4A, 0xAF, 0x39, 0xE6, 0x72, 0x73, 0x42, 0x51,
    0xAC, 0xC7, 0x1A, 0xA6, 0x58, 0x81, 0x68, 0x85, 0x58, 0x31, 0xDF, 0xD0, 0x06, 0xE6, 0x1C, 0x9E,
    0xE3, 0xDE, 0x61, 0xE0, 0x31, 0xF7, 0xB0, 0xE0, 0x71, 0x82, 0x09, 0x8A, 0x09, 0x05, 0x1B, 0x6A,
    0x58, 0xA1, 0x62, 0x43, 0x1D, 0x1B, 0x92, 0x6D, 0x52, 0x10, 0xE9, 0xDA, 0xD1, 0xA1, 0x3D, 0x1A,
    0x67, 0x8A, 0x86, 0x5E, 0x33, 0xA2, 0x5D, 0x96, 0x30, 0x33, 0x0C, 0x47, 0x8E, 0xCD, 0x35, 0xA2,
    0x89, 0xC2, 0x69, 0x42, 0x54, 0x41, 0x9A, 0x50, 0x83, 0x34, 0x51, 0xDA, 0x0C, 0x8F, 0x98, 0xD5,
    0xFF, 0xEB, 0x25, 0x5A, 0x7E, 0xFE, 0x02, 0x34, 0xCB, 0x09, 0x9A, 0x19, 0x82, 0x66, 0x05, 0x41,
    0xB3, 0x11, 0x41, 0xB3, 0x91, 0x90, 0x66, 0x5F, 0xE1, 0x34, 0x7B, 0x35, 0xB0, 0x19, 0xCD, 0xF6,
    0x52, 0x9C, 0x7D, 0x77, 0xDB, 0xDC, 0x82, 0x02, 0x0F, 0xC0, 0x4A, 0x25, 0x46, 0x19, 0x3A, 0xB9,
    0x10, 0x65, 0x30, 0x0A, 0x22, 0xCA, 0xE0, 0x93, 0xD8, 0xC4, 0x72, 0x19, 0x65, 0xF0, 0xF9, 0xCC,
    0x10, 0xBB, 0x9C, 0x32, 0xB3, 0x65, 0x36, 0xB9, 0xEA, 0x73, 0xCC, 0x16, 0x17, 0xE6, 0x2E, 0x43,
    0x5A, 0x84, 0x29, 0x91, 0x62, 0xC3, 0xA8, 0x7D, 0x83, 0x29, 0x06, 0x96, 0xAC, 0x7F, 0x85, 0x36,
    0xEE, 0x78, 0x9F, 0x4C, 0xC6, 0xC2, 0x75, 0x43, 0xC6, 0xC9, 0x08, 0xEB, 0x90, 0x22, 0x5E, 0x4C,
    0x14, 0x8F, 0xD3, 0x65, 0x08, 0xE7, 0x9B, 0x48, 0x92, 0x6C, 0xC0, 0x29, 0xE3, 0x81, 0x88, 0x01,
    0x66, 0xD0, 0xDB, 0x63, 0x04, 0x9A, 0xA1, 0x38, 0x35, 0x9C, 0x89, 0xF4, 0x9F, 0xC8, 0x74, 0x17,
    0xFD, 0x05, 0x65, 0x31, 0x1F, 0x83, 0xE0, 0x07, 0x73, 0x8C, 0x58, 0x5B, 0x82, 0xAD, 0x2D, 0x75,
    0x2E, 0x75, 0x56, 0x46, 0x93, 0x4E, 0x9A, 0x78, 0x12, 0x6D, 0x8C, 0x88, 0x3E, 0xC4, 0x29, 0x36,
    0x09, 0x2D, 0xCD, 0xCE, 0x01, 0x9F, 0x88, 0xE8, 0xEE, 0x51, 0x17, 0x69, 0xA5, 0xA3, 0xA3, 0x40,
    0x81, 0x2E, 0x8B, 0x5F, 0xE9, 0x4F, 0x4C, 0xCA, 0x9C, 0x65, 0xF0, 0x89, 0x59, 0x3D, 0x53, 0x3D,
    0x55, 0x3D, 0x07, 0x7C, 0x72, 0x92, 0xEF, 0x60, 0x13, 0xFD, 0xBC, 0xAA, 0x5F, 0x77, 0x0B, 0xB6,
    0xA0, 0x21, 0xC4, 0x74, 0x84, 0x98, 0x96, 0x20, 0xD1, 0x53, 0xA2, 0xA9, 0x4C, 0xD7, 0xA4, 0x88,
    0x46, 0x0E, 0x72, 0xF8, 0x9A, 0x8B, 0xBB, 0x8D, 0x76, 0x7B, 0xC9, 0x46, 0xF6, 0x85, 0xE8, 0x8E,
    0xB9, 0x1F, 0x58, 0x29, 0x17, 0xC0, 0xF5, 0xC5, 0xB7, 0xAE, 0xB8, 0x9B, 0xB3, 0xD2, 0xBA, 0xF9,
    0x7C, 0x3C, 0xE0, 0x46, 0x5A, 0x97, 0x5F, 0x70, 0xA3, 0x71, 0x9E, 0xA7, 0x51, 0x45, 0x1E, 0x15,
    0x78, 0x22, 0x15, 0x78, 0x26, 0x55, 0xA4, 0x52, 0x45, 0x2E, 0x55, 0x24, 0x50, 0xD9, 0x50, 0x78,
    0xC3, 0xE6, 0xAE, 0xAB, 0x7B, 0x2C, 0xD8, 0x60, 0xA9, 0x5F, 0x9C, 0xFD, 0x55, 0xDE, 0x20, 0x57,
    0x45, 0x4E, 0x95, 0x1A, 0xCA, 0x26, 0x93, 0x7E, 0x99, 0xE1, 0x0D, 0x12, 0x8B, 0xF2, 0xAA, 0xE8,
    0x39, 0x53, 0x62, 0x35, 0x38, 0xC7, 0x32, 0xAB, 0x3F, 0x0B, 0x6C, 0x96, 0x5A, 0xAD, 0xDA, 0xE9,
    0xA1, 0x83, 0xC8, 0xAE, 0x46, 0xE9, 0xD5, 0x28, 0xBF, 0x1A, 0x26, 0x58, 0xA3, 0x0C, 0x6B, 0x94,
    0x52, 0x0D, 0x73, 0x6B, 0xC0, 0xD0, 0xE1, 0x04, 0xF3, 0x42, 0xA9, 0x6C, 0x86, 0x32, 0x59, 0x0A,
    0xD5, 0x2B, 0xBB, 0x88, 0xE4, 0x91, 0x69, 0x44, 0x92, 0x46, 0xA5, 0x21, 0x34, 0x2C, 0x61, 0xCE,
    0x93, 0xAD, 0x25, 0xA1, 0x63, 0xC9, 0x49, 0xE1, 0xE9, 0x56, 0xC4, 0x9F, 0xC7, 0x11, 0x2F, 0x0A,
    0x35, 0xCB, 0xC7, 0x70, 0xF7, 0xBC, 0x0C, 0x5C, 0xD8, 0xF8, 0x97, 0xDA, 0x34, 0x40, 0xE4, 0xE2,
    0x44, 0x32, 0x4E, 0x84, 0xAE, 0x22, 0x1D, 0xC7, 0xF3, 0x71, 0x1C, 0xCF, 0xE9, 0x70, 0xBE, 0x30,
    0x1C, 0x9B, 0xC2, 0x0C, 0x4C, 0x70, 0xFC, 0xF8, 0xFC, 0xD8, 0x97, 0x98, 0x1B, 0xF9, 0xB6, 0x39,
    0xDE, 0x90, 0xCF, 0x5F, 0x7B, 0x47, 0x47, 0x49, 0x4C, 0x43, 0x6A, 0xC8, 0x0F, 0xBE, 0xE6, 0xEE,
    0xCC, 0x95, 0xB8, 0x78, 0x57, 0xCB, 0xF8, 0xB6, 0xB9, 0x4D, 0xDA, 0x73, 0xA2, 0x4C, 0xF0, 0x33,
    0x1E, 0xB7, 0x87, 0x51, 0xC8, 0x6B, 0x70, 0xF1, 0xAE, 0x8E, 0x05, 0x46, 0x1B, 0x4F, 0x34, 0x19,
    0x1E, 0x66, 0x34, 0xA1, 0x06, 0x69, 0xC2, 0xC2, 0x93, 0x48, 0x57, 0x7C, 0x12, 0x56, 0xCD, 0xC1,
    0x1E, 0x8E, 0xD7, 0x16, 0xC8, 0x9F, 0x30, 0x2B, 0x27, 0xCC, 0x4F, 0x05, 0x50, 0xFA, 0x3B, 0x78,
    0xFB, 0xC2, 0xA9, 0xC1, 0xCE, 0x51, 0xB3, 0x14, 0x78, 0xA5, 0x20, 0x2E, 0x11, 0x69, 0x3F, 0x01,
    0x6D, 0x2B, 0x68, 0xFF, 0x4A, 0x46, 0x66, 0x15, 0x12, 0x0E, 0x6F, 0xF8, 0x16, 0xBB, 0xA3, 0xE8,
    0xF4, 0xE1, 0xBF, 0xAA, 0x9D, 0x7B, 0xD9, 0xEC, 0xB6, 0x16, 0xBC, 0x9B, 0x32, 0x5A, 0xCE, 0x05,
    0x73, 0xF8, 0x4F, 0xC0, 0x5B, 0xE1, 0x2D, 0xCF, 0xC2, 0xB7, 0x9E, 0x85, 0xBF, 0x0F, 0xA0, 0x7A,
    0x18, 0xDE, 0x16, 0x4E, 0xFB, 0x4C, 0x0B, 0x4A, 0x26, 0xE4, 0x5F, 0x33, 0x56, 0x44, 0xC8, 0x0B,
    0xF5, 0xE0, 0xC2, 0x3D, 0xFF, 0x35, 0xF7, 0x1E, 0x14, 0x43, 0xF3, 0x33, 0x61, 0xFE, 0xCA, 0x2F,
    0xBD, 0x24, 0x06, 0x33, 0xDB, 0x0A, 0x33, 0x78, 0x88, 0x96, 0x50, 0x5D, 0x28, 0x34, 0x46, 0x2F,
    0xEF, 0x61, 0xC8, 0x68, 0xB0, 0x42, 0x19, 0x5E, 0x3E, 0x33, 0x42, 0xD1, 0xEF, 0x9D, 0xE7, 0x46,
    0xA7, 0x7C, 0x64, 0x54, 0x17, 0x8F, 0x00, 0x87, 0x69, 0xE8, 0x01, 0xD5, 0xC8, 0xA8, 0x97, 0xB1,
    0xC2, 0x94, 0x20, 0x4F, 0xA9, 0x17, 0xCC, 0x30, 0x4F, 0x95, 0x73, 0x41, 0x6D, 0x8A, 0xB8, 0xEE,
    0x48, 0x88, 0x46, 0x3D, 0x08, 0x84, 0xC0, 0x75, 0x7D, 0x7B, 0x42, 0x26, 0xF8, 0x4D, 0xBA, 0xA4,
    0xD2, 0x65, 0x81, 0x54, 0x02, 0x3D, 0xE0, 0xFB, 0x51, 0x92, 0xEB, 0x07, 0x76, 0xBA, 0x5F, 0xA4,
    0x1C, 0x17, 0xF7, 0x34, 0xC2, 0x9B, 0x97, 0x5E, 0x6E, 0xF7, 0xBB, 0xFC, 0x79, 0xE4, 0xF4, 0x24,
    0x87, 0x8C, 0x8F, 0x7D, 0x0F, 0x74, 0xF0, 0xA1, 0x17, 0xCE, 0xCC, 0xB1, 0x91, 0x8F, 0x6E, 0x0F,
    0xE6, 0xC2, 0x81, 0x9B, 0x7C, 0xDC, 0xAD, 0x89, 0x78, 0xD8, 0xD1, 0xA8, 0xA3, 0x41, 0x47, 0x63,
    0x8E, 0x87, 0x1C, 0x8D, 0xB8, 0x4D, 0x10, 0x16, 0x21, 0xCE, 0xE9, 0x1C, 0x8A, 0x18, 0x14, 0xF1,
    0x47, 0x49, 0xAD, 0xD9, 0x4B, 0xE3, 0x69, 0x2C, 0xE4, 0x31, 0x2F, 0x72, 0xFA, 0xBC, 0x79, 0x46,
    0x7A, 0x79, 0x92, 0x90, 0xA0, 0x83, 0x26, 0x25, 0x6E, 0xE3, 0x6E, 0x38, 0xD4, 0x35, 0xE8, 0x13,
    0x35, 0xC2, 0xF8, 0x7E, 0x7D, 0x98, 0xA9, 0x19, 0x41, 0xF4, 0xC7, 0xF9, 0x70, 0x87, 0xA9, 0xCB,
    0x07, 0xBC, 0x1B, 0x8E, 0xC1, 0x34, 0x1F, 0x72, 0x30, 0x1A, 0xDC, 0x19, 0xEB, 0xAA, 0xC0, 0xE3,
    0xC3, 0xDE, 0x17, 0xEC, 0xE7, 0x7A, 0x8B, 0x6B, 0x2B, 0x49, 0x5D, 0x49, 0xFA, 0x4A, 0x52, 0x58,
    0xB2, 0xC6, 0x92, 0x54, 0x56, 0x2A, 0x11, 0x6E, 0xB8, 0x01, 0x2D, 0xA0, 0x87, 0x25, 0x45, 0x2C,
    0x69, 0xE2, 0x14, 0x0E, 0x4B, 0xC9, 0xB4, 0xDD, 0x71, 0x77, 0x38, 0xBE, 0x65, 0xEC, 0x8A, 0x89,
    0x14, 0x71, 0x5B, 0x57, 0xF6, 0xD5, 0x6E, 0x38, 0xFA, 0xDE, 0xA4, 0xCE, 0xB5, 0x94, 0xBE, 0xA8,
    0xE2, 0xA5, 0x46, 0xCF, 0x53, 0xE3, 0xE7, 0x99, 0x63, 0x91, 0x1E, 0x55, 0xE2, 0x38, 0xBE, 0xEE,
    0xF4, 0x0A, 0x2C, 0x5B, 0x26, 0x27, 0x00, 0x54, 0x1D, 0xE0, 0xE3, 0x1F, 0x6B, 0x31, 0xDE, 0xD0,
    0xF0, 0x1D, 0xCE, 0x25, 0x23, 0x98, 0x15, 0xFC, 0xBA, 0x5A, 0x9E, 0xCF, 0x62, 0xC4, 0xF9, 0x4A,
    0xBC, 0xB5, 0xEB, 0x60, 0xBC, 0xF9, 0x68, 0xBC, 0x33, 0xD1, 0x78, 0x67, 0xA2, 0xF1, 0xE6, 0xAF,
    0x4B, 0x1E, 0x5D, 0x32, 0xCE, 0x57, 0x85, 0x47, 0x61, 0xA8, 0x90, 0xE8, 0x75, 0x5C, 0x70, 0xD2,
    0x2E, 0xEA, 0x39, 0xF8, 0x26, 0x19, 0xEF, 0x95, 0xC8, 0x06, 0x8D, 0xEF, 0xA9, 0xB8, 0x5F, 0x0A,
    0xEC, 0x98, 0x00, 0x53, 0xC2, 0xF2, 0xF4, 0x42, 0xC6, 0x0F, 0xAD, 0x90, 0x41, 0x4B, 0x2F, 0x05,
    0x42, 0xEB, 0xD1, 0xB4, 0x80, 0xCF, 0xC7, 0x3E, 0x42, 0x49, 0x4B, 0x9F, 0x8F, 0xFE, 0xB8, 0xEE,
    0xA0, 0x01, 0xE3, 0xD1, 0x66, 0xF0, 0xA4, 0x05, 0x63, 0x0E, 0xA7, 0xC0, 0x2B, 0x92, 0xEF, 0xBA,
    0x17, 0xBB, 0x7E, 0x48, 0x05, 0xE5, 0xC3, 0x5F, 0x49, 0xD8, 0x1D, 0xD9, 0xF0, 0xC8, 0x96, 0x27,
    0x61, 0x7A, 0x64, 0xDB, 0x93, 0x4A, 0x91, 0x1B, 0x75, 0x5C, 0x17, 0xB0, 0xAB, 0xB2, 0x61, 0x95,
    0x2D, 0x6B, 0x0A, 0xD7, 0x93, 0x8B, 0x0A, 0x24, 0x7F, 0x23, 0xD1, 0xBF, 0xD0, 0xBA, 0xB6, 0x1B,
    0x9E, 0xCE, 0x37, 0xE9, 0xF3, 0x3A, 0xC8, 0xA1, 0x2A, 0xD5, 0x9E, 0xA4, 0xCF, 0xA4, 0xD6, 0x9E,
    0xE6, 0xE6, 0xD2, 0xBA, 0x74, 0x41, 0x21, 0x5C, 0x76, 0xBE, 0x02, 0x49, 0x3C, 0x1B, 0x7A, 0xE4,
    0xCB, 0xEF, 0x14, 0xCB, 0xD1, 0x47, 0x18, 0x4D, 0xAC, 0xB0, 0xBE, 0x5C, 0x0D, 0x4C, 0xAA, 0x3D,
    0x19, 0x34, 0x60, 0x17, 0x34, 0x87, 0xD5, 0x9E, 0x0A, 0x27, 0x3D, 0xD0, 0xA9, 0x0C, 0x65, 0x42,
    0x0B, 0x03, 0xF2, 0x0C, 0x2B, 0x43, 0x69, 0x3E, 0x86, 0xED, 0x39, 0x1B, 0xFF, 0x68, 0xD5, 0x49,
    0xF5, 0x2B, 0xD5, 0x33, 0xF8, 0x47, 0xCB, 0xD3, 0x0B, 0xAC, 0xF6, 0xD4, 0xA4, 0x3B, 0xEB, 0x81,
    0x5F, 0xF5, 0xEB, 0x1E, 0x6C, 0x88, 0x8D, 0xC7, 0x78, 0x6C, 0x6F, 0xA6, 0xE5, 0x6E, 0x74, 0xC1,
    0x4C, 0x3C, 0xEA, 0x71, 0x48, 0x31, 0x52, 0x6C, 0x81, 0x7B, 0x48, 0x96, 0x59, 0xE8, 0xB2, 0x23,
    0x53, 0x14, 0x84, 0xB1, 0xC3, 0x98, 0xB4, 0xD4, 0x7E, 0xD4, 0xBC, 0x71, 0x89, 0x9A, 0x46, 0xA8,
    0xE9, 0xD4, 0xEE, 0xB5, 0x23, 0x6A, 0x3E, 0x26, 0xAA, 0x1F, 0x13, 0xD5, 0x8F, 0x89, 0x5A, 0xBE,
    0x49, 0xD4, 0xCB, 0x93, 0xD4, 0x28, 0xE4, 0x55, 0xFC, 0xF9, 0x19, 0xF4, 0xCE, 0x68, 0xBE, 0x18,
    0xDB, 0xE3, 0x5E, 0x78, 0x87, 0x4E, 0x69, 0xC5, 0xA1, 0x82, 0x27, 0x3F, 0x1E, 0xD6, 0xC9, 0x74,
    0x5E, 0xAF, 0x42, 0x32, 0x94, 0xB8, 0x06, 0xD3, 0x1C, 0x68, 0x21, 0xCB, 0x76, 0xC2, 0x34, 0x7D,
    0xC5, 0x45, 0xB7, 0x71, 0x7C, 0xBE, 0xEA, 0xE6, 0x5C, 0x3C, 0xDF, 0x00, 0x5F, 0xF1, 0x0C, 0x0F,
    0xD5, 0x2F, 0xB6, 0x8A, 0x37, 0x32, 0x87, 0xEF, 0xA0, 0x32, 0x56, 0xDD, 0x0D, 0xA5, 0x8D, 0xAD,
    0x6D, 0x4D, 0xFC, 0x73, 0xC6, 0xC5, 0x42, 0xC8, 0xC0, 0x9A, 0xA1, 0xE5, 0xD0, 0x99, 0x56, 0xAE,
    0x85, 0x37, 0xB8, 0x75, 0x1E, 0xA9, 0x66, 0x52, 0x08, 0x35, 0x9E, 0x92, 0x14, 0x88, 0x69, 0xB7,
    0x3E, 0x2E, 0x97, 0xA7, 0xF4, 0x72, 0xE6, 0x42, 0x2E, 0xEB, 0x8E, 0x79, 0x34, 0xF3, 0xDB, 0xF5,
    0x6B, 0xEE, 0x8F, 0xC4, 0xA7, 0x73, 0x21, 0xBD, 0x24, 0x72, 0x29, 0x66, 0xAC, 0x1C, 0x78, 0xED,
    0x1F, 0x69, 0x92, 0x0B, 0x49, 0x95, 0xA1, 0x45, 0x07, 0xBB, 0xA8, 0x46, 0xE6, 0x20, 0xFE, 0xD3,
    0x54, 0xA9, 0xA6, 0xE2, 0x29, 0xD2, 0x87, 0x72, 0x11, 0x3E, 0xEB, 0x28, 0x3E, 0xFB, 0xC3, 0x4E,
    0xF3, 0x2E, 0xFC, 0xDB, 0xE6, 0x10, 0xC3, 0x69, 0xA1, 0x81, 0x0D, 0xDA, 0x8F, 0x5B, 0x99, 0x20,
    0xD3, 0x92, 0x96, 0xB1, 0x86, 0xDF, 0xE6, 0x81, 0xE3, 0xA1, 0x99, 0x89, 0xBE, 0x0A, 0xE5, 0x86,
    0x9D, 0xF0, 0x92, 0x75, 0xED, 0x46, 0x65, 0xF1, 0xA0, 0xDA, 0x7D, 0x3A, 0x5C, 0x49, 0x51, 0x0F,
    0x04, 0xF7, 0xF4, 0x56, 0xDD, 0xE6, 0x48, 0x16, 0x1C, 0x44, 0x91, 0x61, 0x79, 0x9C, 0x70, 0x24,
    0x34, 0xD1, 0xA2, 0xAB, 0x2E, 0xE1, 0xD9, 0x20, 0x7B, 0xEE, 0x10, 0xA2, 0x73, 0x28, 0xBD, 0x78,
    0xB9, 0xD2, 0xDC, 0xD6, 0xDA, 0x03, 0x4A, 0xDD, 0x24, 0x54, 0x5F, 0x60, 0xB3, 0x97, 0x70, 0xA5,
    0x20, 0xC2, 0xE5, 0xC8, 0x76, 0xDE, 0x7F, 0x87, 0x8C, 0x6D, 0x84, 0x6E, 0x8C, 0x6F, 0x8C, 0x70,
    0x8C, 0xF1, 0x3C, 0x94, 0xA5, 0x15, 0xC6, 0xF1, 0xAA, 0x88, 0xD8, 0x62, 0x28, 0x17, 0xB4, 0xF7,
    0x8B, 0x6F, 0xBC, 0x52, 0x6D, 0x2E, 0xBD, 0x0B, 0x17, 0xED, 0xFA, 0x97, 0xD4, 0x0D, 0x2B, 0x77,
    0x52, 0xE9, 0x4E, 0xAA, 0xDD, 0x49, 0xC5, 0x3B, 0xA9, 0x7A, 0xC7, 0xCA, 0x77, 0x10, 0xD7, 0xEF,
    0x20, 0x2E, 0xE0, 0x41, 0x54, 0xC1, 0x6B, 0x95, 0xE3, 0x3C, 0x5E, 0x2B, 0xAA, 0xE1, 0x65, 0x9A,
    0x57, 0x3F, 0x8F, 0x77, 0x93, 0x66, 0x6F, 0x48, 0xEE, 0xB3, 0x2B, 0xBA, 0x77, 0x35, 0x10, 0x82,
    0xAD, 0xB4, 0xB6, 0x09, 0xA2, 0xE2, 0x6C, 0xF2, 0xA3, 0xE4, 0x70, 0x88, 0xCE, 0x5C, 0xC4, 0x93,
    0xD2, 0x66, 0x47, 0xD0, 0x22, 0x77, 0xD6, 0x12, 0xA4, 0xD0, 0x18, 0x59, 0x58, 0x46, 0x22, 0x38,
    0x63, 0x0A, 0x42, 0x4C, 0x85, 0x39, 0xE0, 0xD3, 0x4A, 0xDD, 0xBB, 0x9A, 0x19, 0x89, 0xC5, 0x8D,
    0xFD, 0x15, 0xE5, 0x53, 0x24, 0x1F, 0x30, 0xA5, 0x97, 0xBF, 0x90, 0x90, 0x2C, 0x72, 0xAA, 0xBD,
    0x79, 0x47, 0x7E, 0x65, 0xF9, 0xB7, 0xC4, 0xEB, 0x28, 0xCC, 0xF7, 0xC2, 0xA9, 0xDC, 0xB3, 0x0B,
    0xE2, 0x7A, 0xCF, 0x38, 0x48, 0x05, 0x1F, 0x90, 0x2A, 0x3E, 0x10, 0x97, 0x7C, 0x8E, 0x43, 0x5C,
    0xF3, 0x09, 0x26, 0x62, 0xC5, 0xF7, 0xF3, 0x56, 0x5C, 0xF5, 0xD9, 0x28, 0xAB, 0xBE, 0x6B, 0x9C,
    0x1F, 0xB8, 0x51, 0xC7, 0x75, 0xF9, 0xF9, 0x37, 0xA9, 0x76, 0x28, 0x17, 0x0F, 0xA5, 0x40, 0x21,
    0xB9, 0xCE, 0x2D, 0x2E, 0x1A, 0x26, 0xFA, 0xC9, 0x0A, 0xE2, 0x9B, 0x80, 0xFE, 0x37, 0xE9, 0xF6,
    0x46, 0xCA, 0x6D, 0x1C, 0x8A, 0xC6, 0x05, 0x12, 0xB9, 0x42, 0x22, 0x97, 0x48, 0xE4, 0x1A, 0x09,
    0x2D, 0x44, 0x0E, 0xAB, 0x24, 0x78, 0x71, 0x58, 0x26, 0x79, 0xC1, 0x8C, 0xEA, 0x24, 0x99, 0x33,
    0x51, 0xA1, 0x44, 0x0B, 0x9C, 0xA8, 0x52, 0x52, 0x77, 0xAE, 0x81, 0x7F, 0x76, 0x63, 0x8C, 0xE2,
    0x2A, 0x56, 0xD8, 0xAF, 0x13, 0x3A, 0xE4, 0x63, 0x3A, 0xF8, 0x11, 0x1D, 0x78, 0x96, 0x83, 0xD3,
    0xA1, 0xBC, 0x18, 0xB8, 0x79, 0x79, 0xA3, 0xB8, 0x72, 0x6E, 0xA6, 0xAF, 0x46, 0xD9, 0x9D, 0xAE,
    0x3A, 0x2F, 0x5C, 0xFD, 0x5C, 0xD4, 0xF3, 0xE2, 0x26, 0x1D, 0xAE, 0x96, 0x44, 0xB5, 0x55, 0xAF,
    0xE4, 0xF2, 0x95, 0x54, 0xBF, 0x4A, 0x14, 0xB0, 0x12, 0x15, 0x2C, 0x51, 0xC2, 0x02, 0xB9, 0x86,
    0x05, 0x72, 0x11, 0x0B, 0xA4, 0x2A, 0xD6, 0xAC, 0x29, 0x95, 0xB1, 0x82, 0x86, 0x54, 0xC7, 0x1A,
    0xF3, 0xE5, 0x42, 0x56, 0xC2, 0x32, 0x26, 0x4C, 0x63, 0xC2, 0x36, 0x26, 0x8D, 0x63, 0xC2, 0x3A,
    0xA6, 0x53, 0xEA, 0xCD, 0x33, 0xD2, 0x0B, 0xFB, 0x02, 0x09, 0x67, 0x20, 0xE1, 0x0D, 0x2C, 0x10,
    0xBC, 0xC8, 0x8E, 0x54, 0xA2, 0x38, 0x9A, 0x00, 0x5E, 0x4B, 0xA9, 0xF4, 0xCD, 0xC5, 0x85, 0x9B,
    0x74, 0x7B, 0xC3, 0xA5, 0x57, 0x2A, 0x94, 0xCA, 0x95, 0x52, 0xB9, 0x54, 0x2A, 0x97, 0xF5, 0xE4,
    0x62, 0x5E, 0xA2, 0xCF, 0xAE, 0x29, 0x48, 0x7B, 0x9F, 0x45, 0xB5, 0x3D, 0x7C, 0x45, 0xC5, 0x3D,
    0xB6, 0x97, 0x93, 0xA8, 0xEE, 0xE5, 0x20, 0x2E, 0xEF, 0xE5, 0x40, 0xAA, 0xEF, 0x99, 0x89, 0x02,
    0x5F, 0x5C, 0xE1, 0xB3, 0x20, 0x2E, 0xF1, 0xD9, 0x52, 0x8D, 0xEF, 0x5C, 0x5C, 0xE4, 0x9B, 0x0B,
    0xEC, 0xA8, 0xCA, 0xE7, 0x16, 0x6C, 0xA9, 0x20, 0x2D, 0x57, 0xA4, 0xE5, 0x92, 0xB4, 0x5C, 0x93,
    0x96, 0x4B, 0x7D, 0x72, 0xAD, 0x4F, 0x2E, 0xF6, 0xC9, 0xD5, 0x3E, 0xB9, 0xDC, 0x97, 0xA8, 0xF7,
    0x25, 0x0A, 0x7E, 0xF3, 0x2A, 0x7E, 0x37, 0x3A, 0xCD, 0xD3, 0x69, 0x38, 0xBD, 0x40, 0xFF, 0xDA,
    0xD3, 0x5C, 0xAA, 0x5D, 0xCB, 0xC5, 0x6B, 0xB9, 0x7A, 0x3D, 0xAF, 0x7C, 0x7D, 0x93, 0xE6, 0x57,
    0x41, 0xCE, 0xE3, 0xD5, 0xDC, 0x8A, 0x9F, 0x56, 0x38, 0x89, 0xAB, 0xDB, 0x52, 0x79, 0x5B, 0xAA,
    0x6F, 0x27, 0x0A, 0xDC, 0xFC, 0xF5, 0xF1, 0x38, 0x95, 0xC1, 0x6B, 0xDC, 0xAA, 0x03, 0x61, 0x91,
    0x9B, 0xBA, 0xA2, 0xCA, 0xAD, 0x22, 0x89, 0x45, 0x99, 0x5B, 0x71, 0x81, 0xD5, 0xB9, 0x79, 0x2D,
    0x34, 0x2E, 0x74, 0x43, 0x54, 0xE9, 0x6E, 0x40, 0x54, 0xEA, 0x6E, 0x99, 0x51, 0xAD, 0x7B, 0x7B,
    0x23, 0x2C, 0x76, 0x37, 0x75, 0x3F, 0xAE, 0x76, 0x5F, 0x7C, 0x65, 0xC0, 0x78, 0x6A, 0x46, 0x46,
    0x22, 0x6D, 0x5C, 0xF4, 0x96, 0x6A, 0xDD, 0x72, 0x37, 0xAE, 0x7B, 0xCF, 0x5F, 0xAB, 0xB9, 0x23,
    0x85, 0xA4, 0xFE, 0x7C, 0xFD, 0x1E, 0x55, 0xBF, 0xE3, 0xF2, 0x77, 0x0A, 0x35, 0x23, 0x2B, 0xC3,
    0x49, 0xE9, 0x86, 0x8F, 0x56, 0x78, 0xD1, 0x71, 0x08, 0x76, 0x11, 0xB7, 0x78, 0x69, 0x99, 0x7A,
    0x51, 0x6D, 0x39, 0x2C, 0x2E, 0xFB, 0x84, 0x87, 0xD2, 0x50, 0x7C, 0xFA, 0x4E, 0xBD, 0x28, 0x2F,
    0xB7, 0xCA, 0x61, 0x7D, 0xF9, 0xC9, 0x06, 0x2F, 0x30, 0x23, 0x05, 0x1B, 0x52, 0x79, 0xF5, 0xCA,
    0x8B, 0xB6, 0x8B, 0x11, 0x67, 0x2A, 0x16, 0x4B, 0xD5, 0x62, 0xA9, 0x5C, 0x2C, 0xD5, 0x8B, 0xA5,
    0x82, 0xB1, 0x54, 0x31, 0x96, 0x4A, 0xC6, 0x52, 0xCD, 0x38, 0x2A, 0x1A, 0x9F, 0x81, 0xB0, 0x6A,
    0x4C, 0xD5, 0xE2, 0xB0, 0x6C, 0x5C, 0x77, 0xA4, 0xBA, 0xB1, 0x84, 0x7F, 0x3C, 0x00, 0x69, 0x04,
    0xD2, 0x10, 0xA4, 0x31, 0xA4, 0x10, 0x5E, 0xCE, 0x98, 0xD9, 0x69, 0x46, 0x4C, 0xB9, 0x98, 0xAB,
    0x72, 0x63, 0xD0, 0x21, 0xDE, 0x30, 0x22, 0xDE, 0x24, 0x22, 0x9E, 0xB6, 0xB1, 0x21, 0xF1, 0xFD,
    0xF9, 0xBD, 0x72, 0x59, 0x0E, 0xC4, 0xC3, 0x0F, 0xCD, 0xE4, 0xC2, 0x28, 0x7A, 0x3C, 0x17, 0x6E,
    0x47, 0x35, 0xCC, 0x37, 0xB3, 0xB2, 0x74, 0x6B, 0xBD, 0xD8, 0xFE, 0x2E, 0x63, 0x19, 0x6C, 0x4B,
    0x2B, 0x32, 0x13, 0x06, 0xDF, 0xE9, 0xD3, 0xCA, 0x99, 0x06, 0xDB, 0xD8, 0xCA, 0xB0, 0x0C, 0xD3,
    0xE0, 0xFB, 0x7D, 0x9E, 0xAA, 0x9E, 0xDA, 0xCD, 0xB7, 0xFC, 0x64, 0xC6, 0x82, 0x76, 0xB8, 0x72,
    0xEB, 0x5E, 0xDD, 0x4D, 0x77, 0x1E, 0x53, 0x58, 0x9A, 0x59, 0x70, 0x09, 0xC4, 0x8D, 0x32, 0xF2,
    0xE4, 0x38, 0xCC, 0x70, 0x1C, 0x22, 0x3A, 0xC0, 0x71, 0x88, 0x18, 0x84, 0xB0, 0x37, 0xAF, 0xE3,
    0x71, 0xEC, 0x48, 0x29, 0x35, 0x36, 0x52, 0x0C, 0x42, 0xB4, 0x23, 0x4B, 0xBC, 0x21, 0x8B, 0x1C,
    0x0E, 0x28, 0x56, 0xB8, 0xAF, 0x01, 0x9A, 0x4D, 0xB1, 0xB3, 0x01, 0xED, 0x5F, 0x10, 0x84, 0xF1,
    0x98, 0xD8, 0x8A, 0x45, 0xF1, 0xE2, 0x9D, 0x58, 0xE2, 0x8D, 0x58, 0xA2, 0x7D, 0x58, 0xBC, 0x68,
    0x1B, 0x16, 0x2F, 0xDA, 0x85, 0xC5, 0x8B, 0x36, 0x61, 0xB1, 0xA3, 0x3D, 0x58, 0x20, 0x75, 0xB7,
    0x03, 0xB1, 0x95, 0xC1, 0x8A, 0x68, 0x37, 0x83, 0x99, 0x68, 0x43, 0x83, 0xE1, 0x68, 0xEF, 0x94,
    0x91, 0x68, 0xEB, 0x94, 0x42, 0xB4, 0x73, 0x8A, 0x11, 0x6F, 0x9C, 0x12, 0xEF, 0x9B, 0xC2, 0xB7,
    0x7D, 0x60, 0xBD, 0x70, 0xD7, 0x94, 0x3D, 0xF1, 0xA6, 0x29, 0x10, 0xED, 0x99, 0x02, 0xF1, 0x96,
    0x29, 0xF1, 0x8E, 0x29, 0xF1, 0x86, 0x29, 0xD2, 0x7E, 0x29, 0xF1, 0x76, 0x29, 0xD2, 0x6E, 0x29,
    0xE5, 0x8B, 0x4F, 0x0F, 0x6B, 0xFE, 0xF4, 0x88, 0xB7, 0x8E, 0x89, 0x7B, 0xEC, 0xDD, 0x45, 0x4F,
    0x83, 0x68, 0xA3, 0x99, 0x94, 0x8E, 0x7B, 0xF1, 0x8E, 0x3A, 0xBF, 0x13, 0xEE, 0xCA, 0xA2, 0x7A,
    0xCA, 0x11, 0x93, 0x84, 0x53, 0xF5, 0x8C, 0x80, 0xC9, 0xA6, 0xEA, 0xD5, 0x5F, 0x66, 0xBB, 0x74,
    0xAA, 0xFF, 0x37, 0x47, 0xF2, 0xA7, 0xDB, 0x2A, 0x3A, 0xA7, 0x6C, 0xAF, 0x4E, 0x05, 0x9D, 0xC2,
    0x61, 0xB6, 0xBB, 0x23, 0xCE, 0x8B, 0x71, 0xB1, 0xBF, 0xAB, 0xCA, 0xF6, 0x21, 0xBE, 0xEB, 0xCC,
    0x68, 0xDD, 0x0D, 0x77, 0x77, 0x34, 0x99, 0x4C, 0x06, 0xB4, 0x1D, 0x5F, 0x24, 0x92, 0x92, 0x23,
    0x1B, 0xCD, 0xE9, 0x35, 0x00, 0xD1, 0xAC, 0xC6, 0x7E, 0x34, 0xAF, 0x99, 0xDF, 0x16, 0xCF, 0xEC,
    0x68, 0x6E, 0x33, 0xB7, 0x3F, 0x9C, 0xDD, 0x26, 0xC4, 0xF3, 0xDB, 0x86, 0x68, 0x86, 0xD7, 0xCF,
    0x41, 0x34, 0xC7, 0x67, 0x03, 0x2B, 0x9E, 0xE5, 0x55, 0x6B, 0xE1, 0x50, 0x1F, 0x52, 0x4D, 0x70,
    0xA2, 0xAF, 0xA4, 0x27, 0x4F, 0xAE, 0x8B, 0xB1, 0x48, 0xF8, 0xA8, 0x57, 0xF0, 0x9D, 0x82, 0xEB,
    0x94, 0x47, 0x5D, 0x72, 0x68, 0x6F, 0xA5, 0xBA, 0xF4, 0x89, 0x30, 0xD3, 0xF7, 0xD3, 0xFB, 0xE5,
    0xF2, 0xE2, 0x18, 0xEF, 0xE5, 0xC9, 0xE4, 0x9B, 0x93, 0x56, 0xF3, 0xC7, 0x6B, 0xC6, 0xE3, 0x8D,
    0xFD, 0x0E, 0x90, 0x3D, 0x8F, 0xF9, 0xBE, 0xC7, 0x22, 0x19, 0x6F, 0xA4, 0xF3, 0xD3, 0x7B, 0xEE,
    0x6B, 0xEB, 0xA9, 0x69, 0x3D, 0xA1, 0x29, 0x42, 0x7B, 0x10, 0x1B, 0x84, 0xD8, 0x22, 0xC4, 0x26,
    0x21, 0xB2, 0x09, 0x10, 0x19, 0x05, 0x88, 0xAC, 0x02, 0x44, 0x66, 0x01, 0x42, 0xBB, 0x30, 0x5B,
    0x0E, 0x0D, 0x83, 0xD8, 0x11, 0x0B, 0x2D, 0x83, 0xD1, 0xB6, 0x61, 0xDC, 0x25, 0x8C, 0xCD, 0x0C,
    0x7B, 0xAA, 0xD7, 0xDE, 0x53, 0xA3, 0x77, 0xAF, 0xA7, 0xB1, 0xC1, 0x2E, 0x18, 0xF3, 0x8F, 0x36,
    0xA1, 0x61, 0xEE, 0x6A, 0x8C, 0xF9, 0x8D, 0x26, 0x4C, 0x9B, 0x94, 0xF2, 0x98, 0x66, 0x7E, 0x48,
    0xF4, 0x6F, 0x7C, 0xDE, 0x3F, 0xF4, 0x4D, 0x4A, 0x5F, 0x06, 0x23, 0x08, 0xF3, 0x32, 0xF4, 0x7A,
    0x00, 0x0A, 0x8D, 0xA3, 0xC7, 0xD1, 0x17, 0x7C, 0xA0, 0x51, 0x68, 0x34, 0x8E, 0xB3, 0xDD, 0xC8,
    0x40, 0xDC, 0x6D, 0xFE, 0x3D, 0x53, 0x6F, 0xCB, 0x32, 0x3E, 0x3E, 0xDB, 0xAF, 0xCA, 0xA6, 0x30,
    0x13, 0xE7, 0x4A, 0x81, 0xA5, 0xD1, 0x47, 0x00, 0x8E, 0x81, 0x72, 0x00, 0xD4, 0xCD, 0x48, 0x19,
    0xEF, 0x9E, 0xCD, 0x2B, 0xEE, 0xD1, 0xB2, 0xEF, 0xFE, 0xDC, 0x7D, 0x99, 0x6F, 0x4E, 0xE0, 0x19,
    0x78, 0x89, 0x21, 0x34, 0xC2, 0xBE, 0x42, 0x82, 0xC2, 0x4C, 0x5F, 0x89, 0xB0, 0xE9, 0x26, 0x14,
    0xFC, 0xDF, 0xD7, 0xCF, 0x97, 0xC6, 0x99, 0x6C, 0xD3, 0x63, 0xDA, 0x31, 0x4C, 0xFC, 0xB2, 0x07,
    0x21, 0x37, 0x07, 0xCA, 0x7E, 0x71, 0xCF, 0xDF, 0xDA, 0x9F, 0xFD, 0xE8, 0xA6, 0xEC, 0xEF, 0x3C,
    0x2F, 0xDD, 0xB3, 0x41, 0x97, 0x29, 0x6C, 0xE3, 0x3A, 0xBE, 0xF6, 0x9E, 0xA3, 0xD3, 0xDF, 0xAE,
    0xE1, 0xD4, 0xB4, 0x54, 0xEF, 0xDA, 0x28, 0xAB, 0x55, 0x89, 0x62, 0x61, 0xCF, 0x11, 0x1A, 0x72,
    0x29, 0x84, 0x3D, 0xC5, 0x72, 0x79, 0xAF, 0x5B, 0xB5, 0x45, 0xAF, 0xA0, 0xDA, 0x93, 0x7C, 0xF3,
    0xE1, 0x40, 0x11, 0x3D, 0x6D, 0x4B, 0xD8, 0xEB, 0xD6, 0xC3, 0x9E, 0x7E, 0x50, 0x89, 0xAE, 0xDB,
    0xE4, 0xB0, 0x5E, 0x0D, 0x23, 0xE2, 0xBA, 0xED, 0xF0, 0x9D, 0xED, 0x96, 0x75, 0x92, 0xC0, 0xAD,
    0xA7, 0x1D, 0x73, 0x8F, 0xAA, 0xE8, 0xEB, 0x57, 0x10, 0x0F, 0xED, 0x17, 0xEA, 0x71, 0xE8, 0xA9,
    0x61, 0x4F, 0xEF, 0x06, 0xD5, 0xEF, 0x1E, 0xC1, 0xEB, 0x7A, 0x75, 0xD0, 0x5D, 0xBD, 0xEB, 0x29,
    0x7C, 0xF0, 0x81, 0x53, 0xC7, 0x40, 0xA7, 0x65, 0xC2, 0x5E, 0x0B, 0x27, 0x7B, 0x26, 0x1A, 0x4B,
    0x8F, 0x24, 0x2E, 0xF3, 0x27, 0x6D, 0xAA, 0x8D, 0xB0, 0x2F, 0x00, 0x25, 0xED, 0xFD, 0x07, 0x65,
    0xA0, 0xF3, 0x6F, 0x8B, 0x45, 0x69, 0xE6, 0x4D, 0x0C, 0x56, 0xE4, 0xCF, 0x49, 0x90, 0x62, 0x4E,
    0x0E, 0xC6, 0x57, 0x6A, 0x96, 0x0C, 0x95, 0x12, 0xD0, 0x8B, 0x32, 0xA4, 0xEE, 0xB3, 0x27, 0x87,
    0x62, 0xE8, 0x19, 0xBB, 0x16, 0x43, 0x10, 0x24, 0xA0, 0xCE, 0xF3, 0xAD, 0xA3, 0x83, 0x52, 0x1A,
    0x6F, 0xEB, 0xC4, 0x5A, 0xD0, 0x08, 0xF5, 0xDA, 0x0A, 0xC9, 0xC6, 0xE9, 0xDE, 0x0A, 0x25, 0xDE,
    0xFA, 0x11, 0xA9, 0xAD, 0x7D, 0x99, 0xDB, 0x42, 0x97, 0x28, 0xDE, 0xA1, 0x8B, 0x5A, 0xFC, 0xAE,
    0x0C, 0xD4, 0x2A, 0x3D, 0x0C, 0x52, 0xF7, 0x3A, 0x7D, 0x1A, 0x8C, 0x78, 0x59, 0xCD, 0x5A, 0x4A,
    0x9C, 0x35, 0x07, 0x34, 0xB3, 0xEB, 0xA9, 0x07, 0x37, 0x06, 0x8F, 0xC3, 0xC8, 0xB6, 0xFF, 0x80,
    0xA3, 0xF8, 0x0C, 0xE3, 0x95, 0xE0, 0x74, 0x16, 0x95, 0x41, 0x3D, 0x70, 0x34, 0x4E, 0xAC, 0x2C,
    0xA8, 0x96, 0x52, 0x0E, 0x59, 0x82, 0x7E, 0x3E, 0x9D, 0x1E, 0x10, 0x83, 0x7F, 0xE9, 0x98, 0x9C,
    0x68, 0xBD, 0x7F, 0x02, 0xA4, 0xAF, 0x91, 0x24, 0x5F, 0xEF, 0x4A, 0x9C, 0x7E, 0xEB, 0x85, 0x1C,
    0xAE, 0x6C, 0x12, 0x5C, 0xD2, 0xB6, 0x60, 0x20, 0x79, 0xFF, 0x8E, 0x24, 0x83, 0xEF, 0x3F, 0xB1,
    0x59, 0x06, 0xDF, 0xA3, 0x25, 0xC0, 0xCE, 0x04, 0xB8, 0xAC, 0x3B, 0x01, 0xEE, 0x4A, 0x80, 0x5A,
    0xA3, 0x5B, 0xDB, 0x1F, 0x83, 0xBD, 0x03, 0x19, 0x55, 0x02, 0xFB, 0xFB, 0x10, 0x34, 0xA3, 0x88,
    0xE4, 0x9D, 0x03, 0x7A, 0x08, 0x92, 0xD0, 0xE7, 0xE6, 0x32, 0x32, 0x08, 0xB9, 0xA9, 0x97, 0x37,
    0x73, 0x90, 0x49, 0x91, 0x7A, 0xE8, 0xB0, 0x4A, 0x82, 0xC3, 0x40, 0x79, 0x74, 0x15, 0x65, 0x62,
    0x89, 0x94, 0x2D, 0xAA, 0xE8, 0x38, 0xAB, 0x7E, 0xC8, 0x43, 0x25, 0xE2, 0x69, 0xEF, 0xA0, 0xC2,
    0x79, 0x62, 0x8E, 0x8C, 0xEB, 0x50, 0xE9, 0x1B, 0xEC, 0x66, 0xA0, 0x62, 0xBB, 0xC8, 0xD0, 0x62,
    0x7F, 0xA5, 0x57, 0xB5, 0x6F, 0xC7, 0xBB, 0x9F, 0xB0, 0xB2, 0xAA, 0x35, 0x34, 0x72, 0x6E, 0x6C,
    0x63, 0xF0, 0x3D, 0x58, 0x7F, 0xD7, 0x4F, 0x60, 0x97, 0x62, 0x1B, 0xAD, 0xFA, 0xAF, 0x82, 0xD3,
    0x3D, 0xA0, 0x37, 0xAB, 0x81, 0xA3, 0x5A, 0x30, 0x90, 0x65, 0x35, 0x4A, 0xC5, 0x46, 0xF4, 0x51,
    0x34, 0x56, 0x13, 0x98, 0x01, 0xDD, 0xE2, 0x26, 0x3C, 0x43, 0x01, 0xBE, 0x76, 0xFE, 0x78, 0x98,
    0xF2, 0x2D, 0x47, 0xCC, 0x85, 0x85, 0x5C, 0xB3, 0xDF, 0x4C, 0xBE, 0xF1, 0x1B, 0xE6, 0x82, 0x6E,
    0x5B, 0xBB, 0x83, 0x92, 0x06, 0xB7, 0xFB, 0xE5, 0x6F, 0x6D, 0x73, 0x44, 0x7E, 0xEF, 0x99, 0xFD,
    0x89, 0x2B, 0x96, 0xA9, 0x27, 0x12, 0xB0, 0x86, 0x44, 0x90, 0xC0, 0x3E, 0x5D, 0x49, 0xC0, 0xE3,
    0x9A, 0xF2, 0x8C, 0x04, 0x6B, 0xBF, 0x48, 0xC2, 0xBD, 0xD9, 0x24, 0xDC, 0xD7, 0x06, 0xE7, 0x3E,
    0xA9, 0x6D, 0x94, 0x61, 0xB5, 0xA5, 0xEF, 0x95, 0x61, 0xB4, 0x4C, 0xC1, 0x26, 0x4B, 0x30, 0x1B,
    0xDF, 0x36, 0xA1, 0xBC, 0x2C, 0x2A, 0x0F, 0x41, 0xBF, 0x6A, 0x1A, 0xB1, 0xCC, 0x1E, 0xA5, 0xDF,
    0x59, 0xFA, 0x53, 0x9E, 0x57, 0xC6, 0xB9, 0xA4, 0xFF, 0x42, 0xFD, 0x3E, 0x98, 0x4C, 0xC1, 0xE5,
    0x33, 0x07, 0xC1, 0xE9, 0xED, 0xD1, 0xB6, 0x22, 0x7F, 0x09, 0x1E, 0xDC, 0xA0, 0x59, 0xB5, 0x11,
    0x5D, 0xEF, 0x51, 0xED, 0x9D, 0x79, 0xBA, 0x7B, 0x4D, 0x33, 0x8B, 0x0F, 0x1F, 0x38, 0xB8, 0x7B,
    0x8B, 0x53, 0x38, 0x67, 0xEB, 0xA7, 0xCE, 0x63, 0x5C, 0x5E, 0xFC, 0x56, 0x2B, 0x98, 0x6A, 0x55,
    0x5B, 0x1B, 0x6D, 0xA8, 0x7F, 0x01, 0x7D, 0xB2, 0xCA, 0x24, 0xE8, 0xF8, 0x78, 0xE2, 0xF3, 0x20,
    0x2C, 0x07, 0x70, 0x2B, 0xA0, 0xED, 0x23, 0x4C, 0x5D, 0x26, 0x98, 0x9A, 0x5D, 0xE1, 0xBF, 0xC6,
    0x00, 0x7B, 0xA6, 0x6C, 0x56, 0x2F, 0x28, 0x8A, 0x15, 0x3B, 0xDD, 0xDF, 0xE0, 0x08, 0x0F, 0xB6,
    0xF1, 0xA5, 0x3F, 0x64, 0x58, 0xB1, 0x8D, 0x81, 0x6B, 0x93, 0xB0, 0x75, 0x61, 0xA5, 0x9C, 0x76,
    0xE2, 0xF7, 0xDB, 0xE0, 0xCE, 0x7F, 0xCE, 0x27, 0x17, 0xB2, 0x77, 0xF9, 0xC5, 0x4A, 0x9B, 0x54,
    0xB5, 0x9D, 0x00, 0x27, 0x79, 0x42, 0x33, 0xDB, 0x4E, 0x14, 0x4C, 0x27, 0xA1, 0xD6, 0xE1, 0x15,
    0xCB, 0x4D, 0x9C, 0x50, 0xF7, 0xB5, 0x9D, 0xD0, 0x36, 0xC5, 0x3A, 0x9C, 0x09, 0xA1, 0xFA, 0x6A,
    0x7C, 0x82, 0x6F, 0x09, 0x7F, 0xFF, 0x49, 0x7F, 0x67, 0xE2, 0x04, 0xD4, 0x9F, 0x74, 0xC5, 0x89,
    0x24, 0x7E, 0xB5, 0x50, 0x01, 0x98, 0x71, 0xC1, 0xB0, 0xC2, 0x45, 0x22, 0xFA, 0x81, 0x09, 0x54,
    0x02, 0x93, 0x49, 0x99, 0xA8, 0xE8, 0xD3, 0x49, 0xA1, 0xA8, 0xF4, 0x64, 0xB5, 0x0F, 0x08, 0xA9,
    0x28, 0x6E, 0xD0, 0xCC, 0x5A, 0x71, 0x75, 0x77, 0x52, 0x2C, 0x86, 0xAA, 0x5B, 0xB7, 0x1E, 0xDB,
    0xE2, 0x94, 0x7E, 0x19, 0xCA, 0x85, 0xF1, 0x22, 0x17, 0x8C, 0x4D, 0xB6, 0xC2, 0x05, 0x03, 0x6F,
    0xA5, 0x93, 0xF6, 0x50, 0x85, 0x64, 0xB0, 0x2D, 0x75, 0xF7, 0x91, 0xA8, 0x38, 0x42, 0x34, 0x40,
    0xFC, 0x52, 0x07, 0x1C, 0x67, 0xB2, 0x31, 0x22, 0x72, 0x90, 0x24, 0x1C, 0x87, 0x12, 0x5E, 0x46,
    0x5A, 0x00, 0xB2, 0xE3, 0xC2, 0x27, 0xB2, 0x17, 0x51, 0xF9, 0xF3, 0x94, 0x3E, 0xEA, 0xF9, 0x76,
    0x91, 0x7A, 0x7C, 0x5F, 0x5B, 0x95, 0xE9, 0xCF, 0x34, 0xBD, 0x3D, 0x34, 0x48, 0x9E, 0xC8, 0xF7,
    0xB4, 0x9D, 0x18, 0x6C, 0x3B, 0xA1, 0xFA, 0x3D, 0xDA, 0x16, 0xF9, 0x44, 0xEF, 0xAE, 0xB6, 0x13,
    0x43, 0x43, 0xBD, 0x6D, 0x27, 0xFA, 0xDB, 0x4E, 0x18, 0x8D, 0xB6, 0x13, 0xCA, 0x83, 0xDB, 0x0F,
    0x6A, 0x89, 0xC7, 0x66, 0x66, 0x9B, 0x5A, 0x1A, 0xD5, 0x98, 0x36, 0xAF, 0xF0, 0x94, 0x5C, 0xAC,
    0x36, 0xF3, 0xE8, 0xA8, 0xAD, 0x80, 0x66, 0xE2, 0x06, 0x9E, 0x6C, 0xEB, 0x51, 0x5B, 0xF6, 0x14,
    0x65, 0x73, 0x8F, 0x5E, 0xFD, 0x40, 0x51, 0xB6, 0xF8, 0x6B, 0xA1, 0x32, 0x58, 0x43, 0x1B, 0x81,
    0xD6, 0x41, 0x3B, 0x60, 0xF6, 0x69, 0x66, 0x05, 0x1E, 0x79, 0xEF, 0x69, 0xD9, 0xEE, 0xD7, 0xA0,
    0xD4, 0xAA, 0x33, 0xD3, 0xAF, 0x73, 0xD3, 0x5F, 0xC3, 0x8F, 0xF4, 0x31, 0xFF, 0x4B, 0x58, 0xFF,
    0x9D, 0xE0, 0x0E, 0xF4, 0xC9, 0x0E, 0x40, 0x61, 0xCA, 0x62, 0x3F, 0x1B, 0x18, 0xF9, 0x00, 0xEA,
    0x61, 0x50, 0xCA, 0x17, 0x73, 0x03, 0xD2, 0x9C, 0x01, 0x52, 0xF0, 0xED, 0x27, 0x96, 0x8B, 0xF6,
    0xED, 0x54, 0x99, 0x24, 0x3A, 0xAC, 0xD8, 0x91, 0x05, 0x74, 0x14, 0x97, 0x62, 0xFB, 0xEB, 0xF8,
    0xD0, 0xA5, 0x2B, 0x3E, 0xFA, 0x79, 0x94, 0xC0, 0x42, 0xE7, 0x8A, 0x4F, 0x64, 0xD7, 0x42, 0xF9,
    0x9E, 0xDB, 0xE9, 0xBC, 0xFE, 0x8D, 0x7B, 0xDF, 0xBF, 0x64, 0x6D, 0xF6, 0xB6, 0x6C, 0x76, 0xE5,
    0x93, 0xF7, 0xDD, 0xF2, 0xC7, 0x0F, 0xEF, 0xEC, 0x87, 0x4F, 0x1C, 0x55, 0xCE, 0x34, 0xEA, 0x13,
    0x0A, 0xAC, 0x03, 0xBB, 0x48, 0x36, 0xAE, 0x77, 0x9B, 0x59, 0x54, 0x26, 0xDE, 0x65, 0x2A, 0x87,
    0x6E, 0x2D, 0x76, 0x9B, 0x4F, 0xBC, 0x1F, 0x89, 0x55, 0xCC, 0x42, 0xE9, 0x03, 0x44, 0xFA, 0xEE,
    0x3C, 0x9C, 0x6F, 0x1D, 0x09, 0x9E, 0x9C, 0x72, 0x99, 0xA8, 0x87, 0x3A, 0xAE, 0x68, 0x13, 0x06,
    0x8F, 0x40, 0xF1, 0x69, 0x87, 0x8D, 0xBD, 0x78, 0xA2, 0xF8, 0x6E, 0x6A, 0xD7, 0x7E, 0x77, 0xDD,
    0x13, 0xD4, 0xAE, 0x3B, 0xE1, 0x3F, 0x6A, 0xB1, 0xEB, 0x8A, 0x9D, 0x67, 0x46, 0x47, 0x47, 0xDD,
    0xEF, 0x3A, 0x70, 0xCB, 0x91, 0x23, 0x87, 0xE1, 0xF6, 0x34, 0x7B, 0xD6, 0x01, 0x6B, 0xCC, 0x70,
    0xB7, 0x5D, 0xE6, 0x48, 0xE5, 0xC1, 0x0D, 0x43, 0xBA, 0x3E, 0x50, 0x8B, 0x30, 0x29, 0xA0, 0x72,
    0x1F, 0xAC, 0x72, 0x23, 0xE8, 0x68, 0x1F, 0xED, 0xDF, 0x1F, 0x42, 0xAB, 0xFB, 0x58, 0xF0, 0xC6,
    0xA0, 0x8C, 0x93, 0x91, 0xA0, 0x77, 0xD6, 0xD4, 0x7F, 0x47, 0xBE, 0x5B, 0x35, 0x06, 0xAD, 0xED,
    0x87, 0x39, 0x6D, 0xD3, 0xD3, 0xD6, 0x3F, 0x3A, 0x22, 0xD7, 0x3B, 0xAE, 0x6D, 0xDA, 0x6B, 0x7F,
    0x9B, 0x41, 0x85, 0x86, 0xF2, 0x3F, 0x99, 0x03, 0x27, 0xDC, 0x97, 0x98, 0x0C, 0x1D, 0x2D, 0x07,
    0x5B, 0x5B, 0xAD, 0xA0, 0xFA, 0x3D, 0xCA, 0xCD, 0xD7, 0x42, 0x84, 0xBA, 0x99, 0x9F, 0x69, 0x47,
    0xD0, 0x31, 0xF4, 0x33, 0xC3, 0xF7, 0x32, 0xDA, 0x0F, 0xD1, 0xCF, 0x14, 0xD0, 0xB2, 0x0C, 0x8A,
    0x74, 0xAD, 0x32, 0x29, 0xCC, 0x04, 0x41, 0x23, 0x9E, 0xD0, 0x7E, 0x83, 0x19, 0xCD, 0x42, 0x3F,
    0xB3, 0xCC, 0x7F, 0x0A, 0xE6, 0x29, 0xE3, 0x8B, 0xF4, 0x15, 0x42, 0x11, 0x1E, 0xBE, 0xD0, 0x4C,
    0xFB, 0x4D, 0x4B, 0xFE, 0x7A, 0x5F, 0x02, 0xFA, 0x17, 0x78, 0xCD, 0x2F, 0xA5, 0x96, 0x30, 0x24,
    0xD0, 0x65, 0xC2, 0xDA, 0x58, 0x5D, 0x75, 0x93, 0xAD, 0x91, 0xBC, 0xF4, 0x6E, 0x58, 0xF2, 0x23,
    0x09, 0x1E, 0xCC, 0x50, 0xE5, 0x30, 0x86, 0x57, 0x67, 0x08, 0xED, 0xC8, 0x3B, 0x37, 0x75, 0x36,
    0xBB, 0x87, 0x84, 0x65, 0xD4, 0x1B, 0xCA, 0xF3, 0xD8, 0x4C, 0xF4, 0x0B, 0xB8, 0xA7, 0x0F, 0x1E,
    0x05, 0xB3, 0x1C, 0xC1, 0x1D, 0x3D, 0x18, 0xB7, 0xD9, 0x93, 0x93, 0x21, 0xAC, 0x7C, 0x18, 0x0A,
    0x8A, 0xED, 0xD4, 0xFA, 0x07, 0xB9, 0x4B, 0x63, 0x34, 0x57, 0xBE, 0x72, 0xF0, 0x3F, 0x7F, 0x35,
    0x7B, 0x74, 0x90, 0x93, 0x6E, 0x08, 0x0A, 0x7B, 0x5B, 0x85, 0xB1, 0xAD, 0xCE, 0x3A, 0x0E, 0x17,
    0x65, 0xE3, 0xB1, 0x30, 0x8C, 0xEA, 0xB5, 0x46, 0xBA, 0x60, 0x0D, 0x7F, 0x0C, 0x15, 0x9C, 0x2B,
    0xC3, 0x28, 0x63, 0xDF, 0xB9, 0x8F, 0x6B, 0x96, 0x2C, 0x98, 0x15, 0xBA, 0xF4, 0xE9, 0xFF, 0xE2,
    0x43, 0x46, 0x0F, 0x91, 0x60, 0xCD, 0xE6, 0xEC, 0xEB, 0xC1, 0x40, 0xA0, 0xB2, 0xA1, 0x23, 0xBF,
    0xDD, 0xE3, 0xD9, 0x9F, 0x35, 0x4F, 0xAD, 0x3A, 0xF9, 0x94, 0x31, 0x57, 0x6D, 0x14, 0xCE, 0x72,
    0x36, 0x4D, 0x35, 0xEB, 0x2F, 0xD0, 0x02, 0x0C, 0xE1, 0xC8, 0xF5, 0xB4, 0x69, 0xDA, 0x8C, 0x9E,
    0xF4, 0xCA, 0xB5, 0x56, 0x8F, 0x93, 0xB8, 0xE0, 0x0E, 0xA9, 0xBF, 0x4A, 0x4A, 0xE6, 0x1F, 0x02,
    0x55, 0x0D, 0x13, 0x11, 0x9D, 0x66, 0xA8, 0x38, 0x27, 0xE1, 0x71, 0x8B, 0xFB, 0xE2, 0x9A, 0x39,
    0x09, 0x53, 0xC0, 0xFB, 0x8A, 0x33, 0x89, 0x73, 0x85, 0xF5, 0x3B, 0x60, 0x27, 0x91, 0x87, 0xF5,
    0xAB, 0xE6, 0x00, 0x92, 0x62, 0x09, 0xEB, 0x9F, 0xB4, 0x33, 0xB5, 0x8E, 0xCE, 0x1E, 0xE6, 0xB8,
    0x9B, 0x8E, 0xE6, 0x65, 0x7B, 0x98, 0x13, 0x5F, 0x5E, 0xEE, 0xA8, 0x5E, 0x5F, 0x4F, 0x46, 0xFB,
    0x12, 0xC0, 0xB7, 0x82, 0x93, 0x63, 0x8F, 0xEC, 0x19, 0x1B, 0x3B, 0xF8, 0xB0, 0x09, 0xFF, 0x60,
    0x6D, 0x6E, 0x18, 0x3F, 0xFF, 0x95, 0xDF, 0xFC, 0x5D, 0x13, 0x1E, 0x8E, 0xF8, 0x0F, 0x89, 0xFE,
    0x43, 0xA1, 0xDF, 0x33, 0xA8, 0x7B, 0x0F, 0x29, 0xF4, 0x54, 0x34, 0xCE, 0x83, 0xBD, 0xE5, 0x87,
    0xB6, 0x4C, 0x23, 0x9D, 0xD1, 0x2E, 0x0F, 0x0D, 0xC0, 0xA7, 0x1F, 0x47, 0xFB, 0xA5, 0x7D, 0x00,
    0x1C, 0xEC, 0xA3, 0x2D, 0x46, 0xA9, 0xE8, 0x51, 0xEC, 0xA1, 0x5E, 0x40, 0x33, 0xBC, 0xF1, 0x8E,
    0xCC, 0xB1, 0x2D, 0xA7, 0x77, 0x67, 0x9A, 0x64, 0x81, 0xE9, 0x8B, 0x71, 0xD5, 0x9F, 0x53, 0x01,
    0x00, 0x0D, 0xBF, 0xAE, 0xC6, 0x24, 0xD3, 0xF6, 0x6D, 0x8C, 0x7C, 0x1D, 0x25, 0xD0, 0x2B, 0x52,
    0xCD, 0x2F, 0xF9, 0x9A, 0x00, 0x85, 0xF9, 0x49, 0x66, 0xD7, 0xE1, 0x25, 0x24, 0xB9, 0x2B, 0x0F,
    0xC1, 0xD2, 0xA5, 0xF0, 0x6E, 0x3C, 0x0F, 0x4B, 0x07, 0xE1, 0x4B, 0xC4, 0xFA, 0xCE, 0xB5, 0x6C,
    0x3B, 0x0B, 0xAD, 0xFB, 0xED, 0xA6, 0x72, 0x04, 0xB5, 0xD0, 0xE1, 0x43, 0x52, 0x75, 0xD9, 0xC2,
    0x0B, 0x3F, 0x84, 0x8F, 0x27, 0x75, 0xF5, 0x31, 0x58, 0xB2, 0x8E, 0xDA, 0xDB, 0xE0, 0x6D, 0x4B,
    0x51, 0xC3, 0xF9, 0xB7, 0xC1, 0x87, 0xD0, 0xEA, 0x7F, 0x36, 0x7B, 0x1B, 0xDC, 0xAB, 0xDB, 0xEA,
    0x8F, 0xFA, 0x3E, 0x06, 0x2B, 0xFA, 0xEF, 0x3F, 0x3C, 0xF6, 0xD5, 0xBD, 0xD1, 0xE7, 0xDF, 0x41,
    0x2E, 0xD0, 0x67, 0x10, 0x45, 0x4A, 0x0C, 0x7E, 0xA6, 0x03, 0x0A, 0x1F, 0xA4, 0xF6, 0x1D, 0x30,
    0xA1, 0x96, 0x21, 0xFF, 0x99, 0x77, 0xA1, 0xD7, 0xE7, 0xFE, 0xC5, 0xDA, 0x7F, 0x2A, 0x40, 0x59,
    0xF9, 0xE9, 0xE3, 0x95, 0xBF, 0x44, 0xBB, 0x73, 0xEB, 0xCA, 0x7B, 0x3F, 0xDB, 0x31, 0x34, 0x7F,
    0x82, 0xAA, 0x61, 0xEC, 0xAC, 0xD9, 0x4C, 0x60, 0x37, 0xDA, 0xDD, 0x5E, 0x1F, 0xB9, 0xA9, 0xB6,
    0xDD, 0x37, 0xD8, 0x43, 0x66, 0xCB, 0xB6, 0xFB, 0xFB, 0xE9, 0x57, 0x0A, 0x9E, 0x39, 0x69, 0x0F,
    0xF6, 0xE7, 0xA8, 0x8A, 0x54, 0x37, 0xD7, 0xD7, 0x06, 0x96, 0x8F, 0xD2, 0xB4, 0xE9, 0x9A, 0xA8,
    0x25, 0xF2, 0xBE, 0x7D, 0x0E, 0x53, 0x54, 0x69, 0x2F, 0x7E, 0x41, 0x5E, 0xB3, 0x56, 0x7B, 0xDC,
    0xB9, 0xB2, 0x69, 0x66, 0x9B, 0xF9, 0x41, 0x98, 0x1C, 0xC4, 0x47, 0xD3, 0xA1, 0x52, 0xF0, 0xC9,
    0x40, 0xF6, 0xC3, 0x60, 0x67, 0xAD, 0x02, 0xBB, 0xA6, 0x77, 0x7E, 0xF1, 0xD8, 0x72, 0x17, 0x0D,
    0xE2, 0x0B, 0x6E, 0xFD, 0xC7, 0x01, 0x19, 0x42, 0x7E, 0x27, 0x34, 0x80, 0xC2, 0x89, 0x9C, 0x12,
    0xAE, 0x08, 0x1A, 0xBC, 0x58, 0xC7, 0xE4, 0xF9, 0xEC, 0x50, 0x0F, 0xA1, 0x19, 0x58, 0xA1, 0xB0,
    0xB5, 0x3B, 0x59, 0xEC, 0xED, 0xA5, 0x60, 0xE4, 0x50, 0xB6, 0xF8, 0xD8, 0xD7, 0xF1, 0x43, 0x05,
    0xC5, 0xCC, 0xAE, 0xFD, 0xF3, 0x15, 0x13, 0x4A, 0xF9, 0x1E, 0x13, 0xB2, 0xEB, 0xAC, 0x25, 0x5F,
    0xEC, 0xAE, 0xDC, 0xCB, 0x7A, 0xD9, 0xAF, 0xF6, 0x2F, 0x5B, 0x79, 0x6A, 0xF4, 0xC1, 0xCA, 0x1F,
    0x7E, 0xE4, 0x60, 0xA5, 0x02, 0xF7, 0x1F, 0x79, 0xA2, 0xA6, 0xBE, 0x78, 0xAE, 0x6E, 0xD1, 0x7C,
    0x2B, 0xAA, 0xE6, 0x04, 0xFF, 0x2D, 0xA4, 0x77, 0x6E, 0x83, 0xB2, 0x6A, 0x91, 0xF1, 0xEC, 0x3A,
    0x04, 0xE5, 0x1E, 0xF3, 0x09, 0x32, 0x23, 0x8A, 0x55, 0x5E, 0x02, 0x25, 0x0B, 0x6F, 0xBF, 0xCA,
    0xF6, 0x7A, 0xF2, 0x30, 0x86, 0x62, 0x76, 0xA8, 0xCA, 0x6C, 0x18, 0x49, 0x85, 0xDD, 0x89, 0x47,
    0xBC, 0x41, 0x47, 0x87, 0xB9, 0x94, 0x56, 0x31, 0x4C, 0x40, 0xD7, 0x80, 0xF2, 0x07, 0x4F, 0xD8,
    0x43, 0xE5, 0x89, 0xE2, 0x89, 0x8F, 0xE9, 0xB7, 0xFF, 0xD5, 0x8E, 0x4F, 0x0E, 0xD6, 0x2A, 0x27,
    0xBE, 0xF4, 0xDE, 0xC7, 0xBE, 0x5E, 0x7C, 0xE2, 0xEC, 0x93, 0x53, 0xC7, 0xAA, 0x1F, 0x7D, 0xEC,
    0x6B, 0x1E, 0x8B, 0xF5, 0xD4, 0x47, 0x1F, 0x9B, 0xD8, 0x81, 0x9A, 0xE5, 0x7D, 0xE5, 0x07, 0x3A,
    0xFF, 0xFB, 0xAB, 0xF6, 0xDA, 0x23, 0xDF, 0x6C, 0x59, 0x65, 0x58, 0x76, 0x3B, 0x14, 0x17, 0xD4,
    0xBC, 0xBA, 0x29, 0x95, 0x8B, 0xD7, 0x81, 0xB2, 0x09, 0x22, 0x3F, 0xD8, 0x0A, 0x43, 0x62, 0x04,
    0xEE, 0xB6, 0x05, 0x80, 0x6A, 0x08, 0x27, 0x70, 0xF8, 0x0E, 0x86, 0x27, 0x79, 0xE0, 0xA1, 0x5C,
    0x27, 0xD7, 0xB8, 0x3C, 0x8E, 0x2B, 0xD9, 0x3D, 0x08, 0x74, 0xF2, 0x20, 0xCC, 0x75, 0xF4, 0x5A,
    0xA7, 0xAA, 0x33, 0xA0, 0x6C, 0x56, 0x14, 0xAF, 0x57, 0xD7, 0x95, 0xEF, 0x22, 0x50, 0x5B, 0x5E,
    0x53, 0xFC, 0x9E, 0x6E, 0x5D, 0xF9, 0x09, 0x01, 0xC1, 0x4F, 0xFF, 0x64, 0xF7, 0xD8, 0xD8, 0xF6,
    0xE7, 0xFF, 0x1A, 0x81, 0x4F, 0xDB, 0xEA, 0x6C, 0xE6, 0xC5, 0x73, 0x8D, 0xE3, 0xAB, 0x11, 0x78,
    0xC8, 0x8C, 0x8C, 0x6D, 0x08, 0xDC, 0x8A, 0x80, 0xDA, 0x10, 0xC0, 0xA3, 0x08, 0x64, 0xEE, 0x80,
    0x4F, 0x33, 0x26, 0x3F, 0x67, 0xE6, 0xB3, 0x28, 0x8F, 0x9F, 0x62, 0xDE, 0xF0, 0x09, 0xB3, 0x42,
    0x40, 0x91, 0x00, 0xF5, 0x00, 0x4C, 0x66, 0x33, 0x0A, 0xBC, 0x67, 0x23, 0x5A, 0x29, 0x6D, 0xEA,
    0x76, 0x7F, 0x6C, 0x4B, 0x20, 0x8C, 0xDA, 0xCB, 0xC1, 0xD4, 0x2B, 0xA1, 0x51, 0xD3, 0x2C, 0xB9,
    0x30, 0xE1, 0x3C, 0x2D, 0x45, 0x34, 0xF5, 0xFD, 0xBB, 0xE6, 0xBB, 0x3B, 0x38, 0xE3, 0xF3, 0x3C,
    0x4E, 0x3C, 0x06, 0xFD, 0x15, 0xFA, 0x4D, 0x60, 0xFA, 0xC1, 0xE3, 0x81, 0x4A, 0x98, 0x31, 0xE9,
    0xC3, 0xDE, 0x6F, 0x47, 0x3D, 0x31, 0x0E, 0xF4, 0x67, 0xC2, 0x9E, 0x31, 0xD3, 0xA3, 0xF0, 0xDE,
    0x60, 0xB6, 0x9B, 0xFD, 0xFE, 0x44, 0x5F, 0x71, 0x75, 0x9F, 0x3E, 0x54, 0x43, 0xF3, 0xD7, 0x37,
    0xA8, 0x1F, 0xD5, 0x8B, 0x18, 0x10, 0x9D, 0x7B, 0xE0, 0x3D, 0xAB, 0xCE, 0xAD, 0x1C, 0x42, 0x39,
    0x2B, 0xF8, 0x46, 0xB3, 0xD0, 0x28, 0xA0, 0xA1, 0x16, 0x79, 0xB6, 0xDA, 0x90, 0x48, 0xED, 0xA8,
    0x8E, 0xF1, 0xCD, 0x5F, 0x9A, 0xA4, 0x7F, 0x90, 0x3D, 0x47, 0x36, 0x52, 0x94, 0xC0, 0x16, 0xA7,
    0x28, 0x54, 0x9B, 0x07, 0x75, 0x2D, 0x28, 0xD8, 0xEB, 0x67, 0xBD, 0x0C, 0xEF, 0x91, 0x59, 0x10,
    0x3D, 0x33, 0xAF, 0x6D, 0xB4, 0xF3, 0xFD, 0x8C, 0xA3, 0xF8, 0x2E, 0x4E, 0x2D, 0xC5, 0xAC, 0xD5,
    0x3A, 0xC0, 0xEE, 0x1F, 0x20, 0x8E, 0xD7, 0xF0, 0x2E, 0x7D, 0x03, 0xA8, 0xDB, 0x8B, 0xC3, 0xA0,
    0x5B, 0x7D, 0x6B, 0x46, 0xB7, 0x9D, 0x72, 0x8D, 0xA0, 0x89, 0x5E, 0x43, 0xD0, 0xAC, 0x5B, 0xF4,
    0xCC, 0x28, 0xEC, 0xA4, 0xB5, 0x56, 0x4A, 0x54, 0xBB, 0xE0, 0xD9, 0x8F, 0x8E, 0x05, 0xE2, 0x86,
    0xEC, 0x02, 0xE1, 0x83, 0x1C, 0x39, 0x7C, 0xE4, 0x99, 0x38, 0x15, 0xB1, 0x67, 0xB3, 0x9E, 0x16,
    0x2A, 0xC8, 0x51, 0xC2, 0x60, 0xEC, 0xFE, 0xAB, 0x92, 0x5F, 0xDF, 0xBB, 0x2B, 0xEE, 0xF7, 0xF7,
    0xC7, 0x69, 0xA3, 0x21, 0xA9, 0x6F, 0xCC, 0x65, 0xA2, 0x3E, 0x86, 0x00, 0x5F, 0xD3, 0x2E, 0xE6,
    0xFD, 0x77, 0x45, 0x53, 0x67, 0x0D, 0xAC, 0xB1, 0x55, 0x6B, 0x25, 0x83, 0xBF, 0x63, 0x0E, 0x39,
    0xBD, 0xDE, 0x4A, 0x16, 0xB1, 0x3D, 0x6D, 0x57, 0x1C, 0xF4, 0x3B, 0x72, 0xD6, 0x20, 0x19, 0xEE,
    0xBF, 0xB1, 0x77, 0x0E, 0x80, 0x61, 0xF5, 0x93, 0xD1, 0x7E, 0xF5, 0x54, 0x73, 0xFD, 0x9D, 0x3E,
    0xF4, 0x93, 0xC1, 0x3E, 0x1F, 0x1C, 0x78, 0x15, 0x4D, 0xF5, 0x20, 0x11, 0xAE, 0x56, 0x84, 0x30,
    0xA6, 0x00, 0x1E, 0xA3, 0x2A, 0xDC, 0xF5, 0xF3, 0xE2, 0x25, 0x4A, 0x4A, 0x3B, 0x51, 0xA5, 0xB0,
    0x5B, 0x2A, 0x06, 0x49, 0xBF, 0x40, 0x53, 0x2E, 0x5F, 0xCC, 0xFF, 0x32, 0xD9, 0x12, 0x8F, 0x3C,
    0x5F, 0xB0, 0x95, 0x69, 0xB2, 0x95, 0xA8, 0xA4, 0x8A, 0x0B, 0x01, 0x68, 0x41, 0x8B, 0xD5, 0x30,
    0x76, 0xE7, 0x6C, 0x45, 0xA9, 0xB2, 0xA4, 0x38, 0xFB, 0x35, 0x69, 0x3D, 0x30, 0x55, 0x97, 0xFF,
    0xC8, 0x89, 0x12, 0xD8, 0x8A, 0xC7, 0x7F, 0xE6, 0x24, 0xD3, 0x32, 0x15, 0xBE, 0xD2, 0x43, 0xA9,
    0x1F, 0xA7, 0x9F, 0x58, 0x64, 0x3F, 0x99, 0xD8, 0x30, 0x4E, 0x6D, 0x73, 0x78, 0x85, 0xC1, 0xCA,
    0xE0, 0x7F, 0x56, 0x62, 0x38, 0x8D, 0x9F, 0x6B, 0xC2, 0x02, 0x3F, 0x94, 0xD4, 0xE6, 0x84, 0x4B,
    0x35, 0x60, 0xB9, 0x1C, 0xDC, 0x16, 0x84, 0x24, 0xF2, 0x0F, 0x8D, 0x46, 0x12, 0x88, 0x57, 0xE6,
    0xE2, 0x65, 0x6C, 0x69, 0x6E, 0x28, 0x59, 0x6C, 0x6D, 0x6E, 0x29, 0x2A, 0x4E, 0x18, 0x81, 0x55,
    0x0A, 0xBF, 0x69, 0x4F, 0xAB, 0x73, 0xF3, 0xBF, 0xD6, 0x62, 0x4B, 0x5F, 0x38, 0x51, 0xA0, 0xD4,
    0xE0, 0x3F, 0x3A, 0x7E, 0xD2, 0x63, 0x89, 0x43, 0x08, 0x17, 0xE8, 0xA2, 0x82, 0x38, 0x4D, 0x00,
    0x5B, 0xA1, 0x0B, 0xAB, 0xCE, 0xB3, 0x1F, 0x09, 0x67, 0x4B, 0x74, 0xB7, 0x05, 0x7B, 0x9B, 0xA3,
    0xF5, 0x33, 0x7C, 0x8D, 0x2E, 0x3E, 0xB8, 0x4E, 0x1B, 0x0C, 0xB3, 0x45, 0xBA, 0x88, 0x92, 0x11,
    0xB8, 0x75, 0x57, 0x5E, 0x8D, 0x9E, 0x58, 0x8E, 0x9E, 0x58, 0x8F, 0x9E, 0x58, 0x90, 0x9E, 0x58,
    0xA9, 0x9B, 0x58, 0xAA, 0x9B, 0x58, 0xAB, 0x9B, 0x58, 0xAC, 0x9B, 0x58, 0xAD, 0x9B, 0x5C, 0xAE,
    0x9B, 0x5C, 0xAF, 0x2B, 0x2F, 0xD8, 0xFD, 0x7F, 0xED, 0x5D, 0xBD, 0x6F, 0x24, 0xC9, 0x75, 0xAF,
    0x9E, 0xE1, 0x71, 0x04, 0x0C, 0x70, 0x4D, 0x03, 0x5C, 0xDB, 0xE7, 0x83, 0xD1, 0x0E, 0x9C, 0x18,
    0x86, 0x77, 0xFE, 0x01, 0xCE, 0x4C, 0x2F, 0x0E, 0x90, 0x42, 0x31, 0x38, 0x72, 0x71, 0x62, 0xC0,
    0x44, 0x91, 0x14, 0x4C, 0xEA, 0x60, 0xB8, 0xD3, 0x67, 0x05, 0x0A, 0x1C, 0x98, 0x06, 0xB4, 0xE7,
    0x50, 0x17, 0x58, 0x80, 0x4E, 0xC9, 0x26, 0x0A, 0x68, 0x63, 0x76, 0xA7, 0x2D, 0x05, 0x0A, 0x1C,
    0xA8, 0x65, 0x78, 0xA1, 0xC0, 0xC1, 0x35, 0xE0, 0x5D, 0x7F, 0x29, 0xD8, 0x96, 0xDD, 0xF4, 0x35,
    0x77, 0x67, 0xBA, 0xFC, 0x5E, 0x75, 0x77, 0xBD, 0x57, 0x3D, 0xDD, 0xF3, 0xC1, 0xE5, 0x2E, 0x76,
    0xE8, 0x69, 0x82, 0x64, 0xBD, 0x99, 0xEE, 0x61, 0xD5, 0xAB, 0xAA, 0x5F, 0xFD, 0xDE, 0x47, 0x15,
    0x85, 0xC8, 0xAF, 0x9D, 0x1D, 0xA1, 0x2F, 0xC7, 0x61, 0xE5, 0x53, 0x57, 0x97, 0xDF, 0x7B, 0x4F,
    0x2C, 0xBF, 0xFE, 0x48, 0x08, 0x7C, 0xC2, 0xC2, 0x72, 0x2C, 0x6C, 0xE9, 0x09, 0x31, 0x99, 0x41,
    0x79, 0x0A, 0xE5, 0x44, 0x88, 0x91, 0x0C, 0x84, 0x18, 0x8A, 0x9D, 0xF7, 0xE0, 0x8D, 0xBD, 0x0F,
    0xE1, 0x8D, 0x2E, 0xBC, 0x67, 0xA7, 0xF0, 0x63, 0xF4, 0x4C, 0x95, 0x9B, 0x12, 0x7E, 0x74, 0x12,
    0x71, 0x17, 0x7F, 0x5D, 0xC1, 0x07, 0xC1, 0x03, 0x50, 0xDE, 0x4D, 0xC7, 0x50, 0x99, 0x57, 0x01,
    0xDC, 0xF3, 0xBB, 0x93, 0xB8, 0x7F, 0x74, 0x22, 0xFF, 0xE2, 0xEA, 0x68, 0x2C, 0x64, 0xEA, 0x76,
    0x24, 0x7C, 0xAE, 0x94, 0xB1, 0x90, 0xE7, 0xA2, 0x05, 0xB2, 0xE8, 0x40, 0xA1, 0xF6, 0xB2, 0x58,
    0xB9, 0xED, 0x57, 0x97, 0xAD, 0x8A, 0xE7, 0xF6, 0xF6, 0x74, 0x31, 0x8E, 0x75, 0x31, 0x49, 0x74,
    0xF1, 0xF0, 0x70, 0x89, 0x62, 0x2C, 0x50, 0xCB, 0xE7, 0xF0, 0x41, 0xD8, 0x5E, 0x5F, 0xB4, 0x67,
    0x50, 0xD9, 0x50, 0xFD, 0xDD, 0x8E, 0x84, 0x46, 0x83, 0x06, 0x9A, 0x81, 0x38, 0xB3, 0x7D, 0xCB,
    0x1A, 0x05, 0xA2, 0x19, 0x8A, 0xA4, 0x05, 0x35, 0x6A, 0x49, 0xB7, 0x11, 0x36, 0x22, 0x10, 0x41,
    0x0F, 0xBE, 0x15, 0x35, 0x23, 0x2B, 0x82, 0x67, 0x52, 0xD7, 0x8A, 0xDA, 0x53, 0x91, 0x08, 0x6B,
    0xF2, 0x44, 0x34, 0xC2, 0xCE, 0xA4, 0x91, 0x1E, 0x4D, 0x12, 0xE7, 0xE9, 0x49, 0x90, 0x3A, 0x12,
    0x2E, 0xAF, 0x0D, 0xDF, 0x49, 0x53, 0xFE, 0xA5, 0x7C, 0x06, 0xCF, 0xA1, 0xF6, 0x3F, 0xA9, 0x6B,
    0xD0, 0x1E, 0x35, 0x28, 0xA1, 0x06, 0x4D, 0xA9, 0x41, 0x7B, 0x1B, 0xD6, 0xA0, 0xD7, 0xEB, 0x21,
    0x35, 0xD8, 0x77, 0x5D, 0x68, 0x90, 0x1A, 0xB9, 0xA2, 0x1F, 0x41, 0x83, 0xD4, 0xC0, 0x15, 0x72,
    0x0A, 0x0D, 0x52, 0xE3, 0xB6, 0x19, 0x9D, 0x61, 0x83, 0x70, 0xD8, 0xB6, 0xFC, 0x0E, 0xD4, 0x57,
    0x8D, 0x5A, 0xDB, 0x75, 0x04, 0x36, 0x06, 0x06, 0x6D, 0xC7, 0xB3, 0x3D, 0x28, 0xE2, 0x98, 0xED,
    0x07, 0xED, 0xA0, 0x11, 0xAA, 0x21, 0x9B, 0x26, 0xF6, 0xE5, 0x49, 0xA0, 0x46, 0x6C, 0x3C, 0xC1,
    0x46, 0xA9, 0x01, 0x1B, 0x38, 0xB3, 0xD1, 0xAC, 0xA8, 0xC0, 0x79, 0xFD, 0x68, 0x65, 0x03, 0x94,
    0x15, 0x2D, 0x71, 0xFB, 0xF5, 0x00, 0x0D, 0x72, 0x75, 0x83, 0x1A, 0x91, 0x6E, 0x50, 0x33, 0xA2,
    0x06, 0xB9, 0x1B, 0xD6, 0xB1, 0xF0, 0x69, 0x29, 0xAF, 0x73, 0x5F, 0x5E, 0x65, 0xF5, 0x53, 0x15,
    0xBD, 0x73, 0xAC, 0x70, 0x2C, 0x16, 0x8E, 0xAA, 0xAB, 0xFA, 0x35, 0xC9, 0x01, 0x14, 0x21, 0xD4,
    0xB5, 0xE2, 0x9E, 0xD8, 0xD9, 0x95, 0xAE, 0x50, 0x73, 0xAE, 0x19, 0x20, 0x60, 0x3B, 0xF0, 0x09,
    0x9D, 0x5F, 0xA9, 0x66, 0xC1, 0x43, 0x2D, 0x98, 0x7F, 0xA9, 0x88, 0xA0, 0xBD, 0x38, 0x5A, 0xA0,
    0xEA, 0xCD, 0x18, 0x66, 0x75, 0x27, 0x6C, 0x85, 0x50, 0xFB, 0x04, 0x87, 0xD0, 0xE8, 0xE1, 0x93,
    0x69, 0xFB, 0xEA, 0x58, 0x86, 0xA3, 0x8F, 0x1D, 0x04, 0xCD, 0x64, 0x04, 0x55, 0x4F, 0xA1, 0x5E,
    0x3D, 0xF5, 0xA9, 0x4E, 0x8A, 0x38, 0xDA, 0x4A, 0x0F, 0xB2, 0x06, 0x7C, 0x9E, 0xD5, 0x73, 0x68,
    0xB4, 0xE1, 0xC2, 0x18, 0x87, 0x24, 0x61, 0x05, 0xC6, 0x86, 0x34, 0x34, 0xEE, 0xEC, 0x99, 0x9A,
    0xF0, 0xB8, 0x64, 0x5F, 0x89, 0x5D, 0x1A, 0xDF, 0x0D, 0xA8, 0x53, 0x40, 0x6F, 0x0E, 0xA4, 0xA1,
    0xB5, 0x23, 0x2E, 0x14, 0x3D, 0x8C, 0x05, 0xDD, 0xC7, 0xA8, 0x65, 0xDD, 0xCB, 0xD0, 0x3D, 0x42,
    0xF7, 0x73, 0xA6, 0xBE, 0xBC, 0xA7, 0x41, 0x7B, 0x89, 0xEE, 0x6B, 0x81, 0x58, 0x56, 0xF4, 0xB6,
    0x5A, 0x97, 0x8A, 0xFE, 0x16, 0xAD, 0x99, 0xD0, 0x3D, 0x7E, 0x0C, 0x15, 0xA3, 0x3E, 0x87, 0x27,
    0x74, 0xAF, 0xD3, 0xFA, 0x63, 0x9D, 0x2F, 0x1C, 0x96, 0xA2, 0x66, 0x31, 0x42, 0x3C, 0xAD, 0xBA,
    0xED, 0x03, 0xE3, 0x19, 0x00, 0x50, 0xA1, 0x86, 0x4D, 0x76, 0x35, 0x61, 0x24, 0x4C, 0x48, 0x59,
    0xF6, 0xA7, 0x11, 0x2C, 0xB0, 0x7A, 0xD6, 0x77, 0x14, 0xBC, 0x4F, 0xC2, 0x5C, 0xEC, 0xAA, 0x1E,
    0xE9, 0xC7, 0xE2, 0x7D, 0x25, 0x3E, 0xC6, 0x2E, 0xC1, 0x95, 0x16, 0x5A, 0xDF, 0xF6, 0x84, 0x74,
    0xFB, 0xF0, 0xC4, 0x2B, 0x1F, 0x5F, 0xB5, 0xD3, 0xFB, 0x32, 0xE8, 0x3F, 0x3D, 0x91, 0x1F, 0x5D,
    0xB9, 0xB0, 0x3E, 0xEF, 0x4A, 0xF9, 0x73, 0x44, 0xE4, 0xD8, 0x92, 0x71, 0x57, 0x0D, 0x4D, 0x31,
    0xF9, 0x2D, 0x82, 0x7D, 0x27, 0x42, 0x11, 0x1E, 0xDE, 0xCD, 0x3B, 0x05, 0x3B, 0xD9, 0xA6, 0x0E,
    0xEA, 0x40, 0xB1, 0xCF, 0x5A, 0x18, 0x8A, 0xC6, 0x8C, 0xC4, 0x96, 0xFC, 0x89, 0x8C, 0x59, 0x9B,
    0x41, 0xA5, 0xBC, 0x6F, 0x77, 0xFF, 0xFE, 0x5C, 0xAC, 0x7C, 0x59, 0x26, 0x28, 0xB6, 0xFF, 0xD1,
    0x37, 0xC4, 0x5F, 0xFA, 0x0B, 0x6E, 0xDE, 0xEA, 0xB9, 0x56, 0xAD, 0x1E, 0xF1, 0x3A, 0xD4, 0x42,
    0x48, 0xD4, 0x0E, 0xC5, 0x88, 0xD8, 0x1D, 0xDE, 0x15, 0x11, 0xC1, 0xFB, 0x13, 0x50, 0x42, 0xCC,
    0x39, 0x9E, 0x12, 0x0B, 0x9A, 0xD7, 0x15, 0x07, 0x08, 0x1C, 0x05, 0xD3, 0x1B, 0xC2, 0xD7, 0x05,
    0x91, 0xBD, 0x29, 0x7C, 0xC5, 0x9A, 0xEF, 0x1D, 0xCB, 0xE3, 0xF4, 0x38, 0x22, 0xCA, 0xF7, 0x02,
    0xC1, 0x81, 0x58, 0xDF, 0x47, 0xF2, 0xFB, 0xD2, 0x5D, 0x36, 0x36, 0x4C, 0xD1, 0x98, 0x74, 0x73,
    0xA2, 0xB5, 0xE0, 0x83, 0x6E, 0x85, 0x36, 0x32, 0xE6, 0x6F, 0x8A, 0x5D, 0x53, 0x34, 0xA1, 0x5A,
    0xEC, 0x2F, 0x7C, 0x16, 0xE0, 0x3A, 0x1F, 0x5C, 0x4D, 0x5F, 0xE3, 0xB7, 0x6B, 0xBC, 0x20, 0xDC,
    0x01, 0xDC, 0xF2, 0xB7, 0x22, 0x6A, 0x06, 0x34, 0xBF, 0x3C, 0xD0, 0x01, 0x7B, 0x41, 0x4C, 0x02,
    0x01, 0xBC, 0x10, 0x56, 0xE2, 0xF7, 0x8B, 0x51, 0xEB, 0x36, 0x22, 0x60, 0x8D, 0x51, 0x3E, 0x6F,
    0xC4, 0xE8, 0x4B, 0xB7, 0x09, 0x22, 0xAC, 0x69, 0x6A, 0xE6, 0x1C, 0x0D, 0xD2, 0xF6, 0xF3, 0x93,
    0xAB, 0x93, 0xAB, 0xD3, 0x34, 0x9F, 0x3B, 0x32, 0x68, 0x4A, 0x89, 0xB8, 0xDC, 0x8F, 0xB2, 0xD9,
    0x73, 0x85, 0xBD, 0xE3, 0xCC, 0x9C, 0xA4, 0x5D, 0xCC, 0x1F, 0xB3, 0x8D, 0x36, 0xD7, 0x55, 0x3E,
    0x87, 0xF6, 0xCA, 0xB3, 0x28, 0x2E, 0xCD, 0x23, 0x2B, 0x2E, 0xCF, 0xA4, 0xC3, 0xD5, 0x31, 0xCB,
    0x24, 0x00, 0x9C, 0x02, 0x64, 0x97, 0x26, 0x01, 0xEA, 0xEF, 0xF9, 0x44, 0x03, 0xB4, 0x3A, 0x73,
    0x22, 0x20, 0x42, 0x50, 0x9E, 0xCF, 0xA8, 0x00, 0xEA, 0xCE, 0x27, 0x32, 0x60, 0x45, 0x8D, 0x10,
    0x95, 0x5B, 0xD0, 0x81, 0x66, 0x88, 0x5F, 0x44, 0x08, 0x40, 0x8F, 0x61, 0x2B, 0x22, 0x4A, 0x70,
    0x7A, 0x75, 0x7A, 0x79, 0x3A, 0x73, 0x89, 0x14, 0x64, 0x7A, 0xD4, 0xB4, 0x60, 0xEA, 0xCC, 0x3A,
    0xA0, 0x46, 0x93, 0x18, 0x94, 0xA9, 0x01, 0xA7, 0x03, 0xD5, 0xF2, 0xB8, 0x24, 0x97, 0x9F, 0xEF,
    0x95, 0xF5, 0xE5, 0x99, 0xB2, 0x49, 0x14, 0xE6, 0xA8, 0xC2, 0x1C, 0x59, 0x28, 0xD1, 0x05, 0xF3,
    0x7A, 0x8F, 0xF1, 0x07, 0xEC, 0x0B, 0x62, 0x10, 0x19, 0xA8, 0x6B, 0x0E, 0xA1, 0xFE, 0xB2, 0xAB,
    0x59, 0x84, 0x15, 0x36, 0x42, 0x24, 0x09, 0x05, 0x63, 0x04, 0x55, 0xE2, 0xD0, 0xCA, 0x99, 0x04,
    0xE8, 0x39, 0x68, 0xF9, 0x9A, 0x4B, 0x34, 0x83, 0xA6, 0x0F, 0x62, 0xC1, 0x26, 0xD4, 0x97, 0xA7,
    0xF9, 0xC4, 0xE0, 0xF2, 0xF4, 0x72, 0xE0, 0x12, 0xA3, 0x50, 0x6C, 0x4C, 0x73, 0x8A, 0xA4, 0x93,
    0xF4, 0x93, 0x85, 0xAC, 0xE2, 0x16, 0x34, 0xE1, 0x75, 0x01, 0xFA, 0xDB, 0xF9, 0x77, 0x3E, 0x47,
    0x53, 0x1C, 0xB1, 0xB9, 0xE1, 0x80, 0xF3, 0xCB, 0x2D, 0xF8, 0x34, 0x8A, 0x29, 0x70, 0xAC, 0x1E,
    0x7C, 0xDE, 0x9F, 0x01, 0xE2, 0xFD, 0x14, 0x26, 0x03, 0xB4, 0x6A, 0x0C, 0xB3, 0xA2, 0x07, 0xE2,
    0x05, 0xCC, 0x77, 0x98, 0x30, 0x31, 0x30, 0xFD, 0x0C, 0x90, 0x1D, 0x00, 0x9F, 0x46, 0x0C, 0x2B,
    0x3B, 0x02, 0xF2, 0x58, 0xF4, 0x00, 0x86, 0x81, 0x09, 0x4E, 0xA1, 0x38, 0x16, 0x33, 0x71, 0xD0,
    0xBF, 0x97, 0x9E, 0x4A, 0x57, 0x2A, 0x40, 0x96, 0xE7, 0x43, 0xB4, 0x58, 0x6D, 0x99, 0x01, 0xF2,
    0xBF, 0xCC, 0xC6, 0x60, 0xB5, 0x4E, 0x1B, 0xF2, 0x17, 0xF2, 0x7B, 0x00, 0xC8, 0xF7, 0x66, 0x17,
    0x48, 0x2E, 0xD4, 0x77, 0xD5, 0xA4, 0x18, 0x2F, 0x9C, 0x12, 0xC3, 0x75, 0x90, 0xFA, 0xAE, 0x29,
    0x3A, 0x0B, 0x45, 0xDB, 0x5D, 0x08, 0xEB, 0xFC, 0x3A, 0x54, 0x46, 0x7F, 0xAE, 0x66, 0xB0, 0xC6,
    0x90, 0x2B, 0x37, 0x32, 0x90, 0x07, 0x38, 0x04, 0xD3, 0x1F, 0x06, 0x9A, 0x9F, 0xFB, 0x13, 0xC0,
    0xFA, 0x17, 0x1D, 0x05, 0xE3, 0x0E, 0x34, 0x0D, 0x1D, 0x00, 0x5D, 0x0B, 0x31, 0xDC, 0x11, 0x43,
    0xE5, 0x03, 0x80, 0xD7, 0x60, 0x60, 0xDE, 0x15, 0x07, 0xCA, 0x0D, 0x80, 0xFA, 0xEC, 0xC1, 0xD7,
    0x01, 0x7A, 0x02, 0x9A, 0xA9, 0x78, 0x00, 0xE5, 0x07, 0x62, 0x88, 0xCE, 0x80, 0x93, 0x17, 0xFE,
    0xE4, 0xA1, 0x7C, 0x28, 0x8F, 0x12, 0xE5, 0x0F, 0xF8, 0x3E, 0x7C, 0xBF, 0x82, 0xEF, 0x08, 0x5D,
    0x02, 0xA9, 0x25, 0xFF, 0x49, 0xFE, 0x0C, 0xBE, 0xBD, 0xCC, 0x2B, 0xF0, 0xC1, 0xAA, 0x80, 0x9B,
    0x21, 0x6E, 0x31, 0x86, 0x1A, 0x7F, 0x97, 0x43, 0x6E, 0x3F, 0xCD, 0x6F, 0x97, 0x39, 0xE6, 0xF6,
    0x65, 0x98, 0x2D, 0x53, 0x8F, 0xA2, 0x0C, 0x74, 0xF7, 0x7E, 0x0F, 0x6E, 0x79, 0x5F, 0xB4, 0x63,
    0x18, 0x13, 0x99, 0xD3, 0x43, 0xC0, 0xC0, 0x76, 0x10, 0xA1, 0xE2, 0x0C, 0x76, 0x41, 0x09, 0x53,
    0x68, 0xD7, 0x63, 0xD5, 0xC1, 0x88, 0xBB, 0xB0, 0x3E, 0x3C, 0x13, 0x3D, 0x5C, 0x2F, 0xE2, 0x0C,
    0x78, 0xC5, 0x87, 0x2F, 0x43, 0xF1, 0x00, 0xAC, 0xB1, 0x46, 0x8E, 0xBC, 0x27, 0xF2, 0xD3, 0xD9,
    0xB1, 0xFC, 0xA1, 0x27, 0x06, 0x57, 0x19, 0xF4, 0x42, 0xE5, 0x26, 0xF2, 0x2B, 0x35, 0x89, 0x12,
    0x85, 0xBD, 0x29, 0x8E, 0xDF, 0x4F, 0x61, 0x5E, 0x25, 0x9D, 0xF8, 0x80, 0x4D, 0x82, 0x6F, 0x3D,
    0xAC, 0x40, 0xCF, 0x39, 0xB8, 0x9D, 0x7F, 0xA1, 0x0C, 0xC0, 0xF3, 0x9F, 0xD1, 0x13, 0x4B, 0x30,
    0x78, 0x0E, 0x84, 0xE7, 0x51, 0x78, 0x1E, 0x86, 0xE7, 0x70, 0x98, 0x33, 0xA9, 0xDD, 0x1F, 0x0B,
    0x83, 0x4A, 0x8D, 0xA4, 0xC7, 0xB9, 0x54, 0x43, 0x3E, 0x0A, 0x88, 0x4C, 0xFD, 0x21, 0x4E, 0xD4,
    0x88, 0xD8, 0xD4, 0x5D, 0xD1, 0x77, 0x51, 0xD9, 0x44, 0xA7, 0x40, 0xD1, 0x11, 0xE3, 0x53, 0x70,
    0x73, 0x6E, 0xBE, 0x2B, 0x42, 0x35, 0x03, 0xCD, 0x37, 0x43, 0xCD, 0xA8, 0xEE, 0xCB, 0x1F, 0xBA,
    0x62, 0xE0, 0x13, 0xA5, 0xFA, 0x0D, 0x2A, 0x9F, 0xF9, 0x15, 0xEF, 0x21, 0x21, 0x37, 0x30, 0xF7,
    0x3B, 0x3F, 0x30, 0x71, 0x67, 0xF7, 0x0B, 0x13, 0x78, 0x46, 0xD8, 0x16, 0x42, 0x1E, 0xA8, 0x7E,
    0x48, 0xD0, 0x83, 0xD5, 0x87, 0xEE, 0xD7, 0xD8, 0x93, 0x57, 0x9F, 0x81, 0x8F, 0xE2, 0x1C, 0x1A,
    0x7D, 0xBA, 0xD8, 0xD6, 0x88, 0xE0, 0xE7, 0x71, 0x5B, 0x39, 0xD6, 0x08, 0x7F, 0xB0, 0xFA, 0x57,
    0xAE, 0x06, 0x20, 0x55, 0x7D, 0x19, 0x6B, 0x04, 0x52, 0xD5, 0x1F, 0x44, 0x04, 0x41, 0x59, 0xF5,
    0xD7, 0x5D, 0x98, 0xCB, 0x72, 0x77, 0xC9, 0xA8, 0x29, 0x21, 0x51, 0x19, 0x7B, 0xE6, 0xE4, 0x12,
    0x18, 0x2D, 0x42, 0xA3, 0x46, 0xF9, 0x51, 0x7F, 0xE1, 0xF2, 0x21, 0x7E, 0xA7, 0xE4, 0xCD, 0x1C,
    0x4F, 0x4D, 0x79, 0x3A, 0xAD, 0xF5, 0xA5, 0x95, 0xD6, 0x19, 0xFE, 0x06, 0xF4, 0x77, 0xBB, 0xB0,
    0xF9, 0x6D, 0x85, 0x2B, 0x6E, 0x5B, 0xCE, 0x48, 0x4E, 0xD1, 0x09, 0x3A, 0xF1, 0x44, 0xC3, 0x6B,
    0xFA, 0x20, 0xAB, 0xFE, 0x16, 0xED, 0x54, 0xE0, 0x62, 0x0A, 0x8D, 0x55, 0xFD, 0x8D, 0x18, 0xDA,
    0x82, 0xA5, 0x15, 0x64, 0xEC, 0x6F, 0xD0, 0xCA, 0x0C, 0x6A, 0xAF, 0x7C, 0x39, 0xD8, 0xDF, 0xF0,
    0xF6, 0x18, 0x7D, 0x57, 0xF0, 0xA5, 0xFA, 0xFB, 0x08, 0xC6, 0xEC, 0xC3, 0xD1, 0x73, 0xF8, 0xBA,
    0x14, 0xAA, 0xBF, 0xA5, 0x6B, 0xCB, 0x14, 0x7E, 0x4D, 0xA5, 0x3F, 0xCE, 0xFC, 0xA4, 0xC0, 0xC5,
    0x47, 0xF1, 0x24, 0xEC, 0xF8, 0x17, 0x25, 0x48, 0xDC, 0xE0, 0xFE, 0xB6, 0xCC, 0x5B, 0x5B, 0x26,
    0xD2, 0xB4, 0xCC, 0xDE, 0xDE, 0x37, 0x8D, 0x95, 0xB3, 0xB3, 0x45, 0x62, 0xE9, 0x66, 0x45, 0xA7,
    0x0A, 0xEF, 0x76, 0x46, 0xA7, 0xB4, 0x87, 0x3B, 0xA3, 0x53, 0xDA, 0xCB, 0x9D, 0x37, 0xA1, 0xF0,
    0x74, 0xE7, 0x74, 0x4A, 0x7B, 0xBB, 0x15, 0x9D, 0xD2, 0x1E, 0xEF, 0x8C, 0x4E, 0x69, 0xAF, 0x77,
    0x46, 0xA7, 0xB4, 0xE7, 0x3B, 0xA3, 0x53, 0xDA, 0xFB, 0x9D, 0xD1, 0x29, 0xF2, 0x80, 0x2B, 0x3A,
    0xA5, 0xBD, 0xE0, 0x05, 0x9D, 0xFA, 0xA4, 0x56, 0x5B, 0x65, 0x8E, 0xA5, 0x1D, 0xA6, 0x7A, 0xFA,
    0x94, 0x5F, 0xD8, 0x29, 0xEB, 0xBE, 0xD3, 0x29, 0xBF, 0xD0, 0x5F, 0xF6, 0xC8, 0xD6, 0x3C, 0xBC,
    0x11, 0xF3, 0x70, 0xB9, 0x63, 0x6B, 0xCE, 0xB5, 0x35, 0xE7, 0xDC, 0xAA, 0x72, 0x6F, 0xE9, 0x5A,
    0x5B, 0x9A, 0x0A, 0x17, 0x3E, 0x8C, 0x4A, 0xF9, 0xB0, 0xAE, 0xA3, 0x7B, 0xBD, 0xC5, 0xB2, 0xBA,
    0x7F, 0x6B, 0xE4, 0xBE, 0x33, 0x46, 0x6E, 0x15, 0x76, 0xBA, 0x06, 0x76, 0x32, 0x38, 0x40, 0x38,
    0x64, 0x70, 0xA1, 0xC0, 0xD2, 0x5D, 0x07, 0x3B, 0x37, 0xDB, 0x14, 0xFD, 0xE3, 0x35, 0xCC, 0xB2,
    0xD2, 0x14, 0x6B, 0x95, 0xDC, 0xCD, 0xA6, 0x68, 0xDD, 0x73, 0xAB, 0xF9, 0xC4, 0xD6, 0x6E, 0x7D,
    0xA3, 0x76, 0xEB, 0xEF, 0x2F, 0xF8, 0x93, 0xA6, 0xE4, 0xF2, 0x8F, 0x6C, 0xFE, 0x6B, 0x58, 0x2B,
    0x99, 0x77, 0x6E, 0xAE, 0x65, 0x3C, 0xEF, 0xE5, 0xB6, 0xE7, 0xC6, 0xA8, 0xE3, 0x56, 0x78, 0x9B,
    0xD6, 0xB8, 0x8A, 0x8E, 0xF9, 0x83, 0xCF, 0x4B, 0x4C, 0xC0, 0x2A, 0x78, 0xB2, 0xA6, 0x02, 0x76,
    0x3A, 0x71, 0x39, 0x17, 0xF8, 0xA9, 0xE8, 0x7B, 0x44, 0xEB, 0x33, 0x32, 0x30, 0xE3, 0x54, 0x0F,
    0xD9, 0x00, 0x40, 0x15, 0x2C, 0x06, 0x44, 0x07, 0xAC, 0x08, 0x1E, 0x81, 0x7B, 0x18, 0x1F, 0x88,
    0x81, 0xC9, 0x38, 0x1E, 0x23, 0x04, 0xA7, 0xB3, 0xC7, 0x40, 0xBA, 0x9E, 0x0A, 0xC6, 0x08, 0x46,
    0x0A, 0x27, 0x7C, 0x46, 0x09, 0x90, 0x75, 0xFD, 0xF5, 0xC4, 0xE7, 0x9C, 0xE0, 0xCE, 0x4F, 0x0E,
    0xAB, 0x48, 0x41, 0x39, 0xF0, 0x32, 0x1F, 0x7B, 0xA9, 0x08, 0xBF, 0xCC, 0x47, 0x60, 0x6A, 0x99,
    0xC1, 0x61, 0xC9, 0x03, 0x6F, 0x15, 0xE8, 0x5C, 0x60, 0xB1, 0x66, 0x1B, 0x67, 0x75, 0x8F, 0x2C,
    0xBB, 0x98, 0x59, 0xF3, 0x1D, 0xCF, 0xB4, 0x6B, 0x5A, 0xAA, 0xDA, 0xCC, 0xB0, 0xE9, 0xBF, 0x9C,
    0x71, 0xCB, 0x26, 0xB0, 0x52, 0x54, 0x09, 0x33, 0x6D, 0x5A, 0x8A, 0x8D, 0x69, 0xDB, 0xA6, 0x89,
    0x96, 0x0B, 0xBC, 0xA0, 0x8D, 0x9B, 0x96, 0xDF, 0x57, 0x34, 0x9A, 0x59, 0x37, 0x53, 0x55, 0x77,
    0x32, 0x6F, 0xFE, 0x37, 0x82, 0x2A, 0x7C, 0x4C, 0xF6, 0xCD, 0x2C, 0xC3, 0x71, 0x41, 0x06, 0x0E,
    0xD8, 0xE9, 0xE9, 0xD7, 0xA5, 0x60, 0x16, 0xCE, 0xF1, 0x17, 0xEE, 0xF5, 0x7C, 0x1D, 0x73, 0x2F,
    0x74, 0x97, 0x7A, 0x43, 0xEE, 0x8A, 0x25, 0x96, 0xCD, 0xFC, 0x0B, 0x73, 0x53, 0xAB, 0x1A, 0xB2,
    0xF6, 0x4A, 0xEF, 0x26, 0xA5, 0x2A, 0x4C, 0xC9, 0x2A, 0xA9, 0xBC, 0x7F, 0xE1, 0xC5, 0xAC, 0x9A,
    0x3F, 0x3D, 0x37, 0xCC, 0x9A, 0x26, 0x2E, 0xC9, 0xCC, 0xAE, 0xE9, 0xBC, 0x84, 0xDF, 0x85, 0x61,
    0x03, 0x0C, 0x6C, 0xE2, 0x42, 0x87, 0x15, 0x96, 0x0D, 0xF0, 0xAF, 0x04, 0xDA, 0xA3, 0x4D, 0x9B,
    0x46, 0xD8, 0x0E, 0x40, 0x66, 0xB6, 0x0D, 0xCC, 0x08, 0xDB, 0x25, 0xE3, 0x26, 0x3C, 0xC3, 0x0A,
    0x93, 0x75, 0x73, 0x95, 0x88, 0xDD, 0x99, 0x20, 0xF3, 0x66, 0xA4, 0xBC, 0x2B, 0x64, 0xDF, 0xE0,
    0x1B, 0x2E, 0x37, 0x70, 0xEE, 0x7C, 0x71, 0x58, 0xAF, 0xCA, 0xF5, 0x44, 0xEF, 0x75, 0x45, 0x4D,
    0x6C, 0x33, 0x58, 0xD0, 0xBC, 0xB6, 0xED, 0xA1, 0x0B, 0x48, 0xD3, 0xDA, 0xB6, 0xAF, 0x3C, 0x40,
    0x05, 0xAB, 0x6D, 0xFF, 0x4C, 0x3E, 0x0A, 0x88, 0xD4, 0xB6, 0x7F, 0x89, 0xFE, 0x1F, 0xCD, 0x69,
    0xDB, 0x52, 0x79, 0xAF, 0x0A, 0x4A, 0xDB, 0xCE, 0x9C, 0x57, 0x05, 0xA3, 0x6D, 0x29, 0xDF, 0x95,
    0x26, 0xB4, 0x40, 0x01, 0x40, 0xDF, 0xC4, 0x67, 0x1F, 0x1E, 0xCB, 0xE7, 0x8C, 0xCE, 0xE2, 0x45,
    0x6C, 0x16, 0xA6, 0x89, 0x3B, 0x0A, 0x4B, 0x64, 0x76, 0xB8, 0x90, 0xBA, 0xAE, 0xB5, 0xC2, 0xF7,
    0x16, 0xB2, 0xD8, 0x12, 0x89, 0x2D, 0x73, 0xD8, 0x32, 0x85, 0xAD, 0x66, 0xB0, 0xCE, 0x35, 0x25,
    0x7B, 0x75, 0xC9, 0x5D, 0x26, 0x15, 0xA4, 0xD6, 0x76, 0x77, 0xFF, 0x83, 0x38, 0xAD, 0xED, 0x4E,
    0x10, 0x9D, 0x72, 0x4A, 0x6B, 0x7F, 0x94, 0x3E, 0xF2, 0x35, 0xA3, 0xB5, 0x4F, 0x43, 0x96, 0x50,
    0x64, 0x4B, 0xC5, 0xB1, 0x73, 0x3E, 0x6B, 0x27, 0x3C, 0xAD, 0x08, 0x16, 0x8B, 0x66, 0xA8, 0xD9,
    0x2C, 0x80, 0xA5, 0xED, 0x13, 0x99, 0x3D, 0xFA, 0x96, 0x34, 0xB8, 0x6C, 0xC2, 0x92, 0x4D, 0x48,
    0x7B, 0x73, 0x4C, 0xD6, 0x34, 0xEF, 0xE3, 0x1B, 0x91, 0x92, 0x75, 0xA5, 0x9C, 0x13, 0x25, 0x6A,
    0x4D, 0x29, 0x38, 0xD1, 0x45, 0x0B, 0xF5, 0x55, 0x70, 0xA2, 0x8B, 0x0E, 0xAE, 0x26, 0x05, 0x27,
    0x1A, 0xA7, 0x88, 0x6B, 0x05, 0x27, 0x9A, 0xC4, 0xD0, 0x4D, 0x9A, 0x13, 0x4D, 0x40, 0x2F, 0x42,
    0x73, 0xA2, 0x09, 0xAE, 0x20, 0x9A, 0x13, 0x8D, 0x31, 0xBF, 0x42, 0x73, 0xA2, 0xAB, 0xA3, 0x41,
    0x22, 0x34, 0x27, 0x52, 0x43, 0x4E, 0x73, 0x22, 0x09, 0x00, 0x23, 0xEA, 0x38, 0xD1, 0x9F, 0xAF,
    0xE9, 0x0E, 0xBB, 0x69, 0xF9, 0x60, 0x91, 0xFC, 0x01, 0xAE, 0x4B, 0x1F, 0x9E, 0xF3, 0xD4, 0x94,
    0x6E, 0x43, 0x4E, 0x79, 0x6E, 0x4A, 0xD7, 0x79, 0x29, 0x79, 0x72, 0x4A, 0x77, 0xE4, 0x6A, 0xFA,
    0x86, 0xD9, 0x29, 0xFD, 0x29, 0xB9, 0x37, 0x30, 0x3D, 0xA5, 0x1F, 0xA2, 0x4C, 0xF9, 0x29, 0x7D,
    0x0F, 0x21, 0x8E, 0x12, 0x54, 0x60, 0x6E, 0x8F, 0x04, 0xCB, 0x50, 0x79, 0x7C, 0xF4, 0x5D, 0xF9,
    0x03, 0xC1, 0x52, 0x54, 0xD4, 0xEA, 0x4C, 0x39, 0x2A, 0x52, 0xFE, 0xE7, 0x6E, 0x26, 0xB3, 0x24,
    0x95, 0x39, 0xBE, 0x54, 0x66, 0x4B, 0x65, 0xAE, 0x34, 0xC7, 0x94, 0xCA, 0x3C, 0x69, 0x5D, 0xFF,
    0x49, 0xD9, 0x13, 0x52, 0xF6, 0x9D, 0x94, 0x5D, 0x27, 0x56, 0x5D, 0xF6, 0x87, 0xCA, 0xED, 0xC9,
    0xA9, 0x52, 0x1B, 0x55, 0x5F, 0xD0, 0xA4, 0xFE, 0xF3, 0x27, 0x44, 0x91, 0x86, 0xC8, 0x6D, 0x0A,
    0x7A, 0xD4, 0x03, 0x75, 0x6A, 0x6A, 0xD4, 0xF1, 0xBA, 0xCC, 0xE5, 0x1B, 0x8E, 0x89, 0x12, 0x59,
    0x2F, 0x63, 0xA2, 0x43, 0xC8, 0x6B, 0x35, 0x15, 0x3A, 0x91, 0x57, 0x87, 0x9A, 0x06, 0xC9, 0xAF,
    0x64, 0xAA, 0x29, 0x10, 0x7C, 0xDE, 0xCC, 0x70, 0xF0, 0x5E, 0xCC, 0xA1, 0x76, 0x61, 0xF8, 0x0F,
    0xB9, 0xCB, 0xD4, 0x10, 0xBA, 0xFC, 0xB6, 0x5E, 0x2D, 0xC5, 0x71, 0x6A, 0x05, 0x03, 0x2C, 0xAB,
    0x49, 0xC8, 0xAE, 0x82, 0xA9, 0xDC, 0xD2, 0x55, 0xD1, 0x9C, 0xDC, 0xCE, 0x85, 0xF9, 0x1A, 0x69,
    0x2B, 0xB7, 0x19, 0x20, 0x24, 0xE6, 0x36, 0x2E, 0xB0, 0x7A, 0x8A, 0x8E, 0x58, 0xD3, 0x46, 0x48,
    0xF6, 0x6D, 0x1F, 0xC9, 0x7D, 0x61, 0xDD, 0xDA, 0x2F, 0x3C, 0xB2, 0x6D, 0xF1, 0x53, 0x0B, 0xCB,
    0xF6, 0x68, 0x22, 0x7F, 0x44, 0xE1, 0x10, 0xF9, 0x48, 0x46, 0xDA, 0xAA, 0x7D, 0x66, 0x4D, 0x42,
    0xC3, 0xA6, 0xBD, 0xA8, 0x5D, 0xED, 0x86, 0xB5, 0x42, 0xB7, 0x76, 0x0D, 0xBC, 0x39, 0xBD, 0x59,
    0x4F, 0xE8, 0x1E, 0xB5, 0xE4, 0xE4, 0x78, 0xDA, 0xFF, 0x2F, 0x57, 0xA3, 0xE9, 0x63, 0x41, 0x58,
    0x8A, 0xA8, 0x5B, 0x20, 0x29, 0x4E, 0xA0, 0x02, 0x47, 0x63, 0x41, 0x28, 0x3A, 0x16, 0x84, 0xA1,
    0x7D, 0xB1, 0xA3, 0x11, 0xD4, 0x79, 0x3E, 0xD6, 0xF8, 0x79, 0x22, 0x67, 0x0C, 0x3D, 0x3D, 0x8D,
    0x9D, 0xE9, 0x79, 0x0D, 0x72, 0x5A, 0x93, 0x73, 0x86, 0x52, 0x8E, 0x4C, 0x18, 0x46, 0x8D, 0x3E,
    0x9B, 0x32, 0x84, 0x8A, 0x35, 0xA6, 0x21, 0x3E, 0x4D, 0xB5, 0x84, 0xE8, 0x34, 0xD2, 0x1A, 0x46,
    0x6C, 0xB2, 0xFF, 0x81, 0x67, 0xCE, 0x35, 0x5F, 0x85, 0x3C, 0x71, 0x4E, 0x7A, 0x0C, 0x95, 0xBE,
    0x0B, 0x33, 0x84, 0x61, 0xD2, 0x6F, 0xE4, 0x94, 0x10, 0xE9, 0x4A, 0x0C, 0x12, 0x13, 0x8F, 0x4C,
    0x34, 0x32, 0xB1, 0xC8, 0x44, 0xA2, 0x12, 0x0E, 0x99, 0x28, 0x54, 0x83, 0x41, 0x7B, 0xB5, 0x6B,
    0x62, 0x52, 0x7B, 0x5B, 0xED, 0xB5, 0x9D, 0x37, 0xD7, 0x9B, 0x37, 0xE5, 0xD7, 0x17, 0xF9, 0x7C,
    0x76, 0x56, 0x5E, 0x44, 0xB6, 0x63, 0x7C, 0xD5, 0x15, 0xD6, 0x5C, 0x5F, 0xCD, 0xD5, 0xB5, 0x6E,
    0x6D, 0xDD, 0xF6, 0xD8, 0x1B, 0xEC, 0xB1, 0x9D, 0xAA, 0x19, 0x78, 0xC8, 0x54, 0x9B, 0x79, 0x94,
    0xF6, 0x4B, 0xDE, 0x24, 0x33, 0x08, 0x54, 0x43, 0x89, 0x3C, 0xA2, 0x44, 0x4D, 0x19, 0x11, 0x25,
    0xB2, 0xFF, 0x2D, 0x21, 0x4A, 0xE4, 0xB8, 0x53, 0xA2, 0x44, 0x1D, 0xD0, 0x23, 0x51, 0x22, 0x50,
    0xB6, 0xA6, 0x44, 0xF8, 0x8E, 0xA6, 0x44, 0xB6, 0x9B, 0x10, 0x25, 0x6A, 0xFF, 0x7B, 0x44, 0x94,
    0xE8, 0x3E, 0x98, 0xBB, 0x44, 0x89, 0xA4, 0x9C, 0x6A, 0x4A, 0x24, 0x1F, 0x4E, 0x92, 0x25, 0x94,
    0xE8, 0x1D, 0x81, 0xA8, 0xBD, 0x9A, 0xBF, 0xCE, 0xC3, 0x2B, 0xFB, 0xF3, 0xB7, 0xF2, 0x55, 0x64,
    0x2A, 0x08, 0x8A, 0xF7, 0xF2, 0x71, 0x4D, 0xD6, 0x00, 0x19, 0x80, 0x6D, 0x18, 0xB3, 0x7A, 0xB7,
    0x96, 0x3B, 0xD6, 0x5E, 0x1F, 0x07, 0x99, 0x6A, 0xEE, 0xF1, 0x71, 0xA0, 0x1B, 0x0A, 0x6F, 0x8F,
    0xE3, 0x1E, 0x68, 0x4F, 0x8F, 0x2D, 0xA7, 0x14, 0xC0, 0x96, 0x53, 0xED, 0xE1, 0x11, 0x77, 0x12,
    0xED, 0xDD, 0x81, 0x01, 0xA3, 0x3D, 0x3B, 0x47, 0x83, 0x90, 0x05, 0xAD, 0x69, 0xDF, 0x96, 0xB2,
    0xBA, 0xAA, 0xC2, 0xD5, 0x7C, 0x47, 0x92, 0x75, 0x19, 0xD7, 0x08, 0xCB, 0x37, 0x2E, 0x91, 0x75,
    0xA1, 0x6D, 0xE2, 0x4E, 0x40, 0xBE, 0x19, 0x0B, 0x66, 0xBF, 0xF6, 0xCC, 0x34, 0x2F, 0x67, 0xCC,
    0x2F, 0x83, 0xCE, 0xC8, 0xC2, 0x2B, 0x63, 0x7B, 0x0E, 0xF9, 0x64, 0x94, 0xA0, 0x3D, 0x32, 0x5E,
    0x87, 0xF9, 0x63, 0x82, 0x1E, 0x0B, 0x2F, 0x5E, 0x4E, 0xC9, 0x17, 0x73, 0x04, 0xB3, 0x9E, 0x7B,
    0x62, 0xD8, 0x8E, 0x9A, 0xE7, 0x8F, 0x66, 0x86, 0x17, 0x66, 0x58, 0xEB, 0x72, 0x59, 0x71, 0xD0,
    0xF6, 0x6A, 0xFD, 0x2E, 0x86, 0xD7, 0xC5, 0xF4, 0xB9, 0x98, 0x1E, 0x97, 0x2A, 0x7F, 0x8B, 0x11,
    0xEC, 0xED, 0xF7, 0xEB, 0x84, 0x9D, 0x95, 0x71, 0x98, 0x2D, 0x05, 0x09, 0x0B, 0x79, 0xF5, 0x25,
    0x0B, 0x78, 0x3D, 0x19, 0xF8, 0x14, 0xEE, 0x4A, 0x30, 0x77, 0x27, 0x27, 0x34, 0x16, 0x46, 0xFF,
    0x35, 0xA1, 0x41, 0xA1, 0x20, 0x34, 0x4A, 0xD0, 0x84, 0x06, 0x9F, 0xD1, 0x84, 0xE6, 0xC1, 0xC8,
    0x25, 0x42, 0x33, 0x92, 0x47, 0x82, 0x08, 0x8D, 0xCC, 0x92, 0x64, 0x14, 0xA1, 0x49, 0x4F, 0xA4,
    0xBF, 0x11, 0x84, 0x86, 0xDF, 0xB2, 0x76, 0xD9, 0xBB, 0x46, 0x39, 0x07, 0xF4, 0x7C, 0x37, 0x99,
    0xC2, 0x73, 0x74, 0x1C, 0x14, 0x70, 0x8E, 0xE5, 0x02, 0xCD, 0x31, 0x8F, 0xAE, 0x00, 0x73, 0x28,
    0x6B, 0x2C, 0x6F, 0xFB, 0x3C, 0x9B, 0x89, 0x21, 0x39, 0xB3, 0x6D, 0x07, 0x57, 0xE4, 0xE1, 0x97,
    0x13, 0xCA, 0x5E, 0x4A, 0xCC, 0xCC, 0xA5, 0x8B, 0x9A, 0x5E, 0x19, 0xD6, 0x94, 0xBB, 0x35, 0x3D,
    0x72, 0xB7, 0xA6, 0x0B, 0x9C, 0x1A, 0x55, 0x57, 0x77, 0x46, 0x33, 0xB8, 0x86, 0x10, 0xBE, 0xA6,
    0xD0, 0x08, 0x59, 0x9D, 0x0A, 0x41, 0x45, 0xD2, 0x8A, 0xC8, 0xBD, 0x0A, 0xA2, 0xE9, 0x30, 0x3E,
    0xC6, 0xCF, 0x28, 0xA6, 0x6F, 0x49, 0x8F, 0x05, 0xF8, 0x27, 0x01, 0x08, 0x3C, 0x7F, 0x86, 0xC5,
    0xCA, 0x1A, 0x46, 0xDE, 0x8C, 0x91, 0x33, 0xF3, 0x82, 0xE5, 0xCB, 0xA4, 0xA5, 0x5C, 0x19, 0x83,
    0xBE, 0x18, 0xEC, 0xC5, 0x20, 0x2F, 0x26, 0x77, 0x31, 0xA8, 0xCB, 0x8A, 0x5C, 0xD3, 0xA0, 0x8F,
    0x06, 0xCF, 0x34, 0x68, 0x66, 0x35, 0xCB, 0xDC, 0xF6, 0xDC, 0xDB, 0xEB, 0xB9, 0x78, 0x59, 0x31,
    0x59, 0x56, 0xBC, 0x58, 0x56, 0x1C, 0x53, 0xF6, 0xF0, 0x98, 0x12, 0x87, 0xC7, 0x94, 0x33, 0x3C,
    0xA6, 0x74, 0xE1, 0x21, 0x65, 0x0A, 0x0F, 0x29, 0x49, 0x78, 0xC8, 0xF7, 0x5B, 0xE9, 0xD4, 0xE0,
    0x31, 0x9D, 0x32, 0x90, 0x50, 0x42, 0x70, 0x44, 0xB9, 0xC0, 0x5E, 0xDD, 0xE0, 0x24, 0xD0, 0x50,
    0xD9, 0xA7, 0x5D, 0x2A, 0xF6, 0xE8, 0x86, 0xFD, 0x7A, 0x9F, 0xF3, 0x2A, 0xE0, 0xB6, 0x7E, 0x99,
    0x18, 0xD1, 0x90, 0xE5, 0xBD, 0x1F, 0xB0, 0x94, 0xF7, 0x03, 0x41, 0xD9, 0xEE, 0x5D, 0x41, 0x89,
    0xEE, 0x5D, 0x96, 0xE3, 0xDE, 0x65, 0xE9, 0xED, 0x5D, 0x9E, 0xD9, 0xCE, 0x92, 0xDA, 0xFB, 0x94,
    0xCF, 0x7E, 0x24, 0xFF, 0x99, 0x52, 0xD9, 0x5F, 0xA5, 0x94, 0xC5, 0xFE, 0x2B, 0x60, 0x41, 0x3B,
    0xAC, 0x76, 0x3D, 0xD6, 0xB5, 0x3D, 0xAD, 0xBF, 0x0B, 0xF5, 0xBB, 0xCF, 0xB4, 0xD2, 0x67, 0x2D,
    0xDB, 0x99, 0x83, 0x76, 0x4E, 0x7F, 0x38, 0xFB, 0x31, 0xC8, 0x8F, 0xC1, 0x7D, 0x2A, 0xA8, 0xCF,
    0x3A, 0x4B, 0xEB, 0x21, 0x95, 0x95, 0xF1, 0x94, 0x2F, 0xA1, 0xCA, 0x76, 0x2A, 0x96, 0xD3, 0xC3,
    0xED, 0x32, 0x7B, 0xED, 0x65, 0x96, 0xA5, 0x61, 0xF2, 0xA2, 0x5F, 0x2E, 0xEE, 0x51, 0x31, 0xA1,
    0x22, 0x9A, 0x46, 0x2D, 0xBA, 0x81, 0xA5, 0x8C, 0x94, 0x8A, 0x9F, 0xEB, 0x1B, 0x0A, 0xAB, 0xA8,
    0x45, 0x87, 0x58, 0x40, 0x51, 0x1F, 0x62, 0xE1, 0x6B, 0x93, 0xA8, 0xE9, 0x93, 0x45, 0x14, 0x50,
    0xC8, 0x9B, 0x52, 0x79, 0x5B, 0xBE, 0x36, 0x87, 0x4E, 0x7D, 0xB2, 0x86, 0xDC, 0x25, 0x87, 0x58,
    0x34, 0xFD, 0x35, 0xCB, 0xC1, 0xDA, 0x65, 0x8D, 0x04, 0x4D, 0x66, 0x1A, 0x41, 0x99, 0x2C, 0xA3,
    0x90, 0x0C, 0x23, 0x55, 0xCE, 0xED, 0x22, 0x2C, 0x17, 0x66, 0x11, 0x96, 0x0B, 0xAB, 0x08, 0xCB,
    0x3A, 0xED, 0x32, 0xE2, 0x29, 0x97, 0x64, 0x12, 0x9D, 0x18, 0xA9, 0x96, 0x14, 0x98, 0x9E, 0xB5,
    0x8D, 0xA8, 0xF4, 0xB0, 0xC6, 0x00, 0x5A, 0x65, 0x54, 0xDE, 0x38, 0x12, 0xAC, 0x3A, 0xFA, 0xEA,
    0x8B, 0xAD, 0x15, 0x8A, 0x45, 0x4C, 0xB9, 0x45, 0x07, 0x53, 0xB4, 0xE8, 0x60, 0x8A, 0x16, 0x85,
    0x92, 0xB1, 0xDB, 0xF3, 0x38, 0x32, 0x16, 0x8B, 0xA4, 0xC8, 0x80, 0x12, 0x22, 0x29, 0x19, 0xB2,
    0x45, 0xB1, 0xE3, 0x53, 0x9F, 0x02, 0xC7, 0x6E, 0xCD, 0xC1, 0x14, 0x7A, 0x09, 0x85, 0x75, 0x89,
    0x16, 0xD1, 0x46, 0x1E, 0xD5, 0xCE, 0x9C, 0xCE, 0x92, 0xED, 0xBB, 0xB1, 0xBF, 0x67, 0x6C, 0xBA,
    0x61, 0x1B, 0x98, 0x8D, 0xED, 0xCB, 0x17, 0xB0, 0xAE, 0x15, 0x0B, 0xAA, 0x95, 0x88, 0x0B, 0xB6,
    0xD1, 0xE6, 0xB3, 0x98, 0x16, 0xD5, 0x2F, 0xD9, 0xB2, 0x9A, 0x5A, 0x13, 0x6F, 0x11, 0xF3, 0x33,
    0xFA, 0xC7, 0xAF, 0x13, 0xAC, 0xCA, 0x7C, 0x17, 0x0C, 0x70, 0xE9, 0x64, 0x17, 0x27, 0x61, 0x99,
    0x2E, 0x7D, 0x9E, 0xE6, 0x92, 0x00, 0x01, 0xA2, 0x1C, 0x17, 0x9E, 0xBB, 0xCF, 0x33, 0xF7, 0xA1,
    0x48, 0x93, 0xDD, 0xF6, 0xD9, 0x74, 0x1F, 0xA5, 0x03, 0x4F, 0x4F, 0xF8, 0x99, 0x94, 0x94, 0xD1,
    0x12, 0x7F, 0x58, 0x99, 0xAF, 0xBF, 0xA3, 0xC3, 0xE4, 0x9A, 0x15, 0xAA, 0xC8, 0x0E, 0xF1, 0x42,
    0xA8, 0xA9, 0xCB, 0x98, 0xA1, 0x8A, 0xEF, 0x10, 0x37, 0x84, 0xDA, 0x06, 0x06, 0x3B, 0x34, 0x32,
    0xE3, 0x55, 0x8D, 0x89, 0x21, 0xAA, 0x3A, 0x13, 0x47, 0x1C, 0x4C, 0xEE, 0x71, 0x96, 0x88, 0xF5,
    0x8E, 0x89, 0x27, 0x62, 0xCD, 0x0D, 0xA6, 0xF8, 0xC9, 0x86, 0x1E, 0xEB, 0xB0, 0x31, 0x03, 0xBC,
    0xDE, 0x53, 0x3B, 0xEF, 0x5A, 0xD8, 0xDF, 0x94, 0x01, 0x3E, 0xD7, 0x15, 0x7A, 0x35, 0x8A, 0xEA,
    0x04, 0xE3, 0x36, 0xAB, 0xD6, 0x53, 0x62, 0x08, 0x2B, 0xA4, 0xA4, 0xDE, 0x6E, 0xA0, 0x5B, 0x18,
    0x7A, 0x9C, 0xAE, 0x1B, 0x7A, 0x7C, 0x87, 0x47, 0x15, 0xEF, 0xF5, 0xC6, 0x6A, 0x63, 0xE8, 0x36,
    0x0C, 0x8A, 0x6B, 0x81, 0x43, 0xE5, 0x65, 0x04, 0x77, 0x52, 0x23, 0x94, 0xE3, 0x53, 0x9A, 0x1B,
    0xC6, 0x0F, 0xE8, 0xB4, 0xAC, 0x5F, 0xCF, 0x68, 0xDF, 0x86, 0xED, 0x4A, 0xDA, 0xB5, 0x61, 0x0B,
    0x49, 0xD4, 0xC4, 0x16, 0x5F, 0xB1, 0x0C, 0xB7, 0x7B, 0xBF, 0x8D, 0x35, 0x3D, 0x69, 0xFF, 0x3C,
    0x9A, 0x6A, 0x82, 0xD2, 0x94, 0xFE, 0x58, 0x53, 0x94, 0xFB, 0xD2, 0x4B, 0x78, 0x76, 0x5B, 0xAC,
    0x69, 0x4A, 0xFA, 0xF5, 0x82, 0xAE, 0x55, 0x1E, 0x18, 0x70, 0xDD, 0x59, 0x32, 0xFF, 0x2C, 0x57,
    0x7B, 0x9B, 0x0F, 0xA2, 0xD6, 0xAC, 0x58, 0x9C, 0xBF, 0x9D, 0x2F, 0xC3, 0x45, 0xD2, 0xC5, 0x83,
    0x41, 0xC8, 0xB2, 0x2E, 0xEC, 0x84, 0xD2, 0x2E, 0x22, 0xBC, 0x45, 0xE7, 0x5D, 0xB4, 0x1F, 0x51,
    0xE2, 0x45, 0x62, 0x7F, 0xD3, 0xD3, 0x99, 0x17, 0x67, 0x9D, 0x6C, 0xEB, 0x9F, 0x4A, 0xBD, 0xE8,
    0xCF, 0xB2, 0xB9, 0xA0, 0x72, 0x2F, 0x06, 0xD3, 0xB6, 0xCF, 0x53, 0xD7, 0x28, 0xFB, 0xE2, 0x59,
    0x27, 0xAD, 0x4B, 0xBF, 0xA8, 0x44, 0x45, 0x56, 0x5C, 0x0A, 0x8F, 0xEF, 0xD8, 0x79, 0x7E, 0x0B,
    0xA6, 0x79, 0xA3, 0x72, 0x9A, 0xF3, 0x99, 0xD1, 0xE0, 0xB4, 0xA3, 0x61, 0xB0, 0x0E, 0xC5, 0xA0,
    0x2E, 0x0C, 0xFE, 0xC4, 0xD8, 0x93, 0x88, 0x19, 0x77, 0xC2, 0xCD, 0xD7, 0x75, 0xBE, 0xB5, 0x43,
    0xEE, 0x5B, 0x9B, 0x71, 0xDF, 0xDA, 0xEC, 0x6D, 0xF8, 0xD6, 0xF8, 0xF0, 0xE5, 0xBB, 0x9E, 0x79,
    0xD9, 0x12, 0xC2, 0x48, 0xEA, 0xE7, 0xFB, 0x94, 0xF9, 0x1E, 0x65, 0x9D, 0xC5, 0x1F, 0xB2, 0x04,
    0xFE, 0x90, 0xE5, 0xEE, 0x07, 0x3C, 0x6D, 0xBF, 0xCE, 0xBD, 0xC0, 0xA2, 0xB1, 0x93, 0x98, 0xB9,
    0x17, 0xA2, 0x85, 0xEE, 0x85, 0x3C, 0xEB, 0x8C, 0xA7, 0xA3, 0xF1, 0x32, 0xCF, 0x4C, 0xBB, 0x71,
    0xF7, 0xC2, 0x2D, 0x9C, 0x32, 0xE5, 0x89, 0xC3, 0x16, 0x44, 0xBE, 0x36, 0xBA, 0xFF, 0x5F, 0x66,
    0xDA, 0x1E, 0x9F, 0x69, 0x31, 0x9B, 0x69, 0x45, 0x7E, 0x83, 0xB1, 0x2F, 0xB7, 0xDA, 0x1E, 0xD9,
    0x59, 0x2D, 0x84, 0x47, 0x83, 0x85, 0x43, 0x33, 0x8F, 0xC7, 0xAB, 0x34, 0x13, 0x1A, 0x67, 0x9F,
    0x46, 0xE4, 0x0A, 0xC0, 0x24, 0x13, 0x2D, 0x60, 0x8E, 0x89, 0x91, 0x92, 0x6B, 0xE4, 0xE3, 0x3A,
    0x3C, 0xC1, 0x64, 0xF4, 0x9C, 0x1D, 0x16, 0x97, 0xCA, 0x90, 0xD2, 0x4B, 0xC2, 0x51, 0x68, 0x64,
    0x97, 0x6C, 0x46, 0x74, 0x66, 0xAB, 0xEB, 0x2A, 0x5D, 0xB3, 0xFD, 0xA1, 0x7C, 0x73, 0x28, 0xDF,
    0x19, 0x5A, 0x6C, 0x0B, 0x85, 0xEA, 0xEB, 0x3D, 0xA1, 0xC5, 0xD9, 0x12, 0x98, 0xF8, 0x67, 0x0B,
    0x0A, 0x93, 0x3B, 0x82, 0xA2, 0xE4, 0x7D, 0x96, 0xF5, 0x27, 0x9F, 0x52, 0x8C, 0xFC, 0x95, 0x0C,
    0x74, 0x88, 0x3C, 0x98, 0x04, 0x3C, 0x42, 0x5E, 0xE9, 0x8C, 0x73, 0x5D, 0xED, 0x8C, 0x6B, 0xFC,
    0x77, 0x44, 0xE5, 0xFF, 0x89, 0x88, 0xA4, 0xC2, 0x3D, 0x37, 0x8E, 0xE1, 0x5F, 0x23, 0x76, 0xD6,
    0x23, 0x6E, 0xD6, 0x21, 0x66, 0xE6, 0x10, 0x2F, 0xB3, 0x5D, 0xCD, 0xCA, 0x6C, 0x4F, 0x73, 0xB2,
    0x36, 0x31, 0xB2, 0xB6, 0xA7, 0xF9, 0x58, 0x76, 0x0C, 0x43, 0xC6, 0xC6, 0x68, 0x1B, 0xC1, 0x8C,
    0xF6, 0x10, 0x3C, 0x13, 0x8B, 0x8F, 0x1B, 0x62, 0xE3, 0xDB, 0xFE, 0xA6, 0x5B, 0x51, 0xD4, 0xA7,
    0x69, 0x1B, 0x54, 0xFD, 0xAC, 0x56, 0x58, 0x71, 0x17, 0xDF, 0x66, 0xB1, 0xA0, 0x43, 0x36, 0x23,
    0x00, 0x92, 0x69, 0x46, 0x20, 0x3E, 0xD3, 0x8C, 0x38, 0x7C, 0x3B, 0xE8, 0x63, 0xBE, 0xDA, 0xFA,
    0x85, 0x5F, 0xEB, 0x6F, 0xA2, 0x7D, 0xDC, 0xC6, 0xA8, 0x34, 0x14, 0x5E, 0xD2, 0x78, 0xA6, 0xF2,
    0xAE, 0xE0, 0x3A, 0x67, 0x7B, 0x3B, 0x26, 0x18, 0x7E, 0xE4, 0x5A, 0x1F, 0x0B, 0xA6, 0x76, 0x34,
    0xDF, 0x49, 0xEF, 0xF7, 0xE5, 0xC7, 0x7C, 0xDB, 0xEA, 0x8B, 0x62, 0xFB, 0x05, 0x6A, 0x5E, 0x7E,
    0x43, 0x0A, 0xF3, 0x08, 0x8B, 0xCA, 0xB4, 0xC2, 0x3D, 0x31, 0xBF, 0x32, 0x96, 0x8F, 0xAD, 0x30,
    0xCF, 0xAC, 0x78, 0x8B, 0x89, 0xA0, 0xDB, 0x7E, 0x58, 0xAF, 0x1F, 0x4A, 0x07, 0xDD, 0xCC, 0x49,
    0xA4, 0xCF, 0xFD, 0xDB, 0xAE, 0xCF, 0x4A, 0x3F, 0xF4, 0xBB, 0x90, 0xE0, 0xBC, 0xED, 0xA3, 0x37,
    0x90, 0xD2, 0xCC, 0x15, 0xD0, 0xED, 0xD6, 0x09, 0x74, 0x3E, 0xC9, 0xEA, 0x6C, 0x51, 0x67, 0xEC,
    0x20, 0x5B, 0xD4, 0x11, 0x54, 0x64, 0x8B, 0x20, 0x10, 0x5B, 0xD4, 0x67, 0x0C, 0x20, 0x5B, 0xB4,
    0xF9, 0x41, 0xCE, 0x83, 0x4B, 0x83, 0x2D, 0x26, 0xC4, 0x16, 0xE3, 0x4E, 0xBC, 0x89, 0xCC, 0x7C,
    0xAB, 0xEB, 0x3A, 0x5D, 0xDF, 0x92, 0xE3, 0xC2, 0xF7, 0x4C, 0x2D, 0x0C, 0x4D, 0x3D, 0x9C, 0x99,
    0x9A, 0xD8, 0x7F, 0xAB, 0xF1, 0x3B, 0x42, 0x3B, 0xD7, 0x80, 0x3B, 0x5B, 0xA7, 0x61, 0x29, 0xBC,
    0xB3, 0xF5, 0xF6, 0x0E, 0x05, 0x78, 0x3B, 0xCC, 0x9D, 0x8E, 0x88, 0x87, 0x7E, 0x2D, 0x06, 0x79,
    0xE8, 0xA5, 0x66, 0x98, 0x87, 0x7E, 0x6A, 0x06, 0x7A, 0xB8, 0xEF, 0x8A, 0x50, 0xEF, 0x78, 0x92,
    0xE1, 0x67, 0x01, 0x7B, 0x78, 0x3F, 0xC3, 0xBD, 0xF3, 0xDC, 0x55, 0xC5, 0xFC, 0xC8, 0x0B, 0xE2,
    0xA4, 0xAE, 0xA1, 0xE7, 0x66, 0x60, 0xE8, 0x59, 0x65, 0x5C, 0x90, 0x9E, 0x95, 0xEF, 0xAB, 0x52,
    0xCF, 0xDB, 0x51, 0xB7, 0xC8, 0x38, 0x3A, 0x5B, 0xFA, 0xC2, 0xBE, 0x58, 0xFB, 0xBA, 0xDD, 0xE7,
    0xD9, 0xD5, 0x46, 0xF1, 0xAB, 0xCE, 0xAD, 0x99, 0x3B, 0xB6, 0x66, 0xB1, 0xEF, 0x6C, 0x7B, 0xF0,
    0xCF, 0xB5, 0x0F, 0xFE, 0x59, 0x13, 0x57, 0x45, 0xC5, 0xB1, 0x80, 0xF3, 0xE7, 0x02, 0xD6, 0x6F,
    0x6F, 0x57, 0xD7, 0xF6, 0xE4, 0xC8, 0x8D, 0x9B, 0x69, 0xEB, 0x8D, 0x91, 0xEB, 0x9C, 0x1C, 0x29,
    0x16, 0x86, 0x54, 0xB7, 0x87, 0x86, 0x6D, 0xB1, 0x63, 0xBB, 0xBB, 0x62, 0xD5, 0xDD, 0x15, 0x37,
    0x11, 0x97, 0xBA, 0x59, 0xFB, 0xEE, 0xEE, 0x6A, 0x42, 0xE7, 0x75, 0x85, 0x9A, 0xA0, 0xCE, 0x07,
    0x4C, 0xB0, 0x32, 0xB7, 0x3D, 0x31, 0x59, 0x87, 0xF3, 0x58, 0x87, 0xB3, 0x58, 0x2D, 0x20, 0x87,
    0x75, 0x04, 0x63, 0xB0, 0x80, 0x3E, 0x2C, 0x8E, 0xC3, 0xD9, 0x6B, 0xF6, 0x8F, 0x26, 0xB5, 0xB5,
    0xE8, 0xF2, 0x38, 0x8E, 0xBB, 0x61, 0x96, 0xF9, 0xE6, 0x7A, 0x80, 0xB0, 0x2D, 0xA4, 0x45, 0xFB,
    0xAF, 0x3C, 0xA6, 0x46, 0x94, 0x48, 0x8F, 0xAA, 0xD5, 0x6F, 0xC9, 0x4B, 0xB7, 0xB9, 0x5E, 0x64,
    0xA6, 0xCF, 0x98, 0xEB, 0xD3, 0x8A, 0x0D, 0x7D, 0x1E, 0xBE, 0x5D, 0x7D, 0x6E, 0x94, 0x17, 0x68,
    0x6F, 0x8F, 0x8D, 0xC8, 0xF1, 0x98, 0x0D, 0xC8, 0xF1, 0x98, 0x8D, 0x47, 0xFC, 0xA7, 0x00, 0x6F,
    0x1C, 0x91, 0x51, 0x6F, 0x74, 0x4C, 0xB6, 0xD2, 0xDC, 0x28, 0xE4, 0xBA, 0xB3, 0xC8, 0xD7, 0x81,
    0xDA, 0x6B, 0x86, 0x63, 0x8E, 0x8B, 0x6D, 0xBF, 0xC7, 0x91, 0xD1, 0x46, 0x0C, 0x66, 0x47, 0x7C,
    0xB9, 0x36, 0x47, 0xC7, 0x91, 0x6F, 0xE8, 0xF1, 0x55, 0x6C, 0xC7, 0x0C, 0x21, 0x23, 0x4C, 0x3E,
    0x21, 0x5D, 0xFA, 0x9D, 0xA9, 0x81, 0x92, 0x98, 0x98, 0xB7, 0xC1, 0xFF, 0xEA, 0x6F, 0xC9, 0x00,
    0xB7, 0x57, 0x3A, 0xB7, 0x64, 0x69, 0x35, 0x25, 0xEF, 0xD7, 0xB6, 0x9E, 0x06, 0x6A, 0xA1, 0xFB,
    0x9B, 0x88, 0xF5, 0x6A, 0x4F, 0x07, 0x7D, 0xD4, 0xD1, 0x6D, 0x3A, 0x28, 0xDB, 0x51, 0x87, 0x38,
    0x27, 0xAC, 0x4B, 0xBB, 0x82, 0xFB, 0x6B, 0xFA, 0x9A, 0xA8, 0xA8, 0xE5, 0xEE, 0xCB, 0xC0, 0xF0,
    0xD6, 0x3C, 0x75, 0x8D, 0xE3, 0xDA, 0x22, 0x76, 0x58, 0xDB, 0x67, 0x32, 0xDA, 0xF8, 0x63, 0x63,
    0xDC, 0x3A, 0xC3, 0x74, 0x9B, 0x27, 0x78, 0xC3, 0x2C, 0x91, 0x1F, 0x5F, 0xDE, 0xFA, 0x75, 0x50,
    0x59, 0xAE, 0x3E, 0xE2, 0xBC, 0x7E, 0x59, 0x58, 0x74, 0x62, 0x89, 0xFA, 0x24, 0x75, 0xE0, 0xE6,
    0x58, 0x27, 0x22, 0x3B, 0x62, 0xA8, 0xF3, 0x90, 0x1D, 0x71, 0xA0, 0xD3, 0x90, 0xF1, 0xC4, 0x12,
    0x3A, 0x68, 0x73, 0x4A, 0x3B, 0xA4, 0xD4, 0xA1, 0xB6, 0xF9, 0x7F, 0x73, 0xBD, 0x93, 0xD0, 0x3F,
    0x73, 0xB5, 0x62, 0x9D, 0x81, 0x7C, 0x34, 0x08, 0x59, 0x02, 0x32, 0xFD, 0xFF, 0xDE, 0xEC, 0x9C,
    0x48, 0x31, 0x97, 0x7E, 0xFC, 0x76, 0xB6, 0x86, 0xBD, 0x4B, 0x1B, 0x13, 0xB7, 0x07, 0x29, 0xBD,
    0x01, 0x0C, 0xFB, 0x3F, 0xDD, 0x3D, 0x5B, 0x6C, 0x1C, 0xD7, 0x75, 0x67, 0x66, 0x48, 0x6E, 0xAC,
    0xA1, 0x38, 0x2C, 0x20, 0xDA, 0xB2, 0xA8, 0x7A, 0x54, 0x54, 0x1F, 0xB2, 0x63, 0x73, 0x89, 0x40,
    0x2D, 0x14, 0x94, 0xBB, 0x33, 0x4E, 0x5A, 0x1B, 0x68, 0x80, 0x80, 0x1F, 0xA6, 0xD4, 0x84, 0x40,
    0xE5, 0x16, 0x4E, 0xE0, 0xBA, 0x49, 0xC9, 0xA2, 0x6E, 0x13, 0xB7, 0x94, 0x76, 0x1D, 0x17, 0xF0,
    0x47, 0x82, 0x5A, 0x4E, 0xC3, 0x14, 0x28, 0x10, 0x54, 0x05, 0x14, 0xC0, 0x51, 0xD0, 0x88, 0x40,
    0xF4, 0x41, 0xA7, 0x6B, 0xEE, 0x38, 0xFE, 0xE8, 0x47, 0x3E, 0x32, 0x4E, 0x2A, 0xE4, 0x23, 0x69,
    0xBD, 0x45, 0xC4, 0x24, 0x8D, 0x8B, 0x72, 0xD2, 0x4C, 0xEC, 0xA1, 0xB5, 0x3B, 0xB7, 0xE7, 0x9C,
    0x7B, 0x67, 0xE6, 0xCE, 0x3E, 0x24, 0x59, 0x96, 0xEC, 0x38, 0xBB, 0xCB, 0x3B, 0xF7, 0xCE, 0xCE,
    0xCE, 0x9C, 0x39, 0xE7, 0xDC, 0xF3, 0xBE, 0x43, 0x80, 0xE2, 0x35, 0xAD, 0xF5, 0xC1, 0x8C, 0xF4,
    0x51, 0x35, 0xD6, 0xBF, 0x12, 0x4D, 0x6D, 0xE4, 0x26, 0xFA, 0x81, 0x6D, 0xFD, 0x2B, 0xB3, 0xF4,
    0x95, 0xD5, 0x29, 0x9D, 0x5F, 0x3F, 0x23, 0xC0, 0x56, 0xD1, 0xBD, 0x13, 0x2F, 0x97, 0x9F, 0xC5,
    0x10, 0x01, 0xD8, 0xF9, 0x0F, 0x2D, 0xD1, 0xD1, 0x4E, 0xEA, 0x3C, 0x89, 0x30, 0xBE, 0x90, 0x83,
    0x08, 0xF8, 0x85, 0x97, 0x8D, 0x6A, 0xB0, 0x86, 0x07, 0x34, 0x61, 0x8A, 0x47, 0x2F, 0x40, 0x1D,
    0xC0, 0x0E, 0xC1, 0xC5, 0xB6, 0x09, 0xC2, 0xC7, 0xC3, 0x9C, 0x88, 0xF6, 0x39, 0xE9, 0x09, 0x11,
    0x7A, 0x97, 0x96, 0xDA, 0xA9, 0x5F, 0x03, 0x98, 0x10, 0xE2, 0x25, 0x81, 0xAF, 0x5E, 0x23, 0xA9,
    0xD1, 0x9D, 0x09, 0x68, 0xFF, 0x4C, 0x88, 0x8E, 0x1D, 0xD3, 0x08, 0x7F, 0x38, 0xE1, 0xF3, 0xD9,
    0xEA, 0x74, 0x6D, 0x3F, 0xBF, 0xAE, 0xAF, 0x5D, 0x16, 0x1C, 0x04, 0xB0, 0x97, 0x8F, 0x2A, 0xE2,
    0xBC, 0xD0, 0xEE, 0xB3, 0x2D, 0x84, 0x5F, 0x8C, 0x26, 0xBE, 0x71, 0x06, 0xAE, 0xEF, 0x65, 0x18,
    0xFA, 0xC8, 0xFE, 0x56, 0xA0, 0x8F, 0xBE, 0x1D, 0x8C, 0x3C, 0x32, 0x7F, 0x15, 0x57, 0x35, 0xA2,
    0x61, 0x5D, 0x58, 0xBC, 0x16, 0x08, 0x87, 0xF8, 0x1C, 0x7C, 0xF6, 0xD8, 0x21, 0xFA, 0xB7, 0xE9,
    0x2E, 0xBB, 0x8E, 0x40, 0xA4, 0x37, 0x44, 0x08, 0xB0, 0x36, 0x36, 0x8E, 0xBB, 0xA7, 0x67, 0x7B,
    0x84, 0x7B, 0xC4, 0x2B, 0x7E, 0xDB, 0xB8, 0x4C, 0x5D, 0x4B, 0x10, 0x92, 0x12, 0x98, 0xC3, 0x76,
    0x97, 0x08, 0x1A, 0x62, 0x77, 0x22, 0x6D, 0x21, 0x7E, 0xAF, 0x84, 0x50, 0xBB, 0xBD, 0x1D, 0x7B,
    0x4B, 0xCB, 0xE2, 0x33, 0xBB, 0x4B, 0x2D, 0x91, 0xFA, 0x55, 0x81, 0x27, 0x14, 0x22, 0x16, 0x67,
    0x10, 0x77, 0xA9, 0x0F, 0x55, 0x71, 0x55, 0x1C, 0x8D, 0x15, 0xDD, 0x5A, 0xD1, 0xAD, 0x17, 0xDD,
    0x7D, 0x43, 0xBB, 0xF4, 0x3A, 0x75, 0xD5, 0xE1, 0x3E, 0x78, 0x13, 0x2F, 0x09, 0xC5, 0xD9, 0x7C,
    0x76, 0x10, 0xC5, 0xED, 0x5E, 0x3E, 0x24, 0x9A, 0x57, 0x73, 0xC2, 0xFB, 0x2B, 0xF8, 0xF5, 0x29,
    0x27, 0x28, 0x18, 0xBC, 0x09, 0x49, 0x25, 0x2C, 0x78, 0x24, 0x34, 0x23, 0x9C, 0x29, 0x53, 0x19,
    0x03, 0xF9, 0x56, 0x84, 0x84, 0x92, 0x8C, 0x0B, 0x8D, 0x57, 0x7C, 0xBB, 0x8B, 0x7C, 0xCE, 0x9C,
    0xBB, 0xB4, 0x92, 0xDA, 0xDB, 0x2B, 0xED, 0xFB, 0x33, 0xD6, 0x15, 0xA1, 0x25, 0x52, 0x17, 0x91,
    0x27, 0x79, 0x17, 0x71, 0xDD, 0x4E, 0x2C, 0xF1, 0xD9, 0x48, 0x31, 0x2F, 0xBF, 0x3E, 0xD2, 0xCF,
    0xBD, 0x7D, 0xEC, 0xDB, 0xC7, 0xBF, 0xFD, 0x0C, 0xDC, 0xC7, 0xC1, 0x6F, 0x82, 0x85, 0x07, 0x79,
    0xB3, 0xCC, 0xC6, 0x7D, 0x7C, 0x3C, 0x8A, 0x91, 0xED, 0xE6, 0xD0, 0x6E, 0x70, 0xFD, 0xDD, 0xCA,
    0xF5, 0x74, 0xCF, 0x4A, 0x61, 0x88, 0x5D, 0xA4, 0x63, 0x05, 0x85, 0x0E, 0x75, 0xAB, 0x02, 0x79,
    0x39, 0xE5, 0x2E, 0xD2, 0xCF, 0x30, 0x1A, 0x21, 0x58, 0x01, 0xD2, 0x2E, 0x90, 0x64, 0x0A, 0x98,
    0x6E, 0x24, 0xB0, 0xAC, 0x90, 0x69, 0x06, 0x76, 0x8A, 0x7B, 0x99, 0x5E, 0x46, 0x7B, 0x0B, 0x7F,
    0x56, 0x6D, 0x9B, 0xE9, 0x52, 0x3B, 0x71, 0x2F, 0x9D, 0x0C, 0x88, 0x4E, 0x42, 0x34, 0x6D, 0x44,
    0x27, 0xD1, 0x48, 0x5C, 0xC6, 0xDF, 0xF5, 0x24, 0x7D, 0x46, 0xBC, 0x0A, 0xB4, 0x5B, 0xD1, 0xB0,
    0x2E, 0xF8, 0x23, 0x7F, 0x50, 0xBA, 0x7F, 0xE2, 0x30, 0xED, 0x8B, 0x54, 0xFB, 0xA2, 0xA1, 0x09,
    0x68, 0x53, 0xFF, 0xC2, 0xD6, 0x25, 0xB7, 0xA3, 0x4B, 0x78, 0x27, 0xD4, 0x05, 0xBC, 0x94, 0xCC,
    0x8F, 0xC8, 0x3F, 0x96, 0xE8, 0x15, 0xC2, 0x97, 0x50, 0x02, 0xDD, 0x43, 0xDE, 0x71, 0x91, 0xDD,
    0xF9, 0x74, 0x29, 0x4E, 0x81, 0x3A, 0xC2, 0x45, 0x7A, 0xC0, 0x8A, 0x11, 0x89, 0x2D, 0xC2, 0x5E,
    0x97, 0x38, 0xD0, 0x0A, 0x21, 0x26, 0xFC, 0x21, 0xA7, 0xBA, 0x91, 0x19, 0xE1, 0x11, 0x52, 0xB2,
    0xD7, 0xBB, 0x10, 0x57, 0x7A, 0x74, 0x8C, 0x17, 0xC0, 0x82, 0x77, 0x7F, 0x7A, 0x52, 0xF8, 0x62,
    0xE9, 0x38, 0x72, 0xFA, 0x1A, 0xA1, 0xD3, 0x21, 0x94, 0xFE, 0x4C, 0x84, 0x2D, 0x44, 0x68, 0xD7,
    0x14, 0xFF, 0x86, 0xF8, 0xAD, 0x86, 0x9B, 0xA4, 0x4E, 0xF8, 0x0F, 0x5F, 0x9B, 0x3A, 0x7E, 0x5A,
    0xFA, 0x60, 0x6D, 0xE4, 0xA0, 0xA6, 0x0F, 0xEA, 0xFA, 0x60, 0x4E, 0x1F, 0xB8, 0x23, 0x07, 0x8E,
    0x3F, 0x5C, 0x60, 0x8D, 0x38, 0xE4, 0x4D, 0xF7, 0x9B, 0x37, 0xD0, 0x7F, 0x44, 0xF2, 0x37, 0xF5,
    0x91, 0x42, 0x36, 0x09, 0x59, 0x9A, 0x4E, 0x48, 0x20, 0x9B, 0xD8, 0x90, 0xFA, 0x29, 0xB1, 0x38,
    0x6A, 0x73, 0x24, 0x11, 0x93, 0x87, 0x58, 0x05, 0xFB, 0x4C, 0x1D, 0x14, 0x6A, 0x3E, 0xF6, 0x89,
    0x38, 0x78, 0xB3, 0x3D, 0xDA, 0x4F, 0xB4, 0xC1, 0xDD, 0x2D, 0xD2, 0xB2, 0x44, 0x9A, 0x25, 0x14,
    0xEB, 0xEB, 0x2B, 0x8A, 0x32, 0xC2, 0x47, 0xDA, 0xB4, 0x83, 0x96, 0xE4, 0x74, 0x53, 0x24, 0xD5,
    0x60, 0x33, 0xA3, 0x49, 0x1F, 0x59, 0x98, 0x2A, 0x86, 0x5F, 0xD0, 0x41, 0x89, 0x46, 0xBD, 0x5F,
    0xD3, 0x8E, 0xA9, 0x8F, 0x20, 0x88, 0x3B, 0xA2, 0xAF, 0xA3, 0x6E, 0x38, 0x31, 0xF6, 0x8D, 0xA4,
    0x3E, 0xEA, 0x88, 0x6A, 0xEA, 0x17, 0x87, 0x79, 0x24, 0x63, 0x33, 0x39, 0x35, 0x73, 0x1C, 0xF5,
    0x95, 0x97, 0xCF, 0x1A, 0xE4, 0x73, 0x4F, 0x64, 0xD3, 0xA6, 0x21, 0xFC, 0xE9, 0x3B, 0xF0, 0x2B,
    0x87, 0x25, 0x2A, 0xED, 0xF5, 0x12, 0x86, 0xAA, 0xFA, 0x32, 0x4D, 0x60, 0xA7, 0x8B, 0xC6, 0x0B,
    0x62, 0x1C, 0x68, 0xD0, 0xBE, 0x4C, 0x03, 0x2B, 0x26, 0x36, 0x9F, 0x7D, 0xA3, 0x43, 0x7C, 0x8F,
    0xE8, 0x6D, 0xAC, 0x2F, 0x8B, 0x27, 0x7B, 0x4B, 0xE2, 0x12, 0xB8, 0xA4, 0x14, 0xF1, 0xC2, 0x6D,
    0x71, 0x45, 0x04, 0x75, 0x90, 0x6A, 0xD2, 0x15, 0x2F, 0x8B, 0xE6, 0xC2, 0x48, 0x1E, 0xDE, 0xD4,
    0x6F, 0x57, 0x0E, 0x3C, 0x7D, 0x12, 0x78, 0xFA, 0x6F, 0xC6, 0x86, 0xB0, 0x7A, 0xB5, 0x34, 0xE7,
    0x77, 0x61, 0x22, 0x28, 0x6C, 0x41, 0x21, 0x0A, 0x19, 0xB0, 0x22, 0x52, 0x0D, 0xBF, 0x4B, 0xFE,
    0x30, 0x45, 0xE9, 0x6B, 0x76, 0x24, 0xCE, 0x7D, 0xA7, 0x30, 0x26, 0x59, 0x55, 0xB2, 0x45, 0xA1,
    0xE9, 0xCA, 0x31, 0x43, 0x33, 0x29, 0x49, 0x59, 0x96, 0x64, 0x16, 0xC9, 0x32, 0x32, 0x30, 0x0A,
    0x75, 0x29, 0xAD, 0x8C, 0x42, 0x5F, 0x4A, 0x53, 0xA3, 0x50, 0x98, 0xC7, 0x91, 0x31, 0x1F, 0x82,
    0x42, 0x63, 0xE2, 0x35, 0x51, 0xB0, 0x17, 0x2A, 0x93, 0x2D, 0x0F, 0xA8, 0x95, 0x15, 0x4C, 0xBF,
    0xD2, 0xD4, 0xB5, 0xA6, 0xD1, 0xA7, 0x36, 0x59, 0xD6, 0x6A, 0x7A, 0x53, 0xCA, 0xDE, 0x42, 0x71,
    0x1A, 0x6F, 0x5E, 0x73, 0x0E, 0xD1, 0x87, 0x7D, 0xDA, 0xB3, 0x5F, 0x7D, 0x0E, 0xD7, 0x9F, 0xBF,
    0x72, 0xF8, 0x9F, 0xEE, 0x33, 0x5B, 0xE2, 0xB2, 0xDD, 0x62, 0xC4, 0x7D, 0x86, 0xCB, 0xE2, 0x8D,
    0x59, 0x2E, 0x37, 0x15, 0xFF, 0xEF, 0x72, 0x43, 0x71, 0x7A, 0x38, 0xC6, 0xFB, 0x11, 0xDE, 0x87,
    0xEF, 0xB7, 0xDD, 0x50, 0xEC, 0xF3, 0x66, 0x49, 0x9A, 0x8E, 0x1C, 0x4D, 0xC3, 0x0D, 0xBD, 0x0C,
    0xA1, 0xBB, 0xAC, 0xB6, 0x08, 0x34, 0x97, 0xD5, 0xFD, 0x87, 0x48, 0x73, 0x59, 0xEB, 0x39, 0x5E,
    0xC8, 0x65, 0xAD, 0x41, 0xA2, 0xB9, 0xAC, 0x6B, 0xF9, 0x88, 0x5C, 0xD6, 0x1A, 0x22, 0xB4, 0x70,
    0x59, 0x3D, 0x33, 0xD2, 0x5C, 0x56, 0xF7, 0x95, 0x50, 0x73, 0x59, 0x97, 0xC5, 0x25, 0xDD, 0x65,
    0x15, 0x22, 0xD2, 0x5C, 0xD6, 0x2F, 0x8A, 0xE8, 0xDD, 0xEC, 0xB2, 0x8E, 0x95, 0x82, 0x0D, 0xB1,
    0x3E, 0xD0, 0xA1, 0xE1, 0x19, 0xB2, 0x59, 0x9A, 0x1F, 0xBA, 0x60, 0x8A, 0x75, 0xA9, 0x14, 0x6B,
    0x33, 0x03, 0x0D, 0xCA, 0x62, 0x5E, 0x2C, 0xA7, 0x8B, 0x9A, 0x30, 0xDA, 0xE9, 0x15, 0x73, 0x22,
    0xB5, 0x7B, 0x25, 0x31, 0x54, 0xC2, 0xA1, 0x86, 0xC2, 0x45, 0x0D, 0x83, 0x48, 0xE8, 0x02, 0x81,
    0x44, 0xF5, 0x02, 0x7F, 0x8B, 0xD7, 0x8D, 0xBE, 0x12, 0x46, 0x4A, 0xA8, 0x2B, 0x61, 0xEE, 0x9A,
    0xBE, 0x3E, 0x54, 0x3A, 0x43, 0x8D, 0xFB, 0x8A, 0x86, 0xC4, 0x6A, 0x47, 0xE3, 0x67, 0xCD, 0xC7,
    0xD0, 0x90, 0xAE, 0xF9, 0x46, 0x50, 0xD1, 0xF6, 0x1B, 0xBD, 0x4C, 0x9A, 0xA1, 0x39, 0xE9, 0xF9,
    0x52, 0x94, 0xA1, 0x65, 0x48, 0x26, 0x20, 0x39, 0x4B, 0xA8, 0x4A, 0xA4, 0x79, 0x4F, 0x42, 0xAC,
    0xAA, 0xAC, 0x7B, 0x72, 0x97, 0x6A, 0x64, 0xDC, 0xD7, 0x80, 0xC5, 0x57, 0x8B, 0x68, 0x56, 0x05,
    0x96, 0x5D, 0x5D, 0x32, 0x47, 0x5C, 0x20, 0xC1, 0x65, 0xA5, 0x70, 0x9A, 0xFA, 0xE4, 0x32, 0x2D,
    0xEF, 0x04, 0xED, 0xF5, 0xA5, 0x2D, 0x60, 0x9F, 0xE9, 0x69, 0x62, 0x75, 0x3A, 0x40, 0x7C, 0x36,
    0x35, 0xC4, 0x77, 0x04, 0xC7, 0x07, 0x3E, 0x52, 0x98, 0xF8, 0xF9, 0x6B, 0xF6, 0xB2, 0x3E, 0x53,
    0x63, 0x28, 0x9C, 0xBA, 0x74, 0x03, 0x72, 0xB7, 0x8E, 0xC5, 0x6B, 0xE6, 0xD8, 0x31, 0x71, 0x33,
    0xD7, 0x8E, 0x8D, 0xC6, 0xCC, 0xB9, 0x73, 0x38, 0x20, 0xA6, 0xDC, 0x3B, 0xB2, 0x9A, 0x73, 0x07,
    0xCF, 0xEE, 0x18, 0x7E, 0xEE, 0xE2, 0x99, 0xBD, 0x93, 0x85, 0x93, 0xB7, 0x24, 0x84, 0xE6, 0xE6,
    0x21, 0x04, 0xB9, 0xA3, 0x27, 0xFE, 0x1B, 0xAE, 0xEA, 0xEA, 0xF5, 0x7B, 0x6F, 0xBA, 0x97, 0x57,
    0x1E, 0x14, 0x87, 0x29, 0x32, 0xD0, 0xCD, 0x3E, 0x5F, 0x50, 0x82, 0x6F, 0x2E, 0xC8, 0x89, 0x41,
    0xE0, 0x5F, 0x88, 0x72, 0x7A, 0x4C, 0x21, 0x39, 0x91, 0x47, 0x33, 0x92, 0x38, 0x50, 0x0D, 0x60,
    0x33, 0xA7, 0x8A, 0x4B, 0x14, 0xD8, 0xCC, 0x09, 0xE3, 0x19, 0x48, 0xA8, 0x24, 0xA7, 0x4D, 0x03,
    0x8F, 0x32, 0xA3, 0x9C, 0x3C, 0xE2, 0x15, 0x94, 0x79, 0x9D, 0x9C, 0x42, 0xAF, 0xF3, 0x6D, 0xE7,
    0x44, 0x6A, 0xB6, 0x05, 0x5B, 0x15, 0x19, 0x9D, 0x8C, 0x8F, 0xAE, 0x8F, 0x0C, 0xB4, 0x9C, 0xBA,
    0xE6, 0x8E, 0x7D, 0x6F, 0x5E, 0x54, 0xF7, 0x5B, 0xFA, 0xB9, 0x50, 0xB1, 0x82, 0x3E, 0xC1, 0x92,
    0xED, 0x90, 0xC2, 0xE5, 0x1C, 0x44, 0x56, 0xA8, 0x0B, 0x98, 0x58, 0xDF, 0x41, 0x42, 0x06, 0xD1,
    0x53, 0x52, 0xC2, 0xE8, 0xAE, 0x46, 0x96, 0xAE, 0x86, 0x2D, 0x1C, 0x5A, 0x25, 0x81, 0xB3, 0xBB,
    0xBC, 0x7B, 0x52, 0x57, 0xC5, 0x02, 0xB1, 0x23, 0xBC, 0xA8, 0x10, 0x3C, 0x3D, 0xB7, 0xE7, 0x26,
    0x76, 0xD4, 0x6F, 0x03, 0x0D, 0x18, 0x41, 0xFD, 0xB1, 0x9B, 0x81, 0xE8, 0xCD, 0x60, 0xFC, 0x66,
    0x20, 0x82, 0xF3, 0xE6, 0x2D, 0xA1, 0x61, 0x92, 0xA7, 0xDF, 0x1A, 0x1A, 0x30, 0x87, 0x46, 0xAB,
    0xE9, 0x32, 0xAB, 0x97, 0xA2, 0xCE, 0xE6, 0x50, 0x56, 0x7F, 0xF7, 0x28, 0x87, 0xE9, 0x41, 0x43,
    0xA9, 0x6C, 0x26, 0x95, 0x8C, 0xA4, 0x5B, 0xA8, 0x1C, 0x0E, 0xC3, 0xFE, 0xCC, 0xCE, 0x79, 0x14,
    0x7E, 0x1B, 0x26, 0x80, 0x79, 0xF8, 0x5E, 0xB8, 0x07, 0x2A, 0xF2, 0xE0, 0x8B, 0x88, 0x29, 0xD9,
    0x85, 0x71, 0xF0, 0x8F, 0xA8, 0xAE, 0x8D, 0x76, 0xBD, 0xEA, 0xB6, 0x71, 0x66, 0x3C, 0xC5, 0x44,
    0xB0, 0xBE, 0x87, 0xF7, 0xFA, 0x43, 0xFC, 0x4D, 0x00, 0x27, 0x2A, 0xF0, 0x63, 0xFF, 0x77, 0xE0,
    0x0B, 0x8B, 0x21, 0xFC, 0x6B, 0xC5, 0x78, 0x31, 0x70, 0xE1, 0x07, 0x61, 0x07, 0xBE, 0x2E, 0xAC,
    0xFB, 0x03, 0xF7, 0xFE, 0x1F, 0x84, 0x67, 0x60, 0xF5, 0x8E, 0x9D, 0x57, 0xFF, 0xF1, 0xF5, 0x57,
    0xC5, 0x6B, 0x01, 0xAC, 0xC2, 0xE6, 0x3D, 0x6E, 0x73, 0xAB, 0x8E, 0xA8, 0x59, 0x95, 0xA7, 0x9C,
    0x44, 0x4C, 0x67, 0x5D, 0x67, 0x91, 0xBB, 0x06, 0x4C, 0x4F, 0x4E, 0x02, 0x76, 0x8F, 0x80, 0xE5,
    0x1F, 0xDD, 0x8B, 0xDD, 0x79, 0x9A, 0x92, 0x30, 0xBF, 0xD7, 0x31, 0xE0, 0xFD, 0x24, 0xD4, 0x9F,
    0xDD, 0x3D, 0xF9, 0xA0, 0x00, 0x12, 0x33, 0x3D, 0xF1, 0xCA, 0x6B, 0xC3, 0x82, 0xC3, 0xBF, 0x5B,
    0xA0, 0xE0, 0x07, 0x43, 0xD0, 0x67, 0x85, 0x37, 0x30, 0xE8, 0xDC, 0xCC, 0x81, 0xC9, 0x83, 0x89,
    0xCB, 0xDA, 0xA0, 0x2D, 0x19, 0x97, 0xF9, 0xBD, 0x92, 0xB6, 0x03, 0x35, 0x38, 0x06, 0x6E, 0x28,
    0x55, 0x38, 0x0E, 0x16, 0xA0, 0xA1, 0x8E, 0xC6, 0xC1, 0x1A, 0x0A, 0x63, 0x19, 0xBE, 0xC7, 0x41,
    0x0B, 0x8F, 0x51, 0xDF, 0xC4, 0xD0, 0x45, 0xD9, 0x6E, 0x33, 0xF0, 0xB3, 0x68, 0x27, 0xAE, 0x20,
    0x4B, 0xA3, 0x0D, 0x88, 0x7C, 0xB6, 0x23, 0x5E, 0x41, 0xA4, 0xA5, 0xA4, 0x7D, 0x44, 0x6A, 0xA7,
    0xE4, 0xB6, 0x77, 0xC0, 0x4D, 0xD7, 0xF9, 0xC2, 0xE3, 0x8F, 0x3D, 0x84, 0x07, 0xEA, 0xF3, 0xB0,
    0x94, 0xB8, 0x49, 0x46, 0x24, 0x6A, 0xC8, 0xD5, 0xD3, 0x8D, 0xC3, 0x52, 0x28, 0xE0, 0x80, 0x10,
    0xC1, 0x48, 0x26, 0x46, 0xF4, 0x4E, 0x4F, 0x67, 0xBD, 0x24, 0x19, 0xEC, 0x65, 0xDF, 0x76, 0x06,
    0x51, 0x88, 0xBD, 0x89, 0x66, 0xD6, 0xF3, 0xE2, 0xAC, 0xD7, 0xEE, 0xA9, 0x9E, 0x11, 0x79, 0x0A,
    0xB5, 0x66, 0xC7, 0x55, 0x3D, 0x2B, 0x74, 0x14, 0x86, 0xB5, 0x5E, 0x27, 0xEB, 0x65, 0x82, 0x03,
    0x71, 0x59, 0x50, 0x62, 0x7C, 0x25, 0x4F, 0x53, 0xC9, 0x50, 0xC8, 0x6C, 0xBA, 0x74, 0x1C, 0x0D,
    0x18, 0x89, 0x4C, 0x44, 0x9E, 0xC4, 0x24, 0xD9, 0x0D, 0x19, 0x1A, 0x75, 0x1C, 0x26, 0x43, 0xB0,
    0xB7, 0x35, 0x04, 0x6F, 0x1A, 0xD2, 0x46, 0x60, 0xEC, 0x70, 0xD6, 0x39, 0x36, 0xD0, 0x59, 0x18,
    0xE8, 0xE4, 0xBA, 0x71, 0x6C, 0x43, 0x4D, 0x82, 0x83, 0x6A, 0x8E, 0xD9, 0xF7, 0xAE, 0x3A, 0x1C,
    0xE1, 0xB1, 0xAB, 0x91, 0xEA, 0xBC, 0xD1, 0x74, 0x7C, 0xEA, 0x98, 0x67, 0x40, 0x76, 0x50, 0x39,
    0xAB, 0xCE, 0x1C, 0x76, 0x16, 0x08, 0x76, 0xD5, 0xD9, 0x54, 0x9D, 0x89, 0x04, 0x8D, 0x35, 0xEA,
    0xB4, 0xB9, 0xD3, 0x5C, 0xB0, 0xD2, 0x2E, 0x77, 0x6A, 0x4E, 0xD8, 0x92, 0x9D, 0x2A, 0x1A, 0x0B,
    0x2E, 0x75, 0xC8, 0x9F, 0x41, 0x6B, 0x4E, 0xEB, 0x78, 0x3E, 0x77, 0x82, 0x9A, 0x8B, 0x26, 0x1C,
    0xEF, 0xA9, 0x88, 0x1E, 0x54, 0x9B, 0x78, 0x30, 0xCC, 0x78, 0xEB, 0x8D, 0xED, 0x15, 0x52, 0x8B,
    0xAE, 0x48, 0x85, 0x20, 0xA4, 0x9B, 0xA2, 0xD3, 0x48, 0xCA, 0x81, 0x28, 0xF9, 0x7A, 0xB4, 0x98,
    0x4C, 0x85, 0x27, 0x67, 0x35, 0x87, 0x75, 0xCD, 0x1F, 0x69, 0xFA, 0xC1, 0x1F, 0x32, 0x21, 0x0B,
    0xE7, 0x4F, 0x8B, 0x16, 0xB8, 0xC9, 0x5A, 0xA1, 0x38, 0xB2, 0xAE, 0x93, 0xE4, 0x51, 0x35, 0x9C,
    0x54, 0x0B, 0x85, 0x11, 0xBC, 0x50, 0xA8, 0xAB, 0x6C, 0x6F, 0xB7, 0xA0, 0x09, 0xF2, 0xC4, 0x42,
    0x11, 0x2D, 0x27, 0x75, 0xA2, 0x0C, 0xEC, 0x5A, 0xA6, 0x31, 0xBA, 0xD4, 0xB5, 0x03, 0x3A, 0xCC,
    0xA3, 0x2E, 0x3A, 0xF9, 0x94, 0xBC, 0x24, 0x5C, 0x20, 0xA0, 0x6B, 0xA4, 0x65, 0x6A, 0x72, 0xA6,
    0x93, 0x31, 0x5E, 0x63, 0x48, 0xBB, 0x6A, 0xAF, 0xD1, 0x3B, 0x21, 0x96, 0x96, 0x1A, 0x74, 0xAC,
    0xC9, 0x8C, 0x99, 0x72, 0xCE, 0xED, 0xFB, 0xE2, 0x41, 0x81, 0xB6, 0x66, 0xBD, 0x14, 0xFA, 0x77,
    0x7D, 0x9D, 0x15, 0xD5, 0x8D, 0x57, 0xBA, 0xB9, 0x3B, 0xDC, 0xE8, 0x14, 0x5D, 0x3F, 0x3F, 0xE0,
    0xF0, 0xB5, 0x14, 0x52, 0xA7, 0x3C, 0xD6, 0xD3, 0x0B, 0x7D, 0x9E, 0x44, 0x11, 0xFE, 0xD2, 0x82,
    0x8A, 0x46, 0xC6, 0xCE, 0x7F, 0x25, 0x21, 0xFD, 0xF0, 0xBD, 0x6A, 0xBC, 0xC1, 0x27, 0xB2, 0x68,
    0xFC, 0x09, 0xEA, 0xFD, 0x25, 0x7F, 0x6F, 0x3D, 0x93, 0x50, 0x36, 0x91, 0x6E, 0x87, 0x7F, 0x6F,
    0xA5, 0x1D, 0x39, 0xB1, 0x26, 0xB6, 0xA0, 0x14, 0x5E, 0xA1, 0x2C, 0x43, 0xBF, 0xD1, 0xE1, 0xF6,
    0x07, 0xDE, 0xFB, 0x26, 0x1C, 0x85, 0x57, 0xC8, 0x63, 0x96, 0x52, 0x51, 0x1A, 0xDB, 0x5E, 0xA4,
    0xA2, 0xBE, 0x74, 0x63, 0x78, 0x33, 0x68, 0xC9, 0x56, 0xC9, 0xEC, 0x30, 0x45, 0x44, 0xF1, 0x53,
    0x2B, 0x3A, 0x05, 0x63, 0x13, 0x94, 0xE6, 0x08, 0xBB, 0xE4, 0xD5, 0xD8, 0x14, 0x94, 0x25, 0x08,
    0x1D, 0x0A, 0xC8, 0xD6, 0x91, 0x8C, 0xAE, 0x8C, 0xF2, 0xB8, 0x44, 0x18, 0x8F, 0xB9, 0x1D, 0xF1,
    0x4B, 0xE4, 0x9F, 0x23, 0xB7, 0xC9, 0x0B, 0x91, 0x42, 0x76, 0x1A, 0xA1, 0x4D, 0x5D, 0x7B, 0xE2,
    0xB8, 0xD8, 0x4E, 0x13, 0xE7, 0x17, 0xC7, 0x45, 0x98, 0x62, 0xB7, 0x45, 0x86, 0x74, 0xC4, 0x09,
    0x69, 0xF0, 0xB0, 0x9B, 0xB8, 0x68, 0x49, 0x87, 0xD5, 0x6E, 0x03, 0xF5, 0x9E, 0x2D, 0x9A, 0x2B,
    0x12, 0xD1, 0xC6, 0xA0, 0x12, 0xAC, 0x04, 0xEF, 0xC8, 0x0E, 0xEB, 0xEA, 0x3B, 0x66, 0x7B, 0xFA,
    0x8E, 0x47, 0x48, 0x80, 0x36, 0xA5, 0x9E, 0x3D, 0x70, 0x99, 0xF3, 0x10, 0x95, 0xDD, 0x95, 0x80,
    0x77, 0x18, 0x24, 0x55, 0x3D, 0x74, 0xBB, 0x7C, 0x2B, 0xE4, 0x1D, 0x76, 0xDA, 0x6E, 0x52, 0x46,
    0xC2, 0x09, 0x2C, 0x3A, 0xE2, 0xD3, 0x40, 0x58, 0xA3, 0xB4, 0x44, 0x25, 0xAA, 0xD0, 0x8E, 0x4D,
    0xC0, 0x73, 0x87, 0x9C, 0x9B, 0xE8, 0xD2, 0x8F, 0xD0, 0x49, 0x89, 0x71, 0x07, 0x27, 0x28, 0xBC,
    0x2D, 0x9A, 0x45, 0xB1, 0x4D, 0xD9, 0x3A, 0xCE, 0x52, 0xE0, 0x3C, 0xB6, 0x22, 0x33, 0xC1, 0xD9,
    0xE0, 0x04, 0x32, 0x55, 0x21, 0xD6, 0x4F, 0xF6, 0x96, 0xD3, 0xD3, 0xE8, 0xC3, 0xC9, 0x7C, 0x45,
    0xDA, 0x26, 0xA3, 0xFC, 0x02, 0x23, 0x9E, 0x93, 0x16, 0x67, 0x26, 0x44, 0xCF, 0x49, 0x2B, 0x2C,
    0xAB, 0xF5, 0xCC, 0x05, 0x2B, 0xCE, 0xCD, 0x7E, 0xF4, 0xB7, 0xFA, 0x77, 0xAC, 0x5D, 0x73, 0x47,
    0xAD, 0x7F, 0xC7, 0x80, 0xD4, 0x9B, 0x83, 0x6B, 0xF0, 0xF2, 0xE0, 0x0E, 0xC7, 0xBF, 0x86, 0x1B,
    0x34, 0x6C, 0xFA, 0x96, 0xCA, 0x02, 0xDE, 0xC6, 0x1D, 0x30, 0x7A, 0xC7, 0xA1, 0xBE, 0x1D, 0xB9,
    0xA0, 0x8E, 0x94, 0x0C, 0x40, 0x3D, 0xC5, 0x42, 0x15, 0x89, 0x2B, 0x22, 0x45, 0x02, 0x29, 0xEC,
    0x62, 0xF3, 0x8D, 0x04, 0xF6, 0xF8, 0xA4, 0xF0, 0xE4, 0x5C, 0x8F, 0x2D, 0xD4, 0x53, 0x0E, 0xEE,
    0xA8, 0x29, 0xFE, 0x8D, 0x49, 0x8C, 0x3A, 0x3C, 0x3B, 0xAD, 0x70, 0x8A, 0xCB, 0x1B, 0x9A, 0x73,
    0xA8, 0xC9, 0xAA, 0x14, 0xA1, 0x60, 0x03, 0x82, 0x77, 0x78, 0x2C, 0x9A, 0xCD, 0x4E, 0x9D, 0x7F,
    0xB2, 0xBD, 0xB2, 0xD4, 0x5E, 0x6F, 0xAF, 0x77, 0x71, 0x07, 0x51, 0x2E, 0xA2, 0x30, 0xF6, 0x15,
    0x76, 0xF2, 0x79, 0x87, 0x41, 0x86, 0x84, 0x78, 0x19, 0xDF, 0xC8, 0x74, 0xA1, 0x94, 0xDD, 0xB9,
    0x1F, 0xCB, 0x02, 0xC2, 0x2A, 0x44, 0x2D, 0x42, 0x8A, 0x46, 0x31, 0xA7, 0xD9, 0x72, 0xE1, 0x8C,
    0x8A, 0x02, 0xF7, 0xAD, 0x28, 0xD2, 0x54, 0x12, 0xF4, 0x1B, 0xBE, 0x9A, 0xA2, 0x62, 0xF4, 0x0B,
    0x41, 0x4D, 0x17, 0xCB, 0x4B, 0x6F, 0x4E, 0xB3, 0xFF, 0xE0, 0xC3, 0x6D, 0xFD, 0x28, 0xD3, 0x42,
    0xE2, 0x57, 0xE9, 0x27, 0x57, 0xEF, 0x27, 0x5A, 0x7F, 0xB3, 0xE8, 0x4F, 0x24, 0x72, 0x87, 0xB1,
    0xE5, 0x93, 0x39, 0xC0, 0x7D, 0x47, 0x04, 0x64, 0x11, 0x70, 0xDF, 0xFB, 0x69, 0x93, 0x8C, 0x02,
    0xA6, 0x06, 0xA5, 0xCE, 0x24, 0xD7, 0x73, 0xC0, 0x87, 0x2C, 0x02, 0x9C, 0xA5, 0x03, 0x7D, 0x32,
    0x10, 0x28, 0x15, 0xCC, 0x81, 0x20, 0xB4, 0x11, 0x6C, 0xEA, 0x7B, 0x30, 0x46, 0x66, 0x02, 0xD2,
    0x6F, 0x0B, 0xDC, 0xED, 0x16, 0xCC, 0x34, 0xD6, 0x1B, 0x28, 0x22, 0xD7, 0x97, 0x29, 0x55, 0xC9,
    0xC6, 0x02, 0xA1, 0xFE, 0x0C, 0x7B, 0x83, 0x0D, 0xF1, 0x19, 0x71, 0xF5, 0x92, 0x91, 0xCC, 0xB4,
    0x94, 0x71, 0xE0, 0xEE, 0xF0, 0xBE, 0x7E, 0x8C, 0x59, 0x9E, 0x20, 0x65, 0xA7, 0xF4, 0x2D, 0x0D,
    0x8D, 0x1B, 0x18, 0x36, 0x33, 0xE1, 0x19, 0x15, 0x6E, 0x0A, 0x8A, 0x4E, 0x35, 0x8C, 0x88, 0x6D,
    0x50, 0x70, 0xCA, 0x21, 0xB6, 0x68, 0xA7, 0x52, 0x22, 0x37, 0x82, 0xBB, 0x29, 0xB4, 0x6C, 0x5D,
    0x89, 0x39, 0x97, 0x4B, 0x31, 0xE8, 0x05, 0xC0, 0x5E, 0x97, 0x45, 0x66, 0xC4, 0x34, 0xD8, 0x44,
    0xD3, 0x8F, 0x05, 0x66, 0x8C, 0x83, 0x16, 0x0E, 0xA1, 0x46, 0xE2, 0x12, 0x4D, 0x19, 0x7A, 0xC7,
    0x68, 0x8E, 0x90, 0xB0, 0x3C, 0x21, 0x8E, 0x8B, 0xE3, 0xE9, 0xF1, 0xC8, 0x09, 0x4E, 0xB1, 0xA8,
    0xDC, 0x21, 0x9B, 0x43, 0x84, 0xB6, 0xE8, 0x91, 0xA0, 0x44, 0x11, 0xF9, 0x41, 0xF1, 0xB4, 0xF0,
    0x4D, 0xD1, 0xDB, 0x2C, 0x45, 0xE4, 0x5A, 0x65, 0x21, 0x99, 0x94, 0x44, 0x64, 0x25, 0x2A, 0xC9,
    0xC3, 0x95, 0x50, 0x1F, 0xAA, 0xE4, 0x50, 0x3E, 0x8C, 0x4B, 0xA2, 0xF1, 0xCE, 0x01, 0xC1, 0xE8,
    0x5E, 0x75, 0xD8, 0x27, 0x12, 0x87, 0x66, 0x80, 0x3F, 0x7D, 0x15, 0x61, 0x7E, 0xB5, 0xD1, 0xDA,
    0xAD, 0x1A, 0x19, 0xE7, 0x7D, 0xCD, 0xCC, 0x77, 0xB3, 0xB4, 0x32, 0x8F, 0xDA, 0xAF, 0x26, 0xD9,
    0xA8, 0xE2, 0x5B, 0x49, 0x26, 0x54, 0xD0, 0x0E, 0xC1, 0xC9, 0x97, 0x19, 0x9E, 0x28, 0xE0, 0xA8,
    0xE4, 0x6D, 0x61, 0x4A, 0x8D, 0x5C, 0x1F, 0x0F, 0x5B, 0x93, 0x31, 0x0F, 0x14, 0x6C, 0x1F, 0x40,
    0x59, 0x90, 0xC8, 0xA0, 0x87, 0xB8, 0xD4, 0xFE, 0x71, 0x08, 0xB3, 0x91, 0x8C, 0x7A, 0x5C, 0x11,
    0x6F, 0x90, 0xF5, 0x11, 0xC8, 0xB0, 0xC7, 0xB3, 0x22, 0x6C, 0x90, 0x46, 0xCC, 0xE3, 0x1E, 0xC6,
    0x47, 0xBF, 0x7C, 0x8B, 0x33, 0x0B, 0x33, 0x6A, 0x7B, 0x0F, 0x91, 0x8A, 0x8C, 0xB9, 0xFD, 0x0F,
    0x4F, 0xC2, 0xF3, 0x00, 0xB7, 0xE1, 0xF6, 0x37, 0x90, 0xDF, 0x6F, 0xDB, 0xFF, 0x47, 0x9F, 0x43,
    0x51, 0x57, 0x1D, 0xDF, 0xFF, 0xB1, 0xC9, 0x43, 0xB0, 0xF8, 0xC7, 0xBF, 0x47, 0xFB, 0x2B, 0xCF,
    0x7D, 0xFC, 0x81, 0xF7, 0x1C, 0x9A, 0xFC, 0xCD, 0xC9, 0xC9, 0x03, 0xFF, 0xF4, 0xE8, 0xED, 0x7F,
    0xF8, 0xA9, 0xC7, 0x8F, 0xC0, 0xC7, 0x2E, 0x1A, 0xDB, 0x49, 0xFB, 0x8C, 0x81, 0xC6, 0x6C, 0x30,
    0x4F, 0x81, 0x8D, 0xA9, 0x65, 0x7F, 0xDE, 0x38, 0xF3, 0x3E, 0xDF, 0x38, 0x77, 0xE7, 0xFC, 0x1E,
    0xFF, 0xF3, 0x0F, 0xC0, 0xF4, 0xD9, 0xF9, 0x49, 0xF0, 0x7E, 0x1F, 0xE6, 0x61, 0x75, 0xCF, 0x34,
    0xBC, 0x91, 0x7E, 0x43, 0xFC, 0xD3, 0x05, 0xC2, 0xF3, 0x51, 0x15, 0x7B, 0x9A, 0xBF, 0x0B, 0x1B,
    0xFB, 0xC5, 0x9F, 0xBC, 0xEF, 0x0C, 0xBC, 0x18, 0x1E, 0x5B, 0x84, 0xF9, 0x89, 0xFD, 0x7F, 0x3F,
    0xFF, 0xC9, 0xA3, 0xB0, 0xB9, 0xF7, 0xC8, 0x17, 0x0F, 0x7F, 0xFE, 0xFB, 0xE2, 0xB3, 0xAF, 0xEF,
    0x3C, 0x15, 0xAB, 0x5B, 0x98, 0x7F, 0x18, 0x9B, 0x5F, 0xDB, 0x37, 0x11, 0x1E, 0x82, 0x7B, 0xCE,
    0x8B, 0xB3, 0xE3, 0x1C, 0xC5, 0xE8, 0x0B, 0x40, 0x3E, 0xA0, 0x2C, 0x24, 0xB5, 0xFD, 0xCC, 0x03,
    0x92, 0x15, 0xBF, 0xF9, 0xC0, 0xA4, 0xDC, 0x3E, 0x38, 0x39, 0xA3, 0xB6, 0x7F, 0xD3, 0x91, 0x5B,
    0xB8, 0x8F, 0xB6, 0x4F, 0x4F, 0xB2, 0xDE, 0xA2, 0xED, 0x1C, 0x8F, 0xA7, 0x58, 0x81, 0x7F, 0xE7,
    0xA9, 0xA9, 0xD4, 0xE6, 0xED, 0x24, 0xE3, 0xE9, 0xE5, 0xA7, 0x26, 0xEF, 0x06, 0xB9, 0xFD, 0x38,
    0xE2, 0xBC, 0x89, 0x5B, 0xB8, 0xCB, 0x37, 0x02, 0xDA, 0x56, 0x82, 0xBB, 0x82, 0x67, 0x71, 0xFB,
    0x69, 0x58, 0x0D, 0x9E, 0x7D, 0xE9, 0x3F, 0x56, 0xFE, 0x16, 0xCE, 0x06, 0xFF, 0xFC, 0xD2, 0xCA,
    0xB9, 0x29, 0xB4, 0xAA, 0x9E, 0x7D, 0x89, 0xAE, 0x3F, 0xFE, 0x8D, 0x97, 0x79, 0x0B, 0x07, 0xFC,
    0xA7, 0x24, 0x3C, 0xF3, 0x15, 0xDE, 0x4E, 0x1E, 0xDD, 0x7B, 0x90, 0xB6, 0xB7, 0x39, 0xC9, 0x11,
    0x26, 0xA9, 0xE1, 0xB3, 0x7B, 0x69, 0x36, 0x0D, 0x69, 0x8C, 0x3E, 0xBF, 0x22, 0x69, 0xBA, 0xE7,
    0x5C, 0x6E, 0x5E, 0x64, 0x2E, 0x51, 0x34, 0xD8, 0xA9, 0x1D, 0x68, 0xCA, 0x4E, 0x5D, 0x28, 0x81,
    0xE5, 0x89, 0xAE, 0xEA, 0x04, 0xC4, 0xFA, 0x0F, 0x1B, 0xD1, 0x16, 0x3B, 0x20, 0x09, 0xFC, 0xBC,
    0xA7, 0x24, 0x1C, 0xDA, 0x86, 0x26, 0x5B, 0xEA, 0xE2, 0x34, 0x31, 0x9E, 0x1D, 0x18, 0xBD, 0x3A,
    0x29, 0x07, 0xA7, 0x59, 0x89, 0xEB, 0x84, 0x1C, 0xB4, 0xB8, 0xB1, 0x63, 0x85, 0x63, 0x4E, 0xD0,
    0x8E, 0xE7, 0xC8, 0x2E, 0xFC, 0x90, 0x48, 0xB0, 0x83, 0xDA, 0xDC, 0x12, 0x61, 0x5C, 0xC5, 0xCE,
    0x1C, 0x7C, 0x04, 0xB0, 0xC3, 0xBA, 0x19, 0x22, 0xF7, 0xD2, 0x32, 0x7B, 0x55, 0x91, 0x83, 0x2C,
    0x59, 0xE3, 0xC8, 0x81, 0x60, 0xBF, 0x53, 0x8A, 0xD7, 0xAA, 0xAF, 0x6C, 0x07, 0xE7, 0x32, 0x34,
    0x10, 0x39, 0xB7, 0x81, 0x25, 0x58, 0xF5, 0xAC, 0x10, 0x13, 0x77, 0x64, 0xC7, 0x58, 0x22, 0xBC,
    0xF5, 0x25, 0xD8, 0x21, 0xF8, 0x24, 0xEC, 0x61, 0x67, 0x0E, 0xA6, 0x03, 0x1F, 0x10, 0x47, 0xE4,
    0xB9, 0x1E, 0x0D, 0xD8, 0xB7, 0x40, 0x31, 0xB3, 0x01, 0x81, 0xB2, 0xE0, 0x51, 0xEC, 0x66, 0xA6,
    0xF1, 0xDC, 0xC6, 0x91, 0x50, 0xBA, 0xF1, 0xF3, 0xAB, 0xAB, 0x07, 0x43, 0xE9, 0x4E, 0x1D, 0xDD,
    0x58, 0x9D, 0x0C, 0x51, 0xCD, 0x07, 0x47, 0x8F, 0x1C, 0xF9, 0xEB, 0x0D, 0xEA, 0x1A, 0xD8, 0x3D,
    0x38, 0x7B, 0xF1, 0x60, 0x67, 0xF6, 0x3F, 0xAD, 0xF0, 0xE2, 0xB1, 0x63, 0x28, 0x19, 0x1B, 0x3D,
    0x4B, 0xB4, 0x77, 0x76, 0x22, 0xE4, 0x00, 0xE4, 0x81, 0xE9, 0x71, 0x19, 0x03, 0xDC, 0x57, 0xD8,
    0x02, 0x07, 0x8F, 0x42, 0xA7, 0xE8, 0xA2, 0xF4, 0x6C, 0x1E, 0xCA, 0xBB, 0x4F, 0x9F, 0xC9, 0xBA,
    0xF9, 0x01, 0xC6, 0x39, 0x23, 0xEB, 0x3A, 0x5F, 0xAB, 0x70, 0x9C, 0xF2, 0xE0, 0x31, 0x38, 0x58,
    0xB1, 0x3E, 0x48, 0xD3, 0x78, 0xF2, 0x18, 0xD8, 0x53, 0xE6, 0xDF, 0xDD, 0x7B, 0x08, 0xFC, 0xC9,
    0x23, 0x60, 0xFE, 0x8F, 0xF9, 0xB9, 0xC9, 0x79, 0xD8, 0xFD, 0xC4, 0x7D, 0x4B, 0xC7, 0x7B, 0x27,
    0x3E, 0x7C, 0x70, 0x15, 0xAA, 0x91, 0x2D, 0xD2, 0xD9, 0x5E, 0xA5, 0xBB, 0x0A, 0x7B, 0xD5, 0x39,
    0xEF, 0x3D, 0x06, 0xB9, 0x73, 0xE7, 0xBE, 0xAA, 0xF4, 0x9B, 0x1B, 0x1A, 0x5F, 0xC9, 0xCC, 0x69,
    0x7D, 0x8A, 0x7C, 0x12, 0x0A, 0x85, 0x77, 0xB8, 0x2F, 0xBA, 0x21, 0x5D, 0x3D, 0xF3, 0x12, 0xB5,
    0x7B, 0x2D, 0x46, 0xF8, 0x09, 0xB9, 0xF9, 0xBA, 0x19, 0xD0, 0xF6, 0x2F, 0x42, 0x11, 0xE0, 0xD1,
    0x9F, 0x12, 0xBB, 0x64, 0x69, 0x9D, 0xD6, 0x45, 0xAB, 0x19, 0xDD, 0x43, 0x31, 0x57, 0x73, 0xE3,
    0xBD, 0x1D, 0xB2, 0xB8, 0x10, 0xD0, 0x0F, 0x1D, 0x3C, 0x84, 0x53, 0xF4, 0xF4, 0xDE, 0xBD, 0xAB,
    0xF0, 0xFE, 0xE5, 0x70, 0x6A, 0xEF, 0x06, 0x34, 0x76, 0xA1, 0xD2, 0xDB, 0x80, 0x0D, 0xBE, 0x79,
    0x23, 0x34, 0x7C, 0x78, 0xBC, 0x7A, 0xA1, 0x69, 0xA0, 0x48, 0x35, 0x9F, 0x23, 0xF6, 0x67, 0x35,
    0xB1, 0x12, 0xF7, 0xC0, 0x97, 0xAD, 0x3A, 0x3D, 0x7A, 0x7D, 0xC8, 0x17, 0x7E, 0xDE, 0x19, 0x6D,
    0x84, 0xCC, 0x2C, 0xA1, 0x01, 0x17, 0xA8, 0x80, 0x8F, 0x41, 0x48, 0x80, 0x63, 0x51, 0xF5, 0xD8,
    0xC6, 0x7B, 0xBF, 0xD6, 0xB1, 0x9E, 0x41, 0x13, 0x8A, 0x62, 0x32, 0xC0, 0x65, 0x15, 0x2E, 0x8B,
    0xD8, 0x5A, 0xF6, 0xA9, 0x4B, 0x7E, 0x0C, 0x51, 0x9A, 0x36, 0xA1, 0x1D, 0xC8, 0x50, 0x58, 0x3F,
    0x28, 0xC3, 0x80, 0xBA, 0x4E, 0x58, 0xC0, 0xEC, 0x5A, 0x5F, 0xAA, 0x4C, 0x59, 0x5F, 0x32, 0xBA,
    0xB3, 0xD1, 0x69, 0xF9, 0x2B, 0x13, 0xED, 0xCF, 0x4F, 0x80, 0xBD, 0x97, 0x5A, 0xEC, 0xFF, 0x69,
    0xA7, 0x1C, 0x04, 0x2C, 0xBF, 0xC6, 0x97, 0x7C, 0x4F, 0xE0, 0x3C, 0x56, 0xD4, 0x55, 0xA0, 0x94,
    0xAF, 0x41, 0x4A, 0x1B, 0xBD, 0xC1, 0xBA, 0x9F, 0xC5, 0x18, 0x2C, 0x7F, 0xFA, 0xBB, 0xCD, 0xF9,
    0xEF, 0x36, 0x7F, 0x4B, 0xF8, 0xDE, 0xFF, 0xC2, 0x01, 0xB9, 0xF3, 0x41, 0x98, 0x7E, 0xC9, 0x5F,
    0x7D, 0xC9, 0xFF, 0x73, 0x01, 0xDE, 0xBF, 0x90, 0x0A, 0xB8, 0x9E, 0x4B, 0x4E, 0xF8, 0x6E, 0x78,
    0x6C, 0xE3, 0xE8, 0x6A, 0xBD, 0xE3, 0x34, 0xD1, 0x93, 0x77, 0x3B, 0x70, 0x6C, 0x03, 0x8E, 0xAE,
    0x42, 0x3D, 0x1A, 0x70, 0xF6, 0xAF, 0x82, 0x85, 0x71, 0x8A, 0xFB, 0x20, 0x86, 0xF1, 0x27, 0x2E,
    0x93, 0xC0, 0xA1, 0x58, 0xC1, 0xB4, 0xF5, 0x46, 0x62, 0x88, 0xA4, 0x81, 0x40, 0x86, 0xC4, 0x92,
    0x78, 0x7E, 0x6F, 0xB7, 0xF3, 0x38, 0xCE, 0xD0, 0x9C, 0x71, 0x2F, 0xB2, 0x71, 0xAC, 0x7F, 0x36,
    0xCB, 0x9F, 0x56, 0xF9, 0xB3, 0xA6, 0x3E, 0x7C, 0xAA, 0x70, 0xE4, 0xA9, 0x86, 0xFE, 0x7C, 0x6D,
    0xE0, 0x43, 0x01, 0x86, 0x2F, 0x50, 0x0D, 0x00, 0x95, 0x5D, 0xA2, 0xDB, 0xD3, 0xF0, 0x89, 0x87,
    0x6B, 0x67, 0x1B, 0x9D, 0x27, 0xA4, 0xEB, 0xE1, 0x3B, 0xCD, 0xEC, 0x6D, 0x17, 0xEF, 0x20, 0x7B,
    0x57, 0xF8, 0x7D, 0xC0, 0xA7, 0xF0, 0xCF, 0x06, 0x89, 0x27, 0xFC, 0x2D, 0x39, 0x1B, 0xCF, 0xE7,
    0x29, 0x06, 0x9F, 0x6A, 0x06, 0xE5, 0xC7, 0xCE, 0x3F, 0x41, 0xF1, 0xA9, 0x0C, 0x7C, 0x50, 0x86,
    0x5A, 0xBB, 0xBE, 0x81, 0xC4, 0x91, 0x19, 0xE8, 0xE7, 0xC0, 0xEA, 0x22, 0xBD, 0x29, 0x46, 0x67,
    0xFE, 0x88, 0x62, 0x72, 0x45, 0x2C, 0xEE, 0x79, 0x14, 0xAC, 0x4D, 0x67, 0x27, 0x74, 0xAD, 0xA8,
    0x46, 0x5A, 0x22, 0x46, 0x93, 0xD5, 0x33, 0xE2, 0xAA, 0x88, 0x6D, 0xFC, 0x39, 0x8A, 0x48, 0x3C,
    0xD4, 0x0D, 0x0C, 0xE1, 0xB7, 0xBB, 0x14, 0x8C, 0x79, 0x84, 0xCF, 0x46, 0xA7, 0xA3, 0xF3, 0x71,
    0xD0, 0x8F, 0xA2, 0x7D, 0x14, 0xE6, 0x2B, 0x05, 0xDC, 0x9F, 0xA7, 0x22, 0x0C, 0x04, 0x79, 0x07,
    0x9D, 0x2A, 0xD4, 0x1F, 0x94, 0xEA, 0xC4, 0x73, 0x73, 0xA9, 0x85, 0xB7, 0xBE, 0xEB, 0xA3, 0x15,
    0x1B, 0xA1, 0x67, 0xCF, 0x17, 0xE0, 0x1F, 0xBA, 0x01, 0xA7, 0xC2, 0xF1, 0x22, 0x1C, 0xF2, 0xA1,
    0xCB, 0xDC, 0x87, 0xF3, 0x2E, 0x7B, 0xCF, 0xA9, 0x77, 0x35, 0x7F, 0xBB, 0xDA, 0x9B, 0x95, 0x5F,
    0xD3, 0x6B, 0xAE, 0xC2, 0xE3, 0x50, 0x7B, 0xB8, 0x1A, 0xBD, 0x9F, 0x7F, 0x4D, 0xD3, 0x56, 0x7E,
    0xE6, 0xB2, 0x4F, 0x55, 0xFB, 0xB8, 0x03, 0x1F, 0x54, 0x6C, 0xCE, 0x36, 0xCE, 0xF1, 0xC0, 0xC8,
    0xCA, 0xB3, 0xF6, 0x34, 0xA9, 0xEA, 0xF5, 0x71, 0xA0, 0xCF, 0x7D, 0x24, 0x5D, 0x33, 0xB3, 0xF8,
    0x6E, 0x15, 0x86, 0x34, 0x45, 0x68, 0xA2, 0xF2, 0xE3, 0xD6, 0x7B, 0xB6, 0x09, 0xAF, 0x35, 0xBB,
    0x14, 0x49, 0xA1, 0x35, 0x12, 0xC6, 0x65, 0xE9, 0xC4, 0xD0, 0xDD, 0x4D, 0xF1, 0x02, 0x0A, 0xBC,
    0x04, 0xBA, 0x49, 0x24, 0x4C, 0xD8, 0x9E, 0x33, 0xDA, 0x3E, 0xDB, 0x78, 0x14, 0x51, 0xC4, 0x6B,
    0x73, 0x04, 0x8B, 0x6D, 0xB9, 0x2D, 0xB2, 0xE1, 0xD8, 0xFF, 0x3C, 0x4F, 0x61, 0x6A, 0x0A, 0x2F,
    0x66, 0xB6, 0xDA, 0xDD, 0x45, 0x0D, 0x80, 0x19, 0x14, 0x2D, 0x5E, 0x37, 0x2B, 0x14, 0xC3, 0xEB,
    0x16, 0x54, 0x98, 0xCA, 0xCC, 0x71, 0xE4, 0x18, 0xB6, 0x35, 0x65, 0x66, 0xAD, 0xCB, 0xD7, 0x4D,
    0xA4, 0x4D, 0x29, 0x6D, 0x49, 0x69, 0x43, 0x4A, 0xDB, 0x51, 0xD9, 0x8C, 0xD2, 0x56, 0xE4, 0xEB,
    0x22, 0x72, 0x83, 0xA3, 0x68, 0x96, 0xCD, 0xAD, 0x56, 0x23, 0x85, 0x81, 0x66, 0x25, 0xB4, 0x3A,
    0x26, 0x25, 0xAA, 0x63, 0x7E, 0x47, 0x77, 0x44, 0x22, 0x24, 0x40, 0xCD, 0xB3, 0x74, 0x1A, 0xB4,
    0x58, 0x7E, 0x1D, 0xCF, 0xFB, 0x07, 0x54, 0x58, 0x30, 0x95, 0xCB, 0xC1, 0x4D, 0x9E, 0x58, 0x31,
    0x39, 0x49, 0x66, 0x0C, 0xB3, 0xE9, 0xA2, 0xD8, 0xE9, 0xA5, 0x36, 0x59, 0x1F, 0x17, 0x13, 0x7A,
    0x6D, 0xE2, 0xAB, 0x45, 0xAF, 0x35, 0x7E, 0x5D, 0xC4, 0xA3, 0xE9, 0xBD, 0xC9, 0xEF, 0x96, 0x7A,
    0xAF, 0x69, 0xEF, 0x1A, 0xCE, 0x3D, 0x57, 0x54, 0xD2, 0x3E, 0x17, 0x3C, 0x96, 0x6E, 0x50, 0x4B,
    0xBA, 0x29, 0x6B, 0x12, 0xE4, 0x5A, 0x79, 0x23, 0x3D, 0x9A, 0x9A, 0x34, 0x9C, 0x5B, 0x2E, 0x61,
    0x6D, 0x36, 0xB6, 0xB9, 0xAA, 0x27, 0xA4, 0x7B, 0xE7, 0x3A, 0xD3, 0xC7, 0xCE, 0x3F, 0x34, 0x3A,
    0xB3, 0x5D, 0x2B, 0x6D, 0xF6, 0xE9, 0xF5, 0x10, 0x73, 0x03, 0x31, 0x26, 0xD9, 0xB9, 0x2D, 0xEB,
    0x20, 0xBE, 0xEB, 0x59, 0x3D, 0x93, 0x27, 0x3D, 0x0C, 0x14, 0x9C, 0x97, 0x89, 0x3A, 0xAF, 0x6C,
    0x03, 0x83, 0xD1, 0xAB, 0x48, 0x40, 0x52, 0xDF, 0x40, 0x9D, 0x63, 0x3C, 0xF6, 0xE5, 0xD1, 0xEA,
    0x64, 0x7A, 0xA0, 0xC6, 0xAA, 0xDB, 0xF7, 0xD5, 0x48, 0x72, 0x91, 0x26, 0x74, 0x7C, 0xC7, 0x1F,
    0xBF, 0x06, 0x81, 0xA4, 0x91, 0x85, 0xFB, 0x29, 0x10, 0x84, 0x56, 0x89, 0xEF, 0x5B, 0xDF, 0x0D,
    0xAD, 0xEF, 0x85, 0xC6, 0xFD, 0x7E, 0x71, 0xA5, 0x4D, 0x2A, 0xA8, 0x05, 0xD1, 0xB4, 0x7E, 0x1C,
    0xDA, 0x4F, 0x46, 0x2E, 0xA0, 0x01, 0x88, 0xC8, 0x5F, 0x58, 0x80, 0x85, 0x3A, 0x6C, 0x56, 0xBF,
    0x18, 0x3B, 0xA2, 0x43, 0x92, 0x82, 0x3C, 0xFD, 0x38, 0x96, 0x7F, 0x8B, 0xFD, 0xAB, 0x60, 0x12,
    0x09, 0x06, 0x05, 0x3A, 0xDA, 0x09, 0x50, 0x60, 0x43, 0x66, 0x39, 0xD6, 0x54, 0xAD, 0xD6, 0x1A,
    0x07, 0x2C, 0x28, 0x50, 0x41, 0x01, 0x0A, 0x98, 0x69, 0x9C, 0xA1, 0x64, 0x10, 0x14, 0x4E, 0x8F,
    0xCF, 0x00, 0x59, 0x3F, 0xEC, 0x68, 0x1B, 0x40, 0x28, 0x6F, 0x15, 0x6F, 0xF8, 0x0A, 0x01, 0xD9,
    0xA5, 0x8A, 0x4E, 0xFE, 0x55, 0xE1, 0x38, 0xDF, 0x6A, 0xF6, 0x98, 0x9E, 0xA6, 0xE9, 0xA3, 0x42,
    0x29, 0x23, 0x89, 0x4E, 0x46, 0x2A, 0xA5, 0xB1, 0xE9, 0xAF, 0x20, 0xA0, 0x06, 0xCA, 0x82, 0xB2,
    0xDC, 0x5A, 0x92, 0x95, 0xEE, 0x48, 0x1F, 0x02, 0xB1, 0x23, 0x40, 0x3C, 0x98, 0x97, 0xDF, 0xED,
    0x2F, 0x85, 0x4C, 0x6B, 0xEF, 0x0C, 0xEA, 0xF7, 0x0F, 0x44, 0x6E, 0xF3, 0xCE, 0x2F, 0x15, 0x55,
    0x4C, 0x9F, 0xF4, 0xBC, 0xA4, 0xCD, 0xBE, 0x6B, 0xD0, 0x86, 0xED, 0xEE, 0x96, 0xC4, 0x3F, 0xD1,
    0xA9, 0xF2, 0xD6, 0xE8, 0xA4, 0xCA, 0xE7, 0xB9, 0x6C, 0x9E, 0xCB, 0xE5, 0xB9, 0x4C, 0x9E, 0xCB,
    0xE3, 0xD1, 0x62, 0xC1, 0x51, 0x95, 0x7C, 0x9D, 0x34, 0x4B, 0x1A, 0x71, 0xE6, 0x8A, 0xC3, 0xB8,
    0x75, 0x19, 0xE0, 0x18, 0xA3, 0x0B, 0xD4, 0x69, 0x4A, 0x72, 0x33, 0xA6, 0x02, 0x30, 0x6B, 0x39,
    0xB2, 0x39, 0xA3, 0xC4, 0xE5, 0xE9, 0xB2, 0x2C, 0x5D, 0x96, 0xA3, 0xE7, 0x65, 0xE8, 0x32, 0x8D,
    0xC3, 0x97, 0xCF, 0xAE, 0x2F, 0x01, 0x60, 0x08, 0x54, 0x65, 0xBE, 0x2C, 0xC9, 0xE7, 0x5A, 0x7C,
    0x59, 0x84, 0x4F, 0xD5, 0xF7, 0x5F, 0x90, 0x65, 0xF7, 0x3E, 0xD7, 0xDB, 0x4B, 0x48, 0x24, 0x28,
    0x12, 0x16, 0x09, 0x8C, 0x0A, 0x07, 0xAD, 0x69, 0xC4, 0x97, 0x29, 0x2E, 0x59, 0x30, 0xAF, 0x2A,
    0xE5, 0x55, 0x89, 0x3C, 0x03, 0x45, 0x7F, 0x5C, 0x7F, 0xCD, 0x45, 0xD7, 0xBC, 0x80, 0x4E, 0x2D,
    0x9D, 0x93, 0x8B, 0xE6, 0x10, 0x50, 0xCA, 0x2C, 0xDD, 0xDE, 0xA6, 0xB4, 0x13, 0xFD, 0x6C, 0x20,
    0xB4, 0xE9, 0x67, 0x41, 0x40, 0x99, 0x37, 0xC9, 0x4E, 0xAA, 0xAA, 0xBA, 0x65, 0x2D, 0xB7, 0x3A,
    0xAF, 0x3C, 0xB1, 0x3C, 0x33, 0x9F, 0x5A, 0x56, 0x66, 0xDF, 0xCE, 0xF5, 0xD8, 0xBC, 0xF4, 0x0E,
    0x64, 0xED, 0xF5, 0x90, 0x74, 0x9D, 0x4C, 0x22, 0xDA, 0x41, 0x5F, 0x02, 0xEF, 0x2D, 0x51, 0x33,
    0x43, 0xD5, 0x66, 0xDE, 0xBC, 0x53, 0xD4, 0x2C, 0xA8, 0xB6, 0xA9, 0xB5, 0x6F, 0x2B, 0x35, 0x6F,
    0x1A, 0xD1, 0xA6, 0xF3, 0xD8, 0x7E, 0xAC, 0x8A, 0x4E, 0xFB, 0x5E, 0xEF, 0x1C, 0xD1, 0xA6, 0xB5,
    0xBC, 0x43, 0x0C, 0xC3, 0xA1, 0xFB, 0xA5, 0x25, 0x2C, 0x47, 0xD4, 0x65, 0x58, 0x7D, 0x71, 0x70,
    0x0A, 0xBE, 0x25, 0xB2, 0x9B, 0x91, 0x56, 0xD7, 0xE9, 0x0F, 0x2F, 0x8F, 0xBB, 0x09, 0xAC, 0x61,
    0x30, 0x25, 0xD1, 0xA3, 0xA5, 0x72, 0xA1, 0x88, 0x8D, 0x9B, 0x56, 0x16, 0x52, 0xA0, 0x08, 0xC3,
    0x13, 0xC7, 0xBB, 0x42, 0xC4, 0x12, 0xD1, 0x3C, 0xC9, 0x5D, 0x95, 0x20, 0xA7, 0xA4, 0x38, 0x43,
    0x17, 0x2B, 0xE4, 0xD5, 0x14, 0xE2, 0x48, 0xEF, 0x78, 0xFE, 0x13, 0xC7, 0xC5, 0x65, 0x4A, 0x54,
    0xE3, 0x2F, 0xB7, 0x32, 0x16, 0x94, 0x5E, 0xEB, 0xF4, 0x0D, 0x5D, 0x7A, 0x5A, 0x19, 0x5E, 0x5D,
    0x28, 0x57, 0xE6, 0xBF, 0x15, 0x90, 0x26, 0x40, 0x86, 0x0A, 0x29, 0x01, 0x8D, 0x92, 0x12, 0xBD,
    0x21, 0xB2, 0x1E, 0xB9, 0x6C, 0x0A, 0x87, 0xB4, 0x94, 0xCD, 0x47, 0x57, 0x07, 0xFD, 0x1C, 0xF4,
    0x51, 0x1B, 0xD2, 0x74, 0x9F, 0x50, 0x71, 0x6D, 0x3B, 0xBB, 0x5C, 0x47, 0x52, 0x8A, 0x6C, 0x4E,
    0xA3, 0xE7, 0x73, 0xFA, 0xDF, 0xFA, 0x7E, 0xC4, 0xDF, 0xBB, 0xEC, 0x29, 0x71, 0x29, 0x05, 0x39,
    0xB9, 0x54, 0x3C, 0x71, 0x58, 0x19, 0xE7, 0x32, 0x6A, 0xA3, 0x97, 0xAC, 0xDE, 0x00, 0x2C, 0xD3,
    0xEA, 0x2E, 0x5B, 0x30, 0xB8, 0x58, 0xE1, 0x66, 0xC0, 0xA9, 0x10, 0x9C, 0xF1, 0x5E, 0xBE, 0x5C,
    0x30, 0xAF, 0x1D, 0xC9, 0x54, 0x4C, 0xCC, 0x8E, 0x35, 0xA5, 0xD3, 0xD9, 0xA1, 0xC4, 0xEB, 0xA0,
    0xD5, 0x30, 0x45, 0x13, 0x83, 0xDE, 0x44, 0x9D, 0xC4, 0x8A, 0x64, 0x92, 0x34, 0x5D, 0xDE, 0x5D,
    0xE6, 0xF0, 0x2A, 0x97, 0x02, 0x53, 0xE7, 0x4A, 0xEA, 0x72, 0x71, 0x8A, 0x9C, 0xFC, 0xF5, 0x6C,
    0x3A, 0x55, 0x33, 0x77, 0xDD, 0x09, 0xC9, 0xF5, 0xE6, 0x44, 0xC1, 0x57, 0x45, 0x96, 0x23, 0x48,
    0xB2, 0xF4, 0xC0, 0x08, 0x8F, 0xA3, 0xA8, 0x28, 0x90, 0xC1, 0x5A, 0x02, 0xD2, 0x0C, 0x41, 0x87,
    0x92, 0xC1, 0x34, 0xB9, 0x48, 0x97, 0xA0, 0x94, 0x6B, 0x2A, 0x08, 0x50, 0x59, 0x96, 0xCB, 0x90,
    0x72, 0x3D, 0x2E, 0x83, 0xBA, 0x12, 0x2B, 0x58, 0x7B, 0xB2, 0x02, 0x37, 0x86, 0x12, 0xB4, 0x05,
    0xB8, 0x05, 0xBC, 0x1A, 0xC0, 0x05, 0xC4, 0x65, 0x90, 0x4D, 0xAD, 0x00, 0x47, 0xA2, 0x17, 0x71,
    0x7B, 0x16, 0xA2, 0x4A, 0x20, 0x4B, 0x8A, 0x09, 0x30, 0x2B, 0xE4, 0xE2, 0xE1, 0x90, 0x2B, 0x86,
    0x03, 0x97, 0xCA, 0x84, 0x03, 0xAE, 0x0D, 0xF6, 0xA9, 0x20, 0xB8, 0x37, 0xF2, 0xDE, 0x69, 0x83,
    0xA7, 0xA2, 0x8D, 0x2C, 0x4F, 0x96, 0x27, 0x03, 0x55, 0x8A, 0xCC, 0xA7, 0xC3, 0x7B, 0xA6, 0xF3,
    0xF5, 0x7C, 0x55, 0x6C, 0xAC, 0x4A, 0x8C, 0x4B, 0x9A, 0xDE, 0xD7, 0x8A, 0x60, 0xCA, 0x45, 0x90,
    0xFB, 0x32, 0xFE, 0x3D, 0x75, 0xAA, 0xBF, 0xB3, 0x6F, 0xDF, 0xBB, 0x8F, 0x7F, 0x72, 0x40, 0x8B,
    0x5B, 0xD5, 0x0A, 0x3E, 0x8B, 0x3B, 0xCA, 0x6F, 0x52, 0xEB, 0xED, 0xBB, 0x46, 0xF5, 0xF9, 0xBB,
    0x83, 0x1F, 0x9B, 0x85, 0xC6, 0x91, 0xDA, 0x67, 0x8C, 0xE3, 0x08, 0x55, 0xF6, 0x24, 0x3C, 0xAF,
    0xD8, 0x73, 0x93, 0x39, 0x57, 0xD5, 0x6D, 0x46, 0x7A, 0x36, 0x5C, 0x5D, 0x48, 0x5E, 0x5B, 0x5D,
    0x3C, 0xBF, 0xFA, 0x2D, 0xE5, 0x78, 0x6D, 0xF5, 0x8B, 0x29, 0x32, 0x28, 0xDD, 0xDD, 0xB6, 0xA2,
    0x5B, 0xDB, 0xE7, 0xFB, 0x45, 0xD7, 0x28, 0x91, 0xF9, 0x4E, 0x33, 0xB2, 0x3B, 0x50, 0x09, 0x98,
    0x6E, 0x2E, 0xC5, 0x40, 0x89, 0x6E, 0x5D, 0x0A, 0xA2, 0x31, 0xDD, 0x44, 0x97, 0x14, 0x7D, 0x46,
    0x37, 0xAE, 0xEF, 0x83, 0x5F, 0xB4, 0x49, 0xE5, 0x33, 0xDD, 0x0C, 0xB2, 0x25, 0xEA, 0xF9, 0x6D,
    0x23, 0xDD, 0x2A, 0x39, 0xDD, 0xAA, 0xD7, 0x2B, 0x47, 0x74, 0x98, 0x35, 0xA0, 0x33, 0xA8, 0x35,
    0xB0, 0x35, 0xB8, 0x33, 0xC0, 0xA1, 0x80, 0x1C, 0x0A, 0xD0, 0x73, 0xD8, 0xC5, 0x7A, 0x0E, 0xBC,
    0xCA, 0xF9, 0x12, 0xF4, 0x1F, 0x90, 0x93, 0x4F, 0x82, 0xAF, 0xC1, 0xAF, 0xDD, 0x80, 0x76, 0x07,
    0xFA, 0x2D, 0x68, 0xF7, 0xD0, 0x77, 0x13, 0x07, 0xCE, 0x4A, 0xD7, 0xB5, 0x27, 0xCD, 0x98, 0xB6,
    0x0F, 0x17, 0xA1, 0x41, 0xC1, 0x76, 0xAA, 0x36, 0xA0, 0xFA, 0x04, 0x22, 0x62, 0x60, 0x44, 0x64,
    0x31, 0x04, 0x16, 0xD5, 0xF3, 0xBA, 0xBE, 0xDB, 0x6B, 0x91, 0xB3, 0x2B, 0x1A, 0x82, 0xD6, 0x92,
    0xF4, 0x6C, 0x59, 0xF2, 0x01, 0x33, 0xE7, 0x17, 0xF5, 0x73, 0x66, 0x27, 0x95, 0x67, 0xCD, 0x4E,
    0x9B, 0x9D, 0x57, 0x9D, 0x18, 0xD4, 0x99, 0x41, 0x9D, 0x1A, 0xE4, 0xB9, 0xD7, 0xE5, 0xC9, 0xF1,
    0xDE, 0xF9, 0xEC, 0xCF, 0x52, 0x1D, 0x76, 0x7E, 0xFA, 0x72, 0xB5, 0x40, 0x75, 0x48, 0x6F, 0xEC,
    0xAA, 0x72, 0xE1, 0xDD, 0xC8, 0x69, 0xDA, 0x1D, 0x55, 0x87, 0x76, 0xC7, 0xAE, 0x51, 0x1A, 0xFA,
    0xAB, 0xC0, 0xAB, 0xE3, 0xA5, 0xDA, 0x59, 0xB5, 0x19, 0x1F, 0x76, 0xB3, 0xB7, 0x82, 0xAB, 0xC7,
    0xFB, 0x4A, 0x77, 0xB3, 0xED, 0xF8, 0x08, 0x84, 0xDF, 0xD2, 0x59, 0xE0, 0xC2, 0xF0, 0xD6, 0x19,
    0x6C, 0xFD, 0xC1, 0x76, 0x36, 0xA1, 0x96, 0x97, 0x98, 0x7F, 0x28, 0xBD, 0x10, 0x80, 0x73, 0x21,
    0x44, 0xF5, 0x8B, 0x4E, 0x0C, 0xAA, 0x42, 0x27, 0xE6, 0x96, 0xAA, 0xE5, 0x38, 0xB5, 0x14, 0xEC,
    0xF3, 0x28, 0x27, 0xD1, 0xE0, 0x0A, 0xCC, 0x86, 0x44, 0xCA, 0xF8, 0xD2, 0x62, 0x51, 0xCF, 0x33,
    0x74, 0xE3, 0x0C, 0xDD, 0xF8, 0x43, 0x37, 0x04, 0x8D, 0x02, 0x47, 0xC1, 0xA3, 0x00, 0x52, 0x10,
    0x29, 0x90, 0x14, 0x4C, 0x12, 0x28, 0x60, 0xA8, 0xB6, 0x41, 0xE2, 0xA7, 0xC3, 0x70, 0x51, 0xC6,
    0x8E, 0x01, 0xB3, 0xFD, 0x4C, 0x41, 0xDA, 0xC3, 0x9A, 0x60, 0xB0, 0xA9, 0x04, 0xE6, 0xF3, 0xD8,
    0x78, 0x22, 0xA8, 0x7C, 0x53, 0x5C, 0xE8, 0x54, 0xBE, 0x15, 0x9B, 0x11, 0x65, 0x75, 0xE9, 0x19,
    0x27, 0xD8, 0xA0, 0xA2, 0x8F, 0x10, 0x9E, 0x4A, 0xC7, 0xBD, 0x74, 0x9C, 0x12, 0x93, 0x88, 0x09,
    0x21, 0xD2, 0x33, 0x79, 0x22, 0xAE, 0xD0, 0xC7, 0xA3, 0xDA, 0x60, 0x78, 0xCB, 0xD7, 0x95, 0x17,
    0x06, 0xBE, 0x32, 0xF0, 0xA5, 0x39, 0xA3, 0x1C, 0x03, 0x5F, 0x9C, 0xD7, 0x79, 0x46, 0xC0, 0x97,
    0x07, 0xBA, 0xFE, 0x2F, 0x7C, 0xB9, 0xC6, 0x98, 0x20, 0x58, 0x89, 0x4A, 0xB5, 0x55, 0x43, 0xF9,
    0x81, 0xB0, 0xCA, 0x7A, 0x5E, 0xB5, 0x3E, 0xEF, 0x79, 0xDB, 0xF9, 0x41, 0x3E, 0x9B, 0x41, 0x5E,
    0xD2, 0x91, 0x93, 0x47, 0xA5, 0x17, 0xDE, 0x21, 0x7E, 0xA0, 0x60, 0x77, 0x93, 0x1E, 0x2B, 0x14,
    0x70, 0xBE, 0xD4, 0xF0, 0x6F, 0x39, 0x3F, 0x18, 0xA0, 0x2E, 0x29, 0xAF, 0x29, 0x2F, 0x7A, 0x6B,
    0xF8, 0xE1, 0x80, 0xAF, 0xAA, 0xE2, 0x6D, 0xAE, 0x8A, 0x69, 0x66, 0xF1, 0x95, 0x5A, 0x11, 0x1D,
    0x22, 0x8A, 0x38, 0x61, 0x9B, 0x64, 0x2F, 0x62, 0xDA, 0xA0, 0xE3, 0x38, 0x85, 0xC8, 0xD2, 0x99,
    0xC1, 0xAF, 0xE6, 0xBF, 0x58, 0xCB, 0x83, 0x35, 0x45, 0xA0, 0xA9, 0x95, 0x9F, 0xCA, 0xE3, 0x80,
    0x48, 0x4C, 0x55, 0x6F, 0xE4, 0x20, 0x20, 0x11, 0x52, 0xAA, 0xC2, 0x41, 0x10, 0x88, 0x94, 0x86,
    0x40, 0xC9, 0x4E, 0xF5, 0xE4, 0x48, 0x53, 0x7A, 0x6A, 0x4D, 0x40, 0xC9, 0xE8, 0x88, 0xA8, 0xDD,
    0xE5, 0x10, 0x01, 0x05, 0x17, 0x9C, 0x88, 0xC3, 0x4C, 0xEB, 0x08, 0x41, 0x5B, 0x50, 0x25, 0xB9,
    0xE0, 0xD2, 0x7C, 0x19, 0x4E, 0x1F, 0x79, 0xF1, 0x06, 0x5F, 0x3C, 0x84, 0x3F, 0x03, 0x7A, 0xDE,
    0x10, 0x5D, 0xE8, 0x32, 0xF2, 0x22, 0xE5, 0x00, 0xEC, 0x9F, 0x00, 0x25, 0x8D, 0xCD, 0xF4, 0x39,
    0xBE, 0x1D, 0x46, 0x76, 0x53, 0x39, 0xE6, 0x01, 0x5B, 0xBD, 0x3E, 0xDA, 0xF6, 0xE1, 0x4C, 0x43,
    0x84, 0x94, 0x3A, 0xE0, 0xF8, 0x16, 0xC8, 0xB5, 0x02, 0x14, 0x75, 0xA2, 0x00, 0xD4, 0x4A, 0xC0,
    0xEB, 0x63, 0xA8, 0x96, 0x89, 0x1E, 0x7B, 0x87, 0xF0, 0x1A, 0x09, 0x21, 0xE4, 0xF4, 0x0B, 0xB2,
    0xF4, 0x11, 0x6E, 0x17, 0x14, 0x56, 0xEF, 0xE1, 0x0D, 0xD3, 0xAA, 0x62, 0x5D, 0x19, 0x30, 0x27,
    0x33, 0x87, 0xF7, 0xE9, 0x86, 0x5F, 0x12, 0xAA, 0x70, 0x1C, 0x8B, 0xF5, 0xB1, 0x54, 0xCA, 0x65,
    0x53, 0xE3, 0x9D, 0xA2, 0x99, 0xA1, 0x66, 0x01, 0xFD, 0x95, 0x16, 0x56, 0xDE, 0x20, 0x2D, 0xD9,
    0xB5, 0x64, 0xAF, 0xB2, 0x12, 0x96, 0x3C, 0xCD, 0x9B, 0x43, 0xE9, 0xAB, 0x66, 0x7C, 0x07, 0x8D,
    0x01, 0xB9, 0x91, 0xEB, 0xCB, 0x2C, 0x59, 0x91, 0x53, 0x09, 0x12, 0xC9, 0x2D, 0x6B, 0x77, 0xB2,
    0x4C, 0x5C, 0x98, 0xE3, 0x0D, 0xA7, 0xBC, 0x78, 0xCD, 0x16, 0x45, 0x19, 0x79, 0x69, 0xAB, 0x25,
    0x7A, 0x4C, 0xD2, 0x99, 0x35, 0xE9, 0x92, 0xAD, 0x71, 0x02, 0xCC, 0x48, 0x64, 0x02, 0x8C, 0x2B,
    0xDC, 0x89, 0xC2, 0xC6, 0x63, 0xE7, 0xBF, 0xB2, 0xA8, 0x87, 0x2A, 0xF5, 0x3A, 0xE7, 0xA2, 0xE0,
    0xF9, 0x9A, 0x0F, 0x18, 0x04, 0x96, 0x34, 0x90, 0xA5, 0xB2, 0x38, 0x13, 0xE6, 0x9D, 0x0C, 0x64,
    0x26, 0x8C, 0x9E, 0x0D, 0xC6, 0x77, 0x9A, 0x98, 0xAA, 0xEE, 0x21, 0xCE, 0x3A, 0x09, 0x4A, 0x65,
    0x86, 0xB3, 0x85, 0x18, 0x97, 0xFE, 0x2B, 0xE1, 0xF6, 0x32, 0x97, 0x0E, 0x2F, 0xC9, 0x4C, 0x58,
    0x9E, 0xB0, 0x4B, 0x97, 0xB1, 0x93, 0xA7, 0xEC, 0xC6, 0x98, 0x6F, 0x3C, 0xCD, 0x8E, 0xC5, 0xB9,
    0xD2, 0xA6, 0xE2, 0x3F, 0x2B, 0x6C, 0x55, 0x82, 0x9A, 0xDD, 0xAC, 0x3B, 0xCD, 0x39, 0x27, 0x98,
    0xAB, 0x88, 0x94, 0x96, 0xA4, 0xCC, 0x9C, 0x42, 0x56, 0x9C, 0x59, 0x8E, 0xA8, 0x4E, 0x68, 0x37,
    0x8F, 0x49, 0x12, 0x83, 0x12, 0x0F, 0x8E, 0x0F, 0xB1, 0x7D, 0xD1, 0x54, 0xB5, 0x76, 0xB7, 0x90,
    0x17, 0x3C, 0xA4, 0x35, 0xD1, 0xDB, 0xE1, 0xAD, 0x15, 0xD6, 0xC1, 0xDC, 0xED, 0xC2, 0x8C, 0xD8,
    0x5D, 0x64, 0xE8, 0xB6, 0x57, 0xB2, 0xB2, 0x01, 0xE9, 0xF8, 0xCA, 0x0C, 0xA4, 0x8C, 0x3A, 0x8C,
    0x8A, 0x38, 0x54, 0x12, 0x19, 0x2C, 0xE7, 0xFA, 0x7F, 0x2E, 0xBB, 0x4C, 0x78, 0x2A, 0x44, 0xE4,
    0x37, 0xA0, 0x3B, 0x1C, 0x38, 0x3E, 0xB5, 0x55, 0x0A, 0x28, 0xD0, 0x92, 0x83, 0x36, 0xDB, 0xC9,
    0xB3, 0xD2, 0x5A, 0x96, 0xAB, 0x94, 0x9C, 0xA6, 0x27, 0x2B, 0x3D, 0x9A, 0x5C, 0xE9, 0x91, 0xD0,
    0x34, 0xB4, 0x64, 0xFC, 0x9B, 0x27, 0xAE, 0x9A, 0xB9, 0x85, 0x8F, 0x5E, 0xD5, 0x37, 0x43, 0x7D,
    0x74, 0x43, 0x1A, 0xA0, 0xCA, 0xE9, 0xF7, 0xA4, 0xA5, 0xDF, 0x92, 0x8A, 0x29, 0x46, 0x7E, 0x1F,
    0x43, 0xD0, 0xB8, 0x46, 0x93, 0x1D, 0x76, 0x54, 0xD4, 0xBD, 0x13, 0xDB, 0x44, 0x02, 0xA4, 0x0E,
    0x81, 0xE4, 0x2A, 0x6B, 0x9E, 0x1E, 0x49, 0x00, 0x59, 0xAD, 0x08, 0xA1, 0x98, 0x8A, 0x42, 0x1A,
    0xB2, 0xA2, 0xB8, 0xCB, 0xA5, 0xC4, 0xED, 0x88, 0x25, 0x06, 0xC7, 0x8C, 0x67, 0xC5, 0x39, 0x99,
    0x4C, 0xB5, 0x7E, 0x1E, 0xE1, 0xA7, 0xC8, 0xAA, 0xBE, 0x59, 0x7A, 0x52, 0xB2, 0x9A, 0x16, 0xA1,
    0xD2, 0xDF, 0xF4, 0xE2, 0xCD, 0xA0, 0x67, 0xFF, 0x44, 0x2D, 0x6F, 0x98, 0x71, 0xDF, 0x23, 0x37,
    0xA7, 0xE5, 0x86, 0x1F, 0x94, 0x09, 0x66, 0x28, 0x37, 0x1D, 0xC5, 0xFF, 0x48, 0xA4, 0x3B, 0xA9,
    0x90, 0xA8, 0x4A, 0xE3, 0x17, 0x78, 0x71, 0x0A, 0x4A, 0x59, 0xDA, 0xA0, 0xE6, 0x77, 0xE5, 0xE9,
    0xDC, 0x4C, 0x9A, 0x7B, 0xF2, 0xD4, 0x9C, 0x0D, 0xEE, 0xCA, 0x19, 0x20, 0x6B, 0x68, 0x48, 0x8C,
    0x18, 0x8F, 0x7D, 0xC5, 0xEF, 0xCB, 0x2D, 0x8F, 0xDA, 0xCA, 0xE4, 0x88, 0x02, 0x2F, 0x83, 0x4F,
    0x01, 0x98, 0x41, 0x98, 0x83, 0xC8, 0x30, 0x66, 0x40, 0x66, 0x50, 0x66, 0x60, 0x66, 0x70, 0x66,
    0x80, 0x66, 0x90, 0xAA, 0x09, 0xDB, 0x54, 0x99, 0xEB, 0xCB, 0x12, 0xD8, 0xD7, 0xA8, 0xFA, 0x8A,
    0x48, 0xDB, 0x66, 0x70, 0x17, 0xF3, 0xA9, 0x56, 0x25, 0xF1, 0xC9, 0xE2, 0x91, 0x4A, 0x37, 0xF0,
    0xCC, 0xAC, 0x6F, 0xEA, 0x4A, 0xEF, 0x38, 0x1D, 0xF5, 0xC4, 0xD9, 0x2D, 0x90, 0x7A, 0x8E, 0xA4,
    0x35, 0xC7, 0xC6, 0xA2, 0xFC, 0x0F, 0xA9, 0x4D, 0x65, 0x7E, 0x50, 0x78, 0xA3, 0x46, 0xE6, 0xD3,
    0xCA, 0x6C, 0x4D, 0xAC, 0xD6, 0x89, 0xD2, 0xC9, 0xA5, 0x36, 0x63, 0x90, 0x3D, 0xE5, 0x3A, 0x66,
    0xEB, 0x19, 0xF9, 0xE7, 0x9E, 0xAF, 0xD2, 0x11, 0xF2, 0x2A, 0x72, 0x59, 0x12, 0x17, 0xA8, 0x20,
    0xF5, 0x67, 0x96, 0xC5, 0xBF, 0xE3, 0xA5, 0xBE, 0x85, 0xCE, 0xDD, 0xAE, 0xF6, 0xA4, 0x20, 0xAE,
    0xD6, 0x2E, 0x92, 0x49, 0x23, 0x1B, 0x18, 0xD6, 0xC4, 0x7D, 0x0D, 0x2F, 0x57, 0xE2, 0x25, 0x4A,
    0xBC, 0x2C, 0x89, 0x8B, 0x99, 0xB9, 0x90, 0x99, 0x97, 0x1C, 0xF1, 0x32, 0x23, 0x5E, 0x5A, 0xC4,
    0xCB, 0x89, 0x78, 0x09, 0x11, 0x2F, 0x1B, 0xCA, 0x3C, 0x5C, 0xB9, 0xF4, 0x2B, 0x5F, 0x2B, 0x72,
    0xCD, 0x16, 0x46, 0xB5, 0xF1, 0x90, 0x76, 0x8A, 0x59, 0x85, 0x5D, 0x77, 0xE9, 0xB5, 0x2F, 0xB2,
    0xC3, 0xCE, 0x95, 0x5E, 0xAF, 0xC7, 0x72, 0x91, 0x94, 0x5C, 0x08, 0x55, 0xE5, 0x47, 0xF3, 0x22,
    0x8C, 0x88, 0x6E, 0x09, 0xA4, 0x84, 0x12, 0xF6, 0xFC, 0x94, 0xCA, 0xFA, 0xE8, 0x71, 0x9A, 0xC5,
    0xBB, 0x23, 0xDF, 0xB4, 0xB8, 0x9B, 0xA2, 0x7D, 0xFC, 0xEE, 0xCC, 0x86, 0x22, 0x48, 0x65, 0x44,
    0xA1, 0xF4, 0xE9, 0x94, 0x3E, 0x66, 0xFE, 0x89, 0xB4, 0x0F, 0x95, 0x16, 0xF9, 0x62, 0x27, 0x4A,
    0x8B, 0xD8, 0x20, 0x31, 0x01, 0x32, 0x88, 0x15, 0x37, 0x08, 0x77, 0x7E, 0x85, 0x55, 0x3F, 0xAB,
    0xFD, 0xC0, 0x40, 0x29, 0x6A, 0xD3, 0x83, 0x25, 0xB7, 0x57, 0xF8, 0xAE, 0xD6, 0xFA, 0xFE, 0x16,
    0x14, 0xC3, 0xD4, 0x54, 0x0D, 0x47, 0x35, 0x4B, 0x5A, 0xF9, 0x99, 0x96, 0x79, 0x44, 0x2E, 0xD8,
    0x91, 0x4F, 0xC3, 0xE4, 0xA7, 0x60, 0xF2, 0x92, 0x1C, 0x5E, 0x88, 0xC3, 0xCB, 0x6F, 0x78, 0x8D,
    0x22, 0x2D, 0xB5, 0xF1, 0x69, 0x81, 0x4D, 0x44, 0xCB, 0x6A, 0x3A, 0xBC, 0x98, 0xA6, 0x2F, 0xDD,
    0xBA, 0x56, 0x36, 0xE2, 0xE6, 0x72, 0xC7, 0xC7, 0xCD, 0xCD, 0xC1, 0xB1, 0x5C, 0xF7, 0xD2, 0x03,
    0x61, 0xE8, 0x29, 0x30, 0xF4, 0xE8, 0x97, 0x84, 0x82, 0xB6, 0x26, 0x95, 0x7C, 0x74, 0x2A, 0x1D,
    0x33, 0xAC, 0xA2, 0x7A, 0x40, 0x97, 0xBF, 0x99, 0x4C, 0x64, 0x73, 0x82, 0x44, 0x38, 0x3F, 0x96,
    0x8C, 0x7E, 0x21, 0x1F, 0x41, 0x46, 0xCF, 0x88, 0xE1, 0x27, 0xC3, 0xF0, 0xF3, 0x60, 0xF8, 0x81,
    0x37, 0xF4, 0xEC, 0x17, 0x9F, 0x9E, 0xF8, 0x12, 0xF1, 0xC3, 0xC3, 0xD4, 0x03, 0x6D, 0xA6, 0xCB,
    0x96, 0x57, 0x7F, 0xB6, 0xAA, 0x92, 0x7B, 0x3B, 0x96, 0x4C, 0x00, 0xC8, 0x30, 0x4F, 0xC6, 0xC2,
    0xCC, 0x1D, 0xDC, 0x48, 0x66, 0xE6, 0x10, 0x0E, 0x05, 0x6F, 0x42, 0x9C, 0xDC, 0xD5, 0xA0, 0x22,
    0x2E, 0x08, 0x15, 0xAA, 0x99, 0x38, 0x5F, 0xA4, 0x94, 0x5B, 0x5A, 0x3B, 0xF2, 0x59, 0x5E, 0x56,
    0x16, 0x84, 0x97, 0x66, 0x09, 0x5F, 0x97, 0xC9, 0x23, 0x57, 0x98, 0xA7, 0x1A, 0x7B, 0x5E, 0x89,
    0x65, 0xA0, 0xBD, 0x9E, 0x1D, 0x63, 0x75, 0x54, 0x70, 0x9D, 0x22, 0x46, 0x94, 0xC1, 0xE5, 0x60,
    0x11, 0xCF, 0x22, 0x83, 0xDD, 0x2A, 0xE3, 0x5A, 0x95, 0x6D, 0x3E, 0x70, 0x5C, 0xBA, 0x6C, 0xF6,
    0x5E, 0xA5, 0xC2, 0xED, 0xFA, 0x0B, 0xD8, 0x6E, 0x46, 0xA1, 0xDA, 0xB4, 0x62, 0x27, 0x4A, 0x08,
    0x7A, 0xF4, 0x64, 0x03, 0x3C, 0xC7, 0x76, 0x8A, 0xC4, 0x6A, 0x07, 0x76, 0xB3, 0xD1, 0xB1, 0x9B,
    0xA7, 0x50, 0x75, 0x6F, 0xB6, 0xAC, 0xFF, 0x8A, 0x6B, 0xA6, 0xE8, 0xD4, 0x6E, 0x17, 0xE1, 0x29,
    0x7A, 0x0A, 0x93, 0x78, 0x52, 0x68, 0xF1, 0x74, 0x7E, 0x34, 0x14, 0xEB, 0xFD, 0xD3, 0x54, 0x6F,
    0xDF, 0xAD, 0x2A, 0xCA, 0x5A, 0xB4, 0x88, 0xD2, 0x0A, 0xE7, 0xD4, 0xDA, 0xF5, 0xCA, 0x8B, 0x08,
    0xE4, 0xEC, 0x0E, 0x19, 0xB7, 0x64, 0x8B, 0x8B, 0x70, 0x45, 0x50, 0x38, 0x0C, 0x71, 0x1B, 0x52,
    0x42, 0x94, 0xA3, 0xF9, 0x3D, 0xE2, 0x90, 0x36, 0xA9, 0x76, 0x37, 0xCD, 0x8C, 0xC7, 0x1B, 0x28,
    0x0E, 0xBE, 0x09, 0x85, 0xBF, 0x45, 0x02, 0x8F, 0xAD, 0x68, 0x87, 0x5B, 0xAA, 0xAE, 0x55, 0x82,
    0x5E, 0x3D, 0x84, 0xE3, 0xE6, 0x57, 0xD7, 0xDE, 0xD4, 0x9A, 0xD9, 0x77, 0xF6, 0x2E, 0x4A, 0x65,
    0x70, 0xB2, 0xF4, 0x8D, 0x8C, 0xB4, 0x52, 0xF5, 0xDB, 0x4D, 0xBF, 0x53, 0x80, 0xEC, 0x19, 0x38,
    0xF2, 0x19, 0x39, 0xF2, 0xE1, 0x38, 0x6A, 0x45, 0x0C, 0x57, 0xEE, 0xD6, 0xC8, 0x44, 0x92, 0xEF,
    0xF1, 0x17, 0xBC, 0xC4, 0x0B, 0xA5, 0x4D, 0x5B, 0xC7, 0x97, 0xB2, 0x6C, 0xAF, 0xB3, 0xAA, 0x8D,
    0x4E, 0xEA, 0x3C, 0xD3, 0xE4, 0x3F, 0xEA, 0x9B, 0x4D, 0x0E, 0x72, 0x6F, 0xEC, 0xF1, 0x8F, 0xAC,
    0x44, 0x68, 0xF9, 0x1A, 0x2A, 0x0C, 0x14, 0xC0, 0x61, 0x6A, 0xB6, 0xA8, 0xF1, 0x38, 0xFE, 0x13,
    0xE3, 0xDD, 0x1A, 0x3D, 0xFA, 0xD6, 0x7B, 0x86, 0x82, 0x32, 0x74, 0x4E, 0x83, 0x39, 0x9E, 0xED,
    0x66, 0x9A, 0x00, 0xD6, 0xEB, 0x14, 0x6D, 0xFA, 0x0E, 0x3D, 0x87, 0xC0, 0x8F, 0xC8, 0xEE, 0x88,
    0xD0, 0x45, 0x3E, 0x11, 0x91, 0xA1, 0x14, 0x02, 0x3D, 0x7D, 0x44, 0x3E, 0xE0, 0xCF, 0xDB, 0x3D,
    0x7B, 0x1F, 0xC0, 0xD1, 0x06, 0xA7, 0x4E, 0x0D, 0x65, 0xA9, 0x15, 0x2D, 0xDB, 0x68, 0xA6, 0xB4,
    0xDC, 0xB6, 0x58, 0xEA, 0x55, 0x9B, 0xD4, 0xDA, 0x21, 0xB5, 0x66, 0xCC, 0x06, 0x7D, 0x8B, 0x5B,
    0x8F, 0x5B, 0xA7, 0x5D, 0xD4, 0x96, 0x98, 0xF2, 0x56, 0x85, 0x0C, 0x99, 0x53, 0x35, 0x4F, 0xFB,
    0xDB, 0xDB, 0x64, 0x7B, 0x73, 0x79, 0xFA, 0xE5, 0xBC, 0x42, 0x9D, 0x97, 0xA2, 0x70, 0x6C, 0x9D,
    0x9F, 0xE8, 0xC0, 0xCD, 0xDC, 0xC3, 0x70, 0x8E, 0xF4, 0x29, 0x0B, 0xD9, 0x44, 0x8A, 0x69, 0xD3,
    0xC7, 0xC6, 0xA6, 0x87, 0x8C, 0x59, 0xFC, 0xC4, 0xB7, 0xB6, 0xBF, 0x49, 0x0B, 0x60, 0x12, 0x7A,
    0x80, 0x34, 0xC9, 0x10, 0xB2, 0xEC, 0x69, 0xE1, 0x06, 0x82, 0xC7, 0x4F, 0xC7, 0xA5, 0x9F, 0x79,
    0xE4, 0x0A, 0xF5, 0xF8, 0xC1, 0xB8, 0xB4, 0x14, 0x23, 0xC4, 0xA6, 0xB1, 0xDE, 0x20, 0xD2, 0xF7,
    0xE4, 0x22, 0xAC, 0x3D, 0x7E, 0x66, 0xAF, 0xF1, 0x83, 0x4F, 0x78, 0x55, 0x5A, 0xED, 0x2C, 0x1A,
    0xA9, 0x1E, 0x69, 0xAD, 0x27, 0x20, 0x4B, 0x3C, 0x73, 0x33, 0x45, 0xBC, 0x5E, 0x6D, 0x62, 0x63,
    0x77, 0xC8, 0x06, 0x20, 0xAF, 0x12, 0x5E, 0xA0, 0xA6, 0xFA, 0x01, 0x0A, 0x94, 0x7C, 0x93, 0x04,
    0xC2, 0xFF, 0xD1, 0xC5, 0xAF, 0x70, 0xBC, 0x81, 0x9A, 0x6A, 0x94, 0x85, 0x1F, 0x1A, 0x31, 0x8C,
    0x2F, 0x77, 0xD3, 0x45, 0x57, 0x44, 0x8D, 0xAE, 0x9B, 0xFA, 0xF9, 0x2A, 0xEC, 0x3D, 0xCA, 0x13,
    0x74, 0xD8, 0xF6, 0x24, 0x62, 0x13, 0xAD, 0x89, 0xD4, 0x44, 0x69, 0x26, 0x34, 0xD1, 0x99, 0xC8,
    0xCC, 0x54, 0x6E, 0x4B, 0x1A, 0x13, 0x89, 0x89, 0xC2, 0x44, 0x60, 0xA4, 0x2F, 0x91, 0xD7, 0xE6,
    0x25, 0xB5, 0x85, 0x0F, 0x41, 0xAB, 0x81, 0x08, 0x23, 0xB4, 0x7A, 0x8A, 0xFE, 0x9C, 0x47, 0xE5,
    0xFF, 0x5D, 0xB8, 0xCB, 0xD7, 0x56, 0x66, 0xA8, 0x50, 0x4D, 0xA9, 0x39, 0x46, 0x13, 0x6A, 0x8B,
    0x9A, 0x6A, 0x93, 0x38, 0xAE, 0xC3, 0x4F, 0xDC, 0x26, 0xF1, 0xFA, 0x02, 0x35, 0x55, 0x6A, 0x1C,
    0x9A, 0x20, 0xD6, 0x0E, 0x11, 0x8E, 0x57, 0xBF, 0xF0, 0xF3, 0x87, 0xBC, 0x40, 0x3E, 0xAA, 0x7F,
    0x66, 0xE5, 0xE7, 0xBB, 0x7E, 0x43, 0xBC, 0x88, 0xF7, 0xBA, 0x5B, 0x7A, 0x40, 0x38, 0xFC, 0x49,
    0x56, 0xFE, 0xCF, 0x75, 0xFF, 0xB2, 0xF8, 0x9F, 0x6A, 0xFF, 0x99, 0x1F, 0x4C, 0xAD, 0xF2, 0xFF,
    0x56, 0xA0, 0xE5, 0xED, 0xBC, 0xDD, 0xFF, 0x07, 0x35, 0xCE, 0xB1, 0x11, 0x02, 0x21, 0x10, 0x85,
    0xE1, 0x77, 0x43, 0x40, 0x70, 0x01, 0x76, 0x70, 0x25, 0x98, 0x98, 0x43, 0x27, 0xB6, 0x61, 0xE2,
    0x78, 0x55, 0x58, 0x8B, 0x99, 0x96, 0x40, 0x09, 0xD8, 0x03, 0x01, 0x01, 0xEC, 0x73, 0xF7, 0x18,
    0x99, 0x81, 0x3F, 0xF8, 0x66, 0x87, 0x05, 0xFE, 0xE7, 0x32, 0x33, 0x8E, 0xD7, 0x31, 0x59, 0x02,
    0xB3, 0x25, 0xB2, 0x5A, 0xE4, 0x69, 0xE8, 0x32, 0xA2, 0x62, 0xF8, 0x20, 0x28, 0xC6, 0xEF, 0x6B,
    0x55, 0x24, 0xBB, 0x1F, 0x3A, 0xC5, 0xBE, 0x32, 0x05, 0xB2, 0xEA, 0x64, 0x24, 0xF3, 0x99, 0xF5,
    0x41, 0xA6, 0x37, 0xDB, 0x46, 0x51, 0x2E, 0x9E, 0xE2, 0xC9, 0x7D, 0xA1, 0xAC, 0x14, 0x40, 0x91,
    0x0D, 0xD8, 0x34, 0x05, 0xF0, 0xC3, 0x73, 0x07, 0x96, 0xEE, 0xC4, 0xFE, 0xBB, 0xBB, 0x66, 0xD9,
    0xAE, 0xC5, 0x72, 0x90, 0xA2, 0xCC, 0x3D, 0x6F, 0x33, 0x27, 0xBD, 0x3F, 0x63, 0x60, 0x60, 0x62,
    0x00, 0x02, 0x7D, 0x07, 0x06, 0x0D, 0xD1, 0x1D, 0x0C, 0x0C, 0x22, 0xA2, 0x25, 0x0C, 0x1C, 0xBA,
    0x1C, 0x3A, 0x22, 0xBD, 0xFB, 0x79, 0xF9, 0x74, 0xCE, 0x6D, 0xFE, 0xFF, 0xFF, 0xFF, 0xBF, 0xC0,
    0x65, 0x4B, 0x57, 0x65, 0x80, 0x14, 0xA9, 0x32, 0x20, 0x00, 0x0B, 0x98, 0x34, 0x67, 0x60, 0x64,
    0x60, 0xFA, 0xA2, 0xE4, 0xC0, 0xCC, 0xC4, 0xCB, 0x63, 0xED, 0xC0, 0xD4, 0x66, 0x20, 0xC1, 0xCE,
    0xC0, 0xF4, 0xEF, 0xD7, 0xFF, 0xBF, 0x0C, 0xCC, 0x60, 0x79, 0x1D, 0x30, 0x29, 0x00, 0x26, 0x19,
    0x19, 0x80, 0x82, 0x01, 0x8C, 0x8E, 0x2F, 0x18, 0x0E, 0xF3, 0xA4, 0xBD, 0x5E, 0x23, 0x2A, 0x22,
    0x00, 0x00,
};

static const EpdGlyph arabic_14_regularGlyphs[] = {
    { 33, 9, 533, 0, 5, 75, 0 }, // U+0600
    { 44, 8, 702, 0, 0, 88, 75 }, // U+0601
    { 32, 8, 505, 0, 4, 64, 163 }, // U+0602
    { 38, 8, 611, 0, 4, 76, 227 }, // U+0603
    { 60, 18, 951, 0, 12, 270, 303 }, // U+0604
    { 35, 7, 572, 0, 22, 62, 573 }, // U+0605
    { 18, 21, 290, 0, 21, 95, 635 }, // U+0606
    { 18, 21, 290, 0, 21, 95, 730 }, // U+0607
    { 32, 20, 518, 0, 12, 160, 825 }, // U+0608
    { 17, 22, 303, 1, 21, 94, 985 }, // U+0609
    { 23, 22, 389, 1, 21, 127, 1079 }, // U+060A
    { 12, 28, 209, 0, 21, 84, 1206 }, // U+060B
    { 5, 8, 153, 2, 7, 10, 1290 }, // U+060C
    { 9, 11, 170, 0, 5, 25, 1300 }, // U+060D
    { 27, 11, 422, 0, 10, 75, 1325 }, // U+060E
    { 20, 27, 243, -2, 15, 135, 1400 }, // U+060F
    { 10, 8, 0, 0, 24, 20, 1535 }, // U+0610
    { 9, 8, 0, 0, 24, 18, 1555 }, // U+0611
    { 9, 8, 0, 0, 25, 18, 1573 }, // U+0612
    { 12, 10, 0, 0, 26, 30, 1591 }, // U+0613
    { 13, 5, 0, 0, 22, 17, 1621 }, // U+0614
    { 9, 8, 0, 0, 39, 18, 1638 }, // U+0615
    { 12, 11, 0, 0, 42, 33, 1656 }, // U+0616
    { 5, 10, 0, 0, 41, 13, 1689 }, // U+0617
    { 5, 4, 0, 1, 20, 5, 1702 }, // U+0618
    { 6, 7, 0, 0, 24, 11, 1707 }, // U+0619
    { 5, 4, 0, 1, -3, 5, 1718 }, // U+061A
    { 5, 16, 161, 2, 15, 20, 1723 }, // U+061B
    { 0, 0, 280, 0, 0, 0, 1743 }, // U+061C
    { 13, 22, 282, 2, 20, 72, 1743 }, // U+061D
    { 8, 7, 135, 0, 6, 14, 1815 }, // U+061E
    { 12, 23, 203, 0, 22, 69, 1829 }, // U+061F
    { 22, 26, 355, 0, 13, 143, 1898 }, // U+0620
    { 11, 13, 192, 0, 11, 36, 2041 }, // U+0621
    { 10, 25, 110, -2, 25, 63, 2077 }, // U+0622
    { 6, 28, 110, 0, 28, 42, 2140 }, // U+0623
    { 11, 26, 209, 1, 19, 72, 2182 }, // U+0624
    { 7, 31, 111, 1, 21, 55, 2254 }, // U+0625
    { 22, 20, 355, 0, 13, 110, 2309 }, // U+0626
    { 4, 21, 111, 2, 21, 21, 2419 }, // U+0627
    { 28, 19, 463, 0, 12, 133, 2440 }, // U+0628
    { 11, 20, 189, 0, 20, 55, 2573 }, // U+0629
    { 28, 16, 463, 0, 15, 112, 2628 }, // U+062A
    { 28, 19, 463, 0, 18, 133, 2740 }, // U+062B
    { 18, 25, 298, 0, 13, 113, 2873 }, // U+062C
    { 18, 25, 298, 0, 13, 113, 2986 }, // U+062D
    { 18, 31, 298, 0, 19, 140, 3099 }, // U+062E
    { 12, 15, 223, 1, 14, 45, 3239 }, // U+062F
    { 12, 21, 223, 1, 20, 63, 3284 }, // U+0630
    { 10, 17, 171, -1, 10, 43, 3347 }, // U+0631
    { 10, 24, 171, -1, 17, 60, 3390 }, // U+0632
    { 34, 19, 564, 0, 12, 162, 3450 }, // U+0633
    { 34, 26, 564, 0, 19, 221, 3612 }, // U+0634
    { 37, 18, 610, 0, 11, 167, 3833 }, // U+0635
    { 37, 24, 610, 0, 17, 222, 4000 }, // U+0636
    { 22, 22, 368, 0, 21, 121, 4222 }, // U+0637
    { 22, 22, 368, 0, 21, 121, 4343 }, // U+0638
    { 17, 27, 237, 0, 15, 115, 4464 }, // U+0639
    { 17, 33, 237, 0, 21, 141, 4579 }, // U+063A
    { 26, 26, 409, 0, 25, 169, 4720 }, // U+063B
    { 26, 31, 409, 0, 21, 202, 4889 }, // U+063C
    { 22, 22, 355, 0, 15, 121, 5091 }, // U+063D
    { 22, 20, 355, 0, 13, 110, 5212 }, // U+063E
    { 22, 21, 355, 0, 14, 116, 5322 }, // U+063F
    { 10, 4, 126, 0, 3, 10, 5438 }, // U+0640
    { 28, 22, 459, 0, 21, 154, 5448 }, // U+0641
    { 22, 25, 361, 0, 19, 138, 5602 }, // U+0642
    { 25, 22, 412, 0, 21, 138, 5740 }, // U+0643
    { 19, 28, 324, 0, 21, 133, 5878 }, // U+0644
    { 13, 24, 226, 0, 12, 78, 6011 }, // U+0645
    { 19, 22, 320, 0, 15, 105, 6089 }, // U+0646
    { 19, 16, 314, 0, 15, 76, 6194 }, // U+0647
    { 11, 17, 209, 1, 10, 47, 6270 }, // U+0648
    { 22, 20, 355, 0, 13, 110, 6317 }, // U+0649
    { 22, 26, 355, 0, 13, 143, 6427 }, // U+064A
    { 7, 8, 0, 1, 25, 14, 6570 }, // U+064B
    { 10, 8, 0, 0, 25, 20, 6584 }, // U+064C
    { 7, 8, 0, 1, -1, 14, 6604 }, // U+064D
    { 7, 5, 0, 1, 22, 9, 6618 }, // U+064E
    { 8, 9, 0, 0, 25, 18, 6627 }, // U+064F
    { 7, 5, 0, 1, -1, 9, 6645 }, // U+0650
    { 9, 7, 0, 0, 24, 16, 6654 }, // U+0651
    { 7, 6, 0, 0, 24, 11, 6670 }, // U+0652
    { 10, 4, 0, 0, 21, 10, 6681 }, // U+0653
    { 7, 8, 0, 0, 24, 14, 6691 }, // U+0654
    { 7, 8, 0, 0, -2, 14, 6705 }, // U+0655
    { 3, 6, 0, 1, -1, 5, 6719 }, // U+0656
    { 8, 8, 0, 1, 25, 16, 6724 }, // U+0657
    { 7, 5, 0, 0, 22, 9, 6740 }, // U+0658
    { 8, 2, 0, 0, 20, 4, 6749 }, // U+0659
    { 7, 7, 0, 0, 23, 13, 6753 }, // U+065A
    { 7, 7, 0, 0, 23, 13, 6766 }, // U+065B
    { 5, 5, 0, 0, -2, 7, 6779 }, // U+065C
    { 8, 8, 0, 1, 24, 16, 6786 }, // U+065D
    { 7, 7, 0, 1, 24, 13, 6802 }, // U+065E
    { 9, 8, 0, 0, -1, 18, 6815 }, // U+065F
    { 6, 5, 138, 1, 11, 8, 6833 }, // U+0660
    { 6, 21, 131, 1, 20, 32, 6841 }, // U+0661
    { 13, 21, 227, 1, 20, 69, 6873 }, // U+0662
    { 16, 21, 272, 1, 20, 84, 6942 }, // U+0663
    { 13, 21, 223, 1, 20, 69, 7026 }, // U+0664
    { 13, 17, 248, 1, 16, 56, 7095 }, // U+0665
    { 13, 21, 235, 0, 20, 69, 7151 }, // U+0666
    { 17, 22, 270, 0, 21, 94, 7220 }, // U+0667
    { 17, 21, 269, 0, 20, 90, 7314 }, // U+0668
    { 13, 21, 229, 0, 20, 69, 7404 }, // U+0669
    { 12, 22, 221, 1, 21, 66, 7473 }, // U+066A
    { 7, 11, 114, 0, 6, 20, 7539 }, // U+066B
    { 8, 11, 114, 0, 20, 22, 7559 }, // U+066C
    { 15, 15, 232, 0, 14, 57, 7581 }, // U+066D
    { 28, 13, 463, 0, 12, 91, 7638 }, // U+066E
    { 22, 19, 361, 0, 13, 105, 7729 }, // U+066F
    { 3, 6, 0, 1, 23, 5, 7834 }, // U+0670
    { 10, 27, 110, -1, 27, 68, 7839 }, // U+0671
    { 10, 28, 110, -1, 28, 70, 7907 }, // U+0672
    { 10, 30, 111, -2, 21, 75, 7977 }, // U+0673
    { 11, 13, 192, 0, 15, 36, 8052 }, // U+0674
    { 16, 21, 303, 2, 21, 84, 8088 }, // U+0675
    { 24, 22, 400, 1, 15, 132, 8172 }, // U+0676
    { 24, 26, 400, 1, 19, 156, 8304 }, // U+0677
    { 34, 22, 547, 0, 15, 187, 8460 }, // U+0678
    { 28, 21, 463, 0, 20, 147, 8647 }, // U+0679
    { 28, 20, 463, 0, 19, 140, 8794 }, // U+067A
    { 28, 23, 463, 0, 12, 161, 8934 }, // U+067B
    { 28, 20, 463, 0, 15, 140, 9095 }, // U+067C
    { 28, 19, 463, 0, 18, 133, 9235 }, // U+067D
    { 28, 22, 463, 0, 12, 154, 9368 }, // U+067E
    { 28, 20, 463, 0, 19, 140, 9522 }, // U+067F
    { 28, 23, 463, 0, 12, 161, 9662 }, // U+0680
    { 18, 33, 298, 0, 21, 149, 9823 }, // U+0681
    { 18, 35, 298, 0, 23, 158, 9972 }, // U+0682
    { 19, 25, 308, 0, 13, 119, 10130 }, // U+0683
    { 18, 25, 298, 0, 13, 113, 10249 }, // U+0684
    { 18, 34, 298, 0, 22, 153, 10362 }, // U+0685
    { 19, 25, 308, 0, 13, 119, 10515 }, // U+0686
    { 19, 25, 308, 0, 13, 119, 10634 }, // U+0687
    { 12, 26, 223, 1, 25, 78, 10753 }, // U+0688
    { 12, 19, 223, 1, 14, 57, 10831 }, // U+0689
    { 12, 20, 223, 1, 14, 60, 10888 }, // U+068A
    { 12, 31, 223, 1, 25, 93, 10948 }, // U+068B
    { 12, 21, 223, 1, 20, 63, 11041 }, // U+068C
    { 12, 20, 223, 1, 14, 60, 11104 }, // U+068D
    { 12, 24, 223, 1, 23, 72, 11164 }, // U+068E
    { 12, 24, 223, 1, 23, 72, 11236 }, // U+068F
    { 12, 25, 223, 1, 24, 75, 11308 }, // U+0690
    { 11, 29, 171, -1, 22, 80, 11383 }, // U+0691
    { 10, 28, 171, -1, 21, 70, 11463 }, // U+0692
    { 11, 17, 171, -1, 10, 47, 11533 }, // U+0693
    { 10, 22, 171, -1, 10, 55, 11580 }, // U+0694
    { 10, 23, 171, -1, 10, 58, 11635 }, // U+0695
    { 10, 22, 171, -1, 10, 55, 11693 }, // U+0696
    { 10, 24, 171, -1, 17, 60, 11748 }, // U+0697
    { 10, 27, 171, -1, 20, 68, 11808 }, // U+0698
    { 10, 28, 171, -1, 21, 70, 11876 }, // U+0699
    { 34, 23, 564, 0, 16, 196, 11946 }, // U+069A
    { 34, 21, 564, 0, 12, 179, 12142 }, // U+069B
    { 34, 28, 564, 0, 19, 238, 12321 }, // U+069C
    { 37, 18, 610, 0, 11, 167, 12559 }, // U+069D
    { 37, 27, 610, 0, 20, 250, 12726 }, // U+069E
    { 22, 22, 368, 0, 21, 121, 12976 }, // U+069F
    { 17, 36, 237, 0, 24, 153, 13097 }, // U+06A0
    { 28, 16, 459, 0, 15, 112, 13250 }, // U+06A1
    { 28, 22, 459, 0, 15, 154, 13362 }, // U+06A2
    { 28, 28, 459, 0, 21, 196, 13516 }, // U+06A3
    { 28, 25, 459, 0, 24, 175, 13712 }, // U+06A4
    { 28, 25, 459, 0, 15, 175, 13887 }, // U+06A5
    { 28, 26, 459, 0, 25, 182, 14062 }, // U+06A6
    { 22, 25, 361, 0, 19, 138, 14244 }, // U+06A7
    { 22, 28, 361, 0, 22, 154, 14382 }, // U+06A8
    { 26, 22, 409, 0, 21, 143, 14536 }, // U+06A9
    { 28, 18, 475, 1, 17, 126, 14679 }, // U+06AA
    { 26, 22, 409, 0, 21, 143, 14805 }, // U+06AB
    { 25, 23, 412, 0, 22, 144, 14948 }, // U+06AC
    { 25, 26, 412, 0, 25, 163, 15092 }, // U+06AD
    { 25, 31, 412, 0, 21, 194, 15255 }, // U+06AE
    { 26, 25, 409, 0, 24, 163, 15449 }, // U+06AF
    { 26, 25, 409, 0, 24, 163, 15612 }, // U+06B0
    { 26, 29, 409, 0, 28, 189, 15775 }, // U+06B1
    { 26, 31, 409, 0, 24, 202, 15964 }, // U+06B2
    { 26, 35, 409, 0, 24, 228, 16166 }, // U+06B3
    { 26, 29, 409, 0, 28, 189, 16394 }, // U+06B4
    { 20, 38, 324, 0, 31, 190, 16583 }, // U+06B5
    { 19, 34, 324, 0, 27, 162, 16773 }, // U+06B6
    { 20, 37, 324, 0, 30, 185, 16935 }, // U+06B7
    { 19, 37, 324, 0, 21, 176, 17120 }, // U+06B8
    { 19, 28, 320, 0, 15, 133, 17296 }, // U+06B9
    { 19, 17, 320, 0, 10, 81, 17429 }, // U+06BA
    { 19, 27, 320, 0, 20, 129, 17510 }, // U+06BB
    { 19, 26, 320, 0, 15, 124, 17639 }, // U+06BC
    { 19, 25, 320, 0, 18, 119, 17763 }, // U+06BD
    { 19, 16, 314, 0, 15, 76, 17882 }, // U+06BE
    { 19, 31, 308, 0, 19, 148, 17958 }, // U+06BF
    { 11, 22, 189, 0, 22, 61, 18106 }, // U+06C0
    { 11, 14, 189, 0, 14, 39, 18167 }, // U+06C1
    { 11, 22, 189, 0, 22, 61, 18206 }, // U+06C2
    { 11, 20, 189, 0, 20, 55, 18267 }, // U+06C3
    { 11, 17, 209, 1, 10, 47, 18322 }, // U+06C4
    { 11, 17, 209, 1, 10, 47, 18369 }, // U+06C5
    { 11, 27, 209, 1, 20, 75, 18416 }, // U+06C6
    { 11, 26, 209, 1, 19, 72, 18491 }, // U+06C7
    { 11, 26, 209, 1, 19, 72, 18563 }, // U+06C8
    { 11, 27, 209, 1, 20, 75, 18635 }, // U+06C9
    { 11, 23, 209, 1, 16, 64, 18710 }, // U+06CA
    { 11, 26, 209, 1, 19, 72, 18774 }, // U+06CB
    { 22, 20, 355, 0, 13, 110, 18846 }, // U+06CC
    { 26, 20, 355, -4, 13, 130, 18956 }, // U+06CD
    { 22, 22, 355, 0, 15, 121, 19086 }, // U+06CE
    { 11, 23, 209, 1, 16, 64, 19207 }, // U+06CF
    { 22, 30, 355, 0, 13, 165, 19271 }, // U+06D0
    { 22, 29, 355, 0, 13, 160, 19436 }, // U+06D1
    { 27, 15, 440, 0, 14, 102, 19596 }, // U+06D2
    { 27, 22, 440, 0, 21, 149, 19698 }, // U+06D3
    { 8, 3, 140, 1, 3, 6, 19847 }, // U+06D4
    { 11, 14, 189, 0, 14, 39, 19853 }, // U+06D5
    { 13, 9, 0, 0, 40, 30, 19892 }, // U+06D6
    { 10, 10, 0, 0, 41, 25, 19922 }, // U+06D7
    { 9, 6, 0, 1, 37, 14, 19947 }, // U+06D8
    { 6, 7, 0, 0, 38, 11, 19961 }, // U+06D9
    { 8, 9, 0, 0, 40, 18, 19972 }, // U+06DA
    { 7, 6, 0, 0, 37, 11, 19990 }, // U+06DB
    { 12, 8, 0, 0, 39, 24, 20001 }, // U+06DC
    { 36, 35, 639, 2, 25, 315, 20025 }, // U+06DD
    { 28, 28, 466, 1, 22, 196, 20340 }, // U+06DE
    { 7, 7, 0, 0, 24, 13, 20536 }, // U+06DF
    { 7, 8, 0, 0, 25, 14, 20549 }, // U+06E0
    { 7, 6, 0, 1, 24, 11, 20563 }, // U+06E1
    { 5, 8, 0, 1, 22, 10, 20574 }, // U+06E2
    { 12, 8, 0, 0, 0, 24, 20584 }, // U+06E3
    { 10, 4, 0, 0, 21, 10, 20608 }, // U+06E4
    { 6, 8, 84, 0, 7, 12, 20618 }, // U+06E5
    { 10, 7, 164, 0, 6, 18, 20630 }, // U+06E6
    { 10, 7, 0, 0, 24, 18, 20648 }, // U+06E7
    { 8, 9, 0, 0, 40, 18, 20666 }, // U+06E8
    { 16, 21, 284, 1, 21, 84, 20684 }, // U+06E9
    { 7, 7, 0, 1, -2, 13, 20768 }, // U+06EA
    { 8, 7, 0, 0, 24, 14, 20781 }, // U+06EB
    { 5, 4, 0, 0, 22, 5, 20795 }, // U+06EC
    { 5, 8, 0, 1, -3, 10, 20800 }, // U+06ED
    { 12, 25, 223, 1, 24, 75, 20810 }, // U+06EE
    { 10, 28, 171, -1, 21, 70, 20885 }, // U+06EF
    { 6, 5, 138, 1, 11, 8, 20955 }, // U+06F0
    { 6, 21, 131, 1, 20, 32, 20963 }, // U+06F1
    { 13, 21, 227, 1, 20, 69, 20995 }, // U+06F2
    { 16, 21, 272, 1, 20, 84, 21064 }, // U+06F3
    { 13, 20, 230, 1, 20, 65, 21148 }, // U+06F4
    { 13, 20, 254, 1, 20, 65, 21213 }, // U+06F5
    { 12, 21, 198, 0, 20, 63, 21278 }, // U+06F6
    { 17, 22, 267, 0, 21, 94, 21341 }, // U+06F7
    { 17, 21, 269, 0, 20, 90, 21435 }, // U+06F8
    { 13, 21, 229, 0, 20, 69, 21525 }, // U+06F9
    { 34, 26, 564, 0, 19, 221, 21594 }, // U+06FA
    { 37, 24, 610, 0, 17, 222, 21815 }, // U+06FB
    { 17, 33, 237, 0, 21, 141, 22037 }, // U+06FC
    { 11, 19, 192, 0, 11, 53, 22178 }, // U+06FD
    { 13, 24, 226, 0, 12, 78, 22231 }, // U+06FE
    { 19, 25, 314, 0, 24, 119, 22309 }, // U+06FF
    { 28, 19, 463, 0, 12, 133, 22428 }, // U+0750
    { 28, 25, 463, 0, 18, 175, 22561 }, // U+0751
    { 28, 22, 463, 0, 12, 154, 22736 }, // U+0752
    { 28, 25, 463, 0, 15, 175, 22890 }, // U+0753
    { 28, 22, 463, 0, 15, 154, 23065 }, // U+0754
    { 28, 21, 463, 0, 12, 147, 23219 }, // U+0755
    { 28, 20, 463, 0, 19, 140, 23366 }, // U+0756
    { 18, 31, 298, 0, 19, 140, 23506 }, // U+0757
    { 19, 25, 308, 0, 13, 119, 23646 }, // U+0758
    { 12, 35, 223, 1, 25, 105, 23765 }, // U+0759
    { 12, 22, 223, 1, 14, 66, 23870 }, // U+075A
    { 12, 17, 171, -1, 10, 51, 23936 }, // U+075B
    { 34, 27, 564, 0, 20, 230, 23987 }, // U+075C
    { 17, 33, 237, 0, 21, 141, 24217 }, // U+075D
    { 17, 36, 237, 0, 24, 153, 24358 }, // U+075E
    { 17, 37, 237, 0, 25, 158, 24511 }, // U+075F
    { 28, 22, 459, 0, 15, 154, 24669 }, // U+0760
    { 28, 25, 459, 0, 15, 175, 24823 }, // U+0761
    { 26, 26, 409, 0, 25, 169, 24998 }, // U+0762
    { 26, 26, 409, 0, 25, 169, 25167 }, // U+0763
    { 26, 31, 409, 0, 21, 202, 25336 }, // U+0764
    { 13, 30, 226, 0, 18, 98, 25538 }, // U+0765
    { 13, 24, 226, 0, 12, 78, 25636 }, // U+0766
    { 19, 28, 320, 0, 15, 133, 25714 }, // U+0767
    { 19, 30, 320, 0, 23, 143, 25847 }, // U+0768
    { 19, 29, 320, 0, 22, 138, 25990 }, // U+0769
    { 21, 28, 324, 0, 21, 147, 26128 }, // U+076A
    { 10, 28, 171, -1, 21, 70, 26275 }, // U+076B
    { 10, 26, 171, -1, 19, 65, 26345 }, // U+076C
    { 34, 27, 564, 0, 20, 230, 26410 }, // U+076D
    { 19, 25, 308, 0, 13, 119, 26640 }, // U+076E
    { 19, 25, 308, 0, 13, 119, 26759 }, // U+076F
    { 34, 27, 564, 0, 20, 230, 26878 }, // U+0770
    { 10, 27, 171, -1, 20, 68, 27108 }, // U+0771
    { 18, 36, 298, 0, 24, 162, 27176 }, // U+0772
    { 8, 27, 147, 0, 27, 54, 27338 }, // U+0773
    { 8, 27, 147, 0, 27, 54, 27392 }, // U+0774
    { 22, 21, 355, 0, 14, 116, 27446 }, // U+0775
    { 22, 21, 355, 0, 14, 116, 27562 }, // U+0776
    { 22, 29, 355, 0, 13, 160, 27678 }, // U+0777
    { 11, 25, 209, 1, 18, 69, 27838 }, // U+0778
    { 11, 25, 209, 1, 18, 69, 27907 }, // U+0779
    { 27, 21, 440, 0, 20, 142, 27976 }, // U+077A
    { 27, 21, 440, 0, 20, 142, 28118 }, // U+077B
    { 19, 25, 308, 0, 13, 119, 28260 }, // U+077C
    { 34, 26, 564, 0, 19, 221, 28379 }, // U+077D
    { 34, 27, 564, 0, 20, 230, 28600 }, // U+077E
    { 25, 23, 412, 0, 22, 144, 28830 }, // U+077F
    { 8, 24, 111, -1, 24, 48, 28974 }, // U+0870
    { 7, 24, 111, 2, 24, 42, 29022 }, // U+0871
    { 7, 21, 111, 2, 21, 37, 29064 }, // U+0872
    { 9, 21, 111, -3, 21, 48, 29101 }, // U+0873
    { 8, 24, 111, 0, 21, 48, 29149 }, // U+0874
    { 8, 23, 111, 2, 21, 46, 29197 }, // U+0875
    { 5, 24, 111, 1, 24, 30, 29243 }, // U+0876
    { 6, 21, 111, 2, 21, 32, 29273 }, // U+0877
    { 7, 21, 111, -1, 21, 37, 29305 }, // U+0878
    { 5, 25, 111, 1, 21, 32, 29342 }, // U+0879
    { 5, 27, 111, 1, 27, 34, 29374 }, // U+087A
    { 8, 27, 111, 1, 27, 54, 29408 }, // U+087B
    { 8, 27, 111, 1, 27, 54, 29462 }, // U+087C
    { 9, 29, 111, 1, 27, 66, 29516 }, // U+087D
    { 11, 24, 111, -2, 24, 66, 29582 }, // U+087E
    { 11, 21, 111, -2, 21, 58, 29648 }, // U+087F
    { 12, 23, 111, -2, 21, 69, 29706 }, // U+0880
    { 7, 21, 111, 2, 21, 37, 29775 }, // U+0881
    { 8, 21, 111, -2, 21, 42, 29812 }, // U+0882
    { 13, 11, 173, 0, 9, 36, 29854 }, // U+0883
    { 13, 14, 173, 0, 8, 46, 29890 }, // U+0884
    { 10, 9, 126, 0, 3, 23, 29936 }, // U+0885
    { 8, 13, 140, -1, 7, 26, 29959 }, // U+0886
    { 5, 4, 85, 0, 4, 5, 29985 }, // U+0887
    { 5, 4, 85, 0, 8, 5, 29990 }, // U+0888
    { 19, 26, 320, 0, 19, 124, 29995 }, // U+0889
    { 18, 25, 298, 0, 13, 113, 30119 }, // U+088A
    { 22, 27, 368, 0, 21, 149, 30232 }, // U+088B
    { 22, 30, 368, 0, 21, 165, 0 }, // U+088C
    { 26, 32, 409, 0, 21, 208, 165 }, // U+088D
    { 8, 10, 133, 2, 6, 20, 373 }, // U+088E
    { 50, 11, 770, -1, 34, 138, 393 }, // U+0890
    { 50, 11, 770, -1, 34, 138, 531 }, // U+0891
    { 21, 11, 0, 0, 42, 58, 669 }, // U+0898
    { 26, 13, 0, 0, -1, 85, 727 }, // U+0899
    { 20, 9, 0, 0, -1, 45, 812 }, // U+089A
    { 31, 11, 0, 0, -1, 86, 857 }, // U+089B
    { 9, 5, 0, 0, 21, 12, 943 }, // U+089C
    { 10, 6, 0, 0, 23, 15, 955 }, // U+089D
    { 11, 5, 0, -1, 22, 14, 970 }, // U+089E
    { 11, 5, 0, -1, 22, 14, 984 }, // U+089F
    { 28, 21, 463, 0, 12, 147, 998 }, // U+08A0
    { 28, 25, 463, 0, 18, 175, 1145 }, // U+08A1
    { 18, 31, 298, 0, 19, 140, 1320 }, // U+08A2
    { 22, 22, 368, 0, 21, 121, 1460 }, // U+08A3
    { 28, 31, 459, 0, 24, 217, 1581 }, // U+08A4
    { 22, 30, 361, 0, 19, 165, 1798 }, // U+08A5
    { 21, 28, 324, 0, 21, 147, 1963 }, // U+08A6
    { 13, 33, 226, 0, 21, 108, 2110 }, // U+08A7
    { 22, 26, 355, 0, 13, 143, 2218 }, // U+08A8
    { 22, 26, 355, 0, 13, 143, 2361 }, // U+08A9
    { 16, 17, 228, 0, 10, 68, 2504 }, // U+08AA
    { 11, 17, 209, 1, 10, 47, 2572 }, // U+08AB
    { 16, 19, 258, 0, 13, 76, 2619 }, // U+08AC
    { 4, 10, 111, 2, 3, 10, 2695 }, // U+08AD
    { 12, 23, 223, 1, 14, 69, 2705 }, // U+08AE
    { 37, 20, 610, 0, 11, 185, 2774 }, // U+08AF
    { 28, 22, 409, 0, 21, 154, 2959 }, // U+08B0
    { 15, 18, 220, 1, 10, 68, 3113 }, // U+08B1
    { 10, 30, 171, -1, 23, 75, 3181 }, // U+08B2
    { 17, 27, 237, 0, 15, 115, 3256 }, // U+08B3
    { 25, 28, 412, 0, 21, 175, 3371 }, // U+08B4
    { 22, 24, 361, 0, 13, 132, 3546 }, // U+08B5
    { 28, 25, 463, 0, 18, 175, 3678 }, // U+08B6
    { 28, 28, 463, 0, 18, 196, 3853 }, // U+08B7
    { 28, 18, 463, 0, 17, 126, 4049 }, // U+08B8
    { 10, 30, 171, -1, 23, 75, 4175 }, // U+08B9
    { 22, 30, 355, 0, 17, 165, 4250 }, // U+08BA
    { 28, 16, 459, 0, 15, 112, 4415 }, // U+08BB
    { 22, 19, 361, 0, 13, 105, 4527 }, // U+08BC
    { 19, 17, 320, 0, 10, 81, 4632 }, // U+08BD
    { 28, 29, 463, 0, 19, 203, 4713 }, // U+08BE
    { 28, 26, 463, 0, 25, 182, 4916 }, // U+08BF
    { 28, 27, 463, 0, 26, 189, 5098 }, // U+08C0
    { 19, 35, 308, 0, 23, 167, 5287 }, // U+08C1
    { 26, 29, 409, 0, 28, 189, 5454 }, // U+08C2
    { 17, 37, 237, 0, 25, 158, 5643 }, // U+08C3
    { 22, 28, 361, 0, 22, 154, 5801 }, // U+08C4
    { 18, 34, 298, 0, 22, 153, 5955 }, // U+08C5
    { 19, 25, 308, 0, 13, 119, 6108 }, // U+08C6
    { 21, 39, 324, 0, 32, 205, 6227 }, // U+08C7
    { 26, 29, 409, 0, 28, 189, 6432 }, // U+08C8
    { 10, 9, 161, 0, 8, 23, 6621 }, // U+08C9
    { 10, 9, 0, 0, 26, 23, 6644 }, // U+08CA
    { 10, 9, 0, 0, 24, 23, 6667 }, // U+08CB
    { 12, 9, 0, 0, 40, 27, 6690 }, // U+08CC
    { 9, 9, 0, 0, 25, 21, 6717 }, // U+08CD
    { 6, 6, 0, 0, 22, 9, 6738 }, // U+08CE
    { 6, 7, 0, 0, -1, 11, 6747 }, // U+08CF
    { 6, 6, 0, 1, -2, 9, 6758 }, // U+08D0
    { 7, 7, 0, 0, -1, 13, 6767 }, // U+08D1
    { 7, 7, 0, 0, -1, 13, 6780 }, // U+08D2
    { 6, 8, 0, 0, -3, 12, 6793 }, // U+08D3
    { 18, 9, 0, 0, 40, 41, 6805 }, // U+08D4
    { 14, 8, 0, 0, 39, 28, 6846 }, // U+08D5
    { 7, 9, 0, 0, 40, 16, 6874 }, // U+08D6
    { 8, 8, 0, 0, 39, 16, 6890 }, // U+08D7
    { 7, 13, 0, 1, 29, 23, 6906 }, // U+08D8
    { 7, 13, 0, 1, -2, 23, 6929 }, // U+08D9
    { 19, 8, 0, 0, 39, 38, 6952 }, // U+08DA
    { 26, 8, 0, 0, 39, 52, 6990 }, // U+08DB
    { 28, 7, 0, 0, 38, 49, 7042 }, // U+08DC
    { 20, 8, 0, 0, 39, 40, 7091 }, // U+08DD
    { 15, 8, 0, 0, 39, 30, 7131 }, // U+08DE
    { 19, 11, 0, 0, 42, 53, 7161 }, // U+08DF
    { 12, 6, 0, 0, 24, 18, 7214 }, // U+08E0
    { 13, 5, 0, 0, 23, 17, 7232 }, // U+08E1
    { 13, 20, 267, 2, 32, 65, 7249 }, // U+08E2
    { 8, 8, 0, 1, -1, 16, 7314 }, // U+08E3
    { 9, 9, 0, 0, 23, 21, 7330 }, // U+08E4
    { 9, 8, 0, 1, 24, 18, 7351 }, // U+08E5
    { 9, 9, 0, 0, 0, 21, 7369 }, // U+08E6
    { 11, 12, 0, 0, 26, 33, 7390 }, // U+08E7
    { 10, 15, 0, 0, 31, 38, 7423 }, // U+08E8
    { 11, 12, 0, 0, 0, 33, 7461 }, // U+08E9
    { 4, 3, 0, 0, 23, 3, 7494 }, // U+08EA
    { 7, 3, 0, 0, 23, 6, 7497 }, // U+08EB
    { 8, 6, 0, 0, 25, 12, 7503 }, // U+08EC
    { 3, 4, 0, 0, -2, 3, 7515 }, // U+08ED
    { 6, 4, 0, 0, -2, 6, 7518 }, // U+08EE
    { 8, 6, 0, 0, -2, 12, 7524 }, // U+08EF
    { 10, 9, 0, 1, 26, 23, 7536 }, // U+08F0
    { 15, 9, 0, 0, 25, 34, 7559 }, // U+08F1
    { 10, 9, 0, 1, 0, 23, 7593 }, // U+08F2
    { 6, 8, 0, 0, 25, 12, 7616 }, // U+08F3
    { 7, 6, 0, 0, 24, 11, 7628 }, // U+08F4
    { 7, 7, 0, 1, 24, 13, 7639 }, // U+08F5
    { 7, 8, 0, 1, -1, 14, 7652 }, // U+08F6
    { 7, 7, 0, 0, 23, 13, 7666 }, // U+08F7
    { 7, 7, 0, 0, 23, 13, 7679 }, // U+08F8
    { 7, 7, 0, 0, 0, 13, 7692 }, // U+08F9
    { 7, 7, 0, 0, 0, 13, 7705 }, // U+08FA
    { 13, 7, 0, 0, 23, 23, 7718 }, // U+08FB
    { 15, 7, 0, 0, 23, 27, 7741 }, // U+08FC
    { 10, 7, 0, 0, 23, 18, 7768 }, // U+08FD
    { 10, 9, 0, 0, 25, 23, 7786 }, // U+08FE
    { 5, 8, 0, 1, 25, 10, 7809 }, // U+08FF
    { 10, 27, 110, -1, 27, 68, 7819 }, // U+FB50
    { 12, 30, 136, -2, 29, 90, 7887 }, // U+FB51
    { 28, 23, 463, 0, 12, 161, 7977 }, // U+FB52
    { 34, 21, 510, 0, 10, 179, 8138 }, // U+FB53
    { 7, 22, 126, 0, 12, 39, 8317 }, // U+FB54
    { 12, 19, 160, 0, 9, 57, 8356 }, // U+FB55
    { 28, 22, 463, 0, 12, 154, 8413 }, // U+FB56
    { 34, 20, 510, 0, 10, 170, 8567 }, // U+FB57
    { 8, 21, 140, -1, 12, 42, 8737 }, // U+FB58
    { 13, 18, 174, 0, 9, 59, 8779 }, // U+FB59
    { 28, 23, 463, 0, 12, 161, 8838 }, // U+FB5A
    { 34, 21, 510, 0, 10, 179, 8999 }, // U+FB5B
    { 8, 22, 140, -1, 12, 44, 9178 }, // U+FB5C
    { 13, 19, 174, 0, 9, 62, 9222 }, // U+FB5D
    { 28, 20, 463, 0, 19, 140, 9284 }, // U+FB5E
    { 34, 20, 510, 0, 19, 170, 9424 }, // U+FB5F
    { 7, 23, 140, 0, 22, 41, 9594 }, // U+FB60
    { 13, 20, 174, 0, 19, 65, 9635 }, // U+FB61
    { 28, 20, 463, 0, 19, 140, 9700 }, // U+FB62
    { 34, 20, 510, 0, 19, 170, 9840 }, // U+FB63
    { 8, 23, 140, 0, 22, 46, 10010 }, // U+FB64
    { 13, 20, 174, 0, 19, 65, 10056 }, // U+FB65
    { 28, 21, 463, 0, 20, 147, 10121 }, // U+FB66
    { 34, 21, 510, 0, 20, 179, 10268 }, // U+FB67
    { 8, 24, 126, 0, 23, 48, 10447 }, // U+FB68
    { 13, 21, 174, 0, 20, 69, 10495 }, // U+FB69
    { 28, 25, 459, 0, 24, 175, 10564 }, // U+FB6A
    { 34, 23, 512, 0, 22, 196, 10739 }, // U+FB6B
    { 12, 25, 209, 0, 24, 75, 10935 }, // U+FB6C
    { 16, 23, 231, 0, 22, 92, 11010 }, // U+FB6D
    { 28, 26, 459, 0, 25, 182, 11102 }, // U+FB6E
    { 34, 24, 512, 0, 23, 204, 11284 }, // U+FB6F
    { 12, 26, 209, 0, 25, 78, 11488 }, // U+FB70
    { 16, 24, 231, 0, 23, 96, 11566 }, // U+FB71
    { 18, 25, 298, 0, 13, 113, 11662 }, // U+FB72
    { 21, 25, 303, 0, 13, 132, 11775 }, // U+FB73
    { 17, 21, 275, 0, 11, 90, 11907 }, // U+FB74
    { 21, 21, 297, 0, 11, 111, 11997 }, // U+FB75
    { 19, 25, 308, 0, 13, 119, 12108 }, // U+FB76
    { 23, 25, 336, 0, 13, 144, 12227 }, // U+FB77
    { 17, 17, 275, 0, 11, 73, 12371 }, // U+FB78
    { 21, 17, 297, 0, 11, 90, 12444 }, // U+FB79
    { 19, 25, 308, 0, 13, 119, 12534 }, // U+FB7A
    { 23, 25, 336, 0, 13, 144, 12653 }, // U+FB7B
    { 17, 20, 275, 0, 11, 85, 12797 }, // U+FB7C
    { 21, 20, 297, 0, 11, 105, 12882 }, // U+FB7D
    { 19, 25, 308, 0, 13, 119, 12987 }, // U+FB7E
    { 23, 25, 336, 0, 13, 144, 13106 }, // U+FB7F
    { 17, 21, 275, 0, 11, 90, 13250 }, // U+FB80
    { 21, 21, 297, 0, 11, 111, 13340 }, // U+FB81
    { 12, 20, 223, 1, 14, 60, 13451 }, // U+FB82
    { 16, 20, 248, 1, 14, 80, 13511 }, // U+FB83
    { 12, 21, 223, 1, 20, 63, 13591 }, // U+FB84
    { 16, 21, 248, 1, 20, 84, 13654 }, // U+FB85
    { 12, 24, 223, 1, 23, 72, 13738 }, // U+FB86
    { 16, 24, 248, 1, 23, 96, 13810 }, // U+FB87
    { 12, 26, 223, 1, 25, 78, 13906 }, // U+FB88
    { 16, 26, 248, 1, 25, 104, 13984 }, // U+FB89
    { 10, 27, 171, -1, 20, 68, 14088 }, // U+FB8A
    { 15, 27, 185, -1, 20, 102, 14156 }, // U+FB8B
    { 11, 29, 171, -1, 22, 80, 14258 }, // U+FB8C
    { 15, 29, 185, -1, 22, 109, 14338 }, // U+FB8D
    { 26, 22, 409, 0, 21, 143, 14447 }, // U+FB8E
    { 30, 22, 455, 0, 21, 165, 14590 }, // U+FB8F
    { 13, 22, 192, 0, 21, 72, 14755 }, // U+FB90
    { 17, 22, 237, 0, 21, 94, 14827 }, // U+FB91
    { 26, 25, 409, 0, 24, 163, 14921 }, // U+FB92
    { 30, 25, 455, 0, 24, 188, 15084 }, // U+FB93
    { 13, 25, 192, 0, 24, 82, 15272 }, // U+FB94
    { 17, 25, 237, 0, 24, 107, 15354 }, // U+FB95
    { 26, 35, 409, 0, 24, 228, 15461 }, // U+FB96
    { 30, 35, 455, 0, 24, 263, 15689 }, // U+FB97
    { 13, 34, 192, 0, 24, 111, 15952 }, // U+FB98
    { 17, 34, 237, 0, 24, 145, 16063 }, // U+FB99
    { 26, 29, 409, 0, 28, 189, 16208 }, // U+FB9A
    { 30, 29, 455, 0, 28, 218, 16397 }, // U+FB9B
    { 13, 29, 192, 0, 28, 95, 16615 }, // U+FB9C
    { 17, 29, 237, 0, 28, 124, 16710 }, // U+FB9D
    { 19, 17, 320, 0, 10, 81, 16834 }, // U+FB9E
    { 23, 16, 341, 0, 9, 92, 16915 }, // U+FB9F
    { 19, 27, 320, 0, 20, 129, 17007 }, // U+FBA0
    { 23, 27, 341, 0, 20, 156, 17136 }, // U+FBA1
    { 8, 24, 126, 0, 23, 48, 17292 }, // U+FBA2
    { 13, 21, 174, 0, 20, 69, 17340 }, // U+FBA3
    { 11, 22, 189, 0, 22, 61, 17409 }, // U+FBA4
    { 16, 25, 227, 0, 24, 100, 17470 }, // U+FBA5
    { 11, 14, 189, 0, 14, 39, 17570 }, // U+FBA6
    { 16, 11, 224, 0, 10, 44, 17609 }, // U+FBA7
    { 7, 18, 126, 0, 12, 32, 17653 }, // U+FBA8
    { 15, 13, 204, 0, 5, 49, 17685 }, // U+FBA9
    { 19, 16, 314, 0, 15, 76, 17734 }, // U+FBAA
    { 20, 20, 287, 0, 13, 100, 17810 }, // U+FBAB
    { 16, 16, 268, 0, 15, 64, 17910 }, // U+FBAC
    { 17, 20, 237, 0, 13, 85, 17974 }, // U+FBAD
    { 27, 15, 440, 0, 14, 102, 18059 }, // U+FBAE
    { 18, 12, 256, 0, 3, 54, 18161 }, // U+FBAF
    { 27, 22, 440, 0, 21, 149, 18215 }, // U+FBB0
    { 18, 19, 256, 0, 10, 86, 18364 }, // U+FBB1
    { 4, 4, 70, 0, 20, 4, 18450 }, // U+FBB2
    { 4, 4, 70, 0, -2, 4, 18454 }, // U+FBB3
    { 8, 4, 135, 0, 20, 8, 18458 }, // U+FBB4
    { 8, 4, 135, 0, -2, 8, 18466 }, // U+FBB5
    { 8, 7, 135, 0, 23, 14, 18474 }, // U+FBB6
    { 8, 7, 135, 0, -2, 14, 18488 }, // U+FBB7
    { 8, 7, 135, 0, 23, 14, 18502 }, // U+FBB8
    { 8, 7, 135, 0, -2, 14, 18516 }, // U+FBB9
    { 8, 8, 135, 0, 24, 16, 18530 }, // U+FBBA
    { 8, 8, 135, 0, -2, 16, 18546 }, // U+FBBB
    { 6, 6, 122, 1, -1, 9, 18562 }, // U+FBBC
    { 4, 8, 70, 0, 24, 8, 18571 }, // U+FBBD
    { 4, 8, 71, 0, -2, 8, 18579 }, // U+FBBE
    { 6, 6, 102, 0, 5, 9, 18587 }, // U+FBBF
    { 9, 8, 140, 0, 24, 18, 18596 }, // U+FBC0
    { 8, 8, 129, 0, 0, 16, 18614 }, // U+FBC1
    { 10, 6, 164, 0, 23, 15, 18630 }, // U+FBC2
    { 25, 26, 412, 0, 25, 163, 18645 }, // U+FBD3
    { 29, 26, 430, 0, 25, 189, 18808 }, // U+FBD4
    { 13, 26, 192, 0, 25, 85, 18997 }, // U+FBD5
    { 17, 26, 237, 0, 25, 111, 19082 }, // U+FBD6
    { 11, 26, 209, 1, 19, 72, 19193 }, // U+FBD7
    { 15, 27, 220, 1, 20, 102, 19265 }, // U+FBD8
    { 11, 27, 209, 1, 20, 75, 19367 }, // U+FBD9
    { 15, 27, 220, 1, 20, 102, 19442 }, // U+FBDA
    { 11, 26, 209, 1, 19, 72, 19544 }, // U+FBDB
    { 15, 27, 220, 1, 20, 102, 19616 }, // U+FBDC
    { 24, 26, 400, 1, 19, 156, 19718 }, // U+FBDD
    { 11, 26, 209, 1, 19, 72, 19874 }, // U+FBDE
    { 15, 26, 220, 1, 19, 98, 19946 }, // U+FBDF
    { 11, 17, 209, 1, 10, 47, 20044 }, // U+FBE0
    { 15, 17, 220, 1, 10, 64, 20091 }, // U+FBE1
    { 11, 27, 209, 1, 20, 75, 20155 }, // U+FBE2
    { 15, 27, 220, 1, 20, 102, 20230 }, // U+FBE3
    { 22, 30, 355, 0, 13, 165, 20332 }, // U+FBE4
    { 23, 23, 344, 0, 6, 133, 20497 }, // U+FBE5
    { 7, 22, 140, 0, 12, 39, 20630 }, // U+FBE6
    { 13, 19, 174, 0, 9, 62, 20669 }, // U+FBE7
    { 7, 13, 126, 0, 12, 23, 20731 }, // U+FBE8
    { 12, 10, 160, 0, 9, 30, 20754 }, // U+FBE9
    { 13, 22, 261, 2, 21, 72, 20784 }, // U+FBEA
    { 18, 22, 296, 2, 21, 99, 20856 }, // U+FBEB
    { 21, 22, 349, 0, 21, 116, 20955 }, // U+FBEC
    { 26, 18, 384, 0, 17, 117, 21071 }, // U+FBED
    { 20, 28, 346, 1, 21, 140, 21188 }, // U+FBEE
    { 25, 24, 380, 1, 17, 150, 21328 }, // U+FBEF
    { 20, 28, 346, 1, 21, 140, 21478 }, // U+FBF0
    { 25, 27, 380, 1, 20, 169, 21618 }, // U+FBF1
    { 20, 28, 346, 1, 21, 140, 21787 }, // U+FBF2
    { 25, 27, 380, 1, 20, 169, 21927 }, // U+FBF3
    { 20, 28, 346, 1, 21, 140, 22096 }, // U+FBF4
    { 25, 27, 380, 1, 20, 169, 22236 }, // U+FBF5
    { 28, 38, 469, 0, 21, 266, 22405 }, // U+FBF6
    { 33, 34, 504, 0, 17, 281, 22671 }, // U+FBF7
    { 18, 31, 300, 0, 21, 140, 22952 }, // U+FBF8
    { 28, 28, 469, 0, 21, 196, 23092 }, // U+FBF9
    { 33, 24, 504, 0, 17, 198, 23288 }, // U+FBFA
    { 17, 22, 286, 0, 21, 94, 23486 }, // U+FBFB
    { 22, 20, 355, 0, 13, 110, 23580 }, // U+FBFC
    { 23, 13, 344, 0, 6, 75, 23690 }, // U+FBFD
    { 8, 18, 140, -1, 12, 36, 23765 }, // U+FBFE
    { 13, 15, 174, 0, 9, 49, 23801 }, // U+FBFF
    { 26, 33, 428, 0, 21, 215, 23850 }, // U+FC00
    { 26, 33, 428, 0, 21, 215, 24065 }, // U+FC01
    { 23, 33, 388, 0, 21, 190, 24280 }, // U+FC02
    { 28, 28, 469, 0, 21, 196, 24470 }, // U+FC03
    { 28, 34, 469, 0, 21, 238, 24666 }, // U+FC04
    { 26, 25, 428, 0, 13, 163, 24904 }, // U+FC05
    { 26, 25, 428, 0, 13, 163, 25067 }, // U+FC06
    { 26, 31, 428, 0, 19, 202, 25230 }, // U+FC07
    { 23, 24, 388, 0, 12, 138, 25432 }, // U+FC08
    { 28, 19, 469, 0, 12, 133, 25570 }, // U+FC09
    { 28, 25, 469, 0, 12, 175, 25703 }, // U+FC0A
    { 27, 30, 428, 0, 18, 203, 25878 }, // U+FC0B
    { 27, 30, 428, 0, 18, 203, 26081 }, // U+FC0C
    { 27, 31, 428, 0, 19, 210, 26284 }, // U+FC0D
    { 24, 30, 388, 0, 18, 180, 26494 }, // U+FC0E
    { 29, 25, 469, 0, 18, 182, 26674 }, // U+FC0F
    { 29, 31, 469, 0, 18, 225, 26856 }, // U+FC10
    { 27, 33, 428, 0, 21, 223, 27081 }, // U+FC11
    { 24, 33, 388, 0, 21, 198, 27304 }, // U+FC12
    { 29, 28, 469, 0, 21, 203, 27502 }, // U+FC13
    { 29, 34, 469, 0, 21, 247, 27705 }, // U+FC14
    { 35, 25, 578, 0, 13, 219, 27952 }, // U+FC15
    { 33, 23, 537, 0, 11, 190, 28171 }, // U+FC16
    { 35, 25, 578, 0, 13, 219, 28361 }, // U+FC17
    { 33, 23, 537, 0, 11, 190, 28580 }, // U+FC18
    { 35, 29, 578, 0, 17, 254, 28770 }, // U+FC19
    { 35, 29, 578, 0, 17, 254, 29024 }, // U+FC1A
    { 33, 29, 537, 0, 17, 240, 29278 }, // U+FC1B
    { 41, 25, 669, 0, 13, 257, 29518 }, // U+FC1C
    { 41, 25, 669, 0, 13, 257, 29775 }, // U+FC1D
    { 41, 31, 669, 0, 19, 318, 30032 }, // U+FC1E
    { 38, 24, 628, 0, 12, 228, 30350 }, // U+FC1F
    { 44, 25, 724, 0, 13, 275, 0 }, // U+FC20
    { 42, 23, 684, 0, 11, 242, 275 }, // U+FC21
    { 44, 29, 724, 0, 17, 319, 517 }, // U+FC22
    { 44, 29, 724, 0, 17, 319, 836 }, // U+FC23
    { 44, 31, 724, 0, 19, 341, 1155 }, // U+FC24
    { 42, 29, 684, 0, 17, 305, 1496 }, // U+FC25
    { 38, 33, 619, 0, 21, 314, 1801 }, // U+FC26
    { 35, 33, 578, 0, 21, 289, 2115 }, // U+FC27
    { 35, 33, 578, 0, 21, 289, 2404 }, // U+FC28
    { 33, 25, 538, 0, 13, 207, 2693 }, // U+FC29
    { 31, 25, 497, 0, 13, 194, 2900 }, // U+FC2A
    { 33, 31, 538, 0, 19, 256, 3094 }, // U+FC2B
    { 31, 31, 497, 0, 19, 241, 3350 }, // U+FC2C
    { 31, 33, 512, 0, 21, 256, 3591 }, // U+FC2D
    { 31, 33, 512, 0, 21, 256, 3847 }, // U+FC2E
    { 31, 33, 512, 0, 21, 256, 4103 }, // U+FC2F
    { 29, 33, 471, 0, 21, 240, 4359 }, // U+FC30
    { 34, 28, 552, 0, 21, 238, 4599 }, // U+FC31
    { 34, 34, 552, 0, 21, 289, 4837 }, // U+FC32
    { 31, 33, 512, 0, 21, 256, 5126 }, // U+FC33
    { 29, 33, 471, 0, 21, 240, 5382 }, // U+FC34
    { 34, 28, 552, 0, 21, 238, 5622 }, // U+FC35
    { 34, 34, 552, 0, 21, 289, 5860 }, // U+FC36
    { 19, 22, 328, 2, 21, 105, 6149 }, // U+FC37
    { 32, 33, 495, 0, 21, 264, 6254 }, // U+FC38
    { 32, 33, 495, 0, 21, 264, 6518 }, // U+FC39
    { 32, 33, 495, 0, 21, 264, 6782 }, // U+FC3A
    { 34, 28, 533, 0, 21, 238, 7046 }, // U+FC3B
    { 29, 33, 455, 0, 21, 240, 7284 }, // U+FC3C
    { 34, 28, 536, 0, 21, 238, 7524 }, // U+FC3D
    { 34, 34, 536, 0, 21, 289, 7762 }, // U+FC3E
    { 25, 33, 424, 0, 21, 207, 8051 }, // U+FC3F
    { 25, 33, 424, 0, 21, 207, 8258 }, // U+FC40
    { 25, 33, 424, 0, 21, 207, 8465 }, // U+FC41
    { 23, 33, 384, 0, 21, 190, 8672 }, // U+FC42
    { 28, 28, 465, 0, 21, 196, 8862 }, // U+FC43
    { 28, 34, 465, 0, 21, 238, 9058 }, // U+FC44
    { 33, 25, 548, 0, 13, 207, 9296 }, // U+FC45
    { 33, 25, 548, 0, 13, 207, 9503 }, // U+FC46
    { 33, 31, 548, 0, 19, 256, 9710 }, // U+FC47
    { 30, 23, 507, 0, 11, 173, 9966 }, // U+FC48
    { 36, 18, 589, 0, 11, 162, 10139 }, // U+FC49
    { 36, 24, 589, 0, 11, 216, 10301 }, // U+FC4A
    { 26, 30, 428, 0, 18, 195, 10517 }, // U+FC4B
    { 26, 30, 428, 0, 18, 195, 10712 }, // U+FC4C
    { 26, 31, 428, 0, 19, 202, 10907 }, // U+FC4D
    { 23, 30, 388, 0, 18, 173, 11109 }, // U+FC4E
    { 28, 25, 469, 0, 18, 175, 11282 }, // U+FC4F
    { 28, 31, 469, 0, 18, 217, 11457 }, // U+FC50
    { 35, 27, 571, 0, 15, 237, 11674 }, // U+FC51
    { 32, 27, 530, 0, 15, 216, 11911 }, // U+FC52
    { 37, 22, 611, 0, 15, 204, 12127 }, // U+FC53
    { 37, 28, 611, 0, 15, 259, 12331 }, // U+FC54
    { 26, 25, 442, 0, 13, 163, 12590 }, // U+FC55
    { 26, 25, 442, 0, 13, 163, 12753 }, // U+FC56
    { 26, 31, 442, 0, 19, 202, 12916 }, // U+FC57
    { 24, 24, 402, 0, 12, 144, 13118 }, // U+FC58
    { 29, 19, 483, 0, 12, 138, 13262 }, // U+FC59
    { 29, 25, 483, 0, 12, 182, 13400 }, // U+FC5A
    { 12, 30, 223, 1, 29, 90, 13582 }, // U+FC5B
    { 10, 27, 171, -1, 20, 68, 13672 }, // U+FC5C
    { 22, 21, 355, 0, 14, 116, 13740 }, // U+FC5D
    { 10, 14, 151, -1, 31, 35, 13856 }, // U+FC5E
    { 9, 14, 142, 0, 31, 32, 13891 }, // U+FC5F
    { 9, 11, 151, 0, 28, 25, 13923 }, // U+FC60
    { 10, 14, 151, -1, 31, 35, 13948 }, // U+FC61
    { 9, 12, 142, 0, 29, 27, 13983 }, // U+FC62
    { 9, 12, 151, 0, 29, 27, 14010 }, // U+FC63
    { 25, 24, 345, -1, 17, 150, 14037 }, // U+FC64
    { 25, 24, 345, -1, 17, 150, 14187 }, // U+FC65
    { 28, 29, 422, 0, 17, 203, 14337 }, // U+FC66
    { 33, 24, 501, 0, 17, 198, 14540 }, // U+FC67
    { 33, 24, 504, 0, 17, 198, 14738 }, // U+FC68
    { 33, 30, 504, 0, 17, 248, 14936 }, // U+FC69
    { 25, 17, 345, -1, 10, 107, 15184 }, // U+FC6A
    { 25, 24, 345, -1, 17, 150, 15291 }, // U+FC6B
    { 28, 23, 422, 0, 11, 161, 15441 }, // U+FC6C
    { 33, 22, 501, 0, 15, 182, 15602 }, // U+FC6D
    { 33, 16, 504, 0, 9, 132, 15784 }, // U+FC6E
    { 33, 22, 504, 0, 9, 182, 15916 }, // U+FC6F
    { 25, 22, 359, -1, 15, 138, 16098 }, // U+FC70
    { 25, 24, 359, -1, 17, 150, 16236 }, // U+FC71
    { 29, 27, 436, 0, 15, 196, 16386 }, // U+FC72
    { 34, 22, 515, 0, 15, 187, 16582 }, // U+FC73
    { 34, 22, 518, 0, 15, 187, 16769 }, // U+FC74
    { 34, 28, 518, 0, 15, 238, 16956 }, // U+FC75
    { 25, 25, 359, -1, 18, 157, 17194 }, // U+FC76
    { 25, 25, 359, -1, 18, 157, 17351 }, // U+FC77
    { 29, 30, 436, 0, 18, 218, 17508 }, // U+FC78
    { 34, 25, 515, 0, 18, 213, 17726 }, // U+FC79
    { 34, 25, 518, 0, 18, 213, 17939 }, // U+FC7A
    { 34, 31, 518, 0, 18, 264, 18152 }, // U+FC7B
    { 38, 26, 575, 0, 19, 247, 18416 }, // U+FC7C
    { 38, 32, 575, 0, 19, 304, 18663 }, // U+FC7D
    { 38, 26, 575, 0, 19, 247, 18967 }, // U+FC7E
    { 38, 32, 575, 0, 19, 304, 19214 }, // U+FC7F
    { 23, 22, 373, 2, 21, 127, 19518 }, // U+FC80
    { 38, 28, 578, 0, 21, 266, 19645 }, // U+FC81
    { 33, 33, 499, 0, 21, 273, 19911 }, // U+FC82
    { 38, 28, 581, 0, 21, 266, 20184 }, // U+FC83
    { 38, 34, 581, 0, 21, 323, 20450 }, // U+FC84
    { 27, 33, 402, 0, 21, 223, 20773 }, // U+FC85
    { 32, 28, 484, 0, 21, 224, 20996 }, // U+FC86
    { 32, 34, 484, 0, 21, 272, 21220 }, // U+FC87
    { 25, 22, 406, 2, 21, 138, 21492 }, // U+FC88
    { 35, 23, 532, 0, 11, 202, 21630 }, // U+FC89
    { 25, 22, 345, -1, 15, 138, 21832 }, // U+FC8A
    { 25, 24, 345, -1, 17, 150, 21970 }, // U+FC8B
    { 28, 27, 422, 0, 15, 189, 22120 }, // U+FC8C
    { 33, 22, 501, 0, 15, 182, 22309 }, // U+FC8D
    { 33, 22, 504, 0, 15, 182, 22491 }, // U+FC8E
    { 33, 28, 504, 0, 15, 231, 22673 }, // U+FC8F
    { 23, 21, 344, 0, 14, 121, 22904 }, // U+FC90
    { 25, 17, 359, -1, 10, 107, 23025 }, // U+FC91
    { 25, 24, 359, -1, 17, 150, 23132 }, // U+FC92
    { 29, 23, 436, 0, 11, 167, 23282 }, // U+FC93
    { 34, 22, 515, 0, 15, 187, 23449 }, // U+FC94
    { 34, 16, 518, 0, 9, 136, 23636 }, // U+FC95
    { 34, 22, 518, 0, 9, 187, 23772 }, // U+FC96
    { 25, 27, 423, 0, 21, 169, 23959 }, // U+FC97
    { 25, 22, 423, 0, 21, 138, 24128 }, // U+FC98
    { 25, 22, 423, 0, 21, 138, 24266 }, // U+FC99
    { 24, 22, 395, 0, 21, 132, 24404 }, // U+FC9A
    { 22, 28, 362, 0, 21, 154, 24536 }, // U+FC9B
    { 25, 18, 423, 0, 12, 113, 24690 }, // U+FC9C
    { 25, 18, 423, 0, 12, 113, 24803 }, // U+FC9D
    { 25, 23, 423, 0, 17, 144, 24916 }, // U+FC9E
    { 24, 18, 395, 0, 12, 108, 25060 }, // U+FC9F
    { 22, 20, 362, 0, 13, 110, 25168 }, // U+FCA0
    { 26, 24, 423, 0, 18, 156, 25278 }, // U+FCA1
    { 26, 19, 423, 0, 18, 124, 25434 }, // U+FCA2
    { 26, 19, 423, 0, 18, 124, 25558 }, // U+FCA3
    { 25, 19, 395, 0, 18, 119, 25682 }, // U+FCA4
    { 22, 25, 362, 0, 18, 138, 25801 }, // U+FCA5
    { 25, 22, 395, 0, 21, 138, 25939 }, // U+FCA6
    { 35, 17, 572, 0, 11, 149, 26077 }, // U+FCA7
    { 33, 17, 545, 0, 11, 141, 26226 }, // U+FCA8
    { 35, 17, 572, 0, 11, 149, 26367 }, // U+FCA9
    { 33, 12, 545, 0, 11, 99, 26516 }, // U+FCAA
    { 35, 23, 572, 0, 17, 202, 26615 }, // U+FCAB
    { 33, 18, 545, 0, 17, 149, 26817 }, // U+FCAC
    { 40, 18, 663, 0, 12, 180, 26966 }, // U+FCAD
    { 40, 13, 663, 0, 12, 130, 27146 }, // U+FCAE
    { 40, 18, 663, 0, 17, 180, 27276 }, // U+FCAF
    { 39, 13, 636, 0, 12, 127, 27456 }, // U+FCB0
    { 44, 12, 719, 0, 11, 132, 27583 }, // U+FCB1
    { 44, 18, 719, 0, 17, 198, 27715 }, // U+FCB2
    { 42, 12, 691, 0, 11, 126, 27913 }, // U+FCB3
    { 44, 23, 719, 0, 17, 253, 28039 }, // U+FCB4
    { 44, 18, 719, 0, 17, 198, 28292 }, // U+FCB5
    { 44, 18, 719, 0, 17, 198, 28490 }, // U+FCB6
    { 42, 18, 691, 0, 17, 189, 28688 }, // U+FCB7
    { 38, 22, 613, 0, 21, 209, 28877 }, // U+FCB8
    { 36, 22, 586, 0, 21, 198, 29086 }, // U+FCB9
    { 33, 19, 532, 0, 13, 157, 29284 }, // U+FCBA
    { 31, 14, 505, 0, 13, 109, 29441 }, // U+FCBB
    { 33, 25, 532, 0, 19, 207, 29550 }, // U+FCBC
    { 31, 20, 505, 0, 19, 155, 29757 }, // U+FCBD
    { 31, 27, 506, 0, 21, 210, 29912 }, // U+FCBE
    { 31, 22, 506, 0, 21, 171, 30122 }, // U+FCBF
    { 31, 22, 506, 0, 21, 171, 30293 }, // U+FCC0
    { 29, 22, 478, 0, 21, 160, 30464 }, // U+FCC1
    { 31, 22, 506, 0, 21, 171, 30624 }, // U+FCC2
    { 29, 22, 478, 0, 21, 160, 30795 }, // U+FCC3
    { 31, 27, 490, 0, 21, 210, 0 }, // U+FCC4
    { 31, 22, 490, 0, 21, 171, 210 }, // U+FCC5
    { 31, 22, 490, 0, 21, 171, 381 }, // U+FCC6
    { 22, 22, 332, 0, 21, 121, 552 }, // U+FCC7
    { 30, 22, 462, 0, 21, 165, 673 }, // U+FCC8
    { 25, 27, 419, 0, 21, 169, 838 }, // U+FCC9
    { 25, 22, 419, 0, 21, 138, 1007 }, // U+FCCA
    { 25, 22, 419, 0, 21, 138, 1145 }, // U+FCCB
    { 23, 22, 391, 0, 21, 127, 1283 }, // U+FCCC
    { 21, 28, 358, 0, 21, 147, 1410 }, // U+FCCD
    { 33, 17, 542, 0, 11, 141, 1557 }, // U+FCCE
    { 33, 12, 542, 0, 11, 99, 1698 }, // U+FCCF
    { 33, 18, 542, 0, 17, 149, 1797 }, // U+FCD0
    { 31, 12, 515, 0, 11, 93, 1946 }, // U+FCD1
    { 25, 24, 423, 0, 18, 150, 2039 }, // U+FCD2
    { 25, 19, 423, 0, 18, 119, 2189 }, // U+FCD3
    { 25, 19, 423, 0, 18, 119, 2308 }, // U+FCD4
    { 24, 19, 395, 0, 18, 114, 2427 }, // U+FCD5
    { 22, 25, 362, 0, 18, 138, 2541 }, // U+FCD6
    { 35, 21, 565, 0, 15, 184, 2679 }, // U+FCD7
    { 33, 16, 538, 0, 15, 132, 2863 }, // U+FCD8
    { 16, 24, 268, 0, 23, 96, 2995 }, // U+FCD9
    { 26, 18, 437, 0, 12, 117, 3091 }, // U+FCDA
    { 26, 18, 437, 0, 12, 117, 3208 }, // U+FCDB
    { 26, 23, 437, 0, 17, 150, 3325 }, // U+FCDC
    { 24, 18, 409, 0, 12, 108, 3475 }, // U+FCDD
    { 22, 20, 376, 0, 13, 110, 3583 }, // U+FCDE
    { 29, 18, 430, 0, 17, 131, 3693 }, // U+FCDF
    { 27, 24, 397, 0, 17, 162, 3824 }, // U+FCE0
    { 29, 17, 430, 0, 11, 124, 3986 }, // U+FCE1
    { 27, 20, 397, 0, 13, 135, 4110 }, // U+FCE2
    { 30, 16, 444, 0, 15, 120, 4245 }, // U+FCE3
    { 28, 22, 411, 0, 15, 154, 4365 }, // U+FCE4
    { 30, 19, 444, 0, 18, 143, 4519 }, // U+FCE5
    { 28, 25, 411, 0, 18, 175, 4662 }, // U+FCE6
    { 44, 12, 667, 0, 11, 132, 4837 }, // U+FCE7
    { 42, 20, 633, 0, 13, 210, 4969 }, // U+FCE8
    { 44, 20, 667, 0, 19, 220, 5179 }, // U+FCE9
    { 42, 26, 633, 0, 19, 273, 5399 }, // U+FCEA
    { 26, 22, 377, 0, 21, 143, 5672 }, // U+FCEB
    { 34, 22, 507, 0, 21, 187, 5815 }, // U+FCEC
    { 28, 22, 410, 0, 21, 154, 6002 }, // U+FCED
    { 29, 16, 430, 0, 15, 116, 6156 }, // U+FCEE
    { 27, 22, 397, 0, 15, 149, 6272 }, // U+FCEF
    { 30, 17, 444, 0, 11, 128, 6421 }, // U+FCF0
    { 28, 20, 411, 0, 13, 140, 6549 }, // U+FCF1
    { 11, 23, 126, -1, 22, 64, 6689 }, // U+FCF2
    { 12, 26, 126, -2, 25, 78, 6753 }, // U+FCF3
    { 11, 24, 126, -1, 23, 66, 6831 }, // U+FCF4
    { 40, 28, 660, 0, 21, 280, 6897 }, // U+FCF5
    { 40, 34, 660, 0, 21, 340, 7177 }, // U+FCF6
    { 36, 20, 578, 0, 13, 180, 7517 }, // U+FCF7
    { 36, 26, 578, 0, 13, 234, 7697 }, // U+FCF8
    { 36, 26, 578, 0, 19, 234, 7931 }, // U+FCF9
    { 36, 32, 578, 0, 19, 288, 8165 }, // U+FCFA
    { 43, 19, 709, 0, 12, 205, 8453 }, // U+FCFB
    { 43, 25, 709, 0, 12, 269, 8658 }, // U+FCFC
    { 43, 26, 709, 0, 19, 280, 8927 }, // U+FCFD
    { 43, 32, 709, 0, 19, 344, 9207 }, // U+FCFE
    { 38, 18, 618, 0, 11, 171, 9551 }, // U+FCFF
    { 38, 24, 618, 0, 11, 228, 9722 }, // U+FD00
    { 38, 18, 618, 0, 11, 171, 9950 }, // U+FD01
    { 38, 24, 618, 0, 11, 228, 10121 }, // U+FD02
    { 38, 24, 618, 0, 17, 228, 10349 }, // U+FD03
    { 38, 30, 618, 0, 17, 285, 10577 }, // U+FD04
    { 47, 18, 765, 0, 11, 212, 10862 }, // U+FD05
    { 47, 24, 765, 0, 11, 282, 11074 }, // U+FD06
    { 47, 24, 765, 0, 17, 282, 11356 }, // U+FD07
    { 47, 30, 765, 0, 17, 353, 11638 }, // U+FD08
    { 41, 31, 669, 0, 19, 318, 11991 }, // U+FD09
    { 41, 31, 669, 0, 19, 318, 12309 }, // U+FD0A
    { 41, 31, 669, 0, 19, 318, 12627 }, // U+FD0B
    { 38, 31, 628, 0, 19, 295, 12945 }, // U+FD0C
    { 34, 26, 551, -1, 19, 221, 13240 }, // U+FD0D
    { 34, 19, 551, -1, 12, 162, 13461 }, // U+FD0E
    { 38, 18, 606, -1, 11, 171, 13623 }, // U+FD0F
    { 38, 24, 606, -1, 17, 228, 13794 }, // U+FD10
    { 44, 28, 675, 0, 21, 308, 14022 }, // U+FD11
    { 44, 34, 675, 0, 21, 374, 14330 }, // U+FD12
    { 39, 19, 587, 0, 12, 186, 14704 }, // U+FD13
    { 39, 25, 587, 0, 12, 244, 14890 }, // U+FD14
    { 39, 25, 587, 0, 18, 244, 15134 }, // U+FD15
    { 39, 31, 587, 0, 18, 303, 15378 }, // U+FD16
    { 48, 18, 740, 0, 11, 216, 15681 }, // U+FD17
    { 48, 24, 740, 0, 11, 288, 15897 }, // U+FD18
    { 48, 26, 740, 0, 19, 312, 16185 }, // U+FD19
    { 48, 32, 740, 0, 19, 384, 16497 }, // U+FD1A
    { 42, 18, 641, 0, 11, 189, 16881 }, // U+FD1B
    { 42, 24, 641, 0, 11, 252, 17070 }, // U+FD1C
    { 42, 18, 641, 0, 11, 189, 17322 }, // U+FD1D
    { 42, 24, 641, 0, 11, 252, 17511 }, // U+FD1E
    { 42, 24, 641, 0, 17, 252, 17763 }, // U+FD1F
    { 42, 30, 641, 0, 17, 315, 18015 }, // U+FD20
    { 51, 18, 786, 0, 11, 230, 18330 }, // U+FD21
    { 51, 24, 786, 0, 11, 306, 18560 }, // U+FD22
    { 51, 24, 786, 0, 17, 306, 18866 }, // U+FD23
    { 51, 30, 786, 0, 17, 383, 19172 }, // U+FD24
    { 46, 31, 700, 0, 19, 357, 19555 }, // U+FD25
    { 46, 31, 700, 0, 19, 357, 19912 }, // U+FD26
    { 46, 31, 700, 0, 19, 357, 20269 }, // U+FD27
    { 43, 31, 659, 0, 19, 334, 20626 }, // U+FD28
    { 39, 26, 582, -1, 19, 254, 20960 }, // U+FD29
    { 39, 18, 582, -1, 11, 176, 21214 }, // U+FD2A
    { 42, 18, 628, -1, 11, 189, 21390 }, // U+FD2B
    { 42, 24, 628, -1, 17, 252, 21579 }, // U+FD2C
    { 40, 25, 663, 0, 19, 250, 21831 }, // U+FD2D
    { 40, 20, 663, 0, 19, 200, 22081 }, // U+FD2E
    { 40, 20, 663, 0, 19, 200, 22281 }, // U+FD2F
    { 39, 20, 636, 0, 19, 195, 22481 }, // U+FD30
    { 37, 20, 603, 0, 13, 185, 22676 }, // U+FD31
    { 37, 26, 603, 0, 19, 241, 22861 }, // U+FD32
    { 36, 22, 586, 0, 21, 198, 23102 }, // U+FD33
    { 45, 17, 694, 0, 11, 192, 23300 }, // U+FD34
    { 45, 12, 694, 0, 11, 135, 23492 }, // U+FD35
    { 45, 18, 694, 0, 17, 203, 23627 }, // U+FD36
    { 45, 25, 694, 0, 19, 282, 23830 }, // U+FD37
    { 45, 20, 694, 0, 19, 225, 24112 }, // U+FD38
    { 45, 20, 694, 0, 19, 225, 24337 }, // U+FD39
    { 40, 22, 601, 0, 21, 220, 24562 }, // U+FD3A
    { 40, 22, 601, 0, 21, 220, 24782 }, // U+FD3B
    { 11, 25, 136, 2, 24, 69, 25002 }, // U+FD3C
    { 11, 24, 111, 2, 24, 66, 25071 }, // U+FD3D
    { 12, 28, 200, 0, 21, 84, 25137 }, // U+FD3E
    { 11, 28, 200, 1, 21, 77, 25221 }, // U+FD3F
    { 40, 27, 678, 1, 23, 270, 25298 }, // U+FD40
    { 53, 32, 878, 1, 25, 424, 25568 }, // U+FD41
    { 57, 32, 948, 1, 25, 456, 25992 }, // U+FD42
    { 63, 31, 1033, 1, 24, 489, 26448 }, // U+FD43
    { 67, 32, 1096, 1, 25, 536, 26937 }, // U+FD44
    { 65, 32, 1071, 1, 25, 520, 27473 }, // U+FD45
    { 31, 26, 533, 1, 23, 202, 27993 }, // U+FD46
    { 54, 25, 887, 1, 21, 338, 28195 }, // U+FD47
    { 64, 27, 1049, 1, 23, 432, 28533 }, // U+FD48
    { 48, 26, 803, 1, 22, 312, 28965 }, // U+FD49
    { 29, 25, 496, 1, 21, 182, 29277 }, // U+FD4A
    { 35, 24, 588, 1, 20, 210, 29459 }, // U+FD4B
    { 39, 26, 654, 1, 21, 254, 29669 }, // U+FD4C
    { 49, 25, 812, 1, 21, 307, 29923 }, // U+FD4D
    { 39, 30, 654, 1, 23, 293, 30230 }, // U+FD4E
    { 47, 28, 785, 1, 24, 329, 30523 }, // U+FD4F
    { 43, 24, 693, 0, 18, 258, 30852 }, // U+FD50
    { 50, 27, 774, 0, 15, 338, 31110 }, // U+FD51
    { 45, 24, 720, 0, 18, 270, 0 }, // U+FD52
    { 43, 19, 693, 0, 18, 205, 270 }, // U+FD53
    { 43, 19, 693, 0, 18, 205, 475 }, // U+FD54
    { 43, 24, 693, 0, 18, 258, 680 }, // U+FD55
    { 43, 19, 693, 0, 18, 205, 938 }, // U+FD56
    { 43, 19, 693, 0, 18, 205, 1143 }, // U+FD57
    { 56, 25, 870, 0, 13, 350, 1348 }, // U+FD58
    { 52, 17, 842, 0, 11, 221, 1698 }, // U+FD59
    { 59, 24, 911, 0, 11, 354, 1919 }, // U+FD5A
    { 59, 18, 911, 0, 11, 266, 2273 }, // U+FD5B
    { 59, 18, 961, 0, 12, 266, 2539 }, // U+FD5C
    { 59, 18, 961, 0, 12, 266, 2805 }, // U+FD5D
    { 67, 18, 1038, 0, 11, 302, 3071 }, // U+FD5E
    { 63, 25, 969, 0, 13, 394, 3373 }, // U+FD5F
    { 57, 13, 933, 0, 12, 186, 3767 }, // U+FD60
    { 57, 18, 933, 0, 12, 257, 3953 }, // U+FD61
    { 60, 23, 929, 0, 11, 345, 4210 }, // U+FD62
    { 56, 13, 905, 0, 12, 182, 4555 }, // U+FD63
    { 67, 25, 1043, 0, 13, 419, 4737 }, // U+FD64
    { 63, 12, 1016, 0, 11, 189, 5156 }, // U+FD65
    { 63, 23, 975, 0, 11, 363, 5345 }, // U+FD66
    { 62, 31, 956, 0, 19, 481, 5708 }, // U+FD67
    { 57, 20, 933, 0, 19, 285, 6189 }, // U+FD68
    { 67, 32, 1038, 0, 19, 536, 6474 }, // U+FD69
    { 63, 31, 969, 0, 19, 489, 7010 }, // U+FD6A
    { 57, 20, 933, 0, 19, 285, 7499 }, // U+FD6B
    { 60, 31, 929, 0, 19, 465, 7784 }, // U+FD6C
    { 56, 20, 905, 0, 19, 280, 8249 }, // U+FD6D
    { 70, 24, 1084, 0, 17, 420, 8529 }, // U+FD6E
    { 65, 29, 1003, 0, 17, 472, 8949 }, // U+FD6F
    { 61, 18, 989, 0, 17, 275, 9421 }, // U+FD70
    { 58, 33, 904, 0, 21, 479, 9696 }, // U+FD71
    { 54, 22, 883, 0, 21, 297, 10175 }, // U+FD72
    { 53, 22, 856, 0, 21, 292, 10472 }, // U+FD73
    { 61, 34, 945, 0, 21, 519, 10764 }, // U+FD74
    { 52, 24, 803, 0, 12, 312, 11283 }, // U+FD75
    { 50, 24, 775, 0, 12, 300, 11595 }, // U+FD76
    { 48, 14, 774, 0, 13, 168, 11895 }, // U+FD77
    { 55, 19, 856, 0, 12, 262, 12063 }, // U+FD78
    { 50, 30, 775, 0, 18, 375, 12325 }, // U+FD79
    { 55, 31, 856, 0, 18, 427, 12700 }, // U+FD7A
    { 55, 25, 856, 0, 18, 344, 13127 }, // U+FD7B
    { 51, 31, 791, 0, 19, 396, 13471 }, // U+FD7C
    { 48, 22, 776, 0, 21, 264, 13867 }, // U+FD7D
    { 52, 31, 804, 0, 19, 403, 14131 }, // U+FD7E
    { 50, 31, 763, 0, 19, 388, 14534 }, // U+FD7F
    { 46, 33, 700, 0, 21, 380, 14922 }, // U+FD80
    { 51, 34, 781, 0, 21, 434, 15302 }, // U+FD81
    { 51, 28, 781, 0, 21, 357, 15736 }, // U+FD82
    { 44, 27, 716, 0, 21, 297, 16093 }, // U+FD83
    { 48, 33, 740, 0, 21, 396, 16390 }, // U+FD84
    { 46, 33, 700, 0, 21, 380, 16786 }, // U+FD85
    { 42, 22, 688, 0, 21, 231, 17166 }, // U+FD86
    { 46, 33, 713, 0, 21, 380, 17397 }, // U+FD87
    { 42, 22, 688, 0, 21, 231, 17777 }, // U+FD88
    { 51, 17, 840, 0, 11, 217, 18008 }, // U+FD89
    { 49, 12, 812, 0, 11, 147, 18225 }, // U+FD8A
    { 59, 24, 911, 0, 11, 354, 18372 }, // U+FD8B
    { 51, 17, 840, 0, 11, 217, 18726 }, // U+FD8C
    { 49, 17, 812, 0, 11, 209, 18943 }, // U+FD8D
    { 51, 23, 840, 0, 17, 294, 19152 }, // U+FD8E
    { 49, 18, 812, 0, 17, 221, 19446 }, // U+FD8F
    { 51, 23, 840, 0, 17, 294, 19667 }, // U+FD92
    { 51, 21, 835, 0, 15, 268, 19961 }, // U+FD93
    { 50, 16, 807, 0, 15, 200, 20229 }, // U+FD94
    { 42, 19, 693, 0, 18, 200, 20429 }, // U+FD95
    { 52, 22, 801, 0, 15, 286, 20629 }, // U+FD96
    { 47, 27, 720, 0, 15, 318, 20915 }, // U+FD97
    { 42, 24, 693, 0, 18, 252, 21233 }, // U+FD98
    { 52, 22, 801, 0, 15, 286, 21485 }, // U+FD99
    { 50, 28, 773, 0, 15, 350, 21771 }, // U+FD9A
    { 50, 22, 773, 0, 15, 275, 22121 }, // U+FD9B
    { 46, 23, 706, 0, 11, 265, 22396 }, // U+FD9C
    { 41, 18, 679, 0, 12, 185, 22661 }, // U+FD9D
    { 52, 30, 801, 0, 17, 390, 22846 }, // U+FD9E
    { 53, 28, 815, 0, 15, 371, 23236 }, // U+FD9F
    { 53, 22, 815, 0, 15, 292, 23607 }, // U+FDA0
    { 53, 30, 815, 0, 17, 398, 23899 }, // U+FDA1
    { 53, 24, 815, 0, 17, 318, 24297 }, // U+FDA2
    { 51, 28, 787, 0, 15, 357, 24615 }, // U+FDA3
    { 51, 22, 787, 0, 15, 281, 24972 }, // U+FDA4
    { 59, 24, 911, 0, 11, 354, 25253 }, // U+FDA5
    { 57, 18, 916, 0, 11, 257, 25607 }, // U+FDA6
    { 59, 18, 911, 0, 11, 266, 25864 }, // U+FDA7
    { 67, 24, 1038, 0, 17, 402, 26130 }, // U+FDA8
    { 70, 24, 1084, 0, 11, 420, 26532 }, // U+FDA9
    { 67, 32, 1038, 0, 19, 536, 26952 }, // U+FDAA
    { 70, 30, 1084, 0, 17, 525, 27488 }, // U+FDAB
    { 51, 34, 781, 0, 21, 434, 28013 }, // U+FDAC
    { 49, 34, 753, 0, 21, 417, 28447 }, // U+FDAD
    { 53, 24, 815, 0, 11, 318, 28864 }, // U+FDAE
    { 53, 24, 815, 0, 11, 318, 29182 }, // U+FDAF
    { 51, 24, 787, 0, 11, 306, 29500 }, // U+FDB0
    { 57, 24, 883, 0, 11, 342, 29806 }, // U+FDB1
    { 55, 32, 844, 0, 19, 440, 30148 }, // U+FDB2
    { 52, 28, 801, 0, 15, 364, 30588 }, // U+FDB3
    { 48, 22, 776, 0, 21, 264, 30952 }, // U+FDB4
    { 42, 22, 688, 0, 21, 231, 31216 }, // U+FDB5
    { 55, 25, 856, 0, 12, 344, 31447 }, // U+FDB6
    { 55, 34, 850, 0, 21, 468, 0 }, // U+FDB7
    { 44, 24, 720, 0, 18, 264, 468 }, // U+FDB8
    { 59, 30, 911, 0, 17, 443, 732 }, // U+FDB9
    { 42, 27, 688, 0, 21, 284, 1175 }, // U+FDBA
    { 50, 33, 769, 0, 21, 413, 1459 }, // U+FDBB
    { 46, 33, 700, 0, 21, 380, 1872 }, // U+FDBC
    { 49, 27, 760, 0, 15, 331, 2252 }, // U+FDBD
    { 61, 24, 938, 0, 11, 366, 2583 }, // U+FDBE
    { 61, 24, 938, 0, 11, 366, 2949 }, // U+FDBF
    { 59, 24, 911, 0, 11, 354, 3315 }, // U+FDC0
    { 55, 32, 844, 0, 19, 440, 3669 }, // U+FDC1
    { 52, 24, 801, 0, 11, 312, 4109 }, // U+FDC2
    { 47, 22, 732, 0, 21, 259, 4421 }, // U+FDC3
    { 50, 19, 802, 0, 13, 238, 4680 }, // U+FDC4
    { 59, 12, 961, 0, 11, 177, 4918 }, // U+FDC5
    { 67, 30, 1038, 0, 17, 503, 5095 }, // U+FDC6
    { 52, 28, 801, 0, 15, 364, 5598 }, // U+FDC7
    { 41, 24, 680, 1, 20, 246, 5962 }, // U+FDCF
    { 50, 30, 818, 0, 21, 375, 6208 }, // U+FDF0
    { 37, 30, 605, 0, 21, 278, 6583 }, // U+FDF1
    { 36, 30, 599, 0, 29, 270, 6861 }, // U+FDF2
    { 41, 35, 647, -1, 28, 359, 7131 }, // U+FDF3
    { 64, 26, 1060, 1, 25, 416, 7490 }, // U+FDF4
    { 66, 33, 1067, 0, 21, 545, 7906 }, // U+FDF5
    { 66, 28, 1082, 0, 21, 462, 8451 }, // U+FDF6
    { 48, 27, 776, 0, 21, 324, 8913 }, // U+FDF7
    { 60, 33, 977, 0, 21, 495, 9237 }, // U+FDF8
    { 56, 28, 905, 0, 21, 392, 9732 }, // U+FDF9
    { 31, 28, 533, 1, 23, 217, 10124 }, // U+FDFA
    { 30, 29, 475, 0, 22, 218, 10341 }, // U+FDFB
    { 34, 27, 560, 0, 21, 230, 10559 }, // U+FDFC
    { 44, 29, 730, 1, 22, 319, 10789 }, // U+FDFE
    { 28, 24, 477, 1, 20, 168, 11108 }, // U+FDFF
    { 7, 8, 142, 1, 25, 14, 11276 }, // U+FE70
    { 10, 20, 126, 0, 19, 50, 11290 }, // U+FE71
    { 10, 8, 174, 0, 25, 20, 11340 }, // U+FE72
    { 10, 13, 124, 0, 6, 33, 11360 }, // U+FE73
    { 7, 8, 142, 1, -1, 14, 11393 }, // U+FE74
    { 7, 5, 142, 1, 22, 9, 11407 }, // U+FE76
    { 10, 17, 126, 0, 16, 43, 11416 }, // U+FE77
    { 8, 9, 149, 0, 25, 18, 11459 }, // U+FE78
    { 11, 20, 126, -1, 19, 55, 11477 }, // U+FE79
    { 7, 5, 142, 1, -1, 9, 11532 }, // U+FE7A
    { 10, 9, 126, 0, 3, 23, 11541 }, // U+FE7B
    { 9, 7, 151, 0, 24, 16, 11564 }, // U+FE7C
    { 11, 19, 126, -1, 18, 53, 11580 }, // U+FE7D
    { 7, 6, 110, 0, 24, 11, 11633 }, // U+FE7E
    { 10, 19, 126, 0, 18, 48, 11644 }, // U+FE7F
    { 11, 13, 192, 0, 11, 36, 11692 }, // U+FE80
    { 10, 25, 110, -2, 25, 63, 11728 }, // U+FE81
    { 12, 28, 136, -2, 27, 84, 11791 }, // U+FE82
    { 6, 28, 110, 0, 28, 42, 11875 }, // U+FE83
    { 10, 31, 136, 0, 30, 78, 11917 }, // U+FE84
    { 11, 26, 209, 1, 19, 72, 11995 }, // U+FE85
    { 15, 26, 220, 1, 19, 98, 12067 }, // U+FE86
    { 7, 31, 111, 1, 21, 55, 12165 }, // U+FE87
    { 9, 31, 136, 1, 21, 70, 12220 }, // U+FE88
    { 22, 20, 355, 0, 13, 110, 12290 }, // U+FE89
    { 23, 20, 344, 0, 13, 115, 12400 }, // U+FE8A
    { 7, 22, 126, 0, 21, 39, 12515 }, // U+FE8B
    { 12, 18, 160, 0, 17, 54, 12554 }, // U+FE8C
    { 4, 21, 111, 2, 21, 21, 12608 }, // U+FE8D
    { 8, 22, 136, 2, 21, 44, 12629 }, // U+FE8E
    { 28, 19, 463, 0, 12, 133, 12673 }, // U+FE8F
    { 34, 17, 510, 0, 10, 145, 12806 }, // U+FE90
    { 7, 18, 126, 0, 12, 32, 12951 }, // U+FE91
    { 12, 15, 160, 0, 9, 45, 12983 }, // U+FE92
    { 11, 20, 189, 0, 20, 55, 13028 }, // U+FE93
    { 16, 23, 227, 0, 22, 92, 13083 }, // U+FE94
    { 28, 16, 463, 0, 15, 112, 13175 }, // U+FE95
    { 34, 16, 510, 0, 15, 136, 13287 }, // U+FE96
    { 8, 19, 126, 0, 18, 38, 13423 }, // U+FE97
    { 13, 16, 174, 0, 15, 52, 13461 }, // U+FE98
    { 28, 19, 463, 0, 18, 133, 13513 }, // U+FE99
    { 34, 19, 510, 0, 18, 162, 13646 }, // U+FE9A
    { 8, 22, 126, 0, 21, 44, 13808 }, // U+FE9B
    { 13, 19, 174, 0, 18, 62, 13852 }, // U+FE9C
    { 18, 25, 298, 0, 13, 113, 13914 }, // U+FE9D
    { 21, 25, 303, 0, 13, 132, 14027 }, // U+FE9E
    { 17, 17, 275, 0, 11, 73, 14159 }, // U+FE9F
    { 21, 17, 297, 0, 11, 90, 14232 }, // U+FEA0
    { 18, 25, 298, 0, 13, 113, 14322 }, // U+FEA1
    { 21, 25, 303, 0, 13, 132, 14435 }, // U+FEA2
    { 17, 12, 275, 0, 11, 51, 14567 }, // U+FEA3
    { 21, 12, 297, 0, 11, 63, 14618 }, // U+FEA4
    { 18, 31, 298, 0, 19, 140, 14681 }, // U+FEA5
    { 21, 31, 303, 0, 19, 163, 14821 }, // U+FEA6
    { 17, 18, 275, 0, 17, 77, 14984 }, // U+FEA7
    { 21, 18, 297, 0, 17, 95, 15061 }, // U+FEA8
    { 12, 15, 223, 1, 14, 45, 15156 }, // U+FEA9
    { 16, 15, 248, 1, 14, 60, 15201 }, // U+FEAA
    { 12, 21, 223, 1, 20, 63, 15261 }, // U+FEAB
    { 16, 21, 248, 1, 20, 84, 15324 }, // U+FEAC
    { 10, 17, 171, -1, 10, 43, 15408 }, // U+FEAD
    { 15, 17, 185, -1, 10, 64, 15451 }, // U+FEAE
    { 10, 24, 171, -1, 17, 60, 15515 }, // U+FEAF
    { 15, 24, 185, -1, 17, 90, 15575 }, // U+FEB0
    { 34, 19, 564, 0, 12, 162, 15665 }, // U+FEB1
    { 39, 18, 592, 0, 11, 176, 15827 }, // U+FEB2
    { 22, 13, 366, 0, 12, 72, 16003 }, // U+FEB3
    { 27, 12, 397, 0, 11, 81, 16075 }, // U+FEB4
    { 34, 26, 564, 0, 19, 221, 16156 }, // U+FEB5
    { 39, 26, 592, 0, 19, 254, 16377 }, // U+FEB6
    { 22, 20, 366, 0, 19, 110, 16631 }, // U+FEB7
    { 27, 20, 397, 0, 19, 135, 16741 }, // U+FEB8
    { 37, 18, 610, 0, 11, 167, 16876 }, // U+FEB9
    { 41, 18, 631, 0, 11, 185, 17043 }, // U+FEBA
    { 26, 12, 421, 0, 11, 78, 17228 }, // U+FEBB
    { 30, 12, 443, 0, 11, 90, 17306 }, // U+FEBC
    { 37, 24, 610, 0, 17, 222, 17396 }, // U+FEBD
    { 41, 24, 631, 0, 17, 246, 17618 }, // U+FEBE
    { 26, 18, 421, 0, 17, 117, 17864 }, // U+FEBF
    { 30, 18, 443, 0, 17, 135, 17981 }, // U+FEC0
    { 22, 22, 368, 0, 21, 121, 18116 }, // U+FEC1
    { 26, 22, 388, 0, 21, 143, 18237 }, // U+FEC2
    { 19, 22, 316, 0, 21, 105, 18380 }, // U+FEC3
    { 23, 22, 331, 0, 21, 127, 18485 }, // U+FEC4
    { 22, 22, 368, 0, 21, 121, 18612 }, // U+FEC5
    { 26, 22, 388, 0, 21, 143, 18733 }, // U+FEC6
    { 19, 22, 316, 0, 21, 105, 18876 }, // U+FEC7
    { 23, 22, 331, 0, 21, 127, 18981 }, // U+FEC8
    { 17, 27, 237, 0, 15, 115, 19108 }, // U+FEC9
    { 17, 24, 248, 0, 12, 102, 19223 }, // U+FECA
    { 14, 14, 235, 0, 13, 49, 19325 }, // U+FECB
    { 17, 13, 243, 0, 12, 56, 19374 }, // U+FECC
    { 17, 33, 237, 0, 21, 141, 19430 }, // U+FECD
    { 17, 30, 248, 0, 18, 128, 19571 }, // U+FECE
    { 14, 20, 235, 0, 19, 70, 19699 }, // U+FECF
    { 17, 19, 243, 0, 18, 81, 19769 }, // U+FED0
    { 28, 22, 459, 0, 21, 154, 19850 }, // U+FED1
    { 34, 20, 512, 0, 19, 170, 20004 }, // U+FED2
    { 12, 22, 209, 0, 21, 66, 20174 }, // U+FED3
    { 16, 20, 231, 0, 19, 80, 20240 }, // U+FED4
    { 22, 25, 361, 0, 19, 138, 20320 }, // U+FED5
    { 26, 24, 377, 0, 16, 156, 20458 }, // U+FED6
    { 12, 22, 209, 0, 21, 66, 20614 }, // U+FED7
    { 16, 20, 231, 0, 19, 80, 20680 }, // U+FED8
    { 25, 22, 412, 0, 21, 138, 20760 }, // U+FED9
    { 29, 22, 430, 0, 21, 160, 20898 }, // U+FEDA
    { 13, 22, 192, 0, 21, 72, 21058 }, // U+FEDB
    { 17, 22, 237, 0, 21, 94, 21130 }, // U+FEDC
    { 19, 28, 324, 0, 21, 133, 21224 }, // U+FEDD
    { 23, 28, 341, 0, 21, 161, 21357 }, // U+FEDE
    { 6, 22, 121, 0, 21, 33, 21518 }, // U+FEDF
    { 11, 22, 140, 0, 21, 61, 21551 }, // U+FEE0
    { 13, 24, 226, 0, 12, 78, 21612 }, // U+FEE1
    { 18, 23, 262, 0, 11, 104, 21690 }, // U+FEE2
    { 14, 12, 245, 0, 11, 42, 21794 }, // U+FEE3
    { 19, 12, 270, 0, 11, 57, 21836 }, // U+FEE4
    { 19, 22, 320, 0, 15, 105, 21893 }, // U+FEE5
    { 23, 22, 341, 0, 15, 127, 21998 }, // U+FEE6
    { 7, 19, 126, 0, 18, 34, 22125 }, // U+FEE7
    { 12, 16, 160, 0, 15, 48, 22159 }, // U+FEE8
    { 11, 14, 189, 0, 14, 39, 22207 }, // U+FEE9
    { 16, 17, 227, 0, 16, 68, 22246 }, // U+FEEA
    { 16, 16, 268, 0, 15, 64, 22314 }, // U+FEEB
    { 17, 20, 237, 0, 13, 85, 22378 }, // U+FEEC
    { 11, 17, 209, 1, 10, 47, 22463 }, // U+FEED
    { 15, 17, 220, 1, 10, 64, 22510 }, // U+FEEE
    { 22, 20, 355, 0, 13, 110, 22574 }, // U+FEEF
    { 23, 13, 344, 0, 6, 75, 22684 }, // U+FEF0
    { 22, 26, 355, 0, 13, 143, 22759 }, // U+FEF1
    { 23, 19, 344, 0, 6, 110, 22902 }, // U+FEF2
    { 8, 18, 140, -1, 12, 36, 23012 }, // U+FEF3
    { 13, 15, 174, 0, 9, 49, 23048 }, // U+FEF4
    { 19, 22, 272, -3, 22, 105, 23097 }, // U+FEF5
    { 21, 23, 280, -2, 22, 121, 23202 }, // U+FEF6
    { 17, 25, 272, -1, 25, 107, 23323 }, // U+FEF7
    { 19, 26, 280, 0, 25, 124, 23430 }, // U+FEF8
    { 15, 31, 272, 1, 21, 117, 23554 }, // U+FEF9
    { 18, 31, 280, 1, 21, 140, 23671 }, // U+FEFA
    { 15, 21, 272, 1, 21, 79, 23811 }, // U+FEFB
    { 18, 22, 280, 1, 21, 99, 23890 }, // U+FEFC
    { 0, 0, 0, 0, 0, 0, 23989 }, // U+FEFF
    { 27, 28, 467, 1, 23, 189, 0 }, // U+FFFD
    { 20, 8, 0, 0, -1, 40, 0 }, // U+10EFD
    { 21, 11, 0, -1, -1, 58, 40 }, // U+10EFE
    { 12, 6, 0, 0, -1, 18, 98 }, // U+10EFF
};

static const EpdUnicodeInterval arabic_14_regularIntervals[] = {
    { 0x600, 0x6FF, 0x0 },
    { 0x750, 0x77F, 0x100 },
    { 0x870, 0x88E, 0x130 },
    { 0x890, 0x891, 0x14F },
    { 0x898, 0x8FF, 0x151 },
    { 0xFB50, 0xFBC2, 0x1B9 },
    { 0xFBD3, 0xFD8F, 0x22C },
    { 0xFD92, 0xFDC7, 0x3E9 },
    { 0xFDCF, 0xFDCF, 0x41F },
    { 0xFDF0, 0xFDFC, 0x420 },
    { 0xFDFE, 0xFDFF, 0x42D },
    { 0xFE70, 0xFE74, 0x42F },
    { 0xFE76, 0xFEFC, 0x434 },
    { 0xFEFF, 0xFEFF, 0x4BB },
    { 0xFFFD, 0xFFFD, 0x4BC },
    { 0x10EFD, 0x10EFF, 0x4BD },
};

static const EpdFontGroup arabic_14_regularGroups[] = {
    { 0, 6852, 32686, 332, 0 },
    { 6852, 7598, 32703, 301, 332 },
    { 14450, 5437, 32716, 164, 633 },
    { 19887, 7273, 32616, 142, 797 },
    { 27160, 5180, 32638, 99, 939 },
    { 32340, 7732, 25379, 174, 1038 },
    { 40072, 132, 196, 1, 1212 },
    { 40204, 102, 124, 3, 1213 },
};

static const EpdKernClassEntry arabic_14_regularKernLeftClasses[] = {
    { 0x0660, 1 }, // U+0660
    { 0x0662, 2 }, // U+0662
    { 0x0664, 3 }, // U+0664
    { 0x0665, 4 }, // U+0665
    { 0x0667, 5 }, // U+0667
    { 0x0692, 6 }, // U+0692
    { 0x0693, 6 }, // U+0693
    { 0x0695, 6 }, // U+0695
    { 0x06EF, 6 }, // U+06EF
    { 0x06F1, 7 }, // U+06F1
    { 0x06F2, 2 }, // U+06F2
    { 0x06F3, 2 }, // U+06F3
    { 0x06F4, 2 }, // U+06F4
    { 0x06F5, 8 }, // U+06F5
    { 0x06F7, 9 }, // U+06F7
    { 0x06F8, 10 }, // U+06F8
    { 0x075B, 6 }, // U+075B
    { 0xFB8C, 6 }, // U+FB8C
    { 0xFEAD, 6 }, // U+FEAD
    { 0xFEAE, 6 }, // U+FEAE
    { 0xFEAF, 6 }, // U+FEAF
};

static const EpdKernClassEntry arabic_14_regularKernRightClasses[] = {
    { 0x0647, 1 }, // U+0647
    { 0x0660, 2 }, // U+0660
    { 0x0665, 3 }, // U+0665
    { 0x0666, 4 }, // U+0666
    { 0x0667, 5 }, // U+0667
    { 0x066F, 6 }, // U+066F
    { 0x06A1, 6 }, // U+06A1
    { 0x06AA, 1 }, // U+06AA
    { 0x06F5, 7 }, // U+06F5
    { 0x06F8, 8 }, // U+06F8
    { 0x06F9, 9 }, // U+06F9
    { 0xFB8E, 1 }, // U+FB8E
    { 0xFBA6, 1 }, // U+FBA6
    { 0xFBAA, 1 }, // U+FBAA
    { 0xFE8D, 10 }, // U+FE8D
    { 0xFEA3, 1 }, // U+FEA3
    { 0xFEA9, 6 }, // U+FEA9
    { 0xFEB1, 6 }, // U+FEB1
    { 0xFEB3, 6 }, // U+FEB3
    { 0xFEB9, 6 }, // U+FEB9
    { 0xFEBB, 6 }, // U+FEBB
    { 0xFEC1, 6 }, // U+FEC1
    { 0xFEC3, 6 }, // U+FEC3
    { 0xFECB, 10 }, // U+FECB
    { 0xFEDB, 1 }, // U+FEDB
    { 0xFEDF, 10 }, // U+FEDF
    { 0xFEE1, 1 }, // U+FEE1
    { 0xFEE3, 1 }, // U+FEE3
    { 0xFEE9, 1 }, // U+FEE9
    { 0xFEEB, 1 }, // U+FEEB
};

static const int8_t arabic_14_regularKernMatrix[] = {
       0,    0,    0,  -33,   -9,    0,    0,   -9,    0,    0,
       0,  -23,  -51,    0,    0,    0,  -23,  -23,    9,    0,
       0,    0,    0,  -21,  -14,    0,    0,    0,    0,    0,
       0,    0,    0,  -28,  -14,    0,    0,    0,    0,    0,
       0,   -9,  -14,   12,    0,    0,    0,  -21,    9,    0,
     -19,    0,    0,    0,    0,  -14,    0,    0,    0,  -12,
       0,    0,    0,   -9,    0,    0,    0,    0,    0,    0,
       0,    0,    0,  -28,    0,    0,    0,    0,    0,    0,
       0,    0,    0,   12,    0,    0,    0,  -21,    0,    0,
       0,   -9,    0,  -30,  -19,    0,    0,    0,   -9,    0,
};

static const EpdFontData arabic_14_regular = {
    arabic_14_regularBitmaps,
    arabic_14_regularGlyphs,
    arabic_14_regularIntervals,
    16,
    40,
    32,
    -9,
    true,
    arabic_14_regularGroups,
    8,
    nullptr,
    arabic_14_regularKernLeftClasses,
    arabic_14_regularKernRightClasses,
    arabic_14_regularKernMatrix,
    21,
    30,
    10,
    10,
    nullptr,
    0,
};
