/**
 * generated by fontconvert.py
 * name: arabic_12_bold
 * size: 12
 * mode: 2-bit  compressed: true
 * Command used: C:\Users\fatiha\Documents\side\lib\EpdFont\scripts\fontconvert.py arabic_12_bold 12 C:\Users\fatiha\Documents\side\lib\EpdFont\builtinFonts\source\NotoSansArabic\NotoSansArabic-Bold.ttf C:\Users\fatiha\Documents\side\lib\EpdFont\builtinFonts\source\NotoSans\NotoSans-Bold.ttf --only-additional-intervals --2bit --compress --pnum --group-max-uncompressed-bytes 32768 --additional-intervals 0x0600,0x06FF --additional-intervals 0x0750,0x077F --additional-intervals 0x0870,0x08FF --additional-intervals 0x10EC0,0x10EFF --additional-intervals 0x1EE00,0x1EEFF --additional-intervals 0xFB50,0xFDFF --additional-intervals 0xFE70,0xFEFF --additional-intervals 0xFFFD,0xFFFD
 */
#pragma once
#include "EpdFontData.h"

static const uint8_t arabic_12_boldBitmaps[38956] = {
    0xE5, 0x3D, 0x6D, 0x8C, 0xDC, 0xD6, 0x71, 0x43, 0xF2, 0xF6, 0x18, 0x89, 0x96, 0x78, 0x0E, 0x4E,
    0x86, 0x65, 0x59, 0xA2, 0x0B, 0xA8, 0xED, 0x39, 0x96, 0x8E, 0xFE, 0x21, 0x20, 0xE7, 0xE4, 0xEE,
    0xC8, 0x8B, 0x9B, 0xF8, 0x47, 0x01, 0xEB, 0x1A, 0xE8, 0x1C, 0x20, 0x4E, 0x2B, 0xFD, 0x10, 0xD0,
    0xC4, 0xF9, 0x90, 0x52, 0x28, 0x88, 0x5A, 0x4B, 0x22, 0x25, 0x03, 0x4D, 0x5B, 0xA3, 0xF1, 0x25,
    0x85, 0xFF, 0x05, 0xED, 0x01, 0x55, 0x0A, 0x5B, 0x76, 0xAB, 0x73, 0xA0, 0xC6, 0x4A, 0x72, 0x12,
    0x19, 0x1B, 0xAD, 0x80, 0x0A, 0xB1, 0x19, 0x3B, 0x4E, 0x7E, 0x08, 0x89, 0xE9, 0x48, 0xAE, 0x1A,
    0xBB, 0x88, 0x68, 0x8B, 0xB6, 0x57, 0x3A, 0xEE, 0xB2, 0x33, 0xF3, 0x1E, 0x77, 0xB9, 0x77, 0xAB,
    0xD3, 0xDD, 0xE9, 0xBE, 0x94, 0xEE, 0x72, 0x1F, 0x3F, 0x96, 0x7C, 0x33, 0xEF, 0xBD, 0x79, 0x33,
    0xF3, 0x66, 0xE6, 0x3D, 0x02, 0xD0, 0xA7, 0x8B, 0x53, 0xD0, 0x12, 0xB1, 0xB7, 0xE4, 0xDE, 0x91,
    0x7B, 0xCF, 0x15, 0xFB, 0x60, 0x08, 0xBC, 0x9C, 0x3F, 0x8D, 0xBD, 0xC3, 0xBB, 0x3A, 0x4C, 0xFF,
    0x74, 0xDB, 0xCA, 0x30, 0xEE, 0xD6, 0x7D, 0x01, 0x26, 0x9C, 0xD7, 0xC5, 0xDD, 0xEE, 0x44, 0x2E,
    0x3F, 0x61, 0x30, 0xD9, 0x38, 0x4A, 0x32, 0xBE, 0xDF, 0xF0, 0x9D, 0x50, 0x3C, 0x69, 0x42, 0x45,
    0xE6, 0xB1, 0xB6, 0x9C, 0xE1, 0xB0, 0xFC, 0x57, 0x02, 0x73, 0x72, 0x81, 0x95, 0x17, 0xF8, 0xBC,
    0x3F, 0x65, 0x8A, 0x7D, 0xB0, 0x53, 0xEC, 0x0B, 0x0C, 0x6D, 0xB9, 0xEF, 0x94, 0xFB, 0x6B, 0x7D,
    0x64, 0x76, 0x77, 0x6B, 0xB9, 0x40, 0xC3, 0x31, 0xF3, 0x48, 0x64, 0x64, 0x3F, 0x11, 0xAF, 0x1B,
    0xC1, 0x4F, 0x1E, 0x58, 0x91, 0x57, 0xA0, 0x5D, 0x1C, 0xB8, 0x5C, 0x03, 0x17, 0xF3, 0x2B, 0x30,
    0x8B, 0x8F, 0x11, 0x96, 0xCF, 0xAC, 0xA8, 0x7C, 0x66, 0xC6, 0xCD, 0x63, 0xF5, 0x82, 0x29, 0xAB,
    0x1E, 0x3A, 0x63, 0xD0, 0xAA, 0x46, 0x71, 0x66, 0xD7, 0x41, 0x4B, 0xF5, 0xE2, 0x2C, 0xC8, 0x23,
    0xBD, 0x79, 0x96, 0x07, 0x55, 0xB3, 0x71, 0xA7, 0x92, 0x99, 0x84, 0x57, 0xE3, 0x4C, 0xA5, 0xB3,
    0xA8, 0x38, 0x03, 0xA7, 0x4E, 0xD5, 0x77, 0x5B, 0x40, 0x57, 0x6B, 0xD0, 0x79, 0xB4, 0xF3, 0x68,
    0x51, 0x4F, 0xB2, 0x1A, 0x02, 0x79, 0x16, 0xC9, 0xBA, 0x7E, 0x0B, 0xCB, 0xFF, 0x48, 0x20, 0xD0,
    0xBF, 0x4F, 0xDC, 0xA2, 0x4A, 0xAA, 0x78, 0x5A, 0xEC, 0xF4, 0xFC, 0x0A, 0x5E, 0xB8, 0x2D, 0x31,
    0xC5, 0x83, 0x89, 0xCC, 0x2F, 0x75, 0x86, 0x28, 0xAF, 0xBA, 0x6B, 0x03, 0x7C, 0xF6, 0xD8, 0x77,
    0xDD, 0x66, 0x21, 0x95, 0x5B, 0x5D, 0x30, 0x3F, 0x1A, 0x76, 0x9B, 0x41, 0xE8, 0x99, 0x58, 0x8F,
    0x86, 0x0F, 0xF6, 0xE3, 0x2E, 0x58, 0xFF, 0x81, 0x75, 0x11, 0x55, 0x76, 0xE8, 0xB1, 0x59, 0xD3,
    0x12, 0xBB, 0xA6, 0x56, 0x9D, 0x1D, 0x4A, 0x76, 0x0A, 0xA0, 0x86, 0x74, 0x12, 0xA4, 0x82, 0x2A,
    0x6D, 0xC4, 0xCB, 0x42, 0x6C, 0x4C, 0xCC, 0xCF, 0xA0, 0xBC, 0x28, 0x43, 0x3C, 0xD6, 0xE9, 0x1A,
    0xD2, 0x1E, 0xD2, 0x82, 0x87, 0xFF, 0x39, 0xE6, 0x30, 0xE6, 0x19, 0x8B, 0x5B, 0xE7, 0x95, 0x27,
    0x23, 0xEA, 0x97, 0x5B, 0xE8, 0x11, 0xE0, 0xB6, 0x51, 0xF3, 0x88, 0xEB, 0xDA, 0xC8, 0x13, 0x6E,
    0x01, 0x2B, 0xAF, 0x6A, 0x29, 0xB5, 0xD0, 0x8B, 0x99, 0x96, 0x2A, 0x27, 0xC1, 0x39, 0x8C, 0x7B,
    0x1B, 0x8B, 0xF5, 0x5A, 0x7D, 0x67, 0xEA, 0x09, 0x32, 0x4C, 0x82, 0x3A, 0x50, 0xF5, 0x44, 0x47,
    0xEB, 0xF8, 0x3C, 0xF5, 0x1A, 0xDC, 0xB4, 0x2A, 0xB5, 0x1D, 0x66, 0x44, 0x4F, 0x07, 0x11, 0x78,
    0x09, 0x57, 0xF8, 0x71, 0x26, 0x43, 0x4B, 0x52, 0xAC, 0x9E, 0xE7, 0x55, 0xC6, 0xE1, 0x8B, 0xBF,
    0x69, 0xD4, 0xE0, 0x46, 0xC0, 0x4B, 0xDE, 0x10, 0x96, 0xC0, 0x7B, 0x0C, 0x9F, 0x5D, 0xCB, 0x68,
    0x98, 0xD4, 0x60, 0x54, 0x0A, 0x70, 0xE8, 0x46, 0x8F, 0x6E, 0x3C, 0x4D, 0x09, 0x75, 0x32, 0xB5,
    0x5A, 0x74, 0x72, 0x83, 0x8A, 0x62, 0x86, 0xE3, 0x1B, 0xC1, 0x3A, 0x92, 0x79, 0xAE, 0x33, 0x54,
    0x73, 0x42, 0x0F, 0xF6, 0x99, 0xB0, 0xAA, 0xD9, 0x3E, 0x9C, 0xBF, 0x00, 0x20, 0x20, 0x48, 0x10,
    0x02, 0x86, 0x00, 0x22, 0xA0, 0x08, 0x30, 0x02, 0x0E, 0x03, 0x12, 0x90, 0x24, 0x3F, 0x61, 0x58,
    0x0C, 0x4C, 0x0B, 0x09, 0xDA, 0xF6, 0x84, 0xC0, 0x9D, 0x4D, 0x08, 0x9E, 0x1A, 0x49, 0x80, 0x1D,
    0x98, 0x15, 0xE7, 0xE6, 0xF0, 0x31, 0x31, 0x0E, 0xAC, 0x95, 0x48, 0xCB, 0x53, 0x33, 0xCF, 0xCC,
    0x57, 0x32, 0x2B, 0xAC, 0xD9, 0x61, 0xDD, 0xCA, 0xEB, 0x66, 0x5E, 0xD7, 0xB1, 0xE6, 0x1E, 0xAA,
    0x8D, 0x3C, 0x9C, 0x21, 0x75, 0x61, 0x65, 0xCA, 0xAE, 0x87, 0x3C, 0xEC, 0x24, 0xC0, 0x04, 0xC0,
    0x01, 0xDE, 0x18, 0x45, 0xCC, 0x6D, 0x10, 0xB9, 0x97, 0x17, 0xDA, 0x84, 0xE6, 0x66, 0x80, 0x83,
    0x54, 0xD5, 0x5A, 0x0D, 0xF4, 0x94, 0x5A, 0x11, 0x8B, 0xE0, 0xF8, 0x04, 0xB1, 0x02, 0x05, 0x54,
    0x55, 0x50, 0xBC, 0x99, 0xA7, 0x82, 0xEE, 0xB9, 0x34, 0xDE, 0x63, 0xBC, 0x0B, 0x94, 0xF2, 0xCE,
    0x7B, 0x25, 0x03, 0xE5, 0xB4, 0x64, 0x80, 0x20, 0xA8, 0x1E, 0x14, 0xA2, 0xF5, 0x0B, 0x48, 0x32,
    0x9F, 0xFD, 0x2E, 0xB1, 0x2B, 0x0F, 0x8B, 0xAE, 0x51, 0x27, 0x34, 0x73, 0x3C, 0xB2, 0xDF, 0xC3,
    0x6B, 0xCC, 0xE4, 0x1C, 0xA2, 0x28, 0x3B, 0x44, 0xB0, 0xD6, 0x7B, 0xD4, 0xF4, 0xD4, 0xC8, 0x2A,
    0x75, 0x3D, 0x8D, 0xC0, 0x9B, 0x94, 0xBF, 0x4D, 0xB5, 0x86, 0x8D, 0x12, 0x83, 0xA7, 0x63, 0x17,
    0x0D, 0x90, 0x7E, 0x20, 0x08, 0xDE, 0x0C, 0xFC, 0x00, 0x69, 0x29, 0xF4, 0x32, 0x4C, 0x90, 0x68,
    0x1D, 0xDF, 0xAE, 0x1F, 0x63, 0x1E, 0x54, 0x27, 0x86, 0x57, 0x05, 0x6F, 0x75, 0xDD, 0x95, 0xEC,
    0x73, 0x2B, 0xDC, 0x95, 0xBB, 0x1F, 0x3F, 0x83, 0x7F, 0xC2, 0xE0, 0x51, 0xE8, 0x13, 0x5C, 0xFE,
    0xC0, 0x5D, 0xD5, 0xBE, 0xD8, 0xA9, 0x0F, 0x1E, 0xED, 0xC3, 0xD3, 0xBB, 0x57, 0x79, 0x2F, 0x99,
    0xDF, 0xEC, 0x5F, 0xFB, 0x5C, 0xF6, 0x5C, 0xBC, 0x1A, 0x60, 0xD5, 0xD6, 0xCD, 0xDD, 0xF9, 0x81,
    0x8F, 0xBD, 0xF8, 0xAC, 0x93, 0xF7, 0x0F, 0x3E, 0x7D, 0xB2, 0x4F, 0x4B, 0xBA, 0x14, 0xEE, 0x06,
    0xC6, 0x97, 0xBC, 0xBC, 0xFA, 0xC8, 0xD3, 0xA3, 0x77, 0xC2, 0x9D, 0xB0, 0xA9, 0x6A, 0x65, 0xBD,
    0x1B, 0x83, 0x6C, 0x4F, 0xAC, 0xFC, 0x04, 0x68, 0x7B, 0x89, 0xB6, 0xCE, 0x97, 0xC0, 0xFB, 0x26,
    0x60, 0x41, 0xEB, 0xCF, 0xC4, 0x1B, 0xF2, 0xD1, 0x35, 0xB0, 0x06, 0x3A, 0x41, 0x77, 0x35, 0x57,
    0x77, 0x3D, 0x6A, 0x96, 0x3D, 0x57, 0x5C, 0xC3, 0xB5, 0xA3, 0xBE, 0x78, 0x20, 0x36, 0x43, 0x87,
    0x5A, 0x62, 0x0F, 0x71, 0x0B, 0x3D, 0x31, 0x12, 0x33, 0xB1, 0x62, 0x3B, 0x72, 0x22, 0xA7, 0x85,
    0x37, 0xE2, 0x95, 0x04, 0xBF, 0x51, 0x45, 0x34, 0x8A, 0x6B, 0xE5, 0xB1, 0x93, 0xA7, 0xDE, 0x03,
    0xD9, 0x21, 0xA8, 0x1E, 0x62, 0x82, 0xC3, 0xFB, 0x91, 0x81, 0x62, 0x1F, 0xC4, 0x6E, 0xA7, 0x54,
    0x99, 0xEE, 0x70, 0xAB, 0x8D, 0x42, 0x90, 0x50, 0x97, 0xC6, 0xCA, 0x41, 0x86, 0x82, 0x0C, 0xC1,
    0x8C, 0xF4, 0xB0, 0x67, 0xF7, 0x44, 0x36, 0x31, 0xD1, 0xC5, 0x62, 0xAE, 0x13, 0xDB, 0xC7, 0x12,
    0x7C, 0x1B, 0x82, 0xAB, 0x75, 0x08, 0xC2, 0xDB, 0xC1, 0x0B, 0x05, 0x0B, 0xB0, 0x6A, 0xD4, 0xD5,
    0x10, 0x31, 0xEA, 0x7C, 0x84, 0xD0, 0x47, 0x64, 0xD7, 0xAF, 0x80, 0x38, 0xC7, 0xFE, 0xC9, 0x3F,
    0x3A, 0x16, 0x04, 0x63, 0x54, 0x05, 0xBB, 0x64, 0x34, 0x6B, 0xD4, 0x55, 0xEB, 0x5F, 0x22, 0x02,
    0x4A, 0x8A, 0x3E, 0xB2, 0x91, 0x53, 0x3B, 0xB4, 0x88, 0xCD, 0xF8, 0x66, 0x8E, 0x04, 0xE7, 0xAA,
    0x48, 0x5E, 0x58, 0x04, 0x3B, 0x23, 0xD1, 0xAA, 0x65, 0x44, 0x0F, 0x94, 0xC6, 0x60, 0xA7, 0xC8,
    0x28, 0x2E, 0x21, 0xB1, 0x18, 0xCC, 0x89, 0x15, 0xD1, 0xED, 0xEF, 0xB8, 0xEA, 0x36, 0x04, 0xA0,
    0xC6, 0xC4, 0x67, 0xFC, 0x69, 0x33, 0x15, 0x57, 0xC4, 0xBF, 0x81, 0xAB, 0xE7, 0x08, 0xC3, 0xB5,
    0xDE, 0x47, 0x88, 0xB4, 0x99, 0xD1, 0xB8, 0x91, 0xA7, 0x46, 0x5E, 0x0D, 0xB0, 0xF6, 0xEA, 0x04,
    0xA8, 0x4B, 0xCA, 0x1E, 0xAC, 0x80, 0xB0, 0xCB, 0x96, 0xDC, 0x44, 0x79, 0x0A, 0xD4, 0x8C, 0x04,
    0x43, 0xDB, 0x0D, 0x6A, 0x6D, 0xB6, 0x0D, 0x88, 0xFB, 0x09, 0x6C, 0x5B, 0x27, 0x0A, 0x7C, 0x82,
    0x7D, 0x87, 0x8F, 0x65, 0x9C, 0xF2, 0x35, 0xA3, 0xF2, 0x17, 0xBE, 0x4C, 0xCF, 0xA9, 0x31, 0x28,
    0x31, 0x89, 0x5B, 0xB5, 0xEE, 0x2A, 0xA3, 0x42, 0xD8, 0xB8, 0x5A, 0x1E, 0x23, 0x9A, 0xE6, 0x64,
    0xD5, 0x7E, 0x21, 0x73, 0x0E, 0xD7, 0x9C, 0x9F, 0xD7, 0xEC, 0xBC, 0x86, 0x3D, 0x5F, 0xC7, 0x0E,
    0x88, 0x35, 0xEC, 0x25, 0x4E, 0x1E, 0xA1, 0xC4, 0x72, 0xAA, 0xB0, 0xDE, 0x45, 0xCE, 0x10, 0x60,
    0xED, 0x4D, 0xF9, 0xBA, 0xCE, 0x94, 0x2F, 0x56, 0x8F, 0xEB, 0xF8, 0xFB, 0xA1, 0x1F, 0xBB, 0x92,
    0x17, 0x6D, 0x66, 0xEE, 0xC0, 0x95, 0x85, 0xF9, 0x69, 0x21, 0xB5, 0x98, 0x16, 0x52, 0x8B, 0x29,
    0x39, 0xB5, 0x98, 0x56, 0xA3, 0x16, 0x53, 0xDD, 0x85, 0x6C, 0xB1, 0xD9, 0xE2, 0xD9, 0xFC, 0x7C,
    0x19, 0xD6, 0xD3, 0xAE, 0x0E, 0x36, 0xD1, 0x5D, 0x50, 0xF0, 0x70, 0xDE, 0xC9, 0x7B, 0x71, 0x17,
    0x72, 0x95, 0x39, 0xC8, 0xF6, 0x36, 0xE4, 0x2C, 0x21, 0xB0, 0xF3, 0x13, 0x74, 0x82, 0x1C, 0x08,
    0x09, 0xAE, 0x3C, 0xF2, 0xA4, 0x3B, 0x5D, 0xFD, 0x90, 0xD5, 0x2D, 0xD5, 0x3C, 0xB9, 0x53, 0xA4,
    0x56, 0x60, 0x7C, 0x23, 0x34, 0x5F, 0x8E, 0xCD, 0xB3, 0x91, 0xA2, 0x14, 0x8F, 0xA6, 0xC4, 0x2A,
    0xB5, 0x1C, 0x5B, 0x27, 0x32, 0xF3, 0xC4, 0x3A, 0x9B, 0x3A, 0xF7, 0x67, 0x8E, 0x92, 0x79, 0xB8,
    0x9D, 0xAB, 0x62, 0x77, 0xC4, 0x4E, 0xD9, 0x99, 0xB7, 0xC0, 0x19, 0xB4, 0x84, 0xCA, 0x24, 0x8A,
    0xE5, 0x38, 0x82, 0xB7, 0x77, 0x2C, 0x5A, 0xC1, 0x94, 0xD6, 0xA2, 0x88, 0xDD, 0xAA, 0xF5, 0x50,
    0x82, 0x6E, 0x2F, 0x16, 0x12, 0x95, 0x1D, 0x2C, 0x21, 0x88, 0x1B, 0xA0, 0x7A, 0x43, 0x82, 0xA0,
    0x06, 0x5D, 0x4A, 0x40, 0xEA, 0xE9, 0x9E, 0x3A, 0x31, 0x75, 0xCC, 0xC2, 0xAB, 0x11, 0x5B, 0x20,
    0x3E, 0x54, 0x2B, 0x98, 0x82, 0x2D, 0x84, 0xF3, 0x56, 0x02, 0x1D, 0x10, 0x1A, 0x9C, 0x6C, 0xA5,
    0x84, 0xD0, 0xF1, 0x85, 0xDE, 0xBD, 0x0A, 0x41, 0x3F, 0x93, 0x93, 0xDC, 0xCF, 0x89, 0xA6, 0x30,
    0xBF, 0x3B, 0xEA, 0xA3, 0x37, 0x08, 0xB2, 0x10, 0xD4, 0x41, 0x6B, 0x32, 0x33, 0x48, 0x56, 0xAB,
    0x40, 0x23, 0x69, 0xC4, 0xFA, 0x8E, 0x50, 0x01, 0x8A, 0x36, 0x58, 0x0E, 0x84, 0x50, 0xEF, 0xC4,
    0xFE, 0x89, 0xF2, 0x11, 0xB3, 0xD2, 0xAB, 0xCC, 0xB7, 0x6A, 0xAC, 0x41, 0xE5, 0x6B, 0x1F, 0xCA,
    0xED, 0x1C, 0x35, 0xDB, 0x6C, 0x83, 0x90, 0xE2, 0x5D, 0x42, 0x24, 0x70, 0xDA, 0x55, 0xE8, 0xAC,
    0xB3, 0x7C, 0x16, 0xC5, 0x9E, 0xE5, 0x12, 0x9F, 0xB7, 0x59, 0xCE, 0xA0, 0xEE, 0x27, 0xB7, 0x88,
    0x2E, 0xE6, 0xBE, 0x8E, 0xD2, 0x23, 0x23, 0x65, 0x0D, 0x8B, 0xD1, 0x2D, 0x65, 0x96, 0x4B, 0x6C,
    0xC1, 0x76, 0x1B, 0xC3, 0x97, 0xF9, 0x64, 0x42, 0x12, 0xAA, 0x38, 0x08, 0x1A, 0x07, 0x2E, 0x67,
    0x56, 0x11, 0x8A, 0x83, 0xE7, 0x9A, 0x11, 0x1F, 0x20, 0x73, 0x0A, 0xED, 0x70, 0x23, 0x89, 0x23,
    0x0B, 0x0F, 0x98, 0xE3, 0x3B, 0xB8, 0xC3, 0x3F, 0xAD, 0xF7, 0x50, 0x57, 0x08, 0x31, 0x5B, 0x56,
    0x4C, 0x50, 0x08, 0xE3, 0x41, 0x9D, 0x94, 0x04, 0xAC, 0x80, 0x4B, 0xA9, 0x97, 0xB2, 0xE2, 0x23,
    0x34, 0xB8, 0x18, 0xC4, 0x08, 0xCA, 0x46, 0x9D, 0x53, 0xE8, 0xB9, 0xB9, 0x50, 0x7B, 0x48, 0x25,
    0x91, 0x83, 0x92, 0x0D, 0x6D, 0x87, 0x37, 0x03, 0xC5, 0xC1, 0xA1, 0xA9, 0x57, 0xD4, 0x23, 0x52,
    0x70, 0xEA, 0x17, 0x65, 0x0E, 0xDA, 0xC5, 0x62, 0xB4, 0xE3, 0xBA, 0x2B, 0xBE, 0x80, 0x7A, 0x31,
    0xA0, 0xF5, 0x58, 0x0B, 0x57, 0xE8, 0xC6, 0x44, 0x20, 0x96, 0x1F, 0x4F, 0x19, 0x31, 0x27, 0xD5,
    0xAA, 0x8C, 0x58, 0xE0, 0x6B, 0x55, 0x42, 0xEC, 0xA7, 0x75, 0xD4, 0x2A, 0x09, 0xB1, 0xC9, 0xAC,
    0x12, 0x24, 0x05, 0x62, 0x11, 0x23, 0xC6, 0x18, 0x22, 0x62, 0xE7, 0x48, 0x39, 0x64, 0xC4, 0x2A,
    0xC3, 0x8C, 0x58, 0x2E, 0x11, 0x0B, 0x04, 0x62, 0xC6, 0x74, 0xC4, 0xEE, 0xF8, 0x4D, 0x4B, 0x95,
    0x17, 0x1D, 0xAF, 0x18, 0xAA, 0x43, 0x63, 0xF8, 0xD7, 0xB8, 0x02, 0xEE, 0x35, 0xC7, 0x9F, 0x2B,
    0xB1, 0x5C, 0xEB, 0xA0, 0x39, 0x8E, 0xB8, 0x66, 0xEA, 0x97, 0x53, 0x56, 0xC0, 0x1E, 0x27, 0x7E,
    0xCC, 0xFC, 0x86, 0x46, 0xA7, 0x08, 0xC6, 0xA9, 0x13, 0x39, 0x39, 0x2C, 0xA6, 0x9D, 0x08, 0xFB,
    0xF4, 0xEF, 0x07, 0xE1, 0xC3, 0x75, 0xD6, 0xCF, 0x33, 0x36, 0x06, 0xC4, 0x94, 0x52, 0x05, 0x54,
    0x46, 0xA6, 0xC3, 0x25, 0x45, 0x08, 0x99, 0xBF, 0xDF, 0x3C, 0xAE, 0x2C, 0x12, 0xDC, 0x29, 0x63,
    0x82, 0xAB, 0xA3, 0xB3, 0x1B, 0x13, 0xD4, 0x9A, 0x63, 0x82, 0xC2, 0x22, 0xD3, 0x96, 0x6D, 0xC6,
    0xF0, 0x21, 0xAC, 0xF7, 0x67, 0x84, 0xCC, 0x6A, 0xE1, 0xE3, 0xAC, 0xF6, 0xF9, 0x05, 0xF7, 0xE5,
    0xA3, 0x4A, 0x2B, 0x79, 0x2C, 0x2B, 0x6A, 0xC2, 0xF2, 0x43, 0x54, 0xB9, 0x93, 0xC9, 0xF9, 0x35,
    0x4E, 0xC3, 0x5D, 0x4D, 0x22, 0xF7, 0xAA, 0x3C, 0x12, 0xE6, 0x51, 0x76, 0x9D, 0xA0, 0x08, 0x5A,
    0x12, 0x1A, 0x08, 0x12, 0xF4, 0x7A, 0x96, 0x1A, 0x28, 0xDC, 0x71, 0x00, 0x85, 0xED, 0xAA, 0xE6,
    0xDC, 0xBA, 0x01, 0x4B, 0x76, 0x27, 0x74, 0x58, 0xA7, 0x23, 0xB9, 0xEE, 0x85, 0x2C, 0xD6, 0x43,
    0x43, 0xD8, 0x83, 0x50, 0xA8, 0xA7, 0x24, 0xD3, 0x77, 0x48, 0x24, 0x96, 0x1E, 0x22, 0x7E, 0xBE,
    0x45, 0xD5, 0xA0, 0x5E, 0x26, 0xA8, 0xCA, 0xBB, 0x31, 0x34, 0xC6, 0xA3, 0x4E, 0x29, 0xED, 0x68,
    0xDE, 0x7E, 0x52, 0x0E, 0xB5, 0x51, 0x97, 0x55, 0x7F, 0xC5, 0xBA, 0xEC, 0xE3, 0xA4, 0xCB, 0x6A,
    0xF7, 0x3F, 0xB0, 0x68, 0xA3, 0x0F, 0x82, 0x85, 0x3A, 0x22, 0xC2, 0x32, 0x5F, 0xFE, 0x35, 0xC2,
    0x32, 0xCF, 0xFE, 0x02, 0x61, 0x29, 0xCA, 0xF6, 0xC5, 0x80, 0x45, 0x1F, 0x31, 0x88, 0x3F, 0x25,
    0x8F, 0xA9, 0xA4, 0x47, 0x68, 0xF0, 0x6B, 0x9C, 0x7B, 0x05, 0xA1, 0xEB, 0xE7, 0xCE, 0x10, 0xF4,
    0xA1, 0x85, 0x2F, 0xE9, 0xC8, 0x08, 0x60, 0x4B, 0xF1, 0xE6, 0x37, 0xC5, 0xB8, 0x30, 0x61, 0x94,
    0xCD, 0x76, 0xF2, 0x4C, 0x69, 0xE9, 0x41, 0x15, 0x81, 0xBE, 0x93, 0x0A, 0x8B, 0x5C, 0x8D, 0x69,
    0x58, 0x98, 0x70, 0xB4, 0x34, 0x20, 0x7A, 0xD1, 0x91, 0x85, 0x22, 0xC1, 0x18, 0x09, 0xB2, 0x5A,
    0x97, 0xC0, 0xD3, 0x4E, 0x13, 0x3B, 0x85, 0x76, 0x98, 0xED, 0x3A, 0x8F, 0xF5, 0xCF, 0x4A, 0xAB,
    0xFE, 0x99, 0x09, 0xFD, 0x33, 0x9A, 0xA2, 0x04, 0xAB, 0x09, 0x56, 0x81, 0xF6, 0x3E, 0xE2, 0xAF,
    0xBD, 0x43, 0x60, 0xDD, 0xE1, 0x06, 0x32, 0x20, 0x2C, 0x4A, 0x98, 0x7D, 0x4A, 0x64, 0x8C, 0x19,
    0x98, 0xBF, 0xAE, 0xAD, 0x45, 0xCC, 0xEB, 0x34, 0x54, 0xCB, 0x1D, 0x1F, 0xB3, 0x77, 0x90, 0xF5,
    0xE7, 0x1E, 0xFE, 0x5B, 0xC7, 0x2A, 0xFA, 0x42, 0x0D, 0x6B, 0x48, 0xCD, 0xB0, 0x82, 0xAC, 0x2A,
    0x1B, 0xAC, 0x88, 0xC5, 0xE3, 0x28, 0x89, 0x0A, 0x72, 0xC7, 0x31, 0xB7, 0x54, 0x44, 0x61, 0x03,
    0x12, 0x16, 0x31, 0x4E, 0xC7, 0x28, 0xD5, 0x13, 0x4A, 0xCD, 0x98, 0xD3, 0x90, 0xF4, 0x45, 0x33,
    0x32, 0x92, 0xF5, 0x28, 0x9B, 0x8C, 0xC4, 0xF6, 0x69, 0xB4, 0x8F, 0x3C, 0x56, 0xA4, 0x3E, 0xA5,
    0xDD, 0x54, 0x0F, 0x64, 0x72, 0x4B, 0xB8, 0x97, 0xC4, 0x5C, 0xDC, 0x88, 0x4B, 0xEB, 0x53, 0x61,
    0xAF, 0x70, 0x59, 0x9B, 0x85, 0x61, 0x06, 0x63, 0xCF, 0x98, 0x58, 0x6D, 0x93, 0x8D, 0x94, 0x90,
    0x12, 0xC6, 0xAA, 0x03, 0xA9, 0x0D, 0x56, 0xE8, 0x81, 0x48, 0x58, 0x9D, 0x40, 0x8C, 0x88, 0x77,
    0xDB, 0xF5, 0xE3, 0x6C, 0xA2, 0xAB, 0x4A, 0x49, 0xD5, 0x90, 0x52, 0xC8, 0x1A, 0x55, 0x1A, 0x8B,
    0x62, 0x63, 0x98, 0x57, 0x51, 0x27, 0x0D, 0x89, 0xA5, 0xE1, 0x73, 0x15, 0x8F, 0xAA, 0x27, 0x34,
    0xA9, 0xE5, 0x48, 0x18, 0x86, 0x0A, 0x73, 0xBC, 0xF2, 0xCF, 0x93, 0x62, 0x86, 0x7F, 0xBE, 0x40,
    0x73, 0x7D, 0xB3, 0xF9, 0xA8, 0xCD, 0xD8, 0x06, 0xC8, 0xE6, 0xC3, 0xB2, 0xF0, 0xB6, 0x1A, 0xFC,
    0xD3, 0xF1, 0x59, 0x24, 0x0B, 0xFD, 0x47, 0x16, 0xC0, 0x8C, 0x5A, 0x0B, 0x10, 0x3A, 0xB1, 0x92,
    0xBB, 0x2C, 0x72, 0x59, 0xBF, 0x29, 0x17, 0xC0, 0x2F, 0x00, 0xB1, 0x02, 0xC0, 0x16, 0x6E, 0x93,
    0xF8, 0xBC, 0x7D, 0x89, 0xC4, 0x98, 0x81, 0x3D, 0x00, 0x93, 0x10, 0x9C, 0xED, 0xAF, 0x23, 0x37,
    0xCB, 0xCF, 0x24, 0x9B, 0xAD, 0xFC, 0x81, 0x94, 0x24, 0x58, 0xC2, 0x02, 0xCC, 0xAB, 0xEF, 0x6C,
    0xF4, 0x85, 0x39, 0x8F, 0xD6, 0x97, 0xD6, 0x46, 0xB2, 0xA4, 0xB0, 0x9A, 0x9F, 0xD5, 0xAB, 0xB9,
    0x99, 0x76, 0x86, 0x8D, 0x54, 0x5C, 0xC1, 0xDE, 0x19, 0xC4, 0x55, 0x99, 0x0A, 0x16, 0xEE, 0xB9,
    0xDD, 0x97, 0xC3, 0x53, 0x97, 0xC3, 0x4D, 0x9E, 0x6F, 0x9E, 0x06, 0xF3, 0x02, 0xB4, 0xBB, 0xAF,
    0x74, 0xA4, 0xA5, 0xC6, 0x84, 0xB9, 0x45, 0x9F, 0xD0, 0x13, 0xCF, 0xEF, 0x2A, 0xFF, 0x73, 0xE7,
    0x87, 0x7F, 0xF2, 0x17, 0xBF, 0x7C, 0x34, 0x73, 0xBA, 0xD8, 0xD2, 0x11, 0x6D, 0x8B, 0xB7, 0xC5,
    0x4E, 0xC4, 0xAA, 0xB5, 0x7D, 0x18, 0x59, 0x98, 0xDB, 0x75, 0x90, 0x7D, 0x2A, 0xFD, 0xD0, 0x0F,
    0x56, 0xE2, 0x44, 0x9B, 0xA7, 0x9C, 0x0D, 0xA7, 0x69, 0x8A, 0xF9, 0x74, 0xA8, 0x35, 0xF3, 0x67,
    0x4E, 0xD4, 0x97, 0x0C, 0xC4, 0x54, 0x2F, 0xC3, 0xA3, 0xE3, 0xD1, 0x8F, 0x88, 0xBC, 0x60, 0xDD,
    0x0E, 0x8F, 0x75, 0xB6, 0xF1, 0xF1, 0x13, 0xF1, 0x60, 0x68, 0xF9, 0x64, 0x16, 0x37, 0x51, 0xD6,
    0x7D, 0x3C, 0x1C, 0x8F, 0xC7, 0xC6, 0x88, 0x84, 0x3D, 0xD7, 0x43, 0xAE, 0xB5, 0x0A, 0x36, 0xE1,
    0xA0, 0xF9, 0xAB, 0xD1, 0x5F, 0x21, 0x15, 0x1A, 0x19, 0x7C, 0x7E, 0x3F, 0x4C, 0xEC, 0xFD, 0x83,
    0xD8, 0xF4, 0x0F, 0xC2, 0xF9, 0xE8, 0xB1, 0x48, 0x71, 0x61, 0x87, 0x5A, 0xD5, 0x7C, 0xCD, 0xBF,
    0xED, 0xAD, 0xBC, 0xFE, 0xE1, 0x51, 0x32, 0xAD, 0x93, 0xE5, 0xD2, 0x8A, 0x74, 0xAE, 0x43, 0x9B,
    0x6C, 0x24, 0x94, 0x8F, 0xEF, 0xB0, 0x82, 0x6F, 0x45, 0x16, 0xD9, 0x8A, 0x62, 0xFE, 0x22, 0xA7,
    0x90, 0xFE, 0x8C, 0x5E, 0xB8, 0x0F, 0xEF, 0xF3, 0xDC, 0xBA, 0x97, 0xD7, 0x70, 0x8C, 0xE6, 0xE4,
    0x89, 0xFD, 0x1A, 0x0F, 0xAA, 0xC4, 0xB8, 0x4A, 0x6C, 0xC5, 0xE8, 0xCA, 0x88, 0xA5, 0xCD, 0x59,
    0x00, 0x50, 0xC3, 0xC0, 0x38, 0x1B, 0x79, 0xDB, 0xCF, 0xC4, 0xCE, 0xEB, 0xAF, 0x23, 0x69, 0x92,
    0x25, 0x31, 0x0F, 0xED, 0xDA, 0x69, 0xEE, 0x89, 0x54, 0x68, 0xE2, 0xE8, 0xC4, 0xD0, 0x04, 0xF3,
    0x12, 0x3F, 0xCA, 0x81, 0x80, 0x37, 0x5C, 0x2F, 0x2C, 0x85, 0x90, 0x2A, 0x50, 0xDD, 0x21, 0x65,
    0xCF, 0xA7, 0x9E, 0xE9, 0xFD, 0x11, 0x38, 0x19, 0x09, 0x7F, 0x93, 0xA9, 0x05, 0x89, 0x87, 0x06,
    0xF3, 0x7F, 0xB2, 0x2B, 0xC8, 0xAB, 0x88, 0xA5, 0x91, 0x73, 0xE3, 0x76, 0x23, 0xD9, 0x84, 0x3A,
    0xF1, 0xD2, 0xAA, 0xFD, 0x6A, 0xE6, 0xB8, 0x35, 0x0F, 0xEA, 0x8D, 0xCD, 0xB9, 0x88, 0x7D, 0x27,
    0xC3, 0xCE, 0xA8, 0x8A, 0x1E, 0x36, 0x78, 0xEC, 0x29, 0x54, 0x17, 0x33, 0x24, 0xE0, 0x0C, 0x36,
    0x10, 0xC7, 0x56, 0x4A, 0x3F, 0xB6, 0xAD, 0xD7, 0xE4, 0xAF, 0x2E, 0x2D, 0xEE, 0x05, 0x8B, 0x29,
    0xB3, 0x19, 0x21, 0x96, 0x50, 0x8F, 0x4D, 0x3D, 0x5F, 0xAD, 0x39, 0xA1, 0x96, 0x61, 0x7D, 0xA7,
    0x66, 0x42, 0x35, 0x6A, 0xC6, 0x7A, 0x6A, 0xE3, 0x15, 0xC7, 0x47, 0x46, 0xEF, 0x42, 0x0D, 0x9F,
    0x27, 0x45, 0x2C, 0x20, 0x4E, 0x80, 0xF9, 0x63, 0xA7, 0x25, 0xAA, 0x67, 0x1F, 0x60, 0xE1, 0x92,
    0xEA, 0x4C, 0x44, 0x07, 0x32, 0x53, 0xEE, 0x23, 0xE2, 0x3E, 0xBC, 0x3F, 0xC0, 0x67, 0xB1, 0x34,
    0x8A, 0xC8, 0x2B, 0xD4, 0xAA, 0x56, 0x44, 0xF9, 0x13, 0x1C, 0x82, 0x47, 0x70, 0x09, 0xBE, 0xC5,
    0xF6, 0x59, 0xC1, 0xD9, 0x90, 0x45, 0x61, 0x5F, 0xC2, 0x8E, 0x85, 0xEC, 0xC7, 0x39, 0x87, 0xBC,
    0x02, 0x6B, 0xD4, 0xC3, 0x61, 0xB8, 0xF7, 0x42, 0xC6, 0xD6, 0x76, 0x9B, 0x64, 0x3B, 0xF5, 0xDB,
    0xEE, 0xA2, 0x8C, 0x53, 0xCB, 0x39, 0x28, 0x7D, 0x13, 0xDE, 0x50, 0xE6, 0x3D, 0x96, 0x92, 0x4B,
    0x02, 0x9B, 0x8E, 0x2C, 0xF9, 0x2E, 0xFD, 0x7D, 0x9A, 0x2A, 0x49, 0xAD, 0xD2, 0x68, 0x08, 0x5B,
    0xD0, 0x0C, 0xC7, 0xAD, 0x23, 0x99, 0x33, 0x84, 0x48, 0xEE, 0x5B, 0x45, 0xA3, 0x7F, 0x2D, 0x56,
    0x13, 0x48, 0xD4, 0x58, 0x0B, 0x2D, 0xF7, 0x20, 0x8C, 0x53, 0x56, 0x77, 0x29, 0xA9, 0x1E, 0x99,
    0xEE, 0x56, 0xEC, 0x18, 0x03, 0xA8, 0x68, 0x35, 0x5C, 0x8E, 0x1F, 0xC2, 0xDF, 0x16, 0x31, 0xA4,
    0xAD, 0x1C, 0x22, 0xD3, 0x06, 0x89, 0xE1, 0x04, 0x99, 0x4A, 0xC8, 0x3F, 0xED, 0xED, 0x08, 0x74,
    0x37, 0xC6, 0x1E, 0x7D, 0xD7, 0xB4, 0x61, 0xD6, 0xC2, 0x5B, 0xBB, 0x16, 0x5E, 0x94, 0x63, 0xF7,
    0xAF, 0x0A, 0x2D, 0xB2, 0x0E, 0xDA, 0x25, 0xD7, 0xB8, 0xDF, 0x75, 0x8E, 0x73, 0xA3, 0x8A, 0x16,
    0x1F, 0x23, 0xC2, 0xD7, 0xAF, 0xB1, 0xA1, 0xA4, 0x9A, 0xBE, 0x11, 0x9D, 0x63, 0xD5, 0x47, 0xD8,
    0xDF, 0x60, 0xFD, 0x24, 0x12, 0x31, 0xDC, 0x7A, 0x74, 0xBE, 0x59, 0xED, 0x98, 0xC9, 0x1A, 0xAD,
    0xD4, 0xDA, 0x1B, 0xA4, 0x41, 0x20, 0xDF, 0xCD, 0x46, 0xE6, 0x88, 0xB6, 0xCA, 0xA4, 0x8B, 0x62,
    0x68, 0xDD, 0xD1, 0xD9, 0xDA, 0xC5, 0xD7, 0x35, 0x07, 0x2C, 0x53, 0x13, 0x83, 0x04, 0x84, 0x47,
    0x09, 0x89, 0x0A, 0xB5, 0xBE, 0x8B, 0x29, 0x17, 0xBC, 0x4F, 0x50, 0x57, 0x18, 0xAA, 0xDD, 0x81,
    0x0D, 0x4A, 0xDE, 0xF0, 0xA1, 0x00, 0xF5, 0x80, 0xED, 0x79, 0xDD, 0x75, 0x1E, 0x40, 0x45, 0xCD,
    0xB9, 0x9F, 0x64, 0xCC, 0x50, 0x63, 0x98, 0x59, 0x8C, 0x84, 0x84, 0x8B, 0xD9, 0xE0, 0xD4, 0xBC,
    0x82, 0x4C, 0xC3, 0x45, 0x12, 0x46, 0xA1, 0x8A, 0x29, 0xC9, 0xD5, 0x64, 0x1F, 0x8A, 0x56, 0x2D,
    0xCF, 0x50, 0xBA, 0x62, 0x4B, 0x93, 0x80, 0x45, 0x76, 0xF2, 0xF3, 0x9A, 0x53, 0x47, 0xE9, 0x5E,
    0xB3, 0x47, 0x51, 0x74, 0x67, 0x20, 0x89, 0xA0, 0x90, 0x77, 0xD2, 0x69, 0x18, 0x35, 0xFC, 0xE2,
    0x0E, 0x5F, 0x16, 0xE2, 0x57, 0x74, 0x19, 0x39, 0x26, 0x17, 0xDE, 0x6D, 0xCB, 0x97, 0x06, 0x2B,
    0xC4, 0x67, 0x60, 0xC9, 0xF1, 0xE1, 0xCF, 0x1E, 0x5F, 0x5A, 0x04, 0x18, 0x76, 0x55, 0xE7, 0x7D,
    0x90, 0x9B, 0x57, 0x7C, 0x96, 0xDC, 0xCC, 0x7B, 0x50, 0x76, 0xB3, 0xA2, 0x89, 0xCC, 0xC7, 0x48,
    0x76, 0x33, 0xB3, 0x46, 0x3C, 0x58, 0x82, 0x23, 0x93, 0x60, 0x19, 0x4E, 0xB8, 0x90, 0x14, 0x47,
    0x6C, 0x58, 0x8E, 0x5B, 0xA3, 0x42, 0x92, 0xB3, 0xA4, 0x15, 0xBE, 0x11, 0x21, 0xCD, 0x41, 0xCA,
    0x73, 0x90, 0x12, 0x1D, 0xA4, 0x4C, 0x87, 0x42, 0xAA, 0x97, 0xE4, 0xFA, 0x6A, 0x69, 0x12, 0x97,
    0x3B, 0x31, 0x06, 0x31, 0x2E, 0x89, 0xDD, 0x1F, 0x17, 0x9E, 0x78, 0xFA, 0xDC, 0x73, 0x61, 0xD1,
    0x3A, 0xBD, 0x12, 0x97, 0xED, 0x3A, 0x6A, 0x72, 0x5D, 0x4B, 0x3E, 0x72, 0xD8, 0x45, 0x74, 0x20,
    0x2C, 0x87, 0x6F, 0xA2, 0xD0, 0x86, 0xDD, 0x76, 0x7E, 0x8B, 0xD1, 0xA5, 0x75, 0x3C, 0x7C, 0xE5,
    0x07, 0x9C, 0xF5, 0xC6, 0x7D, 0x62, 0xF4, 0x27, 0x91, 0x68, 0x29, 0xC9, 0xA6, 0xDE, 0x16, 0xC7,
    0x43, 0xEF, 0xEF, 0x5A, 0x53, 0xAD, 0xBA, 0x5D, 0x94, 0x4F, 0xF0, 0x13, 0x7B, 0xB0, 0xA5, 0x71,
    0xE2, 0x36, 0x0D, 0x67, 0x6E, 0x15, 0x03, 0x19, 0xAF, 0x7C, 0x56, 0x11, 0x76, 0x0C, 0xEB, 0x50,
    0x79, 0x57, 0xE9, 0xB8, 0x89, 0x69, 0x57, 0x3A, 0x9C, 0xA4, 0xA7, 0xC9, 0xEA, 0x2D, 0x88, 0xAF,
    0x74, 0x26, 0xFF, 0x13, 0x77, 0x76, 0x46, 0x85, 0x19, 0x81, 0xFF, 0xDC, 0xC4, 0x95, 0x93, 0x16,
    0x56, 0xB4, 0xC6, 0xD8, 0x70, 0x59, 0x9C, 0x2B, 0x51, 0x61, 0xFC, 0xD2, 0xE2, 0x96, 0xF8, 0x17,
    0xAD, 0x79, 0x6D, 0x19, 0x9D, 0x3F, 0x12, 0x64, 0xCC, 0x26, 0xD8, 0x51, 0x36, 0xB2, 0x12, 0xC8,
    0x9C, 0xB9, 0x3A, 0xC9, 0xA0, 0x3A, 0x1B, 0x64, 0xF1, 0x89, 0x68, 0x3A, 0xC8, 0xC7, 0x5E, 0x41,
    0x15, 0xDD, 0xB8, 0x98, 0x40, 0xA0, 0x9F, 0xC7, 0x44, 0x71, 0x5D, 0x09, 0x32, 0x14, 0x26, 0x9B,
    0x4E, 0x04, 0xF9, 0x56, 0xEE, 0xEA, 0x85, 0xF5, 0xC1, 0x85, 0xCE, 0x79, 0xFA, 0xDC, 0x3A, 0x08,
    0xE4, 0x00, 0x95, 0x72, 0x90, 0x4A, 0x79, 0x3B, 0x95, 0x8D, 0x93, 0x41, 0x4A, 0x06, 0xA8, 0x94,
    0x1D, 0x33, 0xFA, 0xDC, 0x98, 0xE3, 0xC7, 0x45, 0xB5, 0xF3, 0xD1, 0xFA, 0xDB, 0x0B, 0xD6, 0xC2,
    0xFD, 0xAF, 0xA3, 0xE3, 0x26, 0x6D, 0x05, 0xFF, 0x03, 0x1F, 0x41, 0x9E, 0xA7, 0xBA, 0xBF, 0x93,
    0xA0, 0x6D, 0x81, 0x39, 0xB4, 0xC2, 0x9C, 0x41, 0xFE, 0xF8, 0x55, 0x1C, 0xDF, 0x1F, 0xF9, 0x20,
    0x44, 0x90, 0x47, 0x08, 0xE4, 0x61, 0x4C, 0x54, 0x3C, 0x0D, 0x14, 0xFC, 0x63, 0x66, 0x90, 0xAA,
    0x4F, 0xAA, 0xAC, 0x7A, 0xC9, 0x55, 0x27, 0x43, 0xF5, 0x95, 0x10, 0xD5, 0xA3, 0xD5, 0x0D, 0x27,
    0xD1, 0xEC, 0xFD, 0x88, 0xB3, 0xBB, 0x53, 0x3D, 0x07, 0xEA, 0x59, 0x1E, 0xEB, 0x74, 0xCF, 0x25,
    0x73, 0xFC, 0xF4, 0xF0, 0x98, 0x27, 0xA0, 0xB1, 0xCA, 0xC2, 0x20, 0xDC, 0x9A, 0xA7, 0x08, 0x0C,
    0xB0, 0x5E, 0x8E, 0x38, 0x30, 0x60, 0x51, 0xCA, 0x2E, 0x11, 0x3C, 0x3C, 0x6A, 0x9C, 0x4F, 0xB0,
    0x77, 0xAA, 0x47, 0x22, 0x69, 0xFD, 0x3D, 0x45, 0xA9, 0xFA, 0xD7, 0xAE, 0xF1, 0x7A, 0x68, 0x9C,
    0x0D, 0xE7, 0x0C, 0x1D, 0xE9, 0xE0, 0x71, 0xDF, 0x7C, 0x99, 0x9E, 0x85, 0xDD, 0x45, 0x7C, 0xD0,
    0x1C, 0xDD, 0xC0, 0xDA, 0x19, 0x57, 0x7F, 0x3D, 0xD4, 0xCE, 0xBA, 0xCA, 0x10, 0xE0, 0x01, 0x6E,
    0xCA, 0xD0, 0x1C, 0xD1, 0xD8, 0x0B, 0x80, 0x2A, 0xC3, 0xA3, 0x31, 0x8D, 0x1E, 0xF6, 0xEF, 0x53,
    0xF2, 0x44, 0x09, 0xFC, 0x92, 0xDA, 0x33, 0x77, 0x0F, 0x71, 0x14, 0xC3, 0x3B, 0x11, 0x3C, 0xCA,
    0x23, 0x5E, 0x13, 0xE6, 0x9F, 0xD5, 0x75, 0xEE, 0x27, 0x93, 0x45, 0x50, 0xDB, 0xE7, 0xD5, 0xF6,
    0x39, 0xDB, 0x93, 0x6E, 0x54, 0x74, 0xE6, 0x81, 0xEA, 0xEE, 0xC2, 0x01, 0xBF, 0x7F, 0x3E, 0x25,
    0xA5, 0x1E, 0xF1, 0x4B, 0x0E, 0xE9, 0xBB, 0x8B, 0xA5, 0x8E, 0x1E, 0x89, 0x81, 0x00, 0x45, 0xEF,
    0x69, 0xD5, 0xAD, 0x5A, 0x35, 0xA0, 0x2D, 0xDD, 0x8A, 0x17, 0xC9, 0xF6, 0x19, 0x22, 0x23, 0xB0,
    0x32, 0xCA, 0x4F, 0xBA, 0xB5, 0xD6, 0x17, 0x31, 0x85, 0x9B, 0x44, 0x70, 0x48, 0xAA, 0xBD, 0x5F,
    0xD5, 0xDE, 0xA9, 0x36, 0x2D, 0xE4, 0xF3, 0x28, 0x91, 0xC9, 0x63, 0x27, 0x4C, 0xC7, 0xC6, 0x94,
    0xAB, 0xA9, 0xF2, 0x5E, 0x0A, 0xC3, 0xF3, 0xCD, 0xED, 0x44, 0x0C, 0x57, 0x13, 0xF8, 0xF7, 0x18,
    0xBA, 0x5C, 0x3A, 0xC0, 0xAD, 0xCB, 0xBD, 0xA1, 0xB8, 0x01, 0xF9, 0x39, 0xD8, 0x88, 0x68, 0x2E,
    0x0E, 0x4E, 0x37, 0x62, 0xB2, 0x97, 0x35, 0xB6, 0xA0, 0xB3, 0x70, 0xBD, 0x93, 0xCD, 0x8D, 0xCD,
    0xD3, 0x6C, 0x9D, 0x27, 0xD7, 0xBB, 0xE1, 0xAE, 0x88, 0xE8, 0x87, 0x5D, 0x63, 0x12, 0xC3, 0x2B,
    0xA9, 0xC4, 0xB0, 0x9A, 0x4A, 0x0C, 0x1B, 0xAE, 0x52, 0xB3, 0x40, 0xD5, 0xF4, 0xCB, 0x7E, 0x96,
    0x9B, 0x3E, 0x30, 0xE2, 0x46, 0xCB, 0xBE, 0x1C, 0xB1, 0x05, 0x9B, 0x7B, 0x64, 0x6C, 0x41, 0xED,
    0xB4, 0xC4, 0x99, 0x0E, 0xD8, 0xE9, 0xF1, 0xF9, 0x9E, 0x69, 0xAD, 0xA2, 0xC6, 0x53, 0x43, 0x25,
    0x1A, 0x57, 0xD6, 0x17, 0x4A, 0xB7, 0x1C, 0xBB, 0x95, 0x0E, 0x3A, 0x3A, 0x6E, 0xAA, 0x70, 0x8A,
    0xB2, 0x2B, 0x7D, 0x1D, 0xDB, 0x79, 0x1C, 0xD7, 0x64, 0x55, 0x8F, 0x8C, 0xF6, 0xCE, 0xD0, 0x55,
    0x36, 0x49, 0xBD, 0x47, 0xA9, 0x4B, 0xAC, 0x6B, 0x31, 0x42, 0x1C, 0x9A, 0xB4, 0xC2, 0x4E, 0x52,
    0x3E, 0x22, 0xF2, 0x82, 0x1A, 0xD9, 0x59, 0xAA, 0x94, 0x74, 0x75, 0xAD, 0x94, 0xC8, 0x83, 0xA5,
    0x76, 0xD9, 0x2E, 0x83, 0x8B, 0x98, 0xD9, 0xAA, 0xDB, 0xE2, 0xC3, 0x16, 0x3B, 0xC9, 0x76, 0x57,
    0xB4, 0x7F, 0xFB, 0x7A, 0xC8, 0x17, 0x7D, 0x31, 0x2C, 0xDF, 0x22, 0xCF, 0x36, 0xEF, 0x16, 0x71,
    0x12, 0xA2, 0xB7, 0x4C, 0x88, 0x5D, 0x2B, 0xE9, 0xFD, 0x3F, 0x69, 0xFE, 0xDD, 0xBB, 0x44, 0x4D,
    0x08, 0x43, 0x67, 0x35, 0x2D, 0x33, 0x6F, 0xC9, 0xCC, 0xE5, 0x4E, 0x36, 0x78, 0xFF, 0x09, 0xA1,
    0x4C, 0x64, 0xE5, 0xB3, 0x6E, 0x51, 0x75, 0x07, 0xAB, 0xE5, 0x5D, 0x77, 0xD7, 0x72, 0x53, 0x08,
    0x47, 0xB1, 0x0B, 0x56, 0xE1, 0xB6, 0xC8, 0xA4, 0xC5, 0x89, 0x80, 0x68, 0x44, 0x2A, 0xB1, 0x15,
    0x9D, 0x8F, 0x88, 0xB7, 0x2A, 0xC4, 0x5A, 0x49, 0x23, 0x84, 0xA6, 0x4E, 0xB8, 0x58, 0x18, 0x2C,
    0x75, 0x8C, 0x92, 0x30, 0x62, 0x06, 0xC2, 0x6A, 0xCE, 0x22, 0x8E, 0x53, 0x76, 0x70, 0xAA, 0xDC,
    0xC6, 0x32, 0xCD, 0x73, 0x12, 0x44, 0x2C, 0x12, 0x60, 0x83, 0x10, 0x53, 0x95, 0x3D, 0x42, 0x4C,
    0xD6, 0x47, 0x30, 0xAF, 0x4A, 0x5D, 0xCC, 0x39, 0xE3, 0xB4, 0xCA, 0x29, 0x0E, 0xEE, 0x47, 0x46,
    0x66, 0x2E, 0x57, 0xBE, 0x8F, 0x69, 0x89, 0x53, 0x8E, 0x37, 0xCA, 0x7F, 0xEC, 0x2E, 0x44, 0xB9,
    0x94, 0x12, 0xCF, 0x30, 0x63, 0x22, 0x5D, 0x33, 0x24, 0x87, 0x83, 0xB2, 0x84, 0x91, 0x2D, 0x4A,
    0x89, 0x61, 0xE9, 0xA5, 0x39, 0x30, 0xFD, 0x27, 0x09, 0x9F, 0x81, 0x2A, 0xE1, 0xD3, 0xD1, 0xB5,
    0x84, 0x91, 0x36, 0xCB, 0x15, 0xE1, 0x33, 0xE7, 0x38, 0x38, 0x45, 0x3A, 0xF8, 0xC5, 0x0C, 0x21,
    0xEA, 0x8F, 0x55, 0xF6, 0xE6, 0xF8, 0xBB, 0x68, 0x02, 0x1A, 0x53, 0x51, 0xB4, 0x34, 0x11, 0x7C,
    0x73, 0xC5, 0x64, 0xB1, 0xE8, 0x59, 0xB2, 0x3E, 0x5B, 0xA8, 0x8B, 0x1C, 0xFA, 0xF4, 0x4F, 0x43,
    0x7C, 0x48, 0xB8, 0x59, 0x47, 0x08, 0xB7, 0xCA, 0x4D, 0x53, 0x4B, 0x8B, 0x1B, 0x71, 0x29, 0xF9,
    0x1A, 0xA9, 0xA5, 0xDA, 0xBB, 0x1C, 0x7F, 0xF5, 0x3E, 0xA3, 0x13, 0x8F, 0xAD, 0x44, 0x6C, 0x57,
    0x95, 0xE8, 0xDF, 0x2E, 0xF5, 0x82, 0x8E, 0xD2, 0x15, 0xA7, 0x74, 0xA7, 0x30, 0xD2, 0x0B, 0xA7,
    0xA1, 0xFA, 0x46, 0x73, 0xF2, 0xB1, 0xF2, 0xF6, 0x61, 0xBE, 0xCE, 0x4F, 0x7C, 0x7B, 0xF9, 0xCB,
    0x35, 0x3E, 0x2E, 0x2C, 0x21, 0x00, 0x83, 0x61, 0x8B, 0x44, 0x85, 0x56, 0x21, 0xBE, 0x7C, 0x91,
    0x7F, 0x33, 0x45, 0x4D, 0x2F, 0x3F, 0x6A, 0xB3, 0x1D, 0x65, 0x2D, 0x2B, 0xA6, 0xCB, 0x5F, 0x4D,
    0x85, 0xF3, 0x92, 0x47, 0xF5, 0xC2, 0x71, 0xE9, 0x36, 0x9C, 0x5A, 0x2D, 0x33, 0x9A, 0x96, 0x26,
    0x20, 0xB3, 0xD5, 0xED, 0x2D, 0xD0, 0x48, 0x9B, 0x3E, 0xFF, 0x85, 0x85, 0xA6, 0x43, 0x23, 0x39,
    0x0D, 0x72, 0x82, 0xAB, 0xFE, 0x0D, 0x97, 0x66, 0x97, 0x93, 0x81, 0xA7, 0x3A, 0x85, 0x27, 0x2E,
    0x6C, 0x29, 0x17, 0xB9, 0x3A, 0x37, 0x90, 0xDA, 0x69, 0x7C, 0xB9, 0x48, 0xC4, 0x5C, 0xD8, 0x86,
    0xF6, 0x0D, 0x49, 0x81, 0x01, 0x1F, 0x71, 0x4C, 0xA6, 0xBD, 0x87, 0x4A, 0xBE, 0xA7, 0xE9, 0x88,
    0x5E, 0xB9, 0xB1, 0xB6, 0x6E, 0xC1, 0xC2, 0xDB, 0xD4, 0xDF, 0x32, 0xF8, 0xE0, 0xE0, 0x24, 0xD5,
    0xAF, 0x16, 0xD2, 0xA6, 0xF0, 0x34, 0x7A, 0xB9, 0x04, 0xC4, 0x9C, 0xE6, 0x89, 0xCE, 0xFE, 0xE6,
    0x85, 0x00, 0x77, 0x43, 0xB3, 0x5A, 0xD7, 0x53, 0xED, 0xC9, 0xC8, 0xCD, 0x17, 0x33, 0xFB, 0x70,
    0xE6, 0xFC, 0x98, 0x22, 0x9D, 0xAD, 0xBC, 0x66, 0xE4, 0x99, 0xFA, 0xED, 0xCC, 0x3C, 0x9F, 0x6D,
    0x09, 0xD2, 0xAD, 0x41, 0xE2, 0xE4, 0xA1, 0x88, 0x77, 0xBE, 0xFB, 0x7A, 0x4F, 0xC1, 0xA7, 0x33,
    0x8E, 0x5F, 0x4D, 0x95, 0x29, 0x4F, 0x61, 0x4B, 0xBD, 0x10, 0x2A, 0xE7, 0x43, 0x98, 0xE4, 0x38,
    0xC6, 0xAD, 0xF3, 0x8D, 0xB6, 0x1E, 0xE4, 0x40, 0x2F, 0x24, 0x30, 0x8B, 0xA7, 0x22, 0x0E, 0xCC,
    0x37, 0x9F, 0x6E, 0x1C, 0x81, 0x14, 0xDB, 0x40, 0x89, 0x3B, 0xCC, 0x3D, 0xFA, 0x9B, 0x72, 0xC0,
    0x12, 0x4D, 0xBA, 0xCA, 0xAB, 0xA1, 0xFA, 0x82, 0x3F, 0xEF, 0x7C, 0xB4, 0x57, 0x62, 0xE3, 0x72,
    0xA2, 0x9F, 0x4F, 0xC8, 0x71, 0x3F, 0x3F, 0x4C, 0x7A, 0x59, 0x49, 0xEA, 0x05, 0xE5, 0x5B, 0xA3,
    0xDA, 0xE5, 0x04, 0x37, 0x98, 0x6F, 0x56, 0x4B, 0x1A, 0x66, 0x2E, 0x80, 0x09, 0x68, 0x12, 0x9C,
    0x84, 0x57, 0xC4, 0x21, 0xB1, 0xA8, 0x3C, 0x24, 0x82, 0x99, 0x73, 0x01, 0x33, 0x17, 0x40, 0x73,
    0x86, 0xDA, 0x27, 0xC0, 0x16, 0x21, 0x71, 0x32, 0x22, 0x4E, 0x06, 0xC4, 0xC9, 0x78, 0x38, 0x19,
    0x0E, 0x57, 0x44, 0xC3, 0x95, 0x82, 0xDC, 0xB5, 0xFB, 0x59, 0x58, 0x9E, 0x25, 0x44, 0x94, 0xDF,
    0x32, 0x1E, 0x19, 0xA3, 0xB1, 0x7F, 0xD1, 0x4A, 0x2D, 0xD6, 0x03, 0xF1, 0xA0, 0xB9, 0x1E, 0xC8,
    0x0A, 0x6F, 0xA3, 0xE6, 0x67, 0xAC, 0x21, 0xF6, 0x40, 0x49, 0x4B, 0x2B, 0x17, 0x0D, 0x37, 0xAF,
    0x88, 0x7F, 0x61, 0x0C, 0x96, 0x73, 0xCA, 0x02, 0x0F, 0x14, 0x58, 0x10, 0x82, 0x65, 0x37, 0x31,
    0x94, 0x63, 0x86, 0xA4, 0x39, 0x8A, 0x50, 0x18, 0x4F, 0x36, 0xB6, 0xB3, 0x6C, 0xA1, 0xC0, 0x6F,
    0xEC, 0xC6, 0x4A, 0x9D, 0x84, 0x89, 0x9E, 0x91, 0xA1, 0xC0, 0x4A, 0x0C, 0x57, 0xAA, 0x78, 0x72,
    0xB5, 0x28, 0xEF, 0x02, 0xCA, 0xA8, 0xA7, 0x78, 0x75, 0x94, 0x2A, 0x7B, 0x36, 0xAA, 0x0A, 0x2F,
    0x07, 0x24, 0x97, 0x46, 0x61, 0x7B, 0x22, 0x8B, 0x35, 0xD0, 0x7D, 0x31, 0xD3, 0x8F, 0xC1, 0xB2,
    0xA9, 0x48, 0xAF, 0x95, 0xD6, 0x17, 0x5A, 0x0C, 0xE8, 0x90, 0x57, 0xC5, 0x02, 0x2F, 0x73, 0x11,
    0x25, 0x9A, 0x0F, 0xAA, 0xDF, 0xA5, 0xFE, 0x4D, 0xA6, 0x5F, 0x7A, 0xD6, 0x9B, 0x4C, 0xBF, 0xE6,
    0x0A, 0x61, 0x0A, 0x70, 0x0F, 0x68, 0x7F, 0x0B, 0xEA, 0x71, 0xDA, 0xF4, 0x73, 0x14, 0x6B, 0x23,
    0xFF, 0xDA, 0xAD, 0x66, 0xFA, 0x77, 0xBC, 0x6C, 0x1F, 0x0E, 0xAC, 0x7E, 0x2F, 0xBC, 0x2F, 0x1C,
    0x88, 0xD6, 0x47, 0x5F, 0x0C, 0x3D, 0xB7, 0xD7, 0xBD, 0x27, 0x35, 0x2E, 0xF4, 0xC2, 0x7D, 0x61,
    0x9F, 0x3B, 0x78, 0xD4, 0x48, 0x15, 0x30, 0x7D, 0xD3, 0xDF, 0x3C, 0x76, 0x30, 0xED, 0xE3, 0x4A,
    0xBF, 0xF5, 0x4B, 0x5D, 0x5F, 0x7F, 0x76, 0xAF, 0x93, 0x8D, 0x0F, 0x1E, 0x3D, 0x94, 0xF0, 0xAA,
    0x44, 0x4D, 0x3B, 0xB8, 0x5C, 0xEB, 0xC6, 0x7B, 0xF2, 0x8B, 0xA4, 0x28, 0xFE, 0x39, 0x26, 0x07,
    0x87, 0x41, 0x39, 0x47, 0x44, 0xF4, 0x39, 0xD0, 0x34, 0x32, 0x95, 0xAE, 0xC2, 0xFD, 0x31, 0xFC,
    0xDC, 0x02, 0xDA, 0xFF, 0x0A, 0xBB, 0x9C, 0x21, 0x83, 0x59, 0xD7, 0x88, 0x62, 0xB8, 0x5B, 0x84,
    0x62, 0x16, 0xF6, 0x89, 0x4C, 0xC3, 0x6D, 0x32, 0xAE, 0x60, 0xAF, 0xA4, 0xDF, 0xEB, 0xED, 0xEF,
    0x95, 0xF7, 0xCB, 0xE7, 0x42, 0x91, 0x9F, 0x12, 0xDE, 0x22, 0xAB, 0x49, 0xC0, 0xD3, 0x45, 0xF3,
    0x2A, 0x58, 0xBF, 0x9F, 0x1A, 0x19, 0x19, 0xF9, 0xCC, 0x1A, 0x89, 0x5F, 0x05, 0xD4, 0xC7, 0xE9,
    0xEF, 0xCF, 0x01, 0x3C, 0x83, 0x65, 0xEB, 0xA5, 0x20, 0xF1, 0xD3, 0xC3, 0x1B, 0x52, 0x51, 0xBE,
    0x7A, 0xDB, 0xC9, 0xCB, 0xA2, 0x9E, 0x35, 0x8E, 0xD7, 0x87, 0x35, 0x77, 0xF2, 0x32, 0x4C, 0xA7,
    0x8F, 0x93, 0x31, 0xF4, 0x5F, 0xDE, 0x7C, 0xE8, 0xBF, 0x91, 0x1A, 0xFE, 0xC1, 0x85, 0xAF, 0xE2,
    0xEE, 0x5F, 0x01, 0x36, 0xF9, 0x4C, 0x5C, 0x44, 0x54, 0x31, 0x15, 0x12, 0xB4, 0x48, 0x8D, 0x95,
    0x04, 0xD6, 0x8C, 0xAE, 0xBA, 0x5D, 0xF9, 0x0E, 0xF4, 0x8F, 0xDE, 0x72, 0x8B, 0xF2, 0x04, 0xAC,
    0x1D, 0x5D, 0xDD, 0xA3, 0x3C, 0x5B, 0xFC, 0x27, 0xEF, 0xA4, 0x59, 0x95, 0xB4, 0x66, 0xCC, 0xBF,
    0x21, 0x56, 0x94, 0xA7, 0x0F, 0xCF, 0xE1, 0xEE, 0xD8, 0x5B, 0xC7, 0xDE, 0xF2, 0x1B, 0xF0, 0x60,
    0xED, 0x96, 0x16, 0x17, 0x22, 0x4F, 0xF5, 0x71, 0xED, 0xE8, 0xBE, 0xA4, 0x2F, 0x71, 0x62, 0xCB,
    0xAF, 0x20, 0x19, 0x7E, 0x2D, 0x1E, 0xC7, 0xEF, 0xD7, 0x62, 0x27, 0xAC, 0xA0, 0x68, 0x0F, 0xA2,
    0x0F, 0xC7, 0x3B, 0xC3, 0x83, 0xEC, 0xD9, 0xB6, 0xC2, 0x4A, 0x6C, 0xC5, 0x03, 0xA3, 0xDB, 0x40,
    0xD6, 0x7D, 0xDB, 0xC6, 0x6E, 0x4C, 0xDF, 0x59, 0x8D, 0x99, 0x7D, 0x0C, 0x35, 0xD1, 0x0D, 0xFE,
    0x60, 0xC3, 0x52, 0x6F, 0x45, 0xB0, 0xDF, 0x85, 0x43, 0xCF, 0xC8, 0xBE, 0xD0, 0xF6, 0xA2, 0x02,
    0xBA, 0xAB, 0x76, 0x75, 0xED, 0xDB, 0xD6, 0xB7, 0xAF, 0x6F, 0x30, 0xC5, 0x3F, 0xBF, 0xE2, 0xF2,
    0x68, 0xDE, 0xF6, 0x3D, 0x98, 0x00, 0x23, 0x4C, 0xB0, 0xB7, 0xD1, 0xAF, 0x0A, 0x7A, 0x38, 0x08,
    0x96, 0xBB, 0x16, 0xD5, 0x8D, 0xB5, 0xA8, 0x04, 0x4E, 0xFF, 0x6D, 0xC4, 0x7F, 0x4C, 0x38, 0x74,
    0xEC, 0xB8, 0xEF, 0x91, 0x2A, 0xE8, 0x6A, 0x91, 0x99, 0x0E, 0xF4, 0xF7, 0x9E, 0x34, 0x62, 0xD5,
    0x67, 0x38, 0xA1, 0x95, 0x1C, 0x38, 0x30, 0x90, 0x9A, 0x11, 0xF5, 0x56, 0x39, 0x25, 0x08, 0x19,
    0x76, 0xBB, 0xA2, 0x9E, 0xE0, 0xA9, 0x19, 0xBF, 0x02, 0xED, 0x09, 0xD0, 0xF5, 0x79, 0xC5, 0x25,
    0x59, 0x1C, 0xCD, 0xF1, 0xF5, 0x10, 0xDE, 0x8D, 0x20, 0x8A, 0x6E, 0x20, 0x88, 0xE6, 0x26, 0x9E,
    0x83, 0xD4, 0x8B, 0x5C, 0x3E, 0x30, 0xB1, 0x34, 0x16, 0xFE, 0x76, 0xE2, 0x38, 0xE2, 0x89, 0xFF,
    0x24, 0xE5, 0x9F, 0xD6, 0x17, 0xC3, 0x5F, 0x1D, 0xAC, 0xD7, 0x4A, 0x79, 0xB5, 0xCB, 0x2F, 0x2E,
    0xCD, 0x6F, 0xA1, 0xD1, 0x30, 0x31, 0x53, 0x87, 0x16, 0xE4, 0x49, 0x79, 0x86, 0xA3, 0x7E, 0x15,
    0x07, 0xD1, 0x49, 0x4E, 0xA3, 0x1D, 0xAE, 0x10, 0x87, 0x56, 0x9B, 0x52, 0xF0, 0xCC, 0xC2, 0xDF,
    0xF1, 0x80, 0xD6, 0xBD, 0x0B, 0x69, 0xA6, 0xA3, 0xF1, 0x46, 0x0D, 0x94, 0xC0, 0xC7, 0xA1, 0x8C,
    0x95, 0xFB, 0xCE, 0x9B, 0x34, 0x75, 0x9E, 0xB6, 0x68, 0x97, 0x75, 0x35, 0x25, 0x81, 0x8C, 0xD9,
    0xE5, 0xA1, 0x96, 0x83, 0x91, 0x01, 0x45, 0xE9, 0xC7, 0x10, 0x84, 0xA4, 0x8F, 0x4A, 0xEF, 0xD2,
    0x1E, 0x30, 0x46, 0x03, 0xD7, 0x4C, 0x1C, 0xDF, 0x8A, 0x1D, 0xAE, 0x72, 0x94, 0x6B, 0xB1, 0x87,
    0x57, 0x02, 0xD0, 0x13, 0x5A, 0xE4, 0x0E, 0x35, 0xFF, 0x2B, 0x48, 0x2E, 0xF5, 0x2A, 0x63, 0x06,
    0x34, 0x82, 0x22, 0xF7, 0x83, 0x27, 0x17, 0x5F, 0x72, 0xFC, 0x95, 0x3A, 0x35, 0xE9, 0x26, 0x0F,
    0x03, 0x99, 0x5D, 0x90, 0xCE, 0xCD, 0xB7, 0x0C, 0x05, 0xF1, 0x2B, 0x8E, 0x9B, 0xA0, 0x4E, 0xC1,
    0xE5, 0x62, 0x07, 0x07, 0x8D, 0xD9, 0x75, 0xFF, 0xBA, 0x86, 0xBE, 0x05, 0x0C, 0x52, 0xF8, 0x04,
    0x2D, 0x21, 0x46, 0xD5, 0x25, 0x12, 0x0A, 0xB8, 0xBE, 0x4E, 0x90, 0xC2, 0x2C, 0x17, 0xF5, 0xC2,
    0x31, 0xBD, 0xD8, 0x9E, 0xF7, 0x61, 0x9E, 0xB3, 0x96, 0x37, 0x8D, 0x43, 0xB0, 0x56, 0xFC, 0x3C,
    0xFC, 0x5D, 0x7B, 0xD6, 0xB2, 0xD2, 0xB0, 0x58, 0x69, 0x13, 0xC4, 0x4F, 0x29, 0xC2, 0x6E, 0xED,
    0x9A, 0xD6, 0xEA, 0x5A, 0xD0, 0x49, 0xC7, 0x4B, 0x14, 0xC9, 0xBF, 0xEB, 0xDB, 0x7C, 0x71, 0x72,
    0x92, 0x7B, 0xC6, 0xFB, 0x17, 0xC3, 0x36, 0x13, 0x55, 0x96, 0x71, 0xC9, 0xA9, 0x59, 0x4D, 0x9A,
    0x51, 0xA2, 0x25, 0xAA, 0x33, 0xB5, 0x75, 0x82, 0x92, 0x38, 0x5B, 0x7F, 0x7B, 0x4B, 0x4D, 0x0C,
    0xB6, 0xE9, 0xFE, 0x4B, 0xBD, 0x48, 0xD8, 0xDC, 0xF1, 0x6C, 0x99, 0x6F, 0xA4, 0xA7, 0x4B, 0x37,
    0x73, 0x87, 0x31, 0x5B, 0x2D, 0x31, 0x73, 0x4B, 0xBB, 0x8D, 0xAB, 0x97, 0xAA, 0x23, 0xB4, 0x4C,
    0xE7, 0x91, 0x6C, 0xDD, 0xEC, 0xE7, 0xDD, 0xC6, 0x2D, 0x53, 0xD7, 0x21, 0xA1, 0x69, 0xE8, 0xAC,
    0x8E, 0xC3, 0x5A, 0x71, 0x8B, 0x71, 0xA2, 0x4D, 0x5D, 0x2F, 0x16, 0xBA, 0x03, 0x34, 0x7D, 0x26,
    0x20, 0xC9, 0x7B, 0x88, 0x9A, 0xB1, 0xFB, 0x66, 0x9C, 0x12, 0x31, 0xC8, 0xD2, 0x8E, 0x40, 0xD2,
    0x12, 0x70, 0xEA, 0x2B, 0x21, 0x04, 0xDA, 0x07, 0x28, 0x91, 0xB5, 0xF3, 0xD1, 0x92, 0xCC, 0x4F,
    0x10, 0xE1, 0xFE, 0x87, 0x78, 0xEB, 0x60, 0xB3, 0xDF, 0x20, 0x1F, 0xF7, 0xCC, 0x25, 0x93, 0x6E,
    0x8E, 0xD7, 0xC7, 0xFA, 0x38, 0xE7, 0x6A, 0x2F, 0x86, 0x33, 0xA8, 0xE4, 0x76, 0x9E, 0xD9, 0xA4,
    0x1C, 0xB6, 0x8B, 0x60, 0x56, 0x5E, 0x95, 0xDC, 0x56, 0xFB, 0xA0, 0x98, 0x13, 0x50, 0x5C, 0x81,
    0xA1, 0x62, 0x0C, 0xFE, 0x41, 0x38, 0xE5, 0x00, 0xFF, 0x5A, 0xE9, 0xCB, 0x89, 0x29, 0x09, 0x45,
    0xD4, 0xA2, 0x36, 0x8B, 0xE2, 0x90, 0x6E, 0x1C, 0x5E, 0x31, 0xB1, 0x8F, 0x00, 0x29, 0x39, 0x64,
    0xD9, 0x61, 0x48, 0x47, 0x62, 0xE2, 0x2B, 0xEB, 0x3E, 0x2B, 0x69, 0x7D, 0x28, 0xA3, 0x19, 0x6C,
    0xD5, 0xE8, 0xFB, 0x4D, 0x4C, 0x39, 0x6E, 0x4D, 0x81, 0x95, 0x52, 0xA7, 0xCB, 0x15, 0xE0, 0xB7,
    0x59, 0x04, 0xF8, 0x31, 0x3C, 0x45, 0xEC, 0xE0, 0xC4, 0xFE, 0xE5, 0x44, 0xC9, 0x68, 0x89, 0xDA,
    0x94, 0x67, 0xBB, 0xC7, 0xCA, 0x81, 0x88, 0x27, 0xD3, 0x69, 0xE2, 0x4F, 0x2C, 0x49, 0x2B, 0x03,
    0x92, 0xDD, 0xB2, 0xBC, 0x59, 0xEA, 0xA0, 0xB7, 0x2E, 0xB9, 0xE8, 0x07, 0xA7, 0x6E, 0x53, 0xDB,
    0xBB, 0x2F, 0x11, 0xD7, 0x09, 0x9F, 0xCD, 0xBF, 0xFB, 0x4B, 0x93, 0x6D, 0x2A, 0x05, 0x97, 0x6C,
    0xBA, 0x46, 0x90, 0x56, 0x4B, 0xA8, 0x04, 0x9B, 0x34, 0xFC, 0x56, 0xEE, 0xB1, 0x58, 0xEB, 0x27,
    0xCD, 0x27, 0x5F, 0x94, 0x6B, 0x01, 0x0E, 0xFE, 0x3C, 0x32, 0x0F, 0x3D, 0xE0, 0x2F, 0xE7, 0xBA,
    0x4C, 0xAD, 0x3A, 0x9F, 0xC3, 0x0B, 0x0F, 0x12, 0x3A, 0x4D, 0x6D, 0x4F, 0xB8, 0xED, 0x77, 0x17,
    0xA3, 0x28, 0xFD, 0x9B, 0x20, 0x56, 0xA9, 0x86, 0xD5, 0x17, 0x96, 0x12, 0xC9, 0x35, 0x34, 0xB6,
    0x33, 0x49, 0xFD, 0x33, 0x4E, 0x16, 0xEA, 0x5D, 0x33, 0x56, 0x61, 0x69, 0xD0, 0x98, 0x31, 0x8A,
    0x44, 0xF1, 0x7E, 0x46, 0xDD, 0x01, 0x71, 0xE8, 0x0C, 0x2E, 0x2C, 0x78, 0x14, 0xC9, 0x5A, 0x66,
    0x4B, 0x56, 0x21, 0x78, 0xF0, 0xF8, 0x46, 0x56, 0x79, 0xED, 0xE5, 0x1A, 0x49, 0xC8, 0xFB, 0x40,
    0x2A, 0x1E, 0xEA, 0x74, 0xA3, 0xF3, 0x9E, 0xF5, 0xD5, 0x7F, 0x4D, 0x13, 0x53, 0xF3, 0xD3, 0x33,
    0xED, 0x9E, 0x83, 0x2B, 0x63, 0x42, 0xD8, 0x75, 0x94, 0xA7, 0x79, 0xEB, 0xD4, 0xF4, 0x84, 0xFF,
    0x06, 0x71, 0x0E, 0x64, 0x84, 0x01, 0xBC, 0x17, 0x61, 0x9F, 0x9F, 0x24, 0xC5, 0x1A, 0xB9, 0xE3,
    0xC2, 0x4F, 0x33, 0xEE, 0x22, 0x90, 0x7B, 0x09, 0xA4, 0x47, 0xAE, 0xFB, 0xEF, 0xD3, 0xCA, 0x50,
    0xC4, 0x49, 0x61, 0x84, 0x92, 0x49, 0x6A, 0xE3, 0xA1, 0x99, 0xA2, 0x2A, 0x5A, 0x7A, 0x4C, 0x63,
    0xEC, 0xFE, 0x76, 0x71, 0x29, 0x2F, 0x14, 0xDD, 0x77, 0x0B, 0xD5, 0xB7, 0x30, 0x8B, 0x28, 0x05,
    0x93, 0x56, 0xCF, 0xB9, 0x8D, 0x83, 0x95, 0xAC, 0x0C, 0x63, 0x4D, 0x6D, 0x03, 0xF8, 0x78, 0x48,
    0x92, 0x69, 0x7F, 0x02, 0x58, 0x87, 0x58, 0x45, 0xDF, 0x0B, 0xE1, 0x72, 0x38, 0x1F, 0xF2, 0x67,
    0x73, 0x13, 0x2F, 0xD7, 0x64, 0x92, 0x0D, 0xCA, 0xFC, 0x2D, 0x25, 0x3C, 0xD5, 0x89, 0xD5, 0xB8,
    0x0B, 0x2D, 0x31, 0x84, 0xCB, 0xB1, 0x70, 0x36, 0x1C, 0x18, 0xA7, 0xBF, 0x91, 0xAD, 0x0C, 0x70,
    0x47, 0xED, 0x5E, 0x07, 0x62, 0xB1, 0x6F, 0x5E, 0x3A, 0xEC, 0x1A, 0x1B, 0xBD, 0x02, 0x63, 0xDA,
    0xF6, 0x49, 0x38, 0xF8, 0x2B, 0x70, 0x7E, 0x4B, 0x25, 0xBB, 0xD1, 0xAC, 0xCA, 0xB4, 0x24, 0x48,
    0x2B, 0xF7, 0xC9, 0x01, 0x9D, 0xB2, 0x03, 0xFA, 0x04, 0x3B, 0xA0, 0x87, 0x17, 0xCD, 0x01, 0x7D,
    0x2B, 0xF3, 0xAD, 0xCB, 0xAC, 0x53, 0x4D, 0x4E, 0x30, 0xF4, 0x74, 0xE9, 0xA0, 0x2F, 0xBD, 0xAB,
    0x5D, 0x99, 0xE4, 0xC8, 0x09, 0xA1, 0x6A, 0xBF, 0xC4, 0x69, 0xD4, 0x34, 0x8C, 0xB0, 0x04, 0x45,
    0xED, 0xB6, 0x7F, 0x1F, 0xEB, 0x6A, 0x31, 0x49, 0x86, 0x5E, 0xA1, 0xEF, 0xCE, 0x31, 0xDA, 0xA1,
    0xE3, 0x93, 0xD0, 0xFF, 0x36, 0x0C, 0x92, 0xF8, 0x9A, 0x7F, 0x26, 0x72, 0x36, 0xC4, 0x46, 0x4E,
    0xB9, 0x13, 0x9B, 0xD5, 0xE6, 0xAC, 0x4F, 0xA1, 0xBF, 0x57, 0x16, 0xC1, 0x1D, 0x4F, 0x2F, 0x02,
    0x02, 0x7A, 0x15, 0x10, 0xA5, 0x3F, 0xE2, 0x94, 0xD5, 0xD8, 0xC5, 0x86, 0x3B, 0x6F, 0xF9, 0xF2,
    0x3C, 0x52, 0xC5, 0x61, 0x24, 0x0D, 0x4F, 0x7D, 0x9B, 0x5E, 0x07, 0xF3, 0x06, 0xF5, 0xC2, 0x44,
    0x26, 0xD7, 0x09, 0xA1, 0x63, 0x36, 0x58, 0xD0, 0x47, 0x50, 0xB0, 0xF6, 0xC9, 0xE2, 0xE0, 0xB2,
    0xDB, 0x74, 0x96, 0x8A, 0xCF, 0xC9, 0xC6, 0x00, 0xAF, 0x8D, 0x25, 0xF5, 0xA6, 0x59, 0x29, 0xFE,
    0x40, 0x71, 0x50, 0x2C, 0x30, 0x07, 0x97, 0x0A, 0xD9, 0x75, 0x46, 0x4A, 0x33, 0xED, 0x31, 0xF7,
    0x66, 0x2A, 0xD7, 0x49, 0x2E, 0x52, 0x56, 0xA7, 0xB1, 0x75, 0x76, 0x8A, 0xC8, 0xAF, 0xAB, 0x7B,
    0xE9, 0x26, 0xCB, 0xD0, 0x22, 0xA0, 0xF9, 0xB4, 0xD7, 0xAD, 0x58, 0x91, 0x39, 0xE5, 0x8B, 0x0F,
    0x9C, 0xF0, 0xD2, 0xD9, 0xBC, 0x86, 0x64, 0xDA, 0xCB, 0x4A, 0x26, 0xBC, 0x6A, 0x9B, 0x97, 0x95,
    0xEC, 0x50, 0x33, 0xA5, 0xE5, 0x6B, 0x67, 0x83, 0x35, 0x98, 0xF2, 0xAD, 0xB8, 0xF6, 0xF5, 0x71,
    0xAB, 0xDA, 0xE9, 0x00, 0xCC, 0xEA, 0x25, 0x29, 0x99, 0x53, 0x1D, 0x64, 0x35, 0x96, 0xF4, 0xAA,
    0x00, 0xE6, 0x51, 0x9A, 0xA3, 0x5E, 0xE6, 0xD5, 0xBC, 0xCC, 0x19, 0x9D, 0xA9, 0x34, 0x77, 0x64,
    0x5E, 0x16, 0xE0, 0x7D, 0x95, 0x29, 0xA5, 0x99, 0xDD, 0x6B, 0x5C, 0x50, 0xFB, 0x0B, 0x69, 0xD1,
    0xF8, 0x0E, 0x1C, 0x29, 0xE3, 0xBF, 0xCC, 0x7F, 0x67, 0xF7, 0x64, 0xF3, 0x89, 0xD9, 0xB6, 0xD5,
    0x8C, 0x30, 0xDA, 0xB6, 0xDB, 0x1C, 0xB1, 0x92, 0x35, 0xCE, 0x5D, 0x31, 0x42, 0xF6, 0x37, 0x7D,
    0x35, 0xC6, 0xCE, 0x8C, 0x5C, 0xED, 0xDF, 0xCB, 0xE0, 0xFB, 0x35, 0xD2, 0x4A, 0x3A, 0xDB, 0xAE,
    0xC6, 0xD8, 0x6E, 0x19, 0x47, 0x7A, 0xB0, 0x9E, 0x7C, 0x2F, 0x8F, 0xE7, 0xF3, 0xE0, 0x0C, 0x10,
    0xF3, 0x84, 0x2C, 0x20, 0x2C, 0xAF, 0xA6, 0x14, 0x30, 0xC1, 0x2F, 0x45, 0x77, 0x60, 0xA1, 0x5A,
    0x1A, 0x7F, 0x5D, 0x1B, 0xE5, 0xC9, 0xA0, 0x20, 0x0A, 0xE8, 0xF7, 0x60, 0xC0, 0x73, 0x2D, 0x7A,
    0x47, 0x94, 0xBB, 0x79, 0xBA, 0x0A, 0xF5, 0x79, 0x5E, 0x06, 0x36, 0x23, 0xC3, 0x96, 0xE9, 0xC3,
    0xCE, 0x9F, 0xFF, 0x0C, 0x75, 0x3E, 0xDE, 0x68, 0xD1, 0x42, 0xAD, 0xB1, 0x86, 0x47, 0x86, 0x12,
    0x04, 0x39, 0x49, 0x68, 0x6F, 0x0F, 0xBD, 0x87, 0x2F, 0x34, 0xEE, 0x41, 0x09, 0x71, 0x5B, 0x4E,
    0x25, 0x40, 0xB6, 0xB3, 0xAE, 0xDD, 0x72, 0xE3, 0x3D, 0x3D, 0x50, 0x3B, 0x44, 0xEB, 0xB2, 0xF6,
    0xF0, 0xC0, 0x6D, 0x0B, 0x6C, 0x45, 0xAD, 0x64, 0x23, 0x6C, 0x7D, 0xA8, 0x96, 0x67, 0x79, 0x22,
    0xEE, 0xEA, 0xE9, 0xA9, 0x21, 0x41, 0xF7, 0xF4, 0xDC, 0x4D, 0x7D, 0x02, 0x79, 0x5B, 0x37, 0x34,
    0x8F, 0xA6, 0xAE, 0x1E, 0xA5, 0x93, 0x11, 0x90, 0xD7, 0x5E, 0x5B, 0xB3, 0x66, 0x91, 0x42, 0xFD,
    0xE7, 0xAD, 0x5E, 0x77, 0x93, 0x96, 0x3A, 0xD0, 0x78, 0x15, 0xCE, 0x45, 0x64, 0x73, 0xEA, 0x8B,
    0x34, 0x66, 0x73, 0xAF, 0xAB, 0x5E, 0x2F, 0xD7, 0x7B, 0x23, 0xE4, 0x67, 0x73, 0x49, 0x9C, 0x89,
    0x74, 0xBF, 0xA0, 0xBD, 0xE5, 0xC4, 0x4A, 0xFD, 0x14, 0x01, 0x30, 0x5E, 0x0E, 0x39, 0xF5, 0x9B,
    0x46, 0xCC, 0xAC, 0x94, 0x36, 0xBC, 0x0F, 0xCB, 0x62, 0x4D, 0x9C, 0xF3, 0x44, 0x36, 0xE1, 0x9A,
    0x72, 0x9E, 0xA4, 0x88, 0x66, 0xDE, 0x90, 0x8D, 0x91, 0x8F, 0xAA, 0x61, 0xE7, 0xD0, 0x6B, 0xCD,
    0xD9, 0x50, 0x0D, 0x9F, 0x16, 0x76, 0xE3, 0xC6, 0xBC, 0x16, 0x47, 0x6F, 0x4C, 0x3E, 0xB0, 0xC5,
    0x1C, 0x66, 0x61, 0xA9, 0x64, 0x3B, 0x1A, 0xAC, 0x1B, 0x19, 0xD9, 0xF9, 0xDA, 0x67, 0xF2, 0x37,
    0xB1, 0x23, 0x16, 0xAF, 0xC0, 0x14, 0x86, 0x43, 0xF9, 0x89, 0x3B, 0x8F, 0x15, 0x1F, 0x61, 0xBA,
    0x56, 0x02, 0xB7, 0x0D, 0xBC, 0x20, 0x6F, 0x44, 0xC0, 0xE4, 0x8F, 0x15, 0x87, 0x56, 0xB5, 0xF0,
    0x1A, 0xD3, 0x94, 0x00, 0x82, 0xAC, 0x8C, 0x8C, 0xEC, 0xC9, 0x9F, 0xDC, 0x89, 0xD0, 0x86, 0x9B,
    0x20, 0x12, 0xAB, 0x09, 0xF8, 0x23, 0x0D, 0x68, 0x4D, 0x75, 0xE8, 0xBF, 0xE0, 0x16, 0x4C, 0x3A,
    0xB0, 0x8E, 0xCE, 0xF6, 0xAF, 0xB2, 0xA3, 0xB3, 0x7B, 0xD7, 0x42, 0x7A, 0xCE, 0x31, 0x9E, 0xB9,
    0x7A, 0xF6, 0x8A, 0x79, 0xC5, 0xFA, 0x14, 0x1C, 0x20, 0xCD, 0x7D, 0x4C, 0xC3, 0xE4, 0x16, 0xD2,
    0x9D, 0x42, 0xDA, 0xAD, 0x16, 0xBB, 0x0A, 0x84, 0xF6, 0x2D, 0xA8, 0x16, 0x6F, 0x0B, 0x3F, 0xFA,
    0xF7, 0xBD, 0x2F, 0xFC, 0x5D, 0x4F, 0xB8, 0xE1, 0xA5, 0xFD, 0x17, 0x5F, 0xEE, 0x0B, 0x7F, 0xF8,
    0xF8, 0x25, 0x84, 0x1B, 0xC9, 0xCA, 0x88, 0xA1, 0x1C, 0x8F, 0x2C, 0x96, 0x0A, 0x80, 0x3F, 0x64,
    0xBC, 0xD7, 0xEC, 0x85, 0x3E, 0x95, 0x12, 0xEB, 0xC1, 0xBD, 0xD0, 0xF3, 0xE8, 0x83, 0xF7, 0x0E,
    0xF4, 0xFC, 0xF3, 0x83, 0xF7, 0xFE, 0xA8, 0xC7, 0xFB, 0xC7, 0xFB, 0x3E, 0xE8, 0x41, 0xF1, 0x7F,
    0xBA, 0x07, 0xB6, 0x49, 0x1F, 0x83, 0xD8, 0xFB, 0xB8, 0xFF, 0x10, 0x9B, 0x34, 0xB6, 0x51, 0x43,
    0xBE, 0x10, 0x42, 0xDF, 0xB6, 0xE7, 0xD7, 0x6C, 0xFB, 0x69, 0x38, 0x3E, 0xF0, 0x83, 0x4B, 0x7F,
    0xF6, 0x97, 0xEF, 0x87, 0x63, 0xCE, 0xA5, 0x7C, 0xF2, 0x52, 0xE0, 0x8E, 0xEF, 0x85, 0xE7, 0xD9,
    0xEF, 0x1B, 0xFD, 0x8F, 0x53, 0x66, 0x4A, 0x1F, 0x7B, 0x36, 0xC8, 0xF6, 0xC1, 0xBD, 0x14, 0x8D,
    0x7C, 0xD2, 0xF6, 0x7F, 0x58, 0x27, 0xE5, 0xEC, 0x54, 0xC3, 0xED, 0x33, 0xE6, 0xDE, 0xF3, 0x16,
    0x12, 0x41, 0xD4, 0x61, 0xD1, 0xB3, 0xAB, 0x7D, 0xB8, 0x27, 0x76, 0x1B, 0xA7, 0x8B, 0xEF, 0x1D,
    0x17, 0x64, 0xBA, 0x71, 0x63, 0xD9, 0x2D, 0x3E, 0x2D, 0x40, 0x80, 0xBB, 0xA2, 0x5C, 0x45, 0x23,
    0x6E, 0x32, 0xDA, 0xC6, 0xCC, 0x46, 0x19, 0xCF, 0x6F, 0xA5, 0x05, 0x9D, 0x2F, 0x73, 0x98, 0xC8,
    0xE2, 0xF8, 0xD1, 0xE7, 0xF5, 0x86, 0xB3, 0x56, 0x06, 0x3A, 0x44, 0x9E, 0x53, 0xE7, 0x7E, 0x9A,
    0x98, 0xEB, 0xDC, 0xFF, 0x0E, 0xA5, 0xAE, 0x3B, 0xBC, 0xA8, 0x6C, 0xFD, 0x26, 0x5A, 0x49, 0x64,
    0x76, 0x6B, 0xA3, 0x2C, 0xF5, 0xEB, 0x41, 0xCA, 0xB3, 0x20, 0xF8, 0x2D, 0xB0, 0xAA, 0x78, 0x8B,
    0xC0, 0x8C, 0x26, 0xFC, 0x29, 0xD6, 0x7B, 0x65, 0x4F, 0x5B, 0x63, 0xFE, 0x0D, 0x4F, 0x04, 0x35,
    0x5C, 0x51, 0x4F, 0x64, 0x58, 0x20, 0x3F, 0x24, 0xF9, 0xBD, 0x69, 0x9E, 0x6C, 0xB9, 0x1D, 0x17,
    0xC3, 0x51, 0xB5, 0xE4, 0x6F, 0x9E, 0x6C, 0x9D, 0xE8, 0x71, 0x8D, 0x77, 0x53, 0x74, 0x31, 0x1F,
    0xCA, 0xD8, 0x1A, 0x56, 0x67, 0x6B, 0x58, 0x8D, 0xAD, 0x61, 0x5D, 0xCB, 0xF5, 0xAE, 0x8C, 0x0D,
    0xA5, 0xBA, 0x2B, 0xEA, 0xCF, 0x0E, 0x95, 0xA7, 0x6D, 0xAA, 0x75, 0x0A, 0x3A, 0xF6, 0xBD, 0x4B,
    0xF8, 0x83, 0x3C, 0xF2, 0x3E, 0x91, 0x53, 0x10, 0x35, 0x12, 0xE1, 0x07, 0x99, 0x91, 0x1F, 0xAE,
    0xE1, 0x80, 0x41, 0x70, 0xB3, 0x19, 0xE7, 0xDE, 0x55, 0x3E, 0x9D, 0xD9, 0x5A, 0x66, 0x9B, 0xE9,
    0x2A, 0xAF, 0x75, 0xEE, 0x9D, 0xF2, 0x14, 0x4D, 0x9B, 0x72, 0x91, 0x21, 0x44, 0x58, 0x1B, 0x31,
    0xE4, 0x58, 0x03, 0x75, 0x1C, 0xAE, 0x07, 0xC8, 0xBD, 0xBD, 0x20, 0xC4, 0xEB, 0xAF, 0x11, 0xAF,
    0xA0, 0xB7, 0xEC, 0xDA, 0x57, 0x1E, 0x6E, 0xBE, 0xEC, 0xBC, 0x52, 0xA1, 0x12, 0x60, 0xA5, 0xEC,
    0xF1, 0x61, 0x93, 0x09, 0x0A, 0x45, 0x91, 0xE3, 0x40, 0xB0, 0xF9, 0xB5, 0xDD, 0x39, 0x45, 0xE2,
    0xA8, 0x47, 0x7C, 0xED, 0x62, 0xA4, 0xFD, 0x22, 0x24, 0x2D, 0xFE, 0x20, 0x6F, 0xDD, 0xCB, 0x18,
    0x32, 0xDB, 0xB3, 0x59, 0x86, 0xCC, 0x9E, 0xCA, 0xA4, 0x25, 0xE4, 0xC0, 0x84, 0x0C, 0x99, 0x6D,
    0x84, 0x5B, 0x34, 0xDE, 0x68, 0xDE, 0x38, 0x50, 0x5A, 0xD4, 0xCB, 0x22, 0x82, 0xCC, 0x13, 0x53,
    0x7D, 0xC4, 0xAC, 0x1B, 0xBB, 0xFE, 0x49, 0x66, 0x91, 0x31, 0x5B, 0xD5, 0xF3, 0x07, 0xB8, 0x6C,
    0xF9, 0x99, 0x98, 0xD5, 0xCC, 0x77, 0x40, 0xEA, 0x99, 0x52, 0xD1, 0x94, 0x9A, 0xA6, 0xA0, 0x8C,
    0x10, 0x84, 0xAE, 0x09, 0x42, 0xD9, 0x14, 0x3C, 0x32, 0x04, 0xA9, 0x6E, 0x4A, 0x7D, 0xB3, 0xA4,
    0x70, 0xD2, 0xAA, 0x34, 0x44, 0xB6, 0x36, 0x05, 0x9A, 0x5E, 0x8A, 0x21, 0xC0, 0x56, 0xAD, 0x23,
    0x4A, 0xF9, 0x03, 0x57, 0x5C, 0xBC, 0x99, 0x88, 0x28, 0x31, 0xA8, 0x64, 0x24, 0xC3, 0xB5, 0x36,
    0x3F, 0xF5, 0x44, 0x69, 0xE6, 0xC1, 0xA3, 0x21, 0x3C, 0x17, 0x41, 0x1C, 0x2D, 0xC0, 0x9B, 0x1E,
    0x17, 0x26, 0x40, 0x65, 0x3B, 0x2A, 0x20, 0xC1, 0xEA, 0x3E, 0x32, 0x42, 0x86, 0xB3, 0x8A, 0x25,
    0xFE, 0x3F, 0xED, 0x3D, 0x6D, 0x6C, 0x1C, 0xC7, 0x75, 0xB3, 0xB7, 0x3C, 0x5E, 0xC4, 0xAD, 0xB5,
    0x04, 0x4A, 0xB5, 0x92, 0x65, 0xE9, 0x8C, 0x82, 0x0D, 0xE8, 0xD4, 0xD4, 0x02, 0x85, 0x8A, 0x28,
    0x31, 0xC9, 0x1D, 0xDB, 0x6D, 0xFD, 0x23, 0x28, 0x4C, 0x14, 0x92, 0x02, 0x44, 0x3F, 0xE4, 0x1F,
    0x42, 0xD1, 0xA6, 0x2E, 0x98, 0x02, 0x4E, 0xE3, 0x22, 0x94, 0x77, 0x65, 0x03, 0xC9, 0x8F, 0x22,
    0x08, 0x53, 0x58, 0x01, 0xFA, 0x91, 0x58, 0x05, 0xDA, 0x26, 0x88, 0x83, 0x4A, 0x45, 0xD4, 0x46,
    0xB0, 0x49, 0xEE, 0xC6, 0x06, 0x1A, 0xA0, 0x06, 0xEA, 0xB5, 0x83, 0xD4, 0x41, 0x02, 0x57, 0x1B,
    0x4B, 0x8A, 0x93, 0xBA, 0x00, 0x37, 0xD6, 0x29, 0x5A, 0x4A, 0xBB, 0x3B, 0x7D, 0x1F, 0xB3, 0x7B,
    0x7B, 0x14, 0xF5, 0x4D, 0x52, 0xA4, 0x5A, 0x5A, 0x37, 0xB3, 0x1F, 0x77, 0x33, 0x6F, 0xDE, 0xD7,
    0xBC, 0x37, 0xEF, 0xCD, 0x58, 0x08, 0x21, 0x9A, 0x12, 0x0A, 0x61, 0x47, 0x54, 0xC6, 0x55, 0x79,
    0x0C, 0xCB, 0x56, 0x82, 0xA5, 0x1D, 0x53, 0x19, 0x5A, 0x09, 0x7E, 0xCF, 0x4A, 0xB6, 0x09, 0x33,
    0xB1, 0x12, 0xC7, 0x6F, 0x41, 0xE9, 0x4A, 0x97, 0x4B, 0x1F, 0xCB, 0x21, 0x01, 0x65, 0x08, 0xDF,
    0x4A, 0xDC, 0x45, 0x21, 0xBC, 0xB8, 0xAD, 0xE0, 0x2F, 0xB2, 0xB0, 0xF4, 0x45, 0xA0, 0x14, 0x3C,
    0x34, 0x3E, 0x79, 0x54, 0x54, 0x7F, 0x9B, 0xA8, 0x74, 0x65, 0xB7, 0xDC, 0xC9, 0x2F, 0x9A, 0x58,
    0x04, 0x00, 0x93, 0xA9, 0x3A, 0x00, 0x86, 0xCA, 0xA0, 0xCD, 0x77, 0xF2, 0xCD, 0x00, 0x44, 0xE1,
    0x84, 0xED, 0x50, 0xB9, 0x3E, 0x34, 0xED, 0x4A, 0x5B, 0x29, 0x0F, 0xDE, 0x16, 0x9E, 0x14, 0x7F,
    0x94, 0xBB, 0xBE, 0x68, 0x64, 0x6E, 0x2C, 0xDA, 0xA9, 0x03, 0xFD, 0x25, 0xF0, 0x4E, 0x85, 0x0D,
    0xA5, 0x72, 0x21, 0xEE, 0xFD, 0x86, 0x14, 0xF5, 0xBF, 0x63, 0xF0, 0x69, 0xA4, 0x58, 0x64, 0x78,
    0x7B, 0x82, 0x1E, 0xCE, 0x50, 0x69, 0x76, 0xA8, 0x32, 0xC6, 0xF8, 0x8E, 0xDE, 0x0B, 0xEB, 0x10,
    0x55, 0x9B, 0xF9, 0xD7, 0x96, 0x10, 0x7F, 0x22, 0xB6, 0xE1, 0x55, 0x21, 0x1C, 0x1F, 0xE1, 0x64,
    0xD8, 0x3D, 0xAE, 0x00, 0x17, 0xBA, 0x0A, 0xF1, 0x9D, 0x44, 0x4C, 0x6C, 0x57, 0x82, 0x50, 0x51,
    0x08, 0xC2, 0x05, 0x74, 0x0D, 0xC8, 0x50, 0x92, 0xB0, 0xD1, 0x0B, 0x1A, 0xF7, 0xAE, 0x61, 0x49,
    0xEA, 0x95, 0x11, 0x89, 0x75, 0x03, 0xE7, 0xA6, 0xAD, 0x4C, 0xB8, 0x09, 0xAA, 0x1C, 0xAE, 0x04,
    0x7F, 0xC3, 0x8C, 0xEB, 0x50, 0xEB, 0x87, 0xC6, 0x20, 0x3F, 0x3C, 0x49, 0xD5, 0x60, 0x8B, 0x9E,
    0xEE, 0xE1, 0x6A, 0xE2, 0x38, 0x55, 0xED, 0x62, 0x35, 0xC0, 0xDD, 0xCC, 0xE8, 0x88, 0x45, 0x9C,
    0x88, 0xF8, 0x84, 0xB8, 0x10, 0x0B, 0x2F, 0xAC, 0x21, 0x1A, 0xBA, 0x95, 0x02, 0x5A, 0x74, 0x42,
    0xD1, 0x8E, 0x90, 0xF1, 0xF5, 0xBF, 0x08, 0x1F, 0x2A, 0xBF, 0xA5, 0x44, 0x90, 0x09, 0x2F, 0x41,
    0x10, 0x86, 0xAA, 0x5F, 0xED, 0xAE, 0x95, 0x26, 0xF6, 0x63, 0x3E, 0x87, 0xF0, 0x9A, 0x8F, 0x86,
    0x56, 0x2A, 0xCC, 0x1F, 0xF9, 0x81, 0x12, 0x86, 0x6A, 0x20, 0xE3, 0x89, 0x56, 0xF1, 0x24, 0x0A,
    0x14, 0xE1, 0xA2, 0x0D, 0x1D, 0xEF, 0xA0, 0x12, 0x58, 0x18, 0xC8, 0xE7, 0xFA, 0x36, 0x48, 0x85,
    0x2B, 0x1B, 0xC0, 0xE2, 0x1E, 0x3C, 0x84, 0x8E, 0x24, 0x52, 0x12, 0xF8, 0x18, 0xCB, 0x58, 0x38,
    0x1D, 0xE1, 0xA8, 0x05, 0x15, 0xD3, 0xE8, 0x24, 0xB4, 0x89, 0x23, 0x14, 0xF7, 0x5E, 0x5A, 0xCA,
    0x31, 0x03, 0x03, 0x44, 0x8C, 0x83, 0x61, 0x55, 0xF2, 0x93, 0x4A, 0xB8, 0x85, 0xCB, 0xDC, 0x42,
    0x20, 0x81, 0x48, 0x29, 0xE6, 0xA0, 0x00, 0xD1, 0xDD, 0x02, 0xB1, 0x05, 0x74, 0x83, 0xDC, 0xFA,
    0x30, 0x48, 0xE8, 0x09, 0x2B, 0x93, 0x2B, 0x03, 0x2B, 0x68, 0x6F, 0x8B, 0x47, 0xE8, 0x6E, 0xF6,
    0xA2, 0x3B, 0x63, 0x74, 0x47, 0x35, 0x74, 0xAF, 0x9E, 0xD8, 0xB6, 0xA9, 0x65, 0x1A, 0x8B, 0xBF,
    0x03, 0x8A, 0xD0, 0x41, 0xA2, 0xC1, 0x6F, 0xDB, 0x21, 0x00, 0x6A, 0x47, 0x1E, 0xE2, 0x17, 0xB1,
    0x88, 0xCF, 0xDC, 0xD0, 0x8D, 0x0D, 0x25, 0x1D, 0x05, 0x94, 0xB0, 0x11, 0x50, 0x68, 0x0F, 0xB8,
    0xF2, 0xDE, 0x9F, 0xD5, 0x90, 0x76, 0xDF, 0x7D, 0xCC, 0x1F, 0x2C, 0x40, 0xD6, 0xC9, 0x3A, 0xD3,
    0x36, 0xE2, 0xF2, 0x5B, 0xEB, 0x46, 0x80, 0x4A, 0xA8, 0x1F, 0xA4, 0x6A, 0xC7, 0x1E, 0xAA, 0x6C,
    0xD6, 0x5C, 0x2D, 0xAD, 0x27, 0x22, 0x71, 0xD5, 0xBF, 0x09, 0xC2, 0x9F, 0xF0, 0xB4, 0xAA, 0x75,
    0xE9, 0xAE, 0xAF, 0x6F, 0xD5, 0xC6, 0x37, 0xC0, 0x3A, 0xC8, 0xDA, 0xC1, 0x90, 0xFD, 0x0F, 0xA3,
    0x35, 0xE5, 0x97, 0x49, 0x1D, 0x32, 0x4B, 0xD4, 0x55, 0x97, 0x95, 0x73, 0xF5, 0x7B, 0x8C, 0x17,
    0x56, 0x6B, 0xF7, 0x1E, 0x5B, 0x55, 0x72, 0xDC, 0x73, 0x0F, 0xA2, 0x12, 0x11, 0xDB, 0x3A, 0x55,
    0xE2, 0xDD, 0x88, 0xEB, 0x30, 0x36, 0xF7, 0x62, 0xC3, 0xC8, 0x42, 0xAE, 0x52, 0x33, 0x58, 0x28,
    0x31, 0x68, 0x04, 0x28, 0x46, 0x8E, 0x42, 0x3E, 0x2F, 0xE0, 0x0D, 0x7C, 0x0C, 0x14, 0x86, 0x56,
    0x5E, 0x4A, 0xBC, 0x43, 0x02, 0xE9, 0x5F, 0xF4, 0x01, 0xC4, 0x33, 0x12, 0xC0, 0xBD, 0x0F, 0x61,
    0x7E, 0x50, 0xF3, 0x31, 0xE9, 0x21, 0x10, 0xCC, 0x7E, 0x00, 0xF1, 0xBF, 0x95, 0x6C, 0x95, 0x73,
    0xA4, 0x14, 0xFD, 0xC5, 0x4C, 0xB7, 0xEF, 0x88, 0xA8, 0xFA, 0x3E, 0x29, 0xAD, 0xCF, 0xFA, 0x57,
    0x4C, 0x94, 0xFA, 0xEF, 0x89, 0x2E, 0x1F, 0x78, 0x88, 0xE5, 0x16, 0xCA, 0x9F, 0x70, 0x0A, 0xFC,
    0xAA, 0xA2, 0xB1, 0x28, 0xFA, 0x95, 0x0A, 0x11, 0x83, 0x6E, 0x82, 0x08, 0xB4, 0x33, 0x6C, 0xAA,
    0xA1, 0xA8, 0xC1, 0x80, 0xB0, 0x07, 0x82, 0x43, 0xEA, 0x89, 0x66, 0xEF, 0x90, 0x50, 0x17, 0x12,
    0xE6, 0x08, 0x71, 0x1D, 0xC4, 0xDB, 0xDE, 0x92, 0x66, 0x2D, 0x2C, 0xC6, 0x11, 0xAE, 0x07, 0xB0,
    0xB0, 0x65, 0x39, 0x62, 0x2A, 0x06, 0x7A, 0xF9, 0xCF, 0x8B, 0x51, 0x27, 0xA0, 0xFD, 0x80, 0xD0,
    0x38, 0x97, 0x66, 0xB0, 0x2F, 0xC2, 0x0E, 0xFD, 0x00, 0xF4, 0x46, 0xFB, 0x02, 0x74, 0x62, 0x61,
    0x4F, 0x0D, 0xC4, 0x81, 0x89, 0xA8, 0xB4, 0x11, 0x95, 0x0E, 0x82, 0x4F, 0x5F, 0xF6, 0x64, 0xA9,
    0x03, 0xBA, 0x85, 0x87, 0x0D, 0x80, 0xF6, 0xF8, 0x00, 0x50, 0xE2, 0x45, 0x26, 0x33, 0xAA, 0x2D,
    0x20, 0xC6, 0xBD, 0x35, 0x2C, 0xDA, 0xA4, 0x42, 0xFC, 0xF2, 0xEA, 0x18, 0x30, 0x94, 0x71, 0x09,
    0x87, 0x73, 0x01, 0xD1, 0x34, 0x39, 0x59, 0x11, 0x7A, 0x95, 0xF4, 0x17, 0x29, 0x14, 0x62, 0x2C,
    0xBA, 0xDA, 0xB6, 0xB5, 0x14, 0x42, 0x52, 0x00, 0x20, 0x87, 0x3D, 0x7C, 0x16, 0x61, 0x01, 0xA4,
    0x73, 0xB1, 0x15, 0xE0, 0x33, 0x18, 0x8C, 0x98, 0x2A, 0x10, 0x3B, 0x48, 0x96, 0x1C, 0x31, 0xE4,
    0x5F, 0xC9, 0x67, 0x72, 0x14, 0x45, 0x21, 0x40, 0xBC, 0x50, 0x31, 0xDA, 0x83, 0xA1, 0x04, 0x6C,
    0xAD, 0xB6, 0x7A, 0x51, 0x89, 0x56, 0x2F, 0x86, 0x6E, 0x85, 0xB5, 0xB7, 0x62, 0x97, 0x1E, 0x12,
    0xCF, 0xC3, 0x2E, 0xA9, 0xA3, 0x6F, 0x63, 0xF1, 0x07, 0x9A, 0xBF, 0xBD, 0x70, 0xEB, 0xB5, 0x59,
    0x9B, 0xE6, 0x4E, 0xD2, 0x61, 0x2E, 0x0E, 0xC0, 0x45, 0xB9, 0x1B, 0xC3, 0x7B, 0x62, 0xDB, 0x60,
    0xA6, 0x87, 0x77, 0x88, 0x28, 0x6E, 0xD8, 0xC3, 0x5E, 0xCB, 0x15, 0xED, 0x65, 0x8B, 0x1D, 0x58,
    0xE0, 0xF4, 0x5E, 0x4D, 0x16, 0x34, 0x4F, 0xD4, 0x26, 0x0B, 0xE9, 0x46, 0x42, 0x81, 0xAC, 0x1C,
    0x2F, 0x70, 0xB2, 0x48, 0x97, 0x4C, 0x16, 0x27, 0xBB, 0xD6, 0x56, 0x8B, 0x84, 0xD0, 0x7C, 0x83,
    0x2C, 0x07, 0x9A, 0x43, 0x1B, 0x24, 0x55, 0xED, 0x94, 0x1E, 0xF8, 0x4F, 0xA0, 0x8A, 0x23, 0x21,
    0x8C, 0xD6, 0x40, 0x08, 0xB1, 0x69, 0x29, 0x5E, 0x12, 0xF7, 0x27, 0xE2, 0xA9, 0x79, 0xF1, 0x94,
    0x2D, 0x26, 0xE6, 0x19, 0x12, 0x9E, 0x59, 0x84, 0xB8, 0x20, 0x9E, 0x88, 0xC5, 0x89, 0x39, 0x71,
    0xA2, 0x2D, 0x9E, 0x99, 0x43, 0x63, 0x42, 0xCB, 0x82, 0x8F, 0xA6, 0xCE, 0xD3, 0x52, 0x3C, 0xF3,
    0x22, 0x92, 0xF8, 0xFE, 0x86, 0x38, 0x69, 0xC9, 0x41, 0x83, 0x67, 0xD9, 0x48, 0x3C, 0x93, 0x88,
    0xE4, 0x84, 0x7B, 0x29, 0xF1, 0x94, 0x7F, 0xA2, 0x6C, 0x2C, 0xB9, 0x2F, 0xB9, 0x4F, 0xEC, 0x4C,
    0xDB, 0xD9, 0xAE, 0x1D, 0x41, 0x36, 0x15, 0x0F, 0xF8, 0x6E, 0x12, 0x24, 0x41, 0x27, 0x48, 0xDC,
    0xB8, 0x29, 0x7A, 0xEF, 0x2C, 0xC0, 0xE6, 0xEE, 0x78, 0x77, 0xEC, 0x46, 0xFD, 0xA8, 0xB9, 0x67,
    0xEE, 0x1F, 0xF2, 0x3F, 0x80, 0xFF, 0xDD, 0x7F, 0xFF, 0x80, 0x8F, 0xF7, 0x1F, 0xDC, 0xFB, 0xC5,
    0x1F, 0xBC, 0xF0, 0xD3, 0x17, 0x7E, 0xF0, 0xC1, 0x27, 0xF0, 0xDE, 0x11, 0x0F, 0xF9, 0x0F, 0x85,
    0x8E, 0xBF, 0x5D, 0x8E, 0xF3, 0x80, 0xBE, 0x20, 0x5E, 0xFC, 0xE8, 0xBF, 0x8B, 0xAF, 0xB5, 0xBF,
    0xBA, 0xE7, 0xDB, 0x4E, 0xB6, 0xF3, 0xE2, 0xA7, 0xFA, 0x9C, 0xB7, 0xFE, 0xFC, 0x6F, 0x11, 0x51,
    0xC8, 0xC4, 0x60, 0x43, 0xE6, 0xE2, 0x5B, 0xFF, 0xF5, 0x29, 0x6F, 0xEE, 0x44, 0xD0, 0xF1, 0x12,
    0x9E, 0x04, 0x76, 0x89, 0x8F, 0x00, 0x1E, 0xC6, 0x81, 0xA5, 0x26, 0xFC, 0x36, 0xDA, 0x22, 0x3F,
    0x15, 0x93, 0x46, 0xFA, 0x6B, 0xDF, 0xFC, 0xAD, 0x6C, 0xE2, 0x54, 0x3B, 0x6E, 0x88, 0x96, 0x2F,
    0xEE, 0x1F, 0xDE, 0xB3, 0x67, 0x6C, 0xCF, 0x1E, 0x37, 0xE9, 0x7F, 0xBE, 0x3F, 0x73, 0xA3, 0x61,
    0xB1, 0xFC, 0x53, 0x41, 0x38, 0xF8, 0xF5, 0xDF, 0x19, 0x14, 0x23, 0x87, 0x7E, 0xF8, 0x61, 0x20,
    0xC4, 0xF7, 0x3F, 0x2C, 0xA7, 0x77, 0xFF, 0xE8, 0x21, 0x19, 0xCC, 0xAB, 0x97, 0xFD, 0x8F, 0x2F,
    0xCC, 0x9F, 0x97, 0x23, 0x48, 0xE8, 0xBD, 0x83, 0xC0, 0xDD, 0xE6, 0xA9, 0x3D, 0x0F, 0x9E, 0x35,
    0x7E, 0xF3, 0xD4, 0xDC, 0x7D, 0xF3, 0x1F, 0xFE, 0xB3, 0x53, 0x73, 0x48, 0x9E, 0xAF, 0x8F, 0xFC,
    0xE3, 0x5F, 0xFE, 0xD5, 0x5F, 0x83, 0x99, 0x78, 0x7F, 0xC9, 0xB5, 0xBF, 0x8D, 0xE5, 0xD0, 0xDB,
    0x00, 0xA8, 0x27, 0xDE, 0x3E, 0xF1, 0xA1, 0xAF, 0xBC, 0xFB, 0x87, 0x6F, 0xBF, 0x14, 0xA8, 0xF7,
    0x8A, 0xB7, 0x9D, 0x4B, 0xEF, 0x15, 0xEF, 0x7D, 0x41, 0x63, 0x77, 0x56, 0x88, 0x91, 0x5F, 0x05,
    0xC8, 0xFB, 0x1A, 0xA1, 0xE1, 0x1F, 0xDE, 0xFD, 0xFE, 0x57, 0xC3, 0x60, 0xFE, 0xB2, 0x0A, 0x3F,
    0xBE, 0xB0, 0x80, 0x62, 0x0E, 0x8A, 0xB4, 0x09, 0xFA, 0xA1, 0xE9, 0x00, 0x76, 0x5E, 0x96, 0x27,
    0x3E, 0x74, 0x5C, 0xBE, 0x14, 0xBC, 0x07, 0x1A, 0x14, 0x98, 0x43, 0xFC, 0x0A, 0x2A, 0x0F, 0xF8,
    0x6C, 0xED, 0x83, 0xB7, 0x7D, 0xCE, 0x67, 0x85, 0x98, 0x7E, 0x28, 0x78, 0x46, 0x04, 0xDE, 0xDF,
    0x7C, 0x46, 0x7C, 0xED, 0x72, 0xEE, 0x56, 0xF3, 0xC4, 0xD3, 0x9A, 0x25, 0x3E, 0x23, 0x85, 0xF7,
    0x8D, 0x99, 0xED, 0xC8, 0x8C, 0xC7, 0xC4, 0x67, 0xD2, 0x4F, 0xAA, 0x53, 0xC1, 0x02, 0xEA, 0x4E,
    0xA4, 0x04, 0xCF, 0x48, 0x28, 0x8F, 0x41, 0x0A, 0xDC, 0x9C, 0x09, 0x33, 0x57, 0x60, 0x16, 0x06,
    0xD2, 0x8E, 0xD0, 0xDA, 0x42, 0x59, 0x69, 0x47, 0xEE, 0xC3, 0x76, 0xEC, 0x3E, 0xFE, 0x78, 0xEC,
    0x2E, 0x1C, 0x8F, 0x40, 0x57, 0x84, 0xA0, 0xF2, 0xFC, 0x56, 0x07, 0x15, 0x94, 0x98, 0xB3, 0x16,
    0x9D, 0x70, 0x2C, 0x1E, 0x4B, 0x9C, 0xA8, 0x89, 0x60, 0x6D, 0x16, 0x3B, 0xAD, 0xDC, 0x3D, 0xBB,
    0x9B, 0x85, 0x7D, 0xD2, 0xCC, 0x7E, 0xF9, 0x2B, 0xDF, 0xFA, 0xC2, 0x9F, 0x66, 0x5E, 0xB2, 0x4B,
    0x5E, 0xF1, 0xB6, 0x8F, 0xAC, 0xF4, 0x9D, 0x30, 0xFD, 0x4B, 0xF7, 0x6C, 0xB4, 0xDB, 0x88, 0x77,
    0x07, 0x91, 0x59, 0x48, 0xF0, 0x0F, 0xCC, 0x4A, 0x85, 0xE6, 0xA2, 0xFD, 0x55, 0xE1, 0xFE, 0x87,
    0xF8, 0xF4, 0x0F, 0xC5, 0x47, 0xC1, 0xF6, 0x3B, 0x8A, 0xF3, 0x41, 0xDF, 0xF9, 0xF0, 0x97, 0xBE,
    0x15, 0xDE, 0x03, 0x1A, 0x39, 0x17, 0xAD, 0x99, 0xEB, 0xB7, 0x33, 0x36, 0x3D, 0x32, 0x76, 0xE2,
    0x70, 0x3A, 0x02, 0xFA, 0x7F, 0x62, 0x77, 0xD0, 0xF9, 0xD7, 0xD4, 0x7D, 0x1E, 0x7E, 0x32, 0x76,
    0x18, 0xE8, 0x3A, 0x9E, 0x3C, 0xD3, 0x59, 0xF2, 0x1C, 0xFE, 0xB6, 0xFB, 0x26, 0xE8, 0xAF, 0x63,
    0xA2, 0x3F, 0x11, 0x41, 0x2C, 0x2A, 0xE9, 0x02, 0x85, 0xE0, 0x09, 0x6B, 0xF6, 0xB2, 0x6F, 0x3F,
    0x78, 0xC6, 0x6F, 0xCD, 0xBE, 0x2C, 0x5B, 0x17, 0xE6, 0x85, 0xF7, 0xC5, 0x8E, 0x18, 0x6C, 0x8A,
    0x6B, 0xFC, 0xAE, 0xCE, 0xEE, 0xFD, 0xD2, 0x89, 0x3E, 0xDA, 0x99, 0x8F, 0xBD, 0x68, 0x40, 0xEE,
    0x04, 0xDA, 0xEC, 0x10, 0x8D, 0x24, 0x88, 0xF9, 0x9B, 0xE5, 0x95, 0x25, 0xED, 0x10, 0xC5, 0xA8,
    0x01, 0x73, 0xCF, 0x61, 0x71, 0x18, 0xC4, 0xD3, 0xF0, 0x51, 0x6F, 0x82, 0xEB, 0x1D, 0xB7, 0x62,
    0x57, 0x0E, 0x5F, 0xE7, 0x9D, 0xD8, 0x73, 0x8F, 0x70, 0x5E, 0x88, 0x5A, 0xEF, 0x74, 0x5A, 0xEF,
    0x24, 0xEE, 0x41, 0x7F, 0xF8, 0x03, 0xDA, 0x93, 0x8C, 0xC5, 0x78, 0x9E, 0x8B, 0x69, 0xA7, 0x2D,
    0x47, 0x1C, 0x47, 0x36, 0x16, 0x73, 0x61, 0x90, 0x84, 0x81, 0xE6, 0x12, 0x63, 0xF0, 0x02, 0x9F,
    0x4B, 0x03, 0x40, 0xE0, 0x87, 0x9E, 0x18, 0xBB, 0xE8, 0x4F, 0x9F, 0x09, 0x47, 0x5E, 0x46, 0x53,
    0xC6, 0xEA, 0xA0, 0xA4, 0x0C, 0x81, 0xAA, 0x57, 0x7E, 0xE0, 0xDB, 0xD2, 0x11, 0x99, 0x60, 0xF7,
    0xAE, 0x10, 0xE6, 0x82, 0xB4, 0x1E, 0x95, 0xEE, 0x71, 0xE1, 0xE6, 0x7A, 0xCC, 0xFD, 0xC7, 0x80,
    0x89, 0xD0, 0x34, 0x59, 0xF6, 0x1F, 0x28, 0xD6, 0x2B, 0xFF, 0xB1, 0x63, 0x6E, 0xFD, 0x93, 0xD8,
    0xB9, 0x59, 0xCC, 0xCF, 0x09, 0xF2, 0x7A, 0x84, 0x31, 0xB9, 0x5C, 0x3B, 0x57, 0xFE, 0x3C, 0xA5,
    0x7F, 0xC5, 0x64, 0x03, 0x7E, 0x06, 0x4C, 0x5C, 0xA9, 0xBD, 0xD5, 0xB6, 0xE8, 0xAF, 0xE5, 0xBA,
    0x97, 0x36, 0xBC, 0x5C, 0xCE, 0xAD, 0xC7, 0x1F, 0x6C, 0x2B, 0x19, 0xC4, 0x17, 0xDD, 0x15, 0x91,
    0x96, 0xCF, 0xB5, 0x9D, 0x68, 0xE8, 0x62, 0x9A, 0x05, 0x1B, 0x60, 0x46, 0x01, 0x60, 0xC6, 0x94,
    0xCA, 0x27, 0x09, 0xB2, 0xCB, 0xAA, 0x43, 0xA0, 0xBD, 0x01, 0xC0, 0x05, 0x08, 0xA1, 0x93, 0x74,
    0xA7, 0x88, 0xAB, 0xC0, 0x57, 0x41, 0x56, 0xD6, 0x95, 0x9B, 0x21, 0x97, 0x7F, 0xCF, 0xBF, 0x33,
    0x66, 0xEC, 0xC4, 0x4A, 0x5A, 0x1D, 0xB3, 0x63, 0xA6, 0xF8, 0xDF, 0xC1, 0x8E, 0x4A, 0x54, 0x54,
    0xB0, 0xC9, 0x0F, 0x06, 0x56, 0xDB, 0x6F, 0x82, 0xCA, 0xC3, 0x7A, 0x00, 0x17, 0x2A, 0x8C, 0x0C,
    0x09, 0x89, 0xF4, 0xC8, 0xC4, 0x41, 0xB5, 0x17, 0xCC, 0x19, 0x15, 0x14, 0xB9, 0x95, 0x55, 0x4D,
    0x42, 0xEB, 0xD8, 0x81, 0xC4, 0x7F, 0x7C, 0x6D, 0xCC, 0xAC, 0x09, 0xB5, 0x6E, 0xD2, 0xFF, 0x5A,
    0x7D, 0xFA, 0x6C, 0xDB, 0x2A, 0xEA, 0x10, 0x89, 0x89, 0x71, 0x8D, 0xA4, 0x92, 0x1E, 0x71, 0x6F,
    0xAD, 0x61, 0x3D, 0x04, 0x54, 0xC8, 0x1A, 0x99, 0x91, 0x0B, 0xFA, 0xEF, 0x40, 0xAE, 0x32, 0xA0,
    0x08, 0x41, 0x39, 0x32, 0x7C, 0x78, 0x76, 0x7A, 0xD6, 0x90, 0x56, 0x68, 0x85, 0x20, 0xAF, 0xD8,
    0x5F, 0xCE, 0x1F, 0x20, 0x0B, 0x28, 0x77, 0x01, 0x24, 0x79, 0x5E, 0xA0, 0x59, 0xA1, 0x4E, 0x2B,
    0x51, 0xB4, 0x8A, 0x2E, 0x72, 0x60, 0xB8, 0x0E, 0xCC, 0x16, 0xED, 0x5D, 0xDC, 0x0F, 0x62, 0x82,
    0xB0, 0x21, 0xD7, 0x54, 0x94, 0x36, 0x31, 0xD6, 0x1D, 0x76, 0x56, 0x09, 0x98, 0xCA, 0x56, 0xD6,
    0x77, 0xFA, 0x1D, 0x7D, 0x73, 0xED, 0x64, 0x48, 0x33, 0x4F, 0xD9, 0x7B, 0xC5, 0x3E, 0xA5, 0x1D,
    0x5F, 0xDE, 0x97, 0xEF, 0xF5, 0xF7, 0xAF, 0x41, 0xAB, 0xAD, 0xC3, 0x13, 0xB3, 0xE3, 0xD3, 0x7D,
    0x83, 0xE3, 0xD3, 0x13, 0xB3, 0x5B, 0x87, 0x6F, 0x86, 0x56, 0x03, 0x9B, 0x00, 0x19, 0x53, 0xF0,
    0x71, 0x78, 0x1A, 0xB5, 0x1D, 0xBE, 0x1F, 0xA0, 0xA5, 0x55, 0xA3, 0x87, 0x95, 0x1B, 0xC9, 0x8D,
    0x68, 0xAA, 0x95, 0xA7, 0x6A, 0xA9, 0x42, 0xCA, 0x69, 0x70, 0xA9, 0x4A, 0x3E, 0xD6, 0xFB, 0xDE,
    0x28, 0xDF, 0x93, 0x5B, 0xB6, 0x5A, 0x64, 0x35, 0x62, 0x33, 0x41, 0x84, 0x18, 0x33, 0x66, 0x02,
    0x83, 0x97, 0xD7, 0x24, 0x10, 0xBA, 0x26, 0x73, 0xF0, 0x99, 0xD6, 0xC0, 0x8C, 0xE8, 0xFB, 0x39,
    0xB6, 0x4A, 0xE9, 0xEF, 0x86, 0x89, 0x66, 0x8F, 0x32, 0x0B, 0x7B, 0xF5, 0xBB, 0xA6, 0xE6, 0xEB,
    0x67, 0xEA, 0x55, 0x73, 0x15, 0x16, 0x68, 0x5A, 0x8F, 0x6B, 0x28, 0x4E, 0x33, 0x71, 0xCA, 0x7B,
    0xA3, 0x59, 0x3E, 0xEF, 0x7D, 0xCF, 0xCF, 0x57, 0x8B, 0x0A, 0xF6, 0x8E, 0xB6, 0x67, 0x8F, 0x36,
    0xFB, 0xDA, 0x5E, 0xDB, 0x23, 0x14, 0x5C, 0x95, 0x06, 0x8D, 0xB7, 0x7C, 0x61, 0xBE, 0x17, 0x52,
    0x2D, 0x1E, 0x16, 0x74, 0x8D, 0x1F, 0xBC, 0xBE, 0x39, 0xFC, 0x0F, 0xF4, 0x2E, 0x3C, 0xCD, 0x71,
    0xB5, 0xC0, 0xD5, 0xC7, 0x78, 0x98, 0xFC, 0xDD, 0xDF, 0x38, 0xBB, 0x6A, 0xAA, 0xAE, 0xB4, 0x6B,
    0xAB, 0x3A, 0xD0, 0xF5, 0x65, 0xC6, 0xB0, 0xF9, 0x2A, 0xD7, 0x36, 0xBB, 0x8C, 0xC2, 0x4A, 0x7B,
    0x66, 0x8B, 0x55, 0x22, 0xC7, 0x08, 0x78, 0xEF, 0xBB, 0x3A, 0xCE, 0xEC, 0xE8, 0x83, 0x41, 0x76,
    0xFC, 0x3A, 0x33, 0xBE, 0x11, 0xEA, 0xCF, 0x82, 0x4F, 0xAB, 0x03, 0xC6, 0x8F, 0x23, 0xF0, 0x78,
    0x43, 0x70, 0xF1, 0x6B, 0x80, 0xDE, 0x84, 0x26, 0xD3, 0x7F, 0xEC, 0x64, 0x0B, 0x3B, 0xAC, 0xDF,
    0x0D, 0xF3, 0xEA, 0x60, 0xC6, 0x96, 0xC3, 0x2C, 0x57, 0x83, 0x83, 0x3D, 0xAB, 0x04, 0x6B, 0xBB,
    0xD2, 0xDD, 0xFD, 0x2B, 0x75, 0x42, 0xD6, 0x7B, 0xDF, 0xF8, 0x5D, 0xFE, 0xA2, 0xFD, 0x3A, 0x0F,
    0xC1, 0xD2, 0xB5, 0x61, 0x5C, 0xC5, 0x30, 0xD3, 0x06, 0x33, 0xC6, 0x04, 0xB6, 0xD1, 0xEA, 0x4B,
    0x4C, 0xE4, 0xF5, 0x4E, 0x33, 0x39, 0x03, 0xB0, 0x75, 0xA9, 0x36, 0x75, 0x0D, 0xE6, 0x2F, 0x42,
    0xEC, 0x2E, 0x10, 0x79, 0x85, 0xA7, 0xCE, 0x49, 0x82, 0x59, 0xA9, 0xD8, 0xE2, 0x3A, 0x41, 0xA8,
    0x8B, 0x03, 0x48, 0x9B, 0x4F, 0xEE, 0xAB, 0x2D, 0xA4, 0x3B, 0x12, 0xCB, 0xBF, 0x9B, 0x69, 0x5C,
    0x4C, 0x1A, 0xEF, 0x83, 0xEA, 0x23, 0x40, 0xB7, 0x00, 0xD2, 0x22, 0x53, 0x75, 0x6C, 0x95, 0xD9,
    0x6F, 0x66, 0xED, 0x30, 0x77, 0xC2, 0xA2, 0xAD, 0x0A, 0x5B, 0x15, 0xB8, 0x06, 0xB4, 0x3F, 0xDF,
    0x77, 0x20, 0x53, 0xAA, 0x03, 0x48, 0xC0, 0x45, 0xA8, 0xDA, 0xB2, 0x1A, 0xC2, 0x68, 0xF3, 0x9A,
    0x9A, 0xF1, 0x0B, 0xF0, 0x0C, 0x2E, 0x80, 0x4E, 0x9D, 0xAC, 0xE1, 0x68, 0xCA, 0x17, 0x18, 0xE0,
    0xB0, 0x00, 0x89, 0xF6, 0x2F, 0xC0, 0x87, 0x03, 0xDE, 0x69, 0x87, 0xF3, 0xC2, 0x86, 0xDA, 0xBE,
    0x98, 0x89, 0x03, 0xC0, 0x95, 0x88, 0x61, 0xFA, 0x1C, 0x0D, 0x2A, 0x2E, 0x1F, 0xE3, 0x05, 0xF9,
    0xC3, 0x59, 0xFD, 0x6E, 0x88, 0x29, 0x7E, 0x38, 0xAD, 0x57, 0x43, 0x77, 0x94, 0x0D, 0xCC, 0xBF,
    0xD0, 0x6A, 0xF4, 0xB4, 0x96, 0xDB, 0xD7, 0xB4, 0xDA, 0xD4, 0x6A, 0xA9, 0xF5, 0xBA, 0xDF, 0x53,
    0x97, 0xCF, 0xEF, 0x08, 0xF9, 0x7F, 0x1E, 0x19, 0x17, 0x13, 0xF1, 0x7E, 0x04, 0x04, 0x82, 0x0B,
    0xBC, 0x9E, 0xBC, 0x25, 0xDA, 0xFF, 0x33, 0x98, 0x15, 0x97, 0x80, 0xCE, 0xFF, 0x02, 0xF5, 0xA0,
    0xE4, 0x6B, 0xFC, 0x0C, 0xDE, 0x1E, 0xDD, 0x6F, 0x65, 0xF9, 0xB3, 0x0F, 0x57, 0xCA, 0xC6, 0x51,
    0x03, 0x4E, 0xA0, 0x42, 0xDE, 0x8A, 0xCA, 0x99, 0x8A, 0x09, 0x2C, 0xC6, 0x71, 0xF9, 0xB3, 0xEF,
    0x7A, 0xCB, 0x9F, 0xDC, 0x27, 0x77, 0xCA, 0xBD, 0x96, 0xDD, 0x52, 0xBF, 0xDC, 0x31, 0x60, 0x38,
    0xC1, 0xAE, 0x8F, 0xA4, 0xD4, 0x37, 0x28, 0x31, 0xE8, 0x3C, 0x50, 0x12, 0x7A, 0x77, 0x15, 0xCC,
    0x00, 0x13, 0x96, 0xE2, 0xFE, 0x19, 0x00, 0x86, 0x80, 0x41, 0x60, 0x18, 0x18, 0x08, 0x86, 0x82,
    0xC1, 0xD0, 0x70, 0xF0, 0x4A, 0xF5, 0xF6, 0x45, 0x24, 0x7A, 0x04, 0xEF, 0x0B, 0xB1, 0xF9, 0x38,
    0xCE, 0x18, 0x5E, 0x46, 0x11, 0x90, 0x7E, 0x95, 0xEE, 0x87, 0x67, 0x48, 0x4F, 0x9C, 0x41, 0x54,
    0xDD, 0x41, 0xEA, 0x97, 0xAC, 0x29, 0xF1, 0x63, 0x70, 0x3C, 0xB3, 0xBA, 0x87, 0x77, 0xD8, 0x26,
    0x35, 0x4A, 0xAD, 0xEA, 0x66, 0xA9, 0x5D, 0x0A, 0xAD, 0x40, 0xCB, 0x62, 0xBF, 0x52, 0x8B, 0x12,
    0xE7, 0x84, 0x44, 0xA9, 0x47, 0x80, 0xC6, 0x33, 0x18, 0xED, 0xAC, 0xC5, 0x71, 0xAA, 0x85, 0x73,
    0x2A, 0x9A, 0xD5, 0x7A, 0x6C, 0xF7, 0xD9, 0xC0, 0xED, 0x06, 0x48, 0x9E, 0x7B, 0x33, 0x16, 0x9E,
    0xF5, 0x2E, 0xB0, 0x6B, 0xEB, 0x0C, 0x14, 0x86, 0x94, 0x37, 0x12, 0x20, 0x29, 0x29, 0x47, 0xD1,
    0x01, 0xEC, 0x94, 0x7B, 0x2D, 0xBB, 0xA5, 0x7E, 0xB9, 0x63, 0xE8, 0x39, 0xA5, 0xAE, 0x73, 0xEA,
    0x3B, 0x38, 0x4A, 0x33, 0xA4, 0xA2, 0x45, 0x61, 0x15, 0x42, 0xF7, 0x3F, 0x51, 0x92, 0xFA, 0x67,
    0x00, 0x18, 0x02, 0x06, 0x41, 0x07, 0x8B, 0x09, 0x08, 0x86, 0x42, 0x30, 0x18, 0x0C, 0x07, 0x2F,
    0x67, 0xDF, 0x12, 0xE5, 0x0E, 0x81, 0x09, 0x99, 0xE5, 0xFC, 0x79, 0x6A, 0x64, 0x05, 0x28, 0x75,
    0x8C, 0x56, 0x9F, 0xE1, 0xBB, 0x8D, 0x45, 0xFC, 0xD5, 0xB1, 0x93, 0x77, 0x24, 0x6C, 0xB5, 0x62,
    0x54, 0xF1, 0x2F, 0x7E, 0x0E, 0xA8, 0x82, 0xFD, 0x33, 0x00, 0x0C, 0xC1, 0xAA, 0x53, 0x05, 0x90,
    0x98, 0xC1, 0x57, 0x67, 0x53, 0x2D, 0x4B, 0x3E, 0x7F, 0x0C, 0xB1, 0x12, 0x14, 0xC2, 0xA8, 0xD3,
    0x22, 0x4E, 0x4C, 0x38, 0x47, 0x6A, 0x31, 0x92, 0x65, 0xD1, 0xBC, 0x0D, 0x31, 0xFA, 0xCE, 0xF7,
    0xC0, 0xF4, 0x7B, 0xF6, 0x62, 0x08, 0x04, 0x7B, 0x16, 0x09, 0x76, 0x04, 0x8A, 0x06, 0xDC, 0x06,
    0x06, 0xBC, 0x58, 0x75, 0x82, 0x7D, 0xE7, 0x7B, 0x2F, 0x00, 0xC1, 0x9E, 0xBD, 0xF8, 0x6F, 0x48,
    0xB0, 0x67, 0x89, 0x60, 0x47, 0xB0, 0x44, 0x08, 0x18, 0x84, 0xD5, 0x23, 0xD8, 0xF0, 0x13, 0x6C,
    0x0E, 0x4E, 0x9F, 0x62, 0x7B, 0x10, 0x6B, 0xBC, 0x87, 0xE7, 0xB7, 0x4F, 0xB0, 0x27, 0xD0, 0x31,
    0x25, 0x82, 0xA5, 0x49, 0xE9, 0xE8, 0xD1, 0x15, 0x3D, 0xA3, 0xB7, 0x0D, 0x0C, 0x27, 0x61, 0x88,
    0x12, 0x70, 0xD1, 0x4A, 0x71, 0xB5, 0x0B, 0x27, 0x72, 0xC0, 0x99, 0xDA, 0xBC, 0x5F, 0x39, 0xAA,
    0x70, 0x55, 0xB6, 0x5D, 0xE9, 0xB8, 0x7C, 0xE3, 0xC8, 0x8C, 0x75, 0x26, 0x01, 0x45, 0xD3, 0x78,
    0x36, 0xC2, 0x1F, 0xEA, 0x10, 0x15, 0xC5, 0x37, 0x89, 0x8E, 0xAD, 0xB4, 0x4C, 0xE5, 0x61, 0x6B,
    0x40, 0xE9, 0x02, 0x9A, 0x3A, 0x2B, 0x30, 0xB8, 0x48, 0xB4, 0x91, 0xDB, 0xC1, 0x72, 0xAF, 0x41,
    0xD9, 0x78, 0x16, 0xF0, 0x68, 0xBD, 0x85, 0xB1, 0x55, 0x2C, 0xE8, 0x16, 0x27, 0xAD, 0xCF, 0x87,
    0xED, 0xD7, 0x23, 0xFB, 0xB5, 0x48, 0x1B, 0x9C, 0x37, 0x03, 0x29, 0xFD, 0x1A, 0xC0, 0x7B, 0x1D,
    0x63, 0xB0, 0xAF, 0x45, 0x3D, 0x46, 0xEB, 0x8A, 0x01, 0x3E, 0x4D, 0xEE, 0xF3, 0xB4, 0x68, 0x7C,
    0x4E, 0x5A, 0xA7, 0x43, 0xEB, 0xB5, 0xF0, 0x96, 0x00, 0x65, 0x73, 0x7B, 0xAE, 0xBC, 0x82, 0xC6,
    0x00, 0xF8, 0xD3, 0x00, 0x1E, 0x34, 0xB8, 0xF2, 0x70, 0x37, 0xC0, 0xA8, 0x01, 0x17, 0x74, 0x41,
    0x36, 0x2E, 0x87, 0x8D, 0x37, 0x43, 0x4B, 0x85, 0x03, 0x8B, 0xB5, 0x0E, 0x6E, 0x0C, 0xEE, 0x86,
    0x4F, 0xCB, 0xF6, 0x58, 0x2C, 0x00, 0x50, 0xD0, 0x14, 0x14, 0x6F, 0x22, 0xC8, 0xE0, 0x3D, 0x89,
    0x6E, 0x83, 0x2B, 0x8C, 0x6F, 0x9B, 0xE6, 0x6B, 0x1B, 0xF5, 0x90, 0x71, 0xA9, 0x83, 0x91, 0xEF,
    0x2A, 0xEE, 0x7D, 0x2B, 0x69, 0x50, 0x6D, 0x8E, 0x28, 0x51, 0xFD, 0xA5, 0x19, 0x61, 0x9E, 0x4F,
    0x44, 0xE3, 0x3C, 0xAE, 0xE5, 0xCA, 0x9E, 0xF4, 0x2A, 0x52, 0x6E, 0x1C, 0xCF, 0xA4, 0xF0, 0x22,
    0x0D, 0xC0, 0xCE, 0x25, 0x18, 0xBA, 0x09, 0x7D, 0x9C, 0xD3, 0xB1, 0x08, 0x7C, 0xD0, 0x07, 0x2C,
    0x9B, 0x41, 0xC2, 0xDE, 0x2C, 0x85, 0x2F, 0x3E, 0x05, 0x73, 0xA3, 0x10, 0x9F, 0x05, 0xF3, 0xA0,
    0x23, 0x9E, 0x7E, 0xCA, 0x50, 0x89, 0x11, 0xF8, 0xB7, 0x9E, 0xBC, 0x75, 0x4C, 0xA7, 0xFA, 0xBD,
    0x0C, 0x50, 0xCC, 0x43, 0x37, 0x9D, 0x13, 0x60, 0xF6, 0xC7, 0xA2, 0x31, 0xBF, 0xC4, 0xA3, 0xBB,
    0x5D, 0xA8, 0xD7, 0x3E, 0x1F, 0xA3, 0x5A, 0x2C, 0xC3, 0x10, 0x09, 0xA5, 0x30, 0x70, 0xBC, 0x9A,
    0x3A, 0x05, 0xBD, 0xCD, 0x5D, 0xC5, 0xDD, 0xB8, 0x35, 0x77, 0x0F, 0x3D, 0x7B, 0x11, 0x79, 0x70,
    0x94, 0x8E, 0x06, 0x4A, 0x39, 0xA3, 0x0A, 0xBF, 0x43, 0x30, 0xF8, 0xEC, 0x62, 0x44, 0xEC, 0x61,
    0x2C, 0x6A, 0x07, 0x83, 0xFC, 0x8B, 0x82, 0xDD, 0x8B, 0x8E, 0x13, 0x55, 0x19, 0x9D, 0xC3, 0xC8,
    0xF3, 0x4E, 0xD6, 0x50, 0x69, 0x1B, 0xBC, 0xA8, 0x14, 0x95, 0xBE, 0x87, 0x69, 0x11, 0x02, 0x9D,
    0x7C, 0x45, 0x94, 0x6A, 0x23, 0x81, 0xF6, 0x79, 0x31, 0xBA, 0x12, 0xCA, 0x2F, 0x3D, 0xC9, 0x61,
    0x4E, 0xC4, 0x74, 0x30, 0x4F, 0x2B, 0x05, 0x6D, 0x0D, 0xDD, 0xA6, 0x3C, 0x67, 0x20, 0x78, 0x08,
    0x1B, 0xCE, 0x75, 0x04, 0x39, 0x3E, 0x44, 0x39, 0xB0, 0x3B, 0x62, 0xDF, 0x54, 0x81, 0x1E, 0x04,
    0xB8, 0x25, 0x41, 0xAA, 0x16, 0xAD, 0x4E, 0x9D, 0x7C, 0x1C, 0xCF, 0xBC, 0xD3, 0xE1, 0xF9, 0x66,
    0x15, 0x8A, 0x27, 0x58, 0x18, 0xAE, 0x0E, 0x53, 0xC1, 0x47, 0x7A, 0x99, 0x29, 0xD1, 0xCB, 0xF0,
    0xEF, 0x08, 0xBD, 0x26, 0x99, 0x43, 0x61, 0xA0, 0x88, 0x27, 0xA7, 0xB3, 0x09, 0x8C, 0x3E, 0xF0,
    0x5D, 0x2C, 0x1C, 0x48, 0x01, 0xC0, 0x00, 0xAD, 0x80, 0x70, 0xED, 0x84, 0x31, 0xD8, 0x22, 0xBB,
    0xC3, 0xA7, 0xE6, 0x49, 0x1C, 0x50, 0x09, 0x99, 0xA9, 0xD8, 0x72, 0x30, 0x05, 0x6D, 0xD3, 0x21,
    0x13, 0x42, 0x43, 0x7E, 0x73, 0x6D, 0x57, 0xE4, 0x95, 0x4C, 0x5E, 0x7C, 0x88, 0xAB, 0x5D, 0x66,
    0x2E, 0xB6, 0x1C, 0x50, 0xCF, 0xA3, 0x3F, 0xE6, 0xAA, 0x85, 0xC2, 0x2D, 0x1E, 0xC9, 0xD7, 0x1F,
    0x89, 0x6B, 0x49, 0xCC, 0x5D, 0x98, 0x44, 0x5F, 0xAD, 0x74, 0x6A, 0x6F, 0x37, 0x89, 0x0D, 0xC1,
    0x18, 0xBD, 0xEB, 0xA4, 0x6D, 0xBF, 0x5E, 0x35, 0x7B, 0x46, 0xD0, 0xFB, 0x6E, 0x40, 0xAC, 0x3A,
    0x5F, 0xD5, 0xD6, 0xDE, 0x0F, 0xE3, 0xDA, 0x8F, 0xFE, 0x1C, 0xD6, 0xCF, 0x46, 0x56, 0x9F, 0xF7,
    0xAE, 0xDF, 0xBF, 0x46, 0x0E, 0xAF, 0xCD, 0x72, 0x66, 0xD2, 0x0B, 0x0F, 0xD3, 0x25, 0xF2, 0x42,
    0xFB, 0x59, 0xEC, 0xAC, 0x79, 0xA7, 0x38, 0xB6, 0x59, 0x5B, 0x30, 0xD6, 0xE9, 0x77, 0xC2, 0x99,
    0xE2, 0x14, 0x2B, 0x9F, 0x18, 0xD2, 0x79, 0x84, 0x38, 0xAB, 0x6F, 0xFD, 0x30, 0x64, 0x93, 0x01,
    0xEE, 0x03, 0x68, 0x1D, 0xA7, 0x49, 0x69, 0x67, 0xEE, 0xA3, 0x8A, 0x20, 0x04, 0x0A, 0xCF, 0x20,
    0x6C, 0x00, 0x58, 0x02, 0xF6, 0x13, 0x58, 0x0A, 0x05, 0xC1, 0x63, 0x28, 0xCD, 0x55, 0x98, 0x78,
    0xD8, 0x66, 0x8A, 0xB2, 0x9D, 0x84, 0xE9, 0x70, 0xAE, 0x6F, 0xEC, 0x53, 0xBE, 0x09, 0x26, 0x92,
    0x09, 0xAE, 0x81, 0xA9, 0xCE, 0xD6, 0x13, 0xCD, 0x00, 0x3C, 0xEC, 0x89, 0xBA, 0xE2, 0x14, 0x37,
    0xEC, 0x8C, 0xF1, 0x81, 0xDD, 0x31, 0x2E, 0xA8, 0x43, 0xEA, 0x91, 0xBA, 0x24, 0x1C, 0x10, 0x06,
    0x88, 0x97, 0x68, 0xF4, 0x34, 0x76, 0x1A, 0xB9, 0xC6, 0x0D, 0x19, 0x2F, 0x30, 0x66, 0x63, 0x5F,
    0xB0, 0x08, 0x3D, 0x2B, 0x5C, 0x73, 0x2B, 0x54, 0x0C, 0xFD, 0x3B, 0xBD, 0xA9, 0xBB, 0x2B, 0x98,
    0xEC, 0xCC, 0xAA, 0xD2, 0x93, 0x9A, 0xDA, 0xD4, 0x9A, 0xA0, 0xE6, 0xF0, 0xB6, 0xBD, 0x88, 0xDC,
    0x03, 0x06, 0x8D, 0x27, 0xA8, 0x04, 0x13, 0x76, 0x21, 0xF6, 0x88, 0x38, 0x2E, 0x19, 0x38, 0xD4,
    0x2A, 0x37, 0xAB, 0xDB, 0xD5, 0x0D, 0xB7, 0xBA, 0xC5, 0x3C, 0x31, 0x04, 0xF4, 0xD0, 0xFA, 0xBC,
    0x44, 0x67, 0x0B, 0xD3, 0x5F, 0xD2, 0x25, 0xCB, 0x9B, 0x2B, 0x36, 0xA2, 0x96, 0x10, 0xDD, 0x72,
    0x5E, 0x94, 0x5D, 0x73, 0xDF, 0xDC, 0xF9, 0x95, 0xBD, 0xAF, 0x1E, 0x1E, 0xEE, 0x58, 0xC0, 0xE4,
    0x14, 0xDA, 0xFF, 0x66, 0x88, 0xFF, 0x80, 0xB9, 0xE0, 0x6B, 0x0D, 0xA9, 0x63, 0xAB, 0x70, 0x6D,
    0x22, 0x63, 0x47, 0x30, 0x90, 0xF6, 0x6B, 0x1D, 0xF7, 0xD1, 0xCC, 0x35, 0x32, 0x0F, 0xFE, 0xFD,
    0x28, 0x05, 0x7D, 0xDA, 0x56, 0x71, 0x3F, 0x6B, 0x94, 0xED, 0x1A, 0x1F, 0x27, 0x75, 0x7E, 0x18,
    0xEA, 0x5F, 0xE4, 0xD0, 0x72, 0x66, 0x33, 0xBE, 0xCE, 0x20, 0x20, 0x03, 0x07, 0x39, 0x40, 0x9A,
    0x03, 0x7A, 0x73, 0xF8, 0x1A, 0x7C, 0x64, 0x2E, 0x3C, 0x51, 0x08, 0xF7, 0x5C, 0x81, 0x9E, 0x06,
    0x2E, 0x92, 0x3F, 0xDF, 0xA0, 0xB5, 0x4C, 0x57, 0x55, 0x39, 0xDC, 0x37, 0x05, 0xCC, 0xD4, 0x0C,
    0x2E, 0xD3, 0xA7, 0x88, 0x62, 0xD4, 0x14, 0x97, 0x73, 0x14, 0x54, 0x45, 0xB9, 0xAC, 0xB8, 0xA0,
    0xE1, 0x9E, 0x83, 0xFE, 0x1C, 0x5C, 0x66, 0xB5, 0x95, 0x3F, 0x52, 0x4E, 0x99, 0x57, 0xC5, 0xB5,
    0x81, 0x99, 0x53, 0xD2, 0x0E, 0x5B, 0xD2, 0xD0, 0x66, 0xF8, 0x54, 0x62, 0x4C, 0xAA, 0xD8, 0x49,
    0x55, 0x12, 0x64, 0x97, 0x7F, 0xAE, 0x3A, 0xE6, 0xFB, 0x00, 0xD8, 0x25, 0x10, 0x63, 0x5C, 0xD4,
    0x25, 0x21, 0x8E, 0xD9, 0xE0, 0xA7, 0x0C, 0x29, 0x72, 0xD0, 0x48, 0x78, 0x0B, 0x0A, 0x1F, 0x84,
    0xC4, 0x15, 0xC0, 0x9D, 0x0B, 0x00, 0x97, 0x6B, 0xA1, 0x2D, 0x8B, 0xBE, 0x9A, 0xFB, 0xF8, 0x69,
    0xD0, 0xC7, 0xEA, 0xBB, 0xC9, 0x70, 0x5B, 0x3D, 0xD6, 0x41, 0x97, 0x2B, 0xF1, 0x50, 0x8B, 0x79,
    0xC5, 0x41, 0xE5, 0xD7, 0x23, 0x74, 0xF8, 0x5B, 0xCA, 0x28, 0xB6, 0x2E, 0x53, 0x46, 0x31, 0x1A,
    0xBB, 0xAF, 0xE0, 0x38, 0x9F, 0x83, 0x11, 0xBB, 0x8F, 0x25, 0xE2, 0x01, 0x2F, 0x58, 0x9C, 0xC4,
    0x06, 0x32, 0x0C, 0x30, 0x64, 0x9E, 0x3A, 0x02, 0xB8, 0x60, 0xDD, 0x13, 0x07, 0xC8, 0xD6, 0x94,
    0x1B, 0x4D, 0x33, 0x15, 0xF2, 0xF6, 0x16, 0xC9, 0x1E, 0x46, 0xC6, 0xF6, 0x8F, 0x01, 0x03, 0xC0,
    0x5C, 0x65, 0x60, 0x4F, 0x61, 0xBF, 0xAA, 0xC2, 0xF6, 0xAB, 0x2A, 0xB1, 0xBF, 0x7B, 0x3E, 0xB5,
    0xD5, 0x3B, 0xD9, 0x01, 0xF5, 0x4A, 0xA6, 0xD7, 0xD9, 0x3B, 0xC5, 0xC7, 0xB4, 0xDF, 0x6C, 0xD1,
    0x6A, 0x0F, 0x2A, 0x26, 0xA4, 0x59, 0xA3, 0x50, 0xA8, 0xE0, 0x3D, 0xC4, 0x94, 0x87, 0x2E, 0x04,
    0x88, 0x95, 0xFD, 0xE3, 0x0C, 0x19, 0xAF, 0xD8, 0x2B, 0x68, 0x12, 0xE1, 0x22, 0xF6, 0xA0, 0xFD,
    0x04, 0x7C, 0x51, 0x2B, 0x05, 0xB1, 0x01, 0x05, 0x16, 0x52, 0xC0, 0x44, 0x6B, 0x40, 0x03, 0xE7,
    0x09, 0x83, 0x62, 0xF9, 0x94, 0xB7, 0xCD, 0x4B, 0x47, 0x22, 0x40, 0x9E, 0x32, 0x0A, 0x9C, 0x07,
    0x5B, 0x19, 0xEE, 0x32, 0x6B, 0x27, 0x96, 0x76, 0xAE, 0x4A, 0x79, 0xF4, 0x40, 0xFF, 0x36, 0xBF,
    0xEE, 0x52, 0xA0, 0xD4, 0xA6, 0xD2, 0xC0, 0xB2, 0x23, 0x8C, 0x4F, 0xFC, 0x03, 0x35, 0xBA, 0x17,
    0x03, 0xAA, 0x0A, 0x05, 0x8F, 0x78, 0xAD, 0x80, 0x0E, 0x27, 0xF5, 0xC4, 0x48, 0xE2, 0xA0, 0x66,
    0x30, 0x1D, 0x0D, 0x85, 0xD3, 0xC5, 0xA2, 0x45, 0x62, 0xDA, 0xDC, 0x27, 0xCB, 0xEC, 0x5D, 0xD2,
    0x07, 0x2D, 0x22, 0x89, 0x49, 0xFD, 0x36, 0xE8, 0x67, 0xB4, 0x82, 0x56, 0x0A, 0xCE, 0x2A, 0x40,
    0xDE, 0xA8, 0x1C, 0x76, 0xBB, 0x4A, 0x42, 0xA7, 0xE9, 0xC0, 0x4E, 0xBB, 0xC6, 0xE0, 0xAD, 0x0F,
    0xAE, 0x0F, 0x0C, 0x48, 0x4F, 0xBA, 0x50, 0x6F, 0xC3, 0x2B, 0x41, 0x89, 0x04, 0xBB, 0xDA, 0xB8,
    0xC9, 0xC3, 0x75, 0x64, 0x1F, 0x3C, 0x06, 0xCB, 0x07, 0xAE, 0x5D, 0xB9, 0xE3, 0x5E, 0x0A, 0xA5,
    0xDA, 0x51, 0x2B, 0x1C, 0x39, 0x34, 0x9B, 0xCD, 0xCE, 0x0E, 0x0E, 0xB6, 0x7C, 0x10, 0x0F, 0x7F,
    0x18, 0xEE, 0x70, 0xC9, 0x4C, 0x88, 0xE9, 0xE9, 0xB9, 0x7C, 0x7A, 0xBA, 0x01, 0x42, 0x83, 0xD9,
    0x42, 0xF8, 0x7C, 0x36, 0x35, 0x84, 0x1D, 0xDA, 0x70, 0x37, 0xF6, 0xD4, 0xE1, 0x6C, 0xEC, 0xE4,
    0xD0, 0xE0, 0xE1, 0xF4, 0x70, 0x36, 0x34, 0x88, 0x79, 0x45, 0x63, 0xD3, 0x62, 0x70, 0x6C, 0xFA,
    0xF0, 0xEC, 0x08, 0xB8, 0x6E, 0x17, 0xE5, 0x45, 0x1F, 0xFF, 0x13, 0x62, 0xD4, 0x9D, 0x10, 0x5B,
    0xDD, 0x89, 0x3E, 0xFC, 0xF4, 0x4D, 0xB8, 0x5B, 0x61, 0xAA, 0x0E, 0x3F, 0x1D, 0x7D, 0x3A, 0x72,
    0xC3, 0xA6, 0xB8, 0x4F, 0xD4, 0x33, 0x88, 0x05, 0xA8, 0xCD, 0x07, 0x27, 0x9D, 0xCE, 0xAE, 0x3D,
    0xCF, 0x9C, 0x0C, 0x74, 0x46, 0x13, 0x26, 0x0F, 0x0A, 0xEB, 0x31, 0x4C, 0x1E, 0xF4, 0xF2, 0xBA,
    0xD2, 0xE6, 0x18, 0x70, 0xAB, 0xB6, 0x6D, 0x6B, 0xEC, 0x14, 0x86, 0xF9, 0xC6, 0x53, 0x24, 0x4A,
    0xDF, 0xE0, 0xDA, 0x6D, 0x5A, 0x34, 0x7A, 0x42, 0xD4, 0x75, 0x88, 0x4A, 0x98, 0x34, 0x50, 0x15,
    0x54, 0x7A, 0x47, 0x25, 0xC1, 0xA5, 0x01, 0xD3, 0x90, 0x69, 0xD0, 0x08, 0x36, 0xC1, 0xC0, 0x09,
    0x86, 0x4E, 0x30, 0x78, 0x82, 0xE1, 0x13, 0x0C, 0x20, 0xB1, 0x1D, 0x78, 0xBD, 0x04, 0x62, 0xA1,
    0xED, 0xA5, 0x84, 0x80, 0x04, 0x93, 0x0C, 0xC3, 0xF8, 0xED, 0x44, 0x83, 0xD9, 0x47, 0xD3, 0x6D,
    0x1B, 0x57, 0x43, 0xC5, 0xE6, 0x69, 0xB8, 0x1E, 0xDE, 0x74, 0x4B, 0x8E, 0x39, 0xFA, 0x2F, 0x18,
    0xC3, 0x9A, 0xC0, 0x85, 0x4F, 0xE0, 0xD8, 0x1D, 0x1D, 0xBC, 0x1F, 0x16, 0x5B, 0x57, 0xCA, 0x59,
    0x87, 0xC6, 0xE1, 0xE7, 0xA0, 0x45, 0xC0, 0x7F, 0x70, 0xA4, 0x18, 0x2F, 0x51, 0x19, 0xC0, 0x84,
    0x01, 0xA6, 0x60, 0xC7, 0xBE, 0x9C, 0x82, 0x9A, 0x74, 0x8F, 0xE4, 0xEE, 0x7F, 0xE6, 0x8E, 0xCA,
    0x61, 0x6A, 0x40, 0x2D, 0x07, 0xF6, 0xB9, 0x97, 0xB8, 0x2A, 0xC2, 0xA8, 0x5B, 0x2A, 0xB6, 0x49,
    0x06, 0x12, 0xD5, 0x10, 0xEA, 0x69, 0x74, 0x45, 0x1C, 0x64, 0x8E, 0x25, 0xF3, 0x7F, 0x20, 0x69,
    0xB1, 0x07, 0x5A, 0x15, 0x36, 0x28, 0x61, 0x54, 0xBF, 0xD0, 0xB0, 0x70, 0xDF, 0x28, 0x26, 0x1D,
    0x90, 0x28, 0x9C, 0xD9, 0x1B, 0x98, 0x0B, 0x81, 0xD6, 0x3F, 0x2E, 0x19, 0x81, 0xA6, 0x74, 0x11,
    0x35, 0x70, 0xBB, 0x4D, 0x2B, 0x88, 0x57, 0x42, 0xE3, 0x4C, 0x28, 0x2E, 0x4B, 0xDC, 0xAC, 0x37,
    0x7A, 0xAB, 0xB0, 0x72, 0x43, 0x02, 0x5B, 0xC2, 0xA6, 0xB0, 0xAD, 0x6E, 0x63, 0x2B, 0x04, 0x2B,
    0x78, 0x24, 0x63, 0xE5, 0xBF, 0xF1, 0x9E, 0x76, 0x6F, 0x0E, 0x56, 0xF4, 0x6C, 0xC6, 0x6A, 0x9F,
    0xF1, 0x65, 0xE2, 0xD6, 0xB7, 0x0B, 0x2B, 0xA7, 0xCA, 0xF1, 0x74, 0xA9, 0xC2, 0xAE, 0x33, 0x09,
    0x34, 0x04, 0xFB, 0x6B, 0x9C, 0x27, 0x5F, 0x5E, 0x19, 0x15, 0xF6, 0x22, 0xD8, 0x02, 0x12, 0xE4,
    0x0B, 0x7A, 0x84, 0x12, 0x47, 0x92, 0x3C, 0x05, 0x83, 0x31, 0x55, 0x06, 0xFD, 0xC2, 0x18, 0x70,
    0x48, 0x2A, 0x85, 0x51, 0x81, 0x63, 0x02, 0x03, 0x73, 0x66, 0xD8, 0x9C, 0xE0, 0x8D, 0x3C, 0x65,
    0x0E, 0x0D, 0x2D, 0xF1, 0x97, 0x11, 0x5F, 0xCA, 0x93, 0xA1, 0xC7, 0xDB, 0x2A, 0x17, 0x73, 0x17,
    0x79, 0xE6, 0xBB, 0x84, 0xF1, 0xA5, 0x19, 0xF3, 0x7C, 0x82, 0x0B, 0x9B, 0xBC, 0xA6, 0x79, 0x0B,
    0xA4, 0xC6, 0xB6, 0xC8, 0xCD, 0x87, 0xDA, 0xD0, 0xAB, 0xA4, 0xE6, 0xD2, 0x55, 0xD2, 0xDB, 0x45,
    0xE1, 0x36, 0xB4, 0x26, 0x5B, 0xB8, 0xF3, 0x28, 0x75, 0x5E, 0xCD, 0x9C, 0x23, 0x99, 0xFB, 0x1D,
    0x84, 0x0B, 0x8C, 0x35, 0x0C, 0xBE, 0xFF, 0x7E, 0xE6, 0x02, 0x62, 0x54, 0xC7, 0x08, 0x00, 0xBA,
    0x90, 0xA1, 0x7B, 0x60, 0x69, 0xCF, 0x09, 0xF4, 0x9C, 0xEA, 0x9E, 0xB3, 0x2B, 0x7B, 0x6E, 0xE0,
    0xDC, 0x83, 0x9F, 0x14, 0x2D, 0xA9, 0x1E, 0x08, 0x1E, 0xD0, 0x03, 0x19, 0x23, 0x56, 0xBE, 0x2C,
    0x8D, 0xEF, 0x85, 0x8D, 0x57, 0xFC, 0x5B, 0x17, 0x0E, 0x62, 0x34, 0x14, 0x0A, 0x10, 0x0E, 0x68,
    0x4B, 0x74, 0x1B, 0x5B, 0x31, 0x41, 0x66, 0x36, 0xA0, 0xF0, 0xD6, 0x1A, 0x6E, 0xD2, 0xE5, 0x2C,
    0xC7, 0x46, 0xA7, 0x96, 0xE1, 0x38, 0xD9, 0x2D, 0xF9, 0x09, 0xBF, 0x15, 0xD5, 0x76, 0x47, 0xC1,
    0xDB, 0x27, 0xC1, 0x02, 0xF9, 0x08, 0x79, 0x2D, 0xEE, 0xCF, 0xD0, 0x4D, 0xF1, 0xC8, 0x4D, 0x71,
    0xC9, 0x4D, 0x01, 0x54, 0x78, 0x3E, 0xD1, 0x27, 0x41, 0xD3, 0xC2, 0x51, 0xEF, 0x21, 0x5E, 0xD0,
    0x08, 0x15, 0x8D, 0x5A, 0x72, 0x41, 0xEF, 0xDF, 0xA1, 0x5A, 0xBE, 0x92, 0x4E, 0xA5, 0xAA, 0x95,
    0xF5, 0xE7, 0x87, 0xAE, 0x93, 0xB7, 0xDA, 0xF0, 0xAD, 0xA8, 0x15, 0x19, 0xD2, 0x90, 0xAD, 0xC8,
    0x8A, 0x1A, 0xFE, 0x4D, 0xE5, 0x7B, 0xCD, 0x70, 0xD6, 0x69, 0xA3, 0xCC, 0x2C, 0x96, 0x7C, 0x4D,
    0x99, 0xA8, 0x33, 0xD7, 0xCC, 0x35, 0xBF, 0x4E, 0x66, 0xF9, 0xA8, 0xD8, 0x02, 0xD6, 0x44, 0x60,
    0x24, 0x40, 0x31, 0xFC, 0x04, 0xBE, 0x67, 0x60, 0x6C, 0x72, 0x86, 0x18, 0xCB, 0x93, 0xFD, 0x12,
    0xA7, 0x56, 0x57, 0x82, 0xB3, 0x29, 0xD1, 0xFF, 0xB4, 0x23, 0xF8, 0xC4, 0x40, 0x69, 0xFE, 0x9C,
    0xF3, 0x22, 0xE0, 0xA4, 0x10, 0xB0, 0x28, 0x1B, 0xBC, 0xF7, 0x00, 0x13, 0x64, 0xCA, 0xF0, 0x37,
    0xDA, 0x91, 0x1E, 0x92, 0xC4, 0xA3, 0xEC, 0x12, 0x41, 0xBB, 0xEE, 0x80, 0x77, 0xC0, 0x12, 0x8B,
    0x69, 0xAE, 0x2E, 0x93, 0x02, 0xC1, 0xAE, 0x74, 0x25, 0xCD, 0xDF, 0x60, 0x6E, 0x63, 0xC3, 0x50,
    0xC0, 0x1C, 0xED, 0x9E, 0x0B, 0x72, 0xE4, 0x54, 0xCC, 0xB6, 0x29, 0x54, 0x0A, 0x7C, 0xE5, 0x24,
    0xB5, 0x8C, 0xEA, 0x2A, 0xA6, 0xC3, 0x7B, 0x90, 0x75, 0x02, 0x2F, 0xE9, 0x29, 0x36, 0x5A, 0x7B,
    0x12, 0xE4, 0xFB, 0x4B, 0xAF, 0x16, 0xFC, 0x27, 0xD7, 0x47, 0x07, 0xCA, 0x09, 0x51, 0xE5, 0xC1,
    0xA8, 0x2E, 0x63, 0xCE, 0x0D, 0xFA, 0x50, 0x76, 0x84, 0x4E, 0x54, 0x3B, 0x42, 0x2F, 0x2A, 0x08,
    0xD1, 0x8D, 0x52, 0x21, 0x6D, 0x61, 0x14, 0x23, 0xA2, 0x1C, 0x9F, 0x0E, 0xFA, 0xB1, 0xA8, 0xB1,
    0x81, 0x2B, 0xC6, 0x44, 0xBD, 0x6A, 0x33, 0x90, 0x6E, 0x5C, 0xAE, 0xD8, 0x93, 0xCB, 0xC6, 0x4E,
    0x5B, 0x53, 0x92, 0x9E, 0xC5, 0x11, 0x42, 0xAF, 0xA0, 0x99, 0xB9, 0x5B, 0x72, 0xDE, 0x9C, 0x88,
    0xDC, 0xB7, 0x60, 0x51, 0x52, 0xCF, 0x2A, 0xC1, 0xAE, 0x0B, 0x95, 0x60, 0xDF, 0x71, 0x3D, 0xDA,
    0xBA, 0x9C, 0xB1, 0x4C, 0xF4, 0xB4, 0x3B, 0xB5, 0x95, 0x53, 0xCD, 0x93, 0x40, 0xF5, 0x40, 0x36,
    0x32, 0xE0, 0x7E, 0x23, 0x47, 0x4D, 0x50, 0xA0, 0x2A, 0x28, 0x50, 0x17, 0x28, 0x54, 0x06, 0x05,
    0x68, 0x83, 0xFD, 0x05, 0x76, 0x87, 0xFA, 0x00, 0x91, 0x8C, 0x91, 0x6D, 0x92, 0x7B, 0xEC, 0x52,
    0xA7, 0x18, 0x49, 0xAD, 0xFA, 0x2B, 0xCD, 0xFF, 0x64, 0x3D, 0x13, 0xAB, 0x11, 0xF5, 0x6C, 0x05,
    0x67, 0x37, 0x95, 0x49, 0xC0, 0x49, 0xF9, 0x01, 0xE7, 0x71, 0x82, 0xA4, 0x0D, 0x0B, 0x52, 0x47,
    0xB8, 0x76, 0x00, 0x60, 0x04, 0xEC, 0xDC, 0xE1, 0x4A, 0x17, 0x80, 0x82, 0xD5, 0x1B, 0xC5, 0xC7,
    0xD5, 0xF7, 0x69, 0xF4, 0xC0, 0x52, 0x08, 0xD0, 0x82, 0xF2, 0x11, 0xA4, 0x47, 0xA0, 0x51, 0x9D,
    0xD7, 0xC9, 0x98, 0xE0, 0x59, 0x49, 0x4F, 0x4B, 0x7A, 0x5E, 0xAA, 0x4D, 0x4C, 0x00, 0xCB, 0x04,
    0xA2, 0x48, 0xF9, 0x36, 0x4E, 0x96, 0x14, 0xD0, 0x03, 0x14, 0x39, 0x12, 0x50, 0x34, 0xBE, 0x06,
    0x28, 0xD2, 0x69, 0xED, 0xDA, 0xB7, 0x85, 0x29, 0xF9, 0x49, 0x9A, 0xAE, 0x09, 0x61, 0x8E, 0x24,
    0x84, 0x8D, 0xAF, 0x37, 0x84, 0x21, 0x4F, 0x81, 0xC1, 0x65, 0xA3, 0xC5, 0x65, 0xE3, 0xAC, 0x02,
    0x08, 0xF3, 0x90, 0xA7, 0x46, 0xD7, 0x86, 0xA7, 0xB4, 0xBD, 0x87, 0xD5, 0x19, 0x46, 0x18, 0xCC,
    0x91, 0x39, 0x29, 0x12, 0x42, 0xD8, 0xE8, 0x7A, 0x43, 0xD8, 0x10, 0x72, 0xD8, 0x18, 0xCA, 0x9F,
    0x2E, 0x00, 0x61, 0xE3, 0x6B, 0x25, 0x84, 0x43, 0x62, 0x89, 0xEA, 0x79, 0x92, 0x2A, 0x42, 0xD8,
    0xF8, 0x7A, 0x14, 0xC9, 0xAE, 0xD2, 0xF4, 0xEB, 0xC9, 0xBF, 0x7A, 0x00, 0x0E, 0x43, 0xEA, 0x45,
    0x95, 0xD2, 0xBC, 0x62, 0xFB, 0x05, 0x5B, 0x1D, 0x65, 0xDC, 0xB6, 0xD5, 0xA9, 0x1F, 0xEE, 0x62,
    0xA6, 0x3B, 0xB8, 0x22, 0x03, 0xC0, 0x4C, 0xC9, 0x02, 0x38, 0xD8, 0x21, 0x13, 0x40, 0xDB, 0x00,
    0x2A, 0x22, 0x23, 0xA0, 0x10, 0x6C, 0x05, 0x68, 0x33, 0x40, 0xDB, 0x01, 0xDA, 0x10, 0x28, 0x2D,
    0x81, 0xE5, 0x4C, 0x81, 0xCA, 0x1A, 0x28, 0xD3, 0x97, 0x75, 0x35, 0xD8, 0x53, 0xF5, 0xBE, 0x3B,
    0xD4, 0x1D, 0x83, 0xDE, 0x21, 0xAC, 0x0F, 0xA0, 0xE0, 0x33, 0x00, 0xBA, 0x38, 0x29, 0x8F, 0xA5,
    0xE1, 0xF5, 0x8E, 0x6E, 0xF0, 0xA1, 0xC7, 0x04, 0xA0, 0x76, 0xF4, 0xF7, 0x60, 0x04, 0x7A, 0xC4,
    0x6C, 0xF3, 0xB0, 0x9D, 0x05, 0x63, 0x56, 0x7B, 0x79, 0xD0, 0x2A, 0xE7, 0x51, 0x07, 0x05, 0x0D,
    0x1B, 0x26, 0x7C, 0x3D, 0xEE, 0x72, 0xE0, 0xE5, 0xC8, 0xCB, 0xA1, 0x57, 0x63, 0xBF, 0xCA, 0xE0,
    0x6B, 0xC3, 0xC9, 0x96, 0xD4, 0x83, 0x4B, 0xEA, 0xA5, 0xEF, 0x2B, 0x34, 0x9C, 0x2A, 0x47, 0x4A,
    0x6B, 0x4B, 0x74, 0x0A, 0x07, 0xB9, 0xBF, 0x66, 0xD1, 0x5D, 0x5D, 0x22, 0x08, 0xBA, 0x46, 0x84,
    0x04, 0x43, 0x09, 0x46, 0x94, 0xE3, 0xF0, 0x72, 0x18, 0x2B, 0x20, 0xC0, 0x09, 0x4D, 0xBC, 0x3A,
    0xA8, 0x8E, 0x06, 0x3E, 0x71, 0x25, 0xD8, 0x4B, 0x05, 0x18, 0x4C, 0xEA, 0xEC, 0x52, 0x84, 0xF1,
    0x39, 0x02, 0x49, 0xB5, 0x09, 0x4C, 0x96, 0xB7, 0xBC, 0x87, 0x67, 0x66, 0x63, 0x73, 0xE6, 0x86,
    0xE4, 0x29, 0x02, 0x9A, 0x50, 0x84, 0x2B, 0x84, 0x0C, 0x2B, 0x45, 0x9C, 0x48, 0x97, 0xD4, 0x40,
    0xDC, 0x5A, 0x19, 0x18, 0x05, 0x42, 0xAA, 0x10, 0xCC, 0x00, 0x7B, 0xF3, 0x10, 0x40, 0x4F, 0x9A,
    0x78, 0x75, 0x50, 0xED, 0xA7, 0x25, 0xD7, 0x42, 0xA8, 0x00, 0xEC, 0xAA, 0xDC, 0x52, 0xDD, 0xD3,
    0x48, 0xD6, 0xD8, 0x79, 0x59, 0x31, 0x07, 0xE4, 0x5A, 0x1B, 0x15, 0x47, 0x72, 0x2F, 0xF7, 0x46,
    0x46, 0x6E, 0xC6, 0x79, 0xD8, 0x36, 0x00, 0x00, 0x38, 0x00, 0xD0, 0x94, 0x2F, 0x76, 0x96, 0x67,
    0x8D, 0x3C, 0x5D, 0x12, 0xBC, 0x76, 0x1A, 0x8E, 0x9E, 0x33, 0x38, 0x45, 0x8A, 0x45, 0x92, 0x26,
    0x0B, 0xCE, 0x7B, 0x64, 0xF5, 0xDE, 0xCF, 0xA9, 0xDF, 0x60, 0xC1, 0x63, 0xEE, 0xB7, 0xEB, 0x53,
    0xF2, 0x37, 0x8A, 0xCD, 0x54, 0x81, 0x43, 0xC7, 0xF4, 0x6F, 0xC0, 0x29, 0xE6, 0x7F, 0xB7, 0x43,
    0x4A, 0x00, 0x6F, 0x87, 0x98, 0x01, 0x7E, 0x34, 0x08, 0x6D, 0x0A, 0x55, 0xFA, 0x18, 0x44, 0xC2,
    0xA4, 0x2B, 0x39, 0xCA, 0x93, 0x8E, 0x3E, 0x9E, 0x44, 0x57, 0xA3, 0x95, 0xDC, 0xEB, 0xC3, 0x38,
    0xCA, 0x54, 0x70, 0x9D, 0x0B, 0xAE, 0x93, 0xC1, 0xCB, 0x6C, 0xF0, 0xBA, 0x30, 0xDC, 0xF9, 0x11,
    0x95, 0xD3, 0x68, 0x6D, 0x0C, 0xBD, 0xD5, 0xCD, 0x8D, 0xA8, 0x3F, 0x2C, 0xF9, 0xB4, 0x5C, 0xF6,
    0xDA, 0x55, 0x53, 0x36, 0xEC, 0x5D, 0x0C, 0x2D, 0x39, 0xD8, 0x66, 0x2F, 0x4A, 0x96, 0xA5, 0x48,
    0x40, 0x94, 0x6F, 0x66, 0x06, 0x1E, 0xB0, 0x92, 0xB5, 0xD4, 0xE3, 0xB1, 0x91, 0xD9, 0x59, 0x2B,
    0x31, 0x32, 0x27, 0x37, 0x53, 0x23, 0x73, 0xD5, 0x73, 0xC5, 0x81, 0xCC, 0xC3, 0x08, 0x4A, 0x1A,
    0xE0, 0x02, 0x69, 0x12, 0x98, 0xEA, 0x71, 0xE5, 0x07, 0xD4, 0xA2, 0xCE, 0x1C, 0xAE, 0x95, 0xAE,
    0xEC, 0xAA, 0x47, 0xF6, 0x79, 0x9C, 0x50, 0x1F, 0x82, 0xD1, 0x6B, 0xEC, 0x6C, 0x4C, 0x45, 0xBA,
    0xD1, 0x0D, 0x93, 0xFE, 0x47, 0x24, 0xEF, 0x9F, 0x8A, 0x6A, 0x55, 0xEB, 0x31, 0xBF, 0xCC, 0x93,
    0x5E, 0x33, 0xE1, 0x3D, 0xC4, 0xD7, 0x19, 0xB3, 0x7A, 0xC6, 0xAC, 0xFE, 0xF4, 0x35, 0x59, 0x7D,
    0x6D, 0x65, 0xF1, 0x16, 0x00, 0x5C, 0xB2, 0xD7, 0xBD, 0xA4, 0xF2, 0x32, 0x47, 0x8E, 0x6D, 0x80,
    0xA1, 0xAC, 0x8E, 0x9A, 0xE8, 0x97, 0x1E, 0x45, 0x69, 0x50, 0x4D, 0xD8, 0x11, 0x8E, 0xB2, 0xE5,
    0x5F, 0x53, 0x4D, 0xAC, 0xBE, 0xE0, 0x0C, 0xB0, 0xE0, 0x38, 0x3E, 0x09, 0x0E, 0xB4, 0x81, 0x18,
    0xB0, 0xD6, 0x43, 0xEF, 0x37, 0x24, 0xB6, 0xF5, 0x5D, 0x9E, 0xAF, 0xF2, 0xEB, 0x77, 0x09, 0x4E,
    0xEB, 0x2D, 0x5E, 0xEC, 0x7A, 0x58, 0x6E, 0x8C, 0x69, 0xF9, 0x4E, 0x8C, 0x61, 0x45, 0x27, 0xE2,
    0xA5, 0xC2, 0x8F, 0x43, 0x01, 0xE1, 0xA7, 0xA1, 0xC8, 0x8D, 0x35, 0x94, 0x6A, 0x1F, 0x00, 0x45,
    0xA7, 0xE6, 0xA9, 0xD9, 0x39, 0x4A, 0x64, 0x1B, 0xEA, 0x5B, 0x67, 0x76, 0x44, 0xE9, 0x2F, 0x4E,
    0xB3, 0x7F, 0xC2, 0xEB, 0x8C, 0xD9, 0xDC, 0x32, 0x9B, 0x99, 0xD7, 0xC5, 0x1C, 0xBC, 0x51, 0xE0,
    0xBC, 0x61, 0xA5, 0x53, 0x06, 0x30, 0xBD, 0xFA, 0x9D, 0xDE, 0x2F, 0x63, 0xBE, 0x4B, 0x3C, 0x6F,
    0x9E, 0x61, 0x93, 0x48, 0x6E, 0x24, 0x4D, 0xC4, 0x8E, 0x01, 0x7B, 0xFF, 0x7C, 0xBD, 0x95, 0x12,
    0x51, 0x5D, 0x3A, 0x45, 0x62, 0x62, 0xA2, 0x7E, 0x36, 0xC9, 0x7A, 0x13, 0x06, 0x9D, 0x44, 0x61,
    0x45, 0xF5, 0xBB, 0x11, 0x5E, 0x5B, 0x99, 0xD3, 0xDB, 0xFD, 0x67, 0xD7, 0x2B, 0xE7, 0x6D, 0x68,
    0xE0, 0x6F, 0xC8, 0xC4, 0xAE, 0x16, 0x40, 0xF5, 0xF6, 0xE8, 0x60, 0x46, 0xEF, 0x90, 0xC6, 0x56,
    0x49, 0x0C, 0x14, 0x2D, 0x50, 0x81, 0x20, 0xBC, 0x84, 0xF9, 0x60, 0xB4, 0x55, 0xBA, 0x01, 0x3F,
    0xA1, 0xDD, 0xD2, 0x86, 0x8A, 0x78, 0xC3, 0x74, 0x5B, 0xCD, 0x90, 0x40, 0xFC, 0x31, 0x2E, 0x0E,
    0x24, 0xFA, 0x2C, 0x0C, 0x16, 0x8A, 0x54, 0xF0, 0x8C, 0x50, 0xC8, 0x4A, 0x30, 0x2B, 0x61, 0x28,
    0x2F, 0x46, 0xCA, 0x8B, 0xF9, 0x52, 0x40, 0xE6, 0x4B, 0x11, 0x19, 0xA9, 0x84, 0xA4, 0x12, 0x93,
    0xAE, 0xA0, 0xD4, 0x87, 0xBD, 0x57, 0x58, 0x8B, 0x94, 0x49, 0x00, 0x98, 0xE9, 0xE0, 0x6E, 0x6E,
    0x1F, 0x03, 0x7C, 0xC8, 0xF6, 0xD6, 0x71, 0x45, 0x8C, 0x0F, 0xA8, 0xCB, 0x91, 0xF5, 0xF1, 0x28,
    0x6A, 0x64, 0x7E, 0x68, 0x66, 0x11, 0xD9, 0x7F, 0x7F, 0xA0, 0x24, 0x09, 0x00, 0x9E, 0x97, 0xD1,
    0xD6, 0x69, 0x41, 0x28, 0x04, 0x67, 0x11, 0xAC, 0xA1, 0x1E, 0x80, 0x3D, 0xBD, 0x4B, 0xCC, 0xD3,
    0x69, 0x76, 0x24, 0x0E, 0x14, 0xFF, 0xE3, 0xE7, 0x3A, 0xB6, 0xA6, 0x85, 0xA2, 0x14, 0x8B, 0xDA,
    0xCE, 0x80, 0x35, 0x45, 0xFB, 0x68, 0x89, 0xF6, 0x6A, 0xFA, 0xAD, 0x2E, 0x46, 0x97, 0x10, 0xC2,
    0x2B, 0x75, 0xA9, 0xD6, 0x4C, 0xEB, 0x10, 0xED, 0xB5, 0x5A, 0xA7, 0xB7, 0x97, 0xCE, 0xEF, 0x75,
    0xD1, 0xDE, 0xFB, 0xE7, 0x94, 0xFE, 0x8F, 0xEB, 0x2F, 0x69, 0x8F, 0x72, 0xA2, 0xEE, 0x3A, 0x1A,
    0xAD, 0xDB, 0xB1, 0x5F, 0x47, 0x2D, 0xAC, 0xEC, 0xD8, 0x75, 0xF2, 0x85, 0xCE, 0x16, 0xED, 0xDE,
    0x8B, 0xC9, 0xE5, 0x78, 0x64, 0x63, 0xF0, 0x75, 0xB3, 0xBB, 0x4D, 0xA9, 0x22, 0x98, 0x36, 0x66,
    0x78, 0x09, 0x91, 0x4F, 0xBB, 0xA0, 0xD0, 0x99, 0x3E, 0xF2, 0xA2, 0x59, 0x1A, 0x36, 0x76, 0x48,
    0x5E, 0x2F, 0x1B, 0x37, 0x36, 0x26, 0xEC, 0x23, 0xF1, 0xF0, 0x18, 0x64, 0x87, 0x8D, 0x1C, 0xDC,
    0x73, 0xE2, 0x68, 0x43, 0xE7, 0x42, 0x70, 0xAE, 0x34, 0x76, 0x28, 0x78, 0xC1, 0x44, 0x54, 0x05,
    0x20, 0x9C, 0x58, 0x38, 0x0E, 0x3A, 0x41, 0xA7, 0xCB, 0xC4, 0x35, 0x36, 0xAE, 0x31, 0x72, 0x8D,
    0x9C, 0x35, 0x82, 0xD6, 0x48, 0x5A, 0x23, 0x6A, 0x8D, 0xAC, 0x75, 0xC2, 0xD6, 0x49, 0xBB, 0x3E,
    0x06, 0x2F, 0xBA, 0x83, 0x17, 0xCB, 0x0C, 0x73, 0xF9, 0xCB, 0xDB, 0x1F, 0x7C, 0x7D, 0x11, 0xC7,
    0xAC, 0x85, 0x0F, 0xBA, 0x19, 0x17, 0xAD, 0x5A, 0xF2, 0x85, 0x5C, 0x86, 0xC3, 0xFF, 0x8F, 0xA3,
    0xAF, 0x6E, 0x2A, 0x6B, 0xCC, 0x59, 0xAA, 0x34, 0xD4, 0x3C, 0x8A, 0x5C, 0x4C, 0x9A, 0x98, 0xEE,
    0x1D, 0x62, 0x3C, 0xC3, 0x64, 0x91, 0xCF, 0x44, 0xD6, 0xD0, 0xE6, 0x33, 0xFE, 0x87, 0x62, 0x6F,
    0x66, 0x18, 0xF7, 0x20, 0x33, 0x5A, 0xC1, 0x7F, 0x6C, 0x4A, 0x53, 0x92, 0x38, 0x09, 0xFF, 0x02,
    0x86, 0x5F, 0x50, 0xFC, 0x8B, 0x8F, 0xA9, 0xC7, 0x94, 0x0C, 0xAA, 0xD5, 0xEF, 0xEE, 0x70, 0xBC,
    0x65, 0xAE, 0x2A, 0xA5, 0xDC, 0xD5, 0xD3, 0x95, 0x32, 0xE8, 0xAA, 0x83, 0xAE, 0x42, 0xA8, 0x4F,
    0x75, 0xCB, 0x11, 0x56, 0x54, 0x84, 0xB5, 0xD2, 0x8A, 0xB0, 0xA0, 0xA8, 0x34, 0x61, 0x5B, 0x38,
    0x4C, 0x24, 0x6C, 0xDB, 0x6F, 0x17, 0x41, 0x4C, 0x84, 0x75, 0x7C, 0x2F, 0xC6, 0xBC, 0x27, 0x3C,
    0x5E, 0xEC, 0x88, 0x92, 0x56, 0x42, 0x84, 0xF5, 0x9E, 0xCB, 0x85, 0x1D, 0x23, 0x61, 0xBF, 0xAC,
    0x16, 0x3A, 0x46, 0x10, 0x75, 0x09, 0xCB, 0x5E, 0xD0, 0x25, 0x0A, 0x6C, 0x11, 0x61, 0x23, 0x0F,
    0x4D, 0x54, 0x3D, 0xA8, 0x7D, 0x7B, 0xD7, 0x88, 0xB0, 0x3C, 0xFA, 0xC0, 0xD7, 0xE4, 0x24, 0x87,
    0x8C, 0xC8, 0xE9, 0x29, 0xF2, 0x82, 0x0C, 0x20, 0xEA, 0x7B, 0x05, 0x92, 0x13, 0xFC, 0x21, 0x98,
    0xC8, 0x90, 0x9C, 0x66, 0xDA, 0xEE, 0x88, 0x00, 0xC9, 0xD9, 0x4A, 0xF1, 0xB4, 0x70, 0x24, 0xE7,
    0x54, 0xA1, 0xE4, 0xF6, 0xBC, 0x22, 0x67, 0x46, 0xE4, 0x3C, 0x8E, 0x56, 0x37, 0x91, 0x13, 0x20,
    0x29, 0x34, 0x39, 0x31, 0x59, 0x7F, 0xF5, 0xC8, 0xB9, 0xCC, 0x9F, 0xD5, 0xDD, 0x4E, 0x66, 0xC7,
    0xCB, 0x3D, 0xED, 0x86, 0x8B, 0xEE, 0x30, 0x17, 0x8C, 0x76, 0xB9, 0x20, 0xE8, 0x72, 0xC1, 0xAA,
    0x4F, 0x0D, 0x1B, 0x1A, 0x67, 0x77, 0x4C, 0x72, 0xAE, 0x35, 0xA3, 0x20, 0xA2, 0xF4, 0x8C, 0x42,
    0xE8, 0x93, 0xFF, 0x8F, 0xBE, 0xEB, 0xB1, 0xDC, 0x5C, 0x75, 0x55, 0x2C, 0xF3, 0x6C, 0xE8, 0x2A,
    0xBF, 0xBA, 0x2B, 0xD5, 0xD7, 0x96, 0x2B, 0xDA, 0xBC, 0xCE, 0x05, 0xB1, 0x12, 0xEE, 0xC1, 0xE2,
    0x34, 0x32, 0x59, 0x1E, 0x19, 0xF7, 0x88, 0x8A, 0x79, 0x8D, 0xEE, 0xA0, 0x4A, 0x79, 0x95, 0x8E,
    0x58, 0x6A, 0x0A, 0x2F, 0xBE, 0x5C, 0x10, 0xFB, 0xB8, 0x39, 0x8C, 0x86, 0x98, 0x07, 0x18, 0x84,
    0x59, 0x27, 0x34, 0x0A, 0x32, 0x45, 0xD4, 0xD1, 0xE3, 0x79, 0xC9, 0x36, 0xA9, 0x36, 0x43, 0x54,
    0xC4, 0xA7, 0x04, 0x82, 0xB5, 0xBE, 0xBA, 0x7E, 0x88, 0x31, 0xB9, 0xD4, 0x30, 0x5B, 0xE6, 0xA2,
    0xF4, 0x49, 0xCC, 0xAB, 0x5D, 0xEC, 0x85, 0x0B, 0x87, 0x0E, 0xCB, 0x13, 0xE6, 0x05, 0x14, 0x1E,
    0x8F, 0x36, 0x3A, 0xAB, 0x08, 0x79, 0xC3, 0x54, 0xF9, 0x54, 0x82, 0xAC, 0x61, 0xAA, 0xC8, 0x4A,
    0x88, 0x33, 0xF0, 0x88, 0x7F, 0x36, 0x53, 0x44, 0x3B, 0x41, 0xBE, 0x38, 0xB8, 0xF8, 0x09, 0x90,
    0x8F, 0x52, 0x72, 0xD8, 0x41, 0x01, 0x14, 0x92, 0x87, 0x82, 0x09, 0x7C, 0x95, 0x85, 0x12, 0x5C,
    0x9D, 0x42, 0xEE, 0x95, 0x4E, 0x64, 0xB8, 0x94, 0x19, 0x2A, 0x5E, 0xE8, 0x61, 0x85, 0xE5, 0x90,
    0x50, 0x2E, 0xAF, 0x25, 0x76, 0xB9, 0x50, 0x66, 0xC5, 0x7A, 0xC8, 0xFA, 0x74, 0xEC, 0xBB, 0x08,
    0x09, 0xAC, 0x23, 0xB7, 0x30, 0x5F, 0xB7, 0x70, 0xC3, 0x06, 0xB0, 0x35, 0x1E, 0x88, 0x46, 0x5C,
    0xAD, 0x42, 0x62, 0x6A, 0x62, 0x32, 0xE0, 0xE9, 0x40, 0xF0, 0xE1, 0x84, 0x81, 0xE0, 0xE3, 0x09,
    0x3D, 0x39, 0xC4, 0xD6, 0xF5, 0x4F, 0x32, 0xE2, 0xE7, 0x29, 0x95, 0x69, 0x76, 0xCE, 0x34, 0x37,
    0xCF, 0xD0, 0x94, 0xAB, 0xFE, 0xBE, 0x72, 0xC5, 0x82, 0xAA, 0x1E, 0xED, 0xF5, 0x3C, 0xFD, 0x5E,
    0x36, 0x2E, 0xB9, 0xB8, 0x64, 0x62, 0x63, 0xB9, 0xBC, 0xBA, 0x92, 0x7A, 0xB4, 0xB5, 0x74, 0x2F,
    0xFD, 0x4F, 0x24, 0x88, 0x06, 0x58, 0x03, 0x09, 0x70, 0x75, 0x92, 0x3C, 0x64, 0x3C, 0xE5, 0x01,
    0x08, 0x40, 0x5B, 0xF3, 0x00, 0xFF, 0x2D, 0xA0, 0x23, 0xA2, 0xBF, 0x51, 0x4C, 0x85, 0xE4, 0x21,
    0xC3, 0x77, 0x34, 0xF2, 0x23, 0xC6, 0xBD, 0x46, 0xFD, 0x25, 0xB9, 0x4A, 0x2B, 0x3F, 0x4B, 0x72,
    0xFC, 0x8C, 0xAB, 0xE5, 0x02, 0x6E, 0x74, 0xFA, 0x94, 0x06, 0x4E, 0x89, 0x8C, 0xB0, 0xF7, 0x7E,
    0xE9, 0xD1, 0xB4, 0x1B, 0x96, 0x9E, 0x25, 0xFC, 0xA9, 0xA8, 0x27, 0x50, 0x75, 0x4F, 0x20, 0x9F,
    0x5C, 0x76, 0x52, 0xC5, 0xB1, 0x11, 0x7D, 0x1D, 0xA4, 0x67, 0x84, 0x63, 0x8C, 0x78, 0x79, 0xCB,
    0xE6, 0x59, 0x25, 0xB7, 0x12, 0xA2, 0x6F, 0x41, 0x5B, 0xCA, 0xF9, 0x48, 0x3A, 0xA2, 0xAF, 0xD2,
    0xE6, 0x88, 0x62, 0x5B, 0xC4, 0x38, 0x48, 0x86, 0xC8, 0xD1, 0x7D, 0x95, 0x15, 0xA2, 0x23, 0x40,
    0xDA, 0xE4, 0xED, 0xDA, 0xBB, 0x2B, 0x4B, 0xDF, 0x75, 0x3D, 0x6E, 0x61, 0xD5, 0x8C, 0xAE, 0x6A,
    0x9C, 0x4B, 0xEB, 0xDB, 0x1F, 0xB7, 0xE4, 0x71, 0xA3, 0x89, 0x8A, 0xF7, 0x64, 0x9F, 0x4E, 0xD6,
    0x26, 0x14, 0x79, 0xF7, 0x8D, 0x5B, 0x9F, 0xBF, 0xD3, 0x15, 0x0A, 0x7F, 0xF9, 0xDC, 0x58, 0x7D,
    0x38, 0x32, 0x1D, 0x57, 0x46, 0x09, 0xA4, 0x3A, 0xB1, 0x90, 0xAC, 0xEE, 0xBD, 0x80, 0x2A, 0xC5,
    0x2B, 0x9A, 0x78, 0xE6, 0x00, 0xAE, 0x68, 0xC6, 0x1E, 0xC9, 0x37, 0xEE, 0x15, 0x22, 0xF9, 0xC6,
    0xF3, 0x05, 0x68, 0xBE, 0x54, 0x82, 0x56, 0x34, 0xB7, 0xE0, 0x22, 0xD0, 0x73, 0xC5, 0xBE, 0x03,
    0xB9, 0x60, 0xF9, 0xCE, 0xF4, 0x8A, 0x66, 0xCC, 0xF2, 0x5D, 0xAC, 0x96, 0x7C, 0x97, 0xC1, 0x4C,
    0x77, 0x69, 0x2B, 0x4B, 0xDE, 0x2F, 0xB5, 0x2F, 0xB5, 0xD7, 0x61, 0xF2, 0xF1, 0x35, 0x7A, 0x77,
    0x28, 0xD4, 0x6F, 0x66, 0x5A, 0x1F, 0xE6, 0xBA, 0xF3, 0x42, 0x9B, 0x6E, 0x85, 0xFE, 0x5E, 0xB1,
    0x83, 0x89, 0x51, 0x70, 0x2A, 0xEC, 0xFE, 0x9C, 0xE2, 0x71, 0xFB, 0x0E, 0x64, 0x3A, 0x87, 0xB8,
    0xC3, 0x11, 0x39, 0x1D, 0x92, 0x03, 0x16, 0xB9, 0xB5, 0xBC, 0xF4, 0xBB, 0x75, 0x5C, 0x57, 0xC6,
    0x1C, 0xCB, 0x68, 0x63, 0x55, 0x5F, 0x19, 0xAD, 0x07, 0x38, 0x75, 0xF2, 0xB7, 0xFB, 0x02, 0x73,
    0x83, 0x73, 0x90, 0xBF, 0xD3, 0x6C, 0xDE, 0xD5, 0x7A, 0xCC, 0x48, 0x98, 0x8C, 0x7C, 0x92, 0x2F,
    0x46, 0x22, 0xB4, 0x1E, 0x9F, 0x1C, 0xBC, 0x4B, 0xE5, 0xB9, 0x0C, 0xC1, 0xFC, 0x58, 0x5B, 0xF8,
    0xE7, 0x75, 0x10, 0xFC, 0x7D, 0x6D, 0xD8, 0x4B, 0xB9, 0xA1, 0xF9, 0xFE, 0x6E, 0x1D, 0xD7, 0x0D,
    0xC8, 0x73, 0xB5, 0x73, 0x16, 0x0F, 0xB3, 0xB1, 0x80, 0x01, 0x81, 0x59, 0x3D, 0x5C, 0xD4, 0xF7,
    0xF0, 0xD4, 0x18, 0x0F, 0xCF, 0xDE, 0xF1, 0x1E, 0xC6, 0x1D, 0x59, 0x0F, 0xD3, 0x4E, 0x05, 0x0F,
    0x43, 0xE6, 0x6D, 0xB0, 0x90, 0x65, 0x0B, 0x8F, 0x19, 0xC2, 0x28, 0x83, 0x8F, 0x79, 0x37, 0x3E,
    0x9E, 0x4E, 0x76, 0x6E, 0x1F, 0xC8, 0xA1, 0xDE, 0xB0, 0x55, 0x20, 0x64, 0x3D, 0x5B, 0x63, 0x0C,
    0xBF, 0xC7, 0xA8, 0x35, 0xF4, 0xA6, 0x89, 0xB6, 0xC6, 0x65, 0x90, 0x93, 0x6E, 0x68, 0xD0, 0x7E,
    0xF0, 0x88, 0x36, 0x17, 0xA0, 0x6E, 0x30, 0x55, 0x19, 0xB9, 0x8C, 0x38, 0x70, 0x49, 0xBB, 0x71,
    0x41, 0x37, 0x58, 0x19, 0xDB, 0xEE, 0xB8, 0xBF, 0x8C, 0xA2, 0x96, 0x4A, 0x1F, 0xFE, 0x1E, 0xD0,
    0xF1, 0xEF, 0x47, 0xF7, 0xAB, 0x32, 0x64, 0xA9, 0x23, 0x96, 0x99, 0xB6, 0xED, 0xA2, 0x55, 0xB2,
    0xED, 0xD6, 0xC3, 0xF8, 0x84, 0x1E, 0xDF, 0x4A, 0xEB, 0x3E, 0x59, 0x5B, 0x56, 0x34, 0x7C, 0xB6,
    0xD9, 0x60, 0x9C, 0xAD, 0x44, 0x8F, 0x53, 0xDE, 0x15, 0xE3, 0xFC, 0x5F, 0xED, 0x5D, 0x4F, 0x8C,
    0xDC, 0xD6, 0x79, 0x7F, 0x1C, 0xEE, 0x8A, 0x90, 0x08, 0x84, 0x42, 0x2A, 0xA1, 0xB2, 0x65, 0x99,
    0x39, 0xF8, 0xA0, 0x43, 0x65, 0x9E, 0x0D, 0xC4, 0x22, 0xED, 0x43, 0x73, 0xF0, 0x21, 0x3A, 0x68,
    0x6D, 0xA0, 0x3A, 0xAC, 0x0F, 0x3E, 0x04, 0x48, 0x80, 0x05, 0xDA, 0x1E, 0x0C, 0xC4, 0x31, 0x47,
    0xEE, 0x21, 0xD7, 0x2D, 0xE0, 0xF8, 0x56, 0x54, 0xB7, 0x1E, 0x5A, 0x40, 0x05, 0x62, 0xA0, 0x06,
    0x6A, 0x8B, 0x84, 0x55, 0xC0, 0x87, 0xA2, 0xC8, 0x24, 0x3D, 0xE4, 0x10, 0x04, 0xA6, 0xE3, 0x08,
    0xAE, 0xE1, 0x83, 0x99, 0x84, 0xB2, 0xB9, 0x32, 0xC9, 0xD7, 0xEF, 0xDF, 0x7B, 0x24, 0x67, 0x67,
    0xE5, 0xDD, 0xF5, 0xCE, 0xFE, 0x51, 0x3B, 0xB3, 0xCB, 0xC7, 0xE1, 0xCC, 0x0E, 0xBF, 0xF7, 0xBD,
    0xEF, 0xFB, 0x7D, 0x7F, 0xDE, 0xF7, 0xDE, 0x2A, 0xA5, 0x56, 0x15, 0x3F, 0xE2, 0xA9, 0x52, 0xDF,
    0xC1, 0x36, 0x57, 0x5E, 0x0D, 0x6D, 0x94, 0xAB, 0xB4, 0xA1, 0x76, 0xA2, 0xF9, 0x75, 0xA8, 0x13,
    0x6A, 0xD3, 0x4A, 0x51, 0x9B, 0xE5, 0xD2, 0xCE, 0xB8, 0x8D, 0xF0, 0x63, 0x2A, 0xCC, 0xBD, 0x96,
    0x5B, 0x87, 0x3E, 0x1F, 0xC2, 0xF7, 0xE4, 0x97, 0xA8, 0x8D, 0x66, 0xF0, 0xA5, 0xE1, 0x4C, 0x85,
    0x05, 0xDC, 0x2C, 0xDC, 0x5A, 0x4B, 0x8B, 0x38, 0x51, 0xA1, 0xD6, 0x3A, 0x4F, 0x15, 0xB5, 0x49,
    0x9A, 0xA8, 0xE8, 0x73, 0xB8, 0x1D, 0xBC, 0x8F, 0xF4, 0xA8, 0xB8, 0x50, 0x7C, 0xD3, 0xEE, 0xB6,
    0xC6, 0x2F, 0xF5, 0xB5, 0x46, 0x9A, 0xD4, 0x44, 0xEB, 0x82, 0xA8, 0x7E, 0xFC, 0x53, 0xD5, 0x3F,
    0x2E, 0x70, 0xE3, 0xB4, 0xDC, 0x86, 0x9A, 0x5F, 0x6A, 0x7E, 0xED, 0x6B, 0xA2, 0x53, 0x45, 0xF2,
    0x76, 0x4C, 0xDF, 0x70, 0x5D, 0xC5, 0x15, 0xBD, 0xA9, 0x02, 0xBC, 0x9E, 0xEA, 0xE9, 0x44, 0xE3,
    0xDF, 0xE8, 0x5C, 0x41, 0xFF, 0x3C, 0xFD, 0xFD, 0x42, 0x45, 0x85, 0x0A, 0x1A, 0xAF, 0x54, 0x41,
    0x09, 0x7F, 0xEB, 0xD6, 0xCA, 0xAF, 0x54, 0xAC, 0xFF, 0xAE, 0x5B, 0xDB, 0xA8, 0x54, 0x9A, 0x01,
    0xD5, 0xBA, 0x54, 0x19, 0x52, 0x8F, 0x7F, 0xE2, 0xEA, 0xEF, 0xEB, 0x4E, 0xA9, 0x4C, 0x9D, 0xA3,
    0x7B, 0x64, 0x42, 0x59, 0x3A, 0xD7, 0xC6, 0x49, 0xCF, 0x74, 0xC5, 0x4C, 0x67, 0xDA, 0xA4, 0x0D,
    0x99, 0x54, 0x75, 0x5A, 0x8D, 0x1E, 0x4F, 0x71, 0x33, 0x69, 0xE4, 0xD3, 0xDC, 0xF2, 0xF8, 0x60,
    0x7F, 0xF9, 0xDB, 0xE2, 0x5A, 0x6E, 0x26, 0x5F, 0x96, 0x16, 0xF2, 0xA5, 0x72, 0xDD, 0xEB, 0xE4,
    0xEB, 0xB4, 0xA1, 0x02, 0xC7, 0x07, 0x3F, 0x50, 0xC0, 0xFD, 0x9F, 0x51, 0x2A, 0xC0, 0xF1, 0x89,
    0x3F, 0xE5, 0xF1, 0x49, 0xA1, 0x63, 0x33, 0xA0, 0x3B, 0x86, 0x76, 0x0A, 0xE3, 0xE3, 0x6A, 0xBD,
    0xA5, 0xD2, 0x29, 0x13, 0x11, 0x97, 0xCA, 0x23, 0x21, 0xD1, 0x9F, 0x69, 0x64, 0x63, 0xA0, 0x79,
    0x60, 0x60, 0x7C, 0xF8, 0x26, 0x8F, 0x77, 0x9B, 0x8F, 0x10, 0xFD, 0xFD, 0xE3, 0xD4, 0xF3, 0x7C,
    0xEF, 0xE0, 0x17, 0xB3, 0x51, 0xEB, 0x7D, 0x6F, 0x6A, 0x3F, 0x73, 0x7E, 0x34, 0xE6, 0x73, 0x4D,
    0x22, 0xCD, 0xEA, 0x75, 0x12, 0x87, 0x18, 0x85, 0x13, 0x9B, 0x2E, 0xA1, 0x06, 0x64, 0x36, 0x4E,
    0xCE, 0x3A, 0x59, 0x47, 0x22, 0xB2, 0x41, 0x8D, 0x0F, 0x84, 0x43, 0x93, 0x82, 0xBC, 0xC5, 0x20,
    0xA5, 0x37, 0x51, 0x4D, 0x40, 0xD7, 0xF4, 0xCF, 0xB2, 0x04, 0x44, 0x13, 0x24, 0x11, 0xC5, 0x07,
    0xBE, 0x01, 0xFE, 0xF2, 0x8A, 0x0F, 0xDD, 0x49, 0x59, 0xFC, 0x32, 0xD3, 0x5C, 0x19, 0x48, 0x64,
    0x2A, 0xAC, 0x2E, 0x49, 0xC4, 0x42, 0xFD, 0xCF, 0xA8, 0x2B, 0x1E, 0xF4, 0x9E, 0x14, 0x86, 0x3B,
    0x3F, 0xE8, 0xFB, 0x11, 0x76, 0x45, 0x71, 0x57, 0x86, 0xEA, 0x34, 0x6E, 0xF6, 0xD2, 0x95, 0x84,
    0xBA, 0xE2, 0x16, 0x44, 0xBC, 0x5F, 0x52, 0xE3, 0x71, 0x83, 0xEF, 0x9D, 0xA4, 0xAE, 0xC0, 0x95,
    0x6B, 0x24, 0x71, 0xE5, 0xE0, 0x48, 0xC8, 0xEC, 0x2E, 0x3C, 0x5E, 0xC7, 0x23, 0xC0, 0x1C, 0x00,
    0x18, 0x80, 0x9C, 0x5B, 0x23, 0xC4, 0xB9, 0x35, 0x02, 0x9C, 0x5B, 0x23, 0xBC, 0xB9, 0x35, 0x82,
    0x9B, 0x5B, 0x23, 0xB4, 0xDD, 0xA8, 0x09, 0xD8, 0x4A, 0x82, 0xB5, 0x82, 0x40, 0x2D, 0x61, 0x48,
    0xCB, 0x06, 0x23, 0x9F, 0x0E, 0xA0, 0x8C, 0x81, 0x2C, 0xCE, 0x7B, 0x10, 0x63, 0x08, 0x1B, 0x00,
    0xD8, 0xAA, 0x68, 0x4C, 0xB1, 0xA8, 0x29, 0x19, 0xA2, 0x77, 0xDD, 0x78, 0xA6, 0xB9, 0xC4, 0x0D,
    0x29, 0xBE, 0x5F, 0x92, 0xDE, 0x6F, 0x94, 0xAC, 0xF6, 0x05, 0x6B, 0x7D, 0x4E, 0x4A, 0xDF, 0x19,
    0x9D, 0x17, 0x95, 0x17, 0x8D, 0x17, 0x85, 0x9F, 0x6C, 0x17, 0xF9, 0x13, 0x46, 0xEE, 0x36, 0x68,
    0x12, 0x44, 0x92, 0x86, 0x71, 0x89, 0xC4, 0x1A, 0xC7, 0x49, 0x4C, 0x21, 0x09, 0x36, 0x68, 0x04,
    0x49, 0xB6, 0xD2, 0x33, 0x12, 0x6D, 0x17, 0x6F, 0x04, 0xB2, 0x1D, 0x80, 0xA9, 0x45, 0xE1, 0x0E,
    0x7F, 0xD7, 0xB2, 0x74, 0xE7, 0x1D, 0x89, 0x77, 0x36, 0xCD, 0x50, 0xBE, 0xDF, 0xD2, 0x0F, 0x3A,
    0x16, 0x70, 0xDD, 0x92, 0x84, 0x6B, 0x5D, 0x13, 0xF0, 0x14, 0xE9, 0x4C, 0x90, 0xC7, 0x40, 0x8F,
    0xC1, 0x9E, 0xDE, 0x1C, 0x1A, 0xB3, 0xC7, 0x82, 0x6E, 0x24, 0xDD, 0x88, 0xBA, 0x95, 0x75, 0xD3,
    0xC1, 0xE5, 0xD3, 0xAD, 0x84, 0xEE, 0x91, 0x3A, 0x6E, 0x6B, 0xF7, 0x4A, 0x37, 0x81, 0x0A, 0x29,
    0xA0, 0x98, 0x30, 0x11, 0x07, 0x23, 0x0F, 0xF6, 0x7D, 0x23, 0x73, 0x27, 0xB6, 0x9F, 0xD7, 0x19,
    0x8E, 0x00, 0x5F, 0xC8, 0x8F, 0x02, 0x84, 0x81, 0x3B, 0x26, 0xEC, 0x46, 0xE9, 0x1C, 0x51, 0xC6,
    0xE9, 0xA2, 0x82, 0x70, 0xA6, 0x09, 0x4A, 0x44, 0x1A, 0xAF, 0x06, 0xF9, 0x07, 0xAC, 0xD9, 0xD0,
    0xB7, 0x0B, 0x76, 0xA3, 0xF4, 0x8C, 0xDD, 0x28, 0x3D, 0x45, 0xC4, 0xE9, 0xA0, 0x13, 0xCB, 0x71,
    0xA3, 0x1C, 0xC3, 0x74, 0xF1, 0x3F, 0xE0, 0xFB, 0xB5, 0xBC, 0xA3, 0xC5, 0x05, 0x71, 0x5B, 0xF1,
    0x29, 0xBC, 0x2A, 0xCC, 0x49, 0x59, 0x83, 0x32, 0x98, 0x91, 0xBA, 0xA6, 0x5D, 0x96, 0x8B, 0x5B,
    0x41, 0x7E, 0x2B, 0x32, 0x56, 0x2B, 0x52, 0xDA, 0xE6, 0x62, 0x6D, 0x3D, 0x0B, 0xEB, 0x5A, 0x58,
    0xDF, 0xC2, 0x3A, 0x17, 0xBD, 0x77, 0x31, 0xA7, 0xC0, 0xC7, 0x96, 0xB0, 0x85, 0xAE, 0x8F, 0xF5,
    0x79, 0xFA, 0x93, 0xA1, 0xF7, 0x63, 0x1E, 0xAF, 0x8F, 0x44, 0x4B, 0x5E, 0x9D, 0x33, 0xA2, 0x4E,
    0x92, 0x7E, 0x8A, 0x05, 0x3D, 0x15, 0x0B, 0x3B, 0x1D, 0x5A, 0x58, 0xE8, 0x23, 0x09, 0x79, 0x4E,
    0x32, 0x1E, 0xE6, 0x24, 0xE2, 0x14, 0x63, 0x80, 0x85, 0xCD, 0x59, 0xC0, 0xA7, 0x2C, 0xDF, 0x4B,
    0xF0, 0x7B, 0x8E, 0xA2, 0x0F, 0x07, 0xED, 0xF0, 0xF4, 0xF0, 0x83, 0xE8, 0xF3, 0x3A, 0x83, 0x4F,
    0xC6, 0xEF, 0x9D, 0xA4, 0xAE, 0x98, 0x87, 0x57, 0xF4, 0x48, 0xCA, 0xE7, 0xCE, 0x10, 0x45, 0x5F,
    0x46, 0x30, 0xF2, 0x86, 0xAE, 0x4E, 0x83, 0x30, 0x34, 0x69, 0x08, 0x84, 0x1A, 0x84, 0x20, 0xA7,
    0x41, 0x00, 0x72, 0x1A, 0x72, 0x75, 0x1A, 0x02, 0x9F, 0x9A, 0xA0, 0xA7, 0x24, 0x57, 0x67, 0xFA,
    0x8D, 0x5D, 0x1D, 0x47, 0xF4, 0x82, 0x61, 0x28, 0x98, 0x0D, 0x5F, 0x39, 0x63, 0x2C, 0xDA, 0x5C,
    0xE0, 0x50, 0xB0, 0x1B, 0x27, 0xBE, 0x1B, 0xF4, 0xE2, 0x12, 0x37, 0xA4, 0xEE, 0xE0, 0xA0, 0xA1,
    0xB2, 0xAF, 0x57, 0xAC, 0xEA, 0x25, 0x2B, 0xFA, 0x6C, 0x7F, 0x4E, 0xC3, 0x49, 0xA1, 0x73, 0x57,
    0xCE, 0x0D, 0xC7, 0x92, 0xC6, 0x8A, 0xA2, 0x64, 0x90, 0x34, 0x07, 0x8D, 0xD8, 0xD1, 0x40, 0x2B,
    0x36, 0xA4, 0x78, 0x99, 0x64, 0x3A, 0xCD, 0x30, 0xA2, 0x04, 0xA9, 0x7E, 0x2F, 0xEA, 0x14, 0xC9,
    0x75, 0x8B, 0x39, 0x0E, 0x94, 0xEC, 0x3B, 0xF1, 0x06, 0xCB, 0x76, 0xAA, 0x83, 0x19, 0x49, 0x77,
    0xDA, 0x05, 0x85, 0xD8, 0x53, 0x3D, 0x13, 0x83, 0xAA, 0x73, 0x82, 0x9C, 0x2D, 0xF8, 0x8A, 0xB4,
    0x97, 0x6C, 0x7B, 0x72, 0x65, 0x6C, 0x55, 0xAD, 0x59, 0xB5, 0x76, 0xD5, 0x1A, 0x56, 0x6B, 0x59,
    0x7B, 0xD3, 0x3A, 0xEE, 0xFF, 0x53, 0x63, 0x24, 0x52, 0x3A, 0x67, 0xA3, 0x8B, 0x7C, 0x03, 0x49,
    0x9F, 0x68, 0x36, 0xBA, 0xDE, 0x57, 0x7A, 0x8A, 0xD2, 0xEE, 0x7F, 0xA4, 0x0B, 0x94, 0xF7, 0xE0,
    0x97, 0xBA, 0x42, 0x89, 0xF7, 0x3F, 0x7E, 0x40, 0x32, 0xEF, 0xE9, 0xB2, 0x45, 0xA9, 0x7F, 0x49,
    0x17, 0x9D, 0x18, 0xDD, 0x56, 0x8C, 0x6E, 0x43, 0xB2, 0xFF, 0x16, 0xB8, 0xFB, 0x4B, 0x31, 0xBA,
    0x2F, 0x9B, 0x13, 0x63, 0xDA, 0x26, 0x26, 0x7A, 0x77, 0x24, 0x95, 0x03, 0x3C, 0x90, 0xF7, 0x02,
    0xE1, 0x85, 0x0A, 0xEE, 0x6A, 0xFE, 0xD2, 0xF0, 0xAE, 0x66, 0xD7, 0x39, 0xF8, 0xE0, 0x4F, 0x2C,
    0x5F, 0x81, 0xFE, 0x5D, 0x43, 0x12, 0x76, 0x43, 0xBF, 0xDF, 0x18, 0xB3, 0xD7, 0x18, 0xB3, 0x57,
    0xB1, 0x9C, 0xBD, 0x00, 0x02, 0xF7, 0x0D, 0xCC, 0xDE, 0x49, 0xA4, 0x79, 0xAF, 0xA6, 0x7A, 0x04,
    0xFC, 0x53, 0x52, 0x94, 0x28, 0x27, 0x35, 0x09, 0xD9, 0xDD, 0xC4, 0x90, 0x67, 0x83, 0x1A, 0x54,
    0x10, 0xD0, 0x7C, 0x54, 0x0F, 0xBF, 0x24, 0xE5, 0xF0, 0x4B, 0x52, 0x8D, 0x0D, 0x51, 0x0C, 0x51,
    0x8B, 0x29, 0x2B, 0xC5, 0x02, 0x3B, 0xEC, 0xDC, 0xDC, 0xC4, 0x73, 0xEF, 0x4F, 0x25, 0xAA, 0x82,
    0xF7, 0xA7, 0x0A, 0x15, 0x61, 0xF2, 0xCB, 0xE2, 0x61, 0xC0, 0xBF, 0x1C, 0x02, 0x15, 0x13, 0x38,
    0x6F, 0x92, 0xF6, 0x43, 0xE0, 0x02, 0x23, 0x3B, 0xF0, 0xF0, 0x93, 0xED, 0xEE, 0xFD, 0x71, 0xEE,
    0x0A, 0x3C, 0x2E, 0x13, 0xB2, 0xA0, 0x00, 0x02, 0xB0, 0x38, 0xE2, 0xCC, 0x77, 0x9C, 0x12, 0xD5,
    0x9C, 0x11, 0xCD, 0x38, 0x21, 0x9A, 0x71, 0x3E, 0x34, 0xA3, 0x74, 0xE8, 0x8B, 0x9A, 0xB3, 0xA1,
    0x2D, 0x27, 0x43, 0x6B, 0xCE, 0x85, 0x6E, 0x1A, 0x1F, 0x3E, 0xEB, 0x41, 0xE4, 0xB1, 0xD3, 0xD4,
    0xC4, 0x71, 0x82, 0x50, 0x92, 0x42, 0x03, 0x04, 0x5E, 0x79, 0xD2, 0x00, 0x89, 0xE0, 0x88, 0xC0,
    0xC8, 0x08, 0x45, 0x5E, 0x11, 0x43, 0xC3, 0x4D, 0x33, 0x4C, 0x26, 0x9A, 0xA4, 0x6F, 0xCB, 0xA9,
    0xC0, 0x96, 0x33, 0x81, 0x2D, 0xAB, 0x5B, 0xCB, 0xCA, 0x26, 0xAA, 0x56, 0x72, 0x16, 0x70, 0xBA,
    0xC0, 0x08, 0x5D, 0xBE, 0x4C, 0x0A, 0xD6, 0xA6, 0xA4, 0x5E, 0x6D, 0x4A, 0x7C, 0xB9, 0x7C, 0xF9,
    0x38, 0xDC, 0x7D, 0x57, 0x26, 0x10, 0x42, 0xB0, 0x92, 0x7E, 0x2A, 0xFA, 0xB1, 0x8F, 0xB3, 0x84,
    0x61, 0x2D, 0x1D, 0xCF, 0x32, 0xE1, 0x09, 0x65, 0xE4, 0x0B, 0x34, 0xE9, 0x5E, 0x8D, 0xA4, 0x60,
    0x1F, 0x40, 0x24, 0xF4, 0xB7, 0x5E, 0xD4, 0x91, 0xEE, 0x62, 0x08, 0x1A, 0x38, 0x0A, 0x5D, 0x51,
    0xEA, 0x69, 0xFA, 0x89, 0x60, 0x50, 0xD4, 0xC8, 0xC9, 0x09, 0x13, 0x1C, 0x34, 0x4E, 0xEA, 0x83,
    0xD0, 0xCA, 0xCF, 0x0C, 0x2F, 0x82, 0x2D, 0xD2, 0x2A, 0x6B, 0x54, 0x5A, 0xA2, 0xC1, 0x38, 0xC7,
    0xB4, 0xC1, 0x83, 0xB9, 0xF7, 0x8E, 0xF2, 0x6B, 0x3C, 0x62, 0x7C, 0xF3, 0x0E, 0x19, 0x2F, 0xE5,
    0x75, 0x3F, 0xB2, 0x0E, 0x06, 0x50, 0xA6, 0x2E, 0xD1, 0x31, 0xCA, 0xC3, 0x0A, 0x4D, 0x4D, 0x80,
    0x01, 0x65, 0x32, 0x61, 0x77, 0x12, 0xC2, 0x23, 0x64, 0x62, 0x83, 0x26, 0x08, 0x8F, 0x85, 0x8A,
    0x2A, 0xE0, 0xE0, 0xE7, 0x1A, 0xF5, 0x46, 0x03, 0x46, 0x3B, 0x9A, 0x52, 0xCA, 0x8F, 0x3F, 0x40,
    0x4E, 0xAD, 0xA2, 0x89, 0x5A, 0x79, 0x66, 0x16, 0xBF, 0x5A, 0xFC, 0xF9, 0x46, 0xEE, 0xDD, 0x9E,
    0x7A, 0x4C, 0x83, 0x93, 0x3B, 0x7F, 0x31, 0xF3, 0xAE, 0xCC, 0xBC, 0x2C, 0x77, 0xFF, 0xC0, 0x92,
    0xFF, 0x67, 0x3F, 0xFA, 0xF9, 0xBF, 0xFC, 0x7B, 0xFD, 0x93, 0x6B, 0xEA, 0xDD, 0xA8, 0xBE, 0xAA,
    0xE4, 0x88, 0x1F, 0x7D, 0x27, 0xAA, 0x9E, 0xC5, 0x93, 0x27, 0xBE, 0xFD, 0x5F, 0x7F, 0xFD, 0xDB,
    0x1F, 0x37, 0xB1, 0xF0, 0xB0, 0x56, 0xDE, 0xBB, 0xCA, 0xBF, 0x84, 0x44, 0x80, 0x2F, 0x04, 0x23,
    0x8A, 0xFD, 0xF4, 0xD4, 0xCA, 0xCF, 0x93, 0x27, 0xFE, 0x2D, 0x79, 0x52, 0xAB, 0xE0, 0x3F, 0x06,
    0xDF, 0xDB, 0xBC, 0xCE, 0x1C, 0x90, 0x6F, 0x75, 0x94, 0x3F, 0x85, 0x67, 0xEE, 0xE5, 0xDB, 0xBE,
    0xD7, 0x79, 0xBB, 0x77, 0xAB, 0x7C, 0x1A, 0x57, 0x6F, 0xCA, 0xC1, 0x1F, 0x5D, 0xD9, 0x22, 0x29,
    0x48, 0x8C, 0x8B, 0x06, 0x83, 0xB0, 0x49, 0x56, 0x18, 0xC5, 0x28, 0x77, 0x1A, 0x54, 0x1D, 0x94,
    0xAC, 0xA0, 0x44, 0x19, 0x0D, 0xDA, 0x75, 0xFD, 0x26, 0x99, 0x0D, 0xCC, 0x18, 0x00, 0x8F, 0x54,
    0xF4, 0x61, 0xE7, 0x83, 0x92, 0x4E, 0x09, 0x04, 0x48, 0x27, 0x49, 0x86, 0xB3, 0xB2, 0x37, 0xEE,
    0xE2, 0x6D, 0xAC, 0x10, 0x25, 0x31, 0x51, 0x92, 0x26, 0x48, 0x49, 0x4C, 0x94, 0xAC, 0x1C, 0x3A,
    0x25, 0x2C, 0x33, 0x43, 0xFD, 0x53, 0x6E, 0x3E, 0x6E, 0x27, 0x62, 0x0E, 0x79, 0xF6, 0xE9, 0x3A,
    0x0A, 0x38, 0xE7, 0x23, 0x14, 0x4F, 0xEB, 0x50, 0x8A, 0x02, 0x31, 0xAC, 0x55, 0x0C, 0x62, 0xAD,
    0x52, 0x1C, 0x0C, 0x28, 0x82, 0xB1, 0x49, 0xAB, 0x08, 0xC7, 0x6E, 0x00, 0x91, 0xE2, 0x1A, 0x31,
    0x92, 0x01, 0xA1, 0x9C, 0x8F, 0xE8, 0x96, 0x93, 0x8F, 0x70, 0xFE, 0x55, 0x0D, 0xBD, 0x69, 0xE5,
    0xC3, 0x97, 0x4C, 0x2A, 0x1E, 0x73, 0xEC, 0x2C, 0xF2, 0x1A, 0x47, 0x00, 0x35, 0x06, 0xCD, 0xC9,
    0xEA, 0x28, 0x67, 0x04, 0x9C, 0xDF, 0xE4, 0x9C, 0xB5, 0xC3, 0x2E, 0xC3, 0x14, 0x38, 0x7E, 0x09,
    0x6F, 0x0D, 0x6D, 0x84, 0xCA, 0xC9, 0x7A, 0x12, 0x6E, 0xAD, 0xEB, 0xEB, 0x71, 0xC2, 0xFC, 0x4F,
    0x95, 0xB4, 0x00, 0x02, 0x9F, 0xC3, 0x18, 0x80, 0xE4, 0x12, 0xA9, 0xA0, 0x49, 0x34, 0x1A, 0x91,
    0xE6, 0xC4, 0x43, 0xF0, 0xB0, 0xE9, 0x36, 0x4B, 0xB7, 0x58, 0xBA, 0x40, 0xE8, 0xF2, 0xA5, 0xF3,
    0xAE, 0xF1, 0x8C, 0x64, 0xC0, 0x56, 0xE7, 0xBD, 0x13, 0xB1, 0x38, 0x4E, 0x63, 0x67, 0x85, 0x24,
    0x80, 0x50, 0x1C, 0x41, 0x10, 0xDD, 0x10, 0x42, 0x10, 0xDD, 0xE8, 0x2B, 0xB5, 0x8C, 0xA0, 0x59,
    0x47, 0x10, 0xDA, 0xFA, 0xCD, 0xBE, 0xA6, 0x71, 0x4E, 0x2A, 0xDD, 0x7B, 0x99, 0x7E, 0x3A, 0x40,
    0x7D, 0xDC, 0x44, 0x7D, 0x04, 0xF9, 0x83, 0xBE, 0xC0, 0x11, 0xF4, 0xD1, 0x29, 0xC8, 0x26, 0x20,
    0xF9, 0x83, 0xF9, 0x9F, 0x58, 0x10, 0x63, 0xFE, 0xB1, 0x6C, 0x4A, 0x94, 0xA4, 0x4C, 0x0F, 0x43,
    0xD3, 0x6F, 0x71, 0x0B, 0xB0, 0x4F, 0x9A, 0x4E, 0xED, 0x94, 0xAF, 0xEF, 0x72, 0x02, 0x97, 0x35,
    0x7B, 0x04, 0x63, 0xD5, 0xC2, 0x4C, 0xF0, 0x52, 0x35, 0x1B, 0x82, 0x79, 0xD2, 0x6C, 0xB7, 0x64,
    0xCD, 0x46, 0x1A, 0x50, 0xB3, 0x9D, 0x62, 0xB9, 0x12, 0xCE, 0xF7, 0xD5, 0x05, 0xDF, 0xB7, 0xC3,
    0xFB, 0x93, 0x84, 0x4F, 0x66, 0x47, 0x7C, 0xDF, 0x3D, 0x4E, 0xEC, 0xF2, 0x85, 0xBB, 0xEC, 0x7F,
    0x7D, 0x42, 0x30, 0xE2, 0xFF, 0xB7, 0x64, 0xA2, 0xAC, 0x31, 0x44, 0x99, 0xBF, 0xCE, 0x36, 0xE0,
    0x0E, 0x0B, 0x46, 0xC7, 0x72, 0xD1, 0x92, 0x9B, 0x43, 0xE6, 0x8A, 0x05, 0x9F, 0x88, 0xD3, 0x34,
    0x80, 0x1F, 0x42, 0x03, 0xB2, 0x8F, 0x25, 0x08, 0x19, 0x1B, 0x7E, 0x16, 0x6B, 0x36, 0x8C, 0x62,
    0x19, 0x8D, 0x99, 0x31, 0xB6, 0x51, 0x94, 0x2E, 0x1E, 0x4D, 0xC7, 0xC6, 0x4C, 0xE0, 0xCA, 0x71,
    0x20, 0x70, 0xF0, 0x70, 0x7F, 0xC5, 0x32, 0x06, 0x61, 0x09, 0xB7, 0x1F, 0x97, 0xAC, 0xC3, 0x48,
    0xD7, 0x50, 0x87, 0x9F, 0x12, 0x1D, 0x4E, 0x95, 0x09, 0x39, 0x38, 0xE6, 0xE8, 0x58, 0x87, 0x1D,
    0x6D, 0x74, 0xF8, 0x9E, 0xD1, 0xE1, 0x29, 0xE9, 0xF0, 0x67, 0x32, 0x7B, 0xF0, 0xBC, 0x99, 0xB1,
    0x3C, 0xF0, 0x22, 0x0C, 0x51, 0x62, 0x62, 0x2F, 0x6A, 0x71, 0xF0, 0x9B, 0x52, 0x0C, 0xF4, 0xAF,
    0x0B, 0xD6, 0x63, 0xC7, 0x49, 0xE6, 0x35, 0xF9, 0xBA, 0x19, 0x9B, 0xCE, 0xDC, 0xB2, 0x55, 0xAC,
    0xCC, 0xE8, 0x76, 0xB3, 0x36, 0xB7, 0xCA, 0xA8, 0xF3, 0x9B, 0x4A, 0xF4, 0x59, 0x2B, 0x56, 0xE8,
    0x0F, 0xA9, 0x34, 0x06, 0x34, 0x1A, 0x18, 0x6F, 0x54, 0xDA, 0xEA, 0xB4, 0x35, 0xD7, 0xD6, 0x5E,
    0xF7, 0x06, 0x7B, 0x5C, 0x20, 0x63, 0x1F, 0xFE, 0x5D, 0xE9, 0x63, 0xF0, 0x1B, 0xF9, 0x5C, 0xF0,
    0x81, 0xF4, 0x76, 0x9E, 0xF8, 0x1E, 0x62, 0x29, 0x80, 0xB0, 0x27, 0x97, 0x8C, 0xA6, 0xB2, 0x6A,
    0x32, 0xF1, 0xA8, 0x9B, 0x44, 0x7C, 0x6A, 0x88, 0x8F, 0x91, 0x78, 0x9E, 0x85, 0x40, 0x5C, 0x3D,
    0x88, 0xD4, 0xC6, 0x89, 0x26, 0x7E, 0x1F, 0x53, 0x28, 0xCF, 0x8E, 0xF4, 0x9B, 0x5F, 0x39, 0x6F,
    0x70, 0x44, 0xF0, 0x25, 0xDD, 0xD4, 0xFD, 0x98, 0x19, 0x71, 0x84, 0xCA, 0xBD, 0xC2, 0x94, 0xC5,
    0x4C, 0x27, 0xB0, 0x8C, 0x5F, 0x11, 0x9D, 0x2B, 0xC7, 0x88, 0x4E, 0x7A, 0x3C, 0xAD, 0x46, 0x2C,
    0x35, 0xAF, 0x9D, 0xBF, 0xE7, 0x11, 0x73, 0x05, 0x9C, 0xB8, 0x3D, 0x69, 0xE0, 0x34, 0x94, 0x99,
    0x3E, 0x61, 0x4C, 0x57, 0x10, 0xB7, 0x26, 0x6F, 0x48, 0x5C, 0xE1, 0x7D, 0x52, 0x30, 0x6E, 0xB9,
    0x9F, 0xCC, 0xC4, 0xFF, 0x78, 0xEE, 0xB8, 0xE3, 0x96, 0xFA, 0xEE, 0xB6, 0x7E, 0x99, 0x2B, 0x93,
    0x37, 0x84, 0x53, 0xDE, 0x67, 0x46, 0x95, 0x7E, 0x6D, 0x50, 0xE1, 0xB9, 0x63, 0x8F, 0x0A, 0x8F,
    0x6A, 0xBF, 0xF6, 0x31, 0x61, 0x8C, 0x37, 0x4A, 0xD4, 0x58, 0xFA, 0xFB, 0x2B, 0x2B, 0x6A, 0xC7,
    0xC7, 0xC6, 0xD4, 0x64, 0xE9, 0x4D, 0x24, 0x6D, 0x93, 0xF3, 0x5F, 0x98, 0x92, 0xD0, 0x99, 0x90,
    0x1B, 0xE6, 0x77, 0x98, 0x2D, 0xC1, 0xAC, 0x63, 0xB6, 0x04, 0x5F, 0x8A, 0x77, 0x79, 0x43, 0xB7,
    0xD7, 0xB6, 0x25, 0xE7, 0x1B, 0xCE, 0xDA, 0xFD, 0x2C, 0xAB, 0x0F, 0x84, 0x2D, 0x8F, 0x7C, 0x07,
    0xF7, 0x35, 0xEE, 0x93, 0x3F, 0x48, 0x48, 0xEE, 0x7E, 0x61, 0xA2, 0xA3, 0x3F, 0xDA, 0xF0, 0xE8,
    0xDA, 0x23, 0xC0, 0x96, 0x47, 0xBE, 0x83, 0xBB, 0x1D, 0xF7, 0xF3, 0xD6, 0xF6, 0x4D, 0xA9, 0x12,
    0xB3, 0xC0, 0x23, 0xD8, 0xED, 0x14, 0xEB, 0x93, 0xE0, 0x98, 0x76, 0x68, 0x09, 0xF1, 0x9E, 0xE9,
    0x73, 0x68, 0x22, 0xE2, 0xE7, 0x70, 0xE6, 0x2D, 0x4E, 0x52, 0xAA, 0xC7, 0xA4, 0x94, 0x70, 0x82,
    0x34, 0xC6, 0x09, 0xD9, 0xDA, 0x29, 0x1A, 0x14, 0xEC, 0xE3, 0x4C, 0xC5, 0xF7, 0xD6, 0xB2, 0xAD,
    0x24, 0xA2, 0x59, 0x5A, 0x20, 0xBB, 0xD3, 0x05, 0xDA, 0x14, 0x63, 0x35, 0x87, 0xE9, 0x1C, 0x53,
    0xF0, 0x8E, 0x56, 0x69, 0x52, 0xAB, 0x41, 0xC9, 0xBB, 0xAD, 0x79, 0xB7, 0x45, 0xEF, 0xB6, 0xEA,
    0x1D, 0xCB, 0xDD, 0xA7, 0x72, 0x92, 0x4A, 0x3D, 0x79, 0x1E, 0x95, 0xC2, 0x7A, 0xBF, 0x91, 0x93,
    0x89, 0x96, 0x13, 0x24, 0x8C, 0x8B, 0xDF, 0x81, 0x36, 0xA9, 0x7E, 0x2F, 0x95, 0x94, 0xBF, 0x77,
    0x89, 0xD4, 0xBF, 0xEB, 0x4A, 0x0A, 0xE0, 0xB3, 0x4A, 0x2A, 0xE0, 0xC3, 0xD2, 0x94, 0xC0, 0xDB,
    0x1A, 0x78, 0x5B, 0x04, 0x6F, 0xAB, 0xE0, 0x77, 0x34, 0x97, 0x7B, 0x2C, 0x84, 0x9F, 0xB1, 0xE5,
    0xA0, 0x6E, 0x60, 0x21, 0x7C, 0xC3, 0x6E, 0x8E, 0x6B, 0x0A, 0xE1, 0xC1, 0xE3, 0x21, 0x37, 0x07,
    0x3E, 0x38, 0x2E, 0x84, 0x6F, 0xB8, 0x10, 0x7E, 0x5D, 0x6F, 0x8A, 0x9B, 0xD3, 0xF0, 0x64, 0xF2,
    0xE7, 0x3C, 0x99, 0xDC, 0x79, 0xF5, 0x72, 0x0B, 0xE1, 0x6D, 0x25, 0xB9, 0xAD, 0x98, 0x32, 0xB5,
    0xE4, 0xB6, 0x98, 0xDC, 0x56, 0x93, 0xDB, 0x72, 0x72, 0x95, 0x9A, 0xB0, 0x3F, 0x34, 0xBA, 0xE7,
    0x19, 0x6B, 0xE9, 0x68, 0xD5, 0x7F, 0x9A, 0xE7, 0x72, 0xA2, 0x42, 0x49, 0x55, 0x79, 0xC5, 0x6A,
    0xB4, 0xB6, 0xD1, 0x59, 0x35, 0xAA, 0x44, 0x8D, 0x40, 0x7B, 0xB8, 0xB2, 0xDC, 0xAF, 0xBE, 0x91,
    0x1A, 0x3D, 0xAA, 0xFD, 0xDA, 0x87, 0x59, 0xE0, 0xEA, 0x66, 0x93, 0x15, 0x9F, 0x2B, 0x35, 0xD9,
    0xB1, 0xB9, 0x4E, 0xAE, 0x2D, 0xD7, 0xFE, 0x70, 0x9D, 0xB3, 0xE2, 0x42, 0x67, 0xC5, 0x95, 0xCE,
    0x8A, 0x4B, 0x9D, 0x49, 0x7E, 0xDD, 0x46, 0xBC, 0xF4, 0x6B, 0x2C, 0xBD, 0x22, 0xBC, 0x24, 0xBB,
    0x9D, 0x5F, 0x6F, 0x9F, 0xB8, 0xEC, 0x1B, 0x11, 0x5B, 0x91, 0xDA, 0xAF, 0x9D, 0xB8, 0x34, 0x29,
    0xFB, 0xC0, 0xC4, 0xAB, 0xE5, 0xB8, 0xF5, 0xF7, 0xD9, 0x7A, 0x7D, 0x2B, 0x85, 0xC5, 0x3C, 0xA6,
    0xBE, 0x0C, 0xE9, 0xBA, 0x1D, 0x51, 0x19, 0x50, 0x19, 0xCF, 0x36, 0x2C, 0xF7, 0x95, 0x82, 0x7E,
    0x54, 0xFA, 0xB1, 0x87, 0x84, 0xDF, 0xF9, 0x71, 0xBD, 0xDA, 0x2E, 0x9A, 0xC4, 0x48, 0xC8, 0x2A,
    0x37, 0x19, 0x56, 0x22, 0x25, 0xA4, 0xC0, 0x71, 0x42, 0x96, 0x3B, 0x4E, 0x82, 0x8F, 0x3A, 0x94,
    0x1E, 0x30, 0x26, 0xD8, 0xC4, 0x39, 0xF6, 0xF2, 0x1E, 0x74, 0xEE, 0xBE, 0x22, 0xCB, 0xA5, 0x93,
    0x40, 0xB7, 0x18, 0x35, 0x4E, 0x74, 0x11, 0xDF, 0xD7, 0x7D, 0x8D, 0xDB, 0x75, 0x99, 0x47, 0x35,
    0x75, 0xB6, 0x52, 0x68, 0x6B, 0x70, 0x5A, 0xF3, 0x8A, 0xA5, 0x49, 0x2B, 0x48, 0xED, 0xD6, 0x30,
    0x52, 0x28, 0xEA, 0x7E, 0x2D, 0x8B, 0x96, 0x36, 0xB4, 0xDF, 0x25, 0x02, 0xD6, 0x52, 0xDF, 0xBF,
    0x21, 0x75, 0x6F, 0xAD, 0xA7, 0x23, 0x29, 0xFE, 0xB9, 0x3E, 0x2C, 0x5A, 0xDA, 0x76, 0x12, 0x6F,
    0x73, 0x5E, 0x0D, 0x6A, 0x5B, 0xD8, 0xB6, 0xB8, 0x3D, 0x06, 0xEE, 0xB3, 0x7D, 0x35, 0x8D, 0xE4,
    0x78, 0x9B, 0xC1, 0x75, 0x75, 0x18, 0x33, 0x9A, 0x12, 0xF6, 0x9F, 0xA5, 0x81, 0x6A, 0x28, 0x45,
    0xD1, 0xD0, 0xF5, 0x43, 0xA6, 0x64, 0x78, 0xB3, 0x66, 0x2E, 0x66, 0x6B, 0x86, 0xEF, 0x1F, 0xE2,
    0xFC, 0xC6, 0x41, 0xA5, 0x1F, 0x9C, 0x5A, 0x52, 0x0D, 0x0D, 0x67, 0x1A, 0x90, 0x30, 0x42, 0xE7,
    0xB3, 0x87, 0x3B, 0xCF, 0xF1, 0x75, 0x33, 0x98, 0x43, 0x7A, 0x87, 0x56, 0xD7, 0xBC, 0x56, 0x3B,
    0xB9, 0xE4, 0x47, 0x3C, 0x03, 0x78, 0xD2, 0xE8, 0xDD, 0xCD, 0xBC, 0xCA, 0xB8, 0x3A, 0x64, 0xFE,
    0xB8, 0xED, 0x71, 0xC9, 0x48, 0xE3, 0x33, 0x92, 0xCC, 0x48, 0x88, 0x72, 0x2E, 0x33, 0xE5, 0x12,
    0x9B, 0x82, 0x69, 0x66, 0x8A, 0x99, 0x5E, 0xA6, 0x56, 0x68, 0x65, 0x4A, 0x97, 0x93, 0x86, 0x3C,
    0x73, 0x86, 0x94, 0x3E, 0x5A, 0xCF, 0x51, 0x93, 0xE2, 0x7F, 0xCC, 0x51, 0xED, 0xF1, 0xE2, 0x4E,
    0x93, 0x35, 0x3B, 0x87, 0xFE, 0x87, 0x4D, 0xE0, 0x22, 0xC0, 0x59, 0x52, 0xBE, 0xF3, 0xCC, 0xA9,
    0x84, 0xDA, 0xF0, 0x17, 0x44, 0x05, 0xB7, 0x40, 0xE8, 0x19, 0x2F, 0xD9, 0xE3, 0x64, 0xCC, 0x68,
    0x4A, 0xB5, 0x9F, 0x53, 0xDD, 0x0E, 0x36, 0x87, 0x94, 0xD4, 0x3C, 0x7D, 0x46, 0xA0, 0x27, 0x86,
    0xD8, 0x9D, 0xB0, 0x07, 0x4F, 0x08, 0x7C, 0x1E, 0x3F, 0x73, 0x78, 0xB9, 0xBA, 0xC7, 0xCE, 0x88,
    0x86, 0xC6, 0xD1, 0x94, 0xC5, 0x9E, 0xC9, 0x00, 0xC9, 0x7F, 0xF2, 0xB8, 0x91, 0xB1, 0x9F, 0x18,
    0x81, 0x4B, 0x36, 0x58, 0x44, 0xBE, 0x3B, 0xC8, 0x7B, 0x87, 0xA5, 0x0C, 0x09, 0xAD, 0x6D, 0x18,
    0x3C, 0x6E, 0x5D, 0xDC, 0x42, 0xAF, 0x33, 0x82, 0x08, 0xD8, 0xAB, 0x42, 0x9C, 0x0A, 0xAE, 0xBF,
    0x75, 0x5B, 0x63, 0x24, 0x00, 0x4A, 0x81, 0xA4, 0x47, 0x78, 0x3C, 0xA5, 0xEB, 0x49, 0xF3, 0x22,
    0x44, 0x3D, 0x37, 0x1A, 0xAD, 0xBF, 0x02, 0xA7, 0x53, 0xEB, 0xE7, 0x81, 0x7A, 0xBD, 0x09, 0x1D,
    0x1F, 0x4B, 0x14, 0x53, 0x1F, 0x0D, 0xC8, 0xF0, 0x8F, 0x07, 0x6D, 0xF6, 0xEE, 0x09, 0xDE, 0x1D,
    0x4B, 0x53, 0x9F, 0x25, 0x6F, 0x3B, 0x2C, 0xD1, 0xD7, 0x86, 0xBB, 0x27, 0xCB, 0xBC, 0xFB, 0xC5,
    0x01, 0xB8, 0xBD, 0x3D, 0x80, 0x71, 0xCE, 0x34, 0x64, 0xD3, 0x79, 0x5B, 0xE5, 0x4C, 0xD1, 0xBF,
    0x05, 0x15, 0x8F, 0x6A, 0x8C, 0x2D, 0xB0, 0x12, 0xB6, 0x04, 0xC0, 0x01, 0x7A, 0xDC, 0x3A, 0x9D,
    0x7A, 0x25, 0xD0, 0x95, 0x7B, 0x55, 0x50, 0x06, 0x40, 0x7D, 0xDA, 0x86, 0xED, 0x46, 0x49, 0x20,
    0x53, 0x68, 0x14, 0xC4, 0xBC, 0xF6, 0xDB, 0xB8, 0x1B, 0x7C, 0xE3, 0x3B, 0xBD, 0x6D, 0xE4, 0xE2,
    0x30, 0x77, 0xD6, 0xC7, 0xC0, 0x6E, 0x27, 0xD5, 0x8F, 0x86, 0x51, 0x85, 0x7A, 0x1C, 0x08, 0x6B,
    0x10, 0x98, 0x70, 0x61, 0x42, 0x32, 0xE9, 0x34, 0xC8, 0x3A, 0xDC, 0x17, 0xD7, 0xF1, 0x82, 0x3D,
    0x89, 0x72, 0xBF, 0xBC, 0x03, 0xC7, 0xE0, 0x23, 0xF4, 0x46, 0xD6, 0x75, 0xB7, 0x96, 0xE5, 0xEC,
    0xA3, 0x6B, 0x72, 0xFC, 0xC0, 0xCE, 0xA0, 0x65, 0x29, 0xB1, 0x5A, 0xD1, 0xC7, 0x3A, 0x6F, 0x8C,
    0x97, 0x73, 0xBB, 0x64, 0x2B, 0xED, 0x06, 0xC1, 0xEC, 0x72, 0x24, 0x10, 0x50, 0x14, 0x24, 0x30,
    0xA0, 0x42, 0x4C, 0x38, 0xFA, 0x5C, 0x42, 0xB6, 0x84, 0x7B, 0x49, 0xB1, 0x9F, 0x59, 0x22, 0xC2,
    0x47, 0xB8, 0x57, 0xD2, 0x97, 0x3F, 0xFB, 0x83, 0xD5, 0xC8, 0xDB, 0xD0, 0xF7, 0xB0, 0xE8, 0x39,
    0x70, 0x89, 0x1A, 0x9A, 0x1E, 0x59, 0x04, 0x44, 0xC7, 0x27, 0x97, 0x26, 0x3F, 0x2F, 0xA3, 0xFC,
    0xDC, 0x44, 0xC6, 0x74, 0x88, 0xC2, 0x20, 0x3F, 0x6F, 0x0F, 0x28, 0x79, 0x8D, 0xA0, 0xA4, 0x25,
    0x5B, 0xFA, 0x1E, 0xCD, 0x18, 0x9D, 0x3D, 0x77, 0x34, 0x28, 0x77, 0xC8, 0xF4, 0x58, 0x49, 0x7B,
    0xED, 0x59, 0x94, 0xB4, 0x36, 0x43, 0x49, 0x83, 0x3B, 0x26, 0x4B, 0xE6, 0x00, 0x3C, 0x2A, 0xF4,
    0x2E, 0x26, 0x5B, 0x0D, 0xF9, 0xDB, 0x04, 0x2E, 0xD7, 0xCE, 0x2E, 0x0B, 0xC1, 0x06, 0x05, 0x46,
    0x5C, 0xE3, 0x10, 0x7C, 0x50, 0x8C, 0xAA, 0x1B, 0x0E, 0x1B, 0xB5, 0x06, 0x36, 0x45, 0xB4, 0x8C,
    0xCE, 0x5F, 0xB9, 0x45, 0xE1, 0x2A, 0xF9, 0x5D, 0x35, 0x1D, 0xCF, 0x2E, 0x85, 0x27, 0x34, 0x9A,
    0x5B, 0xE8, 0x4D, 0xCC, 0xC0, 0x91, 0x28, 0x54, 0x48, 0x01, 0x77, 0xA7, 0x70, 0x4C, 0xE1, 0xB7,
    0xE1, 0x38, 0x3B, 0x92, 0xDF, 0xB0, 0xC5, 0x91, 0x85, 0xAE, 0xD4, 0x38, 0xB6, 0x2F, 0x66, 0xD8,
    0xE7, 0xAF, 0x30, 0x77, 0xA4, 0x68, 0x7C, 0x61, 0x68, 0x69, 0x84, 0x8B, 0x1D, 0x82, 0xA5, 0x89,
    0xF8, 0x17, 0xC1, 0x6C, 0x9C, 0xEC, 0x72, 0xA7, 0x94, 0x85, 0x89, 0xFE, 0x07, 0xB5, 0xA0, 0xE6,
    0x55, 0x1C, 0xB8, 0x30, 0x52, 0xB7, 0xC8, 0x35, 0xF5, 0x74, 0xA6, 0x2B, 0xEC, 0x17, 0x5C, 0xAC,
    0xB0, 0x67, 0x98, 0xA1, 0xC5, 0xBE, 0x81, 0xC7, 0xFC, 0x7B, 0xEC, 0xDD, 0x5F, 0xC1, 0xE7, 0x38,
    0xED, 0x52, 0x28, 0xEA, 0x21, 0x74, 0x0E, 0xFB, 0xA8, 0x37, 0x77, 0x88, 0xDC, 0x8C, 0x67, 0x14,
    0x4D, 0xC7, 0x9E, 0xB0, 0x7F, 0x88, 0xFC, 0x78, 0x08, 0x0D, 0x4A, 0xB2, 0x52, 0x4B, 0xE7, 0x87,
    0xC8, 0xBC, 0x5B, 0x8E, 0x9D, 0x7B, 0xB7, 0xDC, 0xD9, 0xC7, 0x3F, 0x36, 0xFC, 0x19, 0x6A, 0xCF,
    0x9C, 0x38, 0x99, 0xD7, 0x4E, 0xB2, 0x28, 0xE8, 0x3B, 0x24, 0x39, 0xDB, 0xBC, 0xB8, 0x65, 0x32,
    0xB8, 0x91, 0xCC, 0x0A, 0xF9, 0x65, 0xC8, 0xA1, 0x7C, 0xE2, 0x55, 0xC8, 0x2F, 0xD5, 0xA8, 0x86,
    0x92, 0xE9, 0x8D, 0x03, 0x4F, 0x57, 0xB0, 0x73, 0x22, 0xF8, 0xE9, 0x36, 0xF8, 0x44, 0xBE, 0xAD,
    0x77, 0xEB, 0xDD, 0x8D, 0x9A, 0x39, 0x87, 0xB9, 0x45, 0xE6, 0x1D, 0x2E, 0xCA, 0x40, 0xEE, 0x75,
    0xBE, 0x7E, 0x41, 0x27, 0x0B, 0xF5, 0xAD, 0x8F, 0x00, 0x22, 0xEB, 0xD9, 0xF7, 0xF3, 0x75, 0xDB,
    0x39, 0x79, 0x74, 0x34, 0xDB, 0x73, 0xD7, 0xCA, 0x82, 0xC9, 0x60, 0x0F, 0xB6, 0x74, 0x58, 0x28,
    0x91, 0xC7, 0x87, 0xE3, 0x8C, 0xCA, 0xC2, 0xE4, 0xA8, 0x36, 0xC1, 0x75, 0xD6, 0x91, 0xD8, 0x05,
    0x05, 0xCA, 0x98, 0x5B, 0xB9, 0x80, 0xCB, 0x28, 0x65, 0x78, 0xE6, 0x33, 0x52, 0x97, 0xF8, 0x0C,
    0xE8, 0x89, 0x57, 0x08, 0xB1, 0xF1, 0xC9, 0xA8, 0x4D, 0x13, 0xAE, 0x24, 0x6F, 0x19, 0x3C, 0x09,
    0xBD, 0xDB, 0x08, 0x3E, 0x32, 0x90, 0x39, 0xE9, 0xB9, 0x93, 0x4D, 0xA5, 0xE7, 0x81, 0xAE, 0xA4,
    0xE7, 0xA9, 0x6E, 0xB0, 0xE7, 0x93, 0x7A, 0xA2, 0x3F, 0xC3, 0x15, 0x67, 0xD0, 0x7F, 0xBF, 0xA3,
    0xF4, 0x42, 0xE3, 0x56, 0x21, 0x26, 0x1A, 0xA0, 0xE7, 0x5E, 0x05, 0xA1, 0x76, 0x87, 0x3D, 0xDF,
    0x68, 0x75, 0x72, 0xB1, 0xB1, 0x3D, 0xAF, 0xA9, 0xE7, 0x99, 0x16, 0xDB, 0xDD, 0x7A, 0x76, 0x1A,
    0x4A, 0x9D, 0x5F, 0x4B, 0x0E, 0x66, 0xDC, 0x8E, 0x8E, 0x7A, 0x1E, 0x2D, 0xCC, 0xF0, 0xF0, 0x68,
    0xE1, 0xED, 0x79, 0xB4, 0x00, 0xA2, 0x70, 0xB4, 0xBC, 0xC2, 0xD3, 0xB7, 0x6B, 0x1C, 0x2D, 0x90,
    0x24, 0x90, 0x0F, 0x1C, 0xAD, 0xA0, 0x88, 0x67, 0x93, 0x86, 0x46, 0xAB, 0xD0, 0x89, 0xDB, 0xE0,
    0x68, 0x65, 0x0F, 0x3A, 0xB5, 0x51, 0xD9, 0xD1, 0x2A, 0x65, 0xB4, 0xC0, 0xE2, 0xE3, 0x68, 0xD5,
    0x21, 0x6E, 0x8C, 0xC5, 0xA3, 0x75, 0x7E, 0x6D, 0x7B, 0x92, 0xBA, 0x4F, 0x4B, 0x2B, 0xD5, 0xA9,
    0x6D, 0x39, 0x83, 0xC1, 0xE7, 0x8E, 0x05, 0xD7, 0xF6, 0x8D, 0x2F, 0x27, 0xB4, 0xBF, 0x89, 0xA1,
    0xCA, 0xC8, 0x78, 0x63, 0x65, 0xBC, 0xB3, 0x32, 0xDE, 0x0E, 0x3E, 0x77, 0x4C, 0x47, 0x6B, 0x2E,
    0xA7, 0x67, 0x57, 0xE3, 0x28, 0xA9, 0xD1, 0x78, 0x58, 0x9E, 0xFB, 0x08, 0x35, 0xC5, 0xBA, 0xCA,
    0x16, 0x58, 0xEC, 0x89, 0xB7, 0xDB, 0x13, 0xE4, 0xBE, 0x57, 0x46, 0x2D, 0xD1, 0xED, 0xDD, 0x87,
    0xBB, 0x21, 0xEF, 0x71, 0xA1, 0x6E, 0x4E, 0xC1, 0x0B, 0x70, 0xB5, 0x20, 0xCE, 0x6B, 0xDC, 0x68,
    0x03, 0x19, 0xAF, 0x71, 0xE6, 0x15, 0xF9, 0x0E, 0x4E, 0x7E, 0x41, 0x26, 0x61, 0xEB, 0x86, 0xCE,
    0x0D, 0xD7, 0x13, 0x31, 0x08, 0x0D, 0xFB, 0x2F, 0xBA, 0x9B, 0xAB, 0xB9, 0xB2, 0x0B, 0xC9, 0x42,
    0x3B, 0x6B, 0x97, 0x87, 0x92, 0xA5, 0x9F, 0x49, 0xFE, 0x35, 0x98, 0x89, 0xD2, 0x04, 0xB3, 0xD5,
    0xB1, 0x5B, 0x2C, 0x27, 0xC0, 0xF3, 0x60, 0x96, 0xD6, 0xC4, 0xF2, 0xE0, 0x13, 0x5C, 0x53, 0x9C,
    0xD1, 0x64, 0x18, 0x6D, 0xFE, 0x03, 0x27, 0xF7, 0xB3, 0x1C, 0xF9, 0x1D, 0xE8, 0x04, 0x43, 0x12,
    0x60, 0x37, 0xC6, 0x23, 0x6C, 0x45, 0x54, 0x9A, 0x23, 0xB3, 0xD3, 0x7B, 0x3F, 0xE4, 0xA8, 0x84,
    0x03, 0x13, 0xCA, 0x2D, 0x82, 0xEF, 0x45, 0x3E, 0x0B, 0xED, 0x7F, 0x34, 0x4E, 0x15, 0xC9, 0x0B,
    0x70, 0xE0, 0x90, 0x5F, 0x13, 0xDD, 0x10, 0xBB, 0x5C, 0x30, 0x9B, 0xC8, 0x2D, 0x5C, 0x24, 0x87,
    0xCC, 0x62, 0xEE, 0xA7, 0x0D, 0xB7, 0x51, 0xE3, 0x55, 0x40, 0x28, 0x5A, 0xCF, 0x76, 0x63, 0x4A,
    0x5E, 0x9E, 0xB6, 0x7C, 0xCA, 0x99, 0x4D, 0x5B, 0xCC, 0xA5, 0x07, 0xC9, 0xFE, 0xBC, 0x3C, 0xC3,
    0x4C, 0x5D, 0x12, 0x4F, 0x3C, 0x6C, 0x91, 0x25, 0xD8, 0x02, 0x47, 0xB0, 0x24, 0x03, 0x19, 0x82,
    0xAC, 0x46, 0x7E, 0x50, 0xDC, 0x45, 0xD2, 0xB7, 0xAA, 0xC8, 0xA2, 0x6E, 0x65, 0x0A, 0x99, 0xF1,
    0x92, 0xB6, 0xBC, 0x48, 0x98, 0x15, 0xC2, 0x89, 0x4F, 0x77, 0x90, 0xFB, 0x70, 0x8E, 0x26, 0x33,
    0x96, 0xCE, 0xBC, 0x6E, 0x1C, 0x53, 0xBE, 0xAD, 0xCC, 0x95, 0x62, 0xA7, 0xC9, 0xF8, 0xF5, 0xFC,
    0x9C, 0xC8, 0x11, 0xF1, 0x59, 0xCA, 0x33, 0x4D, 0xA5, 0x47, 0x32, 0x2E, 0x25, 0x1B, 0xBE, 0xCA,
    0xB8, 0xD2, 0x9D, 0xEB, 0x75, 0x3C, 0xDD, 0x20, 0xB7, 0x83, 0xB2, 0xA3, 0x50, 0x04, 0x37, 0xB8,
    0xC2, 0xE5, 0xFD, 0x19, 0xB2, 0x9A, 0x76, 0x8C, 0x48, 0x1B, 0x6A, 0x50, 0x97, 0x35, 0x45, 0x21,
    0x6B, 0x04, 0x9F, 0x6B, 0x92, 0x91, 0x10, 0xE0, 0x94, 0x9C, 0x44, 0xB7, 0x03, 0x83, 0xA3, 0xE9,
    0x90, 0xBD, 0xFE, 0x09, 0x21, 0x7E, 0x4C, 0x59, 0x42, 0xAF, 0xC8, 0x78, 0xAD, 0x8E, 0xF6, 0x50,
    0x58, 0x65, 0x9B, 0x75, 0xD8, 0x94, 0x2D, 0xDC, 0xF2, 0x69, 0x2C, 0x8C, 0xE7, 0xA5, 0x32, 0x8B,
    0x13, 0x22, 0xBA, 0x14, 0x83, 0x49, 0xC1, 0xDB, 0xDD, 0x86, 0x62, 0xB7, 0x9B, 0x0D, 0x85, 0x6E,
    0x37, 0x71, 0x0B, 0x22, 0x88, 0xE0, 0x1A, 0x14, 0xC9, 0x48, 0xB3, 0xDD, 0xD1, 0x64, 0x74, 0xD4,
    0x4B, 0x64, 0x71, 0xD6, 0x8C, 0xB9, 0x61, 0x5B, 0xC3, 0x0E, 0xB4, 0xB5, 0x32, 0x23, 0x45, 0x2E,
    0x79, 0x4B, 0xC7, 0x2F, 0x78, 0x5E, 0xFB, 0x7E, 0xBD, 0xA0, 0x7A, 0xF4, 0x68, 0x46, 0xD3, 0xE5,
    0x25, 0x66, 0x3E, 0x2F, 0x38, 0xE3, 0x95, 0x5D, 0xBC, 0xE0, 0xEC, 0x08, 0x79, 0x76, 0x61, 0x38,
    0xF3, 0x1D, 0x76, 0x83, 0x3A, 0xC8, 0x80, 0x23, 0x62, 0xA9, 0xA3, 0x8B, 0x67, 0x84, 0x8B, 0x71,
    0xC9, 0x49, 0x83, 0x86, 0x50, 0x11, 0x0C, 0x2C, 0x05, 0x64, 0xB8, 0xD3, 0x31, 0x00, 0x67, 0x34,
    0xA3, 0x84, 0x01, 0xDB, 0x5C, 0x68, 0x88, 0x3D, 0x18, 0xFF, 0x7C, 0xD5, 0x87, 0x5F, 0x39, 0xB1,
    0xA7, 0xDD, 0xB3, 0xA6, 0x1E, 0x35, 0x9D, 0x34, 0x4A, 0x17, 0x48, 0xFF, 0x1C, 0x46, 0xFF, 0xB0,
    0x43, 0xFD, 0x43, 0x22, 0x92, 0x43, 0x22, 0x82, 0xB1, 0x1D, 0x13, 0x24, 0x17, 0xF0, 0xEF, 0x9C,
    0x16, 0x8F, 0x21, 0x26, 0x0C, 0x15, 0x7C, 0x08, 0x82, 0x4E, 0xB8, 0x99, 0x8F, 0x0E, 0x12, 0x6E,
    0x9D, 0x59, 0x10, 0xB0, 0xE3, 0xB2, 0xBB, 0xD2, 0xA7, 0x2B, 0xB8, 0x39, 0x0F, 0x6E, 0x4A, 0x92,
    0x53, 0xF9, 0x58, 0xA1, 0xB8, 0x50, 0xD5, 0xAF, 0xF0, 0x67, 0xBD, 0x5B, 0x5B, 0xAF, 0x14, 0xEF,
    0xD5, 0x8C, 0x8E, 0xDC, 0x0C, 0x77, 0x7A, 0x9A, 0x93, 0xE1, 0x97, 0x87, 0x85, 0x86, 0x5C, 0xB7,
    0xE3, 0x72, 0x7D, 0x63, 0xC4, 0x71, 0x74, 0xC6, 0x6F, 0x69, 0xCE, 0x03, 0xE2, 0xAE, 0xD7, 0x20,
    0xAE, 0x48, 0x01, 0x88, 0xAB, 0xCF, 0xC9, 0x99, 0x89, 0x26, 0xAB, 0xA3, 0xB2, 0x29, 0xA5, 0x66,
    0x62, 0xF2, 0x74, 0x80, 0x15, 0x24, 0xAE, 0xE9, 0x8C, 0xC5, 0x35, 0x67, 0x71, 0x4D, 0x48, 0x5C,
    0xEB, 0xA1, 0xB8, 0xB2, 0x91, 0x1E, 0xCE, 0xA1, 0xEC, 0x78, 0xAC, 0xC8, 0x5B, 0xAC, 0xC8, 0x86,
    0x73, 0x86, 0x9B, 0x72, 0x07, 0xB4, 0x55, 0x43, 0x83, 0x47, 0xF4, 0xCB, 0xC9, 0x72, 0x57, 0xE4,
    0x18, 0x56, 0xC4, 0x78, 0xE6, 0xFB, 0x8C, 0xF2, 0x03, 0xBB, 0xCE, 0xF1, 0x1F, 0x15, 0x55, 0x70,
    0xDF, 0x04, 0xEF, 0x8B, 0x42, 0x89, 0xD9, 0x62, 0x3C, 0x7A, 0x74, 0xC4, 0xEB, 0xCB, 0xBB, 0x2F,
    0x8B, 0x21, 0x17, 0x1C, 0x04, 0x0F, 0x3F, 0x16, 0xE4, 0xFF, 0x16, 0x83, 0x0C, 0x37, 0xE5, 0x4F,
    0x82, 0x82, 0x7C, 0xDE, 0x82, 0x3D, 0x0F, 0x8E, 0x2D, 0x28, 0x5F, 0x52, 0x0C, 0xF2, 0x24, 0x14,
    0x4B, 0x0C, 0xF3, 0x23, 0xE7, 0x07, 0x16, 0x67, 0x78, 0x4C, 0xC7, 0x47, 0x2E, 0x96, 0x8F, 0x1B,
    0x3C, 0xDA, 0xDC, 0x7F, 0x9A, 0x50, 0xEE, 0x3F, 0xC1, 0xDC, 0x7F, 0x9C, 0x60, 0xEE, 0x1F, 0x8B,
    0x0C, 0x1B, 0x38, 0x62, 0xEE, 0x5F, 0x7C, 0x1D, 0x52, 0x80, 0x96, 0x72, 0xFF, 0xBF, 0xDF, 0x55,
    0xEE, 0x9F, 0xE2, 0x41, 0x38, 0xA3, 0x68, 0x30, 0x6C, 0x49, 0xCD, 0x71, 0x6E, 0x84, 0xF4, 0x9C,
    0xFE, 0x26, 0x6D, 0x26, 0x1D, 0x6B, 0xBA, 0xDB, 0x00, 0x07, 0x80, 0xC3, 0x7E, 0x15, 0x50, 0x28,
    0xB2, 0xD1, 0xDD, 0x2E, 0xC6, 0x9E, 0xA2, 0x9E, 0x52, 0xEC, 0xE7, 0xB7, 0x7B, 0xF6, 0x14, 0x97,
    0x4E, 0x47, 0x32, 0xCE, 0x0F, 0x7D, 0xCD, 0x36, 0xAD, 0xE3, 0x78, 0x79, 0x99, 0x74, 0x39, 0x92,
    0xFF, 0xC1, 0x78, 0x36, 0x66, 0xA4, 0xC1, 0x31, 0x67, 0xA8, 0x61, 0xAC, 0xF1, 0x28, 0x9A, 0xC5,
    0x98, 0x8A, 0xE3, 0x2A, 0xDC, 0x04, 0x9D, 0x62, 0xD8, 0x4E, 0x66, 0x7C, 0xAC, 0x87, 0xAB, 0xC9,
    0xC3, 0xAD, 0x2F, 0xD6, 0x0B, 0xBC, 0x0A, 0xCE, 0x46, 0x73, 0x1D, 0xAF, 0x3F, 0xDB, 0x96, 0x97,
    0x3E, 0xF4, 0x19, 0xC5, 0x43, 0xA3, 0xC7, 0xCE, 0x28, 0xFA, 0x33, 0x1C, 0xF5, 0x80, 0x10, 0x06,
    0xEE, 0x98, 0x2C, 0x99, 0x03, 0x36, 0x74, 0x93, 0x2D, 0x24, 0xA7, 0xF3, 0x41, 0xDB, 0x32, 0x66,
    0xB0, 0xDF, 0x1B, 0x64, 0xB3, 0xF8, 0xFC, 0xDC, 0x51, 0xD5, 0x41, 0x7C, 0x67, 0x44, 0x12, 0x7C,
    0x6A, 0xCA, 0xDA, 0xA4, 0x4B, 0x89, 0x4B, 0x59, 0x9B, 0xFC, 0xAF, 0x58, 0x9B, 0x82, 0x5F, 0xA1,
    0x8A, 0x81, 0x8B, 0xFA, 0xBE, 0x26, 0x34, 0x0F, 0x3E, 0xFE, 0x92, 0xB8, 0x0D, 0x2E, 0x64, 0x4B,
    0xFC, 0xD6, 0x1F, 0xB5, 0xA2, 0x4D, 0x8D, 0x68, 0x53, 0x4D, 0x5C, 0x7F, 0x6B, 0xC1, 0xBC, 0xCD,
    0x6E, 0xE2, 0xD2, 0xCD, 0x71, 0x69, 0xA5, 0xAB, 0x59, 0x04, 0x27, 0x9A, 0xCD, 0xBE, 0x8F, 0x86,
    0x1B, 0xE3, 0xCD, 0xCF, 0x59, 0x1B, 0xA3, 0x9F, 0xE2, 0x5A, 0x03, 0x70, 0x54, 0xBF, 0xA7, 0x09,
    0xF5, 0xA3, 0xFF, 0xFC, 0x8C, 0x72, 0x1C, 0xA1, 0xBE, 0x5B, 0xE3, 0xE8, 0xAC, 0x43, 0x2B, 0xDA,
    0x58, 0x89, 0x36, 0x96, 0x34, 0x46, 0x37, 0x90, 0x3B, 0xC2, 0x95, 0x73, 0x52, 0x2A, 0x64, 0x7E,
    0x9F, 0x9D, 0xF3, 0x4E, 0x1A, 0xDE, 0x81, 0x10, 0x37, 0x1F, 0xC4, 0x7D, 0x07, 0xD1, 0x5D, 0xC7,
    0xDD, 0x06, 0x71, 0xA3, 0x41, 0xDC, 0x63, 0x10, 0xB7, 0x17, 0xC4, 0x9D, 0x05, 0x99, 0x07, 0xBA,
    0xC2, 0xAD, 0x04, 0xED, 0xDF, 0xFF, 0x80, 0xD8, 0xEB, 0x72, 0xD4, 0xEF, 0xB0, 0xC7, 0xA6, 0x5A,
    0xF6, 0xD8, 0x3A, 0x76, 0x78, 0x3A, 0x5E, 0x6F, 0x02, 0x02, 0x80, 0x1E, 0x9B, 0x56, 0x14, 0xEF,
    0xC3, 0xC0, 0x22, 0x5B, 0x1B, 0x9E, 0x0B, 0xAB, 0x39, 0xD8, 0x9F, 0x2E, 0xE0, 0xE8, 0xE5, 0xC7,
    0x88, 0xA1, 0x69, 0xCC, 0xEB, 0xA8, 0x62, 0x62, 0xE7, 0xE5, 0x4B, 0x87, 0x71, 0x77, 0xC5, 0x77,
    0xC7, 0xEF, 0x89, 0x87, 0x0D, 0xDE, 0x3D, 0x19, 0x02, 0xFB, 0x43, 0xF6, 0xE6, 0x3B, 0x6A, 0x3A,
    0x09, 0x63, 0x50, 0xC2, 0x80, 0x46, 0x90, 0x2F, 0xF0, 0x56, 0x70, 0xAB, 0xEF, 0x9A, 0x90, 0x9E,
    0x42, 0xA0, 0x09, 0x45, 0x40, 0x0E, 0x05, 0x40, 0x13, 0x8A, 0x7F, 0x10, 0x63, 0xAC, 0x3C, 0x15,
    0x24, 0x4D, 0xC9, 0xBC, 0xC6, 0xBF, 0x42, 0xE5, 0xE6, 0x4D, 0xDB, 0x1F, 0xFF, 0xF6, 0x07, 0xA8,
    0xEB, 0xA7, 0x12, 0xD4, 0x75, 0xDC, 0xA7, 0x0D, 0x57, 0x09, 0xA2, 0xAE, 0x87, 0x33, 0xD4, 0xF5,
    0xA0, 0x40, 0x5D, 0x47, 0xCF, 0xE5, 0x0E, 0x1C, 0x51, 0xD7, 0x83, 0x02, 0x75, 0x3D, 0x2D, 0xC4,
    0x75, 0x65, 0x8D, 0x07, 0x5D, 0xAF, 0xE7, 0x75, 0xFD, 0xFD, 0x9B, 0x9B, 0x40, 0xED, 0x4F, 0x21,
    0xEC, 0x4B, 0x3B, 0x1F, 0x8E, 0xCE, 0xB5, 0xC9, 0x4D, 0x92, 0xBF, 0x49, 0x31, 0x5C, 0x24, 0x12,
    0xA8, 0x61, 0x23, 0x2B, 0xE6, 0x82, 0x8A, 0xB4, 0xEB, 0xB4, 0x32, 0xA9, 0x5B, 0xEC, 0x3D, 0x80,
    0x05, 0x4D, 0x46, 0xD5, 0x8A, 0x67, 0xA2, 0x14, 0x43, 0x1E, 0xE7, 0x71, 0x2A, 0x4A, 0xE3, 0x6C,
    0x74, 0xD7, 0x58, 0xA9, 0x1A, 0x4E, 0xD1, 0x36, 0x9C, 0x9F, 0xAD, 0x07, 0x6C, 0xB8, 0x98, 0x0C,
    0x0B, 0xDA, 0x5F, 0x95, 0x82, 0x95, 0x7E, 0xE5, 0x1B, 0x30, 0x23, 0xDB, 0x24, 0xE4, 0x43, 0x56,
    0x71, 0x50, 0x80, 0xFC, 0x38, 0x4D, 0x09, 0x24, 0x2C, 0x77, 0x40, 0x8E, 0x40, 0x4F, 0x19, 0xFE,
    0x14, 0x79, 0x55, 0xB9, 0x22, 0xB7, 0x6A, 0x4B, 0x72, 0x48, 0xC4, 0x9C, 0x0E, 0xFC, 0x49, 0xE0,
    0x4B, 0x91, 0xCD, 0x98, 0x31, 0xC2, 0x19, 0x81, 0x41, 0xBB, 0x85, 0x37, 0x03, 0xA1, 0x41, 0x42,
    0x33, 0x15, 0x77, 0xC0, 0x9D, 0x1E, 0x97, 0x32, 0xF8, 0xC5, 0xB0, 0xC1, 0x8B, 0x72, 0x1A, 0x33,
    0xF7, 0x97, 0xD4, 0xE9, 0xD3, 0xDC, 0x69, 0xDA, 0xE4, 0x91, 0xFE, 0xFD, 0x05, 0x76, 0xEE, 0xC9,
    0x11, 0x81, 0xC1, 0x0B, 0x44, 0x61, 0x68, 0xF6, 0x32, 0xCC, 0x91, 0x21, 0x8E, 0x33, 0x64, 0x08,
    0x20, 0x31, 0x32, 0x04, 0x94, 0x91, 0xB5, 0x80, 0x18, 0xE2, 0x36, 0xC4, 0x10, 0xAF, 0x61, 0x86,
    0xE8, 0x37, 0x25, 0x7D, 0x4C, 0x0C, 0xC1, 0x34, 0x26, 0x78, 0xD6, 0xE8, 0x47, 0xCD, 0x33, 0x84,
    0x0B, 0x95, 0xD4, 0x1D, 0x76, 0xA3, 0xDF, 0x8B, 0x89, 0x05, 0xE7, 0x56, 0x86, 0x2C, 0x00, 0xEF,
    0x1F, 0x59, 0xE0, 0x17, 0x8A, 0x35, 0x81, 0x58, 0x00, 0xEE, 0x3E, 0xD9, 0xBD, 0x82, 0x58, 0x90,
    0x19, 0x16, 0x50, 0xFE, 0xA1, 0x85, 0x06, 0x59, 0x10, 0x95, 0x7B, 0x18, 0xF7, 0xC1, 0xE3, 0xD5,
    0xD1, 0x6C, 0xD3, 0xBB, 0x5C, 0xD6, 0xF6, 0x97, 0x89, 0x61, 0x08, 0x7E, 0xE1, 0xD2, 0xF9, 0xC2,
    0x15, 0x92, 0xA6, 0xA6, 0x42, 0x5E, 0x5D, 0xE0, 0x9D, 0x27, 0xE3, 0xD7, 0x89, 0x59, 0x57, 0xAF,
    0x12, 0xB3, 0x56, 0x8E, 0x80, 0x59, 0x03, 0x47, 0x4C, 0xFA, 0x8F, 0xF2, 0x2B, 0x33, 0xD6, 0x70,
    0x6A, 0xA6, 0xAC, 0x01, 0xD7, 0xCD, 0x9C, 0xB5, 0x57, 0xAA, 0x7E, 0xD2, 0x5A, 0xD9, 0x59, 0xEB,
    0x5A, 0xD9, 0x69, 0x6B, 0xA3, 0x44, 0xBD, 0x22, 0xE1, 0x14, 0x4F, 0xDC, 0x98, 0x99, 0xEB, 0xC6,
    0x1F, 0x29, 0x94, 0xDF, 0xBB, 0x11, 0x71, 0x3F, 0x31, 0x28, 0x39, 0x04, 0x90, 0x6D, 0xE4, 0x06,
    0x26, 0x08, 0xE3, 0x44, 0x34, 0x28, 0xC0, 0xCD, 0xF8, 0x59, 0x8B, 0xC2, 0x1C, 0x0C, 0x23, 0x6B,
    0x12, 0x3E, 0x45, 0x9B, 0xE0, 0x39, 0x63, 0x8D, 0xBA, 0xA7, 0xEF, 0x59, 0x2E, 0x59, 0xCD, 0xC2,
    0xC7, 0x16, 0x9C, 0x92, 0x76, 0x95, 0x59, 0x91, 0x1A, 0x0D, 0x53, 0x3D, 0xD7, 0x54, 0xCF, 0x39,
    0x35, 0xE0, 0xDE, 0x80, 0x83, 0x8B, 0x45, 0xAE, 0x07, 0x88, 0xBE, 0x57, 0x6E, 0xB9, 0xE8, 0xEA,
    0x63, 0x17, 0xFA, 0x6E, 0xC7, 0xFD, 0xE9, 0xD5, 0x3E, 0x7F, 0xBF, 0x72, 0x5C, 0x46, 0x68, 0xFE,
    0x11, 0x24, 0xDB, 0x26, 0x49, 0xC6, 0x57, 0x6F, 0xDD, 0xB2, 0x1C, 0x7A, 0x60, 0xE7, 0x1B, 0x9D,
    0xFB, 0x95, 0x1D, 0xEE, 0xB3, 0xD7, 0x4E, 0xF6, 0x70, 0xEF, 0x9C, 0x4F, 0x73, 0x76, 0xCA, 0xA7,
    0x61, 0xF0, 0x53, 0xE2, 0x02, 0x70, 0xCC, 0xA7, 0x91, 0xA7, 0x94, 0x4D, 0xF1, 0x08, 0xB4, 0xF7,
    0xF9, 0xB4, 0x86, 0xF2, 0x69, 0x7A, 0x53, 0x46, 0x26, 0xD3, 0xFA, 0xF3, 0x16, 0xF3, 0x69, 0x5E,
    0xB3, 0x3D, 0x9F, 0x66, 0xB7, 0xB5, 0x94, 0xCD, 0x79, 0x3C, 0xD9, 0xC3, 0x40, 0x72, 0x6A, 0x26,
    0xA9, 0x46, 0x59, 0x35, 0x4A, 0xAB, 0xE5, 0x52, 0xF6, 0x54, 0x32, 0xCC, 0xA1, 0x83, 0x40, 0x4E,
    0x50, 0xC7, 0x13, 0x3A, 0xB8, 0x16, 0x5E, 0x72, 0x6B, 0x8A, 0x93, 0x6B, 0xA5, 0xE2, 0xEC, 0x5A,
    0x97, 0x8C, 0xA6, 0x6B, 0x75, 0x56, 0x71, 0x82, 0x0D, 0x0B, 0xEE, 0xAF, 0xCD, 0xCF, 0x1F, 0x99,
    0xBD, 0xEE, 0x1F, 0xD6, 0x14, 0xB6, 0xE1, 0x24, 0x8F, 0x44, 0x62, 0x9C, 0xE6, 0x51, 0x9C, 0xE7,
    0x51, 0x9C, 0xE8, 0xE1, 0x39, 0x26, 0x23, 0xC6, 0x22, 0xC2, 0xC9, 0x88, 0x1C, 0x72, 0xF7, 0x6B,
    0x00, 0xC5, 0x01, 0x31, 0xC9, 0x08, 0x75, 0xEB, 0x91, 0x1E, 0x26, 0x4B, 0x73, 0x0E, 0xC6, 0xBB,
    0xFE, 0x8B, 0x90, 0xE1, 0x2B, 0x54, 0xD4, 0xA5, 0x7B, 0x05, 0xBB, 0x77, 0x85, 0x0E, 0xD4, 0xC2,
    0x5D, 0x58, 0xE4, 0x78, 0x5F, 0xB9, 0xB4, 0xB3, 0x2B, 0x74, 0xA0, 0xA6, 0xED, 0x16, 0xD5, 0x73,
    0xBF, 0xB1, 0x45, 0x05, 0xDD, 0x54, 0x44, 0x0C, 0x9D, 0x66, 0xFC, 0x71, 0xDE, 0xC1, 0x1C, 0x32,
    0xFA, 0x25, 0x4F, 0xA8, 0x6F, 0xFF, 0x83, 0xFA, 0x9B, 0xDF, 0xAA, 0x1F, 0x03, 0x57, 0x17, 0xD5,
    0x67, 0x9C, 0x5F, 0x4B, 0x62, 0x5D, 0xD2, 0x4F, 0x61, 0x57, 0x3C, 0xE1, 0x06, 0xC4, 0x4F, 0xF4,
    0x1B, 0x10, 0x9F, 0xF5, 0xD4, 0xCA, 0x3F, 0x25, 0x4F, 0x7C, 0x39, 0xD8, 0x7D, 0x78, 0x6E, 0xFE,
    0x74, 0xED, 0x1A, 0xCE, 0xA2, 0xE0, 0x0F, 0x31, 0x7A, 0x70, 0xD3, 0xAB, 0xF6, 0xA6, 0xAF, 0xE1,
    0xFF, 0xDA, 0xBB, 0x9A, 0xEC, 0x8A, 0x86, 0xE1, 0x86, 0xB4, 0x41, 0xB1, 0xCB, 0xB3, 0x72, 0x7B,
    0x1D, 0xD6, 0xF0, 0x6C, 0x43, 0x80, 0xC4, 0xFF, 0xA3, 0x16, 0x98, 0xF0, 0xB5, 0xC1, 0x3D, 0x5F,
    0x6F, 0xC9, 0x46, 0x07, 0xBE, 0x9E, 0x06, 0x33, 0x0A, 0x9D, 0xFC, 0x0E, 0x0B, 0x15, 0x68, 0xC5,
    0x78, 0xAD, 0x78, 0x35, 0xF5, 0xA7, 0x1B, 0xF7, 0x7F, 0xA8, 0xED, 0xFF, 0xC3, 0x31, 0x8B, 0x95,
    0x30, 0x36, 0xE3, 0x1D, 0x0D, 0xE8, 0x3F, 0x9C, 0x98, 0xE5, 0x4A, 0xFD, 0x7A, 0xA5, 0x7E, 0x53,
    0x83, 0x7E, 0x57, 0x83, 0xC1, 0xB6, 0x06, 0x73, 0xCB, 0x1B, 0xFF, 0xEF, 0xF6, 0x7C, 0xC7, 0x05,
    0x5B, 0xFD, 0x42, 0xAD, 0xC1, 0xD9, 0xDC, 0x76, 0x3F, 0xAB, 0x46, 0x39, 0x33, 0x9B, 0x5D, 0xB1,
    0x1B, 0xDB, 0xC8, 0x49, 0x50, 0xCD, 0xB3, 0x0E, 0x51, 0x99, 0x37, 0xB6, 0x29, 0x27, 0xBC, 0x2A,
    0xCD, 0x6B, 0xB3, 0x84, 0x3A, 0xFC, 0x12, 0x47, 0x19, 0xD4, 0xDF, 0xA9, 0x74, 0xD7, 0xF4, 0x76,
    0x4B, 0x7D, 0xA3, 0x8D, 0xAC, 0x4E, 0x10, 0xA9, 0xFB, 0x59, 0x40, 0xB7, 0x7D, 0x2A, 0x7E, 0xD1,
    0x96, 0x54, 0xAB, 0xDB, 0x51, 0xE4, 0x04, 0xB2, 0xE5, 0x91, 0xEF, 0xE0, 0x5E, 0xC7, 0xDD, 0xE9,
    0x5F, 0x87, 0xBD, 0xC7, 0xDF, 0x23, 0x54, 0x22, 0xC0, 0x34, 0xA9, 0x27, 0x8D, 0x67, 0x4F, 0x6B,
    0xB7, 0x92, 0xC5, 0xE3, 0xF0, 0xAC, 0xB8, 0x97, 0xB5, 0x07, 0xA7, 0x8C, 0x3D, 0xDD, 0x7A, 0x67,
    0xFE, 0xE7, 0x0F, 0x79, 0x3D, 0x06, 0x7D, 0xEC, 0x3F, 0x36, 0x0C, 0xE0, 0x39, 0xC0, 0x9F, 0x01,
    0x00, 0x0D, 0x10, 0x68, 0x00, 0x41, 0x43, 0x0C, 0x5A, 0xD4, 0xF3, 0x47, 0xA3, 0x17, 0x3B, 0xA1,
    0xE9, 0x00, 0x44, 0x87, 0xA7, 0x3B, 0xE8, 0xB0, 0xAC, 0x54, 0xEA, 0x79, 0x53, 0x2F, 0xBA, 0x7A,
    0xA6, 0xAF, 0x88, 0x0D, 0x6F, 0xDB, 0x1B, 0x85, 0xEB, 0xF6, 0xD4, 0x59, 0x7D, 0xD4, 0x98, 0xFA,
    0xFF, 0x2C, 0x39, 0x10, 0x39, 0x33, 0x6B, 0x17, 0x94, 0x59, 0xBA, 0xA0, 0x6C, 0x15, 0x05, 0xA5,
    0xC8, 0x4D, 0xA4, 0x27, 0xF9, 0xEC, 0xA8, 0xE1, 0x0D, 0x1A, 0x4E, 0x69, 0xFE, 0x67, 0x60, 0x2F,
    0xF2, 0x7F, 0xC1, 0x4D, 0xA9, 0x0C, 0x43, 0xBA, 0x9A, 0x08, 0x08, 0x6E, 0x7E, 0x23, 0x10, 0x3C,
    0xB6, 0x84, 0xED, 0x0F, 0x9D, 0x8F, 0xA6, 0x3B, 0xA7, 0x12, 0xE9, 0x0E, 0x04, 0x7A, 0xDC, 0x1D,
    0x0C, 0x0A, 0xA9, 0x3B, 0x5E, 0x72, 0xCC, 0x09, 0xDB, 0xA7, 0x15, 0x4C, 0xE6, 0x93, 0x5F, 0x76,
    0xC6, 0xBF, 0x4F, 0x87, 0x25, 0x5F, 0xB7, 0x24, 0xE4, 0x58, 0x49, 0xDD, 0xFF, 0x02, 0xED, 0x5D,
    0x7D, 0x8C, 0x1D, 0x57, 0x75, 0xBF, 0x33, 0xB3, 0xBB, 0x13, 0x7B, 0x1C, 0xCF, 0x22, 0xEC, 0x36,
    0xD8, 0xF1, 0x0E, 0x95, 0xAC, 0x2A, 0x85, 0xAC, 0x5F, 0x5A, 0x22, 0x64, 0xD4, 0xB7, 0x7E, 0x13,
    0x47, 0x24, 0x15, 0x41, 0x64, 0x8B, 0xEC, 0x80, 0x30, 0x64, 0x2D, 0x91, 0x56, 0x54, 0x09, 0x5D,
    0x0A, 0x56, 0x31, 0xC8, 0xF1, 0x3C, 0x88, 0x0A, 0x7F, 0x34, 0x12, 0x8B, 0x08, 0xF4, 0x43, 0x29,
    0x59, 0x81, 0x4B, 0x50, 0x42, 0xB1, 0xA1, 0xAF, 0xC5, 0x94, 0xC4, 0x33, 0x4E, 0xAA, 0x44, 0x6A,
    0x22, 0xF1, 0xD2, 0x34, 0xE5, 0x8F, 0xA8, 0xF5, 0x58, 0xD8, 0x35, 0xAD, 0x11, 0x3B, 0x4D, 0x9E,
    0x9D, 0x67, 0x7B, 0x66, 0x6E, 0xCF, 0xB9, 0xDF, 0x33, 0xFB, 0xDE, 0xDA, 0x38, 0x0E, 0xF5, 0x26,
    0x7E, 0x6F, 0xED, 0x3D, 0xE7, 0x7D, 0xDE, 0x7B, 0xCE, 0xBD, 0xE7, 0xFC, 0xCE, 0xC7, 0x9D, 0x25,
    0x04, 0x6F, 0x21, 0xE1, 0x37, 0x27, 0x13, 0x84, 0x9B, 0xD5, 0x1F, 0x51, 0xAF, 0x59, 0x7C, 0x5B,
    0x7F, 0x46, 0x10, 0x0D, 0xDA, 0xE5, 0x44, 0x40, 0x4B, 0x4E, 0xAC, 0xDE, 0x4F, 0xFB, 0xE2, 0xC9,
    0x28, 0xDF, 0x20, 0x5E, 0x95, 0x37, 0x12, 0xF2, 0x2E, 0x42, 0xC6, 0x68, 0xBF, 0xD5, 0x26, 0xAD,
    0xFF, 0xBE, 0x03, 0x5E, 0xDC, 0x0A, 0x49, 0x44, 0x29, 0xCD, 0x48, 0x44, 0x48, 0x0B, 0x08, 0x60,
    0x43, 0xE2, 0x50, 0x3A, 0x07, 0xEF, 0x6B, 0x13, 0x3B, 0xC7, 0xF7, 0xB5, 0x32, 0xE2, 0xE6, 0xFC,
    0x6B, 0x4E, 0xD2, 0x1E, 0x12, 0x3E, 0xBC, 0x32, 0x45, 0xC2, 0xA6, 0xF2, 0x0B, 0xD7, 0x95, 0x73,
    0xC3, 0x86, 0x39, 0xB6, 0x55, 0x4C, 0xC1, 0xFF, 0x71, 0xB7, 0x46, 0xB8, 0xB7, 0xB6, 0x2B, 0x2F,
    0xB5, 0x0E, 0xA9, 0xD9, 0x06, 0x54, 0x49, 0x20, 0x16, 0x73, 0x71, 0x7A, 0x0E, 0x3D, 0x99, 0x0B,
    0xD2, 0x2F, 0xAC, 0x62, 0x03, 0x17, 0x19, 0x0C, 0xB0, 0x60, 0x53, 0xF3, 0xB3, 0xB8, 0x6D, 0xE7,
    0x6C, 0x72, 0xB3, 0x25, 0x25, 0x33, 0xB9, 0x98, 0x1E, 0xDC, 0x7A, 0x7C, 0x82, 0xC8, 0x75, 0xD9,
    0x14, 0xFB, 0x1E, 0xA5, 0x85, 0x9C, 0xE4, 0xDA, 0xED, 0xC6, 0x34, 0x8D, 0x89, 0x1A, 0x53, 0x35,
    0x27, 0x3B, 0x68, 0xBA, 0xCB, 0x78, 0xE8, 0xC3, 0xF4, 0x65, 0x28, 0xAA, 0x42, 0xD6, 0xB5, 0x06,
    0xB7, 0x71, 0x4D, 0xE6, 0x5A, 0x24, 0xF9, 0xA0, 0x47, 0xCD, 0xD7, 0x0E, 0xBC, 0x2D, 0x67, 0x49,
    0x5E, 0x91, 0xC3, 0xA5, 0x5A, 0x51, 0xEA, 0xE6, 0xE9, 0xA7, 0xFC, 0x64, 0xD0, 0xA3, 0x77, 0xDD,
    0xA5, 0xA5, 0x0B, 0x63, 0x1E, 0xDD, 0xA6, 0xC8, 0x16, 0xB7, 0x8B, 0xE3, 0xE3, 0x63, 0x40, 0x96,
    0x7C, 0x0C, 0x14, 0x67, 0x5E, 0x70, 0x51, 0x86, 0xE3, 0x56, 0x8C, 0xB3, 0x18, 0x25, 0x20, 0x26,
    0x32, 0x5B, 0xC2, 0x17, 0xF8, 0x5D, 0x20, 0x3D, 0x7A, 0x86, 0x04, 0x89, 0x9F, 0x80, 0x1C, 0x23,
    0x90, 0x7C, 0x23, 0x09, 0x80, 0xB4, 0xE9, 0xE7, 0xFA, 0xA4, 0x95, 0xB4, 0x80, 0x74, 0x0B, 0x42,
    0xBF, 0x1A, 0x9F, 0x8A, 0x8F, 0xC7, 0x89, 0x9F, 0x81, 0x46, 0xD8, 0x2D, 0x84, 0x57, 0xA3, 0x09,
    0x2D, 0x99, 0x59, 0x9D, 0xF4, 0x68, 0x1A, 0xF7, 0xE2, 0x1E, 0x18, 0xD6, 0x58, 0xA9, 0xCE, 0x24,
    0x27, 0x35, 0xA9, 0x6E, 0x91, 0x9E, 0x14, 0x28, 0x60, 0x85, 0x52, 0xFE, 0xA3, 0x54, 0xCA, 0x09,
    0x3E, 0x5F, 0xAE, 0x8E, 0x0B, 0x54, 0xC0, 0xF2, 0x14, 0x1F, 0xD1, 0xE2, 0x23, 0x03, 0x04, 0x35,
    0x98, 0xBC, 0x14, 0xE2, 0xD3, 0xDE, 0xD6, 0x49, 0x95, 0xA0, 0xBC, 0x4C, 0x89, 0x8F, 0x3B, 0x68,
    0x2E, 0xBE, 0xF0, 0x8A, 0xF8, 0xCE, 0xB3, 0xFA, 0x0E, 0x0E, 0xB0, 0x7B, 0xEA, 0xB1, 0xB1, 0x5B,
    0x42, 0x65, 0x09, 0x92, 0x45, 0x94, 0x65, 0x91, 0x9D, 0x84, 0x70, 0x69, 0x82, 0xFC, 0x3D, 0xFE,
    0xCD, 0x2E, 0x4C, 0x89, 0xE2, 0x38, 0xA7, 0x9D, 0x3E, 0x8C, 0x21, 0x21, 0x05, 0x29, 0x9C, 0xDC,
    0xA5, 0xB7, 0xA7, 0xF0, 0x0D, 0xB9, 0x9D, 0xFB, 0xB9, 0x9B, 0x59, 0x39, 0xDE, 0x1B, 0x85, 0xD3,
    0x77, 0x72, 0x07, 0x1E, 0x6B, 0xD1, 0xFB, 0xCA, 0x1D, 0x14, 0xEE, 0x79, 0x24, 0x84, 0x45, 0x7B,
    0x71, 0x00, 0xFF, 0x2F, 0xC0, 0x3D, 0x8D, 0x1D, 0x7A, 0x7B, 0x79, 0x1B, 0xBD, 0x95, 0x86, 0x31,
    0x59, 0xB3, 0x48, 0x28, 0xD1, 0x00, 0xAA, 0xA5, 0xD6, 0x48, 0x4B, 0x49, 0xAC, 0xA5, 0xB6, 0x56,
    0x43, 0x51, 0x81, 0x32, 0x6F, 0x2B, 0x86, 0xC9, 0xA7, 0xB7, 0x48, 0x3C, 0xF2, 0x91, 0xB1, 0x95,
    0x52, 0x22, 0x47, 0xC4, 0x97, 0xF8, 0x5F, 0x6A, 0x2B, 0xC9, 0x48, 0x81, 0x83, 0xFE, 0x2D, 0x49,
    0x04, 0x38, 0xAC, 0x10, 0x04, 0xD4, 0x4A, 0x70, 0xFE, 0x4E, 0x0F, 0x86, 0xC2, 0x88, 0x3E, 0x8C,
    0xC4, 0x06, 0x39, 0x00, 0xE1, 0x67, 0x28, 0x12, 0x24, 0x8A, 0x99, 0x72, 0xA6, 0xDC, 0xD1, 0x67,
    0x26, 0x9D, 0x01, 0x40, 0x46, 0x2C, 0xC0, 0x92, 0x6D, 0x1C, 0x29, 0x3D, 0xEA, 0x01, 0x12, 0x8C,
    0xDB, 0x52, 0xED, 0x0A, 0x49, 0x4A, 0xF9, 0x64, 0x75, 0x51, 0x6C, 0xAC, 0xCF, 0xEC, 0x72, 0x1F,
    0xA1, 0x05, 0xEF, 0xB5, 0xA4, 0x6B, 0x65, 0x03, 0x8B, 0x69, 0x0E, 0x03, 0xB3, 0x7B, 0x36, 0x3D,
    0x59, 0xC0, 0xC0, 0x9C, 0xBE, 0x57, 0x90, 0x12, 0x06, 0xE6, 0xF4, 0x1A, 0x19, 0x10, 0x7E, 0xE6,
    0xF5, 0xA2, 0xC4, 0x2A, 0x60, 0x60, 0xB3, 0x05, 0x25, 0x3B, 0x72, 0x39, 0x30, 0x36, 0x42, 0xE6,
    0x4A, 0x61, 0x60, 0x85, 0xC7, 0x36, 0x06, 0x0E, 0x6C, 0xED, 0xF6, 0xF0, 0xA2, 0x44, 0x37, 0xBE,
    0x68, 0x4D, 0x14, 0x8B, 0x1E, 0x19, 0x0E, 0x1D, 0x2E, 0xD7, 0x79, 0x8D, 0x6A, 0xC3, 0xEA, 0xA7,
    0xBF, 0x04, 0x99, 0x69, 0x97, 0x35, 0x84, 0x9C, 0x95, 0x43, 0xF0, 0x5E, 0xC2, 0xF8, 0x85, 0x93,
    0x14, 0x6D, 0x83, 0x20, 0xCF, 0x44, 0x5D, 0x49, 0xB6, 0xFD, 0x2E, 0x61, 0x38, 0xC9, 0x83, 0x89,
    0x77, 0x09, 0xC3, 0x49, 0x1E, 0xDA, 0x55, 0xC2, 0x71, 0xD2, 0xA9, 0xBB, 0xE9, 0x0B, 0x44, 0xE3,
    0xA4, 0x44, 0x44, 0x45, 0x8C, 0x64, 0x71, 0x11, 0x2D, 0x6F, 0xA1, 0x6D, 0x15, 0x19, 0xBD, 0x3A,
    0x9C, 0x74, 0x45, 0x24, 0xAF, 0x05, 0x74, 0x5C, 0x37, 0x2F, 0x3D, 0x54, 0xA1, 0x26, 0x2E, 0xEC,
    0xF1, 0xF1, 0x38, 0x14, 0x86, 0x59, 0x2C, 0x52, 0x1F, 0x80, 0x30, 0x87, 0xCD, 0x00, 0x90, 0xD9,
    0xCC, 0x2D, 0xDC, 0x2C, 0x38, 0xEF, 0x0F, 0xD1, 0x72, 0x9B, 0x9C, 0x75, 0xA9, 0xE6, 0x2C, 0x82,
    0xE3, 0xD9, 0xE2, 0xD5, 0x04, 0xC7, 0x97, 0xFF, 0x08, 0x2F, 0x2E, 0x7C, 0xB7, 0x16, 0xE1, 0x4C,
    0xE5, 0x01, 0xD5, 0x23, 0xD6, 0xA2, 0x8F, 0xBF, 0xFC, 0xA5, 0xF1, 0x7A, 0x9D, 0xD7, 0xC5, 0x26,
    0x69, 0x2A, 0x37, 0x57, 0xDB, 0x9D, 0x50, 0xE6, 0xAC, 0xEC, 0x3E, 0xB8, 0x72, 0x4D, 0xF7, 0xC1,
    0xD1, 0xB3, 0xD9, 0x01, 0x20, 0x83, 0x3B, 0x9F, 0xA0, 0xDB, 0x77, 0x01, 0x9E, 0x09, 0x1B, 0x03,
    0x8E, 0x7E, 0x86, 0xCE, 0x69, 0x23, 0x43, 0x0B, 0x6D, 0x65, 0x60, 0x8E, 0x38, 0xD9, 0x32, 0x28,
    0xFD, 0xC2, 0xCD, 0x0D, 0x3B, 0x63, 0x1A, 0x1A, 0xD3, 0xD2, 0x98, 0xA6, 0xA6, 0x62, 0x6B, 0xCE,
    0x6B, 0x6C, 0x5E, 0x4F, 0x73, 0xA9, 0xD9, 0x4E, 0xD3, 0x62, 0x56, 0xE8, 0x25, 0x95, 0x4B, 0x2C,
    0x2D, 0x11, 0x62, 0xF7, 0x06, 0x3F, 0xBE, 0xD2, 0x40, 0xB7, 0x0D, 0x23, 0xDE, 0x68, 0x34, 0x34,
    0x3D, 0x32, 0xF2, 0xFA, 0x97, 0xF9, 0x15, 0x59, 0xFD, 0x2A, 0xD6, 0xA7, 0xCA, 0x79, 0xEB, 0xA4,
    0xB7, 0xCE, 0x7A, 0x9B, 0x69, 0x6F, 0x84, 0xA6, 0x2A, 0xF1, 0x4D, 0x54, 0xE6, 0x9B, 0x88, 0xD4,
    0x37, 0x3D, 0x13, 0x0A, 0x19, 0x9C, 0xA3, 0x99, 0x90, 0xC0, 0x56, 0xDA, 0x93, 0xD9, 0xEF, 0x28,
    0xD3, 0xB3, 0xD7, 0x73, 0xD7, 0x33, 0xD7, 0xF3, 0x36, 0x66, 0x5D, 0x9D, 0xF3, 0xF2, 0x19, 0xE9,
    0x70, 0xBD, 0x68, 0x4D, 0x68, 0xAA, 0xAA, 0x91, 0xCB, 0x60, 0x96, 0x2B, 0xD5, 0x2C, 0x1B, 0x6D,
    0x39, 0x4B, 0x16, 0x85, 0xB3, 0x59, 0x7A, 0xCB, 0x6F, 0xA4, 0xAF, 0x46, 0x1F, 0x3A, 0x81, 0xE5,
    0xA4, 0x8B, 0x63, 0x03, 0xD3, 0x82, 0x2C, 0xB5, 0x33, 0x97, 0xD1, 0xDA, 0x7D, 0xA3, 0xCD, 0xF7,
    0xD5, 0xAC, 0x8D, 0x4A, 0x4D, 0xC1, 0x2C, 0x2A, 0xA8, 0xAA, 0x82, 0x59, 0x56, 0x10, 0x75, 0x05,
    0x62, 0x14, 0x16, 0x88, 0x51, 0x59, 0x20, 0xBA, 0xB4, 0x50, 0x4C, 0x1B, 0xFE, 0x24, 0xD7, 0xC5,
    0x05, 0xA0, 0x55, 0x75, 0x61, 0xB6, 0x6F, 0x94, 0x17, 0x2E, 0x89, 0x3F, 0x79, 0x3D, 0xCD, 0xE5,
    0x92, 0x61, 0x37, 0x33, 0x33, 0x64, 0xD4, 0x9A, 0xCC, 0x12, 0x94, 0xF9, 0xF8, 0x79, 0x8B, 0x50,
    0xAF, 0x37, 0x39, 0x5F, 0x91, 0xCF, 0xAF, 0x3A, 0x86, 0xF0, 0x0D, 0xCB, 0x6B, 0x54, 0xA0, 0x2A,
    0x8F, 0xEF, 0x9C, 0xD7, 0x74, 0x81, 0x52, 0x13, 0x65, 0x94, 0x3E, 0xD2, 0xAA, 0x8E, 0xC2, 0xE8,
    0x52, 0x67, 0xDF, 0x65, 0x25, 0x05, 0x04, 0xA5, 0x4A, 0x29, 0xE8, 0x58, 0x65, 0x2D, 0x05, 0x69,
    0xA3, 0x98, 0x62, 0x54, 0x53, 0x88, 0x2E, 0xA7, 0xA4, 0x84, 0xD7, 0x53, 0x8E, 0xC3, 0xFD, 0x4C,
    0xA8, 0x0B, 0x2A, 0x34, 0x55, 0x15, 0x95, 0x9C, 0x66, 0xAA, 0xA0, 0x97, 0x36, 0xBA, 0x46, 0x45,
    0xCF, 0x2C, 0xE9, 0x99, 0x35, 0x3D, 0xB3, 0xAC, 0x62, 0xD6, 0x55, 0xCC, 0xC2, 0x8A, 0x59, 0x59,
    0x31, 0x4B, 0x2B, 0x95, 0xDA, 0xCA, 0x79, 0x74, 0xF4, 0x3A, 0x91, 0x2D, 0x31, 0x64, 0x3B, 0xB0,
    0x34, 0x35, 0x94, 0xBE, 0x74, 0xB2, 0x35, 0x24, 0xC6, 0x91, 0x04, 0x97, 0xA1, 0x51, 0xFA, 0x13,
    0x68, 0x42, 0xC8, 0x36, 0xBC, 0x22, 0xDB, 0x8B, 0x5E, 0xB7, 0x9D, 0x81, 0xB6, 0x56, 0xC7, 0xCC,
    0x63, 0xEF, 0xD1, 0x2B, 0xF9, 0x88, 0x1A, 0x85, 0x2A, 0x80, 0xB1, 0x12, 0x18, 0xDE, 0xB6, 0xE9,
    0x9C, 0x37, 0x15, 0x11, 0x30, 0x91, 0xF5, 0x41, 0x20, 0x65, 0x81, 0x10, 0x48, 0x59, 0x21, 0x04,
    0x3B, 0xAF, 0x4B, 0x84, 0x44, 0xD5, 0x08, 0x4B, 0xA2, 0x8A, 0x84, 0xF4, 0x01, 0x55, 0x25, 0xA4,
    0x94, 0x95, 0x09, 0xB1, 0xE8, 0xF4, 0x63, 0x2A, 0xEA, 0x84, 0xB7, 0x95, 0x76, 0xA9, 0x0B, 0x85,
    0x95, 0xF2, 0xE9, 0x40, 0x52, 0x17, 0x0B, 0x8D, 0x6A, 0xA1, 0x51, 0x2E, 0x34, 0xEA, 0x85, 0x46,
    0xC1, 0x70, 0x78, 0xC5, 0xD0, 0x10, 0x93, 0xD5, 0x5F, 0xFC, 0xD8, 0xCA, 0x95, 0xEA, 0xC3, 0xF6,
    0xCB, 0x6F, 0x0E, 0x66, 0x24, 0x65, 0x8D, 0xD6, 0x3C, 0x17, 0x5F, 0xEE, 0xB0, 0xAC, 0x79, 0x69,
    0xCE, 0xE9, 0x11, 0x5D, 0x9B, 0xD3, 0xC5, 0x39, 0x59, 0x9D, 0xCB, 0x89, 0x2C, 0xCF, 0xC1, 0xFA,
    0x15, 0xF5, 0x39, 0xFA, 0x80, 0xAC, 0x17, 0x81, 0xF2, 0x05, 0xF5, 0x50, 0xC9, 0x4A, 0x74, 0x70,
    0x87, 0x25, 0x2A, 0x6B, 0x74, 0xBA, 0x66, 0xA4, 0x8B, 0x46, 0xBA, 0x6A, 0x64, 0xC8, 0x69, 0xE3,
    0x40, 0x1F, 0xBB, 0x1C, 0x46, 0x8A, 0xB5, 0x37, 0x5D, 0x7C, 0xD3, 0xD5, 0x37, 0x5D, 0x7E, 0xD3,
    0xF5, 0x37, 0x5D, 0x80, 0xD3, 0x15, 0x38, 0x59, 0x82, 0x2B, 0xA7, 0xD5, 0x48, 0x73, 0x59, 0x84,
    0x03, 0x93, 0x21, 0xAA, 0x70, 0xB3, 0xB9, 0x2A, 0xC3, 0x5D, 0xBC, 0x4C, 0xC7, 0x07, 0x6C, 0xC0,
    0x62, 0xC0, 0x63, 0x4B, 0xC2, 0x9F, 0x65, 0x34, 0xDF, 0x0B, 0x6E, 0x49, 0x20, 0x03, 0x5A, 0x12,
    0xDA, 0xDA, 0xEA, 0xCC, 0xC9, 0x48, 0xD1, 0xCF, 0x64, 0xA4, 0xE8, 0x65, 0x22, 0x52, 0x0C, 0xDD,
    0x1E, 0x8B, 0x14, 0xC1, 0xCC, 0xE0, 0x52, 0x8C, 0x98, 0x8D, 0xC1, 0xA5, 0xD8, 0xC8, 0x6D, 0x76,
    0xC7, 0x48, 0x91, 0x2D, 0xCA, 0x1C, 0x23, 0x45, 0x5E, 0xDE, 0xC6, 0x48, 0x91, 0xD7, 0xB7, 0x31,
    0x52, 0x64, 0xB6, 0x26, 0xC5, 0x48, 0xB1, 0xF4, 0xE8, 0x6D, 0x74, 0x70, 0xCC, 0xBA, 0x52, 0xDB,
    0x8E, 0xF6, 0x62, 0x2B, 0xE2, 0xBD, 0x8E, 0x67, 0x1E, 0xCA, 0x31, 0x8B, 0x58, 0x3F, 0x57, 0xB1,
    0xFE, 0x41, 0xE9, 0x9D, 0xD9, 0x3C, 0xC2, 0xCB, 0x7C, 0x1E, 0xB5, 0xBC, 0xB0, 0xEE, 0xF5, 0xD5,
    0x8F, 0xAD, 0x78, 0x8B, 0x5A, 0xD5, 0x2D, 0xA5, 0xE4, 0x96, 0xCE, 0x11, 0x5B, 0x6D, 0x62, 0x85,
    0x52, 0xF5, 0x8D, 0xBE, 0xF4, 0x1F, 0x0C, 0x4D, 0x58, 0xA1, 0x9F, 0x82, 0xEF, 0xC3, 0xB8, 0xA3,
    0x07, 0x66, 0x10, 0x82, 0x04, 0xA4, 0xBC, 0xCC, 0xCB, 0x1A, 0x89, 0x9B, 0xE1, 0xDD, 0x67, 0x77,
    0x7C, 0x24, 0x2A, 0x02, 0xD8, 0x84, 0x70, 0xCF, 0x94, 0xD3, 0xEB, 0xB2, 0x0D, 0x18, 0xC3, 0x3D,
    0x81, 0xBD, 0xDB, 0x2A, 0x1A, 0xF0, 0x12, 0xF4, 0xA8, 0x6A, 0x85, 0xA5, 0xD2, 0x45, 0xB5, 0x72,
    0xD1, 0xD4, 0x44, 0x84, 0xE7, 0x8F, 0x89, 0x5D, 0xE2, 0x16, 0x1D, 0x21, 0x51, 0x08, 0xDF, 0x8B,
    0x68, 0x26, 0x69, 0xB5, 0xDD, 0x2C, 0x02, 0x2C, 0x13, 0x00, 0xE5, 0x65, 0x87, 0x60, 0xBC, 0x78,
    0xF7, 0x8F, 0xE6, 0x0C, 0xC7, 0xB4, 0xDA, 0x33, 0xB4, 0xDC, 0x4E, 0x8F, 0xD3, 0xE3, 0x71, 0x5B,
    0x8D, 0x80, 0x08, 0x33, 0x0D, 0x46, 0x80, 0xA6, 0x11, 0xE0, 0x97, 0x2C, 0xEE, 0x81, 0xBE, 0x02,
    0x59, 0xBF, 0xEE, 0xCB, 0xE5, 0xEE, 0xA8, 0x9A, 0x36, 0xCC, 0x57, 0x2A, 0x39, 0x52, 0x28, 0xC4,
    0x9A, 0x1E, 0xD6, 0x14, 0x17, 0x2E, 0x46, 0xCD, 0x1A, 0x33, 0xDF, 0x35, 0x5F, 0xC1, 0x74, 0x1A,
    0xD1, 0xB1, 0x99, 0x8F, 0x8F, 0x2F, 0xB7, 0x99, 0xAB, 0x46, 0x83, 0x20, 0xA9, 0x13, 0x7E, 0xF7,
    0x42, 0x09, 0x58, 0x6D, 0x7E, 0x37, 0x02, 0x29, 0xC0, 0x62, 0xF3, 0x4F, 0x20, 0xEA, 0x8B, 0xB9,
    0x1B, 0x0D, 0x71, 0xA9, 0xF9, 0xF4, 0x54, 0x9C, 0xE0, 0x4A, 0xF3, 0xB1, 0x13, 0x0D, 0x17, 0x9A,
    0x8F, 0xE9, 0x31, 0xBE, 0xCE, 0x48, 0x94, 0xE0, 0x32, 0x8B, 0x8E, 0xDF, 0x4D, 0x43, 0xE5, 0x81,
    0xB9, 0x95, 0x87, 0x20, 0x15, 0xD7, 0x18, 0xE5, 0xF0, 0x78, 0xBA, 0x9E, 0x8D, 0x53, 0xE9, 0x38,
    0xF0, 0xF2, 0x72, 0x8F, 0x02, 0x29, 0x37, 0x29, 0xC2, 0x3D, 0xB1, 0x4B, 0x19, 0xA9, 0xB6, 0xA9,
    0xDA, 0xA7, 0x05, 0x51, 0x1B, 0x95, 0x3E, 0xA0, 0x76, 0x2A, 0xC8, 0x97, 0x6F, 0x55, 0x4A, 0x8F,
    0x50, 0xB1, 0x57, 0x19, 0x04, 0x20, 0xE7, 0x31, 0xB8, 0x86, 0xC5, 0x35, 0x81, 0x9B, 0x37, 0x20,
    0x91, 0xF8, 0xFF, 0x38, 0xF4, 0x90, 0x2C, 0xCE, 0x89, 0x9A, 0x0D, 0x22, 0x46, 0x56, 0x74, 0xE9,
    0xB4, 0xE8, 0x65, 0xA8, 0x8B, 0x7A, 0xA8, 0x60, 0x80, 0x60, 0xE3, 0x51, 0x0D, 0x83, 0x49, 0xF0,
    0x90, 0x0E, 0x20, 0x1E, 0x52, 0xB3, 0x65, 0x48, 0x78, 0x19, 0xAF, 0xB3, 0x37, 0x8A, 0x48, 0x42,
    0x35, 0x0B, 0xBE, 0x94, 0xD9, 0xDC, 0xC4, 0x52, 0xEE, 0xA9, 0xA5, 0xCC, 0xE7, 0x16, 0x2E, 0x93,
    0xB9, 0xE9, 0xBE, 0x2F, 0x65, 0x86, 0x0D, 0xCA, 0xEF, 0xFE, 0x52, 0x94, 0x32, 0xCB, 0xDA, 0x2E,
    0x2B, 0xC3, 0x4C, 0x94, 0x65, 0x26, 0xCA, 0x34, 0x13, 0x65, 0x9B, 0x89, 0x32, 0xCE, 0x44, 0x5A,
    0xE7, 0x17, 0x88, 0x72, 0x44, 0x21, 0x95, 0xB9, 0xC7, 0xB6, 0x30, 0xD0, 0xB7, 0x50, 0x13, 0x04,
    0x0C, 0x9D, 0x47, 0x20, 0xFB, 0x48, 0xBA, 0x32, 0xC8, 0xE5, 0x09, 0x0D, 0x4E, 0x8D, 0x5E, 0x7E,
    0xF3, 0x58, 0x4B, 0xFE, 0x38, 0xF6, 0xCA, 0xC8, 0x87, 0x9F, 0x22, 0xF2, 0xC3, 0x88, 0x85, 0xEF,
    0x51, 0x88, 0xD1, 0x44, 0xE5, 0xA7, 0xCD, 0x7E, 0x8E, 0xC3, 0xDA, 0x81, 0x11, 0x24, 0xB6, 0x84,
    0x76, 0x6B, 0xC9, 0xC7, 0xE3, 0x20, 0x8F, 0x1A, 0x45, 0x04, 0xFF, 0x6F, 0x92, 0x6F, 0x57, 0x3F,
    0x8B, 0x3F, 0x47, 0xFE, 0x10, 0x37, 0x45, 0xF4, 0x81, 0x59, 0x5E, 0x42, 0x0E, 0x21, 0x98, 0xB5,
    0xD8, 0x8F, 0x73, 0x90, 0x8C, 0xAD, 0x22, 0x2D, 0xDA, 0xFE, 0xCA, 0xB5, 0xC9, 0x5F, 0xAC, 0x4A,
    0x80, 0x00, 0xD6, 0xF9, 0x18, 0xE6, 0x36, 0x30, 0x4B, 0x9D, 0xB3, 0x17, 0x47, 0x2C, 0xDA, 0x81,
    0xB7, 0x7B, 0xE9, 0xE3, 0x40, 0x32, 0x83, 0xC1, 0x38, 0xDC, 0x11, 0x80, 0x27, 0x61, 0x35, 0x3B,
    0x3F, 0x27, 0xCE, 0x2A, 0x18, 0x6D, 0xF2, 0xA9, 0x55, 0xF3, 0x1F, 0x5D, 0xB5, 0xB3, 0x45, 0x13,
    0xE7, 0x6A, 0xE2, 0x3C, 0xC8, 0x9E, 0xCA, 0xF0, 0x65, 0x1E, 0xFB, 0xFE, 0xA0, 0x8D, 0x6F, 0x7F,
    0x9C, 0x4F, 0x46, 0xE5, 0x35, 0xC8, 0x75, 0x8A, 0xBA, 0x46, 0xA7, 0x65, 0x14, 0x35, 0xA3, 0xA8,
    0xCF, 0x8C, 0x4A, 0x95, 0x8E, 0xF8, 0xBE, 0xF8, 0x90, 0x49, 0x49, 0xED, 0x99, 0xF0, 0x38, 0xE5,
    0xE6, 0x13, 0xDE, 0xED, 0x7C, 0x81, 0x28, 0xAA, 0xD9, 0x94, 0xD4, 0x94, 0xA2, 0x1A, 0x45, 0x43,
    0x50, 0x63, 0x31, 0xA5, 0xEC, 0xBD, 0x30, 0xCE, 0xA3, 0x7D, 0xAF, 0xE2, 0xB5, 0x5A, 0x40, 0x8D,
    0xB5, 0x31, 0x9D, 0x72, 0x10, 0xC3, 0xCE, 0xAC, 0x75, 0xC6, 0x49, 0x7A, 0x40, 0x4D, 0x75, 0x48,
    0xE4, 0x24, 0x00, 0x98, 0xC8, 0x63, 0x4D, 0xEB, 0x90, 0xDD, 0x6D, 0x88, 0x84, 0x98, 0xDD, 0x05,
    0x31, 0xD0, 0x17, 0xCF, 0x95, 0xC4, 0xD1, 0xDB, 0xAC, 0xBD, 0x38, 0x85, 0xB3, 0x6B, 0x49, 0x9F,
    0x73, 0xF5, 0x50, 0xA6, 0xD2, 0xB0, 0xB1, 0xD6, 0x48, 0xC3, 0x92, 0xB7, 0x9B, 0x89, 0xF1, 0x11,
    0xE7, 0x8B, 0xDA, 0xDB, 0x7A, 0xCE, 0xD3, 0xEA, 0xB9, 0x0D, 0xBE, 0xC1, 0xEC, 0xF5, 0x6E, 0x56,
    0x8C, 0x5B, 0x1A, 0x8C, 0x7F, 0xA7, 0x77, 0xF3, 0x93, 0x92, 0x99, 0x98, 0x30, 0x18, 0x9F, 0x02,
    0x93, 0xA8, 0xE4, 0xC5, 0xC2, 0x49, 0xC5, 0x60, 0x43, 0xD9, 0xCD, 0x09, 0x41, 0xC9, 0x65, 0xD7,
    0xC3, 0xAA, 0xC7, 0x70, 0x7E, 0x1E, 0x45, 0x79, 0xAD, 0xD5, 0x33, 0xA4, 0xE9, 0x31, 0x06, 0x0D,
    0xDC, 0xC1, 0xEC, 0x1A, 0x86, 0x83, 0xD7, 0xF8, 0x14, 0x65, 0x7A, 0x3D, 0x53, 0x41, 0x73, 0x8B,
    0x7F, 0x73, 0x37, 0xEE, 0x4D, 0x79, 0xDF, 0x6D, 0x5A, 0xED, 0x3D, 0x3D, 0xDF, 0x4A, 0x51, 0xB2,
    0x65, 0xD3, 0xA6, 0xF4, 0x2C, 0xB5, 0x52, 0xD2, 0x38, 0x41, 0xD3, 0xCD, 0x24, 0xFE, 0x09, 0xED,
    0xDB, 0x7C, 0x33, 0x4F, 0x91, 0x3D, 0x38, 0xC5, 0x44, 0xD8, 0xDA, 0x9E, 0x4E, 0x89, 0x79, 0xCC,
    0xF0, 0x6E, 0x1E, 0x24, 0xDF, 0x3F, 0x33, 0x63, 0xA3, 0x23, 0x83, 0xF1, 0xCC, 0xA2, 0xDB, 0x8D,
    0x4B, 0x70, 0xD5, 0xDC, 0xC5, 0x07, 0x2A, 0x5C, 0x59, 0x7D, 0xE5, 0xEA, 0x0D, 0x06, 0xD7, 0xF4,
    0x27, 0x34, 0xB3, 0xCB, 0xE4, 0xEC, 0x9E, 0xC9, 0x05, 0x7D, 0x93, 0x9B, 0xDA, 0x3D, 0x69, 0x70,
    0xBB, 0x2B, 0x5C, 0xAB, 0x3F, 0xE9, 0xAF, 0x26, 0x7C, 0x35, 0x63, 0xB2, 0x24, 0xDE, 0xCF, 0xB9,
    0x03, 0x4C, 0x3E, 0xE7, 0x8A, 0xD5, 0xEC, 0x89, 0x0E, 0x91, 0xA5, 0x65, 0x3C, 0xF9, 0xD0, 0xB1,
    0xDA, 0xD7, 0x6A, 0x4F, 0xDE, 0xC1, 0x23, 0x10, 0x8C, 0xC3, 0xBC, 0x49, 0x27, 0xE8, 0x28, 0x35,
    0xD9, 0x49, 0xA7, 0xD9, 0x99, 0x14, 0x7A, 0xF2, 0xB6, 0x76, 0x77, 0x37, 0xB3, 0x29, 0xEF, 0xEB,
    0xD7, 0x93, 0x76, 0xB3, 0xEF, 0xDD, 0x94, 0x72, 0xE3, 0xD7, 0xB4, 0x50, 0x53, 0x24, 0x6B, 0x94,
    0xF1, 0x09, 0x7A, 0xAC, 0xC9, 0x55, 0x95, 0xC2, 0x0E, 0x64, 0xBA, 0x6A, 0xC2, 0x02, 0x06, 0x5D,
    0x35, 0x72, 0xA6, 0x2C, 0xE6, 0xFB, 0x42, 0xEE, 0x63, 0xDD, 0xE1, 0xDA, 0x22, 0xE4, 0xDD, 0x15,
    0x6E, 0x81, 0x5C, 0xA0, 0xC6, 0x88, 0x5D, 0x2D, 0x16, 0x59, 0x09, 0x59, 0x42, 0x6B, 0xA3, 0x69,
    0xB5, 0x03, 0x2A, 0xAD, 0x7D, 0x58, 0x96, 0x99, 0x9F, 0xDC, 0x35, 0x59, 0xE7, 0x70, 0xF7, 0x80,
    0xC1, 0x36, 0x0E, 0xA7, 0x26, 0x4B, 0x0F, 0xA7, 0x1D, 0xCD, 0x3A, 0xCF, 0x57, 0xD9, 0x27, 0xAB,
    0x2C, 0x3D, 0x9C, 0x19, 0x2C, 0x66, 0xDA, 0x2B, 0xDF, 0x4B, 0x67, 0xBB, 0x99, 0xD2, 0x9D, 0x23,
    0xA6, 0x77, 0x15, 0x0F, 0x25, 0x9D, 0x70, 0x93, 0x4E, 0x7B, 0xA3, 0xEE, 0x78, 0x06, 0x6B, 0xB6,
    0x4D, 0xBC, 0xDC, 0xF9, 0x85, 0xBD, 0x15, 0x27, 0x64, 0xD9, 0xB4, 0xBB, 0xAB, 0x71, 0xA7, 0xF7,
    0x3E, 0xE7, 0xF3, 0x28, 0x6F, 0xEF, 0xB6, 0xE7, 0xD2, 0x3D, 0x2D, 0xDF, 0x9F, 0xF4, 0x3E, 0x77,
    0xFA, 0xE9, 0x70, 0xA3, 0x3F, 0x63, 0xA5, 0xCD, 0x78, 0x81, 0x29, 0xF2, 0x99, 0x10, 0x3C, 0xD8,
    0xFE, 0xA4, 0xF9, 0xBD, 0x92, 0xEE, 0x2F, 0xE8, 0x19, 0x0F, 0xD6, 0x20, 0xC0, 0x97, 0x3D, 0xB0,
    0x36, 0xFE, 0x3C, 0xC4, 0x53, 0x49, 0xB8, 0x28, 0xAC, 0x5E, 0x87, 0xE7, 0xC9, 0x1C, 0xE6, 0x44,
    0xFD, 0x6E, 0x87, 0xAD, 0x19, 0x70, 0xA2, 0xA8, 0x5A, 0x9F, 0xEC, 0xAE, 0x4A, 0xB0, 0x29, 0x7E,
    0xAF, 0x09, 0x2B, 0xE2, 0xDF, 0x92, 0x90, 0xE1, 0x1A, 0xDD, 0xB8, 0xE4, 0x2E, 0x34, 0xDD, 0x88,
    0x50, 0x5B, 0x8D, 0x5F, 0xA8, 0xF1, 0x3B, 0x57, 0x54, 0xF3, 0xDD, 0xD7, 0x98, 0x3B, 0x10, 0x84,
    0xD8, 0xAC, 0xF2, 0x07, 0xAB, 0xBC, 0xDF, 0x9F, 0xAC, 0xF0, 0x5B, 0x0E, 0x56, 0xF9, 0xCD, 0xBB,
    0xE5, 0xEE, 0xD3, 0xCF, 0x9B, 0x3C, 0xB8, 0xEE, 0x19, 0x93, 0xB7, 0x22, 0x5A, 0x0A, 0x07, 0xC6,
    0xB5, 0x3C, 0xF6, 0xE5, 0x7D, 0xC2, 0xC9, 0x1D, 0x30, 0x87, 0xB1, 0x59, 0x14, 0x32, 0x7C, 0x2D,
    0x15, 0xE4, 0xE7, 0x56, 0x92, 0xC7, 0x94, 0xC6, 0xED, 0x39, 0xA7, 0x4F, 0x1C, 0x9E, 0x2C, 0x00,
    0xB7, 0xDD, 0xF1, 0x7B, 0xFE, 0x63, 0x2B, 0x5D, 0x94, 0xED, 0x88, 0x4B, 0xDB, 0x69, 0x67, 0x72,
    0xCF, 0xEA, 0xA6, 0xEF, 0xE2, 0x92, 0x99, 0x08, 0x6E, 0x4E, 0xB2, 0xDD, 0xCD, 0xA9, 0x0D, 0xBB,
    0x03, 0xE7, 0xE4, 0xFB, 0xC8, 0xF4, 0xA6, 0xA6, 0x93, 0x74, 0x22, 0xCA, 0x6B, 0x11, 0x77, 0x02,
    0xA0, 0x29, 0xE3, 0xB0, 0xD3, 0x38, 0x71, 0x8E, 0xC6, 0xA7, 0xE9, 0xB1, 0x0D, 0x24, 0x3A, 0x4D,
    0x0B, 0x6E, 0x4D, 0x70, 0xAA, 0x01, 0xD9, 0x24, 0x21, 0xB2, 0x5F, 0x30, 0x8F, 0x90, 0xCB, 0x20,
    0x82, 0x21, 0x58, 0x9B, 0x15, 0x80, 0x37, 0x0C, 0xDF, 0x94, 0x6F, 0xAA, 0xF1, 0x3F, 0x08, 0x97,
    0x7E, 0x7E, 0xA9, 0x1D, 0xBD, 0x88, 0x5F, 0x64, 0x0E, 0xE6, 0x6B, 0x35, 0xE6, 0xAC, 0x9E, 0xEC,
    0x3F, 0x50, 0xD9, 0xE7, 0x56, 0x65, 0x5F, 0x13, 0xD8, 0x25, 0x15, 0x7E, 0xFD, 0xE1, 0xB4, 0xBA,
    0x1D, 0x2B, 0x9B, 0x97, 0xD8, 0x27, 0xAA, 0x7C, 0x6D, 0x73, 0x13, 0xE7, 0x5C, 0x95, 0xB7, 0xE8,
    0xB9, 0xB3, 0x95, 0xCF, 0xB3, 0x68, 0x9C, 0x56, 0x46, 0xB8, 0x66, 0x14, 0xB7, 0x89, 0x8D, 0x5A,
    0x9C, 0xD3, 0xB0, 0xC1, 0xC2, 0x59, 0xA7, 0x00, 0x92, 0x6E, 0x1C, 0x4B, 0x8D, 0x99, 0x03, 0x40,
    0x0D, 0xD8, 0xBB, 0xDD, 0x1E, 0x7B, 0xD1, 0xDE, 0x74, 0xE3, 0x14, 0xB2, 0xD3, 0x8D, 0xC2, 0x0B,
    0x01, 0x90, 0xFC, 0x43, 0x77, 0x17, 0xDB, 0x82, 0x07, 0xF2, 0x4D, 0x6E, 0x7B, 0x97, 0xDD, 0x7D,
    0x39, 0x39, 0x18, 0xDC, 0xD3, 0xB1, 0xC3, 0x97, 0xD2, 0x49, 0x58, 0x00, 0x36, 0xCF, 0x8A, 0x67,
    0x2E, 0xA5, 0x27, 0x73, 0x27, 0xC9, 0x6C, 0xB0, 0xE3, 0x47, 0xE8, 0x5C, 0x66, 0xD1, 0x87, 0x68,
    0xEA, 0xB6, 0x0F, 0x72, 0xE0, 0x43, 0xFA, 0x7C, 0x29, 0x60, 0xED, 0x2B, 0x42, 0x2A, 0x62, 0xFA,
    0x2E, 0x48, 0x50, 0xF0, 0xA2, 0x52, 0xC0, 0xD0, 0x6A, 0x3A, 0x3C, 0x17, 0x59, 0xEB, 0x39, 0x75,
    0xBE, 0xB3, 0xF4, 0xF3, 0x1F, 0xE4, 0xBF, 0xBE, 0x7D, 0x93, 0x85, 0xA0, 0x70, 0xFC, 0x29, 0x3B,
    0xDC, 0x47, 0xAC, 0x8D, 0x4F, 0x8D, 0xC1, 0xE3, 0x9B, 0x36, 0x3E, 0xF5, 0xAD, 0x0F, 0x92, 0xE9,
    0x87, 0xAF, 0x7B, 0xCA, 0xFE, 0xCB, 0x5B, 0x3B, 0x8F, 0x5E, 0xF7, 0xEF, 0xF6, 0x5F, 0xDD, 0x7F,
    0xDD, 0xDB, 0x0F, 0x1D, 0xFE, 0xD1, 0x42, 0x71, 0x80, 0xFC, 0x7E, 0xB2, 0x61, 0x72, 0x5D, 0xB8,
    0x92, 0x74, 0x77, 0xAD, 0x22, 0x00, 0x95, 0x5B, 0x5F, 0x7E, 0xAF, 0x9B, 0x7C, 0xE5, 0x1A, 0xF2,
    0x96, 0x55, 0x2B, 0x48, 0x04, 0xDB, 0xE9, 0xE3, 0xDE, 0x4E, 0xFB, 0x24, 0xA5, 0x0F, 0xD3, 0x39,
    0x65, 0x41, 0x47, 0xDA, 0x57, 0xCF, 0x85, 0x36, 0x59, 0xD1, 0xBE, 0xFA, 0x9B, 0xF3, 0xD8, 0x24,
    0x7B, 0xF5, 0xC3, 0x37, 0xFC, 0x00, 0x7F, 0x7D, 0x33, 0xFB, 0x11, 0xFE, 0x9A, 0xFF, 0xC4, 0x7A,
    0xFA, 0xC8, 0xFE, 0xFC, 0xE1, 0x84, 0xAC, 0xDD, 0xBE, 0x3D, 0x1C, 0x8C, 0xC8, 0x74, 0xDE, 0x1B,
    0x82, 0x8C, 0x90, 0x8C, 0x8A, 0xBC, 0x29, 0x60, 0x95, 0x3F, 0x24, 0x3E, 0xD3, 0x22, 0x58, 0xE0,
    0x2E, 0x48, 0xCB, 0xE7, 0xF0, 0x05, 0x9C, 0x28, 0xBC, 0x8C, 0x33, 0x6B, 0x9D, 0x7F, 0xC5, 0x5F,
    0x9C, 0x89, 0xDB, 0xA7, 0xE1, 0xD7, 0xF5, 0x8C, 0xB1, 0xCE, 0x25, 0x51, 0xF7, 0xC6, 0xE6, 0xF5,
    0x1E, 0x7B, 0x66, 0x6B, 0x37, 0x48, 0x77, 0x35, 0x27, 0xF1, 0x9D, 0x60, 0xDB, 0x8F, 0xCF, 0x9E,
    0xEA, 0x3F, 0x1E, 0xCD, 0xDC, 0xDB, 0xC5, 0x8D, 0xF7, 0x62, 0xC1, 0xBA, 0xC1, 0xA6, 0x80, 0x79,
    0x39, 0xB9, 0x65, 0xEE, 0x6D, 0xEF, 0xF9, 0xC2, 0x97, 0xBF, 0x3D, 0x35, 0x47, 0xDC, 0x57, 0xE4,
    0x26, 0x69, 0xDA, 0x59, 0x4B, 0x33, 0x7E, 0x76, 0xF0, 0x15, 0x61, 0x7A, 0x77, 0x36, 0x03, 0xD2,
    0x7B, 0x59, 0x30, 0x59, 0x73, 0x82, 0xC4, 0xA7, 0x25, 0x33, 0xE5, 0xDF, 0xD3, 0xA0, 0xFA, 0x56,
    0x10, 0xC9, 0xCD, 0x9C, 0xA0, 0x83, 0xEB, 0xAE, 0xB6, 0x69, 0x93, 0xDD, 0x3D, 0x43, 0x57, 0x42,
    0x75, 0xAB, 0x7A, 0xE6, 0x4E, 0x66, 0x81, 0xC0, 0x4E, 0xF5, 0xF1, 0x93, 0x64, 0x6C, 0xA7, 0xF6,
    0xBF, 0xE3, 0x93, 0x18, 0xC9, 0x29, 0xF6, 0xE0, 0x24, 0xEA, 0x40, 0xB0, 0x56, 0xB8, 0x65, 0x83,
    0xE1, 0xAC, 0x83, 0xCC, 0xBF, 0x13, 0xB7, 0x8F, 0xD8, 0x74, 0x53, 0x8F, 0x39, 0xA5, 0x73, 0xDF,
    0x13, 0x92, 0x25, 0x4D, 0xAB, 0x74, 0xEF, 0x7B, 0xA2, 0x2B, 0x58, 0x2F, 0xFF, 0x10, 0x9D, 0x79,
    0xF1, 0x27, 0xA7, 0x7A, 0x9C, 0x6D, 0xE5, 0xF1, 0x11, 0x4C, 0x4E, 0x67, 0x32, 0xED, 0xFF, 0x47,
    0xF6, 0xBE, 0x8F, 0xFD, 0xD6, 0xBA, 0x70, 0xBE, 0x6A, 0x9E, 0xB3, 0x41, 0x6C, 0xA7, 0xCA, 0xEE,
    0x96, 0x46, 0x3B, 0xF3, 0x40, 0x37, 0xFB, 0x6E, 0x94, 0xB8, 0x30, 0x6B, 0x75, 0x89, 0xC3, 0x63,
    0x76, 0x67, 0xC1, 0x6A, 0x67, 0x20, 0x2B, 0xEF, 0x21, 0xCE, 0x7E, 0xC9, 0x06, 0x13, 0x0D, 0x13,
    0xB8, 0x8D, 0x89, 0xC5, 0xBD, 0xD3, 0xE9, 0xF6, 0xB6, 0x74, 0x3E, 0x4B, 0xCD, 0x5B, 0x3F, 0xEE,
    0x95, 0x9C, 0x5A, 0x28, 0xA3, 0x23, 0xA5, 0x92, 0x9F, 0xFB, 0x74, 0xC5, 0x28, 0x3A, 0xF4, 0xF7,
    0x2A, 0xB9, 0xE9, 0x43, 0xAB, 0xB3, 0xA1, 0x7B, 0xD3, 0x54, 0xE8, 0x6A, 0xAD, 0x9F, 0x0D, 0xE8,
    0xAC, 0xA5, 0xA1, 0x9C, 0x20, 0x2B, 0xE6, 0x89, 0x10, 0xD9, 0x5B, 0x27, 0x88, 0x3F, 0x27, 0x99,
    0x3D, 0xCC, 0x13, 0x32, 0x66, 0xAC, 0xDB, 0x40, 0x26, 0x64, 0x4C, 0xD0, 0xF7, 0xFE, 0x53, 0x29,
    0x61, 0x72, 0x8F, 0x4D, 0x9D, 0x27, 0x0E, 0x77, 0x77, 0x65, 0x5C, 0xB1, 0xD4, 0xBD, 0xEF, 0x70,
    0xCA, 0x98, 0x20, 0xBF, 0x9B, 0xEE, 0x3F, 0x79, 0xF2, 0x2C, 0x13, 0x7F, 0xEB, 0xB1, 0xE8, 0x19,
    0x98, 0x5C, 0x94, 0x1D, 0x60, 0xA2, 0x5F, 0x43, 0xA6, 0xD7, 0x80, 0x29, 0x84, 0x79, 0x64, 0x52,
    0xB4, 0x18, 0x5F, 0x1D, 0xD8, 0x65, 0x30, 0x9D, 0xDD, 0x26, 0xC3, 0xB1, 0xC6, 0x1C, 0x30, 0x0D,
    0xD2, 0xF9, 0x4D, 0x9C, 0x97, 0x0B, 0xDE, 0x31, 0xA1, 0xE8, 0x17, 0x71, 0x97, 0xED, 0x19, 0x73,
    0x0E, 0x67, 0xA4, 0xB3, 0x09, 0x97, 0xE7, 0x44, 0xD3, 0x77, 0x0E, 0xA7, 0x04, 0x3C, 0x22, 0x0E,
    0xA9, 0xE3, 0x3B, 0xDD, 0xB3, 0x5D, 0xE9, 0x0E, 0x59, 0x95, 0xA2, 0xF1, 0x53, 0x4C, 0xBB, 0x94,
    0xF1, 0x29, 0x1A, 0xC9, 0xC4, 0xCE, 0xA6, 0x0A, 0x2C, 0x28, 0x7E, 0xC3, 0x48, 0x84, 0xF6, 0x3F,
    0x9D, 0x0C, 0x15, 0x70, 0xDB, 0xFA, 0xBB, 0x4F, 0x90, 0x95, 0xD6, 0xD8, 0x0F, 0xC9, 0x27, 0xC6,
    0xF7, 0xDA, 0xC7, 0x09, 0xF9, 0x93, 0xEC, 0x61, 0x78, 0x7C, 0xD5, 0x27, 0xDB, 0xD1, 0xF6, 0xED,
    0xDB, 0x3F, 0xFE, 0x8F, 0x39, 0x5A, 0xE1, 0x13, 0x0B, 0xF3, 0xA2, 0xD8, 0x79, 0x8F, 0xB5, 0x75,
    0x9A, 0x58, 0xF7, 0x93, 0xF7, 0x63, 0xF5, 0xF3, 0xFE, 0xCD, 0x7F, 0x0A, 0xBF, 0x6E, 0x7A, 0xF6,
    0xDE, 0x09, 0x40, 0x74, 0xFF, 0xFB, 0xEC, 0x5F, 0x7B, 0x89, 0xFD, 0x9D, 0xDF, 0x7E, 0xF6, 0xF1,
    0x43, 0x38, 0xC4, 0xFB, 0x47, 0xC8, 0xE8, 0xF4, 0x5A, 0x0C, 0xCF, 0xDB, 0xC4, 0xFE, 0x20, 0x79,
    0xF3, 0x78, 0x97, 0xD8, 0x0F, 0xEE, 0x6A, 0xDD, 0x83, 0xBF, 0x7E, 0x3E, 0xEF, 0x3D, 0x37, 0xF2,
    0x8D, 0x07, 0x7F, 0xDE, 0x75, 0x9E, 0x7F, 0xEF, 0xF7, 0x1F, 0xDC, 0x33, 0xDF, 0x82, 0x99, 0x7D,
    0xA4, 0x37, 0x3D, 0x3E, 0xF2, 0xA6, 0x11, 0x12, 0xAA, 0xD3, 0x44, 0x22, 0x84, 0x1A, 0x03, 0x38,
    0x3E, 0xCE, 0xA1, 0xC6, 0x6A, 0xD4, 0xC4, 0x6A, 0xCF, 0x0B, 0xAF, 0xDF, 0x0C, 0x76, 0x6D, 0xB5,
    0xEF, 0x86, 0x53, 0xBB, 0x41, 0x42, 0x8D, 0xE0, 0xB6, 0xB0, 0xD1, 0xE3, 0x68, 0x9F, 0x78, 0xDD,
    0xB3, 0x94, 0x1E, 0x3D, 0x76, 0xD0, 0xA8, 0x2C, 0x05, 0x6C, 0xF5, 0xBD, 0x22, 0x1B, 0x0B, 0xBE,
    0xB1, 0x48, 0x08, 0x7B, 0xF9, 0xEE, 0x5F, 0x49, 0x98, 0xA7, 0xB0, 0x53, 0xDF, 0x7A, 0x3E, 0x01,
    0xC9, 0xCC, 0x65, 0xDE, 0xE7, 0x4F, 0x24, 0xA0, 0xA3, 0x34, 0x73, 0x0E, 0xD3, 0x64, 0x97, 0xFD,
    0x1C, 0x10, 0xDD, 0x1D, 0xCC, 0x31, 0x1D, 0xC5, 0xF4, 0x0A, 0x78, 0xA4, 0xE8, 0x73, 0xA8, 0x81,
    0x83, 0x32, 0xB6, 0x8E, 0x64, 0x1D, 0x3D, 0x18, 0x90, 0xD4, 0x9B, 0xB3, 0xC6, 0x47, 0xD0, 0x90,
    0x6C, 0x0A, 0x6F, 0xB9, 0x61, 0x95, 0x3B, 0x47, 0x6C, 0x12, 0x3E, 0x75, 0xC3, 0x87, 0xE1, 0x9D,
    0x81, 0xD7, 0x7E, 0xFA, 0x9D, 0xEF, 0x4D, 0xC6, 0xC8, 0xA7, 0x46, 0xC8, 0x93, 0x37, 0xAC, 0xFA,
    0xE7, 0x4D, 0xC9, 0xA7, 0x09, 0x12, 0x7F, 0x33, 0x9F, 0xAC, 0x3B, 0xFB, 0x48, 0xF9, 0xE6, 0xFD,
    0xF4, 0x64, 0x1B, 0x6C, 0xFC, 0x3A, 0x72, 0xF4, 0xE8, 0xDF, 0x22, 0x9E, 0x74, 0xAD, 0x04, 0xD6,
    0xCF, 0xEF, 0xC2, 0x50, 0x4B, 0x32, 0xB7, 0x89, 0x7C, 0x14, 0x2D, 0xFE, 0x0D, 0x73, 0x37, 0x90,
    0xD6, 0xD7, 0x09, 0xF9, 0xB5, 0x5E, 0xF6, 0xAE, 0x90, 0xCC, 0x52, 0x7A, 0x26, 0xD8, 0x5F, 0x86,
    0x38, 0x65, 0x07, 0xED, 0x83, 0xB5, 0x92, 0x8C, 0xAE, 0x21, 0xBF, 0xF3, 0x6E, 0xD2, 0x78, 0xCF,
    0x9A, 0x2F, 0xDC, 0x7B, 0xD5, 0x3B, 0x66, 0xC2, 0xCF, 0xFC, 0xCB, 0xE6, 0x9F, 0x7C, 0x6D, 0xEA,
    0x1D, 0x7F, 0xD0, 0x7E, 0x94, 0xD2, 0xC7, 0xF7, 0xFE, 0xC7, 0x3B, 0x67, 0xDA, 0x60, 0x09, 0xAE,
    0xBA, 0xFA, 0x17, 0xEF, 0xBC, 0x39, 0x9C, 0xDF, 0xFE, 0x91, 0x67, 0x0F, 0xBE, 0xFD, 0xA5, 0xEF,
    0x92, 0x4F, 0x3E, 0xF2, 0xAD, 0xBB, 0x06, 0x36, 0xC6, 0x99, 0xFB, 0xF9, 0x2D, 0x26, 0x9E, 0x86,
    0xF5, 0x94, 0xEE, 0x96, 0xCC, 0xAF, 0x27, 0x92, 0x99, 0x6B, 0x92, 0x89, 0x50, 0x32, 0x3D, 0xB6,
    0x15, 0xD2, 0xCD, 0xCC, 0xC6, 0x4E, 0x35, 0x71, 0x65, 0x65, 0x9B, 0x59, 0x30, 0xEE, 0xEF, 0x21,
    0x96, 0xD3, 0x66, 0xCC, 0x8D, 0x1D, 0x37, 0xF7, 0xDC, 0xFB, 0xDA, 0x19, 0x7B, 0xF1, 0x6E, 0x3B,
    0xF7, 0x3D, 0xC0, 0x88, 0x4D, 0x34, 0x51, 0x7D, 0xB0, 0x81, 0x0B, 0x0B, 0xE7, 0x4E, 0xC2, 0x4E,
    0x39, 0x50, 0x76, 0xE8, 0xED, 0x65, 0x59, 0xC6, 0xCF, 0xEC, 0x11, 0x1B, 0x3D, 0x14, 0x15, 0xAE,
    0x4E, 0x2A, 0x70, 0x89, 0x17, 0xEE, 0x15, 0xF6, 0xC0, 0x87, 0x50, 0x61, 0x6B, 0x29, 0x98, 0x4D,
    0xBD, 0x15, 0xEE, 0xCD, 0x5D, 0xD2, 0x61, 0x76, 0xB2, 0x79, 0x60, 0xC2, 0xBD, 0x2F, 0x21, 0xBB,
    0x99, 0x59, 0xDA, 0x9C, 0x6D, 0x01, 0xBD, 0xB7, 0x23, 0xC3, 0xB0, 0x25, 0xDC, 0xC5, 0x94, 0xF1,
    0x4F, 0x21, 0xF0, 0x90, 0x73, 0x6D, 0x9A, 0x30, 0x3A, 0x7F, 0xBF, 0xE1, 0x38, 0xB2, 0x73, 0x03,
    0x44, 0x06, 0x1E, 0x70, 0x05, 0xF3, 0x23, 0xEF, 0x02, 0x6A, 0x9F, 0xFF, 0x3D, 0x36, 0x3E, 0xF0,
    0x70, 0xA3, 0x6F, 0x25, 0x82, 0x12, 0xB7, 0x97, 0x93, 0xF8, 0x89, 0x2E, 0x5B, 0xF1, 0x2F, 0x1F,
    0x3E, 0xF1, 0xDC, 0x51, 0x86, 0x9F, 0xFF, 0xFE, 0xF0, 0x4B, 0xDD, 0x97, 0x4B, 0xB2, 0xCB, 0x22,
    0xDF, 0xEF, 0xC6, 0xC9, 0x2B, 0xB7, 0x93, 0x8E, 0x73, 0xF6, 0xA5, 0xB3, 0xF4, 0xE4, 0xC9, 0x05,
    0x02, 0x8B, 0x30, 0x05, 0x1F, 0xFB, 0x24, 0x05, 0xAB, 0xF4, 0x43, 0xB2, 0x16, 0x2C, 0xD3, 0x5E,
    0x12, 0x3D, 0xCA, 0xEB, 0xC1, 0x39, 0xA6, 0xC0, 0x44, 0xD9, 0xD2, 0xDA, 0xB6, 0x02, 0xCD, 0x8F,
    0x25, 0x50, 0x3B, 0x7C, 0xFD, 0xA7, 0xDB, 0x64, 0xD4, 0x67, 0x1E, 0xE1, 0x53, 0x21, 0x99, 0xF0,
    0xA5, 0x6F, 0xB8, 0x96, 0x53, 0x2B, 0xC9, 0xC6, 0xD5, 0x3E, 0xB8, 0x00, 0x7C, 0xF5, 0xAE, 0x2D,
    0x3E, 0xE0, 0x2F, 0x70, 0xD0, 0xA4, 0x33, 0x0E, 0x08, 0x00, 0x28, 0x0F, 0xBE, 0xA5, 0x61, 0xA5,
    0x67, 0xB6, 0x1F, 0x9A, 0x81, 0xEF, 0x28, 0xAC, 0x34, 0xC6, 0xBA, 0xD6, 0xD8, 0xA1, 0x79, 0x27,
    0x59, 0xF7, 0xC8, 0x4D, 0xFB, 0xAA, 0x69, 0xFC, 0x7B, 0x55, 0x20, 0x3D, 0x6E, 0x04, 0x50, 0xBA,
    0xE1, 0xC7, 0x24, 0xB5, 0xD9, 0xB2, 0x3E, 0xAC, 0x2D, 0x98, 0x09, 0x63, 0xAE, 0x53, 0x4B, 0x72,
    0xBE, 0x29, 0xE1, 0xE7, 0x5C, 0xD6, 0x14, 0xAB, 0xCE, 0xED, 0x2A, 0xB2, 0xA5, 0xC9, 0xB3, 0xA9,
    0x24, 0xAD, 0xA3, 0x69, 0x47, 0x92, 0x67, 0x15, 0x49, 0xE2, 0xB3, 0xC5, 0x63, 0x82, 0x1C, 0x8D,
    0x17, 0x7A, 0x32, 0xEC, 0x5F, 0x3B, 0x1A, 0xAE, 0xA9, 0xC7, 0x75, 0xFB, 0xC0, 0x51, 0x7E, 0x0C,
    0x4B, 0xE4, 0xE0, 0x29, 0xED, 0x05, 0x8B, 0x3A, 0x74, 0x6E, 0x33, 0x78, 0x49, 0xE7, 0xC7, 0xCE,
    0x91, 0xD0, 0x85, 0x15, 0x1A, 0xDC, 0xF6, 0xC5, 0xAF, 0x7B, 0x4F, 0x27, 0xEB, 0xD3, 0xC9, 0xCF,
    0xAA, 0x82, 0xDF, 0x24, 0x7A, 0xC6, 0x85, 0x3C, 0x8E, 0x53, 0x16, 0x73, 0xBA, 0x3C, 0x7D, 0xC5,
    0x3E, 0x83, 0x15, 0x30, 0x79, 0x59, 0xF9, 0x10, 0x9B, 0xC0, 0xD2, 0x55, 0xA9, 0xBE, 0x84, 0x2F,
    0x56, 0xAE, 0x8F, 0xC6, 0xEB, 0xB3, 0xF1, 0xE3, 0x03, 0x7D, 0x28, 0xA0, 0xBE, 0xC6, 0xCF, 0xD8,
    0x41, 0xEA, 0x46, 0x9F, 0xB5, 0xE6, 0x79, 0x19, 0x26, 0x98, 0x5B, 0x00, 0x9E, 0xDC, 0x0C, 0x13,
    0xCC, 0x9B, 0x62, 0xDA, 0x73, 0x7A, 0x98, 0x60, 0x06, 0x51, 0xC0, 0x6F, 0x4C, 0x30, 0x63, 0xEA,
    0xC6, 0xE9, 0xB3, 0xF4, 0xB2, 0x4B, 0x8F, 0xC1, 0x73, 0x45, 0x50, 0x7C, 0x88, 0xD2, 0xE3, 0x33,
    0x3D, 0xE1, 0xE3, 0xB1, 0xEA, 0x8F, 0xBB, 0xA4, 0x84, 0x60, 0xBB, 0xCB, 0x12, 0xCC, 0x73, 0xBC,
    0x06, 0x3F, 0xA4, 0xF2, 0xBC, 0x62, 0x40, 0x63, 0x98, 0xA6, 0x26, 0x86, 0x4E, 0x79, 0x53, 0x20,
    0x5B, 0x0B, 0xB1, 0x21, 0xA0, 0xDD, 0x92, 0xA7, 0x14, 0x5A, 0x8D, 0x90, 0xB5, 0x16, 0xC6, 0x60,
    0x0C, 0x47, 0x46, 0x79, 0x6B, 0xA1, 0xA8, 0x48, 0xB3, 0xD6, 0x42, 0x4A, 0x8F, 0x11, 0x3B, 0xE4,
    0xAD, 0x85, 0xFF, 0x04, 0x9B, 0x18, 0x1D, 0x02, 0xB6, 0x16, 0x02, 0x30, 0xED, 0x62, 0x42, 0x15,
    0x5B, 0x0B, 0x21, 0xC0, 0xE9, 0x82, 0x30, 0x58, 0x6B, 0x21, 0x44, 0x0A, 0x73, 0x38, 0x59, 0x6C,
    0x2D, 0xBC, 0x9B, 0xD2, 0xAF, 0xC6, 0xE5, 0xB4, 0x68, 0x2D, 0xC4, 0x7F, 0x39, 0x6F, 0x2D, 0xEC,
    0x07, 0xC0, 0xE6, 0xAC, 0x25, 0xB6, 0x0C, 0x6D, 0xDA, 0x0B, 0xFA, 0x97, 0x51, 0x4B, 0xEC, 0x94,
    0xCE, 0xB7, 0xC4, 0x2D, 0xED, 0xDE, 0x34, 0xB9, 0x66, 0xF0, 0xF9, 0xBA, 0x9D, 0xAC, 0x3E, 0xE4,
    0x9D, 0x61, 0x45, 0x21, 0xAC, 0x0F, 0xF9, 0x10, 0x43, 0x41, 0xE4, 0x1E, 0xB0, 0x6E, 0xB1, 0x12,
    0xB3, 0xA3, 0x58, 0x1F, 0x82, 0x7F, 0x39, 0x6B, 0x16, 0x8F, 0x58, 0x5B, 0x08, 0x6B, 0x9A, 0xC2,
    0xCC, 0x19, 0x38, 0xBB, 0x82, 0x1F, 0x05, 0xB1, 0x68, 0xDF, 0xE2, 0xF5, 0xA1, 0x3B, 0x62, 0x7A,
    0x66, 0x47, 0x4E, 0x78, 0x7D, 0xE8, 0x1C, 0x36, 0x37, 0xF1, 0xFA, 0xD0, 0x4D, 0x78, 0x35, 0x0B,
    0xAC, 0x0F, 0xE1, 0x41, 0x20, 0xDA, 0x26, 0xAF, 0x45, 0x39, 0x70, 0xF9, 0xEE, 0x11, 0x44, 0xE3,
    0x7C, 0xF4, 0x30, 0x0E, 0x31, 0x7A, 0x7C, 0x8C, 0x8F, 0x1E, 0x83, 0xB7, 0xCB, 0x7A, 0x87, 0x5F,
    0xA4, 0xEC, 0x59, 0x71, 0xD2, 0x9A, 0x86, 0xD1, 0xB3, 0xDA, 0x64, 0x90, 0xCB, 0xAE, 0xA4, 0x88,
    0xC2, 0xE8, 0x59, 0x65, 0x92, 0xD2, 0x36, 0x36, 0x3B, 0x46, 0xB9, 0x5D, 0xB4, 0x12, 0x34, 0xBE,
    0x8D, 0xDC, 0xED, 0x05, 0x29, 0x50, 0xB0, 0xEC, 0xFC, 0x3E, 0x76, 0xFA, 0xE0, 0xAA, 0x9B, 0x2D,
    0xFD, 0x12, 0x47, 0x5F, 0xE9, 0x4A, 0x62, 0xD7, 0xF1, 0xC0, 0x25, 0x57, 0x78, 0x65, 0x43, 0x6E,
    0xA5, 0x6D, 0x97, 0xA6, 0xAF, 0x6C, 0x79, 0xCD, 0x37, 0xAC, 0xF7, 0x46, 0xF4, 0xF7, 0x88, 0x7A,
    0x32, 0x8C, 0x5E, 0xD6, 0x98, 0x60, 0xF4, 0xE1, 0xE5, 0x38, 0xFA, 0xD1, 0x8A, 0xCA, 0x94, 0x17,
    0x10, 0x1C, 0xF6, 0xD0, 0xAC, 0x25, 0x16, 0xFA, 0x02, 0xD1, 0x64, 0x4E, 0x13, 0x8B, 0x19, 0x4E,
    0xE6, 0x0B, 0x5C, 0x8A, 0xBB, 0x80, 0xCD, 0x1A, 0x1B, 0xCD, 0x61, 0x8C, 0xFF, 0xC3, 0x5A, 0x87,
    0xD0, 0x1F, 0x34, 0x9E, 0xCF, 0xD1, 0xE2, 0x26, 0xDC, 0x23, 0xB4, 0xC2, 0x12, 0x3D, 0x84, 0x68,
    0x37, 0x8F, 0xDB, 0x71, 0xC8, 0xEC, 0x14, 0x7A, 0x85, 0xAF, 0xD1, 0x34, 0x3E, 0x0E, 0xD0, 0xFA,
    0x01, 0x62, 0xB4, 0x9C, 0xC7, 0xEC, 0xAA, 0x05, 0x2D, 0x7A, 0x9A, 0x75, 0xF4, 0x34, 0x68, 0xC8,
    0xDA, 0xCE, 0xBB, 0xD1, 0x4B, 0xF0, 0xC9, 0x2E, 0x15, 0xB5, 0x1F, 0x59, 0x2E, 0x8E, 0x2B, 0xB2,
    0x8C, 0x2B, 0x49, 0x41, 0xC5, 0x71, 0x13, 0x2B, 0x97, 0x21, 0x3B, 0x32, 0xA7, 0xFD, 0xC4, 0x81,
    0x9A, 0xA7, 0xA8, 0xFA, 0x8A, 0x9A, 0xB7, 0xA8, 0xF9, 0x0B, 0xA9, 0x39, 0xFC, 0x2D, 0x75, 0x87,
    0xBF, 0xA5, 0xF6, 0x02, 0x10, 0x9B, 0xD4, 0xDF, 0x04, 0x3B, 0xF7, 0xC7, 0x35, 0x28, 0x0D, 0x3E,
    0xEA, 0x90, 0x59, 0x7C, 0xA1, 0x45, 0xF8, 0xFD, 0x33, 0xA9, 0x47, 0xBC, 0xA0, 0xA6, 0x6E, 0x06,
    0xC8, 0x88, 0xD2, 0x25, 0x28, 0x46, 0x6A, 0x53, 0xA7, 0x67, 0xB6, 0x0D, 0xDF, 0x50, 0x63, 0x06,
    0xFE, 0xA9, 0x1C, 0xEB, 0x48, 0x06, 0xB4, 0xB0, 0x09, 0xB3, 0x27, 0x37, 0x6C, 0xDF, 0x5C, 0x16,
    0xC2, 0xFC, 0x29, 0xB1, 0x30, 0x13, 0x28, 0x23, 0x62, 0x6E, 0x06, 0xC5, 0xC5, 0x5F, 0x84, 0x29,
    0x94, 0x87, 0x91, 0xB8, 0x39, 0xE4, 0xC7, 0x91, 0xA4, 0x49, 0x0C, 0x8D, 0x03, 0x49, 0x0B, 0x34,
    0xD5, 0x47, 0x92, 0xC0, 0x34, 0x66, 0xE2, 0x50, 0x12, 0x37, 0x8F, 0x5D, 0x71, 0x2C, 0x69, 0x5A,
    0x79, 0x78, 0x37, 0x37, 0x7A, 0x2F, 0xF4, 0xD1, 0xA4, 0xEA, 0xE1, 0xA4, 0xDA, 0xF1, 0xA4, 0x0B,
    0x3B, 0xA0, 0x24, 0x24, 0xB6, 0xD5, 0x84, 0x8C, 0xE6, 0xE1, 0xA4, 0x3A, 0x37, 0xE0, 0xB0, 0xD2,
    0x1B, 0x52, 0x82, 0x3B, 0x25, 0xDC, 0x11, 0x83, 0x17, 0x88, 0x87, 0x89, 0xA8, 0x2F, 0x41, 0x0F,
    0xBA, 0x39, 0x27, 0x97, 0xB8, 0x07, 0x10, 0x4E, 0x89, 0x83, 0x52, 0xD0, 0xA7, 0xB0, 0x72, 0x89,
    0x7E, 0x80, 0xC2, 0x7F, 0x02, 0x00, 0xD9, 0x85, 0x0D, 0x28, 0x49, 0x61, 0x20, 0x76, 0xF1, 0x35,
    0x05, 0x83, 0x58, 0x9A, 0x4C, 0x21, 0x21, 0xBC, 0x08, 0x5B, 0xA6, 0xC0, 0xD0, 0xAD, 0xF4, 0x8B,
    0xC3, 0x01, 0x51, 0x1D, 0x15, 0x55, 0x81, 0x51, 0x15, 0x1B, 0x2D, 0xE9, 0xB1, 0x96, 0xEB, 0xDC,
    0xEB, 0xB6, 0xA1, 0x6A, 0x11, 0xEA, 0x9C, 0x17, 0x0E, 0x69, 0xE4, 0xAB, 0xB7, 0x40, 0x09, 0xE8,
    0xAD, 0xFA, 0xA0, 0x78, 0xA6, 0xD1, 0x6C, 0x86, 0xE2, 0xA0, 0x5D, 0x76, 0x44, 0xA9, 0x03, 0xD0,
    0xA2, 0x2D, 0x4A, 0x1D, 0x83, 0x16, 0xBD, 0x51, 0xEA, 0x30, 0xB4, 0x68, 0x90, 0x52, 0x47, 0xA2,
    0x45, 0x28, 0xA8, 0x0E, 0x46, 0x8B, 0x56, 0x29, 0x75, 0x3C, 0x5A, 0xF4, 0x4B, 0x99, 0x17, 0x9E,
    0x58, 0xBC, 0xFA, 0xCD, 0xC3, 0xF4, 0xE6, 0x0E, 0xD0, 0x4B, 0xC1, 0x38, 0x58, 0x6F, 0xEC, 0x02,
    0xBD, 0x1C, 0x46, 0x6B, 0xA6, 0xB7, 0xEA, 0x47, 0xB5, 0x27, 0xD5, 0x3C, 0xF7, 0xA5, 0x9C, 0xD1,
    0xDE, 0x94, 0x15, 0x1A, 0x5A, 0x86, 0x3F, 0x0D, 0xDA, 0x41, 0x82, 0xD1, 0x9C, 0xF4, 0xA8, 0x8D,
    0x76, 0x83, 0xF1, 0xD2, 0xA7, 0x42, 0xE0, 0x86, 0x6D, 0x2B, 0xCA, 0xAB, 0x46, 0xC8, 0x27, 0xDA,
    0xAF, 0x62, 0x33, 0x30, 0xAD, 0x1C, 0xE6, 0xE2, 0x99, 0x4E, 0xE5, 0x5B, 0xE1, 0x76, 0x9A, 0xA6,
    0xCA, 0xBB, 0xA6, 0x70, 0xEF, 0x46, 0x49, 0x54, 0x6B, 0xC7, 0x8A, 0x6B, 0x4B, 0xE6, 0x7C, 0x7C,
    0x54, 0x5B, 0x75, 0x66, 0x44, 0x46, 0x16, 0xF9, 0xDA, 0xBA, 0xB7, 0x5D, 0xE4, 0x6F, 0x97, 0xB4,
    0xDB, 0x56, 0x5B, 0x7A, 0x60, 0xF6, 0xC9, 0x5D, 0xE9, 0x83, 0x79, 0x72, 0x4A, 0x7A, 0x61, 0x5C,
    0x88, 0x9E, 0xC2, 0x51, 0x78, 0x8D, 0x13, 0x16, 0xAC, 0x0A, 0x2C, 0xE5, 0xF4, 0xD9, 0xA1, 0x1F,
    0x8E, 0xA7, 0x7A, 0x8C, 0x13, 0xDE, 0xD8, 0xED, 0xBB, 0x80, 0xF0, 0xA5, 0x3F, 0x66, 0xD7, 0x3A,
    0xC9, 0xF4, 0xC2, 0xAB, 0xE0, 0x2B, 0x44, 0x2D, 0x89, 0xF4, 0xCA, 0x45, 0x00, 0x2F, 0x5F, 0xC2,
    0x2F, 0x2F, 0xCF, 0x51, 0xBF, 0x1A, 0x6B, 0xB9, 0xAD, 0x12, 0xE1, 0xE0, 0xF1, 0x3A, 0x5F, 0xD4,
    0x44, 0x32, 0x7E, 0xC4, 0xAE, 0xC5, 0xE7, 0x0B, 0x2C, 0x3B, 0x66, 0x07, 0xFF, 0xC4, 0x69, 0x2C,
    0x3C, 0x6A, 0x07, 0x33, 0xE6, 0x07, 0xB1, 0x7A, 0xEC, 0xB8, 0x1D, 0x04, 0x58, 0xA9, 0xBC, 0x20,
    0x4D, 0x01, 0x71, 0x57, 0xDF, 0xEB, 0x31, 0x36, 0x67, 0xC7, 0xEE, 0x66, 0x61, 0xD3, 0xCF, 0xB0,
    0xCB, 0xD2, 0x98, 0x47, 0xEF, 0xB0, 0xAC, 0xC5, 0x8E, 0xDF, 0xCD, 0x52, 0x79, 0x56, 0x0B, 0x8F,
    0xE0, 0x15, 0x2E, 0x6D, 0xC0, 0xAC, 0xC1, 0x4C, 0xE4, 0xFC, 0x18, 0xDE, 0xB6, 0x21, 0xAB, 0x3A,
    0x5A, 0x92, 0x6D, 0x55, 0x33, 0x4C, 0xAD, 0xEA, 0x0E, 0x68, 0x55, 0x6B, 0x05, 0x55, 0x41, 0x99,
    0xC7, 0xF4, 0xAA, 0x29, 0x9D, 0x41, 0xB6, 0x1A, 0xE3, 0x55, 0x51, 0x70, 0x84, 0x2F, 0xC1, 0x83,
    0x1A, 0xAD, 0x9E, 0xFC, 0x0E, 0x0C, 0x23, 0x59, 0xA1, 0xDE, 0x82, 0xCF, 0x64, 0x07, 0x36, 0x28,
    0x86, 0x0F, 0x6E, 0xE6, 0x77, 0x11, 0x5B, 0xB8, 0xBD, 0x38, 0xC4, 0x23, 0x1A, 0x7E, 0xCA, 0x7A,
    0x1D, 0xD3, 0x56, 0x82, 0x94, 0x9F, 0x22, 0xB6, 0x68, 0xA4, 0x8D, 0xAE, 0x8F, 0x74, 0x8A, 0xD8,
    0x22, 0x2E, 0x1A, 0x67, 0x22, 0xB8, 0xCF, 0x76, 0x2B, 0xB5, 0xA8, 0x04, 0x97, 0x4C, 0x21, 0x45,
    0x1A, 0x22, 0xB6, 0xE8, 0x05, 0x79, 0xD4, 0x6F, 0xE4, 0x8D, 0x33, 0x5C, 0xBD, 0xEA, 0x98, 0xC0,
    0x05, 0x99, 0xC4, 0x98, 0xEF, 0xEA, 0xB1, 0x33, 0xA4, 0x92, 0x68, 0x8A, 0x61, 0x35, 0xA8, 0x64,
    0x13, 0x6B, 0x3B, 0x49, 0x75, 0xC2, 0xC9, 0x6F, 0xFB, 0x34, 0x36, 0x92, 0x4E, 0x60, 0x20, 0x33,
    0xCF, 0x48, 0x3C, 0x35, 0x12, 0xDA, 0x76, 0x8D, 0xE4, 0x53, 0xEB, 0x89, 0x12, 0xE3, 0x76, 0x95,
    0x80, 0xA2, 0x27, 0xFB, 0x56, 0x7C, 0x2A, 0x34, 0x92, 0x50, 0xC6, 0x19, 0x57, 0xF0, 0xD5, 0x05,
    0xDF, 0x20, 0xCC, 0x24, 0x62, 0x32, 0x0A, 0x5B, 0xD3, 0x4E, 0xC5, 0xE6, 0x59, 0xD7, 0xED, 0xDB,
    0x2E, 0x43, 0x93, 0x68, 0x02, 0x90, 0xFD, 0x73, 0xC4, 0x40, 0x20, 0x1E, 0xFA, 0x11, 0x0D, 0x41,
    0x5A, 0x22, 0x1E, 0x61, 0x18, 0xA4, 0x6F, 0x81, 0x55, 0x50, 0xB9, 0x27, 0x2B, 0x77, 0x4B, 0x36,
    0x70, 0x8E, 0x42, 0xEC, 0xDC, 0xEF, 0xE3, 0x32, 0x17, 0x30, 0xC4, 0xC9, 0x5B, 0x5D, 0x42, 0x55,
    0x1E, 0x6A, 0xA6, 0x8C, 0xDB, 0xEB, 0x4B, 0x52, 0x01, 0x22, 0x46, 0x3E, 0xEA, 0x08, 0x35, 0x73,
    0x52, 0xE5, 0x18, 0x35, 0xCE, 0x2B, 0xE3, 0xF2, 0xE0, 0xB5, 0x75, 0x65, 0x14, 0xAC, 0x38, 0x34,
    0x8D, 0x02, 0x3B, 0xFE, 0xA7, 0x8D, 0x02, 0x9E, 0x01, 0x94, 0x46, 0xC1, 0xE6, 0xD7, 0x3E, 0x90,
    0x46, 0x41, 0x5C, 0xFE, 0x40, 0x1A, 0x05, 0x37, 0x6B, 0xB0, 0x2B, 0x20, 0x08, 0xA3, 0xE0, 0x65,
    0xEC, 0x5C, 0xA0, 0x34, 0x0A, 0xE2, 0x70, 0x60, 0xD5, 0x28, 0xE4, 0xCA, 0x28, 0xF0, 0xAB, 0x21,
    0x48, 0xA3, 0xC0, 0xCF, 0x0A, 0xF6, 0xB5, 0x51, 0x60, 0xD7, 0x44, 0xB8, 0x0C, 0x8D, 0x42, 0xED,
    0x56, 0x2F, 0xC5, 0xE7, 0x4B, 0x3F, 0x6F, 0xDF, 0x52, 0x1D, 0xA4, 0x3E, 0xE5, 0x26, 0x2C, 0x75,
    0x8D, 0x17, 0x27, 0xA5, 0x41, 0x22, 0x9E, 0x09, 0x00, 0x3D, 0x6C, 0xA8, 0xEE, 0x19, 0xA1, 0x36,
    0x36, 0x35, 0xB3, 0xD2, 0xDF, 0x38, 0xF2, 0xA8, 0x3D, 0x0F, 0x57, 0xDC, 0x21, 0xB8, 0xB3, 0xCC,
    0xC0, 0xED, 0x18, 0xF5, 0xE2, 0x41, 0xCE, 0x12, 0x79, 0x9F, 0x79, 0xB6, 0xA0, 0x44, 0x1C, 0x8C,
    0x79, 0x4F, 0x54, 0x20, 0xBC, 0xE9, 0x8C, 0x05, 0xCA, 0xB5, 0x28, 0x61, 0x1A, 0x94, 0xE8, 0xF7,
    0x03, 0xF4, 0xDF, 0x08, 0x57, 0xA1, 0xF2, 0x68, 0x84, 0x9F, 0xAB, 0x6E, 0xF3, 0x38, 0xE8, 0x45,
    0x1A, 0xA2, 0x12, 0xC1, 0x78, 0x70, 0x0C, 0xBC, 0x15, 0x9E, 0xAF, 0xB5, 0x90, 0x2D, 0xDA, 0x9E,
    0xE7, 0xE1, 0x6B, 0x9A, 0xAC, 0xAB, 0xB2, 0xAE, 0xCB, 0xBA, 0x32, 0xEB, 0xDA, 0xBC, 0x70, 0x75,
    0x56, 0xAA, 0xF8, 0xE6, 0x41, 0x8C, 0xFA, 0x73, 0x2B, 0x2B, 0x9E, 0x59, 0x1F, 0xD6, 0x66, 0xDC,
    0x4C, 0x65, 0xEF, 0x8D, 0xF2, 0xB3, 0x7E, 0x32, 0x44, 0x85, 0xB1, 0x19, 0x21, 0xAA, 0x9F, 0x19,
    0x21, 0x2A, 0xB8, 0x0B, 0x19, 0xA2, 0x72, 0xF4, 0xA1, 0x73, 0x9D, 0x88, 0x37, 0x54, 0xBE, 0x93,
    0xA1, 0x0F, 0x19, 0xA2, 0x72, 0xF4, 0x21, 0x43, 0x54, 0x89, 0x3E, 0x44, 0xEE, 0x93, 0xA3, 0x0F,
    0x99, 0xFF, 0xA4, 0xF2, 0x4C, 0x20, 0x86, 0xA8, 0x12, 0x7D, 0x4C, 0x5F, 0xA0, 0x68, 0x7A, 0x35,
    0x48, 0xD5, 0x5F, 0xFA, 0xF9, 0xAA, 0x80, 0x2A, 0x07, 0x3B, 0xF8, 0xC4, 0x1F, 0xAA, 0xEA, 0x58,
    0x9F, 0x6D, 0xBF, 0x12, 0xE9, 0x5C, 0xB0, 0xF1, 0xA9, 0xE5, 0x4D, 0xEA, 0xB9, 0x92, 0xC5, 0xFC,
    0xA2, 0xEC, 0x49, 0x6D, 0xA3, 0xE9, 0x03, 0x67, 0x81, 0x08, 0xAE, 0xD5, 0x54, 0xD8, 0x2B, 0x75,
    0x13, 0x7F, 0x50, 0x7B, 0xFF, 0x7C, 0xB5, 0x29, 0xD0, 0x3E, 0xDD, 0xAB, 0xC0, 0x12, 0xEB, 0x74,
    0x56, 0x85, 0x25, 0xD3, 0xE1, 0x95, 0x48, 0xED, 0x35, 0x8D, 0xD4, 0x2A, 0xCA, 0xCD, 0x4C, 0xD5,
    0xE2, 0xD6, 0x35, 0x8E, 0x13, 0x66, 0xA6, 0x5A, 0xD9, 0xB6, 0x0D, 0x2F, 0xD4, 0xAE, 0x2D, 0xD3,
    0xA8, 0x6A, 0x98, 0x51, 0xAF, 0x5C, 0xF7, 0x73, 0xF1, 0xB3, 0x35, 0x93, 0xD6, 0x98, 0xAD, 0x6C,
    0x9E, 0x60, 0xB6, 0xF2, 0xEC, 0xE8, 0xC8, 0x95, 0x38, 0xEC, 0xB5, 0x80, 0x5C, 0x4E, 0xE5, 0x5D,
    0x4E, 0x36, 0xFC, 0xB9, 0x6B, 0xAE, 0xAB, 0x8C, 0x65, 0xAF, 0xC9, 0x6D, 0xD9, 0x62, 0x72, 0x23,
    0x23, 0xCB, 0x27, 0xD2, 0xAB, 0xDC, 0xC6, 0xCF, 0x03, 0x3E, 0xCB, 0x1A, 0x5F, 0x9C, 0xE7, 0xFD,
    0xC3, 0x6E, 0xC2, 0x25, 0x5B, 0xB2, 0x35, 0x4C, 0xB8, 0x64, 0x09, 0x41, 0xA5, 0x4B, 0x8E, 0x68,
    0xAE, 0x5D, 0x32, 0xEC, 0x74, 0x76, 0x09, 0x11, 0xE9, 0x92, 0x61, 0xBD, 0x22, 0xFA, 0x54, 0x2E,
    0xD9, 0xE9, 0x05, 0x78, 0x39, 0x11, 0xE5, 0x92, 0xDD, 0x1E, 0x08, 0xBA, 0xD4, 0x2E, 0x19, 0xA2,
    0x87, 0x70, 0x7D, 0x39, 0x5D, 0x73, 0xC9, 0xB9, 0x76, 0xC9, 0x31, 0xBF, 0xFA, 0xAD, 0x74, 0xC9,
    0xB0, 0xA2, 0x69, 0x39, 0x63, 0x5E, 0xF5, 0x96, 0x5D, 0x72, 0x64, 0xB0, 0x4B, 0x26, 0x43, 0xD2,
    0xEF, 0x8B, 0x12, 0xF0, 0x4B, 0x9A, 0xD8, 0x91, 0xAA, 0xD5, 0xD8, 0x22, 0xEB, 0x0A, 0x95, 0x8D,
    0x24, 0x9F, 0x8D, 0xAA, 0x46, 0x79, 0xE4, 0xFC, 0x52, 0xD7, 0x98, 0x7F, 0x76, 0xCE, 0x84, 0xFC,
    0x2E, 0xED, 0x9B, 0x88, 0x1F, 0x9C, 0xA8, 0x06, 0xFC, 0x10, 0x13, 0x42, 0x88, 0xA9, 0xF0, 0x7E,
    0xEE, 0x20, 0x18, 0x97, 0x70, 0x5F, 0x84, 0x98, 0x12, 0xED, 0x3B, 0x79, 0x23, 0x85, 0x67, 0x25,
    0xD8, 0x87, 0x10, 0x33, 0x59, 0x4F, 0xB7, 0xD5, 0xB0, 0xBE, 0x82, 0xFA, 0x47, 0x38, 0x2B, 0x90,
    0x7E, 0x89, 0x3D, 0x95, 0x3B, 0x0A, 0x0D, 0xF4, 0x59, 0x88, 0x79, 0x19, 0xDA, 0x8E, 0x71, 0xD5,
    0x94, 0xA0, 0x37, 0x88, 0xF8, 0x6B, 0x0C, 0xE2, 0xA2, 0x81, 0xD5, 0xE7, 0xAC, 0xF0, 0x82, 0xB6,
    0x86, 0x06, 0xF4, 0x78, 0xF9, 0x40, 0x0D, 0xE8, 0x31, 0x94, 0xD6, 0x80, 0x9E, 0xD2, 0xBE, 0xD1,
    0xB8, 0x40, 0x17, 0x72, 0x05, 0xE8, 0x33, 0x8C, 0xA3, 0x25, 0xA0, 0x77, 0xB3, 0x56, 0x4A, 0x0A,
    0x09, 0xE8, 0xF9, 0xA5, 0x04, 0x35, 0xA0, 0xC7, 0xBF, 0xFD, 0x55, 0x01, 0xF4, 0x3D, 0x05, 0xE8,
    0x59, 0xA1, 0x59, 0x02, 0x7A, 0xFE, 0x47, 0xC0, 0xB4, 0xBB, 0x61, 0x01, 0xF4, 0xE0, 0x6A, 0x65,
    0xB9, 0x04, 0x47, 0x97, 0x40, 0x30, 0x71, 0x25, 0xD7, 0x14, 0x57, 0x32, 0x4D, 0x71, 0x25, 0xF5,
    0x1E, 0xDB, 0xF0, 0xB8, 0x82, 0x73, 0x31, 0x1E, 0x22, 0x54, 0x60, 0x2E, 0xA6, 0xCC, 0x4E, 0x08,
    0x28, 0x17, 0xD1, 0xBF, 0x28, 0x34, 0x90, 0x8B, 0xFA, 0xA4, 0xD4, 0x30, 0x2E, 0x02, 0xB1, 0x68,
    0x10, 0x07, 0x62, 0x29, 0x14, 0x84, 0xFB, 0x2F, 0x7A, 0x87, 0x6E, 0x6E, 0x12, 0xB6, 0xA1, 0x02,
    0xDF, 0x72, 0x05, 0xDE, 0x28, 0x3D, 0xD6, 0xE8, 0x5F, 0x58, 0x11, 0x7B, 0x31, 0x57, 0x85, 0x6C,
    0x55, 0xC0, 0x76, 0xB1, 0x45, 0x6C, 0x85, 0x11, 0x2A, 0x45, 0xCF, 0xF4, 0xD5, 0x32, 0x59, 0x9D,
    0x91, 0xF0, 0x8C, 0xFD, 0x45, 0x11, 0xD5, 0xE9, 0x00, 0x02, 0x51, 0xE5, 0x72, 0xF6, 0x57, 0x45,
    0x24, 0x36, 0xC3, 0xBF, 0x2B, 0x92, 0x48, 0x68, 0xE6, 0xD1, 0x36, 0x6E, 0x32, 0x8E, 0xCC, 0xF8,
    0xDF, 0x16, 0x11, 0xC0, 0xCC, 0xC7, 0x2B, 0xD8, 0x29, 0x5C, 0x76, 0xEA, 0x6E, 0xF0, 0x5E, 0x06,
    0x2C, 0x23, 0x06, 0x2A, 0xEB, 0xEB, 0xB2, 0xB9, 0xCE, 0x47, 0xD5, 0x30, 0xD9, 0xE8, 0xD0, 0x5D,
    0x7E, 0x89, 0x18, 0xE1, 0xD7, 0x03, 0x76, 0xB0, 0x58, 0xB8, 0xF5, 0xE0, 0x19, 0x5C, 0x98, 0xC2,
    0xAB, 0xA3, 0x81, 0x23, 0xD2, 0xA9, 0x07, 0x10, 0x17, 0x84, 0xD2, 0xA7, 0x07, 0x94, 0xE0, 0x95,
    0x5F, 0xB8, 0x4B, 0x0F, 0xF0, 0x2A, 0xC1, 0xD2, 0xA3, 0x37, 0x60, 0xDD, 0x85, 0xCA, 0xA1, 0xBF,
    0xB0, 0x9F, 0x92, 0xCA, 0x71, 0x0E, 0xC3, 0x9D, 0xA7, 0x44, 0x7A, 0x73, 0xCA, 0xFB, 0x6E, 0x07,
    0x39, 0xF3, 0xD1, 0xAA, 0x29, 0x0C, 0x92, 0xA5, 0x58, 0xBF, 0x7B, 0x69, 0x58, 0x7D, 0x64, 0x5F,
    0xD6, 0xCD, 0xC5, 0xB9, 0x7D, 0x59, 0x38, 0xE7, 0x87, 0xF7, 0x55, 0xE5, 0x9C, 0x9F, 0xE0, 0x57,
    0xA5, 0x73, 0x7E, 0x8C, 0x5F, 0xD5, 0xCE, 0xF9, 0x59, 0x7E, 0x55, 0x3C, 0xE7, 0x07, 0xFA, 0x55,
    0xF5, 0x9C, 0x9F, 0xEA, 0x37, 0xCA, 0xE7, 0xF8, 0xD1, 0xC6, 0x45, 0x51, 0xD1, 0xC5, 0xE8, 0x02,
    0x3A, 0x3B, 0xE4, 0x5F, 0xAD, 0xA0, 0xD7, 0xFD, 0x78, 0xCD, 0x8D, 0xD7, 0xBC, 0x78, 0xDD, 0x89,
    0x5F, 0x78, 0x23, 0xC2, 0xE2, 0x98, 0xBA, 0x16, 0x42, 0xD7, 0xD8, 0x21, 0xD7, 0x4E, 0x1D, 0xFB,
    0xB6, 0xE1, 0xC0, 0x63, 0x1A, 0x2A, 0xF7, 0xCD, 0xAF, 0xFB, 0x23, 0x9C, 0xB7, 0x07, 0x38, 0x50,
    0xB9, 0x6E, 0xAF, 0xE7, 0x27, 0xCA, 0x71, 0xBB, 0x05, 0x28, 0x5D, 0xB9, 0x6D, 0x0A, 0xB2, 0x90,
    0x4E, 0x9B, 0x85, 0x54, 0xD2, 0x65, 0xC3, 0xBF, 0xAF, 0x56, 0x92, 0x73, 0xA1, 0x91, 0x99, 0xA3,
    0x6D, 0x95, 0x96, 0x3B, 0xB6, 0xBE, 0x96, 0x93, 0x8B, 0x17, 0xF9, 0x65, 0x59, 0x97, 0x8E, 0xCC,
    0x42, 0x34, 0x73, 0xD1, 0x72, 0xCD, 0x30, 0x07, 0xED, 0xB6, 0x07, 0xB8, 0xE7, 0xCA, 0xAE, 0xAB,
    0xB8, 0xE6, 0xC1, 0x8E, 0x79, 0xDD, 0x3E, 0x15, 0x19, 0xB1, 0xFE, 0x26, 0x11, 0x16, 0x79, 0xEC,
    0xEF, 0xD7, 0xF2, 0x98, 0x28, 0x38, 0x1E, 0xB7, 0x65, 0x40, 0x14, 0x40, 0x1C, 0x2E, 0xA3, 0x21,
    0xBF, 0xDF, 0x0A, 0x55, 0xF6, 0x19, 0xFF, 0xDA, 0x8A, 0x88, 0x83, 0xF0, 0xCF, 0xB4, 0xC8, 0x20,
    0xE8, 0x0E, 0x5A, 0x6E, 0x33, 0x22, 0xA0, 0xD2, 0x0C, 0x7F, 0x64, 0xEC, 0x83, 0x7F, 0x7C, 0xC5,
    0x0C, 0x7C, 0xE2, 0x21, 0x38, 0x25, 0x1A, 0x02, 0x58, 0x4C, 0xB4, 0x62, 0xCA, 0xC2, 0x14, 0x85,
    0x29, 0x89, 0x81, 0x82, 0x30, 0xB6, 0xBD, 0xC5, 0xEA, 0x29, 0xDC, 0x54, 0x79, 0xB8, 0x94, 0xA5,
    0xA5, 0x42, 0x5A, 0x18, 0x2A, 0x40, 0x6B, 0xCA, 0x4E, 0xE1, 0x77, 0x4A, 0x33, 0x85, 0x63, 0x91,
    0x56, 0xAA, 0x91, 0x5C, 0x45, 0x54, 0xD8, 0x71, 0xAA, 0x24, 0xD2, 0x46, 0xED, 0xA0, 0x15, 0x13,
    0x65, 0x58, 0xA8, 0x63, 0xDA, 0x40, 0x1D, 0x1F, 0x66, 0x9F, 0xDE, 0x36, 0xA7, 0x6D, 0x86, 0x4D,
    0x73, 0xC3, 0x62, 0xA8, 0x7D, 0x86, 0xA0, 0xE7, 0x05, 0xAA, 0xAD, 0x45, 0x4B, 0x24, 0x4B, 0xD8,
    0x28, 0x1B, 0x59, 0xAC, 0x2D, 0x85, 0x57, 0x16, 0xDA, 0x4E, 0xD8, 0xF2, 0x0F, 0xE5, 0xE0, 0x40,
    0x77, 0xD0, 0xB3, 0xE6, 0x55, 0x93, 0x2B, 0x97, 0x4D, 0x16, 0x48, 0x1F, 0xC7, 0x5A, 0x86, 0xB3,
    0x79, 0xC5, 0x3A, 0x54, 0x6C, 0x43, 0xC5, 0x32, 0x54, 0xEC, 0x42, 0xD5, 0x2A, 0x0C, 0xB4, 0x09,
    0xD6, 0x90, 0x6E, 0x0C, 0xD3, 0x6E, 0x9A, 0x8F, 0x5B, 0x43, 0x6C, 0xC8, 0x95, 0x15, 0x3E, 0xE8,
    0x16, 0xB4, 0x87, 0x1A, 0x8D, 0xF6, 0x30, 0x48, 0xF0, 0xC6, 0x5C, 0x87, 0xE7, 0xF1, 0x4A, 0x15,
    0x27, 0x54, 0x61, 0x96, 0xBE, 0x96, 0xF7, 0x15, 0x2D, 0x5C, 0xB4, 0x35, 0x50, 0xDB, 0x9E, 0xC5,
    0xF3, 0x12, 0x78, 0xB3, 0x58, 0xBF, 0xF2, 0x8C, 0x35, 0x24, 0xB3, 0x5E, 0x57, 0x42, 0x6A, 0x02,
    0x84, 0x5C, 0x97, 0xF4, 0x6C, 0x06, 0xC1, 0x04, 0x40, 0x70, 0x0A, 0x7E, 0xF5, 0x24, 0x06, 0x10,
    0x20, 0x4A, 0x6C, 0x6B, 0x80, 0x80, 0x8C, 0x04, 0x08, 0x2E, 0xD6, 0xCF, 0x55, 0x54, 0x5F, 0x98,
    0x00, 0x01, 0x0C, 0x45, 0x05, 0x20, 0x98, 0xA5, 0x3B, 0x60, 0x24, 0x40, 0x80, 0x30, 0xF3, 0x7C,
    0x00, 0x61, 0x20, 0x53, 0x89, 0xE1, 0x2B, 0x11, 0xFC, 0xC5, 0x00, 0x84, 0xFF, 0x03, 0xED, 0x5D,
    0x5F, 0x8C, 0x1D, 0xD5, 0x79, 0x3F, 0x33, 0xE3, 0xDD, 0x89, 0x77, 0x10, 0x63, 0x45, 0xB8, 0xC5,
    0x5E, 0xCC, 0xBC, 0xF0, 0x60, 0xB5, 0x81, 0x49, 0xD5, 0xB4, 0x22, 0x15, 0x64, 0xC6, 0x90, 0x8A,
    0x87, 0x20, 0xC5, 0x95, 0xBC, 0x26, 0xAA, 0x1F, 0xD6, 0x0F, 0xBC, 0xE4, 0x0F, 0xDA, 0x94, 0xBA,
    0xAA, 0xA3, 0x90, 0xCC, 0x80, 0xD5, 0xE6, 0x21, 0x91, 0xB2, 0x55, 0x21, 0x69, 0xAB, 0xB6, 0xB8,
    0x69, 0xDA, 0x50, 0x22, 0xD5, 0xAE, 0xB4, 0x0F, 0x56, 0xE2, 0x30, 0x03, 0xA8, 0xA0, 0x2A, 0x8A,
    0x32, 0x06, 0x11, 0x1E, 0x50, 0xE4, 0x09, 0xC9, 0x86, 0x26, 0x96, 0xEA, 0x09, 0x8C, 0x61, 0x16,
    0xCF, 0xCC, 0xE9, 0xF7, 0x9D, 0xFF, 0x73, 0xEF, 0x5D, 0xEF, 0x62, 0xEF, 0x26, 0x6B, 0xF0, 0xDD,
    0xDD, 0x7B, 0xBF, 0x99, 0xBB, 0x77, 0xE6, 0x9C, 0xEF, 0x7C, 0xE7, 0xFB, 0x7E, 0xDF, 0x9F, 0x73,
    0x2E, 0x21, 0xE2, 0xB1, 0x8D, 0xA8, 0x47, 0xA4, 0xC9, 0x24, 0x1E, 0x39, 0xEB, 0x15, 0xEA, 0x7F,
    0xFD, 0x52, 0xBD, 0xC7, 0xCE, 0xEE, 0x64, 0xA4, 0x85, 0x9F, 0xA0, 0x85, 0x7C, 0xC7, 0xA1, 0xB5,
    0x24, 0x7D, 0xDA, 0xE2, 0xBB, 0xE1, 0xFF, 0x02, 0xF9, 0x42, 0x4B, 0xC2, 0x86, 0x44, 0xF0, 0x7F,
    0x41, 0xDE, 0x91, 0xAC, 0x07, 0xB2, 0x23, 0x61, 0xDE, 0x5B, 0x94, 0x92, 0xDB, 0x32, 0x5A, 0x87,
    0xB4, 0x77, 0x9A, 0x24, 0x25, 0x24, 0xAB, 0x7D, 0xDA, 0x7B, 0x55, 0x98, 0x43, 0x03, 0x1A, 0x97,
    0x76, 0x7E, 0xE5, 0x57, 0xC4, 0xA5, 0x3F, 0x23, 0x07, 0xDB, 0xA4, 0x0B, 0xBA, 0x3F, 0xA5, 0x74,
    0x79, 0xEE, 0xD3, 0x2D, 0x65, 0x8F, 0xF3, 0xF0, 0x57, 0xD1, 0x04, 0x9E, 0x7B, 0x07, 0x9E, 0x8A,
    0xC6, 0xEB, 0x22, 0xBA, 0x48, 0x32, 0xBA, 0x02, 0x77, 0xDF, 0x4F, 0x2E, 0xF9, 0x08, 0xFC, 0xD8,
    0x60, 0xC0, 0x42, 0x6A, 0x1C, 0x04, 0xC6, 0xC1, 0xB6, 0xA9, 0x91, 0xCF, 0x4D, 0x1D, 0x30, 0x0E,
    0x22, 0xD9, 0xEF, 0xE9, 0x06, 0x0F, 0xFA, 0x98, 0x31, 0x25, 0xA4, 0x31, 0x1C, 0x40, 0xFF, 0x08,
    0xCD, 0x49, 0x02, 0x7F, 0x3B, 0x2C, 0xE8, 0xB0, 0x4B, 0x2B, 0x42, 0x17, 0x90, 0x85, 0x0B, 0x3D,
    0xB0, 0xA6, 0x21, 0xD0, 0x35, 0x60, 0x24, 0xB4, 0x35, 0x7C, 0xB1, 0xB5, 0x5A, 0x0F, 0x0E, 0x12,
    0xF8, 0x97, 0x28, 0xEE, 0xE1, 0x9D, 0x92, 0xD8, 0xF4, 0xE1, 0x86, 0x64, 0x69, 0x16, 0x67, 0x49,
    0x4E, 0xDC, 0x8E, 0xD0, 0xAF, 0xD1, 0x32, 0x5B, 0xCE, 0xE8, 0x4B, 0x04, 0x3E, 0x96, 0x51, 0xF1,
    0xC8, 0x81, 0x4F, 0x11, 0x7D, 0x93, 0x1F, 0x14, 0x51, 0x0C, 0xD7, 0x2B, 0x92, 0xD7, 0xE9, 0xDB,
    0x87, 0x68, 0x9E, 0xF0, 0xE6, 0xF2, 0x5E, 0x66, 0x66, 0x17, 0x56, 0x3F, 0x48, 0x52, 0xB3, 0x73,
    0x15, 0xD9, 0xAE, 0xD9, 0x45, 0xBF, 0x4D, 0xD5, 0x81, 0x0B, 0x37, 0x53, 0x07, 0x30, 0x82, 0xBD,
    0xFE, 0xD0, 0xEE, 0x7E, 0xF1, 0x92, 0x6C, 0xB7, 0x2A, 0x25, 0x1E, 0xC4, 0x79, 0xB3, 0x55, 0xB4,
    0x7D, 0xA1, 0xD1, 0xFF, 0x14, 0xAF, 0x31, 0x76, 0xF8, 0x60, 0x23, 0x76, 0x80, 0x8D, 0xB3, 0x8D,
    0x22, 0xE7, 0x41, 0x8B, 0xFC, 0x0E, 0x9A, 0xD6, 0x22, 0x1F, 0x53, 0xE0, 0x0A, 0xF1, 0xDF, 0xEE,
    0xB1, 0x75, 0x39, 0x81, 0x3F, 0xBF, 0xA0, 0xF0, 0xDE, 0xC7, 0x4B, 0xBB, 0x8B, 0x0A, 0x3F, 0xCF,
    0x88, 0xDF, 0xBA, 0x95, 0xD3, 0xF8, 0xA5, 0x5F, 0xF4, 0x24, 0xEC, 0x9C, 0xC6, 0x6B, 0xBC, 0xDA,
    0x7B, 0xAB, 0x83, 0x8F, 0x1D, 0xEB, 0x17, 0xA8, 0xD7, 0xDF, 0x47, 0xBB, 0xFD, 0x89, 0x62, 0x33,
    0x6D, 0xB3, 0x00, 0x9E, 0x17, 0x18, 0xDD, 0x65, 0x0E, 0xFD, 0x78, 0xE7, 0xD2, 0x90, 0x2E, 0x67,
    0x6D, 0x46, 0x6E, 0x10, 0xED, 0x18, 0xB2, 0x32, 0x59, 0x85, 0x8E, 0x4C, 0xA9, 0x33, 0x85, 0x2E,
    0xD7, 0x74, 0x68, 0xD0, 0x41, 0xA1, 0xE9, 0xED, 0x93, 0xF8, 0xA9, 0x59, 0xE5, 0x34, 0xEF, 0x80,
    0x6C, 0x27, 0x91, 0x76, 0xCB, 0xFA, 0xE2, 0xAD, 0x70, 0x12, 0x58, 0xEA, 0x03, 0x6B, 0x6D, 0xCE,
    0x51, 0x9F, 0xD2, 0x18, 0x48, 0x64, 0xA8, 0x77, 0x82, 0xB6, 0x40, 0x22, 0x3F, 0xA1, 0xB5, 0x1D,
    0x90, 0xC8, 0x4E, 0x68, 0x6C, 0x0F, 0x24, 0x72, 0x13, 0xFE, 0x6B, 0xC5, 0xE6, 0xCC, 0x3C, 0x08,
    0xB3, 0xF1, 0x10, 0x5D, 0xE4, 0xBC, 0xBC, 0xC8, 0xD8, 0x87, 0xAC, 0xA4, 0x29, 0x4C, 0x5F, 0xC6,
    0x49, 0x98, 0xDA, 0x21, 0xBD, 0x47, 0x30, 0x72, 0x94, 0x8F, 0xC9, 0x44, 0xD2, 0x60, 0xA2, 0xC1,
    0x43, 0x83, 0x85, 0x06, 0x07, 0x0D, 0x06, 0xAE, 0xC1, 0x3F, 0x82, 0x5D, 0xB8, 0x6C, 0xBA, 0x1E,
    0xA7, 0x67, 0x81, 0x8F, 0x8E, 0xA0, 0x43, 0xD0, 0x14, 0x92, 0x0E, 0x60, 0xC2, 0x48, 0xFA, 0xFA,
    0x13, 0xB4, 0x71, 0xD4, 0x67, 0x93, 0x16, 0xE8, 0x3D, 0xE2, 0x13, 0x2D, 0xF0, 0x11, 0x3A, 0xF2,
    0x61, 0xD0, 0x2E, 0xF0, 0x3F, 0x2D, 0x76, 0x35, 0xFA, 0xC5, 0x41, 0x4A, 0x57, 0xE6, 0xFB, 0xFD,
    0xC0, 0x81, 0x44, 0xF0, 0xB3, 0x49, 0x50, 0xF5, 0x50, 0x7A, 0x17, 0x8A, 0x29, 0xA8, 0x6F, 0xD0,
    0x84, 0x8B, 0x24, 0xE9, 0xBD, 0x1A, 0x26, 0xB3, 0xDD, 0xEA, 0xB9, 0xEC, 0x4A, 0x3A, 0xA4, 0xE7,
    0x94, 0x8E, 0x86, 0x41, 0xA5, 0x52, 0xAB, 0xDB, 0xE6, 0x44, 0x5E, 0x6B, 0x1E, 0x33, 0xA5, 0x77,
    0x97, 0x1E, 0x07, 0xFF, 0x87, 0xC5, 0x44, 0xDA, 0xBD, 0x27, 0xBD, 0xC6, 0xF3, 0xCB, 0xE7, 0xB9,
    0x66, 0x95, 0x6E, 0xF0, 0x1A, 0x54, 0x33, 0x89, 0x42, 0xB6, 0xE0, 0xB4, 0x76, 0x1A, 0x64, 0x8A,
    0x0F, 0xF7, 0x77, 0x1A, 0x64, 0x89, 0x8F, 0x6C, 0x69, 0x90, 0x21, 0xF0, 0xD7, 0xA2, 0x2A, 0x48,
    0x5A, 0xC6, 0x06, 0xF6, 0x0C, 0x6C, 0xC3, 0xC9, 0x0D, 0xAC, 0x80, 0x09, 0x0D, 0xEC, 0x40, 0x46,
    0xB0, 0xF9, 0xDC, 0x70, 0x36, 0xC0, 0x5F, 0xCD, 0x99, 0xB0, 0x0F, 0x0D, 0x31, 0xB0, 0x00, 0x2E,
    0x8C, 0xD6, 0x6F, 0xD2, 0x63, 0x06, 0x25, 0x86, 0xBD, 0x15, 0x82, 0x48, 0xF8, 0xB9, 0x9C, 0xA7,
    0x9C, 0xF2, 0xF0, 0x6F, 0xF0, 0xC1, 0x9D, 0x64, 0x15, 0x4D, 0xB9, 0x3E, 0x5A, 0xD9, 0x69, 0x1C,
    0x42, 0x69, 0xA6, 0xA3, 0x9C, 0x5B, 0xE9, 0x6C, 0x51, 0xD0, 0x60, 0xA4, 0x71, 0x00, 0x42, 0x61,
    0xA3, 0x29, 0x2A, 0xA3, 0x9C, 0x9B, 0xE8, 0xEF, 0x70, 0xEB, 0xCA, 0x2C, 0x34, 0x8C, 0x53, 0x81,
    0x34, 0x1A, 0x68, 0x60, 0x05, 0xD2, 0xCC, 0x3E, 0x83, 0x58, 0x2D, 0x86, 0x05, 0x33, 0xCF, 0x8F,
    0x7D, 0x9A, 0xD2, 0xC7, 0xB2, 0x15, 0x69, 0x9D, 0x33, 0x65, 0x9C, 0x29, 0x32, 0x1A, 0x6D, 0xF3,
    0xAD, 0x1E, 0xDC, 0x1A, 0x6C, 0x55, 0x02, 0xA6, 0x39, 0x33, 0xEC, 0xAF, 0x49, 0xDF, 0x0A, 0xCF,
    0xF7, 0x1B, 0x4A, 0xB0, 0x35, 0xCC, 0x72, 0x6B, 0x58, 0xE5, 0xA3, 0x63, 0x46, 0xD9, 0xB4, 0xC9,
    0xD6, 0xBA, 0xA5, 0x4A, 0x0A, 0x89, 0x5D, 0x2B, 0x12, 0x5F, 0xC6, 0xCF, 0x92, 0xF8, 0x9A, 0xD1,
    0x50, 0x10, 0x50, 0x5D, 0x89, 0x23, 0x62, 0x04, 0xC3, 0x9C, 0xC2, 0xE7, 0xD1, 0x73, 0x88, 0x8F,
    0x7D, 0xA5, 0xB5, 0x3C, 0x93, 0x12, 0xE0, 0x18, 0x28, 0x81, 0x8D, 0x81, 0x12, 0xD0, 0xD8, 0xAB,
    0x24, 0x32, 0xF6, 0x2A, 0x09, 0x8C, 0xBD, 0x4A, 0xE1, 0xE2, 0x4A, 0xC2, 0x62, 0xAF, 0x92, 0xA8,
    0x78, 0xA1, 0x52, 0xA0, 0xB8, 0x54, 0x98, 0x38, 0x97, 0x90, 0xB8, 0x9F, 0x84, 0x88, 0x6F, 0x58,
    0x05, 0x07, 0xAE, 0x93, 0x56, 0x53, 0x2C, 0x33, 0x90, 0x70, 0x66, 0x00, 0x61, 0x46, 0x4B, 0x1C,
    0x4C, 0x34, 0x0C, 0x66, 0xA3, 0x22, 0x50, 0x30, 0xD2, 0x02, 0x04, 0x33, 0x5A, 0x62, 0x60, 0xD0,
    0xAA, 0x0A, 0x02, 0x43, 0xF7, 0x15, 0x02, 0xA6, 0xCB, 0x26, 0x00, 0x8E, 0x15, 0xFE, 0xBD, 0x48,
    0x53, 0x05, 0x7F, 0xCF, 0x50, 0x62, 0xA2, 0xDF, 0xF5, 0x74, 0xC7, 0x44, 0xBE, 0x26, 0xF0, 0xBD,
    0xDC, 0x29, 0x36, 0x2A, 0x23, 0xEB, 0xA0, 0x26, 0xCA, 0x08, 0x2A, 0x6E, 0x9C, 0xAF, 0x30, 0xF2,
    0xC8, 0xE1, 0xA0, 0x05, 0x0A, 0x15, 0x37, 0xF0, 0x09, 0x28, 0x54, 0xDC, 0xA0, 0xB4, 0x52, 0xE6,
    0x3C, 0xB4, 0x80, 0x6D, 0x73, 0xA4, 0xC2, 0xD6, 0xAD, 0x83, 0x12, 0xE6, 0x16, 0x28, 0x6E, 0xBF,
    0xF1, 0x41, 0x6A, 0x50, 0x71, 0x2F, 0xF4, 0x7E, 0x8F, 0x32, 0x72, 0x91, 0x73, 0xAE, 0x64, 0x8A,
    0x1B, 0xE5, 0x24, 0x47, 0xC5, 0xDD, 0x79, 0x7D, 0x28, 0x3B, 0x74, 0x40, 0xD8, 0x51, 0x9C, 0xD2,
    0x28, 0x35, 0xD2, 0x64, 0x10, 0xAF, 0x27, 0xD2, 0x68, 0x00, 0xD7, 0x53, 0x69, 0x36, 0x60, 0x34,
    0x0A, 0x69, 0x38, 0x08, 0x0D, 0x4A, 0x6D, 0x3A, 0xBC, 0x4A, 0x1A, 0x0F, 0x17, 0xE6, 0xBA, 0x34,
    0x1F, 0x0B, 0xF4, 0x44, 0xA5, 0x0C, 0x88, 0x6C, 0x09, 0x9A, 0x10, 0xD1, 0x16, 0x34, 0x22, 0xFD,
    0x74, 0xBF, 0x3A, 0xF0, 0x98, 0x31, 0xE8, 0x30, 0x9D, 0x0C, 0x9C, 0x3D, 0x53, 0xDF, 0xF1, 0x79,
    0xC6, 0xA6, 0xA2, 0x98, 0x69, 0xF8, 0x2A, 0xE7, 0x1A, 0xB4, 0x9F, 0xC8, 0xD9, 0x06, 0xAF, 0xA9,
    0x9C, 0x6F, 0x4E, 0x8B, 0xFC, 0x14, 0x33, 0xAE, 0x0E, 0x72, 0x39, 0xE7, 0xE0, 0x35, 0x97, 0xB3,
    0x2E, 0xE9, 0xB3, 0x5C, 0x3B, 0xA3, 0xD0, 0x7E, 0xE5, 0x8D, 0x52, 0x22, 0xE7, 0x5E, 0x3B, 0xDB,
    0x8C, 0xCF, 0x3E, 0x39, 0xB0, 0x1A, 0xAA, 0xE0, 0xE0, 0x6A, 0xB0, 0x82, 0x03, 0xAC, 0xE1, 0x0A,
    0x0E, 0xB2, 0x06, 0x2C, 0x38, 0xD0, 0x1A, 0xB2, 0xE0, 0x60, 0x6B, 0xD0, 0x82, 0x03, 0xAE, 0x61,
    0x0B, 0x0E, 0x7A, 0x6C, 0x00, 0x17, 0xE0, 0xB6, 0x86, 0x2E, 0x70, 0xB2, 0x52, 0xE0, 0x05, 0x05,
    0xA0, 0x30, 0xE0, 0xCB, 0x81, 0x21, 0x80, 0x19, 0x42, 0x98, 0x21, 0x88, 0x19, 0x81, 0x31, 0xEB,
    0x03, 0x8F, 0xE3, 0x10, 0x72, 0x08, 0x1C, 0x47, 0x8F, 0x06, 0x40, 0x72, 0x4B, 0x4B, 0x27, 0x51,
    0x40, 0x47, 0xF4, 0x23, 0x9F, 0x4C, 0x4B, 0xB8, 0xB3, 0x15, 0xA5, 0xD3, 0x7C, 0x6C, 0x5F, 0xCD,
    0x7D, 0x35, 0xE8, 0x9B, 0x8D, 0xFF, 0x31, 0x4E, 0x3B, 0x06, 0x5A, 0x77, 0xEA, 0xC9, 0xE7, 0x49,
    0x7C, 0x69, 0x56, 0xBE, 0xAB, 0x34, 0xD1, 0xC8, 0xC3, 0x33, 0x24, 0xDC, 0x88, 0xAE, 0x0D, 0xCE,
    0x5B, 0x6B, 0xF0, 0x67, 0xCB, 0xC9, 0x8F, 0x39, 0xFE, 0x66, 0x9F, 0x56, 0xF1, 0xE2, 0xD6, 0x1A,
    0xFF, 0x77, 0xDD, 0x7C, 0x97, 0x8F, 0xC3, 0x06, 0xAD, 0xD5, 0x2C, 0xE8, 0xD2, 0x58, 0x19, 0x07,
    0x8B, 0xF9, 0x53, 0xDC, 0x34, 0x60, 0x64, 0x4B, 0x1A, 0x06, 0xD0, 0xBE, 0xCA, 0x2C, 0x04, 0xCF,
    0xD2, 0x5C, 0x1A, 0x05, 0xA0, 0x95, 0xFD, 0xF7, 0x9F, 0x7F, 0xAB, 0x91, 0x06, 0xC1, 0xA7, 0xAF,
    0xB6, 0xD2, 0x1C, 0xCC, 0xD3, 0x67, 0x5A, 0x85, 0x02, 0xC0, 0x7D, 0x55, 0x38, 0x00, 0x9D, 0x39,
    0x89, 0x04, 0x3E, 0x26, 0xE1, 0xDC, 0x81, 0x8D, 0x93, 0x79, 0xE3, 0x5F, 0x6D, 0xD3, 0x73, 0xEF,
    0x85, 0xEC, 0x5A, 0x68, 0x8A, 0x72, 0x2E, 0xBB, 0x51, 0x0D, 0x7D, 0xAC, 0x98, 0x0C, 0x13, 0xE8,
    0x77, 0x78, 0xBE, 0x63, 0x32, 0x0C, 0x92, 0x47, 0x22, 0x9F, 0xC6, 0x28, 0xC3, 0x6E, 0x9D, 0xC5,
    0x91, 0x47, 0x99, 0x0C, 0xFB, 0x65, 0x94, 0x47, 0x1F, 0x3F, 0xCB, 0x50, 0x71, 0x58, 0x86, 0x45,
    0x48, 0x9F, 0x67, 0xB8, 0x38, 0xEB, 0x42, 0x18, 0xDF, 0x7B, 0x2A, 0xAA, 0x1F, 0x2C, 0x5E, 0xDC,
    0x71, 0xFC, 0x58, 0xA2, 0x0C, 0xD7, 0x41, 0x9B, 0xF4, 0x01, 0x3A, 0xAD, 0xFB, 0x87, 0xA1, 0x09,
    0x6C, 0xD6, 0x84, 0x81, 0xD4, 0xBE, 0x81, 0x3E, 0x67, 0x4D, 0x9A, 0x96, 0x8B, 0x2A, 0xF8, 0x5D,
    0x8E, 0xE3, 0x7B, 0x57, 0xE1, 0x7B, 0xA7, 0x56, 0x33, 0xB2, 0x91, 0xF3, 0xD1, 0x69, 0xE4, 0x6C,
    0x84, 0xF7, 0xC4, 0x5C, 0x9C, 0xAF, 0xD5, 0x4C, 0xD4, 0x31, 0xEF, 0xE2, 0x92, 0xF8, 0x9E, 0xEC,
    0x98, 0x2C, 0x62, 0x56, 0x37, 0xF9, 0xBC, 0xFC, 0x7F, 0x26, 0x7E, 0x26, 0x32, 0x31, 0x71, 0xC9,
    0xA2, 0x81, 0x4A, 0x3A, 0x8D, 0x49, 0xAC, 0x56, 0x23, 0x12, 0x74, 0xE8, 0x26, 0x06, 0x51, 0xE8,
    0xA3, 0x06, 0x16, 0xE9, 0x35, 0x12, 0x39, 0x4F, 0x8D, 0x20, 0x4A, 0xB7, 0xA9, 0x81, 0xAB, 0xEF,
    0x19, 0x34, 0x35, 0xE8, 0xA7, 0x46, 0xFD, 0xA2, 0x03, 0x42, 0xE3, 0x10, 0xE5, 0xD3, 0xF2, 0x9E,
    0x72, 0xA7, 0x16, 0xBD, 0x74, 0xE9, 0xD5, 0xA2, 0x23, 0x21, 0xDD, 0x5A, 0x02, 0x2D, 0x91, 0x7E,
    0x2D, 0xD2, 0xD2, 0xB1, 0xB5, 0x98, 0x92, 0x92, 0x9E, 0xED, 0xA3, 0x44, 0xBB, 0xB6, 0x34, 0xD6,
    0xBE, 0x2D, 0xD0, 0xD2, 0xB9, 0xBD, 0x8B, 0x12, 0xC3, 0xBB, 0x1D, 0x8F, 0x2D, 0x0B, 0x8D, 0x93,
    0x18, 0x82, 0xC8, 0x0C, 0xB2, 0x5F, 0x68, 0x17, 0xD7, 0x4D, 0xAF, 0x2C, 0xB6, 0x7C, 0x95, 0x4B,
    0xFF, 0x48, 0xC7, 0x34, 0x5E, 0xD1, 0xD4, 0xCD, 0xEF, 0xFE, 0xF9, 0x32, 0x63, 0xCC, 0x17, 0xAE,
    0xAE, 0xF9, 0x7C, 0x11, 0x92, 0xC0, 0xE6, 0xCB, 0xA8, 0xBA, 0x5E, 0x0D, 0xC2, 0x35, 0x6B, 0x40,
    0x38, 0x13, 0xAB, 0x84, 0xC6, 0x3F, 0xC3, 0x00, 0x49, 0xCD, 0xCA, 0xD4, 0x78, 0x23, 0xAF, 0x97,
    0xA4, 0x32, 0xF8, 0x8A, 0x83, 0xEF, 0xD6, 0x9C, 0x0F, 0x38, 0xFC, 0x5E, 0xCD, 0xF9, 0x80, 0x02,
    0xB0, 0xA0, 0x82, 0xAF, 0xCC, 0x62, 0x71, 0x3E, 0xE0, 0x61, 0xC6, 0x83, 0xAF, 0x28, 0x06, 0x4D,
    0xD0, 0x08, 0x3E, 0xEC, 0xDF, 0x72, 0x01, 0xEF, 0xF7, 0x3C, 0x3F, 0x0F, 0xE8, 0xF9, 0x29, 0xF2,
    0x74, 0x52, 0x97, 0x62, 0x9E, 0x0E, 0xDF, 0x96, 0x79, 0x3A, 0xD4, 0x99, 0x32, 0x4F, 0x87, 0xD3,
    0x45, 0xE6, 0xE9, 0x70, 0x0A, 0xCA, 0x3C, 0x9D, 0xD3, 0x11, 0x95, 0xA7, 0x9B, 0x57, 0xBA, 0x94,
    0x3D, 0x88, 0xCA, 0xD3, 0x9D, 0xE5, 0xBA, 0x14, 0xF3, 0x74, 0xBD, 0x2D, 0x75, 0xE9, 0xEA, 0x79,
    0xBA, 0xED, 0x33, 0x9A, 0xC6, 0x6C, 0xB0, 0x54, 0x11, 0x8C, 0x16, 0x23, 0xBA, 0x7B, 0xE6, 0x0A,
    0x74, 0xE9, 0xA2, 0xC4, 0x38, 0x7E, 0x25, 0x11, 0x0E, 0xD7, 0x87, 0x88, 0x6F, 0xDC, 0x5A, 0xA2,
    0x1B, 0xAE, 0x0F, 0x11, 0xDB, 0x70, 0x7D, 0x88, 0xC8, 0x86, 0xEB, 0x43, 0xC4, 0x35, 0x5C, 0x1F,
    0x22, 0xAA, 0x91, 0xFA, 0x70, 0x80, 0x68, 0x0A, 0x85, 0x67, 0xC8, 0x24, 0x34, 0x23, 0x1F, 0xC7,
    0x25, 0xF2, 0xB4, 0x1B, 0x39, 0xA4, 0xF6, 0x8A, 0x52, 0x6B, 0xC7, 0x97, 0x36, 0x15, 0xC6, 0x6F,
    0x69, 0x5C, 0x71, 0x5C, 0xCB, 0x33, 0xCC, 0x23, 0x25, 0xCF, 0xE8, 0xBA, 0x4A, 0x79, 0xB6, 0xCA,
    0x4D, 0xD0, 0x0F, 0xE6, 0xC3, 0x79, 0xD1, 0xE4, 0xF6, 0x6B, 0x26, 0xBB, 0x7F, 0x5A, 0x69, 0x3E,
    0x5A, 0x71, 0x3C, 0xCE, 0x48, 0xCE, 0xC9, 0x03, 0x66, 0xE0, 0x48, 0x0B, 0x3B, 0xB8, 0x44, 0xF0,
    0xA6, 0x62, 0x26, 0xE1, 0x36, 0x80, 0x73, 0xD3, 0xEE, 0x89, 0x66, 0xE7, 0x21, 0xFA, 0x12, 0x31,
    0x63, 0x46, 0xB1, 0x66, 0xE8, 0x59, 0x9A, 0x6A, 0x8E, 0xC2, 0xB4, 0x32, 0x59, 0x3A, 0x8C, 0x17,
    0x99, 0xC6, 0x67, 0x60, 0x7D, 0x86, 0xE6, 0x67, 0xB2, 0xFD, 0x59, 0x23, 0x50, 0x34, 0x88, 0x0C,
    0x0D, 0x0E, 0xD6, 0xE4, 0xEE, 0x35, 0xF6, 0x9A, 0xF3, 0xD4, 0x9C, 0xD8, 0x83, 0x99, 0x3D, 0x9C,
    0xDA, 0x2C, 0xF9, 0xF3, 0x6E, 0xE2, 0xDB, 0xA4, 0x20, 0xA6, 0xFD, 0x8E, 0xEA, 0x58, 0xAE, 0x54,
    0x2C, 0xAF, 0x8D, 0xC2, 0x86, 0x8C, 0x82, 0xFF, 0x31, 0xCD, 0xD8, 0x60, 0xA0, 0x71, 0x73, 0x85,
    0xA0, 0x2C, 0x6B, 0x32, 0x82, 0x92, 0x16, 0x07, 0x4D, 0xAF, 0xD5, 0x6A, 0x04, 0x65, 0xB7, 0x1A,
    0x41, 0x39, 0xAD, 0x46, 0x50, 0x6E, 0x6B, 0x20, 0x28, 0x65, 0x71, 0xA8, 0xB6, 0x38, 0x78, 0x78,
    0x82, 0x2A, 0x04, 0xD5, 0x29, 0x8B, 0xB3, 0x05, 0x11, 0xE9, 0x7B, 0x95, 0x87, 0x32, 0x58, 0xAA,
    0x7A, 0x13, 0xE9, 0x19, 0x22, 0x03, 0xA6, 0xAA, 0x47, 0xE8, 0xA0, 0xEA, 0x3E, 0xA1, 0x93, 0xAA,
    0x7B, 0x85, 0x8E, 0xAA, 0xEE, 0x17, 0xAB, 0x50, 0x54, 0x3D, 0x43, 0x87, 0x35, 0x36, 0xFA, 0x76,
    0x5E, 0x66, 0x5D, 0x84, 0xE3, 0x5A, 0xA9, 0xFE, 0xA1, 0xF3, 0x5A, 0x98, 0x3D, 0x5C, 0x3D, 0xEB,
    0xB2, 0x7D, 0xD0, 0x4F, 0xC4, 0xA7, 0xBA, 0xA7, 0x0C, 0xAD, 0xAA, 0xBE, 0xDE, 0xBC, 0x49, 0x59,
    0x97, 0x91, 0x50, 0xAC, 0x50, 0x2F, 0xBE, 0xE4, 0xBC, 0x0A, 0xC6, 0x4A, 0xF5, 0xC2, 0xA2, 0xB1,
    0x4A, 0xBD, 0x80, 0x56, 0xD1, 0xEA, 0x85, 0x04, 0x9D, 0x52, 0x2F, 0x18, 0x90, 0x55, 0xEA, 0xE5,
    0x60, 0x46, 0xCD, 0x7C, 0x55, 0x4D, 0x8C, 0x4A, 0x9B, 0x98, 0x28, 0xF5, 0x82, 0xF7, 0x5C, 0x8F,
    0x7A, 0xB1, 0x53, 0x83, 0x67, 0x7E, 0x61, 0xB0, 0x0C, 0xC3, 0xED, 0x8A, 0x63, 0x4E, 0xFA, 0x9E,
    0x14, 0x8F, 0x11, 0xC8, 0xEE, 0x8C, 0x40, 0xDB, 0x81, 0x29, 0x1A, 0xB3, 0x46, 0xEB, 0x83, 0xFC,
    0xAB, 0xC1, 0x7F, 0xD3, 0x38, 0x99, 0x35, 0x5A, 0x78, 0x55, 0xB3, 0x4E, 0x8B, 0xB4, 0xA4, 0xB5,
    0x1B, 0xD3, 0x1D, 0xB0, 0xF0, 0xD8, 0x70, 0x09, 0xEC, 0x11, 0xB7, 0x00, 0x7E, 0x3A, 0xB3, 0x6E,
    0x6B, 0xBE, 0x3F, 0x34, 0x70, 0x0F, 0xE8, 0xD0, 0x45, 0xA0, 0xCC, 0x57, 0x34, 0xDC, 0x04, 0x70,
    0x2A, 0xDD, 0x81, 0xAB, 0x30, 0xCE, 0xF5, 0xD1, 0x64, 0xE8, 0x68, 0x3A, 0x74, 0x2C, 0x21, 0x3A,
    0x59, 0x99, 0x0B, 0x7E, 0x58, 0x59, 0x3A, 0xE0, 0x87, 0x0A, 0x35, 0x0A, 0x7E, 0x24, 0x72, 0x16,
    0x21, 0x3F, 0xEC, 0xC6, 0xA6, 0xE7, 0x0C, 0xF7, 0x08, 0xBC, 0x44, 0x8C, 0x33, 0xEA, 0xFA, 0xB5,
    0x3A, 0xA8, 0xE0, 0x58, 0xF1, 0xC3, 0xAD, 0x23, 0xF4, 0xA9, 0x75, 0x42, 0xB8, 0xA3, 0xF1, 0xEC,
    0xA0, 0x96, 0xCD, 0x08, 0x01, 0x20, 0x3F, 0x98, 0x2F, 0xDD, 0xE9, 0xB4, 0xB0, 0x0B, 0x3D, 0x99,
    0x6F, 0x0D, 0x7E, 0xEC, 0x9C, 0x8B, 0x37, 0x89, 0x1F, 0xEB, 0x57, 0x59, 0xA3, 0x6A, 0x6A, 0xFC,
    0x78, 0x6D, 0x47, 0x40, 0x3D, 0xEA, 0x11, 0x0B, 0xD1, 0x5C, 0xFA, 0xFD, 0x99, 0x99, 0xE1, 0x71,
    0xF0, 0xF8, 0xF0, 0x4E, 0xFE, 0xE3, 0xC3, 0x96, 0x5A, 0x53, 0xD7, 0xE4, 0xFF, 0x37, 0x3B, 0xDE,
    0x3B, 0x46, 0x8E, 0xDB, 0x91, 0xE3, 0xD1, 0xDC, 0x5E, 0xB7, 0xC6, 0xE7, 0xD7, 0xD0, 0x6F, 0xD7,
    0xE6, 0xF3, 0xAF, 0x71, 0x7C, 0xDF, 0xB3, 0xB5, 0xC4, 0x97, 0x13, 0xD6, 0xDF, 0x20, 0xE7, 0x61,
    0xCA, 0xF4, 0x79, 0x8B, 0x2B, 0xA0, 0xCB, 0x09, 0x34, 0x46, 0x48, 0x4B, 0x8D, 0xBF, 0x14, 0x0D,
    0xE8, 0x4B, 0xD2, 0x88, 0xBD, 0x24, 0x8D, 0xC8, 0x0B, 0x68, 0x85, 0xBB, 0x30, 0xBA, 0x2A, 0x51,
    0x97, 0x2C, 0x84, 0x62, 0xCE, 0x46, 0x67, 0x22, 0xAE, 0x4A, 0xE3, 0x2D, 0x03, 0x6D, 0x35, 0x61,
    0xB9, 0x25, 0x1D, 0xB6, 0x81, 0xDD, 0xD8, 0xEA, 0x1E, 0xFD, 0xCC, 0xB4, 0xC1, 0xA1, 0xF0, 0xF1,
    0x5C, 0xB3, 0x08, 0x0F, 0x14, 0x8F, 0x66, 0xBC, 0x78, 0x33, 0xE2, 0x2A, 0x57, 0x0F, 0xAB, 0x66,
    0x4C, 0x56, 0xC1, 0x04, 0xD6, 0xAC, 0x82, 0x5B, 0x6B, 0x56, 0x79, 0x9B, 0xC6, 0xAA, 0x4B, 0x25,
    0x97, 0xB6, 0x82, 0x5B, 0x7F, 0xE3, 0x2E, 0x2D, 0x47, 0x49, 0xA4, 0xC5, 0x08, 0x68, 0x25, 0x45,
    0xB7, 0xEE, 0xD9, 0x60, 0xED, 0x26, 0x72, 0x34, 0x06, 0x57, 0xA2, 0xDA, 0xE4, 0x8B, 0x72, 0x68,
    0x65, 0xBE, 0x46, 0xF3, 0x06, 0x73, 0x36, 0x86, 0x1E, 0x2A, 0xC1, 0x4E, 0x2B, 0xFE, 0x60, 0xEE,
    0x46, 0x73, 0x08, 0xF3, 0x37, 0xC4, 0xE0, 0x11, 0x65, 0x8B, 0xF5, 0x38, 0x97, 0x30, 0x8F, 0x93,
    0x2B, 0x3E, 0x61, 0x2E, 0x27, 0xD5, 0x9C, 0x42, 0x63, 0xB7, 0x75, 0x8B, 0x32, 0x57, 0x89, 0xB7,
    0xBF, 0x60, 0x68, 0x79, 0xF7, 0x0D, 0xB3, 0x08, 0xF0, 0xA7, 0x83, 0xF4, 0xD1, 0xFA, 0x9C, 0xC9,
    0xCC, 0x48, 0x8D, 0x3A, 0xB4, 0x32, 0x0C, 0x05, 0x6D, 0xF4, 0x38, 0x05, 0xAF, 0xB5, 0x7A, 0x98,
    0xC2, 0xA7, 0x3B, 0x3D, 0x4A, 0x51, 0xDA, 0xE9, 0x41, 0x0A, 0x9F, 0x31, 0x64, 0xD8, 0x3F, 0xD7,
    0xE8, 0x21, 0x9A, 0xA7, 0x2B, 0x66, 0x8A, 0x54, 0x1A, 0xE9, 0x44, 0xA0, 0x2B, 0xE5, 0x9F, 0x7F,
    0x8D, 0xD6, 0x03, 0xF7, 0x7C, 0x4B, 0xC6, 0x9A, 0xAF, 0x55, 0x02, 0x6D, 0x62, 0xFC, 0xD4, 0xF9,
    0x49, 0x35, 0x41, 0xBA, 0x9D, 0x37, 0xAA, 0x35, 0x24, 0xDB, 0x58, 0xDE, 0xB4, 0xDA, 0xE2, 0x69,
    0x59, 0x05, 0xE8, 0xBF, 0xD0, 0xCA, 0x22, 0xC0, 0x20, 0xEF, 0x64, 0x0D, 0x60, 0x98, 0xF7, 0xB2,
    0x04, 0x30, 0x64, 0xA7, 0x58, 0x05, 0x20, 0x0B, 0xC0, 0x89, 0x05, 0x00, 0xB4, 0x53, 0x05, 0xE1,
    0x07, 0x55, 0xF9, 0x1F, 0x5B, 0x3C, 0x7D, 0x51, 0xA5, 0x8E, 0x55, 0xF1, 0x5F, 0x21, 0x6B, 0xFF,
    0xE8, 0x8A, 0x91, 0xB4, 0x9F, 0x80, 0xF9, 0xAE, 0x6C, 0x3D, 0xC3, 0x6F, 0x7C, 0xCD, 0x0B, 0xF9,
    0x9D, 0x45, 0xAD, 0x41, 0x6C, 0xA5, 0xCF, 0x99, 0x06, 0xE9, 0x8D, 0x48, 0xDF, 0x4B, 0x54, 0x6B,
    0x90, 0x48, 0x2C, 0xA6, 0x66, 0x1A, 0x24, 0xAC, 0x32, 0xAD, 0x41, 0xBC, 0xBE, 0xD3, 0x1A, 0x04,
    0xAF, 0xA6, 0x34, 0xC8, 0x21, 0xFA, 0xF6, 0x40, 0x83, 0xB4, 0xA6, 0x06, 0xE9, 0x94, 0x06, 0xE9,
    0xE3, 0x85, 0xF6, 0xEA, 0xD0, 0x20, 0x83, 0x7A, 0x55, 0xD3, 0x5D, 0x62, 0xC1, 0x5D, 0xF5, 0x86,
    0xE9, 0x36, 0x0E, 0x96, 0x02, 0x66, 0xE6, 0x47, 0xF4, 0x6A, 0x06, 0x18, 0x85, 0x2C, 0x37, 0x03,
    0xAE, 0x95, 0x61, 0x6F, 0x3D, 0xD3, 0xDC, 0xDA, 0xBD, 0x61, 0x6D, 0x09, 0x35, 0x8C, 0x2D, 0x31,
    0x6D, 0x2D, 0x09, 0x0D, 0xD8, 0x3F, 0x97, 0xF4, 0x26, 0xEE, 0x1F, 0x00, 0xFF, 0xAC, 0xD6, 0x7A,
    0xBC, 0x09, 0xAA, 0xAB, 0x62, 0x14, 0xE2, 0xF1, 0x58, 0xAD, 0x9E, 0x5D, 0x86, 0x3F, 0x3B, 0x49,
    0xE5, 0x1C, 0x56, 0x8B, 0x40, 0x6B, 0xB5, 0x08, 0xB4, 0x95, 0x41, 0x7B, 0xBB, 0x95, 0x11, 0x7B,
    0x4B, 0x2D, 0x02, 0x45, 0xA5, 0xCE, 0x63, 0xF5, 0xA4, 0x93, 0x81, 0x7A, 0xAB, 0x53, 0x8B, 0x40,
    0x5B, 0x55, 0x35, 0xDD, 0x4E, 0x58, 0x04, 0xBA, 0xBA, 0xCE, 0xD4, 0xB5, 0xD2, 0xBA, 0x84, 0x50,
    0x53, 0x06, 0xD8, 0x8D, 0x57, 0x0F, 0x4E, 0x0F, 0x43, 0xD3, 0x23, 0x81, 0xE9, 0x75, 0x87, 0xA5,
    0xAF, 0xAD, 0xC1, 0xD9, 0x00, 0xB8, 0xF7, 0xEE, 0xB1, 0x0C, 0x2A, 0x8F, 0x62, 0x64, 0x4D, 0x46,
    0xA8, 0x91, 0xD4, 0x9A, 0xB1, 0x80, 0xD2, 0x0C, 0x97, 0x86, 0x9D, 0x31, 0x2A, 0x8D, 0x31, 0x5E,
    0x9A, 0x7D, 0x91, 0xE1, 0x70, 0x25, 0xB9, 0x34, 0xB7, 0xFB, 0x49, 0x84, 0x5C, 0x12, 0x35, 0x72,
    0x41, 0x43, 0x54, 0x8D, 0x9C, 0xDB, 0xE9, 0x1A, 0x39, 0x0B, 0x74, 0x9F, 0xAA, 0x91, 0x83, 0x0F,
    0xCB, 0x1A, 0x39, 0x82, 0x32, 0x28, 0x6A, 0xE4, 0x88, 0x5F, 0xAB, 0x1A, 0xB9, 0xB9, 0x85, 0xDE,
    0xDC, 0xCB, 0xA2, 0xD1, 0x7B, 0x59, 0x64, 0xAD, 0xDA, 0xCB, 0xA2, 0xF3, 0xEA, 0x6B, 0x7B, 0x59,
    0x6C, 0xFE, 0xB2, 0x64, 0xAE, 0xFC, 0x8C, 0xAA, 0x6D, 0xA3, 0x68, 0xDB, 0xA8, 0xD9, 0xBE, 0xAC,
    0xBD, 0x2C, 0x06, 0x0A, 0x72, 0x18, 0x67, 0x53, 0x4B, 0x75, 0xE1, 0xBC, 0x4A, 0x69, 0x5A, 0xB1,
    0x5E, 0x0D, 0x4F, 0x88, 0x5E, 0x0D, 0x4F, 0x88, 0x5E, 0x0D, 0xCF, 0x66, 0xB7, 0x58, 0x0D, 0xEF,
    0x95, 0x7A, 0x35, 0x3C, 0xCE, 0x66, 0xB9, 0x1A, 0x5E, 0xEE, 0x56, 0x83, 0xAB, 0xE1, 0x41, 0x04,
    0x8D, 0xD5, 0xF0, 0xB1, 0xB1, 0x1A, 0xBE, 0x32, 0x56, 0xC3, 0xD7, 0x6C, 0xA9, 0x2E, 0x5B, 0x0D,
    0x1F, 0x56, 0xA6, 0x48, 0x8D, 0x2F, 0xCF, 0xDD, 0xE4, 0xD5, 0xF0, 0x83, 0x74, 0xF6, 0x30, 0x9F,
    0x3D, 0x4C, 0x68, 0x8F, 0x66, 0xB4, 0xA5, 0x8D, 0x1C, 0xE4, 0xB4, 0xC9, 0x20, 0xA9, 0x4D, 0xCC,
    0xAC, 0xF6, 0x8A, 0x19, 0xF3, 0xBD, 0x08, 0x6E, 0xA3, 0x8E, 0xFA, 0xEE, 0x03, 0xF7, 0xD2, 0x48,
    0x6C, 0x87, 0xF5, 0x30, 0xFB, 0xB2, 0x9A, 0x09, 0x40, 0x51, 0x32, 0x92, 0xDB, 0xB9, 0x69, 0x02,
    0x98, 0x6C, 0xA9, 0xBE, 0x7A, 0xF1, 0x26, 0x9A, 0x80, 0xAB, 0x94, 0x83, 0x33, 0x03, 0x23, 0x2A,
    0xD7, 0x31, 0x0D, 0x8B, 0xE7, 0xD6, 0x5B, 0x9C, 0xB8, 0x01, 0x1C, 0xBC, 0x0A, 0x61, 0xC8, 0x16,
    0xE2, 0x20, 0x7B, 0x6C, 0x33, 0x0F, 0x22, 0xB2, 0x8A, 0xD1, 0x1A, 0xBE, 0xB3, 0x6D, 0x7D, 0x10,
    0xE9, 0x5A, 0xD4, 0xE9, 0x8A, 0x22, 0xF1, 0xD7, 0x6A, 0xBD, 0x8D, 0xC7, 0xFE, 0x49, 0x4E, 0x8C,
    0x76, 0x8E, 0x0D, 0x07, 0x3A, 0xD2, 0xA3, 0x65, 0xE0, 0x7C, 0xAA, 0xC3, 0xD4, 0xC6, 0x6A, 0xC9,
    0x48, 0x2F, 0x96, 0xF4, 0x5B, 0x15, 0x9D, 0x76, 0x7A, 0x1D, 0x9A, 0xA6, 0xB1, 0x8A, 0x4B, 0x47,
    0xA9, 0x0E, 0x4A, 0xE7, 0x32, 0x22, 0x3D, 0x27, 0x97, 0xFA, 0x72, 0x44, 0xA3, 0x56, 0x49, 0x12,
    0x19, 0x88, 0x06, 0x34, 0x30, 0x69, 0x55, 0xC1, 0x94, 0x71, 0x98, 0x35, 0xAA, 0x84, 0x8A, 0x85,
    0xB2, 0x24, 0x90, 0x47, 0x5A, 0x40, 0x79, 0xC0, 0xA5, 0xAA, 0x78, 0x0A, 0x41, 0x84, 0xDA, 0xF5,
    0xAF, 0xD0, 0x85, 0x53, 0x7E, 0x65, 0xAB, 0xB2, 0x29, 0xB7, 0xCB, 0x62, 0x09, 0xEA, 0xEF, 0x63,
    0x50, 0x4B, 0x2D, 0x47, 0x4E, 0xF5, 0x72, 0xE4, 0x86, 0x0C, 0xF6, 0xFE, 0xDB, 0xA8, 0xE5, 0xEC,
    0x3A, 0x1D, 0x80, 0x0B, 0x80, 0x75, 0x3A, 0x00, 0x37, 0xF5, 0x53, 0xE9, 0x00, 0x10, 0x9D, 0x4A,
    0x32, 0xDC, 0x2B, 0x3C, 0x7A, 0x42, 0x2D, 0xE1, 0xF0, 0x8B, 0xB0, 0xD6, 0xCB, 0x38, 0xFC, 0x22,
    0x33, 0x96, 0x72, 0x84, 0x67, 0x00, 0xD4, 0xD7, 0x92, 0xF9, 0xD9, 0x5B, 0xAD, 0xB5, 0x60, 0x2E,
    0x53, 0xC5, 0x80, 0x9C, 0x18, 0x82, 0x8E, 0x65, 0x9A, 0xE4, 0x28, 0x80, 0xEF, 0x4E, 0x1B, 0x63,
    0x20, 0xE6, 0xE6, 0x56, 0x71, 0x7B, 0xAF, 0x55, 0x73, 0xBD, 0x0B, 0xAB, 0x59, 0xAE, 0x2D, 0x50,
    0xDC, 0xE0, 0x30, 0xFE, 0x51, 0xEE, 0x3C, 0x7C, 0x86, 0x90, 0x7F, 0x84, 0x1F, 0x0B, 0xD7, 0x69,
    0xC1, 0x99, 0x25, 0xEE, 0x86, 0x59, 0x0F, 0x5B, 0xF1, 0x36, 0xEE, 0x90, 0x79, 0x29, 0xB9, 0x99,
    0x57, 0x89, 0x42, 0x67, 0xFC, 0x63, 0xD0, 0xB4, 0xC3, 0xF6, 0xC5, 0x34, 0x72, 0x7E, 0x0A, 0x54,
    0xE5, 0x3C, 0x9B, 0xD3, 0xFC, 0x62, 0x7E, 0xFC, 0xC8, 0x92, 0xF3, 0xF2, 0xD3, 0xAF, 0x17, 0x51,
    0x5E, 0x2D, 0x1D, 0x7D, 0x83, 0xBE, 0xFC, 0xF3, 0x97, 0x92, 0x17, 0x7E, 0x55, 0x9F, 0x3A, 0x09,
    0xBE, 0xD0, 0x59, 0xE4, 0x4F, 0xB5, 0x44, 0xFE, 0x73, 0xF7, 0xCD, 0x8B, 0x4F, 0x5D, 0xFC, 0x72,
    0x2A, 0xD6, 0x58, 0x55, 0x5E, 0xBE, 0xC4, 0xC7, 0xA8, 0x8A, 0x80, 0x02, 0x67, 0xC6, 0x4E, 0xAB,
    0x53, 0x70, 0xFB, 0xC3, 0x64, 0x8F, 0x03, 0x57, 0x61, 0x8D, 0xFB, 0x88, 0x9B, 0x57, 0x77, 0x9E,
    0x54, 0xA0, 0x00, 0x15, 0x00, 0x7D, 0xAB, 0x4B, 0x4E, 0xF4, 0xA3, 0x13, 0xF6, 0x7D, 0x4A, 0x28,
    0xF7, 0x8C, 0x1B, 0x2E, 0x73, 0xAF, 0x27, 0xBA, 0x0A, 0x9D, 0x5D, 0x29, 0xED, 0x35, 0x9A, 0xCE,
    0x38, 0x4C, 0x4D, 0xB8, 0x37, 0x56, 0x70, 0xDA, 0x4F, 0x83, 0x3E, 0xE3, 0x29, 0x5D, 0x12, 0xE4,
    0x49, 0xC9, 0x43, 0x41, 0x09, 0x48, 0x14, 0x9A, 0x27, 0xCE, 0xDE, 0xE8, 0x58, 0xC7, 0x42, 0x44,
    0xD6, 0x1C, 0x5D, 0xA6, 0xE7, 0x1A, 0x0B, 0xFE, 0x7F, 0x56, 0x67, 0x4A, 0x6D, 0x26, 0x6C, 0x3D,
    0xB3, 0x4C, 0xE8, 0x7C, 0x9F, 0x01, 0x18, 0x8B, 0x8E, 0x6A, 0xD2, 0x73, 0x9D, 0x3F, 0x07, 0x68,
    0xD5, 0x0C, 0x3B, 0x9B, 0x13, 0x17, 0xC4, 0x51, 0x3B, 0xE6, 0x54, 0x3B, 0x22, 0x91, 0x41, 0xBB,
    0x06, 0x4D, 0xA6, 0xE6, 0x56, 0x53, 0x8A, 0xA2, 0x68, 0xFE, 0x06, 0x9E, 0xAA, 0x47, 0x36, 0x06,
    0x5F, 0x15, 0xC4, 0x94, 0x35, 0x64, 0x4E, 0xA6, 0x63, 0x2A, 0x2E, 0x15, 0x44, 0x40, 0x73, 0x4E,
    0x08, 0x67, 0x3C, 0x23, 0x19, 0x67, 0x45, 0x46, 0x7A, 0x57, 0xF0, 0x44, 0x11, 0x94, 0x2B, 0xA7,
    0x84, 0x64, 0x92, 0x08, 0xA9, 0xE0, 0x95, 0x35, 0x2F, 0x18, 0x35, 0x97, 0x15, 0x92, 0x4B, 0x82,
    0x45, 0x8A, 0x3F, 0x06, 0x73, 0x34, 0x67, 0xFA, 0x31, 0x9E, 0x28, 0x86, 0x28, 0x6E, 0x68, 0x56,
    0x98, 0x7C, 0x50, 0xA6, 0xB5, 0x5E, 0x07, 0x61, 0x8B, 0x39, 0x67, 0xFD, 0xA1, 0x70, 0x08, 0xBC,
    0x3F, 0x92, 0x84, 0xAC, 0x92, 0x73, 0x5F, 0x22, 0x3B, 0x65, 0xAE, 0x29, 0xE1, 0x6A, 0x62, 0x4E,
    0x12, 0x3D, 0x23, 0xAC, 0x27, 0x90, 0xB8, 0xAB, 0xC5, 0x52, 0x04, 0x4A, 0xA2, 0x7D, 0x2D, 0x6A,
    0x10, 0x4E, 0x64, 0x1D, 0xF2, 0x70, 0x5F, 0x8B, 0xB9, 0x2E, 0x46, 0x04, 0x92, 0x88, 0x0A, 0x46,
    0x3C, 0xDC, 0x46, 0xB1, 0x20, 0x80, 0xA3, 0xE2, 0xCC, 0x32, 0x23, 0x52, 0x00, 0x0C, 0x14, 0xA0,
    0x3D, 0x10, 0xC0, 0xA8, 0xC7, 0xE8, 0x99, 0x2C, 0xEE, 0x6C, 0xB1, 0x8C, 0x94, 0xAD, 0x30, 0x05,
    0x31, 0x43, 0xC2, 0x03, 0x1E, 0xD6, 0x63, 0x45, 0x81, 0xA0, 0x74, 0x8A, 0xF1, 0xA2, 0x26, 0x1D,
    0x1F, 0x0C, 0xB4, 0xA8, 0x28, 0x6E, 0x84, 0x3F, 0x1B, 0x03, 0x21, 0xB6, 0xFA, 0xB7, 0x85, 0x47,
    0x8E, 0x4B, 0x6B, 0xF3, 0x7C, 0x25, 0xF5, 0xE3, 0x97, 0x2A, 0xE1, 0x50, 0xD4, 0xC2, 0x8C, 0xBA,
    0x54, 0x1A, 0x54, 0xAF, 0x95, 0xA6, 0xD6, 0x65, 0xE5, 0x68, 0x16, 0xFB, 0x28, 0xAE, 0xFF, 0x0D,
    0x62, 0xD0, 0xE9, 0x49, 0x09, 0x14, 0x60, 0xBD, 0x96, 0x04, 0xF8, 0xD9, 0x30, 0xB7, 0x90, 0x6D,
    0xF8, 0x6E, 0x01, 0x2C, 0xB5, 0x3B, 0xA0, 0xFC, 0x0A, 0x74, 0xB9, 0xD5, 0x3B, 0xE0, 0xC6, 0x80,
    0xEB, 0xF1, 0xD8, 0x7D, 0x8C, 0xE2, 0xF9, 0x29, 0x4E, 0x01, 0xCA, 0x6A, 0xB0, 0x88, 0xED, 0x2C,
    0xD8, 0x51, 0xDC, 0x38, 0x86, 0xC8, 0x31, 0x93, 0x82, 0x2C, 0x9C, 0x78, 0xAE, 0x77, 0xB2, 0x4A,
    0x36, 0x08, 0x6C, 0x82, 0xA0, 0x6E, 0xB9, 0x24, 0x88, 0x9E, 0x1D, 0xCC, 0x2E, 0x97, 0x0E, 0xF1,
    0xCA, 0x2A, 0x26, 0x56, 0x44, 0x1A, 0xA5, 0x64, 0x7D, 0x3E, 0x97, 0xF2, 0xE5, 0x21, 0xF5, 0x5F,
    0xB9, 0x90, 0x32, 0x9B, 0xA9, 0x1F, 0x1E, 0x47, 0xF3, 0x00, 0x78, 0x31, 0xD6, 0xF3, 0xDD, 0xAD,
    0xDD, 0x65, 0x71, 0xC3, 0x61, 0xA5, 0x2F, 0x63, 0xE0, 0x70, 0xBE, 0x07, 0xF9, 0x10, 0xE2, 0x94,
    0x98, 0xB7, 0xB5, 0x58, 0xBC, 0x6C, 0x27, 0x8B, 0x63, 0x5B, 0x38, 0xDB, 0x58, 0x68, 0x36, 0xC7,
    0xCB, 0xB9, 0xB4, 0xB2, 0x51, 0xD7, 0xE1, 0x26, 0x77, 0xC0, 0x5B, 0xF0, 0x0E, 0xAD, 0x5F, 0x52,
    0x0C, 0x37, 0xB6, 0x68, 0xA2, 0xA3, 0x67, 0x5B, 0xEC, 0x65, 0x1A, 0xBE, 0xD0, 0xA2, 0x9E, 0x48,
    0xF6, 0x75, 0x38, 0x62, 0x39, 0x3A, 0x87, 0x70, 0x48, 0x63, 0x8A, 0x91, 0xB6, 0x98, 0xC6, 0xFD,
    0xF5, 0x07, 0xE9, 0xCF, 0x69, 0x49, 0x5F, 0x3A, 0x41, 0xC1, 0xD5, 0xFB, 0x65, 0x17, 0x4A, 0xE5,
    0xD7, 0x23, 0x20, 0x6F, 0xD1, 0xC4, 0xBE, 0xC5, 0xFC, 0x77, 0xA4, 0xEA, 0x59, 0x10, 0xCF, 0x3C,
    0x7B, 0x15, 0x70, 0xAF, 0x4B, 0x8B, 0xAC, 0x18, 0x89, 0xC9, 0x4F, 0x48, 0x37, 0x8F, 0xBB, 0xC4,
    0x1B, 0x7D, 0x3C, 0xF3, 0x4D, 0x63, 0x1F, 0xF1, 0x03, 0x6C, 0x07, 0x22, 0x76, 0x3C, 0xBD, 0xC2,
    0x02, 0xB1, 0xA0, 0x57, 0x52, 0x86, 0xB6, 0x13, 0xB6, 0x3F, 0x76, 0xEA, 0x5F, 0x48, 0x72, 0x3C,
    0x06, 0xBC, 0x50, 0x62, 0x48, 0x16, 0x00, 0x32, 0x1C, 0xFB, 0xB9, 0x4F, 0xB3, 0x0A, 0xE3, 0xB2,
    0x5E, 0x1B, 0xA5, 0x78, 0x1C, 0xD5, 0x5E, 0xC5, 0x62, 0xDD, 0x14, 0x27, 0x6D, 0x90, 0xA3, 0xB0,
    0xB3, 0x08, 0x2D, 0xCC, 0xD3, 0x28, 0x8F, 0x9E, 0xE9, 0x01, 0xE3, 0xB2, 0x30, 0x2D, 0xED, 0x1F,
    0xA3, 0xCB, 0xD9, 0xC5, 0xD6, 0x4A, 0x2A, 0x23, 0xEE, 0xCD, 0x74, 0x23, 0x0F, 0xD8, 0x32, 0x19,
    0xE7, 0x7B, 0x6F, 0x60, 0xD4, 0x76, 0x31, 0xA0, 0x65, 0x56, 0x86, 0xA8, 0x67, 0xCD, 0x3D, 0x37,
    0xD0, 0x94, 0x64, 0xEF, 0x90, 0x0F, 0x51, 0x3C, 0x51, 0x5A, 0x27, 0xC6, 0xC6, 0x47, 0xE3, 0xE3,
    0xA3, 0x31, 0xF2, 0x55, 0xE2, 0xBC, 0x53, 0x63, 0x33, 0x62, 0xE4, 0x1A, 0x63, 0x17, 0xDD, 0xD8,
    0x13, 0x56, 0x3A, 0x32, 0x39, 0xE4, 0x3B, 0x41, 0x2E, 0x66, 0x94, 0xEC, 0x44, 0x90, 0x07, 0xDC,
    0x5B, 0xF5, 0x4B, 0xEB, 0x34, 0x3F, 0x11, 0xD1, 0xDC, 0x01, 0x7D, 0xC4, 0x54, 0x0F, 0x3B, 0x91,
    0x65, 0x05, 0x9E, 0xF0, 0x2A, 0x8B, 0x55, 0x3D, 0x07, 0x79, 0xEF, 0x97, 0x6E, 0x85, 0x3F, 0x04,
    0x6B, 0x1C, 0xE0, 0x44, 0x8B, 0x3B, 0x18, 0xE2, 0x0F, 0x53, 0xDA, 0x24, 0x78, 0xBA, 0xFF, 0xD8,
    0x85, 0x85, 0x0E, 0x7E, 0x70, 0x23, 0x49, 0xE0, 0x77, 0xA0, 0xFC, 0xD6, 0x12, 0x4E, 0x24, 0xEC,
    0xA2, 0x2C, 0xE6, 0x9C, 0x61, 0xBA, 0x04, 0x4F, 0x84, 0x39, 0x8C, 0x2D, 0x78, 0x5A, 0x41, 0x07,
    0xEA, 0x8E, 0xA1, 0xD7, 0x58, 0x24, 0x5D, 0x08, 0x9A, 0x92, 0xA8, 0x80, 0x7F, 0x9B, 0x96, 0x51,
    0xB5, 0x04, 0x94, 0x65, 0x7F, 0xA2, 0xB7, 0x65, 0x00, 0xD9, 0x81, 0xCB, 0x82, 0x2E, 0x6C, 0x54,
    0x26, 0xC7, 0xA1, 0x58, 0x38, 0x80, 0xA2, 0x2A, 0xBA, 0xC9, 0x3C, 0x9A, 0xDD, 0xBF, 0x20, 0xE4,
    0x9B, 0x86, 0xDB, 0x38, 0x4A, 0x0D, 0x1D, 0xB0, 0x09, 0x34, 0x58, 0x39, 0x4D, 0xB7, 0x9A, 0x76,
    0x05, 0x8D, 0xDE, 0x5E, 0xD6, 0x71, 0xC7, 0x2D, 0xC4, 0x8D, 0xCE, 0x05, 0xCD, 0xB6, 0x85, 0xE2,
    0xB4, 0x83, 0x05, 0x08, 0x60, 0xF7, 0xB6, 0xC7, 0x40, 0xA3, 0x09, 0x03, 0xD3, 0xE7, 0x17, 0xC0,
    0xCB, 0x9A, 0xE1, 0x09, 0x1C, 0xA0, 0x1A, 0x41, 0x05, 0x1A, 0x40, 0xDC, 0x1D, 0xC2, 0x69, 0xAC,
    0x14, 0x6D, 0x60, 0x54, 0xB8, 0x8D, 0xDD, 0x2F, 0xC0, 0x68, 0x81, 0xBE, 0x01, 0x27, 0x6B, 0x0E,
    0x74, 0x98, 0x6D, 0x78, 0xA2, 0x68, 0x0C, 0x3B, 0x16, 0xC5, 0xEF, 0x58, 0x76, 0xAA, 0x4C, 0xB0,
    0x0A, 0xE5, 0x92, 0xFE, 0xA2, 0xB5, 0x78, 0x5C, 0x7B, 0xA2, 0xAF, 0x1B, 0x7B, 0xBE, 0x1B, 0x15,
    0x60, 0x56, 0x71, 0x7C, 0x62, 0xF2, 0x67, 0xBC, 0xC2, 0x60, 0xC2, 0xB1, 0xB3, 0x31, 0xC7, 0xF7,
    0x4B, 0x25, 0xC5, 0x13, 0x4A, 0x22, 0xAD, 0xE4, 0xC9, 0x3D, 0x35, 0xB0, 0xC8, 0xB1, 0x60, 0x29,
    0x23, 0x76, 0xBC, 0x03, 0x4C, 0x27, 0x28, 0x09, 0x54, 0x52, 0x0E, 0x6E, 0x5D, 0x9A, 0x58, 0x1D,
    0xF2, 0x1C, 0x95, 0x14, 0x5A, 0x47, 0x86, 0xDE, 0x30, 0xE4, 0xCD, 0x12, 0x72, 0x04, 0x0B, 0xF9,
    0x7B, 0xAF, 0xA2, 0x2C, 0x8D, 0xE4, 0xB4, 0xFC, 0xD8, 0x2F, 0x13, 0x96, 0x4B, 0x3A, 0x44, 0xEF,
    0xA3, 0x5F, 0xA7, 0x5F, 0xEF, 0xFC, 0x0B, 0x99, 0xB9, 0x81, 0x45, 0xEB, 0xCB, 0x4D, 0x2C, 0x04,
    0xDA, 0x77, 0xF1, 0x18, 0x94, 0x14, 0x98, 0xE0, 0x63, 0xF4, 0x11, 0x9A, 0x62, 0xA4, 0x21, 0x1B,
    0x24, 0x1E, 0xBB, 0xA1, 0x92, 0x0A, 0xDB, 0x81, 0x52, 0x0A, 0xF8, 0x1A, 0x3A, 0xC3, 0xB7, 0x2D,
    0x06, 0x4A, 0xCA, 0xEF, 0x87, 0x4A, 0x6A, 0x66, 0xFF, 0x86, 0x28, 0xA9, 0x11, 0x1B, 0x64, 0x96,
    0x7A, 0x1B, 0xF9, 0xDF, 0xD1, 0x03, 0xEF, 0xB2, 0x0F, 0x04, 0x32, 0x61, 0x07, 0x9E, 0x70, 0xE6,
    0xD9, 0x41, 0x22, 0x96, 0xEC, 0xB9, 0x95, 0xD5, 0x58, 0xF4, 0x5C, 0x2F, 0x0E, 0xEC, 0x16, 0x50,
    0x13, 0xDD, 0xC3, 0x0F, 0x9C, 0x06, 0x30, 0x5A, 0xC6, 0x3C, 0x5C, 0x0F, 0x26, 0x05, 0xEA, 0x03,
    0xE6, 0xE2, 0xCE, 0xF7, 0x0B, 0x7D, 0x96, 0xCE, 0x76, 0x13, 0xEA, 0x78, 0x32, 0x16, 0x82, 0x2A,
    0x99, 0x97, 0xDB, 0x05, 0x3D, 0xAE, 0xAA, 0x88, 0x95, 0x9B, 0x8B, 0x70, 0x79, 0xC3, 0x62, 0xB2,
    0x9F, 0xE0, 0x2F, 0x4F, 0xEC, 0xB3, 0xC8, 0x34, 0x48, 0xE0, 0x73, 0x76, 0xFC, 0x4D, 0x62, 0xDD,
    0xF2, 0xDC, 0x34, 0x9C, 0xBF, 0xED, 0x96, 0xE7, 0xFE, 0xFD, 0x13, 0x64, 0xFF, 0xB7, 0xF6, 0x3E,
    0x67, 0xFF, 0xDD, 0x3D, 0x4B, 0xDF, 0xDE, 0xFB, 0x23, 0xFB, 0xEF, 0xBF, 0xB2, 0xF7, 0x77, 0x9F,
    0x7A, 0xFA, 0xBB, 0xE7, 0xBB, 0x93, 0xE4, 0x4F, 0xF2, 0x3D, 0xB7, 0xEE, 0x8E, 0x67, 0x48, 0x71,
    0xE4, 0x3A, 0x12, 0x83, 0xCC, 0xFD, 0xCD, 0xBD, 0x6E, 0xFE, 0xB7, 0x37, 0x92, 0x5D, 0xD7, 0x6D,
    0x27, 0xC9, 0xED, 0x0E, 0x79, 0xC0, 0x3B, 0x6C, 0x9F, 0xA3, 0xF4, 0x5B, 0x80, 0xFF, 0x89, 0x83,
    0x2A, 0xDD, 0xFB, 0xE8, 0xDD, 0xB7, 0x91, 0xE3, 0xF1, 0x87, 0xFF, 0xFB, 0x18, 0xF9, 0x9F, 0xDF,
    0x3F, 0x7E, 0xBA, 0x74, 0x1F, 0xF9, 0xC1, 0x5F, 0x7E, 0xF0, 0x95, 0x13, 0x2B, 0xFD, 0x77, 0x5F,
    0xAC, 0x16, 0x99, 0xD9, 0xF9, 0xEC, 0x22, 0x99, 0x3B, 0xF4, 0x6F, 0x6E, 0x7E, 0x98, 0x3C, 0xF9,
    0xE4, 0x13, 0x46, 0x2C, 0xE2, 0x06, 0x3E, 0x75, 0xF7, 0xB2, 0xD9, 0x3C, 0x7D, 0xE3, 0x37, 0x70,
    0xE0, 0xDD, 0x9B, 0xFE, 0x55, 0xBC, 0x60, 0x5E, 0xD5, 0xBD, 0xE9, 0x1B, 0x1F, 0x7D, 0x00, 0xEE,
    0x73, 0xD3, 0x37, 0x62, 0xA7, 0x84, 0x97, 0x07, 0x53, 0x3F, 0xC6, 0x97, 0xE5, 0x0B, 0x78, 0xF2,
    0xC1, 0xFF, 0xBB, 0x3B, 0x25, 0xCE, 0x75, 0x0F, 0xFE, 0x15, 0x62, 0x80, 0xEB, 0x1E, 0xFC, 0x67,
    0x98, 0x60, 0xCE, 0xBD, 0x7F, 0x96, 0x7A, 0xB1, 0x7B, 0x0C, 0x5E, 0xDC, 0x22, 0x3A, 0x76, 0xEF,
    0x1F, 0x3C, 0x7C, 0x8A, 0xFC, 0xCB, 0xB1, 0x7B, 0x23, 0xFA, 0xD7, 0xE4, 0x3B, 0xCF, 0xDE, 0xFB,
    0x7B, 0xF9, 0x34, 0x09, 0xCF, 0xC1, 0x0B, 0xDC, 0xE1, 0x93, 0xEF, 0x63, 0x2F, 0x24, 0x7D, 0x10,
    0x25, 0x60, 0xEF, 0x4F, 0x5E, 0xC4, 0xDB, 0xDE, 0x94, 0xDC, 0xC3, 0x42, 0x1A, 0x3C, 0x82, 0xE1,
    0x2C, 0x73, 0xDE, 0x7F, 0x4A, 0x48, 0x64, 0xF0, 0x6C, 0x3D, 0x7C, 0x7D, 0xF1, 0xC2, 0x7F, 0xB0,
    0x81, 0x79, 0x91, 0xA7, 0x56, 0xF0, 0x15, 0xAE, 0x19, 0xC3, 0xEB, 0xE3, 0x25, 0xB1, 0x2B, 0xFF,
    0x7C, 0xEB, 0x2E, 0x82, 0x42, 0xE0, 0xC1, 0x7E, 0xC0, 0x20, 0xF0, 0xBA, 0x17, 0x44, 0xDA, 0x67,
    0x99, 0x63, 0xBF, 0x48, 0xDE, 0x68, 0xAD, 0xF6, 0x46, 0xFF, 0x6D, 0xFA, 0x6A, 0x4B, 0xBA, 0xF0,
    0xCB, 0x14, 0x5F, 0xFB, 0xE8, 0x6E, 0x7A, 0x1E, 0x5F, 0x13, 0xF2, 0xA4, 0xFF, 0x6A, 0xFF, 0xC7,
    0x18, 0x1B, 0xF1, 0xCF, 0x60, 0x40, 0x8F, 0x30, 0x83, 0x85, 0xF9, 0xAA, 0x08, 0xCC, 0xD2, 0x62,
    0x52, 0x70, 0xD9, 0x8D, 0xE8, 0x09, 0x34, 0x38, 0xB1, 0x8F, 0x4E, 0x97, 0xF5, 0x3A, 0xE2, 0x48,
    0xB8, 0xF7, 0x5B, 0x35, 0xD9, 0x8D, 0x6D, 0xFB, 0x15, 0x0A, 0xCC, 0xF1, 0x29, 0x94, 0x00, 0x2C,
    0xC3, 0x3A, 0x52, 0x7D, 0x8E, 0x4C, 0xE7, 0x04, 0x30, 0xED, 0xF1, 0x0F, 0x56, 0x2C, 0x3A, 0x02,
    0xF6, 0xA1, 0x22, 0x27, 0x59, 0x6F, 0x17, 0x49, 0x50, 0xDD, 0xBE, 0xB4, 0x8B, 0x75, 0xED, 0xE4,
    0x17, 0xAA, 0x3B, 0x96, 0x12, 0x26, 0x6D, 0xD5, 0x12, 0x90, 0xBF, 0x45, 0xDD, 0xB4, 0x3C, 0xB9,
    0xF4, 0x14, 0x90, 0x24, 0xF1, 0xF6, 0x95, 0xD5, 0x52, 0xD4, 0x9D, 0xFE, 0xDE, 0xA7, 0xFB, 0x85,
    0x97, 0xDF, 0x5C, 0xA9, 0xA6, 0x92, 0x26, 0x02, 0x34, 0x84, 0x91, 0x0A, 0x32, 0x1D, 0x4F, 0x2F,
    0x5A, 0x8B, 0x9F, 0xDC, 0x35, 0x3D, 0xA6, 0xE5, 0x2D, 0x39, 0xF9, 0xEF, 0x3F, 0xAC, 0xB6, 0xF4,
    0x3B, 0x02, 0x77, 0xB6, 0x7F, 0xCC, 0xFC, 0xDE, 0xA3, 0x40, 0x5A, 0x5F, 0xB9, 0x8D, 0x91, 0x4B,
    0x2A, 0x04, 0x05, 0xA4, 0x57, 0x1E, 0x21, 0x82, 0xFC, 0x48, 0xFD, 0x50, 0x28, 0xC8, 0x87, 0x8E,
    0xDE, 0x91, 0xE5, 0xE0, 0x25, 0x1C, 0x3D, 0x42, 0xC2, 0xEA, 0x8E, 0x37, 0x8A, 0x3B, 0xEC, 0xE5,
    0x53, 0x5F, 0x98, 0x5B, 0xB8, 0xF0, 0xD0, 0x9B, 0xC5, 0xED, 0x36, 0xAD, 0x19, 0xC2, 0xA5, 0xC5,
    0x43, 0xE4, 0x8B, 0xF1, 0xF4, 0x93, 0x8B, 0xBB, 0xE3, 0xD9, 0x3C, 0x9A, 0x13, 0x66, 0x78, 0x21,
    0x0D, 0x64, 0x26, 0xA6, 0x27, 0xD6, 0x93, 0xA2, 0x25, 0xE6, 0xFC, 0xB1, 0xD9, 0xDB, 0x37, 0x70,
    0x77, 0xFC, 0x0E, 0x19, 0x10, 0x7B, 0x42, 0x5B, 0x55, 0xF2, 0x01, 0x9F, 0xF5, 0xE0, 0x4E, 0x9F,
    0x3B, 0x6F, 0xDE, 0x3F, 0x20, 0xFF, 0xCE, 0x9E, 0xC7, 0x81, 0x70, 0xCE, 0xD3, 0x1A, 0x3A, 0x8F,
    0x30, 0x65, 0xAF, 0xB2, 0x3E, 0xEE, 0x99, 0x0E, 0xE1, 0x97, 0xF3, 0x34, 0xFD, 0x19, 0xE8, 0x48,
    0xBB, 0xB0, 0xDA, 0xEF, 0x16, 0x47, 0xEC, 0xD2, 0x6D, 0x7E, 0x55, 0x2E, 0xC1, 0x80, 0xC5, 0xB4,
    0xAC, 0xF0, 0xCB, 0x48, 0x92, 0xE2, 0x94, 0x03, 0x02, 0xE4, 0xE6, 0x51, 0x16, 0x6F, 0x07, 0x60,
    0x0F, 0xB8, 0xC3, 0x27, 0x8D, 0xD9, 0xB0, 0xAC, 0x6C, 0xC4, 0x33, 0xE7, 0x29, 0x40, 0x99, 0x92,
    0xAC, 0x18, 0xC4, 0xF8, 0x63, 0x6E, 0x0E, 0x6B, 0x3F, 0xD8, 0x6F, 0x2A, 0x60, 0x60, 0x94, 0x6F,
    0xFB, 0x5C, 0x11, 0xFD, 0x45, 0x31, 0x9B, 0xE4, 0x5E, 0x16, 0x7B, 0xF2, 0x0E, 0x7B, 0x98, 0xC6,
    0x16, 0x30, 0x87, 0x39, 0x3D, 0x48, 0xB3, 0x9D, 0xF9, 0x7D, 0x9A, 0xA2, 0x63, 0x84, 0x8E, 0xD7,
    0x68, 0x23, 0x26, 0x35, 0x67, 0xED, 0x56, 0x80, 0x1D, 0xF5, 0x4E, 0xFB, 0x1F, 0x70, 0x4F, 0xBB,
    0x55, 0x92, 0xEE, 0x10, 0x71, 0x65, 0xFF, 0x14, 0xB9, 0xFE, 0x76, 0xE2, 0x2F, 0x91, 0xD9, 0x12,
    0x23, 0x0E, 0xE3, 0xC1, 0xF8, 0x9D, 0x73, 0x71, 0x44, 0x2B, 0xF6, 0x5B, 0x0E, 0x6E, 0x3E, 0x7A,
    0xF9, 0xCF, 0x60, 0x26, 0xF4, 0x36, 0x2E, 0x83, 0x37, 0xBD, 0xFF, 0x07, 0x0F, 0xFE, 0xF8, 0xF3,
    0x6D, 0x84, 0x77, 0xB9, 0x89, 0xBC, 0xFF, 0x9F, 0xC8, 0x9F, 0xFF, 0x98, 0x7C, 0x1E, 0x00, 0xCF,
    0xA4, 0xE5, 0x79, 0x23, 0x37, 0xF0, 0xE2, 0xA8, 0xF8, 0x50, 0xF9, 0xA1, 0x32, 0x2A, 0xA6, 0x31,
    0x19, 0x0E, 0x63, 0xF7, 0xD9, 0x82, 0x1C, 0xC1, 0xEC, 0xC7, 0x38, 0x9A, 0x9E, 0xD4, 0xCB, 0x2C,
    0x76, 0xD1, 0x8B, 0x8B, 0x83, 0x37, 0xD9, 0xEA, 0x8C, 0x1C, 0x26, 0xFD, 0x49, 0xB0, 0x32, 0x1E,
    0x6D, 0x32, 0x5A, 0x27, 0x0C, 0x52, 0xEE, 0x10, 0x96, 0x11, 0xEE, 0x9B, 0xEF, 0x08, 0xC5, 0xAC,
    0x01, 0x4C, 0x67, 0xB3, 0xB0, 0xC5, 0xC4, 0x5F, 0x8C, 0x29, 0x8C, 0xFF, 0x62, 0x38, 0x01, 0x2F,
    0x72, 0x03, 0xBF, 0xC8, 0x81, 0x49, 0x57, 0x18, 0xFF, 0x54, 0xCF, 0x7E, 0xE9, 0xA3, 0x3C, 0xCD,
    0x42, 0x3C, 0xBC, 0xD0, 0x2C, 0x0C, 0xFD, 0x12, 0x39, 0x05, 0xF0, 0x2E, 0x4B, 0x71, 0x0C, 0x76,
    0xA7, 0x61, 0x1E, 0x8C, 0xFC, 0xF8, 0x85, 0xF9, 0x03, 0x72, 0x01, 0x32, 0x73, 0x94, 0x90, 0x87,
    0x08, 0xA2, 0x62, 0x70, 0x74, 0x6F, 0x61, 0x86, 0x9C, 0xE1, 0xF0, 0xE1, 0x6F, 0x81, 0x51, 0x8F,
    0xC1, 0x6F, 0xC9, 0x7E, 0x57, 0x62, 0xC0, 0x87, 0x98, 0x23, 0xE5, 0xAE, 0xE8, 0x03, 0xD8, 0x3A,
    0xBB, 0x64, 0x51, 0x00, 0x1A, 0xDB, 0x7D, 0x6C, 0x89, 0x60, 0x41, 0x0C, 0xB8, 0x1A, 0x58, 0xE8,
    0x5F, 0x6C, 0xC2, 0x67, 0xDA, 0xE8, 0xE1, 0x2E, 0xFA, 0x11, 0xF8, 0xB9, 0x1D, 0xA8, 0x54, 0xDC,
    0xE7, 0x14, 0x44, 0x39, 0x81, 0xA1, 0x2B, 0x22, 0x1A, 0x47, 0x0D, 0xD9, 0x15, 0xB3, 0xEB, 0x60,
    0x37, 0xE1, 0x4A, 0x3C, 0xA0, 0x80, 0x18, 0x1C, 0x10, 0xA8, 0xB5, 0xA8, 0x33, 0xB4, 0x08, 0xD4,
    0xD1, 0xF4, 0xFB, 0x17, 0x01, 0xB4, 0x3D, 0x03, 0x82, 0xF1, 0x30, 0xB8, 0xDC, 0x67, 0xFA, 0xFD,
    0x21, 0x47, 0x55, 0xAD, 0x8D, 0x89, 0x13, 0x9C, 0x24, 0x49, 0xC5, 0xC2, 0x6E, 0x11, 0x7E, 0x4D,
    0x13, 0x1C, 0xE2, 0xE5, 0x77, 0x02, 0x86, 0x4A, 0x46, 0x7F, 0xE2, 0x68, 0xE4, 0x87, 0x09, 0x52,
    0x7A, 0x14, 0x74, 0x49, 0x58, 0x26, 0xC5, 0x2D, 0x62, 0x8B, 0xFB, 0x64, 0xE4, 0x97, 0xF1, 0x70,
    0xF0, 0xCB, 0xB6, 0x10, 0x8B, 0x96, 0xB1, 0x2A, 0xD2, 0xC7, 0x80, 0x41, 0xCC, 0x03, 0xCA, 0xC0,
    0x55, 0xD0, 0x4A, 0x77, 0x82, 0xD4, 0x54, 0x38, 0x3D, 0x81, 0xD5, 0x30, 0x58, 0x1C, 0x74, 0x42,
    0x33, 0x41, 0x83, 0x80, 0xDF, 0xEC, 0xB0, 0xF8, 0x82, 0x45, 0xDD, 0xFE, 0x33, 0xC4, 0x61, 0xDF,
    0x18, 0x65, 0xC7, 0xE8, 0x78, 0xED, 0x61, 0xEE, 0x17, 0x8C, 0x67, 0x8D, 0xF0, 0x0D, 0x2B, 0xCB,
    0xA2, 0xD8, 0xE6, 0x50, 0x0F, 0x01, 0x20, 0x53, 0x5C, 0x70, 0x53, 0x7C, 0xC6, 0x7A, 0x08, 0xB8,
    0xF5, 0x79, 0xC6, 0x1E, 0xDC, 0x45, 0xC1, 0xE2, 0x19, 0xA4, 0xDD, 0x6F, 0xC7, 0xC6, 0x1D, 0xF1,
    0x39, 0xD7, 0xCF, 0x16, 0xF3, 0x7E, 0x1C, 0x26, 0x8F, 0x3C, 0x28, 0xB2, 0x47, 0x42, 0xC1, 0x0F,
    0x8B, 0x05, 0x51, 0xBC, 0x98, 0x80, 0x57, 0xD4, 0xF2, 0xE2, 0x01, 0xB1, 0x7C, 0x8E, 0x43, 0x1F,
    0x8E, 0x79, 0x38, 0xD8, 0x11, 0x28, 0x87, 0x87, 0xF2, 0xD3, 0x28, 0x7D, 0x48, 0xB1, 0x10, 0x3D,
    0x05, 0xF4, 0xEF, 0x5C, 0xB6, 0x13, 0x24, 0xFE, 0xCC, 0xD7, 0xB4, 0xA2, 0x05, 0xDB, 0x14, 0xF6,
    0x24, 0x53, 0x26, 0x31, 0xF2, 0x0A, 0xA3, 0x29, 0x8D, 0x9C, 0xAC, 0x8B, 0x38, 0x09, 0xE0, 0x46,
    0x80, 0xB1, 0xE1, 0xFC, 0x3C, 0x3D, 0x80, 0xDE, 0x7C, 0xD6, 0x77, 0xAC, 0x5C, 0x78, 0x7D, 0x43,
    0x79, 0x25, 0x43, 0x67, 0x3E, 0x1E, 0x20, 0xBB, 0xB8, 0x05, 0x62, 0x99, 0x8B, 0x8C, 0x43, 0xEB,
    0x84, 0xBF, 0x70, 0x91, 0xC1, 0x97, 0x9C, 0x49, 0x68, 0x04, 0x1A, 0x75, 0x96, 0x47, 0x65, 0x81,
    0x1D, 0x1E, 0xCB, 0xF0, 0xB3, 0xB8, 0x2B, 0x5E, 0xD5, 0xFA, 0xD4, 0x63, 0xF1, 0x24, 0x37, 0x8A,
    0x2B, 0xD9, 0xCA, 0x7C, 0x61, 0x16, 0x78, 0x97, 0x84, 0x96, 0xA9, 0x11, 0x78, 0x70, 0xC5, 0xC6,
    0x75, 0x58, 0xF7, 0xC1, 0x6E, 0x5D, 0x32, 0x2C, 0x6F, 0xE3, 0x77, 0x2A, 0xAC, 0x10, 0x6B, 0x81,
    0x76, 0xFB, 0x03, 0x5E, 0xBB, 0x56, 0xB3, 0xDB, 0x9F, 0xC1, 0x65, 0x70, 0xD8, 0x8A, 0x10, 0xF0,
    0xC3, 0xA7, 0x0E, 0xAC, 0xE6, 0xCA, 0x11, 0xF3, 0xEE, 0x2A, 0x71, 0x68, 0x17, 0xE4, 0x92, 0xC3,
    0x87, 0x3B, 0x05, 0x87, 0xA0, 0x72, 0xBC, 0x35, 0x06, 0x8C, 0xDF, 0x02, 0xAE, 0x0E, 0xBF, 0xFC,
    0x9A, 0xDE, 0x97, 0x72, 0xFF, 0x87, 0xA5, 0xFF, 0xFD, 0xC2, 0x52, 0xFE, 0x73, 0x8D, 0xB2, 0x08,
    0x9E, 0xB7, 0x43, 0x0B, 0x9F, 0x56, 0xC1, 0xF7, 0xEB, 0xE8, 0xEE, 0x36, 0xB2, 0xDA, 0x04, 0x7E,
    0x5F, 0x01, 0xD4, 0x52, 0x07, 0xB4, 0x9C, 0xD6, 0x83, 0x53, 0x9F, 0x62, 0x3B, 0xDA, 0x59, 0xB8,
    0xBF, 0xDD, 0x7E, 0xC3, 0x3E, 0xA0, 0x8F, 0x8D, 0x8A, 0x17, 0xAD, 0x7F, 0xC6, 0x7D, 0x68, 0xF4,
    0x9D, 0xD1, 0x67, 0x46, 0x5F, 0x19, 0x7D, 0x64, 0xF4, 0x8D, 0x23, 0x1E, 0x3B, 0x7F, 0x94, 0x8B,
    0x2D, 0xEE, 0x50, 0xE8, 0x0D, 0xC3, 0xBF, 0x1F, 0xE1, 0xD1, 0xDD, 0x84, 0x3B, 0x52, 0x11, 0x2F,
    0x29, 0xD9, 0xB6, 0x6D, 0xF3, 0xA4, 0x41, 0x7E, 0x5B, 0x5D, 0xC4, 0xB3, 0x0D, 0x24, 0x9C, 0xE7,
    0xC3, 0x3E, 0xC5, 0x66, 0xC4, 0x26, 0xCA, 0xC2, 0x6D, 0x01, 0xF6, 0x32, 0x0A, 0xE3, 0x6D, 0xDB,
    0x84, 0xBF, 0xEC, 0xB0, 0x91, 0xB4, 0x4C, 0xB3, 0xD3, 0x93, 0xDF, 0x06, 0x06, 0xB6, 0xAC, 0x0E,
    0x41, 0xB9, 0x92, 0xDE, 0xB3, 0x60, 0x26, 0x5F, 0x01, 0x8B, 0xF0, 0x7C, 0x41, 0xD4, 0x38, 0x1E,
    0xE0, 0x6A, 0x1C, 0xFF, 0x70, 0x1C, 0x50, 0xBF, 0xE0, 0x0E, 0x8E, 0x18, 0x72, 0xA7, 0x67, 0x29,
    0x78, 0xCF, 0x23, 0x6B, 0xF1, 0xAD, 0xA1, 0xE0, 0xF3, 0x97, 0xED, 0xBC, 0xBF, 0x82, 0xED, 0xE1,
    0xE6, 0x73, 0x5F, 0xE6, 0x33, 0xE4, 0x52, 0x48, 0x79, 0x2C, 0xB7, 0x82, 0xF0, 0xC5, 0x16, 0x10,
    0xFE, 0x57, 0xF9, 0xC7, 0xF8, 0x6E, 0x49, 0x9B, 0x37, 0x2A, 0x6E, 0xEE, 0x15, 0x6E, 0xBE, 0xF7,
    0xFE, 0xEF, 0xB5, 0xA7, 0x4F, 0xEF, 0xD8, 0x71, 0xE9, 0x39, 0x28, 0xA0, 0xEF, 0x17, 0xF9, 0xAB,
    0xFD, 0x48, 0x4A, 0xDC, 0x73, 0x05, 0x71, 0x5F, 0x86, 0x41, 0xD9, 0xF7, 0xCE, 0x06, 0x85, 0xD5,
    0x90, 0x46, 0x3C, 0x1A, 0xD4, 0x8B, 0x6F, 0x38, 0x64, 0x75, 0xA2, 0xAC, 0x40, 0x94, 0x57, 0x86,
    0x26, 0x2C, 0xA4, 0x0D, 0x1D, 0xC6, 0x7A, 0x65, 0xEE, 0xDB, 0xB3, 0xE0, 0x41, 0x14, 0xDF, 0xCA,
    0x12, 0x58, 0xE2, 0xFB, 0x8E, 0xD8, 0x17, 0x1D, 0x65, 0xAA, 0x98, 0x93, 0x55, 0x71, 0xB2, 0xF2,
    0x4D, 0x56, 0xB7, 0xC9, 0x0B, 0x36, 0xD1, 0x58, 0xF0, 0xB2, 0x55, 0x9E, 0x23, 0xE3, 0xDF, 0x2A,
    0xC3, 0xBF, 0x4F, 0x46, 0xDC, 0x96, 0xDD, 0x97, 0xDF, 0x98, 0x17, 0xA3, 0xF2, 0x32, 0x54, 0x2C,
    0x40, 0x7D, 0x94, 0x7F, 0x4B, 0x0C, 0xFF, 0x7E, 0x98, 0x98, 0x7D, 0xF9, 0x12, 0xBF, 0xBF, 0xF8,
    0xC2, 0x25, 0xFE, 0x55, 0x4B, 0x99, 0x51, 0x50, 0xCA, 0x4B, 0x49, 0x79, 0x11, 0x29, 0x2F, 0x1F,
    0xB5, 0x0C, 0xAB, 0x85, 0x19, 0x74, 0xCC, 0x9C, 0x63, 0xC6, 0x9C, 0x65, 0xCA, 0x65, 0xF5, 0xE2,
    0x34, 0x6D, 0x0E, 0x52, 0xAC, 0x95, 0xAD, 0x08, 0xCA, 0x0E, 0x35, 0x1D, 0x10, 0x56, 0xA1, 0x99,
    0xF3, 0x3F, 0x57, 0xEC, 0xEA, 0xCE, 0xCB, 0xFB, 0xF0, 0xC2, 0xFC, 0x32, 0x7C, 0xF5, 0x0C, 0x16,
    0x3F, 0x62, 0xCD, 0x23, 0x26, 0xD5, 0x63, 0x1C, 0x7D, 0xB6, 0x32, 0x8B, 0xED, 0xC7, 0x6E, 0xC6,
    0x3A, 0x66, 0x94, 0x3C, 0x31, 0xAE, 0x7A, 0x57, 0x3C, 0x2A, 0x32, 0x82, 0x9D, 0x0D, 0x9F, 0x7E,
    0x5D, 0xA3, 0x42, 0x3C, 0xF9, 0x4D, 0x3D, 0xD9, 0xD8, 0xF3, 0x66, 0x8C, 0xCA, 0x95, 0x8D, 0x40,
    0x2C, 0xAB, 0x6A, 0x58, 0x60, 0x89, 0x9B, 0x41, 0xA9, 0x27, 0x7E, 0x03, 0xC3, 0x20, 0x6E, 0xCE,
    0xEB, 0x7C, 0x78, 0x14, 0x4C, 0x98, 0x66, 0xAD, 0xBC, 0xB6, 0xCE, 0x50, 0xB1, 0xDD, 0x0B, 0x2B,
    0xDE, 0x44, 0xA6, 0xCE, 0xE3, 0x61, 0x29, 0xD1, 0x3B, 0x9A, 0x5C, 0x97, 0x1A, 0x89, 0x0D, 0x18,
    0x69, 0x1B, 0x93, 0x0A, 0x98, 0xED, 0xC3, 0x12, 0xB4, 0x46, 0x9A, 0x3B, 0xE8, 0x10, 0xBD, 0xFE,
    0x20, 0x0D, 0x69, 0x1F, 0xD1, 0x76, 0x96, 0x07, 0xFF, 0x19, 0x34, 0x66, 0x89, 0x10, 0xCC, 0x0D,
    0xF2, 0x31, 0x65, 0x49, 0x10, 0x86, 0xA8, 0x79, 0x59, 0x0E, 0x15, 0x4F, 0xF0, 0x59, 0x5C, 0x1E,
    0x80, 0xF1, 0x76, 0x34, 0x33, 0x98, 0xB7, 0xD3, 0x55, 0x3A, 0xDC, 0x1B, 0x6C, 0x65, 0x54, 0x6D,
    0xFD, 0x2D, 0xD8, 0xA1, 0x4A, 0x7E, 0x3A, 0x45, 0x69, 0xC4, 0xB3, 0x31, 0xED, 0x03, 0x73, 0x16,
    0xC4, 0x62, 0x91, 0x5D, 0xA0, 0x3C, 0xBD, 0x12, 0xBD, 0x3E, 0x38, 0x49, 0x53, 0x97, 0x92, 0xAC,
    0x65, 0x6E, 0x55, 0xCC, 0x22, 0xD3, 0x68, 0xFE, 0x82, 0x98, 0xC7, 0x91, 0x51, 0xC2, 0x31, 0x5E,
    0x8C, 0xB7, 0xF6, 0xBB, 0x98, 0x7D, 0xAD, 0x03, 0xFE, 0x85, 0x67, 0x4B, 0x0C, 0x7C, 0x61, 0xD2,
    0x17, 0x47, 0x25, 0xAB, 0xF8, 0x3C, 0xB8, 0x45, 0x1A, 0x4D, 0x86, 0xBD, 0xE1, 0x79, 0x8A, 0x5C,
    0x66, 0x23, 0xB6, 0x89, 0x5A, 0x5F, 0xCC, 0x3C, 0x46, 0x23, 0xA5, 0xBE, 0x1B, 0xD0, 0x40, 0x54,
    0xEF, 0x63, 0x75, 0x30, 0xAC, 0x4E, 0xD8, 0x82, 0x36, 0x33, 0x18, 0x94, 0xC4, 0x7E, 0xC1, 0x08,
    0x70, 0xD0, 0xF2, 0x30, 0xDF, 0x83, 0xF7, 0x0B, 0x80, 0x60, 0x21, 0x84, 0x08, 0x5E, 0x30, 0x9B,
    0x75, 0x21, 0x5B, 0xCE, 0x30, 0xFB, 0xE9, 0xCB, 0xFD, 0x24, 0x7C, 0xDA, 0x53, 0xF6, 0xF5, 0x67,
    0xC1, 0xF9, 0x3A, 0xE1, 0x9B, 0x76, 0xF3, 0x85, 0x22, 0xA5, 0x08, 0x72, 0x87, 0x3C, 0x52, 0xC8,
    0x02, 0xC9, 0xAD, 0x0C, 0x22, 0x97, 0x93, 0x8B, 0xF2, 0x46, 0xF2, 0x92, 0xD8, 0x34, 0x0E, 0x47,
    0xB0, 0x6D, 0x9C, 0xE2, 0x8D, 0x23, 0xAA, 0x75, 0x44, 0x36, 0xAF, 0x24, 0xB2, 0x7D, 0x2B, 0xB1,
    0x6C, 0x20, 0x73, 0xF7, 0x58, 0x0B, 0x99, 0xCB, 0xC7, 0x9A, 0x18, 0x16, 0xAA, 0x8D, 0xBA, 0x91,
    0xBA, 0x95, 0xBA, 0x99, 0x46, 0x3B, 0x87, 0x0D, 0xE5, 0x19, 0xC5, 0xA0, 0x54, 0xF9, 0x80, 0xD8,
    0xAB, 0xEC, 0xC6, 0x6E, 0x5D, 0x7C, 0x6E, 0x04, 0xAA, 0xA9, 0xDD, 0xC6, 0x85, 0xE7, 0x85, 0x7E,
    0xBE, 0x17, 0x9B, 0x5F, 0xF3, 0x7A, 0xC9, 0xBC, 0xF7, 0x7B, 0x7F, 0xC2, 0xD7, 0xB3, 0x08, 0xAD,
    0x80, 0x4E, 0x05, 0x5C, 0x8A, 0xBF, 0xE0, 0x56, 0x3D, 0x1C, 0x22, 0x11, 0x76, 0xB5, 0x96, 0xB0,
    0xCB, 0xD1, 0x45, 0x23, 0x25, 0x4C, 0x17, 0xBA, 0x3E, 0xE8, 0xFD, 0xCE, 0x6D, 0x27, 0x32, 0xF2,
    0x4E, 0x49, 0x7C, 0x71, 0xF4, 0x0C, 0x62, 0x2B, 0x7E, 0xE7, 0xD7, 0x44, 0x2F, 0x9D, 0xD7, 0x64,
    0xAC, 0x34, 0x8E, 0xAF, 0x1E, 0x61, 0x51, 0x3D, 0xD4, 0x5D, 0xD4, 0xE7, 0x54, 0x27, 0x75, 0x2F,
    0x8D, 0x6E, 0xAE, 0xB2, 0xD6, 0x7D, 0x4B, 0x0B, 0x9F, 0x06, 0xF4, 0x62, 0xE7, 0xB7, 0x5A, 0x43,
    0xFB, 0xE0, 0x04, 0xD3, 0x9F, 0xF3, 0x6C, 0xA4, 0xA6, 0x36, 0x41, 0x4C, 0x85, 0x47, 0x23, 0xBE,
    0x0F, 0x47, 0x1C, 0xCD, 0xF0, 0x7C, 0x5A, 0xC8, 0xCD, 0x6D, 0x18, 0x4A, 0xFF, 0x66, 0x33, 0xC5,
    0x5B, 0x39, 0x5E, 0x09, 0xAB, 0x4C, 0xB3, 0x58, 0x55, 0x33, 0x1F, 0x2A, 0x7A, 0xA2, 0x66, 0x23,
    0x15, 0x41, 0x07, 0xD9, 0x40, 0x65, 0xA9, 0xD3, 0xE0, 0x38, 0x9D, 0xE9, 0x89, 0x5B, 0xE3, 0x30,
    0x5D, 0x6C, 0xA7, 0xB2, 0x4A, 0x8E, 0x52, 0x91, 0x10, 0x29, 0x9F, 0x30, 0x46, 0xAF, 0x50, 0xB1,
    0xF3, 0x65, 0x8E, 0x75, 0xE2, 0x30, 0x42, 0x54, 0x88, 0x65, 0x46, 0x45, 0xA6, 0x75, 0x4C, 0x2C,
    0x31, 0x93, 0x3E, 0xA1, 0x61, 0xA2, 0x65, 0xBA, 0x69, 0xBA, 0x6D, 0xA2, 0x71, 0x44, 0xB5, 0x8E,
    0xA8, 0xE6, 0x11, 0xD9, 0xBE, 0x31, 0x31, 0x92, 0x7B, 0x3F, 0x61, 0x13, 0x97, 0xB3, 0x52, 0xB5,
    0x51, 0x37, 0x52, 0xB7, 0x52, 0x37, 0xD3, 0x14, 0x23, 0xB3, 0xA1, 0xD6, 0x53, 0x4C, 0x52, 0x58,
    0xC3, 0x32, 0xDC, 0x12, 0xCC, 0xA1, 0xE7, 0x5A, 0xA7, 0xF6, 0x3B, 0xAB, 0x73, 0x2B, 0x40, 0x46,
    0x9D, 0x5F, 0x65, 0xA9, 0xDD, 0x2E, 0xF4, 0x94, 0xCC, 0xB7, 0xE2, 0xCB, 0x96, 0x12, 0xBE, 0x65,
    0x3F, 0xCF, 0xAA, 0xEF, 0x9C, 0x33, 0xAE, 0x23, 0x2E, 0x84, 0x57, 0x22, 0xFC, 0x52, 0x84, 0x5F,
    0x8B, 0xF0, 0x8B, 0x11, 0x7E, 0x35, 0xC2, 0x2E, 0xD7, 0xED, 0x97, 0xDF, 0xE4, 0xC4, 0x92, 0x94,
    0x2D, 0xBB, 0xE2, 0x42, 0x23, 0x2E, 0xF9, 0xFF, 0xC5, 0x58, 0xBF, 0x93, 0xDD, 0x56, 0x15, 0x3E,
    0x7A, 0xF2, 0x5A, 0x90, 0x37, 0x70, 0x53, 0xD8, 0x0C, 0x6B, 0x8F, 0xA3, 0x26, 0xCC, 0x78, 0x28,
    0xA2, 0x9A, 0x02, 0xAE, 0x06, 0x66, 0x48, 0x41, 0x91, 0x2D, 0x6C, 0x28, 0xB6, 0x58, 0x0A, 0x1A,
    0x1C, 0x66, 0xF6, 0x4F, 0xB8, 0x2F, 0xE3, 0x92, 0xC6, 0x85, 0xDD, 0x53, 0x50, 0x64, 0xA0, 0x70,
    0x43, 0x41, 0x65, 0x09, 0xBB, 0xA0, 0xA0, 0x40, 0x66, 0x06, 0x28, 0x52, 0x44, 0xC9, 0xC4, 0x45,
    0x48, 0xB1, 0x4A, 0x2C, 0x07, 0xAD, 0x57, 0xD2, 0xE1, 0x3B, 0xE7, 0x5E, 0xE9, 0xBD, 0x67, 0x7B,
    0x3C, 0x19, 0xCF, 0x6E, 0x78, 0xBB, 0x3A, 0xD2, 0xD3, 0x93, 0xEE, 0xF9, 0xFD, 0x9D, 0x73, 0x2E,
    0x91, 0x7E, 0x72, 0x7F, 0xA2, 0xB8, 0x09, 0x17, 0x49, 0xF3, 0xEC, 0x9D, 0xF9, 0x99, 0xE7, 0x3F,
    0xC9, 0x18, 0x2E, 0x1C, 0x97, 0xA0, 0x11, 0x2D, 0x98, 0xE5, 0x35, 0x97, 0x1B, 0xBE, 0xDB, 0xE2,
    0xC2, 0xAE, 0x6C, 0x1B, 0x77, 0x57, 0x70, 0x51, 0x16, 0xAB, 0xB8, 0xCB, 0x4A, 0xCA, 0x1E, 0x8E,
    0x94, 0xB4, 0x76, 0x45, 0xE9, 0x49, 0xBF, 0x53, 0x34, 0x36, 0x27, 0xC3, 0xF8, 0x54, 0x8E, 0xFC,
    0x45, 0xEE, 0x72, 0x4A, 0x3F, 0x60, 0xFE, 0x04, 0xEF, 0xE2, 0xAD, 0x9D, 0x3D, 0xBC, 0x5B, 0x13,
    0xAF, 0x84, 0x4B, 0xC6, 0x05, 0x2B, 0xBB, 0x25, 0x73, 0xAF, 0x17, 0xE0, 0x57, 0x7B, 0x09, 0x2E,
    0x7D, 0xBA, 0x25, 0xD9, 0x2C, 0xF3, 0x5A, 0x8D, 0x59, 0xB3, 0x8D, 0x7B, 0x2F, 0xD1, 0x6D, 0x53,
    0xBD, 0xA0, 0xDF, 0x5A, 0xC1, 0xB5, 0x86, 0x41, 0x45, 0x9A, 0x75, 0xA4, 0x59, 0x49, 0x9A, 0xB4,
    0x3C, 0xCE, 0x27, 0x35, 0xB9, 0x99, 0xF4, 0xC4, 0x95, 0x57, 0xF4, 0x51, 0x51, 0xCF, 0x9A, 0xAE,
    0x55, 0x5D, 0xEB, 0xBA, 0x56, 0x76, 0x43, 0xDB, 0x6D, 0x75, 0x5F, 0x57, 0xAA, 0x0F, 0x45, 0xFD,
    0xFA, 0x3A, 0xDC, 0xDF, 0xF8, 0x44, 0xF7, 0x44, 0xDF, 0x54, 0x55, 0x28, 0xB8, 0x8B, 0xDB, 0x98,
    0x3F, 0xEB, 0xE3, 0xD6, 0x0C, 0xD1, 0x90, 0x34, 0xB6, 0xA1, 0xC1, 0x34, 0xC5, 0x6A, 0xD1, 0x1F,
    0x8E, 0x4C, 0x07, 0xBD, 0x4A, 0xD9, 0xB2, 0x13, 0xEF, 0x74, 0x10, 0x62, 0xC0, 0x4B, 0x17, 0xAF,
    0x6F, 0x72, 0x0C, 0x6C, 0x02, 0xCF, 0xF0, 0xED, 0x79, 0xAE, 0x33, 0xE3, 0xC0, 0x59, 0x58, 0x93,
    0xE7, 0x4D, 0x9E, 0x39, 0x79, 0xEE, 0xE4, 0xD9, 0x93, 0xF2, 0x1F, 0xF6, 0x54, 0x00, 0xEE, 0x55,
    0x02, 0xEE, 0x55, 0x84, 0xC3, 0x6E, 0x92, 0xE1, 0xA2, 0xAE, 0x6B, 0xF3, 0x97, 0xD2, 0xD5, 0x26,
    0x2D, 0x2A, 0xD0, 0xDF, 0x82, 0x35, 0x59, 0x55, 0xC6, 0xF2, 0x7F, 0x60, 0x61, 0x3B, 0x52, 0x01,
    0xDA, 0x12, 0x1C, 0x63, 0x2B, 0x62, 0xFA, 0x5E, 0x51, 0xEE, 0x8F, 0xF2, 0x08, 0xAC, 0x2E, 0x9C,
    0x6B, 0xA1, 0x12, 0x08, 0x3B, 0x67, 0xCF, 0x97, 0xF7, 0x84, 0x2F, 0x0F, 0x6E, 0xA2, 0xE3, 0x41,
    0xEF, 0xF9, 0xEE, 0xC8, 0xC2, 0xA6, 0x7E, 0x01, 0x11, 0x8B, 0x2E, 0x37, 0xC8, 0x61, 0x4F, 0xCB,
    0x2F, 0x90, 0x47, 0x30, 0x17, 0x97, 0x4B, 0x3E, 0x76, 0xD5, 0x92, 0x57, 0xA6, 0x5A, 0x8E, 0x04,
    0xD2, 0x21, 0xD0, 0x0E, 0x9F, 0xBC, 0xCB, 0xA5, 0x30, 0x20, 0x1C, 0x1D, 0xC8, 0x18, 0x92, 0x40,
    0x79, 0xF8, 0x55, 0x5F, 0x44, 0xD5, 0x75, 0xCB, 0x2D, 0x0A, 0x5E, 0x9E, 0x19, 0x29, 0x37, 0x52,
    0x76, 0xA4, 0xFC, 0x48, 0x19, 0x92, 0x72, 0x24, 0x61, 0xF9, 0x4F, 0x52, 0x77, 0x96, 0x13, 0x1D,
    0x7F, 0x1A, 0x22, 0xFD, 0x59, 0x9B, 0x66, 0xB9, 0x50, 0xB1, 0xDE, 0x74, 0xBD, 0x73, 0xC6, 0xBE,
    0x3C, 0xA7, 0xD4, 0x2A, 0x75, 0x1B, 0xD7, 0xE7, 0xCE, 0xD4, 0x97, 0x91, 0x10, 0x53, 0x82, 0xA4,
    0x55, 0xB8, 0x6A, 0xA2, 0xD3, 0xF6, 0x65, 0x44, 0x81, 0x8B, 0x67, 0x33, 0x5D, 0x0B, 0xA3, 0xB3,
    0xF1, 0xA5, 0x43, 0xB0, 0xC4, 0x92, 0xE6, 0x46, 0xB0, 0x2A, 0x7B, 0x7A, 0x4B, 0x70, 0x71, 0xB2,
    0x60, 0x56, 0xC2, 0x95, 0xE9, 0x13, 0x56, 0x50, 0x53, 0x3C, 0xCB, 0xF1, 0xB0, 0x88, 0x25, 0xE0,
    0x92, 0x49, 0x9C, 0xE9, 0xC3, 0x4E, 0xA4, 0x2F, 0x68, 0x8B, 0xB8, 0x95, 0xC7, 0xC7, 0x6F, 0x00,
    0x1A, 0xFF, 0x38, 0xAA, 0x90, 0x14, 0xA9, 0x37, 0x2F, 0x8D, 0x60, 0xF2, 0xDA, 0xEF, 0xF1, 0xB3,
    0x2C, 0x9A, 0x30, 0x64, 0x31, 0x4F, 0x9C, 0x98, 0x13, 0x50, 0xBC, 0xEC, 0xC1, 0x39, 0xE6, 0x02,
    0x2B, 0xAA, 0xE7, 0xED, 0x78, 0x5B, 0x00, 0x88, 0x71, 0x0F, 0xC4, 0xF4, 0xD9, 0x28, 0x8B, 0x86,
    0xE5, 0x95, 0x11, 0xCF, 0xA4, 0x28, 0x69, 0x0F, 0x2F, 0x14, 0x0D, 0x58, 0x72, 0x2B, 0x2B, 0xE3,
    0xC9, 0x77, 0x8F, 0xC5, 0xBC, 0x00, 0xEB, 0x02, 0x20, 0x86, 0xBB, 0x4B, 0x1C, 0xA6, 0xF5, 0x59,
    0x62, 0x44, 0x95, 0x66, 0x41, 0xC9, 0x50, 0xE4, 0xBF, 0x80, 0x1C, 0xAC, 0x07, 0xFC, 0x72, 0x1C,
    0xAC, 0x73, 0xFE, 0x7D, 0x2D, 0x26, 0xB9, 0xA8, 0x5E, 0x52, 0x72, 0x7C, 0x58, 0xA1, 0x4E, 0xE0,
    0xAD, 0x78, 0x48, 0x4B, 0x68, 0x03, 0x86, 0xF8, 0x95, 0xE8, 0x3B, 0x05, 0xDF, 0xD1, 0xB0, 0x5D,
    0x09, 0x29, 0xED, 0x27, 0x97, 0x79, 0xB3, 0x50, 0xA5, 0xDE, 0x96, 0xD3, 0xD5, 0xCE, 0x36, 0xD6,
    0xFE, 0xBF, 0x3C, 0xE0, 0x4B, 0x66, 0x35, 0x63, 0x92, 0xAC, 0x15, 0xCD, 0x62, 0x7F, 0xBD, 0xFE,
    0xD1, 0x0A, 0x9A, 0x7B, 0x9D, 0xE5, 0x3C, 0x99, 0xE8, 0x55, 0xFD, 0xA6, 0x7D, 0x82, 0xB6, 0x0D,
    0x49, 0x3B, 0x37, 0x10, 0xB3, 0x6E, 0xA7, 0xE1, 0xD5, 0xC8, 0x9F, 0x4C, 0xE9, 0x3D, 0x5C, 0x6D,
    0x7E, 0x8B, 0xB6, 0xFC, 0xEB, 0x53, 0x5B, 0xE0, 0x46, 0x0D, 0x31, 0x68, 0x47, 0xC3, 0x6A, 0x90,
    0xB8, 0x2D, 0x68, 0x57, 0x3A, 0x1D, 0x20, 0xE7, 0x0A, 0x39, 0x8D, 0xDE, 0x44, 0xD3, 0x59, 0x4E,
    0xB1, 0x3F, 0x45, 0x72, 0xC2, 0xB2, 0x17, 0x5D, 0x6E, 0xA1, 0xDD, 0x0E, 0xA3, 0x28, 0xB3, 0x38,
    0x71, 0xA9, 0x55, 0x56, 0x6D, 0x2F, 0xF1, 0x10, 0xDD, 0xB8, 0x93, 0xD3, 0x76, 0x41, 0x0F, 0xF5,
    0x3D, 0x1A, 0xB6, 0xBF, 0xBF, 0xB0, 0xE0, 0x6F, 0x3C, 0x67, 0xE0, 0xEF, 0x5D, 0xED, 0x68, 0x6A,
    0x82, 0x54, 0xE4, 0x3E, 0x6C, 0x14, 0xEB, 0x0B, 0xE9, 0x90, 0xE4, 0x1C, 0x87, 0x33, 0x1A, 0x34,
    0x91, 0xCC, 0x1E, 0xE1, 0x7C, 0x2C, 0x26, 0x7B, 0x94, 0xA7, 0xBE, 0x07, 0xA8, 0x97, 0xFE, 0xDC,
    0x88, 0x74, 0xE3, 0x3E, 0xE4, 0x8B, 0x6E, 0xF8, 0x4E, 0x04, 0x10, 0x6D, 0xB5, 0x74, 0x58, 0xBD,
    0xF6, 0xA0, 0xCE, 0x15, 0x1C, 0x6C, 0xB8, 0x37, 0xFF, 0xE8, 0xD3, 0x72, 0xC8, 0xCA, 0x31, 0xE5,
    0xD1, 0xF0, 0x98, 0x40, 0xCB, 0x9F, 0x0F, 0xD7, 0xF7, 0x7B, 0x69, 0x6B, 0xB8, 0x5A, 0x3B, 0x77,
    0x2B, 0x54, 0xCE, 0x6D, 0xA8, 0x70, 0xB8, 0x82, 0x4B, 0x25, 0x54, 0x7A, 0x32, 0x5F, 0x0E, 0xF0,
    0xCA, 0x48, 0x69, 0x79, 0x0F, 0xE1, 0x02, 0x3C, 0xFC, 0x6F, 0x4F, 0xFB, 0xAC, 0x4D, 0x4A, 0xAF,
    0xC7, 0x1D, 0xC4, 0xD5, 0xFA, 0xB3, 0x68, 0x10, 0x22, 0xF1, 0x97, 0xB8, 0x15, 0x7F, 0x2E, 0x8E,
    0xCA, 0xF7, 0x66, 0xF7, 0x69, 0xE4, 0x56, 0xA4, 0x41, 0x88, 0x98, 0x85, 0x15, 0xCD, 0xC7, 0xC3,
    0xB7, 0xE1, 0xEB, 0x31, 0x2B, 0xD3, 0x92, 0xED, 0x0A, 0x4A, 0x5B, 0xB4, 0x97, 0xEC, 0xF0, 0xEB,
    0x88, 0x44, 0xFC, 0xF5, 0x00, 0xD9, 0x16, 0x3D, 0xD2, 0x20, 0xED, 0x32, 0xB1, 0x82, 0x34, 0x90,
    0xE5, 0x42, 0x0B, 0xD0, 0xA5, 0x3F, 0xAC, 0x43, 0x68, 0xF1, 0x91, 0x84, 0x65, 0xFC, 0x58, 0xE4,
    0x88, 0xBF, 0xD0, 0xF0, 0x58, 0xB3, 0x25, 0xFA, 0xBE, 0x3C, 0x19, 0x69, 0x07, 0x16, 0x4B, 0x05,
    0x53, 0xB5, 0x24, 0xF6, 0x07, 0xFA, 0x16, 0xD4, 0x1A, 0x81, 0x0D, 0xE9, 0x23, 0x54, 0xAD, 0x15,
    0x96, 0xEF, 0xAD, 0xD4, 0x9C, 0xC1, 0x49, 0xB8, 0xF4, 0x4E, 0x7D, 0x89, 0x04, 0x8C, 0x7B, 0xC9,
    0xC5, 0xAC, 0x85, 0x2B, 0xEF, 0xC2, 0x99, 0x22, 0x86, 0x18, 0x48, 0x43, 0xF0, 0xD2, 0xD3, 0x7C,
    0x12, 0x22, 0x79, 0xDC, 0x0A, 0xFB, 0x3C, 0x7F, 0x45, 0x77, 0x2C, 0x3E, 0x6F, 0xD4, 0x74, 0xAA,
    0xC3, 0xA6, 0x06, 0xAF, 0xE8, 0x8E, 0x50, 0x0B, 0xAB, 0x67, 0x3A, 0x9A, 0xDF, 0x09, 0x4D, 0x1A,
    0xCD, 0xFF, 0x5A, 0x69, 0x29, 0xB5, 0x10, 0x95, 0xB5, 0xD9, 0x45, 0x86, 0x2F, 0x9B, 0x6C, 0x95,
    0x80, 0xA2, 0x19, 0xF0, 0x74, 0x25, 0xF4, 0x82, 0x64, 0x95, 0x56, 0x50, 0x0D, 0xD1, 0x5A, 0x03,
    0xB4, 0xD2, 0xF0, 0x5C, 0x49, 0x70, 0x1E, 0x6B, 0xE6, 0x6C, 0x25, 0xAA, 0x09, 0xB9, 0x5C, 0x6F,
    0x9C, 0x94, 0x77, 0x60, 0x1E, 0xB8, 0x07, 0xF6, 0xCA, 0x9F, 0xBC, 0x00, 0xE4, 0x25, 0x20, 0x2F,
    0x02, 0x79, 0x19, 0xC8, 0x0B, 0xA1, 0xA9, 0x02, 0xFC, 0x52, 0x31, 0xC6, 0x90, 0x28, 0x8D, 0x0A,
    0x52, 0xB4, 0x22, 0x49, 0x97, 0x36, 0xB3, 0x28, 0x6F, 0x22, 0x7C, 0x28, 0xEB, 0x17, 0xB8, 0x89,
    0xEC, 0xEF, 0x08, 0xE0, 0xEB, 0x24, 0x9A, 0x74, 0xC2, 0x01, 0x08, 0x61, 0xAD, 0x14, 0xFE, 0xAC,
    0xAF, 0xBB, 0x5A, 0x3C, 0x01, 0xF0, 0x0B, 0xCE, 0x78, 0x93, 0xE4, 0x4D, 0xBC, 0x0A, 0xC3, 0x77,
    0x40, 0x0A, 0x0C, 0x2A, 0x30, 0xAB, 0x13, 0x40, 0x83, 0x56, 0xA9, 0x04, 0xF0, 0x20, 0x41, 0x45,
    0xFE, 0xA6, 0xD4, 0x0F, 0xC8, 0x74, 0xFD, 0x70, 0xDC, 0xD3, 0xD9, 0x81, 0x8B, 0x8E, 0x8F, 0x97,
    0xED, 0x66, 0xE4, 0x6B, 0x75, 0xC9, 0x5E, 0x4A, 0xD2, 0x17, 0x92, 0x2B, 0x42, 0xF0, 0x7B, 0x5A,
    0xCA, 0x58, 0x55, 0x22, 0xE5, 0xD3, 0xD2, 0x91, 0x27, 0x99, 0xDC, 0x83, 0x79, 0xA4, 0xF7, 0xCA,
    0xC6, 0xBB, 0xA3, 0x84, 0x66, 0x17, 0xC6, 0xA5, 0x30, 0x29, 0xF9, 0x0A, 0x10, 0xFA, 0x38, 0x85,
    0xD5, 0xEC, 0x2B, 0xD3, 0x74, 0x9B, 0xAA, 0x24, 0xF2, 0x13, 0x50, 0x5A, 0x64, 0xD1, 0xF1, 0x2E,
    0xE5, 0x5A, 0xA4, 0x01, 0xCD, 0x29, 0x3B, 0xAA, 0x44, 0x9E, 0x95, 0x8E, 0x73, 0xB9, 0x48, 0xC4,
    0xD3, 0x18, 0x17, 0x46, 0x38, 0x15, 0x6A, 0x27, 0x17, 0xCF, 0xE3, 0x0F, 0xCE, 0x5D, 0xFF, 0x25,
    0xFA, 0x87, 0x7E, 0xAC, 0xE1, 0x9A, 0xCB, 0xD1, 0xC7, 0x11, 0x02, 0x04, 0x45, 0x15, 0xFF, 0xCB,
    0x17, 0xFD, 0x27, 0xD3, 0x3F, 0x4C, 0x7D, 0x20, 0xA6, 0x6F, 0x61, 0xF8, 0x21, 0x6D, 0x36, 0x3A,
    0x82, 0x05, 0x98, 0x2F, 0x91, 0x70, 0xE6, 0x29, 0x53, 0x52, 0x4A, 0x31, 0x85, 0x78, 0x3B, 0x4E,
    0x50, 0xA4, 0x34, 0xBE, 0x22, 0xE5, 0xAE, 0x8C, 0xB4, 0xC2, 0x6E, 0x1E, 0x2E, 0x34, 0xE6, 0x76,
    0x42, 0x48, 0x18, 0x61, 0x57, 0x17, 0xBD, 0xA6, 0x08, 0xA2, 0x85, 0x6F, 0x25, 0x30, 0x81, 0xC2,
    0xC7, 0xEF, 0x40, 0xCC, 0x1E, 0x72, 0x64, 0x03, 0xE6, 0x60, 0xCB, 0x37, 0xC7, 0xDC, 0x21, 0x12,
    0xDB, 0x22, 0x15, 0x12, 0xF3, 0x3B, 0x4D, 0x41, 0x17, 0xA6, 0x66, 0x62, 0x26, 0xDA, 0xF7, 0xAB,
    0x63, 0xD6, 0xB1, 0xA1, 0xF5, 0xEF, 0x9B, 0xBE, 0x8C, 0xE4, 0x1A, 0x7F, 0x08, 0x69, 0xAD, 0x5D,
    0xF1, 0x60, 0xCB, 0xA4, 0x4D, 0x4B, 0xD3, 0x98, 0xCA, 0x8D, 0x45, 0x19, 0xDA, 0x50, 0xEA, 0x2F,
    0x87, 0x7C, 0xD7, 0x96, 0x23, 0x93, 0x2F, 0xC5, 0x28, 0xA1, 0x09, 0x11, 0xE3, 0xCE, 0x49, 0x35,
    0xCC, 0xA4, 0xE5, 0x80, 0x0D, 0xDD, 0x90, 0x0E, 0xB9, 0xE6, 0xAD, 0x8C, 0x96, 0x75, 0xB7, 0x1C,
    0x84, 0xF1, 0x8C, 0x33, 0x0B, 0xAD, 0xF0, 0x0A, 0xA2, 0xED, 0x33, 0x5B, 0x04, 0xE9, 0xDC, 0x0B,
    0xD9, 0x95, 0x0E, 0xFC, 0x32, 0xEB, 0xCF, 0xF1, 0x68, 0xAA, 0xED, 0x78, 0x2C, 0x6D, 0x1D, 0x71,
    0xAE, 0x83, 0xBC, 0x40, 0xEA, 0x76, 0x3C, 0xCE, 0x9C, 0x3C, 0xAB, 0xC0, 0x6B, 0x7B, 0x3F, 0xC2,
    0xD7, 0x7D, 0x37, 0xCD, 0x94, 0xCA, 0x51, 0xB7, 0x17, 0xCA, 0x75, 0xDC, 0x99, 0xB0, 0xA5, 0xA0,
    0xDB, 0x09, 0x47, 0xB5, 0x13, 0xBE, 0x12, 0x77, 0xC5, 0x2A, 0x6C, 0x21, 0x98, 0xE7, 0xE2, 0x2E,
    0x02, 0xD4, 0x98, 0xCA, 0x94, 0xB2, 0x7C, 0x74, 0x4B, 0xA2, 0x2F, 0x69, 0x31, 0x8E, 0x77, 0xF2,
    0x77, 0xD0, 0x72, 0xC3, 0x55, 0xD8, 0xF7, 0x88, 0x3A, 0xC9, 0x7E, 0xD0, 0xB5, 0x71, 0x6E, 0xC9,
    0xB4, 0x8F, 0x9B, 0x10, 0x1A, 0xD5, 0xE0, 0x80, 0xAF, 0x01, 0xFD, 0xB9, 0x18, 0x87, 0xE5, 0xD4,
    0x0C, 0xB4, 0xE8, 0x7A, 0x50, 0x5F, 0x72, 0x34, 0x95, 0x10, 0x2A, 0xFD, 0x5B, 0x6B, 0x7F, 0xD2,
    0xDB, 0xA8, 0x77, 0xF8, 0xFF, 0xA0, 0xB3, 0xDC, 0x22, 0x43, 0xCE, 0xFB, 0xB6, 0x27, 0x7A, 0xDF,
    0x6F, 0x1D, 0x24, 0xE2, 0xDC, 0x01, 0xD1, 0x03, 0x44, 0xC7, 0x61, 0x51, 0x8F, 0x6C, 0x8E, 0x7A,
    0x43, 0xE8, 0xFC, 0x1E, 0xE9, 0xF4, 0x26, 0x2D, 0xCA, 0xED, 0x85, 0x76, 0x9A, 0x56, 0x32, 0xC9,
    0x37, 0x16, 0xBF, 0xF4, 0x2D, 0xC8, 0x82, 0xA5, 0xA9, 0xA9, 0xB5, 0x92, 0x1A, 0x69, 0x19, 0x1F,
    0x70, 0x99, 0x3E, 0x40, 0x91, 0xFC, 0xEB, 0xE3, 0xCE, 0xF0, 0xC7, 0xFD, 0x3E, 0xDF, 0xEF, 0x43,
    0x55, 0x68, 0xC7, 0x9F, 0xB1, 0x07, 0x63, 0x6D, 0x4E, 0xAD, 0xC8, 0x2C, 0x8B, 0x2E, 0x46, 0x1F,
    0x24, 0x82, 0xC8, 0x4E, 0x66, 0xA1, 0x7B, 0x30, 0xDB, 0x47, 0xF8, 0xF5, 0x80, 0xC7, 0x6B, 0x34,
    0x8D, 0x57, 0x20, 0x35, 0xDA, 0x38, 0xD3, 0x20, 0xF9, 0x97, 0xB2, 0x95, 0x15, 0x4B, 0xD0, 0x4B,
    0x4C, 0x0A, 0x02, 0x8B, 0x42, 0xC1, 0x4A, 0x05, 0x94, 0x47, 0xC7, 0xD2, 0x9A, 0x93, 0x2E, 0xBB,
    0xDF, 0xDB, 0xF7, 0x06, 0xFB, 0xAF, 0x21, 0xE3, 0x01, 0x15, 0x50, 0x64, 0xC4, 0x14, 0xE5, 0x1A,
    0xCB, 0x95, 0xE5, 0x1C, 0x58, 0xBA, 0x9B, 0x4F, 0xEF, 0x60, 0xB9, 0xDA, 0x37, 0xA5, 0x27, 0xC0,
    0xEA, 0xFB, 0x28, 0xB5, 0xEF, 0xC1, 0x10, 0x0F, 0xC7, 0x3D, 0x94, 0xFC, 0x5E, 0x9C, 0xB8, 0x10,
    0x4C, 0x5B, 0x0A, 0xFC, 0x02, 0xFC, 0xA1, 0x87, 0x15, 0xE0, 0xC6, 0xD7, 0xB0, 0xC4, 0xB2, 0xF3,
    0x5B, 0x2B, 0xBA, 0x4F, 0x34, 0xE8, 0xEE, 0xD5, 0x6F, 0xE6, 0xB1, 0x5D, 0xB0, 0xEB, 0x8A, 0x52,
    0x14, 0xF9, 0x56, 0xA2, 0x49, 0xBA, 0x32, 0x9B, 0x4B, 0x39, 0x75, 0x9A, 0x5F, 0x08, 0x1F, 0x29,
    0xEF, 0x5B, 0x45, 0xFE, 0x48, 0x25, 0x62, 0x35, 0xB0, 0x76, 0x0C, 0x53, 0x91, 0x27, 0x59, 0x2D,
    0xE0, 0xE3, 0x0F, 0x34, 0x36, 0xED, 0xA7, 0x12, 0x8C, 0x4E, 0x83, 0xD1, 0x6A, 0x30, 0x42, 0x1D,
    0x27, 0x6D, 0x0B, 0xD9, 0x46, 0x5C, 0x9C, 0xF1, 0x67, 0xA2, 0x9B, 0x0E, 0xE1, 0xDE, 0x95, 0xF3,
    0xD4, 0xF0, 0x35, 0x4B, 0x3E, 0x0D, 0x24, 0xAF, 0x69, 0x5A, 0x1D, 0x94, 0x33, 0xF5, 0x77, 0x4E,
    0x5B, 0xBB, 0xF5, 0xE7, 0xFC, 0x8F, 0x75, 0xF0, 0xFF, 0x7B, 0x35, 0xD3, 0xE4, 0x6D, 0x81, 0xBD,
    0x5F, 0x21, 0xF1, 0xFA, 0x45, 0x8F, 0x1E, 0x4B, 0xFF, 0xF6, 0x07, 0x04, 0x6B, 0xE3, 0x07, 0xEA,
    0xAB, 0x57, 0x07, 0x37, 0xB8, 0xAB, 0x57, 0x15, 0x6D, 0x07, 0x7F, 0x48, 0xCE, 0x20, 0xC7, 0x10,
    0x9C, 0xB7, 0x49, 0xA3, 0xF2, 0x43, 0xA6, 0x71, 0xBD, 0x55, 0x49, 0xBB, 0x50, 0xC3, 0xA2, 0xD1,
    0xB6, 0x68, 0x97, 0xDE, 0x98, 0x54, 0x4A, 0x1F, 0x0A, 0x80, 0x73, 0x79, 0x8E, 0x5E, 0x7F, 0x4B,
    0x2A, 0xBA, 0xDF, 0xB4, 0x13, 0xD2, 0x62, 0xCD, 0x68, 0x04, 0x59, 0x70, 0x85, 0xAF, 0xEE, 0x49,
    0x1F, 0x3A, 0xC3, 0x48, 0x0D, 0x67, 0xC5, 0x0B, 0xA9, 0x3C, 0xEC, 0x14, 0x4E, 0x81, 0x7E, 0x18,
    0xD9, 0x10, 0x79, 0x4F, 0x10, 0xB2, 0x52, 0x35, 0x34, 0x41, 0x41, 0x02, 0xFC, 0x9A, 0x4A, 0x19,
    0xFD, 0x65, 0x8F, 0x2E, 0x64, 0x6F, 0x37, 0xD3, 0xB6, 0x2B, 0xC8, 0x79, 0x21, 0x66, 0x85, 0xA6,
    0x3F, 0xAB, 0x01, 0x76, 0xA6, 0x03, 0x89, 0x47, 0x81, 0x3D, 0xBE, 0x29, 0x7E, 0xFD, 0xB7, 0xCC,
    0x62, 0x27, 0x5D, 0x68, 0x4E, 0x23, 0x4F, 0x7A, 0xBA, 0x54, 0xF0, 0xB8, 0x87, 0x86, 0x91, 0x7B,
    0xCC, 0x0F, 0x20, 0x63, 0x9E, 0x79, 0x4E, 0x97, 0x43, 0xFD, 0xF8, 0x13, 0x8E, 0x3F, 0xFB, 0xE2,
    0x91, 0xF3, 0x2A, 0x2B, 0xF7, 0x34, 0x58, 0x50, 0x20, 0x72, 0x53, 0xA5, 0xB5, 0xA9, 0xB2, 0xC1,
    0x94, 0x09, 0xC3, 0xC1, 0x05, 0xB2, 0x55, 0x3A, 0x98, 0x98, 0x65, 0x65, 0x29, 0x57, 0x68, 0x81,
    0x4E, 0x30, 0x52, 0x3C, 0x68, 0x63, 0xDE, 0xC7, 0xC1, 0x72, 0x34, 0x32, 0x27, 0x9D, 0xAF, 0xA6,
    0x1A, 0xF4, 0x96, 0xB0, 0x7A, 0x43, 0x15, 0x6B, 0x51, 0x87, 0xB3, 0x1A, 0x8B, 0xEF, 0xCE, 0x7D,
    0xC9, 0x77, 0x85, 0xFC, 0x48, 0x9E, 0x2C, 0x64, 0x9B, 0xC4, 0x82, 0x1D, 0x14, 0x93, 0xC9, 0x6F,
    0x94, 0xAE, 0x8F, 0x0F, 0x64, 0xBB, 0xE8, 0xA8, 0x0E, 0xA3, 0x78, 0xE2, 0x49, 0x43, 0x37, 0xD0,
    0x27, 0xE6, 0x8E, 0x4F, 0xB8, 0x29, 0xF8, 0x26, 0xC8, 0x31, 0x15, 0xF5, 0x06, 0xE4, 0x4F, 0x75,
    0xD7, 0xD1, 0x0F, 0x65, 0x43, 0x0A, 0x53, 0x5B, 0xD1, 0x5A, 0x4A, 0xD1, 0x8D, 0x2F, 0xC4, 0xD4,
    0xE2, 0x07, 0x23, 0xB8, 0xC9, 0xA4, 0xFA, 0xB8, 0x23, 0x54, 0x71, 0xE0, 0xF9, 0x70, 0x08, 0xC4,
    0x15, 0xD4, 0x95, 0x8A, 0xEE, 0xC3, 0x61, 0x51, 0xFB, 0xFD, 0x1D, 0x23, 0x59, 0x96, 0x7B, 0xA8,
    0x35, 0xDD, 0xD4, 0x0C, 0x69, 0x7F, 0xBA, 0xD5, 0x67, 0x9D, 0xB6, 0x3E, 0xC2, 0xDF, 0x6F, 0x30,
    0x19, 0x35, 0xA1, 0x30, 0x4C, 0x74, 0xE8, 0xE8, 0xD6, 0xFB, 0x16, 0xA7, 0xA9, 0xF2, 0xD9, 0xAB,
    0xF4, 0x3F, 0x45, 0x8D, 0xC1, 0x0D, 0x80, 0x30, 0x0C, 0x03, 0x23, 0xF2, 0xE4, 0x91, 0x01, 0xD8,
    0x85, 0xC2, 0x64, 0x88, 0xC9, 0x28, 0x1B, 0x74, 0x04, 0x46, 0xE8, 0x07, 0x09, 0xA1, 0x8A, 0x23,
    0x11, 0x0F, 0x22, 0xC7, 0x0F, 0x5B, 0xB6, 0x45, 0x54, 0xE2, 0x2C, 0x07, 0xA7, 0x1A, 0x4C, 0x73,
    0x52, 0x08, 0x79, 0xEA, 0xDD, 0x18, 0xA5, 0x73, 0x83, 0x61, 0x6E, 0x21, 0xEF, 0x88, 0xC1, 0x4A,
    0x4E, 0x3C, 0x4A, 0xDD, 0xB8, 0x8C, 0x2B, 0x51, 0x1D, 0xC6, 0xB1, 0x91, 0x95, 0x33, 0xC2, 0x10,
    0x45, 0xE9, 0xC4, 0xB3, 0x56, 0x16, 0xEF, 0xD1, 0xB2, 0x44, 0xFF, 0xDD, 0xFE, 0xAD, 0x6F, 0xB7,
    0xF3, 0x7F, 0x01, 0x63, 0x60, 0x00, 0x83, 0x3D, 0x0C, 0x0C, 0x1A, 0xE2, 0x17, 0x18, 0x18, 0x58,
    0x98, 0x0E, 0x30, 0x36, 0xD4, 0x9A, 0x7C, 0x9A, 0x77, 0x60, 0xFF, 0xBE, 0xDF, 0xFF, 0x0F, 0x84,
    0xBF, 0x7F, 0xFF, 0xBF, 0x01, 0x24, 0x7F, 0x03, 0x44, 0x38, 0x80, 0x88, 0x14, 0x20, 0x76, 0x7C,
    0xC3, 0xC6, 0xC0, 0xFF, 0xE9, 0x0E, 0x3B, 0x97, 0x45, 0xE1, 0x1F, 0xE6, 0xF7, 0x5F, 0x7F, 0xED,
    0x61, 0xDF, 0xFA, 0x7F, 0xFD, 0x03, 0x3D, 0x90, 0xB4, 0x09, 0x88, 0xE0, 0x64, 0x60, 0xE0, 0x66,
    0x7A, 0xC0, 0xEC, 0x5E, 0x22, 0x7E, 0xBF, 0xA4, 0xFE, 0xDF, 0x07, 0x00,
};

static const EpdGlyph arabic_12_boldGlyphs[] = {
    { 29, 10, 457, 0, 5, 73, 0 }, // U+0600
    { 37, 9, 594, 0, 0, 84, 73 }, // U+0601
    { 29, 10, 453, 0, 5, 73, 157 }, // U+0602
    { 34, 10, 545, 0, 5, 85, 230 }, // U+0603
    { 55, 17, 871, 0, 11, 234, 315 }, // U+0604
    { 31, 7, 496, 0, 20, 55, 549 }, // U+0605
    { 16, 20, 254, 0, 20, 80, 604 }, // U+0606
    { 16, 21, 254, 0, 21, 84, 684 }, // U+0607
    { 31, 19, 492, 0, 12, 148, 768 }, // U+0608
    { 18, 19, 302, 1, 18, 86, 916 }, // U+0609
    { 23, 19, 388, 1, 18, 110, 1002 }, // U+060A
    { 12, 28, 202, 0, 21, 84, 1112 }, // U+060B
    { 5, 8, 129, 1, 7, 10, 1196 }, // U+060C
    { 9, 10, 146, 0, 5, 23, 1206 }, // U+060D
    { 25, 12, 391, 0, 11, 75, 1229 }, // U+060E
    { 17, 25, 248, 0, 14, 107, 1304 }, // U+060F
    { 9, 7, 0, 0, 21, 16, 1411 }, // U+0610
    { 8, 7, 0, 0, 21, 14, 1427 }, // U+0611
    { 8, 6, 0, 0, 21, 12, 1441 }, // U+0612
    { 11, 8, 0, 0, 22, 22, 1453 }, // U+0613
    { 12, 4, 0, 0, 19, 12, 1475 }, // U+0614
    { 8, 7, 0, 0, 35, 14, 1487 }, // U+0615
    { 10, 9, 0, 0, 37, 23, 1501 }, // U+0616
    { 5, 8, 0, 0, 36, 10, 1524 }, // U+0617
    { 4, 4, 0, 1, 18, 4, 1534 }, // U+0618
    { 6, 7, 0, 0, 21, 11, 1538 }, // U+0619
    { 4, 4, 0, 1, -1, 4, 1549 }, // U+061A
    { 7, 19, 136, 0, 18, 34, 1553 }, // U+061B
    { 0, 0, 240, 0, 0, 0, 1587 }, // U+061C
    { 12, 20, 232, 1, 19, 60, 1587 }, // U+061D
    { 8, 8, 116, 0, 7, 16, 1647 }, // U+061E
    { 13, 20, 205, 0, 19, 65, 1663 }, // U+061F
    { 21, 24, 328, 0, 12, 126, 1728 }, // U+0620
    { 11, 13, 188, 0, 11, 36, 1854 }, // U+0621
    { 10, 23, 108, -2, 23, 58, 1890 }, // U+0622
    { 6, 25, 108, 0, 25, 38, 1948 }, // U+0623
    { 12, 24, 199, 0, 18, 72, 1986 }, // U+0624
    { 6, 27, 109, 1, 19, 41, 2058 }, // U+0625
    { 21, 19, 328, 0, 13, 100, 2099 }, // U+0626
    { 5, 19, 109, 1, 19, 24, 2199 }, // U+0627
    { 25, 19, 410, 0, 12, 119, 2223 }, // U+0628
    { 11, 21, 188, 0, 20, 58, 2342 }, // U+0629
    { 25, 16, 410, 0, 15, 100, 2400 }, // U+062A
    { 25, 19, 410, 0, 18, 119, 2500 }, // U+062B
    { 17, 23, 275, 0, 13, 98, 2619 }, // U+062C
    { 17, 23, 275, 0, 13, 98, 2717 }, // U+062D
    { 17, 29, 275, 0, 19, 124, 2815 }, // U+062E
    { 12, 14, 207, 0, 13, 42, 2939 }, // U+062F
    { 12, 20, 207, 0, 19, 60, 2981 }, // U+0630
    { 10, 16, 164, -1, 10, 40, 3041 }, // U+0631
    { 10, 23, 164, -1, 17, 58, 3081 }, // U+0632
    { 33, 18, 548, 0, 12, 149, 3139 }, // U+0633
    { 33, 25, 548, 0, 19, 207, 3288 }, // U+0634
    { 35, 17, 569, 0, 11, 149, 3495 }, // U+0635
    { 35, 24, 569, 0, 18, 210, 3644 }, // U+0636
    { 21, 20, 338, 0, 19, 105, 3854 }, // U+0637
    { 21, 20, 338, 0, 19, 105, 3959 }, // U+0638
    { 17, 24, 228, 0, 14, 102, 4064 }, // U+0639
    { 17, 31, 228, 0, 21, 132, 4166 }, // U+063A
    { 23, 23, 364, 0, 22, 133, 4298 }, // U+063B
    { 23, 27, 364, 0, 18, 156, 4431 }, // U+063C
    { 21, 20, 328, 0, 14, 105, 4587 }, // U+063D
    { 21, 18, 328, 0, 12, 95, 4692 }, // U+063E
    { 21, 21, 328, 0, 15, 111, 4787 }, // U+063F
    { 10, 5, 116, 0, 4, 13, 4898 }, // U+0640
    { 25, 22, 410, 0, 21, 138, 4911 }, // U+0641
    { 20, 23, 333, 0, 18, 115, 5049 }, // U+0642
    { 23, 20, 372, 0, 19, 115, 5164 }, // U+0643
    { 18, 25, 296, 0, 19, 113, 5279 }, // U+0644
    { 13, 22, 219, 0, 12, 72, 5392 }, // U+0645
    { 18, 21, 296, 0, 15, 95, 5464 }, // U+0646
    { 19, 15, 308, 0, 14, 72, 5559 }, // U+0647
    { 12, 17, 199, 0, 11, 51, 5631 }, // U+0648
    { 21, 18, 328, 0, 12, 95, 5682 }, // U+0649
    { 21, 24, 328, 0, 12, 126, 5777 }, // U+064A
    { 6, 8, 0, 1, 22, 12, 5903 }, // U+064B
    { 9, 8, 0, 0, 22, 18, 5915 }, // U+064C
    { 6, 8, 0, 1, 0, 12, 5933 }, // U+064D
    { 6, 5, 0, 1, 19, 8, 5945 }, // U+064E
    { 8, 8, 0, 0, 22, 16, 5953 }, // U+064F
    { 6, 5, 0, 1, 0, 8, 5969 }, // U+0650
    { 8, 6, 0, 0, 20, 12, 5977 }, // U+0651
    { 6, 6, 0, 0, 21, 9, 5989 }, // U+0652
    { 9, 4, 0, 0, 19, 9, 5998 }, // U+0653
    { 7, 7, 0, 0, 21, 13, 6007 }, // U+0654
    { 7, 7, 0, 0, -1, 13, 6020 }, // U+0655
    { 3, 6, 0, 1, -1, 5, 6033 }, // U+0656
    { 8, 8, 0, 0, 22, 16, 6038 }, // U+0657
    { 6, 5, 0, 0, 19, 8, 6054 }, // U+0658
    { 7, 3, 0, 0, 18, 6, 6062 }, // U+0659
    { 7, 6, 0, 0, 20, 11, 6068 }, // U+065A
    { 7, 7, 0, 0, 20, 13, 6079 }, // U+065B
    { 5, 5, 0, 0, -1, 7, 6092 }, // U+065C
    { 8, 7, 0, 1, 21, 14, 6099 }, // U+065D
    { 6, 8, 0, 1, 22, 12, 6113 }, // U+065E
    { 8, 7, 0, 0, -1, 14, 6125 }, // U+065F
    { 7, 7, 138, 1, 11, 13, 6139 }, // U+0660
    { 6, 19, 133, 1, 18, 29, 6152 }, // U+0661
    { 12, 19, 218, 1, 18, 57, 6181 }, // U+0662
    { 14, 19, 246, 1, 18, 67, 6238 }, // U+0663
    { 12, 19, 197, 1, 18, 57, 6305 }, // U+0664
    { 12, 14, 228, 1, 14, 42, 6362 }, // U+0665
    { 13, 19, 224, 0, 18, 62, 6404 }, // U+0666
    { 16, 19, 256, 0, 18, 76, 6466 }, // U+0667
    { 16, 18, 256, 0, 17, 72, 6542 }, // U+0668
    { 13, 18, 218, 0, 18, 59, 6614 }, // U+0669
    { 12, 19, 216, 1, 18, 57, 6673 }, // U+066A
    { 7, 10, 108, 0, 5, 18, 6730 }, // U+066B
    { 7, 10, 108, 0, 17, 18, 6748 }, // U+066C
    { 13, 13, 199, 0, 12, 43, 6766 }, // U+066D
    { 25, 13, 410, 0, 12, 82, 6809 }, // U+066E
    { 20, 17, 333, 0, 12, 85, 6891 }, // U+066F
    { 3, 6, 0, 1, 20, 5, 6976 }, // U+0670
    { 9, 25, 108, -1, 25, 57, 6981 }, // U+0671
    { 9, 25, 108, -1, 25, 57, 7038 }, // U+0672
    { 9, 27, 109, -2, 19, 61, 7095 }, // U+0673
    { 11, 13, 188, 0, 14, 36, 7156 }, // U+0674
    { 17, 19, 297, 1, 19, 81, 7192 }, // U+0675
    { 24, 20, 387, 0, 14, 120, 7273 }, // U+0676
    { 24, 24, 387, 0, 18, 144, 7393 }, // U+0677
    { 32, 20, 516, 0, 14, 160, 7537 }, // U+0678
    { 25, 19, 410, 0, 18, 119, 7697 }, // U+0679
    { 25, 19, 410, 0, 18, 119, 7816 }, // U+067A
    { 25, 23, 410, 0, 12, 144, 7935 }, // U+067B
    { 25, 19, 410, 0, 15, 119, 8079 }, // U+067C
    { 25, 19, 410, 0, 18, 119, 8198 }, // U+067D
    { 25, 21, 410, 0, 12, 132, 8317 }, // U+067E
    { 25, 18, 410, 0, 17, 113, 8449 }, // U+067F
    { 25, 22, 410, 0, 12, 138, 8562 }, // U+0680
    { 17, 31, 275, 0, 21, 132, 8700 }, // U+0681
    { 17, 32, 275, 0, 22, 136, 8832 }, // U+0682
    { 17, 23, 275, 0, 13, 98, 8968 }, // U+0683
    { 17, 23, 275, 0, 13, 98, 9066 }, // U+0684
    { 17, 32, 275, 0, 22, 136, 9164 }, // U+0685
    { 17, 23, 275, 0, 13, 98, 9300 }, // U+0686
    { 17, 23, 275, 0, 13, 98, 9398 }, // U+0687
    { 12, 23, 207, 0, 22, 69, 9496 }, // U+0688
    { 12, 17, 207, 0, 13, 51, 9565 }, // U+0689
    { 12, 19, 207, 0, 13, 57, 9616 }, // U+068A
    { 12, 28, 207, 0, 22, 84, 9673 }, // U+068B
    { 12, 20, 207, 0, 19, 60, 9757 }, // U+068C
    { 12, 19, 207, 0, 13, 57, 9817 }, // U+068D
    { 12, 23, 207, 0, 22, 69, 9874 }, // U+068E
    { 12, 23, 207, 0, 22, 69, 9943 }, // U+068F
    { 12, 22, 207, 0, 21, 66, 10012 }, // U+0690
    { 11, 26, 164, -1, 20, 72, 10078 }, // U+0691
    { 10, 25, 164, -1, 19, 63, 10150 }, // U+0692
    { 11, 16, 164, -1, 10, 44, 10213 }, // U+0693
    { 10, 21, 164, -1, 10, 53, 10257 }, // U+0694
    { 10, 21, 164, -1, 10, 53, 10310 }, // U+0695
    { 11, 21, 164, -2, 10, 58, 10363 }, // U+0696
    { 11, 23, 164, -1, 17, 64, 10421 }, // U+0697
    { 11, 26, 164, -1, 20, 72, 10485 }, // U+0698
    { 11, 25, 164, -1, 19, 69, 10557 }, // U+0699
    { 33, 22, 548, 0, 16, 182, 10626 }, // U+069A
    { 33, 21, 548, 0, 12, 174, 10808 }, // U+069B
    { 33, 28, 548, 0, 19, 231, 10982 }, // U+069C
    { 35, 17, 569, 0, 11, 149, 11213 }, // U+069D
    { 35, 27, 569, 0, 21, 237, 11362 }, // U+069E
    { 21, 22, 338, 0, 21, 116, 11599 }, // U+069F
    { 17, 34, 228, 0, 24, 145, 11715 }, // U+06A0
    { 25, 16, 410, 0, 15, 100, 11860 }, // U+06A1
    { 25, 21, 410, 0, 15, 132, 11960 }, // U+06A2
    { 25, 27, 410, 0, 21, 169, 12092 }, // U+06A3
    { 25, 25, 410, 0, 24, 157, 12261 }, // U+06A4
    { 25, 24, 410, 0, 15, 150, 12418 }, // U+06A5
    { 25, 24, 410, 0, 23, 150, 12568 }, // U+06A6
    { 20, 23, 333, 0, 18, 115, 12718 }, // U+06A7
    { 20, 26, 333, 0, 21, 130, 12833 }, // U+06A8
    { 23, 19, 364, 0, 18, 110, 12963 }, // U+06A9
    { 24, 17, 414, 1, 16, 102, 13073 }, // U+06AA
    { 23, 19, 364, 0, 18, 110, 13175 }, // U+06AB
    { 23, 22, 372, 0, 21, 127, 13285 }, // U+06AC
    { 23, 24, 372, 0, 23, 138, 13412 }, // U+06AD
    { 23, 28, 372, 0, 19, 161, 13550 }, // U+06AE
    { 23, 23, 364, 0, 22, 133, 13711 }, // U+06AF
    { 23, 23, 364, 0, 22, 133, 13844 }, // U+06B0
    { 23, 26, 364, 0, 25, 150, 13977 }, // U+06B1
    { 23, 29, 364, 0, 22, 167, 14127 }, // U+06B2
    { 23, 32, 364, 0, 22, 184, 14294 }, // U+06B3
    { 23, 27, 364, 0, 26, 156, 14478 }, // U+06B4
    { 19, 33, 296, 0, 27, 157, 14634 }, // U+06B5
    { 18, 31, 296, 0, 25, 140, 14791 }, // U+06B6
    { 19, 34, 296, 0, 28, 162, 14931 }, // U+06B7
    { 18, 34, 296, 0, 19, 153, 15093 }, // U+06B8
    { 18, 27, 296, 0, 15, 122, 15246 }, // U+06B9
    { 18, 16, 296, 0, 10, 72, 15368 }, // U+06BA
    { 18, 24, 296, 0, 18, 108, 15440 }, // U+06BB
    { 18, 25, 296, 0, 15, 113, 15548 }, // U+06BC
    { 18, 24, 296, 0, 18, 108, 15661 }, // U+06BD
    { 19, 15, 308, 0, 14, 72, 15769 }, // U+06BE
    { 17, 29, 275, 0, 19, 124, 15841 }, // U+06BF
    { 11, 22, 188, 0, 21, 61, 15965 }, // U+06C0
    { 11, 15, 188, 0, 14, 42, 16026 }, // U+06C1
    { 11, 22, 188, 0, 21, 61, 16068 }, // U+06C2
    { 11, 21, 188, 0, 20, 58, 16129 }, // U+06C3
    { 12, 18, 199, 0, 10, 54, 16187 }, // U+06C4
    { 12, 18, 199, 0, 10, 54, 16241 }, // U+06C5
    { 12, 24, 199, 0, 18, 72, 16295 }, // U+06C6
    { 12, 24, 199, 0, 18, 72, 16367 }, // U+06C7
    { 12, 24, 199, 0, 18, 72, 16439 }, // U+06C8
    { 12, 24, 199, 0, 18, 72, 16511 }, // U+06C9
    { 12, 22, 199, 0, 16, 66, 16583 }, // U+06CA
    { 12, 25, 199, 0, 19, 75, 16649 }, // U+06CB
    { 21, 18, 328, 0, 12, 95, 16724 }, // U+06CC
    { 25, 18, 328, -4, 12, 113, 16819 }, // U+06CD
    { 21, 20, 328, 0, 14, 105, 16932 }, // U+06CE
    { 12, 22, 199, 0, 16, 66, 17037 }, // U+06CF
    { 21, 28, 328, 0, 12, 147, 17103 }, // U+06D0
    { 21, 27, 328, 0, 12, 142, 17250 }, // U+06D1
    { 23, 14, 377, 0, 13, 81, 17392 }, // U+06D2
    { 23, 21, 377, 0, 20, 121, 17473 }, // U+06D3
    { 7, 3, 130, 1, 3, 6, 17594 }, // U+06D4
    { 11, 15, 188, 0, 14, 42, 17600 }, // U+06D5
    { 12, 8, 0, 0, 36, 24, 17642 }, // U+06D6
    { 9, 9, 0, 0, 37, 21, 17666 }, // U+06D7
    { 8, 5, 0, 1, 33, 10, 17687 }, // U+06D8
    { 6, 7, 0, 0, 35, 11, 17697 }, // U+06D9
    { 7, 8, 0, 0, 36, 14, 17708 }, // U+06DA
    { 7, 6, 0, 0, 34, 11, 17722 }, // U+06DB
    { 12, 7, 0, 0, 35, 21, 17733 }, // U+06DC
    { 30, 31, 548, 2, 22, 233, 17754 }, // U+06DD
    { 25, 24, 400, 0, 19, 150, 17987 }, // U+06DE
    { 6, 6, 0, 0, 21, 9, 18137 }, // U+06DF
    { 6, 8, 0, 0, 22, 12, 18146 }, // U+06E0
    { 6, 6, 0, 1, 21, 9, 18158 }, // U+06E1
    { 6, 8, 0, 0, 19, 12, 18167 }, // U+06E2
    { 12, 7, 0, 0, 0, 21, 18179 }, // U+06E3
    { 9, 4, 0, 0, 19, 9, 18200 }, // U+06E4
    { 6, 7, 84, 0, 6, 11, 18209 }, // U+06E5
    { 9, 7, 140, 0, 6, 16, 18220 }, // U+06E6
    { 9, 7, 0, 0, 21, 16, 18236 }, // U+06E7
    { 7, 8, 0, 0, 36, 14, 18252 }, // U+06E8
    { 14, 18, 243, 1, 18, 63, 18266 }, // U+06E9
    { 8, 8, 0, 0, -1, 16, 18329 }, // U+06EA
    { 8, 8, 0, 0, 22, 16, 18345 }, // U+06EB
    { 5, 5, 0, 0, 20, 7, 18361 }, // U+06EC
    { 6, 8, 0, 0, -2, 12, 18368 }, // U+06ED
    { 12, 22, 207, 0, 21, 66, 18380 }, // U+06EE
    { 10, 25, 164, -1, 19, 63, 18446 }, // U+06EF
    { 7, 7, 138, 1, 11, 13, 18509 }, // U+06F0
    { 6, 19, 133, 1, 18, 29, 18522 }, // U+06F1
    { 12, 19, 218, 1, 18, 57, 18551 }, // U+06F2
    { 14, 19, 246, 1, 18, 67, 18608 }, // U+06F3
    { 13, 19, 224, 1, 18, 62, 18675 }, // U+06F4
    { 14, 17, 252, 1, 17, 60, 18737 }, // U+06F5
    { 12, 18, 187, 0, 17, 54, 18797 }, // U+06F6
    { 15, 19, 229, 0, 18, 72, 18851 }, // U+06F7
    { 16, 18, 256, 0, 17, 72, 18923 }, // U+06F8
    { 13, 18, 218, 0, 18, 59, 18995 }, // U+06F9
    { 33, 25, 548, 0, 19, 207, 19054 }, // U+06FA
    { 35, 24, 569, 0, 18, 210, 19261 }, // U+06FB
    { 17, 31, 228, 0, 21, 132, 19471 }, // U+06FC
    { 11, 18, 188, 0, 11, 50, 19603 }, // U+06FD
    { 13, 22, 219, 0, 12, 72, 19653 }, // U+06FE
    { 19, 23, 308, 0, 22, 110, 19725 }, // U+06FF
    { 25, 19, 410, 0, 12, 119, 19835 }, // U+0750
    { 25, 25, 410, 0, 18, 157, 19954 }, // U+0751
    { 25, 21, 410, 0, 12, 132, 20111 }, // U+0752
    { 25, 24, 410, 0, 15, 150, 20243 }, // U+0753
    { 25, 22, 410, 0, 15, 138, 20393 }, // U+0754
    { 25, 20, 410, 0, 12, 125, 20531 }, // U+0755
    { 25, 18, 410, 0, 17, 113, 20656 }, // U+0756
    { 17, 29, 275, 0, 19, 124, 20769 }, // U+0757
    { 17, 23, 275, 0, 13, 98, 20893 }, // U+0758
    { 12, 32, 207, 0, 22, 96, 20991 }, // U+0759
    { 12, 20, 207, 0, 13, 60, 21087 }, // U+075A
    { 12, 16, 164, -1, 10, 48, 21147 }, // U+075B
    { 33, 24, 548, 0, 18, 198, 21195 }, // U+075C
    { 17, 31, 228, 0, 21, 132, 21393 }, // U+075D
    { 17, 34, 228, 0, 24, 145, 21525 }, // U+075E
    { 17, 34, 228, 0, 24, 145, 21670 }, // U+075F
    { 25, 21, 410, 0, 15, 132, 21815 }, // U+0760
    { 25, 24, 410, 0, 15, 150, 21947 }, // U+0761
    { 23, 24, 364, 0, 23, 138, 22097 }, // U+0762
    { 23, 24, 364, 0, 23, 138, 22235 }, // U+0763
    { 23, 27, 364, 0, 18, 156, 22373 }, // U+0764
    { 13, 28, 219, 0, 18, 91, 22529 }, // U+0765
    { 13, 22, 219, 0, 12, 72, 22620 }, // U+0766
    { 18, 27, 296, 0, 15, 122, 22692 }, // U+0767
    { 18, 27, 296, 0, 21, 122, 22814 }, // U+0768
    { 18, 27, 296, 0, 21, 122, 22936 }, // U+0769
    { 19, 25, 296, 0, 19, 119, 23058 }, // U+076A
    { 10, 26, 164, -1, 20, 65, 23177 }, // U+076B
    { 10, 24, 164, -1, 18, 60, 23242 }, // U+076C
    { 33, 25, 548, 0, 19, 207, 23302 }, // U+076D
    { 17, 23, 275, 0, 13, 98, 23509 }, // U+076E
    { 17, 23, 275, 0, 13, 98, 23607 }, // U+076F
    { 33, 26, 548, 0, 20, 215, 23705 }, // U+0770
    { 10, 26, 164, -1, 20, 65, 23920 }, // U+0771
    { 17, 32, 275, 0, 22, 136, 23985 }, // U+0772
    { 9, 25, 140, -1, 25, 57, 24121 }, // U+0773
    { 9, 25, 140, -1, 25, 57, 24178 }, // U+0774
    { 21, 21, 328, 0, 15, 111, 24235 }, // U+0775
    { 21, 21, 328, 0, 15, 111, 24346 }, // U+0776
    { 21, 25, 328, 0, 12, 132, 24457 }, // U+0777
    { 12, 23, 199, 0, 17, 69, 24589 }, // U+0778
    { 12, 23, 199, 0, 17, 69, 24658 }, // U+0779
    { 23, 20, 377, 0, 19, 115, 24727 }, // U+077A
    { 23, 20, 377, 0, 19, 115, 24842 }, // U+077B
    { 17, 23, 275, 0, 13, 98, 24957 }, // U+077C
    { 33, 26, 548, 0, 20, 215, 25055 }, // U+077D
    { 33, 24, 548, 0, 18, 198, 25270 }, // U+077E
    { 23, 22, 372, 0, 21, 127, 25468 }, // U+077F
    { 6, 21, 109, 0, 21, 32, 25595 }, // U+0870
    { 7, 21, 109, 1, 21, 37, 25627 }, // U+0871
    { 8, 19, 109, 1, 19, 38, 25664 }, // U+0872
    { 8, 19, 109, -2, 19, 38, 25702 }, // U+0873
    { 7, 22, 109, 0, 19, 39, 25740 }, // U+0874
    { 7, 21, 109, 1, 19, 37, 25779 }, // U+0875
    { 5, 22, 109, 1, 22, 28, 25816 }, // U+0876
    { 8, 19, 109, 1, 19, 38, 25844 }, // U+0877
    { 8, 19, 109, -2, 19, 38, 25882 }, // U+0878
    { 5, 23, 109, 1, 19, 29, 25920 }, // U+0879
    { 5, 25, 109, 1, 25, 32, 25949 }, // U+087A
    { 7, 25, 109, 1, 25, 44, 25981 }, // U+087B
    { 8, 25, 109, 1, 25, 50, 26025 }, // U+087C
    { 7, 27, 109, 1, 25, 48, 26075 }, // U+087D
    { 10, 21, 109, -2, 21, 53, 26123 }, // U+087E
    { 11, 19, 109, -2, 19, 53, 26176 }, // U+087F
    { 10, 21, 109, -2, 19, 53, 26229 }, // U+0880
    { 8, 19, 109, 1, 19, 38, 26282 }, // U+0881
    { 9, 19, 109, -3, 19, 43, 26320 }, // U+0882
    { 12, 12, 156, 0, 9, 36, 26363 }, // U+0883
    { 12, 14, 156, 0, 9, 42, 26399 }, // U+0884
    { 10, 10, 116, 0, 4, 25, 26441 }, // U+0885
    { 8, 16, 144, 0, 10, 32, 26466 }, // U+0886
    { 5, 5, 81, 0, 4, 7, 26498 }, // U+0887
    { 5, 5, 81, 0, 7, 7, 26505 }, // U+0888
    { 18, 23, 296, 0, 17, 104, 26512 }, // U+0889
    { 17, 23, 275, 0, 13, 98, 26616 }, // U+088A
    { 21, 25, 338, 0, 19, 132, 26714 }, // U+088B
    { 21, 28, 338, 0, 19, 147, 26846 }, // U+088C
    { 23, 28, 364, 0, 18, 161, 26993 }, // U+088D
    { 9, 11, 124, 1, 7, 25, 27154 }, // U+088E
    { 43, 10, 660, -1, 29, 108, 27179 }, // U+0890
    { 43, 10, 660, -1, 29, 108, 27287 }, // U+0891
    { 20, 10, 0, 0, 38, 50, 27395 }, // U+0898
    { 26, 11, 0, 0, -1, 72, 27445 }, // U+0899
    { 19, 8, 0, 0, -1, 38, 27517 }, // U+089A
    { 30, 10, 0, 0, -1, 75, 27555 }, // U+089B
    { 8, 4, 0, 0, 18, 8, 27630 }, // U+089C
    { 9, 6, 0, 0, 20, 14, 27638 }, // U+089D
    { 10, 5, 0, -1, 20, 13, 27652 }, // U+089E
    { 10, 5, 0, -1, 20, 13, 27665 }, // U+089F
    { 25, 20, 410, 0, 12, 125, 27678 }, // U+08A0
    { 25, 24, 410, 0, 17, 150, 27803 }, // U+08A1
    { 17, 29, 275, 0, 19, 124, 27953 }, // U+08A2
    { 21, 20, 338, 0, 19, 105, 28077 }, // U+08A3
    { 25, 30, 410, 0, 24, 188, 28182 }, // U+08A4
    { 20, 29, 333, 0, 18, 145, 28370 }, // U+08A5
    { 19, 25, 296, 0, 19, 119, 28515 }, // U+08A6
    { 13, 31, 219, 0, 21, 101, 28634 }, // U+08A7
    { 21, 25, 328, 0, 13, 132, 28735 }, // U+08A8
    { 21, 24, 328, 0, 12, 126, 28867 }, // U+08A9
    { 16, 17, 248, 0, 10, 68, 28993 }, // U+08AA
    { 12, 18, 199, 0, 10, 54, 29061 }, // U+08AB
    { 16, 18, 258, 0, 12, 72, 29115 }, // U+08AC
    { 5, 10, 111, 1, 4, 13, 29187 }, // U+08AD
    { 12, 22, 207, 0, 13, 66, 29200 }, // U+08AE
    { 35, 20, 569, 0, 11, 175, 29266 }, // U+08AF
    { 25, 19, 364, 0, 18, 119, 29441 }, // U+08B0
    { 15, 18, 210, 1, 11, 68, 29560 }, // U+08B1
    { 10, 28, 164, -1, 22, 70, 29628 }, // U+08B2
    { 17, 24, 228, 0, 14, 102, 29698 }, // U+08B3
    { 23, 25, 372, 0, 19, 144, 0 }, // U+08B4
    { 20, 23, 333, 0, 12, 115, 144 }, // U+08B5
    { 25, 24, 410, 0, 17, 150, 259 }, // U+08B6
    { 25, 26, 410, 0, 17, 163, 409 }, // U+08B7
    { 25, 17, 410, 0, 16, 107, 572 }, // U+08B8
    { 10, 27, 164, -1, 21, 68, 679 }, // U+08B9
    { 21, 29, 328, 0, 17, 153, 747 }, // U+08BA
    { 25, 16, 410, 0, 15, 100, 900 }, // U+08BB
    { 20, 17, 333, 0, 12, 85, 1000 }, // U+08BC
    { 18, 16, 296, 0, 10, 72, 1085 }, // U+08BD
    { 25, 26, 410, 0, 17, 163, 1157 }, // U+08BE
    { 25, 24, 410, 0, 23, 150, 1320 }, // U+08BF
    { 25, 25, 410, 0, 24, 157, 1470 }, // U+08C0
    { 17, 31, 275, 0, 21, 132, 1627 }, // U+08C1
    { 23, 26, 364, 0, 25, 150, 1759 }, // U+08C2
    { 17, 34, 228, 0, 24, 145, 1909 }, // U+08C3
    { 20, 26, 333, 0, 21, 130, 2054 }, // U+08C4
    { 17, 32, 275, 0, 22, 136, 2184 }, // U+08C5
    { 17, 23, 275, 0, 13, 98, 2320 }, // U+08C6
    { 19, 34, 296, 0, 28, 162, 2418 }, // U+08C7
    { 23, 26, 364, 0, 25, 150, 2580 }, // U+08C8
    { 9, 9, 145, 0, 8, 21, 2730 }, // U+08C9
    { 9, 9, 0, 0, 23, 21, 2751 }, // U+08CA
    { 9, 9, 0, 0, 21, 21, 2772 }, // U+08CB
    { 11, 8, 0, 0, 36, 22, 2793 }, // U+08CC
    { 8, 9, 0, 0, 23, 18, 2815 }, // U+08CD
    { 7, 7, 0, 0, 21, 13, 2833 }, // U+08CE
    { 7, 7, 0, 0, -1, 13, 2846 }, // U+08CF
    { 6, 6, 0, 0, -1, 9, 2859 }, // U+08D0
    { 7, 8, 0, 0, 0, 14, 2868 }, // U+08D1
    { 7, 8, 0, 0, 0, 14, 2882 }, // U+08D2
    { 5, 7, 0, 0, -2, 9, 2896 }, // U+08D3
    { 16, 8, 0, 0, 36, 32, 2905 }, // U+08D4
    { 12, 7, 0, 0, 35, 21, 2937 }, // U+08D5
    { 6, 8, 0, 0, 36, 12, 2958 }, // U+08D6
    { 7, 8, 0, 0, 36, 14, 2970 }, // U+08D7
    { 7, 11, 0, 0, 25, 20, 2984 }, // U+08D8
    { 7, 11, 0, 0, -1, 20, 3004 }, // U+08D9
    { 17, 7, 0, 0, 35, 30, 3024 }, // U+08DA
    { 23, 7, 0, 0, 35, 41, 3054 }, // U+08DB
    { 24, 6, 0, 0, 34, 36, 3095 }, // U+08DC
    { 18, 7, 0, 0, 35, 32, 3131 }, // U+08DD
    { 13, 7, 0, 0, 35, 23, 3163 }, // U+08DE
    { 17, 9, 0, 0, 37, 39, 3186 }, // U+08DF
    { 10, 5, 0, 0, 21, 13, 3225 }, // U+08E0
    { 11, 4, 0, 0, 20, 11, 3238 }, // U+08E1
    { 14, 17, 229, 0, 28, 60, 3249 }, // U+08E2
    { 8, 8, 0, 0, 0, 16, 3309 }, // U+08E3
    { 8, 8, 0, 0, 20, 16, 3325 }, // U+08E4
    { 8, 7, 0, 1, 21, 14, 3341 }, // U+08E5
    { 8, 8, 0, 0, 0, 16, 3355 }, // U+08E6
    { 10, 11, 0, 0, 23, 28, 3371 }, // U+08E7
    { 9, 13, 0, 0, 27, 30, 3399 }, // U+08E8
    { 10, 11, 0, 0, 0, 28, 3429 }, // U+08E9
    { 4, 3, 0, 0, 20, 3, 3457 }, // U+08EA
    { 7, 3, 0, 0, 20, 6, 3460 }, // U+08EB
    { 8, 6, 0, 0, 22, 12, 3466 }, // U+08EC
    { 4, 4, 0, 0, -1, 4, 3478 }, // U+08ED
    { 7, 4, 0, 0, -1, 7, 3482 }, // U+08EE
    { 8, 6, 0, 0, -1, 12, 3489 }, // U+08EF
    { 9, 8, 0, 1, 22, 18, 3501 }, // U+08F0
    { 13, 8, 0, 0, 22, 26, 3519 }, // U+08F1
    { 9, 8, 0, 1, 0, 18, 3545 }, // U+08F2
    { 5, 7, 0, 0, 22, 9, 3563 }, // U+08F3
    { 7, 6, 0, 0, 21, 11, 3572 }, // U+08F4
    { 6, 7, 0, 1, 21, 11, 3583 }, // U+08F5
    { 6, 8, 0, 1, 0, 12, 3594 }, // U+08F6
    { 6, 7, 0, 0, 21, 11, 3606 }, // U+08F7
    { 6, 7, 0, 0, 21, 11, 3617 }, // U+08F8
    { 6, 7, 0, 0, 1, 11, 3628 }, // U+08F9
    { 6, 7, 0, 0, 1, 11, 3639 }, // U+08FA
    { 11, 7, 0, 0, 21, 20, 3650 }, // U+08FB
    { 13, 7, 0, 0, 21, 23, 3670 }, // U+08FC
    { 9, 7, 0, 0, 21, 16, 3693 }, // U+08FD
    { 9, 8, 0, 0, 22, 18, 3709 }, // U+08FE
    { 5, 8, 0, 1, 22, 10, 3727 }, // U+08FF
    { 9, 25, 108, -1, 25, 57, 3737 }, // U+FB50
    { 11, 27, 127, -1, 26, 75, 3794 }, // U+FB51
    { 25, 23, 410, 0, 12, 144, 3869 }, // U+FB52
    { 31, 21, 457, 0, 10, 163, 4013 }, // U+FB53
    { 7, 22, 127, 0, 12, 39, 4176 }, // U+FB54
    { 12, 19, 154, 0, 9, 57, 4215 }, // U+FB55
    { 25, 21, 410, 0, 12, 132, 4272 }, // U+FB56
    { 31, 19, 457, 0, 10, 148, 4404 }, // U+FB57
    { 8, 21, 144, 0, 12, 42, 4552 }, // U+FB58
    { 13, 18, 164, 0, 9, 59, 4594 }, // U+FB59
    { 25, 22, 410, 0, 12, 138, 4653 }, // U+FB5A
    { 31, 20, 457, 0, 10, 155, 4791 }, // U+FB5B
    { 8, 21, 144, 0, 12, 42, 4946 }, // U+FB5C
    { 13, 18, 164, 0, 9, 59, 4988 }, // U+FB5D
    { 25, 19, 410, 0, 18, 119, 5047 }, // U+FB5E
    { 31, 19, 457, 0, 18, 148, 5166 }, // U+FB5F
    { 8, 22, 144, 0, 21, 44, 5314 }, // U+FB60
    { 13, 19, 164, 0, 18, 62, 5358 }, // U+FB61
    { 25, 18, 410, 0, 17, 113, 5420 }, // U+FB62
    { 31, 18, 457, 0, 17, 140, 5533 }, // U+FB63
    { 8, 21, 144, 0, 20, 42, 5673 }, // U+FB64
    { 13, 18, 164, 0, 17, 59, 5715 }, // U+FB65
    { 25, 19, 410, 0, 18, 119, 5774 }, // U+FB66
    { 31, 19, 457, 0, 18, 148, 5893 }, // U+FB67
    { 8, 22, 127, 0, 21, 44, 6041 }, // U+FB68
    { 13, 19, 164, 0, 18, 62, 6085 }, // U+FB69
    { 25, 25, 410, 0, 24, 157, 6147 }, // U+FB6A
    { 30, 23, 446, 0, 22, 173, 6304 }, // U+FB6B
    { 12, 25, 202, 0, 24, 75, 6477 }, // U+FB6C
    { 16, 23, 212, 0, 22, 92, 6552 }, // U+FB6D
    { 25, 24, 410, 0, 23, 150, 6644 }, // U+FB6E
    { 30, 22, 446, 0, 21, 165, 6794 }, // U+FB6F
    { 12, 24, 202, 0, 23, 72, 6959 }, // U+FB70
    { 16, 22, 212, 0, 21, 88, 7031 }, // U+FB71
    { 17, 23, 275, 0, 13, 98, 7119 }, // U+FB72
    { 21, 23, 296, 0, 13, 121, 7217 }, // U+FB73
    { 16, 21, 252, 0, 11, 84, 7338 }, // U+FB74
    { 19, 21, 262, 0, 11, 100, 7422 }, // U+FB75
    { 17, 23, 275, 0, 13, 98, 7522 }, // U+FB76
    { 21, 23, 304, 0, 13, 121, 7620 }, // U+FB77
    { 16, 17, 252, 0, 11, 68, 7741 }, // U+FB78
    { 19, 17, 262, 0, 11, 81, 7809 }, // U+FB79
    { 17, 23, 275, 0, 13, 98, 7890 }, // U+FB7A
    { 21, 23, 304, 0, 13, 121, 7988 }, // U+FB7B
    { 16, 20, 252, 0, 11, 80, 8109 }, // U+FB7C
    { 19, 20, 262, 0, 11, 95, 8189 }, // U+FB7D
    { 17, 23, 275, 0, 13, 98, 8284 }, // U+FB7E
    { 21, 23, 304, 0, 13, 121, 8382 }, // U+FB7F
    { 16, 20, 252, 0, 11, 80, 8503 }, // U+FB80
    { 19, 20, 262, 0, 11, 95, 8583 }, // U+FB81
    { 12, 19, 207, 0, 13, 57, 8678 }, // U+FB82
    { 17, 19, 228, 0, 13, 81, 8735 }, // U+FB83
    { 12, 20, 207, 0, 19, 60, 8816 }, // U+FB84
    { 17, 20, 228, 0, 19, 85, 8876 }, // U+FB85
    { 12, 23, 207, 0, 22, 69, 8961 }, // U+FB86
    { 17, 23, 228, 0, 22, 98, 9030 }, // U+FB87
    { 12, 23, 207, 0, 22, 69, 9128 }, // U+FB88
    { 17, 23, 228, 0, 22, 98, 9197 }, // U+FB89
    { 11, 26, 164, -1, 20, 72, 9295 }, // U+FB8A
    { 15, 26, 180, -1, 20, 98, 9367 }, // U+FB8B
    { 11, 26, 164, -1, 20, 72, 9465 }, // U+FB8C
    { 15, 26, 180, -1, 20, 98, 9537 }, // U+FB8D
    { 23, 19, 364, 0, 18, 110, 9635 }, // U+FB8E
    { 26, 19, 381, 0, 18, 124, 9745 }, // U+FB8F
    { 12, 19, 182, 0, 18, 57, 9869 }, // U+FB90
    { 15, 19, 203, 0, 18, 72, 9926 }, // U+FB91
    { 23, 23, 364, 0, 22, 133, 9998 }, // U+FB92
    { 26, 23, 381, 0, 22, 150, 10131 }, // U+FB93
    { 13, 23, 182, -1, 22, 75, 10281 }, // U+FB94
    { 16, 23, 203, -1, 22, 92, 10356 }, // U+FB95
    { 23, 32, 364, 0, 22, 184, 10448 }, // U+FB96
    { 26, 32, 381, 0, 22, 208, 10632 }, // U+FB97
    { 13, 32, 182, -1, 22, 104, 10840 }, // U+FB98
    { 16, 32, 203, -1, 22, 128, 10944 }, // U+FB99
    { 23, 26, 364, 0, 25, 150, 11072 }, // U+FB9A
    { 26, 26, 381, 0, 25, 169, 11222 }, // U+FB9B
    { 15, 26, 182, -3, 25, 98, 11391 }, // U+FB9C
    { 18, 26, 203, -3, 25, 117, 11489 }, // U+FB9D
    { 18, 16, 296, 0, 10, 72, 11606 }, // U+FB9E
    { 23, 15, 322, 0, 9, 87, 11678 }, // U+FB9F
    { 18, 24, 296, 0, 18, 108, 11765 }, // U+FBA0
    { 23, 24, 322, 0, 18, 138, 11873 }, // U+FBA1
    { 8, 22, 127, 0, 21, 44, 12011 }, // U+FBA2
    { 13, 19, 164, 0, 18, 62, 12055 }, // U+FBA3
    { 11, 22, 188, 0, 21, 61, 12117 }, // U+FBA4
    { 16, 24, 222, 0, 23, 96, 12178 }, // U+FBA5
    { 11, 15, 188, 0, 14, 42, 12274 }, // U+FBA6
    { 17, 11, 234, 0, 10, 47, 12316 }, // U+FBA7
    { 7, 17, 127, 0, 12, 30, 12363 }, // U+FBA8
    { 15, 13, 206, 0, 6, 49, 12393 }, // U+FBA9
    { 19, 15, 308, 0, 14, 72, 12442 }, // U+FBAA
    { 20, 18, 274, 0, 12, 90, 12514 }, // U+FBAB
    { 16, 15, 256, 0, 14, 60, 12604 }, // U+FBAC
    { 17, 18, 228, 0, 12, 77, 12664 }, // U+FBAD
    { 23, 14, 377, 0, 13, 81, 12741 }, // U+FBAE
    { 17, 12, 224, 0, 4, 51, 12822 }, // U+FBAF
    { 23, 21, 377, 0, 20, 121, 12873 }, // U+FBB0
    { 17, 19, 224, 0, 11, 81, 12994 }, // U+FBB1
    { 5, 5, 80, 0, 18, 7, 13075 }, // U+FBB2
    { 5, 4, 77, 0, -2, 5, 13082 }, // U+FBB3
    { 9, 5, 147, 0, 18, 12, 13087 }, // U+FBB4
    { 9, 4, 115, -1, -2, 9, 13099 }, // U+FBB5
    { 8, 8, 116, 0, 21, 16, 13108 }, // U+FBB6
    { 7, 7, 116, 0, -2, 13, 13124 }, // U+FBB7
    { 8, 8, 116, 0, 21, 16, 13137 }, // U+FBB8
    { 7, 7, 116, 0, -2, 13, 13153 }, // U+FBB9
    { 7, 7, 116, 0, 20, 13, 13166 }, // U+FBBA
    { 8, 7, 116, 0, -2, 14, 13179 }, // U+FBBB
    { 5, 6, 108, 1, 0, 8, 13193 }, // U+FBBC
    { 4, 8, 73, 0, 21, 8, 13201 }, // U+FBBD
    { 4, 8, 73, 0, -2, 8, 13209 }, // U+FBBE
    { 6, 6, 96, 0, 5, 9, 13217 }, // U+FBBF
    { 8, 7, 126, 0, 21, 14, 13226 }, // U+FBC0
    { 7, 8, 118, 0, 0, 14, 13240 }, // U+FBC1
    { 9, 7, 146, 0, 21, 16, 13254 }, // U+FBC2
    { 23, 24, 372, 0, 23, 138, 13270 }, // U+FBD3
    { 27, 24, 390, 0, 23, 162, 13408 }, // U+FBD4
    { 12, 24, 182, 0, 23, 72, 13570 }, // U+FBD5
    { 15, 24, 203, 0, 23, 90, 13642 }, // U+FBD6
    { 12, 24, 199, 0, 18, 72, 13732 }, // U+FBD7
    { 16, 25, 210, 0, 19, 100, 13804 }, // U+FBD8
    { 12, 24, 199, 0, 18, 72, 13904 }, // U+FBD9
    { 16, 25, 210, 0, 19, 100, 13976 }, // U+FBDA
    { 12, 24, 199, 0, 18, 72, 14076 }, // U+FBDB
    { 16, 25, 210, 0, 19, 100, 14148 }, // U+FBDC
    { 24, 24, 387, 0, 18, 144, 14248 }, // U+FBDD
    { 12, 25, 199, 0, 19, 75, 14392 }, // U+FBDE
    { 16, 26, 210, 0, 20, 104, 14467 }, // U+FBDF
    { 12, 18, 199, 0, 10, 54, 14571 }, // U+FBE0
    { 16, 19, 210, 0, 11, 76, 14625 }, // U+FBE1
    { 12, 24, 199, 0, 18, 72, 14701 }, // U+FBE2
    { 16, 25, 210, 0, 19, 100, 14773 }, // U+FBE3
    { 21, 28, 328, 0, 12, 147, 14873 }, // U+FBE4
    { 22, 23, 320, 0, 7, 127, 15020 }, // U+FBE5
    { 8, 22, 144, 0, 12, 44, 15147 }, // U+FBE6
    { 13, 19, 164, 0, 9, 62, 15191 }, // U+FBE7
    { 7, 13, 127, 0, 12, 23, 15253 }, // U+FBE8
    { 12, 10, 154, 0, 9, 30, 15276 }, // U+FBE9
    { 14, 21, 254, 1, 20, 74, 15306 }, // U+FBEA
    { 19, 20, 281, 1, 19, 95, 15380 }, // U+FBEB
    { 22, 21, 361, 0, 20, 116, 15475 }, // U+FBEC
    { 27, 18, 388, 0, 17, 122, 15591 }, // U+FBED
    { 20, 26, 336, 0, 20, 130, 15713 }, // U+FBEE
    { 25, 23, 363, 0, 17, 144, 15843 }, // U+FBEF
    { 20, 26, 336, 0, 20, 130, 15987 }, // U+FBF0
    { 25, 25, 363, 0, 19, 157, 16117 }, // U+FBF1
    { 20, 26, 336, 0, 20, 130, 16274 }, // U+FBF2
    { 25, 25, 363, 0, 19, 157, 16404 }, // U+FBF3
    { 20, 26, 336, 0, 20, 130, 16561 }, // U+FBF4
    { 25, 25, 363, 0, 19, 157, 16691 }, // U+FBF5
    { 27, 36, 447, 0, 20, 243, 16848 }, // U+FBF6
    { 32, 33, 474, 0, 17, 264, 17091 }, // U+FBF7
    { 17, 30, 290, 0, 20, 128, 17355 }, // U+FBF8
    { 27, 26, 447, 0, 20, 176, 17483 }, // U+FBF9
    { 32, 23, 474, 0, 17, 184, 17659 }, // U+FBFA
    { 17, 21, 280, 0, 20, 90, 17843 }, // U+FBFB
    { 21, 18, 328, 0, 12, 95, 17933 }, // U+FBFC
    { 22, 13, 320, 0, 7, 72, 18028 }, // U+FBFD
    { 8, 18, 144, 0, 12, 36, 18100 }, // U+FBFE
    { 13, 15, 164, 0, 9, 49, 18136 }, // U+FBFF
    { 26, 30, 422, 0, 20, 195, 18185 }, // U+FC00
    { 26, 30, 422, 0, 20, 195, 18380 }, // U+FC01
    { 24, 30, 391, 0, 20, 180, 18575 }, // U+FC02
    { 27, 26, 447, 0, 20, 176, 18755 }, // U+FC03
    { 27, 32, 447, 0, 20, 216, 18931 }, // U+FC04
    { 26, 23, 422, 0, 13, 150, 19147 }, // U+FC05
    { 26, 23, 422, 0, 13, 150, 19297 }, // U+FC06
    { 26, 29, 422, 0, 19, 189, 19447 }, // U+FC07
    { 24, 22, 391, 0, 12, 132, 19636 }, // U+FC08
    { 27, 18, 447, 0, 12, 122, 19768 }, // U+FC09
    { 27, 24, 447, 0, 12, 162, 19890 }, // U+FC0A
    { 26, 28, 422, 0, 18, 182, 20052 }, // U+FC0B
    { 26, 28, 422, 0, 18, 182, 20234 }, // U+FC0C
    { 26, 29, 422, 0, 19, 189, 20416 }, // U+FC0D
    { 24, 28, 391, 0, 18, 168, 20605 }, // U+FC0E
    { 28, 24, 447, 0, 18, 168, 20773 }, // U+FC0F
    { 28, 30, 447, 0, 18, 210, 20941 }, // U+FC10
    { 26, 31, 422, 0, 21, 202, 21151 }, // U+FC11
    { 24, 31, 391, 0, 21, 186, 21353 }, // U+FC12
    { 28, 27, 447, 0, 21, 189, 21539 }, // U+FC13
    { 28, 33, 447, 0, 21, 231, 21728 }, // U+FC14
    { 34, 23, 547, 0, 13, 196, 21959 }, // U+FC15
    { 32, 21, 516, 0, 11, 168, 22155 }, // U+FC16
    { 34, 23, 547, 0, 13, 196, 22323 }, // U+FC17
    { 32, 21, 516, 0, 11, 168, 22519 }, // U+FC18
    { 34, 28, 547, 0, 18, 238, 22687 }, // U+FC19
    { 34, 28, 547, 0, 18, 238, 22925 }, // U+FC1A
    { 32, 28, 516, 0, 18, 224, 23163 }, // U+FC1B
    { 41, 23, 676, 0, 13, 236, 23387 }, // U+FC1C
    { 41, 23, 676, 0, 13, 236, 23623 }, // U+FC1D
    { 41, 29, 676, 0, 19, 298, 23859 }, // U+FC1E
    { 40, 22, 644, 0, 12, 220, 24157 }, // U+FC1F
    { 42, 23, 685, 0, 13, 242, 24377 }, // U+FC20
    { 40, 21, 654, 0, 11, 210, 24619 }, // U+FC21
    { 42, 28, 685, 0, 18, 294, 24829 }, // U+FC22
    { 42, 28, 685, 0, 18, 294, 25123 }, // U+FC23
    { 42, 29, 685, 0, 19, 305, 25417 }, // U+FC24
    { 40, 28, 654, 0, 18, 280, 25722 }, // U+FC25
    { 36, 29, 590, 0, 19, 261, 26002 }, // U+FC26
    { 34, 29, 559, 0, 19, 247, 26263 }, // U+FC27
    { 34, 29, 559, 0, 19, 247, 26510 }, // U+FC28
    { 32, 23, 518, 0, 13, 184, 26757 }, // U+FC29
    { 30, 23, 487, 0, 13, 173, 26941 }, // U+FC2A
    { 32, 29, 518, 0, 19, 232, 27114 }, // U+FC2B
    { 30, 29, 487, 0, 19, 218, 27346 }, // U+FC2C
    { 31, 31, 498, 0, 21, 241, 27564 }, // U+FC2D
    { 31, 31, 498, 0, 21, 241, 27805 }, // U+FC2E
    { 31, 31, 498, 0, 21, 241, 28046 }, // U+FC2F
    { 29, 31, 466, 0, 21, 225, 28287 }, // U+FC30
    { 32, 27, 522, 0, 21, 216, 28512 }, // U+FC31
    { 32, 33, 522, 0, 21, 264, 28728 }, // U+FC32
    { 31, 31, 498, 0, 21, 241, 28992 }, // U+FC33
    { 29, 31, 466, 0, 21, 225, 29233 }, // U+FC34
    { 32, 27, 522, 0, 21, 216, 29458 }, // U+FC35
    { 32, 33, 522, 0, 21, 264, 29674 }, // U+FC36
    { 19, 20, 309, 1, 19, 95, 29938 }, // U+FC37
    { 31, 28, 477, 0, 18, 217, 30033 }, // U+FC38
    { 31, 28, 477, 0, 18, 217, 30250 }, // U+FC39
    { 31, 29, 477, 0, 19, 225, 30467 }, // U+FC3A
    { 32, 25, 498, 0, 19, 200, 0 }, // U+FC3B
    { 29, 28, 446, 0, 18, 203, 200 }, // U+FC3C
    { 32, 24, 502, 0, 18, 192, 403 }, // U+FC3D
    { 32, 30, 502, 0, 18, 240, 595 }, // U+FC3E
    { 25, 29, 414, 0, 19, 182, 835 }, // U+FC3F
    { 25, 29, 414, 0, 19, 182, 1017 }, // U+FC40
    { 25, 29, 414, 0, 19, 182, 1199 }, // U+FC41
    { 23, 29, 383, 0, 19, 167, 1381 }, // U+FC42
    { 27, 25, 439, 0, 19, 169, 1548 }, // U+FC43
    { 27, 31, 439, 0, 19, 210, 1717 }, // U+FC44
    { 32, 23, 528, 0, 13, 184, 1927 }, // U+FC45
    { 32, 23, 528, 0, 13, 184, 2111 }, // U+FC46
    { 32, 29, 528, 0, 19, 232, 2295 }, // U+FC47
    { 30, 21, 497, 0, 11, 158, 2527 }, // U+FC48
    { 34, 17, 553, 0, 11, 145, 2685 }, // U+FC49
    { 34, 23, 553, 0, 11, 196, 2830 }, // U+FC4A
    { 26, 28, 422, 0, 18, 182, 3026 }, // U+FC4B
    { 26, 28, 422, 0, 18, 182, 3208 }, // U+FC4C
    { 26, 29, 422, 0, 19, 189, 3390 }, // U+FC4D
    { 24, 28, 391, 0, 18, 168, 3579 }, // U+FC4E
    { 27, 24, 447, 0, 18, 162, 3747 }, // U+FC4F
    { 27, 30, 447, 0, 18, 203, 3909 }, // U+FC50
    { 34, 24, 552, 0, 14, 204, 4112 }, // U+FC51
    { 32, 24, 521, 0, 14, 192, 4316 }, // U+FC52
    { 36, 20, 576, 0, 14, 180, 4508 }, // U+FC53
    { 36, 26, 576, 0, 14, 234, 4688 }, // U+FC54
    { 27, 23, 439, 0, 13, 156, 4922 }, // U+FC55
    { 27, 23, 439, 0, 13, 156, 5078 }, // U+FC56
    { 27, 29, 439, 0, 19, 196, 5234 }, // U+FC57
    { 25, 22, 408, 0, 12, 138, 5430 }, // U+FC58
    { 28, 18, 464, 0, 12, 126, 5568 }, // U+FC59
    { 28, 24, 464, 0, 12, 168, 5694 }, // U+FC5A
    { 12, 28, 207, 0, 27, 84, 5862 }, // U+FC5B
    { 10, 24, 164, -1, 18, 60, 5946 }, // U+FC5C
    { 21, 20, 328, 0, 14, 105, 6006 }, // U+FC5D
    { 10, 14, 129, -2, 28, 35, 6111 }, // U+FC5E
    { 8, 12, 126, 0, 26, 24, 6146 }, // U+FC5F
    { 8, 11, 129, 0, 25, 22, 6170 }, // U+FC60
    { 9, 14, 129, -1, 28, 32, 6192 }, // U+FC61
    { 8, 11, 126, 0, 25, 22, 6224 }, // U+FC62
    { 8, 12, 129, 0, 26, 24, 6246 }, // U+FC63
    { 24, 23, 334, -1, 17, 138, 6270 }, // U+FC64
    { 24, 23, 334, -1, 17, 138, 6408 }, // U+FC65
    { 29, 27, 418, 0, 17, 196, 6546 }, // U+FC66
    { 32, 23, 476, 0, 17, 184, 6742 }, // U+FC67
    { 32, 23, 474, 0, 17, 184, 6926 }, // U+FC68
    { 32, 29, 474, 0, 17, 232, 7110 }, // U+FC69
    { 24, 16, 334, -1, 10, 96, 7342 }, // U+FC6A
    { 24, 23, 334, -1, 17, 138, 7438 }, // U+FC6B
    { 29, 21, 418, 0, 11, 153, 7576 }, // U+FC6C
    { 32, 21, 476, 0, 15, 168, 7729 }, // U+FC6D
    { 32, 15, 474, 0, 9, 120, 7897 }, // U+FC6E
    { 32, 21, 474, 0, 9, 168, 8017 }, // U+FC6F
    { 25, 21, 344, -1, 15, 132, 8185 }, // U+FC70
    { 25, 23, 344, -1, 17, 144, 8317 }, // U+FC71
    { 29, 25, 428, 0, 15, 182, 8461 }, // U+FC72
    { 33, 21, 486, 0, 15, 174, 8643 }, // U+FC73
    { 33, 21, 484, 0, 15, 174, 8817 }, // U+FC74
    { 33, 27, 484, 0, 15, 223, 8991 }, // U+FC75
    { 25, 24, 344, -1, 18, 150, 9214 }, // U+FC76
    { 25, 24, 344, -1, 18, 150, 9364 }, // U+FC77
    { 29, 28, 428, 0, 18, 203, 9514 }, // U+FC78
    { 33, 24, 486, 0, 18, 198, 9717 }, // U+FC79
    { 33, 24, 484, 0, 18, 198, 9915 }, // U+FC7A
    { 33, 30, 484, 0, 18, 248, 10113 }, // U+FC7B
    { 36, 25, 532, 0, 19, 225, 10361 }, // U+FC7C
    { 36, 31, 532, 0, 19, 279, 10586 }, // U+FC7D
    { 36, 25, 532, 0, 19, 225, 10865 }, // U+FC7E
    { 36, 31, 532, 0, 19, 279, 11090 }, // U+FC7F
    { 22, 20, 330, 1, 19, 110, 11369 }, // U+FC80
    { 35, 25, 520, 0, 19, 219, 11479 }, // U+FC81
    { 32, 28, 468, 0, 18, 224, 11698 }, // U+FC82
    { 35, 24, 523, 0, 18, 210, 11922 }, // U+FC83
    { 35, 30, 523, 0, 18, 263, 12132 }, // U+FC84
    { 28, 29, 402, 0, 19, 203, 12395 }, // U+FC85
    { 31, 25, 458, 0, 19, 194, 12598 }, // U+FC86
    { 31, 31, 458, 0, 19, 241, 12792 }, // U+FC87
    { 25, 20, 377, 1, 19, 125, 13033 }, // U+FC88
    { 35, 21, 514, 0, 11, 184, 13158 }, // U+FC89
    { 24, 22, 334, -1, 16, 132, 13342 }, // U+FC8A
    { 24, 23, 334, -1, 17, 138, 13474 }, // U+FC8B
    { 29, 26, 418, 0, 16, 189, 13612 }, // U+FC8C
    { 32, 22, 476, 0, 16, 176, 13801 }, // U+FC8D
    { 32, 22, 474, 0, 16, 176, 13977 }, // U+FC8E
    { 32, 28, 474, 0, 16, 224, 14153 }, // U+FC8F
    { 22, 20, 320, 0, 14, 110, 14377 }, // U+FC90
    { 25, 16, 344, -1, 10, 100, 14487 }, // U+FC91
    { 25, 23, 344, -1, 17, 144, 14587 }, // U+FC92
    { 29, 21, 428, 0, 11, 153, 14731 }, // U+FC93
    { 33, 21, 486, 0, 15, 174, 14884 }, // U+FC94
    { 33, 15, 484, 0, 9, 124, 15058 }, // U+FC95
    { 33, 21, 484, 0, 9, 174, 15182 }, // U+FC96
    { 24, 26, 388, 0, 20, 156, 15356 }, // U+FC97
    { 24, 21, 388, 0, 20, 126, 15512 }, // U+FC98
    { 24, 21, 388, 0, 20, 126, 15638 }, // U+FC99
    { 23, 21, 376, 0, 20, 121, 15764 }, // U+FC9A
    { 21, 26, 355, 0, 20, 137, 15885 }, // U+FC9B
    { 24, 18, 388, 0, 12, 108, 16022 }, // U+FC9C
    { 24, 18, 388, 0, 12, 108, 16130 }, // U+FC9D
    { 24, 24, 388, 0, 18, 144, 16238 }, // U+FC9E
    { 23, 18, 376, 0, 12, 104, 16382 }, // U+FC9F
    { 21, 18, 355, 0, 12, 95, 16486 }, // U+FCA0
    { 24, 24, 388, 0, 18, 144, 16581 }, // U+FCA1
    { 24, 19, 388, 0, 18, 114, 16725 }, // U+FCA2
    { 24, 19, 388, 0, 18, 114, 16839 }, // U+FCA3
    { 24, 19, 376, 0, 18, 114, 16953 }, // U+FCA4
    { 22, 24, 355, 0, 18, 132, 17067 }, // U+FCA5
    { 23, 22, 376, 0, 21, 127, 17199 }, // U+FCA6
    { 32, 17, 513, 0, 11, 136, 17326 }, // U+FCA7
    { 31, 17, 501, 0, 11, 132, 17462 }, // U+FCA8
    { 32, 17, 513, 0, 11, 136, 17594 }, // U+FCA9
    { 31, 12, 501, 0, 11, 93, 17730 }, // U+FCAA
    { 32, 24, 513, 0, 18, 192, 17823 }, // U+FCAB
    { 31, 19, 501, 0, 18, 148, 18015 }, // U+FCAC
    { 39, 18, 642, 0, 12, 176, 18163 }, // U+FCAD
    { 39, 13, 642, 0, 12, 127, 18339 }, // U+FCAE
    { 39, 19, 642, 0, 18, 186, 18466 }, // U+FCAF
    { 39, 13, 630, 0, 12, 127, 18652 }, // U+FCB0
    { 40, 12, 651, 0, 11, 120, 18779 }, // U+FCB1
    { 40, 19, 651, 0, 18, 190, 18899 }, // U+FCB2
    { 39, 12, 639, 0, 11, 117, 19089 }, // U+FCB3
    { 40, 24, 651, 0, 18, 240, 19206 }, // U+FCB4
    { 40, 19, 651, 0, 18, 190, 19446 }, // U+FCB5
    { 40, 19, 651, 0, 18, 190, 19636 }, // U+FCB6
    { 39, 19, 639, 0, 18, 186, 19826 }, // U+FCB7
    { 34, 20, 556, 0, 19, 170, 20012 }, // U+FCB8
    { 34, 20, 544, 0, 19, 170, 20182 }, // U+FCB9
    { 30, 19, 484, 0, 13, 143, 20352 }, // U+FCBA
    { 29, 14, 472, 0, 13, 102, 20495 }, // U+FCBB
    { 30, 25, 484, 0, 19, 188, 20597 }, // U+FCBC
    { 29, 20, 472, 0, 19, 145, 20785 }, // U+FCBD
    { 28, 27, 464, 0, 21, 189, 20930 }, // U+FCBE
    { 28, 22, 464, 0, 21, 154, 21119 }, // U+FCBF
    { 28, 22, 464, 0, 21, 154, 21273 }, // U+FCC0
    { 28, 22, 452, 0, 21, 154, 21427 }, // U+FCC1
    { 28, 22, 464, 0, 21, 154, 21581 }, // U+FCC2
    { 28, 22, 452, 0, 21, 154, 21735 }, // U+FCC3
    { 28, 24, 443, 0, 18, 168, 21889 }, // U+FCC4
    { 28, 19, 443, 0, 18, 133, 22057 }, // U+FCC5
    { 28, 19, 443, 0, 18, 133, 22190 }, // U+FCC6
    { 21, 20, 319, 0, 19, 105, 22323 }, // U+FCC7
    { 28, 19, 431, 0, 18, 133, 22428 }, // U+FCC8
    { 23, 25, 380, 0, 19, 144, 22561 }, // U+FCC9
    { 23, 20, 380, 0, 19, 115, 22705 }, // U+FCCA
    { 23, 20, 380, 0, 19, 115, 22820 }, // U+FCCB
    { 22, 20, 368, 0, 19, 110, 22935 }, // U+FCCC
    { 21, 25, 347, 0, 19, 132, 23045 }, // U+FCCD
    { 30, 17, 494, 0, 11, 128, 23177 }, // U+FCCE
    { 30, 12, 494, 0, 11, 90, 23305 }, // U+FCCF
    { 30, 19, 494, 0, 18, 143, 23395 }, // U+FCD0
    { 29, 12, 482, 0, 11, 87, 23538 }, // U+FCD1
    { 24, 24, 388, 0, 18, 144, 23625 }, // U+FCD2
    { 24, 19, 388, 0, 18, 114, 23769 }, // U+FCD3
    { 24, 19, 388, 0, 18, 114, 23883 }, // U+FCD4
    { 23, 19, 376, 0, 18, 110, 23997 }, // U+FCD5
    { 21, 24, 355, 0, 18, 126, 24107 }, // U+FCD6
    { 32, 20, 518, 0, 14, 160, 24233 }, // U+FCD7
    { 31, 15, 506, 0, 14, 117, 24393 }, // U+FCD8
    { 16, 22, 256, 0, 21, 88, 24510 }, // U+FCD9
    { 25, 18, 405, 0, 12, 113, 24598 }, // U+FCDA
    { 25, 18, 405, 0, 12, 113, 24711 }, // U+FCDB
    { 25, 24, 405, 0, 18, 150, 24824 }, // U+FCDC
    { 24, 18, 393, 0, 12, 108, 24974 }, // U+FCDD
    { 23, 18, 372, 0, 12, 104, 25082 }, // U+FCDE
    { 28, 18, 403, 0, 17, 126, 25186 }, // U+FCDF
    { 26, 23, 382, 0, 17, 150, 25312 }, // U+FCE0
    { 28, 17, 403, 0, 11, 119, 25462 }, // U+FCE1
    { 26, 18, 382, 0, 12, 117, 25581 }, // U+FCE2
    { 28, 16, 413, 0, 15, 112, 25698 }, // U+FCE3
    { 27, 21, 392, 0, 15, 142, 25810 }, // U+FCE4
    { 28, 19, 413, 0, 18, 133, 25952 }, // U+FCE5
    { 27, 24, 392, 0, 18, 162, 26085 }, // U+FCE6
    { 44, 12, 657, 0, 11, 132, 26247 }, // U+FCE7
    { 42, 18, 636, 0, 12, 189, 26379 }, // U+FCE8
    { 44, 20, 657, 0, 19, 220, 26568 }, // U+FCE9
    { 42, 25, 636, 0, 19, 263, 26788 }, // U+FCEA
    { 24, 20, 341, 0, 19, 120, 27051 }, // U+FCEB
    { 31, 19, 453, 0, 18, 148, 27171 }, // U+FCEC
    { 27, 20, 387, 0, 19, 135, 27319 }, // U+FCED
    { 28, 17, 403, 0, 16, 119, 27454 }, // U+FCEE
    { 26, 22, 382, 0, 16, 143, 27573 }, // U+FCEF
    { 28, 17, 413, 0, 11, 119, 27716 }, // U+FCF0
    { 27, 18, 392, 0, 12, 122, 27835 }, // U+FCF1
    { 11, 20, 116, -1, 19, 55, 27957 }, // U+FCF2
    { 12, 23, 116, -2, 22, 69, 28012 }, // U+FCF3
    { 11, 21, 116, -1, 20, 58, 28081 }, // U+FCF4
    { 38, 25, 615, 0, 19, 238, 28139 }, // U+FCF5
    { 38, 31, 615, 0, 19, 295, 28377 }, // U+FCF6
    { 33, 19, 543, 0, 13, 157, 28672 }, // U+FCF7
    { 33, 25, 543, 0, 13, 207, 28829 }, // U+FCF8
    { 33, 25, 543, 0, 19, 207, 29036 }, // U+FCF9
    { 33, 31, 543, 0, 19, 256, 29243 }, // U+FCFA
    { 43, 18, 700, 0, 12, 194, 29499 }, // U+FCFB
    { 43, 24, 700, 0, 12, 258, 29693 }, // U+FCFC
    { 43, 25, 700, 0, 19, 269, 29951 }, // U+FCFD
    { 43, 31, 700, 0, 19, 334, 30220 }, // U+FCFE
    { 36, 17, 572, 0, 11, 153, 30554 }, // U+FCFF
    { 36, 23, 572, 0, 11, 207, 30707 }, // U+FD00
    { 36, 17, 572, 0, 11, 153, 30914 }, // U+FD01
    { 36, 23, 572, 0, 11, 207, 31067 }, // U+FD02
    { 36, 24, 572, 0, 18, 216, 31274 }, // U+FD03
    { 36, 30, 572, 0, 18, 270, 0 }, // U+FD04
    { 44, 17, 710, 0, 11, 187, 270 }, // U+FD05
    { 44, 23, 710, 0, 11, 253, 457 }, // U+FD06
    { 44, 24, 710, 0, 18, 264, 710 }, // U+FD07
    { 44, 30, 710, 0, 18, 330, 974 }, // U+FD08
    { 41, 29, 676, 0, 19, 298, 1304 }, // U+FD09
    { 41, 29, 676, 0, 19, 298, 1602 }, // U+FD0A
    { 41, 29, 676, 0, 19, 298, 1900 }, // U+FD0B
    { 40, 29, 644, 0, 19, 290, 2198 }, // U+FD0C
    { 35, 25, 560, -1, 19, 219, 2488 }, // U+FD0D
    { 35, 18, 560, -1, 12, 158, 2707 }, // U+FD0E
    { 36, 17, 570, -1, 11, 153, 2865 }, // U+FD0F
    { 36, 24, 570, -1, 18, 216, 3018 }, // U+FD10
    { 42, 25, 625, 0, 19, 263, 3234 }, // U+FD11
    { 42, 31, 625, 0, 19, 326, 3497 }, // U+FD12
    { 36, 18, 541, 0, 12, 162, 3823 }, // U+FD13
    { 36, 24, 541, 0, 12, 216, 3985 }, // U+FD14
    { 36, 24, 541, 0, 18, 216, 4201 }, // U+FD15
    { 36, 30, 541, 0, 18, 270, 4417 }, // U+FD16
    { 48, 17, 728, 0, 11, 204, 4687 }, // U+FD17
    { 48, 23, 728, 0, 11, 276, 4891 }, // U+FD18
    { 48, 25, 728, 0, 19, 300, 5167 }, // U+FD19
    { 48, 31, 728, 0, 19, 372, 5467 }, // U+FD1A
    { 39, 17, 582, 0, 11, 166, 5839 }, // U+FD1B
    { 39, 23, 582, 0, 11, 225, 6005 }, // U+FD1C
    { 39, 17, 582, 0, 11, 166, 6230 }, // U+FD1D
    { 39, 23, 582, 0, 11, 225, 6396 }, // U+FD1E
    { 39, 24, 582, 0, 18, 234, 6621 }, // U+FD1F
    { 39, 30, 582, 0, 18, 293, 6855 }, // U+FD20
    { 48, 17, 722, 0, 11, 204, 7148 }, // U+FD21
    { 48, 23, 722, 0, 11, 276, 7352 }, // U+FD22
    { 48, 24, 722, 0, 18, 288, 7628 }, // U+FD23
    { 48, 30, 722, 0, 18, 360, 7916 }, // U+FD24
    { 46, 29, 703, 0, 19, 334, 8276 }, // U+FD25
    { 46, 29, 703, 0, 19, 334, 8610 }, // U+FD26
    { 46, 29, 703, 0, 19, 334, 8944 }, // U+FD27
    { 44, 29, 672, 0, 19, 319, 9278 }, // U+FD28
    { 40, 25, 588, -1, 19, 250, 9597 }, // U+FD29
    { 40, 17, 588, -1, 11, 170, 9847 }, // U+FD2A
    { 40, 17, 582, -1, 11, 170, 10017 }, // U+FD2B
    { 40, 24, 582, -1, 18, 240, 10187 }, // U+FD2C
    { 39, 25, 642, 0, 19, 244, 10427 }, // U+FD2D
    { 39, 20, 642, 0, 19, 195, 10671 }, // U+FD2E
    { 39, 20, 642, 0, 19, 195, 10866 }, // U+FD2F
    { 39, 20, 630, 0, 19, 195, 11061 }, // U+FD30
    { 37, 18, 608, 0, 12, 167, 11256 }, // U+FD31
    { 37, 25, 608, 0, 19, 232, 11423 }, // U+FD32
    { 34, 20, 544, 0, 19, 170, 11655 }, // U+FD33
    { 44, 17, 669, 0, 11, 187, 11825 }, // U+FD34
    { 44, 12, 669, 0, 11, 132, 12012 }, // U+FD35
    { 44, 19, 669, 0, 18, 209, 12144 }, // U+FD36
    { 44, 25, 669, 0, 19, 275, 12353 }, // U+FD37
    { 44, 20, 669, 0, 19, 220, 12628 }, // U+FD38
    { 44, 20, 669, 0, 19, 220, 12848 }, // U+FD39
    { 37, 20, 554, 0, 19, 185, 13068 }, // U+FD3A
    { 37, 20, 554, 0, 19, 185, 13253 }, // U+FD3B
    { 12, 21, 127, 1, 20, 63, 13438 }, // U+FD3C
    { 12, 20, 109, 1, 20, 60, 13501 }, // U+FD3D
    { 10, 24, 174, 0, 18, 60, 13561 }, // U+FD3E
    { 10, 24, 174, 1, 18, 60, 13621 }, // U+FD3F
    { 38, 27, 635, 1, 23, 257, 13681 }, // U+FD40
    { 50, 31, 830, 1, 24, 388, 13938 }, // U+FD41
    { 54, 31, 896, 1, 24, 419, 14326 }, // U+FD42
    { 60, 31, 981, 1, 24, 465, 14745 }, // U+FD43
    { 63, 32, 1033, 1, 25, 504, 15210 }, // U+FD44
    { 61, 32, 1010, 1, 25, 488, 15714 }, // U+FD45
    { 27, 23, 461, 1, 20, 156, 16202 }, // U+FD46
    { 52, 24, 862, 1, 20, 312, 16358 }, // U+FD47
    { 59, 27, 975, 1, 23, 399, 16670 }, // U+FD48
    { 50, 27, 830, 1, 23, 338, 17069 }, // U+FD49
    { 28, 22, 469, 1, 18, 154, 17407 }, // U+FD4A
    { 33, 24, 563, 1, 20, 198, 17561 }, // U+FD4B
    { 34, 22, 566, 1, 18, 187, 17759 }, // U+FD4C
    { 50, 24, 820, 1, 20, 300, 17946 }, // U+FD4D
    { 37, 27, 622, 1, 21, 250, 18246 }, // U+FD4E
    { 44, 27, 730, 1, 23, 297, 18496 }, // U+FD4F
    { 40, 24, 638, 0, 18, 240, 18793 }, // U+FD50
    { 48, 25, 721, 0, 15, 300, 19033 }, // U+FD51
    { 41, 24, 650, 0, 18, 246, 19333 }, // U+FD52
    { 40, 19, 638, 0, 18, 190, 19579 }, // U+FD53
    { 40, 19, 638, 0, 18, 190, 19769 }, // U+FD54
    { 40, 24, 638, 0, 18, 240, 19959 }, // U+FD55
    { 40, 19, 638, 0, 18, 190, 20199 }, // U+FD56
    { 40, 19, 638, 0, 18, 190, 20389 }, // U+FD57
    { 53, 23, 807, 0, 13, 305, 20579 }, // U+FD58
    { 48, 17, 763, 0, 11, 204, 20884 }, // U+FD59
    { 54, 23, 831, 0, 11, 311, 21088 }, // U+FD5A
    { 54, 17, 831, 0, 11, 230, 21399 }, // U+FD5B
    { 56, 18, 903, 0, 12, 252, 21629 }, // U+FD5C
    { 56, 18, 903, 0, 12, 252, 21881 }, // U+FD5D
    { 64, 17, 989, 0, 11, 272, 22133 }, // U+FD5E
    { 62, 23, 953, 0, 13, 357, 22405 }, // U+FD5F
    { 55, 13, 891, 0, 12, 179, 22762 }, // U+FD60
    { 55, 18, 891, 0, 12, 248, 22941 }, // U+FD61
    { 60, 21, 922, 0, 11, 315, 23189 }, // U+FD62
    { 54, 13, 879, 0, 12, 176, 23504 }, // U+FD63
    { 62, 23, 959, 0, 13, 357, 23680 }, // U+FD64
    { 57, 12, 913, 0, 11, 171, 24037 }, // U+FD65
    { 60, 21, 916, 0, 11, 315, 24208 }, // U+FD66
    { 61, 29, 934, 0, 19, 443, 24523 }, // U+FD67
    { 55, 20, 891, 0, 19, 275, 24966 }, // U+FD68
    { 64, 31, 989, 0, 19, 496, 25241 }, // U+FD69
    { 62, 29, 953, 0, 19, 450, 25737 }, // U+FD6A
    { 55, 20, 891, 0, 19, 275, 26187 }, // U+FD6B
    { 60, 29, 922, 0, 19, 435, 26462 }, // U+FD6C
    { 54, 20, 879, 0, 19, 270, 26897 }, // U+FD6D
    { 64, 24, 983, 0, 18, 384, 27167 }, // U+FD6E
    { 60, 28, 928, 0, 18, 420, 27551 }, // U+FD6F
    { 56, 19, 901, 0, 18, 266, 27971 }, // U+FD70
    { 56, 29, 850, 0, 19, 406, 28237 }, // U+FD71
    { 50, 20, 806, 0, 19, 250, 28643 }, // U+FD72
    { 49, 20, 794, 0, 19, 245, 28893 }, // U+FD73
    { 57, 31, 874, 0, 19, 442, 29138 }, // U+FD74
    { 49, 22, 747, 0, 12, 270, 29580 }, // U+FD75
    { 48, 22, 735, 0, 12, 264, 29850 }, // U+FD76
    { 45, 14, 722, 0, 13, 158, 30114 }, // U+FD77
    { 52, 18, 790, 0, 12, 234, 30272 }, // U+FD78
    { 48, 28, 735, 0, 18, 336, 30506 }, // U+FD79
    { 52, 30, 790, 0, 18, 390, 30842 }, // U+FD7A
    { 52, 24, 790, 0, 18, 312, 31232 }, // U+FD7B
    { 49, 29, 738, 0, 19, 356, 31544 }, // U+FD7C
    { 44, 22, 713, 0, 21, 242, 0 }, // U+FD7D
    { 50, 29, 757, 0, 19, 363, 242 }, // U+FD7E
    { 48, 29, 726, 0, 19, 348, 605 }, // U+FD7F
    { 44, 29, 664, 0, 19, 319, 953 }, // U+FD80
    { 47, 31, 719, 0, 19, 365, 1272 }, // U+FD81
    { 47, 25, 719, 0, 19, 294, 1637 }, // U+FD82
    { 39, 25, 642, 0, 19, 244, 1931 }, // U+FD83
    { 46, 29, 695, 0, 19, 334, 2175 }, // U+FD84
    { 44, 29, 664, 0, 19, 319, 2509 }, // U+FD85
    { 39, 20, 630, 0, 19, 195, 2828 }, // U+FD86
    { 45, 29, 683, 0, 19, 327, 3023 }, // U+FD87
    { 39, 20, 630, 0, 19, 195, 3350 }, // U+FD88
    { 46, 17, 756, 0, 11, 196, 3545 }, // U+FD89
    { 46, 12, 744, 0, 11, 138, 3741 }, // U+FD8A
    { 54, 23, 831, 0, 11, 311, 3879 }, // U+FD8B
    { 46, 17, 756, 0, 11, 196, 4190 }, // U+FD8C
    { 46, 17, 744, 0, 11, 196, 4386 }, // U+FD8D
    { 46, 24, 756, 0, 18, 276, 4582 }, // U+FD8E
    { 46, 19, 744, 0, 18, 219, 4858 }, // U+FD8F
    { 46, 24, 756, 0, 18, 276, 5077 }, // U+FD92
    { 47, 20, 768, 0, 14, 235, 5353 }, // U+FD93
    { 47, 15, 756, 0, 14, 177, 5588 }, // U+FD94
    { 39, 19, 638, 0, 18, 186, 5765 }, // U+FD95
    { 48, 22, 735, 0, 16, 264, 5951 }, // U+FD96
    { 45, 26, 680, 0, 16, 293, 6215 }, // U+FD97
    { 39, 24, 638, 0, 18, 234, 6508 }, // U+FD98
    { 48, 22, 735, 0, 16, 264, 6742 }, // U+FD99
    { 48, 28, 723, 0, 16, 336, 7006 }, // U+FD9A
    { 48, 22, 723, 0, 16, 264, 7342 }, // U+FD9B
    { 45, 21, 678, 0, 11, 237, 7606 }, // U+FD9C
    { 40, 18, 643, 0, 12, 180, 7843 }, // U+FD9D
    { 48, 30, 735, 0, 18, 360, 8023 }, // U+FD9E
    { 49, 27, 745, 0, 15, 331, 8383 }, // U+FD9F
    { 49, 21, 745, 0, 15, 258, 8714 }, // U+FDA0
    { 49, 30, 745, 0, 18, 368, 8972 }, // U+FDA1
    { 49, 24, 745, 0, 18, 294, 9340 }, // U+FDA2
    { 48, 27, 733, 0, 15, 324, 9634 }, // U+FDA3
    { 48, 21, 733, 0, 15, 252, 9958 }, // U+FDA4
    { 54, 23, 831, 0, 11, 311, 10210 }, // U+FDA5
    { 52, 17, 833, 0, 11, 221, 10521 }, // U+FDA6
    { 54, 17, 831, 0, 11, 230, 10742 }, // U+FDA7
    { 64, 24, 989, 0, 18, 384, 10972 }, // U+FDA8
    { 64, 23, 983, 0, 11, 368, 11356 }, // U+FDA9
    { 64, 31, 989, 0, 19, 496, 11724 }, // U+FDAA
    { 64, 30, 983, 0, 18, 480, 12220 }, // U+FDAB
    { 47, 31, 719, 0, 19, 365, 12700 }, // U+FDAC
    { 47, 31, 707, 0, 19, 365, 13065 }, // U+FDAD
    { 49, 23, 745, 0, 11, 282, 13430 }, // U+FDAE
    { 49, 23, 745, 0, 11, 282, 13712 }, // U+FDAF
    { 48, 23, 733, 0, 11, 276, 13994 }, // U+FDB0
    { 54, 23, 819, 0, 11, 311, 14270 }, // U+FDB1
    { 51, 31, 781, 0, 19, 396, 14581 }, // U+FDB2
    { 48, 28, 735, 0, 16, 336, 14977 }, // U+FDB3
    { 44, 22, 713, 0, 21, 242, 15313 }, // U+FDB4
    { 39, 20, 630, 0, 19, 195, 15555 }, // U+FDB5
    { 52, 24, 790, 0, 12, 312, 15750 }, // U+FDB6
    { 51, 30, 773, 0, 18, 383, 16062 }, // U+FDB7
    { 40, 24, 650, 0, 18, 240, 16445 }, // U+FDB8
    { 54, 30, 831, 0, 18, 405, 16685 }, // U+FDB9
    { 39, 25, 630, 0, 19, 244, 17090 }, // U+FDBA
    { 47, 28, 717, 0, 18, 329, 17334 }, // U+FDBB
    { 44, 29, 664, 0, 19, 319, 17663 }, // U+FDBC
    { 47, 26, 711, 0, 16, 306, 17982 }, // U+FDBD
    { 55, 23, 843, 0, 11, 317, 18288 }, // U+FDBE
    { 55, 23, 843, 0, 11, 317, 18605 }, // U+FDBF
    { 54, 23, 831, 0, 11, 311, 18922 }, // U+FDC0
    { 51, 31, 781, 0, 19, 396, 19233 }, // U+FDC1
    { 48, 23, 735, 0, 11, 276, 19629 }, // U+FDC2
    { 43, 19, 681, 0, 18, 205, 19905 }, // U+FDC3
    { 45, 19, 734, 0, 13, 214, 20110 }, // U+FDC4
    { 55, 12, 889, 0, 11, 165, 20324 }, // U+FDC5
    { 64, 30, 989, 0, 18, 480, 20489 }, // U+FDC6
    { 48, 28, 735, 0, 16, 336, 20969 }, // U+FDC7
    { 39, 24, 653, 1, 20, 234, 21305 }, // U+FDCF
    { 46, 27, 752, 0, 19, 311, 21539 }, // U+FDF0
    { 35, 29, 564, 0, 21, 254, 21850 }, // U+FDF1
    { 36, 29, 588, 0, 28, 261, 22104 }, // U+FDF2
    { 39, 31, 624, -1, 25, 303, 22365 }, // U+FDF3
    { 60, 25, 972, 0, 24, 375, 22668 }, // U+FDF4
    { 63, 29, 1012, 0, 19, 457, 23043 }, // U+FDF5
    { 65, 25, 1050, 0, 19, 407, 23500 }, // U+FDF6
    { 46, 25, 746, 0, 19, 288, 23907 }, // U+FDF7
    { 61, 29, 981, 0, 19, 443, 24195 }, // U+FDF8
    { 52, 25, 847, 0, 19, 325, 24638 }, // U+FDF9
    { 27, 24, 461, 1, 20, 162, 24963 }, // U+FDFA
    { 26, 25, 416, 0, 19, 163, 25125 }, // U+FDFB
    { 32, 23, 522, 0, 18, 184, 25288 }, // U+FDFC
    { 43, 27, 714, 1, 21, 291, 25472 }, // U+FDFE
    { 26, 23, 446, 1, 19, 150, 25763 }, // U+FDFF
    { 6, 8, 126, 1, 22, 12, 25913 }, // U+FE70
    { 10, 18, 116, 0, 17, 45, 25925 }, // U+FE71
    { 10, 8, 164, 0, 22, 20, 25970 }, // U+FE72
    { 9, 13, 107, 0, 7, 30, 25990 }, // U+FE73
    { 6, 8, 126, 1, 0, 12, 26020 }, // U+FE74
    { 6, 5, 126, 1, 19, 8, 26032 }, // U+FE76
    { 10, 15, 116, 0, 14, 38, 26040 }, // U+FE77
    { 8, 8, 137, 0, 22, 16, 26078 }, // U+FE78
    { 11, 18, 116, -1, 17, 50, 26094 }, // U+FE79
    { 6, 5, 126, 1, 0, 8, 26144 }, // U+FE7A
    { 10, 9, 116, 0, 4, 23, 26152 }, // U+FE7B
    { 8, 6, 129, 0, 20, 12, 26175 }, // U+FE7C
    { 11, 16, 116, -1, 15, 44, 26187 }, // U+FE7D
    { 6, 6, 104, 0, 21, 9, 26231 }, // U+FE7E
    { 10, 17, 116, 0, 16, 43, 26240 }, // U+FE7F
    { 11, 13, 188, 0, 11, 36, 26283 }, // U+FE80
    { 10, 23, 108, -2, 23, 58, 26319 }, // U+FE81
    { 12, 25, 127, -2, 24, 75, 26377 }, // U+FE82
    { 6, 25, 108, 0, 25, 38, 26452 }, // U+FE83
    { 10, 27, 127, 0, 26, 68, 26490 }, // U+FE84
    { 12, 24, 199, 0, 18, 72, 26558 }, // U+FE85
    { 16, 24, 210, 0, 18, 96, 26630 }, // U+FE86
    { 6, 27, 109, 1, 19, 41, 26726 }, // U+FE87
    { 9, 27, 127, 1, 19, 61, 26767 }, // U+FE88
    { 21, 19, 328, 0, 13, 100, 26828 }, // U+FE89
    { 22, 19, 320, 0, 13, 105, 26928 }, // U+FE8A
    { 7, 21, 127, 0, 20, 37, 27033 }, // U+FE8B
    { 12, 18, 154, 0, 17, 54, 27070 }, // U+FE8C
    { 5, 19, 109, 1, 19, 24, 27124 }, // U+FE8D
    { 9, 20, 127, 1, 19, 45, 27148 }, // U+FE8E
    { 25, 19, 410, 0, 12, 119, 27193 }, // U+FE8F
    { 31, 17, 457, 0, 10, 132, 27312 }, // U+FE90
    { 7, 18, 127, 0, 12, 32, 27444 }, // U+FE91
    { 12, 15, 154, 0, 9, 45, 27476 }, // U+FE92
    { 11, 21, 188, 0, 20, 58, 27521 }, // U+FE93
    { 16, 23, 222, 0, 22, 92, 27579 }, // U+FE94
    { 25, 16, 410, 0, 15, 100, 27671 }, // U+FE95
    { 31, 16, 457, 0, 15, 124, 27771 }, // U+FE96
    { 9, 19, 127, -1, 18, 43, 27895 }, // U+FE97
    { 13, 16, 164, 0, 15, 52, 27938 }, // U+FE98
    { 25, 19, 410, 0, 18, 119, 27990 }, // U+FE99
    { 31, 19, 457, 0, 18, 148, 28109 }, // U+FE9A
    { 8, 22, 127, 0, 21, 44, 28257 }, // U+FE9B
    { 13, 19, 164, 0, 18, 62, 28301 }, // U+FE9C
    { 17, 23, 275, 0, 13, 98, 28363 }, // U+FE9D
    { 21, 23, 296, 0, 13, 121, 28461 }, // U+FE9E
    { 16, 17, 252, 0, 11, 68, 28582 }, // U+FE9F
    { 19, 17, 262, 0, 11, 81, 28650 }, // U+FEA0
    { 17, 23, 275, 0, 13, 98, 28731 }, // U+FEA1
    { 21, 23, 296, 0, 13, 121, 28829 }, // U+FEA2
    { 16, 12, 252, 0, 11, 48, 28950 }, // U+FEA3
    { 19, 12, 262, 0, 11, 57, 28998 }, // U+FEA4
    { 17, 29, 275, 0, 19, 124, 29055 }, // U+FEA5
    { 21, 29, 296, 0, 19, 153, 29179 }, // U+FEA6
    { 16, 19, 252, 0, 18, 76, 29332 }, // U+FEA7
    { 19, 19, 262, 0, 18, 91, 29408 }, // U+FEA8
    { 12, 14, 207, 0, 13, 42, 29499 }, // U+FEA9
    { 17, 14, 228, 0, 13, 60, 29541 }, // U+FEAA
    { 12, 20, 207, 0, 19, 60, 29601 }, // U+FEAB
    { 17, 20, 228, 0, 19, 85, 29661 }, // U+FEAC
    { 10, 16, 164, -1, 10, 40, 29746 }, // U+FEAD
    { 15, 16, 180, -1, 10, 60, 29786 }, // U+FEAE
    { 10, 23, 164, -1, 17, 58, 29846 }, // U+FEAF
    { 15, 23, 180, -1, 17, 87, 29904 }, // U+FEB0
    { 33, 18, 548, 0, 12, 149, 29991 }, // U+FEB1
    { 38, 17, 576, 0, 11, 162, 30140 }, // U+FEB2
    { 23, 13, 380, 0, 12, 75, 30302 }, // U+FEB3
    { 28, 12, 408, 0, 11, 84, 30377 }, // U+FEB4
    { 33, 25, 548, 0, 19, 207, 30461 }, // U+FEB5
    { 38, 25, 576, 0, 19, 238, 30668 }, // U+FEB6
    { 23, 20, 380, 0, 19, 115, 30906 }, // U+FEB7
    { 28, 20, 408, 0, 19, 140, 31021 }, // U+FEB8
    { 35, 17, 569, 0, 11, 149, 31161 }, // U+FEB9
    { 39, 17, 577, 0, 11, 166, 31310 }, // U+FEBA
    { 24, 12, 390, 0, 11, 72, 31476 }, // U+FEBB
    { 28, 12, 402, 0, 11, 84, 31548 }, // U+FEBC
    { 35, 24, 569, 0, 18, 210, 0 }, // U+FEBD
    { 39, 24, 577, 0, 18, 234, 210 }, // U+FEBE
    { 24, 19, 390, 0, 18, 114, 444 }, // U+FEBF
    { 28, 19, 402, 0, 18, 133, 558 }, // U+FEC0
    { 21, 20, 338, 0, 19, 105, 691 }, // U+FEC1
    { 24, 20, 344, 0, 19, 120, 796 }, // U+FEC2
    { 18, 20, 295, 0, 19, 90, 916 }, // U+FEC3
    { 22, 20, 305, 0, 19, 110, 1006 }, // U+FEC4
    { 21, 20, 338, 0, 19, 105, 1116 }, // U+FEC5
    { 24, 20, 344, 0, 19, 120, 1221 }, // U+FEC6
    { 18, 20, 295, 0, 19, 90, 1341 }, // U+FEC7
    { 22, 20, 305, 0, 19, 110, 1431 }, // U+FEC8
    { 17, 24, 228, 0, 14, 102, 1541 }, // U+FEC9
    { 17, 22, 228, 0, 12, 94, 1643 }, // U+FECA
    { 13, 14, 223, 0, 13, 46, 1737 }, // U+FECB
    { 17, 13, 221, -1, 12, 56, 1783 }, // U+FECC
    { 17, 31, 228, 0, 21, 132, 1839 }, // U+FECD
    { 17, 28, 228, 0, 18, 119, 1971 }, // U+FECE
    { 13, 20, 223, 0, 19, 65, 2090 }, // U+FECF
    { 17, 19, 221, -1, 18, 81, 2155 }, // U+FED0
    { 25, 22, 410, 0, 21, 138, 2236 }, // U+FED1
    { 30, 20, 446, 0, 19, 150, 2374 }, // U+FED2
    { 12, 22, 202, 0, 21, 66, 2524 }, // U+FED3
    { 16, 20, 212, 0, 19, 80, 2590 }, // U+FED4
    { 20, 23, 333, 0, 18, 115, 2670 }, // U+FED5
    { 24, 23, 342, 0, 16, 138, 2785 }, // U+FED6
    { 12, 22, 202, 0, 21, 66, 2923 }, // U+FED7
    { 16, 20, 212, 0, 19, 80, 2989 }, // U+FED8
    { 23, 20, 372, 0, 19, 115, 3069 }, // U+FED9
    { 27, 20, 390, 0, 19, 135, 3184 }, // U+FEDA
    { 12, 19, 182, 0, 18, 57, 3319 }, // U+FEDB
    { 15, 19, 203, 0, 18, 72, 3376 }, // U+FEDC
    { 18, 25, 296, 0, 19, 113, 3448 }, // U+FEDD
    { 22, 25, 316, 0, 19, 138, 3561 }, // U+FEDE
    { 7, 20, 119, 0, 19, 35, 3699 }, // U+FEDF
    { 11, 20, 138, 0, 19, 55, 3734 }, // U+FEE0
    { 13, 22, 219, 0, 12, 72, 3789 }, // U+FEE1
    { 19, 21, 264, 0, 11, 100, 3861 }, // U+FEE2
    { 14, 12, 233, 0, 11, 42, 3961 }, // U+FEE3
    { 18, 12, 250, 0, 11, 54, 4003 }, // U+FEE4
    { 18, 21, 296, 0, 15, 95, 4057 }, // U+FEE5
    { 23, 21, 322, 0, 15, 121, 4152 }, // U+FEE6
    { 7, 19, 127, 0, 18, 34, 4273 }, // U+FEE7
    { 12, 17, 154, 0, 16, 51, 4307 }, // U+FEE8
    { 11, 15, 188, 0, 14, 42, 4358 }, // U+FEE9
    { 16, 16, 222, 0, 15, 64, 4400 }, // U+FEEA
    { 16, 15, 256, 0, 14, 60, 4464 }, // U+FEEB
    { 17, 18, 228, 0, 12, 77, 4524 }, // U+FEEC
    { 12, 17, 199, 0, 11, 51, 4601 }, // U+FEED
    { 16, 17, 210, 0, 11, 68, 4652 }, // U+FEEE
    { 21, 18, 328, 0, 12, 95, 4720 }, // U+FEEF
    { 22, 13, 320, 0, 7, 72, 4815 }, // U+FEF0
    { 21, 24, 328, 0, 12, 126, 4887 }, // U+FEF1
    { 22, 19, 320, 0, 7, 105, 5013 }, // U+FEF2
    { 8, 18, 144, 0, 12, 36, 5118 }, // U+FEF3
    { 13, 15, 164, 0, 9, 49, 5154 }, // U+FEF4
    { 17, 21, 253, -2, 21, 90, 5203 }, // U+FEF5
    { 20, 22, 272, 0, 21, 110, 5293 }, // U+FEF6
    { 15, 23, 253, 0, 23, 87, 5403 }, // U+FEF7
    { 19, 24, 272, 1, 23, 114, 5490 }, // U+FEF8
    { 14, 27, 253, 1, 19, 95, 5604 }, // U+FEF9
    { 19, 27, 272, 1, 19, 129, 5699 }, // U+FEFA
    { 14, 19, 253, 1, 19, 67, 5828 }, // U+FEFB
    { 19, 20, 272, 1, 19, 95, 5895 }, // U+FEFC
    { 0, 0, 0, 0, 0, 0, 5990 }, // U+FEFF
    { 23, 23, 400, 1, 19, 133, 0 }, // U+FFFD
    { 18, 7, 0, 0, 0, 32, 0 }, // U+10EFD
    { 20, 10, 0, -1, -1, 50, 32 }, // U+10EFE
    { 11, 5, 0, 0, -1, 14, 82 }, // U+10EFF
};

static const EpdUnicodeInterval arabic_12_boldIntervals[] = {
    { 0x600, 0x6FF, 0x0 },
    { 0x750, 0x77F, 0x100 },
    { 0x870, 0x88E, 0x130 },
    { 0x890, 0x891, 0x14F },
    { 0x898, 0x8FF, 0x151 },
    { 0xFB50, 0xFBC2, 0x1B9 },
    { 0xFBD3, 0xFD8F, 0x22C },
    { 0xFD92, 0xFDC7, 0x3E9 },
    { 0xFDCF, 0xFDCF, 0x41F },
    { 0xFDF0, 0xFDFC, 0x420 },
    { 0xFDFE, 0xFDFF, 0x42D },
    { 0xFE70, 0xFE74, 0x42F },
    { 0xFE76, 0xFEFC, 0x434 },
    { 0xFEFF, 0xFEFF, 0x4BB },
    { 0xFFFD, 0xFFFD, 0x4BC },
    { 0x10EFD, 0x10EFF, 0x4BD },
};

static const EpdFontGroup arabic_12_boldGroups[] = {
    { 0, 7394, 32751, 365, 0 },
    { 7394, 7658, 32622, 295, 365 },
    { 15052, 6370, 32722, 201, 660 },
    { 21422, 7488, 32597, 121, 861 },
    { 28910, 7450, 32752, 165, 982 },
    { 36360, 2410, 6456, 65, 1147 },
    { 38770, 97, 138, 1, 1212 },
    { 38867, 89, 100, 3, 1213 },
};

static const EpdKernClassEntry arabic_12_boldKernLeftClasses[] = {
    { 0x0660, 1 }, // U+0660
    { 0x0662, 2 }, // U+0662
    { 0x0664, 3 }, // U+0664
    { 0x0665, 4 }, // U+0665
    { 0x0667, 5 }, // U+0667
    { 0x0692, 6 }, // U+0692
    { 0x0693, 6 }, // U+0693
    { 0x0695, 6 }, // U+0695
    { 0x06EF, 6 }, // U+06EF
    { 0x06F0, 7 }, // U+06F0
    { 0x06F1, 8 }, // U+06F1
    { 0x06F2, 2 }, // U+06F2
    { 0x06F3, 2 }, // U+06F3
    { 0x06F4, 2 }, // U+06F4
    { 0x06F5, 9 }, // U+06F5
    { 0x06F7, 10 }, // U+06F7
    { 0x06F8, 11 }, // U+06F8
    { 0x075B, 6 }, // U+075B
    { 0xFB8C, 6 }, // U+FB8C
    { 0xFEAD, 6 }, // U+FEAD
    { 0xFEAE, 6 }, // U+FEAE
    { 0xFEAF, 6 }, // U+FEAF
};

static const EpdKernClassEntry arabic_12_boldKernRightClasses[] = {
    { 0x0647, 1 }, // U+0647
    { 0x0660, 2 }, // U+0660
    { 0x0665, 3 }, // U+0665
    { 0x0666, 4 }, // U+0666
    { 0x0667, 5 }, // U+0667
    { 0x066F, 6 }, // U+066F
    { 0x06A1, 6 }, // U+06A1
    { 0x06AA, 1 }, // U+06AA
    { 0x06F0, 7 }, // U+06F0
    { 0x06F5, 8 }, // U+06F5
    { 0x06F7, 9 }, // U+06F7
    { 0x06F8, 10 }, // U+06F8
    { 0x06F9, 11 }, // U+06F9
    { 0x075D, 12 }, // U+075D
    { 0x075E, 12 }, // U+075E
    { 0x075F, 12 }, // U+075F
    { 0xFB8E, 1 }, // U+FB8E
    { 0xFBA6, 1 }, // U+FBA6
    { 0xFBAA, 1 }, // U+FBAA
    { 0xFE8D, 13 }, // U+FE8D
    { 0xFEA3, 1 }, // U+FEA3
    { 0xFEA9, 6 }, // U+FEA9
    { 0xFEB1, 6 }, // U+FEB1
    { 0xFEB3, 6 }, // U+FEB3
    { 0xFEB9, 6 }, // U+FEB9
    { 0xFEBB, 6 }, // U+FEBB
    { 0xFEC1, 6 }, // U+FEC1
    { 0xFEC3, 6 }, // U+FEC3
    { 0xFEC9, 12 }, // U+FEC9
    { 0xFECB, 13 }, // U+FECB
    { 0xFECD, 12 }, // U+FECD
    { 0xFEDB, 1 }, // U+FEDB
    { 0xFEDF, 13 }, // U+FEDF
    { 0xFEE1, 1 }, // U+FEE1
    { 0xFEE3, 1 }, // U+FEE3
    { 0xFEE9, 1 }, // U+FEE9
    { 0xFEEB, 1 }, // U+FEEB
};

static const int8_t arabic_12_boldKernMatrix[] = {
       0,    0,    0,  -30,  -20,    0,    0,    0,  -10,    0,    0,    0,    0,
       0,  -44,  -52,    0,    0,    0,  -22,  -26,    0,  -44,   12,    0,    0,
       0,    0,    0,  -20,  -16,    0,    0,    0,  -16,    0,    0,    0,    0,
       0,    0,    0,  -26,  -28,    0,    0,    0,  -14,    0,    0,    0,    0,
       0,  -20,  -52,   12,    0,    0,  -10,  -26,    0,  -18,   12,    0,    0,
     -16,    0,    0,    0,    0,  -12,    0,    0,    0,    0,    0,   20,  -10,
       0,    0,    0,  -30,  -10,    0,    0,    0,  -10,    0,    0,    0,    0,
       0,    0,    0,  -10,    0,    0,    0,    0,    0,    0,    0,    0,    0,
       0,    0,    0,  -26,  -14,    0,    0,    0,  -14,    0,    0,    0,    0,
       0,  -10,  -26,   12,    0,    0,  -10,  -26,    0,  -18,    6,    0,    0,
       0,  -20,    0,  -28,  -36,    0,  -10,    0,  -18,    0,  -10,    0,    0,
};

static const EpdFontData arabic_12_bold = {
    arabic_12_boldBitmaps,
    arabic_12_boldGlyphs,
    arabic_12_boldIntervals,
    16,
    34,
    27,
    -8,
    true,
    arabic_12_boldGroups,
    8,
    nullptr,
    arabic_12_boldKernLeftClasses,
    arabic_12_boldKernRightClasses,
    arabic_12_boldKernMatrix,
    22,
    37,
    11,
    13,
    nullptr,
    0,
};
